ticker,priority,reason,pit_periods,latest_publication_date,metric_count,pit_verified,suggested_import
AADI,P0,No authoritative PIT financial statement coverage,0,,0,False,Place official IDX FinancialStatement XLSX + publication evidence in data/fundamental/inbox/
AALI,P0,No authoritative PIT financial statement coverage,0,,0,False,Place official IDX FinancialStatement XLSX + publication evidence in data/fundamental/inbox/
ABBA,P0,No authoritative PIT financial statement coverage,0,,0,False,Place official IDX FinancialStatement XLSX + publication evidence in data/fundamental/inbox/
ABDA,P0,No authoritative PIT financial statement coverage,0,,0,False,Place official IDX FinancialStatement XLSX + publication evidence in data/fundamental/inbox/
ABMM,P0,No authoritative PIT financial statement coverage,0,,0,False,Place official IDX FinancialStatement XLSX + publication evidence in data/fundamental/inbox/
ACES,P0,No authoritative PIT financial statement coverage,0,,0,False,Place official IDX FinancialStatement XLSX + publication evidence in data/fundamental/inbox/
ACRO,P0,No authoritative PIT financial statement coverage,0,,0,False,Place official IDX FinancialStatement XLSX + publication evidence in data/fundamental/inbox/
ACST,P0,No authoritative PIT financial statement coverage,0,,0,False,Place official IDX FinancialStatement XLSX + publication evidence in data/fundamental/inbox/
ADCP,P0,No authoritative PIT financial statement coverage,0,,0,False,Place official IDX FinancialStatement XLSX + publication evidence in data/fundamental/inbox/
ADES,P0,No authoritative PIT financial statement coverage,0,,0,False,Place official IDX FinancialStatement XLSX + publication evidence in data/fundamental/inbox/
ADHI,P0,No authoritative PIT financial statement coverage,0,,0,False,Place official IDX FinancialStatement XLSX + publication evidence in data/fundamental/inbox/
ADMF,P0,No authoritative PIT financial statement coverage,0,,0,False,Place official IDX FinancialStatement XLSX + publication evidence in data/fundamental/inbox/
ADMG,P0,No authoritative PIT financial statement coverage,0,,0,False,Place official IDX FinancialStatement XLSX + publication evidence in data/fundamental/inbox/
ADMR,P0,No authoritative PIT financial statement coverage,0,,0,False,Place official IDX FinancialStatement XLSX + publication evidence in data/fundamental/inbox/
ADRO,P0,No authoritative PIT financial statement coverage,0,,0,False,Place official IDX FinancialStatement XLSX + publication evidence in data/fundamental/inbox/
AGAR,P0,No authoritative PIT financial statement coverage,0,,0,False,Place official IDX FinancialStatement XLSX + publication evidence in data/fundamental/inbox/
AGII,P0,No authoritative PIT financial statement coverage,0,,0,False,Place official IDX FinancialStatement XLSX + publication evidence in data/fundamental/inbox/
AGRO,P0,No authoritative PIT financial statement coverage,0,,0,False,Place official IDX FinancialStatement XLSX + publication evidence in data/fundamental/inbox/
AGRS,P0,No authoritative PIT financial statement coverage,0,,0,False,Place official IDX FinancialStatement XLSX + publication evidence in data/fundamental/inbox/
AHAP,P0,No authoritative PIT financial statement coverage,0,,0,False,Place official IDX FinancialStatement XLSX + publication evidence in data/fundamental/inbox/
AIMS,P0,No authoritative PIT financial statement coverage,0,,0,False,Place official IDX FinancialStatement XLSX + publication evidence in data/fundamental/inbox/
AISA,P0,No authoritative PIT financial statement coverage,0,,0,False,Place official IDX FinancialStatement XLSX + publication evidence in data/fundamental/inbox/
AKKU,P0,No authoritative PIT financial statement coverage,0,,0,False,Place official IDX FinancialStatement XLSX + publication evidence in data/fundamental/inbox/
AKPI,P0,No authoritative PIT financial statement coverage,0,,0,False,Place official IDX FinancialStatement XLSX + publication evidence in data/fundamental/inbox/
AKRA,P0,No authoritative PIT financial statement coverage,0,,0,False,Place official IDX FinancialStatement XLSX + publication evidence in data/fundamental/inbox/
AKSI,P0,No authoritative PIT financial statement coverage,0,,0,False,Place official IDX FinancialStatement XLSX + publication evidence in data/fundamental/inbox/
ALDO,P0,No authoritative PIT financial statement coverage,0,,0,False,Place official IDX FinancialStatement XLSX + publication evidence in data/fundamental/inbox/
ALKA,P0,No authoritative PIT financial statement coverage,0,,0,False,Place official IDX FinancialStatement XLSX + publication evidence in data/fundamental/inbox/
ALMI,P0,No authoritative PIT financial statement coverage,0,,0,False,Place official IDX FinancialStatement XLSX + publication evidence in data/fundamental/inbox/
ALTO,P0,No authoritative PIT financial statement coverage,0,,0,False,Place official IDX FinancialStatement XLSX + publication evidence in data/fundamental/inbox/
AMAG,P0,No authoritative PIT financial statement coverage,0,,0,False,Place official IDX FinancialStatement XLSX + publication evidence in data/fundamental/inbox/
AMAN,P0,No authoritative PIT financial statement coverage,0,,0,False,Place official IDX FinancialStatement XLSX + publication evidence in data/fundamental/inbox/
AMAR,P0,No authoritative PIT financial statement coverage,0,,0,False,Place official IDX FinancialStatement XLSX + publication evidence in data/fundamental/inbox/
AMFG,P0,No authoritative PIT financial statement coverage,0,,0,False,Place official IDX FinancialStatement XLSX + publication evidence in data/fundamental/inbox/
AMIN,P0,No authoritative PIT financial statement coverage,0,,0,False,Place official IDX FinancialStatement XLSX + publication evidence in data/fundamental/inbox/
AMMN,P0,No authoritative PIT financial statement coverage,0,,0,False,Place official IDX FinancialStatement XLSX + publication evidence in data/fundamental/inbox/
AMMS,P0,No authoritative PIT financial statement coverage,0,,0,False,Place official IDX FinancialStatement XLSX + publication evidence in data/fundamental/inbox/
AMOR,P0,No authoritative PIT financial statement coverage,0,,0,False,Place official IDX FinancialStatement XLSX + publication evidence in data/fundamental/inbox/
AMRT,P0,No authoritative PIT financial statement coverage,0,,0,False,Place official IDX FinancialStatement XLSX + publication evidence in data/fundamental/inbox/
ANDI,P0,No authoritative PIT financial statement coverage,0,,0,False,Place official IDX FinancialStatement XLSX + publication evidence in data/fundamental/inbox/
ANJT,P0,No authoritative PIT financial statement coverage,0,,0,False,Place official IDX FinancialStatement XLSX + publication evidence in data/fundamental/inbox/
ANTM,P0,No authoritative PIT financial statement coverage,0,,0,False,Place official IDX FinancialStatement XLSX + publication evidence in data/fundamental/inbox/
APEX,P0,No authoritative PIT financial statement coverage,0,,0,False,Place official IDX FinancialStatement XLSX + publication evidence in data/fundamental/inbox/
APIC,P0,No authoritative PIT financial statement coverage,0,,0,False,Place official IDX FinancialStatement XLSX + publication evidence in data/fundamental/inbox/
APII,P0,No authoritative PIT financial statement coverage,0,,0,False,Place official IDX FinancialStatement XLSX + publication evidence in data/fundamental/inbox/
APLI,P0,No authoritative PIT financial statement coverage,0,,0,False,Place official IDX FinancialStatement XLSX + publication evidence in data/fundamental/inbox/
APLN,P0,No authoritative PIT financial statement coverage,0,,0,False,Place official IDX FinancialStatement XLSX + publication evidence in data/fundamental/inbox/
ARCI,P0,No authoritative PIT financial statement coverage,0,,0,False,Place official IDX FinancialStatement XLSX + publication evidence in data/fundamental/inbox/
AREA,P0,No authoritative PIT financial statement coverage,0,,0,False,Place official IDX FinancialStatement XLSX + publication evidence in data/fundamental/inbox/
ARGO,P0,No authoritative PIT financial statement coverage,0,,0,False,Place official IDX FinancialStatement XLSX + publication evidence in data/fundamental/inbox/
ARII,P0,No authoritative PIT financial statement coverage,0,,0,False,Place official IDX FinancialStatement XLSX + publication evidence in data/fundamental/inbox/
ARKA,P0,No authoritative PIT financial statement coverage,0,,0,False,Place official IDX FinancialStatement XLSX + publication evidence in data/fundamental/inbox/
ARKO,P0,No authoritative PIT financial statement coverage,0,,0,False,Place official IDX FinancialStatement XLSX + publication evidence in data/fundamental/inbox/
ARNA,P0,No authoritative PIT financial statement coverage,0,,0,False,Place official IDX FinancialStatement XLSX + publication evidence in data/fundamental/inbox/
ARTA,P0,No authoritative PIT financial statement coverage,0,,0,False,Place official IDX FinancialStatement XLSX + publication evidence in data/fundamental/inbox/
ARTI,P0,No authoritative PIT financial statement coverage,0,,0,False,Place official IDX FinancialStatement XLSX + publication evidence in data/fundamental/inbox/
ARTO,P0,No authoritative PIT financial statement coverage,0,,0,False,Place official IDX FinancialStatement XLSX + publication evidence in data/fundamental/inbox/
ASBI,P0,No authoritative PIT financial statement coverage,0,,0,False,Place official IDX FinancialStatement XLSX + publication evidence in data/fundamental/inbox/
ASDM,P0,No authoritative PIT financial statement coverage,0,,0,False,Place official IDX FinancialStatement XLSX + publication evidence in data/fundamental/inbox/
ASGR,P0,No authoritative PIT financial statement coverage,0,,0,False,Place official IDX FinancialStatement XLSX + publication evidence in data/fundamental/inbox/
ASHA,P0,No authoritative PIT financial statement coverage,0,,0,False,Place official IDX FinancialStatement XLSX + publication evidence in data/fundamental/inbox/
ASII,P0,No authoritative PIT financial statement coverage,0,,0,False,Place official IDX FinancialStatement XLSX + publication evidence in data/fundamental/inbox/
ASJT,P0,No authoritative PIT financial statement coverage,0,,0,False,Place official IDX FinancialStatement XLSX + publication evidence in data/fundamental/inbox/
ASLC,P0,No authoritative PIT financial statement coverage,0,,0,False,Place official IDX FinancialStatement XLSX + publication evidence in data/fundamental/inbox/
ASLI,P0,No authoritative PIT financial statement coverage,0,,0,False,Place official IDX FinancialStatement XLSX + publication evidence in data/fundamental/inbox/
ASMI,P0,No authoritative PIT financial statement coverage,0,,0,False,Place official IDX FinancialStatement XLSX + publication evidence in data/fundamental/inbox/
ASPI,P0,No authoritative PIT financial statement coverage,0,,0,False,Place official IDX FinancialStatement XLSX + publication evidence in data/fundamental/inbox/
ASPR,P0,No authoritative PIT financial statement coverage,0,,0,False,Place official IDX FinancialStatement XLSX + publication evidence in data/fundamental/inbox/
ASRI,P0,No authoritative PIT financial statement coverage,0,,0,False,Place official IDX FinancialStatement XLSX + publication evidence in data/fundamental/inbox/
ASRM,P0,No authoritative PIT financial statement coverage,0,,0,False,Place official IDX FinancialStatement XLSX + publication evidence in data/fundamental/inbox/
ASSA,P0,No authoritative PIT financial statement coverage,0,,0,False,Place official IDX FinancialStatement XLSX + publication evidence in data/fundamental/inbox/
ATAP,P0,No authoritative PIT financial statement coverage,0,,0,False,Place official IDX FinancialStatement XLSX + publication evidence in data/fundamental/inbox/
ATIC,P0,No authoritative PIT financial statement coverage,0,,0,False,Place official IDX FinancialStatement XLSX + publication evidence in data/fundamental/inbox/
ATLA,P0,No authoritative PIT financial statement coverage,0,,0,False,Place official IDX FinancialStatement XLSX + publication evidence in data/fundamental/inbox/
AUTO,P0,No authoritative PIT financial statement coverage,0,,0,False,Place official IDX FinancialStatement XLSX + publication evidence in data/fundamental/inbox/
AVIA,P0,No authoritative PIT financial statement coverage,0,,0,False,Place official IDX FinancialStatement XLSX + publication evidence in data/fundamental/inbox/
AWAN,P0,No authoritative PIT financial statement coverage,0,,0,False,Place official IDX FinancialStatement XLSX + publication evidence in data/fundamental/inbox/
AXIO,P0,No authoritative PIT financial statement coverage,0,,0,False,Place official IDX FinancialStatement XLSX + publication evidence in data/fundamental/inbox/
AYLS,P0,No authoritative PIT financial statement coverage,0,,0,False,Place official IDX FinancialStatement XLSX + publication evidence in data/fundamental/inbox/
BABP,P0,No authoritative PIT financial statement coverage,0,,0,False,Place official IDX FinancialStatement XLSX + publication evidence in data/fundamental/inbox/
BABY,P0,No authoritative PIT financial statement coverage,0,,0,False,Place official IDX FinancialStatement XLSX + publication evidence in data/fundamental/inbox/
BACA,P0,No authoritative PIT financial statement coverage,0,,0,False,Place official IDX FinancialStatement XLSX + publication evidence in data/fundamental/inbox/
BAIK,P0,No authoritative PIT financial statement coverage,0,,0,False,Place official IDX FinancialStatement XLSX + publication evidence in data/fundamental/inbox/
BAJA,P0,No authoritative PIT financial statement coverage,0,,0,False,Place official IDX FinancialStatement XLSX + publication evidence in data/fundamental/inbox/
BALI,P0,No authoritative PIT financial statement coverage,0,,0,False,Place official IDX FinancialStatement XLSX + publication evidence in data/fundamental/inbox/
BANK,P0,No authoritative PIT financial statement coverage,0,,0,False,Place official IDX FinancialStatement XLSX + publication evidence in data/fundamental/inbox/
BAPA,P0,No authoritative PIT financial statement coverage,0,,0,False,Place official IDX FinancialStatement XLSX + publication evidence in data/fundamental/inbox/
BAPI,P0,No authoritative PIT financial statement coverage,0,,0,False,Place official IDX FinancialStatement XLSX + publication evidence in data/fundamental/inbox/
BATA,P0,No authoritative PIT financial statement coverage,0,,0,False,Place official IDX FinancialStatement XLSX + publication evidence in data/fundamental/inbox/
BATR,P0,No authoritative PIT financial statement coverage,0,,0,False,Place official IDX FinancialStatement XLSX + publication evidence in data/fundamental/inbox/
BAUT,P0,No authoritative PIT financial statement coverage,0,,0,False,Place official IDX FinancialStatement XLSX + publication evidence in data/fundamental/inbox/
BAYU,P0,No authoritative PIT financial statement coverage,0,,0,False,Place official IDX FinancialStatement XLSX + publication evidence in data/fundamental/inbox/
BBCA,P0,No authoritative PIT financial statement coverage,0,,0,False,Place official IDX FinancialStatement XLSX + publication evidence in data/fundamental/inbox/
BBHI,P0,No authoritative PIT financial statement coverage,0,,0,False,Place official IDX FinancialStatement XLSX + publication evidence in data/fundamental/inbox/
BBKP,P0,No authoritative PIT financial statement coverage,0,,0,False,Place official IDX FinancialStatement XLSX + publication evidence in data/fundamental/inbox/
BBLD,P0,No authoritative PIT financial statement coverage,0,,0,False,Place official IDX FinancialStatement XLSX + publication evidence in data/fundamental/inbox/
BBMD,P0,No authoritative PIT financial statement coverage,0,,0,False,Place official IDX FinancialStatement XLSX + publication evidence in data/fundamental/inbox/
BBNI,P0,No authoritative PIT financial statement coverage,0,,0,False,Place official IDX FinancialStatement XLSX + publication evidence in data/fundamental/inbox/
BBRI,P0,No authoritative PIT financial statement coverage,0,,0,False,Place official IDX FinancialStatement XLSX + publication evidence in data/fundamental/inbox/
BBRM,P0,No authoritative PIT financial statement coverage,0,,0,False,Place official IDX FinancialStatement XLSX + publication evidence in data/fundamental/inbox/
BBSI,P0,No authoritative PIT financial statement coverage,0,,0,False,Place official IDX FinancialStatement XLSX + publication evidence in data/fundamental/inbox/
BBSS,P0,No authoritative PIT financial statement coverage,0,,0,False,Place official IDX FinancialStatement XLSX + publication evidence in data/fundamental/inbox/
BBTN,P0,No authoritative PIT financial statement coverage,0,,0,False,Place official IDX FinancialStatement XLSX + publication evidence in data/fundamental/inbox/
BBYB,P0,No authoritative PIT financial statement coverage,0,,0,False,Place official IDX FinancialStatement XLSX + publication evidence in data/fundamental/inbox/
BCAP,P0,No authoritative PIT financial statement coverage,0,,0,False,Place official IDX FinancialStatement XLSX + publication evidence in data/fundamental/inbox/
BCIC,P0,No authoritative PIT financial statement coverage,0,,0,False,Place official IDX FinancialStatement XLSX + publication evidence in data/fundamental/inbox/
BCIP,P0,No authoritative PIT financial statement coverage,0,,0,False,Place official IDX FinancialStatement XLSX + publication evidence in data/fundamental/inbox/
BDKR,P0,No authoritative PIT financial statement coverage,0,,0,False,Place official IDX FinancialStatement XLSX + publication evidence in data/fundamental/inbox/
BDMN,P0,No authoritative PIT financial statement coverage,0,,0,False,Place official IDX FinancialStatement XLSX + publication evidence in data/fundamental/inbox/
BEBS,P0,No authoritative PIT financial statement coverage,0,,0,False,Place official IDX FinancialStatement XLSX + publication evidence in data/fundamental/inbox/
BEEF,P0,No authoritative PIT financial statement coverage,0,,0,False,Place official IDX FinancialStatement XLSX + publication evidence in data/fundamental/inbox/
BEER,P0,No authoritative PIT financial statement coverage,0,,0,False,Place official IDX FinancialStatement XLSX + publication evidence in data/fundamental/inbox/
BEKS,P0,No authoritative PIT financial statement coverage,0,,0,False,Place official IDX FinancialStatement XLSX + publication evidence in data/fundamental/inbox/
BELI,P0,No authoritative PIT financial statement coverage,0,,0,False,Place official IDX FinancialStatement XLSX + publication evidence in data/fundamental/inbox/
BELL,P0,No authoritative PIT financial statement coverage,0,,0,False,Place official IDX FinancialStatement XLSX + publication evidence in data/fundamental/inbox/
BESS,P0,No authoritative PIT financial statement coverage,0,,0,False,Place official IDX FinancialStatement XLSX + publication evidence in data/fundamental/inbox/
BEST,P0,No authoritative PIT financial statement coverage,0,,0,False,Place official IDX FinancialStatement XLSX + publication evidence in data/fundamental/inbox/
BFIN,P0,No authoritative PIT financial statement coverage,0,,0,False,Place official IDX FinancialStatement XLSX + publication evidence in data/fundamental/inbox/
BGTG,P0,No authoritative PIT financial statement coverage,0,,0,False,Place official IDX FinancialStatement XLSX + publication evidence in data/fundamental/inbox/
BHAT,P0,No authoritative PIT financial statement coverage,0,,0,False,Place official IDX FinancialStatement XLSX + publication evidence in data/fundamental/inbox/
BHIT,P0,No authoritative PIT financial statement coverage,0,,0,False,Place official IDX FinancialStatement XLSX + publication evidence in data/fundamental/inbox/
BIKA,P0,No authoritative PIT financial statement coverage,0,,0,False,Place official IDX FinancialStatement XLSX + publication evidence in data/fundamental/inbox/
BIKE,P0,No authoritative PIT financial statement coverage,0,,0,False,Place official IDX FinancialStatement XLSX + publication evidence in data/fundamental/inbox/
BIMA,P0,No authoritative PIT financial statement coverage,0,,0,False,Place official IDX FinancialStatement XLSX + publication evidence in data/fundamental/inbox/
BINA,P0,No authoritative PIT financial statement coverage,0,,0,False,Place official IDX FinancialStatement XLSX + publication evidence in data/fundamental/inbox/
BINO,P0,No authoritative PIT financial statement coverage,0,,0,False,Place official IDX FinancialStatement XLSX + publication evidence in data/fundamental/inbox/
BIPI,P0,No authoritative PIT financial statement coverage,0,,0,False,Place official IDX FinancialStatement XLSX + publication evidence in data/fundamental/inbox/
BIPP,P0,No authoritative PIT financial statement coverage,0,,0,False,Place official IDX FinancialStatement XLSX + publication evidence in data/fundamental/inbox/
BIRD,P0,No authoritative PIT financial statement coverage,0,,0,False,Place official IDX FinancialStatement XLSX + publication evidence in data/fundamental/inbox/
BISI,P0,No authoritative PIT financial statement coverage,0,,0,False,Place official IDX FinancialStatement XLSX + publication evidence in data/fundamental/inbox/
BJBR,P0,No authoritative PIT financial statement coverage,0,,0,False,Place official IDX FinancialStatement XLSX + publication evidence in data/fundamental/inbox/
BJTM,P0,No authoritative PIT financial statement coverage,0,,0,False,Place official IDX FinancialStatement XLSX + publication evidence in data/fundamental/inbox/
BKDP,P0,No authoritative PIT financial statement coverage,0,,0,False,Place official IDX FinancialStatement XLSX + publication evidence in data/fundamental/inbox/
BKSL,P0,No authoritative PIT financial statement coverage,0,,0,False,Place official IDX FinancialStatement XLSX + publication evidence in data/fundamental/inbox/
BKSW,P0,No authoritative PIT financial statement coverage,0,,0,False,Place official IDX FinancialStatement XLSX + publication evidence in data/fundamental/inbox/
BLES,P0,No authoritative PIT financial statement coverage,0,,0,False,Place official IDX FinancialStatement XLSX + publication evidence in data/fundamental/inbox/
BLOG,P0,No authoritative PIT financial statement coverage,0,,0,False,Place official IDX FinancialStatement XLSX + publication evidence in data/fundamental/inbox/
BLTA,P0,No authoritative PIT financial statement coverage,0,,0,False,Place official IDX FinancialStatement XLSX + publication evidence in data/fundamental/inbox/
BLTZ,P0,No authoritative PIT financial statement coverage,0,,0,False,Place official IDX FinancialStatement XLSX + publication evidence in data/fundamental/inbox/
BLUE,P0,No authoritative PIT financial statement coverage,0,,0,False,Place official IDX FinancialStatement XLSX + publication evidence in data/fundamental/inbox/
BMAS,P0,No authoritative PIT financial statement coverage,0,,0,False,Place official IDX FinancialStatement XLSX + publication evidence in data/fundamental/inbox/
BMBL,P0,No authoritative PIT financial statement coverage,0,,0,False,Place official IDX FinancialStatement XLSX + publication evidence in data/fundamental/inbox/
BMHS,P0,No authoritative PIT financial statement coverage,0,,0,False,Place official IDX FinancialStatement XLSX + publication evidence in data/fundamental/inbox/
BMRI,P0,No authoritative PIT financial statement coverage,0,,0,False,Place official IDX FinancialStatement XLSX + publication evidence in data/fundamental/inbox/
BMSR,P0,No authoritative PIT financial statement coverage,0,,0,False,Place official IDX FinancialStatement XLSX + publication evidence in data/fundamental/inbox/
BMTR,P0,No authoritative PIT financial statement coverage,0,,0,False,Place official IDX FinancialStatement XLSX + publication evidence in data/fundamental/inbox/
BNBA,P0,No authoritative PIT financial statement coverage,0,,0,False,Place official IDX FinancialStatement XLSX + publication evidence in data/fundamental/inbox/
BNBR,P0,No authoritative PIT financial statement coverage,0,,0,False,Place official IDX FinancialStatement XLSX + publication evidence in data/fundamental/inbox/
BNGA,P0,No authoritative PIT financial statement coverage,0,,0,False,Place official IDX FinancialStatement XLSX + publication evidence in data/fundamental/inbox/
BNII,P0,No authoritative PIT financial statement coverage,0,,0,False,Place official IDX FinancialStatement XLSX + publication evidence in data/fundamental/inbox/
BNLI,P0,No authoritative PIT financial statement coverage,0,,0,False,Place official IDX FinancialStatement XLSX + publication evidence in data/fundamental/inbox/
BOAT,P0,No authoritative PIT financial statement coverage,0,,0,False,Place official IDX FinancialStatement XLSX + publication evidence in data/fundamental/inbox/
BOBA,P0,No authoritative PIT financial statement coverage,0,,0,False,Place official IDX FinancialStatement XLSX + publication evidence in data/fundamental/inbox/
BOGA,P0,No authoritative PIT financial statement coverage,0,,0,False,Place official IDX FinancialStatement XLSX + publication evidence in data/fundamental/inbox/
BOLA,P0,No authoritative PIT financial statement coverage,0,,0,False,Place official IDX FinancialStatement XLSX + publication evidence in data/fundamental/inbox/
BOLT,P0,No authoritative PIT financial statement coverage,0,,0,False,Place official IDX FinancialStatement XLSX + publication evidence in data/fundamental/inbox/
BOSS,P0,No authoritative PIT financial statement coverage,0,,0,False,Place official IDX FinancialStatement XLSX + publication evidence in data/fundamental/inbox/
BPFI,P0,No authoritative PIT financial statement coverage,0,,0,False,Place official IDX FinancialStatement XLSX + publication evidence in data/fundamental/inbox/
BPII,P0,No authoritative PIT financial statement coverage,0,,0,False,Place official IDX FinancialStatement XLSX + publication evidence in data/fundamental/inbox/
BPTR,P0,No authoritative PIT financial statement coverage,0,,0,False,Place official IDX FinancialStatement XLSX + publication evidence in data/fundamental/inbox/
BRAM,P0,No authoritative PIT financial statement coverage,0,,0,False,Place official IDX FinancialStatement XLSX + publication evidence in data/fundamental/inbox/
BREN,P0,No authoritative PIT financial statement coverage,0,,0,False,Place official IDX FinancialStatement XLSX + publication evidence in data/fundamental/inbox/
BRIS,P0,No authoritative PIT financial statement coverage,0,,0,False,Place official IDX FinancialStatement XLSX + publication evidence in data/fundamental/inbox/
BRMS,P0,No authoritative PIT financial statement coverage,0,,0,False,Place official IDX FinancialStatement XLSX + publication evidence in data/fundamental/inbox/
BRNA,P0,No authoritative PIT financial statement coverage,0,,0,False,Place official IDX FinancialStatement XLSX + publication evidence in data/fundamental/inbox/
BRPT,P0,No authoritative PIT financial statement coverage,0,,0,False,Place official IDX FinancialStatement XLSX + publication evidence in data/fundamental/inbox/
BSBK,P0,No authoritative PIT financial statement coverage,0,,0,False,Place official IDX FinancialStatement XLSX + publication evidence in data/fundamental/inbox/
BSDE,P0,No authoritative PIT financial statement coverage,0,,0,False,Place official IDX FinancialStatement XLSX + publication evidence in data/fundamental/inbox/
BSIM,P0,No authoritative PIT financial statement coverage,0,,0,False,Place official IDX FinancialStatement XLSX + publication evidence in data/fundamental/inbox/
BSML,P0,No authoritative PIT financial statement coverage,0,,0,False,Place official IDX FinancialStatement XLSX + publication evidence in data/fundamental/inbox/
BSSR,P0,No authoritative PIT financial statement coverage,0,,0,False,Place official IDX FinancialStatement XLSX + publication evidence in data/fundamental/inbox/
BSWD,P0,No authoritative PIT financial statement coverage,0,,0,False,Place official IDX FinancialStatement XLSX + publication evidence in data/fundamental/inbox/
BTEK,P0,No authoritative PIT financial statement coverage,0,,0,False,Place official IDX FinancialStatement XLSX + publication evidence in data/fundamental/inbox/
BTON,P0,No authoritative PIT financial statement coverage,0,,0,False,Place official IDX FinancialStatement XLSX + publication evidence in data/fundamental/inbox/
BTPN,P0,No authoritative PIT financial statement coverage,0,,0,False,Place official IDX FinancialStatement XLSX + publication evidence in data/fundamental/inbox/
BTPS,P0,No authoritative PIT financial statement coverage,0,,0,False,Place official IDX FinancialStatement XLSX + publication evidence in data/fundamental/inbox/
BUAH,P0,No authoritative PIT financial statement coverage,0,,0,False,Place official IDX FinancialStatement XLSX + publication evidence in data/fundamental/inbox/
BUDI,P0,No authoritative PIT financial statement coverage,0,,0,False,Place official IDX FinancialStatement XLSX + publication evidence in data/fundamental/inbox/
BUKA,P0,No authoritative PIT financial statement coverage,0,,0,False,Place official IDX FinancialStatement XLSX + publication evidence in data/fundamental/inbox/
BUKK,P0,No authoritative PIT financial statement coverage,0,,0,False,Place official IDX FinancialStatement XLSX + publication evidence in data/fundamental/inbox/
BULL,P0,No authoritative PIT financial statement coverage,0,,0,False,Place official IDX FinancialStatement XLSX + publication evidence in data/fundamental/inbox/
BUMI,P0,No authoritative PIT financial statement coverage,0,,0,False,Place official IDX FinancialStatement XLSX + publication evidence in data/fundamental/inbox/
BUVA,P0,No authoritative PIT financial statement coverage,0,,0,False,Place official IDX FinancialStatement XLSX + publication evidence in data/fundamental/inbox/
BVIC,P0,No authoritative PIT financial statement coverage,0,,0,False,Place official IDX FinancialStatement XLSX + publication evidence in data/fundamental/inbox/
BWPT,P0,No authoritative PIT financial statement coverage,0,,0,False,Place official IDX FinancialStatement XLSX + publication evidence in data/fundamental/inbox/
BYAN,P0,No authoritative PIT financial statement coverage,0,,0,False,Place official IDX FinancialStatement XLSX + publication evidence in data/fundamental/inbox/
CAKK,P0,No authoritative PIT financial statement coverage,0,,0,False,Place official IDX FinancialStatement XLSX + publication evidence in data/fundamental/inbox/
CAMP,P0,No authoritative PIT financial statement coverage,0,,0,False,Place official IDX FinancialStatement XLSX + publication evidence in data/fundamental/inbox/
CANI,P0,No authoritative PIT financial statement coverage,0,,0,False,Place official IDX FinancialStatement XLSX + publication evidence in data/fundamental/inbox/
CARE,P0,No authoritative PIT financial statement coverage,0,,0,False,Place official IDX FinancialStatement XLSX + publication evidence in data/fundamental/inbox/
CARS,P0,No authoritative PIT financial statement coverage,0,,0,False,Place official IDX FinancialStatement XLSX + publication evidence in data/fundamental/inbox/
CASA,P0,No authoritative PIT financial statement coverage,0,,0,False,Place official IDX FinancialStatement XLSX + publication evidence in data/fundamental/inbox/
CASH,P0,No authoritative PIT financial statement coverage,0,,0,False,Place official IDX FinancialStatement XLSX + publication evidence in data/fundamental/inbox/
CASS,P0,No authoritative PIT financial statement coverage,0,,0,False,Place official IDX FinancialStatement XLSX + publication evidence in data/fundamental/inbox/
CBDK,P0,No authoritative PIT financial statement coverage,0,,0,False,Place official IDX FinancialStatement XLSX + publication evidence in data/fundamental/inbox/
CBPE,P0,No authoritative PIT financial statement coverage,0,,0,False,Place official IDX FinancialStatement XLSX + publication evidence in data/fundamental/inbox/
CBRE,P0,No authoritative PIT financial statement coverage,0,,0,False,Place official IDX FinancialStatement XLSX + publication evidence in data/fundamental/inbox/
CBUT,P0,No authoritative PIT financial statement coverage,0,,0,False,Place official IDX FinancialStatement XLSX + publication evidence in data/fundamental/inbox/
CCSI,P0,No authoritative PIT financial statement coverage,0,,0,False,Place official IDX FinancialStatement XLSX + publication evidence in data/fundamental/inbox/
CDIA,P0,No authoritative PIT financial statement coverage,0,,0,False,Place official IDX FinancialStatement XLSX + publication evidence in data/fundamental/inbox/
CEKA,P0,No authoritative PIT financial statement coverage,0,,0,False,Place official IDX FinancialStatement XLSX + publication evidence in data/fundamental/inbox/
CENT,P0,No authoritative PIT financial statement coverage,0,,0,False,Place official IDX FinancialStatement XLSX + publication evidence in data/fundamental/inbox/
CFIN,P0,No authoritative PIT financial statement coverage,0,,0,False,Place official IDX FinancialStatement XLSX + publication evidence in data/fundamental/inbox/
CGAS,P0,No authoritative PIT financial statement coverage,0,,0,False,Place official IDX FinancialStatement XLSX + publication evidence in data/fundamental/inbox/
CHEK,P0,No authoritative PIT financial statement coverage,0,,0,False,Place official IDX FinancialStatement XLSX + publication evidence in data/fundamental/inbox/
CHEM,P0,No authoritative PIT financial statement coverage,0,,0,False,Place official IDX FinancialStatement XLSX + publication evidence in data/fundamental/inbox/
CHIP,P0,No authoritative PIT financial statement coverage,0,,0,False,Place official IDX FinancialStatement XLSX + publication evidence in data/fundamental/inbox/
CINT,P0,No authoritative PIT financial statement coverage,0,,0,False,Place official IDX FinancialStatement XLSX + publication evidence in data/fundamental/inbox/
CITA,P0,No authoritative PIT financial statement coverage,0,,0,False,Place official IDX FinancialStatement XLSX + publication evidence in data/fundamental/inbox/
CITY,P0,No authoritative PIT financial statement coverage,0,,0,False,Place official IDX FinancialStatement XLSX + publication evidence in data/fundamental/inbox/
CLAY,P0,No authoritative PIT financial statement coverage,0,,0,False,Place official IDX FinancialStatement XLSX + publication evidence in data/fundamental/inbox/
CLEO,P0,No authoritative PIT financial statement coverage,0,,0,False,Place official IDX FinancialStatement XLSX + publication evidence in data/fundamental/inbox/
CLPI,P0,No authoritative PIT financial statement coverage,0,,0,False,Place official IDX FinancialStatement XLSX + publication evidence in data/fundamental/inbox/
CMNP,P0,No authoritative PIT financial statement coverage,0,,0,False,Place official IDX FinancialStatement XLSX + publication evidence in data/fundamental/inbox/
CMNT,P0,No authoritative PIT financial statement coverage,0,,0,False,Place official IDX FinancialStatement XLSX + publication evidence in data/fundamental/inbox/
CMPP,P0,No authoritative PIT financial statement coverage,0,,0,False,Place official IDX FinancialStatement XLSX + publication evidence in data/fundamental/inbox/
CMRY,P0,No authoritative PIT financial statement coverage,0,,0,False,Place official IDX FinancialStatement XLSX + publication evidence in data/fundamental/inbox/
CNKO,P0,No authoritative PIT financial statement coverage,0,,0,False,Place official IDX FinancialStatement XLSX + publication evidence in data/fundamental/inbox/
CNMA,P0,No authoritative PIT financial statement coverage,0,,0,False,Place official IDX FinancialStatement XLSX + publication evidence in data/fundamental/inbox/
COAL,P0,No authoritative PIT financial statement coverage,0,,0,False,Place official IDX FinancialStatement XLSX + publication evidence in data/fundamental/inbox/
COCO,P0,No authoritative PIT financial statement coverage,0,,0,False,Place official IDX FinancialStatement XLSX + publication evidence in data/fundamental/inbox/
COIN,P0,No authoritative PIT financial statement coverage,0,,0,False,Place official IDX FinancialStatement XLSX + publication evidence in data/fundamental/inbox/
CPIN,P0,No authoritative PIT financial statement coverage,0,,0,False,Place official IDX FinancialStatement XLSX + publication evidence in data/fundamental/inbox/
CPRO,P0,No authoritative PIT financial statement coverage,0,,0,False,Place official IDX FinancialStatement XLSX + publication evidence in data/fundamental/inbox/
CRAB,P0,No authoritative PIT financial statement coverage,0,,0,False,Place official IDX FinancialStatement XLSX + publication evidence in data/fundamental/inbox/
CRSN,P0,No authoritative PIT financial statement coverage,0,,0,False,Place official IDX FinancialStatement XLSX + publication evidence in data/fundamental/inbox/
CSAP,P0,No authoritative PIT financial statement coverage,0,,0,False,Place official IDX FinancialStatement XLSX + publication evidence in data/fundamental/inbox/
CSIS,P0,No authoritative PIT financial statement coverage,0,,0,False,Place official IDX FinancialStatement XLSX + publication evidence in data/fundamental/inbox/
CSMI,P0,No authoritative PIT financial statement coverage,0,,0,False,Place official IDX FinancialStatement XLSX + publication evidence in data/fundamental/inbox/
CSRA,P0,No authoritative PIT financial statement coverage,0,,0,False,Place official IDX FinancialStatement XLSX + publication evidence in data/fundamental/inbox/
CTBN,P0,No authoritative PIT financial statement coverage,0,,0,False,Place official IDX FinancialStatement XLSX + publication evidence in data/fundamental/inbox/
CTRA,P0,No authoritative PIT financial statement coverage,0,,0,False,Place official IDX FinancialStatement XLSX + publication evidence in data/fundamental/inbox/
CTTH,P0,No authoritative PIT financial statement coverage,0,,0,False,Place official IDX FinancialStatement XLSX + publication evidence in data/fundamental/inbox/
CUAN,P0,No authoritative PIT financial statement coverage,0,,0,False,Place official IDX FinancialStatement XLSX + publication evidence in data/fundamental/inbox/
CYBR,P0,No authoritative PIT financial statement coverage,0,,0,False,Place official IDX FinancialStatement XLSX + publication evidence in data/fundamental/inbox/
DAAZ,P0,No authoritative PIT financial statement coverage,0,,0,False,Place official IDX FinancialStatement XLSX + publication evidence in data/fundamental/inbox/
DADA,P0,No authoritative PIT financial statement coverage,0,,0,False,Place official IDX FinancialStatement XLSX + publication evidence in data/fundamental/inbox/
DART,P0,No authoritative PIT financial statement coverage,0,,0,False,Place official IDX FinancialStatement XLSX + publication evidence in data/fundamental/inbox/
DATA,P0,No authoritative PIT financial statement coverage,0,,0,False,Place official IDX FinancialStatement XLSX + publication evidence in data/fundamental/inbox/
DAYA,P0,No authoritative PIT financial statement coverage,0,,0,False,Place official IDX FinancialStatement XLSX + publication evidence in data/fundamental/inbox/
DCII,P0,No authoritative PIT financial statement coverage,0,,0,False,Place official IDX FinancialStatement XLSX + publication evidence in data/fundamental/inbox/
DEAL,P0,No authoritative PIT financial statement coverage,0,,0,False,Place official IDX FinancialStatement XLSX + publication evidence in data/fundamental/inbox/
DEFI,P0,No authoritative PIT financial statement coverage,0,,0,False,Place official IDX FinancialStatement XLSX + publication evidence in data/fundamental/inbox/
DEPO,P0,No authoritative PIT financial statement coverage,0,,0,False,Place official IDX FinancialStatement XLSX + publication evidence in data/fundamental/inbox/
DEWA,P0,No authoritative PIT financial statement coverage,0,,0,False,Place official IDX FinancialStatement XLSX + publication evidence in data/fundamental/inbox/
DEWI,P0,No authoritative PIT financial statement coverage,0,,0,False,Place official IDX FinancialStatement XLSX + publication evidence in data/fundamental/inbox/
DFAM,P0,No authoritative PIT financial statement coverage,0,,0,False,Place official IDX FinancialStatement XLSX + publication evidence in data/fundamental/inbox/
DGIK,P0,No authoritative PIT financial statement coverage,0,,0,False,Place official IDX FinancialStatement XLSX + publication evidence in data/fundamental/inbox/
DGNS,P0,No authoritative PIT financial statement coverage,0,,0,False,Place official IDX FinancialStatement XLSX + publication evidence in data/fundamental/inbox/
DGWG,P0,No authoritative PIT financial statement coverage,0,,0,False,Place official IDX FinancialStatement XLSX + publication evidence in data/fundamental/inbox/
DIGI,P0,No authoritative PIT financial statement coverage,0,,0,False,Place official IDX FinancialStatement XLSX + publication evidence in data/fundamental/inbox/
DILD,P0,No authoritative PIT financial statement coverage,0,,0,False,Place official IDX FinancialStatement XLSX + publication evidence in data/fundamental/inbox/
DIVA,P0,No authoritative PIT financial statement coverage,0,,0,False,Place official IDX FinancialStatement XLSX + publication evidence in data/fundamental/inbox/
DKFT,P0,No authoritative PIT financial statement coverage,0,,0,False,Place official IDX FinancialStatement XLSX + publication evidence in data/fundamental/inbox/
DKHH,P0,No authoritative PIT financial statement coverage,0,,0,False,Place official IDX FinancialStatement XLSX + publication evidence in data/fundamental/inbox/
DLTA,P0,No authoritative PIT financial statement coverage,0,,0,False,Place official IDX FinancialStatement XLSX + publication evidence in data/fundamental/inbox/
DMAS,P0,No authoritative PIT financial statement coverage,0,,0,False,Place official IDX FinancialStatement XLSX + publication evidence in data/fundamental/inbox/
DMMX,P0,No authoritative PIT financial statement coverage,0,,0,False,Place official IDX FinancialStatement XLSX + publication evidence in data/fundamental/inbox/
DMND,P0,No authoritative PIT financial statement coverage,0,,0,False,Place official IDX FinancialStatement XLSX + publication evidence in data/fundamental/inbox/
DNAR,P0,No authoritative PIT financial statement coverage,0,,0,False,Place official IDX FinancialStatement XLSX + publication evidence in data/fundamental/inbox/
DNET,P0,No authoritative PIT financial statement coverage,0,,0,False,Place official IDX FinancialStatement XLSX + publication evidence in data/fundamental/inbox/
DOID,P0,No authoritative PIT financial statement coverage,0,,0,False,Place official IDX FinancialStatement XLSX + publication evidence in data/fundamental/inbox/
DOOH,P0,No authoritative PIT financial statement coverage,0,,0,False,Place official IDX FinancialStatement XLSX + publication evidence in data/fundamental/inbox/
DOSS,P0,No authoritative PIT financial statement coverage,0,,0,False,Place official IDX FinancialStatement XLSX + publication evidence in data/fundamental/inbox/
DPNS,P0,No authoritative PIT financial statement coverage,0,,0,False,Place official IDX FinancialStatement XLSX + publication evidence in data/fundamental/inbox/
DPUM,P0,No authoritative PIT financial statement coverage,0,,0,False,Place official IDX FinancialStatement XLSX + publication evidence in data/fundamental/inbox/
DRMA,P0,No authoritative PIT financial statement coverage,0,,0,False,Place official IDX FinancialStatement XLSX + publication evidence in data/fundamental/inbox/
DSFI,P0,No authoritative PIT financial statement coverage,0,,0,False,Place official IDX FinancialStatement XLSX + publication evidence in data/fundamental/inbox/
DSNG,P0,No authoritative PIT financial statement coverage,0,,0,False,Place official IDX FinancialStatement XLSX + publication evidence in data/fundamental/inbox/
DSSA,P0,No authoritative PIT financial statement coverage,0,,0,False,Place official IDX FinancialStatement XLSX + publication evidence in data/fundamental/inbox/
DUTI,P0,No authoritative PIT financial statement coverage,0,,0,False,Place official IDX FinancialStatement XLSX + publication evidence in data/fundamental/inbox/
DVLA,P0,No authoritative PIT financial statement coverage,0,,0,False,Place official IDX FinancialStatement XLSX + publication evidence in data/fundamental/inbox/
DWGL,P0,No authoritative PIT financial statement coverage,0,,0,False,Place official IDX FinancialStatement XLSX + publication evidence in data/fundamental/inbox/
DYAN,P0,No authoritative PIT financial statement coverage,0,,0,False,Place official IDX FinancialStatement XLSX + publication evidence in data/fundamental/inbox/
EAST,P0,No authoritative PIT financial statement coverage,0,,0,False,Place official IDX FinancialStatement XLSX + publication evidence in data/fundamental/inbox/
ECII,P0,No authoritative PIT financial statement coverage,0,,0,False,Place official IDX FinancialStatement XLSX + publication evidence in data/fundamental/inbox/
EDGE,P0,No authoritative PIT financial statement coverage,0,,0,False,Place official IDX FinancialStatement XLSX + publication evidence in data/fundamental/inbox/
EKAD,P0,No authoritative PIT financial statement coverage,0,,0,False,Place official IDX FinancialStatement XLSX + publication evidence in data/fundamental/inbox/
ELIT,P0,No authoritative PIT financial statement coverage,0,,0,False,Place official IDX FinancialStatement XLSX + publication evidence in data/fundamental/inbox/
ELPI,P0,No authoritative PIT financial statement coverage,0,,0,False,Place official IDX FinancialStatement XLSX + publication evidence in data/fundamental/inbox/
ELSA,P0,No authoritative PIT financial statement coverage,0,,0,False,Place official IDX FinancialStatement XLSX + publication evidence in data/fundamental/inbox/
ELTY,P0,No authoritative PIT financial statement coverage,0,,0,False,Place official IDX FinancialStatement XLSX + publication evidence in data/fundamental/inbox/
EMAS,P0,No authoritative PIT financial statement coverage,0,,0,False,Place official IDX FinancialStatement XLSX + publication evidence in data/fundamental/inbox/
EMDE,P0,No authoritative PIT financial statement coverage,0,,0,False,Place official IDX FinancialStatement XLSX + publication evidence in data/fundamental/inbox/
EMTK,P0,No authoritative PIT financial statement coverage,0,,0,False,Place official IDX FinancialStatement XLSX + publication evidence in data/fundamental/inbox/
ENAK,P0,No authoritative PIT financial statement coverage,0,,0,False,Place official IDX FinancialStatement XLSX + publication evidence in data/fundamental/inbox/
ENRG,P0,No authoritative PIT financial statement coverage,0,,0,False,Place official IDX FinancialStatement XLSX + publication evidence in data/fundamental/inbox/
ENZO,P0,No authoritative PIT financial statement coverage,0,,0,False,Place official IDX FinancialStatement XLSX + publication evidence in data/fundamental/inbox/
EPAC,P0,No authoritative PIT financial statement coverage,0,,0,False,Place official IDX FinancialStatement XLSX + publication evidence in data/fundamental/inbox/
EPMT,P0,No authoritative PIT financial statement coverage,0,,0,False,Place official IDX FinancialStatement XLSX + publication evidence in data/fundamental/inbox/
ERAA,P0,No authoritative PIT financial statement coverage,0,,0,False,Place official IDX FinancialStatement XLSX + publication evidence in data/fundamental/inbox/
ERAL,P0,No authoritative PIT financial statement coverage,0,,0,False,Place official IDX FinancialStatement XLSX + publication evidence in data/fundamental/inbox/
ERTX,P0,No authoritative PIT financial statement coverage,0,,0,False,Place official IDX FinancialStatement XLSX + publication evidence in data/fundamental/inbox/
ESIP,P0,No authoritative PIT financial statement coverage,0,,0,False,Place official IDX FinancialStatement XLSX + publication evidence in data/fundamental/inbox/
ESSA,P0,No authoritative PIT financial statement coverage,0,,0,False,Place official IDX FinancialStatement XLSX + publication evidence in data/fundamental/inbox/
ESTA,P0,No authoritative PIT financial statement coverage,0,,0,False,Place official IDX FinancialStatement XLSX + publication evidence in data/fundamental/inbox/
ESTI,P0,No authoritative PIT financial statement coverage,0,,0,False,Place official IDX FinancialStatement XLSX + publication evidence in data/fundamental/inbox/
ETWA,P0,No authoritative PIT financial statement coverage,0,,0,False,Place official IDX FinancialStatement XLSX + publication evidence in data/fundamental/inbox/
EURO,P0,No authoritative PIT financial statement coverage,0,,0,False,Place official IDX FinancialStatement XLSX + publication evidence in data/fundamental/inbox/
EXCL,P0,No authoritative PIT financial statement coverage,0,,0,False,Place official IDX FinancialStatement XLSX + publication evidence in data/fundamental/inbox/
FAPA,P0,No authoritative PIT financial statement coverage,0,,0,False,Place official IDX FinancialStatement XLSX + publication evidence in data/fundamental/inbox/
FAST,P0,No authoritative PIT financial statement coverage,0,,0,False,Place official IDX FinancialStatement XLSX + publication evidence in data/fundamental/inbox/
FASW,P0,No authoritative PIT financial statement coverage,0,,0,False,Place official IDX FinancialStatement XLSX + publication evidence in data/fundamental/inbox/
FILM,P0,No authoritative PIT financial statement coverage,0,,0,False,Place official IDX FinancialStatement XLSX + publication evidence in data/fundamental/inbox/
FIMP,P0,No authoritative PIT financial statement coverage,0,,0,False,Place official IDX FinancialStatement XLSX + publication evidence in data/fundamental/inbox/
FIRE,P0,No authoritative PIT financial statement coverage,0,,0,False,Place official IDX FinancialStatement XLSX + publication evidence in data/fundamental/inbox/
FISH,P0,No authoritative PIT financial statement coverage,0,,0,False,Place official IDX FinancialStatement XLSX + publication evidence in data/fundamental/inbox/
FITT,P0,No authoritative PIT financial statement coverage,0,,0,False,Place official IDX FinancialStatement XLSX + publication evidence in data/fundamental/inbox/
FLMC,P0,No authoritative PIT financial statement coverage,0,,0,False,Place official IDX FinancialStatement XLSX + publication evidence in data/fundamental/inbox/
FMII,P0,No authoritative PIT financial statement coverage,0,,0,False,Place official IDX FinancialStatement XLSX + publication evidence in data/fundamental/inbox/
FOLK,P0,No authoritative PIT financial statement coverage,0,,0,False,Place official IDX FinancialStatement XLSX + publication evidence in data/fundamental/inbox/
FOOD,P0,No authoritative PIT financial statement coverage,0,,0,False,Place official IDX FinancialStatement XLSX + publication evidence in data/fundamental/inbox/
FORE,P0,No authoritative PIT financial statement coverage,0,,0,False,Place official IDX FinancialStatement XLSX + publication evidence in data/fundamental/inbox/
FORU,P0,No authoritative PIT financial statement coverage,0,,0,False,Place official IDX FinancialStatement XLSX + publication evidence in data/fundamental/inbox/
FPNI,P0,No authoritative PIT financial statement coverage,0,,0,False,Place official IDX FinancialStatement XLSX + publication evidence in data/fundamental/inbox/
FUJI,P0,No authoritative PIT financial statement coverage,0,,0,False,Place official IDX FinancialStatement XLSX + publication evidence in data/fundamental/inbox/
FUTR,P0,No authoritative PIT financial statement coverage,0,,0,False,Place official IDX FinancialStatement XLSX + publication evidence in data/fundamental/inbox/
FWCT,P0,No authoritative PIT financial statement coverage,0,,0,False,Place official IDX FinancialStatement XLSX + publication evidence in data/fundamental/inbox/
GDST,P0,No authoritative PIT financial statement coverage,0,,0,False,Place official IDX FinancialStatement XLSX + publication evidence in data/fundamental/inbox/
GDYR,P0,No authoritative PIT financial statement coverage,0,,0,False,Place official IDX FinancialStatement XLSX + publication evidence in data/fundamental/inbox/
GEMA,P0,No authoritative PIT financial statement coverage,0,,0,False,Place official IDX FinancialStatement XLSX + publication evidence in data/fundamental/inbox/
GEMS,P0,No authoritative PIT financial statement coverage,0,,0,False,Place official IDX FinancialStatement XLSX + publication evidence in data/fundamental/inbox/
GGRM,P0,No authoritative PIT financial statement coverage,0,,0,False,Place official IDX FinancialStatement XLSX + publication evidence in data/fundamental/inbox/
GGRP,P0,No authoritative PIT financial statement coverage,0,,0,False,Place official IDX FinancialStatement XLSX + publication evidence in data/fundamental/inbox/
GHON,P0,No authoritative PIT financial statement coverage,0,,0,False,Place official IDX FinancialStatement XLSX + publication evidence in data/fundamental/inbox/
GIAA,P0,No authoritative PIT financial statement coverage,0,,0,False,Place official IDX FinancialStatement XLSX + publication evidence in data/fundamental/inbox/
GJTL,P0,No authoritative PIT financial statement coverage,0,,0,False,Place official IDX FinancialStatement XLSX + publication evidence in data/fundamental/inbox/
GLOB,P0,No authoritative PIT financial statement coverage,0,,0,False,Place official IDX FinancialStatement XLSX + publication evidence in data/fundamental/inbox/
GLVA,P0,No authoritative PIT financial statement coverage,0,,0,False,Place official IDX FinancialStatement XLSX + publication evidence in data/fundamental/inbox/
GMFI,P0,No authoritative PIT financial statement coverage,0,,0,False,Place official IDX FinancialStatement XLSX + publication evidence in data/fundamental/inbox/
GMTD,P0,No authoritative PIT financial statement coverage,0,,0,False,Place official IDX FinancialStatement XLSX + publication evidence in data/fundamental/inbox/
GOLD,P0,No authoritative PIT financial statement coverage,0,,0,False,Place official IDX FinancialStatement XLSX + publication evidence in data/fundamental/inbox/
GOLF,P0,No authoritative PIT financial statement coverage,0,,0,False,Place official IDX FinancialStatement XLSX + publication evidence in data/fundamental/inbox/
GOOD,P0,No authoritative PIT financial statement coverage,0,,0,False,Place official IDX FinancialStatement XLSX + publication evidence in data/fundamental/inbox/
GOTO,P0,No authoritative PIT financial statement coverage,0,,0,False,Place official IDX FinancialStatement XLSX + publication evidence in data/fundamental/inbox/
GPRA,P0,No authoritative PIT financial statement coverage,0,,0,False,Place official IDX FinancialStatement XLSX + publication evidence in data/fundamental/inbox/
GPSO,P0,No authoritative PIT financial statement coverage,0,,0,False,Place official IDX FinancialStatement XLSX + publication evidence in data/fundamental/inbox/
GRIA,P0,No authoritative PIT financial statement coverage,0,,0,False,Place official IDX FinancialStatement XLSX + publication evidence in data/fundamental/inbox/
GRPH,P0,No authoritative PIT financial statement coverage,0,,0,False,Place official IDX FinancialStatement XLSX + publication evidence in data/fundamental/inbox/
GRPM,P0,No authoritative PIT financial statement coverage,0,,0,False,Place official IDX FinancialStatement XLSX + publication evidence in data/fundamental/inbox/
GSMF,P0,No authoritative PIT financial statement coverage,0,,0,False,Place official IDX FinancialStatement XLSX + publication evidence in data/fundamental/inbox/
GTBO,P0,No authoritative PIT financial statement coverage,0,,0,False,Place official IDX FinancialStatement XLSX + publication evidence in data/fundamental/inbox/
GTRA,P0,No authoritative PIT financial statement coverage,0,,0,False,Place official IDX FinancialStatement XLSX + publication evidence in data/fundamental/inbox/
GTSI,P0,No authoritative PIT financial statement coverage,0,,0,False,Place official IDX FinancialStatement XLSX + publication evidence in data/fundamental/inbox/
GULA,P0,No authoritative PIT financial statement coverage,0,,0,False,Place official IDX FinancialStatement XLSX + publication evidence in data/fundamental/inbox/
GUNA,P0,No authoritative PIT financial statement coverage,0,,0,False,Place official IDX FinancialStatement XLSX + publication evidence in data/fundamental/inbox/
GWSA,P0,No authoritative PIT financial statement coverage,0,,0,False,Place official IDX FinancialStatement XLSX + publication evidence in data/fundamental/inbox/
GZCO,P0,No authoritative PIT financial statement coverage,0,,0,False,Place official IDX FinancialStatement XLSX + publication evidence in data/fundamental/inbox/
HADE,P0,No authoritative PIT financial statement coverage,0,,0,False,Place official IDX FinancialStatement XLSX + publication evidence in data/fundamental/inbox/
HAIS,P0,No authoritative PIT financial statement coverage,0,,0,False,Place official IDX FinancialStatement XLSX + publication evidence in data/fundamental/inbox/
HAJJ,P0,No authoritative PIT financial statement coverage,0,,0,False,Place official IDX FinancialStatement XLSX + publication evidence in data/fundamental/inbox/
HALO,P0,No authoritative PIT financial statement coverage,0,,0,False,Place official IDX FinancialStatement XLSX + publication evidence in data/fundamental/inbox/
HATM,P0,No authoritative PIT financial statement coverage,0,,0,False,Place official IDX FinancialStatement XLSX + publication evidence in data/fundamental/inbox/
HBAT,P0,No authoritative PIT financial statement coverage,0,,0,False,Place official IDX FinancialStatement XLSX + publication evidence in data/fundamental/inbox/
HDFA,P0,No authoritative PIT financial statement coverage,0,,0,False,Place official IDX FinancialStatement XLSX + publication evidence in data/fundamental/inbox/
HDIT,P0,No authoritative PIT financial statement coverage,0,,0,False,Place official IDX FinancialStatement XLSX + publication evidence in data/fundamental/inbox/
HEAL,P0,No authoritative PIT financial statement coverage,0,,0,False,Place official IDX FinancialStatement XLSX + publication evidence in data/fundamental/inbox/
HELI,P0,No authoritative PIT financial statement coverage,0,,0,False,Place official IDX FinancialStatement XLSX + publication evidence in data/fundamental/inbox/
HERO,P0,No authoritative PIT financial statement coverage,0,,0,False,Place official IDX FinancialStatement XLSX + publication evidence in data/fundamental/inbox/
HEXA,P0,No authoritative PIT financial statement coverage,0,,0,False,Place official IDX FinancialStatement XLSX + publication evidence in data/fundamental/inbox/
HGII,P0,No authoritative PIT financial statement coverage,0,,0,False,Place official IDX FinancialStatement XLSX + publication evidence in data/fundamental/inbox/
HILL,P0,No authoritative PIT financial statement coverage,0,,0,False,Place official IDX FinancialStatement XLSX + publication evidence in data/fundamental/inbox/
HITS,P0,No authoritative PIT financial statement coverage,0,,0,False,Place official IDX FinancialStatement XLSX + publication evidence in data/fundamental/inbox/
HMSP,P0,No authoritative PIT financial statement coverage,0,,0,False,Place official IDX FinancialStatement XLSX + publication evidence in data/fundamental/inbox/
HOKI,P0,No authoritative PIT financial statement coverage,0,,0,False,Place official IDX FinancialStatement XLSX + publication evidence in data/fundamental/inbox/
HOMI,P0,No authoritative PIT financial statement coverage,0,,0,False,Place official IDX FinancialStatement XLSX + publication evidence in data/fundamental/inbox/
HOPE,P0,No authoritative PIT financial statement coverage,0,,0,False,Place official IDX FinancialStatement XLSX + publication evidence in data/fundamental/inbox/
HRME,P0,No authoritative PIT financial statement coverage,0,,0,False,Place official IDX FinancialStatement XLSX + publication evidence in data/fundamental/inbox/
HRTA,P0,No authoritative PIT financial statement coverage,0,,0,False,Place official IDX FinancialStatement XLSX + publication evidence in data/fundamental/inbox/
HRUM,P0,No authoritative PIT financial statement coverage,0,,0,False,Place official IDX FinancialStatement XLSX + publication evidence in data/fundamental/inbox/
HUMI,P0,No authoritative PIT financial statement coverage,0,,0,False,Place official IDX FinancialStatement XLSX + publication evidence in data/fundamental/inbox/
HYGN,P0,No authoritative PIT financial statement coverage,0,,0,False,Place official IDX FinancialStatement XLSX + publication evidence in data/fundamental/inbox/
IATA,P0,No authoritative PIT financial statement coverage,0,,0,False,Place official IDX FinancialStatement XLSX + publication evidence in data/fundamental/inbox/
IBFN,P0,No authoritative PIT financial statement coverage,0,,0,False,Place official IDX FinancialStatement XLSX + publication evidence in data/fundamental/inbox/
IBOS,P0,No authoritative PIT financial statement coverage,0,,0,False,Place official IDX FinancialStatement XLSX + publication evidence in data/fundamental/inbox/
IBST,P0,No authoritative PIT financial statement coverage,0,,0,False,Place official IDX FinancialStatement XLSX + publication evidence in data/fundamental/inbox/
ICBP,P0,No authoritative PIT financial statement coverage,0,,0,False,Place official IDX FinancialStatement XLSX + publication evidence in data/fundamental/inbox/
ICON,P0,No authoritative PIT financial statement coverage,0,,0,False,Place official IDX FinancialStatement XLSX + publication evidence in data/fundamental/inbox/
IDEA,P0,No authoritative PIT financial statement coverage,0,,0,False,Place official IDX FinancialStatement XLSX + publication evidence in data/fundamental/inbox/
IDPR,P0,No authoritative PIT financial statement coverage,0,,0,False,Place official IDX FinancialStatement XLSX + publication evidence in data/fundamental/inbox/
IFII,P0,No authoritative PIT financial statement coverage,0,,0,False,Place official IDX FinancialStatement XLSX + publication evidence in data/fundamental/inbox/
IFSH,P0,No authoritative PIT financial statement coverage,0,,0,False,Place official IDX FinancialStatement XLSX + publication evidence in data/fundamental/inbox/
IGAR,P0,No authoritative PIT financial statement coverage,0,,0,False,Place official IDX FinancialStatement XLSX + publication evidence in data/fundamental/inbox/
IKAI,P0,No authoritative PIT financial statement coverage,0,,0,False,Place official IDX FinancialStatement XLSX + publication evidence in data/fundamental/inbox/
IKAN,P0,No authoritative PIT financial statement coverage,0,,0,False,Place official IDX FinancialStatement XLSX + publication evidence in data/fundamental/inbox/
IKBI,P0,No authoritative PIT financial statement coverage,0,,0,False,Place official IDX FinancialStatement XLSX + publication evidence in data/fundamental/inbox/
IKPM,P0,No authoritative PIT financial statement coverage,0,,0,False,Place official IDX FinancialStatement XLSX + publication evidence in data/fundamental/inbox/
IMAS,P0,No authoritative PIT financial statement coverage,0,,0,False,Place official IDX FinancialStatement XLSX + publication evidence in data/fundamental/inbox/
IMJS,P0,No authoritative PIT financial statement coverage,0,,0,False,Place official IDX FinancialStatement XLSX + publication evidence in data/fundamental/inbox/
IMPC,P0,No authoritative PIT financial statement coverage,0,,0,False,Place official IDX FinancialStatement XLSX + publication evidence in data/fundamental/inbox/
INAF,P0,No authoritative PIT financial statement coverage,0,,0,False,Place official IDX FinancialStatement XLSX + publication evidence in data/fundamental/inbox/
INAI,P0,No authoritative PIT financial statement coverage,0,,0,False,Place official IDX FinancialStatement XLSX + publication evidence in data/fundamental/inbox/
INCF,P0,No authoritative PIT financial statement coverage,0,,0,False,Place official IDX FinancialStatement XLSX + publication evidence in data/fundamental/inbox/
INCI,P0,No authoritative PIT financial statement coverage,0,,0,False,Place official IDX FinancialStatement XLSX + publication evidence in data/fundamental/inbox/
INCO,P0,No authoritative PIT financial statement coverage,0,,0,False,Place official IDX FinancialStatement XLSX + publication evidence in data/fundamental/inbox/
INDF,P0,No authoritative PIT financial statement coverage,0,,0,False,Place official IDX FinancialStatement XLSX + publication evidence in data/fundamental/inbox/
INDO,P0,No authoritative PIT financial statement coverage,0,,0,False,Place official IDX FinancialStatement XLSX + publication evidence in data/fundamental/inbox/
INDR,P0,No authoritative PIT financial statement coverage,0,,0,False,Place official IDX FinancialStatement XLSX + publication evidence in data/fundamental/inbox/
INDS,P0,No authoritative PIT financial statement coverage,0,,0,False,Place official IDX FinancialStatement XLSX + publication evidence in data/fundamental/inbox/
INDX,P0,No authoritative PIT financial statement coverage,0,,0,False,Place official IDX FinancialStatement XLSX + publication evidence in data/fundamental/inbox/
INDY,P0,No authoritative PIT financial statement coverage,0,,0,False,Place official IDX FinancialStatement XLSX + publication evidence in data/fundamental/inbox/
INET,P0,No authoritative PIT financial statement coverage,0,,0,False,Place official IDX FinancialStatement XLSX + publication evidence in data/fundamental/inbox/
INKP,P0,No authoritative PIT financial statement coverage,0,,0,False,Place official IDX FinancialStatement XLSX + publication evidence in data/fundamental/inbox/
INOV,P0,No authoritative PIT financial statement coverage,0,,0,False,Place official IDX FinancialStatement XLSX + publication evidence in data/fundamental/inbox/
INPC,P0,No authoritative PIT financial statement coverage,0,,0,False,Place official IDX FinancialStatement XLSX + publication evidence in data/fundamental/inbox/
INPP,P0,No authoritative PIT financial statement coverage,0,,0,False,Place official IDX FinancialStatement XLSX + publication evidence in data/fundamental/inbox/
INPS,P0,No authoritative PIT financial statement coverage,0,,0,False,Place official IDX FinancialStatement XLSX + publication evidence in data/fundamental/inbox/
INRU,P0,No authoritative PIT financial statement coverage,0,,0,False,Place official IDX FinancialStatement XLSX + publication evidence in data/fundamental/inbox/
INTA,P0,No authoritative PIT financial statement coverage,0,,0,False,Place official IDX FinancialStatement XLSX + publication evidence in data/fundamental/inbox/
INTD,P0,No authoritative PIT financial statement coverage,0,,0,False,Place official IDX FinancialStatement XLSX + publication evidence in data/fundamental/inbox/
INTP,P0,No authoritative PIT financial statement coverage,0,,0,False,Place official IDX FinancialStatement XLSX + publication evidence in data/fundamental/inbox/
IOTF,P0,No authoritative PIT financial statement coverage,0,,0,False,Place official IDX FinancialStatement XLSX + publication evidence in data/fundamental/inbox/
IPAC,P0,No authoritative PIT financial statement coverage,0,,0,False,Place official IDX FinancialStatement XLSX + publication evidence in data/fundamental/inbox/
IPCC,P0,No authoritative PIT financial statement coverage,0,,0,False,Place official IDX FinancialStatement XLSX + publication evidence in data/fundamental/inbox/
IPCM,P0,No authoritative PIT financial statement coverage,0,,0,False,Place official IDX FinancialStatement XLSX + publication evidence in data/fundamental/inbox/
IPOL,P0,No authoritative PIT financial statement coverage,0,,0,False,Place official IDX FinancialStatement XLSX + publication evidence in data/fundamental/inbox/
IPPE,P0,No authoritative PIT financial statement coverage,0,,0,False,Place official IDX FinancialStatement XLSX + publication evidence in data/fundamental/inbox/
IPTV,P0,No authoritative PIT financial statement coverage,0,,0,False,Place official IDX FinancialStatement XLSX + publication evidence in data/fundamental/inbox/
IRRA,P0,No authoritative PIT financial statement coverage,0,,0,False,Place official IDX FinancialStatement XLSX + publication evidence in data/fundamental/inbox/
IRSX,P0,No authoritative PIT financial statement coverage,0,,0,False,Place official IDX FinancialStatement XLSX + publication evidence in data/fundamental/inbox/
ISAP,P0,No authoritative PIT financial statement coverage,0,,0,False,Place official IDX FinancialStatement XLSX + publication evidence in data/fundamental/inbox/
ISAT,P0,No authoritative PIT financial statement coverage,0,,0,False,Place official IDX FinancialStatement XLSX + publication evidence in data/fundamental/inbox/
ISEA,P0,No authoritative PIT financial statement coverage,0,,0,False,Place official IDX FinancialStatement XLSX + publication evidence in data/fundamental/inbox/
ISSP,P0,No authoritative PIT financial statement coverage,0,,0,False,Place official IDX FinancialStatement XLSX + publication evidence in data/fundamental/inbox/
ITIC,P0,No authoritative PIT financial statement coverage,0,,0,False,Place official IDX FinancialStatement XLSX + publication evidence in data/fundamental/inbox/
ITMA,P0,No authoritative PIT financial statement coverage,0,,0,False,Place official IDX FinancialStatement XLSX + publication evidence in data/fundamental/inbox/
ITMG,P0,No authoritative PIT financial statement coverage,0,,0,False,Place official IDX FinancialStatement XLSX + publication evidence in data/fundamental/inbox/
JARR,P0,No authoritative PIT financial statement coverage,0,,0,False,Place official IDX FinancialStatement XLSX + publication evidence in data/fundamental/inbox/
JAST,P0,No authoritative PIT financial statement coverage,0,,0,False,Place official IDX FinancialStatement XLSX + publication evidence in data/fundamental/inbox/
JATI,P0,No authoritative PIT financial statement coverage,0,,0,False,Place official IDX FinancialStatement XLSX + publication evidence in data/fundamental/inbox/
JAWA,P0,No authoritative PIT financial statement coverage,0,,0,False,Place official IDX FinancialStatement XLSX + publication evidence in data/fundamental/inbox/
JAYA,P0,No authoritative PIT financial statement coverage,0,,0,False,Place official IDX FinancialStatement XLSX + publication evidence in data/fundamental/inbox/
JECC,P0,No authoritative PIT financial statement coverage,0,,0,False,Place official IDX FinancialStatement XLSX + publication evidence in data/fundamental/inbox/
JGLE,P0,No authoritative PIT financial statement coverage,0,,0,False,Place official IDX FinancialStatement XLSX + publication evidence in data/fundamental/inbox/
JIHD,P0,No authoritative PIT financial statement coverage,0,,0,False,Place official IDX FinancialStatement XLSX + publication evidence in data/fundamental/inbox/
JKON,P0,No authoritative PIT financial statement coverage,0,,0,False,Place official IDX FinancialStatement XLSX + publication evidence in data/fundamental/inbox/
JMAS,P0,No authoritative PIT financial statement coverage,0,,0,False,Place official IDX FinancialStatement XLSX + publication evidence in data/fundamental/inbox/
JPFA,P0,No authoritative PIT financial statement coverage,0,,0,False,Place official IDX FinancialStatement XLSX + publication evidence in data/fundamental/inbox/
JRPT,P0,No authoritative PIT financial statement coverage,0,,0,False,Place official IDX FinancialStatement XLSX + publication evidence in data/fundamental/inbox/
JSMR,P0,No authoritative PIT financial statement coverage,0,,0,False,Place official IDX FinancialStatement XLSX + publication evidence in data/fundamental/inbox/
JSPT,P0,No authoritative PIT financial statement coverage,0,,0,False,Place official IDX FinancialStatement XLSX + publication evidence in data/fundamental/inbox/
JTPE,P0,No authoritative PIT financial statement coverage,0,,0,False,Place official IDX FinancialStatement XLSX + publication evidence in data/fundamental/inbox/
KAEF,P0,No authoritative PIT financial statement coverage,0,,0,False,Place official IDX FinancialStatement XLSX + publication evidence in data/fundamental/inbox/
KAQI,P0,No authoritative PIT financial statement coverage,0,,0,False,Place official IDX FinancialStatement XLSX + publication evidence in data/fundamental/inbox/
KARW,P0,No authoritative PIT financial statement coverage,0,,0,False,Place official IDX FinancialStatement XLSX + publication evidence in data/fundamental/inbox/
KAYU,P0,No authoritative PIT financial statement coverage,0,,0,False,Place official IDX FinancialStatement XLSX + publication evidence in data/fundamental/inbox/
KBAG,P0,No authoritative PIT financial statement coverage,0,,0,False,Place official IDX FinancialStatement XLSX + publication evidence in data/fundamental/inbox/
KBLI,P0,No authoritative PIT financial statement coverage,0,,0,False,Place official IDX FinancialStatement XLSX + publication evidence in data/fundamental/inbox/
KBLM,P0,No authoritative PIT financial statement coverage,0,,0,False,Place official IDX FinancialStatement XLSX + publication evidence in data/fundamental/inbox/
KBLV,P0,No authoritative PIT financial statement coverage,0,,0,False,Place official IDX FinancialStatement XLSX + publication evidence in data/fundamental/inbox/
KDSI,P0,No authoritative PIT financial statement coverage,0,,0,False,Place official IDX FinancialStatement XLSX + publication evidence in data/fundamental/inbox/
KDTN,P0,No authoritative PIT financial statement coverage,0,,0,False,Place official IDX FinancialStatement XLSX + publication evidence in data/fundamental/inbox/
KEEN,P0,No authoritative PIT financial statement coverage,0,,0,False,Place official IDX FinancialStatement XLSX + publication evidence in data/fundamental/inbox/
KEJU,P0,No authoritative PIT financial statement coverage,0,,0,False,Place official IDX FinancialStatement XLSX + publication evidence in data/fundamental/inbox/
KETR,P0,No authoritative PIT financial statement coverage,0,,0,False,Place official IDX FinancialStatement XLSX + publication evidence in data/fundamental/inbox/
KIAS,P0,No authoritative PIT financial statement coverage,0,,0,False,Place official IDX FinancialStatement XLSX + publication evidence in data/fundamental/inbox/
KICI,P0,No authoritative PIT financial statement coverage,0,,0,False,Place official IDX FinancialStatement XLSX + publication evidence in data/fundamental/inbox/
KIJA,P0,No authoritative PIT financial statement coverage,0,,0,False,Place official IDX FinancialStatement XLSX + publication evidence in data/fundamental/inbox/
KINO,P0,No authoritative PIT financial statement coverage,0,,0,False,Place official IDX FinancialStatement XLSX + publication evidence in data/fundamental/inbox/
KIOS,P0,No authoritative PIT financial statement coverage,0,,0,False,Place official IDX FinancialStatement XLSX + publication evidence in data/fundamental/inbox/
KJEN,P0,No authoritative PIT financial statement coverage,0,,0,False,Place official IDX FinancialStatement XLSX + publication evidence in data/fundamental/inbox/
KKES,P0,No authoritative PIT financial statement coverage,0,,0,False,Place official IDX FinancialStatement XLSX + publication evidence in data/fundamental/inbox/
KKGI,P0,No authoritative PIT financial statement coverage,0,,0,False,Place official IDX FinancialStatement XLSX + publication evidence in data/fundamental/inbox/
KLAS,P0,No authoritative PIT financial statement coverage,0,,0,False,Place official IDX FinancialStatement XLSX + publication evidence in data/fundamental/inbox/
KLBF,P0,No authoritative PIT financial statement coverage,0,,0,False,Place official IDX FinancialStatement XLSX + publication evidence in data/fundamental/inbox/
KLIN,P0,No authoritative PIT financial statement coverage,0,,0,False,Place official IDX FinancialStatement XLSX + publication evidence in data/fundamental/inbox/
KMDS,P0,No authoritative PIT financial statement coverage,0,,0,False,Place official IDX FinancialStatement XLSX + publication evidence in data/fundamental/inbox/
KMTR,P0,No authoritative PIT financial statement coverage,0,,0,False,Place official IDX FinancialStatement XLSX + publication evidence in data/fundamental/inbox/
KOBX,P0,No authoritative PIT financial statement coverage,0,,0,False,Place official IDX FinancialStatement XLSX + publication evidence in data/fundamental/inbox/
KOCI,P0,No authoritative PIT financial statement coverage,0,,0,False,Place official IDX FinancialStatement XLSX + publication evidence in data/fundamental/inbox/
KOIN,P0,No authoritative PIT financial statement coverage,0,,0,False,Place official IDX FinancialStatement XLSX + publication evidence in data/fundamental/inbox/
KOKA,P0,No authoritative PIT financial statement coverage,0,,0,False,Place official IDX FinancialStatement XLSX + publication evidence in data/fundamental/inbox/
KONI,P0,No authoritative PIT financial statement coverage,0,,0,False,Place official IDX FinancialStatement XLSX + publication evidence in data/fundamental/inbox/
KOPI,P0,No authoritative PIT financial statement coverage,0,,0,False,Place official IDX FinancialStatement XLSX + publication evidence in data/fundamental/inbox/
KOTA,P0,No authoritative PIT financial statement coverage,0,,0,False,Place official IDX FinancialStatement XLSX + publication evidence in data/fundamental/inbox/
KPIG,P0,No authoritative PIT financial statement coverage,0,,0,False,Place official IDX FinancialStatement XLSX + publication evidence in data/fundamental/inbox/
KRAS,P0,No authoritative PIT financial statement coverage,0,,0,False,Place official IDX FinancialStatement XLSX + publication evidence in data/fundamental/inbox/
KREN,P0,No authoritative PIT financial statement coverage,0,,0,False,Place official IDX FinancialStatement XLSX + publication evidence in data/fundamental/inbox/
KRYA,P0,No authoritative PIT financial statement coverage,0,,0,False,Place official IDX FinancialStatement XLSX + publication evidence in data/fundamental/inbox/
KSIX,P0,No authoritative PIT financial statement coverage,0,,0,False,Place official IDX FinancialStatement XLSX + publication evidence in data/fundamental/inbox/
KUAS,P0,No authoritative PIT financial statement coverage,0,,0,False,Place official IDX FinancialStatement XLSX + publication evidence in data/fundamental/inbox/
LABA,P0,No authoritative PIT financial statement coverage,0,,0,False,Place official IDX FinancialStatement XLSX + publication evidence in data/fundamental/inbox/
LABS,P0,No authoritative PIT financial statement coverage,0,,0,False,Place official IDX FinancialStatement XLSX + publication evidence in data/fundamental/inbox/
LAJU,P0,No authoritative PIT financial statement coverage,0,,0,False,Place official IDX FinancialStatement XLSX + publication evidence in data/fundamental/inbox/
LAND,P0,No authoritative PIT financial statement coverage,0,,0,False,Place official IDX FinancialStatement XLSX + publication evidence in data/fundamental/inbox/
LAPD,P0,No authoritative PIT financial statement coverage,0,,0,False,Place official IDX FinancialStatement XLSX + publication evidence in data/fundamental/inbox/
LCKM,P0,No authoritative PIT financial statement coverage,0,,0,False,Place official IDX FinancialStatement XLSX + publication evidence in data/fundamental/inbox/
LEAD,P0,No authoritative PIT financial statement coverage,0,,0,False,Place official IDX FinancialStatement XLSX + publication evidence in data/fundamental/inbox/
LFLO,P0,No authoritative PIT financial statement coverage,0,,0,False,Place official IDX FinancialStatement XLSX + publication evidence in data/fundamental/inbox/
LIFE,P0,No authoritative PIT financial statement coverage,0,,0,False,Place official IDX FinancialStatement XLSX + publication evidence in data/fundamental/inbox/
LINK,P0,No authoritative PIT financial statement coverage,0,,0,False,Place official IDX FinancialStatement XLSX + publication evidence in data/fundamental/inbox/
LION,P0,No authoritative PIT financial statement coverage,0,,0,False,Place official IDX FinancialStatement XLSX + publication evidence in data/fundamental/inbox/
LIVE,P0,No authoritative PIT financial statement coverage,0,,0,False,Place official IDX FinancialStatement XLSX + publication evidence in data/fundamental/inbox/
LMAX,P0,No authoritative PIT financial statement coverage,0,,0,False,Place official IDX FinancialStatement XLSX + publication evidence in data/fundamental/inbox/
LMPI,P0,No authoritative PIT financial statement coverage,0,,0,False,Place official IDX FinancialStatement XLSX + publication evidence in data/fundamental/inbox/
LMSH,P0,No authoritative PIT financial statement coverage,0,,0,False,Place official IDX FinancialStatement XLSX + publication evidence in data/fundamental/inbox/
LOPI,P0,No authoritative PIT financial statement coverage,0,,0,False,Place official IDX FinancialStatement XLSX + publication evidence in data/fundamental/inbox/
LPCK,P0,No authoritative PIT financial statement coverage,0,,0,False,Place official IDX FinancialStatement XLSX + publication evidence in data/fundamental/inbox/
LPGI,P0,No authoritative PIT financial statement coverage,0,,0,False,Place official IDX FinancialStatement XLSX + publication evidence in data/fundamental/inbox/
LPIN,P0,No authoritative PIT financial statement coverage,0,,0,False,Place official IDX FinancialStatement XLSX + publication evidence in data/fundamental/inbox/
LPKR,P0,No authoritative PIT financial statement coverage,0,,0,False,Place official IDX FinancialStatement XLSX + publication evidence in data/fundamental/inbox/
LPLI,P0,No authoritative PIT financial statement coverage,0,,0,False,Place official IDX FinancialStatement XLSX + publication evidence in data/fundamental/inbox/
LPPF,P0,No authoritative PIT financial statement coverage,0,,0,False,Place official IDX FinancialStatement XLSX + publication evidence in data/fundamental/inbox/
LPPS,P0,No authoritative PIT financial statement coverage,0,,0,False,Place official IDX FinancialStatement XLSX + publication evidence in data/fundamental/inbox/
LRNA,P0,No authoritative PIT financial statement coverage,0,,0,False,Place official IDX FinancialStatement XLSX + publication evidence in data/fundamental/inbox/
LSIP,P0,No authoritative PIT financial statement coverage,0,,0,False,Place official IDX FinancialStatement XLSX + publication evidence in data/fundamental/inbox/
LTLS,P0,No authoritative PIT financial statement coverage,0,,0,False,Place official IDX FinancialStatement XLSX + publication evidence in data/fundamental/inbox/
LUCK,P0,No authoritative PIT financial statement coverage,0,,0,False,Place official IDX FinancialStatement XLSX + publication evidence in data/fundamental/inbox/
LUCY,P0,No authoritative PIT financial statement coverage,0,,0,False,Place official IDX FinancialStatement XLSX + publication evidence in data/fundamental/inbox/
MAHA,P0,No authoritative PIT financial statement coverage,0,,0,False,Place official IDX FinancialStatement XLSX + publication evidence in data/fundamental/inbox/
MAIN,P0,No authoritative PIT financial statement coverage,0,,0,False,Place official IDX FinancialStatement XLSX + publication evidence in data/fundamental/inbox/
MANG,P0,No authoritative PIT financial statement coverage,0,,0,False,Place official IDX FinancialStatement XLSX + publication evidence in data/fundamental/inbox/
MAPA,P0,No authoritative PIT financial statement coverage,0,,0,False,Place official IDX FinancialStatement XLSX + publication evidence in data/fundamental/inbox/
MAPB,P0,No authoritative PIT financial statement coverage,0,,0,False,Place official IDX FinancialStatement XLSX + publication evidence in data/fundamental/inbox/
MAPI,P0,No authoritative PIT financial statement coverage,0,,0,False,Place official IDX FinancialStatement XLSX + publication evidence in data/fundamental/inbox/
MARI,P0,No authoritative PIT financial statement coverage,0,,0,False,Place official IDX FinancialStatement XLSX + publication evidence in data/fundamental/inbox/
MARK,P0,No authoritative PIT financial statement coverage,0,,0,False,Place official IDX FinancialStatement XLSX + publication evidence in data/fundamental/inbox/
MASB,P0,No authoritative PIT financial statement coverage,0,,0,False,Place official IDX FinancialStatement XLSX + publication evidence in data/fundamental/inbox/
MAXI,P0,No authoritative PIT financial statement coverage,0,,0,False,Place official IDX FinancialStatement XLSX + publication evidence in data/fundamental/inbox/
MAYA,P0,No authoritative PIT financial statement coverage,0,,0,False,Place official IDX FinancialStatement XLSX + publication evidence in data/fundamental/inbox/
MBAP,P0,No authoritative PIT financial statement coverage,0,,0,False,Place official IDX FinancialStatement XLSX + publication evidence in data/fundamental/inbox/
MBMA,P0,No authoritative PIT financial statement coverage,0,,0,False,Place official IDX FinancialStatement XLSX + publication evidence in data/fundamental/inbox/
MBSS,P0,No authoritative PIT financial statement coverage,0,,0,False,Place official IDX FinancialStatement XLSX + publication evidence in data/fundamental/inbox/
MBTO,P0,No authoritative PIT financial statement coverage,0,,0,False,Place official IDX FinancialStatement XLSX + publication evidence in data/fundamental/inbox/
MCAS,P0,No authoritative PIT financial statement coverage,0,,0,False,Place official IDX FinancialStatement XLSX + publication evidence in data/fundamental/inbox/
MCOL,P0,No authoritative PIT financial statement coverage,0,,0,False,Place official IDX FinancialStatement XLSX + publication evidence in data/fundamental/inbox/
MCOR,P0,No authoritative PIT financial statement coverage,0,,0,False,Place official IDX FinancialStatement XLSX + publication evidence in data/fundamental/inbox/
MDIA,P0,No authoritative PIT financial statement coverage,0,,0,False,Place official IDX FinancialStatement XLSX + publication evidence in data/fundamental/inbox/
MDIY,P0,No authoritative PIT financial statement coverage,0,,0,False,Place official IDX FinancialStatement XLSX + publication evidence in data/fundamental/inbox/
MDKA,P0,No authoritative PIT financial statement coverage,0,,0,False,Place official IDX FinancialStatement XLSX + publication evidence in data/fundamental/inbox/
MDKI,P0,No authoritative PIT financial statement coverage,0,,0,False,Place official IDX FinancialStatement XLSX + publication evidence in data/fundamental/inbox/
MDLA,P0,No authoritative PIT financial statement coverage,0,,0,False,Place official IDX FinancialStatement XLSX + publication evidence in data/fundamental/inbox/
MDLN,P0,No authoritative PIT financial statement coverage,0,,0,False,Place official IDX FinancialStatement XLSX + publication evidence in data/fundamental/inbox/
MDRN,P0,No authoritative PIT financial statement coverage,0,,0,False,Place official IDX FinancialStatement XLSX + publication evidence in data/fundamental/inbox/
MEDC,P0,No authoritative PIT financial statement coverage,0,,0,False,Place official IDX FinancialStatement XLSX + publication evidence in data/fundamental/inbox/
MEDS,P0,No authoritative PIT financial statement coverage,0,,0,False,Place official IDX FinancialStatement XLSX + publication evidence in data/fundamental/inbox/
MEGA,P0,No authoritative PIT financial statement coverage,0,,0,False,Place official IDX FinancialStatement XLSX + publication evidence in data/fundamental/inbox/
MEJA,P0,No authoritative PIT financial statement coverage,0,,0,False,Place official IDX FinancialStatement XLSX + publication evidence in data/fundamental/inbox/
MENN,P0,No authoritative PIT financial statement coverage,0,,0,False,Place official IDX FinancialStatement XLSX + publication evidence in data/fundamental/inbox/
MERI,P0,No authoritative PIT financial statement coverage,0,,0,False,Place official IDX FinancialStatement XLSX + publication evidence in data/fundamental/inbox/
MERK,P0,No authoritative PIT financial statement coverage,0,,0,False,Place official IDX FinancialStatement XLSX + publication evidence in data/fundamental/inbox/
MFMI,P0,No authoritative PIT financial statement coverage,0,,0,False,Place official IDX FinancialStatement XLSX + publication evidence in data/fundamental/inbox/
MGLV,P0,No authoritative PIT financial statement coverage,0,,0,False,Place official IDX FinancialStatement XLSX + publication evidence in data/fundamental/inbox/
MGNA,P0,No authoritative PIT financial statement coverage,0,,0,False,Place official IDX FinancialStatement XLSX + publication evidence in data/fundamental/inbox/
MGRO,P0,No authoritative PIT financial statement coverage,0,,0,False,Place official IDX FinancialStatement XLSX + publication evidence in data/fundamental/inbox/
MHKI,P0,No authoritative PIT financial statement coverage,0,,0,False,Place official IDX FinancialStatement XLSX + publication evidence in data/fundamental/inbox/
MICE,P0,No authoritative PIT financial statement coverage,0,,0,False,Place official IDX FinancialStatement XLSX + publication evidence in data/fundamental/inbox/
MIDI,P0,No authoritative PIT financial statement coverage,0,,0,False,Place official IDX FinancialStatement XLSX + publication evidence in data/fundamental/inbox/
MIKA,P0,No authoritative PIT financial statement coverage,0,,0,False,Place official IDX FinancialStatement XLSX + publication evidence in data/fundamental/inbox/
MINA,P0,No authoritative PIT financial statement coverage,0,,0,False,Place official IDX FinancialStatement XLSX + publication evidence in data/fundamental/inbox/
MINE,P0,No authoritative PIT financial statement coverage,0,,0,False,Place official IDX FinancialStatement XLSX + publication evidence in data/fundamental/inbox/
MIRA,P0,No authoritative PIT financial statement coverage,0,,0,False,Place official IDX FinancialStatement XLSX + publication evidence in data/fundamental/inbox/
MITI,P0,No authoritative PIT financial statement coverage,0,,0,False,Place official IDX FinancialStatement XLSX + publication evidence in data/fundamental/inbox/
MKAP,P0,No authoritative PIT financial statement coverage,0,,0,False,Place official IDX FinancialStatement XLSX + publication evidence in data/fundamental/inbox/
MKNT,P0,No authoritative PIT financial statement coverage,0,,0,False,Place official IDX FinancialStatement XLSX + publication evidence in data/fundamental/inbox/
MKPI,P0,No authoritative PIT financial statement coverage,0,,0,False,Place official IDX FinancialStatement XLSX + publication evidence in data/fundamental/inbox/
MKTR,P0,No authoritative PIT financial statement coverage,0,,0,False,Place official IDX FinancialStatement XLSX + publication evidence in data/fundamental/inbox/
MLBI,P0,No authoritative PIT financial statement coverage,0,,0,False,Place official IDX FinancialStatement XLSX + publication evidence in data/fundamental/inbox/
MLIA,P0,No authoritative PIT financial statement coverage,0,,0,False,Place official IDX FinancialStatement XLSX + publication evidence in data/fundamental/inbox/
MLPL,P0,No authoritative PIT financial statement coverage,0,,0,False,Place official IDX FinancialStatement XLSX + publication evidence in data/fundamental/inbox/
MLPT,P0,No authoritative PIT financial statement coverage,0,,0,False,Place official IDX FinancialStatement XLSX + publication evidence in data/fundamental/inbox/
MMIX,P0,No authoritative PIT financial statement coverage,0,,0,False,Place official IDX FinancialStatement XLSX + publication evidence in data/fundamental/inbox/
MMLP,P0,No authoritative PIT financial statement coverage,0,,0,False,Place official IDX FinancialStatement XLSX + publication evidence in data/fundamental/inbox/
MNCN,P0,No authoritative PIT financial statement coverage,0,,0,False,Place official IDX FinancialStatement XLSX + publication evidence in data/fundamental/inbox/
MOLI,P0,No authoritative PIT financial statement coverage,0,,0,False,Place official IDX FinancialStatement XLSX + publication evidence in data/fundamental/inbox/
MORA,P0,No authoritative PIT financial statement coverage,0,,0,False,Place official IDX FinancialStatement XLSX + publication evidence in data/fundamental/inbox/
MPMX,P0,No authoritative PIT financial statement coverage,0,,0,False,Place official IDX FinancialStatement XLSX + publication evidence in data/fundamental/inbox/
MPOW,P0,No authoritative PIT financial statement coverage,0,,0,False,Place official IDX FinancialStatement XLSX + publication evidence in data/fundamental/inbox/
MPPA,P0,No authoritative PIT financial statement coverage,0,,0,False,Place official IDX FinancialStatement XLSX + publication evidence in data/fundamental/inbox/
MPRO,P0,No authoritative PIT financial statement coverage,0,,0,False,Place official IDX FinancialStatement XLSX + publication evidence in data/fundamental/inbox/
MPXL,P0,No authoritative PIT financial statement coverage,0,,0,False,Place official IDX FinancialStatement XLSX + publication evidence in data/fundamental/inbox/
MRAT,P0,No authoritative PIT financial statement coverage,0,,0,False,Place official IDX FinancialStatement XLSX + publication evidence in data/fundamental/inbox/
MREI,P0,No authoritative PIT financial statement coverage,0,,0,False,Place official IDX FinancialStatement XLSX + publication evidence in data/fundamental/inbox/
MSIE,P0,No authoritative PIT financial statement coverage,0,,0,False,Place official IDX FinancialStatement XLSX + publication evidence in data/fundamental/inbox/
MSIN,P0,No authoritative PIT financial statement coverage,0,,0,False,Place official IDX FinancialStatement XLSX + publication evidence in data/fundamental/inbox/
MSJA,P0,No authoritative PIT financial statement coverage,0,,0,False,Place official IDX FinancialStatement XLSX + publication evidence in data/fundamental/inbox/
MSKY,P0,No authoritative PIT financial statement coverage,0,,0,False,Place official IDX FinancialStatement XLSX + publication evidence in data/fundamental/inbox/
MSTI,P0,No authoritative PIT financial statement coverage,0,,0,False,Place official IDX FinancialStatement XLSX + publication evidence in data/fundamental/inbox/
MTDL,P0,No authoritative PIT financial statement coverage,0,,0,False,Place official IDX FinancialStatement XLSX + publication evidence in data/fundamental/inbox/
MTEL,P0,No authoritative PIT financial statement coverage,0,,0,False,Place official IDX FinancialStatement XLSX + publication evidence in data/fundamental/inbox/
MTFN,P0,No authoritative PIT financial statement coverage,0,,0,False,Place official IDX FinancialStatement XLSX + publication evidence in data/fundamental/inbox/
MTLA,P0,No authoritative PIT financial statement coverage,0,,0,False,Place official IDX FinancialStatement XLSX + publication evidence in data/fundamental/inbox/
MTMH,P0,No authoritative PIT financial statement coverage,0,,0,False,Place official IDX FinancialStatement XLSX + publication evidence in data/fundamental/inbox/
MTPS,P0,No authoritative PIT financial statement coverage,0,,0,False,Place official IDX FinancialStatement XLSX + publication evidence in data/fundamental/inbox/
MTSM,P0,No authoritative PIT financial statement coverage,0,,0,False,Place official IDX FinancialStatement XLSX + publication evidence in data/fundamental/inbox/
MTWI,P0,No authoritative PIT financial statement coverage,0,,0,False,Place official IDX FinancialStatement XLSX + publication evidence in data/fundamental/inbox/
MUTU,P0,No authoritative PIT financial statement coverage,0,,0,False,Place official IDX FinancialStatement XLSX + publication evidence in data/fundamental/inbox/
MYOH,P0,No authoritative PIT financial statement coverage,0,,0,False,Place official IDX FinancialStatement XLSX + publication evidence in data/fundamental/inbox/
MYOR,P0,No authoritative PIT financial statement coverage,0,,0,False,Place official IDX FinancialStatement XLSX + publication evidence in data/fundamental/inbox/
MYTX,P0,No authoritative PIT financial statement coverage,0,,0,False,Place official IDX FinancialStatement XLSX + publication evidence in data/fundamental/inbox/
NAIK,P0,No authoritative PIT financial statement coverage,0,,0,False,Place official IDX FinancialStatement XLSX + publication evidence in data/fundamental/inbox/
NANO,P0,No authoritative PIT financial statement coverage,0,,0,False,Place official IDX FinancialStatement XLSX + publication evidence in data/fundamental/inbox/
NASA,P0,No authoritative PIT financial statement coverage,0,,0,False,Place official IDX FinancialStatement XLSX + publication evidence in data/fundamental/inbox/
NASI,P0,No authoritative PIT financial statement coverage,0,,0,False,Place official IDX FinancialStatement XLSX + publication evidence in data/fundamental/inbox/
NATO,P0,No authoritative PIT financial statement coverage,0,,0,False,Place official IDX FinancialStatement XLSX + publication evidence in data/fundamental/inbox/
NAYZ,P0,No authoritative PIT financial statement coverage,0,,0,False,Place official IDX FinancialStatement XLSX + publication evidence in data/fundamental/inbox/
NCKL,P0,No authoritative PIT financial statement coverage,0,,0,False,Place official IDX FinancialStatement XLSX + publication evidence in data/fundamental/inbox/
NELY,P0,No authoritative PIT financial statement coverage,0,,0,False,Place official IDX FinancialStatement XLSX + publication evidence in data/fundamental/inbox/
NEST,P0,No authoritative PIT financial statement coverage,0,,0,False,Place official IDX FinancialStatement XLSX + publication evidence in data/fundamental/inbox/
NETV,P0,No authoritative PIT financial statement coverage,0,,0,False,Place official IDX FinancialStatement XLSX + publication evidence in data/fundamental/inbox/
NFCX,P0,No authoritative PIT financial statement coverage,0,,0,False,Place official IDX FinancialStatement XLSX + publication evidence in data/fundamental/inbox/
NICE,P0,No authoritative PIT financial statement coverage,0,,0,False,Place official IDX FinancialStatement XLSX + publication evidence in data/fundamental/inbox/
NICK,P0,No authoritative PIT financial statement coverage,0,,0,False,Place official IDX FinancialStatement XLSX + publication evidence in data/fundamental/inbox/
NICL,P0,No authoritative PIT financial statement coverage,0,,0,False,Place official IDX FinancialStatement XLSX + publication evidence in data/fundamental/inbox/
NIKL,P0,No authoritative PIT financial statement coverage,0,,0,False,Place official IDX FinancialStatement XLSX + publication evidence in data/fundamental/inbox/
NINE,P0,No authoritative PIT financial statement coverage,0,,0,False,Place official IDX FinancialStatement XLSX + publication evidence in data/fundamental/inbox/
NIRO,P0,No authoritative PIT financial statement coverage,0,,0,False,Place official IDX FinancialStatement XLSX + publication evidence in data/fundamental/inbox/
NISP,P0,No authoritative PIT financial statement coverage,0,,0,False,Place official IDX FinancialStatement XLSX + publication evidence in data/fundamental/inbox/
NOBU,P0,No authoritative PIT financial statement coverage,0,,0,False,Place official IDX FinancialStatement XLSX + publication evidence in data/fundamental/inbox/
NPGF,P0,No authoritative PIT financial statement coverage,0,,0,False,Place official IDX FinancialStatement XLSX + publication evidence in data/fundamental/inbox/
NRCA,P0,No authoritative PIT financial statement coverage,0,,0,False,Place official IDX FinancialStatement XLSX + publication evidence in data/fundamental/inbox/
NSSS,P0,No authoritative PIT financial statement coverage,0,,0,False,Place official IDX FinancialStatement XLSX + publication evidence in data/fundamental/inbox/
NTBK,P0,No authoritative PIT financial statement coverage,0,,0,False,Place official IDX FinancialStatement XLSX + publication evidence in data/fundamental/inbox/
NZIA,P0,No authoritative PIT financial statement coverage,0,,0,False,Place official IDX FinancialStatement XLSX + publication evidence in data/fundamental/inbox/
OASA,P0,No authoritative PIT financial statement coverage,0,,0,False,Place official IDX FinancialStatement XLSX + publication evidence in data/fundamental/inbox/
OBAT,P0,No authoritative PIT financial statement coverage,0,,0,False,Place official IDX FinancialStatement XLSX + publication evidence in data/fundamental/inbox/
OBMD,P0,No authoritative PIT financial statement coverage,0,,0,False,Place official IDX FinancialStatement XLSX + publication evidence in data/fundamental/inbox/
OILS,P0,No authoritative PIT financial statement coverage,0,,0,False,Place official IDX FinancialStatement XLSX + publication evidence in data/fundamental/inbox/
OKAS,P0,No authoritative PIT financial statement coverage,0,,0,False,Place official IDX FinancialStatement XLSX + publication evidence in data/fundamental/inbox/
OLIV,P0,No authoritative PIT financial statement coverage,0,,0,False,Place official IDX FinancialStatement XLSX + publication evidence in data/fundamental/inbox/
OMED,P0,No authoritative PIT financial statement coverage,0,,0,False,Place official IDX FinancialStatement XLSX + publication evidence in data/fundamental/inbox/
OMRE,P0,No authoritative PIT financial statement coverage,0,,0,False,Place official IDX FinancialStatement XLSX + publication evidence in data/fundamental/inbox/
OPMS,P0,No authoritative PIT financial statement coverage,0,,0,False,Place official IDX FinancialStatement XLSX + publication evidence in data/fundamental/inbox/
PACK,P0,No authoritative PIT financial statement coverage,0,,0,False,Place official IDX FinancialStatement XLSX + publication evidence in data/fundamental/inbox/
PADA,P0,No authoritative PIT financial statement coverage,0,,0,False,Place official IDX FinancialStatement XLSX + publication evidence in data/fundamental/inbox/
PADI,P0,No authoritative PIT financial statement coverage,0,,0,False,Place official IDX FinancialStatement XLSX + publication evidence in data/fundamental/inbox/
PALM,P0,No authoritative PIT financial statement coverage,0,,0,False,Place official IDX FinancialStatement XLSX + publication evidence in data/fundamental/inbox/
PAMG,P0,No authoritative PIT financial statement coverage,0,,0,False,Place official IDX FinancialStatement XLSX + publication evidence in data/fundamental/inbox/
PANI,P0,No authoritative PIT financial statement coverage,0,,0,False,Place official IDX FinancialStatement XLSX + publication evidence in data/fundamental/inbox/
PANR,P0,No authoritative PIT financial statement coverage,0,,0,False,Place official IDX FinancialStatement XLSX + publication evidence in data/fundamental/inbox/
PANS,P0,No authoritative PIT financial statement coverage,0,,0,False,Place official IDX FinancialStatement XLSX + publication evidence in data/fundamental/inbox/
PART,P0,No authoritative PIT financial statement coverage,0,,0,False,Place official IDX FinancialStatement XLSX + publication evidence in data/fundamental/inbox/
PBID,P0,No authoritative PIT financial statement coverage,0,,0,False,Place official IDX FinancialStatement XLSX + publication evidence in data/fundamental/inbox/
PBRX,P0,No authoritative PIT financial statement coverage,0,,0,False,Place official IDX FinancialStatement XLSX + publication evidence in data/fundamental/inbox/
PBSA,P0,No authoritative PIT financial statement coverage,0,,0,False,Place official IDX FinancialStatement XLSX + publication evidence in data/fundamental/inbox/
PCAR,P0,No authoritative PIT financial statement coverage,0,,0,False,Place official IDX FinancialStatement XLSX + publication evidence in data/fundamental/inbox/
PDES,P0,No authoritative PIT financial statement coverage,0,,0,False,Place official IDX FinancialStatement XLSX + publication evidence in data/fundamental/inbox/
PDPP,P0,No authoritative PIT financial statement coverage,0,,0,False,Place official IDX FinancialStatement XLSX + publication evidence in data/fundamental/inbox/
PEGE,P0,No authoritative PIT financial statement coverage,0,,0,False,Place official IDX FinancialStatement XLSX + publication evidence in data/fundamental/inbox/
PEHA,P0,No authoritative PIT financial statement coverage,0,,0,False,Place official IDX FinancialStatement XLSX + publication evidence in data/fundamental/inbox/
PEVE,P0,No authoritative PIT financial statement coverage,0,,0,False,Place official IDX FinancialStatement XLSX + publication evidence in data/fundamental/inbox/
PGAS,P0,No authoritative PIT financial statement coverage,0,,0,False,Place official IDX FinancialStatement XLSX + publication evidence in data/fundamental/inbox/
PGEO,P0,No authoritative PIT financial statement coverage,0,,0,False,Place official IDX FinancialStatement XLSX + publication evidence in data/fundamental/inbox/
PGJO,P0,No authoritative PIT financial statement coverage,0,,0,False,Place official IDX FinancialStatement XLSX + publication evidence in data/fundamental/inbox/
PGLI,P0,No authoritative PIT financial statement coverage,0,,0,False,Place official IDX FinancialStatement XLSX + publication evidence in data/fundamental/inbox/
PGUN,P0,No authoritative PIT financial statement coverage,0,,0,False,Place official IDX FinancialStatement XLSX + publication evidence in data/fundamental/inbox/
PICO,P0,No authoritative PIT financial statement coverage,0,,0,False,Place official IDX FinancialStatement XLSX + publication evidence in data/fundamental/inbox/
PIPA,P0,No authoritative PIT financial statement coverage,0,,0,False,Place official IDX FinancialStatement XLSX + publication evidence in data/fundamental/inbox/
PJAA,P0,No authoritative PIT financial statement coverage,0,,0,False,Place official IDX FinancialStatement XLSX + publication evidence in data/fundamental/inbox/
PJHB,P0,No authoritative PIT financial statement coverage,0,,0,False,Place official IDX FinancialStatement XLSX + publication evidence in data/fundamental/inbox/
PKPK,P0,No authoritative PIT financial statement coverage,0,,0,False,Place official IDX FinancialStatement XLSX + publication evidence in data/fundamental/inbox/
PLAN,P0,No authoritative PIT financial statement coverage,0,,0,False,Place official IDX FinancialStatement XLSX + publication evidence in data/fundamental/inbox/
PLIN,P0,No authoritative PIT financial statement coverage,0,,0,False,Place official IDX FinancialStatement XLSX + publication evidence in data/fundamental/inbox/
PMJS,P0,No authoritative PIT financial statement coverage,0,,0,False,Place official IDX FinancialStatement XLSX + publication evidence in data/fundamental/inbox/
PMMP,P0,No authoritative PIT financial statement coverage,0,,0,False,Place official IDX FinancialStatement XLSX + publication evidence in data/fundamental/inbox/
PMUI,P0,No authoritative PIT financial statement coverage,0,,0,False,Place official IDX FinancialStatement XLSX + publication evidence in data/fundamental/inbox/
PNBN,P0,No authoritative PIT financial statement coverage,0,,0,False,Place official IDX FinancialStatement XLSX + publication evidence in data/fundamental/inbox/
PNBS,P0,No authoritative PIT financial statement coverage,0,,0,False,Place official IDX FinancialStatement XLSX + publication evidence in data/fundamental/inbox/
PNGO,P0,No authoritative PIT financial statement coverage,0,,0,False,Place official IDX FinancialStatement XLSX + publication evidence in data/fundamental/inbox/
PNIN,P0,No authoritative PIT financial statement coverage,0,,0,False,Place official IDX FinancialStatement XLSX + publication evidence in data/fundamental/inbox/
PNLF,P0,No authoritative PIT financial statement coverage,0,,0,False,Place official IDX FinancialStatement XLSX + publication evidence in data/fundamental/inbox/
PNSE,P0,No authoritative PIT financial statement coverage,0,,0,False,Place official IDX FinancialStatement XLSX + publication evidence in data/fundamental/inbox/
POLA,P0,No authoritative PIT financial statement coverage,0,,0,False,Place official IDX FinancialStatement XLSX + publication evidence in data/fundamental/inbox/
POLI,P0,No authoritative PIT financial statement coverage,0,,0,False,Place official IDX FinancialStatement XLSX + publication evidence in data/fundamental/inbox/
POLL,P0,No authoritative PIT financial statement coverage,0,,0,False,Place official IDX FinancialStatement XLSX + publication evidence in data/fundamental/inbox/
POLU,P0,No authoritative PIT financial statement coverage,0,,0,False,Place official IDX FinancialStatement XLSX + publication evidence in data/fundamental/inbox/
POLY,P0,No authoritative PIT financial statement coverage,0,,0,False,Place official IDX FinancialStatement XLSX + publication evidence in data/fundamental/inbox/
PORT,P0,No authoritative PIT financial statement coverage,0,,0,False,Place official IDX FinancialStatement XLSX + publication evidence in data/fundamental/inbox/
POWR,P0,No authoritative PIT financial statement coverage,0,,0,False,Place official IDX FinancialStatement XLSX + publication evidence in data/fundamental/inbox/
PPGL,P0,No authoritative PIT financial statement coverage,0,,0,False,Place official IDX FinancialStatement XLSX + publication evidence in data/fundamental/inbox/
PPRE,P0,No authoritative PIT financial statement coverage,0,,0,False,Place official IDX FinancialStatement XLSX + publication evidence in data/fundamental/inbox/
PPRI,P0,No authoritative PIT financial statement coverage,0,,0,False,Place official IDX FinancialStatement XLSX + publication evidence in data/fundamental/inbox/
PPRO,P0,No authoritative PIT financial statement coverage,0,,0,False,Place official IDX FinancialStatement XLSX + publication evidence in data/fundamental/inbox/
PRAY,P0,No authoritative PIT financial statement coverage,0,,0,False,Place official IDX FinancialStatement XLSX + publication evidence in data/fundamental/inbox/
PRDA,P0,No authoritative PIT financial statement coverage,0,,0,False,Place official IDX FinancialStatement XLSX + publication evidence in data/fundamental/inbox/
PRIM,P0,No authoritative PIT financial statement coverage,0,,0,False,Place official IDX FinancialStatement XLSX + publication evidence in data/fundamental/inbox/
PSAB,P0,No authoritative PIT financial statement coverage,0,,0,False,Place official IDX FinancialStatement XLSX + publication evidence in data/fundamental/inbox/
PSAT,P0,No authoritative PIT financial statement coverage,0,,0,False,Place official IDX FinancialStatement XLSX + publication evidence in data/fundamental/inbox/
PSDN,P0,No authoritative PIT financial statement coverage,0,,0,False,Place official IDX FinancialStatement XLSX + publication evidence in data/fundamental/inbox/
PSGO,P0,No authoritative PIT financial statement coverage,0,,0,False,Place official IDX FinancialStatement XLSX + publication evidence in data/fundamental/inbox/
PSKT,P0,No authoritative PIT financial statement coverage,0,,0,False,Place official IDX FinancialStatement XLSX + publication evidence in data/fundamental/inbox/
PSSI,P0,No authoritative PIT financial statement coverage,0,,0,False,Place official IDX FinancialStatement XLSX + publication evidence in data/fundamental/inbox/
PTBA,P0,No authoritative PIT financial statement coverage,0,,0,False,Place official IDX FinancialStatement XLSX + publication evidence in data/fundamental/inbox/
PTDU,P0,No authoritative PIT financial statement coverage,0,,0,False,Place official IDX FinancialStatement XLSX + publication evidence in data/fundamental/inbox/
PTIS,P0,No authoritative PIT financial statement coverage,0,,0,False,Place official IDX FinancialStatement XLSX + publication evidence in data/fundamental/inbox/
PTMP,P0,No authoritative PIT financial statement coverage,0,,0,False,Place official IDX FinancialStatement XLSX + publication evidence in data/fundamental/inbox/
PTMR,P0,No authoritative PIT financial statement coverage,0,,0,False,Place official IDX FinancialStatement XLSX + publication evidence in data/fundamental/inbox/
PTPP,P0,No authoritative PIT financial statement coverage,0,,0,False,Place official IDX FinancialStatement XLSX + publication evidence in data/fundamental/inbox/
PTPS,P0,No authoritative PIT financial statement coverage,0,,0,False,Place official IDX FinancialStatement XLSX + publication evidence in data/fundamental/inbox/
PTPW,P0,No authoritative PIT financial statement coverage,0,,0,False,Place official IDX FinancialStatement XLSX + publication evidence in data/fundamental/inbox/
PTRO,P0,No authoritative PIT financial statement coverage,0,,0,False,Place official IDX FinancialStatement XLSX + publication evidence in data/fundamental/inbox/
PTSN,P0,No authoritative PIT financial statement coverage,0,,0,False,Place official IDX FinancialStatement XLSX + publication evidence in data/fundamental/inbox/
PTSP,P0,No authoritative PIT financial statement coverage,0,,0,False,Place official IDX FinancialStatement XLSX + publication evidence in data/fundamental/inbox/
PUDP,P0,No authoritative PIT financial statement coverage,0,,0,False,Place official IDX FinancialStatement XLSX + publication evidence in data/fundamental/inbox/
PURA,P0,No authoritative PIT financial statement coverage,0,,0,False,Place official IDX FinancialStatement XLSX + publication evidence in data/fundamental/inbox/
PURI,P0,No authoritative PIT financial statement coverage,0,,0,False,Place official IDX FinancialStatement XLSX + publication evidence in data/fundamental/inbox/
PWON,P0,No authoritative PIT financial statement coverage,0,,0,False,Place official IDX FinancialStatement XLSX + publication evidence in data/fundamental/inbox/
PYFA,P0,No authoritative PIT financial statement coverage,0,,0,False,Place official IDX FinancialStatement XLSX + publication evidence in data/fundamental/inbox/
PZZA,P0,No authoritative PIT financial statement coverage,0,,0,False,Place official IDX FinancialStatement XLSX + publication evidence in data/fundamental/inbox/
RAAM,P0,No authoritative PIT financial statement coverage,0,,0,False,Place official IDX FinancialStatement XLSX + publication evidence in data/fundamental/inbox/
RAFI,P0,No authoritative PIT financial statement coverage,0,,0,False,Place official IDX FinancialStatement XLSX + publication evidence in data/fundamental/inbox/
RAJA,P0,No authoritative PIT financial statement coverage,0,,0,False,Place official IDX FinancialStatement XLSX + publication evidence in data/fundamental/inbox/
RALS,P0,No authoritative PIT financial statement coverage,0,,0,False,Place official IDX FinancialStatement XLSX + publication evidence in data/fundamental/inbox/
RANC,P0,No authoritative PIT financial statement coverage,0,,0,False,Place official IDX FinancialStatement XLSX + publication evidence in data/fundamental/inbox/
RATU,P0,No authoritative PIT financial statement coverage,0,,0,False,Place official IDX FinancialStatement XLSX + publication evidence in data/fundamental/inbox/
RBMS,P0,No authoritative PIT financial statement coverage,0,,0,False,Place official IDX FinancialStatement XLSX + publication evidence in data/fundamental/inbox/
RCCC,P0,No authoritative PIT financial statement coverage,0,,0,False,Place official IDX FinancialStatement XLSX + publication evidence in data/fundamental/inbox/
RDTX,P0,No authoritative PIT financial statement coverage,0,,0,False,Place official IDX FinancialStatement XLSX + publication evidence in data/fundamental/inbox/
REAL,P0,No authoritative PIT financial statement coverage,0,,0,False,Place official IDX FinancialStatement XLSX + publication evidence in data/fundamental/inbox/
RELF,P0,No authoritative PIT financial statement coverage,0,,0,False,Place official IDX FinancialStatement XLSX + publication evidence in data/fundamental/inbox/
RELI,P0,No authoritative PIT financial statement coverage,0,,0,False,Place official IDX FinancialStatement XLSX + publication evidence in data/fundamental/inbox/
RGAS,P0,No authoritative PIT financial statement coverage,0,,0,False,Place official IDX FinancialStatement XLSX + publication evidence in data/fundamental/inbox/
RICY,P0,No authoritative PIT financial statement coverage,0,,0,False,Place official IDX FinancialStatement XLSX + publication evidence in data/fundamental/inbox/
RIGS,P0,No authoritative PIT financial statement coverage,0,,0,False,Place official IDX FinancialStatement XLSX + publication evidence in data/fundamental/inbox/
RISE,P0,No authoritative PIT financial statement coverage,0,,0,False,Place official IDX FinancialStatement XLSX + publication evidence in data/fundamental/inbox/
RLCO,P0,No authoritative PIT financial statement coverage,0,,0,False,Place official IDX FinancialStatement XLSX + publication evidence in data/fundamental/inbox/
RMKE,P0,No authoritative PIT financial statement coverage,0,,0,False,Place official IDX FinancialStatement XLSX + publication evidence in data/fundamental/inbox/
RMKO,P0,No authoritative PIT financial statement coverage,0,,0,False,Place official IDX FinancialStatement XLSX + publication evidence in data/fundamental/inbox/
ROCK,P0,No authoritative PIT financial statement coverage,0,,0,False,Place official IDX FinancialStatement XLSX + publication evidence in data/fundamental/inbox/
RODA,P0,No authoritative PIT financial statement coverage,0,,0,False,Place official IDX FinancialStatement XLSX + publication evidence in data/fundamental/inbox/
RONY,P0,No authoritative PIT financial statement coverage,0,,0,False,Place official IDX FinancialStatement XLSX + publication evidence in data/fundamental/inbox/
ROTI,P0,No authoritative PIT financial statement coverage,0,,0,False,Place official IDX FinancialStatement XLSX + publication evidence in data/fundamental/inbox/
RSCH,P0,No authoritative PIT financial statement coverage,0,,0,False,Place official IDX FinancialStatement XLSX + publication evidence in data/fundamental/inbox/
RSGK,P0,No authoritative PIT financial statement coverage,0,,0,False,Place official IDX FinancialStatement XLSX + publication evidence in data/fundamental/inbox/
RUIS,P0,No authoritative PIT financial statement coverage,0,,0,False,Place official IDX FinancialStatement XLSX + publication evidence in data/fundamental/inbox/
RUNS,P0,No authoritative PIT financial statement coverage,0,,0,False,Place official IDX FinancialStatement XLSX + publication evidence in data/fundamental/inbox/
SAFE,P0,No authoritative PIT financial statement coverage,0,,0,False,Place official IDX FinancialStatement XLSX + publication evidence in data/fundamental/inbox/
SAGE,P0,No authoritative PIT financial statement coverage,0,,0,False,Place official IDX FinancialStatement XLSX + publication evidence in data/fundamental/inbox/
SAME,P0,No authoritative PIT financial statement coverage,0,,0,False,Place official IDX FinancialStatement XLSX + publication evidence in data/fundamental/inbox/
SAMF,P0,No authoritative PIT financial statement coverage,0,,0,False,Place official IDX FinancialStatement XLSX + publication evidence in data/fundamental/inbox/
SAPX,P0,No authoritative PIT financial statement coverage,0,,0,False,Place official IDX FinancialStatement XLSX + publication evidence in data/fundamental/inbox/
SATU,P0,No authoritative PIT financial statement coverage,0,,0,False,Place official IDX FinancialStatement XLSX + publication evidence in data/fundamental/inbox/
SBAT,P0,No authoritative PIT financial statement coverage,0,,0,False,Place official IDX FinancialStatement XLSX + publication evidence in data/fundamental/inbox/
SBMA,P0,No authoritative PIT financial statement coverage,0,,0,False,Place official IDX FinancialStatement XLSX + publication evidence in data/fundamental/inbox/
SCCO,P0,No authoritative PIT financial statement coverage,0,,0,False,Place official IDX FinancialStatement XLSX + publication evidence in data/fundamental/inbox/
SCMA,P0,No authoritative PIT financial statement coverage,0,,0,False,Place official IDX FinancialStatement XLSX + publication evidence in data/fundamental/inbox/
SCNP,P0,No authoritative PIT financial statement coverage,0,,0,False,Place official IDX FinancialStatement XLSX + publication evidence in data/fundamental/inbox/
SDMU,P0,No authoritative PIT financial statement coverage,0,,0,False,Place official IDX FinancialStatement XLSX + publication evidence in data/fundamental/inbox/
SDPC,P0,No authoritative PIT financial statement coverage,0,,0,False,Place official IDX FinancialStatement XLSX + publication evidence in data/fundamental/inbox/
SDRA,P0,No authoritative PIT financial statement coverage,0,,0,False,Place official IDX FinancialStatement XLSX + publication evidence in data/fundamental/inbox/
SEMA,P0,No authoritative PIT financial statement coverage,0,,0,False,Place official IDX FinancialStatement XLSX + publication evidence in data/fundamental/inbox/
SFAN,P0,No authoritative PIT financial statement coverage,0,,0,False,Place official IDX FinancialStatement XLSX + publication evidence in data/fundamental/inbox/
SGER,P0,No authoritative PIT financial statement coverage,0,,0,False,Place official IDX FinancialStatement XLSX + publication evidence in data/fundamental/inbox/
SGRO,P0,No authoritative PIT financial statement coverage,0,,0,False,Place official IDX FinancialStatement XLSX + publication evidence in data/fundamental/inbox/
SHID,P0,No authoritative PIT financial statement coverage,0,,0,False,Place official IDX FinancialStatement XLSX + publication evidence in data/fundamental/inbox/
SHIP,P0,No authoritative PIT financial statement coverage,0,,0,False,Place official IDX FinancialStatement XLSX + publication evidence in data/fundamental/inbox/
SICO,P0,No authoritative PIT financial statement coverage,0,,0,False,Place official IDX FinancialStatement XLSX + publication evidence in data/fundamental/inbox/
SIDO,P0,No authoritative PIT financial statement coverage,0,,0,False,Place official IDX FinancialStatement XLSX + publication evidence in data/fundamental/inbox/
SILO,P0,No authoritative PIT financial statement coverage,0,,0,False,Place official IDX FinancialStatement XLSX + publication evidence in data/fundamental/inbox/
SIMP,P0,No authoritative PIT financial statement coverage,0,,0,False,Place official IDX FinancialStatement XLSX + publication evidence in data/fundamental/inbox/
SINI,P0,No authoritative PIT financial statement coverage,0,,0,False,Place official IDX FinancialStatement XLSX + publication evidence in data/fundamental/inbox/
SIPD,P0,No authoritative PIT financial statement coverage,0,,0,False,Place official IDX FinancialStatement XLSX + publication evidence in data/fundamental/inbox/
SKBM,P0,No authoritative PIT financial statement coverage,0,,0,False,Place official IDX FinancialStatement XLSX + publication evidence in data/fundamental/inbox/
SKLT,P0,No authoritative PIT financial statement coverage,0,,0,False,Place official IDX FinancialStatement XLSX + publication evidence in data/fundamental/inbox/
SKRN,P0,No authoritative PIT financial statement coverage,0,,0,False,Place official IDX FinancialStatement XLSX + publication evidence in data/fundamental/inbox/
SLIS,P0,No authoritative PIT financial statement coverage,0,,0,False,Place official IDX FinancialStatement XLSX + publication evidence in data/fundamental/inbox/
SMAR,P0,No authoritative PIT financial statement coverage,0,,0,False,Place official IDX FinancialStatement XLSX + publication evidence in data/fundamental/inbox/
SMBR,P0,No authoritative PIT financial statement coverage,0,,0,False,Place official IDX FinancialStatement XLSX + publication evidence in data/fundamental/inbox/
SMCB,P0,No authoritative PIT financial statement coverage,0,,0,False,Place official IDX FinancialStatement XLSX + publication evidence in data/fundamental/inbox/
SMDM,P0,No authoritative PIT financial statement coverage,0,,0,False,Place official IDX FinancialStatement XLSX + publication evidence in data/fundamental/inbox/
SMDR,P0,No authoritative PIT financial statement coverage,0,,0,False,Place official IDX FinancialStatement XLSX + publication evidence in data/fundamental/inbox/
SMGA,P0,No authoritative PIT financial statement coverage,0,,0,False,Place official IDX FinancialStatement XLSX + publication evidence in data/fundamental/inbox/
SMGR,P0,No authoritative PIT financial statement coverage,0,,0,False,Place official IDX FinancialStatement XLSX + publication evidence in data/fundamental/inbox/
SMIL,P0,No authoritative PIT financial statement coverage,0,,0,False,Place official IDX FinancialStatement XLSX + publication evidence in data/fundamental/inbox/
SMKL,P0,No authoritative PIT financial statement coverage,0,,0,False,Place official IDX FinancialStatement XLSX + publication evidence in data/fundamental/inbox/
SMKM,P0,No authoritative PIT financial statement coverage,0,,0,False,Place official IDX FinancialStatement XLSX + publication evidence in data/fundamental/inbox/
SMLE,P0,No authoritative PIT financial statement coverage,0,,0,False,Place official IDX FinancialStatement XLSX + publication evidence in data/fundamental/inbox/
SMMA,P0,No authoritative PIT financial statement coverage,0,,0,False,Place official IDX FinancialStatement XLSX + publication evidence in data/fundamental/inbox/
SMMT,P0,No authoritative PIT financial statement coverage,0,,0,False,Place official IDX FinancialStatement XLSX + publication evidence in data/fundamental/inbox/
SMRA,P0,No authoritative PIT financial statement coverage,0,,0,False,Place official IDX FinancialStatement XLSX + publication evidence in data/fundamental/inbox/
SMSM,P0,No authoritative PIT financial statement coverage,0,,0,False,Place official IDX FinancialStatement XLSX + publication evidence in data/fundamental/inbox/
SNLK,P0,No authoritative PIT financial statement coverage,0,,0,False,Place official IDX FinancialStatement XLSX + publication evidence in data/fundamental/inbox/
SOCI,P0,No authoritative PIT financial statement coverage,0,,0,False,Place official IDX FinancialStatement XLSX + publication evidence in data/fundamental/inbox/
SOFA,P0,No authoritative PIT financial statement coverage,0,,0,False,Place official IDX FinancialStatement XLSX + publication evidence in data/fundamental/inbox/
SOHO,P0,No authoritative PIT financial statement coverage,0,,0,False,Place official IDX FinancialStatement XLSX + publication evidence in data/fundamental/inbox/
SOLA,P0,No authoritative PIT financial statement coverage,0,,0,False,Place official IDX FinancialStatement XLSX + publication evidence in data/fundamental/inbox/
SONA,P0,No authoritative PIT financial statement coverage,0,,0,False,Place official IDX FinancialStatement XLSX + publication evidence in data/fundamental/inbox/
SOSS,P0,No authoritative PIT financial statement coverage,0,,0,False,Place official IDX FinancialStatement XLSX + publication evidence in data/fundamental/inbox/
SOTS,P0,No authoritative PIT financial statement coverage,0,,0,False,Place official IDX FinancialStatement XLSX + publication evidence in data/fundamental/inbox/
SOUL,P0,No authoritative PIT financial statement coverage,0,,0,False,Place official IDX FinancialStatement XLSX + publication evidence in data/fundamental/inbox/
SPMA,P0,No authoritative PIT financial statement coverage,0,,0,False,Place official IDX FinancialStatement XLSX + publication evidence in data/fundamental/inbox/
SPRE,P0,No authoritative PIT financial statement coverage,0,,0,False,Place official IDX FinancialStatement XLSX + publication evidence in data/fundamental/inbox/
SPTO,P0,No authoritative PIT financial statement coverage,0,,0,False,Place official IDX FinancialStatement XLSX + publication evidence in data/fundamental/inbox/
SQMI,P0,No authoritative PIT financial statement coverage,0,,0,False,Place official IDX FinancialStatement XLSX + publication evidence in data/fundamental/inbox/
SRAJ,P0,No authoritative PIT financial statement coverage,0,,0,False,Place official IDX FinancialStatement XLSX + publication evidence in data/fundamental/inbox/
SRSN,P0,No authoritative PIT financial statement coverage,0,,0,False,Place official IDX FinancialStatement XLSX + publication evidence in data/fundamental/inbox/
SRTG,P0,No authoritative PIT financial statement coverage,0,,0,False,Place official IDX FinancialStatement XLSX + publication evidence in data/fundamental/inbox/
SSIA,P0,No authoritative PIT financial statement coverage,0,,0,False,Place official IDX FinancialStatement XLSX + publication evidence in data/fundamental/inbox/
SSMS,P0,No authoritative PIT financial statement coverage,0,,0,False,Place official IDX FinancialStatement XLSX + publication evidence in data/fundamental/inbox/
SSTM,P0,No authoritative PIT financial statement coverage,0,,0,False,Place official IDX FinancialStatement XLSX + publication evidence in data/fundamental/inbox/
STAA,P0,No authoritative PIT financial statement coverage,0,,0,False,Place official IDX FinancialStatement XLSX + publication evidence in data/fundamental/inbox/
STAR,P0,No authoritative PIT financial statement coverage,0,,0,False,Place official IDX FinancialStatement XLSX + publication evidence in data/fundamental/inbox/
STRK,P0,No authoritative PIT financial statement coverage,0,,0,False,Place official IDX FinancialStatement XLSX + publication evidence in data/fundamental/inbox/
STTP,P0,No authoritative PIT financial statement coverage,0,,0,False,Place official IDX FinancialStatement XLSX + publication evidence in data/fundamental/inbox/
SULI,P0,No authoritative PIT financial statement coverage,0,,0,False,Place official IDX FinancialStatement XLSX + publication evidence in data/fundamental/inbox/
SUNI,P0,No authoritative PIT financial statement coverage,0,,0,False,Place official IDX FinancialStatement XLSX + publication evidence in data/fundamental/inbox/
SUPR,P0,No authoritative PIT financial statement coverage,0,,0,False,Place official IDX FinancialStatement XLSX + publication evidence in data/fundamental/inbox/
SURE,P0,No authoritative PIT financial statement coverage,0,,0,False,Place official IDX FinancialStatement XLSX + publication evidence in data/fundamental/inbox/
SWAT,P0,No authoritative PIT financial statement coverage,0,,0,False,Place official IDX FinancialStatement XLSX + publication evidence in data/fundamental/inbox/
SWID,P0,No authoritative PIT financial statement coverage,0,,0,False,Place official IDX FinancialStatement XLSX + publication evidence in data/fundamental/inbox/
TALF,P0,No authoritative PIT financial statement coverage,0,,0,False,Place official IDX FinancialStatement XLSX + publication evidence in data/fundamental/inbox/
TAMA,P0,No authoritative PIT financial statement coverage,0,,0,False,Place official IDX FinancialStatement XLSX + publication evidence in data/fundamental/inbox/
TAMU,P0,No authoritative PIT financial statement coverage,0,,0,False,Place official IDX FinancialStatement XLSX + publication evidence in data/fundamental/inbox/
TAPG,P0,No authoritative PIT financial statement coverage,0,,0,False,Place official IDX FinancialStatement XLSX + publication evidence in data/fundamental/inbox/
TARA,P0,No authoritative PIT financial statement coverage,0,,0,False,Place official IDX FinancialStatement XLSX + publication evidence in data/fundamental/inbox/
TAXI,P0,No authoritative PIT financial statement coverage,0,,0,False,Place official IDX FinancialStatement XLSX + publication evidence in data/fundamental/inbox/
TAYS,P0,No authoritative PIT financial statement coverage,0,,0,False,Place official IDX FinancialStatement XLSX + publication evidence in data/fundamental/inbox/
TBIG,P0,No authoritative PIT financial statement coverage,0,,0,False,Place official IDX FinancialStatement XLSX + publication evidence in data/fundamental/inbox/
TBLA,P0,No authoritative PIT financial statement coverage,0,,0,False,Place official IDX FinancialStatement XLSX + publication evidence in data/fundamental/inbox/
TBMS,P0,No authoritative PIT financial statement coverage,0,,0,False,Place official IDX FinancialStatement XLSX + publication evidence in data/fundamental/inbox/
TCID,P0,No authoritative PIT financial statement coverage,0,,0,False,Place official IDX FinancialStatement XLSX + publication evidence in data/fundamental/inbox/
TCPI,P0,No authoritative PIT financial statement coverage,0,,0,False,Place official IDX FinancialStatement XLSX + publication evidence in data/fundamental/inbox/
TEBE,P0,No authoritative PIT financial statement coverage,0,,0,False,Place official IDX FinancialStatement XLSX + publication evidence in data/fundamental/inbox/
TELE,P0,No authoritative PIT financial statement coverage,0,,0,False,Place official IDX FinancialStatement XLSX + publication evidence in data/fundamental/inbox/
TFAS,P0,No authoritative PIT financial statement coverage,0,,0,False,Place official IDX FinancialStatement XLSX + publication evidence in data/fundamental/inbox/
TFCO,P0,No authoritative PIT financial statement coverage,0,,0,False,Place official IDX FinancialStatement XLSX + publication evidence in data/fundamental/inbox/
TGKA,P0,No authoritative PIT financial statement coverage,0,,0,False,Place official IDX FinancialStatement XLSX + publication evidence in data/fundamental/inbox/
TGRA,P0,No authoritative PIT financial statement coverage,0,,0,False,Place official IDX FinancialStatement XLSX + publication evidence in data/fundamental/inbox/
TGUK,P0,No authoritative PIT financial statement coverage,0,,0,False,Place official IDX FinancialStatement XLSX + publication evidence in data/fundamental/inbox/
TIFA,P0,No authoritative PIT financial statement coverage,0,,0,False,Place official IDX FinancialStatement XLSX + publication evidence in data/fundamental/inbox/
TINS,P0,No authoritative PIT financial statement coverage,0,,0,False,Place official IDX FinancialStatement XLSX + publication evidence in data/fundamental/inbox/
TIRA,P0,No authoritative PIT financial statement coverage,0,,0,False,Place official IDX FinancialStatement XLSX + publication evidence in data/fundamental/inbox/
TIRT,P0,No authoritative PIT financial statement coverage,0,,0,False,Place official IDX FinancialStatement XLSX + publication evidence in data/fundamental/inbox/
TKIM,P0,No authoritative PIT financial statement coverage,0,,0,False,Place official IDX FinancialStatement XLSX + publication evidence in data/fundamental/inbox/
TLDN,P0,No authoritative PIT financial statement coverage,0,,0,False,Place official IDX FinancialStatement XLSX + publication evidence in data/fundamental/inbox/
TLKM,P0,No authoritative PIT financial statement coverage,0,,0,False,Place official IDX FinancialStatement XLSX + publication evidence in data/fundamental/inbox/
TMAS,P0,No authoritative PIT financial statement coverage,0,,0,False,Place official IDX FinancialStatement XLSX + publication evidence in data/fundamental/inbox/
TMPO,P0,No authoritative PIT financial statement coverage,0,,0,False,Place official IDX FinancialStatement XLSX + publication evidence in data/fundamental/inbox/
TNCA,P0,No authoritative PIT financial statement coverage,0,,0,False,Place official IDX FinancialStatement XLSX + publication evidence in data/fundamental/inbox/
TOBA,P0,No authoritative PIT financial statement coverage,0,,0,False,Place official IDX FinancialStatement XLSX + publication evidence in data/fundamental/inbox/
TOOL,P0,No authoritative PIT financial statement coverage,0,,0,False,Place official IDX FinancialStatement XLSX + publication evidence in data/fundamental/inbox/
TOPS,P0,No authoritative PIT financial statement coverage,0,,0,False,Place official IDX FinancialStatement XLSX + publication evidence in data/fundamental/inbox/
TOTL,P0,No authoritative PIT financial statement coverage,0,,0,False,Place official IDX FinancialStatement XLSX + publication evidence in data/fundamental/inbox/
TOTO,P0,No authoritative PIT financial statement coverage,0,,0,False,Place official IDX FinancialStatement XLSX + publication evidence in data/fundamental/inbox/
TOWR,P0,No authoritative PIT financial statement coverage,0,,0,False,Place official IDX FinancialStatement XLSX + publication evidence in data/fundamental/inbox/
TOYS,P0,No authoritative PIT financial statement coverage,0,,0,False,Place official IDX FinancialStatement XLSX + publication evidence in data/fundamental/inbox/
TPIA,P0,No authoritative PIT financial statement coverage,0,,0,False,Place official IDX FinancialStatement XLSX + publication evidence in data/fundamental/inbox/
TPMA,P0,No authoritative PIT financial statement coverage,0,,0,False,Place official IDX FinancialStatement XLSX + publication evidence in data/fundamental/inbox/
TRGU,P0,No authoritative PIT financial statement coverage,0,,0,False,Place official IDX FinancialStatement XLSX + publication evidence in data/fundamental/inbox/
TRIM,P0,No authoritative PIT financial statement coverage,0,,0,False,Place official IDX FinancialStatement XLSX + publication evidence in data/fundamental/inbox/
TRIN,P0,No authoritative PIT financial statement coverage,0,,0,False,Place official IDX FinancialStatement XLSX + publication evidence in data/fundamental/inbox/
TRIS,P0,No authoritative PIT financial statement coverage,0,,0,False,Place official IDX FinancialStatement XLSX + publication evidence in data/fundamental/inbox/
TRJA,P0,No authoritative PIT financial statement coverage,0,,0,False,Place official IDX FinancialStatement XLSX + publication evidence in data/fundamental/inbox/
TRON,P0,No authoritative PIT financial statement coverage,0,,0,False,Place official IDX FinancialStatement XLSX + publication evidence in data/fundamental/inbox/
TRST,P0,No authoritative PIT financial statement coverage,0,,0,False,Place official IDX FinancialStatement XLSX + publication evidence in data/fundamental/inbox/
TRUE,P0,No authoritative PIT financial statement coverage,0,,0,False,Place official IDX FinancialStatement XLSX + publication evidence in data/fundamental/inbox/
TRUK,P0,No authoritative PIT financial statement coverage,0,,0,False,Place official IDX FinancialStatement XLSX + publication evidence in data/fundamental/inbox/
TRUS,P0,No authoritative PIT financial statement coverage,0,,0,False,Place official IDX FinancialStatement XLSX + publication evidence in data/fundamental/inbox/
TSPC,P0,No authoritative PIT financial statement coverage,0,,0,False,Place official IDX FinancialStatement XLSX + publication evidence in data/fundamental/inbox/
TUGU,P0,No authoritative PIT financial statement coverage,0,,0,False,Place official IDX FinancialStatement XLSX + publication evidence in data/fundamental/inbox/
TYRE,P0,No authoritative PIT financial statement coverage,0,,0,False,Place official IDX FinancialStatement XLSX + publication evidence in data/fundamental/inbox/
UANG,P0,No authoritative PIT financial statement coverage,0,,0,False,Place official IDX FinancialStatement XLSX + publication evidence in data/fundamental/inbox/
UCID,P0,No authoritative PIT financial statement coverage,0,,0,False,Place official IDX FinancialStatement XLSX + publication evidence in data/fundamental/inbox/
UDNG,P0,No authoritative PIT financial statement coverage,0,,0,False,Place official IDX FinancialStatement XLSX + publication evidence in data/fundamental/inbox/
UFOE,P0,No authoritative PIT financial statement coverage,0,,0,False,Place official IDX FinancialStatement XLSX + publication evidence in data/fundamental/inbox/
ULTJ,P0,No authoritative PIT financial statement coverage,0,,0,False,Place official IDX FinancialStatement XLSX + publication evidence in data/fundamental/inbox/
UNIC,P0,No authoritative PIT financial statement coverage,0,,0,False,Place official IDX FinancialStatement XLSX + publication evidence in data/fundamental/inbox/
UNIQ,P0,No authoritative PIT financial statement coverage,0,,0,False,Place official IDX FinancialStatement XLSX + publication evidence in data/fundamental/inbox/
UNSP,P0,No authoritative PIT financial statement coverage,0,,0,False,Place official IDX FinancialStatement XLSX + publication evidence in data/fundamental/inbox/
UNTR,P0,No authoritative PIT financial statement coverage,0,,0,False,Place official IDX FinancialStatement XLSX + publication evidence in data/fundamental/inbox/
UNVR,P0,No authoritative PIT financial statement coverage,0,,0,False,Place official IDX FinancialStatement XLSX + publication evidence in data/fundamental/inbox/
URBN,P0,No authoritative PIT financial statement coverage,0,,0,False,Place official IDX FinancialStatement XLSX + publication evidence in data/fundamental/inbox/
UVCR,P0,No authoritative PIT financial statement coverage,0,,0,False,Place official IDX FinancialStatement XLSX + publication evidence in data/fundamental/inbox/
VAST,P0,No authoritative PIT financial statement coverage,0,,0,False,Place official IDX FinancialStatement XLSX + publication evidence in data/fundamental/inbox/
VERN,P0,No authoritative PIT financial statement coverage,0,,0,False,Place official IDX FinancialStatement XLSX + publication evidence in data/fundamental/inbox/
VICI,P0,No authoritative PIT financial statement coverage,0,,0,False,Place official IDX FinancialStatement XLSX + publication evidence in data/fundamental/inbox/
VICO,P0,No authoritative PIT financial statement coverage,0,,0,False,Place official IDX FinancialStatement XLSX + publication evidence in data/fundamental/inbox/
VINS,P0,No authoritative PIT financial statement coverage,0,,0,False,Place official IDX FinancialStatement XLSX + publication evidence in data/fundamental/inbox/
VISI,P0,No authoritative PIT financial statement coverage,0,,0,False,Place official IDX FinancialStatement XLSX + publication evidence in data/fundamental/inbox/
VIVA,P0,No authoritative PIT financial statement coverage,0,,0,False,Place official IDX FinancialStatement XLSX + publication evidence in data/fundamental/inbox/
VKTR,P0,No authoritative PIT financial statement coverage,0,,0,False,Place official IDX FinancialStatement XLSX + publication evidence in data/fundamental/inbox/
VOKS,P0,No authoritative PIT financial statement coverage,0,,0,False,Place official IDX FinancialStatement XLSX + publication evidence in data/fundamental/inbox/
VRNA,P0,No authoritative PIT financial statement coverage,0,,0,False,Place official IDX FinancialStatement XLSX + publication evidence in data/fundamental/inbox/
VTNY,P0,No authoritative PIT financial statement coverage,0,,0,False,Place official IDX FinancialStatement XLSX + publication evidence in data/fundamental/inbox/
WAPO,P0,No authoritative PIT financial statement coverage,0,,0,False,Place official IDX FinancialStatement XLSX + publication evidence in data/fundamental/inbox/
WEGE,P0,No authoritative PIT financial statement coverage,0,,0,False,Place official IDX FinancialStatement XLSX + publication evidence in data/fundamental/inbox/
WEHA,P0,No authoritative PIT financial statement coverage,0,,0,False,Place official IDX FinancialStatement XLSX + publication evidence in data/fundamental/inbox/
WICO,P0,No authoritative PIT financial statement coverage,0,,0,False,Place official IDX FinancialStatement XLSX + publication evidence in data/fundamental/inbox/
WIFI,P0,No authoritative PIT financial statement coverage,0,,0,False,Place official IDX FinancialStatement XLSX + publication evidence in data/fundamental/inbox/
WIIM,P0,No authoritative PIT financial statement coverage,0,,0,False,Place official IDX FinancialStatement XLSX + publication evidence in data/fundamental/inbox/
WIKA,P0,No authoritative PIT financial statement coverage,0,,0,False,Place official IDX FinancialStatement XLSX + publication evidence in data/fundamental/inbox/
WINE,P0,No authoritative PIT financial statement coverage,0,,0,False,Place official IDX FinancialStatement XLSX + publication evidence in data/fundamental/inbox/
WINR,P0,No authoritative PIT financial statement coverage,0,,0,False,Place official IDX FinancialStatement XLSX + publication evidence in data/fundamental/inbox/
WINS,P0,No authoritative PIT financial statement coverage,0,,0,False,Place official IDX FinancialStatement XLSX + publication evidence in data/fundamental/inbox/
WIRG,P0,No authoritative PIT financial statement coverage,0,,0,False,Place official IDX FinancialStatement XLSX + publication evidence in data/fundamental/inbox/
WMPP,P0,No authoritative PIT financial statement coverage,0,,0,False,Place official IDX FinancialStatement XLSX + publication evidence in data/fundamental/inbox/
WMUU,P0,No authoritative PIT financial statement coverage,0,,0,False,Place official IDX FinancialStatement XLSX + publication evidence in data/fundamental/inbox/
WOMF,P0,No authoritative PIT financial statement coverage,0,,0,False,Place official IDX FinancialStatement XLSX + publication evidence in data/fundamental/inbox/
WOOD,P0,No authoritative PIT financial statement coverage,0,,0,False,Place official IDX FinancialStatement XLSX + publication evidence in data/fundamental/inbox/
WOWS,P0,No authoritative PIT financial statement coverage,0,,0,False,Place official IDX FinancialStatement XLSX + publication evidence in data/fundamental/inbox/
WSBP,P0,No authoritative PIT financial statement coverage,0,,0,False,Place official IDX FinancialStatement XLSX + publication evidence in data/fundamental/inbox/
WSKT,P0,No authoritative PIT financial statement coverage,0,,0,False,Place official IDX FinancialStatement XLSX + publication evidence in data/fundamental/inbox/
WTON,P0,No authoritative PIT financial statement coverage,0,,0,False,Place official IDX FinancialStatement XLSX + publication evidence in data/fundamental/inbox/
YELO,P0,No authoritative PIT financial statement coverage,0,,0,False,Place official IDX FinancialStatement XLSX + publication evidence in data/fundamental/inbox/
YOII,P0,No authoritative PIT financial statement coverage,0,,0,False,Place official IDX FinancialStatement XLSX + publication evidence in data/fundamental/inbox/
YPAS,P0,No authoritative PIT financial statement coverage,0,,0,False,Place official IDX FinancialStatement XLSX + publication evidence in data/fundamental/inbox/
YULE,P0,No authoritative PIT financial statement coverage,0,,0,False,Place official IDX FinancialStatement XLSX + publication evidence in data/fundamental/inbox/
YUPI,P0,No authoritative PIT financial statement coverage,0,,0,False,Place official IDX FinancialStatement XLSX + publication evidence in data/fundamental/inbox/
ZATA,P0,No authoritative PIT financial statement coverage,0,,0,False,Place official IDX FinancialStatement XLSX + publication evidence in data/fundamental/inbox/
ZBRA,P0,No authoritative PIT financial statement coverage,0,,0,False,Place official IDX FinancialStatement XLSX + publication evidence in data/fundamental/inbox/
ZINC,P0,No authoritative PIT financial statement coverage,0,,0,False,Place official IDX FinancialStatement XLSX + publication evidence in data/fundamental/inbox/
ZONE,P0,No authoritative PIT financial statement coverage,0,,0,False,Place official IDX FinancialStatement XLSX + publication evidence in data/fundamental/inbox/
ZYRX,P0,No authoritative PIT financial statement coverage,0,,0,False,Place official IDX FinancialStatement XLSX + publication evidence in data/fundamental/inbox/
