date,ticker,open,high,low,close,volume,zero_volume,exact_flat_ohlc,effective_flat_ohlc,placeholder_candidate,classification
2026-05-14,AADI,8645.28515625,8645.28515625,8645.28515625,8645.28515625,0.0,True,True,True,True,PLACEHOLDER_CANDIDATE
2026-05-15,AADI,8645.28515625,8645.28515625,8645.28515625,8645.28515625,0.0,True,True,True,True,PLACEHOLDER_CANDIDATE
2026-05-27,AADI,7844.359375,7844.359375,7844.359375,7844.359375,0.0,True,True,True,True,PLACEHOLDER_CANDIDATE
2026-05-28,AADI,7844.359375,7844.359375,7844.359375,7844.359375,0.0,True,True,True,True,PLACEHOLDER_CANDIDATE
2026-05-14,AALI,7600.0,7600.0,7600.0,7600.0,0.0,True,True,True,True,PLACEHOLDER_CANDIDATE
2026-05-15,AALI,7600.0,7600.0,7600.0,7600.0,0.0,True,True,True,True,PLACEHOLDER_CANDIDATE
2026-05-27,AALI,6575.0,6575.0,6575.0,6575.0,0.0,True,True,True,True,PLACEHOLDER_CANDIDATE
2026-05-28,AALI,6575.0,6575.0,6575.0,6575.0,0.0,True,True,True,True,PLACEHOLDER_CANDIDATE
2026-08-25,AALI,8000.0,8000.0,8000.0,8000.0,0.0,True,True,True,True,PLACEHOLDER_CANDIDATE
2026-05-14,ABBA,41.0,41.0,41.0,41.0,0.0,True,True,True,True,PLACEHOLDER_CANDIDATE
2026-05-15,ABBA,41.0,41.0,41.0,41.0,0.0,True,True,True,True,PLACEHOLDER_CANDIDATE
2026-05-27,ABBA,34.0,34.0,34.0,34.0,0.0,True,True,True,True,PLACEHOLDER_CANDIDATE
2026-05-28,ABBA,34.0,34.0,34.0,34.0,0.0,True,True,True,True,PLACEHOLDER_CANDIDATE
2026-08-17,ABBA,30.0,30.0,30.0,30.0,0.0,True,True,True,True,PLACEHOLDER_CANDIDATE
2026-08-25,ABBA,30.0,30.0,30.0,30.0,0.0,True,True,True,True,PLACEHOLDER_CANDIDATE
2026-05-14,ABDA,3410.0,3410.0,3410.0,3410.0,0.0,True,True,True,True,PLACEHOLDER_CANDIDATE
2026-05-15,ABDA,3410.0,3410.0,3410.0,3410.0,0.0,True,True,True,True,PLACEHOLDER_CANDIDATE
2026-05-27,ABDA,3500.0,3500.0,3500.0,3500.0,0.0,True,True,True,True,PLACEHOLDER_CANDIDATE
2026-05-28,ABDA,3500.0,3500.0,3500.0,3500.0,0.0,True,True,True,True,PLACEHOLDER_CANDIDATE
2026-05-14,ABMM,2760.0,2760.0,2760.0,2760.0,0.0,True,True,True,True,PLACEHOLDER_CANDIDATE
2026-05-15,ABMM,2760.0,2760.0,2760.0,2760.0,0.0,True,True,True,True,PLACEHOLDER_CANDIDATE
2026-05-27,ABMM,2430.0,2430.0,2430.0,2430.0,0.0,True,True,True,True,PLACEHOLDER_CANDIDATE
2026-05-28,ABMM,2430.0,2430.0,2430.0,2430.0,0.0,True,True,True,True,PLACEHOLDER_CANDIDATE
2026-05-14,ACES,337.6401672363281,337.6401672363281,337.6401672363281,337.6401672363281,0.0,True,True,True,True,PLACEHOLDER_CANDIDATE
2026-05-15,ACES,337.6401672363281,337.6401672363281,337.6401672363281,337.6401672363281,0.0,True,True,True,True,PLACEHOLDER_CANDIDATE
2026-05-27,ACES,315.7391662597656,315.7391662597656,315.7391662597656,315.7391662597656,0.0,True,True,True,True,PLACEHOLDER_CANDIDATE
2026-05-28,ACES,315.7391662597656,315.7391662597656,315.7391662597656,315.7391662597656,0.0,True,True,True,True,PLACEHOLDER_CANDIDATE
2026-05-14,ACRO,68.24400329589844,68.24400329589844,68.24400329589844,68.24400329589844,0.0,True,True,True,True,PLACEHOLDER_CANDIDATE
2026-05-15,ACRO,68.24400329589844,68.24400329589844,68.24400329589844,68.24400329589844,0.0,True,True,True,True,PLACEHOLDER_CANDIDATE
2026-05-27,ACRO,61.609169006347656,61.609169006347656,61.609169006347656,61.609169006347656,0.0,True,True,True,True,PLACEHOLDER_CANDIDATE
2026-05-28,ACRO,61.609169006347656,61.609169006347656,61.609169006347656,61.609169006347656,0.0,True,True,True,True,PLACEHOLDER_CANDIDATE
2014-04-09,ACST,1115.06,1115.06,1115.06,1115.06,0.0,True,True,True,True,PLACEHOLDER_CANDIDATE
2014-07-09,ACST,1098.45,1098.45,1098.45,1098.45,0.0,True,True,True,True,PLACEHOLDER_CANDIDATE
2015-12-09,ACST,1413.32,1413.32,1413.32,1413.32,0.0,True,True,True,True,PLACEHOLDER_CANDIDATE
2017-01-02,ACST,1451.31,1451.31,1451.31,1451.31,0.0,True,True,True,True,PLACEHOLDER_CANDIDATE
2017-02-15,ACST,1415.28,1415.28,1415.28,1415.28,0.0,True,True,True,True,PLACEHOLDER_CANDIDATE
2017-04-19,ACST,1610.85,1610.85,1610.85,1610.85,0.0,True,True,True,True,PLACEHOLDER_CANDIDATE
2017-06-01,ACST,1609.81,1609.81,1609.81,1609.81,0.0,True,True,True,True,PLACEHOLDER_CANDIDATE
2017-06-23,ACST,1583.84,1583.84,1583.84,1583.84,0.0,True,True,True,True,PLACEHOLDER_CANDIDATE
2017-06-26,ACST,1583.84,1583.84,1583.84,1583.84,0.0,True,True,True,True,PLACEHOLDER_CANDIDATE
2017-06-27,ACST,1583.84,1583.84,1583.84,1583.84,0.0,True,True,True,True,PLACEHOLDER_CANDIDATE
2017-06-28,ACST,1583.84,1583.84,1583.84,1583.84,0.0,True,True,True,True,PLACEHOLDER_CANDIDATE
2017-06-29,ACST,1583.84,1583.84,1583.84,1583.84,0.0,True,True,True,True,PLACEHOLDER_CANDIDATE
2017-06-30,ACST,1583.84,1583.84,1583.84,1583.84,0.0,True,True,True,True,PLACEHOLDER_CANDIDATE
2017-08-17,ACST,1609.81,1609.81,1609.81,1609.81,0.0,True,True,True,True,PLACEHOLDER_CANDIDATE
2017-09-01,ACST,1557.88,1557.88,1557.88,1557.88,0.0,True,True,True,True,PLACEHOLDER_CANDIDATE
2017-09-21,ACST,1521.53,1521.53,1521.53,1521.53,0.0,True,True,True,True,PLACEHOLDER_CANDIDATE
2017-12-25,ACST,1311.39,1311.39,1311.39,1311.39,0.0,True,True,True,True,PLACEHOLDER_CANDIDATE
2017-12-26,ACST,1311.39,1311.39,1311.39,1311.39,0.0,True,True,True,True,PLACEHOLDER_CANDIDATE
2018-01-01,ACST,1290.41,1290.41,1290.41,1290.41,0.0,True,True,True,True,PLACEHOLDER_CANDIDATE
2018-02-16,ACST,1484.49,1484.49,1484.49,1484.49,0.0,True,True,True,True,PLACEHOLDER_CANDIDATE
2018-03-30,ACST,1515.97,1515.97,1515.97,1515.97,0.0,True,True,True,True,PLACEHOLDER_CANDIDATE
2018-05-01,ACST,1489.23,1489.23,1489.23,1489.23,0.0,True,True,True,True,PLACEHOLDER_CANDIDATE
2018-05-10,ACST,1473.15,1473.15,1473.15,1473.15,0.0,True,True,True,True,PLACEHOLDER_CANDIDATE
2018-05-29,ACST,1446.37,1446.37,1446.37,1446.37,0.0,True,True,True,True,PLACEHOLDER_CANDIDATE
2018-06-01,ACST,1521.37,1521.37,1521.37,1521.37,0.0,True,True,True,True,PLACEHOLDER_CANDIDATE
2018-06-11,ACST,1494.58,1494.58,1494.58,1494.58,0.0,True,True,True,True,PLACEHOLDER_CANDIDATE
2018-06-12,ACST,1494.58,1494.58,1494.58,1494.58,0.0,True,True,True,True,PLACEHOLDER_CANDIDATE
2018-06-13,ACST,1494.58,1494.58,1494.58,1494.58,0.0,True,True,True,True,PLACEHOLDER_CANDIDATE
2018-06-14,ACST,1494.58,1494.58,1494.58,1494.58,0.0,True,True,True,True,PLACEHOLDER_CANDIDATE
2018-06-15,ACST,1494.58,1494.58,1494.58,1494.58,0.0,True,True,True,True,PLACEHOLDER_CANDIDATE
2018-06-18,ACST,1494.58,1494.58,1494.58,1494.58,0.0,True,True,True,True,PLACEHOLDER_CANDIDATE
2018-06-19,ACST,1494.58,1494.58,1494.58,1494.58,0.0,True,True,True,True,PLACEHOLDER_CANDIDATE
2018-08-17,ACST,1258.88,1258.88,1258.88,1258.88,0.0,True,True,True,True,PLACEHOLDER_CANDIDATE
2018-08-22,ACST,1280.31,1280.31,1280.31,1280.31,0.0,True,True,True,True,PLACEHOLDER_CANDIDATE
2018-09-11,ACST,1167.81,1167.81,1167.81,1167.81,0.0,True,True,True,True,PLACEHOLDER_CANDIDATE
2018-11-20,ACST,779.43,779.43,779.43,779.43,0.0,True,True,True,True,PLACEHOLDER_CANDIDATE
2018-12-24,ACST,854.43,854.43,854.43,854.43,0.0,True,True,True,True,PLACEHOLDER_CANDIDATE
2018-12-25,ACST,854.43,854.43,854.43,854.43,0.0,True,True,True,True,PLACEHOLDER_CANDIDATE
2018-12-31,ACST,833.0,833.0,833.0,833.0,0.0,True,True,True,True,PLACEHOLDER_CANDIDATE
2019-01-01,ACST,833.0,833.0,833.0,833.0,0.0,True,True,True,True,PLACEHOLDER_CANDIDATE
2019-02-05,ACST,841.04,841.04,841.04,841.04,0.0,True,True,True,True,PLACEHOLDER_CANDIDATE
2019-03-07,ACST,851.75,851.75,851.75,851.75,0.0,True,True,True,True,PLACEHOLDER_CANDIDATE
2019-04-03,ACST,841.04,841.04,841.04,841.04,0.0,True,True,True,True,PLACEHOLDER_CANDIDATE
2019-04-17,ACST,875.86,875.86,875.86,875.86,0.0,True,True,True,True,PLACEHOLDER_CANDIDATE
2019-04-19,ACST,886.57,886.57,886.57,886.57,0.0,True,True,True,True,PLACEHOLDER_CANDIDATE
2019-05-01,ACST,851.63,851.63,851.63,851.63,0.0,True,True,True,True,PLACEHOLDER_CANDIDATE
2019-05-30,ACST,690.44,690.44,690.44,690.44,0.0,True,True,True,True,PLACEHOLDER_CANDIDATE
2019-06-03,ACST,687.75,687.75,687.75,687.75,0.0,True,True,True,True,PLACEHOLDER_CANDIDATE
2019-06-04,ACST,687.75,687.75,687.75,687.75,0.0,True,True,True,True,PLACEHOLDER_CANDIDATE
2019-06-05,ACST,687.75,687.75,687.75,687.75,0.0,True,True,True,True,PLACEHOLDER_CANDIDATE
2019-06-06,ACST,687.75,687.75,687.75,687.75,0.0,True,True,True,True,PLACEHOLDER_CANDIDATE
2019-06-07,ACST,687.75,687.75,687.75,687.75,0.0,True,True,True,True,PLACEHOLDER_CANDIDATE
2026-05-14,ACST,94.0,94.0,94.0,94.0,0.0,True,True,True,True,PLACEHOLDER_CANDIDATE
2026-05-15,ACST,94.0,94.0,94.0,94.0,0.0,True,True,True,True,PLACEHOLDER_CANDIDATE
2026-05-27,ACST,84.0,84.0,84.0,84.0,0.0,True,True,True,True,PLACEHOLDER_CANDIDATE
2026-05-28,ACST,84.0,84.0,84.0,84.0,0.0,True,True,True,True,PLACEHOLDER_CANDIDATE
2026-05-14,ADCP,50.0,50.0,50.0,50.0,0.0,True,True,True,True,PLACEHOLDER_CANDIDATE
2026-05-15,ADCP,50.0,50.0,50.0,50.0,0.0,True,True,True,True,PLACEHOLDER_CANDIDATE
2026-05-27,ADCP,50.0,50.0,50.0,50.0,0.0,True,True,True,True,PLACEHOLDER_CANDIDATE
2026-05-28,ADCP,50.0,50.0,50.0,50.0,0.0,True,True,True,True,PLACEHOLDER_CANDIDATE
2026-06-16,ADCP,50.0,50.0,50.0,50.0,0.0,True,True,True,True,PLACEHOLDER_CANDIDATE
2026-08-17,ADCP,50.0,50.0,50.0,50.0,0.0,True,True,True,True,PLACEHOLDER_CANDIDATE
2026-08-25,ADCP,50.0,50.0,50.0,50.0,0.0,True,True,True,True,PLACEHOLDER_CANDIDATE
2014-04-09,ADES,2010.0,2010.0,2010.0,2010.0,0.0,True,True,True,True,PLACEHOLDER_CANDIDATE
2014-07-09,ADES,1715.0,1715.0,1715.0,1715.0,0.0,True,True,True,True,PLACEHOLDER_CANDIDATE
2015-12-09,ADES,1030.0,1030.0,1030.0,1030.0,0.0,True,True,True,True,PLACEHOLDER_CANDIDATE
2017-01-02,ADES,1000.0,1000.0,1000.0,1000.0,0.0,True,True,True,True,PLACEHOLDER_CANDIDATE
2017-02-15,ADES,1130.0,1130.0,1130.0,1130.0,0.0,True,True,True,True,PLACEHOLDER_CANDIDATE
2017-04-19,ADES,1180.0,1180.0,1180.0,1180.0,0.0,True,True,True,True,PLACEHOLDER_CANDIDATE
2017-06-01,ADES,1070.0,1070.0,1070.0,1070.0,0.0,True,True,True,True,PLACEHOLDER_CANDIDATE
2017-06-23,ADES,1080.0,1080.0,1080.0,1080.0,0.0,True,True,True,True,PLACEHOLDER_CANDIDATE
2017-06-26,ADES,1080.0,1080.0,1080.0,1080.0,0.0,True,True,True,True,PLACEHOLDER_CANDIDATE
2017-06-27,ADES,1080.0,1080.0,1080.0,1080.0,0.0,True,True,True,True,PLACEHOLDER_CANDIDATE
2017-06-28,ADES,1080.0,1080.0,1080.0,1080.0,0.0,True,True,True,True,PLACEHOLDER_CANDIDATE
2017-06-29,ADES,1080.0,1080.0,1080.0,1080.0,0.0,True,True,True,True,PLACEHOLDER_CANDIDATE
2017-06-30,ADES,1080.0,1080.0,1080.0,1080.0,0.0,True,True,True,True,PLACEHOLDER_CANDIDATE
2017-08-17,ADES,1030.0,1030.0,1030.0,1030.0,0.0,True,True,True,True,PLACEHOLDER_CANDIDATE
2017-09-01,ADES,1020.0,1020.0,1020.0,1020.0,0.0,True,True,True,True,PLACEHOLDER_CANDIDATE
2017-09-21,ADES,1010.0,1010.0,1010.0,1010.0,0.0,True,True,True,True,PLACEHOLDER_CANDIDATE
2017-12-25,ADES,915.0,915.0,915.0,915.0,0.0,True,True,True,True,PLACEHOLDER_CANDIDATE
2017-12-26,ADES,915.0,915.0,915.0,915.0,0.0,True,True,True,True,PLACEHOLDER_CANDIDATE
2018-01-01,ADES,885.0,885.0,885.0,885.0,0.0,True,True,True,True,PLACEHOLDER_CANDIDATE
2018-02-16,ADES,985.0,985.0,985.0,985.0,0.0,True,True,True,True,PLACEHOLDER_CANDIDATE
2018-03-30,ADES,910.0,910.0,910.0,910.0,0.0,True,True,True,True,PLACEHOLDER_CANDIDATE
2018-05-01,ADES,910.0,910.0,910.0,910.0,0.0,True,True,True,True,PLACEHOLDER_CANDIDATE
2018-05-10,ADES,925.0,925.0,925.0,925.0,0.0,True,True,True,True,PLACEHOLDER_CANDIDATE
2018-05-29,ADES,940.0,940.0,940.0,940.0,0.0,True,True,True,True,PLACEHOLDER_CANDIDATE
2018-06-01,ADES,935.0,935.0,935.0,935.0,0.0,True,True,True,True,PLACEHOLDER_CANDIDATE
2018-06-11,ADES,930.0,930.0,930.0,930.0,0.0,True,True,True,True,PLACEHOLDER_CANDIDATE
2018-06-12,ADES,930.0,930.0,930.0,930.0,0.0,True,True,True,True,PLACEHOLDER_CANDIDATE
2018-06-13,ADES,930.0,930.0,930.0,930.0,0.0,True,True,True,True,PLACEHOLDER_CANDIDATE
2018-06-14,ADES,930.0,930.0,930.0,930.0,0.0,True,True,True,True,PLACEHOLDER_CANDIDATE
2018-06-15,ADES,930.0,930.0,930.0,930.0,0.0,True,True,True,True,PLACEHOLDER_CANDIDATE
2018-06-18,ADES,930.0,930.0,930.0,930.0,0.0,True,True,True,True,PLACEHOLDER_CANDIDATE
2018-06-19,ADES,930.0,930.0,930.0,930.0,0.0,True,True,True,True,PLACEHOLDER_CANDIDATE
2018-08-17,ADES,935.0,935.0,935.0,935.0,0.0,True,True,True,True,PLACEHOLDER_CANDIDATE
2018-08-22,ADES,940.0,940.0,940.0,940.0,0.0,True,True,True,True,PLACEHOLDER_CANDIDATE
2018-09-11,ADES,905.0,905.0,905.0,905.0,0.0,True,True,True,True,PLACEHOLDER_CANDIDATE
2018-11-20,ADES,960.0,960.0,960.0,960.0,0.0,True,True,True,True,PLACEHOLDER_CANDIDATE
2018-12-24,ADES,925.0,925.0,925.0,925.0,0.0,True,True,True,True,PLACEHOLDER_CANDIDATE
2018-12-25,ADES,925.0,925.0,925.0,925.0,0.0,True,True,True,True,PLACEHOLDER_CANDIDATE
2018-12-31,ADES,920.0,920.0,920.0,920.0,0.0,True,True,True,True,PLACEHOLDER_CANDIDATE
2019-01-01,ADES,920.0,920.0,920.0,920.0,0.0,True,True,True,True,PLACEHOLDER_CANDIDATE
2019-02-05,ADES,1080.0,1080.0,1080.0,1080.0,0.0,True,True,True,True,PLACEHOLDER_CANDIDATE
2019-03-07,ADES,1050.0,1050.0,1050.0,1050.0,0.0,True,True,True,True,PLACEHOLDER_CANDIDATE
2019-04-03,ADES,1115.0,1115.0,1115.0,1115.0,0.0,True,True,True,True,PLACEHOLDER_CANDIDATE
2019-04-17,ADES,1070.0,1070.0,1070.0,1070.0,0.0,True,True,True,True,PLACEHOLDER_CANDIDATE
2019-04-19,ADES,1100.0,1100.0,1100.0,1100.0,0.0,True,True,True,True,PLACEHOLDER_CANDIDATE
2019-05-01,ADES,1090.0,1090.0,1090.0,1090.0,0.0,True,True,True,True,PLACEHOLDER_CANDIDATE
2019-05-30,ADES,1050.0,1050.0,1050.0,1050.0,0.0,True,True,True,True,PLACEHOLDER_CANDIDATE
2019-06-03,ADES,1030.0,1030.0,1030.0,1030.0,0.0,True,True,True,True,PLACEHOLDER_CANDIDATE
2019-06-04,ADES,1030.0,1030.0,1030.0,1030.0,0.0,True,True,True,True,PLACEHOLDER_CANDIDATE
2019-06-05,ADES,1030.0,1030.0,1030.0,1030.0,0.0,True,True,True,True,PLACEHOLDER_CANDIDATE
2019-06-06,ADES,1030.0,1030.0,1030.0,1030.0,0.0,True,True,True,True,PLACEHOLDER_CANDIDATE
2019-06-07,ADES,1030.0,1030.0,1030.0,1030.0,0.0,True,True,True,True,PLACEHOLDER_CANDIDATE
2026-05-14,ADES,21750.0,21750.0,21750.0,21750.0,0.0,True,True,True,True,PLACEHOLDER_CANDIDATE
2026-05-15,ADES,21750.0,21750.0,21750.0,21750.0,0.0,True,True,True,True,PLACEHOLDER_CANDIDATE
2026-05-27,ADES,21100.0,21100.0,21100.0,21100.0,0.0,True,True,True,True,PLACEHOLDER_CANDIDATE
2026-05-28,ADES,21100.0,21100.0,21100.0,21100.0,0.0,True,True,True,True,PLACEHOLDER_CANDIDATE
2026-08-25,ADES,32750.0,32750.0,32750.0,32750.0,0.0,True,True,True,True,PLACEHOLDER_CANDIDATE
2014-04-09,ADHI,2305.15,2305.15,2305.15,2305.15,0.0,True,True,True,True,PLACEHOLDER_CANDIDATE
2014-07-09,ADHI,2200.05,2200.05,2200.05,2200.05,0.0,True,True,True,True,PLACEHOLDER_CANDIDATE
2015-12-09,ADHI,1813.6,1813.6,1813.6,1813.6,0.0,True,True,True,True,PLACEHOLDER_CANDIDATE
2017-01-02,ADHI,1755.37,1755.37,1755.37,1755.37,0.0,True,True,True,True,PLACEHOLDER_CANDIDATE
2017-02-15,ADHI,1924.16,1924.16,1924.16,1924.16,0.0,True,True,True,True,PLACEHOLDER_CANDIDATE
2017-04-19,ADHI,1954.37,1954.37,1954.37,1954.37,0.0,True,True,True,True,PLACEHOLDER_CANDIDATE
2017-06-01,ADHI,2005.58,2005.58,2005.58,2005.58,0.0,True,True,True,True,PLACEHOLDER_CANDIDATE
2017-06-23,ADHI,1834.89,1834.89,1834.89,1834.89,0.0,True,True,True,True,PLACEHOLDER_CANDIDATE
2017-06-26,ADHI,1834.89,1834.89,1834.89,1834.89,0.0,True,True,True,True,PLACEHOLDER_CANDIDATE
2017-06-27,ADHI,1834.89,1834.89,1834.89,1834.89,0.0,True,True,True,True,PLACEHOLDER_CANDIDATE
2017-06-28,ADHI,1834.89,1834.89,1834.89,1834.89,0.0,True,True,True,True,PLACEHOLDER_CANDIDATE
2017-06-29,ADHI,1834.89,1834.89,1834.89,1834.89,0.0,True,True,True,True,PLACEHOLDER_CANDIDATE
2017-06-30,ADHI,1834.89,1834.89,1834.89,1834.89,0.0,True,True,True,True,PLACEHOLDER_CANDIDATE
2017-08-17,ADHI,1775.15,1775.15,1775.15,1775.15,0.0,True,True,True,True,PLACEHOLDER_CANDIDATE
2017-09-01,ADHI,1723.95,1723.95,1723.95,1723.95,0.0,True,True,True,True,PLACEHOLDER_CANDIDATE
2017-09-21,ADHI,1741.01,1741.01,1741.01,1741.01,0.0,True,True,True,True,PLACEHOLDER_CANDIDATE
2017-12-25,ADHI,1621.53,1621.53,1621.53,1621.53,0.0,True,True,True,True,PLACEHOLDER_CANDIDATE
2017-12-26,ADHI,1621.53,1621.53,1621.53,1621.53,0.0,True,True,True,True,PLACEHOLDER_CANDIDATE
2018-01-01,ADHI,1608.73,1608.73,1608.73,1608.73,0.0,True,True,True,True,PLACEHOLDER_CANDIDATE
2018-02-16,ADHI,2065.32,2065.32,2065.32,2065.32,0.0,True,True,True,True,PLACEHOLDER_CANDIDATE
2018-03-30,ADHI,1766.62,1766.62,1766.62,1766.62,0.0,True,True,True,True,PLACEHOLDER_CANDIDATE
2018-05-01,ADHI,1626.36,1626.36,1626.36,1626.36,0.0,True,True,True,True,PLACEHOLDER_CANDIDATE
2018-05-10,ADHI,1552.83,1552.83,1552.83,1552.83,0.0,True,True,True,True,PLACEHOLDER_CANDIDATE
2018-05-29,ADHI,1682.59,1682.59,1682.59,1682.59,0.0,True,True,True,True,PLACEHOLDER_CANDIDATE
2018-06-01,ADHI,1682.59,1682.59,1682.59,1682.59,0.0,True,True,True,True,PLACEHOLDER_CANDIDATE
2018-06-11,ADHI,1660.97,1660.97,1660.97,1660.97,0.0,True,True,True,True,PLACEHOLDER_CANDIDATE
2018-06-12,ADHI,1660.97,1660.97,1660.97,1660.97,0.0,True,True,True,True,PLACEHOLDER_CANDIDATE
2018-06-13,ADHI,1660.97,1660.97,1660.97,1660.97,0.0,True,True,True,True,PLACEHOLDER_CANDIDATE
2018-06-14,ADHI,1660.97,1660.97,1660.97,1660.97,0.0,True,True,True,True,PLACEHOLDER_CANDIDATE
2018-06-15,ADHI,1660.97,1660.97,1660.97,1660.97,0.0,True,True,True,True,PLACEHOLDER_CANDIDATE
2018-06-18,ADHI,1660.97,1660.97,1660.97,1660.97,0.0,True,True,True,True,PLACEHOLDER_CANDIDATE
2018-06-19,ADHI,1660.97,1660.97,1660.97,1660.97,0.0,True,True,True,True,PLACEHOLDER_CANDIDATE
2018-08-17,ADHI,1263.03,1263.03,1263.03,1263.03,0.0,True,True,True,True,PLACEHOLDER_CANDIDATE
2018-08-22,ADHI,1293.3,1293.3,1293.3,1293.3,0.0,True,True,True,True,PLACEHOLDER_CANDIDATE
2018-09-11,ADHI,1180.84,1180.84,1180.84,1180.84,0.0,True,True,True,True,PLACEHOLDER_CANDIDATE
2018-11-20,ADHI,1215.45,1215.45,1215.45,1215.45,0.0,True,True,True,True,PLACEHOLDER_CANDIDATE
2018-12-24,ADHI,1392.79,1392.79,1392.79,1392.79,0.0,True,True,True,True,PLACEHOLDER_CANDIDATE
2018-12-25,ADHI,1392.79,1392.79,1392.79,1392.79,0.0,True,True,True,True,PLACEHOLDER_CANDIDATE
2018-12-31,ADHI,1371.16,1371.16,1371.16,1371.16,0.0,True,True,True,True,PLACEHOLDER_CANDIDATE
2019-01-01,ADHI,1371.16,1371.16,1371.16,1371.16,0.0,True,True,True,True,PLACEHOLDER_CANDIDATE
2019-02-05,ADHI,1414.42,1414.42,1414.42,1414.42,0.0,True,True,True,True,PLACEHOLDER_CANDIDATE
2019-03-07,ADHI,1323.58,1323.58,1323.58,1323.58,0.0,True,True,True,True,PLACEHOLDER_CANDIDATE
2019-04-03,ADHI,1427.39,1427.39,1427.39,1427.39,0.0,True,True,True,True,PLACEHOLDER_CANDIDATE
2019-04-17,ADHI,1531.2,1531.2,1531.2,1531.2,0.0,True,True,True,True,PLACEHOLDER_CANDIDATE
2019-04-19,ADHI,1557.16,1557.16,1557.16,1557.16,0.0,True,True,True,True,PLACEHOLDER_CANDIDATE
2019-05-01,ADHI,1505.25,1505.25,1505.25,1505.25,0.0,True,True,True,True,PLACEHOLDER_CANDIDATE
2019-05-30,ADHI,1270.01,1270.01,1270.01,1270.01,0.0,True,True,True,True,PLACEHOLDER_CANDIDATE
2019-06-03,ADHI,1287.78,1287.78,1287.78,1287.78,0.0,True,True,True,True,PLACEHOLDER_CANDIDATE
2019-06-04,ADHI,1287.78,1287.78,1287.78,1287.78,0.0,True,True,True,True,PLACEHOLDER_CANDIDATE
2019-06-05,ADHI,1287.78,1287.78,1287.78,1287.78,0.0,True,True,True,True,PLACEHOLDER_CANDIDATE
2019-06-06,ADHI,1287.78,1287.78,1287.78,1287.78,0.0,True,True,True,True,PLACEHOLDER_CANDIDATE
2019-06-07,ADHI,1287.78,1287.78,1287.78,1287.78,0.0,True,True,True,True,PLACEHOLDER_CANDIDATE
2026-05-14,ADHI,196.0,196.0,196.0,196.0,0.0,True,True,True,True,PLACEHOLDER_CANDIDATE
2026-05-15,ADHI,196.0,196.0,196.0,196.0,0.0,True,True,True,True,PLACEHOLDER_CANDIDATE
2026-05-27,ADHI,179.0,179.0,179.0,179.0,0.0,True,True,True,True,PLACEHOLDER_CANDIDATE
2026-05-28,ADHI,179.0,179.0,179.0,179.0,0.0,True,True,True,True,PLACEHOLDER_CANDIDATE
2026-08-17,ADHI,143.0,143.0,143.0,143.0,0.0,True,True,True,True,PLACEHOLDER_CANDIDATE
2026-08-25,ADHI,133.0,133.0,133.0,133.0,0.0,True,True,True,True,PLACEHOLDER_CANDIDATE
2026-05-14,ADMF,8575.0,8575.0,8575.0,8575.0,0.0,True,True,True,True,PLACEHOLDER_CANDIDATE
2026-05-15,ADMF,8575.0,8575.0,8575.0,8575.0,0.0,True,True,True,True,PLACEHOLDER_CANDIDATE
2026-05-27,ADMF,8425.0,8425.0,8425.0,8425.0,0.0,True,True,True,True,PLACEHOLDER_CANDIDATE
2026-05-28,ADMF,8425.0,8425.0,8425.0,8425.0,0.0,True,True,True,True,PLACEHOLDER_CANDIDATE
2026-08-25,ADMF,8725.0,8725.0,8725.0,8725.0,0.0,True,True,True,True,PLACEHOLDER_CANDIDATE
2026-05-14,ADMG,200.0,200.0,200.0,200.0,0.0,True,True,True,True,PLACEHOLDER_CANDIDATE
2026-05-15,ADMG,200.0,200.0,200.0,200.0,0.0,True,True,True,True,PLACEHOLDER_CANDIDATE
2026-05-27,ADMG,199.0,199.0,199.0,199.0,0.0,True,True,True,True,PLACEHOLDER_CANDIDATE
2026-05-28,ADMG,199.0,199.0,199.0,199.0,0.0,True,True,True,True,PLACEHOLDER_CANDIDATE
2026-08-25,ADMG,258.0,258.0,258.0,258.0,0.0,True,True,True,True,PLACEHOLDER_CANDIDATE
2026-05-14,ADMR,1775.0,1775.0,1775.0,1775.0,0.0,True,True,True,True,PLACEHOLDER_CANDIDATE
2026-05-15,ADMR,1775.0,1775.0,1775.0,1775.0,0.0,True,True,True,True,PLACEHOLDER_CANDIDATE
2026-05-27,ADMR,1510.0,1510.0,1510.0,1510.0,0.0,True,True,True,True,PLACEHOLDER_CANDIDATE
2026-05-28,ADMR,1510.0,1510.0,1510.0,1510.0,0.0,True,True,True,True,PLACEHOLDER_CANDIDATE
2014-04-09,ADRO,206.5,206.5,206.5,206.5,0.0,True,True,True,True,PLACEHOLDER_CANDIDATE
2014-07-09,ADRO,253.72,253.72,253.72,253.72,0.0,True,True,True,True,PLACEHOLDER_CANDIDATE
2015-12-09,ADRO,108.84,108.84,108.84,108.84,0.0,True,True,True,True,PLACEHOLDER_CANDIDATE
2017-01-02,ADRO,403.05,403.05,403.05,403.05,0.0,True,True,True,True,PLACEHOLDER_CANDIDATE
2017-02-15,ADRO,391.16,391.16,391.16,391.16,0.0,True,True,True,True,PLACEHOLDER_CANDIDATE
2017-04-19,ADRO,436.34,436.34,436.34,436.34,0.0,True,True,True,True,PLACEHOLDER_CANDIDATE
2017-06-01,ADRO,365.23,365.23,365.23,365.23,0.0,True,True,True,True,PLACEHOLDER_CANDIDATE
2017-06-23,ADRO,379.65,379.65,379.65,379.65,0.0,True,True,True,True,PLACEHOLDER_CANDIDATE
2017-06-26,ADRO,379.65,379.65,379.65,379.65,0.0,True,True,True,True,PLACEHOLDER_CANDIDATE
2017-06-27,ADRO,379.65,379.65,379.65,379.65,0.0,True,True,True,True,PLACEHOLDER_CANDIDATE
2017-06-28,ADRO,379.65,379.65,379.65,379.65,0.0,True,True,True,True,PLACEHOLDER_CANDIDATE
2017-06-29,ADRO,379.65,379.65,379.65,379.65,0.0,True,True,True,True,PLACEHOLDER_CANDIDATE
2017-06-30,ADRO,379.65,379.65,379.65,379.65,0.0,True,True,True,True,PLACEHOLDER_CANDIDATE
2017-08-17,ADRO,451.73,451.73,451.73,451.73,0.0,True,True,True,True,PLACEHOLDER_CANDIDATE
2017-09-01,ADRO,438.52,438.52,438.52,438.52,0.0,True,True,True,True,PLACEHOLDER_CANDIDATE
2017-09-21,ADRO,446.93,446.93,446.93,446.93,0.0,True,True,True,True,PLACEHOLDER_CANDIDATE
2017-12-25,ADRO,454.14,454.14,454.14,454.14,0.0,True,True,True,True,PLACEHOLDER_CANDIDATE
2017-12-26,ADRO,454.14,454.14,454.14,454.14,0.0,True,True,True,True,PLACEHOLDER_CANDIDATE
2018-01-01,ADRO,457.15,457.15,457.15,457.15,0.0,True,True,True,True,PLACEHOLDER_CANDIDATE
2018-02-16,ADRO,607.07,607.07,607.07,607.07,0.0,True,True,True,True,PLACEHOLDER_CANDIDATE
2018-03-30,ADRO,523.51,523.51,523.51,523.51,0.0,True,True,True,True,PLACEHOLDER_CANDIDATE
2018-05-01,ADRO,451.0,451.0,451.0,451.0,0.0,True,True,True,True,PLACEHOLDER_CANDIDATE
2018-05-10,ADRO,433.26,433.26,433.26,433.26,0.0,True,True,True,True,PLACEHOLDER_CANDIDATE
2018-05-29,ADRO,463.85,463.85,463.85,463.85,0.0,True,True,True,True,PLACEHOLDER_CANDIDATE
2018-06-01,ADRO,480.41,480.41,480.41,480.41,0.0,True,True,True,True,PLACEHOLDER_CANDIDATE
2018-06-11,ADRO,493.15,493.15,493.15,493.15,0.0,True,True,True,True,PLACEHOLDER_CANDIDATE
2018-06-12,ADRO,493.15,493.15,493.15,493.15,0.0,True,True,True,True,PLACEHOLDER_CANDIDATE
2018-06-13,ADRO,493.15,493.15,493.15,493.15,0.0,True,True,True,True,PLACEHOLDER_CANDIDATE
2018-06-14,ADRO,493.15,493.15,493.15,493.15,0.0,True,True,True,True,PLACEHOLDER_CANDIDATE
2018-06-15,ADRO,493.15,493.15,493.15,493.15,0.0,True,True,True,True,PLACEHOLDER_CANDIDATE
2018-06-18,ADRO,493.15,493.15,493.15,493.15,0.0,True,True,True,True,PLACEHOLDER_CANDIDATE
2018-06-19,ADRO,493.15,493.15,493.15,493.15,0.0,True,True,True,True,PLACEHOLDER_CANDIDATE
2018-08-17,ADRO,453.65,453.65,453.65,453.65,0.0,True,True,True,True,PLACEHOLDER_CANDIDATE
2018-08-22,ADRO,479.14,479.14,479.14,479.14,0.0,True,True,True,True,PLACEHOLDER_CANDIDATE
2018-09-11,ADRO,442.18,442.18,442.18,442.18,0.0,True,True,True,True,PLACEHOLDER_CANDIDATE
2018-11-20,ADRO,378.47,378.47,378.47,378.47,0.0,True,True,True,True,PLACEHOLDER_CANDIDATE
2018-12-24,ADRO,318.58,318.58,318.58,318.58,0.0,True,True,True,True,PLACEHOLDER_CANDIDATE
2018-12-25,ADRO,318.58,318.58,318.58,318.58,0.0,True,True,True,True,PLACEHOLDER_CANDIDATE
2018-12-31,ADRO,318.38,318.38,318.38,318.38,0.0,True,True,True,True,PLACEHOLDER_CANDIDATE
2019-01-01,ADRO,318.38,318.38,318.38,318.38,0.0,True,True,True,True,PLACEHOLDER_CANDIDATE
2019-02-05,ADRO,356.38,356.38,356.38,356.38,0.0,True,True,True,True,PLACEHOLDER_CANDIDATE
2019-03-07,ADRO,356.38,356.38,356.38,356.38,0.0,True,True,True,True,PLACEHOLDER_CANDIDATE
2019-04-03,ADRO,347.21,347.21,347.21,347.21,0.0,True,True,True,True,PLACEHOLDER_CANDIDATE
2019-04-17,ADRO,341.97,341.97,341.97,341.97,0.0,True,True,True,True,PLACEHOLDER_CANDIDATE
2019-04-19,ADRO,339.35,339.35,339.35,339.35,0.0,True,True,True,True,PLACEHOLDER_CANDIDATE
2019-05-01,ADRO,341.97,341.97,341.97,341.97,0.0,True,True,True,True,PLACEHOLDER_CANDIDATE
2019-05-30,ADRO,348.07,348.07,348.07,348.07,0.0,True,True,True,True,PLACEHOLDER_CANDIDATE
2019-06-03,ADRO,354.92,354.92,354.92,354.92,0.0,True,True,True,True,PLACEHOLDER_CANDIDATE
2019-06-04,ADRO,354.92,354.92,354.92,354.92,0.0,True,True,True,True,PLACEHOLDER_CANDIDATE
2019-06-05,ADRO,354.92,354.92,354.92,354.92,0.0,True,True,True,True,PLACEHOLDER_CANDIDATE
2019-06-06,ADRO,354.92,354.92,354.92,354.92,0.0,True,True,True,True,PLACEHOLDER_CANDIDATE
2019-06-07,ADRO,354.92,354.92,354.92,354.92,0.0,True,True,True,True,PLACEHOLDER_CANDIDATE
2026-05-14,ADRO,2520.0,2520.0,2520.0,2520.0,0.0,True,True,True,True,PLACEHOLDER_CANDIDATE
2026-05-15,ADRO,2520.0,2520.0,2520.0,2520.0,0.0,True,True,True,True,PLACEHOLDER_CANDIDATE
2026-05-27,ADRO,2300.0,2300.0,2300.0,2300.0,0.0,True,True,True,True,PLACEHOLDER_CANDIDATE
2026-05-28,ADRO,2300.0,2300.0,2300.0,2300.0,0.0,True,True,True,True,PLACEHOLDER_CANDIDATE
2026-05-14,AGAR,240.0,240.0,240.0,240.0,0.0,True,True,True,True,PLACEHOLDER_CANDIDATE
2026-05-15,AGAR,240.0,240.0,240.0,240.0,0.0,True,True,True,True,PLACEHOLDER_CANDIDATE
2026-05-27,AGAR,218.0,218.0,218.0,218.0,0.0,True,True,True,True,PLACEHOLDER_CANDIDATE
2026-05-28,AGAR,218.0,218.0,218.0,218.0,0.0,True,True,True,True,PLACEHOLDER_CANDIDATE
2026-08-17,AGAR,1605.0,1605.0,1605.0,1605.0,0.0,True,True,True,True,PLACEHOLDER_CANDIDATE
2026-08-25,AGAR,1810.0,1810.0,1810.0,1810.0,0.0,True,True,True,True,PLACEHOLDER_CANDIDATE
2026-05-14,AGII,3006.7861328125,3006.7861328125,3006.7861328125,3006.7861328125,0.0,True,True,True,True,PLACEHOLDER_CANDIDATE
2026-05-15,AGII,3006.7861328125,3006.7861328125,3006.7861328125,3006.7861328125,0.0,True,True,True,True,PLACEHOLDER_CANDIDATE
2026-05-27,AGII,2688.186279296875,2688.186279296875,2688.186279296875,2688.186279296875,0.0,True,True,True,True,PLACEHOLDER_CANDIDATE
2026-05-28,AGII,2688.186279296875,2688.186279296875,2688.186279296875,2688.186279296875,0.0,True,True,True,True,PLACEHOLDER_CANDIDATE
2014-04-09,AGRO,95.93,95.93,95.93,95.93,0.0,True,True,True,True,PLACEHOLDER_CANDIDATE
2014-07-09,AGRO,82.15,82.15,82.15,82.15,0.0,True,True,True,True,PLACEHOLDER_CANDIDATE
2015-12-09,AGRO,86.37,86.37,86.37,86.37,0.0,True,True,True,True,PLACEHOLDER_CANDIDATE
2017-01-02,AGRO,346.24,346.24,346.24,346.24,0.0,True,True,True,True,PLACEHOLDER_CANDIDATE
2017-02-15,AGRO,775.89,775.89,775.89,775.89,0.0,True,True,True,True,PLACEHOLDER_CANDIDATE
2017-04-19,AGRO,722.07,722.07,722.07,722.07,0.0,True,True,True,True,PLACEHOLDER_CANDIDATE
2017-06-01,AGRO,705.25,705.25,705.25,705.25,0.0,True,True,True,True,PLACEHOLDER_CANDIDATE
2017-06-23,AGRO,705.01,705.01,705.01,705.01,0.0,True,True,True,True,PLACEHOLDER_CANDIDATE
2017-06-26,AGRO,705.01,705.01,705.01,705.01,0.0,True,True,True,True,PLACEHOLDER_CANDIDATE
2017-06-27,AGRO,705.01,705.01,705.01,705.01,0.0,True,True,True,True,PLACEHOLDER_CANDIDATE
2017-06-28,AGRO,705.01,705.01,705.01,705.01,0.0,True,True,True,True,PLACEHOLDER_CANDIDATE
2017-06-29,AGRO,705.01,705.01,705.01,705.01,0.0,True,True,True,True,PLACEHOLDER_CANDIDATE
2017-06-30,AGRO,705.01,705.01,705.01,705.01,0.0,True,True,True,True,PLACEHOLDER_CANDIDATE
2017-08-17,AGRO,545.65,545.65,545.65,545.65,0.0,True,True,True,True,PLACEHOLDER_CANDIDATE
2017-09-01,AGRO,492.54,492.54,492.54,492.54,0.0,True,True,True,True,PLACEHOLDER_CANDIDATE
2017-09-21,AGRO,550.48,550.48,550.48,550.48,0.0,True,True,True,True,PLACEHOLDER_CANDIDATE
2017-12-25,AGRO,507.02,507.02,507.02,507.02,0.0,True,True,True,True,PLACEHOLDER_CANDIDATE
2017-12-26,AGRO,507.02,507.02,507.02,507.02,0.0,True,True,True,True,PLACEHOLDER_CANDIDATE
2018-01-01,AGRO,507.02,507.02,507.02,507.02,0.0,True,True,True,True,PLACEHOLDER_CANDIDATE
2018-02-16,AGRO,536.0,536.0,536.0,536.0,0.0,True,True,True,True,PLACEHOLDER_CANDIDATE
2018-03-30,AGRO,409.48,409.48,409.48,409.48,0.0,True,True,True,True,PLACEHOLDER_CANDIDATE
2018-05-01,AGRO,369.54,369.54,369.54,369.54,0.0,True,True,True,True,PLACEHOLDER_CANDIDATE
2018-05-10,AGRO,336.47,336.47,336.47,336.47,0.0,True,True,True,True,PLACEHOLDER_CANDIDATE
2018-05-29,AGRO,385.1,385.1,385.1,385.1,0.0,True,True,True,True,PLACEHOLDER_CANDIDATE
2018-06-01,AGRO,367.59,367.59,367.59,367.59,0.0,True,True,True,True,PLACEHOLDER_CANDIDATE
2018-06-11,AGRO,361.76,361.76,361.76,361.76,0.0,True,True,True,True,PLACEHOLDER_CANDIDATE
2018-06-12,AGRO,361.76,361.76,361.76,361.76,0.0,True,True,True,True,PLACEHOLDER_CANDIDATE
2018-06-13,AGRO,361.76,361.76,361.76,361.76,0.0,True,True,True,True,PLACEHOLDER_CANDIDATE
2018-06-14,AGRO,361.76,361.76,361.76,361.76,0.0,True,True,True,True,PLACEHOLDER_CANDIDATE
2018-06-15,AGRO,361.76,361.76,361.76,361.76,0.0,True,True,True,True,PLACEHOLDER_CANDIDATE
2018-06-18,AGRO,361.76,361.76,361.76,361.76,0.0,True,True,True,True,PLACEHOLDER_CANDIDATE
2018-06-19,AGRO,361.76,361.76,361.76,361.76,0.0,True,True,True,True,PLACEHOLDER_CANDIDATE
2018-08-17,AGRO,348.14,348.14,348.14,348.14,0.0,True,True,True,True,PLACEHOLDER_CANDIDATE
2018-08-22,AGRO,357.87,357.87,357.87,357.87,0.0,True,True,True,True,PLACEHOLDER_CANDIDATE
2018-09-11,AGRO,342.31,342.31,342.31,342.31,0.0,True,True,True,True,PLACEHOLDER_CANDIDATE
2018-11-20,AGRO,303.41,303.41,303.41,303.41,0.0,True,True,True,True,PLACEHOLDER_CANDIDATE
2018-12-24,AGRO,303.41,303.41,303.41,303.41,0.0,True,True,True,True,PLACEHOLDER_CANDIDATE
2018-12-25,AGRO,303.41,303.41,303.41,303.41,0.0,True,True,True,True,PLACEHOLDER_CANDIDATE
2018-12-31,AGRO,301.47,301.47,301.47,301.47,0.0,True,True,True,True,PLACEHOLDER_CANDIDATE
2019-01-01,AGRO,301.47,301.47,301.47,301.47,0.0,True,True,True,True,PLACEHOLDER_CANDIDATE
2019-02-05,AGRO,328.69,328.69,328.69,328.69,0.0,True,True,True,True,PLACEHOLDER_CANDIDATE
2019-03-07,AGRO,320.92,320.92,320.92,320.92,0.0,True,True,True,True,PLACEHOLDER_CANDIDATE
2019-04-03,AGRO,315.08,315.08,315.08,315.08,0.0,True,True,True,True,PLACEHOLDER_CANDIDATE
2019-04-17,AGRO,322.87,322.87,322.87,322.87,0.0,True,True,True,True,PLACEHOLDER_CANDIDATE
2019-04-19,AGRO,322.87,322.87,322.87,322.87,0.0,True,True,True,True,PLACEHOLDER_CANDIDATE
2019-05-01,AGRO,317.0,317.0,317.0,317.0,0.0,True,True,True,True,PLACEHOLDER_CANDIDATE
2019-05-30,AGRO,273.95,273.95,273.95,273.95,0.0,True,True,True,True,PLACEHOLDER_CANDIDATE
2019-06-03,AGRO,275.91,275.91,275.91,275.91,0.0,True,True,True,True,PLACEHOLDER_CANDIDATE
2019-06-04,AGRO,275.91,275.91,275.91,275.91,0.0,True,True,True,True,PLACEHOLDER_CANDIDATE
2019-06-05,AGRO,275.91,275.91,275.91,275.91,0.0,True,True,True,True,PLACEHOLDER_CANDIDATE
2019-06-06,AGRO,275.91,275.91,275.91,275.91,0.0,True,True,True,True,PLACEHOLDER_CANDIDATE
2019-06-07,AGRO,275.91,275.91,275.91,275.91,0.0,True,True,True,True,PLACEHOLDER_CANDIDATE
2026-05-14,AGRO,179.0,179.0,179.0,179.0,0.0,True,True,True,True,PLACEHOLDER_CANDIDATE
2026-05-15,AGRO,179.0,179.0,179.0,179.0,0.0,True,True,True,True,PLACEHOLDER_CANDIDATE
2026-05-27,AGRO,164.0,164.0,164.0,164.0,0.0,True,True,True,True,PLACEHOLDER_CANDIDATE
2026-05-28,AGRO,164.0,164.0,164.0,164.0,0.0,True,True,True,True,PLACEHOLDER_CANDIDATE
2026-05-14,AGRS,67.0,67.0,67.0,67.0,0.0,True,True,True,True,PLACEHOLDER_CANDIDATE
2026-05-15,AGRS,67.0,67.0,67.0,67.0,0.0,True,True,True,True,PLACEHOLDER_CANDIDATE
2026-05-27,AGRS,64.0,64.0,64.0,64.0,0.0,True,True,True,True,PLACEHOLDER_CANDIDATE
2026-05-28,AGRS,64.0,64.0,64.0,64.0,0.0,True,True,True,True,PLACEHOLDER_CANDIDATE
2026-05-14,AHAP,105.0,105.0,105.0,105.0,0.0,True,True,True,True,PLACEHOLDER_CANDIDATE
2026-05-15,AHAP,105.0,105.0,105.0,105.0,0.0,True,True,True,True,PLACEHOLDER_CANDIDATE
2026-05-27,AHAP,87.0,87.0,87.0,87.0,0.0,True,True,True,True,PLACEHOLDER_CANDIDATE
2026-05-28,AHAP,87.0,87.0,87.0,87.0,0.0,True,True,True,True,PLACEHOLDER_CANDIDATE
2026-08-25,AHAP,98.0,98.0,98.0,98.0,0.0,True,True,True,True,PLACEHOLDER_CANDIDATE
2026-05-14,AIMS,440.0,440.0,440.0,440.0,0.0,True,True,True,True,PLACEHOLDER_CANDIDATE
2026-05-15,AIMS,440.0,440.0,440.0,440.0,0.0,True,True,True,True,PLACEHOLDER_CANDIDATE
2026-05-27,AIMS,406.0,406.0,406.0,406.0,0.0,True,True,True,True,PLACEHOLDER_CANDIDATE
2026-05-28,AIMS,406.0,406.0,406.0,406.0,0.0,True,True,True,True,PLACEHOLDER_CANDIDATE
2026-08-25,AIMS,382.0,382.0,382.0,382.0,0.0,True,True,True,True,PLACEHOLDER_CANDIDATE
2026-05-14,AISA,122.0,122.0,122.0,122.0,0.0,True,True,True,True,PLACEHOLDER_CANDIDATE
2026-05-15,AISA,122.0,122.0,122.0,122.0,0.0,True,True,True,True,PLACEHOLDER_CANDIDATE
2026-05-27,AISA,107.0,107.0,107.0,107.0,0.0,True,True,True,True,PLACEHOLDER_CANDIDATE
2026-05-28,AISA,107.0,107.0,107.0,107.0,0.0,True,True,True,True,PLACEHOLDER_CANDIDATE
2026-05-01,AKKU,38.0,38.0,38.0,38.0,0.0,True,True,True,True,PLACEHOLDER_CANDIDATE
2026-05-14,AKKU,38.0,38.0,38.0,38.0,0.0,True,True,True,True,PLACEHOLDER_CANDIDATE
2026-05-15,AKKU,38.0,38.0,38.0,38.0,0.0,True,True,True,True,PLACEHOLDER_CANDIDATE
2026-05-27,AKKU,38.0,38.0,38.0,38.0,0.0,True,True,True,True,PLACEHOLDER_CANDIDATE
2026-05-28,AKKU,38.0,38.0,38.0,38.0,0.0,True,True,True,True,PLACEHOLDER_CANDIDATE
2026-06-01,AKKU,38.0,38.0,38.0,38.0,0.0,True,True,True,True,PLACEHOLDER_CANDIDATE
2026-06-16,AKKU,38.0,38.0,38.0,38.0,0.0,True,True,True,True,PLACEHOLDER_CANDIDATE
2026-08-17,AKKU,38.0,38.0,38.0,38.0,0.0,True,True,True,True,PLACEHOLDER_CANDIDATE
2026-08-25,AKKU,38.0,38.0,38.0,38.0,0.0,True,True,True,True,PLACEHOLDER_CANDIDATE
2026-05-14,AKPI,525.5862426757812,525.5862426757812,525.5862426757812,525.5862426757812,0.0,True,True,True,True,PLACEHOLDER_CANDIDATE
2026-05-15,AKPI,525.5862426757812,525.5862426757812,525.5862426757812,525.5862426757812,0.0,True,True,True,True,PLACEHOLDER_CANDIDATE
2026-05-27,AKPI,510.8501892089844,510.8501892089844,510.8501892089844,510.8501892089844,0.0,True,True,True,True,PLACEHOLDER_CANDIDATE
2026-05-28,AKPI,510.8501892089844,510.8501892089844,510.8501892089844,510.8501892089844,0.0,True,True,True,True,PLACEHOLDER_CANDIDATE
2026-08-25,AKPI,505.0,505.0,505.0,505.0,0.0,True,True,True,True,PLACEHOLDER_CANDIDATE
2026-05-14,AKRA,1405.34130859375,1405.34130859375,1405.34130859375,1405.34130859375,0.0,True,True,True,True,PLACEHOLDER_CANDIDATE
2026-05-15,AKRA,1405.34130859375,1405.34130859375,1405.34130859375,1405.34130859375,0.0,True,True,True,True,PLACEHOLDER_CANDIDATE
2026-05-27,AKRA,1245.97265625,1245.97265625,1245.97265625,1245.97265625,0.0,True,True,True,True,PLACEHOLDER_CANDIDATE
2026-05-28,AKRA,1245.97265625,1245.97265625,1245.97265625,1245.97265625,0.0,True,True,True,True,PLACEHOLDER_CANDIDATE
2026-05-14,AKSI,292.0,292.0,292.0,292.0,0.0,True,True,True,True,PLACEHOLDER_CANDIDATE
2026-05-15,AKSI,292.0,292.0,292.0,292.0,0.0,True,True,True,True,PLACEHOLDER_CANDIDATE
2026-05-27,AKSI,240.0,240.0,240.0,240.0,0.0,True,True,True,True,PLACEHOLDER_CANDIDATE
2026-05-28,AKSI,240.0,240.0,240.0,240.0,0.0,True,True,True,True,PLACEHOLDER_CANDIDATE
2026-08-25,AKSI,238.0,238.0,238.0,238.0,0.0,True,True,True,True,PLACEHOLDER_CANDIDATE
2026-05-14,ALDO,654.525390625,654.525390625,654.525390625,654.525390625,0.0,True,True,True,True,PLACEHOLDER_CANDIDATE
2026-05-15,ALDO,654.525390625,654.525390625,654.525390625,654.525390625,0.0,True,True,True,True,PLACEHOLDER_CANDIDATE
2026-05-27,ALDO,684.503662109375,684.503662109375,684.503662109375,684.503662109375,0.0,True,True,True,True,PLACEHOLDER_CANDIDATE
2026-05-28,ALDO,684.503662109375,684.503662109375,684.503662109375,684.503662109375,0.0,True,True,True,True,PLACEHOLDER_CANDIDATE
2026-05-14,ALKA,575.0,575.0,575.0,575.0,0.0,True,True,True,True,PLACEHOLDER_CANDIDATE
2026-05-15,ALKA,575.0,575.0,575.0,575.0,0.0,True,True,True,True,PLACEHOLDER_CANDIDATE
2026-05-27,ALKA,482.0,482.0,482.0,482.0,0.0,True,True,True,True,PLACEHOLDER_CANDIDATE
2026-05-28,ALKA,482.0,482.0,482.0,482.0,0.0,True,True,True,True,PLACEHOLDER_CANDIDATE
2026-08-17,ALKA,2610.0,2610.0,2610.0,2610.0,0.0,True,True,True,True,PLACEHOLDER_CANDIDATE
2026-08-25,ALKA,4580.0,4580.0,4580.0,4580.0,0.0,True,True,True,True,PLACEHOLDER_CANDIDATE
2026-05-01,ALMI,74.0,74.0,74.0,74.0,0.0,True,True,True,True,PLACEHOLDER_CANDIDATE
2026-05-14,ALMI,74.0,74.0,74.0,74.0,0.0,True,True,True,True,PLACEHOLDER_CANDIDATE
2026-05-15,ALMI,74.0,74.0,74.0,74.0,0.0,True,True,True,True,PLACEHOLDER_CANDIDATE
2026-05-27,ALMI,74.0,74.0,74.0,74.0,0.0,True,True,True,True,PLACEHOLDER_CANDIDATE
2026-05-28,ALMI,74.0,74.0,74.0,74.0,0.0,True,True,True,True,PLACEHOLDER_CANDIDATE
2026-06-01,ALMI,74.0,74.0,74.0,74.0,0.0,True,True,True,True,PLACEHOLDER_CANDIDATE
2026-06-16,ALMI,74.0,74.0,74.0,74.0,0.0,True,True,True,True,PLACEHOLDER_CANDIDATE
2026-08-17,ALMI,74.0,74.0,74.0,74.0,0.0,True,True,True,True,PLACEHOLDER_CANDIDATE
2026-08-25,ALMI,74.0,74.0,74.0,74.0,0.0,True,True,True,True,PLACEHOLDER_CANDIDATE
2014-04-09,ALTO,540.0,540.0,540.0,540.0,0.0,True,True,True,True,PLACEHOLDER_CANDIDATE
2014-07-09,ALTO,525.0,525.0,525.0,525.0,0.0,True,True,True,True,PLACEHOLDER_CANDIDATE
2015-12-09,ALTO,350.0,350.0,350.0,350.0,0.0,True,True,True,True,PLACEHOLDER_CANDIDATE
2017-01-02,ALTO,330.0,330.0,330.0,330.0,0.0,True,True,True,True,PLACEHOLDER_CANDIDATE
2017-02-15,ALTO,330.0,330.0,330.0,330.0,0.0,True,True,True,True,PLACEHOLDER_CANDIDATE
2017-04-19,ALTO,316.0,316.0,316.0,316.0,0.0,True,True,True,True,PLACEHOLDER_CANDIDATE
2017-06-01,ALTO,322.0,322.0,322.0,322.0,0.0,True,True,True,True,PLACEHOLDER_CANDIDATE
2017-06-23,ALTO,320.0,320.0,320.0,320.0,0.0,True,True,True,True,PLACEHOLDER_CANDIDATE
2017-06-26,ALTO,320.0,320.0,320.0,320.0,0.0,True,True,True,True,PLACEHOLDER_CANDIDATE
2017-06-27,ALTO,320.0,320.0,320.0,320.0,0.0,True,True,True,True,PLACEHOLDER_CANDIDATE
2017-06-28,ALTO,320.0,320.0,320.0,320.0,0.0,True,True,True,True,PLACEHOLDER_CANDIDATE
2017-06-29,ALTO,320.0,320.0,320.0,320.0,0.0,True,True,True,True,PLACEHOLDER_CANDIDATE
2017-06-30,ALTO,320.0,320.0,320.0,320.0,0.0,True,True,True,True,PLACEHOLDER_CANDIDATE
2017-08-17,ALTO,296.0,296.0,296.0,296.0,0.0,True,True,True,True,PLACEHOLDER_CANDIDATE
2017-09-01,ALTO,310.0,310.0,310.0,310.0,0.0,True,True,True,True,PLACEHOLDER_CANDIDATE
2017-09-21,ALTO,320.0,320.0,320.0,320.0,0.0,True,True,True,True,PLACEHOLDER_CANDIDATE
2017-12-25,ALTO,390.0,390.0,390.0,390.0,0.0,True,True,True,True,PLACEHOLDER_CANDIDATE
2017-12-26,ALTO,390.0,390.0,390.0,390.0,0.0,True,True,True,True,PLACEHOLDER_CANDIDATE
2018-01-01,ALTO,388.0,388.0,388.0,388.0,0.0,True,True,True,True,PLACEHOLDER_CANDIDATE
2018-02-16,ALTO,348.0,348.0,348.0,348.0,0.0,True,True,True,True,PLACEHOLDER_CANDIDATE
2018-03-30,ALTO,370.0,370.0,370.0,370.0,0.0,True,True,True,True,PLACEHOLDER_CANDIDATE
2018-05-01,ALTO,396.0,396.0,396.0,396.0,0.0,True,True,True,True,PLACEHOLDER_CANDIDATE
2018-05-10,ALTO,400.0,400.0,400.0,400.0,0.0,True,True,True,True,PLACEHOLDER_CANDIDATE
2018-05-29,ALTO,398.0,398.0,398.0,398.0,0.0,True,True,True,True,PLACEHOLDER_CANDIDATE
2018-06-01,ALTO,394.0,394.0,394.0,394.0,0.0,True,True,True,True,PLACEHOLDER_CANDIDATE
2018-06-11,ALTO,396.0,396.0,396.0,396.0,0.0,True,True,True,True,PLACEHOLDER_CANDIDATE
2018-06-12,ALTO,396.0,396.0,396.0,396.0,0.0,True,True,True,True,PLACEHOLDER_CANDIDATE
2018-06-13,ALTO,396.0,396.0,396.0,396.0,0.0,True,True,True,True,PLACEHOLDER_CANDIDATE
2018-06-14,ALTO,396.0,396.0,396.0,396.0,0.0,True,True,True,True,PLACEHOLDER_CANDIDATE
2018-06-15,ALTO,396.0,396.0,396.0,396.0,0.0,True,True,True,True,PLACEHOLDER_CANDIDATE
2018-06-18,ALTO,396.0,396.0,396.0,396.0,0.0,True,True,True,True,PLACEHOLDER_CANDIDATE
2018-06-19,ALTO,396.0,396.0,396.0,396.0,0.0,True,True,True,True,PLACEHOLDER_CANDIDATE
2018-08-17,ALTO,386.0,386.0,386.0,386.0,0.0,True,True,True,True,PLACEHOLDER_CANDIDATE
2018-08-22,ALTO,388.0,388.0,388.0,388.0,0.0,True,True,True,True,PLACEHOLDER_CANDIDATE
2018-09-11,ALTO,386.0,386.0,386.0,386.0,0.0,True,True,True,True,PLACEHOLDER_CANDIDATE
2018-11-20,ALTO,400.0,400.0,400.0,400.0,0.0,True,True,True,True,PLACEHOLDER_CANDIDATE
2018-12-24,ALTO,400.0,400.0,400.0,400.0,0.0,True,True,True,True,PLACEHOLDER_CANDIDATE
2018-12-25,ALTO,400.0,400.0,400.0,400.0,0.0,True,True,True,True,PLACEHOLDER_CANDIDATE
2018-12-31,ALTO,400.0,400.0,400.0,400.0,0.0,True,True,True,True,PLACEHOLDER_CANDIDATE
2019-01-01,ALTO,400.0,400.0,400.0,400.0,0.0,True,True,True,True,PLACEHOLDER_CANDIDATE
2019-02-05,ALTO,400.0,400.0,400.0,400.0,0.0,True,True,True,True,PLACEHOLDER_CANDIDATE
2019-03-07,ALTO,394.0,394.0,394.0,394.0,0.0,True,True,True,True,PLACEHOLDER_CANDIDATE
2019-04-03,ALTO,396.0,396.0,396.0,396.0,0.0,True,True,True,True,PLACEHOLDER_CANDIDATE
2019-04-17,ALTO,396.0,396.0,396.0,396.0,0.0,True,True,True,True,PLACEHOLDER_CANDIDATE
2019-04-19,ALTO,390.0,390.0,390.0,390.0,0.0,True,True,True,True,PLACEHOLDER_CANDIDATE
2019-05-01,ALTO,390.0,390.0,390.0,390.0,0.0,True,True,True,True,PLACEHOLDER_CANDIDATE
2019-05-30,ALTO,396.0,396.0,396.0,396.0,0.0,True,True,True,True,PLACEHOLDER_CANDIDATE
2019-06-03,ALTO,396.0,396.0,396.0,396.0,0.0,True,True,True,True,PLACEHOLDER_CANDIDATE
2019-06-04,ALTO,396.0,396.0,396.0,396.0,0.0,True,True,True,True,PLACEHOLDER_CANDIDATE
2019-06-05,ALTO,396.0,396.0,396.0,396.0,0.0,True,True,True,True,PLACEHOLDER_CANDIDATE
2019-06-06,ALTO,396.0,396.0,396.0,396.0,0.0,True,True,True,True,PLACEHOLDER_CANDIDATE
2019-06-07,ALTO,396.0,396.0,396.0,396.0,0.0,True,True,True,True,PLACEHOLDER_CANDIDATE
2026-05-01,ALTO,18.0,18.0,18.0,18.0,0.0,True,True,True,True,PLACEHOLDER_CANDIDATE
2026-05-14,ALTO,18.0,18.0,18.0,18.0,0.0,True,True,True,True,PLACEHOLDER_CANDIDATE
2026-05-15,ALTO,18.0,18.0,18.0,18.0,0.0,True,True,True,True,PLACEHOLDER_CANDIDATE
2026-05-27,ALTO,18.0,18.0,18.0,18.0,0.0,True,True,True,True,PLACEHOLDER_CANDIDATE
2026-05-28,ALTO,18.0,18.0,18.0,18.0,0.0,True,True,True,True,PLACEHOLDER_CANDIDATE
2026-06-01,ALTO,18.0,18.0,18.0,18.0,0.0,True,True,True,True,PLACEHOLDER_CANDIDATE
2026-06-16,ALTO,18.0,18.0,18.0,18.0,0.0,True,True,True,True,PLACEHOLDER_CANDIDATE
2026-08-17,ALTO,18.0,18.0,18.0,18.0,0.0,True,True,True,True,PLACEHOLDER_CANDIDATE
2026-08-25,ALTO,18.0,18.0,18.0,18.0,0.0,True,True,True,True,PLACEHOLDER_CANDIDATE
2026-05-14,AMAG,404.0,404.0,404.0,404.0,0.0,True,True,True,True,PLACEHOLDER_CANDIDATE
2026-05-15,AMAG,404.0,404.0,404.0,404.0,0.0,True,True,True,True,PLACEHOLDER_CANDIDATE
2026-05-27,AMAG,394.0,394.0,394.0,394.0,0.0,True,True,True,True,PLACEHOLDER_CANDIDATE
2026-05-28,AMAG,394.0,394.0,394.0,394.0,0.0,True,True,True,True,PLACEHOLDER_CANDIDATE
2026-05-14,AMAN,278.0,278.0,278.0,278.0,0.0,True,True,True,True,PLACEHOLDER_CANDIDATE
2026-05-15,AMAN,278.0,278.0,278.0,278.0,0.0,True,True,True,True,PLACEHOLDER_CANDIDATE
2026-05-27,AMAN,256.0,256.0,256.0,256.0,0.0,True,True,True,True,PLACEHOLDER_CANDIDATE
2026-05-28,AMAN,256.0,256.0,256.0,256.0,0.0,True,True,True,True,PLACEHOLDER_CANDIDATE
2026-05-14,AMAR,187.6265563964844,187.6265563964844,187.6265563964844,187.6265563964844,0.0,True,True,True,True,PLACEHOLDER_CANDIDATE
2026-05-15,AMAR,187.6265563964844,187.6265563964844,187.6265563964844,187.6265563964844,0.0,True,True,True,True,PLACEHOLDER_CANDIDATE
2026-05-27,AMAR,186.6741485595703,186.6741485595703,186.6741485595703,186.6741485595703,0.0,True,True,True,True,PLACEHOLDER_CANDIDATE
2026-05-28,AMAR,186.6741485595703,186.6741485595703,186.6741485595703,186.6741485595703,0.0,True,True,True,True,PLACEHOLDER_CANDIDATE
2026-05-14,AMFG,3165.3095703125,3165.3095703125,3165.3095703125,3165.3095703125,0.0,True,True,True,True,PLACEHOLDER_CANDIDATE
2026-05-15,AMFG,3165.3095703125,3165.3095703125,3165.3095703125,3165.3095703125,0.0,True,True,True,True,PLACEHOLDER_CANDIDATE
2026-05-27,AMFG,3048.4365234375,3048.4365234375,3048.4365234375,3048.4365234375,0.0,True,True,True,True,PLACEHOLDER_CANDIDATE
2026-05-28,AMFG,3048.4365234375,3048.4365234375,3048.4365234375,3048.4365234375,0.0,True,True,True,True,PLACEHOLDER_CANDIDATE
2026-08-25,AMFG,3330.0,3330.0,3330.0,3330.0,0.0,True,True,True,True,PLACEHOLDER_CANDIDATE
2026-05-14,AMIN,252.0,252.0,252.0,252.0,0.0,True,True,True,True,PLACEHOLDER_CANDIDATE
2026-05-15,AMIN,252.0,252.0,252.0,252.0,0.0,True,True,True,True,PLACEHOLDER_CANDIDATE
2026-05-27,AMIN,254.0,254.0,254.0,254.0,0.0,True,True,True,True,PLACEHOLDER_CANDIDATE
2026-05-28,AMIN,254.0,254.0,254.0,254.0,0.0,True,True,True,True,PLACEHOLDER_CANDIDATE
2026-05-14,AMMN,3700.0,3700.0,3700.0,3700.0,0.0,True,True,True,True,PLACEHOLDER_CANDIDATE
2026-05-15,AMMN,3700.0,3700.0,3700.0,3700.0,0.0,True,True,True,True,PLACEHOLDER_CANDIDATE
2026-05-27,AMMN,3110.0,3110.0,3110.0,3110.0,0.0,True,True,True,True,PLACEHOLDER_CANDIDATE
2026-05-28,AMMN,3110.0,3110.0,3110.0,3110.0,0.0,True,True,True,True,PLACEHOLDER_CANDIDATE
2026-05-14,AMMS,394.0,394.0,394.0,394.0,0.0,True,True,True,True,PLACEHOLDER_CANDIDATE
2026-05-15,AMMS,394.0,394.0,394.0,394.0,0.0,True,True,True,True,PLACEHOLDER_CANDIDATE
2026-05-27,AMMS,378.0,378.0,378.0,378.0,0.0,True,True,True,True,PLACEHOLDER_CANDIDATE
2026-05-28,AMMS,378.0,378.0,378.0,378.0,0.0,True,True,True,True,PLACEHOLDER_CANDIDATE
2026-05-14,AMOR,356.0,356.0,356.0,356.0,0.0,True,True,True,True,PLACEHOLDER_CANDIDATE
2026-05-15,AMOR,356.0,356.0,356.0,356.0,0.0,True,True,True,True,PLACEHOLDER_CANDIDATE
2026-05-27,AMOR,350.0,350.0,350.0,350.0,0.0,True,True,True,True,PLACEHOLDER_CANDIDATE
2026-05-28,AMOR,350.0,350.0,350.0,350.0,0.0,True,True,True,True,PLACEHOLDER_CANDIDATE
2026-05-14,AMRT,1372.292724609375,1372.292724609375,1372.292724609375,1372.292724609375,0.0,True,True,True,True,PLACEHOLDER_CANDIDATE
2026-05-15,AMRT,1372.292724609375,1372.292724609375,1372.292724609375,1372.292724609375,0.0,True,True,True,True,PLACEHOLDER_CANDIDATE
2026-05-27,AMRT,1154.0836181640625,1154.0836181640625,1154.0836181640625,1154.0836181640625,0.0,True,True,True,True,PLACEHOLDER_CANDIDATE
2026-05-28,AMRT,1154.0836181640625,1154.0836181640625,1154.0836181640625,1154.0836181640625,0.0,True,True,True,True,PLACEHOLDER_CANDIDATE
2026-05-14,ANDI,23.0,23.0,23.0,23.0,0.0,True,True,True,True,PLACEHOLDER_CANDIDATE
2026-05-15,ANDI,23.0,23.0,23.0,23.0,0.0,True,True,True,True,PLACEHOLDER_CANDIDATE
2026-05-27,ANDI,19.0,19.0,19.0,19.0,0.0,True,True,True,True,PLACEHOLDER_CANDIDATE
2026-05-28,ANDI,19.0,19.0,19.0,19.0,0.0,True,True,True,True,PLACEHOLDER_CANDIDATE
2026-05-14,ANJT,1770.0,1770.0,1770.0,1770.0,0.0,True,True,True,True,PLACEHOLDER_CANDIDATE
2026-05-15,ANJT,1770.0,1770.0,1770.0,1770.0,0.0,True,True,True,True,PLACEHOLDER_CANDIDATE
2026-05-27,ANJT,1690.0,1690.0,1690.0,1690.0,0.0,True,True,True,True,PLACEHOLDER_CANDIDATE
2026-05-28,ANJT,1690.0,1690.0,1690.0,1690.0,0.0,True,True,True,True,PLACEHOLDER_CANDIDATE
2014-04-09,ANTM,704.21,704.21,704.21,704.21,0.0,True,True,True,True,PLACEHOLDER_CANDIDATE
2014-07-09,ANTM,719.4,719.4,719.4,719.4,0.0,True,True,True,True,PLACEHOLDER_CANDIDATE
2015-12-09,ANTM,234.4,234.4,234.4,234.4,0.0,True,True,True,True,PLACEHOLDER_CANDIDATE
2017-01-02,ANTM,672.39,672.39,672.39,672.39,0.0,True,True,True,True,PLACEHOLDER_CANDIDATE
2017-02-15,ANTM,601.02,601.02,601.02,601.02,0.0,True,True,True,True,PLACEHOLDER_CANDIDATE
2017-04-19,ANTM,533.41,533.41,533.41,533.41,0.0,True,True,True,True,PLACEHOLDER_CANDIDATE
2017-06-01,ANTM,582.24,582.24,582.24,582.24,0.0,True,True,True,True,PLACEHOLDER_CANDIDATE
2017-06-23,ANTM,522.14,522.14,522.14,522.14,0.0,True,True,True,True,PLACEHOLDER_CANDIDATE
2017-06-26,ANTM,522.14,522.14,522.14,522.14,0.0,True,True,True,True,PLACEHOLDER_CANDIDATE
2017-06-27,ANTM,522.14,522.14,522.14,522.14,0.0,True,True,True,True,PLACEHOLDER_CANDIDATE
2017-06-28,ANTM,522.14,522.14,522.14,522.14,0.0,True,True,True,True,PLACEHOLDER_CANDIDATE
2017-06-29,ANTM,522.14,522.14,522.14,522.14,0.0,True,True,True,True,PLACEHOLDER_CANDIDATE
2017-06-30,ANTM,522.14,522.14,522.14,522.14,0.0,True,True,True,True,PLACEHOLDER_CANDIDATE
2017-08-17,ANTM,510.87,510.87,510.87,510.87,0.0,True,True,True,True,PLACEHOLDER_CANDIDATE
2017-09-01,ANTM,555.94,555.94,555.94,555.94,0.0,True,True,True,True,PLACEHOLDER_CANDIDATE
2017-09-21,ANTM,510.87,510.87,510.87,510.87,0.0,True,True,True,True,PLACEHOLDER_CANDIDATE
2017-12-25,ANTM,473.3,473.3,473.3,473.3,0.0,True,True,True,True,PLACEHOLDER_CANDIDATE
2017-12-26,ANTM,473.3,473.3,473.3,473.3,0.0,True,True,True,True,PLACEHOLDER_CANDIDATE
2018-01-01,ANTM,469.55,469.55,469.55,469.55,0.0,True,True,True,True,PLACEHOLDER_CANDIDATE
2018-02-16,ANTM,683.66,683.66,683.66,683.66,0.0,True,True,True,True,PLACEHOLDER_CANDIDATE
2018-03-30,ANTM,582.24,582.24,582.24,582.24,0.0,True,True,True,True,PLACEHOLDER_CANDIDATE
2018-05-01,ANTM,636.18,636.18,636.18,636.18,0.0,True,True,True,True,PLACEHOLDER_CANDIDATE
2018-05-10,ANTM,606.07,606.07,606.07,606.07,0.0,True,True,True,True,PLACEHOLDER_CANDIDATE
2018-05-29,ANTM,643.71,643.71,643.71,643.71,0.0,True,True,True,True,PLACEHOLDER_CANDIDATE
2018-06-01,ANTM,651.24,651.24,651.24,651.24,0.0,True,True,True,True,PLACEHOLDER_CANDIDATE
2018-06-11,ANTM,681.35,681.35,681.35,681.35,0.0,True,True,True,True,PLACEHOLDER_CANDIDATE
2018-06-12,ANTM,681.35,681.35,681.35,681.35,0.0,True,True,True,True,PLACEHOLDER_CANDIDATE
2018-06-13,ANTM,681.35,681.35,681.35,681.35,0.0,True,True,True,True,PLACEHOLDER_CANDIDATE
2018-06-14,ANTM,681.35,681.35,681.35,681.35,0.0,True,True,True,True,PLACEHOLDER_CANDIDATE
2018-06-15,ANTM,681.35,681.35,681.35,681.35,0.0,True,True,True,True,PLACEHOLDER_CANDIDATE
2018-06-18,ANTM,681.35,681.35,681.35,681.35,0.0,True,True,True,True,PLACEHOLDER_CANDIDATE
2018-06-19,ANTM,681.35,681.35,681.35,681.35,0.0,True,True,True,True,PLACEHOLDER_CANDIDATE
2018-08-17,ANTM,624.89,624.89,624.89,624.89,0.0,True,True,True,True,PLACEHOLDER_CANDIDATE
2018-08-22,ANTM,628.65,628.65,628.65,628.65,0.0,True,True,True,True,PLACEHOLDER_CANDIDATE
2018-09-11,ANTM,598.54,598.54,598.54,598.54,0.0,True,True,True,True,PLACEHOLDER_CANDIDATE
2018-11-20,ANTM,508.19,508.19,508.19,508.19,0.0,True,True,True,True,PLACEHOLDER_CANDIDATE
2018-12-24,ANTM,579.72,579.72,579.72,579.72,0.0,True,True,True,True,PLACEHOLDER_CANDIDATE
2018-12-25,ANTM,579.72,579.72,579.72,579.72,0.0,True,True,True,True,PLACEHOLDER_CANDIDATE
2018-12-31,ANTM,575.95,575.95,575.95,575.95,0.0,True,True,True,True,PLACEHOLDER_CANDIDATE
2019-01-01,ANTM,575.95,575.95,575.95,575.95,0.0,True,True,True,True,PLACEHOLDER_CANDIDATE
2019-02-05,ANTM,760.41,760.41,760.41,760.41,0.0,True,True,True,True,PLACEHOLDER_CANDIDATE
2019-03-07,ANTM,786.76,786.76,786.76,786.76,0.0,True,True,True,True,PLACEHOLDER_CANDIDATE
2019-04-03,ANTM,692.65,692.65,692.65,692.65,0.0,True,True,True,True,PLACEHOLDER_CANDIDATE
2019-04-17,ANTM,673.83,673.83,673.83,673.83,0.0,True,True,True,True,PLACEHOLDER_CANDIDATE
2019-04-19,ANTM,666.3,666.3,666.3,666.3,0.0,True,True,True,True,PLACEHOLDER_CANDIDATE
2019-05-01,ANTM,651.24,651.24,651.24,651.24,0.0,True,True,True,True,PLACEHOLDER_CANDIDATE
2019-05-30,ANTM,547.13,547.13,547.13,547.13,0.0,True,True,True,True,PLACEHOLDER_CANDIDATE
2019-06-03,ANTM,554.78,554.78,554.78,554.78,0.0,True,True,True,True,PLACEHOLDER_CANDIDATE
2019-06-04,ANTM,554.78,554.78,554.78,554.78,0.0,True,True,True,True,PLACEHOLDER_CANDIDATE
2019-06-05,ANTM,554.78,554.78,554.78,554.78,0.0,True,True,True,True,PLACEHOLDER_CANDIDATE
2019-06-06,ANTM,554.78,554.78,554.78,554.78,0.0,True,True,True,True,PLACEHOLDER_CANDIDATE
2019-06-07,ANTM,554.78,554.78,554.78,554.78,0.0,True,True,True,True,PLACEHOLDER_CANDIDATE
2026-05-14,ANTM,3261.38,3261.38,3261.38,3261.38,0.0,True,True,True,True,PLACEHOLDER_CANDIDATE
2026-05-15,ANTM,3261.38,3261.38,3261.38,3261.38,0.0,True,True,True,True,PLACEHOLDER_CANDIDATE
2026-05-27,ANTM,2758.19,2758.19,2758.19,2758.19,0.0,True,True,True,True,PLACEHOLDER_CANDIDATE
2026-05-28,ANTM,2758.19,2758.19,2758.19,2758.19,0.0,True,True,True,True,PLACEHOLDER_CANDIDATE
2026-08-25,ANTM,3190.0,3190.0,3190.0,3190.0,0.0,True,True,True,True,PLACEHOLDER_CANDIDATE
2026-05-14,APEX,170.0,170.0,170.0,170.0,0.0,True,True,True,True,PLACEHOLDER_CANDIDATE
2026-05-15,APEX,170.0,170.0,170.0,170.0,0.0,True,True,True,True,PLACEHOLDER_CANDIDATE
2026-05-27,APEX,139.0,139.0,139.0,139.0,0.0,True,True,True,True,PLACEHOLDER_CANDIDATE
2026-05-28,APEX,139.0,139.0,139.0,139.0,0.0,True,True,True,True,PLACEHOLDER_CANDIDATE
2026-08-25,APEX,189.0,189.0,189.0,189.0,0.0,True,True,True,True,PLACEHOLDER_CANDIDATE
2026-05-14,APIC,1755.0,1755.0,1755.0,1755.0,0.0,True,True,True,True,PLACEHOLDER_CANDIDATE
2026-05-15,APIC,1755.0,1755.0,1755.0,1755.0,0.0,True,True,True,True,PLACEHOLDER_CANDIDATE
2026-05-27,APIC,1150.0,1150.0,1150.0,1150.0,0.0,True,True,True,True,PLACEHOLDER_CANDIDATE
2026-05-28,APIC,1150.0,1150.0,1150.0,1150.0,0.0,True,True,True,True,PLACEHOLDER_CANDIDATE
2026-05-14,APII,186.8022003173828,186.8022003173828,186.8022003173828,186.8022003173828,0.0,True,True,True,True,PLACEHOLDER_CANDIDATE
2026-05-15,APII,186.8022003173828,186.8022003173828,186.8022003173828,186.8022003173828,0.0,True,True,True,True,PLACEHOLDER_CANDIDATE
2026-05-27,APII,187.78021240234372,187.78021240234372,187.78021240234372,187.78021240234372,0.0,True,True,True,True,PLACEHOLDER_CANDIDATE
2026-05-28,APII,187.78021240234372,187.78021240234372,187.78021240234372,187.78021240234372,0.0,True,True,True,True,PLACEHOLDER_CANDIDATE
2026-05-14,APLI,196.5598297119141,196.5598297119141,196.5598297119141,196.5598297119141,0.0,True,True,True,True,PLACEHOLDER_CANDIDATE
2026-05-15,APLI,196.5598297119141,196.5598297119141,196.5598297119141,196.5598297119141,0.0,True,True,True,True,PLACEHOLDER_CANDIDATE
2026-05-27,APLI,227.8702392578125,227.8702392578125,227.8702392578125,227.8702392578125,0.0,True,True,True,True,PLACEHOLDER_CANDIDATE
2026-05-28,APLI,227.8702392578125,227.8702392578125,227.8702392578125,227.8702392578125,0.0,True,True,True,True,PLACEHOLDER_CANDIDATE
2026-08-25,APLI,268.0,268.0,268.0,268.0,0.0,True,True,True,True,PLACEHOLDER_CANDIDATE
2026-05-14,APLN,172.0,172.0,172.0,172.0,0.0,True,True,True,True,PLACEHOLDER_CANDIDATE
2026-05-15,APLN,172.0,172.0,172.0,172.0,0.0,True,True,True,True,PLACEHOLDER_CANDIDATE
2026-05-27,APLN,141.0,141.0,141.0,141.0,0.0,True,True,True,True,PLACEHOLDER_CANDIDATE
2026-05-28,APLN,141.0,141.0,141.0,141.0,0.0,True,True,True,True,PLACEHOLDER_CANDIDATE
2026-05-14,ARCI,1385.89013671875,1385.89013671875,1385.89013671875,1385.89013671875,0.0,True,True,True,True,PLACEHOLDER_CANDIDATE
2026-05-15,ARCI,1385.89013671875,1385.89013671875,1385.89013671875,1385.89013671875,0.0,True,True,True,True,PLACEHOLDER_CANDIDATE
2026-05-27,ARCI,1205.0,1205.0,1205.0,1205.0,0.0,True,True,True,True,PLACEHOLDER_CANDIDATE
2026-05-28,ARCI,1205.0,1205.0,1205.0,1205.0,0.0,True,True,True,True,PLACEHOLDER_CANDIDATE
2026-05-14,AREA,306.0,306.0,306.0,306.0,0.0,True,True,True,True,PLACEHOLDER_CANDIDATE
2026-05-15,AREA,306.0,306.0,306.0,306.0,0.0,True,True,True,True,PLACEHOLDER_CANDIDATE
2026-05-27,AREA,202.0,202.0,202.0,202.0,0.0,True,True,True,True,PLACEHOLDER_CANDIDATE
2026-05-28,AREA,202.0,202.0,202.0,202.0,0.0,True,True,True,True,PLACEHOLDER_CANDIDATE
2026-05-14,ARGO,935.0,935.0,935.0,935.0,0.0,True,True,True,True,PLACEHOLDER_CANDIDATE
2026-05-15,ARGO,935.0,935.0,935.0,935.0,0.0,True,True,True,True,PLACEHOLDER_CANDIDATE
2026-05-27,ARGO,805.0,805.0,805.0,805.0,0.0,True,True,True,True,PLACEHOLDER_CANDIDATE
2026-05-28,ARGO,805.0,805.0,805.0,805.0,0.0,True,True,True,True,PLACEHOLDER_CANDIDATE
2026-05-14,ARII,296.0,296.0,296.0,296.0,0.0,True,True,True,True,PLACEHOLDER_CANDIDATE
2026-05-15,ARII,296.0,296.0,296.0,296.0,0.0,True,True,True,True,PLACEHOLDER_CANDIDATE
2026-05-27,ARII,270.0,270.0,270.0,270.0,0.0,True,True,True,True,PLACEHOLDER_CANDIDATE
2026-05-28,ARII,270.0,270.0,270.0,270.0,0.0,True,True,True,True,PLACEHOLDER_CANDIDATE
2026-05-14,ARKA,32.0,32.0,32.0,32.0,0.0,True,True,True,True,PLACEHOLDER_CANDIDATE
2026-05-15,ARKA,32.0,32.0,32.0,32.0,0.0,True,True,True,True,PLACEHOLDER_CANDIDATE
2026-05-27,ARKA,31.0,31.0,31.0,31.0,0.0,True,True,True,True,PLACEHOLDER_CANDIDATE
2026-05-28,ARKA,31.0,31.0,31.0,31.0,0.0,True,True,True,True,PLACEHOLDER_CANDIDATE
2026-08-17,ARKA,22.0,22.0,22.0,22.0,0.0,True,True,True,True,PLACEHOLDER_CANDIDATE
2026-08-25,ARKA,22.0,22.0,22.0,22.0,0.0,True,True,True,True,PLACEHOLDER_CANDIDATE
2026-05-14,ARKO,8200.0,8200.0,8200.0,8200.0,0.0,True,True,True,True,PLACEHOLDER_CANDIDATE
2026-05-15,ARKO,8200.0,8200.0,8200.0,8200.0,0.0,True,True,True,True,PLACEHOLDER_CANDIDATE
2026-05-27,ARKO,5900.0,5900.0,5900.0,5900.0,0.0,True,True,True,True,PLACEHOLDER_CANDIDATE
2026-05-28,ARKO,5900.0,5900.0,5900.0,5900.0,0.0,True,True,True,True,PLACEHOLDER_CANDIDATE
2026-05-14,ARNA,474.0,474.0,474.0,474.0,0.0,True,True,True,True,PLACEHOLDER_CANDIDATE
2026-05-15,ARNA,474.0,474.0,474.0,474.0,0.0,True,True,True,True,PLACEHOLDER_CANDIDATE
2026-05-27,ARNA,450.0,450.0,450.0,450.0,0.0,True,True,True,True,PLACEHOLDER_CANDIDATE
2026-05-28,ARNA,450.0,450.0,450.0,450.0,0.0,True,True,True,True,PLACEHOLDER_CANDIDATE
2026-08-25,ARNA,490.0,490.0,490.0,490.0,0.0,True,True,True,True,PLACEHOLDER_CANDIDATE
2026-05-14,ARTA,2630.0,2630.0,2630.0,2630.0,0.0,True,True,True,True,PLACEHOLDER_CANDIDATE
2026-05-15,ARTA,2630.0,2630.0,2630.0,2630.0,0.0,True,True,True,True,PLACEHOLDER_CANDIDATE
2026-05-27,ARTA,2500.0,2500.0,2500.0,2500.0,0.0,True,True,True,True,PLACEHOLDER_CANDIDATE
2026-05-28,ARTA,2500.0,2500.0,2500.0,2500.0,0.0,True,True,True,True,PLACEHOLDER_CANDIDATE
2026-08-25,ARTA,2220.0,2220.0,2220.0,2220.0,0.0,True,True,True,True,PLACEHOLDER_CANDIDATE
2026-05-01,ARTI,2.0,2.0,2.0,2.0,0.0,True,True,True,True,PLACEHOLDER_CANDIDATE
2026-05-14,ARTI,2.0,2.0,2.0,2.0,0.0,True,True,True,True,PLACEHOLDER_CANDIDATE
2026-05-15,ARTI,2.0,2.0,2.0,2.0,0.0,True,True,True,True,PLACEHOLDER_CANDIDATE
2026-05-27,ARTI,2.0,2.0,2.0,2.0,0.0,True,True,True,True,PLACEHOLDER_CANDIDATE
2026-05-28,ARTI,2.0,2.0,2.0,2.0,0.0,True,True,True,True,PLACEHOLDER_CANDIDATE
2026-06-01,ARTI,2.0,2.0,2.0,2.0,0.0,True,True,True,True,PLACEHOLDER_CANDIDATE
2026-06-16,ARTI,2.0,2.0,2.0,2.0,0.0,True,True,True,True,PLACEHOLDER_CANDIDATE
2026-08-17,ARTI,2.0,2.0,2.0,2.0,0.0,True,True,True,True,PLACEHOLDER_CANDIDATE
2026-08-25,ARTI,2.0,2.0,2.0,2.0,0.0,True,True,True,True,PLACEHOLDER_CANDIDATE
2026-05-14,ARTO,1210.0,1210.0,1210.0,1210.0,0.0,True,True,True,True,PLACEHOLDER_CANDIDATE
2026-05-15,ARTO,1210.0,1210.0,1210.0,1210.0,0.0,True,True,True,True,PLACEHOLDER_CANDIDATE
2026-05-27,ARTO,1145.0,1145.0,1145.0,1145.0,0.0,True,True,True,True,PLACEHOLDER_CANDIDATE
2026-05-28,ARTO,1145.0,1145.0,1145.0,1145.0,0.0,True,True,True,True,PLACEHOLDER_CANDIDATE
2026-05-14,ASBI,406.3275146484375,406.3275146484375,406.3275146484375,406.3275146484375,0.0,True,True,True,True,PLACEHOLDER_CANDIDATE
2026-05-15,ASBI,406.3275146484375,406.3275146484375,406.3275146484375,406.3275146484375,0.0,True,True,True,True,PLACEHOLDER_CANDIDATE
2026-05-27,ASBI,404.3550720214844,404.3550720214844,404.3550720214844,404.3550720214844,0.0,True,True,True,True,PLACEHOLDER_CANDIDATE
2026-05-28,ASBI,404.3550720214844,404.3550720214844,404.3550720214844,404.3550720214844,0.0,True,True,True,True,PLACEHOLDER_CANDIDATE
2026-08-25,ASBI,416.0,416.0,416.0,416.0,0.0,True,True,True,True,PLACEHOLDER_CANDIDATE
2026-05-14,ASDM,483.0,483.0,483.0,483.0,0.0,True,True,True,True,PLACEHOLDER_CANDIDATE
2026-05-15,ASDM,483.0,483.0,483.0,483.0,0.0,True,True,True,True,PLACEHOLDER_CANDIDATE
2026-05-27,ASDM,473.621337890625,473.621337890625,473.621337890625,473.621337890625,0.0,True,True,True,True,PLACEHOLDER_CANDIDATE
2026-05-28,ASDM,473.621337890625,473.621337890625,473.621337890625,473.621337890625,0.0,True,True,True,True,PLACEHOLDER_CANDIDATE
2026-08-25,ASDM,510.0,510.0,510.0,510.0,0.0,True,True,True,True,PLACEHOLDER_CANDIDATE
2026-05-14,ASGR,1640.0,1640.0,1640.0,1640.0,0.0,True,True,True,True,PLACEHOLDER_CANDIDATE
2026-05-15,ASGR,1640.0,1640.0,1640.0,1640.0,0.0,True,True,True,True,PLACEHOLDER_CANDIDATE
2026-05-27,ASGR,1485.0,1485.0,1485.0,1485.0,0.0,True,True,True,True,PLACEHOLDER_CANDIDATE
2026-05-28,ASGR,1485.0,1485.0,1485.0,1485.0,0.0,True,True,True,True,PLACEHOLDER_CANDIDATE
2026-08-25,ASGR,1915.0,1915.0,1915.0,1915.0,0.0,True,True,True,True,PLACEHOLDER_CANDIDATE
2026-05-14,ASHA,74.0,74.0,74.0,74.0,0.0,True,True,True,True,PLACEHOLDER_CANDIDATE
2026-05-15,ASHA,74.0,74.0,74.0,74.0,0.0,True,True,True,True,PLACEHOLDER_CANDIDATE
2026-05-27,ASHA,64.0,64.0,64.0,64.0,0.0,True,True,True,True,PLACEHOLDER_CANDIDATE
2026-05-28,ASHA,64.0,64.0,64.0,64.0,0.0,True,True,True,True,PLACEHOLDER_CANDIDATE
2014-04-09,ASII,4381.18,4381.18,4381.18,4381.18,0.0,True,True,True,True,PLACEHOLDER_CANDIDATE
2014-07-09,ASII,4261.68,4261.68,4261.68,4261.68,0.0,True,True,True,True,PLACEHOLDER_CANDIDATE
2015-12-09,ASII,3604.03,3604.03,3604.03,3604.03,0.0,True,True,True,True,PLACEHOLDER_CANDIDATE
2017-01-02,ASII,4925.52,4925.52,4925.52,4925.52,0.0,True,True,True,True,PLACEHOLDER_CANDIDATE
2017-02-15,ASII,4806.48,4806.48,4806.48,4806.48,0.0,True,True,True,True,PLACEHOLDER_CANDIDATE
2017-04-19,ASII,4985.05,4985.05,4985.05,4985.05,0.0,True,True,True,True,PLACEHOLDER_CANDIDATE
2017-06-01,ASII,5274.86,5274.86,5274.86,5274.86,0.0,True,True,True,True,PLACEHOLDER_CANDIDATE
2017-06-23,ASII,5380.36,5380.36,5380.36,5380.36,0.0,True,True,True,True,PLACEHOLDER_CANDIDATE
2017-06-26,ASII,5380.36,5380.36,5380.36,5380.36,0.0,True,True,True,True,PLACEHOLDER_CANDIDATE
2017-06-27,ASII,5380.36,5380.36,5380.36,5380.36,0.0,True,True,True,True,PLACEHOLDER_CANDIDATE
2017-06-28,ASII,5380.36,5380.36,5380.36,5380.36,0.0,True,True,True,True,PLACEHOLDER_CANDIDATE
2017-06-29,ASII,5380.36,5380.36,5380.36,5380.36,0.0,True,True,True,True,PLACEHOLDER_CANDIDATE
2017-06-30,ASII,5380.36,5380.36,5380.36,5380.36,0.0,True,True,True,True,PLACEHOLDER_CANDIDATE
2017-08-17,ASII,4732.3,4732.3,4732.3,4732.3,0.0,True,True,True,True,PLACEHOLDER_CANDIDATE
2017-09-01,ASII,4747.37,4747.37,4747.37,4747.37,0.0,True,True,True,True,PLACEHOLDER_CANDIDATE
2017-09-21,ASII,4717.23,4717.23,4717.23,4717.23,0.0,True,True,True,True,PLACEHOLDER_CANDIDATE
2017-12-25,ASII,4977.84,4977.84,4977.84,4977.84,0.0,True,True,True,True,PLACEHOLDER_CANDIDATE
2017-12-26,ASII,4977.84,4977.84,4977.84,4977.84,0.0,True,True,True,True,PLACEHOLDER_CANDIDATE
2018-01-01,ASII,5038.55,5038.55,5038.55,5038.55,0.0,True,True,True,True,PLACEHOLDER_CANDIDATE
2018-02-16,ASII,5023.37,5023.37,5023.37,5023.37,0.0,True,True,True,True,PLACEHOLDER_CANDIDATE
2018-03-30,ASII,4431.49,4431.49,4431.49,4431.49,0.0,True,True,True,True,PLACEHOLDER_CANDIDATE
2018-05-01,ASII,4340.44,4340.44,4340.44,4340.44,0.0,True,True,True,True,PLACEHOLDER_CANDIDATE
2018-05-10,ASII,4388.5,4388.5,4388.5,4388.5,0.0,True,True,True,True,PLACEHOLDER_CANDIDATE
2018-05-29,ASII,4434.86,4434.86,4434.86,4434.86,0.0,True,True,True,True,PLACEHOLDER_CANDIDATE
2018-06-01,ASII,4264.88,4264.88,4264.88,4264.88,0.0,True,True,True,True,PLACEHOLDER_CANDIDATE
2018-06-11,ASII,4264.88,4264.88,4264.88,4264.88,0.0,True,True,True,True,PLACEHOLDER_CANDIDATE
2018-06-12,ASII,4264.88,4264.88,4264.88,4264.88,0.0,True,True,True,True,PLACEHOLDER_CANDIDATE
2018-06-13,ASII,4264.88,4264.88,4264.88,4264.88,0.0,True,True,True,True,PLACEHOLDER_CANDIDATE
2018-06-14,ASII,4264.88,4264.88,4264.88,4264.88,0.0,True,True,True,True,PLACEHOLDER_CANDIDATE
2018-06-15,ASII,4264.88,4264.88,4264.88,4264.88,0.0,True,True,True,True,PLACEHOLDER_CANDIDATE
2018-06-18,ASII,4264.88,4264.88,4264.88,4264.88,0.0,True,True,True,True,PLACEHOLDER_CANDIDATE
2018-06-19,ASII,4264.88,4264.88,4264.88,4264.88,0.0,True,True,True,True,PLACEHOLDER_CANDIDATE
2018-08-17,ASII,4388.5,4388.5,4388.5,4388.5,0.0,True,True,True,True,PLACEHOLDER_CANDIDATE
2018-08-22,ASII,4620.29,4620.29,4620.29,4620.29,0.0,True,True,True,True,PLACEHOLDER_CANDIDATE
2018-09-11,ASII,4434.86,4434.86,4434.86,4434.86,0.0,True,True,True,True,PLACEHOLDER_CANDIDATE
2018-11-20,ASII,5298.78,5298.78,5298.78,5298.78,0.0,True,True,True,True,PLACEHOLDER_CANDIDATE
2018-12-24,ASII,5252.02,5252.02,5252.02,5252.02,0.0,True,True,True,True,PLACEHOLDER_CANDIDATE
2018-12-25,ASII,5252.02,5252.02,5252.02,5252.02,0.0,True,True,True,True,PLACEHOLDER_CANDIDATE
2018-12-31,ASII,5127.35,5127.35,5127.35,5127.35,0.0,True,True,True,True,PLACEHOLDER_CANDIDATE
2019-01-01,ASII,5127.35,5127.35,5127.35,5127.35,0.0,True,True,True,True,PLACEHOLDER_CANDIDATE
2019-02-05,ASII,5111.76,5111.76,5111.76,5111.76,0.0,True,True,True,True,PLACEHOLDER_CANDIDATE
2019-03-07,ASII,4566.3,4566.3,4566.3,4566.3,0.0,True,True,True,True,PLACEHOLDER_CANDIDATE
2019-04-03,ASII,4628.64,4628.64,4628.64,4628.64,0.0,True,True,True,True,PLACEHOLDER_CANDIDATE
2019-04-17,ASII,4831.24,4831.24,4831.24,4831.24,0.0,True,True,True,True,PLACEHOLDER_CANDIDATE
2019-04-19,ASII,4893.58,4893.58,4893.58,4893.58,0.0,True,True,True,True,PLACEHOLDER_CANDIDATE
2019-05-01,ASII,4753.32,4753.32,4753.32,4753.32,0.0,True,True,True,True,PLACEHOLDER_CANDIDATE
2019-05-30,ASII,4583.52,4583.52,4583.52,4583.52,0.0,True,True,True,True,PLACEHOLDER_CANDIDATE
2019-06-03,ASII,4742.67,4742.67,4742.67,4742.67,0.0,True,True,True,True,PLACEHOLDER_CANDIDATE
2019-06-04,ASII,4742.67,4742.67,4742.67,4742.67,0.0,True,True,True,True,PLACEHOLDER_CANDIDATE
2019-06-05,ASII,4742.67,4742.67,4742.67,4742.67,0.0,True,True,True,True,PLACEHOLDER_CANDIDATE
2019-06-06,ASII,4742.67,4742.67,4742.67,4742.67,0.0,True,True,True,True,PLACEHOLDER_CANDIDATE
2019-06-07,ASII,4742.67,4742.67,4742.67,4742.67,0.0,True,True,True,True,PLACEHOLDER_CANDIDATE
2026-05-14,ASII,5750.0,5750.0,5750.0,5750.0,0.0,True,True,True,True,PLACEHOLDER_CANDIDATE
2026-05-15,ASII,5750.0,5750.0,5750.0,5750.0,0.0,True,True,True,True,PLACEHOLDER_CANDIDATE
2026-05-27,ASII,5125.0,5125.0,5125.0,5125.0,0.0,True,True,True,True,PLACEHOLDER_CANDIDATE
2026-05-28,ASII,5125.0,5125.0,5125.0,5125.0,0.0,True,True,True,True,PLACEHOLDER_CANDIDATE
2026-08-25,ASII,4790.0,4790.0,4790.0,4790.0,0.0,True,True,True,True,PLACEHOLDER_CANDIDATE
2026-05-14,ASJT,180.0,180.0,180.0,180.0,0.0,True,True,True,True,PLACEHOLDER_CANDIDATE
2026-05-15,ASJT,180.0,180.0,180.0,180.0,0.0,True,True,True,True,PLACEHOLDER_CANDIDATE
2026-05-27,ASJT,174.0,174.0,174.0,174.0,0.0,True,True,True,True,PLACEHOLDER_CANDIDATE
2026-05-28,ASJT,174.0,174.0,174.0,174.0,0.0,True,True,True,True,PLACEHOLDER_CANDIDATE
2026-05-14,ASLC,74.0,74.0,74.0,74.0,0.0,True,True,True,True,PLACEHOLDER_CANDIDATE
2026-05-15,ASLC,74.0,74.0,74.0,74.0,0.0,True,True,True,True,PLACEHOLDER_CANDIDATE
2026-05-27,ASLC,67.0,67.0,67.0,67.0,0.0,True,True,True,True,PLACEHOLDER_CANDIDATE
2026-05-28,ASLC,67.0,67.0,67.0,67.0,0.0,True,True,True,True,PLACEHOLDER_CANDIDATE
2026-05-14,ASLI,312.0,312.0,312.0,312.0,0.0,True,True,True,True,PLACEHOLDER_CANDIDATE
2026-05-15,ASLI,312.0,312.0,312.0,312.0,0.0,True,True,True,True,PLACEHOLDER_CANDIDATE
2026-05-27,ASLI,240.0,240.0,240.0,240.0,0.0,True,True,True,True,PLACEHOLDER_CANDIDATE
2026-05-28,ASLI,240.0,240.0,240.0,240.0,0.0,True,True,True,True,PLACEHOLDER_CANDIDATE
2026-05-14,ASMI,18.0,18.0,18.0,18.0,0.0,True,True,True,True,PLACEHOLDER_CANDIDATE
2026-05-15,ASMI,18.0,18.0,18.0,18.0,0.0,True,True,True,True,PLACEHOLDER_CANDIDATE
2026-05-27,ASMI,18.0,18.0,18.0,18.0,0.0,True,True,True,True,PLACEHOLDER_CANDIDATE
2026-05-28,ASMI,18.0,18.0,18.0,18.0,0.0,True,True,True,True,PLACEHOLDER_CANDIDATE
2026-05-14,ASPI,520.0,520.0,520.0,520.0,0.0,True,True,True,True,PLACEHOLDER_CANDIDATE
2026-05-15,ASPI,520.0,520.0,520.0,520.0,0.0,True,True,True,True,PLACEHOLDER_CANDIDATE
2026-05-27,ASPI,362.0,362.0,362.0,362.0,0.0,True,True,True,True,PLACEHOLDER_CANDIDATE
2026-05-28,ASPI,362.0,362.0,362.0,362.0,0.0,True,True,True,True,PLACEHOLDER_CANDIDATE
2026-05-14,ASPR,368.7470703125,368.7470703125,368.7470703125,368.7470703125,0.0,True,True,True,True,PLACEHOLDER_CANDIDATE
2026-05-15,ASPR,368.7470703125,368.7470703125,368.7470703125,368.7470703125,0.0,True,True,True,True,PLACEHOLDER_CANDIDATE
2026-05-27,ASPR,209.28887939453125,209.28887939453125,209.28887939453125,209.28887939453125,0.0,True,True,True,True,PLACEHOLDER_CANDIDATE
2026-05-28,ASPR,209.28887939453125,209.28887939453125,209.28887939453125,209.28887939453125,0.0,True,True,True,True,PLACEHOLDER_CANDIDATE
2026-05-14,ASRI,123.35526275634766,123.35526275634766,123.35526275634766,123.35526275634766,0.0,True,True,True,True,PLACEHOLDER_CANDIDATE
2026-05-15,ASRI,123.35526275634766,123.35526275634766,123.35526275634766,123.35526275634766,0.0,True,True,True,True,PLACEHOLDER_CANDIDATE
2026-05-27,ASRI,117.43421173095705,117.43421173095705,117.43421173095705,117.43421173095705,0.0,True,True,True,True,PLACEHOLDER_CANDIDATE
2026-05-28,ASRI,117.43421173095705,117.43421173095705,117.43421173095705,117.43421173095705,0.0,True,True,True,True,PLACEHOLDER_CANDIDATE
2026-05-14,ASRM,280.7969970703125,280.7969970703125,280.7969970703125,280.7969970703125,0.0,True,True,True,True,PLACEHOLDER_CANDIDATE
2026-05-15,ASRM,280.7969970703125,280.7969970703125,280.7969970703125,280.7969970703125,0.0,True,True,True,True,PLACEHOLDER_CANDIDATE
2026-05-27,ASRM,270.9097595214844,270.9097595214844,270.9097595214844,270.9097595214844,0.0,True,True,True,True,PLACEHOLDER_CANDIDATE
2026-05-28,ASRM,270.9097595214844,270.9097595214844,270.9097595214844,270.9097595214844,0.0,True,True,True,True,PLACEHOLDER_CANDIDATE
2026-08-25,ASRM,270.0,270.0,270.0,270.0,0.0,True,True,True,True,PLACEHOLDER_CANDIDATE
2026-05-14,ASSA,719.609375,719.609375,719.609375,719.609375,0.0,True,True,True,True,PLACEHOLDER_CANDIDATE
2026-05-15,ASSA,719.609375,719.609375,719.609375,719.609375,0.0,True,True,True,True,PLACEHOLDER_CANDIDATE
2026-05-27,ASSA,619.53125,619.53125,619.53125,619.53125,0.0,True,True,True,True,PLACEHOLDER_CANDIDATE
2026-05-28,ASSA,619.53125,619.53125,619.53125,619.53125,0.0,True,True,True,True,PLACEHOLDER_CANDIDATE
2026-05-14,ATAP,478.0,478.0,478.0,478.0,0.0,True,True,True,True,PLACEHOLDER_CANDIDATE
2026-05-15,ATAP,478.0,478.0,478.0,478.0,0.0,True,True,True,True,PLACEHOLDER_CANDIDATE
2026-05-27,ATAP,432.0,432.0,432.0,432.0,0.0,True,True,True,True,PLACEHOLDER_CANDIDATE
2026-05-28,ATAP,432.0,432.0,432.0,432.0,0.0,True,True,True,True,PLACEHOLDER_CANDIDATE
2026-05-14,ATIC,525.0,525.0,525.0,525.0,0.0,True,True,True,True,PLACEHOLDER_CANDIDATE
2026-05-15,ATIC,525.0,525.0,525.0,525.0,0.0,True,True,True,True,PLACEHOLDER_CANDIDATE
2026-05-27,ATIC,500.0,500.0,500.0,500.0,0.0,True,True,True,True,PLACEHOLDER_CANDIDATE
2026-05-28,ATIC,500.0,500.0,500.0,500.0,0.0,True,True,True,True,PLACEHOLDER_CANDIDATE
2026-05-14,ATLA,50.42415618896485,50.42415618896485,50.42415618896485,50.42415618896485,0.0,True,True,True,True,PLACEHOLDER_CANDIDATE
2026-05-15,ATLA,50.42415618896485,50.42415618896485,50.42415618896485,50.42415618896485,0.0,True,True,True,True,PLACEHOLDER_CANDIDATE
2026-05-27,ATLA,49.43544387817383,49.43544387817383,49.43544387817383,49.43544387817383,0.0,True,True,True,True,PLACEHOLDER_CANDIDATE
2026-05-28,ATLA,49.43544387817383,49.43544387817383,49.43544387817383,49.43544387817383,0.0,True,True,True,True,PLACEHOLDER_CANDIDATE
2026-05-14,AUTO,2590.0,2590.0,2590.0,2590.0,0.0,True,True,True,True,PLACEHOLDER_CANDIDATE
2026-05-15,AUTO,2590.0,2590.0,2590.0,2590.0,0.0,True,True,True,True,PLACEHOLDER_CANDIDATE
2026-05-27,AUTO,2500.0,2500.0,2500.0,2500.0,0.0,True,True,True,True,PLACEHOLDER_CANDIDATE
2026-05-28,AUTO,2500.0,2500.0,2500.0,2500.0,0.0,True,True,True,True,PLACEHOLDER_CANDIDATE
2026-08-25,AUTO,3100.0,3100.0,3100.0,3100.0,0.0,True,True,True,True,PLACEHOLDER_CANDIDATE
2026-05-14,AVIA,366.0,366.0,366.0,366.0,0.0,True,True,True,True,PLACEHOLDER_CANDIDATE
2026-05-15,AVIA,366.0,366.0,366.0,366.0,0.0,True,True,True,True,PLACEHOLDER_CANDIDATE
2026-05-27,AVIA,344.0,344.0,344.0,344.0,0.0,True,True,True,True,PLACEHOLDER_CANDIDATE
2026-05-28,AVIA,344.0,344.0,344.0,344.0,0.0,True,True,True,True,PLACEHOLDER_CANDIDATE
2026-05-14,AWAN,143.0,143.0,143.0,143.0,0.0,True,True,True,True,PLACEHOLDER_CANDIDATE
2026-05-15,AWAN,143.0,143.0,143.0,143.0,0.0,True,True,True,True,PLACEHOLDER_CANDIDATE
2026-05-27,AWAN,160.0,160.0,160.0,160.0,0.0,True,True,True,True,PLACEHOLDER_CANDIDATE
2026-05-28,AWAN,160.0,160.0,160.0,160.0,0.0,True,True,True,True,PLACEHOLDER_CANDIDATE
2026-05-14,AXIO,110.44554901123048,110.44554901123048,110.44554901123048,110.44554901123048,0.0,True,True,True,True,PLACEHOLDER_CANDIDATE
2026-05-15,AXIO,110.44554901123048,110.44554901123048,110.44554901123048,110.44554901123048,0.0,True,True,True,True,PLACEHOLDER_CANDIDATE
2026-05-27,AXIO,106.6039581298828,106.6039581298828,106.6039581298828,106.6039581298828,0.0,True,True,True,True,PLACEHOLDER_CANDIDATE
2026-05-28,AXIO,106.6039581298828,106.6039581298828,106.6039581298828,106.6039581298828,0.0,True,True,True,True,PLACEHOLDER_CANDIDATE
2026-05-14,AYLS,177.0,177.0,177.0,177.0,0.0,True,True,True,True,PLACEHOLDER_CANDIDATE
2026-05-15,AYLS,177.0,177.0,177.0,177.0,0.0,True,True,True,True,PLACEHOLDER_CANDIDATE
2026-05-27,AYLS,138.0,138.0,138.0,138.0,0.0,True,True,True,True,PLACEHOLDER_CANDIDATE
2026-05-28,AYLS,138.0,138.0,138.0,138.0,0.0,True,True,True,True,PLACEHOLDER_CANDIDATE
2026-05-14,BABP,50.0,50.0,50.0,50.0,0.0,True,True,True,True,PLACEHOLDER_CANDIDATE
2026-05-15,BABP,50.0,50.0,50.0,50.0,0.0,True,True,True,True,PLACEHOLDER_CANDIDATE
2026-05-27,BABP,50.0,50.0,50.0,50.0,0.0,True,True,True,True,PLACEHOLDER_CANDIDATE
2026-05-28,BABP,50.0,50.0,50.0,50.0,0.0,True,True,True,True,PLACEHOLDER_CANDIDATE
2026-08-25,BABP,50.0,50.0,50.0,50.0,0.0,True,True,True,True,PLACEHOLDER_CANDIDATE
2026-05-14,BABY,208.0,208.0,208.0,208.0,0.0,True,True,True,True,PLACEHOLDER_CANDIDATE
2026-05-15,BABY,208.0,208.0,208.0,208.0,0.0,True,True,True,True,PLACEHOLDER_CANDIDATE
2026-05-27,BABY,154.0,154.0,154.0,154.0,0.0,True,True,True,True,PLACEHOLDER_CANDIDATE
2026-05-28,BABY,154.0,154.0,154.0,154.0,0.0,True,True,True,True,PLACEHOLDER_CANDIDATE
2026-05-14,BACA,132.0,132.0,132.0,132.0,0.0,True,True,True,True,PLACEHOLDER_CANDIDATE
2026-05-15,BACA,132.0,132.0,132.0,132.0,0.0,True,True,True,True,PLACEHOLDER_CANDIDATE
2026-05-27,BACA,122.0,122.0,122.0,122.0,0.0,True,True,True,True,PLACEHOLDER_CANDIDATE
2026-05-28,BACA,122.0,122.0,122.0,122.0,0.0,True,True,True,True,PLACEHOLDER_CANDIDATE
2026-05-01,BAIK,665.0,665.0,665.0,665.0,0.0,True,True,True,True,PLACEHOLDER_CANDIDATE
2026-05-14,BAIK,615.0,615.0,615.0,615.0,0.0,True,True,True,True,PLACEHOLDER_CANDIDATE
2026-05-15,BAIK,615.0,615.0,615.0,615.0,0.0,True,True,True,True,PLACEHOLDER_CANDIDATE
2026-05-27,BAIK,525.0,525.0,525.0,525.0,0.0,True,True,True,True,PLACEHOLDER_CANDIDATE
2026-05-28,BAIK,525.0,525.0,525.0,525.0,0.0,True,True,True,True,PLACEHOLDER_CANDIDATE
2026-08-17,BAIK,390.0,390.0,390.0,390.0,0.0,True,True,True,True,PLACEHOLDER_CANDIDATE
2026-08-25,BAIK,300.0,300.0,300.0,300.0,0.0,True,True,True,True,PLACEHOLDER_CANDIDATE
2026-05-14,BAJA,149.0,149.0,149.0,149.0,0.0,True,True,True,True,PLACEHOLDER_CANDIDATE
2026-05-15,BAJA,149.0,149.0,149.0,149.0,0.0,True,True,True,True,PLACEHOLDER_CANDIDATE
2026-05-27,BAJA,146.0,146.0,146.0,146.0,0.0,True,True,True,True,PLACEHOLDER_CANDIDATE
2026-05-28,BAJA,146.0,146.0,146.0,146.0,0.0,True,True,True,True,PLACEHOLDER_CANDIDATE
2026-08-17,BAJA,362.0,362.0,362.0,362.0,0.0,True,True,True,True,PLACEHOLDER_CANDIDATE
2014-04-09,BALI,239.27,239.27,239.27,239.27,0.0,True,True,True,True,PLACEHOLDER_CANDIDATE
2014-07-09,BALI,388.91,388.91,388.91,388.91,0.0,True,True,True,True,PLACEHOLDER_CANDIDATE
2015-12-09,BALI,677.13,677.13,677.13,677.13,0.0,True,True,True,True,PLACEHOLDER_CANDIDATE
2017-01-02,BALI,877.76,877.76,877.76,877.76,0.0,True,True,True,True,PLACEHOLDER_CANDIDATE
2017-02-15,BALI,835.97,835.97,835.97,835.97,0.0,True,True,True,True,PLACEHOLDER_CANDIDATE
2017-04-19,BALI,1070.04,1070.04,1070.04,1070.04,0.0,True,True,True,True,PLACEHOLDER_CANDIDATE
2017-06-01,BALI,1136.91,1136.91,1136.91,1136.91,0.0,True,True,True,True,PLACEHOLDER_CANDIDATE
2017-06-23,BALI,1161.99,1161.99,1161.99,1161.99,0.0,True,True,True,True,PLACEHOLDER_CANDIDATE
2017-06-26,BALI,1161.99,1161.99,1161.99,1161.99,0.0,True,True,True,True,PLACEHOLDER_CANDIDATE
2017-06-27,BALI,1161.99,1161.99,1161.99,1161.99,0.0,True,True,True,True,PLACEHOLDER_CANDIDATE
2017-06-28,BALI,1161.99,1161.99,1161.99,1161.99,0.0,True,True,True,True,PLACEHOLDER_CANDIDATE
2017-06-29,BALI,1161.99,1161.99,1161.99,1161.99,0.0,True,True,True,True,PLACEHOLDER_CANDIDATE
2017-06-30,BALI,1161.99,1161.99,1161.99,1161.99,0.0,True,True,True,True,PLACEHOLDER_CANDIDATE
2017-08-17,BALI,1120.19,1120.19,1120.19,1120.19,0.0,True,True,True,True,PLACEHOLDER_CANDIDATE
2017-09-01,BALI,1111.83,1111.83,1111.83,1111.83,0.0,True,True,True,True,PLACEHOLDER_CANDIDATE
2017-09-21,BALI,1111.83,1111.83,1111.83,1111.83,0.0,True,True,True,True,PLACEHOLDER_CANDIDATE
2017-12-25,BALI,1212.15,1212.15,1212.15,1212.15,0.0,True,True,True,True,PLACEHOLDER_CANDIDATE
2017-12-26,BALI,1212.15,1212.15,1212.15,1212.15,0.0,True,True,True,True,PLACEHOLDER_CANDIDATE
2018-01-01,BALI,1279.03,1279.03,1279.03,1279.03,0.0,True,True,True,True,PLACEHOLDER_CANDIDATE
2018-02-16,BALI,1233.05,1233.05,1233.05,1233.05,0.0,True,True,True,True,PLACEHOLDER_CANDIDATE
2018-03-30,BALI,1262.31,1262.31,1262.31,1262.31,0.0,True,True,True,True,PLACEHOLDER_CANDIDATE
2018-05-01,BALI,1312.47,1312.47,1312.47,1312.47,0.0,True,True,True,True,PLACEHOLDER_CANDIDATE
2018-05-10,BALI,1299.93,1299.93,1299.93,1299.93,0.0,True,True,True,True,PLACEHOLDER_CANDIDATE
2018-05-29,BALI,1312.47,1312.47,1312.47,1312.47,0.0,True,True,True,True,PLACEHOLDER_CANDIDATE
2018-06-01,BALI,1312.47,1312.47,1312.47,1312.47,0.0,True,True,True,True,PLACEHOLDER_CANDIDATE
2018-06-11,BALI,1316.65,1316.65,1316.65,1316.65,0.0,True,True,True,True,PLACEHOLDER_CANDIDATE
2018-06-12,BALI,1316.65,1316.65,1316.65,1316.65,0.0,True,True,True,True,PLACEHOLDER_CANDIDATE
2018-06-13,BALI,1316.65,1316.65,1316.65,1316.65,0.0,True,True,True,True,PLACEHOLDER_CANDIDATE
2018-06-14,BALI,1316.65,1316.65,1316.65,1316.65,0.0,True,True,True,True,PLACEHOLDER_CANDIDATE
2018-06-15,BALI,1316.65,1316.65,1316.65,1316.65,0.0,True,True,True,True,PLACEHOLDER_CANDIDATE
2018-06-18,BALI,1316.65,1316.65,1316.65,1316.65,0.0,True,True,True,True,PLACEHOLDER_CANDIDATE
2018-06-19,BALI,1316.65,1316.65,1316.65,1316.65,0.0,True,True,True,True,PLACEHOLDER_CANDIDATE
2018-08-17,BALI,1304.11,1304.11,1304.11,1304.11,0.0,True,True,True,True,PLACEHOLDER_CANDIDATE
2018-08-22,BALI,1320.82,1320.82,1320.82,1320.82,0.0,True,True,True,True,PLACEHOLDER_CANDIDATE
2018-09-11,BALI,1283.21,1283.21,1283.21,1283.21,0.0,True,True,True,True,PLACEHOLDER_CANDIDATE
2018-11-20,BALI,1416.96,1416.96,1416.96,1416.96,0.0,True,True,True,True,PLACEHOLDER_CANDIDATE
2018-12-24,BALI,1400.24,1400.24,1400.24,1400.24,0.0,True,True,True,True,PLACEHOLDER_CANDIDATE
2018-12-25,BALI,1400.24,1400.24,1400.24,1400.24,0.0,True,True,True,True,PLACEHOLDER_CANDIDATE
2018-12-31,BALI,1304.11,1304.11,1304.11,1304.11,0.0,True,True,True,True,PLACEHOLDER_CANDIDATE
2019-01-01,BALI,1304.11,1304.11,1304.11,1304.11,0.0,True,True,True,True,PLACEHOLDER_CANDIDATE
2019-02-05,BALI,919.56,919.56,919.56,919.56,0.0,True,True,True,True,PLACEHOLDER_CANDIDATE
2019-03-07,BALI,927.92,927.92,927.92,927.92,0.0,True,True,True,True,PLACEHOLDER_CANDIDATE
2019-04-03,BALI,1207.97,1207.97,1207.97,1207.97,0.0,True,True,True,True,PLACEHOLDER_CANDIDATE
2019-04-17,BALI,1207.97,1207.97,1207.97,1207.97,0.0,True,True,True,True,PLACEHOLDER_CANDIDATE
2019-04-19,BALI,1199.61,1199.61,1199.61,1199.61,0.0,True,True,True,True,PLACEHOLDER_CANDIDATE
2019-05-01,BALI,1253.95,1253.95,1253.95,1253.95,0.0,True,True,True,True,PLACEHOLDER_CANDIDATE
2019-05-30,BALI,1755.53,1755.53,1755.53,1755.53,0.0,True,True,True,True,PLACEHOLDER_CANDIDATE
2019-06-03,BALI,1488.02,1488.02,1488.02,1488.02,0.0,True,True,True,True,PLACEHOLDER_CANDIDATE
2019-06-04,BALI,1488.02,1488.02,1488.02,1488.02,0.0,True,True,True,True,PLACEHOLDER_CANDIDATE
2019-06-05,BALI,1488.02,1488.02,1488.02,1488.02,0.0,True,True,True,True,PLACEHOLDER_CANDIDATE
2019-06-06,BALI,1488.02,1488.02,1488.02,1488.02,0.0,True,True,True,True,PLACEHOLDER_CANDIDATE
2019-06-07,BALI,1488.02,1488.02,1488.02,1488.02,0.0,True,True,True,True,PLACEHOLDER_CANDIDATE
2026-05-14,BALI,1265.0,1265.0,1265.0,1265.0,0.0,True,True,True,True,PLACEHOLDER_CANDIDATE
2026-05-15,BALI,1265.0,1265.0,1265.0,1265.0,0.0,True,True,True,True,PLACEHOLDER_CANDIDATE
2026-05-27,BALI,1235.0,1235.0,1235.0,1235.0,0.0,True,True,True,True,PLACEHOLDER_CANDIDATE
2026-05-28,BALI,1235.0,1235.0,1235.0,1235.0,0.0,True,True,True,True,PLACEHOLDER_CANDIDATE
2026-05-14,BANK,486.0,486.0,486.0,486.0,0.0,True,True,True,True,PLACEHOLDER_CANDIDATE
2026-05-15,BANK,486.0,486.0,486.0,486.0,0.0,True,True,True,True,PLACEHOLDER_CANDIDATE
2026-05-27,BANK,278.0,278.0,278.0,278.0,0.0,True,True,True,True,PLACEHOLDER_CANDIDATE
2026-05-28,BANK,278.0,278.0,278.0,278.0,0.0,True,True,True,True,PLACEHOLDER_CANDIDATE
2026-05-01,BAPA,238.0,238.0,238.0,238.0,0.0,True,True,True,True,PLACEHOLDER_CANDIDATE
2026-05-14,BAPA,238.0,238.0,238.0,238.0,0.0,True,True,True,True,PLACEHOLDER_CANDIDATE
2026-05-15,BAPA,238.0,238.0,238.0,238.0,0.0,True,True,True,True,PLACEHOLDER_CANDIDATE
2026-05-27,BAPA,238.0,238.0,238.0,238.0,0.0,True,True,True,True,PLACEHOLDER_CANDIDATE
2026-05-28,BAPA,238.0,238.0,238.0,238.0,0.0,True,True,True,True,PLACEHOLDER_CANDIDATE
2026-06-01,BAPA,238.0,238.0,238.0,238.0,0.0,True,True,True,True,PLACEHOLDER_CANDIDATE
2026-06-16,BAPA,238.0,238.0,238.0,238.0,0.0,True,True,True,True,PLACEHOLDER_CANDIDATE
2026-05-14,BAPI,23.0,23.0,23.0,23.0,0.0,True,True,True,True,PLACEHOLDER_CANDIDATE
2026-05-15,BAPI,23.0,23.0,23.0,23.0,0.0,True,True,True,True,PLACEHOLDER_CANDIDATE
2026-05-27,BAPI,22.0,22.0,22.0,22.0,0.0,True,True,True,True,PLACEHOLDER_CANDIDATE
2026-05-28,BAPI,22.0,22.0,22.0,22.0,0.0,True,True,True,True,PLACEHOLDER_CANDIDATE
2026-05-14,BATA,64.0,64.0,64.0,64.0,0.0,True,True,True,True,PLACEHOLDER_CANDIDATE
2026-05-15,BATA,64.0,64.0,64.0,64.0,0.0,True,True,True,True,PLACEHOLDER_CANDIDATE
2026-05-27,BATA,63.0,63.0,63.0,63.0,0.0,True,True,True,True,PLACEHOLDER_CANDIDATE
2026-05-28,BATA,63.0,63.0,63.0,63.0,0.0,True,True,True,True,PLACEHOLDER_CANDIDATE
2026-08-17,BATA,59.0,59.0,59.0,59.0,0.0,True,True,True,True,PLACEHOLDER_CANDIDATE
2026-08-25,BATA,59.0,59.0,59.0,59.0,0.0,True,True,True,True,PLACEHOLDER_CANDIDATE
2026-05-14,BATR,92.81609344482422,92.81609344482422,92.81609344482422,92.81609344482422,0.0,True,True,True,True,PLACEHOLDER_CANDIDATE
2026-05-15,BATR,92.81609344482422,92.81609344482422,92.81609344482422,92.81609344482422,0.0,True,True,True,True,PLACEHOLDER_CANDIDATE
2026-05-27,BATR,83.04597473144531,83.04597473144531,83.04597473144531,83.04597473144531,0.0,True,True,True,True,PLACEHOLDER_CANDIDATE
2026-05-28,BATR,83.04597473144531,83.04597473144531,83.04597473144531,83.04597473144531,0.0,True,True,True,True,PLACEHOLDER_CANDIDATE
2026-05-14,BAUT,29.0,29.0,29.0,29.0,0.0,True,True,True,True,PLACEHOLDER_CANDIDATE
2026-05-15,BAUT,29.0,29.0,29.0,29.0,0.0,True,True,True,True,PLACEHOLDER_CANDIDATE
2026-05-27,BAUT,30.0,30.0,30.0,30.0,0.0,True,True,True,True,PLACEHOLDER_CANDIDATE
2026-05-28,BAUT,30.0,30.0,30.0,30.0,0.0,True,True,True,True,PLACEHOLDER_CANDIDATE
2026-05-14,BAYU,1240.74072265625,1240.74072265625,1240.74072265625,1240.74072265625,0.0,True,True,True,True,PLACEHOLDER_CANDIDATE
2026-05-15,BAYU,1240.74072265625,1240.74072265625,1240.74072265625,1240.74072265625,0.0,True,True,True,True,PLACEHOLDER_CANDIDATE
2026-05-27,BAYU,1150.0,1150.0,1150.0,1150.0,0.0,True,True,True,True,PLACEHOLDER_CANDIDATE
2026-05-28,BAYU,1150.0,1150.0,1150.0,1150.0,0.0,True,True,True,True,PLACEHOLDER_CANDIDATE
2026-08-25,BAYU,1280.0,1280.0,1280.0,1280.0,0.0,True,True,True,True,PLACEHOLDER_CANDIDATE
2014-04-09,BBCA,1692.93,1692.93,1692.93,1692.93,0.0,True,True,True,True,PLACEHOLDER_CANDIDATE
2014-07-09,BBCA,1759.03,1759.03,1759.03,1759.03,0.0,True,True,True,True,PLACEHOLDER_CANDIDATE
2015-12-09,BBCA,2057.43,2057.43,2057.43,2057.43,0.0,True,True,True,True,PLACEHOLDER_CANDIDATE
2017-01-02,BBCA,2480.39,2480.39,2480.39,2480.39,0.0,True,True,True,True,PLACEHOLDER_CANDIDATE
2017-02-15,BBCA,2480.39,2480.39,2480.39,2480.39,0.0,True,True,True,True,PLACEHOLDER_CANDIDATE
2017-04-19,BBCA,2728.87,2728.87,2728.87,2728.87,0.0,True,True,True,True,PLACEHOLDER_CANDIDATE
2017-06-01,BBCA,2765.15,2765.15,2765.15,2765.15,0.0,True,True,True,True,PLACEHOLDER_CANDIDATE
2017-06-23,BBCA,2926.38,2926.38,2926.38,2926.38,0.0,True,True,True,True,PLACEHOLDER_CANDIDATE
2017-06-26,BBCA,2926.38,2926.38,2926.38,2926.38,0.0,True,True,True,True,PLACEHOLDER_CANDIDATE
2017-06-27,BBCA,2926.38,2926.38,2926.38,2926.38,0.0,True,True,True,True,PLACEHOLDER_CANDIDATE
2017-06-28,BBCA,2926.38,2926.38,2926.38,2926.38,0.0,True,True,True,True,PLACEHOLDER_CANDIDATE
2017-06-29,BBCA,2926.38,2926.38,2926.38,2926.38,0.0,True,True,True,True,PLACEHOLDER_CANDIDATE
2017-06-30,BBCA,2926.38,2926.38,2926.38,2926.38,0.0,True,True,True,True,PLACEHOLDER_CANDIDATE
2017-08-17,BBCA,3047.3,3047.3,3047.3,3047.3,0.0,True,True,True,True,PLACEHOLDER_CANDIDATE
2017-09-01,BBCA,3055.36,3055.36,3055.36,3055.36,0.0,True,True,True,True,PLACEHOLDER_CANDIDATE
2017-09-21,BBCA,3071.49,3071.49,3071.49,3071.49,0.0,True,True,True,True,PLACEHOLDER_CANDIDATE
2017-12-25,BBCA,3479.58,3479.58,3479.58,3479.58,0.0,True,True,True,True,PLACEHOLDER_CANDIDATE
2017-12-26,BBCA,3479.58,3479.58,3479.58,3479.58,0.0,True,True,True,True,PLACEHOLDER_CANDIDATE
2018-01-01,BBCA,3544.31,3544.31,3544.31,3544.31,0.0,True,True,True,True,PLACEHOLDER_CANDIDATE
2018-02-16,BBCA,3795.17,3795.17,3795.17,3795.17,0.0,True,True,True,True,PLACEHOLDER_CANDIDATE
2018-03-30,BBCA,3770.89,3770.89,3770.89,3770.89,0.0,True,True,True,True,PLACEHOLDER_CANDIDATE
2018-05-01,BBCA,3603.93,3603.93,3603.93,3603.93,0.0,True,True,True,True,PLACEHOLDER_CANDIDATE
2018-05-10,BBCA,3734.39,3734.39,3734.39,3734.39,0.0,True,True,True,True,PLACEHOLDER_CANDIDATE
2018-05-29,BBCA,3726.23,3726.23,3726.23,3726.23,0.0,True,True,True,True,PLACEHOLDER_CANDIDATE
2018-06-01,BBCA,3701.77,3701.77,3701.77,3701.77,0.0,True,True,True,True,PLACEHOLDER_CANDIDATE
2018-06-11,BBCA,3628.39,3628.39,3628.39,3628.39,0.0,True,True,True,True,PLACEHOLDER_CANDIDATE
2018-06-12,BBCA,3628.39,3628.39,3628.39,3628.39,0.0,True,True,True,True,PLACEHOLDER_CANDIDATE
2018-06-13,BBCA,3628.39,3628.39,3628.39,3628.39,0.0,True,True,True,True,PLACEHOLDER_CANDIDATE
2018-06-14,BBCA,3628.39,3628.39,3628.39,3628.39,0.0,True,True,True,True,PLACEHOLDER_CANDIDATE
2018-06-15,BBCA,3628.39,3628.39,3628.39,3628.39,0.0,True,True,True,True,PLACEHOLDER_CANDIDATE
2018-06-18,BBCA,3628.39,3628.39,3628.39,3628.39,0.0,True,True,True,True,PLACEHOLDER_CANDIDATE
2018-06-19,BBCA,3628.39,3628.39,3628.39,3628.39,0.0,True,True,True,True,PLACEHOLDER_CANDIDATE
2018-08-17,BBCA,3811.84,3811.84,3811.84,3811.84,0.0,True,True,True,True,PLACEHOLDER_CANDIDATE
2018-08-22,BBCA,3893.38,3893.38,3893.38,3893.38,0.0,True,True,True,True,PLACEHOLDER_CANDIDATE
2018-09-11,BBCA,4036.07,4036.07,4036.07,4036.07,0.0,True,True,True,True,PLACEHOLDER_CANDIDATE
2018-11-20,BBCA,4093.15,4093.15,4093.15,4093.15,0.0,True,True,True,True,PLACEHOLDER_CANDIDATE
2018-12-24,BBCA,4229.25,4229.25,4229.25,4229.25,0.0,True,True,True,True,PLACEHOLDER_CANDIDATE
2018-12-25,BBCA,4229.25,4229.25,4229.25,4229.25,0.0,True,True,True,True,PLACEHOLDER_CANDIDATE
2018-12-31,BBCA,4253.79,4253.79,4253.79,4253.79,0.0,True,True,True,True,PLACEHOLDER_CANDIDATE
2019-01-01,BBCA,4253.79,4253.79,4253.79,4253.79,0.0,True,True,True,True,PLACEHOLDER_CANDIDATE
2019-02-05,BBCA,4499.2,4499.2,4499.2,4499.2,0.0,True,True,True,True,PLACEHOLDER_CANDIDATE
2019-03-07,BBCA,4491.02,4491.02,4491.02,4491.02,0.0,True,True,True,True,PLACEHOLDER_CANDIDATE
2019-04-03,BBCA,4499.2,4499.2,4499.2,4499.2,0.0,True,True,True,True,PLACEHOLDER_CANDIDATE
2019-04-17,BBCA,4495.11,4495.11,4495.11,4495.11,0.0,True,True,True,True,PLACEHOLDER_CANDIDATE
2019-04-19,BBCA,4601.46,4601.46,4601.46,4601.46,0.0,True,True,True,True,PLACEHOLDER_CANDIDATE
2019-05-01,BBCA,4746.71,4746.71,4746.71,4746.71,0.0,True,True,True,True,PLACEHOLDER_CANDIDATE
2019-05-30,BBCA,4738.46,4738.46,4738.46,4738.46,0.0,True,True,True,True,PLACEHOLDER_CANDIDATE
2019-06-03,BBCA,4804.5,4804.5,4804.5,4804.5,0.0,True,True,True,True,PLACEHOLDER_CANDIDATE
2019-06-04,BBCA,4804.5,4804.5,4804.5,4804.5,0.0,True,True,True,True,PLACEHOLDER_CANDIDATE
2019-06-05,BBCA,4804.5,4804.5,4804.5,4804.5,0.0,True,True,True,True,PLACEHOLDER_CANDIDATE
2019-06-06,BBCA,4804.5,4804.5,4804.5,4804.5,0.0,True,True,True,True,PLACEHOLDER_CANDIDATE
2019-06-07,BBCA,4804.5,4804.5,4804.5,4804.5,0.0,True,True,True,True,PLACEHOLDER_CANDIDATE
2026-05-14,BBCA,6100.0,6100.0,6100.0,6100.0,0.0,True,True,True,True,PLACEHOLDER_CANDIDATE
2026-05-15,BBCA,6100.0,6100.0,6100.0,6100.0,0.0,True,True,True,True,PLACEHOLDER_CANDIDATE
2026-05-27,BBCA,5975.0,5975.0,5975.0,5975.0,0.0,True,True,True,True,PLACEHOLDER_CANDIDATE
2026-05-28,BBCA,5975.0,5975.0,5975.0,5975.0,0.0,True,True,True,True,PLACEHOLDER_CANDIDATE
2026-05-14,BBHI,1015.2920532226562,1015.2920532226562,1015.2920532226562,1015.2920532226562,0.0,True,True,True,True,PLACEHOLDER_CANDIDATE
2026-05-15,BBHI,1015.2920532226562,1015.2920532226562,1015.2920532226562,1015.2920532226562,0.0,True,True,True,True,PLACEHOLDER_CANDIDATE
2026-05-27,BBHI,921.6486206054688,921.6486206054688,921.6486206054688,921.6486206054688,0.0,True,True,True,True,PLACEHOLDER_CANDIDATE
2026-05-28,BBHI,921.6486206054688,921.6486206054688,921.6486206054688,921.6486206054688,0.0,True,True,True,True,PLACEHOLDER_CANDIDATE
2026-05-14,BBKP,60.0,60.0,60.0,60.0,0.0,True,True,True,True,PLACEHOLDER_CANDIDATE
2026-05-15,BBKP,60.0,60.0,60.0,60.0,0.0,True,True,True,True,PLACEHOLDER_CANDIDATE
2026-05-27,BBKP,56.0,56.0,56.0,56.0,0.0,True,True,True,True,PLACEHOLDER_CANDIDATE
2026-05-28,BBKP,56.0,56.0,56.0,56.0,0.0,True,True,True,True,PLACEHOLDER_CANDIDATE
2026-08-25,BBKP,55.0,55.0,55.0,55.0,0.0,True,True,True,True,PLACEHOLDER_CANDIDATE
2026-05-14,BBLD,647.5745849609375,647.5745849609375,647.5745849609375,647.5745849609375,0.0,True,True,True,True,PLACEHOLDER_CANDIDATE
2026-05-15,BBLD,647.5745849609375,647.5745849609375,647.5745849609375,647.5745849609375,0.0,True,True,True,True,PLACEHOLDER_CANDIDATE
2026-05-27,BBLD,667.5,667.5,667.5,667.5,0.0,True,True,True,True,PLACEHOLDER_CANDIDATE
2026-05-28,BBLD,667.5,667.5,667.5,667.5,0.0,True,True,True,True,PLACEHOLDER_CANDIDATE
2026-05-14,BBMD,1892.611572265625,1892.611572265625,1892.611572265625,1892.611572265625,0.0,True,True,True,True,PLACEHOLDER_CANDIDATE
2026-05-15,BBMD,1892.611572265625,1892.611572265625,1892.611572265625,1892.611572265625,0.0,True,True,True,True,PLACEHOLDER_CANDIDATE
2026-05-27,BBMD,1892.611572265625,1892.611572265625,1892.611572265625,1892.611572265625,0.0,True,True,True,True,PLACEHOLDER_CANDIDATE
2026-05-28,BBMD,1892.611572265625,1892.611572265625,1892.611572265625,1892.611572265625,0.0,True,True,True,True,PLACEHOLDER_CANDIDATE
2026-06-01,BBMD,1892.611572265625,1892.611572265625,1892.611572265625,1892.611572265625,0.0,True,True,True,True,PLACEHOLDER_CANDIDATE
2014-04-09,BBNI,1625.11,1625.11,1625.11,1625.11,0.0,True,True,True,True,PLACEHOLDER_CANDIDATE
2014-07-09,BBNI,1603.36,1603.36,1603.36,1603.36,0.0,True,True,True,True,PLACEHOLDER_CANDIDATE
2015-12-09,BBNI,1641.62,1641.62,1641.62,1641.62,0.0,True,True,True,True,PLACEHOLDER_CANDIDATE
2017-01-02,BBNI,1858.16,1858.16,1858.16,1858.16,0.0,True,True,True,True,PLACEHOLDER_CANDIDATE
2017-02-15,BBNI,2118.81,2118.81,2118.81,2118.81,0.0,True,True,True,True,PLACEHOLDER_CANDIDATE
2017-04-19,BBNI,2203.59,2203.59,2203.59,2203.59,0.0,True,True,True,True,PLACEHOLDER_CANDIDATE
2017-06-01,BBNI,2272.99,2272.99,2272.99,2272.99,0.0,True,True,True,True,PLACEHOLDER_CANDIDATE
2017-06-23,BBNI,2290.34,2290.34,2290.34,2290.34,0.0,True,True,True,True,PLACEHOLDER_CANDIDATE
2017-06-26,BBNI,2290.34,2290.34,2290.34,2290.34,0.0,True,True,True,True,PLACEHOLDER_CANDIDATE
2017-06-27,BBNI,2290.34,2290.34,2290.34,2290.34,0.0,True,True,True,True,PLACEHOLDER_CANDIDATE
2017-06-28,BBNI,2290.34,2290.34,2290.34,2290.34,0.0,True,True,True,True,PLACEHOLDER_CANDIDATE
2017-06-29,BBNI,2290.34,2290.34,2290.34,2290.34,0.0,True,True,True,True,PLACEHOLDER_CANDIDATE
2017-06-30,BBNI,2290.34,2290.34,2290.34,2290.34,0.0,True,True,True,True,PLACEHOLDER_CANDIDATE
2017-08-17,BBNI,2567.96,2567.96,2567.96,2567.96,0.0,True,True,True,True,PLACEHOLDER_CANDIDATE
2017-09-01,BBNI,2550.61,2550.61,2550.61,2550.61,0.0,True,True,True,True,PLACEHOLDER_CANDIDATE
2017-09-21,BBNI,2559.28,2559.28,2559.28,2559.28,0.0,True,True,True,True,PLACEHOLDER_CANDIDATE
2017-12-25,BBNI,3418.16,3418.16,3418.16,3418.16,0.0,True,True,True,True,PLACEHOLDER_CANDIDATE
2017-12-26,BBNI,3418.16,3418.16,3418.16,3418.16,0.0,True,True,True,True,PLACEHOLDER_CANDIDATE
2018-01-01,BBNI,3435.51,3435.51,3435.51,3435.51,0.0,True,True,True,True,PLACEHOLDER_CANDIDATE
2018-02-16,BBNI,3340.08,3340.08,3340.08,3340.08,0.0,True,True,True,True,PLACEHOLDER_CANDIDATE
2018-03-30,BBNI,3096.42,3096.42,3096.42,3096.42,0.0,True,True,True,True,PLACEHOLDER_CANDIDATE
2018-05-01,BBNI,2873.34,2873.34,2873.34,2873.34,0.0,True,True,True,True,PLACEHOLDER_CANDIDATE
2018-05-10,BBNI,2873.34,2873.34,2873.34,2873.34,0.0,True,True,True,True,PLACEHOLDER_CANDIDATE
2018-05-29,BBNI,3060.73,3060.73,3060.73,3060.73,0.0,True,True,True,True,PLACEHOLDER_CANDIDATE
2018-06-01,BBNI,3025.04,3025.04,3025.04,3025.04,0.0,True,True,True,True,PLACEHOLDER_CANDIDATE
2018-06-11,BBNI,2873.34,2873.34,2873.34,2873.34,0.0,True,True,True,True,PLACEHOLDER_CANDIDATE
2018-06-12,BBNI,2873.34,2873.34,2873.34,2873.34,0.0,True,True,True,True,PLACEHOLDER_CANDIDATE
2018-06-13,BBNI,2873.34,2873.34,2873.34,2873.34,0.0,True,True,True,True,PLACEHOLDER_CANDIDATE
2018-06-14,BBNI,2873.34,2873.34,2873.34,2873.34,0.0,True,True,True,True,PLACEHOLDER_CANDIDATE
2018-06-15,BBNI,2873.34,2873.34,2873.34,2873.34,0.0,True,True,True,True,PLACEHOLDER_CANDIDATE
2018-06-18,BBNI,2873.34,2873.34,2873.34,2873.34,0.0,True,True,True,True,PLACEHOLDER_CANDIDATE
2018-06-19,BBNI,2873.34,2873.34,2873.34,2873.34,0.0,True,True,True,True,PLACEHOLDER_CANDIDATE
2018-08-17,BBNI,2525.33,2525.33,2525.33,2525.33,0.0,True,True,True,True,PLACEHOLDER_CANDIDATE
2018-08-22,BBNI,2632.41,2632.41,2632.41,2632.41,0.0,True,True,True,True,PLACEHOLDER_CANDIDATE
2018-09-11,BBNI,2596.71,2596.71,2596.71,2596.71,0.0,True,True,True,True,PLACEHOLDER_CANDIDATE
2018-11-20,BBNI,2998.27,2998.27,2998.27,2998.27,0.0,True,True,True,True,PLACEHOLDER_CANDIDATE
2018-12-24,BBNI,3096.42,3096.42,3096.42,3096.42,0.0,True,True,True,True,PLACEHOLDER_CANDIDATE
2018-12-25,BBNI,3096.42,3096.42,3096.42,3096.42,0.0,True,True,True,True,PLACEHOLDER_CANDIDATE
2018-12-31,BBNI,3141.04,3141.04,3141.04,3141.04,0.0,True,True,True,True,PLACEHOLDER_CANDIDATE
2019-01-01,BBNI,3141.04,3141.04,3141.04,3141.04,0.0,True,True,True,True,PLACEHOLDER_CANDIDATE
2019-02-05,BBNI,3257.05,3257.05,3257.05,3257.05,0.0,True,True,True,True,PLACEHOLDER_CANDIDATE
2019-03-07,BBNI,3141.04,3141.04,3141.04,3141.04,0.0,True,True,True,True,PLACEHOLDER_CANDIDATE
2019-04-03,BBNI,3381.97,3381.97,3381.97,3381.97,0.0,True,True,True,True,PLACEHOLDER_CANDIDATE
2019-04-17,BBNI,3462.28,3462.28,3462.28,3462.28,0.0,True,True,True,True,PLACEHOLDER_CANDIDATE
2019-04-19,BBNI,3515.83,3515.83,3515.83,3515.83,0.0,True,True,True,True,PLACEHOLDER_CANDIDATE
2019-05-01,BBNI,3426.59,3426.59,3426.59,3426.59,0.0,True,True,True,True,PLACEHOLDER_CANDIDATE
2019-05-30,BBNI,2978.75,2978.75,2978.75,2978.75,0.0,True,True,True,True,PLACEHOLDER_CANDIDATE
2019-06-03,BBNI,3070.13,3070.13,3070.13,3070.13,0.0,True,True,True,True,PLACEHOLDER_CANDIDATE
2019-06-04,BBNI,3070.13,3070.13,3070.13,3070.13,0.0,True,True,True,True,PLACEHOLDER_CANDIDATE
2019-06-05,BBNI,3070.13,3070.13,3070.13,3070.13,0.0,True,True,True,True,PLACEHOLDER_CANDIDATE
2019-06-06,BBNI,3070.13,3070.13,3070.13,3070.13,0.0,True,True,True,True,PLACEHOLDER_CANDIDATE
2019-06-07,BBNI,3070.13,3070.13,3070.13,3070.13,0.0,True,True,True,True,PLACEHOLDER_CANDIDATE
2026-05-14,BBNI,3870.0,3870.0,3870.0,3870.0,0.0,True,True,True,True,PLACEHOLDER_CANDIDATE
2026-05-15,BBNI,3870.0,3870.0,3870.0,3870.0,0.0,True,True,True,True,PLACEHOLDER_CANDIDATE
2026-05-27,BBNI,3840.0,3840.0,3840.0,3840.0,0.0,True,True,True,True,PLACEHOLDER_CANDIDATE
2026-05-28,BBNI,3840.0,3840.0,3840.0,3840.0,0.0,True,True,True,True,PLACEHOLDER_CANDIDATE
2026-08-25,BBNI,3680.0,3680.0,3680.0,3680.0,0.0,True,True,True,True,PLACEHOLDER_CANDIDATE
2014-04-09,BBRI,1038.25,1038.25,1038.25,1038.25,0.0,True,True,True,True,PLACEHOLDER_CANDIDATE
2014-07-09,BBRI,1170.96,1170.96,1170.96,1170.96,0.0,True,True,True,True,PLACEHOLDER_CANDIDATE
2015-12-09,BBRI,1168.39,1168.39,1168.39,1168.39,0.0,True,True,True,True,PLACEHOLDER_CANDIDATE
2017-01-02,BBRI,1286.56,1286.56,1286.56,1286.56,0.0,True,True,True,True,PLACEHOLDER_CANDIDATE
2017-02-15,BBRI,1322.37,1322.37,1322.37,1322.37,0.0,True,True,True,True,PLACEHOLDER_CANDIDATE
2017-04-19,BBRI,1466.41,1466.41,1466.41,1466.41,0.0,True,True,True,True,PLACEHOLDER_CANDIDATE
2017-06-01,BBRI,1648.65,1648.65,1648.65,1648.65,0.0,True,True,True,True,PLACEHOLDER_CANDIDATE
2017-06-23,BBRI,1736.91,1736.91,1736.91,1736.91,0.0,True,True,True,True,PLACEHOLDER_CANDIDATE
2017-06-26,BBRI,1736.91,1736.91,1736.91,1736.91,0.0,True,True,True,True,PLACEHOLDER_CANDIDATE
2017-06-27,BBRI,1736.91,1736.91,1736.91,1736.91,0.0,True,True,True,True,PLACEHOLDER_CANDIDATE
2017-06-28,BBRI,1736.91,1736.91,1736.91,1736.91,0.0,True,True,True,True,PLACEHOLDER_CANDIDATE
2017-06-29,BBRI,1736.91,1736.91,1736.91,1736.91,0.0,True,True,True,True,PLACEHOLDER_CANDIDATE
2017-06-30,BBRI,1736.91,1736.91,1736.91,1736.91,0.0,True,True,True,True,PLACEHOLDER_CANDIDATE
2017-08-17,BBRI,1736.91,1736.91,1736.91,1736.91,0.0,True,True,True,True,PLACEHOLDER_CANDIDATE
2017-09-01,BBRI,1722.68,1722.68,1722.68,1722.68,0.0,True,True,True,True,PLACEHOLDER_CANDIDATE
2017-09-21,BBRI,1711.29,1711.29,1711.29,1711.29,0.0,True,True,True,True,PLACEHOLDER_CANDIDATE
2017-12-25,BBRI,1970.4,1970.4,1970.4,1970.4,0.0,True,True,True,True,PLACEHOLDER_CANDIDATE
2017-12-26,BBRI,1970.4,1970.4,1970.4,1970.4,0.0,True,True,True,True,PLACEHOLDER_CANDIDATE
2018-01-01,BBRI,2072.91,2072.91,2072.91,2072.91,0.0,True,True,True,True,PLACEHOLDER_CANDIDATE
2018-02-16,BBRI,2186.8,2186.8,2186.8,2186.8,0.0,True,True,True,True,PLACEHOLDER_CANDIDATE
2018-03-30,BBRI,2050.13,2050.13,2050.13,2050.13,0.0,True,True,True,True,PLACEHOLDER_CANDIDATE
2018-05-01,BBRI,1889.76,1889.76,1889.76,1889.76,0.0,True,True,True,True,PLACEHOLDER_CANDIDATE
2018-05-10,BBRI,1883.89,1883.89,1883.89,1883.89,0.0,True,True,True,True,PLACEHOLDER_CANDIDATE
2018-05-29,BBRI,1907.37,1907.37,1907.37,1907.37,0.0,True,True,True,True,PLACEHOLDER_CANDIDATE
2018-06-01,BBRI,1807.6,1807.6,1807.6,1807.6,0.0,True,True,True,True,PLACEHOLDER_CANDIDATE
2018-06-11,BBRI,1842.81,1842.81,1842.81,1842.81,0.0,True,True,True,True,PLACEHOLDER_CANDIDATE
2018-06-12,BBRI,1842.81,1842.81,1842.81,1842.81,0.0,True,True,True,True,PLACEHOLDER_CANDIDATE
2018-06-13,BBRI,1842.81,1842.81,1842.81,1842.81,0.0,True,True,True,True,PLACEHOLDER_CANDIDATE
2018-06-14,BBRI,1842.81,1842.81,1842.81,1842.81,0.0,True,True,True,True,PLACEHOLDER_CANDIDATE
2018-06-15,BBRI,1842.81,1842.81,1842.81,1842.81,0.0,True,True,True,True,PLACEHOLDER_CANDIDATE
2018-06-18,BBRI,1842.81,1842.81,1842.81,1842.81,0.0,True,True,True,True,PLACEHOLDER_CANDIDATE
2018-06-19,BBRI,1842.81,1842.81,1842.81,1842.81,0.0,True,True,True,True,PLACEHOLDER_CANDIDATE
2018-08-17,BBRI,1789.99,1789.99,1789.99,1789.99,0.0,True,True,True,True,PLACEHOLDER_CANDIDATE
2018-08-22,BBRI,1848.68,1848.68,1848.68,1848.68,0.0,True,True,True,True,PLACEHOLDER_CANDIDATE
2018-09-11,BBRI,1743.04,1743.04,1743.04,1743.04,0.0,True,True,True,True,PLACEHOLDER_CANDIDATE
2018-11-20,BBRI,2065.83,2065.83,2065.83,2065.83,0.0,True,True,True,True,PLACEHOLDER_CANDIDATE
2018-12-24,BBRI,2124.51,2124.51,2124.51,2124.51,0.0,True,True,True,True,PLACEHOLDER_CANDIDATE
2018-12-25,BBRI,2124.51,2124.51,2124.51,2124.51,0.0,True,True,True,True,PLACEHOLDER_CANDIDATE
2018-12-31,BBRI,2147.99,2147.99,2147.99,2147.99,0.0,True,True,True,True,PLACEHOLDER_CANDIDATE
2019-01-01,BBRI,2147.99,2147.99,2147.99,2147.99,0.0,True,True,True,True,PLACEHOLDER_CANDIDATE
2019-02-05,BBRI,2288.84,2288.84,2288.84,2288.84,0.0,True,True,True,True,PLACEHOLDER_CANDIDATE
2019-03-07,BBRI,2288.84,2288.84,2288.84,2288.84,0.0,True,True,True,True,PLACEHOLDER_CANDIDATE
2019-04-03,BBRI,2435.56,2435.56,2435.56,2435.56,0.0,True,True,True,True,PLACEHOLDER_CANDIDATE
2019-04-17,BBRI,2547.07,2547.07,2547.07,2547.07,0.0,True,True,True,True,PLACEHOLDER_CANDIDATE
2019-04-19,BBRI,2617.5,2617.5,2617.5,2617.5,0.0,True,True,True,True,PLACEHOLDER_CANDIDATE
2019-05-01,BBRI,2564.68,2564.68,2564.68,2564.68,0.0,True,True,True,True,PLACEHOLDER_CANDIDATE
2019-05-30,BBRI,2394.52,2394.52,2394.52,2394.52,0.0,True,True,True,True,PLACEHOLDER_CANDIDATE
2019-06-03,BBRI,2491.76,2491.76,2491.76,2491.76,0.0,True,True,True,True,PLACEHOLDER_CANDIDATE
2019-06-04,BBRI,2491.76,2491.76,2491.76,2491.76,0.0,True,True,True,True,PLACEHOLDER_CANDIDATE
2019-06-05,BBRI,2491.76,2491.76,2491.76,2491.76,0.0,True,True,True,True,PLACEHOLDER_CANDIDATE
2019-06-06,BBRI,2491.76,2491.76,2491.76,2491.76,0.0,True,True,True,True,PLACEHOLDER_CANDIDATE
2019-06-07,BBRI,2491.76,2491.76,2491.76,2491.76,0.0,True,True,True,True,PLACEHOLDER_CANDIDATE
2026-05-14,BBRI,3120.0,3120.0,3120.0,3120.0,0.0,True,True,True,True,PLACEHOLDER_CANDIDATE
2026-05-15,BBRI,3120.0,3120.0,3120.0,3120.0,0.0,True,True,True,True,PLACEHOLDER_CANDIDATE
2026-05-27,BBRI,3070.0,3070.0,3070.0,3070.0,0.0,True,True,True,True,PLACEHOLDER_CANDIDATE
2026-05-28,BBRI,3070.0,3070.0,3070.0,3070.0,0.0,True,True,True,True,PLACEHOLDER_CANDIDATE
2026-08-25,BBRI,3180.0,3180.0,3180.0,3180.0,0.0,True,True,True,True,PLACEHOLDER_CANDIDATE
2026-05-14,BBRM,139.0,139.0,139.0,139.0,0.0,True,True,True,True,PLACEHOLDER_CANDIDATE
2026-05-15,BBRM,139.0,139.0,139.0,139.0,0.0,True,True,True,True,PLACEHOLDER_CANDIDATE
2026-05-27,BBRM,122.0,122.0,122.0,122.0,0.0,True,True,True,True,PLACEHOLDER_CANDIDATE
2026-05-28,BBRM,122.0,122.0,122.0,122.0,0.0,True,True,True,True,PLACEHOLDER_CANDIDATE
2026-05-14,BBSI,4700.0,4700.0,4700.0,4700.0,0.0,True,True,True,True,PLACEHOLDER_CANDIDATE
2026-05-15,BBSI,4700.0,4700.0,4700.0,4700.0,0.0,True,True,True,True,PLACEHOLDER_CANDIDATE
2026-05-27,BBSI,4420.0,4420.0,4420.0,4420.0,0.0,True,True,True,True,PLACEHOLDER_CANDIDATE
2026-05-28,BBSI,4420.0,4420.0,4420.0,4420.0,0.0,True,True,True,True,PLACEHOLDER_CANDIDATE
2026-05-14,BBSS,166.0,166.0,166.0,166.0,0.0,True,True,True,True,PLACEHOLDER_CANDIDATE
2026-05-15,BBSS,166.0,166.0,166.0,166.0,0.0,True,True,True,True,PLACEHOLDER_CANDIDATE
2026-05-27,BBSS,131.0,131.0,131.0,131.0,0.0,True,True,True,True,PLACEHOLDER_CANDIDATE
2026-05-28,BBSS,131.0,131.0,131.0,131.0,0.0,True,True,True,True,PLACEHOLDER_CANDIDATE
2026-05-14,BBTN,1340.0,1340.0,1340.0,1340.0,0.0,True,True,True,True,PLACEHOLDER_CANDIDATE
2026-05-15,BBTN,1340.0,1340.0,1340.0,1340.0,0.0,True,True,True,True,PLACEHOLDER_CANDIDATE
2026-05-27,BBTN,1340.0,1340.0,1340.0,1340.0,0.0,True,True,True,True,PLACEHOLDER_CANDIDATE
2026-05-28,BBTN,1340.0,1340.0,1340.0,1340.0,0.0,True,True,True,True,PLACEHOLDER_CANDIDATE
2026-05-14,BBYB,298.0,298.0,298.0,298.0,0.0,True,True,True,True,PLACEHOLDER_CANDIDATE
2026-05-15,BBYB,298.0,298.0,298.0,298.0,0.0,True,True,True,True,PLACEHOLDER_CANDIDATE
2026-05-27,BBYB,266.0,266.0,266.0,266.0,0.0,True,True,True,True,PLACEHOLDER_CANDIDATE
2026-05-28,BBYB,266.0,266.0,266.0,266.0,0.0,True,True,True,True,PLACEHOLDER_CANDIDATE
2026-05-14,BCAP,51.0,51.0,51.0,51.0,0.0,True,True,True,True,PLACEHOLDER_CANDIDATE
2026-05-15,BCAP,51.0,51.0,51.0,51.0,0.0,True,True,True,True,PLACEHOLDER_CANDIDATE
2026-05-27,BCAP,50.0,50.0,50.0,50.0,0.0,True,True,True,True,PLACEHOLDER_CANDIDATE
2026-05-28,BCAP,50.0,50.0,50.0,50.0,0.0,True,True,True,True,PLACEHOLDER_CANDIDATE
2026-08-25,BCAP,50.0,50.0,50.0,50.0,0.0,True,True,True,True,PLACEHOLDER_CANDIDATE
2026-05-14,BCIC,126.0,126.0,126.0,126.0,0.0,True,True,True,True,PLACEHOLDER_CANDIDATE
2026-05-15,BCIC,126.0,126.0,126.0,126.0,0.0,True,True,True,True,PLACEHOLDER_CANDIDATE
2026-05-27,BCIC,118.0,118.0,118.0,118.0,0.0,True,True,True,True,PLACEHOLDER_CANDIDATE
2026-05-28,BCIC,118.0,118.0,118.0,118.0,0.0,True,True,True,True,PLACEHOLDER_CANDIDATE
2026-05-14,BCIP,74.0,74.0,74.0,74.0,0.0,True,True,True,True,PLACEHOLDER_CANDIDATE
2026-05-15,BCIP,74.0,74.0,74.0,74.0,0.0,True,True,True,True,PLACEHOLDER_CANDIDATE
2026-05-27,BCIP,62.0,62.0,62.0,62.0,0.0,True,True,True,True,PLACEHOLDER_CANDIDATE
2026-05-28,BCIP,62.0,62.0,62.0,62.0,0.0,True,True,True,True,PLACEHOLDER_CANDIDATE
2026-05-14,BDKR,151.9573974609375,151.9573974609375,151.9573974609375,151.9573974609375,0.0,True,True,True,True,PLACEHOLDER_CANDIDATE
2026-05-15,BDKR,151.9573974609375,151.9573974609375,151.9573974609375,151.9573974609375,0.0,True,True,True,True,PLACEHOLDER_CANDIDATE
2026-05-27,BDKR,142.15370178222656,142.15370178222656,142.15370178222656,142.15370178222656,0.0,True,True,True,True,PLACEHOLDER_CANDIDATE
2026-05-28,BDKR,142.15370178222656,142.15370178222656,142.15370178222656,142.15370178222656,0.0,True,True,True,True,PLACEHOLDER_CANDIDATE
2014-04-09,BDMN,2948.57,2948.57,2948.57,2948.57,0.0,True,True,True,True,PLACEHOLDER_CANDIDATE
2014-07-09,BDMN,2837.87,2837.87,2837.87,2837.87,0.0,True,True,True,True,PLACEHOLDER_CANDIDATE
2015-12-09,BDMN,1911.38,1911.38,1911.38,1911.38,0.0,True,True,True,True,PLACEHOLDER_CANDIDATE
2017-01-02,BDMN,2535.63,2535.63,2535.63,2535.63,0.0,True,True,True,True,PLACEHOLDER_CANDIDATE
2017-02-15,BDMN,3123.41,3123.41,3123.41,3123.41,0.0,True,True,True,True,PLACEHOLDER_CANDIDATE
2017-04-19,BDMN,3191.75,3191.75,3191.75,3191.75,0.0,True,True,True,True,PLACEHOLDER_CANDIDATE
2017-06-01,BDMN,3649.25,3649.25,3649.25,3649.25,0.0,True,True,True,True,PLACEHOLDER_CANDIDATE
2017-06-23,BDMN,3579.41,3579.41,3579.41,3579.41,0.0,True,True,True,True,PLACEHOLDER_CANDIDATE
2017-06-26,BDMN,3579.41,3579.41,3579.41,3579.41,0.0,True,True,True,True,PLACEHOLDER_CANDIDATE
2017-06-27,BDMN,3579.41,3579.41,3579.41,3579.41,0.0,True,True,True,True,PLACEHOLDER_CANDIDATE
2017-06-28,BDMN,3579.41,3579.41,3579.41,3579.41,0.0,True,True,True,True,PLACEHOLDER_CANDIDATE
2017-06-29,BDMN,3579.41,3579.41,3579.41,3579.41,0.0,True,True,True,True,PLACEHOLDER_CANDIDATE
2017-06-30,BDMN,3579.41,3579.41,3579.41,3579.41,0.0,True,True,True,True,PLACEHOLDER_CANDIDATE
2017-08-17,BDMN,3823.86,3823.86,3823.86,3823.86,0.0,True,True,True,True,PLACEHOLDER_CANDIDATE
2017-09-01,BDMN,3806.4,3806.4,3806.4,3806.4,0.0,True,True,True,True,PLACEHOLDER_CANDIDATE
2017-09-21,BDMN,3806.4,3806.4,3806.4,3806.4,0.0,True,True,True,True,PLACEHOLDER_CANDIDATE
2017-12-25,BDMN,4190.53,4190.53,4190.53,4190.53,0.0,True,True,True,True,PLACEHOLDER_CANDIDATE
2017-12-26,BDMN,4190.53,4190.53,4190.53,4190.53,0.0,True,True,True,True,PLACEHOLDER_CANDIDATE
2018-01-01,BDMN,4854.03,4854.03,4854.03,4854.03,0.0,True,True,True,True,PLACEHOLDER_CANDIDATE
2018-02-16,BDMN,4819.11,4819.11,4819.11,4819.11,0.0,True,True,True,True,PLACEHOLDER_CANDIDATE
2018-03-30,BDMN,4906.35,4906.35,4906.35,4906.35,0.0,True,True,True,True,PLACEHOLDER_CANDIDATE
2018-05-01,BDMN,4745.78,4745.78,4745.78,4745.78,0.0,True,True,True,True,PLACEHOLDER_CANDIDATE
2018-05-10,BDMN,4460.32,4460.32,4460.32,4460.32,0.0,True,True,True,True,PLACEHOLDER_CANDIDATE
2018-05-29,BDMN,4246.22,4246.22,4246.22,4246.22,0.0,True,True,True,True,PLACEHOLDER_CANDIDATE
2018-06-01,BDMN,4157.02,4157.02,4157.02,4157.02,0.0,True,True,True,True,PLACEHOLDER_CANDIDATE
2018-06-11,BDMN,4246.22,4246.22,4246.22,4246.22,0.0,True,True,True,True,PLACEHOLDER_CANDIDATE
2018-06-12,BDMN,4246.22,4246.22,4246.22,4246.22,0.0,True,True,True,True,PLACEHOLDER_CANDIDATE
2018-06-13,BDMN,4246.22,4246.22,4246.22,4246.22,0.0,True,True,True,True,PLACEHOLDER_CANDIDATE
2018-06-14,BDMN,4246.22,4246.22,4246.22,4246.22,0.0,True,True,True,True,PLACEHOLDER_CANDIDATE
2018-06-15,BDMN,4246.22,4246.22,4246.22,4246.22,0.0,True,True,True,True,PLACEHOLDER_CANDIDATE
2018-06-18,BDMN,4246.22,4246.22,4246.22,4246.22,0.0,True,True,True,True,PLACEHOLDER_CANDIDATE
2018-06-19,BDMN,4246.22,4246.22,4246.22,4246.22,0.0,True,True,True,True,PLACEHOLDER_CANDIDATE
2018-08-17,BDMN,4852.83,4852.83,4852.83,4852.83,0.0,True,True,True,True,PLACEHOLDER_CANDIDATE
2018-08-22,BDMN,5066.92,5066.92,5066.92,5066.92,0.0,True,True,True,True,PLACEHOLDER_CANDIDATE
2018-09-11,BDMN,4745.78,4745.78,4745.78,4745.78,0.0,True,True,True,True,PLACEHOLDER_CANDIDATE
2018-11-20,BDMN,5316.7,5316.7,5316.7,5316.7,0.0,True,True,True,True,PLACEHOLDER_CANDIDATE
2018-12-24,BDMN,5209.65,5209.65,5209.65,5209.65,0.0,True,True,True,True,PLACEHOLDER_CANDIDATE
2018-12-25,BDMN,5209.65,5209.65,5209.65,5209.65,0.0,True,True,True,True,PLACEHOLDER_CANDIDATE
2018-12-31,BDMN,5423.75,5423.75,5423.75,5423.75,0.0,True,True,True,True,PLACEHOLDER_CANDIDATE
2019-01-01,BDMN,5423.75,5423.75,5423.75,5423.75,0.0,True,True,True,True,PLACEHOLDER_CANDIDATE
2019-02-05,BDMN,6512.06,6512.06,6512.06,6512.06,0.0,True,True,True,True,PLACEHOLDER_CANDIDATE
2019-03-07,BDMN,5477.27,5477.27,5477.27,5477.27,0.0,True,True,True,True,PLACEHOLDER_CANDIDATE
2019-04-03,BDMN,6761.84,6761.84,6761.84,6761.84,0.0,True,True,True,True,PLACEHOLDER_CANDIDATE
2019-04-17,BDMN,6830.23,6830.23,6830.23,6830.23,0.0,True,True,True,True,PLACEHOLDER_CANDIDATE
2019-04-19,BDMN,6232.36,6232.36,6232.36,6232.36,0.0,True,True,True,True,PLACEHOLDER_CANDIDATE
2019-05-01,BDMN,6413.53,6413.53,6413.53,6413.53,0.0,True,True,True,True,PLACEHOLDER_CANDIDATE
2019-05-30,BDMN,3406.05,3406.05,3406.05,3406.05,0.0,True,True,True,True,PLACEHOLDER_CANDIDATE
2019-06-03,BDMN,3355.33,3355.33,3355.33,3355.33,0.0,True,True,True,True,PLACEHOLDER_CANDIDATE
2019-06-04,BDMN,3355.33,3355.33,3355.33,3355.33,0.0,True,True,True,True,PLACEHOLDER_CANDIDATE
2019-06-05,BDMN,3355.33,3355.33,3355.33,3355.33,0.0,True,True,True,True,PLACEHOLDER_CANDIDATE
2019-06-06,BDMN,3355.33,3355.33,3355.33,3355.33,0.0,True,True,True,True,PLACEHOLDER_CANDIDATE
2019-06-07,BDMN,3355.33,3355.33,3355.33,3355.33,0.0,True,True,True,True,PLACEHOLDER_CANDIDATE
2026-05-14,BDMN,4400.0,4400.0,4400.0,4400.0,0.0,True,True,True,True,PLACEHOLDER_CANDIDATE
2026-05-15,BDMN,4400.0,4400.0,4400.0,4400.0,0.0,True,True,True,True,PLACEHOLDER_CANDIDATE
2026-05-27,BDMN,4740.0,4740.0,4740.0,4740.0,0.0,True,True,True,True,PLACEHOLDER_CANDIDATE
2026-05-28,BDMN,4740.0,4740.0,4740.0,4740.0,0.0,True,True,True,True,PLACEHOLDER_CANDIDATE
2026-08-25,BDMN,4270.0,4270.0,4270.0,4270.0,0.0,True,True,True,True,PLACEHOLDER_CANDIDATE
2026-05-01,BEBS,5.0,5.0,5.0,5.0,0.0,True,True,True,True,PLACEHOLDER_CANDIDATE
2026-05-14,BEBS,5.0,5.0,5.0,5.0,0.0,True,True,True,True,PLACEHOLDER_CANDIDATE
2026-05-15,BEBS,5.0,5.0,5.0,5.0,0.0,True,True,True,True,PLACEHOLDER_CANDIDATE
2026-05-27,BEBS,5.0,5.0,5.0,5.0,0.0,True,True,True,True,PLACEHOLDER_CANDIDATE
2026-05-28,BEBS,5.0,5.0,5.0,5.0,0.0,True,True,True,True,PLACEHOLDER_CANDIDATE
2026-06-01,BEBS,5.0,5.0,5.0,5.0,0.0,True,True,True,True,PLACEHOLDER_CANDIDATE
2026-06-16,BEBS,5.0,5.0,5.0,5.0,0.0,True,True,True,True,PLACEHOLDER_CANDIDATE
2026-08-17,BEBS,5.0,5.0,5.0,5.0,0.0,True,True,True,True,PLACEHOLDER_CANDIDATE
2026-08-25,BEBS,5.0,5.0,5.0,5.0,0.0,True,True,True,True,PLACEHOLDER_CANDIDATE
2026-05-14,BEEF,157.0,157.0,157.0,157.0,0.0,True,True,True,True,PLACEHOLDER_CANDIDATE
2026-05-15,BEEF,157.0,157.0,157.0,157.0,0.0,True,True,True,True,PLACEHOLDER_CANDIDATE
2026-05-27,BEEF,166.0,166.0,166.0,166.0,0.0,True,True,True,True,PLACEHOLDER_CANDIDATE
2026-05-28,BEEF,166.0,166.0,166.0,166.0,0.0,True,True,True,True,PLACEHOLDER_CANDIDATE
2026-05-14,BEER,111.0,111.0,111.0,111.0,0.0,True,True,True,True,PLACEHOLDER_CANDIDATE
2026-05-15,BEER,111.0,111.0,111.0,111.0,0.0,True,True,True,True,PLACEHOLDER_CANDIDATE
2026-05-27,BEER,87.0,87.0,87.0,87.0,0.0,True,True,True,True,PLACEHOLDER_CANDIDATE
2026-05-28,BEER,87.0,87.0,87.0,87.0,0.0,True,True,True,True,PLACEHOLDER_CANDIDATE
2026-05-14,BEKS,25.0,25.0,25.0,25.0,0.0,True,True,True,True,PLACEHOLDER_CANDIDATE
2026-05-15,BEKS,25.0,25.0,25.0,25.0,0.0,True,True,True,True,PLACEHOLDER_CANDIDATE
2026-05-27,BEKS,23.0,23.0,23.0,23.0,0.0,True,True,True,True,PLACEHOLDER_CANDIDATE
2026-05-28,BEKS,23.0,23.0,23.0,23.0,0.0,True,True,True,True,PLACEHOLDER_CANDIDATE
2026-05-14,BELI,352.0,352.0,352.0,352.0,0.0,True,True,True,True,PLACEHOLDER_CANDIDATE
2026-05-15,BELI,352.0,352.0,352.0,352.0,0.0,True,True,True,True,PLACEHOLDER_CANDIDATE
2026-05-27,BELI,340.0,340.0,340.0,340.0,0.0,True,True,True,True,PLACEHOLDER_CANDIDATE
2026-05-28,BELI,340.0,340.0,340.0,340.0,0.0,True,True,True,True,PLACEHOLDER_CANDIDATE
2026-05-14,BELL,129.0,129.0,129.0,129.0,0.0,True,True,True,True,PLACEHOLDER_CANDIDATE
2026-05-15,BELL,129.0,129.0,129.0,129.0,0.0,True,True,True,True,PLACEHOLDER_CANDIDATE
2026-05-27,BELL,109.0,109.0,109.0,109.0,0.0,True,True,True,True,PLACEHOLDER_CANDIDATE
2026-05-28,BELL,109.0,109.0,109.0,109.0,0.0,True,True,True,True,PLACEHOLDER_CANDIDATE
2026-05-14,BESS,1089.7823486328125,1089.7823486328125,1089.7823486328125,1089.7823486328125,0.0,True,True,True,True,PLACEHOLDER_CANDIDATE
2026-05-15,BESS,1089.7823486328125,1089.7823486328125,1089.7823486328125,1089.7823486328125,0.0,True,True,True,True,PLACEHOLDER_CANDIDATE
2026-05-27,BESS,1010.1635131835938,1010.1635131835938,1010.1635131835938,1010.1635131835938,0.0,True,True,True,True,PLACEHOLDER_CANDIDATE
2026-05-28,BESS,1010.1635131835938,1010.1635131835938,1010.1635131835938,1010.1635131835938,0.0,True,True,True,True,PLACEHOLDER_CANDIDATE
2026-05-14,BEST,110.0,110.0,110.0,110.0,0.0,True,True,True,True,PLACEHOLDER_CANDIDATE
2026-05-15,BEST,110.0,110.0,110.0,110.0,0.0,True,True,True,True,PLACEHOLDER_CANDIDATE
2026-05-27,BEST,102.0,102.0,102.0,102.0,0.0,True,True,True,True,PLACEHOLDER_CANDIDATE
2026-05-28,BEST,102.0,102.0,102.0,102.0,0.0,True,True,True,True,PLACEHOLDER_CANDIDATE
2026-05-14,BFIN,750.7801513671875,750.7801513671875,750.7801513671875,750.7801513671875,0.0,True,True,True,True,PLACEHOLDER_CANDIDATE
2026-05-15,BFIN,750.7801513671875,750.7801513671875,750.7801513671875,750.7801513671875,0.0,True,True,True,True,PLACEHOLDER_CANDIDATE
2026-05-27,BFIN,670.0,670.0,670.0,670.0,0.0,True,True,True,True,PLACEHOLDER_CANDIDATE
2026-05-28,BFIN,670.0,670.0,670.0,670.0,0.0,True,True,True,True,PLACEHOLDER_CANDIDATE
2026-08-25,BFIN,860.0,860.0,860.0,860.0,0.0,True,True,True,True,PLACEHOLDER_CANDIDATE
2026-05-14,BGTG,120.0,120.0,120.0,120.0,0.0,True,True,True,True,PLACEHOLDER_CANDIDATE
2026-05-15,BGTG,120.0,120.0,120.0,120.0,0.0,True,True,True,True,PLACEHOLDER_CANDIDATE
2026-05-27,BGTG,118.0,118.0,118.0,118.0,0.0,True,True,True,True,PLACEHOLDER_CANDIDATE
2026-05-28,BGTG,118.0,118.0,118.0,118.0,0.0,True,True,True,True,PLACEHOLDER_CANDIDATE
2026-05-14,BHAT,1400.0,1400.0,1400.0,1400.0,0.0,True,True,True,True,PLACEHOLDER_CANDIDATE
2026-05-15,BHAT,1400.0,1400.0,1400.0,1400.0,0.0,True,True,True,True,PLACEHOLDER_CANDIDATE
2026-05-27,BHAT,810.0,810.0,810.0,810.0,0.0,True,True,True,True,PLACEHOLDER_CANDIDATE
2026-05-28,BHAT,810.0,810.0,810.0,810.0,0.0,True,True,True,True,PLACEHOLDER_CANDIDATE
2026-08-17,BHAT,1770.0,1770.0,1770.0,1770.0,0.0,True,True,True,True,PLACEHOLDER_CANDIDATE
2026-08-25,BHAT,1770.0,1770.0,1770.0,1770.0,0.0,True,True,True,True,PLACEHOLDER_CANDIDATE
2026-05-14,BHIT,31.0,31.0,31.0,31.0,0.0,True,True,True,True,PLACEHOLDER_CANDIDATE
2026-05-15,BHIT,31.0,31.0,31.0,31.0,0.0,True,True,True,True,PLACEHOLDER_CANDIDATE
2026-05-27,BHIT,30.0,30.0,30.0,30.0,0.0,True,True,True,True,PLACEHOLDER_CANDIDATE
2026-05-28,BHIT,30.0,30.0,30.0,30.0,0.0,True,True,True,True,PLACEHOLDER_CANDIDATE
2026-08-25,BHIT,25.0,25.0,25.0,25.0,0.0,True,True,True,True,PLACEHOLDER_CANDIDATE
2026-05-01,BIKA,55.0,55.0,55.0,55.0,0.0,True,True,True,True,PLACEHOLDER_CANDIDATE
2026-05-14,BIKA,55.0,55.0,55.0,55.0,0.0,True,True,True,True,PLACEHOLDER_CANDIDATE
2026-05-15,BIKA,55.0,55.0,55.0,55.0,0.0,True,True,True,True,PLACEHOLDER_CANDIDATE
2026-05-27,BIKA,55.0,55.0,55.0,55.0,0.0,True,True,True,True,PLACEHOLDER_CANDIDATE
2026-05-28,BIKA,55.0,55.0,55.0,55.0,0.0,True,True,True,True,PLACEHOLDER_CANDIDATE
2026-06-01,BIKA,55.0,55.0,55.0,55.0,0.0,True,True,True,True,PLACEHOLDER_CANDIDATE
2026-06-16,BIKA,55.0,55.0,55.0,55.0,0.0,True,True,True,True,PLACEHOLDER_CANDIDATE
2026-08-17,BIKA,55.0,55.0,55.0,55.0,0.0,True,True,True,True,PLACEHOLDER_CANDIDATE
2026-08-25,BIKA,55.0,55.0,55.0,55.0,0.0,True,True,True,True,PLACEHOLDER_CANDIDATE
2026-05-01,BIKE,510.0,510.0,510.0,510.0,0.0,True,True,True,True,PLACEHOLDER_CANDIDATE
2026-05-14,BIKE,510.0,510.0,510.0,510.0,0.0,True,True,True,True,PLACEHOLDER_CANDIDATE
2026-05-15,BIKE,510.0,510.0,510.0,510.0,0.0,True,True,True,True,PLACEHOLDER_CANDIDATE
2026-05-27,BIKE,510.0,510.0,510.0,510.0,0.0,True,True,True,True,PLACEHOLDER_CANDIDATE
2026-05-28,BIKE,510.0,510.0,510.0,510.0,0.0,True,True,True,True,PLACEHOLDER_CANDIDATE
2026-06-01,BIKE,510.0,510.0,510.0,510.0,0.0,True,True,True,True,PLACEHOLDER_CANDIDATE
2026-06-16,BIKE,510.0,510.0,510.0,510.0,0.0,True,True,True,True,PLACEHOLDER_CANDIDATE
2026-08-17,BIKE,510.0,510.0,510.0,510.0,0.0,True,True,True,True,PLACEHOLDER_CANDIDATE
2026-05-01,BIMA,82.0,82.0,82.0,82.0,0.0,True,True,True,True,PLACEHOLDER_CANDIDATE
2026-05-14,BIMA,82.0,82.0,82.0,82.0,0.0,True,True,True,True,PLACEHOLDER_CANDIDATE
2026-05-15,BIMA,82.0,82.0,82.0,82.0,0.0,True,True,True,True,PLACEHOLDER_CANDIDATE
2026-05-27,BIMA,82.0,82.0,82.0,82.0,0.0,True,True,True,True,PLACEHOLDER_CANDIDATE
2026-05-28,BIMA,82.0,82.0,82.0,82.0,0.0,True,True,True,True,PLACEHOLDER_CANDIDATE
2026-06-01,BIMA,82.0,82.0,82.0,82.0,0.0,True,True,True,True,PLACEHOLDER_CANDIDATE
2026-06-16,BIMA,82.0,82.0,82.0,82.0,0.0,True,True,True,True,PLACEHOLDER_CANDIDATE
2026-08-17,BIMA,82.0,82.0,82.0,82.0,0.0,True,True,True,True,PLACEHOLDER_CANDIDATE
2026-08-25,BIMA,82.0,82.0,82.0,82.0,0.0,True,True,True,True,PLACEHOLDER_CANDIDATE
2026-05-14,BINA,4000.0,4000.0,4000.0,4000.0,0.0,True,True,True,True,PLACEHOLDER_CANDIDATE
2026-05-15,BINA,4000.0,4000.0,4000.0,4000.0,0.0,True,True,True,True,PLACEHOLDER_CANDIDATE
2026-05-27,BINA,3960.0,3960.0,3960.0,3960.0,0.0,True,True,True,True,PLACEHOLDER_CANDIDATE
2026-05-28,BINA,3960.0,3960.0,3960.0,3960.0,0.0,True,True,True,True,PLACEHOLDER_CANDIDATE
2026-05-14,BINO,118.0,118.0,118.0,118.0,0.0,True,True,True,True,PLACEHOLDER_CANDIDATE
2026-05-15,BINO,118.0,118.0,118.0,118.0,0.0,True,True,True,True,PLACEHOLDER_CANDIDATE
2026-05-27,BINO,103.0,103.0,103.0,103.0,0.0,True,True,True,True,PLACEHOLDER_CANDIDATE
2026-05-28,BINO,103.0,103.0,103.0,103.0,0.0,True,True,True,True,PLACEHOLDER_CANDIDATE
2026-05-14,BIPI,220.0,220.0,220.0,220.0,0.0,True,True,True,True,PLACEHOLDER_CANDIDATE
2026-05-15,BIPI,220.0,220.0,220.0,220.0,0.0,True,True,True,True,PLACEHOLDER_CANDIDATE
2026-05-27,BIPI,177.0,177.0,177.0,177.0,0.0,True,True,True,True,PLACEHOLDER_CANDIDATE
2026-05-28,BIPI,177.0,177.0,177.0,177.0,0.0,True,True,True,True,PLACEHOLDER_CANDIDATE
2026-05-14,BIPP,78.0,78.0,78.0,78.0,0.0,True,True,True,True,PLACEHOLDER_CANDIDATE
2026-05-15,BIPP,78.0,78.0,78.0,78.0,0.0,True,True,True,True,PLACEHOLDER_CANDIDATE
2026-05-27,BIPP,63.0,63.0,63.0,63.0,0.0,True,True,True,True,PLACEHOLDER_CANDIDATE
2026-05-28,BIPP,63.0,63.0,63.0,63.0,0.0,True,True,True,True,PLACEHOLDER_CANDIDATE
2026-08-25,BIPP,70.0,70.0,70.0,70.0,0.0,True,True,True,True,PLACEHOLDER_CANDIDATE
2026-05-14,BIRD,1410.8218994140625,1410.8218994140625,1410.8218994140625,1410.8218994140625,0.0,True,True,True,True,PLACEHOLDER_CANDIDATE
2026-05-15,BIRD,1410.8218994140625,1410.8218994140625,1410.8218994140625,1410.8218994140625,0.0,True,True,True,True,PLACEHOLDER_CANDIDATE
2026-05-27,BIRD,1397.2996826171875,1397.2996826171875,1397.2996826171875,1397.2996826171875,0.0,True,True,True,True,PLACEHOLDER_CANDIDATE
2026-05-28,BIRD,1397.2996826171875,1397.2996826171875,1397.2996826171875,1397.2996826171875,0.0,True,True,True,True,PLACEHOLDER_CANDIDATE
2026-05-14,BISI,736.7872314453125,736.7872314453125,736.7872314453125,736.7872314453125,0.0,True,True,True,True,PLACEHOLDER_CANDIDATE
2026-05-15,BISI,736.7872314453125,736.7872314453125,736.7872314453125,736.7872314453125,0.0,True,True,True,True,PLACEHOLDER_CANDIDATE
2026-05-27,BISI,703.0780029296875,703.0780029296875,703.0780029296875,703.0780029296875,0.0,True,True,True,True,PLACEHOLDER_CANDIDATE
2026-05-28,BISI,703.0780029296875,703.0780029296875,703.0780029296875,703.0780029296875,0.0,True,True,True,True,PLACEHOLDER_CANDIDATE
2014-04-09,BJBR,442.16,442.16,442.16,442.16,0.0,True,True,True,True,PLACEHOLDER_CANDIDATE
2014-07-09,BJBR,350.29,350.29,350.29,350.29,0.0,True,True,True,True,PLACEHOLDER_CANDIDATE
2015-12-09,BJBR,312.37,312.37,312.37,312.37,0.0,True,True,True,True,PLACEHOLDER_CANDIDATE
2017-01-02,BJBR,1635.16,1635.16,1635.16,1635.16,0.0,True,True,True,True,PLACEHOLDER_CANDIDATE
2017-02-15,BJBR,1114.22,1114.22,1114.22,1114.22,0.0,True,True,True,True,PLACEHOLDER_CANDIDATE
2017-04-19,BJBR,1044.24,1044.24,1044.24,1044.24,0.0,True,True,True,True,PLACEHOLDER_CANDIDATE
2017-06-01,BJBR,1185.49,1185.49,1185.49,1185.49,0.0,True,True,True,True,PLACEHOLDER_CANDIDATE
2017-06-23,BJBR,1114.87,1114.87,1114.87,1114.87,0.0,True,True,True,True,PLACEHOLDER_CANDIDATE
2017-06-26,BJBR,1114.87,1114.87,1114.87,1114.87,0.0,True,True,True,True,PLACEHOLDER_CANDIDATE
2017-06-27,BJBR,1114.87,1114.87,1114.87,1114.87,0.0,True,True,True,True,PLACEHOLDER_CANDIDATE
2017-06-28,BJBR,1114.87,1114.87,1114.87,1114.87,0.0,True,True,True,True,PLACEHOLDER_CANDIDATE
2017-06-29,BJBR,1114.87,1114.87,1114.87,1114.87,0.0,True,True,True,True,PLACEHOLDER_CANDIDATE
2017-06-30,BJBR,1114.87,1114.87,1114.87,1114.87,0.0,True,True,True,True,PLACEHOLDER_CANDIDATE
2017-08-17,BJBR,1326.74,1326.74,1326.74,1326.74,0.0,True,True,True,True,PLACEHOLDER_CANDIDATE
2017-09-01,BJBR,1291.43,1291.43,1291.43,1291.43,0.0,True,True,True,True,PLACEHOLDER_CANDIDATE
2017-09-21,BJBR,1296.47,1296.47,1296.47,1296.47,0.0,True,True,True,True,PLACEHOLDER_CANDIDATE
2017-12-25,BJBR,1135.04,1135.04,1135.04,1135.04,0.0,True,True,True,True,PLACEHOLDER_CANDIDATE
2017-12-26,BJBR,1135.04,1135.04,1135.04,1135.04,0.0,True,True,True,True,PLACEHOLDER_CANDIDATE
2018-01-01,BJBR,1210.71,1210.71,1210.71,1210.71,0.0,True,True,True,True,PLACEHOLDER_CANDIDATE
2018-02-16,BJBR,1155.22,1155.22,1155.22,1155.22,0.0,True,True,True,True,PLACEHOLDER_CANDIDATE
2018-03-30,BJBR,1081.28,1081.28,1081.28,1081.28,0.0,True,True,True,True,PLACEHOLDER_CANDIDATE
2018-05-01,BJBR,1081.28,1081.28,1081.28,1081.28,0.0,True,True,True,True,PLACEHOLDER_CANDIDATE
2018-05-10,BJBR,1081.28,1081.28,1081.28,1081.28,0.0,True,True,True,True,PLACEHOLDER_CANDIDATE
2018-05-29,BJBR,1102.28,1102.28,1102.28,1102.28,0.0,True,True,True,True,PLACEHOLDER_CANDIDATE
2018-06-01,BJBR,1076.03,1076.03,1076.03,1076.03,0.0,True,True,True,True,PLACEHOLDER_CANDIDATE
2018-06-11,BJBR,1112.78,1112.78,1112.78,1112.78,0.0,True,True,True,True,PLACEHOLDER_CANDIDATE
2018-06-12,BJBR,1112.78,1112.78,1112.78,1112.78,0.0,True,True,True,True,PLACEHOLDER_CANDIDATE
2018-06-13,BJBR,1112.78,1112.78,1112.78,1112.78,0.0,True,True,True,True,PLACEHOLDER_CANDIDATE
2018-06-14,BJBR,1112.78,1112.78,1112.78,1112.78,0.0,True,True,True,True,PLACEHOLDER_CANDIDATE
2018-06-15,BJBR,1112.78,1112.78,1112.78,1112.78,0.0,True,True,True,True,PLACEHOLDER_CANDIDATE
2018-06-18,BJBR,1112.78,1112.78,1112.78,1112.78,0.0,True,True,True,True,PLACEHOLDER_CANDIDATE
2018-06-19,BJBR,1112.78,1112.78,1112.78,1112.78,0.0,True,True,True,True,PLACEHOLDER_CANDIDATE
2018-08-17,BJBR,960.56,960.56,960.56,960.56,0.0,True,True,True,True,PLACEHOLDER_CANDIDATE
2018-08-22,BJBR,976.3,976.3,976.3,976.3,0.0,True,True,True,True,PLACEHOLDER_CANDIDATE
2018-09-11,BJBR,997.3,997.3,997.3,997.3,0.0,True,True,True,True,PLACEHOLDER_CANDIDATE
2018-11-20,BJBR,1034.04,1034.04,1034.04,1034.04,0.0,True,True,True,True,PLACEHOLDER_CANDIDATE
2018-12-24,BJBR,1065.54,1065.54,1065.54,1065.54,0.0,True,True,True,True,PLACEHOLDER_CANDIDATE
2018-12-25,BJBR,1065.54,1065.54,1065.54,1065.54,0.0,True,True,True,True,PLACEHOLDER_CANDIDATE
2018-12-31,BJBR,1076.03,1076.03,1076.03,1076.03,0.0,True,True,True,True,PLACEHOLDER_CANDIDATE
2019-01-01,BJBR,1076.03,1076.03,1076.03,1076.03,0.0,True,True,True,True,PLACEHOLDER_CANDIDATE
2019-02-05,BJBR,1160.02,1160.02,1160.02,1160.02,0.0,True,True,True,True,PLACEHOLDER_CANDIDATE
2019-03-07,BJBR,1060.29,1060.29,1060.29,1060.29,0.0,True,True,True,True,PLACEHOLDER_CANDIDATE
2019-04-03,BJBR,1076.03,1076.03,1076.03,1076.03,0.0,True,True,True,True,PLACEHOLDER_CANDIDATE
2019-04-17,BJBR,1076.03,1076.03,1076.03,1076.03,0.0,True,True,True,True,PLACEHOLDER_CANDIDATE
2019-04-19,BJBR,1065.54,1065.54,1065.54,1065.54,0.0,True,True,True,True,PLACEHOLDER_CANDIDATE
2019-05-01,BJBR,1065.54,1065.54,1065.54,1065.54,0.0,True,True,True,True,PLACEHOLDER_CANDIDATE
2019-05-30,BJBR,887.15,887.15,887.15,887.15,0.0,True,True,True,True,PLACEHOLDER_CANDIDATE
2019-06-03,BJBR,878.89,878.89,878.89,878.89,0.0,True,True,True,True,PLACEHOLDER_CANDIDATE
2019-06-04,BJBR,878.89,878.89,878.89,878.89,0.0,True,True,True,True,PLACEHOLDER_CANDIDATE
2019-06-05,BJBR,878.89,878.89,878.89,878.89,0.0,True,True,True,True,PLACEHOLDER_CANDIDATE
2019-06-06,BJBR,878.89,878.89,878.89,878.89,0.0,True,True,True,True,PLACEHOLDER_CANDIDATE
2019-06-07,BJBR,878.89,878.89,878.89,878.89,0.0,True,True,True,True,PLACEHOLDER_CANDIDATE
2026-05-14,BJBR,785.0,785.0,785.0,785.0,0.0,True,True,True,True,PLACEHOLDER_CANDIDATE
2026-05-15,BJBR,785.0,785.0,785.0,785.0,0.0,True,True,True,True,PLACEHOLDER_CANDIDATE
2026-05-27,BJBR,775.0,775.0,775.0,775.0,0.0,True,True,True,True,PLACEHOLDER_CANDIDATE
2026-05-28,BJBR,775.0,775.0,775.0,775.0,0.0,True,True,True,True,PLACEHOLDER_CANDIDATE
2014-04-09,BJTM,165.33,165.33,165.33,165.33,0.0,True,True,True,True,PLACEHOLDER_CANDIDATE
2014-07-09,BJTM,159.67,159.67,159.67,159.67,0.0,True,True,True,True,PLACEHOLDER_CANDIDATE
2015-12-09,BJTM,179.68,179.68,179.68,179.68,0.0,True,True,True,True,PLACEHOLDER_CANDIDATE
2017-01-02,BJTM,259.66,259.66,259.66,259.66,0.0,True,True,True,True,PLACEHOLDER_CANDIDATE
2017-02-15,BJTM,278.66,278.66,278.66,278.66,0.0,True,True,True,True,PLACEHOLDER_CANDIDATE
2017-04-19,BJTM,327.55,327.55,327.55,327.55,0.0,True,True,True,True,PLACEHOLDER_CANDIDATE
2017-06-01,BJTM,332.44,332.44,332.44,332.44,0.0,True,True,True,True,PLACEHOLDER_CANDIDATE
2017-06-23,BJTM,325.1,325.1,325.1,325.1,0.0,True,True,True,True,PLACEHOLDER_CANDIDATE
2017-06-26,BJTM,325.1,325.1,325.1,325.1,0.0,True,True,True,True,PLACEHOLDER_CANDIDATE
2017-06-27,BJTM,325.1,325.1,325.1,325.1,0.0,True,True,True,True,PLACEHOLDER_CANDIDATE
2017-06-28,BJTM,325.1,325.1,325.1,325.1,0.0,True,True,True,True,PLACEHOLDER_CANDIDATE
2017-06-29,BJTM,325.1,325.1,325.1,325.1,0.0,True,True,True,True,PLACEHOLDER_CANDIDATE
2017-06-30,BJTM,325.1,325.1,325.1,325.1,0.0,True,True,True,True,PLACEHOLDER_CANDIDATE
2017-08-17,BJTM,342.21,342.21,342.21,342.21,0.0,True,True,True,True,PLACEHOLDER_CANDIDATE
2017-09-01,BJTM,347.1,347.1,347.1,347.1,0.0,True,True,True,True,PLACEHOLDER_CANDIDATE
2017-09-21,BJTM,337.33,337.33,337.33,337.33,0.0,True,True,True,True,PLACEHOLDER_CANDIDATE
2017-12-25,BJTM,342.21,342.21,342.21,342.21,0.0,True,True,True,True,PLACEHOLDER_CANDIDATE
2017-12-26,BJTM,342.21,342.21,342.21,342.21,0.0,True,True,True,True,PLACEHOLDER_CANDIDATE
2018-01-01,BJTM,347.1,347.1,347.1,347.1,0.0,True,True,True,True,PLACEHOLDER_CANDIDATE
2018-02-16,BJTM,381.32,381.32,381.32,381.32,0.0,True,True,True,True,PLACEHOLDER_CANDIDATE
2018-03-30,BJTM,326.58,326.58,326.58,326.58,0.0,True,True,True,True,PLACEHOLDER_CANDIDATE
2018-05-01,BJTM,370.64,370.64,370.64,370.64,0.0,True,True,True,True,PLACEHOLDER_CANDIDATE
2018-05-10,BJTM,357.68,357.68,357.68,357.68,0.0,True,True,True,True,PLACEHOLDER_CANDIDATE
2018-05-29,BJTM,362.86,362.86,362.86,362.86,0.0,True,True,True,True,PLACEHOLDER_CANDIDATE
2018-06-01,BJTM,357.68,357.68,357.68,357.68,0.0,True,True,True,True,PLACEHOLDER_CANDIDATE
2018-06-11,BJTM,365.45,365.45,365.45,365.45,0.0,True,True,True,True,PLACEHOLDER_CANDIDATE
2018-06-12,BJTM,365.45,365.45,365.45,365.45,0.0,True,True,True,True,PLACEHOLDER_CANDIDATE
2018-06-13,BJTM,365.45,365.45,365.45,365.45,0.0,True,True,True,True,PLACEHOLDER_CANDIDATE
2018-06-14,BJTM,365.45,365.45,365.45,365.45,0.0,True,True,True,True,PLACEHOLDER_CANDIDATE
2018-06-15,BJTM,365.45,365.45,365.45,365.45,0.0,True,True,True,True,PLACEHOLDER_CANDIDATE
2018-06-18,BJTM,365.45,365.45,365.45,365.45,0.0,True,True,True,True,PLACEHOLDER_CANDIDATE
2018-06-19,BJTM,365.45,365.45,365.45,365.45,0.0,True,True,True,True,PLACEHOLDER_CANDIDATE
2018-08-17,BJTM,329.17,329.17,329.17,329.17,0.0,True,True,True,True,PLACEHOLDER_CANDIDATE
2018-08-22,BJTM,329.17,329.17,329.17,329.17,0.0,True,True,True,True,PLACEHOLDER_CANDIDATE
2018-09-11,BJTM,329.17,329.17,329.17,329.17,0.0,True,True,True,True,PLACEHOLDER_CANDIDATE
2018-11-20,BJTM,352.49,352.49,352.49,352.49,0.0,True,True,True,True,PLACEHOLDER_CANDIDATE
2018-12-24,BJTM,357.68,357.68,357.68,357.68,0.0,True,True,True,True,PLACEHOLDER_CANDIDATE
2018-12-25,BJTM,357.68,357.68,357.68,357.68,0.0,True,True,True,True,PLACEHOLDER_CANDIDATE
2018-12-31,BJTM,357.68,357.68,357.68,357.68,0.0,True,True,True,True,PLACEHOLDER_CANDIDATE
2019-01-01,BJTM,357.68,357.68,357.68,357.68,0.0,True,True,True,True,PLACEHOLDER_CANDIDATE
2019-02-05,BJTM,381.01,381.01,381.01,381.01,0.0,True,True,True,True,PLACEHOLDER_CANDIDATE
2019-03-07,BJTM,357.68,357.68,357.68,357.68,0.0,True,True,True,True,PLACEHOLDER_CANDIDATE
2019-04-03,BJTM,339.54,339.54,339.54,339.54,0.0,True,True,True,True,PLACEHOLDER_CANDIDATE
2019-04-17,BJTM,349.9,349.9,349.9,349.9,0.0,True,True,True,True,PLACEHOLDER_CANDIDATE
2019-04-19,BJTM,352.49,352.49,352.49,352.49,0.0,True,True,True,True,PLACEHOLDER_CANDIDATE
2019-05-01,BJTM,352.49,352.49,352.49,352.49,0.0,True,True,True,True,PLACEHOLDER_CANDIDATE
2019-05-30,BJTM,339.12,339.12,339.12,339.12,0.0,True,True,True,True,PLACEHOLDER_CANDIDATE
2019-06-03,BJTM,344.68,344.68,344.68,344.68,0.0,True,True,True,True,PLACEHOLDER_CANDIDATE
2019-06-04,BJTM,344.68,344.68,344.68,344.68,0.0,True,True,True,True,PLACEHOLDER_CANDIDATE
2019-06-05,BJTM,344.68,344.68,344.68,344.68,0.0,True,True,True,True,PLACEHOLDER_CANDIDATE
2019-06-06,BJTM,344.68,344.68,344.68,344.68,0.0,True,True,True,True,PLACEHOLDER_CANDIDATE
2019-06-07,BJTM,344.68,344.68,344.68,344.68,0.0,True,True,True,True,PLACEHOLDER_CANDIDATE
2026-05-14,BJTM,527.89,527.89,527.89,527.89,0.0,True,True,True,True,PLACEHOLDER_CANDIDATE
2026-05-15,BJTM,527.89,527.89,527.89,527.89,0.0,True,True,True,True,PLACEHOLDER_CANDIDATE
2026-05-27,BJTM,520.0,520.0,520.0,520.0,0.0,True,True,True,True,PLACEHOLDER_CANDIDATE
2026-05-28,BJTM,520.0,520.0,520.0,520.0,0.0,True,True,True,True,PLACEHOLDER_CANDIDATE
2026-05-14,BKDP,103.0,103.0,103.0,103.0,0.0,True,True,True,True,PLACEHOLDER_CANDIDATE
2026-05-15,BKDP,103.0,103.0,103.0,103.0,0.0,True,True,True,True,PLACEHOLDER_CANDIDATE
2026-05-27,BKDP,125.0,125.0,125.0,125.0,0.0,True,True,True,True,PLACEHOLDER_CANDIDATE
2026-05-28,BKDP,125.0,125.0,125.0,125.0,0.0,True,True,True,True,PLACEHOLDER_CANDIDATE
2026-06-01,BKDP,125.0,125.0,125.0,125.0,0.0,True,True,True,True,PLACEHOLDER_CANDIDATE
2026-06-16,BKDP,125.0,125.0,125.0,125.0,0.0,True,True,True,True,PLACEHOLDER_CANDIDATE
2026-08-17,BKDP,169.0,169.0,169.0,169.0,0.0,True,True,True,True,PLACEHOLDER_CANDIDATE
2026-08-25,BKDP,169.0,169.0,169.0,169.0,0.0,True,True,True,True,PLACEHOLDER_CANDIDATE
2014-04-09,BKSL,432.98,432.98,432.98,432.98,0.0,True,True,True,True,PLACEHOLDER_CANDIDATE
2014-07-09,BKSL,432.98,432.98,432.98,432.98,0.0,True,True,True,True,PLACEHOLDER_CANDIDATE
2015-12-09,BKSL,52.13,52.13,52.13,52.13,0.0,True,True,True,True,PLACEHOLDER_CANDIDATE
2017-01-02,BKSL,55.99,55.99,55.99,55.99,0.0,True,True,True,True,PLACEHOLDER_CANDIDATE
2017-02-15,BKSL,55.99,55.99,55.99,55.99,0.0,True,True,True,True,PLACEHOLDER_CANDIDATE
2017-04-19,BKSL,55.99,55.99,55.99,55.99,0.0,True,True,True,True,PLACEHOLDER_CANDIDATE
2017-06-01,BKSL,55.99,55.99,55.99,55.99,0.0,True,True,True,True,PLACEHOLDER_CANDIDATE
2017-06-23,BKSL,55.99,55.99,55.99,55.99,0.0,True,True,True,True,PLACEHOLDER_CANDIDATE
2017-06-26,BKSL,55.99,55.99,55.99,55.99,0.0,True,True,True,True,PLACEHOLDER_CANDIDATE
2017-06-27,BKSL,55.99,55.99,55.99,55.99,0.0,True,True,True,True,PLACEHOLDER_CANDIDATE
2017-06-28,BKSL,55.99,55.99,55.99,55.99,0.0,True,True,True,True,PLACEHOLDER_CANDIDATE
2017-06-29,BKSL,55.99,55.99,55.99,55.99,0.0,True,True,True,True,PLACEHOLDER_CANDIDATE
2017-06-30,BKSL,55.99,55.99,55.99,55.99,0.0,True,True,True,True,PLACEHOLDER_CANDIDATE
2017-08-17,BKSL,55.99,55.99,55.99,55.99,0.0,True,True,True,True,PLACEHOLDER_CANDIDATE
2017-09-01,BKSL,55.99,55.99,55.99,55.99,0.0,True,True,True,True,PLACEHOLDER_CANDIDATE
2017-09-21,BKSL,55.99,55.99,55.99,55.99,0.0,True,True,True,True,PLACEHOLDER_CANDIDATE
2017-12-25,BKSL,55.99,55.99,55.99,55.99,0.0,True,True,True,True,PLACEHOLDER_CANDIDATE
2017-12-26,BKSL,55.99,55.99,55.99,55.99,0.0,True,True,True,True,PLACEHOLDER_CANDIDATE
2018-01-01,BKSL,55.99,55.99,55.99,55.99,0.0,True,True,True,True,PLACEHOLDER_CANDIDATE
2018-02-16,BKSL,55.99,55.99,55.99,55.99,0.0,True,True,True,True,PLACEHOLDER_CANDIDATE
2018-03-30,BKSL,55.99,55.99,55.99,55.99,0.0,True,True,True,True,PLACEHOLDER_CANDIDATE
2018-05-01,BKSL,55.99,55.99,55.99,55.99,0.0,True,True,True,True,PLACEHOLDER_CANDIDATE
2018-05-10,BKSL,55.99,55.99,55.99,55.99,0.0,True,True,True,True,PLACEHOLDER_CANDIDATE
2018-05-29,BKSL,55.99,55.99,55.99,55.99,0.0,True,True,True,True,PLACEHOLDER_CANDIDATE
2018-06-01,BKSL,55.99,55.99,55.99,55.99,0.0,True,True,True,True,PLACEHOLDER_CANDIDATE
2018-06-11,BKSL,55.99,55.99,55.99,55.99,0.0,True,True,True,True,PLACEHOLDER_CANDIDATE
2018-06-12,BKSL,55.99,55.99,55.99,55.99,0.0,True,True,True,True,PLACEHOLDER_CANDIDATE
2018-06-13,BKSL,55.99,55.99,55.99,55.99,0.0,True,True,True,True,PLACEHOLDER_CANDIDATE
2018-06-14,BKSL,55.99,55.99,55.99,55.99,0.0,True,True,True,True,PLACEHOLDER_CANDIDATE
2018-06-15,BKSL,55.99,55.99,55.99,55.99,0.0,True,True,True,True,PLACEHOLDER_CANDIDATE
2018-06-18,BKSL,55.99,55.99,55.99,55.99,0.0,True,True,True,True,PLACEHOLDER_CANDIDATE
2018-06-19,BKSL,55.99,55.99,55.99,55.99,0.0,True,True,True,True,PLACEHOLDER_CANDIDATE
2018-08-17,BKSL,55.99,55.99,55.99,55.99,0.0,True,True,True,True,PLACEHOLDER_CANDIDATE
2018-08-22,BKSL,55.99,55.99,55.99,55.99,0.0,True,True,True,True,PLACEHOLDER_CANDIDATE
2018-09-11,BKSL,55.99,55.99,55.99,55.99,0.0,True,True,True,True,PLACEHOLDER_CANDIDATE
2018-11-20,BKSL,55.99,55.99,55.99,55.99,0.0,True,True,True,True,PLACEHOLDER_CANDIDATE
2018-12-24,BKSL,55.99,55.99,55.99,55.99,0.0,True,True,True,True,PLACEHOLDER_CANDIDATE
2018-12-25,BKSL,55.99,55.99,55.99,55.99,0.0,True,True,True,True,PLACEHOLDER_CANDIDATE
2018-12-31,BKSL,55.99,55.99,55.99,55.99,0.0,True,True,True,True,PLACEHOLDER_CANDIDATE
2019-01-01,BKSL,55.99,55.99,55.99,55.99,0.0,True,True,True,True,PLACEHOLDER_CANDIDATE
2019-02-05,BKSL,55.99,55.99,55.99,55.99,0.0,True,True,True,True,PLACEHOLDER_CANDIDATE
2019-03-07,BKSL,55.99,55.99,55.99,55.99,0.0,True,True,True,True,PLACEHOLDER_CANDIDATE
2019-04-03,BKSL,55.99,55.99,55.99,55.99,0.0,True,True,True,True,PLACEHOLDER_CANDIDATE
2019-04-17,BKSL,55.99,55.99,55.99,55.99,0.0,True,True,True,True,PLACEHOLDER_CANDIDATE
2019-04-19,BKSL,55.99,55.99,55.99,55.99,0.0,True,True,True,True,PLACEHOLDER_CANDIDATE
2019-05-01,BKSL,55.99,55.99,55.99,55.99,0.0,True,True,True,True,PLACEHOLDER_CANDIDATE
2019-05-30,BKSL,55.99,55.99,55.99,55.99,0.0,True,True,True,True,PLACEHOLDER_CANDIDATE
2019-06-03,BKSL,55.99,55.99,55.99,55.99,0.0,True,True,True,True,PLACEHOLDER_CANDIDATE
2019-06-04,BKSL,55.99,55.99,55.99,55.99,0.0,True,True,True,True,PLACEHOLDER_CANDIDATE
2019-06-05,BKSL,55.99,55.99,55.99,55.99,0.0,True,True,True,True,PLACEHOLDER_CANDIDATE
2019-06-06,BKSL,55.99,55.99,55.99,55.99,0.0,True,True,True,True,PLACEHOLDER_CANDIDATE
2019-06-07,BKSL,55.99,55.99,55.99,55.99,0.0,True,True,True,True,PLACEHOLDER_CANDIDATE
2026-05-14,BKSL,99.0,99.0,99.0,99.0,0.0,True,True,True,True,PLACEHOLDER_CANDIDATE
2026-05-15,BKSL,99.0,99.0,99.0,99.0,0.0,True,True,True,True,PLACEHOLDER_CANDIDATE
2026-05-27,BKSL,75.0,75.0,75.0,75.0,0.0,True,True,True,True,PLACEHOLDER_CANDIDATE
2026-05-28,BKSL,75.0,75.0,75.0,75.0,0.0,True,True,True,True,PLACEHOLDER_CANDIDATE
2026-08-25,BKSL,76.0,76.0,76.0,76.0,0.0,True,True,True,True,PLACEHOLDER_CANDIDATE
2026-05-14,BKSW,57.0,57.0,57.0,57.0,0.0,True,True,True,True,PLACEHOLDER_CANDIDATE
2026-05-15,BKSW,57.0,57.0,57.0,57.0,0.0,True,True,True,True,PLACEHOLDER_CANDIDATE
2026-05-27,BKSW,54.0,54.0,54.0,54.0,0.0,True,True,True,True,PLACEHOLDER_CANDIDATE
2026-05-28,BKSW,54.0,54.0,54.0,54.0,0.0,True,True,True,True,PLACEHOLDER_CANDIDATE
2026-08-25,BKSW,52.0,52.0,52.0,52.0,0.0,True,True,True,True,PLACEHOLDER_CANDIDATE
2026-05-14,BLES,152.9656219482422,152.9656219482422,152.9656219482422,152.9656219482422,0.0,True,True,True,True,PLACEHOLDER_CANDIDATE
2026-05-15,BLES,152.9656219482422,152.9656219482422,152.9656219482422,152.9656219482422,0.0,True,True,True,True,PLACEHOLDER_CANDIDATE
2026-05-27,BLES,144.08375549316406,144.08375549316406,144.08375549316406,144.08375549316406,0.0,True,True,True,True,PLACEHOLDER_CANDIDATE
2026-05-28,BLES,144.08375549316406,144.08375549316406,144.08375549316406,144.08375549316406,0.0,True,True,True,True,PLACEHOLDER_CANDIDATE
2026-05-14,BLOG,368.3448181152344,368.3448181152344,368.3448181152344,368.3448181152344,0.0,True,True,True,True,PLACEHOLDER_CANDIDATE
2026-05-15,BLOG,368.3448181152344,368.3448181152344,368.3448181152344,368.3448181152344,0.0,True,True,True,True,PLACEHOLDER_CANDIDATE
2026-05-27,BLOG,328.8793029785156,328.8793029785156,328.8793029785156,328.8793029785156,0.0,True,True,True,True,PLACEHOLDER_CANDIDATE
2026-05-28,BLOG,328.8793029785156,328.8793029785156,328.8793029785156,328.8793029785156,0.0,True,True,True,True,PLACEHOLDER_CANDIDATE
2026-05-14,BLTA,42.0,42.0,42.0,42.0,0.0,True,True,True,True,PLACEHOLDER_CANDIDATE
2026-05-15,BLTA,42.0,42.0,42.0,42.0,0.0,True,True,True,True,PLACEHOLDER_CANDIDATE
2026-05-27,BLTA,40.0,40.0,40.0,40.0,0.0,True,True,True,True,PLACEHOLDER_CANDIDATE
2026-05-28,BLTA,40.0,40.0,40.0,40.0,0.0,True,True,True,True,PLACEHOLDER_CANDIDATE
2026-08-25,BLTA,33.0,33.0,33.0,33.0,0.0,True,True,True,True,PLACEHOLDER_CANDIDATE
2026-05-01,BLTZ,2700.0,2700.0,2700.0,2700.0,0.0,True,True,True,True,PLACEHOLDER_CANDIDATE
2026-05-14,BLTZ,2900.0,2900.0,2900.0,2900.0,0.0,True,True,True,True,PLACEHOLDER_CANDIDATE
2026-05-15,BLTZ,2900.0,2900.0,2900.0,2900.0,0.0,True,True,True,True,PLACEHOLDER_CANDIDATE
2026-05-27,BLTZ,2910.0,2910.0,2910.0,2910.0,0.0,True,True,True,True,PLACEHOLDER_CANDIDATE
2026-05-28,BLTZ,2910.0,2910.0,2910.0,2910.0,0.0,True,True,True,True,PLACEHOLDER_CANDIDATE
2026-08-17,BLTZ,2290.0,2290.0,2290.0,2290.0,0.0,True,True,True,True,PLACEHOLDER_CANDIDATE
2026-05-14,BLUE,2870.0302734375,2870.0302734375,2870.0302734375,2870.0302734375,0.0,True,True,True,True,PLACEHOLDER_CANDIDATE
2026-05-15,BLUE,2870.0302734375,2870.0302734375,2870.0302734375,2870.0302734375,0.0,True,True,True,True,PLACEHOLDER_CANDIDATE
2026-05-27,BLUE,3315.3798828125,3315.3798828125,3315.3798828125,3315.3798828125,0.0,True,True,True,True,PLACEHOLDER_CANDIDATE
2026-05-28,BLUE,3315.3798828125,3315.3798828125,3315.3798828125,3315.3798828125,0.0,True,True,True,True,PLACEHOLDER_CANDIDATE
2026-05-14,BMAS,496.0,496.0,496.0,496.0,0.0,True,True,True,True,PLACEHOLDER_CANDIDATE
2026-05-15,BMAS,496.0,496.0,496.0,496.0,0.0,True,True,True,True,PLACEHOLDER_CANDIDATE
2026-05-27,BMAS,500.0,500.0,500.0,500.0,0.0,True,True,True,True,PLACEHOLDER_CANDIDATE
2026-05-28,BMAS,500.0,500.0,500.0,500.0,0.0,True,True,True,True,PLACEHOLDER_CANDIDATE
2026-05-14,BMBL,34.0,34.0,34.0,34.0,0.0,True,True,True,True,PLACEHOLDER_CANDIDATE
2026-05-15,BMBL,34.0,34.0,34.0,34.0,0.0,True,True,True,True,PLACEHOLDER_CANDIDATE
2026-05-27,BMBL,34.0,34.0,34.0,34.0,0.0,True,True,True,True,PLACEHOLDER_CANDIDATE
2026-05-28,BMBL,34.0,34.0,34.0,34.0,0.0,True,True,True,True,PLACEHOLDER_CANDIDATE
2026-05-14,BMHS,185.9179229736328,185.9179229736328,185.9179229736328,185.9179229736328,0.0,True,True,True,True,PLACEHOLDER_CANDIDATE
2026-05-15,BMHS,185.9179229736328,185.9179229736328,185.9179229736328,185.9179229736328,0.0,True,True,True,True,PLACEHOLDER_CANDIDATE
2026-05-27,BMHS,183.9294891357422,183.9294891357422,183.9294891357422,183.9294891357422,0.0,True,True,True,True,PLACEHOLDER_CANDIDATE
2026-05-28,BMHS,183.9294891357422,183.9294891357422,183.9294891357422,183.9294891357422,0.0,True,True,True,True,PLACEHOLDER_CANDIDATE
2014-04-09,BMRI,1472.61,1472.61,1472.61,1472.61,0.0,True,True,True,True,PLACEHOLDER_CANDIDATE
2014-07-09,BMRI,1458.24,1458.24,1458.24,1458.24,0.0,True,True,True,True,PLACEHOLDER_CANDIDATE
2015-12-09,BMRI,1316.04,1316.04,1316.04,1316.04,0.0,True,True,True,True,PLACEHOLDER_CANDIDATE
2017-01-02,BMRI,1737.1,1737.1,1737.1,1737.1,0.0,True,True,True,True,PLACEHOLDER_CANDIDATE
2017-02-15,BMRI,1714.58,1714.58,1714.58,1714.58,0.0,True,True,True,True,PLACEHOLDER_CANDIDATE
2017-04-19,BMRI,1804.07,1804.07,1804.07,1804.07,0.0,True,True,True,True,PLACEHOLDER_CANDIDATE
2017-06-01,BMRI,1934.57,1934.57,1934.57,1934.57,0.0,True,True,True,True,PLACEHOLDER_CANDIDATE
2017-06-23,BMRI,1957.61,1957.61,1957.61,1957.61,0.0,True,True,True,True,PLACEHOLDER_CANDIDATE
2017-06-26,BMRI,1957.61,1957.61,1957.61,1957.61,0.0,True,True,True,True,PLACEHOLDER_CANDIDATE
2017-06-27,BMRI,1957.61,1957.61,1957.61,1957.61,0.0,True,True,True,True,PLACEHOLDER_CANDIDATE
2017-06-28,BMRI,1957.61,1957.61,1957.61,1957.61,0.0,True,True,True,True,PLACEHOLDER_CANDIDATE
2017-06-29,BMRI,1957.61,1957.61,1957.61,1957.61,0.0,True,True,True,True,PLACEHOLDER_CANDIDATE
2017-06-30,BMRI,1957.61,1957.61,1957.61,1957.61,0.0,True,True,True,True,PLACEHOLDER_CANDIDATE
2017-08-17,BMRI,2045.89,2045.89,2045.89,2045.89,0.0,True,True,True,True,PLACEHOLDER_CANDIDATE
2017-09-01,BMRI,2011.34,2011.34,2011.34,2011.34,0.0,True,True,True,True,PLACEHOLDER_CANDIDATE
2017-09-21,BMRI,2026.7,2026.7,2026.7,2026.7,0.0,True,True,True,True,PLACEHOLDER_CANDIDATE
2017-12-25,BMRI,2356.8,2356.8,2356.8,2356.8,0.0,True,True,True,True,PLACEHOLDER_CANDIDATE
2017-12-26,BMRI,2356.8,2356.8,2356.8,2356.8,0.0,True,True,True,True,PLACEHOLDER_CANDIDATE
2018-01-01,BMRI,2456.6,2456.6,2456.6,2456.6,0.0,True,True,True,True,PLACEHOLDER_CANDIDATE
2018-02-16,BMRI,2548.73,2548.73,2548.73,2548.73,0.0,True,True,True,True,PLACEHOLDER_CANDIDATE
2018-03-30,BMRI,2418.51,2418.51,2418.51,2418.51,0.0,True,True,True,True,PLACEHOLDER_CANDIDATE
2018-05-01,BMRI,2245.2,2245.2,2245.2,2245.2,0.0,True,True,True,True,PLACEHOLDER_CANDIDATE
2018-05-10,BMRI,2260.96,2260.96,2260.96,2260.96,0.0,True,True,True,True,PLACEHOLDER_CANDIDATE
2018-05-29,BMRI,2323.98,2323.98,2323.98,2323.98,0.0,True,True,True,True,PLACEHOLDER_CANDIDATE
2018-06-01,BMRI,2221.57,2221.57,2221.57,2221.57,0.0,True,True,True,True,PLACEHOLDER_CANDIDATE
2018-06-11,BMRI,2190.05,2190.05,2190.05,2190.05,0.0,True,True,True,True,PLACEHOLDER_CANDIDATE
2018-06-12,BMRI,2190.05,2190.05,2190.05,2190.05,0.0,True,True,True,True,PLACEHOLDER_CANDIDATE
2018-06-13,BMRI,2190.05,2190.05,2190.05,2190.05,0.0,True,True,True,True,PLACEHOLDER_CANDIDATE
2018-06-14,BMRI,2190.05,2190.05,2190.05,2190.05,0.0,True,True,True,True,PLACEHOLDER_CANDIDATE
2018-06-15,BMRI,2190.05,2190.05,2190.05,2190.05,0.0,True,True,True,True,PLACEHOLDER_CANDIDATE
2018-06-18,BMRI,2190.05,2190.05,2190.05,2190.05,0.0,True,True,True,True,PLACEHOLDER_CANDIDATE
2018-06-19,BMRI,2190.05,2190.05,2190.05,2190.05,0.0,True,True,True,True,PLACEHOLDER_CANDIDATE
2018-08-17,BMRI,2111.28,2111.28,2111.28,2111.28,0.0,True,True,True,True,PLACEHOLDER_CANDIDATE
2018-08-22,BMRI,2111.28,2111.28,2111.28,2111.28,0.0,True,True,True,True,PLACEHOLDER_CANDIDATE
2018-09-11,BMRI,2071.89,2071.89,2071.89,2071.89,0.0,True,True,True,True,PLACEHOLDER_CANDIDATE
2018-11-20,BMRI,2355.49,2355.49,2355.49,2355.49,0.0,True,True,True,True,PLACEHOLDER_CANDIDATE
2018-12-24,BMRI,2276.71,2276.71,2276.71,2276.71,0.0,True,True,True,True,PLACEHOLDER_CANDIDATE
2018-12-25,BMRI,2276.71,2276.71,2276.71,2276.71,0.0,True,True,True,True,PLACEHOLDER_CANDIDATE
2018-12-31,BMRI,2323.98,2323.98,2323.98,2323.98,0.0,True,True,True,True,PLACEHOLDER_CANDIDATE
2019-01-01,BMRI,2323.98,2323.98,2323.98,2323.98,0.0,True,True,True,True,PLACEHOLDER_CANDIDATE
2019-02-05,BMRI,2316.1,2316.1,2316.1,2316.1,0.0,True,True,True,True,PLACEHOLDER_CANDIDATE
2019-03-07,BMRI,2229.44,2229.44,2229.44,2229.44,0.0,True,True,True,True,PLACEHOLDER_CANDIDATE
2019-04-03,BMRI,2339.73,2339.73,2339.73,2339.73,0.0,True,True,True,True,PLACEHOLDER_CANDIDATE
2019-04-17,BMRI,2402.76,2402.76,2402.76,2402.76,0.0,True,True,True,True,PLACEHOLDER_CANDIDATE
2019-04-19,BMRI,2457.9,2457.9,2457.9,2457.9,0.0,True,True,True,True,PLACEHOLDER_CANDIDATE
2019-05-01,BMRI,2434.27,2434.27,2434.27,2434.27,0.0,True,True,True,True,PLACEHOLDER_CANDIDATE
2019-05-30,BMRI,2456.07,2456.07,2456.07,2456.07,0.0,True,True,True,True,PLACEHOLDER_CANDIDATE
2019-06-03,BMRI,2496.73,2496.73,2496.73,2496.73,0.0,True,True,True,True,PLACEHOLDER_CANDIDATE
2019-06-04,BMRI,2496.73,2496.73,2496.73,2496.73,0.0,True,True,True,True,PLACEHOLDER_CANDIDATE
2019-06-05,BMRI,2496.73,2496.73,2496.73,2496.73,0.0,True,True,True,True,PLACEHOLDER_CANDIDATE
2019-06-06,BMRI,2496.73,2496.73,2496.73,2496.73,0.0,True,True,True,True,PLACEHOLDER_CANDIDATE
2019-06-07,BMRI,2496.73,2496.73,2496.73,2496.73,0.0,True,True,True,True,PLACEHOLDER_CANDIDATE
2026-05-14,BMRI,4200.0,4200.0,4200.0,4200.0,0.0,True,True,True,True,PLACEHOLDER_CANDIDATE
2026-05-15,BMRI,4200.0,4200.0,4200.0,4200.0,0.0,True,True,True,True,PLACEHOLDER_CANDIDATE
2026-05-27,BMRI,4130.0,4130.0,4130.0,4130.0,0.0,True,True,True,True,PLACEHOLDER_CANDIDATE
2026-05-28,BMRI,4130.0,4130.0,4130.0,4130.0,0.0,True,True,True,True,PLACEHOLDER_CANDIDATE
2026-08-25,BMRI,4136.12890625,4136.12890625,4136.12890625,4136.12890625,0.0,True,True,True,True,PLACEHOLDER_CANDIDATE
2026-05-14,BMSR,320.0,320.0,320.0,320.0,0.0,True,True,True,True,PLACEHOLDER_CANDIDATE
2026-05-15,BMSR,320.0,320.0,320.0,320.0,0.0,True,True,True,True,PLACEHOLDER_CANDIDATE
2026-05-27,BMSR,302.0,302.0,302.0,302.0,0.0,True,True,True,True,PLACEHOLDER_CANDIDATE
2026-05-28,BMSR,302.0,302.0,302.0,302.0,0.0,True,True,True,True,PLACEHOLDER_CANDIDATE
2026-08-25,BMSR,314.0,314.0,314.0,314.0,0.0,True,True,True,True,PLACEHOLDER_CANDIDATE
2026-05-14,BMTR,143.0,143.0,143.0,143.0,0.0,True,True,True,True,PLACEHOLDER_CANDIDATE
2026-05-15,BMTR,143.0,143.0,143.0,143.0,0.0,True,True,True,True,PLACEHOLDER_CANDIDATE
2026-05-27,BMTR,129.0,129.0,129.0,129.0,0.0,True,True,True,True,PLACEHOLDER_CANDIDATE
2026-05-28,BMTR,129.0,129.0,129.0,129.0,0.0,True,True,True,True,PLACEHOLDER_CANDIDATE
2026-08-25,BMTR,116.0,116.0,116.0,116.0,0.0,True,True,True,True,PLACEHOLDER_CANDIDATE
2026-05-14,BNBA,765.0,765.0,765.0,765.0,0.0,True,True,True,True,PLACEHOLDER_CANDIDATE
2026-05-15,BNBA,765.0,765.0,765.0,765.0,0.0,True,True,True,True,PLACEHOLDER_CANDIDATE
2026-05-27,BNBA,690.0,690.0,690.0,690.0,0.0,True,True,True,True,PLACEHOLDER_CANDIDATE
2026-05-28,BNBA,690.0,690.0,690.0,690.0,0.0,True,True,True,True,PLACEHOLDER_CANDIDATE
2026-05-14,BNBR,175.0,175.0,175.0,175.0,0.0,True,True,True,True,PLACEHOLDER_CANDIDATE
2026-05-15,BNBR,175.0,175.0,175.0,175.0,0.0,True,True,True,True,PLACEHOLDER_CANDIDATE
2026-05-27,BNBR,126.0,126.0,126.0,126.0,0.0,True,True,True,True,PLACEHOLDER_CANDIDATE
2026-05-28,BNBR,126.0,126.0,126.0,126.0,0.0,True,True,True,True,PLACEHOLDER_CANDIDATE
2026-06-01,BNBR,129.0,129.0,129.0,129.0,0.0,True,True,True,True,PLACEHOLDER_CANDIDATE
2026-06-16,BNBR,100.74146270751952,100.74146270751952,100.74146270751952,100.74146270751952,0.0,True,True,True,True,PLACEHOLDER_CANDIDATE
2026-08-17,BNBR,101.0,101.0,101.0,101.0,0.0,True,True,True,True,PLACEHOLDER_CANDIDATE
2026-08-25,BNBR,101.0,101.0,101.0,101.0,0.0,True,True,True,True,PLACEHOLDER_CANDIDATE
2014-04-09,BNGA,596.62,596.62,596.62,596.62,0.0,True,True,True,True,PLACEHOLDER_CANDIDATE
2014-07-09,BNGA,566.1,566.1,566.1,566.1,0.0,True,True,True,True,PLACEHOLDER_CANDIDATE
2015-12-09,BNGA,305.25,305.25,305.25,305.25,0.0,True,True,True,True,PLACEHOLDER_CANDIDATE
2017-01-02,BNGA,468.97,468.97,468.97,468.97,0.0,True,True,True,True,PLACEHOLDER_CANDIDATE
2017-02-15,BNGA,602.17,602.17,602.17,602.17,0.0,True,True,True,True,PLACEHOLDER_CANDIDATE
2017-04-19,BNGA,665.99,665.99,665.99,665.99,0.0,True,True,True,True,PLACEHOLDER_CANDIDATE
2017-06-01,BNGA,710.39,710.39,710.39,710.39,0.0,True,True,True,True,PLACEHOLDER_CANDIDATE
2017-06-23,BNGA,649.34,649.34,649.34,649.34,0.0,True,True,True,True,PLACEHOLDER_CANDIDATE
2017-06-26,BNGA,649.34,649.34,649.34,649.34,0.0,True,True,True,True,PLACEHOLDER_CANDIDATE
2017-06-27,BNGA,649.34,649.34,649.34,649.34,0.0,True,True,True,True,PLACEHOLDER_CANDIDATE
2017-06-28,BNGA,649.34,649.34,649.34,649.34,0.0,True,True,True,True,PLACEHOLDER_CANDIDATE
2017-06-29,BNGA,649.34,649.34,649.34,649.34,0.0,True,True,True,True,PLACEHOLDER_CANDIDATE
2017-06-30,BNGA,649.34,649.34,649.34,649.34,0.0,True,True,True,True,PLACEHOLDER_CANDIDATE
2017-08-17,BNGA,788.09,788.09,788.09,788.09,0.0,True,True,True,True,PLACEHOLDER_CANDIDATE
2017-09-01,BNGA,768.67,768.67,768.67,768.67,0.0,True,True,True,True,PLACEHOLDER_CANDIDATE
2017-09-21,BNGA,749.24,749.24,749.24,749.24,0.0,True,True,True,True,PLACEHOLDER_CANDIDATE
2017-12-25,BNGA,754.79,754.79,754.79,754.79,0.0,True,True,True,True,PLACEHOLDER_CANDIDATE
2017-12-26,BNGA,754.79,754.79,754.79,754.79,0.0,True,True,True,True,PLACEHOLDER_CANDIDATE
2018-01-01,BNGA,749.24,749.24,749.24,749.24,0.0,True,True,True,True,PLACEHOLDER_CANDIDATE
2018-02-16,BNGA,782.54,782.54,782.54,782.54,0.0,True,True,True,True,PLACEHOLDER_CANDIDATE
2018-03-30,BNGA,649.34,649.34,649.34,649.34,0.0,True,True,True,True,PLACEHOLDER_CANDIDATE
2018-05-01,BNGA,574.42,574.42,574.42,574.42,0.0,True,True,True,True,PLACEHOLDER_CANDIDATE
2018-05-10,BNGA,554.3,554.3,554.3,554.3,0.0,True,True,True,True,PLACEHOLDER_CANDIDATE
2018-05-29,BNGA,599.78,599.78,599.78,599.78,0.0,True,True,True,True,PLACEHOLDER_CANDIDATE
2018-06-01,BNGA,631.05,631.05,631.05,631.05,0.0,True,True,True,True,PLACEHOLDER_CANDIDATE
2018-06-11,BNGA,631.05,631.05,631.05,631.05,0.0,True,True,True,True,PLACEHOLDER_CANDIDATE
2018-06-12,BNGA,631.05,631.05,631.05,631.05,0.0,True,True,True,True,PLACEHOLDER_CANDIDATE
2018-06-13,BNGA,631.05,631.05,631.05,631.05,0.0,True,True,True,True,PLACEHOLDER_CANDIDATE
2018-06-14,BNGA,631.05,631.05,631.05,631.05,0.0,True,True,True,True,PLACEHOLDER_CANDIDATE
2018-06-15,BNGA,631.05,631.05,631.05,631.05,0.0,True,True,True,True,PLACEHOLDER_CANDIDATE
2018-06-18,BNGA,631.05,631.05,631.05,631.05,0.0,True,True,True,True,PLACEHOLDER_CANDIDATE
2018-06-19,BNGA,631.05,631.05,631.05,631.05,0.0,True,True,True,True,PLACEHOLDER_CANDIDATE
2018-08-17,BNGA,517.34,517.34,517.34,517.34,0.0,True,True,True,True,PLACEHOLDER_CANDIDATE
2018-08-22,BNGA,540.08,540.08,540.08,540.08,0.0,True,True,True,True,PLACEHOLDER_CANDIDATE
2018-09-11,BNGA,514.5,514.5,514.5,514.5,0.0,True,True,True,True,PLACEHOLDER_CANDIDATE
2018-11-20,BNGA,491.76,491.76,491.76,491.76,0.0,True,True,True,True,PLACEHOLDER_CANDIDATE
2018-12-24,BNGA,500.29,500.29,500.29,500.29,0.0,True,True,True,True,PLACEHOLDER_CANDIDATE
2018-12-25,BNGA,500.29,500.29,500.29,500.29,0.0,True,True,True,True,PLACEHOLDER_CANDIDATE
2018-12-31,BNGA,520.19,520.19,520.19,520.19,0.0,True,True,True,True,PLACEHOLDER_CANDIDATE
2019-01-01,BNGA,520.19,520.19,520.19,520.19,0.0,True,True,True,True,PLACEHOLDER_CANDIDATE
2019-02-05,BNGA,656.63,656.63,656.63,656.63,0.0,True,True,True,True,PLACEHOLDER_CANDIDATE
2019-03-07,BNGA,696.42,696.42,696.42,696.42,0.0,True,True,True,True,PLACEHOLDER_CANDIDATE
2019-04-03,BNGA,631.05,631.05,631.05,631.05,0.0,True,True,True,True,PLACEHOLDER_CANDIDATE
2019-04-17,BNGA,602.62,602.62,602.62,602.62,0.0,True,True,True,True,PLACEHOLDER_CANDIDATE
2019-04-19,BNGA,611.15,611.15,611.15,611.15,0.0,True,True,True,True,PLACEHOLDER_CANDIDATE
2019-05-01,BNGA,621.39,621.39,621.39,621.39,0.0,True,True,True,True,PLACEHOLDER_CANDIDATE
2019-05-30,BNGA,560.12,560.12,560.12,560.12,0.0,True,True,True,True,PLACEHOLDER_CANDIDATE
2019-06-03,BNGA,557.21,557.21,557.21,557.21,0.0,True,True,True,True,PLACEHOLDER_CANDIDATE
2019-06-04,BNGA,557.21,557.21,557.21,557.21,0.0,True,True,True,True,PLACEHOLDER_CANDIDATE
2019-06-05,BNGA,557.21,557.21,557.21,557.21,0.0,True,True,True,True,PLACEHOLDER_CANDIDATE
2019-06-06,BNGA,557.21,557.21,557.21,557.21,0.0,True,True,True,True,PLACEHOLDER_CANDIDATE
2019-06-07,BNGA,557.21,557.21,557.21,557.21,0.0,True,True,True,True,PLACEHOLDER_CANDIDATE
2026-05-14,BNGA,1675.0,1675.0,1675.0,1675.0,0.0,True,True,True,True,PLACEHOLDER_CANDIDATE
2026-05-15,BNGA,1675.0,1675.0,1675.0,1675.0,0.0,True,True,True,True,PLACEHOLDER_CANDIDATE
2026-05-27,BNGA,1610.0,1610.0,1610.0,1610.0,0.0,True,True,True,True,PLACEHOLDER_CANDIDATE
2026-05-28,BNGA,1610.0,1610.0,1610.0,1610.0,0.0,True,True,True,True,PLACEHOLDER_CANDIDATE
2026-08-25,BNGA,1675.0,1675.0,1675.0,1675.0,0.0,True,True,True,True,PLACEHOLDER_CANDIDATE
2014-04-09,BNII,237.15,237.15,237.15,237.15,0.0,True,True,True,True,PLACEHOLDER_CANDIDATE
2014-07-09,BNII,217.51,217.51,217.51,217.51,0.0,True,True,True,True,PLACEHOLDER_CANDIDATE
2015-12-09,BNII,133.67,133.67,133.67,133.67,0.0,True,True,True,True,PLACEHOLDER_CANDIDATE
2017-01-02,BNII,259.7,259.7,259.7,259.7,0.0,True,True,True,True,PLACEHOLDER_CANDIDATE
2017-02-15,BNII,281.09,281.09,281.09,281.09,0.0,True,True,True,True,PLACEHOLDER_CANDIDATE
2017-04-19,BNII,262.59,262.59,262.59,262.59,0.0,True,True,True,True,PLACEHOLDER_CANDIDATE
2017-06-01,BNII,248.61,248.61,248.61,248.61,0.0,True,True,True,True,PLACEHOLDER_CANDIDATE
2017-06-23,BNII,240.84,240.84,240.84,240.84,0.0,True,True,True,True,PLACEHOLDER_CANDIDATE
2017-06-26,BNII,240.84,240.84,240.84,240.84,0.0,True,True,True,True,PLACEHOLDER_CANDIDATE
2017-06-27,BNII,240.84,240.84,240.84,240.84,0.0,True,True,True,True,PLACEHOLDER_CANDIDATE
2017-06-28,BNII,240.84,240.84,240.84,240.84,0.0,True,True,True,True,PLACEHOLDER_CANDIDATE
2017-06-29,BNII,240.84,240.84,240.84,240.84,0.0,True,True,True,True,PLACEHOLDER_CANDIDATE
2017-06-30,BNII,240.84,240.84,240.84,240.84,0.0,True,True,True,True,PLACEHOLDER_CANDIDATE
2017-08-17,BNII,242.39,242.39,242.39,242.39,0.0,True,True,True,True,PLACEHOLDER_CANDIDATE
2017-09-01,BNII,237.73,237.73,237.73,237.73,0.0,True,True,True,True,PLACEHOLDER_CANDIDATE
2017-09-21,BNII,234.62,234.62,234.62,234.62,0.0,True,True,True,True,PLACEHOLDER_CANDIDATE
2017-12-25,BNII,205.1,205.1,205.1,205.1,0.0,True,True,True,True,PLACEHOLDER_CANDIDATE
2017-12-26,BNII,205.1,205.1,205.1,205.1,0.0,True,True,True,True,PLACEHOLDER_CANDIDATE
2018-01-01,BNII,205.1,205.1,205.1,205.1,0.0,True,True,True,True,PLACEHOLDER_CANDIDATE
2018-02-16,BNII,223.75,223.75,223.75,223.75,0.0,True,True,True,True,PLACEHOLDER_CANDIDATE
2018-03-30,BNII,212.87,212.87,212.87,212.87,0.0,True,True,True,True,PLACEHOLDER_CANDIDATE
2018-05-01,BNII,204.41,204.41,204.41,204.41,0.0,True,True,True,True,PLACEHOLDER_CANDIDATE
2018-05-10,BNII,196.49,196.49,196.49,196.49,0.0,True,True,True,True,PLACEHOLDER_CANDIDATE
2018-05-29,BNII,196.49,196.49,196.49,196.49,0.0,True,True,True,True,PLACEHOLDER_CANDIDATE
2018-06-01,BNII,184.81,184.81,184.81,184.81,0.0,True,True,True,True,PLACEHOLDER_CANDIDATE
2018-06-11,BNII,189.59,189.59,189.59,189.59,0.0,True,True,True,True,PLACEHOLDER_CANDIDATE
2018-06-12,BNII,189.59,189.59,189.59,189.59,0.0,True,True,True,True,PLACEHOLDER_CANDIDATE
2018-06-13,BNII,189.59,189.59,189.59,189.59,0.0,True,True,True,True,PLACEHOLDER_CANDIDATE
2018-06-14,BNII,189.59,189.59,189.59,189.59,0.0,True,True,True,True,PLACEHOLDER_CANDIDATE
2018-06-15,BNII,189.59,189.59,189.59,189.59,0.0,True,True,True,True,PLACEHOLDER_CANDIDATE
2018-06-18,BNII,189.59,189.59,189.59,189.59,0.0,True,True,True,True,PLACEHOLDER_CANDIDATE
2018-06-19,BNII,189.59,189.59,189.59,189.59,0.0,True,True,True,True,PLACEHOLDER_CANDIDATE
2018-08-17,BNII,164.1,164.1,164.1,164.1,0.0,True,True,True,True,PLACEHOLDER_CANDIDATE
2018-08-22,BNII,164.1,164.1,164.1,164.1,0.0,True,True,True,True,PLACEHOLDER_CANDIDATE
2018-09-11,BNII,164.1,164.1,164.1,164.1,0.0,True,True,True,True,PLACEHOLDER_CANDIDATE
2018-11-20,BNII,164.1,164.1,164.1,164.1,0.0,True,True,True,True,PLACEHOLDER_CANDIDATE
2018-12-24,BNII,164.1,164.1,164.1,164.1,0.0,True,True,True,True,PLACEHOLDER_CANDIDATE
2018-12-25,BNII,164.1,164.1,164.1,164.1,0.0,True,True,True,True,PLACEHOLDER_CANDIDATE
2018-12-31,BNII,164.1,164.1,164.1,164.1,0.0,True,True,True,True,PLACEHOLDER_CANDIDATE
2019-01-01,BNII,164.1,164.1,164.1,164.1,0.0,True,True,True,True,PLACEHOLDER_CANDIDATE
2019-02-05,BNII,202.33,202.33,202.33,202.33,0.0,True,True,True,True,PLACEHOLDER_CANDIDATE
2019-03-07,BNII,234.19,234.19,234.19,234.19,0.0,True,True,True,True,PLACEHOLDER_CANDIDATE
2019-04-03,BNII,216.67,216.67,216.67,216.67,0.0,True,True,True,True,PLACEHOLDER_CANDIDATE
2019-04-17,BNII,215.85,215.85,215.85,215.85,0.0,True,True,True,True,PLACEHOLDER_CANDIDATE
2019-04-19,BNII,219.12,219.12,219.12,219.12,0.0,True,True,True,True,PLACEHOLDER_CANDIDATE
2019-05-01,BNII,209.3,209.3,209.3,209.3,0.0,True,True,True,True,PLACEHOLDER_CANDIDATE
2019-05-30,BNII,192.95,192.95,192.95,192.95,0.0,True,True,True,True,PLACEHOLDER_CANDIDATE
2019-06-03,BNII,192.95,192.95,192.95,192.95,0.0,True,True,True,True,PLACEHOLDER_CANDIDATE
2019-06-04,BNII,192.95,192.95,192.95,192.95,0.0,True,True,True,True,PLACEHOLDER_CANDIDATE
2019-06-05,BNII,192.95,192.95,192.95,192.95,0.0,True,True,True,True,PLACEHOLDER_CANDIDATE
2019-06-06,BNII,192.95,192.95,192.95,192.95,0.0,True,True,True,True,PLACEHOLDER_CANDIDATE
2019-06-07,BNII,192.95,192.95,192.95,192.95,0.0,True,True,True,True,PLACEHOLDER_CANDIDATE
2026-05-14,BNII,200.0,200.0,200.0,200.0,0.0,True,True,True,True,PLACEHOLDER_CANDIDATE
2026-05-15,BNII,200.0,200.0,200.0,200.0,0.0,True,True,True,True,PLACEHOLDER_CANDIDATE
2026-05-27,BNII,195.0,195.0,195.0,195.0,0.0,True,True,True,True,PLACEHOLDER_CANDIDATE
2026-05-28,BNII,195.0,195.0,195.0,195.0,0.0,True,True,True,True,PLACEHOLDER_CANDIDATE
2026-08-25,BNII,192.0,192.0,192.0,192.0,0.0,True,True,True,True,PLACEHOLDER_CANDIDATE
2014-04-09,BNLI,933.47,933.47,933.47,933.47,0.0,True,True,True,True,PLACEHOLDER_CANDIDATE
2014-07-09,BNLI,940.12,940.12,940.12,940.12,0.0,True,True,True,True,PLACEHOLDER_CANDIDATE
2015-12-09,BNLI,752.24,752.24,752.24,752.24,0.0,True,True,True,True,PLACEHOLDER_CANDIDATE
2017-01-02,BNLI,435.91,435.91,435.91,435.91,0.0,True,True,True,True,PLACEHOLDER_CANDIDATE
2017-02-15,BNLI,565.5,565.5,565.5,565.5,0.0,True,True,True,True,PLACEHOLDER_CANDIDATE
2017-04-19,BNLI,541.94,541.94,541.94,541.94,0.0,True,True,True,True,PLACEHOLDER_CANDIDATE
2017-06-01,BNLI,556.7,556.7,556.7,556.7,0.0,True,True,True,True,PLACEHOLDER_CANDIDATE
2017-06-23,BNLI,560.76,560.76,560.76,560.76,0.0,True,True,True,True,PLACEHOLDER_CANDIDATE
2017-06-26,BNLI,560.76,560.76,560.76,560.76,0.0,True,True,True,True,PLACEHOLDER_CANDIDATE
2017-06-27,BNLI,560.76,560.76,560.76,560.76,0.0,True,True,True,True,PLACEHOLDER_CANDIDATE
2017-06-28,BNLI,560.76,560.76,560.76,560.76,0.0,True,True,True,True,PLACEHOLDER_CANDIDATE
2017-06-29,BNLI,560.76,560.76,560.76,560.76,0.0,True,True,True,True,PLACEHOLDER_CANDIDATE
2017-06-30,BNLI,560.76,560.76,560.76,560.76,0.0,True,True,True,True,PLACEHOLDER_CANDIDATE
2017-08-17,BNLI,556.7,556.7,556.7,556.7,0.0,True,True,True,True,PLACEHOLDER_CANDIDATE
2017-09-01,BNLI,585.15,585.15,585.15,585.15,0.0,True,True,True,True,PLACEHOLDER_CANDIDATE
2017-09-21,BNLI,585.15,585.15,585.15,585.15,0.0,True,True,True,True,PLACEHOLDER_CANDIDATE
2017-12-25,BNLI,495.75,495.75,495.75,495.75,0.0,True,True,True,True,PLACEHOLDER_CANDIDATE
2017-12-26,BNLI,495.75,495.75,495.75,495.75,0.0,True,True,True,True,PLACEHOLDER_CANDIDATE
2018-01-01,BNLI,507.94,507.94,507.94,507.94,0.0,True,True,True,True,PLACEHOLDER_CANDIDATE
2018-02-16,BNLI,528.26,528.26,528.26,528.26,0.0,True,True,True,True,PLACEHOLDER_CANDIDATE
2018-03-30,BNLI,475.43,475.43,475.43,475.43,0.0,True,True,True,True,PLACEHOLDER_CANDIDATE
2018-05-01,BNLI,451.05,451.05,451.05,451.05,0.0,True,True,True,True,PLACEHOLDER_CANDIDATE
2018-05-10,BNLI,410.41,410.41,410.41,410.41,0.0,True,True,True,True,PLACEHOLDER_CANDIDATE
2018-05-29,BNLI,410.41,410.41,410.41,410.41,0.0,True,True,True,True,PLACEHOLDER_CANDIDATE
2018-06-01,BNLI,410.41,410.41,410.41,410.41,0.0,True,True,True,True,PLACEHOLDER_CANDIDATE
2018-06-11,BNLI,410.41,410.41,410.41,410.41,0.0,True,True,True,True,PLACEHOLDER_CANDIDATE
2018-06-12,BNLI,410.41,410.41,410.41,410.41,0.0,True,True,True,True,PLACEHOLDER_CANDIDATE
2018-06-13,BNLI,410.41,410.41,410.41,410.41,0.0,True,True,True,True,PLACEHOLDER_CANDIDATE
2018-06-14,BNLI,410.41,410.41,410.41,410.41,0.0,True,True,True,True,PLACEHOLDER_CANDIDATE
2018-06-15,BNLI,410.41,410.41,410.41,410.41,0.0,True,True,True,True,PLACEHOLDER_CANDIDATE
2018-06-18,BNLI,410.41,410.41,410.41,410.41,0.0,True,True,True,True,PLACEHOLDER_CANDIDATE
2018-06-19,BNLI,410.41,410.41,410.41,410.41,0.0,True,True,True,True,PLACEHOLDER_CANDIDATE
2018-08-17,BNLI,418.54,418.54,418.54,418.54,0.0,True,True,True,True,PLACEHOLDER_CANDIDATE
2018-08-22,BNLI,418.54,418.54,418.54,418.54,0.0,True,True,True,True,PLACEHOLDER_CANDIDATE
2018-09-11,BNLI,381.97,381.97,381.97,381.97,0.0,True,True,True,True,PLACEHOLDER_CANDIDATE
2018-11-20,BNLI,362.47,362.47,362.47,362.47,0.0,True,True,True,True,PLACEHOLDER_CANDIDATE
2018-12-24,BNLI,520.13,520.13,520.13,520.13,0.0,True,True,True,True,PLACEHOLDER_CANDIDATE
2018-12-25,BNLI,520.13,520.13,520.13,520.13,0.0,True,True,True,True,PLACEHOLDER_CANDIDATE
2018-12-31,BNLI,507.94,507.94,507.94,507.94,0.0,True,True,True,True,PLACEHOLDER_CANDIDATE
2019-01-01,BNLI,507.94,507.94,507.94,507.94,0.0,True,True,True,True,PLACEHOLDER_CANDIDATE
2019-02-05,BNLI,926.48,926.48,926.48,926.48,0.0,True,True,True,True,PLACEHOLDER_CANDIDATE
2019-03-07,BNLI,889.91,889.91,889.91,889.91,0.0,True,True,True,True,PLACEHOLDER_CANDIDATE
2019-04-03,BNLI,743.62,743.62,743.62,743.62,0.0,True,True,True,True,PLACEHOLDER_CANDIDATE
2019-04-17,BNLI,763.94,763.94,763.94,763.94,0.0,True,True,True,True,PLACEHOLDER_CANDIDATE
2019-04-19,BNLI,788.32,788.32,788.32,788.32,0.0,True,True,True,True,PLACEHOLDER_CANDIDATE
2019-05-01,BNLI,763.94,763.94,763.94,763.94,0.0,True,True,True,True,PLACEHOLDER_CANDIDATE
2019-05-30,BNLI,637.97,637.97,637.97,637.97,0.0,True,True,True,True,PLACEHOLDER_CANDIDATE
2019-06-03,BNLI,646.1,646.1,646.1,646.1,0.0,True,True,True,True,PLACEHOLDER_CANDIDATE
2019-06-04,BNLI,646.1,646.1,646.1,646.1,0.0,True,True,True,True,PLACEHOLDER_CANDIDATE
2019-06-05,BNLI,646.1,646.1,646.1,646.1,0.0,True,True,True,True,PLACEHOLDER_CANDIDATE
2019-06-06,BNLI,646.1,646.1,646.1,646.1,0.0,True,True,True,True,PLACEHOLDER_CANDIDATE
2019-06-07,BNLI,646.1,646.1,646.1,646.1,0.0,True,True,True,True,PLACEHOLDER_CANDIDATE
2026-05-14,BNLI,3340.0,3340.0,3340.0,3340.0,0.0,True,True,True,True,PLACEHOLDER_CANDIDATE
2026-05-15,BNLI,3340.0,3340.0,3340.0,3340.0,0.0,True,True,True,True,PLACEHOLDER_CANDIDATE
2026-05-27,BNLI,3080.0,3080.0,3080.0,3080.0,0.0,True,True,True,True,PLACEHOLDER_CANDIDATE
2026-05-28,BNLI,3080.0,3080.0,3080.0,3080.0,0.0,True,True,True,True,PLACEHOLDER_CANDIDATE
2026-08-25,BNLI,2150.0,2150.0,2150.0,2150.0,0.0,True,True,True,True,PLACEHOLDER_CANDIDATE
2026-05-14,BOAT,140.0,140.0,140.0,140.0,0.0,True,True,True,True,PLACEHOLDER_CANDIDATE
2026-05-15,BOAT,140.0,140.0,140.0,140.0,0.0,True,True,True,True,PLACEHOLDER_CANDIDATE
2026-05-27,BOAT,116.0,116.0,116.0,116.0,0.0,True,True,True,True,PLACEHOLDER_CANDIDATE
2026-05-28,BOAT,116.0,116.0,116.0,116.0,0.0,True,True,True,True,PLACEHOLDER_CANDIDATE
2026-05-14,BOBA,266.293701171875,266.293701171875,266.293701171875,266.293701171875,0.0,True,True,True,True,PLACEHOLDER_CANDIDATE
2026-05-15,BOBA,266.293701171875,266.293701171875,266.293701171875,266.293701171875,0.0,True,True,True,True,PLACEHOLDER_CANDIDATE
2026-05-27,BOBA,242.7971954345703,242.7971954345703,242.7971954345703,242.7971954345703,0.0,True,True,True,True,PLACEHOLDER_CANDIDATE
2026-05-28,BOBA,242.7971954345703,242.7971954345703,242.7971954345703,242.7971954345703,0.0,True,True,True,True,PLACEHOLDER_CANDIDATE
2026-05-01,BOGA,1420.0,1420.0,1420.0,1420.0,0.0,True,True,True,True,PLACEHOLDER_CANDIDATE
2026-05-14,BOGA,1415.0,1415.0,1415.0,1415.0,0.0,True,True,True,True,PLACEHOLDER_CANDIDATE
2026-05-15,BOGA,1415.0,1415.0,1415.0,1415.0,0.0,True,True,True,True,PLACEHOLDER_CANDIDATE
2026-05-27,BOGA,1280.0,1280.0,1280.0,1280.0,0.0,True,True,True,True,PLACEHOLDER_CANDIDATE
2026-05-28,BOGA,1280.0,1280.0,1280.0,1280.0,0.0,True,True,True,True,PLACEHOLDER_CANDIDATE
2026-05-14,BOLA,167.0,167.0,167.0,167.0,0.0,True,True,True,True,PLACEHOLDER_CANDIDATE
2026-05-15,BOLA,167.0,167.0,167.0,167.0,0.0,True,True,True,True,PLACEHOLDER_CANDIDATE
2026-05-27,BOLA,156.0,156.0,156.0,156.0,0.0,True,True,True,True,PLACEHOLDER_CANDIDATE
2026-05-28,BOLA,156.0,156.0,156.0,156.0,0.0,True,True,True,True,PLACEHOLDER_CANDIDATE
2015-12-09,BOLT,884.9,884.9,884.9,884.9,0.0,True,True,True,True,PLACEHOLDER_CANDIDATE
2017-01-02,BOLT,641.58,641.58,641.58,641.58,0.0,True,True,True,True,PLACEHOLDER_CANDIDATE
2017-02-15,BOLT,860.75,860.75,860.75,860.75,0.0,True,True,True,True,PLACEHOLDER_CANDIDATE
2017-04-19,BOLT,858.92,858.92,858.92,858.92,0.0,True,True,True,True,PLACEHOLDER_CANDIDATE
2017-06-01,BOLT,863.01,863.01,863.01,863.01,0.0,True,True,True,True,PLACEHOLDER_CANDIDATE
2017-06-23,BOLT,883.47,883.47,883.47,883.47,0.0,True,True,True,True,PLACEHOLDER_CANDIDATE
2017-06-26,BOLT,883.47,883.47,883.47,883.47,0.0,True,True,True,True,PLACEHOLDER_CANDIDATE
2017-06-27,BOLT,883.47,883.47,883.47,883.47,0.0,True,True,True,True,PLACEHOLDER_CANDIDATE
2017-06-28,BOLT,883.47,883.47,883.47,883.47,0.0,True,True,True,True,PLACEHOLDER_CANDIDATE
2017-06-29,BOLT,883.47,883.47,883.47,883.47,0.0,True,True,True,True,PLACEHOLDER_CANDIDATE
2017-06-30,BOLT,883.47,883.47,883.47,883.47,0.0,True,True,True,True,PLACEHOLDER_CANDIDATE
2017-08-17,BOLT,908.01,908.01,908.01,908.01,0.0,True,True,True,True,PLACEHOLDER_CANDIDATE
2017-09-01,BOLT,854.83,854.83,854.83,854.83,0.0,True,True,True,True,PLACEHOLDER_CANDIDATE
2017-09-21,BOLT,842.56,842.56,842.56,842.56,0.0,True,True,True,True,PLACEHOLDER_CANDIDATE
2017-12-25,BOLT,793.48,793.48,793.48,793.48,0.0,True,True,True,True,PLACEHOLDER_CANDIDATE
2017-12-26,BOLT,793.48,793.48,793.48,793.48,0.0,True,True,True,True,PLACEHOLDER_CANDIDATE
2018-01-01,BOLT,805.75,805.75,805.75,805.75,0.0,True,True,True,True,PLACEHOLDER_CANDIDATE
2018-02-16,BOLT,768.94,768.94,768.94,768.94,0.0,True,True,True,True,PLACEHOLDER_CANDIDATE
2018-03-30,BOLT,732.13,732.13,732.13,732.13,0.0,True,True,True,True,PLACEHOLDER_CANDIDATE
2018-05-01,BOLT,712.47,712.47,712.47,712.47,0.0,True,True,True,True,PLACEHOLDER_CANDIDATE
2018-05-10,BOLT,729.44,729.44,729.44,729.44,0.0,True,True,True,True,PLACEHOLDER_CANDIDATE
2018-05-29,BOLT,759.12,759.12,759.12,759.12,0.0,True,True,True,True,PLACEHOLDER_CANDIDATE
2018-06-01,BOLT,754.88,754.88,754.88,754.88,0.0,True,True,True,True,PLACEHOLDER_CANDIDATE
2018-06-11,BOLT,754.88,754.88,754.88,754.88,0.0,True,True,True,True,PLACEHOLDER_CANDIDATE
2018-06-12,BOLT,754.88,754.88,754.88,754.88,0.0,True,True,True,True,PLACEHOLDER_CANDIDATE
2018-06-13,BOLT,754.88,754.88,754.88,754.88,0.0,True,True,True,True,PLACEHOLDER_CANDIDATE
2018-06-14,BOLT,754.88,754.88,754.88,754.88,0.0,True,True,True,True,PLACEHOLDER_CANDIDATE
2018-06-15,BOLT,754.88,754.88,754.88,754.88,0.0,True,True,True,True,PLACEHOLDER_CANDIDATE
2018-06-18,BOLT,754.88,754.88,754.88,754.88,0.0,True,True,True,True,PLACEHOLDER_CANDIDATE
2018-06-19,BOLT,754.88,754.88,754.88,754.88,0.0,True,True,True,True,PLACEHOLDER_CANDIDATE
2018-08-17,BOLT,788.81,788.81,788.81,788.81,0.0,True,True,True,True,PLACEHOLDER_CANDIDATE
2018-08-22,BOLT,810.01,810.01,810.01,810.01,0.0,True,True,True,True,PLACEHOLDER_CANDIDATE
2018-09-11,BOLT,763.36,763.36,763.36,763.36,0.0,True,True,True,True,PLACEHOLDER_CANDIDATE
2018-11-20,BOLT,835.46,835.46,835.46,835.46,0.0,True,True,True,True,PLACEHOLDER_CANDIDATE
2018-12-24,BOLT,818.49,818.49,818.49,818.49,0.0,True,True,True,True,PLACEHOLDER_CANDIDATE
2018-12-25,BOLT,818.49,818.49,818.49,818.49,0.0,True,True,True,True,PLACEHOLDER_CANDIDATE
2018-12-31,BOLT,822.74,822.74,822.74,822.74,0.0,True,True,True,True,PLACEHOLDER_CANDIDATE
2019-01-01,BOLT,822.74,822.74,822.74,822.74,0.0,True,True,True,True,PLACEHOLDER_CANDIDATE
2019-02-05,BOLT,793.05,793.05,793.05,793.05,0.0,True,True,True,True,PLACEHOLDER_CANDIDATE
2019-03-07,BOLT,780.33,780.33,780.33,780.33,0.0,True,True,True,True,PLACEHOLDER_CANDIDATE
2019-04-03,BOLT,742.16,742.16,742.16,742.16,0.0,True,True,True,True,PLACEHOLDER_CANDIDATE
2019-04-17,BOLT,737.92,737.92,737.92,737.92,0.0,True,True,True,True,PLACEHOLDER_CANDIDATE
2019-04-19,BOLT,733.68,733.68,733.68,733.68,0.0,True,True,True,True,PLACEHOLDER_CANDIDATE
2019-05-01,BOLT,720.95,720.95,720.95,720.95,0.0,True,True,True,True,PLACEHOLDER_CANDIDATE
2019-05-30,BOLT,702.0,702.0,702.0,702.0,0.0,True,True,True,True,PLACEHOLDER_CANDIDATE
2019-06-03,BOLT,710.61,710.61,710.61,710.61,0.0,True,True,True,True,PLACEHOLDER_CANDIDATE
2019-06-04,BOLT,710.61,710.61,710.61,710.61,0.0,True,True,True,True,PLACEHOLDER_CANDIDATE
2019-06-05,BOLT,710.61,710.61,710.61,710.61,0.0,True,True,True,True,PLACEHOLDER_CANDIDATE
2019-06-06,BOLT,710.61,710.61,710.61,710.61,0.0,True,True,True,True,PLACEHOLDER_CANDIDATE
2019-06-07,BOLT,710.61,710.61,710.61,710.61,0.0,True,True,True,True,PLACEHOLDER_CANDIDATE
2026-05-14,BOLT,855.0,855.0,855.0,855.0,0.0,True,True,True,True,PLACEHOLDER_CANDIDATE
2026-05-15,BOLT,855.0,855.0,855.0,855.0,0.0,True,True,True,True,PLACEHOLDER_CANDIDATE
2026-05-27,BOLT,795.0,795.0,795.0,795.0,0.0,True,True,True,True,PLACEHOLDER_CANDIDATE
2026-05-28,BOLT,795.0,795.0,795.0,795.0,0.0,True,True,True,True,PLACEHOLDER_CANDIDATE
2026-05-01,BOSS,50.0,50.0,50.0,50.0,0.0,True,True,True,True,PLACEHOLDER_CANDIDATE
2026-05-14,BOSS,50.0,50.0,50.0,50.0,0.0,True,True,True,True,PLACEHOLDER_CANDIDATE
2026-05-15,BOSS,50.0,50.0,50.0,50.0,0.0,True,True,True,True,PLACEHOLDER_CANDIDATE
2026-05-27,BOSS,50.0,50.0,50.0,50.0,0.0,True,True,True,True,PLACEHOLDER_CANDIDATE
2026-05-28,BOSS,50.0,50.0,50.0,50.0,0.0,True,True,True,True,PLACEHOLDER_CANDIDATE
2026-06-01,BOSS,50.0,50.0,50.0,50.0,0.0,True,True,True,True,PLACEHOLDER_CANDIDATE
2026-06-16,BOSS,50.0,50.0,50.0,50.0,0.0,True,True,True,True,PLACEHOLDER_CANDIDATE
2026-08-17,BOSS,50.0,50.0,50.0,50.0,0.0,True,True,True,True,PLACEHOLDER_CANDIDATE
2026-08-25,BOSS,50.0,50.0,50.0,50.0,0.0,True,True,True,True,PLACEHOLDER_CANDIDATE
2026-05-14,BPFI,255.4575653076172,255.4575653076172,255.4575653076172,255.4575653076172,0.0,True,True,True,True,PLACEHOLDER_CANDIDATE
2026-05-15,BPFI,255.4575653076172,255.4575653076172,255.4575653076172,255.4575653076172,0.0,True,True,True,True,PLACEHOLDER_CANDIDATE
2026-05-27,BPFI,255.4575653076172,255.4575653076172,255.4575653076172,255.4575653076172,0.0,True,True,True,True,PLACEHOLDER_CANDIDATE
2026-05-28,BPFI,255.4575653076172,255.4575653076172,255.4575653076172,255.4575653076172,0.0,True,True,True,True,PLACEHOLDER_CANDIDATE
2026-05-14,BPII,458.7931518554688,458.7931518554688,458.7931518554688,458.7931518554688,0.0,True,True,True,True,PLACEHOLDER_CANDIDATE
2026-05-15,BPII,458.7931518554688,458.7931518554688,458.7931518554688,458.7931518554688,0.0,True,True,True,True,PLACEHOLDER_CANDIDATE
2026-05-27,BPII,456.8070373535156,456.8070373535156,456.8070373535156,456.8070373535156,0.0,True,True,True,True,PLACEHOLDER_CANDIDATE
2026-05-28,BPII,456.8070373535156,456.8070373535156,456.8070373535156,456.8070373535156,0.0,True,True,True,True,PLACEHOLDER_CANDIDATE
2026-05-14,BPTR,83.0,83.0,83.0,83.0,0.0,True,True,True,True,PLACEHOLDER_CANDIDATE
2026-05-15,BPTR,83.0,83.0,83.0,83.0,0.0,True,True,True,True,PLACEHOLDER_CANDIDATE
2026-05-27,BPTR,73.0,73.0,73.0,73.0,0.0,True,True,True,True,PLACEHOLDER_CANDIDATE
2026-05-28,BPTR,73.0,73.0,73.0,73.0,0.0,True,True,True,True,PLACEHOLDER_CANDIDATE
2026-05-14,BRAM,4279.3818359375,4279.3818359375,4279.3818359375,4279.3818359375,0.0,True,True,True,True,PLACEHOLDER_CANDIDATE
2026-05-15,BRAM,4279.3818359375,4279.3818359375,4279.3818359375,4279.3818359375,0.0,True,True,True,True,PLACEHOLDER_CANDIDATE
2026-05-27,BRAM,4327.24951171875,4327.24951171875,4327.24951171875,4327.24951171875,0.0,True,True,True,True,PLACEHOLDER_CANDIDATE
2026-05-28,BRAM,4327.24951171875,4327.24951171875,4327.24951171875,4327.24951171875,0.0,True,True,True,True,PLACEHOLDER_CANDIDATE
2026-08-25,BRAM,4680.0,4680.0,4680.0,4680.0,0.0,True,True,True,True,PLACEHOLDER_CANDIDATE
2026-05-14,BREN,3195.969482421875,3195.969482421875,3195.969482421875,3195.969482421875,0.0,True,True,True,True,PLACEHOLDER_CANDIDATE
2026-05-15,BREN,3195.969482421875,3195.969482421875,3195.969482421875,3195.969482421875,0.0,True,True,True,True,PLACEHOLDER_CANDIDATE
2026-05-27,BREN,2636.6748046875,2636.6748046875,2636.6748046875,2636.6748046875,0.0,True,True,True,True,PLACEHOLDER_CANDIDATE
2026-05-28,BREN,2636.6748046875,2636.6748046875,2636.6748046875,2636.6748046875,0.0,True,True,True,True,PLACEHOLDER_CANDIDATE
2026-05-14,BRIS,1797.18994140625,1797.18994140625,1797.18994140625,1797.18994140625,0.0,True,True,True,True,PLACEHOLDER_CANDIDATE
2026-05-15,BRIS,1797.18994140625,1797.18994140625,1797.18994140625,1797.18994140625,0.0,True,True,True,True,PLACEHOLDER_CANDIDATE
2026-05-27,BRIS,1930.0,1930.0,1930.0,1930.0,0.0,True,True,True,True,PLACEHOLDER_CANDIDATE
2026-05-28,BRIS,1930.0,1930.0,1930.0,1930.0,0.0,True,True,True,True,PLACEHOLDER_CANDIDATE
2014-04-09,BRMS,200.61,200.61,200.61,200.61,0.0,True,True,True,True,PLACEHOLDER_CANDIDATE
2014-07-09,BRMS,223.29,223.29,223.29,223.29,0.0,True,True,True,True,PLACEHOLDER_CANDIDATE
2015-12-09,BRMS,43.61,43.61,43.61,43.61,0.0,True,True,True,True,PLACEHOLDER_CANDIDATE
2017-01-02,BRMS,58.44,58.44,58.44,58.44,0.0,True,True,True,True,PLACEHOLDER_CANDIDATE
2017-02-15,BRMS,100.3,100.3,100.3,100.3,0.0,True,True,True,True,PLACEHOLDER_CANDIDATE
2017-04-19,BRMS,70.65,70.65,70.65,70.65,0.0,True,True,True,True,PLACEHOLDER_CANDIDATE
2017-06-01,BRMS,63.67,63.67,63.67,63.67,0.0,True,True,True,True,PLACEHOLDER_CANDIDATE
2017-06-23,BRMS,61.93,61.93,61.93,61.93,0.0,True,True,True,True,PLACEHOLDER_CANDIDATE
2017-06-26,BRMS,61.93,61.93,61.93,61.93,0.0,True,True,True,True,PLACEHOLDER_CANDIDATE
2017-06-27,BRMS,61.93,61.93,61.93,61.93,0.0,True,True,True,True,PLACEHOLDER_CANDIDATE
2017-06-28,BRMS,61.93,61.93,61.93,61.93,0.0,True,True,True,True,PLACEHOLDER_CANDIDATE
2017-06-29,BRMS,61.93,61.93,61.93,61.93,0.0,True,True,True,True,PLACEHOLDER_CANDIDATE
2017-06-30,BRMS,61.93,61.93,61.93,61.93,0.0,True,True,True,True,PLACEHOLDER_CANDIDATE
2017-08-17,BRMS,59.31,59.31,59.31,59.31,0.0,True,True,True,True,PLACEHOLDER_CANDIDATE
2017-09-01,BRMS,56.69,56.69,56.69,56.69,0.0,True,True,True,True,PLACEHOLDER_CANDIDATE
2017-09-21,BRMS,53.2,53.2,53.2,53.2,0.0,True,True,True,True,PLACEHOLDER_CANDIDATE
2017-12-25,BRMS,60.18,60.18,60.18,60.18,0.0,True,True,True,True,PLACEHOLDER_CANDIDATE
2017-12-26,BRMS,60.18,60.18,60.18,60.18,0.0,True,True,True,True,PLACEHOLDER_CANDIDATE
2018-01-01,BRMS,57.57,57.57,57.57,57.57,0.0,True,True,True,True,PLACEHOLDER_CANDIDATE
2018-02-16,BRMS,69.78,69.78,69.78,69.78,0.0,True,True,True,True,PLACEHOLDER_CANDIDATE
2018-03-30,BRMS,73.27,73.27,73.27,73.27,0.0,True,True,True,True,PLACEHOLDER_CANDIDATE
2018-05-01,BRMS,64.54,64.54,64.54,64.54,0.0,True,True,True,True,PLACEHOLDER_CANDIDATE
2018-05-10,BRMS,57.57,57.57,57.57,57.57,0.0,True,True,True,True,PLACEHOLDER_CANDIDATE
2018-05-29,BRMS,60.18,60.18,60.18,60.18,0.0,True,True,True,True,PLACEHOLDER_CANDIDATE
2018-06-01,BRMS,59.31,59.31,59.31,59.31,0.0,True,True,True,True,PLACEHOLDER_CANDIDATE
2018-06-11,BRMS,59.31,59.31,59.31,59.31,0.0,True,True,True,True,PLACEHOLDER_CANDIDATE
2018-06-12,BRMS,59.31,59.31,59.31,59.31,0.0,True,True,True,True,PLACEHOLDER_CANDIDATE
2018-06-13,BRMS,59.31,59.31,59.31,59.31,0.0,True,True,True,True,PLACEHOLDER_CANDIDATE
2018-06-14,BRMS,59.31,59.31,59.31,59.31,0.0,True,True,True,True,PLACEHOLDER_CANDIDATE
2018-06-15,BRMS,59.31,59.31,59.31,59.31,0.0,True,True,True,True,PLACEHOLDER_CANDIDATE
2018-06-18,BRMS,59.31,59.31,59.31,59.31,0.0,True,True,True,True,PLACEHOLDER_CANDIDATE
2018-06-19,BRMS,59.31,59.31,59.31,59.31,0.0,True,True,True,True,PLACEHOLDER_CANDIDATE
2018-08-17,BRMS,53.2,53.2,53.2,53.2,0.0,True,True,True,True,PLACEHOLDER_CANDIDATE
2018-08-22,BRMS,53.2,53.2,53.2,53.2,0.0,True,True,True,True,PLACEHOLDER_CANDIDATE
2018-09-11,BRMS,47.1,47.1,47.1,47.1,0.0,True,True,True,True,PLACEHOLDER_CANDIDATE
2018-11-20,BRMS,43.61,43.61,43.61,43.61,0.0,True,True,True,True,PLACEHOLDER_CANDIDATE
2018-12-24,BRMS,43.61,43.61,43.61,43.61,0.0,True,True,True,True,PLACEHOLDER_CANDIDATE
2018-12-25,BRMS,43.61,43.61,43.61,43.61,0.0,True,True,True,True,PLACEHOLDER_CANDIDATE
2018-12-31,BRMS,43.61,43.61,43.61,43.61,0.0,True,True,True,True,PLACEHOLDER_CANDIDATE
2019-01-01,BRMS,43.61,43.61,43.61,43.61,0.0,True,True,True,True,PLACEHOLDER_CANDIDATE
2019-02-05,BRMS,44.48,44.48,44.48,44.48,0.0,True,True,True,True,PLACEHOLDER_CANDIDATE
2019-03-07,BRMS,43.61,43.61,43.61,43.61,0.0,True,True,True,True,PLACEHOLDER_CANDIDATE
2019-04-03,BRMS,43.61,43.61,43.61,43.61,0.0,True,True,True,True,PLACEHOLDER_CANDIDATE
2019-04-17,BRMS,43.61,43.61,43.61,43.61,0.0,True,True,True,True,PLACEHOLDER_CANDIDATE
2019-04-19,BRMS,43.61,43.61,43.61,43.61,0.0,True,True,True,True,PLACEHOLDER_CANDIDATE
2019-05-01,BRMS,43.61,43.61,43.61,43.61,0.0,True,True,True,True,PLACEHOLDER_CANDIDATE
2019-05-30,BRMS,43.61,43.61,43.61,43.61,0.0,True,True,True,True,PLACEHOLDER_CANDIDATE
2019-06-03,BRMS,43.61,43.61,43.61,43.61,0.0,True,True,True,True,PLACEHOLDER_CANDIDATE
2019-06-04,BRMS,43.61,43.61,43.61,43.61,0.0,True,True,True,True,PLACEHOLDER_CANDIDATE
2019-06-05,BRMS,43.61,43.61,43.61,43.61,0.0,True,True,True,True,PLACEHOLDER_CANDIDATE
2019-06-06,BRMS,43.61,43.61,43.61,43.61,0.0,True,True,True,True,PLACEHOLDER_CANDIDATE
2019-06-07,BRMS,43.61,43.61,43.61,43.61,0.0,True,True,True,True,PLACEHOLDER_CANDIDATE
2026-05-14,BRMS,770.0,770.0,770.0,770.0,0.0,True,True,True,True,PLACEHOLDER_CANDIDATE
2026-05-15,BRMS,770.0,770.0,770.0,770.0,0.0,True,True,True,True,PLACEHOLDER_CANDIDATE
2026-05-27,BRMS,605.0,605.0,605.0,605.0,0.0,True,True,True,True,PLACEHOLDER_CANDIDATE
2026-05-28,BRMS,605.0,605.0,605.0,605.0,0.0,True,True,True,True,PLACEHOLDER_CANDIDATE
2026-05-14,BRNA,645.0,645.0,645.0,645.0,0.0,True,True,True,True,PLACEHOLDER_CANDIDATE
2026-05-15,BRNA,645.0,645.0,645.0,645.0,0.0,True,True,True,True,PLACEHOLDER_CANDIDATE
2026-05-27,BRNA,630.0,630.0,630.0,630.0,0.0,True,True,True,True,PLACEHOLDER_CANDIDATE
2026-05-28,BRNA,630.0,630.0,630.0,630.0,0.0,True,True,True,True,PLACEHOLDER_CANDIDATE
2026-08-25,BRNA,605.0,605.0,605.0,605.0,0.0,True,True,True,True,PLACEHOLDER_CANDIDATE
2026-05-14,BRPT,2077.717041015625,2077.717041015625,2077.717041015625,2077.717041015625,0.0,True,True,True,True,PLACEHOLDER_CANDIDATE
2026-05-15,BRPT,2077.717041015625,2077.717041015625,2077.717041015625,2077.717041015625,0.0,True,True,True,True,PLACEHOLDER_CANDIDATE
2026-05-27,BRPT,1553.293212890625,1553.293212890625,1553.293212890625,1553.293212890625,0.0,True,True,True,True,PLACEHOLDER_CANDIDATE
2026-05-28,BRPT,1553.293212890625,1553.293212890625,1553.293212890625,1553.293212890625,0.0,True,True,True,True,PLACEHOLDER_CANDIDATE
2026-08-25,BRPT,1860.0,1860.0,1860.0,1860.0,0.0,True,True,True,True,PLACEHOLDER_CANDIDATE
2026-05-14,BSBK,56.0,56.0,56.0,56.0,0.0,True,True,True,True,PLACEHOLDER_CANDIDATE
2026-05-15,BSBK,56.0,56.0,56.0,56.0,0.0,True,True,True,True,PLACEHOLDER_CANDIDATE
2026-05-27,BSBK,52.0,52.0,52.0,52.0,0.0,True,True,True,True,PLACEHOLDER_CANDIDATE
2026-05-28,BSBK,52.0,52.0,52.0,52.0,0.0,True,True,True,True,PLACEHOLDER_CANDIDATE
2014-04-09,BSDE,1612.77,1612.77,1612.77,1612.77,0.0,True,True,True,True,PLACEHOLDER_CANDIDATE
2014-07-09,BSDE,1569.02,1569.02,1569.02,1569.02,0.0,True,True,True,True,PLACEHOLDER_CANDIDATE
2015-12-09,BSDE,1645.86,1645.86,1645.86,1645.86,0.0,True,True,True,True,PLACEHOLDER_CANDIDATE
2017-01-02,BSDE,1750.12,1750.12,1750.12,1750.12,0.0,True,True,True,True,PLACEHOLDER_CANDIDATE
2017-02-15,BSDE,1879.76,1879.76,1879.76,1879.76,0.0,True,True,True,True,PLACEHOLDER_CANDIDATE
2017-04-19,BSDE,1814.94,1814.94,1814.94,1814.94,0.0,True,True,True,True,PLACEHOLDER_CANDIDATE
2017-06-01,BSDE,1804.97,1804.97,1804.97,1804.97,0.0,True,True,True,True,PLACEHOLDER_CANDIDATE
2017-06-23,BSDE,1830.0,1830.0,1830.0,1830.0,0.0,True,True,True,True,PLACEHOLDER_CANDIDATE
2017-06-26,BSDE,1830.0,1830.0,1830.0,1830.0,0.0,True,True,True,True,PLACEHOLDER_CANDIDATE
2017-06-27,BSDE,1830.0,1830.0,1830.0,1830.0,0.0,True,True,True,True,PLACEHOLDER_CANDIDATE
2017-06-28,BSDE,1830.0,1830.0,1830.0,1830.0,0.0,True,True,True,True,PLACEHOLDER_CANDIDATE
2017-06-29,BSDE,1830.0,1830.0,1830.0,1830.0,0.0,True,True,True,True,PLACEHOLDER_CANDIDATE
2017-06-30,BSDE,1830.0,1830.0,1830.0,1830.0,0.0,True,True,True,True,PLACEHOLDER_CANDIDATE
2017-08-17,BSDE,1825.0,1825.0,1825.0,1825.0,0.0,True,True,True,True,PLACEHOLDER_CANDIDATE
2017-09-01,BSDE,1835.0,1835.0,1835.0,1835.0,0.0,True,True,True,True,PLACEHOLDER_CANDIDATE
2017-09-21,BSDE,1800.0,1800.0,1800.0,1800.0,0.0,True,True,True,True,PLACEHOLDER_CANDIDATE
2017-12-25,BSDE,1690.0,1690.0,1690.0,1690.0,0.0,True,True,True,True,PLACEHOLDER_CANDIDATE
2017-12-26,BSDE,1690.0,1690.0,1690.0,1690.0,0.0,True,True,True,True,PLACEHOLDER_CANDIDATE
2018-01-01,BSDE,1700.0,1700.0,1700.0,1700.0,0.0,True,True,True,True,PLACEHOLDER_CANDIDATE
2018-02-16,BSDE,1795.0,1795.0,1795.0,1795.0,0.0,True,True,True,True,PLACEHOLDER_CANDIDATE
2018-03-30,BSDE,1780.0,1780.0,1780.0,1780.0,0.0,True,True,True,True,PLACEHOLDER_CANDIDATE
2018-05-01,BSDE,1690.0,1690.0,1690.0,1690.0,0.0,True,True,True,True,PLACEHOLDER_CANDIDATE
2018-05-10,BSDE,1520.0,1520.0,1520.0,1520.0,0.0,True,True,True,True,PLACEHOLDER_CANDIDATE
2018-05-29,BSDE,1750.0,1750.0,1750.0,1750.0,0.0,True,True,True,True,PLACEHOLDER_CANDIDATE
2018-06-01,BSDE,1705.0,1705.0,1705.0,1705.0,0.0,True,True,True,True,PLACEHOLDER_CANDIDATE
2018-06-11,BSDE,1720.0,1720.0,1720.0,1720.0,0.0,True,True,True,True,PLACEHOLDER_CANDIDATE
2018-06-12,BSDE,1720.0,1720.0,1720.0,1720.0,0.0,True,True,True,True,PLACEHOLDER_CANDIDATE
2018-06-13,BSDE,1720.0,1720.0,1720.0,1720.0,0.0,True,True,True,True,PLACEHOLDER_CANDIDATE
2018-06-14,BSDE,1720.0,1720.0,1720.0,1720.0,0.0,True,True,True,True,PLACEHOLDER_CANDIDATE
2018-06-15,BSDE,1720.0,1720.0,1720.0,1720.0,0.0,True,True,True,True,PLACEHOLDER_CANDIDATE
2018-06-18,BSDE,1720.0,1720.0,1720.0,1720.0,0.0,True,True,True,True,PLACEHOLDER_CANDIDATE
2018-06-19,BSDE,1720.0,1720.0,1720.0,1720.0,0.0,True,True,True,True,PLACEHOLDER_CANDIDATE
2018-08-17,BSDE,1165.0,1165.0,1165.0,1165.0,0.0,True,True,True,True,PLACEHOLDER_CANDIDATE
2018-08-22,BSDE,1200.0,1200.0,1200.0,1200.0,0.0,True,True,True,True,PLACEHOLDER_CANDIDATE
2018-09-11,BSDE,1150.0,1150.0,1150.0,1150.0,0.0,True,True,True,True,PLACEHOLDER_CANDIDATE
2018-11-20,BSDE,1210.0,1210.0,1210.0,1210.0,0.0,True,True,True,True,PLACEHOLDER_CANDIDATE
2018-12-24,BSDE,1230.0,1230.0,1230.0,1230.0,0.0,True,True,True,True,PLACEHOLDER_CANDIDATE
2018-12-25,BSDE,1230.0,1230.0,1230.0,1230.0,0.0,True,True,True,True,PLACEHOLDER_CANDIDATE
2018-12-31,BSDE,1255.0,1255.0,1255.0,1255.0,0.0,True,True,True,True,PLACEHOLDER_CANDIDATE
2019-01-01,BSDE,1255.0,1255.0,1255.0,1255.0,0.0,True,True,True,True,PLACEHOLDER_CANDIDATE
2019-02-05,BSDE,1365.0,1365.0,1365.0,1365.0,0.0,True,True,True,True,PLACEHOLDER_CANDIDATE
2019-03-07,BSDE,1360.0,1360.0,1360.0,1360.0,0.0,True,True,True,True,PLACEHOLDER_CANDIDATE
2019-04-03,BSDE,1425.0,1425.0,1425.0,1425.0,0.0,True,True,True,True,PLACEHOLDER_CANDIDATE
2019-04-17,BSDE,1410.0,1410.0,1410.0,1410.0,0.0,True,True,True,True,PLACEHOLDER_CANDIDATE
2019-04-19,BSDE,1445.0,1445.0,1445.0,1445.0,0.0,True,True,True,True,PLACEHOLDER_CANDIDATE
2019-05-01,BSDE,1435.0,1435.0,1435.0,1435.0,0.0,True,True,True,True,PLACEHOLDER_CANDIDATE
2019-05-30,BSDE,1310.0,1310.0,1310.0,1310.0,0.0,True,True,True,True,PLACEHOLDER_CANDIDATE
2019-06-03,BSDE,1350.0,1350.0,1350.0,1350.0,0.0,True,True,True,True,PLACEHOLDER_CANDIDATE
2019-06-04,BSDE,1350.0,1350.0,1350.0,1350.0,0.0,True,True,True,True,PLACEHOLDER_CANDIDATE
2019-06-05,BSDE,1350.0,1350.0,1350.0,1350.0,0.0,True,True,True,True,PLACEHOLDER_CANDIDATE
2019-06-06,BSDE,1350.0,1350.0,1350.0,1350.0,0.0,True,True,True,True,PLACEHOLDER_CANDIDATE
2019-06-07,BSDE,1350.0,1350.0,1350.0,1350.0,0.0,True,True,True,True,PLACEHOLDER_CANDIDATE
2026-05-14,BSDE,735.0,735.0,735.0,735.0,0.0,True,True,True,True,PLACEHOLDER_CANDIDATE
2026-05-15,BSDE,735.0,735.0,735.0,735.0,0.0,True,True,True,True,PLACEHOLDER_CANDIDATE
2026-05-27,BSDE,665.0,665.0,665.0,665.0,0.0,True,True,True,True,PLACEHOLDER_CANDIDATE
2026-05-28,BSDE,665.0,665.0,665.0,665.0,0.0,True,True,True,True,PLACEHOLDER_CANDIDATE
2014-04-09,BSIM,260.0,260.0,260.0,260.0,0.0,True,True,True,True,PLACEHOLDER_CANDIDATE
2014-07-09,BSIM,280.0,280.0,280.0,280.0,0.0,True,True,True,True,PLACEHOLDER_CANDIDATE
2015-12-09,BSIM,434.0,434.0,434.0,434.0,0.0,True,True,True,True,PLACEHOLDER_CANDIDATE
2017-01-02,BSIM,870.0,870.0,870.0,870.0,0.0,True,True,True,True,PLACEHOLDER_CANDIDATE
2017-02-15,BSIM,850.0,850.0,850.0,850.0,0.0,True,True,True,True,PLACEHOLDER_CANDIDATE
2017-04-19,BSIM,850.0,850.0,850.0,850.0,0.0,True,True,True,True,PLACEHOLDER_CANDIDATE
2017-06-01,BSIM,800.0,800.0,800.0,800.0,0.0,True,True,True,True,PLACEHOLDER_CANDIDATE
2017-06-23,BSIM,815.0,815.0,815.0,815.0,0.0,True,True,True,True,PLACEHOLDER_CANDIDATE
2017-06-26,BSIM,815.0,815.0,815.0,815.0,0.0,True,True,True,True,PLACEHOLDER_CANDIDATE
2017-06-27,BSIM,815.0,815.0,815.0,815.0,0.0,True,True,True,True,PLACEHOLDER_CANDIDATE
2017-06-28,BSIM,815.0,815.0,815.0,815.0,0.0,True,True,True,True,PLACEHOLDER_CANDIDATE
2017-06-29,BSIM,815.0,815.0,815.0,815.0,0.0,True,True,True,True,PLACEHOLDER_CANDIDATE
2017-06-30,BSIM,815.0,815.0,815.0,815.0,0.0,True,True,True,True,PLACEHOLDER_CANDIDATE
2017-08-17,BSIM,845.0,845.0,845.0,845.0,0.0,True,True,True,True,PLACEHOLDER_CANDIDATE
2017-09-01,BSIM,870.0,870.0,870.0,870.0,0.0,True,True,True,True,PLACEHOLDER_CANDIDATE
2017-09-21,BSIM,870.0,870.0,870.0,870.0,0.0,True,True,True,True,PLACEHOLDER_CANDIDATE
2017-12-25,BSIM,870.0,870.0,870.0,870.0,0.0,True,True,True,True,PLACEHOLDER_CANDIDATE
2017-12-26,BSIM,870.0,870.0,870.0,870.0,0.0,True,True,True,True,PLACEHOLDER_CANDIDATE
2018-01-01,BSIM,880.0,880.0,880.0,880.0,0.0,True,True,True,True,PLACEHOLDER_CANDIDATE
2018-02-16,BSIM,800.0,800.0,800.0,800.0,0.0,True,True,True,True,PLACEHOLDER_CANDIDATE
2018-03-30,BSIM,675.0,675.0,675.0,675.0,0.0,True,True,True,True,PLACEHOLDER_CANDIDATE
2018-05-01,BSIM,605.0,605.0,605.0,605.0,0.0,True,True,True,True,PLACEHOLDER_CANDIDATE
2018-05-10,BSIM,600.0,600.0,600.0,600.0,0.0,True,True,True,True,PLACEHOLDER_CANDIDATE
2018-05-29,BSIM,625.0,625.0,625.0,625.0,0.0,True,True,True,True,PLACEHOLDER_CANDIDATE
2018-06-01,BSIM,620.0,620.0,620.0,620.0,0.0,True,True,True,True,PLACEHOLDER_CANDIDATE
2018-06-11,BSIM,610.0,610.0,610.0,610.0,0.0,True,True,True,True,PLACEHOLDER_CANDIDATE
2018-06-12,BSIM,610.0,610.0,610.0,610.0,0.0,True,True,True,True,PLACEHOLDER_CANDIDATE
2018-06-13,BSIM,610.0,610.0,610.0,610.0,0.0,True,True,True,True,PLACEHOLDER_CANDIDATE
2018-06-14,BSIM,610.0,610.0,610.0,610.0,0.0,True,True,True,True,PLACEHOLDER_CANDIDATE
2018-06-15,BSIM,610.0,610.0,610.0,610.0,0.0,True,True,True,True,PLACEHOLDER_CANDIDATE
2018-06-18,BSIM,610.0,610.0,610.0,610.0,0.0,True,True,True,True,PLACEHOLDER_CANDIDATE
2018-06-19,BSIM,610.0,610.0,610.0,610.0,0.0,True,True,True,True,PLACEHOLDER_CANDIDATE
2018-08-17,BSIM,620.0,620.0,620.0,620.0,0.0,True,True,True,True,PLACEHOLDER_CANDIDATE
2018-08-22,BSIM,615.0,615.0,615.0,615.0,0.0,True,True,True,True,PLACEHOLDER_CANDIDATE
2018-09-11,BSIM,620.0,620.0,620.0,620.0,0.0,True,True,True,True,PLACEHOLDER_CANDIDATE
2018-11-20,BSIM,630.0,630.0,630.0,630.0,0.0,True,True,True,True,PLACEHOLDER_CANDIDATE
2018-12-24,BSIM,560.0,560.0,560.0,560.0,0.0,True,True,True,True,PLACEHOLDER_CANDIDATE
2018-12-25,BSIM,560.0,560.0,560.0,560.0,0.0,True,True,True,True,PLACEHOLDER_CANDIDATE
2018-12-31,BSIM,550.0,550.0,550.0,550.0,0.0,True,True,True,True,PLACEHOLDER_CANDIDATE
2019-01-01,BSIM,550.0,550.0,550.0,550.0,0.0,True,True,True,True,PLACEHOLDER_CANDIDATE
2019-02-05,BSIM,570.0,570.0,570.0,570.0,0.0,True,True,True,True,PLACEHOLDER_CANDIDATE
2019-03-07,BSIM,555.0,555.0,555.0,555.0,0.0,True,True,True,True,PLACEHOLDER_CANDIDATE
2019-04-03,BSIM,580.0,580.0,580.0,580.0,0.0,True,True,True,True,PLACEHOLDER_CANDIDATE
2019-04-17,BSIM,555.0,555.0,555.0,555.0,0.0,True,True,True,True,PLACEHOLDER_CANDIDATE
2019-04-19,BSIM,575.0,575.0,575.0,575.0,0.0,True,True,True,True,PLACEHOLDER_CANDIDATE
2019-05-01,BSIM,560.0,560.0,560.0,560.0,0.0,True,True,True,True,PLACEHOLDER_CANDIDATE
2019-05-30,BSIM,560.0,560.0,560.0,560.0,0.0,True,True,True,True,PLACEHOLDER_CANDIDATE
2019-06-03,BSIM,560.0,560.0,560.0,560.0,0.0,True,True,True,True,PLACEHOLDER_CANDIDATE
2019-06-04,BSIM,560.0,560.0,560.0,560.0,0.0,True,True,True,True,PLACEHOLDER_CANDIDATE
2019-06-05,BSIM,560.0,560.0,560.0,560.0,0.0,True,True,True,True,PLACEHOLDER_CANDIDATE
2019-06-06,BSIM,560.0,560.0,560.0,560.0,0.0,True,True,True,True,PLACEHOLDER_CANDIDATE
2019-06-07,BSIM,560.0,560.0,560.0,560.0,0.0,True,True,True,True,PLACEHOLDER_CANDIDATE
2026-05-14,BSIM,840.0,840.0,840.0,840.0,0.0,True,True,True,True,PLACEHOLDER_CANDIDATE
2026-05-15,BSIM,840.0,840.0,840.0,840.0,0.0,True,True,True,True,PLACEHOLDER_CANDIDATE
2026-05-27,BSIM,795.0,795.0,795.0,795.0,0.0,True,True,True,True,PLACEHOLDER_CANDIDATE
2026-05-28,BSIM,795.0,795.0,795.0,795.0,0.0,True,True,True,True,PLACEHOLDER_CANDIDATE
2026-05-14,BSML,418.0,418.0,418.0,418.0,0.0,True,True,True,True,PLACEHOLDER_CANDIDATE
2026-05-15,BSML,418.0,418.0,418.0,418.0,0.0,True,True,True,True,PLACEHOLDER_CANDIDATE
2026-05-27,BSML,402.0,402.0,402.0,402.0,0.0,True,True,True,True,PLACEHOLDER_CANDIDATE
2026-05-28,BSML,402.0,402.0,402.0,402.0,0.0,True,True,True,True,PLACEHOLDER_CANDIDATE
2026-05-14,BSSR,3300.7626953125,3300.7626953125,3300.7626953125,3300.7626953125,0.0,True,True,True,True,PLACEHOLDER_CANDIDATE
2026-05-15,BSSR,3300.7626953125,3300.7626953125,3300.7626953125,3300.7626953125,0.0,True,True,True,True,PLACEHOLDER_CANDIDATE
2026-05-27,BSSR,3267.755126953125,3267.755126953125,3267.755126953125,3267.755126953125,0.0,True,True,True,True,PLACEHOLDER_CANDIDATE
2026-05-28,BSSR,3267.755126953125,3267.755126953125,3267.755126953125,3267.755126953125,0.0,True,True,True,True,PLACEHOLDER_CANDIDATE
2026-05-01,BSWD,1350.0,1350.0,1350.0,1350.0,0.0,True,True,True,True,PLACEHOLDER_CANDIDATE
2026-05-14,BSWD,1425.0,1425.0,1425.0,1425.0,0.0,True,True,True,True,PLACEHOLDER_CANDIDATE
2026-05-15,BSWD,1425.0,1425.0,1425.0,1425.0,0.0,True,True,True,True,PLACEHOLDER_CANDIDATE
2026-05-27,BSWD,1400.0,1400.0,1400.0,1400.0,0.0,True,True,True,True,PLACEHOLDER_CANDIDATE
2026-05-28,BSWD,1400.0,1400.0,1400.0,1400.0,0.0,True,True,True,True,PLACEHOLDER_CANDIDATE
2026-06-01,BSWD,1400.0,1400.0,1400.0,1400.0,0.0,True,True,True,True,PLACEHOLDER_CANDIDATE
2026-08-17,BSWD,1125.0,1125.0,1125.0,1125.0,0.0,True,True,True,True,PLACEHOLDER_CANDIDATE
2026-08-25,BSWD,1490.0,1490.0,1490.0,1490.0,0.0,True,True,True,True,PLACEHOLDER_CANDIDATE
2026-05-14,BTEK,13.0,13.0,13.0,13.0,0.0,True,True,True,True,PLACEHOLDER_CANDIDATE
2026-05-15,BTEK,13.0,13.0,13.0,13.0,0.0,True,True,True,True,PLACEHOLDER_CANDIDATE
2026-05-27,BTEK,12.0,12.0,12.0,12.0,0.0,True,True,True,True,PLACEHOLDER_CANDIDATE
2026-05-28,BTEK,12.0,12.0,12.0,12.0,0.0,True,True,True,True,PLACEHOLDER_CANDIDATE
2026-05-14,BTON,380.0,380.0,380.0,380.0,0.0,True,True,True,True,PLACEHOLDER_CANDIDATE
2026-05-15,BTON,380.0,380.0,380.0,380.0,0.0,True,True,True,True,PLACEHOLDER_CANDIDATE
2026-05-27,BTON,378.0,378.0,378.0,378.0,0.0,True,True,True,True,PLACEHOLDER_CANDIDATE
2026-05-28,BTON,378.0,378.0,378.0,378.0,0.0,True,True,True,True,PLACEHOLDER_CANDIDATE
2026-08-25,BTON,368.0,368.0,368.0,368.0,0.0,True,True,True,True,PLACEHOLDER_CANDIDATE
2014-04-09,BTPN,3640.79,3640.79,3640.79,3640.79,0.0,True,True,True,True,PLACEHOLDER_CANDIDATE
2014-07-09,BTPN,3636.46,3636.46,3636.46,3636.46,0.0,True,True,True,True,PLACEHOLDER_CANDIDATE
2015-12-09,BTPN,2167.14,2167.14,2167.14,2167.14,0.0,True,True,True,True,PLACEHOLDER_CANDIDATE
2017-01-02,BTPN,2288.5,2288.5,2288.5,2288.5,0.0,True,True,True,True,PLACEHOLDER_CANDIDATE
2017-02-15,BTPN,2253.82,2253.82,2253.82,2253.82,0.0,True,True,True,True,PLACEHOLDER_CANDIDATE
2017-04-19,BTPN,2338.75,2338.75,2338.75,2338.75,0.0,True,True,True,True,PLACEHOLDER_CANDIDATE
2017-06-01,BTPN,2239.8,2239.8,2239.8,2239.8,0.0,True,True,True,True,PLACEHOLDER_CANDIDATE
2017-06-23,BTPN,2230.8,2230.8,2230.8,2230.8,0.0,True,True,True,True,PLACEHOLDER_CANDIDATE
2017-06-26,BTPN,2230.8,2230.8,2230.8,2230.8,0.0,True,True,True,True,PLACEHOLDER_CANDIDATE
2017-06-27,BTPN,2230.8,2230.8,2230.8,2230.8,0.0,True,True,True,True,PLACEHOLDER_CANDIDATE
2017-06-28,BTPN,2230.8,2230.8,2230.8,2230.8,0.0,True,True,True,True,PLACEHOLDER_CANDIDATE
2017-06-29,BTPN,2230.8,2230.8,2230.8,2230.8,0.0,True,True,True,True,PLACEHOLDER_CANDIDATE
2017-06-30,BTPN,2230.8,2230.8,2230.8,2230.8,0.0,True,True,True,True,PLACEHOLDER_CANDIDATE
2017-08-17,BTPN,2293.77,2293.77,2293.77,2293.77,0.0,True,True,True,True,PLACEHOLDER_CANDIDATE
2017-09-01,BTPN,2293.77,2293.77,2293.77,2293.77,0.0,True,True,True,True,PLACEHOLDER_CANDIDATE
2017-09-21,BTPN,2329.75,2329.75,2329.75,2329.75,0.0,True,True,True,True,PLACEHOLDER_CANDIDATE
2017-12-25,BTPN,2149.85,2149.85,2149.85,2149.85,0.0,True,True,True,True,PLACEHOLDER_CANDIDATE
2017-12-26,BTPN,2149.85,2149.85,2149.85,2149.85,0.0,True,True,True,True,PLACEHOLDER_CANDIDATE
2018-01-01,BTPN,2212.81,2212.81,2212.81,2212.81,0.0,True,True,True,True,PLACEHOLDER_CANDIDATE
2018-02-16,BTPN,2878.46,2878.46,2878.46,2878.46,0.0,True,True,True,True,PLACEHOLDER_CANDIDATE
2018-03-30,BTPN,3013.38,3013.38,3013.38,3013.38,0.0,True,True,True,True,PLACEHOLDER_CANDIDATE
2018-05-01,BTPN,2720.39,2720.39,2720.39,2720.39,0.0,True,True,True,True,PLACEHOLDER_CANDIDATE
2018-05-10,BTPN,3175.33,3175.33,3175.33,3175.33,0.0,True,True,True,True,PLACEHOLDER_CANDIDATE
2018-05-29,BTPN,3342.46,3342.46,3342.46,3342.46,0.0,True,True,True,True,PLACEHOLDER_CANDIDATE
2018-06-01,BTPN,3388.88,3388.88,3388.88,3388.88,0.0,True,True,True,True,PLACEHOLDER_CANDIDATE
2018-06-11,BTPN,3667.42,3667.42,3667.42,3667.42,0.0,True,True,True,True,PLACEHOLDER_CANDIDATE
2018-06-12,BTPN,3667.42,3667.42,3667.42,3667.42,0.0,True,True,True,True,PLACEHOLDER_CANDIDATE
2018-06-13,BTPN,3667.42,3667.42,3667.42,3667.42,0.0,True,True,True,True,PLACEHOLDER_CANDIDATE
2018-06-14,BTPN,3667.42,3667.42,3667.42,3667.42,0.0,True,True,True,True,PLACEHOLDER_CANDIDATE
2018-06-15,BTPN,3667.42,3667.42,3667.42,3667.42,0.0,True,True,True,True,PLACEHOLDER_CANDIDATE
2018-06-18,BTPN,3667.42,3667.42,3667.42,3667.42,0.0,True,True,True,True,PLACEHOLDER_CANDIDATE
2018-06-19,BTPN,3667.42,3667.42,3667.42,3667.42,0.0,True,True,True,True,PLACEHOLDER_CANDIDATE
2018-08-17,BTPN,3648.85,3648.85,3648.85,3648.85,0.0,True,True,True,True,PLACEHOLDER_CANDIDATE
2018-08-22,BTPN,3667.42,3667.42,3667.42,3667.42,0.0,True,True,True,True,PLACEHOLDER_CANDIDATE
2018-09-11,BTPN,3556.0,3556.0,3556.0,3556.0,0.0,True,True,True,True,PLACEHOLDER_CANDIDATE
2018-11-20,BTPN,3481.73,3481.73,3481.73,3481.73,0.0,True,True,True,True,PLACEHOLDER_CANDIDATE
2018-12-24,BTPN,3296.03,3296.03,3296.03,3296.03,0.0,True,True,True,True,PLACEHOLDER_CANDIDATE
2018-12-25,BTPN,3296.03,3296.03,3296.03,3296.03,0.0,True,True,True,True,PLACEHOLDER_CANDIDATE
2018-12-31,BTPN,3193.9,3193.9,3193.9,3193.9,0.0,True,True,True,True,PLACEHOLDER_CANDIDATE
2019-01-01,BTPN,3193.9,3193.9,3193.9,3193.9,0.0,True,True,True,True,PLACEHOLDER_CANDIDATE
2019-02-05,BTPN,3518.87,3518.87,3518.87,3518.87,0.0,True,True,True,True,PLACEHOLDER_CANDIDATE
2019-03-07,BTPN,3379.6,3379.6,3379.6,3379.6,0.0,True,True,True,True,PLACEHOLDER_CANDIDATE
2019-04-03,BTPN,3370.31,3370.31,3370.31,3370.31,0.0,True,True,True,True,PLACEHOLDER_CANDIDATE
2019-04-17,BTPN,3435.3,3435.3,3435.3,3435.3,0.0,True,True,True,True,PLACEHOLDER_CANDIDATE
2019-04-19,BTPN,3444.59,3444.59,3444.59,3444.59,0.0,True,True,True,True,PLACEHOLDER_CANDIDATE
2019-05-01,BTPN,3444.59,3444.59,3444.59,3444.59,0.0,True,True,True,True,PLACEHOLDER_CANDIDATE
2019-05-30,BTPN,3361.03,3361.03,3361.03,3361.03,0.0,True,True,True,True,PLACEHOLDER_CANDIDATE
2019-06-03,BTPN,3407.45,3407.45,3407.45,3407.45,0.0,True,True,True,True,PLACEHOLDER_CANDIDATE
2019-06-04,BTPN,3407.45,3407.45,3407.45,3407.45,0.0,True,True,True,True,PLACEHOLDER_CANDIDATE
2019-06-05,BTPN,3407.45,3407.45,3407.45,3407.45,0.0,True,True,True,True,PLACEHOLDER_CANDIDATE
2019-06-06,BTPN,3407.45,3407.45,3407.45,3407.45,0.0,True,True,True,True,PLACEHOLDER_CANDIDATE
2019-06-07,BTPN,3407.45,3407.45,3407.45,3407.45,0.0,True,True,True,True,PLACEHOLDER_CANDIDATE
2026-05-14,BTPN,2270.0,2270.0,2270.0,2270.0,0.0,True,True,True,True,PLACEHOLDER_CANDIDATE
2026-05-15,BTPN,2270.0,2270.0,2270.0,2270.0,0.0,True,True,True,True,PLACEHOLDER_CANDIDATE
2026-05-27,BTPN,2350.0,2350.0,2350.0,2350.0,0.0,True,True,True,True,PLACEHOLDER_CANDIDATE
2026-05-28,BTPN,2350.0,2350.0,2350.0,2350.0,0.0,True,True,True,True,PLACEHOLDER_CANDIDATE
2026-05-14,BTPS,1010.0,1010.0,1010.0,1010.0,0.0,True,True,True,True,PLACEHOLDER_CANDIDATE
2026-05-15,BTPS,1010.0,1010.0,1010.0,1010.0,0.0,True,True,True,True,PLACEHOLDER_CANDIDATE
2026-05-27,BTPS,970.0,970.0,970.0,970.0,0.0,True,True,True,True,PLACEHOLDER_CANDIDATE
2026-05-28,BTPS,970.0,970.0,970.0,970.0,0.0,True,True,True,True,PLACEHOLDER_CANDIDATE
2026-05-14,BUAH,512.0049438476562,512.0049438476562,512.0049438476562,512.0049438476562,0.0,True,True,True,True,PLACEHOLDER_CANDIDATE
2026-05-15,BUAH,512.0049438476562,512.0049438476562,512.0049438476562,512.0049438476562,0.0,True,True,True,True,PLACEHOLDER_CANDIDATE
2026-05-27,BUAH,497.376220703125,497.376220703125,497.376220703125,497.376220703125,0.0,True,True,True,True,PLACEHOLDER_CANDIDATE
2026-05-28,BUAH,497.376220703125,497.376220703125,497.376220703125,497.376220703125,0.0,True,True,True,True,PLACEHOLDER_CANDIDATE
2014-04-09,BUDI,72.57,72.57,72.57,72.57,0.0,True,True,True,True,PLACEHOLDER_CANDIDATE
2014-07-09,BUDI,78.79,78.79,78.79,78.79,0.0,True,True,True,True,PLACEHOLDER_CANDIDATE
2015-12-09,BUDI,44.92,44.92,44.92,44.92,0.0,True,True,True,True,PLACEHOLDER_CANDIDATE
2017-01-02,BUDI,60.13,60.13,60.13,60.13,0.0,True,True,True,True,PLACEHOLDER_CANDIDATE
2017-02-15,BUDI,67.73,67.73,67.73,67.73,0.0,True,True,True,True,PLACEHOLDER_CANDIDATE
2017-04-19,BUDI,66.35,66.35,66.35,66.35,0.0,True,True,True,True,PLACEHOLDER_CANDIDATE
2017-06-01,BUDI,67.04,67.04,67.04,67.04,0.0,True,True,True,True,PLACEHOLDER_CANDIDATE
2017-06-23,BUDI,68.07,68.07,68.07,68.07,0.0,True,True,True,True,PLACEHOLDER_CANDIDATE
2017-06-26,BUDI,68.07,68.07,68.07,68.07,0.0,True,True,True,True,PLACEHOLDER_CANDIDATE
2017-06-27,BUDI,68.07,68.07,68.07,68.07,0.0,True,True,True,True,PLACEHOLDER_CANDIDATE
2017-06-28,BUDI,68.07,68.07,68.07,68.07,0.0,True,True,True,True,PLACEHOLDER_CANDIDATE
2017-06-29,BUDI,68.07,68.07,68.07,68.07,0.0,True,True,True,True,PLACEHOLDER_CANDIDATE
2017-06-30,BUDI,68.07,68.07,68.07,68.07,0.0,True,True,True,True,PLACEHOLDER_CANDIDATE
2017-08-17,BUDI,65.23,65.23,65.23,65.23,0.0,True,True,True,True,PLACEHOLDER_CANDIDATE
2017-09-01,BUDI,68.07,68.07,68.07,68.07,0.0,True,True,True,True,PLACEHOLDER_CANDIDATE
2017-09-21,BUDI,68.78,68.78,68.78,68.78,0.0,True,True,True,True,PLACEHOLDER_CANDIDATE
2017-12-25,BUDI,66.65,66.65,66.65,66.65,0.0,True,True,True,True,PLACEHOLDER_CANDIDATE
2017-12-26,BUDI,66.65,66.65,66.65,66.65,0.0,True,True,True,True,PLACEHOLDER_CANDIDATE
2018-01-01,BUDI,66.65,66.65,66.65,66.65,0.0,True,True,True,True,PLACEHOLDER_CANDIDATE
2018-02-16,BUDI,77.29,77.29,77.29,77.29,0.0,True,True,True,True,PLACEHOLDER_CANDIDATE
2018-03-30,BUDI,89.34,89.34,89.34,89.34,0.0,True,True,True,True,PLACEHOLDER_CANDIDATE
2018-05-01,BUDI,89.34,89.34,89.34,89.34,0.0,True,True,True,True,PLACEHOLDER_CANDIDATE
2018-05-10,BUDI,86.5,86.5,86.5,86.5,0.0,True,True,True,True,PLACEHOLDER_CANDIDATE
2018-05-29,BUDI,82.96,82.96,82.96,82.96,0.0,True,True,True,True,PLACEHOLDER_CANDIDATE
2018-06-01,BUDI,85.09,85.09,85.09,85.09,0.0,True,True,True,True,PLACEHOLDER_CANDIDATE
2018-06-11,BUDI,84.35,84.35,84.35,84.35,0.0,True,True,True,True,PLACEHOLDER_CANDIDATE
2018-06-12,BUDI,84.35,84.35,84.35,84.35,0.0,True,True,True,True,PLACEHOLDER_CANDIDATE
2018-06-13,BUDI,84.35,84.35,84.35,84.35,0.0,True,True,True,True,PLACEHOLDER_CANDIDATE
2018-06-14,BUDI,84.35,84.35,84.35,84.35,0.0,True,True,True,True,PLACEHOLDER_CANDIDATE
2018-06-15,BUDI,84.35,84.35,84.35,84.35,0.0,True,True,True,True,PLACEHOLDER_CANDIDATE
2018-06-18,BUDI,84.35,84.35,84.35,84.35,0.0,True,True,True,True,PLACEHOLDER_CANDIDATE
2018-06-19,BUDI,84.35,84.35,84.35,84.35,0.0,True,True,True,True,PLACEHOLDER_CANDIDATE
2018-08-17,BUDI,75.55,75.55,75.55,75.55,0.0,True,True,True,True,PLACEHOLDER_CANDIDATE
2018-08-22,BUDI,77.75,77.75,77.75,77.75,0.0,True,True,True,True,PLACEHOLDER_CANDIDATE
2018-09-11,BUDI,77.02,77.02,77.02,77.02,0.0,True,True,True,True,PLACEHOLDER_CANDIDATE
2018-11-20,BUDI,74.08,74.08,74.08,74.08,0.0,True,True,True,True,PLACEHOLDER_CANDIDATE
2018-12-24,BUDI,70.42,70.42,70.42,70.42,0.0,True,True,True,True,PLACEHOLDER_CANDIDATE
2018-12-25,BUDI,70.42,70.42,70.42,70.42,0.0,True,True,True,True,PLACEHOLDER_CANDIDATE
2018-12-31,BUDI,70.42,70.42,70.42,70.42,0.0,True,True,True,True,PLACEHOLDER_CANDIDATE
2019-01-01,BUDI,70.42,70.42,70.42,70.42,0.0,True,True,True,True,PLACEHOLDER_CANDIDATE
2019-02-05,BUDI,74.82,74.82,74.82,74.82,0.0,True,True,True,True,PLACEHOLDER_CANDIDATE
2019-03-07,BUDI,76.28,76.28,76.28,76.28,0.0,True,True,True,True,PLACEHOLDER_CANDIDATE
2019-04-03,BUDI,73.35,73.35,73.35,73.35,0.0,True,True,True,True,PLACEHOLDER_CANDIDATE
2019-04-17,BUDI,74.08,74.08,74.08,74.08,0.0,True,True,True,True,PLACEHOLDER_CANDIDATE
2019-04-19,BUDI,74.08,74.08,74.08,74.08,0.0,True,True,True,True,PLACEHOLDER_CANDIDATE
2019-05-01,BUDI,75.55,75.55,75.55,75.55,0.0,True,True,True,True,PLACEHOLDER_CANDIDATE
2019-05-30,BUDI,72.62,72.62,72.62,72.62,0.0,True,True,True,True,PLACEHOLDER_CANDIDATE
2019-06-03,BUDI,74.08,74.08,74.08,74.08,0.0,True,True,True,True,PLACEHOLDER_CANDIDATE
2019-06-04,BUDI,74.08,74.08,74.08,74.08,0.0,True,True,True,True,PLACEHOLDER_CANDIDATE
2019-06-05,BUDI,74.08,74.08,74.08,74.08,0.0,True,True,True,True,PLACEHOLDER_CANDIDATE
2019-06-06,BUDI,74.08,74.08,74.08,74.08,0.0,True,True,True,True,PLACEHOLDER_CANDIDATE
2019-06-07,BUDI,74.08,74.08,74.08,74.08,0.0,True,True,True,True,PLACEHOLDER_CANDIDATE
2026-05-14,BUDI,210.0,210.0,210.0,210.0,0.0,True,True,True,True,PLACEHOLDER_CANDIDATE
2026-05-15,BUDI,210.0,210.0,210.0,210.0,0.0,True,True,True,True,PLACEHOLDER_CANDIDATE
2026-05-27,BUDI,210.0,210.0,210.0,210.0,0.0,True,True,True,True,PLACEHOLDER_CANDIDATE
2026-05-28,BUDI,210.0,210.0,210.0,210.0,0.0,True,True,True,True,PLACEHOLDER_CANDIDATE
2026-08-25,BUDI,220.0,220.0,220.0,220.0,0.0,True,True,True,True,PLACEHOLDER_CANDIDATE
2026-05-14,BUKA,141.0,141.0,141.0,141.0,0.0,True,True,True,True,PLACEHOLDER_CANDIDATE
2026-05-15,BUKA,141.0,141.0,141.0,141.0,0.0,True,True,True,True,PLACEHOLDER_CANDIDATE
2026-05-27,BUKA,127.0,127.0,127.0,127.0,0.0,True,True,True,True,PLACEHOLDER_CANDIDATE
2026-05-28,BUKA,127.0,127.0,127.0,127.0,0.0,True,True,True,True,PLACEHOLDER_CANDIDATE
2026-05-14,BUKK,1110.0,1110.0,1110.0,1110.0,0.0,True,True,True,True,PLACEHOLDER_CANDIDATE
2026-05-15,BUKK,1110.0,1110.0,1110.0,1110.0,0.0,True,True,True,True,PLACEHOLDER_CANDIDATE
2026-05-27,BUKK,810.0,810.0,810.0,810.0,0.0,True,True,True,True,PLACEHOLDER_CANDIDATE
2026-05-28,BUKK,810.0,810.0,810.0,810.0,0.0,True,True,True,True,PLACEHOLDER_CANDIDATE
2026-08-25,BUKK,1015.0,1015.0,1015.0,1015.0,0.0,True,True,True,True,PLACEHOLDER_CANDIDATE
2026-05-14,BULL,468.0,468.0,468.0,468.0,0.0,True,True,True,True,PLACEHOLDER_CANDIDATE
2026-05-15,BULL,468.0,468.0,468.0,468.0,0.0,True,True,True,True,PLACEHOLDER_CANDIDATE
2026-05-27,BULL,382.0,382.0,382.0,382.0,0.0,True,True,True,True,PLACEHOLDER_CANDIDATE
2026-05-28,BULL,382.0,382.0,382.0,382.0,0.0,True,True,True,True,PLACEHOLDER_CANDIDATE
2026-05-14,BUMI,214.0,214.0,214.0,214.0,0.0,True,True,True,True,PLACEHOLDER_CANDIDATE
2026-05-15,BUMI,214.0,214.0,214.0,214.0,0.0,True,True,True,True,PLACEHOLDER_CANDIDATE
2026-05-27,BUMI,166.0,166.0,166.0,166.0,0.0,True,True,True,True,PLACEHOLDER_CANDIDATE
2026-05-28,BUMI,166.0,166.0,166.0,166.0,0.0,True,True,True,True,PLACEHOLDER_CANDIDATE
2026-08-25,BUMI,194.0,194.0,194.0,194.0,0.0,True,True,True,True,PLACEHOLDER_CANDIDATE
2026-05-14,BUVA,1045.0,1045.0,1045.0,1045.0,0.0,True,True,True,True,PLACEHOLDER_CANDIDATE
2026-05-15,BUVA,1045.0,1045.0,1045.0,1045.0,0.0,True,True,True,True,PLACEHOLDER_CANDIDATE
2026-05-27,BUVA,610.0,610.0,610.0,610.0,0.0,True,True,True,True,PLACEHOLDER_CANDIDATE
2026-05-28,BUVA,610.0,610.0,610.0,610.0,0.0,True,True,True,True,PLACEHOLDER_CANDIDATE
2026-05-14,BVIC,102.0,102.0,102.0,102.0,0.0,True,True,True,True,PLACEHOLDER_CANDIDATE
2026-05-15,BVIC,102.0,102.0,102.0,102.0,0.0,True,True,True,True,PLACEHOLDER_CANDIDATE
2026-05-27,BVIC,99.0,99.0,99.0,99.0,0.0,True,True,True,True,PLACEHOLDER_CANDIDATE
2026-05-28,BVIC,99.0,99.0,99.0,99.0,0.0,True,True,True,True,PLACEHOLDER_CANDIDATE
2026-05-14,BWPT,117.0,117.0,117.0,117.0,0.0,True,True,True,True,PLACEHOLDER_CANDIDATE
2026-05-15,BWPT,117.0,117.0,117.0,117.0,0.0,True,True,True,True,PLACEHOLDER_CANDIDATE
2026-05-27,BWPT,86.0,86.0,86.0,86.0,0.0,True,True,True,True,PLACEHOLDER_CANDIDATE
2026-05-28,BWPT,86.0,86.0,86.0,86.0,0.0,True,True,True,True,PLACEHOLDER_CANDIDATE
2026-05-14,BYAN,10927.85546875,10927.85546875,10927.85546875,10927.85546875,0.0,True,True,True,True,PLACEHOLDER_CANDIDATE
2026-05-15,BYAN,10927.85546875,10927.85546875,10927.85546875,10927.85546875,0.0,True,True,True,True,PLACEHOLDER_CANDIDATE
2026-05-27,BYAN,9683.8359375,9683.8359375,9683.8359375,9683.8359375,0.0,True,True,True,True,PLACEHOLDER_CANDIDATE
2026-05-28,BYAN,9683.8359375,9683.8359375,9683.8359375,9683.8359375,0.0,True,True,True,True,PLACEHOLDER_CANDIDATE
2026-05-14,CAKK,158.0,158.0,158.0,158.0,0.0,True,True,True,True,PLACEHOLDER_CANDIDATE
2026-05-15,CAKK,158.0,158.0,158.0,158.0,0.0,True,True,True,True,PLACEHOLDER_CANDIDATE
2026-05-27,CAKK,156.0,156.0,156.0,156.0,0.0,True,True,True,True,PLACEHOLDER_CANDIDATE
2026-05-28,CAKK,156.0,156.0,156.0,156.0,0.0,True,True,True,True,PLACEHOLDER_CANDIDATE
2026-05-14,CAMP,198.0,198.0,198.0,198.0,0.0,True,True,True,True,PLACEHOLDER_CANDIDATE
2026-05-15,CAMP,198.0,198.0,198.0,198.0,0.0,True,True,True,True,PLACEHOLDER_CANDIDATE
2026-05-27,CAMP,188.0,188.0,188.0,188.0,0.0,True,True,True,True,PLACEHOLDER_CANDIDATE
2026-05-28,CAMP,188.0,188.0,188.0,188.0,0.0,True,True,True,True,PLACEHOLDER_CANDIDATE
2026-05-14,CANI,138.0,138.0,138.0,138.0,0.0,True,True,True,True,PLACEHOLDER_CANDIDATE
2026-05-15,CANI,138.0,138.0,138.0,138.0,0.0,True,True,True,True,PLACEHOLDER_CANDIDATE
2026-05-27,CANI,138.0,138.0,138.0,138.0,0.0,True,True,True,True,PLACEHOLDER_CANDIDATE
2026-05-28,CANI,138.0,138.0,138.0,138.0,0.0,True,True,True,True,PLACEHOLDER_CANDIDATE
2026-08-17,CANI,135.0,135.0,135.0,135.0,0.0,True,True,True,True,PLACEHOLDER_CANDIDATE
2026-08-25,CANI,135.0,135.0,135.0,135.0,0.0,True,True,True,True,PLACEHOLDER_CANDIDATE
2026-05-14,CARE,412.0,412.0,412.0,412.0,0.0,True,True,True,True,PLACEHOLDER_CANDIDATE
2026-05-15,CARE,412.0,412.0,412.0,412.0,0.0,True,True,True,True,PLACEHOLDER_CANDIDATE
2026-05-27,CARE,410.0,410.0,410.0,410.0,0.0,True,True,True,True,PLACEHOLDER_CANDIDATE
2026-05-28,CARE,410.0,410.0,410.0,410.0,0.0,True,True,True,True,PLACEHOLDER_CANDIDATE
2026-05-14,CARS,93.0,93.0,93.0,93.0,0.0,True,True,True,True,PLACEHOLDER_CANDIDATE
2026-05-15,CARS,93.0,93.0,93.0,93.0,0.0,True,True,True,True,PLACEHOLDER_CANDIDATE
2026-05-27,CARS,91.0,91.0,91.0,91.0,0.0,True,True,True,True,PLACEHOLDER_CANDIDATE
2026-05-28,CARS,91.0,91.0,91.0,91.0,0.0,True,True,True,True,PLACEHOLDER_CANDIDATE
2026-05-14,CASA,1350.0,1350.0,1350.0,1350.0,0.0,True,True,True,True,PLACEHOLDER_CANDIDATE
2026-05-15,CASA,1350.0,1350.0,1350.0,1350.0,0.0,True,True,True,True,PLACEHOLDER_CANDIDATE
2026-05-27,CASA,1350.0,1350.0,1350.0,1350.0,0.0,True,True,True,True,PLACEHOLDER_CANDIDATE
2026-05-28,CASA,1350.0,1350.0,1350.0,1350.0,0.0,True,True,True,True,PLACEHOLDER_CANDIDATE
2026-05-14,CASH,244.0,244.0,244.0,244.0,0.0,True,True,True,True,PLACEHOLDER_CANDIDATE
2026-05-15,CASH,244.0,244.0,244.0,244.0,0.0,True,True,True,True,PLACEHOLDER_CANDIDATE
2026-05-27,CASH,202.0,202.0,202.0,202.0,0.0,True,True,True,True,PLACEHOLDER_CANDIDATE
2026-05-28,CASH,202.0,202.0,202.0,202.0,0.0,True,True,True,True,PLACEHOLDER_CANDIDATE
2026-05-14,CASS,1785.0,1785.0,1785.0,1785.0,0.0,True,True,True,True,PLACEHOLDER_CANDIDATE
2026-05-15,CASS,1785.0,1785.0,1785.0,1785.0,0.0,True,True,True,True,PLACEHOLDER_CANDIDATE
2026-05-27,CASS,1790.0,1790.0,1790.0,1790.0,0.0,True,True,True,True,PLACEHOLDER_CANDIDATE
2026-05-28,CASS,1790.0,1790.0,1790.0,1790.0,0.0,True,True,True,True,PLACEHOLDER_CANDIDATE
2026-05-14,CBDK,4444.08251953125,4444.08251953125,4444.08251953125,4444.08251953125,0.0,True,True,True,True,PLACEHOLDER_CANDIDATE
2026-05-15,CBDK,4444.08251953125,4444.08251953125,4444.08251953125,4444.08251953125,0.0,True,True,True,True,PLACEHOLDER_CANDIDATE
2026-05-27,CBDK,3924.77392578125,3924.77392578125,3924.77392578125,3924.77392578125,0.0,True,True,True,True,PLACEHOLDER_CANDIDATE
2026-05-28,CBDK,3924.77392578125,3924.77392578125,3924.77392578125,3924.77392578125,0.0,True,True,True,True,PLACEHOLDER_CANDIDATE
2026-05-14,CBPE,298.90509033203125,298.90509033203125,298.90509033203125,298.90509033203125,0.0,True,True,True,True,PLACEHOLDER_CANDIDATE
2026-05-15,CBPE,298.90509033203125,298.90509033203125,298.90509033203125,298.90509033203125,0.0,True,True,True,True,PLACEHOLDER_CANDIDATE
2026-05-27,CBPE,286.94891357421875,286.94891357421875,286.94891357421875,286.94891357421875,0.0,True,True,True,True,PLACEHOLDER_CANDIDATE
2026-05-28,CBPE,286.94891357421875,286.94891357421875,286.94891357421875,286.94891357421875,0.0,True,True,True,True,PLACEHOLDER_CANDIDATE
2026-05-14,CBRE,970.0,970.0,970.0,970.0,0.0,True,True,True,True,PLACEHOLDER_CANDIDATE
2026-05-15,CBRE,970.0,970.0,970.0,970.0,0.0,True,True,True,True,PLACEHOLDER_CANDIDATE
2026-05-27,CBRE,845.0,845.0,845.0,845.0,0.0,True,True,True,True,PLACEHOLDER_CANDIDATE
2026-05-28,CBRE,845.0,845.0,845.0,845.0,0.0,True,True,True,True,PLACEHOLDER_CANDIDATE
2026-05-14,CBUT,780.0,780.0,780.0,780.0,0.0,True,True,True,True,PLACEHOLDER_CANDIDATE
2026-05-15,CBUT,780.0,780.0,780.0,780.0,0.0,True,True,True,True,PLACEHOLDER_CANDIDATE
2026-05-27,CBUT,615.0,615.0,615.0,615.0,0.0,True,True,True,True,PLACEHOLDER_CANDIDATE
2026-05-28,CBUT,615.0,615.0,615.0,615.0,0.0,True,True,True,True,PLACEHOLDER_CANDIDATE
2026-05-14,CCSI,278.0,278.0,278.0,278.0,0.0,True,True,True,True,PLACEHOLDER_CANDIDATE
2026-05-15,CCSI,278.0,278.0,278.0,278.0,0.0,True,True,True,True,PLACEHOLDER_CANDIDATE
2026-05-27,CCSI,252.0,252.0,252.0,252.0,0.0,True,True,True,True,PLACEHOLDER_CANDIDATE
2026-05-28,CCSI,252.0,252.0,252.0,252.0,0.0,True,True,True,True,PLACEHOLDER_CANDIDATE
2026-05-14,CDIA,1000.36279296875,1000.36279296875,1000.36279296875,1000.36279296875,0.0,True,True,True,True,PLACEHOLDER_CANDIDATE
2026-05-15,CDIA,1000.36279296875,1000.36279296875,1000.36279296875,1000.36279296875,0.0,True,True,True,True,PLACEHOLDER_CANDIDATE
2026-05-27,CDIA,753.0995483398438,753.0995483398438,753.0995483398438,753.0995483398438,0.0,True,True,True,True,PLACEHOLDER_CANDIDATE
2026-05-28,CDIA,753.0995483398438,753.0995483398438,753.0995483398438,753.0995483398438,0.0,True,True,True,True,PLACEHOLDER_CANDIDATE
2014-04-09,CEKA,429.43,429.43,429.43,429.43,0.0,True,True,True,True,PLACEHOLDER_CANDIDATE
2014-07-09,CEKA,735.39,735.39,735.39,735.39,0.0,True,True,True,True,PLACEHOLDER_CANDIDATE
2015-12-09,CEKA,360.43,360.43,360.43,360.43,0.0,True,True,True,True,PLACEHOLDER_CANDIDATE
2017-01-02,CEKA,784.8,784.8,784.8,784.8,0.0,True,True,True,True,PLACEHOLDER_CANDIDATE
2017-02-15,CEKA,784.8,784.8,784.8,784.8,0.0,True,True,True,True,PLACEHOLDER_CANDIDATE
2017-04-19,CEKA,1046.4,1046.4,1046.4,1046.4,0.0,True,True,True,True,PLACEHOLDER_CANDIDATE
2017-06-01,CEKA,1058.26,1058.26,1058.26,1058.26,0.0,True,True,True,True,PLACEHOLDER_CANDIDATE
2017-06-23,CEKA,1048.81,1048.81,1048.81,1048.81,0.0,True,True,True,True,PLACEHOLDER_CANDIDATE
2017-06-26,CEKA,1048.81,1048.81,1048.81,1048.81,0.0,True,True,True,True,PLACEHOLDER_CANDIDATE
2017-06-27,CEKA,1048.81,1048.81,1048.81,1048.81,0.0,True,True,True,True,PLACEHOLDER_CANDIDATE
2017-06-28,CEKA,1048.81,1048.81,1048.81,1048.81,0.0,True,True,True,True,PLACEHOLDER_CANDIDATE
2017-06-29,CEKA,1048.81,1048.81,1048.81,1048.81,0.0,True,True,True,True,PLACEHOLDER_CANDIDATE
2017-06-30,CEKA,1048.81,1048.81,1048.81,1048.81,0.0,True,True,True,True,PLACEHOLDER_CANDIDATE
2017-08-17,CEKA,844.09,844.09,844.09,844.09,0.0,True,True,True,True,PLACEHOLDER_CANDIDATE
2017-09-01,CEKA,907.08,907.08,907.08,907.08,0.0,True,True,True,True,PLACEHOLDER_CANDIDATE
2017-09-21,CEKA,903.93,903.93,903.93,903.93,0.0,True,True,True,True,PLACEHOLDER_CANDIDATE
2017-12-25,CEKA,837.79,837.79,837.79,837.79,0.0,True,True,True,True,PLACEHOLDER_CANDIDATE
2017-12-26,CEKA,837.79,837.79,837.79,837.79,0.0,True,True,True,True,PLACEHOLDER_CANDIDATE
2018-01-01,CEKA,812.59,812.59,812.59,812.59,0.0,True,True,True,True,PLACEHOLDER_CANDIDATE
2018-02-16,CEKA,872.43,872.43,872.43,872.43,0.0,True,True,True,True,PLACEHOLDER_CANDIDATE
2018-03-30,CEKA,831.49,831.49,831.49,831.49,0.0,True,True,True,True,PLACEHOLDER_CANDIDATE
2018-05-01,CEKA,718.1,718.1,718.1,718.1,0.0,True,True,True,True,PLACEHOLDER_CANDIDATE
2018-05-10,CEKA,752.75,752.75,752.75,752.75,0.0,True,True,True,True,PLACEHOLDER_CANDIDATE
2018-05-29,CEKA,799.99,799.99,799.99,799.99,0.0,True,True,True,True,PLACEHOLDER_CANDIDATE
2018-06-01,CEKA,787.39,787.39,787.39,787.39,0.0,True,True,True,True,PLACEHOLDER_CANDIDATE
2018-06-11,CEKA,803.73,803.73,803.73,803.73,0.0,True,True,True,True,PLACEHOLDER_CANDIDATE
2018-06-12,CEKA,803.73,803.73,803.73,803.73,0.0,True,True,True,True,PLACEHOLDER_CANDIDATE
2018-06-13,CEKA,803.73,803.73,803.73,803.73,0.0,True,True,True,True,PLACEHOLDER_CANDIDATE
2018-06-14,CEKA,803.73,803.73,803.73,803.73,0.0,True,True,True,True,PLACEHOLDER_CANDIDATE
2018-06-15,CEKA,803.73,803.73,803.73,803.73,0.0,True,True,True,True,PLACEHOLDER_CANDIDATE
2018-06-18,CEKA,803.73,803.73,803.73,803.73,0.0,True,True,True,True,PLACEHOLDER_CANDIDATE
2018-06-19,CEKA,803.73,803.73,803.73,803.73,0.0,True,True,True,True,PLACEHOLDER_CANDIDATE
2018-08-17,CEKA,673.04,673.04,673.04,673.04,0.0,True,True,True,True,PLACEHOLDER_CANDIDATE
2018-08-22,CEKA,705.71,705.71,705.71,705.71,0.0,True,True,True,True,PLACEHOLDER_CANDIDATE
2018-09-11,CEKA,686.11,686.11,686.11,686.11,0.0,True,True,True,True,PLACEHOLDER_CANDIDATE
2018-11-20,CEKA,653.44,653.44,653.44,653.44,0.0,True,True,True,True,PLACEHOLDER_CANDIDATE
2018-12-24,CEKA,699.18,699.18,699.18,699.18,0.0,True,True,True,True,PLACEHOLDER_CANDIDATE
2018-12-25,CEKA,699.18,699.18,699.18,699.18,0.0,True,True,True,True,PLACEHOLDER_CANDIDATE
2018-12-31,CEKA,898.48,898.48,898.48,898.48,0.0,True,True,True,True,PLACEHOLDER_CANDIDATE
2019-01-01,CEKA,898.48,898.48,898.48,898.48,0.0,True,True,True,True,PLACEHOLDER_CANDIDATE
2019-02-05,CEKA,689.38,689.38,689.38,689.38,0.0,True,True,True,True,PLACEHOLDER_CANDIDATE
2019-03-07,CEKA,653.44,653.44,653.44,653.44,0.0,True,True,True,True,PLACEHOLDER_CANDIDATE
2019-04-03,CEKA,666.51,666.51,666.51,666.51,0.0,True,True,True,True,PLACEHOLDER_CANDIDATE
2019-04-17,CEKA,686.11,686.11,686.11,686.11,0.0,True,True,True,True,PLACEHOLDER_CANDIDATE
2019-04-19,CEKA,718.78,718.78,718.78,718.78,0.0,True,True,True,True,PLACEHOLDER_CANDIDATE
2019-05-01,CEKA,865.81,865.81,865.81,865.81,0.0,True,True,True,True,PLACEHOLDER_CANDIDATE
2019-05-30,CEKA,826.6,826.6,826.6,826.6,0.0,True,True,True,True,PLACEHOLDER_CANDIDATE
2019-06-03,CEKA,849.47,849.47,849.47,849.47,0.0,True,True,True,True,PLACEHOLDER_CANDIDATE
2019-06-04,CEKA,849.47,849.47,849.47,849.47,0.0,True,True,True,True,PLACEHOLDER_CANDIDATE
2019-06-05,CEKA,849.47,849.47,849.47,849.47,0.0,True,True,True,True,PLACEHOLDER_CANDIDATE
2019-06-06,CEKA,849.47,849.47,849.47,849.47,0.0,True,True,True,True,PLACEHOLDER_CANDIDATE
2019-06-07,CEKA,849.47,849.47,849.47,849.47,0.0,True,True,True,True,PLACEHOLDER_CANDIDATE
2026-05-14,CEKA,2249.96,2249.96,2249.96,2249.96,0.0,True,True,True,True,PLACEHOLDER_CANDIDATE
2026-05-15,CEKA,2249.96,2249.96,2249.96,2249.96,0.0,True,True,True,True,PLACEHOLDER_CANDIDATE
2026-05-27,CEKA,2231.13,2231.13,2231.13,2231.13,0.0,True,True,True,True,PLACEHOLDER_CANDIDATE
2026-05-28,CEKA,2231.13,2231.13,2231.13,2231.13,0.0,True,True,True,True,PLACEHOLDER_CANDIDATE
2026-08-25,CEKA,2210.0,2210.0,2210.0,2210.0,0.0,True,True,True,True,PLACEHOLDER_CANDIDATE
2026-05-14,CENT,97.0,97.0,97.0,97.0,0.0,True,True,True,True,PLACEHOLDER_CANDIDATE
2026-05-15,CENT,97.0,97.0,97.0,97.0,0.0,True,True,True,True,PLACEHOLDER_CANDIDATE
2026-05-27,CENT,82.0,82.0,82.0,82.0,0.0,True,True,True,True,PLACEHOLDER_CANDIDATE
2026-05-28,CENT,82.0,82.0,82.0,82.0,0.0,True,True,True,True,PLACEHOLDER_CANDIDATE
2026-08-25,CENT,107.0,107.0,107.0,107.0,0.0,True,True,True,True,PLACEHOLDER_CANDIDATE
2026-05-14,CFIN,301.96826171875,301.96826171875,301.96826171875,301.96826171875,0.0,True,True,True,True,PLACEHOLDER_CANDIDATE
2026-05-15,CFIN,301.96826171875,301.96826171875,301.96826171875,301.96826171875,0.0,True,True,True,True,PLACEHOLDER_CANDIDATE
2026-05-27,CFIN,296.76190185546875,296.76190185546875,296.76190185546875,296.76190185546875,0.0,True,True,True,True,PLACEHOLDER_CANDIDATE
2026-05-28,CFIN,296.76190185546875,296.76190185546875,296.76190185546875,296.76190185546875,0.0,True,True,True,True,PLACEHOLDER_CANDIDATE
2026-08-25,CFIN,356.0,356.0,356.0,356.0,0.0,True,True,True,True,PLACEHOLDER_CANDIDATE
2026-05-14,CGAS,175.0,175.0,175.0,175.0,0.0,True,True,True,True,PLACEHOLDER_CANDIDATE
2026-05-15,CGAS,175.0,175.0,175.0,175.0,0.0,True,True,True,True,PLACEHOLDER_CANDIDATE
2026-05-27,CGAS,170.13888549804688,170.13888549804688,170.13888549804688,170.13888549804688,0.0,True,True,True,True,PLACEHOLDER_CANDIDATE
2026-05-28,CGAS,170.13888549804688,170.13888549804688,170.13888549804688,170.13888549804688,0.0,True,True,True,True,PLACEHOLDER_CANDIDATE
2026-05-14,CHEK,133.0,133.0,133.0,133.0,0.0,True,True,True,True,PLACEHOLDER_CANDIDATE
2026-05-15,CHEK,133.0,133.0,133.0,133.0,0.0,True,True,True,True,PLACEHOLDER_CANDIDATE
2026-05-27,CHEK,121.0,121.0,121.0,121.0,0.0,True,True,True,True,PLACEHOLDER_CANDIDATE
2026-05-28,CHEK,121.0,121.0,121.0,121.0,0.0,True,True,True,True,PLACEHOLDER_CANDIDATE
2026-05-14,CHEM,83.59235382080078,83.59235382080078,83.59235382080078,83.59235382080078,0.0,True,True,True,True,PLACEHOLDER_CANDIDATE
2026-05-15,CHEM,83.59235382080078,83.59235382080078,83.59235382080078,83.59235382080078,0.0,True,True,True,True,PLACEHOLDER_CANDIDATE
2026-05-27,CHEM,69.0,69.0,69.0,69.0,0.0,True,True,True,True,PLACEHOLDER_CANDIDATE
2026-05-28,CHEM,69.0,69.0,69.0,69.0,0.0,True,True,True,True,PLACEHOLDER_CANDIDATE
2026-05-14,CHIP,1008.4635009765624,1008.4635009765624,1008.4635009765624,1008.4635009765624,0.0,True,True,True,True,PLACEHOLDER_CANDIDATE
2026-05-15,CHIP,1008.4635009765624,1008.4635009765624,1008.4635009765624,1008.4635009765624,0.0,True,True,True,True,PLACEHOLDER_CANDIDATE
2026-05-27,CHIP,973.5167236328124,973.5167236328124,973.5167236328124,973.5167236328124,0.0,True,True,True,True,PLACEHOLDER_CANDIDATE
2026-05-28,CHIP,973.5167236328124,973.5167236328124,973.5167236328124,973.5167236328124,0.0,True,True,True,True,PLACEHOLDER_CANDIDATE
2026-05-14,CINT,193.0,193.0,193.0,193.0,0.0,True,True,True,True,PLACEHOLDER_CANDIDATE
2026-05-15,CINT,193.0,193.0,193.0,193.0,0.0,True,True,True,True,PLACEHOLDER_CANDIDATE
2026-05-27,CINT,179.0,179.0,179.0,179.0,0.0,True,True,True,True,PLACEHOLDER_CANDIDATE
2026-05-28,CINT,179.0,179.0,179.0,179.0,0.0,True,True,True,True,PLACEHOLDER_CANDIDATE
2026-05-14,CITA,3166.78369140625,3166.78369140625,3166.78369140625,3166.78369140625,0.0,True,True,True,True,PLACEHOLDER_CANDIDATE
2026-05-15,CITA,3166.78369140625,3166.78369140625,3166.78369140625,3166.78369140625,0.0,True,True,True,True,PLACEHOLDER_CANDIDATE
2026-05-27,CITA,3290.0,3290.0,3290.0,3290.0,0.0,True,True,True,True,PLACEHOLDER_CANDIDATE
2026-05-28,CITA,3290.0,3290.0,3290.0,3290.0,0.0,True,True,True,True,PLACEHOLDER_CANDIDATE
2026-05-14,CITY,190.0,190.0,190.0,190.0,0.0,True,True,True,True,PLACEHOLDER_CANDIDATE
2026-05-15,CITY,190.0,190.0,190.0,190.0,0.0,True,True,True,True,PLACEHOLDER_CANDIDATE
2026-05-27,CITY,166.0,166.0,166.0,166.0,0.0,True,True,True,True,PLACEHOLDER_CANDIDATE
2026-05-28,CITY,166.0,166.0,166.0,166.0,0.0,True,True,True,True,PLACEHOLDER_CANDIDATE
2026-05-14,CLAY,2900.0,2900.0,2900.0,2900.0,0.0,True,True,True,True,PLACEHOLDER_CANDIDATE
2026-05-15,CLAY,2900.0,2900.0,2900.0,2900.0,0.0,True,True,True,True,PLACEHOLDER_CANDIDATE
2026-05-27,CLAY,2910.0,2910.0,2910.0,2910.0,0.0,True,True,True,True,PLACEHOLDER_CANDIDATE
2026-05-28,CLAY,2910.0,2910.0,2910.0,2910.0,0.0,True,True,True,True,PLACEHOLDER_CANDIDATE
2017-06-01,CLEO,37.83,37.83,37.83,37.83,0.0,True,True,True,True,PLACEHOLDER_CANDIDATE
2017-06-23,CLEO,38.41,38.41,38.41,38.41,0.0,True,True,True,True,PLACEHOLDER_CANDIDATE
2017-06-26,CLEO,38.41,38.41,38.41,38.41,0.0,True,True,True,True,PLACEHOLDER_CANDIDATE
2017-06-27,CLEO,38.41,38.41,38.41,38.41,0.0,True,True,True,True,PLACEHOLDER_CANDIDATE
2017-06-28,CLEO,38.41,38.41,38.41,38.41,0.0,True,True,True,True,PLACEHOLDER_CANDIDATE
2017-06-29,CLEO,38.41,38.41,38.41,38.41,0.0,True,True,True,True,PLACEHOLDER_CANDIDATE
2017-06-30,CLEO,38.41,38.41,38.41,38.41,0.0,True,True,True,True,PLACEHOLDER_CANDIDATE
2017-08-17,CLEO,46.56,46.56,46.56,46.56,0.0,True,True,True,True,PLACEHOLDER_CANDIDATE
2017-09-01,CLEO,54.32,54.32,54.32,54.32,0.0,True,True,True,True,PLACEHOLDER_CANDIDATE
2017-09-21,CLEO,56.26,56.26,56.26,56.26,0.0,True,True,True,True,PLACEHOLDER_CANDIDATE
2017-12-25,CLEO,74.21,74.21,74.21,74.21,0.0,True,True,True,True,PLACEHOLDER_CANDIDATE
2017-12-26,CLEO,74.21,74.21,74.21,74.21,0.0,True,True,True,True,PLACEHOLDER_CANDIDATE
2018-01-01,CLEO,73.24,73.24,73.24,73.24,0.0,True,True,True,True,PLACEHOLDER_CANDIDATE
2018-02-16,CLEO,87.79,87.79,87.79,87.79,0.0,True,True,True,True,PLACEHOLDER_CANDIDATE
2018-03-30,CLEO,105.25,105.25,105.25,105.25,0.0,True,True,True,True,PLACEHOLDER_CANDIDATE
2018-05-01,CLEO,115.43,115.43,115.43,115.43,0.0,True,True,True,True,PLACEHOLDER_CANDIDATE
2018-05-10,CLEO,117.37,117.37,117.37,117.37,0.0,True,True,True,True,PLACEHOLDER_CANDIDATE
2018-05-29,CLEO,117.37,117.37,117.37,117.37,0.0,True,True,True,True,PLACEHOLDER_CANDIDATE
2018-06-01,CLEO,115.92,115.92,115.92,115.92,0.0,True,True,True,True,PLACEHOLDER_CANDIDATE
2018-06-11,CLEO,115.43,115.43,115.43,115.43,0.0,True,True,True,True,PLACEHOLDER_CANDIDATE
2018-06-12,CLEO,115.43,115.43,115.43,115.43,0.0,True,True,True,True,PLACEHOLDER_CANDIDATE
2018-06-13,CLEO,115.43,115.43,115.43,115.43,0.0,True,True,True,True,PLACEHOLDER_CANDIDATE
2018-06-14,CLEO,115.43,115.43,115.43,115.43,0.0,True,True,True,True,PLACEHOLDER_CANDIDATE
2018-06-15,CLEO,115.43,115.43,115.43,115.43,0.0,True,True,True,True,PLACEHOLDER_CANDIDATE
2018-06-18,CLEO,115.43,115.43,115.43,115.43,0.0,True,True,True,True,PLACEHOLDER_CANDIDATE
2018-06-19,CLEO,115.43,115.43,115.43,115.43,0.0,True,True,True,True,PLACEHOLDER_CANDIDATE
2018-08-17,CLEO,133.87,133.87,133.87,133.87,0.0,True,True,True,True,PLACEHOLDER_CANDIDATE
2018-08-22,CLEO,137.75,137.75,137.75,137.75,0.0,True,True,True,True,PLACEHOLDER_CANDIDATE
2018-09-11,CLEO,127.07,127.07,127.07,127.07,0.0,True,True,True,True,PLACEHOLDER_CANDIDATE
2018-11-20,CLEO,141.63,141.63,141.63,141.63,0.0,True,True,True,True,PLACEHOLDER_CANDIDATE
2018-12-24,CLEO,134.84,134.84,134.84,134.84,0.0,True,True,True,True,PLACEHOLDER_CANDIDATE
2018-12-25,CLEO,134.84,134.84,134.84,134.84,0.0,True,True,True,True,PLACEHOLDER_CANDIDATE
2018-12-31,CLEO,137.75,137.75,137.75,137.75,0.0,True,True,True,True,PLACEHOLDER_CANDIDATE
2019-01-01,CLEO,137.75,137.75,137.75,137.75,0.0,True,True,True,True,PLACEHOLDER_CANDIDATE
2019-02-05,CLEO,137.75,137.75,137.75,137.75,0.0,True,True,True,True,PLACEHOLDER_CANDIDATE
2019-03-07,CLEO,135.81,135.81,135.81,135.81,0.0,True,True,True,True,PLACEHOLDER_CANDIDATE
2019-04-03,CLEO,133.87,133.87,133.87,133.87,0.0,True,True,True,True,PLACEHOLDER_CANDIDATE
2019-04-17,CLEO,132.9,132.9,132.9,132.9,0.0,True,True,True,True,PLACEHOLDER_CANDIDATE
2019-04-19,CLEO,131.93,131.93,131.93,131.93,0.0,True,True,True,True,PLACEHOLDER_CANDIDATE
2019-05-01,CLEO,156.18,156.18,156.18,156.18,0.0,True,True,True,True,PLACEHOLDER_CANDIDATE
2019-05-30,CLEO,181.4,181.4,181.4,181.4,0.0,True,True,True,True,PLACEHOLDER_CANDIDATE
2019-06-03,CLEO,184.31,184.31,184.31,184.31,0.0,True,True,True,True,PLACEHOLDER_CANDIDATE
2019-06-04,CLEO,184.31,184.31,184.31,184.31,0.0,True,True,True,True,PLACEHOLDER_CANDIDATE
2019-06-05,CLEO,184.31,184.31,184.31,184.31,0.0,True,True,True,True,PLACEHOLDER_CANDIDATE
2019-06-06,CLEO,184.31,184.31,184.31,184.31,0.0,True,True,True,True,PLACEHOLDER_CANDIDATE
2019-06-07,CLEO,184.31,184.31,184.31,184.31,0.0,True,True,True,True,PLACEHOLDER_CANDIDATE
2026-05-14,CLEO,395.3,395.3,395.3,395.3,0.0,True,True,True,True,PLACEHOLDER_CANDIDATE
2026-05-15,CLEO,395.3,395.3,395.3,395.3,0.0,True,True,True,True,PLACEHOLDER_CANDIDATE
2026-05-27,CLEO,387.35,387.35,387.35,387.35,0.0,True,True,True,True,PLACEHOLDER_CANDIDATE
2026-05-28,CLEO,387.35,387.35,387.35,387.35,0.0,True,True,True,True,PLACEHOLDER_CANDIDATE
2026-05-14,CLPI,1472.9163818359375,1472.9163818359375,1472.9163818359375,1472.9163818359375,0.0,True,True,True,True,PLACEHOLDER_CANDIDATE
2026-05-15,CLPI,1472.9163818359375,1472.9163818359375,1472.9163818359375,1472.9163818359375,0.0,True,True,True,True,PLACEHOLDER_CANDIDATE
2026-05-27,CLPI,1427.873046875,1427.873046875,1427.873046875,1427.873046875,0.0,True,True,True,True,PLACEHOLDER_CANDIDATE
2026-05-28,CLPI,1427.873046875,1427.873046875,1427.873046875,1427.873046875,0.0,True,True,True,True,PLACEHOLDER_CANDIDATE
2026-08-25,CLPI,1600.0,1600.0,1600.0,1600.0,0.0,True,True,True,True,PLACEHOLDER_CANDIDATE
2026-05-14,CMNP,1515.0,1515.0,1515.0,1515.0,0.0,True,True,True,True,PLACEHOLDER_CANDIDATE
2026-05-15,CMNP,1515.0,1515.0,1515.0,1515.0,0.0,True,True,True,True,PLACEHOLDER_CANDIDATE
2026-05-27,CMNP,1405.0,1405.0,1405.0,1405.0,0.0,True,True,True,True,PLACEHOLDER_CANDIDATE
2026-05-28,CMNP,1405.0,1405.0,1405.0,1405.0,0.0,True,True,True,True,PLACEHOLDER_CANDIDATE
2026-08-25,CMNP,1355.0,1355.0,1355.0,1355.0,0.0,True,True,True,True,PLACEHOLDER_CANDIDATE
2026-05-14,CMNT,775.0,775.0,775.0,775.0,0.0,True,True,True,True,PLACEHOLDER_CANDIDATE
2026-05-15,CMNT,775.0,775.0,775.0,775.0,0.0,True,True,True,True,PLACEHOLDER_CANDIDATE
2026-05-27,CMNT,805.0,805.0,805.0,805.0,0.0,True,True,True,True,PLACEHOLDER_CANDIDATE
2026-05-28,CMNT,805.0,805.0,805.0,805.0,0.0,True,True,True,True,PLACEHOLDER_CANDIDATE
2026-05-14,CMPP,78.0,78.0,78.0,78.0,0.0,True,True,True,True,PLACEHOLDER_CANDIDATE
2026-05-15,CMPP,78.0,78.0,78.0,78.0,0.0,True,True,True,True,PLACEHOLDER_CANDIDATE
2026-05-27,CMPP,71.0,71.0,71.0,71.0,0.0,True,True,True,True,PLACEHOLDER_CANDIDATE
2026-05-28,CMPP,71.0,71.0,71.0,71.0,0.0,True,True,True,True,PLACEHOLDER_CANDIDATE
2026-08-17,CMPP,69.0,69.0,69.0,69.0,0.0,True,True,True,True,PLACEHOLDER_CANDIDATE
2026-08-25,CMPP,69.0,69.0,69.0,69.0,0.0,True,True,True,True,PLACEHOLDER_CANDIDATE
2026-05-14,CMRY,4612.484375,4612.484375,4612.484375,4612.484375,0.0,True,True,True,True,PLACEHOLDER_CANDIDATE
2026-05-15,CMRY,4612.484375,4612.484375,4612.484375,4612.484375,0.0,True,True,True,True,PLACEHOLDER_CANDIDATE
2026-05-27,CMRY,4308.90283203125,4308.90283203125,4308.90283203125,4308.90283203125,0.0,True,True,True,True,PLACEHOLDER_CANDIDATE
2026-05-28,CMRY,4308.90283203125,4308.90283203125,4308.90283203125,4308.90283203125,0.0,True,True,True,True,PLACEHOLDER_CANDIDATE
2026-05-14,CNKO,50.0,50.0,50.0,50.0,0.0,True,True,True,True,PLACEHOLDER_CANDIDATE
2026-05-15,CNKO,50.0,50.0,50.0,50.0,0.0,True,True,True,True,PLACEHOLDER_CANDIDATE
2026-05-27,CNKO,44.0,44.0,44.0,44.0,0.0,True,True,True,True,PLACEHOLDER_CANDIDATE
2026-05-28,CNKO,44.0,44.0,44.0,44.0,0.0,True,True,True,True,PLACEHOLDER_CANDIDATE
2026-08-17,CNKO,37.0,37.0,37.0,37.0,0.0,True,True,True,True,PLACEHOLDER_CANDIDATE
2026-08-25,CNKO,37.0,37.0,37.0,37.0,0.0,True,True,True,True,PLACEHOLDER_CANDIDATE
2026-05-14,CNMA,101.0,101.0,101.0,101.0,0.0,True,True,True,True,PLACEHOLDER_CANDIDATE
2026-05-15,CNMA,101.0,101.0,101.0,101.0,0.0,True,True,True,True,PLACEHOLDER_CANDIDATE
2026-05-27,CNMA,97.0,97.0,97.0,97.0,0.0,True,True,True,True,PLACEHOLDER_CANDIDATE
2026-05-28,CNMA,97.0,97.0,97.0,97.0,0.0,True,True,True,True,PLACEHOLDER_CANDIDATE
2026-05-14,COAL,55.0,55.0,55.0,55.0,0.0,True,True,True,True,PLACEHOLDER_CANDIDATE
2026-05-15,COAL,55.0,55.0,55.0,55.0,0.0,True,True,True,True,PLACEHOLDER_CANDIDATE
2026-05-27,COAL,50.0,50.0,50.0,50.0,0.0,True,True,True,True,PLACEHOLDER_CANDIDATE
2026-05-28,COAL,50.0,50.0,50.0,50.0,0.0,True,True,True,True,PLACEHOLDER_CANDIDATE
2026-08-17,COAL,31.0,31.0,31.0,31.0,0.0,True,True,True,True,PLACEHOLDER_CANDIDATE
2026-08-25,COAL,31.0,31.0,31.0,31.0,0.0,True,True,True,True,PLACEHOLDER_CANDIDATE
2026-05-14,COCO,336.0,336.0,336.0,336.0,0.0,True,True,True,True,PLACEHOLDER_CANDIDATE
2026-05-15,COCO,336.0,336.0,336.0,336.0,0.0,True,True,True,True,PLACEHOLDER_CANDIDATE
2026-05-27,COCO,236.0,236.0,236.0,236.0,0.0,True,True,True,True,PLACEHOLDER_CANDIDATE
2026-05-28,COCO,236.0,236.0,236.0,236.0,0.0,True,True,True,True,PLACEHOLDER_CANDIDATE
2026-05-14,COIN,1020.0,1020.0,1020.0,1020.0,0.0,True,True,True,True,PLACEHOLDER_CANDIDATE
2026-05-15,COIN,1020.0,1020.0,1020.0,1020.0,0.0,True,True,True,True,PLACEHOLDER_CANDIDATE
2026-05-27,COIN,825.0,825.0,825.0,825.0,0.0,True,True,True,True,PLACEHOLDER_CANDIDATE
2026-05-28,COIN,825.0,825.0,825.0,825.0,0.0,True,True,True,True,PLACEHOLDER_CANDIDATE
2026-05-14,CPIN,3975.566650390625,3975.566650390625,3975.566650390625,3975.566650390625,0.0,True,True,True,True,PLACEHOLDER_CANDIDATE
2026-05-15,CPIN,3975.566650390625,3975.566650390625,3975.566650390625,3975.566650390625,0.0,True,True,True,True,PLACEHOLDER_CANDIDATE
2026-05-27,CPIN,4281.37939453125,4281.37939453125,4281.37939453125,4281.37939453125,0.0,True,True,True,True,PLACEHOLDER_CANDIDATE
2026-05-28,CPIN,4281.37939453125,4281.37939453125,4281.37939453125,4281.37939453125,0.0,True,True,True,True,PLACEHOLDER_CANDIDATE
2026-05-14,CPRO,55.0,55.0,55.0,55.0,0.0,True,True,True,True,PLACEHOLDER_CANDIDATE
2026-05-15,CPRO,55.0,55.0,55.0,55.0,0.0,True,True,True,True,PLACEHOLDER_CANDIDATE
2026-05-27,CPRO,52.0,52.0,52.0,52.0,0.0,True,True,True,True,PLACEHOLDER_CANDIDATE
2026-05-28,CPRO,52.0,52.0,52.0,52.0,0.0,True,True,True,True,PLACEHOLDER_CANDIDATE
2026-08-25,CPRO,50.0,50.0,50.0,50.0,0.0,True,True,True,True,PLACEHOLDER_CANDIDATE
2026-05-14,CRAB,210.090087890625,210.090087890625,210.090087890625,210.090087890625,0.0,True,True,True,True,PLACEHOLDER_CANDIDATE
2026-05-15,CRAB,210.090087890625,210.090087890625,210.090087890625,210.090087890625,0.0,True,True,True,True,PLACEHOLDER_CANDIDATE
2026-05-27,CRAB,206.12612915039065,206.12612915039065,206.12612915039065,206.12612915039065,0.0,True,True,True,True,PLACEHOLDER_CANDIDATE
2026-05-28,CRAB,206.12612915039065,206.12612915039065,206.12612915039065,206.12612915039065,0.0,True,True,True,True,PLACEHOLDER_CANDIDATE
2026-08-17,CRAB,206.12612915039065,206.12612915039065,206.12612915039065,206.12612915039065,0.0,True,True,True,True,PLACEHOLDER_CANDIDATE
2026-08-25,CRAB,206.12612915039065,206.12612915039065,206.12612915039065,206.12612915039065,0.0,True,True,True,True,PLACEHOLDER_CANDIDATE
2026-05-14,CRSN,108.64029693603516,108.64029693603516,108.64029693603516,108.64029693603516,0.0,True,True,True,True,PLACEHOLDER_CANDIDATE
2026-05-15,CRSN,108.64029693603516,108.64029693603516,108.64029693603516,108.64029693603516,0.0,True,True,True,True,PLACEHOLDER_CANDIDATE
2026-05-27,CRSN,105.65019989013672,105.65019989013672,105.65019989013672,105.65019989013672,0.0,True,True,True,True,PLACEHOLDER_CANDIDATE
2026-05-28,CRSN,105.65019989013672,105.65019989013672,105.65019989013672,105.65019989013672,0.0,True,True,True,True,PLACEHOLDER_CANDIDATE
2026-05-14,CSAP,276.137939453125,276.137939453125,276.137939453125,276.137939453125,0.0,True,True,True,True,PLACEHOLDER_CANDIDATE
2026-05-15,CSAP,276.137939453125,276.137939453125,276.137939453125,276.137939453125,0.0,True,True,True,True,PLACEHOLDER_CANDIDATE
2026-05-27,CSAP,262.3310241699219,262.3310241699219,262.3310241699219,262.3310241699219,0.0,True,True,True,True,PLACEHOLDER_CANDIDATE
2026-05-28,CSAP,262.3310241699219,262.3310241699219,262.3310241699219,262.3310241699219,0.0,True,True,True,True,PLACEHOLDER_CANDIDATE
2026-05-14,CSIS,167.5800018310547,167.5800018310547,167.5800018310547,167.5800018310547,0.0,True,True,True,True,PLACEHOLDER_CANDIDATE
2026-05-15,CSIS,167.5800018310547,167.5800018310547,167.5800018310547,167.5800018310547,0.0,True,True,True,True,PLACEHOLDER_CANDIDATE
2026-05-27,CSIS,144.05999755859375,144.05999755859375,144.05999755859375,144.05999755859375,0.0,True,True,True,True,PLACEHOLDER_CANDIDATE
2026-05-28,CSIS,144.05999755859375,144.05999755859375,144.05999755859375,144.05999755859375,0.0,True,True,True,True,PLACEHOLDER_CANDIDATE
2026-05-14,CSMI,105.0,105.0,105.0,105.0,0.0,True,True,True,True,PLACEHOLDER_CANDIDATE
2026-05-15,CSMI,105.0,105.0,105.0,105.0,0.0,True,True,True,True,PLACEHOLDER_CANDIDATE
2026-05-27,CSMI,88.0,88.0,88.0,88.0,0.0,True,True,True,True,PLACEHOLDER_CANDIDATE
2026-05-28,CSMI,88.0,88.0,88.0,88.0,0.0,True,True,True,True,PLACEHOLDER_CANDIDATE
2026-08-17,CSMI,126.0,126.0,126.0,126.0,0.0,True,True,True,True,PLACEHOLDER_CANDIDATE
2026-08-25,CSMI,167.0,167.0,167.0,167.0,0.0,True,True,True,True,PLACEHOLDER_CANDIDATE
2026-05-14,CSRA,900.0,900.0,900.0,900.0,0.0,True,True,True,True,PLACEHOLDER_CANDIDATE
2026-05-15,CSRA,900.0,900.0,900.0,900.0,0.0,True,True,True,True,PLACEHOLDER_CANDIDATE
2026-05-27,CSRA,855.0,855.0,855.0,855.0,0.0,True,True,True,True,PLACEHOLDER_CANDIDATE
2026-05-28,CSRA,855.0,855.0,855.0,855.0,0.0,True,True,True,True,PLACEHOLDER_CANDIDATE
2026-05-14,CTBN,4875.4365234375,4875.4365234375,4875.4365234375,4875.4365234375,0.0,True,True,True,True,PLACEHOLDER_CANDIDATE
2026-05-15,CTBN,4875.4365234375,4875.4365234375,4875.4365234375,4875.4365234375,0.0,True,True,True,True,PLACEHOLDER_CANDIDATE
2026-05-27,CTBN,5437.98681640625,5437.98681640625,5437.98681640625,5437.98681640625,0.0,True,True,True,True,PLACEHOLDER_CANDIDATE
2026-05-28,CTBN,5437.98681640625,5437.98681640625,5437.98681640625,5437.98681640625,0.0,True,True,True,True,PLACEHOLDER_CANDIDATE
2026-08-25,CTBN,3190.0,3190.0,3190.0,3190.0,0.0,True,True,True,True,PLACEHOLDER_CANDIDATE
2014-04-09,CTRA,978.19,978.19,978.19,978.19,0.0,True,True,True,True,PLACEHOLDER_CANDIDATE
2014-07-09,CTRA,967.33,967.33,967.33,967.33,0.0,True,True,True,True,PLACEHOLDER_CANDIDATE
2015-12-09,CTRA,1127.15,1127.15,1127.15,1127.15,0.0,True,True,True,True,PLACEHOLDER_CANDIDATE
2017-01-02,CTRA,1184.92,1184.92,1184.92,1184.92,0.0,True,True,True,True,PLACEHOLDER_CANDIDATE
2017-02-15,CTRA,1242.61,1242.61,1242.61,1242.61,0.0,True,True,True,True,PLACEHOLDER_CANDIDATE
2017-04-19,CTRA,1122.79,1122.79,1122.79,1122.79,0.0,True,True,True,True,PLACEHOLDER_CANDIDATE
2017-06-01,CTRA,994.09,994.09,994.09,994.09,0.0,True,True,True,True,PLACEHOLDER_CANDIDATE
2017-06-23,CTRA,1038.47,1038.47,1038.47,1038.47,0.0,True,True,True,True,PLACEHOLDER_CANDIDATE
2017-06-26,CTRA,1038.47,1038.47,1038.47,1038.47,0.0,True,True,True,True,PLACEHOLDER_CANDIDATE
2017-06-27,CTRA,1038.47,1038.47,1038.47,1038.47,0.0,True,True,True,True,PLACEHOLDER_CANDIDATE
2017-06-28,CTRA,1038.47,1038.47,1038.47,1038.47,0.0,True,True,True,True,PLACEHOLDER_CANDIDATE
2017-06-29,CTRA,1038.47,1038.47,1038.47,1038.47,0.0,True,True,True,True,PLACEHOLDER_CANDIDATE
2017-06-30,CTRA,1038.47,1038.47,1038.47,1038.47,0.0,True,True,True,True,PLACEHOLDER_CANDIDATE
2017-08-17,CTRA,1087.26,1087.26,1087.26,1087.26,0.0,True,True,True,True,PLACEHOLDER_CANDIDATE
2017-09-01,CTRA,1042.7,1042.7,1042.7,1042.7,0.0,True,True,True,True,PLACEHOLDER_CANDIDATE
2017-09-21,CTRA,1038.25,1038.25,1038.25,1038.25,0.0,True,True,True,True,PLACEHOLDER_CANDIDATE
2017-12-25,CTRA,1047.16,1047.16,1047.16,1047.16,0.0,True,True,True,True,PLACEHOLDER_CANDIDATE
2017-12-26,CTRA,1047.16,1047.16,1047.16,1047.16,0.0,True,True,True,True,PLACEHOLDER_CANDIDATE
2018-01-01,CTRA,1056.07,1056.07,1056.07,1056.07,0.0,True,True,True,True,PLACEHOLDER_CANDIDATE
2018-02-16,CTRA,1140.73,1140.73,1140.73,1140.73,0.0,True,True,True,True,PLACEHOLDER_CANDIDATE
2018-03-30,CTRA,1047.16,1047.16,1047.16,1047.16,0.0,True,True,True,True,PLACEHOLDER_CANDIDATE
2018-05-01,CTRA,980.32,980.32,980.32,980.32,0.0,True,True,True,True,PLACEHOLDER_CANDIDATE
2018-05-10,CTRA,846.64,846.64,846.64,846.64,0.0,True,True,True,True,PLACEHOLDER_CANDIDATE
2018-05-29,CTRA,944.67,944.67,944.67,944.67,0.0,True,True,True,True,PLACEHOLDER_CANDIDATE
2018-06-01,CTRA,900.11,900.11,900.11,900.11,0.0,True,True,True,True,PLACEHOLDER_CANDIDATE
2018-06-11,CTRA,966.95,966.95,966.95,966.95,0.0,True,True,True,True,PLACEHOLDER_CANDIDATE
2018-06-12,CTRA,966.95,966.95,966.95,966.95,0.0,True,True,True,True,PLACEHOLDER_CANDIDATE
2018-06-13,CTRA,966.95,966.95,966.95,966.95,0.0,True,True,True,True,PLACEHOLDER_CANDIDATE
2018-06-14,CTRA,966.95,966.95,966.95,966.95,0.0,True,True,True,True,PLACEHOLDER_CANDIDATE
2018-06-15,CTRA,966.95,966.95,966.95,966.95,0.0,True,True,True,True,PLACEHOLDER_CANDIDATE
2018-06-18,CTRA,966.95,966.95,966.95,966.95,0.0,True,True,True,True,PLACEHOLDER_CANDIDATE
2018-06-19,CTRA,966.95,966.95,966.95,966.95,0.0,True,True,True,True,PLACEHOLDER_CANDIDATE
2018-08-17,CTRA,751.08,751.08,751.08,751.08,0.0,True,True,True,True,PLACEHOLDER_CANDIDATE
2018-08-22,CTRA,760.07,760.07,760.07,760.07,0.0,True,True,True,True,PLACEHOLDER_CANDIDATE
2018-09-11,CTRA,665.63,665.63,665.63,665.63,0.0,True,True,True,True,PLACEHOLDER_CANDIDATE
2018-11-20,CTRA,850.02,850.02,850.02,850.02,0.0,True,True,True,True,PLACEHOLDER_CANDIDATE
2018-12-24,CTRA,895.0,895.0,895.0,895.0,0.0,True,True,True,True,PLACEHOLDER_CANDIDATE
2018-12-25,CTRA,895.0,895.0,895.0,895.0,0.0,True,True,True,True,PLACEHOLDER_CANDIDATE
2018-12-31,CTRA,908.49,908.49,908.49,908.49,0.0,True,True,True,True,PLACEHOLDER_CANDIDATE
2019-01-01,CTRA,908.49,908.49,908.49,908.49,0.0,True,True,True,True,PLACEHOLDER_CANDIDATE
2019-02-05,CTRA,841.03,841.03,841.03,841.03,0.0,True,True,True,True,PLACEHOLDER_CANDIDATE
2019-03-07,CTRA,791.56,791.56,791.56,791.56,0.0,True,True,True,True,PLACEHOLDER_CANDIDATE
2019-04-03,CTRA,989.44,989.44,989.44,989.44,0.0,True,True,True,True,PLACEHOLDER_CANDIDATE
2019-04-17,CTRA,1043.41,1043.41,1043.41,1043.41,0.0,True,True,True,True,PLACEHOLDER_CANDIDATE
2019-04-19,CTRA,1119.87,1119.87,1119.87,1119.87,0.0,True,True,True,True,PLACEHOLDER_CANDIDATE
2019-05-01,CTRA,1016.43,1016.43,1016.43,1016.43,0.0,True,True,True,True,PLACEHOLDER_CANDIDATE
2019-05-30,CTRA,854.52,854.52,854.52,854.52,0.0,True,True,True,True,PLACEHOLDER_CANDIDATE
2019-06-03,CTRA,881.51,881.51,881.51,881.51,0.0,True,True,True,True,PLACEHOLDER_CANDIDATE
2019-06-04,CTRA,881.51,881.51,881.51,881.51,0.0,True,True,True,True,PLACEHOLDER_CANDIDATE
2019-06-05,CTRA,881.51,881.51,881.51,881.51,0.0,True,True,True,True,PLACEHOLDER_CANDIDATE
2019-06-06,CTRA,881.51,881.51,881.51,881.51,0.0,True,True,True,True,PLACEHOLDER_CANDIDATE
2019-06-07,CTRA,881.51,881.51,881.51,881.51,0.0,True,True,True,True,PLACEHOLDER_CANDIDATE
2026-05-14,CTRA,685.0,685.0,685.0,685.0,0.0,True,True,True,True,PLACEHOLDER_CANDIDATE
2026-05-15,CTRA,685.0,685.0,685.0,685.0,0.0,True,True,True,True,PLACEHOLDER_CANDIDATE
2026-05-27,CTRA,655.0,655.0,655.0,655.0,0.0,True,True,True,True,PLACEHOLDER_CANDIDATE
2026-05-28,CTRA,655.0,655.0,655.0,655.0,0.0,True,True,True,True,PLACEHOLDER_CANDIDATE
2026-08-25,CTRA,620.0,620.0,620.0,620.0,0.0,True,True,True,True,PLACEHOLDER_CANDIDATE
2026-05-14,CTTH,202.0,202.0,202.0,202.0,0.0,True,True,True,True,PLACEHOLDER_CANDIDATE
2026-05-15,CTTH,202.0,202.0,202.0,202.0,0.0,True,True,True,True,PLACEHOLDER_CANDIDATE
2026-05-27,CTTH,165.0,165.0,165.0,165.0,0.0,True,True,True,True,PLACEHOLDER_CANDIDATE
2026-05-28,CTTH,165.0,165.0,165.0,165.0,0.0,True,True,True,True,PLACEHOLDER_CANDIDATE
2026-08-25,CTTH,132.0,132.0,132.0,132.0,0.0,True,True,True,True,PLACEHOLDER_CANDIDATE
2026-05-14,CUAN,850.0,850.0,850.0,850.0,0.0,True,True,True,True,PLACEHOLDER_CANDIDATE
2026-05-15,CUAN,850.0,850.0,850.0,850.0,0.0,True,True,True,True,PLACEHOLDER_CANDIDATE
2026-05-27,CUAN,505.0,505.0,505.0,505.0,0.0,True,True,True,True,PLACEHOLDER_CANDIDATE
2026-05-28,CUAN,505.0,505.0,505.0,505.0,0.0,True,True,True,True,PLACEHOLDER_CANDIDATE
2026-05-01,CYBR,635.0,635.0,635.0,635.0,0.0,True,True,True,True,PLACEHOLDER_CANDIDATE
2026-05-14,CYBR,650.0,650.0,650.0,650.0,0.0,True,True,True,True,PLACEHOLDER_CANDIDATE
2026-05-15,CYBR,650.0,650.0,650.0,650.0,0.0,True,True,True,True,PLACEHOLDER_CANDIDATE
2026-05-27,CYBR,600.0,600.0,600.0,600.0,0.0,True,True,True,True,PLACEHOLDER_CANDIDATE
2026-05-28,CYBR,600.0,600.0,600.0,600.0,0.0,True,True,True,True,PLACEHOLDER_CANDIDATE
2026-05-14,DAAZ,2141.333251953125,2141.333251953125,2141.333251953125,2141.333251953125,0.0,True,True,True,True,PLACEHOLDER_CANDIDATE
2026-05-15,DAAZ,2141.333251953125,2141.333251953125,2141.333251953125,2141.333251953125,0.0,True,True,True,True,PLACEHOLDER_CANDIDATE
2026-05-27,DAAZ,1442.22216796875,1442.22216796875,1442.22216796875,1442.22216796875,0.0,True,True,True,True,PLACEHOLDER_CANDIDATE
2026-05-28,DAAZ,1442.22216796875,1442.22216796875,1442.22216796875,1442.22216796875,0.0,True,True,True,True,PLACEHOLDER_CANDIDATE
2026-05-14,DADA,49.4375,49.4375,49.4375,49.4375,0.0,True,True,True,True,PLACEHOLDER_CANDIDATE
2026-05-15,DADA,49.4375,49.4375,49.4375,49.4375,0.0,True,True,True,True,PLACEHOLDER_CANDIDATE
2026-05-27,DADA,49.4375,49.4375,49.4375,49.4375,0.0,True,True,True,True,PLACEHOLDER_CANDIDATE
2026-05-28,DADA,49.4375,49.4375,49.4375,49.4375,0.0,True,True,True,True,PLACEHOLDER_CANDIDATE
2026-05-14,DART,146.0,146.0,146.0,146.0,0.0,True,True,True,True,PLACEHOLDER_CANDIDATE
2026-05-15,DART,146.0,146.0,146.0,146.0,0.0,True,True,True,True,PLACEHOLDER_CANDIDATE
2026-05-27,DART,131.0,131.0,131.0,131.0,0.0,True,True,True,True,PLACEHOLDER_CANDIDATE
2026-05-28,DART,131.0,131.0,131.0,131.0,0.0,True,True,True,True,PLACEHOLDER_CANDIDATE
2026-08-25,DART,167.0,167.0,167.0,167.0,0.0,True,True,True,True,PLACEHOLDER_CANDIDATE
2026-05-14,DATA,2010.0,2010.0,2010.0,2010.0,0.0,True,True,True,True,PLACEHOLDER_CANDIDATE
2026-05-15,DATA,2010.0,2010.0,2010.0,2010.0,0.0,True,True,True,True,PLACEHOLDER_CANDIDATE
2026-05-27,DATA,1630.0,1630.0,1630.0,1630.0,0.0,True,True,True,True,PLACEHOLDER_CANDIDATE
2026-05-28,DATA,1630.0,1630.0,1630.0,1630.0,0.0,True,True,True,True,PLACEHOLDER_CANDIDATE
2026-05-14,DAYA,1085.0,1085.0,1085.0,1085.0,0.0,True,True,True,True,PLACEHOLDER_CANDIDATE
2026-05-15,DAYA,1085.0,1085.0,1085.0,1085.0,0.0,True,True,True,True,PLACEHOLDER_CANDIDATE
2026-05-27,DAYA,1080.0,1080.0,1080.0,1080.0,0.0,True,True,True,True,PLACEHOLDER_CANDIDATE
2026-05-28,DAYA,1080.0,1080.0,1080.0,1080.0,0.0,True,True,True,True,PLACEHOLDER_CANDIDATE
2026-05-14,DCII,203000.0,203000.0,203000.0,203000.0,0.0,True,True,True,True,PLACEHOLDER_CANDIDATE
2026-05-15,DCII,203000.0,203000.0,203000.0,203000.0,0.0,True,True,True,True,PLACEHOLDER_CANDIDATE
2026-05-27,DCII,193000.0,193000.0,193000.0,193000.0,0.0,True,True,True,True,PLACEHOLDER_CANDIDATE
2026-05-28,DCII,193000.0,193000.0,193000.0,193000.0,0.0,True,True,True,True,PLACEHOLDER_CANDIDATE
2026-05-01,DEAL,6.0,6.0,6.0,6.0,0.0,True,True,True,True,PLACEHOLDER_CANDIDATE
2026-05-14,DEAL,6.0,6.0,6.0,6.0,0.0,True,True,True,True,PLACEHOLDER_CANDIDATE
2026-05-15,DEAL,6.0,6.0,6.0,6.0,0.0,True,True,True,True,PLACEHOLDER_CANDIDATE
2026-05-27,DEAL,6.0,6.0,6.0,6.0,0.0,True,True,True,True,PLACEHOLDER_CANDIDATE
2026-05-28,DEAL,6.0,6.0,6.0,6.0,0.0,True,True,True,True,PLACEHOLDER_CANDIDATE
2026-06-01,DEAL,6.0,6.0,6.0,6.0,0.0,True,True,True,True,PLACEHOLDER_CANDIDATE
2026-06-16,DEAL,6.0,6.0,6.0,6.0,0.0,True,True,True,True,PLACEHOLDER_CANDIDATE
2026-08-17,DEAL,6.0,6.0,6.0,6.0,0.0,True,True,True,True,PLACEHOLDER_CANDIDATE
2026-08-25,DEAL,6.0,6.0,6.0,6.0,0.0,True,True,True,True,PLACEHOLDER_CANDIDATE
2026-05-14,DEFI,179.0,179.0,179.0,179.0,0.0,True,True,True,True,PLACEHOLDER_CANDIDATE
2026-05-15,DEFI,179.0,179.0,179.0,179.0,0.0,True,True,True,True,PLACEHOLDER_CANDIDATE
2026-05-27,DEFI,137.0,137.0,137.0,137.0,0.0,True,True,True,True,PLACEHOLDER_CANDIDATE
2026-05-28,DEFI,137.0,137.0,137.0,137.0,0.0,True,True,True,True,PLACEHOLDER_CANDIDATE
2026-08-25,DEFI,107.0,107.0,107.0,107.0,0.0,True,True,True,True,PLACEHOLDER_CANDIDATE
2026-05-14,DEPO,268.51104736328125,268.51104736328125,268.51104736328125,268.51104736328125,0.0,True,True,True,True,PLACEHOLDER_CANDIDATE
2026-05-15,DEPO,268.51104736328125,268.51104736328125,268.51104736328125,268.51104736328125,0.0,True,True,True,True,PLACEHOLDER_CANDIDATE
2026-05-27,DEPO,248.62132263183597,248.62132263183597,248.62132263183597,248.62132263183597,0.0,True,True,True,True,PLACEHOLDER_CANDIDATE
2026-05-28,DEPO,248.62132263183597,248.62132263183597,248.62132263183597,248.62132263183597,0.0,True,True,True,True,PLACEHOLDER_CANDIDATE
2026-05-14,DEWA,481.6580810546875,481.6580810546875,481.6580810546875,481.6580810546875,0.0,True,True,True,True,PLACEHOLDER_CANDIDATE
2026-05-15,DEWA,481.6580810546875,481.6580810546875,481.6580810546875,481.6580810546875,0.0,True,True,True,True,PLACEHOLDER_CANDIDATE
2026-05-27,DEWA,328.4032287597656,328.4032287597656,328.4032287597656,328.4032287597656,0.0,True,True,True,True,PLACEHOLDER_CANDIDATE
2026-05-28,DEWA,328.4032287597656,328.4032287597656,328.4032287597656,328.4032287597656,0.0,True,True,True,True,PLACEHOLDER_CANDIDATE
2026-05-14,DEWI,126.0,126.0,126.0,126.0,0.0,True,True,True,True,PLACEHOLDER_CANDIDATE
2026-05-15,DEWI,126.0,126.0,126.0,126.0,0.0,True,True,True,True,PLACEHOLDER_CANDIDATE
2026-05-27,DEWI,120.0,120.0,120.0,120.0,0.0,True,True,True,True,PLACEHOLDER_CANDIDATE
2026-05-28,DEWI,120.0,120.0,120.0,120.0,0.0,True,True,True,True,PLACEHOLDER_CANDIDATE
2026-05-14,DFAM,125.0,125.0,125.0,125.0,0.0,True,True,True,True,PLACEHOLDER_CANDIDATE
2026-05-15,DFAM,125.0,125.0,125.0,125.0,0.0,True,True,True,True,PLACEHOLDER_CANDIDATE
2026-05-27,DFAM,118.0,118.0,118.0,118.0,0.0,True,True,True,True,PLACEHOLDER_CANDIDATE
2026-05-28,DFAM,118.0,118.0,118.0,118.0,0.0,True,True,True,True,PLACEHOLDER_CANDIDATE
2026-05-14,DGIK,130.0,130.0,130.0,130.0,0.0,True,True,True,True,PLACEHOLDER_CANDIDATE
2026-05-15,DGIK,130.0,130.0,130.0,130.0,0.0,True,True,True,True,PLACEHOLDER_CANDIDATE
2026-05-27,DGIK,130.0,130.0,130.0,130.0,0.0,True,True,True,True,PLACEHOLDER_CANDIDATE
2026-05-28,DGIK,130.0,130.0,130.0,130.0,0.0,True,True,True,True,PLACEHOLDER_CANDIDATE
2026-08-25,DGIK,137.0,137.0,137.0,137.0,0.0,True,True,True,True,PLACEHOLDER_CANDIDATE
2026-05-14,DGNS,252.0,252.0,252.0,252.0,0.0,True,True,True,True,PLACEHOLDER_CANDIDATE
2026-05-15,DGNS,252.0,252.0,252.0,252.0,0.0,True,True,True,True,PLACEHOLDER_CANDIDATE
2026-05-27,DGNS,232.0,232.0,232.0,232.0,0.0,True,True,True,True,PLACEHOLDER_CANDIDATE
2026-05-28,DGNS,232.0,232.0,232.0,232.0,0.0,True,True,True,True,PLACEHOLDER_CANDIDATE
2026-05-14,DGWG,346.3807983398437,346.3807983398437,346.3807983398437,346.3807983398437,0.0,True,True,True,True,PLACEHOLDER_CANDIDATE
2026-05-15,DGWG,346.3807983398437,346.3807983398437,346.3807983398437,346.3807983398437,0.0,True,True,True,True,PLACEHOLDER_CANDIDATE
2026-05-27,DGWG,334.6390686035156,334.6390686035156,334.6390686035156,334.6390686035156,0.0,True,True,True,True,PLACEHOLDER_CANDIDATE
2026-05-28,DGWG,334.6390686035156,334.6390686035156,334.6390686035156,334.6390686035156,0.0,True,True,True,True,PLACEHOLDER_CANDIDATE
2026-05-14,DIGI,37.0,37.0,37.0,37.0,0.0,True,True,True,True,PLACEHOLDER_CANDIDATE
2026-05-15,DIGI,37.0,37.0,37.0,37.0,0.0,True,True,True,True,PLACEHOLDER_CANDIDATE
2026-05-27,DIGI,36.0,36.0,36.0,36.0,0.0,True,True,True,True,PLACEHOLDER_CANDIDATE
2026-05-28,DIGI,36.0,36.0,36.0,36.0,0.0,True,True,True,True,PLACEHOLDER_CANDIDATE
2026-08-17,DIGI,29.0,29.0,29.0,29.0,0.0,True,True,True,True,PLACEHOLDER_CANDIDATE
2026-08-25,DIGI,29.0,29.0,29.0,29.0,0.0,True,True,True,True,PLACEHOLDER_CANDIDATE
2026-05-14,DILD,123.0,123.0,123.0,123.0,0.0,True,True,True,True,PLACEHOLDER_CANDIDATE
2026-05-15,DILD,123.0,123.0,123.0,123.0,0.0,True,True,True,True,PLACEHOLDER_CANDIDATE
2026-05-27,DILD,120.0,120.0,120.0,120.0,0.0,True,True,True,True,PLACEHOLDER_CANDIDATE
2026-05-28,DILD,120.0,120.0,120.0,120.0,0.0,True,True,True,True,PLACEHOLDER_CANDIDATE
2026-08-25,DILD,118.0,118.0,118.0,118.0,0.0,True,True,True,True,PLACEHOLDER_CANDIDATE
2026-05-14,DIVA,157.0,157.0,157.0,157.0,0.0,True,True,True,True,PLACEHOLDER_CANDIDATE
2026-05-15,DIVA,157.0,157.0,157.0,157.0,0.0,True,True,True,True,PLACEHOLDER_CANDIDATE
2026-05-27,DIVA,134.0,134.0,134.0,134.0,0.0,True,True,True,True,PLACEHOLDER_CANDIDATE
2026-05-28,DIVA,134.0,134.0,134.0,134.0,0.0,True,True,True,True,PLACEHOLDER_CANDIDATE
2026-05-14,DKFT,717.8571166992188,717.8571166992188,717.8571166992188,717.8571166992188,0.0,True,True,True,True,PLACEHOLDER_CANDIDATE
2026-05-15,DKFT,717.8571166992188,717.8571166992188,717.8571166992188,717.8571166992188,0.0,True,True,True,True,PLACEHOLDER_CANDIDATE
2026-05-27,DKFT,679.5714111328125,679.5714111328125,679.5714111328125,679.5714111328125,0.0,True,True,True,True,PLACEHOLDER_CANDIDATE
2026-05-28,DKFT,679.5714111328125,679.5714111328125,679.5714111328125,679.5714111328125,0.0,True,True,True,True,PLACEHOLDER_CANDIDATE
2026-05-14,DKHH,75.0,75.0,75.0,75.0,0.0,True,True,True,True,PLACEHOLDER_CANDIDATE
2026-05-15,DKHH,75.0,75.0,75.0,75.0,0.0,True,True,True,True,PLACEHOLDER_CANDIDATE
2026-05-27,DKHH,65.0,65.0,65.0,65.0,0.0,True,True,True,True,PLACEHOLDER_CANDIDATE
2026-05-28,DKHH,65.0,65.0,65.0,65.0,0.0,True,True,True,True,PLACEHOLDER_CANDIDATE
2014-04-09,DLTA,3567.69,3567.69,3567.69,3567.69,0.0,True,True,True,True,PLACEHOLDER_CANDIDATE
2014-07-09,DLTA,3675.42,3675.42,3675.42,3675.42,0.0,True,True,True,True,PLACEHOLDER_CANDIDATE
2015-12-09,DLTA,2812.68,2812.68,2812.68,2812.68,0.0,True,True,True,True,PLACEHOLDER_CANDIDATE
2017-01-02,DLTA,2670.08,2670.08,2670.08,2670.08,0.0,True,True,True,True,PLACEHOLDER_CANDIDATE
2017-02-15,DLTA,2296.27,2296.27,2296.27,2296.27,0.0,True,True,True,True,PLACEHOLDER_CANDIDATE
2017-04-19,DLTA,2723.48,2723.48,2723.48,2723.48,0.0,True,True,True,True,PLACEHOLDER_CANDIDATE
2017-06-01,DLTA,2679.68,2679.68,2679.68,2679.68,0.0,True,True,True,True,PLACEHOLDER_CANDIDATE
2017-06-23,DLTA,2546.8,2546.8,2546.8,2546.8,0.0,True,True,True,True,PLACEHOLDER_CANDIDATE
2017-06-26,DLTA,2546.8,2546.8,2546.8,2546.8,0.0,True,True,True,True,PLACEHOLDER_CANDIDATE
2017-06-27,DLTA,2546.8,2546.8,2546.8,2546.8,0.0,True,True,True,True,PLACEHOLDER_CANDIDATE
2017-06-28,DLTA,2546.8,2546.8,2546.8,2546.8,0.0,True,True,True,True,PLACEHOLDER_CANDIDATE
2017-06-29,DLTA,2546.8,2546.8,2546.8,2546.8,0.0,True,True,True,True,PLACEHOLDER_CANDIDATE
2017-06-30,DLTA,2546.8,2546.8,2546.8,2546.8,0.0,True,True,True,True,PLACEHOLDER_CANDIDATE
2017-08-17,DLTA,2546.8,2546.8,2546.8,2546.8,0.0,True,True,True,True,PLACEHOLDER_CANDIDATE
2017-09-01,DLTA,2530.19,2530.19,2530.19,2530.19,0.0,True,True,True,True,PLACEHOLDER_CANDIDATE
2017-09-21,DLTA,2513.58,2513.58,2513.58,2513.58,0.0,True,True,True,True,PLACEHOLDER_CANDIDATE
2017-12-25,DLTA,2491.43,2491.43,2491.43,2491.43,0.0,True,True,True,True,PLACEHOLDER_CANDIDATE
2017-12-26,DLTA,2491.43,2491.43,2491.43,2491.43,0.0,True,True,True,True,PLACEHOLDER_CANDIDATE
2018-01-01,DLTA,2541.26,2541.26,2541.26,2541.26,0.0,True,True,True,True,PLACEHOLDER_CANDIDATE
2018-02-16,DLTA,2762.72,2762.72,2762.72,2762.72,0.0,True,True,True,True,PLACEHOLDER_CANDIDATE
2018-03-30,DLTA,2878.99,2878.99,2878.99,2878.99,0.0,True,True,True,True,PLACEHOLDER_CANDIDATE
2018-05-01,DLTA,3031.24,3031.24,3031.24,3031.24,0.0,True,True,True,True,PLACEHOLDER_CANDIDATE
2018-05-10,DLTA,3284.09,3284.09,3284.09,3284.09,0.0,True,True,True,True,PLACEHOLDER_CANDIDATE
2018-05-29,DLTA,3269.56,3269.56,3269.56,3269.56,0.0,True,True,True,True,PLACEHOLDER_CANDIDATE
2018-06-01,DLTA,3255.03,3255.03,3255.03,3255.03,0.0,True,True,True,True,PLACEHOLDER_CANDIDATE
2018-06-11,DLTA,3211.43,3211.43,3211.43,3211.43,0.0,True,True,True,True,PLACEHOLDER_CANDIDATE
2018-06-12,DLTA,3211.43,3211.43,3211.43,3211.43,0.0,True,True,True,True,PLACEHOLDER_CANDIDATE
2018-06-13,DLTA,3211.43,3211.43,3211.43,3211.43,0.0,True,True,True,True,PLACEHOLDER_CANDIDATE
2018-06-14,DLTA,3211.43,3211.43,3211.43,3211.43,0.0,True,True,True,True,PLACEHOLDER_CANDIDATE
2018-06-15,DLTA,3211.43,3211.43,3211.43,3211.43,0.0,True,True,True,True,PLACEHOLDER_CANDIDATE
2018-06-18,DLTA,3211.43,3211.43,3211.43,3211.43,0.0,True,True,True,True,PLACEHOLDER_CANDIDATE
2018-06-19,DLTA,3211.43,3211.43,3211.43,3211.43,0.0,True,True,True,True,PLACEHOLDER_CANDIDATE
2018-08-17,DLTA,3284.09,3284.09,3284.09,3284.09,0.0,True,True,True,True,PLACEHOLDER_CANDIDATE
2018-08-22,DLTA,3240.5,3240.5,3240.5,3240.5,0.0,True,True,True,True,PLACEHOLDER_CANDIDATE
2018-09-11,DLTA,3196.9,3196.9,3196.9,3196.9,0.0,True,True,True,True,PLACEHOLDER_CANDIDATE
2018-11-20,DLTA,3196.9,3196.9,3196.9,3196.9,0.0,True,True,True,True,PLACEHOLDER_CANDIDATE
2018-12-24,DLTA,3196.9,3196.9,3196.9,3196.9,0.0,True,True,True,True,PLACEHOLDER_CANDIDATE
2018-12-25,DLTA,3196.9,3196.9,3196.9,3196.9,0.0,True,True,True,True,PLACEHOLDER_CANDIDATE
2018-12-31,DLTA,3196.9,3196.9,3196.9,3196.9,0.0,True,True,True,True,PLACEHOLDER_CANDIDATE
2019-01-01,DLTA,3196.9,3196.9,3196.9,3196.9,0.0,True,True,True,True,PLACEHOLDER_CANDIDATE
2019-02-05,DLTA,3574.72,3574.72,3574.72,3574.72,0.0,True,True,True,True,PLACEHOLDER_CANDIDATE
2019-03-07,DLTA,3821.75,3821.75,3821.75,3821.75,0.0,True,True,True,True,PLACEHOLDER_CANDIDATE
2019-04-03,DLTA,4170.5,4170.5,4170.5,4170.5,0.0,True,True,True,True,PLACEHOLDER_CANDIDATE
2019-04-17,DLTA,4097.85,4097.85,4097.85,4097.85,0.0,True,True,True,True,PLACEHOLDER_CANDIDATE
2019-04-19,DLTA,4068.78,4068.78,4068.78,4068.78,0.0,True,True,True,True,PLACEHOLDER_CANDIDATE
2019-05-01,DLTA,4039.72,4039.72,4039.72,4039.72,0.0,True,True,True,True,PLACEHOLDER_CANDIDATE
2019-05-30,DLTA,4155.97,4155.97,4155.97,4155.97,0.0,True,True,True,True,PLACEHOLDER_CANDIDATE
2019-06-03,DLTA,4170.5,4170.5,4170.5,4170.5,0.0,True,True,True,True,PLACEHOLDER_CANDIDATE
2019-06-04,DLTA,4170.5,4170.5,4170.5,4170.5,0.0,True,True,True,True,PLACEHOLDER_CANDIDATE
2019-06-05,DLTA,4170.5,4170.5,4170.5,4170.5,0.0,True,True,True,True,PLACEHOLDER_CANDIDATE
2019-06-06,DLTA,4170.5,4170.5,4170.5,4170.5,0.0,True,True,True,True,PLACEHOLDER_CANDIDATE
2019-06-07,DLTA,4170.5,4170.5,4170.5,4170.5,0.0,True,True,True,True,PLACEHOLDER_CANDIDATE
2026-05-14,DLTA,2000.0,2000.0,2000.0,2000.0,0.0,True,True,True,True,PLACEHOLDER_CANDIDATE
2026-05-15,DLTA,2000.0,2000.0,2000.0,2000.0,0.0,True,True,True,True,PLACEHOLDER_CANDIDATE
2026-05-27,DLTA,1965.0,1965.0,1965.0,1965.0,0.0,True,True,True,True,PLACEHOLDER_CANDIDATE
2026-05-28,DLTA,1965.0,1965.0,1965.0,1965.0,0.0,True,True,True,True,PLACEHOLDER_CANDIDATE
2026-08-25,DLTA,1785.0,1785.0,1785.0,1785.0,0.0,True,True,True,True,PLACEHOLDER_CANDIDATE
2026-05-14,DMAS,135.39073181152344,135.39073181152344,135.39073181152344,135.39073181152344,0.0,True,True,True,True,PLACEHOLDER_CANDIDATE
2026-05-15,DMAS,135.39073181152344,135.39073181152344,135.39073181152344,135.39073181152344,0.0,True,True,True,True,PLACEHOLDER_CANDIDATE
2026-05-27,DMAS,139.84437561035156,139.84437561035156,139.84437561035156,139.84437561035156,0.0,True,True,True,True,PLACEHOLDER_CANDIDATE
2026-05-28,DMAS,139.84437561035156,139.84437561035156,139.84437561035156,139.84437561035156,0.0,True,True,True,True,PLACEHOLDER_CANDIDATE
2026-05-14,DMMX,210.9470672607422,210.9470672607422,210.9470672607422,210.9470672607422,0.0,True,True,True,True,PLACEHOLDER_CANDIDATE
2026-05-15,DMMX,210.9470672607422,210.9470672607422,210.9470672607422,210.9470672607422,0.0,True,True,True,True,PLACEHOLDER_CANDIDATE
2026-05-27,DMMX,173.20883178710938,173.20883178710938,173.20883178710938,173.20883178710938,0.0,True,True,True,True,PLACEHOLDER_CANDIDATE
2026-05-28,DMMX,173.20883178710938,173.20883178710938,173.20883178710938,173.20883178710938,0.0,True,True,True,True,PLACEHOLDER_CANDIDATE
2026-05-14,DMND,622.4400024414062,622.4400024414062,622.4400024414062,622.4400024414062,0.0,True,True,True,True,PLACEHOLDER_CANDIDATE
2026-05-15,DMND,622.4400024414062,622.4400024414062,622.4400024414062,622.4400024414062,0.0,True,True,True,True,PLACEHOLDER_CANDIDATE
2026-05-27,DMND,617.5,617.5,617.5,617.5,0.0,True,True,True,True,PLACEHOLDER_CANDIDATE
2026-05-28,DMND,617.5,617.5,617.5,617.5,0.0,True,True,True,True,PLACEHOLDER_CANDIDATE
2026-05-14,DNAR,135.0,135.0,135.0,135.0,0.0,True,True,True,True,PLACEHOLDER_CANDIDATE
2026-05-15,DNAR,135.0,135.0,135.0,135.0,0.0,True,True,True,True,PLACEHOLDER_CANDIDATE
2026-05-27,DNAR,125.0,125.0,125.0,125.0,0.0,True,True,True,True,PLACEHOLDER_CANDIDATE
2026-05-28,DNAR,125.0,125.0,125.0,125.0,0.0,True,True,True,True,PLACEHOLDER_CANDIDATE
2026-05-14,DNET,9450.0,9450.0,9450.0,9450.0,0.0,True,True,True,True,PLACEHOLDER_CANDIDATE
2026-05-15,DNET,9450.0,9450.0,9450.0,9450.0,0.0,True,True,True,True,PLACEHOLDER_CANDIDATE
2026-05-27,DNET,9900.0,9900.0,9900.0,9900.0,0.0,True,True,True,True,PLACEHOLDER_CANDIDATE
2026-05-28,DNET,9900.0,9900.0,9900.0,9900.0,0.0,True,True,True,True,PLACEHOLDER_CANDIDATE
2026-08-25,DNET,10450.0,10450.0,10450.0,10450.0,0.0,True,True,True,True,PLACEHOLDER_CANDIDATE
2026-05-14,DOID,232.0,232.0,232.0,232.0,0.0,True,True,True,True,PLACEHOLDER_CANDIDATE
2026-05-15,DOID,232.0,232.0,232.0,232.0,0.0,True,True,True,True,PLACEHOLDER_CANDIDATE
2026-05-27,DOID,212.0,212.0,212.0,212.0,0.0,True,True,True,True,PLACEHOLDER_CANDIDATE
2026-05-28,DOID,212.0,212.0,212.0,212.0,0.0,True,True,True,True,PLACEHOLDER_CANDIDATE
2026-05-14,DOOH,156.0,156.0,156.0,156.0,0.0,True,True,True,True,PLACEHOLDER_CANDIDATE
2026-05-15,DOOH,156.0,156.0,156.0,156.0,0.0,True,True,True,True,PLACEHOLDER_CANDIDATE
2026-05-27,DOOH,135.0,135.0,135.0,135.0,0.0,True,True,True,True,PLACEHOLDER_CANDIDATE
2026-05-28,DOOH,135.0,135.0,135.0,135.0,0.0,True,True,True,True,PLACEHOLDER_CANDIDATE
2026-08-17,DOOH,294.0,294.0,294.0,294.0,0.0,True,True,True,True,PLACEHOLDER_CANDIDATE
2026-08-25,DOOH,326.0,326.0,326.0,326.0,0.0,True,True,True,True,PLACEHOLDER_CANDIDATE
2026-05-14,DOSS,145.7841796875,145.7841796875,145.7841796875,145.7841796875,0.0,True,True,True,True,PLACEHOLDER_CANDIDATE
2026-05-15,DOSS,145.7841796875,145.7841796875,145.7841796875,145.7841796875,0.0,True,True,True,True,PLACEHOLDER_CANDIDATE
2026-05-27,DOSS,126.21582794189452,126.21582794189452,126.21582794189452,126.21582794189452,0.0,True,True,True,True,PLACEHOLDER_CANDIDATE
2026-05-28,DOSS,126.21582794189452,126.21582794189452,126.21582794189452,126.21582794189452,0.0,True,True,True,True,PLACEHOLDER_CANDIDATE
2026-05-01,DPNS,310.0,310.0,310.0,310.0,0.0,True,True,True,True,PLACEHOLDER_CANDIDATE
2026-05-14,DPNS,310.0,310.0,310.0,310.0,0.0,True,True,True,True,PLACEHOLDER_CANDIDATE
2026-05-15,DPNS,310.0,310.0,310.0,310.0,0.0,True,True,True,True,PLACEHOLDER_CANDIDATE
2026-05-27,DPNS,310.0,310.0,310.0,310.0,0.0,True,True,True,True,PLACEHOLDER_CANDIDATE
2026-05-28,DPNS,310.0,310.0,310.0,310.0,0.0,True,True,True,True,PLACEHOLDER_CANDIDATE
2026-06-01,DPNS,310.0,310.0,310.0,310.0,0.0,True,True,True,True,PLACEHOLDER_CANDIDATE
2026-06-16,DPNS,310.0,310.0,310.0,310.0,0.0,True,True,True,True,PLACEHOLDER_CANDIDATE
2026-08-17,DPNS,310.0,310.0,310.0,310.0,0.0,True,True,True,True,PLACEHOLDER_CANDIDATE
2026-08-25,DPNS,310.0,310.0,310.0,310.0,0.0,True,True,True,True,PLACEHOLDER_CANDIDATE
2026-05-14,DPUM,192.0,192.0,192.0,192.0,0.0,True,True,True,True,PLACEHOLDER_CANDIDATE
2026-05-15,DPUM,192.0,192.0,192.0,192.0,0.0,True,True,True,True,PLACEHOLDER_CANDIDATE
2026-05-27,DPUM,202.0,202.0,202.0,202.0,0.0,True,True,True,True,PLACEHOLDER_CANDIDATE
2026-05-28,DPUM,202.0,202.0,202.0,202.0,0.0,True,True,True,True,PLACEHOLDER_CANDIDATE
2026-05-14,DRMA,990.0,990.0,990.0,990.0,0.0,True,True,True,True,PLACEHOLDER_CANDIDATE
2026-05-15,DRMA,990.0,990.0,990.0,990.0,0.0,True,True,True,True,PLACEHOLDER_CANDIDATE
2026-05-27,DRMA,975.0,975.0,975.0,975.0,0.0,True,True,True,True,PLACEHOLDER_CANDIDATE
2026-05-28,DRMA,975.0,975.0,975.0,975.0,0.0,True,True,True,True,PLACEHOLDER_CANDIDATE
2026-05-14,DSFI,94.0,94.0,94.0,94.0,0.0,True,True,True,True,PLACEHOLDER_CANDIDATE
2026-05-15,DSFI,94.0,94.0,94.0,94.0,0.0,True,True,True,True,PLACEHOLDER_CANDIDATE
2026-05-27,DSFI,78.0,78.0,78.0,78.0,0.0,True,True,True,True,PLACEHOLDER_CANDIDATE
2026-05-28,DSFI,78.0,78.0,78.0,78.0,0.0,True,True,True,True,PLACEHOLDER_CANDIDATE
2026-08-25,DSFI,86.0,86.0,86.0,86.0,0.0,True,True,True,True,PLACEHOLDER_CANDIDATE
2026-05-14,DSNG,1540.2489013671875,1540.2489013671875,1540.2489013671875,1540.2489013671875,0.0,True,True,True,True,PLACEHOLDER_CANDIDATE
2026-05-15,DSNG,1540.2489013671875,1540.2489013671875,1540.2489013671875,1540.2489013671875,0.0,True,True,True,True,PLACEHOLDER_CANDIDATE
2026-05-27,DSNG,1151.5880126953125,1151.5880126953125,1151.5880126953125,1151.5880126953125,0.0,True,True,True,True,PLACEHOLDER_CANDIDATE
2026-05-28,DSNG,1151.5880126953125,1151.5880126953125,1151.5880126953125,1151.5880126953125,0.0,True,True,True,True,PLACEHOLDER_CANDIDATE
2026-05-14,DSSA,1035.0,1035.0,1035.0,1035.0,0.0,True,True,True,True,PLACEHOLDER_CANDIDATE
2026-05-15,DSSA,1035.0,1035.0,1035.0,1035.0,0.0,True,True,True,True,PLACEHOLDER_CANDIDATE
2026-05-27,DSSA,432.0,432.0,432.0,432.0,0.0,True,True,True,True,PLACEHOLDER_CANDIDATE
2026-05-28,DSSA,432.0,432.0,432.0,432.0,0.0,True,True,True,True,PLACEHOLDER_CANDIDATE
2026-05-14,DUTI,3752.9931640625,3752.9931640625,3752.9931640625,3752.9931640625,0.0,True,True,True,True,PLACEHOLDER_CANDIDATE
2026-05-15,DUTI,3752.9931640625,3752.9931640625,3752.9931640625,3752.9931640625,0.0,True,True,True,True,PLACEHOLDER_CANDIDATE
2026-05-27,DUTI,3869.157470703125,3869.157470703125,3869.157470703125,3869.157470703125,0.0,True,True,True,True,PLACEHOLDER_CANDIDATE
2026-05-28,DUTI,3869.157470703125,3869.157470703125,3869.157470703125,3869.157470703125,0.0,True,True,True,True,PLACEHOLDER_CANDIDATE
2026-08-25,DUTI,4790.0,4790.0,4790.0,4790.0,0.0,True,True,True,True,PLACEHOLDER_CANDIDATE
2014-04-09,DVLA,1185.3,1185.3,1185.3,1185.3,0.0,True,True,True,True,PLACEHOLDER_CANDIDATE
2014-07-09,DVLA,1179.06,1179.06,1179.06,1179.06,0.0,True,True,True,True,PLACEHOLDER_CANDIDATE
2015-12-09,DVLA,814.49,814.49,814.49,814.49,0.0,True,True,True,True,PLACEHOLDER_CANDIDATE
2017-01-02,DVLA,1072.65,1072.65,1072.65,1072.65,0.0,True,True,True,True,PLACEHOLDER_CANDIDATE
2017-02-15,DVLA,1039.03,1039.03,1039.03,1039.03,0.0,True,True,True,True,PLACEHOLDER_CANDIDATE
2017-04-19,DVLA,1081.82,1081.82,1081.82,1081.82,0.0,True,True,True,True,PLACEHOLDER_CANDIDATE
2017-06-01,DVLA,1271.29,1271.29,1271.29,1271.29,0.0,True,True,True,True,PLACEHOLDER_CANDIDATE
2017-06-23,DVLA,1324.31,1324.31,1324.31,1324.31,0.0,True,True,True,True,PLACEHOLDER_CANDIDATE
2017-06-26,DVLA,1324.31,1324.31,1324.31,1324.31,0.0,True,True,True,True,PLACEHOLDER_CANDIDATE
2017-06-27,DVLA,1324.31,1324.31,1324.31,1324.31,0.0,True,True,True,True,PLACEHOLDER_CANDIDATE
2017-06-28,DVLA,1324.31,1324.31,1324.31,1324.31,0.0,True,True,True,True,PLACEHOLDER_CANDIDATE
2017-06-29,DVLA,1324.31,1324.31,1324.31,1324.31,0.0,True,True,True,True,PLACEHOLDER_CANDIDATE
2017-06-30,DVLA,1324.31,1324.31,1324.31,1324.31,0.0,True,True,True,True,PLACEHOLDER_CANDIDATE
2017-08-17,DVLA,1261.25,1261.25,1261.25,1261.25,0.0,True,True,True,True,PLACEHOLDER_CANDIDATE
2017-09-01,DVLA,1283.26,1283.26,1283.26,1283.26,0.0,True,True,True,True,PLACEHOLDER_CANDIDATE
2017-09-21,DVLA,1219.1,1219.1,1219.1,1219.1,0.0,True,True,True,True,PLACEHOLDER_CANDIDATE
2017-12-25,DVLA,1254.39,1254.39,1254.39,1254.39,0.0,True,True,True,True,PLACEHOLDER_CANDIDATE
2017-12-26,DVLA,1254.39,1254.39,1254.39,1254.39,0.0,True,True,True,True,PLACEHOLDER_CANDIDATE
2018-01-01,DVLA,1257.6,1257.6,1257.6,1257.6,0.0,True,True,True,True,PLACEHOLDER_CANDIDATE
2018-02-16,DVLA,1280.05,1280.05,1280.05,1280.05,0.0,True,True,True,True,PLACEHOLDER_CANDIDATE
2018-03-30,DVLA,1280.05,1280.05,1280.05,1280.05,0.0,True,True,True,True,PLACEHOLDER_CANDIDATE
2018-05-01,DVLA,1257.6,1257.6,1257.6,1257.6,0.0,True,True,True,True,PLACEHOLDER_CANDIDATE
2018-05-10,DVLA,1267.22,1267.22,1267.22,1267.22,0.0,True,True,True,True,PLACEHOLDER_CANDIDATE
2018-05-29,DVLA,1264.37,1264.37,1264.37,1264.37,0.0,True,True,True,True,PLACEHOLDER_CANDIDATE
2018-06-01,DVLA,1277.68,1277.68,1277.68,1277.68,0.0,True,True,True,True,PLACEHOLDER_CANDIDATE
2018-06-11,DVLA,1264.37,1264.37,1264.37,1264.37,0.0,True,True,True,True,PLACEHOLDER_CANDIDATE
2018-06-12,DVLA,1264.37,1264.37,1264.37,1264.37,0.0,True,True,True,True,PLACEHOLDER_CANDIDATE
2018-06-13,DVLA,1264.37,1264.37,1264.37,1264.37,0.0,True,True,True,True,PLACEHOLDER_CANDIDATE
2018-06-14,DVLA,1264.37,1264.37,1264.37,1264.37,0.0,True,True,True,True,PLACEHOLDER_CANDIDATE
2018-06-15,DVLA,1264.37,1264.37,1264.37,1264.37,0.0,True,True,True,True,PLACEHOLDER_CANDIDATE
2018-06-18,DVLA,1264.37,1264.37,1264.37,1264.37,0.0,True,True,True,True,PLACEHOLDER_CANDIDATE
2018-06-19,DVLA,1264.37,1264.37,1264.37,1264.37,0.0,True,True,True,True,PLACEHOLDER_CANDIDATE
2018-08-17,DVLA,1294.32,1294.32,1294.32,1294.32,0.0,True,True,True,True,PLACEHOLDER_CANDIDATE
2018-08-22,DVLA,1284.33,1284.33,1284.33,1284.33,0.0,True,True,True,True,PLACEHOLDER_CANDIDATE
2018-09-11,DVLA,1290.99,1290.99,1290.99,1290.99,0.0,True,True,True,True,PLACEHOLDER_CANDIDATE
2018-11-20,DVLA,1336.58,1336.58,1336.58,1336.58,0.0,True,True,True,True,PLACEHOLDER_CANDIDATE
2018-12-24,DVLA,1339.97,1339.97,1339.97,1339.97,0.0,True,True,True,True,PLACEHOLDER_CANDIDATE
2018-12-25,DVLA,1339.97,1339.97,1339.97,1339.97,0.0,True,True,True,True,PLACEHOLDER_CANDIDATE
2018-12-31,DVLA,1316.22,1316.22,1316.22,1316.22,0.0,True,True,True,True,PLACEHOLDER_CANDIDATE
2019-01-01,DVLA,1316.22,1316.22,1316.22,1316.22,0.0,True,True,True,True,PLACEHOLDER_CANDIDATE
2019-02-05,DVLA,1417.99,1417.99,1417.99,1417.99,0.0,True,True,True,True,PLACEHOLDER_CANDIDATE
2019-03-07,DVLA,1492.62,1492.62,1492.62,1492.62,0.0,True,True,True,True,PLACEHOLDER_CANDIDATE
2019-04-03,DVLA,1431.56,1431.56,1431.56,1431.56,0.0,True,True,True,True,PLACEHOLDER_CANDIDATE
2019-04-17,DVLA,1431.56,1431.56,1431.56,1431.56,0.0,True,True,True,True,PLACEHOLDER_CANDIDATE
2019-04-19,DVLA,1431.56,1431.56,1431.56,1431.56,0.0,True,True,True,True,PLACEHOLDER_CANDIDATE
2019-05-01,DVLA,1458.7,1458.7,1458.7,1458.7,0.0,True,True,True,True,PLACEHOLDER_CANDIDATE
2019-05-30,DVLA,1662.24,1662.24,1662.24,1662.24,0.0,True,True,True,True,PLACEHOLDER_CANDIDATE
2019-06-03,DVLA,1655.45,1655.45,1655.45,1655.45,0.0,True,True,True,True,PLACEHOLDER_CANDIDATE
2019-06-04,DVLA,1655.45,1655.45,1655.45,1655.45,0.0,True,True,True,True,PLACEHOLDER_CANDIDATE
2019-06-05,DVLA,1655.45,1655.45,1655.45,1655.45,0.0,True,True,True,True,PLACEHOLDER_CANDIDATE
2019-06-06,DVLA,1655.45,1655.45,1655.45,1655.45,0.0,True,True,True,True,PLACEHOLDER_CANDIDATE
2019-06-07,DVLA,1655.45,1655.45,1655.45,1655.45,0.0,True,True,True,True,PLACEHOLDER_CANDIDATE
2026-05-14,DVLA,1535.8,1535.8,1535.8,1535.8,0.0,True,True,True,True,PLACEHOLDER_CANDIDATE
2026-05-15,DVLA,1535.8,1535.8,1535.8,1535.8,0.0,True,True,True,True,PLACEHOLDER_CANDIDATE
2026-05-27,DVLA,1531.0,1531.0,1531.0,1531.0,0.0,True,True,True,True,PLACEHOLDER_CANDIDATE
2026-05-28,DVLA,1531.0,1531.0,1531.0,1531.0,0.0,True,True,True,True,PLACEHOLDER_CANDIDATE
2026-08-25,DVLA,1580.0,1580.0,1580.0,1580.0,0.0,True,True,True,True,PLACEHOLDER_CANDIDATE
2026-05-14,DWGL,278.0,278.0,278.0,278.0,0.0,True,True,True,True,PLACEHOLDER_CANDIDATE
2026-05-15,DWGL,278.0,278.0,278.0,278.0,0.0,True,True,True,True,PLACEHOLDER_CANDIDATE
2026-05-27,DWGL,254.0,254.0,254.0,254.0,0.0,True,True,True,True,PLACEHOLDER_CANDIDATE
2026-05-28,DWGL,254.0,254.0,254.0,254.0,0.0,True,True,True,True,PLACEHOLDER_CANDIDATE
2026-05-14,DYAN,83.0,83.0,83.0,83.0,0.0,True,True,True,True,PLACEHOLDER_CANDIDATE
2026-05-15,DYAN,83.0,83.0,83.0,83.0,0.0,True,True,True,True,PLACEHOLDER_CANDIDATE
2026-05-27,DYAN,78.0,78.0,78.0,78.0,0.0,True,True,True,True,PLACEHOLDER_CANDIDATE
2026-05-28,DYAN,78.0,78.0,78.0,78.0,0.0,True,True,True,True,PLACEHOLDER_CANDIDATE
2026-05-14,EAST,89.02173614501953,89.02173614501953,89.02173614501953,89.02173614501953,0.0,True,True,True,True,PLACEHOLDER_CANDIDATE
2026-05-15,EAST,89.02173614501953,89.02173614501953,89.02173614501953,89.02173614501953,0.0,True,True,True,True,PLACEHOLDER_CANDIDATE
2026-05-27,EAST,87.06521606445312,87.06521606445312,87.06521606445312,87.06521606445312,0.0,True,True,True,True,PLACEHOLDER_CANDIDATE
2026-05-28,EAST,87.06521606445312,87.06521606445312,87.06521606445312,87.06521606445312,0.0,True,True,True,True,PLACEHOLDER_CANDIDATE
2026-05-14,ECII,173.0,173.0,173.0,173.0,0.0,True,True,True,True,PLACEHOLDER_CANDIDATE
2026-05-15,ECII,173.0,173.0,173.0,173.0,0.0,True,True,True,True,PLACEHOLDER_CANDIDATE
2026-05-27,ECII,158.0,158.0,158.0,158.0,0.0,True,True,True,True,PLACEHOLDER_CANDIDATE
2026-05-28,ECII,158.0,158.0,158.0,158.0,0.0,True,True,True,True,PLACEHOLDER_CANDIDATE
2026-05-01,EDGE,4790.0,4790.0,4790.0,4790.0,0.0,True,True,True,True,PLACEHOLDER_CANDIDATE
2026-05-14,EDGE,4790.0,4790.0,4790.0,4790.0,0.0,True,True,True,True,PLACEHOLDER_CANDIDATE
2026-05-15,EDGE,4790.0,4790.0,4790.0,4790.0,0.0,True,True,True,True,PLACEHOLDER_CANDIDATE
2026-05-27,EDGE,4790.0,4790.0,4790.0,4790.0,0.0,True,True,True,True,PLACEHOLDER_CANDIDATE
2026-05-28,EDGE,4790.0,4790.0,4790.0,4790.0,0.0,True,True,True,True,PLACEHOLDER_CANDIDATE
2026-06-01,EDGE,4790.0,4790.0,4790.0,4790.0,0.0,True,True,True,True,PLACEHOLDER_CANDIDATE
2026-06-16,EDGE,4790.0,4790.0,4790.0,4790.0,0.0,True,True,True,True,PLACEHOLDER_CANDIDATE
2026-08-17,EDGE,4790.0,4790.0,4790.0,4790.0,0.0,True,True,True,True,PLACEHOLDER_CANDIDATE
2026-08-25,EDGE,4790.0,4790.0,4790.0,4790.0,0.0,True,True,True,True,PLACEHOLDER_CANDIDATE
2026-05-14,EKAD,165.27777099609375,165.27777099609375,165.27777099609375,165.27777099609375,0.0,True,True,True,True,PLACEHOLDER_CANDIDATE
2026-05-15,EKAD,165.27777099609375,165.27777099609375,165.27777099609375,165.27777099609375,0.0,True,True,True,True,PLACEHOLDER_CANDIDATE
2026-05-27,EKAD,161.5,161.5,161.5,161.5,0.0,True,True,True,True,PLACEHOLDER_CANDIDATE
2026-05-28,EKAD,161.5,161.5,161.5,161.5,0.0,True,True,True,True,PLACEHOLDER_CANDIDATE
2026-05-14,ELIT,199.0,199.0,199.0,199.0,0.0,True,True,True,True,PLACEHOLDER_CANDIDATE
2026-05-15,ELIT,199.0,199.0,199.0,199.0,0.0,True,True,True,True,PLACEHOLDER_CANDIDATE
2026-05-27,ELIT,185.0,185.0,185.0,185.0,0.0,True,True,True,True,PLACEHOLDER_CANDIDATE
2026-05-28,ELIT,185.0,185.0,185.0,185.0,0.0,True,True,True,True,PLACEHOLDER_CANDIDATE
2026-05-01,ELPI,1564.0078125,1564.0078125,1564.0078125,1564.0078125,0.0,True,True,True,True,PLACEHOLDER_CANDIDATE
2026-05-14,ELPI,2000.0,2000.0,2000.0,2000.0,0.0,True,True,True,True,PLACEHOLDER_CANDIDATE
2026-05-15,ELPI,2000.0,2000.0,2000.0,2000.0,0.0,True,True,True,True,PLACEHOLDER_CANDIDATE
2026-05-27,ELPI,1700.0,1700.0,1700.0,1700.0,0.0,True,True,True,True,PLACEHOLDER_CANDIDATE
2026-05-28,ELPI,1700.0,1700.0,1700.0,1700.0,0.0,True,True,True,True,PLACEHOLDER_CANDIDATE
2014-04-09,ELSA,284.83,284.83,284.83,284.83,0.0,True,True,True,True,PLACEHOLDER_CANDIDATE
2014-07-09,ELSA,336.33,336.33,336.33,336.33,0.0,True,True,True,True,PLACEHOLDER_CANDIDATE
2015-12-09,ELSA,165.9,165.9,165.9,165.9,0.0,True,True,True,True,PLACEHOLDER_CANDIDATE
2017-01-02,ELSA,264.02,264.02,264.02,264.02,0.0,True,True,True,True,PLACEHOLDER_CANDIDATE
2017-02-15,ELSA,267.79,267.79,267.79,267.79,0.0,True,True,True,True,PLACEHOLDER_CANDIDATE
2017-04-19,ELSA,250.19,250.19,250.19,250.19,0.0,True,True,True,True,PLACEHOLDER_CANDIDATE
2017-06-01,ELSA,196.31,196.31,196.31,196.31,0.0,True,True,True,True,PLACEHOLDER_CANDIDATE
2017-06-23,ELSA,174.64,174.64,174.64,174.64,0.0,True,True,True,True,PLACEHOLDER_CANDIDATE
2017-06-26,ELSA,174.64,174.64,174.64,174.64,0.0,True,True,True,True,PLACEHOLDER_CANDIDATE
2017-06-27,ELSA,174.64,174.64,174.64,174.64,0.0,True,True,True,True,PLACEHOLDER_CANDIDATE
2017-06-28,ELSA,174.64,174.64,174.64,174.64,0.0,True,True,True,True,PLACEHOLDER_CANDIDATE
2017-06-29,ELSA,174.64,174.64,174.64,174.64,0.0,True,True,True,True,PLACEHOLDER_CANDIDATE
2017-06-30,ELSA,174.64,174.64,174.64,174.64,0.0,True,True,True,True,PLACEHOLDER_CANDIDATE
2017-08-17,ELSA,161.89,161.89,161.89,161.89,0.0,True,True,True,True,PLACEHOLDER_CANDIDATE
2017-09-01,ELSA,161.89,161.89,161.89,161.89,0.0,True,True,True,True,PLACEHOLDER_CANDIDATE
2017-09-21,ELSA,200.14,200.14,200.14,200.14,0.0,True,True,True,True,PLACEHOLDER_CANDIDATE
2017-12-25,ELSA,226.91,226.91,226.91,226.91,0.0,True,True,True,True,PLACEHOLDER_CANDIDATE
2017-12-26,ELSA,226.91,226.91,226.91,226.91,0.0,True,True,True,True,PLACEHOLDER_CANDIDATE
2018-01-01,ELSA,237.1,237.1,237.1,237.1,0.0,True,True,True,True,PLACEHOLDER_CANDIDATE
2018-02-16,ELSA,274.07,274.07,274.07,274.07,0.0,True,True,True,True,PLACEHOLDER_CANDIDATE
2018-03-30,ELSA,297.02,297.02,297.02,297.02,0.0,True,True,True,True,PLACEHOLDER_CANDIDATE
2018-05-01,ELSA,268.97,268.97,268.97,268.97,0.0,True,True,True,True,PLACEHOLDER_CANDIDATE
2018-05-10,ELSA,267.7,267.7,267.7,267.7,0.0,True,True,True,True,PLACEHOLDER_CANDIDATE
2018-05-29,ELSA,269.48,269.48,269.48,269.48,0.0,True,True,True,True,PLACEHOLDER_CANDIDATE
2018-06-01,ELSA,264.32,264.32,264.32,264.32,0.0,True,True,True,True,PLACEHOLDER_CANDIDATE
2018-06-11,ELSA,257.87,257.87,257.87,257.87,0.0,True,True,True,True,PLACEHOLDER_CANDIDATE
2018-06-12,ELSA,257.87,257.87,257.87,257.87,0.0,True,True,True,True,PLACEHOLDER_CANDIDATE
2018-06-13,ELSA,257.87,257.87,257.87,257.87,0.0,True,True,True,True,PLACEHOLDER_CANDIDATE
2018-06-14,ELSA,257.87,257.87,257.87,257.87,0.0,True,True,True,True,PLACEHOLDER_CANDIDATE
2018-06-15,ELSA,257.87,257.87,257.87,257.87,0.0,True,True,True,True,PLACEHOLDER_CANDIDATE
2018-06-18,ELSA,257.87,257.87,257.87,257.87,0.0,True,True,True,True,PLACEHOLDER_CANDIDATE
2018-06-19,ELSA,257.87,257.87,257.87,257.87,0.0,True,True,True,True,PLACEHOLDER_CANDIDATE
2018-08-17,ELSA,223.06,223.06,223.06,223.06,0.0,True,True,True,True,PLACEHOLDER_CANDIDATE
2018-08-22,ELSA,232.09,232.09,232.09,232.09,0.0,True,True,True,True,PLACEHOLDER_CANDIDATE
2018-09-11,ELSA,220.48,220.48,220.48,220.48,0.0,True,True,True,True,PLACEHOLDER_CANDIDATE
2018-11-20,ELSA,219.19,219.19,219.19,219.19,0.0,True,True,True,True,PLACEHOLDER_CANDIDATE
2018-12-24,ELSA,219.19,219.19,219.19,219.19,0.0,True,True,True,True,PLACEHOLDER_CANDIDATE
2018-12-25,ELSA,219.19,219.19,219.19,219.19,0.0,True,True,True,True,PLACEHOLDER_CANDIDATE
2018-12-31,ELSA,221.77,221.77,221.77,221.77,0.0,True,True,True,True,PLACEHOLDER_CANDIDATE
2019-01-01,ELSA,221.77,221.77,221.77,221.77,0.0,True,True,True,True,PLACEHOLDER_CANDIDATE
2019-02-05,ELSA,254.01,254.01,254.01,254.01,0.0,True,True,True,True,PLACEHOLDER_CANDIDATE
2019-03-07,ELSA,242.4,242.4,242.4,242.4,0.0,True,True,True,True,PLACEHOLDER_CANDIDATE
2019-04-03,ELSA,241.11,241.11,241.11,241.11,0.0,True,True,True,True,PLACEHOLDER_CANDIDATE
2019-04-17,ELSA,246.27,246.27,246.27,246.27,0.0,True,True,True,True,PLACEHOLDER_CANDIDATE
2019-04-19,ELSA,248.85,248.85,248.85,248.85,0.0,True,True,True,True,PLACEHOLDER_CANDIDATE
2019-05-01,ELSA,254.73,254.73,254.73,254.73,0.0,True,True,True,True,PLACEHOLDER_CANDIDATE
2019-05-30,ELSA,230.97,230.97,230.97,230.97,0.0,True,True,True,True,PLACEHOLDER_CANDIDATE
2019-06-03,ELSA,229.65,229.65,229.65,229.65,0.0,True,True,True,True,PLACEHOLDER_CANDIDATE
2019-06-04,ELSA,229.65,229.65,229.65,229.65,0.0,True,True,True,True,PLACEHOLDER_CANDIDATE
2019-06-05,ELSA,229.65,229.65,229.65,229.65,0.0,True,True,True,True,PLACEHOLDER_CANDIDATE
2019-06-06,ELSA,229.65,229.65,229.65,229.65,0.0,True,True,True,True,PLACEHOLDER_CANDIDATE
2019-06-07,ELSA,229.65,229.65,229.65,229.65,0.0,True,True,True,True,PLACEHOLDER_CANDIDATE
2026-05-14,ELSA,649.59,649.59,649.59,649.59,0.0,True,True,True,True,PLACEHOLDER_CANDIDATE
2026-05-15,ELSA,649.59,649.59,649.59,649.59,0.0,True,True,True,True,PLACEHOLDER_CANDIDATE
2026-05-27,ELSA,589.27,589.27,589.27,589.27,0.0,True,True,True,True,PLACEHOLDER_CANDIDATE
2026-05-28,ELSA,589.27,589.27,589.27,589.27,0.0,True,True,True,True,PLACEHOLDER_CANDIDATE
2026-08-25,ELSA,710.0,710.0,710.0,710.0,0.0,True,True,True,True,PLACEHOLDER_CANDIDATE
2026-05-14,ELTY,39.0,39.0,39.0,39.0,0.0,True,True,True,True,PLACEHOLDER_CANDIDATE
2026-05-15,ELTY,39.0,39.0,39.0,39.0,0.0,True,True,True,True,PLACEHOLDER_CANDIDATE
2026-05-27,ELTY,32.0,32.0,32.0,32.0,0.0,True,True,True,True,PLACEHOLDER_CANDIDATE
2026-05-28,ELTY,32.0,32.0,32.0,32.0,0.0,True,True,True,True,PLACEHOLDER_CANDIDATE
2026-08-25,ELTY,39.0,39.0,39.0,39.0,0.0,True,True,True,True,PLACEHOLDER_CANDIDATE
2026-05-14,EMAS,7900.0,7900.0,7900.0,7900.0,0.0,True,True,True,True,PLACEHOLDER_CANDIDATE
2026-05-15,EMAS,7900.0,7900.0,7900.0,7900.0,0.0,True,True,True,True,PLACEHOLDER_CANDIDATE
2026-05-27,EMAS,7600.0,7600.0,7600.0,7600.0,0.0,True,True,True,True,PLACEHOLDER_CANDIDATE
2026-05-28,EMAS,7600.0,7600.0,7600.0,7600.0,0.0,True,True,True,True,PLACEHOLDER_CANDIDATE
2026-05-14,EMDE,76.0,76.0,76.0,76.0,0.0,True,True,True,True,PLACEHOLDER_CANDIDATE
2026-05-15,EMDE,76.0,76.0,76.0,76.0,0.0,True,True,True,True,PLACEHOLDER_CANDIDATE
2026-05-27,EMDE,65.0,65.0,65.0,65.0,0.0,True,True,True,True,PLACEHOLDER_CANDIDATE
2026-05-28,EMDE,65.0,65.0,65.0,65.0,0.0,True,True,True,True,PLACEHOLDER_CANDIDATE
2014-04-09,EMTK,494.09,494.09,494.09,494.09,0.0,True,True,True,True,PLACEHOLDER_CANDIDATE
2014-07-09,EMTK,506.98,506.98,506.98,506.98,0.0,True,True,True,True,PLACEHOLDER_CANDIDATE
2015-12-09,EMTK,927.92,927.92,927.92,927.92,0.0,True,True,True,True,PLACEHOLDER_CANDIDATE
2017-01-02,EMTK,905.68,905.68,905.68,905.68,0.0,True,True,True,True,PLACEHOLDER_CANDIDATE
2017-02-15,EMTK,780.84,780.84,780.84,780.84,0.0,True,True,True,True,PLACEHOLDER_CANDIDATE
2017-04-19,EMTK,907.95,907.95,907.95,907.95,0.0,True,True,True,True,PLACEHOLDER_CANDIDATE
2017-06-01,EMTK,991.49,991.49,991.49,991.49,0.0,True,True,True,True,PLACEHOLDER_CANDIDATE
2017-06-23,EMTK,1046.07,1046.07,1046.07,1046.07,0.0,True,True,True,True,PLACEHOLDER_CANDIDATE
2017-06-26,EMTK,1046.07,1046.07,1046.07,1046.07,0.0,True,True,True,True,PLACEHOLDER_CANDIDATE
2017-06-27,EMTK,1046.07,1046.07,1046.07,1046.07,0.0,True,True,True,True,PLACEHOLDER_CANDIDATE
2017-06-28,EMTK,1046.07,1046.07,1046.07,1046.07,0.0,True,True,True,True,PLACEHOLDER_CANDIDATE
2017-06-29,EMTK,1046.07,1046.07,1046.07,1046.07,0.0,True,True,True,True,PLACEHOLDER_CANDIDATE
2017-06-30,EMTK,1046.07,1046.07,1046.07,1046.07,0.0,True,True,True,True,PLACEHOLDER_CANDIDATE
2017-08-17,EMTK,1023.33,1023.33,1023.33,1023.33,0.0,True,True,True,True,PLACEHOLDER_CANDIDATE
2017-09-01,EMTK,845.95,845.95,845.95,845.95,0.0,True,True,True,True,PLACEHOLDER_CANDIDATE
2017-09-21,EMTK,936.91,936.91,936.91,936.91,0.0,True,True,True,True,PLACEHOLDER_CANDIDATE
2017-12-25,EMTK,911.61,911.61,911.61,911.61,0.0,True,True,True,True,PLACEHOLDER_CANDIDATE
2017-12-26,EMTK,911.61,911.61,911.61,911.61,0.0,True,True,True,True,PLACEHOLDER_CANDIDATE
2018-01-01,EMTK,866.03,866.03,866.03,866.03,0.0,True,True,True,True,PLACEHOLDER_CANDIDATE
2018-02-16,EMTK,866.03,866.03,866.03,866.03,0.0,True,True,True,True,PLACEHOLDER_CANDIDATE
2018-03-30,EMTK,781.7,781.7,781.7,781.7,0.0,True,True,True,True,PLACEHOLDER_CANDIDATE
2018-05-01,EMTK,818.17,818.17,818.17,818.17,0.0,True,True,True,True,PLACEHOLDER_CANDIDATE
2018-05-10,EMTK,815.89,815.89,815.89,815.89,0.0,True,True,True,True,PLACEHOLDER_CANDIDATE
2018-05-29,EMTK,815.89,815.89,815.89,815.89,0.0,True,True,True,True,PLACEHOLDER_CANDIDATE
2018-06-01,EMTK,815.89,815.89,815.89,815.89,0.0,True,True,True,True,PLACEHOLDER_CANDIDATE
2018-06-11,EMTK,815.89,815.89,815.89,815.89,0.0,True,True,True,True,PLACEHOLDER_CANDIDATE
2018-06-12,EMTK,815.89,815.89,815.89,815.89,0.0,True,True,True,True,PLACEHOLDER_CANDIDATE
2018-06-13,EMTK,815.89,815.89,815.89,815.89,0.0,True,True,True,True,PLACEHOLDER_CANDIDATE
2018-06-14,EMTK,815.89,815.89,815.89,815.89,0.0,True,True,True,True,PLACEHOLDER_CANDIDATE
2018-06-15,EMTK,815.89,815.89,815.89,815.89,0.0,True,True,True,True,PLACEHOLDER_CANDIDATE
2018-06-18,EMTK,815.89,815.89,815.89,815.89,0.0,True,True,True,True,PLACEHOLDER_CANDIDATE
2018-06-19,EMTK,815.89,815.89,815.89,815.89,0.0,True,True,True,True,PLACEHOLDER_CANDIDATE
2018-08-17,EMTK,817.7,817.7,817.7,817.7,0.0,True,True,True,True,PLACEHOLDER_CANDIDATE
2018-08-22,EMTK,817.7,817.7,817.7,817.7,0.0,True,True,True,True,PLACEHOLDER_CANDIDATE
2018-09-11,EMTK,808.57,808.57,808.57,808.57,0.0,True,True,True,True,PLACEHOLDER_CANDIDATE
2018-11-20,EMTK,808.57,808.57,808.57,808.57,0.0,True,True,True,True,PLACEHOLDER_CANDIDATE
2018-12-24,EMTK,804.0,804.0,804.0,804.0,0.0,True,True,True,True,PLACEHOLDER_CANDIDATE
2018-12-25,EMTK,804.0,804.0,804.0,804.0,0.0,True,True,True,True,PLACEHOLDER_CANDIDATE
2018-12-31,EMTK,767.45,767.45,767.45,767.45,0.0,True,True,True,True,PLACEHOLDER_CANDIDATE
2019-01-01,EMTK,767.45,767.45,767.45,767.45,0.0,True,True,True,True,PLACEHOLDER_CANDIDATE
2019-02-05,EMTK,794.86,794.86,794.86,794.86,0.0,True,True,True,True,PLACEHOLDER_CANDIDATE
2019-03-07,EMTK,758.32,758.32,758.32,758.32,0.0,True,True,True,True,PLACEHOLDER_CANDIDATE
2019-04-03,EMTK,730.91,730.91,730.91,730.91,0.0,True,True,True,True,PLACEHOLDER_CANDIDATE
2019-04-17,EMTK,785.73,785.73,785.73,785.73,0.0,True,True,True,True,PLACEHOLDER_CANDIDATE
2019-04-19,EMTK,758.32,758.32,758.32,758.32,0.0,True,True,True,True,PLACEHOLDER_CANDIDATE
2019-05-01,EMTK,753.75,753.75,753.75,753.75,0.0,True,True,True,True,PLACEHOLDER_CANDIDATE
2019-05-30,EMTK,721.77,721.77,721.77,721.77,0.0,True,True,True,True,PLACEHOLDER_CANDIDATE
2019-06-03,EMTK,721.77,721.77,721.77,721.77,0.0,True,True,True,True,PLACEHOLDER_CANDIDATE
2019-06-04,EMTK,721.77,721.77,721.77,721.77,0.0,True,True,True,True,PLACEHOLDER_CANDIDATE
2019-06-05,EMTK,721.77,721.77,721.77,721.77,0.0,True,True,True,True,PLACEHOLDER_CANDIDATE
2019-06-06,EMTK,721.77,721.77,721.77,721.77,0.0,True,True,True,True,PLACEHOLDER_CANDIDATE
2019-06-07,EMTK,721.77,721.77,721.77,721.77,0.0,True,True,True,True,PLACEHOLDER_CANDIDATE
2026-05-14,EMTK,723.54,723.54,723.54,723.54,0.0,True,True,True,True,PLACEHOLDER_CANDIDATE
2026-05-15,EMTK,723.54,723.54,723.54,723.54,0.0,True,True,True,True,PLACEHOLDER_CANDIDATE
2026-05-27,EMTK,649.2,649.2,649.2,649.2,0.0,True,True,True,True,PLACEHOLDER_CANDIDATE
2026-05-28,EMTK,649.2,649.2,649.2,649.2,0.0,True,True,True,True,PLACEHOLDER_CANDIDATE
2026-05-14,ENAK,332.0,332.0,332.0,332.0,0.0,True,True,True,True,PLACEHOLDER_CANDIDATE
2026-05-15,ENAK,332.0,332.0,332.0,332.0,0.0,True,True,True,True,PLACEHOLDER_CANDIDATE
2026-05-27,ENAK,280.0,280.0,280.0,280.0,0.0,True,True,True,True,PLACEHOLDER_CANDIDATE
2026-05-28,ENAK,280.0,280.0,280.0,280.0,0.0,True,True,True,True,PLACEHOLDER_CANDIDATE
2026-05-14,ENRG,1610.0,1610.0,1610.0,1610.0,0.0,True,True,True,True,PLACEHOLDER_CANDIDATE
2026-05-15,ENRG,1610.0,1610.0,1610.0,1610.0,0.0,True,True,True,True,PLACEHOLDER_CANDIDATE
2026-05-27,ENRG,1375.0,1375.0,1375.0,1375.0,0.0,True,True,True,True,PLACEHOLDER_CANDIDATE
2026-05-28,ENRG,1375.0,1375.0,1375.0,1375.0,0.0,True,True,True,True,PLACEHOLDER_CANDIDATE
2026-08-17,ENRG,1255.0,1255.0,1255.0,1255.0,0.0,True,True,True,True,PLACEHOLDER_CANDIDATE
2026-08-25,ENRG,1280.0,1280.0,1280.0,1280.0,0.0,True,True,True,True,PLACEHOLDER_CANDIDATE
2026-05-14,ENZO,93.0,93.0,93.0,93.0,0.0,True,True,True,True,PLACEHOLDER_CANDIDATE
2026-05-15,ENZO,93.0,93.0,93.0,93.0,0.0,True,True,True,True,PLACEHOLDER_CANDIDATE
2026-05-27,ENZO,70.0,70.0,70.0,70.0,0.0,True,True,True,True,PLACEHOLDER_CANDIDATE
2026-05-28,ENZO,70.0,70.0,70.0,70.0,0.0,True,True,True,True,PLACEHOLDER_CANDIDATE
2026-05-14,EPAC,76.0,76.0,76.0,76.0,0.0,True,True,True,True,PLACEHOLDER_CANDIDATE
2026-05-15,EPAC,76.0,76.0,76.0,76.0,0.0,True,True,True,True,PLACEHOLDER_CANDIDATE
2026-05-27,EPAC,76.0,76.0,76.0,76.0,0.0,True,True,True,True,PLACEHOLDER_CANDIDATE
2026-05-28,EPAC,76.0,76.0,76.0,76.0,0.0,True,True,True,True,PLACEHOLDER_CANDIDATE
2026-05-14,EPMT,2380.0,2380.0,2380.0,2380.0,0.0,True,True,True,True,PLACEHOLDER_CANDIDATE
2026-05-15,EPMT,2380.0,2380.0,2380.0,2380.0,0.0,True,True,True,True,PLACEHOLDER_CANDIDATE
2026-05-27,EPMT,2320.0,2320.0,2320.0,2320.0,0.0,True,True,True,True,PLACEHOLDER_CANDIDATE
2026-05-28,EPMT,2320.0,2320.0,2320.0,2320.0,0.0,True,True,True,True,PLACEHOLDER_CANDIDATE
2026-08-25,EPMT,2400.0,2400.0,2400.0,2400.0,0.0,True,True,True,True,PLACEHOLDER_CANDIDATE
2026-05-14,ERAA,367.0874328613281,367.0874328613281,367.0874328613281,367.0874328613281,0.0,True,True,True,True,PLACEHOLDER_CANDIDATE
2026-05-15,ERAA,367.0874328613281,367.0874328613281,367.0874328613281,367.0874328613281,0.0,True,True,True,True,PLACEHOLDER_CANDIDATE
2026-05-27,ERAA,350.3169250488281,350.3169250488281,350.3169250488281,350.3169250488281,0.0,True,True,True,True,PLACEHOLDER_CANDIDATE
2026-05-28,ERAA,350.3169250488281,350.3169250488281,350.3169250488281,350.3169250488281,0.0,True,True,True,True,PLACEHOLDER_CANDIDATE
2026-05-14,ERAL,294.8571472167969,294.8571472167969,294.8571472167969,294.8571472167969,0.0,True,True,True,True,PLACEHOLDER_CANDIDATE
2026-05-15,ERAL,294.8571472167969,294.8571472167969,294.8571472167969,294.8571472167969,0.0,True,True,True,True,PLACEHOLDER_CANDIDATE
2026-05-27,ERAL,283.2180480957031,283.2180480957031,283.2180480957031,283.2180480957031,0.0,True,True,True,True,PLACEHOLDER_CANDIDATE
2026-05-28,ERAL,283.2180480957031,283.2180480957031,283.2180480957031,283.2180480957031,0.0,True,True,True,True,PLACEHOLDER_CANDIDATE
2026-05-14,ERTX,196.0,196.0,196.0,196.0,0.0,True,True,True,True,PLACEHOLDER_CANDIDATE
2026-05-15,ERTX,196.0,196.0,196.0,196.0,0.0,True,True,True,True,PLACEHOLDER_CANDIDATE
2026-05-27,ERTX,161.0,161.0,161.0,161.0,0.0,True,True,True,True,PLACEHOLDER_CANDIDATE
2026-05-28,ERTX,161.0,161.0,161.0,161.0,0.0,True,True,True,True,PLACEHOLDER_CANDIDATE
2026-08-25,ERTX,182.0,182.0,182.0,182.0,0.0,True,True,True,True,PLACEHOLDER_CANDIDATE
2026-05-14,ESIP,164.3503875732422,164.3503875732422,164.3503875732422,164.3503875732422,0.0,True,True,True,True,PLACEHOLDER_CANDIDATE
2026-05-15,ESIP,164.3503875732422,164.3503875732422,164.3503875732422,164.3503875732422,0.0,True,True,True,True,PLACEHOLDER_CANDIDATE
2026-05-27,ESIP,126.5,126.5,126.5,126.5,0.0,True,True,True,True,PLACEHOLDER_CANDIDATE
2026-05-28,ESIP,126.5,126.5,126.5,126.5,0.0,True,True,True,True,PLACEHOLDER_CANDIDATE
2026-05-14,ESSA,732.9032592773438,732.9032592773438,732.9032592773438,732.9032592773438,0.0,True,True,True,True,PLACEHOLDER_CANDIDATE
2026-05-15,ESSA,732.9032592773438,732.9032592773438,732.9032592773438,732.9032592773438,0.0,True,True,True,True,PLACEHOLDER_CANDIDATE
2026-05-27,ESSA,636.709716796875,636.709716796875,636.709716796875,636.709716796875,0.0,True,True,True,True,PLACEHOLDER_CANDIDATE
2026-05-28,ESSA,636.709716796875,636.709716796875,636.709716796875,636.709716796875,0.0,True,True,True,True,PLACEHOLDER_CANDIDATE
2026-05-14,ESTA,208.0,208.0,208.0,208.0,0.0,True,True,True,True,PLACEHOLDER_CANDIDATE
2026-05-15,ESTA,208.0,208.0,208.0,208.0,0.0,True,True,True,True,PLACEHOLDER_CANDIDATE
2026-05-27,ESTA,186.0,186.0,186.0,186.0,0.0,True,True,True,True,PLACEHOLDER_CANDIDATE
2026-05-28,ESTA,186.0,186.0,186.0,186.0,0.0,True,True,True,True,PLACEHOLDER_CANDIDATE
2026-05-14,ESTI,152.52000427246094,152.52000427246094,152.52000427246094,152.52000427246094,0.0,True,True,True,True,PLACEHOLDER_CANDIDATE
2026-05-15,ESTI,152.52000427246094,152.52000427246094,152.52000427246094,152.52000427246094,0.0,True,True,True,True,PLACEHOLDER_CANDIDATE
2026-05-27,ESTI,125.9520034790039,125.9520034790039,125.9520034790039,125.9520034790039,0.0,True,True,True,True,PLACEHOLDER_CANDIDATE
2026-05-28,ESTI,125.9520034790039,125.9520034790039,125.9520034790039,125.9520034790039,0.0,True,True,True,True,PLACEHOLDER_CANDIDATE
2026-08-25,ESTI,163.0,163.0,163.0,163.0,0.0,True,True,True,True,PLACEHOLDER_CANDIDATE
2026-05-01,ETWA,70.0,70.0,70.0,70.0,0.0,True,True,True,True,PLACEHOLDER_CANDIDATE
2026-05-14,ETWA,70.0,70.0,70.0,70.0,0.0,True,True,True,True,PLACEHOLDER_CANDIDATE
2026-05-15,ETWA,70.0,70.0,70.0,70.0,0.0,True,True,True,True,PLACEHOLDER_CANDIDATE
2026-05-27,ETWA,70.0,70.0,70.0,70.0,0.0,True,True,True,True,PLACEHOLDER_CANDIDATE
2026-05-28,ETWA,70.0,70.0,70.0,70.0,0.0,True,True,True,True,PLACEHOLDER_CANDIDATE
2026-06-01,ETWA,70.0,70.0,70.0,70.0,0.0,True,True,True,True,PLACEHOLDER_CANDIDATE
2026-06-16,ETWA,70.0,70.0,70.0,70.0,0.0,True,True,True,True,PLACEHOLDER_CANDIDATE
2026-08-17,ETWA,70.0,70.0,70.0,70.0,0.0,True,True,True,True,PLACEHOLDER_CANDIDATE
2026-08-25,ETWA,70.0,70.0,70.0,70.0,0.0,True,True,True,True,PLACEHOLDER_CANDIDATE
2026-05-14,EURO,2808.208740234375,2808.208740234375,2808.208740234375,2808.208740234375,0.0,True,True,True,True,PLACEHOLDER_CANDIDATE
2026-05-15,EURO,2808.208740234375,2808.208740234375,2808.208740234375,2808.208740234375,0.0,True,True,True,True,PLACEHOLDER_CANDIDATE
2026-05-27,EURO,1743.8875732421875,1743.8875732421875,1743.8875732421875,1743.8875732421875,0.0,True,True,True,True,PLACEHOLDER_CANDIDATE
2026-05-28,EURO,1743.8875732421875,1743.8875732421875,1743.8875732421875,1743.8875732421875,0.0,True,True,True,True,PLACEHOLDER_CANDIDATE
2014-04-09,EXCL,3862.08,3862.08,3862.08,3862.08,0.0,True,True,True,True,PLACEHOLDER_CANDIDATE
2014-07-09,EXCL,4394.74,4394.74,4394.74,4394.74,0.0,True,True,True,True,PLACEHOLDER_CANDIDATE
2015-12-09,EXCL,3305.34,3305.34,3305.34,3305.34,0.0,True,True,True,True,PLACEHOLDER_CANDIDATE
2017-01-02,EXCL,1932.75,1932.75,1932.75,1932.75,0.0,True,True,True,True,PLACEHOLDER_CANDIDATE
2017-02-15,EXCL,2618.84,2618.84,2618.84,2618.84,0.0,True,True,True,True,PLACEHOLDER_CANDIDATE
2017-04-19,EXCL,2510.07,2510.07,2510.07,2510.07,0.0,True,True,True,True,PLACEHOLDER_CANDIDATE
2017-06-01,EXCL,2476.6,2476.6,2476.6,2476.6,0.0,True,True,True,True,PLACEHOLDER_CANDIDATE
2017-06-23,EXCL,2853.11,2853.11,2853.11,2853.11,0.0,True,True,True,True,PLACEHOLDER_CANDIDATE
2017-06-26,EXCL,2853.11,2853.11,2853.11,2853.11,0.0,True,True,True,True,PLACEHOLDER_CANDIDATE
2017-06-27,EXCL,2853.11,2853.11,2853.11,2853.11,0.0,True,True,True,True,PLACEHOLDER_CANDIDATE
2017-06-28,EXCL,2853.11,2853.11,2853.11,2853.11,0.0,True,True,True,True,PLACEHOLDER_CANDIDATE
2017-06-29,EXCL,2853.11,2853.11,2853.11,2853.11,0.0,True,True,True,True,PLACEHOLDER_CANDIDATE
2017-06-30,EXCL,2853.11,2853.11,2853.11,2853.11,0.0,True,True,True,True,PLACEHOLDER_CANDIDATE
2017-08-17,EXCL,2894.95,2894.95,2894.95,2894.95,0.0,True,True,True,True,PLACEHOLDER_CANDIDATE
2017-09-01,EXCL,3012.09,3012.09,3012.09,3012.09,0.0,True,True,True,True,PLACEHOLDER_CANDIDATE
2017-09-21,EXCL,3179.42,3179.42,3179.42,3179.42,0.0,True,True,True,True,PLACEHOLDER_CANDIDATE
2017-12-25,EXCL,2409.67,2409.67,2409.67,2409.67,0.0,True,True,True,True,PLACEHOLDER_CANDIDATE
2017-12-26,EXCL,2409.67,2409.67,2409.67,2409.67,0.0,True,True,True,True,PLACEHOLDER_CANDIDATE
2018-01-01,EXCL,2476.6,2476.6,2476.6,2476.6,0.0,True,True,True,True,PLACEHOLDER_CANDIDATE
2018-02-16,EXCL,2434.77,2434.77,2434.77,2434.77,0.0,True,True,True,True,PLACEHOLDER_CANDIDATE
2018-03-30,EXCL,2108.46,2108.46,2108.46,2108.46,0.0,True,True,True,True,PLACEHOLDER_CANDIDATE
2018-05-01,EXCL,1773.78,1773.78,1773.78,1773.78,0.0,True,True,True,True,PLACEHOLDER_CANDIDATE
2018-05-10,EXCL,1581.34,1581.34,1581.34,1581.34,0.0,True,True,True,True,PLACEHOLDER_CANDIDATE
2018-05-29,EXCL,1890.92,1890.92,1890.92,1890.92,0.0,True,True,True,True,PLACEHOLDER_CANDIDATE
2018-06-01,EXCL,1757.05,1757.05,1757.05,1757.05,0.0,True,True,True,True,PLACEHOLDER_CANDIDATE
2018-06-11,EXCL,2200.5,2200.5,2200.5,2200.5,0.0,True,True,True,True,PLACEHOLDER_CANDIDATE
2018-06-12,EXCL,2200.5,2200.5,2200.5,2200.5,0.0,True,True,True,True,PLACEHOLDER_CANDIDATE
2018-06-13,EXCL,2200.5,2200.5,2200.5,2200.5,0.0,True,True,True,True,PLACEHOLDER_CANDIDATE
2018-06-14,EXCL,2200.5,2200.5,2200.5,2200.5,0.0,True,True,True,True,PLACEHOLDER_CANDIDATE
2018-06-15,EXCL,2200.5,2200.5,2200.5,2200.5,0.0,True,True,True,True,PLACEHOLDER_CANDIDATE
2018-06-18,EXCL,2200.5,2200.5,2200.5,2200.5,0.0,True,True,True,True,PLACEHOLDER_CANDIDATE
2018-06-19,EXCL,2200.5,2200.5,2200.5,2200.5,0.0,True,True,True,True,PLACEHOLDER_CANDIDATE
2018-08-17,EXCL,2418.04,2418.04,2418.04,2418.04,0.0,True,True,True,True,PLACEHOLDER_CANDIDATE
2018-08-22,EXCL,2551.91,2551.91,2551.91,2551.91,0.0,True,True,True,True,PLACEHOLDER_CANDIDATE
2018-09-11,EXCL,2426.4,2426.4,2426.4,2426.4,0.0,True,True,True,True,PLACEHOLDER_CANDIDATE
2018-11-20,EXCL,1832.35,1832.35,1832.35,1832.35,0.0,True,True,True,True,PLACEHOLDER_CANDIDATE
2018-12-24,EXCL,1715.22,1715.22,1715.22,1715.22,0.0,True,True,True,True,PLACEHOLDER_CANDIDATE
2018-12-25,EXCL,1715.22,1715.22,1715.22,1715.22,0.0,True,True,True,True,PLACEHOLDER_CANDIDATE
2018-12-31,EXCL,1656.65,1656.65,1656.65,1656.65,0.0,True,True,True,True,PLACEHOLDER_CANDIDATE
2019-01-01,EXCL,1656.65,1656.65,1656.65,1656.65,0.0,True,True,True,True,PLACEHOLDER_CANDIDATE
2019-02-05,EXCL,1773.78,1773.78,1773.78,1773.78,0.0,True,True,True,True,PLACEHOLDER_CANDIDATE
2019-03-07,EXCL,2024.79,2024.79,2024.79,2024.79,0.0,True,True,True,True,PLACEHOLDER_CANDIDATE
2019-04-03,EXCL,2242.33,2242.33,2242.33,2242.33,0.0,True,True,True,True,PLACEHOLDER_CANDIDATE
2019-04-17,EXCL,2309.26,2309.26,2309.26,2309.26,0.0,True,True,True,True,PLACEHOLDER_CANDIDATE
2019-04-19,EXCL,2384.57,2384.57,2384.57,2384.57,0.0,True,True,True,True,PLACEHOLDER_CANDIDATE
2019-05-01,EXCL,2443.14,2443.14,2443.14,2443.14,0.0,True,True,True,True,PLACEHOLDER_CANDIDATE
2019-05-30,EXCL,2426.4,2426.4,2426.4,2426.4,0.0,True,True,True,True,PLACEHOLDER_CANDIDATE
2019-06-03,EXCL,2392.93,2392.93,2392.93,2392.93,0.0,True,True,True,True,PLACEHOLDER_CANDIDATE
2019-06-04,EXCL,2392.93,2392.93,2392.93,2392.93,0.0,True,True,True,True,PLACEHOLDER_CANDIDATE
2019-06-05,EXCL,2392.93,2392.93,2392.93,2392.93,0.0,True,True,True,True,PLACEHOLDER_CANDIDATE
2019-06-06,EXCL,2392.93,2392.93,2392.93,2392.93,0.0,True,True,True,True,PLACEHOLDER_CANDIDATE
2019-06-07,EXCL,2392.93,2392.93,2392.93,2392.93,0.0,True,True,True,True,PLACEHOLDER_CANDIDATE
2026-05-14,EXCL,3030.0,3030.0,3030.0,3030.0,0.0,True,True,True,True,PLACEHOLDER_CANDIDATE
2026-05-15,EXCL,3030.0,3030.0,3030.0,3030.0,0.0,True,True,True,True,PLACEHOLDER_CANDIDATE
2026-05-27,EXCL,2770.0,2770.0,2770.0,2770.0,0.0,True,True,True,True,PLACEHOLDER_CANDIDATE
2026-05-28,EXCL,2770.0,2770.0,2770.0,2770.0,0.0,True,True,True,True,PLACEHOLDER_CANDIDATE
2026-05-14,FAPA,7131.6611328125,7131.6611328125,7131.6611328125,7131.6611328125,0.0,True,True,True,True,PLACEHOLDER_CANDIDATE
2026-05-15,FAPA,7131.6611328125,7131.6611328125,7131.6611328125,7131.6611328125,0.0,True,True,True,True,PLACEHOLDER_CANDIDATE
2026-05-27,FAPA,7131.6611328125,7131.6611328125,7131.6611328125,7131.6611328125,0.0,True,True,True,True,PLACEHOLDER_CANDIDATE
2026-05-28,FAPA,7131.6611328125,7131.6611328125,7131.6611328125,7131.6611328125,0.0,True,True,True,True,PLACEHOLDER_CANDIDATE
2026-05-14,FAST,288.0,288.0,288.0,288.0,0.0,True,True,True,True,PLACEHOLDER_CANDIDATE
2026-05-15,FAST,288.0,288.0,288.0,288.0,0.0,True,True,True,True,PLACEHOLDER_CANDIDATE
2026-05-27,FAST,246.0,246.0,246.0,246.0,0.0,True,True,True,True,PLACEHOLDER_CANDIDATE
2026-05-28,FAST,246.0,246.0,246.0,246.0,0.0,True,True,True,True,PLACEHOLDER_CANDIDATE
2026-08-25,FAST,462.0,462.0,462.0,462.0,0.0,True,True,True,True,PLACEHOLDER_CANDIDATE
2026-05-01,FASW,5312.4970703125,5312.4970703125,5312.4970703125,5312.4970703125,0.0,True,True,True,True,PLACEHOLDER_CANDIDATE
2026-05-14,FASW,5312.4970703125,5312.4970703125,5312.4970703125,5312.4970703125,0.0,True,True,True,True,PLACEHOLDER_CANDIDATE
2026-05-15,FASW,5312.4970703125,5312.4970703125,5312.4970703125,5312.4970703125,0.0,True,True,True,True,PLACEHOLDER_CANDIDATE
2026-05-27,FASW,5312.4970703125,5312.4970703125,5312.4970703125,5312.4970703125,0.0,True,True,True,True,PLACEHOLDER_CANDIDATE
2026-05-28,FASW,5312.4970703125,5312.4970703125,5312.4970703125,5312.4970703125,0.0,True,True,True,True,PLACEHOLDER_CANDIDATE
2026-06-01,FASW,5312.4970703125,5312.4970703125,5312.4970703125,5312.4970703125,0.0,True,True,True,True,PLACEHOLDER_CANDIDATE
2026-06-16,FASW,5312.4970703125,5312.4970703125,5312.4970703125,5312.4970703125,0.0,True,True,True,True,PLACEHOLDER_CANDIDATE
2026-08-17,FASW,5312.4970703125,5312.4970703125,5312.4970703125,5312.4970703125,0.0,True,True,True,True,PLACEHOLDER_CANDIDATE
2026-08-25,FASW,5312.4970703125,5312.4970703125,5312.4970703125,5312.4970703125,0.0,True,True,True,True,PLACEHOLDER_CANDIDATE
2026-05-14,FILM,2310.0,2310.0,2310.0,2310.0,0.0,True,True,True,True,PLACEHOLDER_CANDIDATE
2026-05-15,FILM,2310.0,2310.0,2310.0,2310.0,0.0,True,True,True,True,PLACEHOLDER_CANDIDATE
2026-05-27,FILM,2520.0,2520.0,2520.0,2520.0,0.0,True,True,True,True,PLACEHOLDER_CANDIDATE
2026-05-28,FILM,2520.0,2520.0,2520.0,2520.0,0.0,True,True,True,True,PLACEHOLDER_CANDIDATE
2026-05-01,FIMP,69.0,69.0,69.0,69.0,0.0,True,True,True,True,PLACEHOLDER_CANDIDATE
2026-05-14,FIMP,69.0,69.0,69.0,69.0,0.0,True,True,True,True,PLACEHOLDER_CANDIDATE
2026-05-15,FIMP,69.0,69.0,69.0,69.0,0.0,True,True,True,True,PLACEHOLDER_CANDIDATE
2026-05-27,FIMP,69.0,69.0,69.0,69.0,0.0,True,True,True,True,PLACEHOLDER_CANDIDATE
2026-05-28,FIMP,69.0,69.0,69.0,69.0,0.0,True,True,True,True,PLACEHOLDER_CANDIDATE
2026-06-01,FIMP,69.0,69.0,69.0,69.0,0.0,True,True,True,True,PLACEHOLDER_CANDIDATE
2026-06-16,FIMP,69.0,69.0,69.0,69.0,0.0,True,True,True,True,PLACEHOLDER_CANDIDATE
2026-08-17,FIMP,69.0,69.0,69.0,69.0,0.0,True,True,True,True,PLACEHOLDER_CANDIDATE
2026-08-25,FIMP,69.0,69.0,69.0,69.0,0.0,True,True,True,True,PLACEHOLDER_CANDIDATE
2026-05-14,FIRE,152.0,152.0,152.0,152.0,0.0,True,True,True,True,PLACEHOLDER_CANDIDATE
2026-05-15,FIRE,152.0,152.0,152.0,152.0,0.0,True,True,True,True,PLACEHOLDER_CANDIDATE
2026-05-27,FIRE,108.0,108.0,108.0,108.0,0.0,True,True,True,True,PLACEHOLDER_CANDIDATE
2026-05-28,FIRE,108.0,108.0,108.0,108.0,0.0,True,True,True,True,PLACEHOLDER_CANDIDATE
2026-05-14,FISH,747.5853881835938,747.5853881835938,747.5853881835938,747.5853881835938,0.0,True,True,True,True,PLACEHOLDER_CANDIDATE
2026-05-15,FISH,747.5853881835938,747.5853881835938,747.5853881835938,747.5853881835938,0.0,True,True,True,True,PLACEHOLDER_CANDIDATE
2026-05-27,FISH,703.6097412109375,703.6097412109375,703.6097412109375,703.6097412109375,0.0,True,True,True,True,PLACEHOLDER_CANDIDATE
2026-05-28,FISH,703.6097412109375,703.6097412109375,703.6097412109375,703.6097412109375,0.0,True,True,True,True,PLACEHOLDER_CANDIDATE
2026-05-14,FITT,410.0,410.0,410.0,410.0,0.0,True,True,True,True,PLACEHOLDER_CANDIDATE
2026-05-15,FITT,410.0,410.0,410.0,410.0,0.0,True,True,True,True,PLACEHOLDER_CANDIDATE
2026-05-27,FITT,362.0,362.0,362.0,362.0,0.0,True,True,True,True,PLACEHOLDER_CANDIDATE
2026-05-28,FITT,362.0,362.0,362.0,362.0,0.0,True,True,True,True,PLACEHOLDER_CANDIDATE
2026-05-14,FLMC,170.0,170.0,170.0,170.0,0.0,True,True,True,True,PLACEHOLDER_CANDIDATE
2026-05-15,FLMC,170.0,170.0,170.0,170.0,0.0,True,True,True,True,PLACEHOLDER_CANDIDATE
2026-05-27,FLMC,144.0,144.0,144.0,144.0,0.0,True,True,True,True,PLACEHOLDER_CANDIDATE
2026-05-28,FLMC,144.0,144.0,144.0,144.0,0.0,True,True,True,True,PLACEHOLDER_CANDIDATE
2026-05-14,FMII,250.0,250.0,250.0,250.0,0.0,True,True,True,True,PLACEHOLDER_CANDIDATE
2026-05-15,FMII,250.0,250.0,250.0,250.0,0.0,True,True,True,True,PLACEHOLDER_CANDIDATE
2026-05-27,FMII,226.0,226.0,226.0,226.0,0.0,True,True,True,True,PLACEHOLDER_CANDIDATE
2026-05-28,FMII,226.0,226.0,226.0,226.0,0.0,True,True,True,True,PLACEHOLDER_CANDIDATE
2026-08-25,FMII,258.0,258.0,258.0,258.0,0.0,True,True,True,True,PLACEHOLDER_CANDIDATE
2026-05-14,FOLK,332.0,332.0,332.0,332.0,0.0,True,True,True,True,PLACEHOLDER_CANDIDATE
2026-05-15,FOLK,332.0,332.0,332.0,332.0,0.0,True,True,True,True,PLACEHOLDER_CANDIDATE
2026-05-27,FOLK,220.0,220.0,220.0,220.0,0.0,True,True,True,True,PLACEHOLDER_CANDIDATE
2026-05-28,FOLK,220.0,220.0,220.0,220.0,0.0,True,True,True,True,PLACEHOLDER_CANDIDATE
2026-05-14,FOOD,170.0,170.0,170.0,170.0,0.0,True,True,True,True,PLACEHOLDER_CANDIDATE
2026-05-15,FOOD,170.0,170.0,170.0,170.0,0.0,True,True,True,True,PLACEHOLDER_CANDIDATE
2026-05-27,FOOD,165.0,165.0,165.0,165.0,0.0,True,True,True,True,PLACEHOLDER_CANDIDATE
2026-05-28,FOOD,165.0,165.0,165.0,165.0,0.0,True,True,True,True,PLACEHOLDER_CANDIDATE
2026-08-17,FOOD,176.0,176.0,176.0,176.0,0.0,True,True,True,True,PLACEHOLDER_CANDIDATE
2026-08-25,FOOD,176.0,176.0,176.0,176.0,0.0,True,True,True,True,PLACEHOLDER_CANDIDATE
2026-05-14,FORE,980.0,980.0,980.0,980.0,0.0,True,True,True,True,PLACEHOLDER_CANDIDATE
2026-05-15,FORE,980.0,980.0,980.0,980.0,0.0,True,True,True,True,PLACEHOLDER_CANDIDATE
2026-05-27,FORE,750.0,750.0,750.0,750.0,0.0,True,True,True,True,PLACEHOLDER_CANDIDATE
2026-05-28,FORE,750.0,750.0,750.0,750.0,0.0,True,True,True,True,PLACEHOLDER_CANDIDATE
2026-05-14,FORU,1400.0,1400.0,1400.0,1400.0,0.0,True,True,True,True,PLACEHOLDER_CANDIDATE
2026-05-15,FORU,1400.0,1400.0,1400.0,1400.0,0.0,True,True,True,True,PLACEHOLDER_CANDIDATE
2026-05-27,FORU,1440.0,1440.0,1440.0,1440.0,0.0,True,True,True,True,PLACEHOLDER_CANDIDATE
2026-05-28,FORU,1440.0,1440.0,1440.0,1440.0,0.0,True,True,True,True,PLACEHOLDER_CANDIDATE
2026-06-16,FORU,3770.0,3770.0,3770.0,3770.0,0.0,True,True,True,True,PLACEHOLDER_CANDIDATE
2026-08-25,FORU,2150.0,2150.0,2150.0,2150.0,0.0,True,True,True,True,PLACEHOLDER_CANDIDATE
2026-05-14,FPNI,436.0,436.0,436.0,436.0,0.0,True,True,True,True,PLACEHOLDER_CANDIDATE
2026-05-15,FPNI,436.0,436.0,436.0,436.0,0.0,True,True,True,True,PLACEHOLDER_CANDIDATE
2026-05-27,FPNI,360.0,360.0,360.0,360.0,0.0,True,True,True,True,PLACEHOLDER_CANDIDATE
2026-05-28,FPNI,360.0,360.0,360.0,360.0,0.0,True,True,True,True,PLACEHOLDER_CANDIDATE
2026-08-25,FPNI,550.0,550.0,550.0,550.0,0.0,True,True,True,True,PLACEHOLDER_CANDIDATE
2026-05-14,FUJI,320.0,320.0,320.0,320.0,0.0,True,True,True,True,PLACEHOLDER_CANDIDATE
2026-05-15,FUJI,320.0,320.0,320.0,320.0,0.0,True,True,True,True,PLACEHOLDER_CANDIDATE
2026-05-27,FUJI,282.0,282.0,282.0,282.0,0.0,True,True,True,True,PLACEHOLDER_CANDIDATE
2026-05-28,FUJI,282.0,282.0,282.0,282.0,0.0,True,True,True,True,PLACEHOLDER_CANDIDATE
2026-05-14,FUTR,220.0,220.0,220.0,220.0,0.0,True,True,True,True,PLACEHOLDER_CANDIDATE
2026-05-15,FUTR,220.0,220.0,220.0,220.0,0.0,True,True,True,True,PLACEHOLDER_CANDIDATE
2026-05-27,FUTR,183.0,183.0,183.0,183.0,0.0,True,True,True,True,PLACEHOLDER_CANDIDATE
2026-05-28,FUTR,183.0,183.0,183.0,183.0,0.0,True,True,True,True,PLACEHOLDER_CANDIDATE
2026-05-14,FWCT,93.0,93.0,93.0,93.0,0.0,True,True,True,True,PLACEHOLDER_CANDIDATE
2026-05-15,FWCT,93.0,93.0,93.0,93.0,0.0,True,True,True,True,PLACEHOLDER_CANDIDATE
2026-05-27,FWCT,82.0,82.0,82.0,82.0,0.0,True,True,True,True,PLACEHOLDER_CANDIDATE
2026-05-28,FWCT,82.0,82.0,82.0,82.0,0.0,True,True,True,True,PLACEHOLDER_CANDIDATE
2026-05-14,GDST,99.0,99.0,99.0,99.0,0.0,True,True,True,True,PLACEHOLDER_CANDIDATE
2026-05-15,GDST,99.0,99.0,99.0,99.0,0.0,True,True,True,True,PLACEHOLDER_CANDIDATE
2026-05-27,GDST,90.0,90.0,90.0,90.0,0.0,True,True,True,True,PLACEHOLDER_CANDIDATE
2026-05-28,GDST,90.0,90.0,90.0,90.0,0.0,True,True,True,True,PLACEHOLDER_CANDIDATE
2026-05-14,GDYR,1070.0,1070.0,1070.0,1070.0,0.0,True,True,True,True,PLACEHOLDER_CANDIDATE
2026-05-15,GDYR,1070.0,1070.0,1070.0,1070.0,0.0,True,True,True,True,PLACEHOLDER_CANDIDATE
2026-05-27,GDYR,1100.0,1100.0,1100.0,1100.0,0.0,True,True,True,True,PLACEHOLDER_CANDIDATE
2026-05-28,GDYR,1100.0,1100.0,1100.0,1100.0,0.0,True,True,True,True,PLACEHOLDER_CANDIDATE
2026-08-25,GDYR,1110.0,1110.0,1110.0,1110.0,0.0,True,True,True,True,PLACEHOLDER_CANDIDATE
2026-05-14,GEMA,84.9285659790039,84.9285659790039,84.9285659790039,84.9285659790039,0.0,True,True,True,True,PLACEHOLDER_CANDIDATE
2026-05-15,GEMA,84.9285659790039,84.9285659790039,84.9285659790039,84.9285659790039,0.0,True,True,True,True,PLACEHOLDER_CANDIDATE
2026-05-27,GEMA,84.9285659790039,84.9285659790039,84.9285659790039,84.9285659790039,0.0,True,True,True,True,PLACEHOLDER_CANDIDATE
2026-05-28,GEMA,84.9285659790039,84.9285659790039,84.9285659790039,84.9285659790039,0.0,True,True,True,True,PLACEHOLDER_CANDIDATE
2026-08-25,GEMA,83.0,83.0,83.0,83.0,0.0,True,True,True,True,PLACEHOLDER_CANDIDATE
2026-05-14,GEMS,7575.0,7575.0,7575.0,7575.0,0.0,True,True,True,True,PLACEHOLDER_CANDIDATE
2026-05-15,GEMS,7575.0,7575.0,7575.0,7575.0,0.0,True,True,True,True,PLACEHOLDER_CANDIDATE
2026-05-27,GEMS,7700.0,7700.0,7700.0,7700.0,0.0,True,True,True,True,PLACEHOLDER_CANDIDATE
2026-05-28,GEMS,7700.0,7700.0,7700.0,7700.0,0.0,True,True,True,True,PLACEHOLDER_CANDIDATE
2014-04-09,GGRM,33513.81,33513.81,33513.81,33513.81,0.0,True,True,True,True,PLACEHOLDER_CANDIDATE
2014-07-09,GGRM,35148.23,35148.23,35148.23,35148.23,0.0,True,True,True,True,PLACEHOLDER_CANDIDATE
2015-12-09,GGRM,34904.74,34904.74,34904.74,34904.74,0.0,True,True,True,True,PLACEHOLDER_CANDIDATE
2017-01-02,GGRM,45275.62,45275.62,45275.62,45275.62,0.0,True,True,True,True,PLACEHOLDER_CANDIDATE
2017-02-15,GGRM,43575.12,43575.12,43575.12,43575.12,0.0,True,True,True,True,PLACEHOLDER_CANDIDATE
2017-04-19,GGRM,45984.15,45984.15,45984.15,45984.15,0.0,True,True,True,True,PLACEHOLDER_CANDIDATE
2017-06-01,GGRM,52396.43,52396.43,52396.43,52396.43,0.0,True,True,True,True,PLACEHOLDER_CANDIDATE
2017-06-23,GGRM,55478.57,55478.57,55478.57,55478.57,0.0,True,True,True,True,PLACEHOLDER_CANDIDATE
2017-06-26,GGRM,55478.57,55478.57,55478.57,55478.57,0.0,True,True,True,True,PLACEHOLDER_CANDIDATE
2017-06-27,GGRM,55478.57,55478.57,55478.57,55478.57,0.0,True,True,True,True,PLACEHOLDER_CANDIDATE
2017-06-28,GGRM,55478.57,55478.57,55478.57,55478.57,0.0,True,True,True,True,PLACEHOLDER_CANDIDATE
2017-06-29,GGRM,55478.57,55478.57,55478.57,55478.57,0.0,True,True,True,True,PLACEHOLDER_CANDIDATE
2017-06-30,GGRM,55478.57,55478.57,55478.57,55478.57,0.0,True,True,True,True,PLACEHOLDER_CANDIDATE
2017-08-17,GGRM,51931.61,51931.61,51931.61,51931.61,0.0,True,True,True,True,PLACEHOLDER_CANDIDATE
2017-09-01,GGRM,50650.7,50650.7,50650.7,50650.7,0.0,True,True,True,True,PLACEHOLDER_CANDIDATE
2017-09-21,GGRM,50467.71,50467.71,50467.71,50467.71,0.0,True,True,True,True,PLACEHOLDER_CANDIDATE
2017-12-25,GGRM,59251.07,59251.07,59251.07,59251.07,0.0,True,True,True,True,PLACEHOLDER_CANDIDATE
2017-12-26,GGRM,59251.07,59251.07,59251.07,59251.07,0.0,True,True,True,True,PLACEHOLDER_CANDIDATE
2018-01-01,GGRM,61337.12,61337.12,61337.12,61337.12,0.0,True,True,True,True,PLACEHOLDER_CANDIDATE
2018-02-16,GGRM,59013.19,59013.19,59013.19,59013.19,0.0,True,True,True,True,PLACEHOLDER_CANDIDATE
2018-03-30,GGRM,53047.82,53047.82,53047.82,53047.82,0.0,True,True,True,True,PLACEHOLDER_CANDIDATE
2018-05-01,GGRM,50742.19,50742.19,50742.19,50742.19,0.0,True,True,True,True,PLACEHOLDER_CANDIDATE
2018-05-10,GGRM,51236.25,51236.25,51236.25,51236.25,0.0,True,True,True,True,PLACEHOLDER_CANDIDATE
2018-05-29,GGRM,50851.98,50851.98,50851.98,50851.98,0.0,True,True,True,True,PLACEHOLDER_CANDIDATE
2018-06-01,GGRM,50138.34,50138.34,50138.34,50138.34,0.0,True,True,True,True,PLACEHOLDER_CANDIDATE
2018-06-11,GGRM,51419.24,51419.24,51419.24,51419.24,0.0,True,True,True,True,PLACEHOLDER_CANDIDATE
2018-06-12,GGRM,51419.24,51419.24,51419.24,51419.24,0.0,True,True,True,True,PLACEHOLDER_CANDIDATE
2018-06-13,GGRM,51419.24,51419.24,51419.24,51419.24,0.0,True,True,True,True,PLACEHOLDER_CANDIDATE
2018-06-14,GGRM,51419.24,51419.24,51419.24,51419.24,0.0,True,True,True,True,PLACEHOLDER_CANDIDATE
2018-06-15,GGRM,51419.24,51419.24,51419.24,51419.24,0.0,True,True,True,True,PLACEHOLDER_CANDIDATE
2018-06-18,GGRM,51419.24,51419.24,51419.24,51419.24,0.0,True,True,True,True,PLACEHOLDER_CANDIDATE
2018-06-19,GGRM,51419.24,51419.24,51419.24,51419.24,0.0,True,True,True,True,PLACEHOLDER_CANDIDATE
2018-08-17,GGRM,54460.24,54460.24,54460.24,54460.24,0.0,True,True,True,True,PLACEHOLDER_CANDIDATE
2018-08-22,GGRM,56685.05,56685.05,56685.05,56685.05,0.0,True,True,True,True,PLACEHOLDER_CANDIDATE
2018-09-11,GGRM,55829.35,55829.35,55829.35,55829.35,0.0,True,True,True,True,PLACEHOLDER_CANDIDATE
2018-11-20,GGRM,59480.31,59480.31,59480.31,59480.31,0.0,True,True,True,True,PLACEHOLDER_CANDIDATE
2018-12-24,GGRM,62998.17,62998.17,62998.17,62998.17,0.0,True,True,True,True,PLACEHOLDER_CANDIDATE
2018-12-25,GGRM,62998.17,62998.17,62998.17,62998.17,0.0,True,True,True,True,PLACEHOLDER_CANDIDATE
2018-12-31,GGRM,63606.66,63606.66,63606.66,63606.66,0.0,True,True,True,True,PLACEHOLDER_CANDIDATE
2019-01-01,GGRM,63606.66,63606.66,63606.66,63606.66,0.0,True,True,True,True,PLACEHOLDER_CANDIDATE
2019-02-05,GGRM,61610.04,61610.04,61610.04,61610.04,0.0,True,True,True,True,PLACEHOLDER_CANDIDATE
2019-03-07,GGRM,69976.84,69976.84,69976.84,69976.84,0.0,True,True,True,True,PLACEHOLDER_CANDIDATE
2019-04-03,GGRM,62846.05,62846.05,62846.05,62846.05,0.0,True,True,True,True,PLACEHOLDER_CANDIDATE
2019-04-17,GGRM,62693.93,62693.93,62693.93,62693.93,0.0,True,True,True,True,PLACEHOLDER_CANDIDATE
2019-04-19,GGRM,60164.88,60164.88,60164.88,60164.88,0.0,True,True,True,True,PLACEHOLDER_CANDIDATE
2019-05-01,GGRM,64253.18,64253.18,64253.18,64253.18,0.0,True,True,True,True,PLACEHOLDER_CANDIDATE
2019-05-30,GGRM,60944.5,60944.5,60944.5,60944.5,0.0,True,True,True,True,PLACEHOLDER_CANDIDATE
2019-06-03,GGRM,61210.72,61210.72,61210.72,61210.72,0.0,True,True,True,True,PLACEHOLDER_CANDIDATE
2019-06-04,GGRM,61210.72,61210.72,61210.72,61210.72,0.0,True,True,True,True,PLACEHOLDER_CANDIDATE
2019-06-05,GGRM,61210.72,61210.72,61210.72,61210.72,0.0,True,True,True,True,PLACEHOLDER_CANDIDATE
2019-06-06,GGRM,61210.72,61210.72,61210.72,61210.72,0.0,True,True,True,True,PLACEHOLDER_CANDIDATE
2019-06-07,GGRM,61210.72,61210.72,61210.72,61210.72,0.0,True,True,True,True,PLACEHOLDER_CANDIDATE
2026-05-14,GGRM,17225.0,17225.0,17225.0,17225.0,0.0,True,True,True,True,PLACEHOLDER_CANDIDATE
2026-05-15,GGRM,17225.0,17225.0,17225.0,17225.0,0.0,True,True,True,True,PLACEHOLDER_CANDIDATE
2026-05-27,GGRM,15750.0,15750.0,15750.0,15750.0,0.0,True,True,True,True,PLACEHOLDER_CANDIDATE
2026-05-28,GGRM,15750.0,15750.0,15750.0,15750.0,0.0,True,True,True,True,PLACEHOLDER_CANDIDATE
2026-08-25,GGRM,20325.0,20325.0,20325.0,20325.0,0.0,True,True,True,True,PLACEHOLDER_CANDIDATE
2026-05-14,GGRP,276.06134033203125,276.06134033203125,276.06134033203125,276.06134033203125,0.0,True,True,True,True,PLACEHOLDER_CANDIDATE
2026-05-15,GGRP,276.06134033203125,276.06134033203125,276.06134033203125,276.06134033203125,0.0,True,True,True,True,PLACEHOLDER_CANDIDATE
2026-05-27,GGRP,294.0,294.0,294.0,294.0,0.0,True,True,True,True,PLACEHOLDER_CANDIDATE
2026-05-28,GGRP,294.0,294.0,294.0,294.0,0.0,True,True,True,True,PLACEHOLDER_CANDIDATE
2026-05-14,GHON,1815.0,1815.0,1815.0,1815.0,0.0,True,True,True,True,PLACEHOLDER_CANDIDATE
2026-05-15,GHON,1815.0,1815.0,1815.0,1815.0,0.0,True,True,True,True,PLACEHOLDER_CANDIDATE
2026-05-27,GHON,1805.0,1805.0,1805.0,1805.0,0.0,True,True,True,True,PLACEHOLDER_CANDIDATE
2026-05-28,GHON,1805.0,1805.0,1805.0,1805.0,0.0,True,True,True,True,PLACEHOLDER_CANDIDATE
2026-05-14,GIAA,64.0,64.0,64.0,64.0,0.0,True,True,True,True,PLACEHOLDER_CANDIDATE
2026-05-15,GIAA,64.0,64.0,64.0,64.0,0.0,True,True,True,True,PLACEHOLDER_CANDIDATE
2026-05-27,GIAA,58.0,58.0,58.0,58.0,0.0,True,True,True,True,PLACEHOLDER_CANDIDATE
2026-05-28,GIAA,58.0,58.0,58.0,58.0,0.0,True,True,True,True,PLACEHOLDER_CANDIDATE
2014-04-09,GJTL,1667.1,1667.1,1667.1,1667.1,0.0,True,True,True,True,PLACEHOLDER_CANDIDATE
2014-07-09,GJTL,1531.76,1531.76,1531.76,1531.76,0.0,True,True,True,True,PLACEHOLDER_CANDIDATE
2015-12-09,GJTL,426.08,426.08,426.08,426.08,0.0,True,True,True,True,PLACEHOLDER_CANDIDATE
2017-01-02,GJTL,893.94,893.94,893.94,893.94,0.0,True,True,True,True,PLACEHOLDER_CANDIDATE
2017-02-15,GJTL,877.23,877.23,877.23,877.23,0.0,True,True,True,True,PLACEHOLDER_CANDIDATE
2017-04-19,GJTL,881.41,881.41,881.41,881.41,0.0,True,True,True,True,PLACEHOLDER_CANDIDATE
2017-06-01,GJTL,831.28,831.28,831.28,831.28,0.0,True,True,True,True,PLACEHOLDER_CANDIDATE
2017-06-23,GJTL,944.07,944.07,944.07,944.07,0.0,True,True,True,True,PLACEHOLDER_CANDIDATE
2017-06-26,GJTL,944.07,944.07,944.07,944.07,0.0,True,True,True,True,PLACEHOLDER_CANDIDATE
2017-06-27,GJTL,944.07,944.07,944.07,944.07,0.0,True,True,True,True,PLACEHOLDER_CANDIDATE
2017-06-28,GJTL,944.07,944.07,944.07,944.07,0.0,True,True,True,True,PLACEHOLDER_CANDIDATE
2017-06-29,GJTL,944.07,944.07,944.07,944.07,0.0,True,True,True,True,PLACEHOLDER_CANDIDATE
2017-06-30,GJTL,944.07,944.07,944.07,944.07,0.0,True,True,True,True,PLACEHOLDER_CANDIDATE
2017-08-17,GJTL,818.65,818.65,818.65,818.65,0.0,True,True,True,True,PLACEHOLDER_CANDIDATE
2017-09-01,GJTL,675.91,675.91,675.91,675.91,0.0,True,True,True,True,PLACEHOLDER_CANDIDATE
2017-09-21,GJTL,625.53,625.53,625.53,625.53,0.0,True,True,True,True,PLACEHOLDER_CANDIDATE
2017-12-25,GJTL,583.55,583.55,583.55,583.55,0.0,True,True,True,True,PLACEHOLDER_CANDIDATE
2017-12-26,GJTL,583.55,583.55,583.55,583.55,0.0,True,True,True,True,PLACEHOLDER_CANDIDATE
2018-01-01,GJTL,570.95,570.95,570.95,570.95,0.0,True,True,True,True,PLACEHOLDER_CANDIDATE
2018-02-16,GJTL,680.11,680.11,680.11,680.11,0.0,True,True,True,True,PLACEHOLDER_CANDIDATE
2018-03-30,GJTL,680.11,680.11,680.11,680.11,0.0,True,True,True,True,PLACEHOLDER_CANDIDATE
2018-05-01,GJTL,684.3,684.3,684.3,684.3,0.0,True,True,True,True,PLACEHOLDER_CANDIDATE
2018-05-10,GJTL,709.49,709.49,709.49,709.49,0.0,True,True,True,True,PLACEHOLDER_CANDIDATE
2018-05-29,GJTL,688.5,688.5,688.5,688.5,0.0,True,True,True,True,PLACEHOLDER_CANDIDATE
2018-06-01,GJTL,684.3,684.3,684.3,684.3,0.0,True,True,True,True,PLACEHOLDER_CANDIDATE
2018-06-11,GJTL,688.5,688.5,688.5,688.5,0.0,True,True,True,True,PLACEHOLDER_CANDIDATE
2018-06-12,GJTL,688.5,688.5,688.5,688.5,0.0,True,True,True,True,PLACEHOLDER_CANDIDATE
2018-06-13,GJTL,688.5,688.5,688.5,688.5,0.0,True,True,True,True,PLACEHOLDER_CANDIDATE
2018-06-14,GJTL,688.5,688.5,688.5,688.5,0.0,True,True,True,True,PLACEHOLDER_CANDIDATE
2018-06-15,GJTL,688.5,688.5,688.5,688.5,0.0,True,True,True,True,PLACEHOLDER_CANDIDATE
2018-06-18,GJTL,688.5,688.5,688.5,688.5,0.0,True,True,True,True,PLACEHOLDER_CANDIDATE
2018-06-19,GJTL,688.5,688.5,688.5,688.5,0.0,True,True,True,True,PLACEHOLDER_CANDIDATE
2018-08-17,GJTL,528.97,528.97,528.97,528.97,0.0,True,True,True,True,PLACEHOLDER_CANDIDATE
2018-08-22,GJTL,541.57,541.57,541.57,541.57,0.0,True,True,True,True,PLACEHOLDER_CANDIDATE
2018-09-11,GJTL,507.98,507.98,507.98,507.98,0.0,True,True,True,True,PLACEHOLDER_CANDIDATE
2018-11-20,GJTL,537.37,537.37,537.37,537.37,0.0,True,True,True,True,PLACEHOLDER_CANDIDATE
2018-12-24,GJTL,524.77,524.77,524.77,524.77,0.0,True,True,True,True,PLACEHOLDER_CANDIDATE
2018-12-25,GJTL,524.77,524.77,524.77,524.77,0.0,True,True,True,True,PLACEHOLDER_CANDIDATE
2018-12-31,GJTL,545.76,545.76,545.76,545.76,0.0,True,True,True,True,PLACEHOLDER_CANDIDATE
2019-01-01,GJTL,545.76,545.76,545.76,545.76,0.0,True,True,True,True,PLACEHOLDER_CANDIDATE
2019-02-05,GJTL,642.32,642.32,642.32,642.32,0.0,True,True,True,True,PLACEHOLDER_CANDIDATE
2019-03-07,GJTL,629.73,629.73,629.73,629.73,0.0,True,True,True,True,PLACEHOLDER_CANDIDATE
2019-04-03,GJTL,579.35,579.35,579.35,579.35,0.0,True,True,True,True,PLACEHOLDER_CANDIDATE
2019-04-17,GJTL,562.56,562.56,562.56,562.56,0.0,True,True,True,True,PLACEHOLDER_CANDIDATE
2019-04-19,GJTL,566.76,566.76,566.76,566.76,0.0,True,True,True,True,PLACEHOLDER_CANDIDATE
2019-05-01,GJTL,621.33,621.33,621.33,621.33,0.0,True,True,True,True,PLACEHOLDER_CANDIDATE
2019-05-30,GJTL,558.36,558.36,558.36,558.36,0.0,True,True,True,True,PLACEHOLDER_CANDIDATE
2019-06-03,GJTL,558.36,558.36,558.36,558.36,0.0,True,True,True,True,PLACEHOLDER_CANDIDATE
2019-06-04,GJTL,558.36,558.36,558.36,558.36,0.0,True,True,True,True,PLACEHOLDER_CANDIDATE
2019-06-05,GJTL,558.36,558.36,558.36,558.36,0.0,True,True,True,True,PLACEHOLDER_CANDIDATE
2019-06-06,GJTL,558.36,558.36,558.36,558.36,0.0,True,True,True,True,PLACEHOLDER_CANDIDATE
2019-06-07,GJTL,558.36,558.36,558.36,558.36,0.0,True,True,True,True,PLACEHOLDER_CANDIDATE
2026-05-14,GJTL,1143.68,1143.68,1143.68,1143.68,0.0,True,True,True,True,PLACEHOLDER_CANDIDATE
2026-05-15,GJTL,1143.68,1143.68,1143.68,1143.68,0.0,True,True,True,True,PLACEHOLDER_CANDIDATE
2026-05-27,GJTL,1111.14,1111.14,1111.14,1111.14,0.0,True,True,True,True,PLACEHOLDER_CANDIDATE
2026-05-28,GJTL,1111.14,1111.14,1111.14,1111.14,0.0,True,True,True,True,PLACEHOLDER_CANDIDATE
2026-08-25,GJTL,1375.0,1375.0,1375.0,1375.0,0.0,True,True,True,True,PLACEHOLDER_CANDIDATE
2026-05-01,GLOB,155.0,155.0,155.0,155.0,0.0,True,True,True,True,PLACEHOLDER_CANDIDATE
2026-05-14,GLOB,155.0,155.0,155.0,155.0,0.0,True,True,True,True,PLACEHOLDER_CANDIDATE
2026-05-15,GLOB,155.0,155.0,155.0,155.0,0.0,True,True,True,True,PLACEHOLDER_CANDIDATE
2026-05-27,GLOB,155.0,155.0,155.0,155.0,0.0,True,True,True,True,PLACEHOLDER_CANDIDATE
2026-05-28,GLOB,155.0,155.0,155.0,155.0,0.0,True,True,True,True,PLACEHOLDER_CANDIDATE
2026-06-01,GLOB,155.0,155.0,155.0,155.0,0.0,True,True,True,True,PLACEHOLDER_CANDIDATE
2026-06-16,GLOB,155.0,155.0,155.0,155.0,0.0,True,True,True,True,PLACEHOLDER_CANDIDATE
2026-08-17,GLOB,155.0,155.0,155.0,155.0,0.0,True,True,True,True,PLACEHOLDER_CANDIDATE
2026-08-25,GLOB,155.0,155.0,155.0,155.0,0.0,True,True,True,True,PLACEHOLDER_CANDIDATE
2026-05-14,GLVA,339.32928466796875,339.32928466796875,339.32928466796875,339.32928466796875,0.0,True,True,True,True,PLACEHOLDER_CANDIDATE
2026-05-15,GLVA,339.32928466796875,339.32928466796875,339.32928466796875,339.32928466796875,0.0,True,True,True,True,PLACEHOLDER_CANDIDATE
2026-05-27,GLVA,333.51220703125,333.51220703125,333.51220703125,333.51220703125,0.0,True,True,True,True,PLACEHOLDER_CANDIDATE
2026-05-28,GLVA,333.51220703125,333.51220703125,333.51220703125,333.51220703125,0.0,True,True,True,True,PLACEHOLDER_CANDIDATE
2026-05-14,GMFI,56.0,56.0,56.0,56.0,0.0,True,True,True,True,PLACEHOLDER_CANDIDATE
2026-05-15,GMFI,56.0,56.0,56.0,56.0,0.0,True,True,True,True,PLACEHOLDER_CANDIDATE
2026-05-27,GMFI,53.0,53.0,53.0,53.0,0.0,True,True,True,True,PLACEHOLDER_CANDIDATE
2026-05-28,GMFI,53.0,53.0,53.0,53.0,0.0,True,True,True,True,PLACEHOLDER_CANDIDATE
2026-05-14,GMTD,1795.0,1795.0,1795.0,1795.0,0.0,True,True,True,True,PLACEHOLDER_CANDIDATE
2026-05-15,GMTD,1795.0,1795.0,1795.0,1795.0,0.0,True,True,True,True,PLACEHOLDER_CANDIDATE
2026-05-27,GMTD,1760.0,1760.0,1760.0,1760.0,0.0,True,True,True,True,PLACEHOLDER_CANDIDATE
2026-05-28,GMTD,1760.0,1760.0,1760.0,1760.0,0.0,True,True,True,True,PLACEHOLDER_CANDIDATE
2026-08-25,GMTD,1420.0,1420.0,1420.0,1420.0,0.0,True,True,True,True,PLACEHOLDER_CANDIDATE
2026-05-14,GOLD,280.0,280.0,280.0,280.0,0.0,True,True,True,True,PLACEHOLDER_CANDIDATE
2026-05-15,GOLD,280.0,280.0,280.0,280.0,0.0,True,True,True,True,PLACEHOLDER_CANDIDATE
2026-05-27,GOLD,268.0,268.0,268.0,268.0,0.0,True,True,True,True,PLACEHOLDER_CANDIDATE
2026-05-28,GOLD,268.0,268.0,268.0,268.0,0.0,True,True,True,True,PLACEHOLDER_CANDIDATE
2026-05-14,GOLF,187.3591766357422,187.3591766357422,187.3591766357422,187.3591766357422,0.0,True,True,True,True,PLACEHOLDER_CANDIDATE
2026-05-15,GOLF,187.3591766357422,187.3591766357422,187.3591766357422,187.3591766357422,0.0,True,True,True,True,PLACEHOLDER_CANDIDATE
2026-05-27,GOLF,165.43417358398438,165.43417358398438,165.43417358398438,165.43417358398438,0.0,True,True,True,True,PLACEHOLDER_CANDIDATE
2026-05-28,GOLF,165.43417358398438,165.43417358398438,165.43417358398438,165.43417358398438,0.0,True,True,True,True,PLACEHOLDER_CANDIDATE
2026-05-14,GOOD,338.0,338.0,338.0,338.0,0.0,True,True,True,True,PLACEHOLDER_CANDIDATE
2026-05-15,GOOD,338.0,338.0,338.0,338.0,0.0,True,True,True,True,PLACEHOLDER_CANDIDATE
2026-05-27,GOOD,330.0,330.0,330.0,330.0,0.0,True,True,True,True,PLACEHOLDER_CANDIDATE
2026-05-28,GOOD,330.0,330.0,330.0,330.0,0.0,True,True,True,True,PLACEHOLDER_CANDIDATE
2026-05-14,GOTO,50.0,50.0,50.0,50.0,0.0,True,True,True,True,PLACEHOLDER_CANDIDATE
2026-05-15,GOTO,50.0,50.0,50.0,50.0,0.0,True,True,True,True,PLACEHOLDER_CANDIDATE
2026-05-27,GOTO,50.0,50.0,50.0,50.0,0.0,True,True,True,True,PLACEHOLDER_CANDIDATE
2026-05-28,GOTO,50.0,50.0,50.0,50.0,0.0,True,True,True,True,PLACEHOLDER_CANDIDATE
2026-05-14,GPRA,107.93136596679688,107.93136596679688,107.93136596679688,107.93136596679688,0.0,True,True,True,True,PLACEHOLDER_CANDIDATE
2026-05-15,GPRA,107.93136596679688,107.93136596679688,107.93136596679688,107.93136596679688,0.0,True,True,True,True,PLACEHOLDER_CANDIDATE
2026-05-27,GPRA,101.99019622802734,101.99019622802734,101.99019622802734,101.99019622802734,0.0,True,True,True,True,PLACEHOLDER_CANDIDATE
2026-05-28,GPRA,101.99019622802734,101.99019622802734,101.99019622802734,101.99019622802734,0.0,True,True,True,True,PLACEHOLDER_CANDIDATE
2026-05-14,GPSO,478.0,478.0,478.0,478.0,0.0,True,True,True,True,PLACEHOLDER_CANDIDATE
2026-05-15,GPSO,478.0,478.0,478.0,478.0,0.0,True,True,True,True,PLACEHOLDER_CANDIDATE
2026-05-27,GPSO,486.0,486.0,486.0,486.0,0.0,True,True,True,True,PLACEHOLDER_CANDIDATE
2026-05-28,GPSO,486.0,486.0,486.0,486.0,0.0,True,True,True,True,PLACEHOLDER_CANDIDATE
2026-05-14,GRIA,116.0,116.0,116.0,116.0,0.0,True,True,True,True,PLACEHOLDER_CANDIDATE
2026-05-15,GRIA,116.0,116.0,116.0,116.0,0.0,True,True,True,True,PLACEHOLDER_CANDIDATE
2026-05-27,GRIA,139.0,139.0,139.0,139.0,0.0,True,True,True,True,PLACEHOLDER_CANDIDATE
2026-05-28,GRIA,139.0,139.0,139.0,139.0,0.0,True,True,True,True,PLACEHOLDER_CANDIDATE
2026-05-14,GRPH,67.0,67.0,67.0,67.0,0.0,True,True,True,True,PLACEHOLDER_CANDIDATE
2026-05-15,GRPH,67.0,67.0,67.0,67.0,0.0,True,True,True,True,PLACEHOLDER_CANDIDATE
2026-05-27,GRPH,61.0,61.0,61.0,61.0,0.0,True,True,True,True,PLACEHOLDER_CANDIDATE
2026-05-28,GRPH,61.0,61.0,61.0,61.0,0.0,True,True,True,True,PLACEHOLDER_CANDIDATE
2026-05-14,GRPM,302.0,302.0,302.0,302.0,0.0,True,True,True,True,PLACEHOLDER_CANDIDATE
2026-05-15,GRPM,302.0,302.0,302.0,302.0,0.0,True,True,True,True,PLACEHOLDER_CANDIDATE
2026-05-27,GRPM,288.0,288.0,288.0,288.0,0.0,True,True,True,True,PLACEHOLDER_CANDIDATE
2026-05-28,GRPM,288.0,288.0,288.0,288.0,0.0,True,True,True,True,PLACEHOLDER_CANDIDATE
2026-05-14,GSMF,138.0,138.0,138.0,138.0,0.0,True,True,True,True,PLACEHOLDER_CANDIDATE
2026-05-15,GSMF,138.0,138.0,138.0,138.0,0.0,True,True,True,True,PLACEHOLDER_CANDIDATE
2026-05-27,GSMF,101.0,101.0,101.0,101.0,0.0,True,True,True,True,PLACEHOLDER_CANDIDATE
2026-05-28,GSMF,101.0,101.0,101.0,101.0,0.0,True,True,True,True,PLACEHOLDER_CANDIDATE
2026-08-25,GSMF,96.0,96.0,96.0,96.0,0.0,True,True,True,True,PLACEHOLDER_CANDIDATE
2026-05-14,GTBO,204.0,204.0,204.0,204.0,0.0,True,True,True,True,PLACEHOLDER_CANDIDATE
2026-05-15,GTBO,204.0,204.0,204.0,204.0,0.0,True,True,True,True,PLACEHOLDER_CANDIDATE
2026-05-27,GTBO,195.0,195.0,195.0,195.0,0.0,True,True,True,True,PLACEHOLDER_CANDIDATE
2026-05-28,GTBO,195.0,195.0,195.0,195.0,0.0,True,True,True,True,PLACEHOLDER_CANDIDATE
2026-08-17,GTBO,170.0,170.0,170.0,170.0,0.0,True,True,True,True,PLACEHOLDER_CANDIDATE
2026-08-25,GTBO,170.0,170.0,170.0,170.0,0.0,True,True,True,True,PLACEHOLDER_CANDIDATE
2026-05-14,GTRA,220.0,220.0,220.0,220.0,0.0,True,True,True,True,PLACEHOLDER_CANDIDATE
2026-05-15,GTRA,220.0,220.0,220.0,220.0,0.0,True,True,True,True,PLACEHOLDER_CANDIDATE
2026-05-27,GTRA,202.0,202.0,202.0,202.0,0.0,True,True,True,True,PLACEHOLDER_CANDIDATE
2026-05-28,GTRA,202.0,202.0,202.0,202.0,0.0,True,True,True,True,PLACEHOLDER_CANDIDATE
2026-05-14,GTSI,200.43411254882807,200.43411254882807,200.43411254882807,200.43411254882807,0.0,True,True,True,True,PLACEHOLDER_CANDIDATE
2026-05-15,GTSI,200.43411254882807,200.43411254882807,200.43411254882807,200.43411254882807,0.0,True,True,True,True,PLACEHOLDER_CANDIDATE
2026-05-27,GTSI,156.7751922607422,156.7751922607422,156.7751922607422,156.7751922607422,0.0,True,True,True,True,PLACEHOLDER_CANDIDATE
2026-05-28,GTSI,156.7751922607422,156.7751922607422,156.7751922607422,156.7751922607422,0.0,True,True,True,True,PLACEHOLDER_CANDIDATE
2026-05-14,GULA,426.0,426.0,426.0,426.0,0.0,True,True,True,True,PLACEHOLDER_CANDIDATE
2026-05-15,GULA,426.0,426.0,426.0,426.0,0.0,True,True,True,True,PLACEHOLDER_CANDIDATE
2026-05-27,GULA,500.0,500.0,500.0,500.0,0.0,True,True,True,True,PLACEHOLDER_CANDIDATE
2026-05-28,GULA,500.0,500.0,500.0,500.0,0.0,True,True,True,True,PLACEHOLDER_CANDIDATE
2026-05-14,GUNA,193.7863006591797,193.7863006591797,193.7863006591797,193.7863006591797,0.0,True,True,True,True,PLACEHOLDER_CANDIDATE
2026-05-15,GUNA,193.7863006591797,193.7863006591797,193.7863006591797,193.7863006591797,0.0,True,True,True,True,PLACEHOLDER_CANDIDATE
2026-05-27,GUNA,188.0867156982422,188.0867156982422,188.0867156982422,188.0867156982422,0.0,True,True,True,True,PLACEHOLDER_CANDIDATE
2026-05-28,GUNA,188.0867156982422,188.0867156982422,188.0867156982422,188.0867156982422,0.0,True,True,True,True,PLACEHOLDER_CANDIDATE
2026-05-14,GWSA,140.0,140.0,140.0,140.0,0.0,True,True,True,True,PLACEHOLDER_CANDIDATE
2026-05-15,GWSA,140.0,140.0,140.0,140.0,0.0,True,True,True,True,PLACEHOLDER_CANDIDATE
2026-05-27,GWSA,130.0,130.0,130.0,130.0,0.0,True,True,True,True,PLACEHOLDER_CANDIDATE
2026-05-28,GWSA,130.0,130.0,130.0,130.0,0.0,True,True,True,True,PLACEHOLDER_CANDIDATE
2026-05-14,GZCO,185.0,185.0,185.0,185.0,0.0,True,True,True,True,PLACEHOLDER_CANDIDATE
2026-05-15,GZCO,185.0,185.0,185.0,185.0,0.0,True,True,True,True,PLACEHOLDER_CANDIDATE
2026-05-27,GZCO,148.0,148.0,148.0,148.0,0.0,True,True,True,True,PLACEHOLDER_CANDIDATE
2026-05-28,GZCO,148.0,148.0,148.0,148.0,0.0,True,True,True,True,PLACEHOLDER_CANDIDATE
2026-05-14,HADE,17.0,17.0,17.0,17.0,0.0,True,True,True,True,PLACEHOLDER_CANDIDATE
2026-05-15,HADE,17.0,17.0,17.0,17.0,0.0,True,True,True,True,PLACEHOLDER_CANDIDATE
2026-05-27,HADE,16.0,16.0,16.0,16.0,0.0,True,True,True,True,PLACEHOLDER_CANDIDATE
2026-05-28,HADE,16.0,16.0,16.0,16.0,0.0,True,True,True,True,PLACEHOLDER_CANDIDATE
2026-05-14,HAIS,186.0,186.0,186.0,186.0,0.0,True,True,True,True,PLACEHOLDER_CANDIDATE
2026-05-15,HAIS,186.0,186.0,186.0,186.0,0.0,True,True,True,True,PLACEHOLDER_CANDIDATE
2026-05-27,HAIS,176.0,176.0,176.0,176.0,0.0,True,True,True,True,PLACEHOLDER_CANDIDATE
2026-05-28,HAIS,176.0,176.0,176.0,176.0,0.0,True,True,True,True,PLACEHOLDER_CANDIDATE
2026-05-14,HAJJ,132.0,132.0,132.0,132.0,0.0,True,True,True,True,PLACEHOLDER_CANDIDATE
2026-05-15,HAJJ,132.0,132.0,132.0,132.0,0.0,True,True,True,True,PLACEHOLDER_CANDIDATE
2026-05-27,HAJJ,116.0,116.0,116.0,116.0,0.0,True,True,True,True,PLACEHOLDER_CANDIDATE
2026-05-28,HAJJ,116.0,116.0,116.0,116.0,0.0,True,True,True,True,PLACEHOLDER_CANDIDATE
2026-05-14,HALO,80.0,80.0,80.0,80.0,0.0,True,True,True,True,PLACEHOLDER_CANDIDATE
2026-05-15,HALO,80.0,80.0,80.0,80.0,0.0,True,True,True,True,PLACEHOLDER_CANDIDATE
2026-05-27,HALO,70.0,70.0,70.0,70.0,0.0,True,True,True,True,PLACEHOLDER_CANDIDATE
2026-05-28,HALO,70.0,70.0,70.0,70.0,0.0,True,True,True,True,PLACEHOLDER_CANDIDATE
2026-05-14,HATM,304.1785888671875,304.1785888671875,304.1785888671875,304.1785888671875,0.0,True,True,True,True,PLACEHOLDER_CANDIDATE
2026-05-15,HATM,304.1785888671875,304.1785888671875,304.1785888671875,304.1785888671875,0.0,True,True,True,True,PLACEHOLDER_CANDIDATE
2026-05-27,HATM,288.2738037109375,288.2738037109375,288.2738037109375,288.2738037109375,0.0,True,True,True,True,PLACEHOLDER_CANDIDATE
2026-05-28,HATM,288.2738037109375,288.2738037109375,288.2738037109375,288.2738037109375,0.0,True,True,True,True,PLACEHOLDER_CANDIDATE
2026-05-14,HBAT,394.0,394.0,394.0,394.0,0.0,True,True,True,True,PLACEHOLDER_CANDIDATE
2026-05-15,HBAT,394.0,394.0,394.0,394.0,0.0,True,True,True,True,PLACEHOLDER_CANDIDATE
2026-05-27,HBAT,505.0,505.0,505.0,505.0,0.0,True,True,True,True,PLACEHOLDER_CANDIDATE
2026-05-28,HBAT,505.0,505.0,505.0,505.0,0.0,True,True,True,True,PLACEHOLDER_CANDIDATE
2026-05-14,HDFA,108.0,108.0,108.0,108.0,0.0,True,True,True,True,PLACEHOLDER_CANDIDATE
2026-05-15,HDFA,108.0,108.0,108.0,108.0,0.0,True,True,True,True,PLACEHOLDER_CANDIDATE
2026-05-27,HDFA,93.0,93.0,93.0,93.0,0.0,True,True,True,True,PLACEHOLDER_CANDIDATE
2026-05-28,HDFA,93.0,93.0,93.0,93.0,0.0,True,True,True,True,PLACEHOLDER_CANDIDATE
2026-05-14,HDIT,61.0,61.0,61.0,61.0,0.0,True,True,True,True,PLACEHOLDER_CANDIDATE
2026-05-15,HDIT,61.0,61.0,61.0,61.0,0.0,True,True,True,True,PLACEHOLDER_CANDIDATE
2026-05-27,HDIT,53.0,53.0,53.0,53.0,0.0,True,True,True,True,PLACEHOLDER_CANDIDATE
2026-05-28,HDIT,53.0,53.0,53.0,53.0,0.0,True,True,True,True,PLACEHOLDER_CANDIDATE
2026-05-14,HEAL,1000.0,1000.0,1000.0,1000.0,0.0,True,True,True,True,PLACEHOLDER_CANDIDATE
2026-05-15,HEAL,1000.0,1000.0,1000.0,1000.0,0.0,True,True,True,True,PLACEHOLDER_CANDIDATE
2026-05-27,HEAL,990.0,990.0,990.0,990.0,0.0,True,True,True,True,PLACEHOLDER_CANDIDATE
2026-05-28,HEAL,990.0,990.0,990.0,990.0,0.0,True,True,True,True,PLACEHOLDER_CANDIDATE
2026-05-14,HELI,195.0,195.0,195.0,195.0,0.0,True,True,True,True,PLACEHOLDER_CANDIDATE
2026-05-15,HELI,195.0,195.0,195.0,195.0,0.0,True,True,True,True,PLACEHOLDER_CANDIDATE
2026-05-27,HELI,172.0,172.0,172.0,172.0,0.0,True,True,True,True,PLACEHOLDER_CANDIDATE
2026-05-28,HELI,172.0,172.0,172.0,172.0,0.0,True,True,True,True,PLACEHOLDER_CANDIDATE
2026-05-14,HERO,448.0,448.0,448.0,448.0,0.0,True,True,True,True,PLACEHOLDER_CANDIDATE
2026-05-15,HERO,448.0,448.0,448.0,448.0,0.0,True,True,True,True,PLACEHOLDER_CANDIDATE
2026-05-27,HERO,392.0,392.0,392.0,392.0,0.0,True,True,True,True,PLACEHOLDER_CANDIDATE
2026-05-28,HERO,392.0,392.0,392.0,392.0,0.0,True,True,True,True,PLACEHOLDER_CANDIDATE
2026-08-25,HERO,336.0,336.0,336.0,336.0,0.0,True,True,True,True,PLACEHOLDER_CANDIDATE
2026-05-14,HEXA,4219.35595703125,4219.35595703125,4219.35595703125,4219.35595703125,0.0,True,True,True,True,PLACEHOLDER_CANDIDATE
2026-05-15,HEXA,4219.35595703125,4219.35595703125,4219.35595703125,4219.35595703125,0.0,True,True,True,True,PLACEHOLDER_CANDIDATE
2026-05-27,HEXA,4144.177734375,4144.177734375,4144.177734375,4144.177734375,0.0,True,True,True,True,PLACEHOLDER_CANDIDATE
2026-05-28,HEXA,4144.177734375,4144.177734375,4144.177734375,4144.177734375,0.0,True,True,True,True,PLACEHOLDER_CANDIDATE
2026-08-25,HEXA,4069.000244140625,4069.000244140625,4069.000244140625,4069.000244140625,0.0,True,True,True,True,PLACEHOLDER_CANDIDATE
2026-05-14,HGII,135.54312133789062,135.54312133789062,135.54312133789062,135.54312133789062,0.0,True,True,True,True,PLACEHOLDER_CANDIDATE
2026-05-15,HGII,135.54312133789062,135.54312133789062,135.54312133789062,135.54312133789062,0.0,True,True,True,True,PLACEHOLDER_CANDIDATE
2026-05-27,HGII,131.5565643310547,131.5565643310547,131.5565643310547,131.5565643310547,0.0,True,True,True,True,PLACEHOLDER_CANDIDATE
2026-05-28,HGII,131.5565643310547,131.5565643310547,131.5565643310547,131.5565643310547,0.0,True,True,True,True,PLACEHOLDER_CANDIDATE
2026-05-14,HILL,18.0,18.0,18.0,18.0,0.0,True,True,True,True,PLACEHOLDER_CANDIDATE
2026-05-15,HILL,18.0,18.0,18.0,18.0,0.0,True,True,True,True,PLACEHOLDER_CANDIDATE
2026-05-27,HILL,15.0,15.0,15.0,15.0,0.0,True,True,True,True,PLACEHOLDER_CANDIDATE
2026-05-28,HILL,15.0,15.0,15.0,15.0,0.0,True,True,True,True,PLACEHOLDER_CANDIDATE
2026-08-17,HILL,16.0,16.0,16.0,16.0,0.0,True,True,True,True,PLACEHOLDER_CANDIDATE
2026-08-25,HILL,16.0,16.0,16.0,16.0,0.0,True,True,True,True,PLACEHOLDER_CANDIDATE
2026-05-01,HITS,116.0,116.0,116.0,116.0,0.0,True,True,True,True,PLACEHOLDER_CANDIDATE
2026-05-14,HITS,116.0,116.0,116.0,116.0,0.0,True,True,True,True,PLACEHOLDER_CANDIDATE
2026-05-15,HITS,116.0,116.0,116.0,116.0,0.0,True,True,True,True,PLACEHOLDER_CANDIDATE
2026-05-27,HITS,116.0,116.0,116.0,116.0,0.0,True,True,True,True,PLACEHOLDER_CANDIDATE
2026-05-28,HITS,116.0,116.0,116.0,116.0,0.0,True,True,True,True,PLACEHOLDER_CANDIDATE
2026-06-01,HITS,116.0,116.0,116.0,116.0,0.0,True,True,True,True,PLACEHOLDER_CANDIDATE
2026-06-16,HITS,116.0,116.0,116.0,116.0,0.0,True,True,True,True,PLACEHOLDER_CANDIDATE
2026-08-17,HITS,116.0,116.0,116.0,116.0,0.0,True,True,True,True,PLACEHOLDER_CANDIDATE
2026-08-25,HITS,116.0,116.0,116.0,116.0,0.0,True,True,True,True,PLACEHOLDER_CANDIDATE
2014-04-09,HMSP,1347.35,1347.35,1347.35,1347.35,0.0,True,True,True,True,PLACEHOLDER_CANDIDATE
2014-07-09,HMSP,1330.74,1330.74,1330.74,1330.74,0.0,True,True,True,True,PLACEHOLDER_CANDIDATE
2015-12-09,HMSP,2086.26,2086.26,2086.26,2086.26,0.0,True,True,True,True,PLACEHOLDER_CANDIDATE
2017-01-02,HMSP,2128.19,2128.19,2128.19,2128.19,0.0,True,True,True,True,PLACEHOLDER_CANDIDATE
2017-02-15,HMSP,2139.3,2139.3,2139.3,2139.3,0.0,True,True,True,True,PLACEHOLDER_CANDIDATE
2017-04-19,HMSP,2194.87,2194.87,2194.87,2194.87,0.0,True,True,True,True,PLACEHOLDER_CANDIDATE
2017-06-01,HMSP,2245.77,2245.77,2245.77,2245.77,0.0,True,True,True,True,PLACEHOLDER_CANDIDATE
2017-06-23,HMSP,2194.34,2194.34,2194.34,2194.34,0.0,True,True,True,True,PLACEHOLDER_CANDIDATE
2017-06-26,HMSP,2194.34,2194.34,2194.34,2194.34,0.0,True,True,True,True,PLACEHOLDER_CANDIDATE
2017-06-27,HMSP,2194.34,2194.34,2194.34,2194.34,0.0,True,True,True,True,PLACEHOLDER_CANDIDATE
2017-06-28,HMSP,2194.34,2194.34,2194.34,2194.34,0.0,True,True,True,True,PLACEHOLDER_CANDIDATE
2017-06-29,HMSP,2194.34,2194.34,2194.34,2194.34,0.0,True,True,True,True,PLACEHOLDER_CANDIDATE
2017-06-30,HMSP,2194.34,2194.34,2194.34,2194.34,0.0,True,True,True,True,PLACEHOLDER_CANDIDATE
2017-08-17,HMSP,2108.63,2108.63,2108.63,2108.63,0.0,True,True,True,True,PLACEHOLDER_CANDIDATE
2017-09-01,HMSP,2080.05,2080.05,2080.05,2080.05,0.0,True,True,True,True,PLACEHOLDER_CANDIDATE
2017-09-21,HMSP,2245.77,2245.77,2245.77,2245.77,0.0,True,True,True,True,PLACEHOLDER_CANDIDATE
2017-12-25,HMSP,2657.21,2657.21,2657.21,2657.21,0.0,True,True,True,True,PLACEHOLDER_CANDIDATE
2017-12-26,HMSP,2657.21,2657.21,2657.21,2657.21,0.0,True,True,True,True,PLACEHOLDER_CANDIDATE
2018-01-01,HMSP,2702.93,2702.93,2702.93,2702.93,0.0,True,True,True,True,PLACEHOLDER_CANDIDATE
2018-02-16,HMSP,2771.5,2771.5,2771.5,2771.5,0.0,True,True,True,True,PLACEHOLDER_CANDIDATE
2018-03-30,HMSP,2274.35,2274.35,2274.35,2274.35,0.0,True,True,True,True,PLACEHOLDER_CANDIDATE
2018-05-01,HMSP,2022.91,2022.91,2022.91,2022.91,0.0,True,True,True,True,PLACEHOLDER_CANDIDATE
2018-05-10,HMSP,2121.31,2121.31,2121.31,2121.31,0.0,True,True,True,True,PLACEHOLDER_CANDIDATE
2018-05-29,HMSP,2268.63,2268.63,2268.63,2268.63,0.0,True,True,True,True,PLACEHOLDER_CANDIDATE
2018-06-01,HMSP,2233.27,2233.27,2233.27,2233.27,0.0,True,True,True,True,PLACEHOLDER_CANDIDATE
2018-06-11,HMSP,2144.89,2144.89,2144.89,2144.89,0.0,True,True,True,True,PLACEHOLDER_CANDIDATE
2018-06-12,HMSP,2144.89,2144.89,2144.89,2144.89,0.0,True,True,True,True,PLACEHOLDER_CANDIDATE
2018-06-13,HMSP,2144.89,2144.89,2144.89,2144.89,0.0,True,True,True,True,PLACEHOLDER_CANDIDATE
2018-06-14,HMSP,2144.89,2144.89,2144.89,2144.89,0.0,True,True,True,True,PLACEHOLDER_CANDIDATE
2018-06-15,HMSP,2144.89,2144.89,2144.89,2144.89,0.0,True,True,True,True,PLACEHOLDER_CANDIDATE
2018-06-18,HMSP,2144.89,2144.89,2144.89,2144.89,0.0,True,True,True,True,PLACEHOLDER_CANDIDATE
2018-06-19,HMSP,2144.89,2144.89,2144.89,2144.89,0.0,True,True,True,True,PLACEHOLDER_CANDIDATE
2018-08-17,HMSP,2091.85,2091.85,2091.85,2091.85,0.0,True,True,True,True,PLACEHOLDER_CANDIDATE
2018-08-22,HMSP,2239.17,2239.17,2239.17,2239.17,0.0,True,True,True,True,PLACEHOLDER_CANDIDATE
2018-09-11,HMSP,2239.17,2239.17,2239.17,2239.17,0.0,True,True,True,True,PLACEHOLDER_CANDIDATE
2018-11-20,HMSP,2003.46,2003.46,2003.46,2003.46,0.0,True,True,True,True,PLACEHOLDER_CANDIDATE
2018-12-24,HMSP,2303.98,2303.98,2303.98,2303.98,0.0,True,True,True,True,PLACEHOLDER_CANDIDATE
2018-12-25,HMSP,2303.98,2303.98,2303.98,2303.98,0.0,True,True,True,True,PLACEHOLDER_CANDIDATE
2018-12-31,HMSP,2186.13,2186.13,2186.13,2186.13,0.0,True,True,True,True,PLACEHOLDER_CANDIDATE
2019-01-01,HMSP,2186.13,2186.13,2186.13,2186.13,0.0,True,True,True,True,PLACEHOLDER_CANDIDATE
2019-02-05,HMSP,2180.24,2180.24,2180.24,2180.24,0.0,True,True,True,True,PLACEHOLDER_CANDIDATE
2019-03-07,HMSP,2233.27,2233.27,2233.27,2233.27,0.0,True,True,True,True,PLACEHOLDER_CANDIDATE
2019-04-03,HMSP,2245.06,2245.06,2245.06,2245.06,0.0,True,True,True,True,PLACEHOLDER_CANDIDATE
2019-04-17,HMSP,2197.92,2197.92,2197.92,2197.92,0.0,True,True,True,True,PLACEHOLDER_CANDIDATE
2019-04-19,HMSP,2138.99,2138.99,2138.99,2138.99,0.0,True,True,True,True,PLACEHOLDER_CANDIDATE
2019-05-01,HMSP,2062.39,2062.39,2062.39,2062.39,0.0,True,True,True,True,PLACEHOLDER_CANDIDATE
2019-05-30,HMSP,2016.14,2016.14,2016.14,2016.14,0.0,True,True,True,True,PLACEHOLDER_CANDIDATE
2019-06-03,HMSP,2065.02,2065.02,2065.02,2065.02,0.0,True,True,True,True,PLACEHOLDER_CANDIDATE
2019-06-04,HMSP,2065.02,2065.02,2065.02,2065.02,0.0,True,True,True,True,PLACEHOLDER_CANDIDATE
2019-06-05,HMSP,2065.02,2065.02,2065.02,2065.02,0.0,True,True,True,True,PLACEHOLDER_CANDIDATE
2019-06-06,HMSP,2065.02,2065.02,2065.02,2065.02,0.0,True,True,True,True,PLACEHOLDER_CANDIDATE
2019-06-07,HMSP,2065.02,2065.02,2065.02,2065.02,0.0,True,True,True,True,PLACEHOLDER_CANDIDATE
2026-05-14,HMSP,683.32,683.32,683.32,683.32,0.0,True,True,True,True,PLACEHOLDER_CANDIDATE
2026-05-15,HMSP,683.32,683.32,683.32,683.32,0.0,True,True,True,True,PLACEHOLDER_CANDIDATE
2026-05-27,HMSP,678.7,678.7,678.7,678.7,0.0,True,True,True,True,PLACEHOLDER_CANDIDATE
2026-05-28,HMSP,678.7,678.7,678.7,678.7,0.0,True,True,True,True,PLACEHOLDER_CANDIDATE
2026-08-25,HMSP,745.0,745.0,745.0,745.0,0.0,True,True,True,True,PLACEHOLDER_CANDIDATE
2026-05-14,HOKI,65.0,65.0,65.0,65.0,0.0,True,True,True,True,PLACEHOLDER_CANDIDATE
2026-05-15,HOKI,65.0,65.0,65.0,65.0,0.0,True,True,True,True,PLACEHOLDER_CANDIDATE
2026-05-27,HOKI,61.0,61.0,61.0,61.0,0.0,True,True,True,True,PLACEHOLDER_CANDIDATE
2026-05-28,HOKI,61.0,61.0,61.0,61.0,0.0,True,True,True,True,PLACEHOLDER_CANDIDATE
2026-05-14,HOMI,218.0,218.0,218.0,218.0,0.0,True,True,True,True,PLACEHOLDER_CANDIDATE
2026-05-15,HOMI,218.0,218.0,218.0,218.0,0.0,True,True,True,True,PLACEHOLDER_CANDIDATE
2026-05-27,HOMI,199.0,199.0,199.0,199.0,0.0,True,True,True,True,PLACEHOLDER_CANDIDATE
2026-05-28,HOMI,199.0,199.0,199.0,199.0,0.0,True,True,True,True,PLACEHOLDER_CANDIDATE
2026-05-14,HOPE,150.0,150.0,150.0,150.0,0.0,True,True,True,True,PLACEHOLDER_CANDIDATE
2026-05-15,HOPE,150.0,150.0,150.0,150.0,0.0,True,True,True,True,PLACEHOLDER_CANDIDATE
2026-05-27,HOPE,128.0,128.0,128.0,128.0,0.0,True,True,True,True,PLACEHOLDER_CANDIDATE
2026-05-28,HOPE,128.0,128.0,128.0,128.0,0.0,True,True,True,True,PLACEHOLDER_CANDIDATE
2026-05-14,HRME,53.0,53.0,53.0,53.0,0.0,True,True,True,True,PLACEHOLDER_CANDIDATE
2026-05-15,HRME,53.0,53.0,53.0,53.0,0.0,True,True,True,True,PLACEHOLDER_CANDIDATE
2026-05-27,HRME,46.0,46.0,46.0,46.0,0.0,True,True,True,True,PLACEHOLDER_CANDIDATE
2026-05-28,HRME,46.0,46.0,46.0,46.0,0.0,True,True,True,True,PLACEHOLDER_CANDIDATE
2026-05-14,HRTA,2600.55859375,2600.55859375,2600.55859375,2600.55859375,0.0,True,True,True,True,PLACEHOLDER_CANDIDATE
2026-05-15,HRTA,2600.55859375,2600.55859375,2600.55859375,2600.55859375,0.0,True,True,True,True,PLACEHOLDER_CANDIDATE
2026-05-27,HRTA,2317.0390625,2317.0390625,2317.0390625,2317.0390625,0.0,True,True,True,True,PLACEHOLDER_CANDIDATE
2026-05-28,HRTA,2317.0390625,2317.0390625,2317.0390625,2317.0390625,0.0,True,True,True,True,PLACEHOLDER_CANDIDATE
2014-04-09,HRUM,346.44,346.44,346.44,346.44,0.0,True,True,True,True,PLACEHOLDER_CANDIDATE
2014-07-09,HRUM,381.05,381.05,381.05,381.05,0.0,True,True,True,True,PLACEHOLDER_CANDIDATE
2015-12-09,HRUM,117.7,117.7,117.7,117.7,0.0,True,True,True,True,PLACEHOLDER_CANDIDATE
2017-01-02,HRUM,362.42,362.42,362.42,362.42,0.0,True,True,True,True,PLACEHOLDER_CANDIDATE
2017-02-15,HRUM,345.48,345.48,345.48,345.48,0.0,True,True,True,True,PLACEHOLDER_CANDIDATE
2017-04-19,HRUM,438.63,438.63,438.63,438.63,0.0,True,True,True,True,PLACEHOLDER_CANDIDATE
2017-06-01,HRUM,357.34,357.34,357.34,357.34,0.0,True,True,True,True,PLACEHOLDER_CANDIDATE
2017-06-23,HRUM,337.86,337.86,337.86,337.86,0.0,True,True,True,True,PLACEHOLDER_CANDIDATE
2017-06-26,HRUM,337.86,337.86,337.86,337.86,0.0,True,True,True,True,PLACEHOLDER_CANDIDATE
2017-06-27,HRUM,337.86,337.86,337.86,337.86,0.0,True,True,True,True,PLACEHOLDER_CANDIDATE
2017-06-28,HRUM,337.86,337.86,337.86,337.86,0.0,True,True,True,True,PLACEHOLDER_CANDIDATE
2017-06-29,HRUM,337.86,337.86,337.86,337.86,0.0,True,True,True,True,PLACEHOLDER_CANDIDATE
2017-06-30,HRUM,337.86,337.86,337.86,337.86,0.0,True,True,True,True,PLACEHOLDER_CANDIDATE
2017-08-17,HRUM,397.98,397.98,397.98,397.98,0.0,True,True,True,True,PLACEHOLDER_CANDIDATE
2017-09-01,HRUM,392.9,392.9,392.9,392.9,0.0,True,True,True,True,PLACEHOLDER_CANDIDATE
2017-09-21,HRUM,370.89,370.89,370.89,370.89,0.0,True,True,True,True,PLACEHOLDER_CANDIDATE
2017-12-25,HRUM,359.03,359.03,359.03,359.03,0.0,True,True,True,True,PLACEHOLDER_CANDIDATE
2017-12-26,HRUM,359.03,359.03,359.03,359.03,0.0,True,True,True,True,PLACEHOLDER_CANDIDATE
2018-01-01,HRUM,347.18,347.18,347.18,347.18,0.0,True,True,True,True,PLACEHOLDER_CANDIDATE
2018-02-16,HRUM,552.09,552.09,552.09,552.09,0.0,True,True,True,True,PLACEHOLDER_CANDIDATE
2018-03-30,HRUM,460.64,460.64,460.64,460.64,0.0,True,True,True,True,PLACEHOLDER_CANDIDATE
2018-05-01,HRUM,433.55,433.55,433.55,433.55,0.0,True,True,True,True,PLACEHOLDER_CANDIDATE
2018-05-10,HRUM,397.98,397.98,397.98,397.98,0.0,True,True,True,True,PLACEHOLDER_CANDIDATE
2018-05-29,HRUM,501.29,501.29,501.29,501.29,0.0,True,True,True,True,PLACEHOLDER_CANDIDATE
2018-06-01,HRUM,547.01,547.01,547.01,547.01,0.0,True,True,True,True,PLACEHOLDER_CANDIDATE
2018-06-11,HRUM,546.75,546.75,546.75,546.75,0.0,True,True,True,True,PLACEHOLDER_CANDIDATE
2018-06-12,HRUM,546.75,546.75,546.75,546.75,0.0,True,True,True,True,PLACEHOLDER_CANDIDATE
2018-06-13,HRUM,546.75,546.75,546.75,546.75,0.0,True,True,True,True,PLACEHOLDER_CANDIDATE
2018-06-14,HRUM,546.75,546.75,546.75,546.75,0.0,True,True,True,True,PLACEHOLDER_CANDIDATE
2018-06-15,HRUM,546.75,546.75,546.75,546.75,0.0,True,True,True,True,PLACEHOLDER_CANDIDATE
2018-06-18,HRUM,546.75,546.75,546.75,546.75,0.0,True,True,True,True,PLACEHOLDER_CANDIDATE
2018-06-19,HRUM,546.75,546.75,546.75,546.75,0.0,True,True,True,True,PLACEHOLDER_CANDIDATE
2018-08-17,HRUM,456.85,456.85,456.85,456.85,0.0,True,True,True,True,PLACEHOLDER_CANDIDATE
2018-08-22,HRUM,471.53,471.53,471.53,471.53,0.0,True,True,True,True,PLACEHOLDER_CANDIDATE
2018-09-11,HRUM,431.16,431.16,431.16,431.16,0.0,True,True,True,True,PLACEHOLDER_CANDIDATE
2018-11-20,HRUM,333.01,333.01,333.01,333.01,0.0,True,True,True,True,PLACEHOLDER_CANDIDATE
2018-12-24,HRUM,260.53,260.53,260.53,260.53,0.0,True,True,True,True,PLACEHOLDER_CANDIDATE
2018-12-25,HRUM,260.53,260.53,260.53,260.53,0.0,True,True,True,True,PLACEHOLDER_CANDIDATE
2018-12-31,HRUM,256.86,256.86,256.86,256.86,0.0,True,True,True,True,PLACEHOLDER_CANDIDATE
2019-01-01,HRUM,256.86,256.86,256.86,256.86,0.0,True,True,True,True,PLACEHOLDER_CANDIDATE
2019-02-05,HRUM,314.66,314.66,314.66,314.66,0.0,True,True,True,True,PLACEHOLDER_CANDIDATE
2019-03-07,HRUM,274.29,274.29,274.29,274.29,0.0,True,True,True,True,PLACEHOLDER_CANDIDATE
2019-04-03,HRUM,257.78,257.78,257.78,257.78,0.0,True,True,True,True,PLACEHOLDER_CANDIDATE
2019-04-17,HRUM,236.68,236.68,236.68,236.68,0.0,True,True,True,True,PLACEHOLDER_CANDIDATE
2019-04-19,HRUM,234.85,234.85,234.85,234.85,0.0,True,True,True,True,PLACEHOLDER_CANDIDATE
2019-05-01,HRUM,245.86,245.86,245.86,245.86,0.0,True,True,True,True,PLACEHOLDER_CANDIDATE
2019-05-30,HRUM,270.71,270.71,270.71,270.71,0.0,True,True,True,True,PLACEHOLDER_CANDIDATE
2019-06-03,HRUM,270.71,270.71,270.71,270.71,0.0,True,True,True,True,PLACEHOLDER_CANDIDATE
2019-06-04,HRUM,270.71,270.71,270.71,270.71,0.0,True,True,True,True,PLACEHOLDER_CANDIDATE
2019-06-05,HRUM,270.71,270.71,270.71,270.71,0.0,True,True,True,True,PLACEHOLDER_CANDIDATE
2019-06-06,HRUM,270.71,270.71,270.71,270.71,0.0,True,True,True,True,PLACEHOLDER_CANDIDATE
2019-06-07,HRUM,270.71,270.71,270.71,270.71,0.0,True,True,True,True,PLACEHOLDER_CANDIDATE
2026-05-14,HRUM,895.0,895.0,895.0,895.0,0.0,True,True,True,True,PLACEHOLDER_CANDIDATE
2026-05-15,HRUM,895.0,895.0,895.0,895.0,0.0,True,True,True,True,PLACEHOLDER_CANDIDATE
2026-05-27,HRUM,795.0,795.0,795.0,795.0,0.0,True,True,True,True,PLACEHOLDER_CANDIDATE
2026-05-28,HRUM,795.0,795.0,795.0,795.0,0.0,True,True,True,True,PLACEHOLDER_CANDIDATE
2026-05-14,HUMI,173.8136444091797,173.8136444091797,173.8136444091797,173.8136444091797,0.0,True,True,True,True,PLACEHOLDER_CANDIDATE
2026-05-15,HUMI,173.8136444091797,173.8136444091797,173.8136444091797,173.8136444091797,0.0,True,True,True,True,PLACEHOLDER_CANDIDATE
2026-05-27,HUMI,146.84255981445312,146.84255981445312,146.84255981445312,146.84255981445312,0.0,True,True,True,True,PLACEHOLDER_CANDIDATE
2026-05-28,HUMI,146.84255981445312,146.84255981445312,146.84255981445312,146.84255981445312,0.0,True,True,True,True,PLACEHOLDER_CANDIDATE
2026-05-14,HYGN,156.8000030517578,156.8000030517578,156.8000030517578,156.8000030517578,0.0,True,True,True,True,PLACEHOLDER_CANDIDATE
2026-05-15,HYGN,156.8000030517578,156.8000030517578,156.8000030517578,156.8000030517578,0.0,True,True,True,True,PLACEHOLDER_CANDIDATE
2026-05-27,HYGN,148.0,148.0,148.0,148.0,0.0,True,True,True,True,PLACEHOLDER_CANDIDATE
2026-05-28,HYGN,148.0,148.0,148.0,148.0,0.0,True,True,True,True,PLACEHOLDER_CANDIDATE
2026-05-14,IATA,73.0,73.0,73.0,73.0,0.0,True,True,True,True,PLACEHOLDER_CANDIDATE
2026-05-15,IATA,73.0,73.0,73.0,73.0,0.0,True,True,True,True,PLACEHOLDER_CANDIDATE
2026-05-27,IATA,67.0,67.0,67.0,67.0,0.0,True,True,True,True,PLACEHOLDER_CANDIDATE
2026-05-28,IATA,67.0,67.0,67.0,67.0,0.0,True,True,True,True,PLACEHOLDER_CANDIDATE
2026-05-14,IBFN,76.0,76.0,76.0,76.0,0.0,True,True,True,True,PLACEHOLDER_CANDIDATE
2026-05-15,IBFN,76.0,76.0,76.0,76.0,0.0,True,True,True,True,PLACEHOLDER_CANDIDATE
2026-05-27,IBFN,74.0,74.0,74.0,74.0,0.0,True,True,True,True,PLACEHOLDER_CANDIDATE
2026-05-28,IBFN,74.0,74.0,74.0,74.0,0.0,True,True,True,True,PLACEHOLDER_CANDIDATE
2026-08-17,IBFN,63.0,63.0,63.0,63.0,0.0,True,True,True,True,PLACEHOLDER_CANDIDATE
2026-08-25,IBFN,63.0,63.0,63.0,63.0,0.0,True,True,True,True,PLACEHOLDER_CANDIDATE
2026-05-14,IBOS,105.0,105.0,105.0,105.0,0.0,True,True,True,True,PLACEHOLDER_CANDIDATE
2026-05-15,IBOS,105.0,105.0,105.0,105.0,0.0,True,True,True,True,PLACEHOLDER_CANDIDATE
2026-05-27,IBOS,85.0,85.0,85.0,85.0,0.0,True,True,True,True,PLACEHOLDER_CANDIDATE
2026-05-28,IBOS,85.0,85.0,85.0,85.0,0.0,True,True,True,True,PLACEHOLDER_CANDIDATE
2026-05-01,IBST,8475.0,8475.0,8475.0,8475.0,0.0,True,True,True,True,PLACEHOLDER_CANDIDATE
2026-05-14,IBST,8475.0,8475.0,8475.0,8475.0,0.0,True,True,True,True,PLACEHOLDER_CANDIDATE
2026-05-15,IBST,8475.0,8475.0,8475.0,8475.0,0.0,True,True,True,True,PLACEHOLDER_CANDIDATE
2026-05-27,IBST,8475.0,8475.0,8475.0,8475.0,0.0,True,True,True,True,PLACEHOLDER_CANDIDATE
2026-05-28,IBST,8475.0,8475.0,8475.0,8475.0,0.0,True,True,True,True,PLACEHOLDER_CANDIDATE
2026-06-01,IBST,8475.0,8475.0,8475.0,8475.0,0.0,True,True,True,True,PLACEHOLDER_CANDIDATE
2026-06-16,IBST,8475.0,8475.0,8475.0,8475.0,0.0,True,True,True,True,PLACEHOLDER_CANDIDATE
2026-08-17,IBST,8475.0,8475.0,8475.0,8475.0,0.0,True,True,True,True,PLACEHOLDER_CANDIDATE
2026-08-25,IBST,8475.0,8475.0,8475.0,8475.0,0.0,True,True,True,True,PLACEHOLDER_CANDIDATE
2014-04-09,ICBP,3929.62,3929.62,3929.62,3929.62,0.0,True,True,True,True,PLACEHOLDER_CANDIDATE
2014-07-09,ICBP,4018.04,4018.04,4018.04,4018.04,0.0,True,True,True,True,PLACEHOLDER_CANDIDATE
2015-12-09,ICBP,4953.77,4953.77,4953.77,4953.77,0.0,True,True,True,True,PLACEHOLDER_CANDIDATE
2017-01-02,ICBP,7089.16,7089.16,7089.16,7089.16,0.0,True,True,True,True,PLACEHOLDER_CANDIDATE
2017-02-15,ICBP,6985.82,6985.82,6985.82,6985.82,0.0,True,True,True,True,PLACEHOLDER_CANDIDATE
2017-04-19,ICBP,6779.14,6779.14,6779.14,6779.14,0.0,True,True,True,True,PLACEHOLDER_CANDIDATE
2017-06-01,ICBP,7192.5,7192.5,7192.5,7192.5,0.0,True,True,True,True,PLACEHOLDER_CANDIDATE
2017-06-23,ICBP,7411.05,7411.05,7411.05,7411.05,0.0,True,True,True,True,PLACEHOLDER_CANDIDATE
2017-06-26,ICBP,7411.05,7411.05,7411.05,7411.05,0.0,True,True,True,True,PLACEHOLDER_CANDIDATE
2017-06-27,ICBP,7411.05,7411.05,7411.05,7411.05,0.0,True,True,True,True,PLACEHOLDER_CANDIDATE
2017-06-28,ICBP,7411.05,7411.05,7411.05,7411.05,0.0,True,True,True,True,PLACEHOLDER_CANDIDATE
2017-06-29,ICBP,7411.05,7411.05,7411.05,7411.05,0.0,True,True,True,True,PLACEHOLDER_CANDIDATE
2017-06-30,ICBP,7411.05,7411.05,7411.05,7411.05,0.0,True,True,True,True,PLACEHOLDER_CANDIDATE
2017-08-17,ICBP,7305.77,7305.77,7305.77,7305.77,0.0,True,True,True,True,PLACEHOLDER_CANDIDATE
2017-09-01,ICBP,7347.88,7347.88,7347.88,7347.88,0.0,True,True,True,True,PLACEHOLDER_CANDIDATE
2017-09-21,ICBP,7453.15,7453.15,7453.15,7453.15,0.0,True,True,True,True,PLACEHOLDER_CANDIDATE
2017-12-25,ICBP,7579.48,7579.48,7579.48,7579.48,0.0,True,True,True,True,PLACEHOLDER_CANDIDATE
2017-12-26,ICBP,7579.48,7579.48,7579.48,7579.48,0.0,True,True,True,True,PLACEHOLDER_CANDIDATE
2018-01-01,ICBP,7495.26,7495.26,7495.26,7495.26,0.0,True,True,True,True,PLACEHOLDER_CANDIDATE
2018-02-16,ICBP,7558.42,7558.42,7558.42,7558.42,0.0,True,True,True,True,PLACEHOLDER_CANDIDATE
2018-03-30,ICBP,6968.91,6968.91,6968.91,6968.91,0.0,True,True,True,True,PLACEHOLDER_CANDIDATE
2018-05-01,ICBP,7305.77,7305.77,7305.77,7305.77,0.0,True,True,True,True,PLACEHOLDER_CANDIDATE
2018-05-10,ICBP,7137.34,7137.34,7137.34,7137.34,0.0,True,True,True,True,PLACEHOLDER_CANDIDATE
2018-05-29,ICBP,7263.67,7263.67,7263.67,7263.67,0.0,True,True,True,True,PLACEHOLDER_CANDIDATE
2018-06-01,ICBP,7326.83,7326.83,7326.83,7326.83,0.0,True,True,True,True,PLACEHOLDER_CANDIDATE
2018-06-11,ICBP,7453.15,7453.15,7453.15,7453.15,0.0,True,True,True,True,PLACEHOLDER_CANDIDATE
2018-06-12,ICBP,7453.15,7453.15,7453.15,7453.15,0.0,True,True,True,True,PLACEHOLDER_CANDIDATE
2018-06-13,ICBP,7453.15,7453.15,7453.15,7453.15,0.0,True,True,True,True,PLACEHOLDER_CANDIDATE
2018-06-14,ICBP,7453.15,7453.15,7453.15,7453.15,0.0,True,True,True,True,PLACEHOLDER_CANDIDATE
2018-06-15,ICBP,7453.15,7453.15,7453.15,7453.15,0.0,True,True,True,True,PLACEHOLDER_CANDIDATE
2018-06-18,ICBP,7453.15,7453.15,7453.15,7453.15,0.0,True,True,True,True,PLACEHOLDER_CANDIDATE
2018-06-19,ICBP,7453.15,7453.15,7453.15,7453.15,0.0,True,True,True,True,PLACEHOLDER_CANDIDATE
2018-08-17,ICBP,7420.55,7420.55,7420.55,7420.55,0.0,True,True,True,True,PLACEHOLDER_CANDIDATE
2018-08-22,ICBP,7549.23,7549.23,7549.23,7549.23,0.0,True,True,True,True,PLACEHOLDER_CANDIDATE
2018-09-11,ICBP,7635.02,7635.02,7635.02,7635.02,0.0,True,True,True,True,PLACEHOLDER_CANDIDATE
2018-11-20,ICBP,7576.75,7576.75,7576.75,7576.75,0.0,True,True,True,True,PLACEHOLDER_CANDIDATE
2018-12-24,ICBP,9087.78,9087.78,9087.78,9087.78,0.0,True,True,True,True,PLACEHOLDER_CANDIDATE
2018-12-25,ICBP,9087.78,9087.78,9087.78,9087.78,0.0,True,True,True,True,PLACEHOLDER_CANDIDATE
2018-12-31,ICBP,9023.03,9023.03,9023.03,9023.03,0.0,True,True,True,True,PLACEHOLDER_CANDIDATE
2019-01-01,ICBP,9023.03,9023.03,9023.03,9023.03,0.0,True,True,True,True,PLACEHOLDER_CANDIDATE
2019-02-05,ICBP,9195.72,9195.72,9195.72,9195.72,0.0,True,True,True,True,PLACEHOLDER_CANDIDATE
2019-03-07,ICBP,8850.34,8850.34,8850.34,8850.34,0.0,True,True,True,True,PLACEHOLDER_CANDIDATE
2019-04-03,ICBP,7771.03,7771.03,7771.03,7771.03,0.0,True,True,True,True,PLACEHOLDER_CANDIDATE
2019-04-17,ICBP,7835.79,7835.79,7835.79,7835.79,0.0,True,True,True,True,PLACEHOLDER_CANDIDATE
2019-04-19,ICBP,7857.37,7857.37,7857.37,7857.37,0.0,True,True,True,True,PLACEHOLDER_CANDIDATE
2019-05-01,ICBP,8397.03,8397.03,8397.03,8397.03,0.0,True,True,True,True,PLACEHOLDER_CANDIDATE
2019-05-30,ICBP,8397.03,8397.03,8397.03,8397.03,0.0,True,True,True,True,PLACEHOLDER_CANDIDATE
2019-06-03,ICBP,8461.79,8461.79,8461.79,8461.79,0.0,True,True,True,True,PLACEHOLDER_CANDIDATE
2019-06-04,ICBP,8461.79,8461.79,8461.79,8461.79,0.0,True,True,True,True,PLACEHOLDER_CANDIDATE
2019-06-05,ICBP,8461.79,8461.79,8461.79,8461.79,0.0,True,True,True,True,PLACEHOLDER_CANDIDATE
2019-06-06,ICBP,8461.79,8461.79,8461.79,8461.79,0.0,True,True,True,True,PLACEHOLDER_CANDIDATE
2019-06-07,ICBP,8461.79,8461.79,8461.79,8461.79,0.0,True,True,True,True,PLACEHOLDER_CANDIDATE
2026-05-14,ICBP,6825.0,6825.0,6825.0,6825.0,0.0,True,True,True,True,PLACEHOLDER_CANDIDATE
2026-05-15,ICBP,6825.0,6825.0,6825.0,6825.0,0.0,True,True,True,True,PLACEHOLDER_CANDIDATE
2026-05-27,ICBP,6875.0,6875.0,6875.0,6875.0,0.0,True,True,True,True,PLACEHOLDER_CANDIDATE
2026-05-28,ICBP,6875.0,6875.0,6875.0,6875.0,0.0,True,True,True,True,PLACEHOLDER_CANDIDATE
2026-05-14,ICON,151.0,151.0,151.0,151.0,0.0,True,True,True,True,PLACEHOLDER_CANDIDATE
2026-05-15,ICON,151.0,151.0,151.0,151.0,0.0,True,True,True,True,PLACEHOLDER_CANDIDATE
2026-05-27,ICON,105.0,105.0,105.0,105.0,0.0,True,True,True,True,PLACEHOLDER_CANDIDATE
2026-05-28,ICON,105.0,105.0,105.0,105.0,0.0,True,True,True,True,PLACEHOLDER_CANDIDATE
2026-05-14,IDEA,72.0,72.0,72.0,72.0,0.0,True,True,True,True,PLACEHOLDER_CANDIDATE
2026-05-15,IDEA,72.0,72.0,72.0,72.0,0.0,True,True,True,True,PLACEHOLDER_CANDIDATE
2026-05-27,IDEA,64.0,64.0,64.0,64.0,0.0,True,True,True,True,PLACEHOLDER_CANDIDATE
2026-05-28,IDEA,64.0,64.0,64.0,64.0,0.0,True,True,True,True,PLACEHOLDER_CANDIDATE
2026-05-14,IDPR,294.9664306640625,294.9664306640625,294.9664306640625,294.9664306640625,0.0,True,True,True,True,PLACEHOLDER_CANDIDATE
2026-05-15,IDPR,294.9664306640625,294.9664306640625,294.9664306640625,294.9664306640625,0.0,True,True,True,True,PLACEHOLDER_CANDIDATE
2026-05-27,IDPR,294.9664306640625,294.9664306640625,294.9664306640625,294.9664306640625,0.0,True,True,True,True,PLACEHOLDER_CANDIDATE
2026-05-28,IDPR,294.9664306640625,294.9664306640625,294.9664306640625,294.9664306640625,0.0,True,True,True,True,PLACEHOLDER_CANDIDATE
2026-05-14,IFII,216.7641448974609,216.7641448974609,216.7641448974609,216.7641448974609,0.0,True,True,True,True,PLACEHOLDER_CANDIDATE
2026-05-15,IFII,216.7641448974609,216.7641448974609,216.7641448974609,216.7641448974609,0.0,True,True,True,True,PLACEHOLDER_CANDIDATE
2026-05-27,IFII,218.71697998046875,218.71697998046875,218.71697998046875,218.71697998046875,0.0,True,True,True,True,PLACEHOLDER_CANDIDATE
2026-05-28,IFII,218.71697998046875,218.71697998046875,218.71697998046875,218.71697998046875,0.0,True,True,True,True,PLACEHOLDER_CANDIDATE
2026-05-14,IFSH,1911.510009765625,1911.510009765625,1911.510009765625,1911.510009765625,0.0,True,True,True,True,PLACEHOLDER_CANDIDATE
2026-05-15,IFSH,1911.510009765625,1911.510009765625,1911.510009765625,1911.510009765625,0.0,True,True,True,True,PLACEHOLDER_CANDIDATE
2026-05-27,IFSH,1484.0,1484.0,1484.0,1484.0,0.0,True,True,True,True,PLACEHOLDER_CANDIDATE
2026-05-28,IFSH,1484.0,1484.0,1484.0,1484.0,0.0,True,True,True,True,PLACEHOLDER_CANDIDATE
2026-05-14,IGAR,454.4444580078125,454.4444580078125,454.4444580078125,454.4444580078125,0.0,True,True,True,True,PLACEHOLDER_CANDIDATE
2026-05-15,IGAR,454.4444580078125,454.4444580078125,454.4444580078125,454.4444580078125,0.0,True,True,True,True,PLACEHOLDER_CANDIDATE
2026-05-27,IGAR,442.5893859863281,442.5893859863281,442.5893859863281,442.5893859863281,0.0,True,True,True,True,PLACEHOLDER_CANDIDATE
2026-05-28,IGAR,442.5893859863281,442.5893859863281,442.5893859863281,442.5893859863281,0.0,True,True,True,True,PLACEHOLDER_CANDIDATE
2026-08-25,IGAR,468.0,468.0,468.0,468.0,0.0,True,True,True,True,PLACEHOLDER_CANDIDATE
2026-05-14,IKAI,24.0,24.0,24.0,24.0,0.0,True,True,True,True,PLACEHOLDER_CANDIDATE
2026-05-15,IKAI,24.0,24.0,24.0,24.0,0.0,True,True,True,True,PLACEHOLDER_CANDIDATE
2026-05-27,IKAI,20.0,20.0,20.0,20.0,0.0,True,True,True,True,PLACEHOLDER_CANDIDATE
2026-05-28,IKAI,20.0,20.0,20.0,20.0,0.0,True,True,True,True,PLACEHOLDER_CANDIDATE
2026-08-25,IKAI,19.0,19.0,19.0,19.0,0.0,True,True,True,True,PLACEHOLDER_CANDIDATE
2026-05-14,IKAN,96.0,96.0,96.0,96.0,0.0,True,True,True,True,PLACEHOLDER_CANDIDATE
2026-05-15,IKAN,96.0,96.0,96.0,96.0,0.0,True,True,True,True,PLACEHOLDER_CANDIDATE
2026-05-27,IKAN,84.0,84.0,84.0,84.0,0.0,True,True,True,True,PLACEHOLDER_CANDIDATE
2026-05-28,IKAN,84.0,84.0,84.0,84.0,0.0,True,True,True,True,PLACEHOLDER_CANDIDATE
2026-05-14,IKBI,508.9254455566406,508.9254455566406,508.9254455566406,508.9254455566406,0.0,True,True,True,True,PLACEHOLDER_CANDIDATE
2026-05-15,IKBI,508.9254455566406,508.9254455566406,508.9254455566406,508.9254455566406,0.0,True,True,True,True,PLACEHOLDER_CANDIDATE
2026-05-27,IKBI,485.3640747070313,485.3640747070313,485.3640747070313,485.3640747070313,0.0,True,True,True,True,PLACEHOLDER_CANDIDATE
2026-05-28,IKBI,485.3640747070313,485.3640747070313,485.3640747070313,485.3640747070313,0.0,True,True,True,True,PLACEHOLDER_CANDIDATE
2026-08-25,IKBI,525.0,525.0,525.0,525.0,0.0,True,True,True,True,PLACEHOLDER_CANDIDATE
2026-05-14,IKPM,199.0,199.0,199.0,199.0,0.0,True,True,True,True,PLACEHOLDER_CANDIDATE
2026-05-15,IKPM,199.0,199.0,199.0,199.0,0.0,True,True,True,True,PLACEHOLDER_CANDIDATE
2026-05-27,IKPM,193.0,193.0,193.0,193.0,0.0,True,True,True,True,PLACEHOLDER_CANDIDATE
2026-05-28,IKPM,193.0,193.0,193.0,193.0,0.0,True,True,True,True,PLACEHOLDER_CANDIDATE
2026-05-14,IMAS,1009.95654296875,1009.95654296875,1009.95654296875,1009.95654296875,0.0,True,True,True,True,PLACEHOLDER_CANDIDATE
2026-05-15,IMAS,1009.95654296875,1009.95654296875,1009.95654296875,1009.95654296875,0.0,True,True,True,True,PLACEHOLDER_CANDIDATE
2026-05-27,IMAS,935.3292236328124,935.3292236328124,935.3292236328124,935.3292236328124,0.0,True,True,True,True,PLACEHOLDER_CANDIDATE
2026-05-28,IMAS,935.3292236328124,935.3292236328124,935.3292236328124,935.3292236328124,0.0,True,True,True,True,PLACEHOLDER_CANDIDATE
2026-08-25,IMAS,885.0,885.0,885.0,885.0,0.0,True,True,True,True,PLACEHOLDER_CANDIDATE
2026-05-14,IMJS,182.5391998291016,182.5391998291016,182.5391998291016,182.5391998291016,0.0,True,True,True,True,PLACEHOLDER_CANDIDATE
2026-05-15,IMJS,182.5391998291016,182.5391998291016,182.5391998291016,182.5391998291016,0.0,True,True,True,True,PLACEHOLDER_CANDIDATE
2026-05-27,IMJS,151.6172637939453,151.6172637939453,151.6172637939453,151.6172637939453,0.0,True,True,True,True,PLACEHOLDER_CANDIDATE
2026-05-28,IMJS,151.6172637939453,151.6172637939453,151.6172637939453,151.6172637939453,0.0,True,True,True,True,PLACEHOLDER_CANDIDATE
2026-05-14,IMPC,2080.0,2080.0,2080.0,2080.0,0.0,True,True,True,True,PLACEHOLDER_CANDIDATE
2026-05-15,IMPC,2080.0,2080.0,2080.0,2080.0,0.0,True,True,True,True,PLACEHOLDER_CANDIDATE
2026-05-27,IMPC,1760.0,1760.0,1760.0,1760.0,0.0,True,True,True,True,PLACEHOLDER_CANDIDATE
2026-05-28,IMPC,1760.0,1760.0,1760.0,1760.0,0.0,True,True,True,True,PLACEHOLDER_CANDIDATE
2026-05-01,INAF,126.0,126.0,126.0,126.0,0.0,True,True,True,True,PLACEHOLDER_CANDIDATE
2026-05-14,INAF,126.0,126.0,126.0,126.0,0.0,True,True,True,True,PLACEHOLDER_CANDIDATE
2026-05-15,INAF,126.0,126.0,126.0,126.0,0.0,True,True,True,True,PLACEHOLDER_CANDIDATE
2026-05-27,INAF,126.0,126.0,126.0,126.0,0.0,True,True,True,True,PLACEHOLDER_CANDIDATE
2026-05-28,INAF,126.0,126.0,126.0,126.0,0.0,True,True,True,True,PLACEHOLDER_CANDIDATE
2026-06-01,INAF,126.0,126.0,126.0,126.0,0.0,True,True,True,True,PLACEHOLDER_CANDIDATE
2026-06-16,INAF,126.0,126.0,126.0,126.0,0.0,True,True,True,True,PLACEHOLDER_CANDIDATE
2026-08-17,INAF,126.0,126.0,126.0,126.0,0.0,True,True,True,True,PLACEHOLDER_CANDIDATE
2026-08-25,INAF,126.0,126.0,126.0,126.0,0.0,True,True,True,True,PLACEHOLDER_CANDIDATE
2026-05-14,INAI,181.0,181.0,181.0,181.0,0.0,True,True,True,True,PLACEHOLDER_CANDIDATE
2026-05-15,INAI,181.0,181.0,181.0,181.0,0.0,True,True,True,True,PLACEHOLDER_CANDIDATE
2026-05-27,INAI,169.0,169.0,169.0,169.0,0.0,True,True,True,True,PLACEHOLDER_CANDIDATE
2026-05-28,INAI,169.0,169.0,169.0,169.0,0.0,True,True,True,True,PLACEHOLDER_CANDIDATE
2026-08-25,INAI,179.0,179.0,179.0,179.0,0.0,True,True,True,True,PLACEHOLDER_CANDIDATE
2026-05-14,INCF,55.0,55.0,55.0,55.0,0.0,True,True,True,True,PLACEHOLDER_CANDIDATE
2026-05-15,INCF,55.0,55.0,55.0,55.0,0.0,True,True,True,True,PLACEHOLDER_CANDIDATE
2026-05-27,INCF,50.0,50.0,50.0,50.0,0.0,True,True,True,True,PLACEHOLDER_CANDIDATE
2026-05-28,INCF,50.0,50.0,50.0,50.0,0.0,True,True,True,True,PLACEHOLDER_CANDIDATE
2026-08-17,INCF,50.0,50.0,50.0,50.0,0.0,True,True,True,True,PLACEHOLDER_CANDIDATE
2026-08-25,INCF,50.0,50.0,50.0,50.0,0.0,True,True,True,True,PLACEHOLDER_CANDIDATE
2026-05-14,INCI,691.557373046875,691.557373046875,691.557373046875,691.557373046875,0.0,True,True,True,True,PLACEHOLDER_CANDIDATE
2026-05-15,INCI,691.557373046875,691.557373046875,691.557373046875,691.557373046875,0.0,True,True,True,True,PLACEHOLDER_CANDIDATE
2026-05-27,INCI,672.2130737304688,672.2130737304688,672.2130737304688,672.2130737304688,0.0,True,True,True,True,PLACEHOLDER_CANDIDATE
2026-05-28,INCI,672.2130737304688,672.2130737304688,672.2130737304688,672.2130737304688,0.0,True,True,True,True,PLACEHOLDER_CANDIDATE
2026-08-25,INCI,675.0,675.0,675.0,675.0,0.0,True,True,True,True,PLACEHOLDER_CANDIDATE
2026-05-14,INCO,5774.41455078125,5774.41455078125,5774.41455078125,5774.41455078125,0.0,True,True,True,True,PLACEHOLDER_CANDIDATE
2026-05-15,INCO,5774.41455078125,5774.41455078125,5774.41455078125,5774.41455078125,0.0,True,True,True,True,PLACEHOLDER_CANDIDATE
2026-05-27,INCO,4806.27880859375,4806.27880859375,4806.27880859375,4806.27880859375,0.0,True,True,True,True,PLACEHOLDER_CANDIDATE
2026-05-28,INCO,4806.27880859375,4806.27880859375,4806.27880859375,4806.27880859375,0.0,True,True,True,True,PLACEHOLDER_CANDIDATE
2026-08-25,INCO,5275.0,5275.0,5275.0,5275.0,0.0,True,True,True,True,PLACEHOLDER_CANDIDATE
2014-04-09,INDF,4739.6,4739.6,4739.6,4739.6,0.0,True,True,True,True,PLACEHOLDER_CANDIDATE
2014-07-09,INDF,4557.94,4557.94,4557.94,4557.94,0.0,True,True,True,True,PLACEHOLDER_CANDIDATE
2015-12-09,INDF,3531.51,3531.51,3531.51,3531.51,0.0,True,True,True,True,PLACEHOLDER_CANDIDATE
2017-01-02,INDF,5644.63,5644.63,5644.63,5644.63,0.0,True,True,True,True,PLACEHOLDER_CANDIDATE
2017-02-15,INDF,5680.25,5680.25,5680.25,5680.25,0.0,True,True,True,True,PLACEHOLDER_CANDIDATE
2017-04-19,INDF,5662.44,5662.44,5662.44,5662.44,0.0,True,True,True,True,PLACEHOLDER_CANDIDATE
2017-06-01,INDF,6232.24,6232.24,6232.24,6232.24,0.0,True,True,True,True,PLACEHOLDER_CANDIDATE
2017-06-23,INDF,6299.57,6299.57,6299.57,6299.57,0.0,True,True,True,True,PLACEHOLDER_CANDIDATE
2017-06-26,INDF,6299.57,6299.57,6299.57,6299.57,0.0,True,True,True,True,PLACEHOLDER_CANDIDATE
2017-06-27,INDF,6299.57,6299.57,6299.57,6299.57,0.0,True,True,True,True,PLACEHOLDER_CANDIDATE
2017-06-28,INDF,6299.57,6299.57,6299.57,6299.57,0.0,True,True,True,True,PLACEHOLDER_CANDIDATE
2017-06-29,INDF,6299.57,6299.57,6299.57,6299.57,0.0,True,True,True,True,PLACEHOLDER_CANDIDATE
2017-06-30,INDF,6299.57,6299.57,6299.57,6299.57,0.0,True,True,True,True,PLACEHOLDER_CANDIDATE
2017-08-17,INDF,6134.76,6134.76,6134.76,6134.76,0.0,True,True,True,True,PLACEHOLDER_CANDIDATE
2017-09-01,INDF,6134.76,6134.76,6134.76,6134.76,0.0,True,True,True,True,PLACEHOLDER_CANDIDATE
2017-09-21,INDF,6391.14,6391.14,6391.14,6391.14,0.0,True,True,True,True,PLACEHOLDER_CANDIDATE
2017-12-25,INDF,5585.38,5585.38,5585.38,5585.38,0.0,True,True,True,True,PLACEHOLDER_CANDIDATE
2017-12-26,INDF,5585.38,5585.38,5585.38,5585.38,0.0,True,True,True,True,PLACEHOLDER_CANDIDATE
2018-01-01,INDF,5585.38,5585.38,5585.38,5585.38,0.0,True,True,True,True,PLACEHOLDER_CANDIDATE
2018-02-16,INDF,5713.56,5713.56,5713.56,5713.56,0.0,True,True,True,True,PLACEHOLDER_CANDIDATE
2018-03-30,INDF,5274.06,5274.06,5274.06,5274.06,0.0,True,True,True,True,PLACEHOLDER_CANDIDATE
2018-05-01,INDF,5109.24,5109.24,5109.24,5109.24,0.0,True,True,True,True,PLACEHOLDER_CANDIDATE
2018-05-10,INDF,4669.74,4669.74,4669.74,4669.74,0.0,True,True,True,True,PLACEHOLDER_CANDIDATE
2018-05-29,INDF,5182.5,5182.5,5182.5,5182.5,0.0,True,True,True,True,PLACEHOLDER_CANDIDATE
2018-06-01,INDF,5182.5,5182.5,5182.5,5182.5,0.0,True,True,True,True,PLACEHOLDER_CANDIDATE
2018-06-11,INDF,5090.93,5090.93,5090.93,5090.93,0.0,True,True,True,True,PLACEHOLDER_CANDIDATE
2018-06-12,INDF,5090.93,5090.93,5090.93,5090.93,0.0,True,True,True,True,PLACEHOLDER_CANDIDATE
2018-06-13,INDF,5090.93,5090.93,5090.93,5090.93,0.0,True,True,True,True,PLACEHOLDER_CANDIDATE
2018-06-14,INDF,5090.93,5090.93,5090.93,5090.93,0.0,True,True,True,True,PLACEHOLDER_CANDIDATE
2018-06-15,INDF,5090.93,5090.93,5090.93,5090.93,0.0,True,True,True,True,PLACEHOLDER_CANDIDATE
2018-06-18,INDF,5090.93,5090.93,5090.93,5090.93,0.0,True,True,True,True,PLACEHOLDER_CANDIDATE
2018-06-19,INDF,5090.93,5090.93,5090.93,5090.93,0.0,True,True,True,True,PLACEHOLDER_CANDIDATE
2018-08-17,INDF,4626.05,4626.05,4626.05,4626.05,0.0,True,True,True,True,PLACEHOLDER_CANDIDATE
2018-08-22,INDF,4910.44,4910.44,4910.44,4910.44,0.0,True,True,True,True,PLACEHOLDER_CANDIDATE
2018-09-11,INDF,4645.01,4645.01,4645.01,4645.01,0.0,True,True,True,True,PLACEHOLDER_CANDIDATE
2018-11-20,INDF,4561.92,4561.92,4561.92,4561.92,0.0,True,True,True,True,PLACEHOLDER_CANDIDATE
2018-12-24,INDF,5750.33,5750.33,5750.33,5750.33,0.0,True,True,True,True,PLACEHOLDER_CANDIDATE
2018-12-25,INDF,5750.33,5750.33,5750.33,5750.33,0.0,True,True,True,True,PLACEHOLDER_CANDIDATE
2018-12-31,INDF,5711.99,5711.99,5711.99,5711.99,0.0,True,True,True,True,PLACEHOLDER_CANDIDATE
2019-01-01,INDF,5711.99,5711.99,5711.99,5711.99,0.0,True,True,True,True,PLACEHOLDER_CANDIDATE
2019-02-05,INDF,5827.0,5827.0,5827.0,5827.0,0.0,True,True,True,True,PLACEHOLDER_CANDIDATE
2019-03-07,INDF,5520.31,5520.31,5520.31,5520.31,0.0,True,True,True,True,PLACEHOLDER_CANDIDATE
2019-04-03,INDF,4772.77,4772.77,4772.77,4772.77,0.0,True,True,True,True,PLACEHOLDER_CANDIDATE
2019-04-17,INDF,4945.28,4945.28,4945.28,4945.28,0.0,True,True,True,True,PLACEHOLDER_CANDIDATE
2019-04-19,INDF,4811.11,4811.11,4811.11,4811.11,0.0,True,True,True,True,PLACEHOLDER_CANDIDATE
2019-05-01,INDF,5328.63,5328.63,5328.63,5328.63,0.0,True,True,True,True,PLACEHOLDER_CANDIDATE
2019-05-30,INDF,4868.61,4868.61,4868.61,4868.61,0.0,True,True,True,True,PLACEHOLDER_CANDIDATE
2019-06-03,INDF,5060.29,5060.29,5060.29,5060.29,0.0,True,True,True,True,PLACEHOLDER_CANDIDATE
2019-06-04,INDF,5060.29,5060.29,5060.29,5060.29,0.0,True,True,True,True,PLACEHOLDER_CANDIDATE
2019-06-05,INDF,5060.29,5060.29,5060.29,5060.29,0.0,True,True,True,True,PLACEHOLDER_CANDIDATE
2019-06-06,INDF,5060.29,5060.29,5060.29,5060.29,0.0,True,True,True,True,PLACEHOLDER_CANDIDATE
2019-06-07,INDF,5060.29,5060.29,5060.29,5060.29,0.0,True,True,True,True,PLACEHOLDER_CANDIDATE
2026-05-14,INDF,6825.0,6825.0,6825.0,6825.0,0.0,True,True,True,True,PLACEHOLDER_CANDIDATE
2026-05-15,INDF,6825.0,6825.0,6825.0,6825.0,0.0,True,True,True,True,PLACEHOLDER_CANDIDATE
2026-05-27,INDF,6825.0,6825.0,6825.0,6825.0,0.0,True,True,True,True,PLACEHOLDER_CANDIDATE
2026-05-28,INDF,6825.0,6825.0,6825.0,6825.0,0.0,True,True,True,True,PLACEHOLDER_CANDIDATE
2026-08-25,INDF,7375.0,7375.0,7375.0,7375.0,0.0,True,True,True,True,PLACEHOLDER_CANDIDATE
2026-05-14,INDO,157.0,157.0,157.0,157.0,0.0,True,True,True,True,PLACEHOLDER_CANDIDATE
2026-05-15,INDO,157.0,157.0,157.0,157.0,0.0,True,True,True,True,PLACEHOLDER_CANDIDATE
2026-05-27,INDO,157.0,157.0,157.0,157.0,0.0,True,True,True,True,PLACEHOLDER_CANDIDATE
2026-05-28,INDO,157.0,157.0,157.0,157.0,0.0,True,True,True,True,PLACEHOLDER_CANDIDATE
2026-05-14,INDR,2370.0,2370.0,2370.0,2370.0,0.0,True,True,True,True,PLACEHOLDER_CANDIDATE
2026-05-15,INDR,2370.0,2370.0,2370.0,2370.0,0.0,True,True,True,True,PLACEHOLDER_CANDIDATE
2026-05-27,INDR,2250.0,2250.0,2250.0,2250.0,0.0,True,True,True,True,PLACEHOLDER_CANDIDATE
2026-05-28,INDR,2250.0,2250.0,2250.0,2250.0,0.0,True,True,True,True,PLACEHOLDER_CANDIDATE
2026-08-25,INDR,2520.0,2520.0,2520.0,2520.0,0.0,True,True,True,True,PLACEHOLDER_CANDIDATE
2014-04-09,INDS,135.03,135.03,135.03,135.03,0.0,True,True,True,True,PLACEHOLDER_CANDIDATE
2014-07-09,INDS,225.76,225.76,225.76,225.76,0.0,True,True,True,True,PLACEHOLDER_CANDIDATE
2015-12-09,INDS,229.52,229.52,229.52,229.52,0.0,True,True,True,True,PLACEHOLDER_CANDIDATE
2017-01-02,INDS,55.33,55.33,55.33,55.33,0.0,True,True,True,True,PLACEHOLDER_CANDIDATE
2017-02-15,INDS,59.09,59.09,59.09,59.09,0.0,True,True,True,True,PLACEHOLDER_CANDIDATE
2017-04-19,INDS,58.4,58.4,58.4,58.4,0.0,True,True,True,True,PLACEHOLDER_CANDIDATE
2017-06-01,INDS,57.04,57.04,57.04,57.04,0.0,True,True,True,True,PLACEHOLDER_CANDIDATE
2017-06-23,INDS,61.5,61.5,61.5,61.5,0.0,True,True,True,True,PLACEHOLDER_CANDIDATE
2017-06-26,INDS,61.5,61.5,61.5,61.5,0.0,True,True,True,True,PLACEHOLDER_CANDIDATE
2017-06-27,INDS,61.5,61.5,61.5,61.5,0.0,True,True,True,True,PLACEHOLDER_CANDIDATE
2017-06-28,INDS,61.5,61.5,61.5,61.5,0.0,True,True,True,True,PLACEHOLDER_CANDIDATE
2017-06-29,INDS,61.5,61.5,61.5,61.5,0.0,True,True,True,True,PLACEHOLDER_CANDIDATE
2017-06-30,INDS,61.5,61.5,61.5,61.5,0.0,True,True,True,True,PLACEHOLDER_CANDIDATE
2017-08-17,INDS,78.14,78.14,78.14,78.14,0.0,True,True,True,True,PLACEHOLDER_CANDIDATE
2017-09-01,INDS,71.99,71.99,71.99,71.99,0.0,True,True,True,True,PLACEHOLDER_CANDIDATE
2017-09-21,INDS,74.16,74.16,74.16,74.16,0.0,True,True,True,True,PLACEHOLDER_CANDIDATE
2017-12-25,INDS,90.44,90.44,90.44,90.44,0.0,True,True,True,True,PLACEHOLDER_CANDIDATE
2017-12-26,INDS,90.44,90.44,90.44,90.44,0.0,True,True,True,True,PLACEHOLDER_CANDIDATE
2018-01-01,INDS,91.16,91.16,91.16,91.16,0.0,True,True,True,True,PLACEHOLDER_CANDIDATE
2018-02-16,INDS,109.61,109.61,109.61,109.61,0.0,True,True,True,True,PLACEHOLDER_CANDIDATE
2018-03-30,INDS,115.04,115.04,115.04,115.04,0.0,True,True,True,True,PLACEHOLDER_CANDIDATE
2018-05-01,INDS,114.68,114.68,114.68,114.68,0.0,True,True,True,True,PLACEHOLDER_CANDIDATE
2018-05-10,INDS,126.98,126.98,126.98,126.98,0.0,True,True,True,True,PLACEHOLDER_CANDIDATE
2018-05-29,INDS,143.98,143.98,143.98,143.98,0.0,True,True,True,True,PLACEHOLDER_CANDIDATE
2018-06-01,INDS,156.28,156.28,156.28,156.28,0.0,True,True,True,True,PLACEHOLDER_CANDIDATE
2018-06-11,INDS,159.17,159.17,159.17,159.17,0.0,True,True,True,True,PLACEHOLDER_CANDIDATE
2018-06-12,INDS,159.17,159.17,159.17,159.17,0.0,True,True,True,True,PLACEHOLDER_CANDIDATE
2018-06-13,INDS,159.17,159.17,159.17,159.17,0.0,True,True,True,True,PLACEHOLDER_CANDIDATE
2018-06-14,INDS,159.17,159.17,159.17,159.17,0.0,True,True,True,True,PLACEHOLDER_CANDIDATE
2018-06-15,INDS,159.17,159.17,159.17,159.17,0.0,True,True,True,True,PLACEHOLDER_CANDIDATE
2018-06-18,INDS,159.17,159.17,159.17,159.17,0.0,True,True,True,True,PLACEHOLDER_CANDIDATE
2018-06-19,INDS,159.17,159.17,159.17,159.17,0.0,True,True,True,True,PLACEHOLDER_CANDIDATE
2018-08-17,INDS,162.35,162.35,162.35,162.35,0.0,True,True,True,True,PLACEHOLDER_CANDIDATE
2018-08-22,INDS,159.31,159.31,159.31,159.31,0.0,True,True,True,True,PLACEHOLDER_CANDIDATE
2018-09-11,INDS,148.69,148.69,148.69,148.69,0.0,True,True,True,True,PLACEHOLDER_CANDIDATE
2018-11-20,INDS,189.66,189.66,189.66,189.66,0.0,True,True,True,True,PLACEHOLDER_CANDIDATE
2018-12-24,INDS,171.45,171.45,171.45,171.45,0.0,True,True,True,True,PLACEHOLDER_CANDIDATE
2018-12-25,INDS,171.45,171.45,171.45,171.45,0.0,True,True,True,True,PLACEHOLDER_CANDIDATE
2018-12-31,INDS,168.42,168.42,168.42,168.42,0.0,True,True,True,True,PLACEHOLDER_CANDIDATE
2019-01-01,INDS,168.42,168.42,168.42,168.42,0.0,True,True,True,True,PLACEHOLDER_CANDIDATE
2019-02-05,INDS,165.38,165.38,165.38,165.38,0.0,True,True,True,True,PLACEHOLDER_CANDIDATE
2019-03-07,INDS,165.38,165.38,165.38,165.38,0.0,True,True,True,True,PLACEHOLDER_CANDIDATE
2019-04-03,INDS,151.73,151.73,151.73,151.73,0.0,True,True,True,True,PLACEHOLDER_CANDIDATE
2019-04-17,INDS,155.52,155.52,155.52,155.52,0.0,True,True,True,True,PLACEHOLDER_CANDIDATE
2019-04-19,INDS,158.55,158.55,158.55,158.55,0.0,True,True,True,True,PLACEHOLDER_CANDIDATE
2019-05-01,INDS,176.0,176.0,176.0,176.0,0.0,True,True,True,True,PLACEHOLDER_CANDIDATE
2019-05-30,INDS,177.52,177.52,177.52,177.52,0.0,True,True,True,True,PLACEHOLDER_CANDIDATE
2019-06-03,INDS,177.52,177.52,177.52,177.52,0.0,True,True,True,True,PLACEHOLDER_CANDIDATE
2019-06-04,INDS,177.52,177.52,177.52,177.52,0.0,True,True,True,True,PLACEHOLDER_CANDIDATE
2019-06-05,INDS,177.52,177.52,177.52,177.52,0.0,True,True,True,True,PLACEHOLDER_CANDIDATE
2019-06-06,INDS,177.52,177.52,177.52,177.52,0.0,True,True,True,True,PLACEHOLDER_CANDIDATE
2019-06-07,INDS,177.52,177.52,177.52,177.52,0.0,True,True,True,True,PLACEHOLDER_CANDIDATE
2026-05-14,INDS,370.0,370.0,370.0,370.0,0.0,True,True,True,True,PLACEHOLDER_CANDIDATE
2026-05-15,INDS,370.0,370.0,370.0,370.0,0.0,True,True,True,True,PLACEHOLDER_CANDIDATE
2026-05-27,INDS,290.0,290.0,290.0,290.0,0.0,True,True,True,True,PLACEHOLDER_CANDIDATE
2026-05-28,INDS,290.0,290.0,290.0,290.0,0.0,True,True,True,True,PLACEHOLDER_CANDIDATE
2026-08-25,INDS,274.0,274.0,274.0,274.0,0.0,True,True,True,True,PLACEHOLDER_CANDIDATE
2026-05-14,INDX,100.0,100.0,100.0,100.0,0.0,True,True,True,True,PLACEHOLDER_CANDIDATE
2026-05-15,INDX,100.0,100.0,100.0,100.0,0.0,True,True,True,True,PLACEHOLDER_CANDIDATE
2026-05-27,INDX,83.0,83.0,83.0,83.0,0.0,True,True,True,True,PLACEHOLDER_CANDIDATE
2026-05-28,INDX,83.0,83.0,83.0,83.0,0.0,True,True,True,True,PLACEHOLDER_CANDIDATE
2026-08-17,INDX,60.0,60.0,60.0,60.0,0.0,True,True,True,True,PLACEHOLDER_CANDIDATE
2026-08-25,INDX,60.0,60.0,60.0,60.0,0.0,True,True,True,True,PLACEHOLDER_CANDIDATE
2014-04-09,INDY,378.31,378.31,378.31,378.31,0.0,True,True,True,True,PLACEHOLDER_CANDIDATE
2014-07-09,INDY,422.81,422.81,422.81,422.81,0.0,True,True,True,True,PLACEHOLDER_CANDIDATE
2015-12-09,INDY,72.48,72.48,72.48,72.48,0.0,True,True,True,True,PLACEHOLDER_CANDIDATE
2017-01-02,INDY,448.24,448.24,448.24,448.24,0.0,True,True,True,True,PLACEHOLDER_CANDIDATE
2017-02-15,INDY,470.5,470.5,470.5,470.5,0.0,True,True,True,True,PLACEHOLDER_CANDIDATE
2017-04-19,INDY,445.07,445.07,445.07,445.07,0.0,True,True,True,True,PLACEHOLDER_CANDIDATE
2017-06-01,INDY,508.65,508.65,508.65,508.65,0.0,True,True,True,True,PLACEHOLDER_CANDIDATE
2017-06-23,INDY,499.11,499.11,499.11,499.11,0.0,True,True,True,True,PLACEHOLDER_CANDIDATE
2017-06-26,INDY,499.11,499.11,499.11,499.11,0.0,True,True,True,True,PLACEHOLDER_CANDIDATE
2017-06-27,INDY,499.11,499.11,499.11,499.11,0.0,True,True,True,True,PLACEHOLDER_CANDIDATE
2017-06-28,INDY,499.11,499.11,499.11,499.11,0.0,True,True,True,True,PLACEHOLDER_CANDIDATE
2017-06-29,INDY,499.11,499.11,499.11,499.11,0.0,True,True,True,True,PLACEHOLDER_CANDIDATE
2017-06-30,INDY,499.11,499.11,499.11,499.11,0.0,True,True,True,True,PLACEHOLDER_CANDIDATE
2017-08-17,INDY,569.05,569.05,569.05,569.05,0.0,True,True,True,True,PLACEHOLDER_CANDIDATE
2017-09-01,INDY,807.48,807.48,807.48,807.48,0.0,True,True,True,True,PLACEHOLDER_CANDIDATE
2017-09-21,INDY,1258.9,1258.9,1258.9,1258.9,0.0,True,True,True,True,PLACEHOLDER_CANDIDATE
2017-12-25,INDY,1932.86,1932.86,1932.86,1932.86,0.0,True,True,True,True,PLACEHOLDER_CANDIDATE
2017-12-26,INDY,1932.86,1932.86,1932.86,1932.86,0.0,True,True,True,True,PLACEHOLDER_CANDIDATE
2018-01-01,INDY,1945.57,1945.57,1945.57,1945.57,0.0,True,True,True,True,PLACEHOLDER_CANDIDATE
2018-02-16,INDY,2753.05,2753.05,2753.05,2753.05,0.0,True,True,True,True,PLACEHOLDER_CANDIDATE
2018-03-30,INDY,2244.4,2244.4,2244.4,2244.4,0.0,True,True,True,True,PLACEHOLDER_CANDIDATE
2018-05-01,INDY,2168.11,2168.11,2168.11,2168.11,0.0,True,True,True,True,PLACEHOLDER_CANDIDATE
2018-05-10,INDY,2346.22,2346.22,2346.22,2346.22,0.0,True,True,True,True,PLACEHOLDER_CANDIDATE
2018-05-29,INDY,2372.44,2372.44,2372.44,2372.44,0.0,True,True,True,True,PLACEHOLDER_CANDIDATE
2018-06-01,INDY,2451.08,2451.08,2451.08,2451.08,0.0,True,True,True,True,PLACEHOLDER_CANDIDATE
2018-06-11,INDY,2641.14,2641.14,2641.14,2641.14,0.0,True,True,True,True,PLACEHOLDER_CANDIDATE
2018-06-12,INDY,2641.14,2641.14,2641.14,2641.14,0.0,True,True,True,True,PLACEHOLDER_CANDIDATE
2018-06-13,INDY,2641.14,2641.14,2641.14,2641.14,0.0,True,True,True,True,PLACEHOLDER_CANDIDATE
2018-06-14,INDY,2641.14,2641.14,2641.14,2641.14,0.0,True,True,True,True,PLACEHOLDER_CANDIDATE
2018-06-15,INDY,2641.14,2641.14,2641.14,2641.14,0.0,True,True,True,True,PLACEHOLDER_CANDIDATE
2018-06-18,INDY,2641.14,2641.14,2641.14,2641.14,0.0,True,True,True,True,PLACEHOLDER_CANDIDATE
2018-06-19,INDY,2641.14,2641.14,2641.14,2641.14,0.0,True,True,True,True,PLACEHOLDER_CANDIDATE
2018-08-17,INDY,1972.66,1972.66,1972.66,1972.66,0.0,True,True,True,True,PLACEHOLDER_CANDIDATE
2018-08-22,INDY,2018.54,2018.54,2018.54,2018.54,0.0,True,True,True,True,PLACEHOLDER_CANDIDATE
2018-09-11,INDY,1841.59,1841.59,1841.59,1841.59,0.0,True,True,True,True,PLACEHOLDER_CANDIDATE
2018-11-20,INDY,1592.55,1592.55,1592.55,1592.55,0.0,True,True,True,True,PLACEHOLDER_CANDIDATE
2018-12-24,INDY,1119.23,1119.23,1119.23,1119.23,0.0,True,True,True,True,PLACEHOLDER_CANDIDATE
2018-12-25,INDY,1119.23,1119.23,1119.23,1119.23,0.0,True,True,True,True,PLACEHOLDER_CANDIDATE
2018-12-31,INDY,1068.67,1068.67,1068.67,1068.67,0.0,True,True,True,True,PLACEHOLDER_CANDIDATE
2019-01-01,INDY,1068.67,1068.67,1068.67,1068.67,0.0,True,True,True,True,PLACEHOLDER_CANDIDATE
2019-02-05,INDY,1449.61,1449.61,1449.61,1449.61,0.0,True,True,True,True,PLACEHOLDER_CANDIDATE
2019-03-07,INDY,1361.96,1361.96,1361.96,1361.96,0.0,True,True,True,True,PLACEHOLDER_CANDIDATE
2019-04-03,INDY,1206.89,1206.89,1206.89,1206.89,0.0,True,True,True,True,PLACEHOLDER_CANDIDATE
2019-04-17,INDY,1159.69,1159.69,1159.69,1159.69,0.0,True,True,True,True,PLACEHOLDER_CANDIDATE
2019-04-19,INDY,1119.23,1119.23,1119.23,1119.23,0.0,True,True,True,True,PLACEHOLDER_CANDIDATE
2019-05-01,INDY,1149.58,1149.58,1149.58,1149.58,0.0,True,True,True,True,PLACEHOLDER_CANDIDATE
2019-05-30,INDY,1012.81,1012.81,1012.81,1012.81,0.0,True,True,True,True,PLACEHOLDER_CANDIDATE
2019-06-03,INDY,1016.42,1016.42,1016.42,1016.42,0.0,True,True,True,True,PLACEHOLDER_CANDIDATE
2019-06-04,INDY,1016.42,1016.42,1016.42,1016.42,0.0,True,True,True,True,PLACEHOLDER_CANDIDATE
2019-06-05,INDY,1016.42,1016.42,1016.42,1016.42,0.0,True,True,True,True,PLACEHOLDER_CANDIDATE
2019-06-06,INDY,1016.42,1016.42,1016.42,1016.42,0.0,True,True,True,True,PLACEHOLDER_CANDIDATE
2019-06-07,INDY,1016.42,1016.42,1016.42,1016.42,0.0,True,True,True,True,PLACEHOLDER_CANDIDATE
2026-05-14,INDY,3055.89,3055.89,3055.89,3055.89,0.0,True,True,True,True,PLACEHOLDER_CANDIDATE
2026-05-15,INDY,3055.89,3055.89,3055.89,3055.89,0.0,True,True,True,True,PLACEHOLDER_CANDIDATE
2026-05-27,INDY,2349.15,2349.15,2349.15,2349.15,0.0,True,True,True,True,PLACEHOLDER_CANDIDATE
2026-05-28,INDY,2349.15,2349.15,2349.15,2349.15,0.0,True,True,True,True,PLACEHOLDER_CANDIDATE
2026-05-14,INET,284.0,284.0,284.0,284.0,0.0,True,True,True,True,PLACEHOLDER_CANDIDATE
2026-05-15,INET,284.0,284.0,284.0,284.0,0.0,True,True,True,True,PLACEHOLDER_CANDIDATE
2026-05-27,INET,214.0,214.0,214.0,214.0,0.0,True,True,True,True,PLACEHOLDER_CANDIDATE
2026-05-28,INET,214.0,214.0,214.0,214.0,0.0,True,True,True,True,PLACEHOLDER_CANDIDATE
2014-04-09,INKP,1214.27,1214.27,1214.27,1214.27,0.0,True,True,True,True,PLACEHOLDER_CANDIDATE
2014-07-09,INKP,1132.46,1132.46,1132.46,1132.46,0.0,True,True,True,True,PLACEHOLDER_CANDIDATE
2015-12-09,INKP,807.23,807.23,807.23,807.23,0.0,True,True,True,True,PLACEHOLDER_CANDIDATE
2017-01-02,INKP,890.38,890.38,890.38,890.38,0.0,True,True,True,True,PLACEHOLDER_CANDIDATE
2017-02-15,INKP,1025.57,1025.57,1025.57,1025.57,0.0,True,True,True,True,PLACEHOLDER_CANDIDATE
2017-04-19,INKP,1608.29,1608.29,1608.29,1608.29,0.0,True,True,True,True,PLACEHOLDER_CANDIDATE
2017-06-01,INKP,2358.82,2358.82,2358.82,2358.82,0.0,True,True,True,True,PLACEHOLDER_CANDIDATE
2017-06-23,INKP,2408.08,2408.08,2408.08,2408.08,0.0,True,True,True,True,PLACEHOLDER_CANDIDATE
2017-06-26,INKP,2408.08,2408.08,2408.08,2408.08,0.0,True,True,True,True,PLACEHOLDER_CANDIDATE
2017-06-27,INKP,2408.08,2408.08,2408.08,2408.08,0.0,True,True,True,True,PLACEHOLDER_CANDIDATE
2017-06-28,INKP,2408.08,2408.08,2408.08,2408.08,0.0,True,True,True,True,PLACEHOLDER_CANDIDATE
2017-06-29,INKP,2408.08,2408.08,2408.08,2408.08,0.0,True,True,True,True,PLACEHOLDER_CANDIDATE
2017-06-30,INKP,2408.08,2408.08,2408.08,2408.08,0.0,True,True,True,True,PLACEHOLDER_CANDIDATE
2017-08-17,INKP,2672.49,2672.49,2672.49,2672.49,0.0,True,True,True,True,PLACEHOLDER_CANDIDATE
2017-09-01,INKP,2908.58,2908.58,2908.58,2908.58,0.0,True,True,True,True,PLACEHOLDER_CANDIDATE
2017-09-21,INKP,4004.02,4004.02,4004.02,4004.02,0.0,True,True,True,True,PLACEHOLDER_CANDIDATE
2017-12-25,INKP,5099.46,5099.46,5099.46,5099.46,0.0,True,True,True,True,PLACEHOLDER_CANDIDATE
2017-12-26,INKP,5099.46,5099.46,5099.46,5099.46,0.0,True,True,True,True,PLACEHOLDER_CANDIDATE
2018-01-01,INKP,5099.46,5099.46,5099.46,5099.46,0.0,True,True,True,True,PLACEHOLDER_CANDIDATE
2018-02-16,INKP,8144.97,8144.97,8144.97,8144.97,0.0,True,True,True,True,PLACEHOLDER_CANDIDATE
2018-03-30,INKP,10387.79,10387.79,10387.79,10387.79,0.0,True,True,True,True,PLACEHOLDER_CANDIDATE
2018-05-01,INKP,12465.34,12465.34,12465.34,12465.34,0.0,True,True,True,True,PLACEHOLDER_CANDIDATE
2018-05-10,INKP,12748.65,12748.65,12748.65,12748.65,0.0,True,True,True,True,PLACEHOLDER_CANDIDATE
2018-05-29,INKP,15628.9,15628.9,15628.9,15628.9,0.0,True,True,True,True,PLACEHOLDER_CANDIDATE
2018-06-01,INKP,17659.24,17659.24,17659.24,17659.24,0.0,True,True,True,True,PLACEHOLDER_CANDIDATE
2018-06-11,INKP,18036.97,18036.97,18036.97,18036.97,0.0,True,True,True,True,PLACEHOLDER_CANDIDATE
2018-06-12,INKP,18036.97,18036.97,18036.97,18036.97,0.0,True,True,True,True,PLACEHOLDER_CANDIDATE
2018-06-13,INKP,18036.97,18036.97,18036.97,18036.97,0.0,True,True,True,True,PLACEHOLDER_CANDIDATE
2018-06-14,INKP,18036.97,18036.97,18036.97,18036.97,0.0,True,True,True,True,PLACEHOLDER_CANDIDATE
2018-06-15,INKP,18036.97,18036.97,18036.97,18036.97,0.0,True,True,True,True,PLACEHOLDER_CANDIDATE
2018-06-18,INKP,18036.97,18036.97,18036.97,18036.97,0.0,True,True,True,True,PLACEHOLDER_CANDIDATE
2018-06-19,INKP,18036.97,18036.97,18036.97,18036.97,0.0,True,True,True,True,PLACEHOLDER_CANDIDATE
2018-08-17,INKP,16720.13,16720.13,16720.13,16720.13,0.0,True,True,True,True,PLACEHOLDER_CANDIDATE
2018-08-22,INKP,18168.89,18168.89,18168.89,18168.89,0.0,True,True,True,True,PLACEHOLDER_CANDIDATE
2018-09-11,INKP,16838.88,16838.88,16838.88,16838.88,0.0,True,True,True,True,PLACEHOLDER_CANDIDATE
2018-11-20,INKP,10687.58,10687.58,10687.58,10687.58,0.0,True,True,True,True,PLACEHOLDER_CANDIDATE
2018-12-24,INKP,11020.08,11020.08,11020.08,11020.08,0.0,True,True,True,True,PLACEHOLDER_CANDIDATE
2018-12-25,INKP,11020.08,11020.08,11020.08,11020.08,0.0,True,True,True,True,PLACEHOLDER_CANDIDATE
2018-12-31,INKP,10972.58,10972.58,10972.58,10972.58,0.0,True,True,True,True,PLACEHOLDER_CANDIDATE
2019-01-01,INKP,10972.58,10972.58,10972.58,10972.58,0.0,True,True,True,True,PLACEHOLDER_CANDIDATE
2019-02-05,INKP,11875.09,11875.09,11875.09,11875.09,0.0,True,True,True,True,PLACEHOLDER_CANDIDATE
2019-03-07,INKP,10188.83,10188.83,10188.83,10188.83,0.0,True,True,True,True,PLACEHOLDER_CANDIDATE
2019-04-03,INKP,7885.06,7885.06,7885.06,7885.06,0.0,True,True,True,True,PLACEHOLDER_CANDIDATE
2019-04-17,INKP,7386.31,7386.31,7386.31,7386.31,0.0,True,True,True,True,PLACEHOLDER_CANDIDATE
2019-04-19,INKP,7125.06,7125.06,7125.06,7125.06,0.0,True,True,True,True,PLACEHOLDER_CANDIDATE
2019-05-01,INKP,7030.05,7030.05,7030.05,7030.05,0.0,True,True,True,True,PLACEHOLDER_CANDIDATE
2019-05-30,INKP,6792.55,6792.55,6792.55,6792.55,0.0,True,True,True,True,PLACEHOLDER_CANDIDATE
2019-06-03,INKP,7362.56,7362.56,7362.56,7362.56,0.0,True,True,True,True,PLACEHOLDER_CANDIDATE
2019-06-04,INKP,7362.56,7362.56,7362.56,7362.56,0.0,True,True,True,True,PLACEHOLDER_CANDIDATE
2019-06-05,INKP,7362.56,7362.56,7362.56,7362.56,0.0,True,True,True,True,PLACEHOLDER_CANDIDATE
2019-06-06,INKP,7362.56,7362.56,7362.56,7362.56,0.0,True,True,True,True,PLACEHOLDER_CANDIDATE
2019-06-07,INKP,7362.56,7362.56,7362.56,7362.56,0.0,True,True,True,True,PLACEHOLDER_CANDIDATE
2026-05-14,INKP,9000.0,9000.0,9000.0,9000.0,0.0,True,True,True,True,PLACEHOLDER_CANDIDATE
2026-05-15,INKP,9000.0,9000.0,9000.0,9000.0,0.0,True,True,True,True,PLACEHOLDER_CANDIDATE
2026-05-27,INKP,7775.0,7775.0,7775.0,7775.0,0.0,True,True,True,True,PLACEHOLDER_CANDIDATE
2026-05-28,INKP,7775.0,7775.0,7775.0,7775.0,0.0,True,True,True,True,PLACEHOLDER_CANDIDATE
2026-08-25,INKP,8725.0,8725.0,8725.0,8725.0,0.0,True,True,True,True,PLACEHOLDER_CANDIDATE
2026-05-14,INOV,145.0,145.0,145.0,145.0,0.0,True,True,True,True,PLACEHOLDER_CANDIDATE
2026-05-15,INOV,145.0,145.0,145.0,145.0,0.0,True,True,True,True,PLACEHOLDER_CANDIDATE
2026-05-27,INOV,130.0,130.0,130.0,130.0,0.0,True,True,True,True,PLACEHOLDER_CANDIDATE
2026-05-28,INOV,130.0,130.0,130.0,130.0,0.0,True,True,True,True,PLACEHOLDER_CANDIDATE
2014-04-09,INPC,91.0,91.0,91.0,91.0,0.0,True,True,True,True,PLACEHOLDER_CANDIDATE
2014-07-09,INPC,85.0,85.0,85.0,85.0,0.0,True,True,True,True,PLACEHOLDER_CANDIDATE
2015-12-09,INPC,65.0,65.0,65.0,65.0,0.0,True,True,True,True,PLACEHOLDER_CANDIDATE
2017-01-02,INPC,73.0,73.0,73.0,73.0,0.0,True,True,True,True,PLACEHOLDER_CANDIDATE
2017-02-15,INPC,112.0,112.0,112.0,112.0,0.0,True,True,True,True,PLACEHOLDER_CANDIDATE
2017-04-19,INPC,96.0,96.0,96.0,96.0,0.0,True,True,True,True,PLACEHOLDER_CANDIDATE
2017-06-01,INPC,96.0,96.0,96.0,96.0,0.0,True,True,True,True,PLACEHOLDER_CANDIDATE
2017-06-23,INPC,94.0,94.0,94.0,94.0,0.0,True,True,True,True,PLACEHOLDER_CANDIDATE
2017-06-26,INPC,94.0,94.0,94.0,94.0,0.0,True,True,True,True,PLACEHOLDER_CANDIDATE
2017-06-27,INPC,94.0,94.0,94.0,94.0,0.0,True,True,True,True,PLACEHOLDER_CANDIDATE
2017-06-28,INPC,94.0,94.0,94.0,94.0,0.0,True,True,True,True,PLACEHOLDER_CANDIDATE
2017-06-29,INPC,94.0,94.0,94.0,94.0,0.0,True,True,True,True,PLACEHOLDER_CANDIDATE
2017-06-30,INPC,94.0,94.0,94.0,94.0,0.0,True,True,True,True,PLACEHOLDER_CANDIDATE
2017-08-17,INPC,92.0,92.0,92.0,92.0,0.0,True,True,True,True,PLACEHOLDER_CANDIDATE
2017-09-01,INPC,90.0,90.0,90.0,90.0,0.0,True,True,True,True,PLACEHOLDER_CANDIDATE
2017-09-21,INPC,90.0,90.0,90.0,90.0,0.0,True,True,True,True,PLACEHOLDER_CANDIDATE
2017-12-25,INPC,80.0,80.0,80.0,80.0,0.0,True,True,True,True,PLACEHOLDER_CANDIDATE
2017-12-26,INPC,80.0,80.0,80.0,80.0,0.0,True,True,True,True,PLACEHOLDER_CANDIDATE
2018-01-01,INPC,80.0,80.0,80.0,80.0,0.0,True,True,True,True,PLACEHOLDER_CANDIDATE
2018-02-16,INPC,89.0,89.0,89.0,89.0,0.0,True,True,True,True,PLACEHOLDER_CANDIDATE
2018-03-30,INPC,90.0,90.0,90.0,90.0,0.0,True,True,True,True,PLACEHOLDER_CANDIDATE
2018-05-01,INPC,90.0,90.0,90.0,90.0,0.0,True,True,True,True,PLACEHOLDER_CANDIDATE
2018-05-10,INPC,87.0,87.0,87.0,87.0,0.0,True,True,True,True,PLACEHOLDER_CANDIDATE
2018-05-29,INPC,83.0,83.0,83.0,83.0,0.0,True,True,True,True,PLACEHOLDER_CANDIDATE
2018-06-01,INPC,82.0,82.0,82.0,82.0,0.0,True,True,True,True,PLACEHOLDER_CANDIDATE
2018-06-11,INPC,80.0,80.0,80.0,80.0,0.0,True,True,True,True,PLACEHOLDER_CANDIDATE
2018-06-12,INPC,80.0,80.0,80.0,80.0,0.0,True,True,True,True,PLACEHOLDER_CANDIDATE
2018-06-13,INPC,80.0,80.0,80.0,80.0,0.0,True,True,True,True,PLACEHOLDER_CANDIDATE
2018-06-14,INPC,80.0,80.0,80.0,80.0,0.0,True,True,True,True,PLACEHOLDER_CANDIDATE
2018-06-15,INPC,80.0,80.0,80.0,80.0,0.0,True,True,True,True,PLACEHOLDER_CANDIDATE
2018-06-18,INPC,80.0,80.0,80.0,80.0,0.0,True,True,True,True,PLACEHOLDER_CANDIDATE
2018-06-19,INPC,80.0,80.0,80.0,80.0,0.0,True,True,True,True,PLACEHOLDER_CANDIDATE
2018-08-17,INPC,73.0,73.0,73.0,73.0,0.0,True,True,True,True,PLACEHOLDER_CANDIDATE
2018-08-22,INPC,73.0,73.0,73.0,73.0,0.0,True,True,True,True,PLACEHOLDER_CANDIDATE
2018-09-11,INPC,72.0,72.0,72.0,72.0,0.0,True,True,True,True,PLACEHOLDER_CANDIDATE
2018-11-20,INPC,66.0,66.0,66.0,66.0,0.0,True,True,True,True,PLACEHOLDER_CANDIDATE
2018-12-24,INPC,61.0,61.0,61.0,61.0,0.0,True,True,True,True,PLACEHOLDER_CANDIDATE
2018-12-25,INPC,61.0,61.0,61.0,61.0,0.0,True,True,True,True,PLACEHOLDER_CANDIDATE
2018-12-31,INPC,62.0,62.0,62.0,62.0,0.0,True,True,True,True,PLACEHOLDER_CANDIDATE
2019-01-01,INPC,62.0,62.0,62.0,62.0,0.0,True,True,True,True,PLACEHOLDER_CANDIDATE
2019-02-05,INPC,80.0,80.0,80.0,80.0,0.0,True,True,True,True,PLACEHOLDER_CANDIDATE
2019-03-07,INPC,78.0,78.0,78.0,78.0,0.0,True,True,True,True,PLACEHOLDER_CANDIDATE
2019-04-03,INPC,74.0,74.0,74.0,74.0,0.0,True,True,True,True,PLACEHOLDER_CANDIDATE
2019-04-17,INPC,73.0,73.0,73.0,73.0,0.0,True,True,True,True,PLACEHOLDER_CANDIDATE
2019-04-19,INPC,73.0,73.0,73.0,73.0,0.0,True,True,True,True,PLACEHOLDER_CANDIDATE
2019-05-01,INPC,73.0,73.0,73.0,73.0,0.0,True,True,True,True,PLACEHOLDER_CANDIDATE
2019-05-30,INPC,71.0,71.0,71.0,71.0,0.0,True,True,True,True,PLACEHOLDER_CANDIDATE
2019-06-03,INPC,71.0,71.0,71.0,71.0,0.0,True,True,True,True,PLACEHOLDER_CANDIDATE
2019-06-04,INPC,71.0,71.0,71.0,71.0,0.0,True,True,True,True,PLACEHOLDER_CANDIDATE
2019-06-05,INPC,71.0,71.0,71.0,71.0,0.0,True,True,True,True,PLACEHOLDER_CANDIDATE
2019-06-06,INPC,71.0,71.0,71.0,71.0,0.0,True,True,True,True,PLACEHOLDER_CANDIDATE
2019-06-07,INPC,71.0,71.0,71.0,71.0,0.0,True,True,True,True,PLACEHOLDER_CANDIDATE
2026-05-14,INPC,155.0,155.0,155.0,155.0,0.0,True,True,True,True,PLACEHOLDER_CANDIDATE
2026-05-15,INPC,155.0,155.0,155.0,155.0,0.0,True,True,True,True,PLACEHOLDER_CANDIDATE
2026-05-27,INPC,140.0,140.0,140.0,140.0,0.0,True,True,True,True,PLACEHOLDER_CANDIDATE
2026-05-28,INPC,140.0,140.0,140.0,140.0,0.0,True,True,True,True,PLACEHOLDER_CANDIDATE
2026-05-01,INPP,795.10205078125,795.10205078125,795.10205078125,795.10205078125,0.0,True,True,True,True,PLACEHOLDER_CANDIDATE
2026-05-14,INPP,780.19384765625,780.19384765625,780.19384765625,780.19384765625,0.0,True,True,True,True,PLACEHOLDER_CANDIDATE
2026-05-15,INPP,780.19384765625,780.19384765625,780.19384765625,780.19384765625,0.0,True,True,True,True,PLACEHOLDER_CANDIDATE
2026-05-27,INPP,790.1326293945312,790.1326293945312,790.1326293945312,790.1326293945312,0.0,True,True,True,True,PLACEHOLDER_CANDIDATE
2026-05-28,INPP,790.1326293945312,790.1326293945312,790.1326293945312,790.1326293945312,0.0,True,True,True,True,PLACEHOLDER_CANDIDATE
2026-05-14,INPS,610.0,610.0,610.0,610.0,0.0,True,True,True,True,PLACEHOLDER_CANDIDATE
2026-05-15,INPS,610.0,610.0,610.0,610.0,0.0,True,True,True,True,PLACEHOLDER_CANDIDATE
2026-05-27,INPS,720.0,720.0,720.0,720.0,0.0,True,True,True,True,PLACEHOLDER_CANDIDATE
2026-05-28,INPS,720.0,720.0,720.0,720.0,0.0,True,True,True,True,PLACEHOLDER_CANDIDATE
2014-04-09,INRU,850.0,850.0,850.0,850.0,0.0,True,True,True,True,PLACEHOLDER_CANDIDATE
2014-07-09,INRU,1050.0,1050.0,1050.0,1050.0,0.0,True,True,True,True,PLACEHOLDER_CANDIDATE
2015-12-09,INRU,260.0,260.0,260.0,260.0,0.0,True,True,True,True,PLACEHOLDER_CANDIDATE
2017-01-02,INRU,300.0,300.0,300.0,300.0,0.0,True,True,True,True,PLACEHOLDER_CANDIDATE
2017-02-15,INRU,304.0,304.0,304.0,304.0,0.0,True,True,True,True,PLACEHOLDER_CANDIDATE
2017-04-19,INRU,515.0,515.0,515.0,515.0,0.0,True,True,True,True,PLACEHOLDER_CANDIDATE
2017-06-01,INRU,392.0,392.0,392.0,392.0,0.0,True,True,True,True,PLACEHOLDER_CANDIDATE
2017-06-23,INRU,334.0,334.0,334.0,334.0,0.0,True,True,True,True,PLACEHOLDER_CANDIDATE
2017-06-26,INRU,334.0,334.0,334.0,334.0,0.0,True,True,True,True,PLACEHOLDER_CANDIDATE
2017-06-27,INRU,334.0,334.0,334.0,334.0,0.0,True,True,True,True,PLACEHOLDER_CANDIDATE
2017-06-28,INRU,334.0,334.0,334.0,334.0,0.0,True,True,True,True,PLACEHOLDER_CANDIDATE
2017-06-29,INRU,334.0,334.0,334.0,334.0,0.0,True,True,True,True,PLACEHOLDER_CANDIDATE
2017-06-30,INRU,334.0,334.0,334.0,334.0,0.0,True,True,True,True,PLACEHOLDER_CANDIDATE
2017-08-17,INRU,340.0,340.0,340.0,340.0,0.0,True,True,True,True,PLACEHOLDER_CANDIDATE
2017-09-01,INRU,332.0,332.0,332.0,332.0,0.0,True,True,True,True,PLACEHOLDER_CANDIDATE
2017-09-21,INRU,324.0,324.0,324.0,324.0,0.0,True,True,True,True,PLACEHOLDER_CANDIDATE
2017-12-25,INRU,288.0,288.0,288.0,288.0,0.0,True,True,True,True,PLACEHOLDER_CANDIDATE
2017-12-26,INRU,288.0,288.0,288.0,288.0,0.0,True,True,True,True,PLACEHOLDER_CANDIDATE
2018-01-01,INRU,286.0,286.0,286.0,286.0,0.0,True,True,True,True,PLACEHOLDER_CANDIDATE
2018-02-16,INRU,760.0,760.0,760.0,760.0,0.0,True,True,True,True,PLACEHOLDER_CANDIDATE
2018-03-30,INRU,840.0,840.0,840.0,840.0,0.0,True,True,True,True,PLACEHOLDER_CANDIDATE
2018-05-01,INRU,850.0,850.0,850.0,850.0,0.0,True,True,True,True,PLACEHOLDER_CANDIDATE
2018-05-10,INRU,800.0,800.0,800.0,800.0,0.0,True,True,True,True,PLACEHOLDER_CANDIDATE
2018-05-29,INRU,900.0,900.0,900.0,900.0,0.0,True,True,True,True,PLACEHOLDER_CANDIDATE
2018-06-01,INRU,835.0,835.0,835.0,835.0,0.0,True,True,True,True,PLACEHOLDER_CANDIDATE
2018-06-11,INRU,860.0,860.0,860.0,860.0,0.0,True,True,True,True,PLACEHOLDER_CANDIDATE
2018-06-12,INRU,860.0,860.0,860.0,860.0,0.0,True,True,True,True,PLACEHOLDER_CANDIDATE
2018-06-13,INRU,860.0,860.0,860.0,860.0,0.0,True,True,True,True,PLACEHOLDER_CANDIDATE
2018-06-14,INRU,860.0,860.0,860.0,860.0,0.0,True,True,True,True,PLACEHOLDER_CANDIDATE
2018-06-15,INRU,860.0,860.0,860.0,860.0,0.0,True,True,True,True,PLACEHOLDER_CANDIDATE
2018-06-18,INRU,860.0,860.0,860.0,860.0,0.0,True,True,True,True,PLACEHOLDER_CANDIDATE
2018-06-19,INRU,860.0,860.0,860.0,860.0,0.0,True,True,True,True,PLACEHOLDER_CANDIDATE
2018-08-17,INRU,660.0,660.0,660.0,660.0,0.0,True,True,True,True,PLACEHOLDER_CANDIDATE
2018-08-22,INRU,675.0,675.0,675.0,675.0,0.0,True,True,True,True,PLACEHOLDER_CANDIDATE
2018-09-11,INRU,645.0,645.0,645.0,645.0,0.0,True,True,True,True,PLACEHOLDER_CANDIDATE
2018-11-20,INRU,640.0,640.0,640.0,640.0,0.0,True,True,True,True,PLACEHOLDER_CANDIDATE
2018-12-24,INRU,525.0,525.0,525.0,525.0,0.0,True,True,True,True,PLACEHOLDER_CANDIDATE
2018-12-25,INRU,525.0,525.0,525.0,525.0,0.0,True,True,True,True,PLACEHOLDER_CANDIDATE
2018-12-31,INRU,525.0,525.0,525.0,525.0,0.0,True,True,True,True,PLACEHOLDER_CANDIDATE
2019-01-01,INRU,525.0,525.0,525.0,525.0,0.0,True,True,True,True,PLACEHOLDER_CANDIDATE
2019-02-05,INRU,900.0,900.0,900.0,900.0,0.0,True,True,True,True,PLACEHOLDER_CANDIDATE
2019-03-07,INRU,820.0,820.0,820.0,820.0,0.0,True,True,True,True,PLACEHOLDER_CANDIDATE
2019-04-03,INRU,770.0,770.0,770.0,770.0,0.0,True,True,True,True,PLACEHOLDER_CANDIDATE
2019-04-17,INRU,720.0,720.0,720.0,720.0,0.0,True,True,True,True,PLACEHOLDER_CANDIDATE
2019-04-19,INRU,600.0,600.0,600.0,600.0,0.0,True,True,True,True,PLACEHOLDER_CANDIDATE
2019-05-01,INRU,630.0,630.0,630.0,630.0,0.0,True,True,True,True,PLACEHOLDER_CANDIDATE
2019-05-30,INRU,600.0,600.0,600.0,600.0,0.0,True,True,True,True,PLACEHOLDER_CANDIDATE
2019-06-03,INRU,615.0,615.0,615.0,615.0,0.0,True,True,True,True,PLACEHOLDER_CANDIDATE
2019-06-04,INRU,615.0,615.0,615.0,615.0,0.0,True,True,True,True,PLACEHOLDER_CANDIDATE
2019-06-05,INRU,615.0,615.0,615.0,615.0,0.0,True,True,True,True,PLACEHOLDER_CANDIDATE
2019-06-06,INRU,615.0,615.0,615.0,615.0,0.0,True,True,True,True,PLACEHOLDER_CANDIDATE
2019-06-07,INRU,615.0,615.0,615.0,615.0,0.0,True,True,True,True,PLACEHOLDER_CANDIDATE
2026-05-01,INRU,590.0,590.0,590.0,590.0,0.0,True,True,True,True,PLACEHOLDER_CANDIDATE
2026-05-14,INRU,590.0,590.0,590.0,590.0,0.0,True,True,True,True,PLACEHOLDER_CANDIDATE
2026-05-15,INRU,590.0,590.0,590.0,590.0,0.0,True,True,True,True,PLACEHOLDER_CANDIDATE
2026-05-27,INRU,590.0,590.0,590.0,590.0,0.0,True,True,True,True,PLACEHOLDER_CANDIDATE
2026-05-28,INRU,590.0,590.0,590.0,590.0,0.0,True,True,True,True,PLACEHOLDER_CANDIDATE
2026-06-01,INRU,590.0,590.0,590.0,590.0,0.0,True,True,True,True,PLACEHOLDER_CANDIDATE
2026-06-16,INRU,590.0,590.0,590.0,590.0,0.0,True,True,True,True,PLACEHOLDER_CANDIDATE
2026-08-17,INRU,590.0,590.0,590.0,590.0,0.0,True,True,True,True,PLACEHOLDER_CANDIDATE
2026-08-25,INRU,590.0,590.0,590.0,590.0,0.0,True,True,True,True,PLACEHOLDER_CANDIDATE
2026-05-14,INTA,75.0,75.0,75.0,75.0,0.0,True,True,True,True,PLACEHOLDER_CANDIDATE
2026-05-15,INTA,75.0,75.0,75.0,75.0,0.0,True,True,True,True,PLACEHOLDER_CANDIDATE
2026-05-27,INTA,75.0,75.0,75.0,75.0,0.0,True,True,True,True,PLACEHOLDER_CANDIDATE
2026-05-28,INTA,75.0,75.0,75.0,75.0,0.0,True,True,True,True,PLACEHOLDER_CANDIDATE
2026-08-17,INTA,61.0,61.0,61.0,61.0,0.0,True,True,True,True,PLACEHOLDER_CANDIDATE
2026-08-25,INTA,61.0,61.0,61.0,61.0,0.0,True,True,True,True,PLACEHOLDER_CANDIDATE
2026-05-14,INTD,240.0,240.0,240.0,240.0,0.0,True,True,True,True,PLACEHOLDER_CANDIDATE
2026-05-15,INTD,240.0,240.0,240.0,240.0,0.0,True,True,True,True,PLACEHOLDER_CANDIDATE
2026-05-27,INTD,244.0,244.0,244.0,244.0,0.0,True,True,True,True,PLACEHOLDER_CANDIDATE
2026-05-28,INTD,244.0,244.0,244.0,244.0,0.0,True,True,True,True,PLACEHOLDER_CANDIDATE
2026-08-25,INTD,286.0,286.0,286.0,286.0,0.0,True,True,True,True,PLACEHOLDER_CANDIDATE
2026-05-14,INTP,4595.181640625,4595.181640625,4595.181640625,4595.181640625,0.0,True,True,True,True,PLACEHOLDER_CANDIDATE
2026-05-15,INTP,4595.181640625,4595.181640625,4595.181640625,4595.181640625,0.0,True,True,True,True,PLACEHOLDER_CANDIDATE
2026-05-27,INTP,4518.21826171875,4518.21826171875,4518.21826171875,4518.21826171875,0.0,True,True,True,True,PLACEHOLDER_CANDIDATE
2026-05-28,INTP,4518.21826171875,4518.21826171875,4518.21826171875,4518.21826171875,0.0,True,True,True,True,PLACEHOLDER_CANDIDATE
2026-08-25,INTP,5675.0,5675.0,5675.0,5675.0,0.0,True,True,True,True,PLACEHOLDER_CANDIDATE
2026-05-14,IOTF,62.0,62.0,62.0,62.0,0.0,True,True,True,True,PLACEHOLDER_CANDIDATE
2026-05-15,IOTF,62.0,62.0,62.0,62.0,0.0,True,True,True,True,PLACEHOLDER_CANDIDATE
2026-05-27,IOTF,59.0,59.0,59.0,59.0,0.0,True,True,True,True,PLACEHOLDER_CANDIDATE
2026-05-28,IOTF,59.0,59.0,59.0,59.0,0.0,True,True,True,True,PLACEHOLDER_CANDIDATE
2026-05-14,IPAC,150.0,150.0,150.0,150.0,0.0,True,True,True,True,PLACEHOLDER_CANDIDATE
2026-05-15,IPAC,150.0,150.0,150.0,150.0,0.0,True,True,True,True,PLACEHOLDER_CANDIDATE
2026-05-27,IPAC,142.0,142.0,142.0,142.0,0.0,True,True,True,True,PLACEHOLDER_CANDIDATE
2026-05-28,IPAC,142.0,142.0,142.0,142.0,0.0,True,True,True,True,PLACEHOLDER_CANDIDATE
2026-05-14,IPCC,1181.9228515625,1181.9228515625,1181.9228515625,1181.9228515625,0.0,True,True,True,True,PLACEHOLDER_CANDIDATE
2026-05-15,IPCC,1181.9228515625,1181.9228515625,1181.9228515625,1181.9228515625,0.0,True,True,True,True,PLACEHOLDER_CANDIDATE
2026-05-27,IPCC,1130.7371826171875,1130.7371826171875,1130.7371826171875,1130.7371826171875,0.0,True,True,True,True,PLACEHOLDER_CANDIDATE
2026-05-28,IPCC,1130.7371826171875,1130.7371826171875,1130.7371826171875,1130.7371826171875,0.0,True,True,True,True,PLACEHOLDER_CANDIDATE
2026-05-14,IPCM,308.4111022949219,308.4111022949219,308.4111022949219,308.4111022949219,0.0,True,True,True,True,PLACEHOLDER_CANDIDATE
2026-05-15,IPCM,308.4111022949219,308.4111022949219,308.4111022949219,308.4111022949219,0.0,True,True,True,True,PLACEHOLDER_CANDIDATE
2026-05-27,IPCM,304.6499938964844,304.6499938964844,304.6499938964844,304.6499938964844,0.0,True,True,True,True,PLACEHOLDER_CANDIDATE
2026-05-28,IPCM,304.6499938964844,304.6499938964844,304.6499938964844,304.6499938964844,0.0,True,True,True,True,PLACEHOLDER_CANDIDATE
2026-05-14,IPOL,121.0,121.0,121.0,121.0,0.0,True,True,True,True,PLACEHOLDER_CANDIDATE
2026-05-15,IPOL,121.0,121.0,121.0,121.0,0.0,True,True,True,True,PLACEHOLDER_CANDIDATE
2026-05-27,IPOL,119.0,119.0,119.0,119.0,0.0,True,True,True,True,PLACEHOLDER_CANDIDATE
2026-05-28,IPOL,119.0,119.0,119.0,119.0,0.0,True,True,True,True,PLACEHOLDER_CANDIDATE
2026-05-01,IPPE,14.0,14.0,14.0,14.0,0.0,True,True,True,True,PLACEHOLDER_CANDIDATE
2026-05-14,IPPE,14.0,14.0,14.0,14.0,0.0,True,True,True,True,PLACEHOLDER_CANDIDATE
2026-05-15,IPPE,14.0,14.0,14.0,14.0,0.0,True,True,True,True,PLACEHOLDER_CANDIDATE
2026-05-27,IPPE,14.0,14.0,14.0,14.0,0.0,True,True,True,True,PLACEHOLDER_CANDIDATE
2026-05-28,IPPE,14.0,14.0,14.0,14.0,0.0,True,True,True,True,PLACEHOLDER_CANDIDATE
2026-06-01,IPPE,14.0,14.0,14.0,14.0,0.0,True,True,True,True,PLACEHOLDER_CANDIDATE
2026-06-16,IPPE,14.0,14.0,14.0,14.0,0.0,True,True,True,True,PLACEHOLDER_CANDIDATE
2026-08-17,IPPE,14.0,14.0,14.0,14.0,0.0,True,True,True,True,PLACEHOLDER_CANDIDATE
2026-08-25,IPPE,14.0,14.0,14.0,14.0,0.0,True,True,True,True,PLACEHOLDER_CANDIDATE
2026-05-14,IPTV,42.0,42.0,42.0,42.0,0.0,True,True,True,True,PLACEHOLDER_CANDIDATE
2026-05-15,IPTV,42.0,42.0,42.0,42.0,0.0,True,True,True,True,PLACEHOLDER_CANDIDATE
2026-05-27,IPTV,38.0,38.0,38.0,38.0,0.0,True,True,True,True,PLACEHOLDER_CANDIDATE
2026-05-28,IPTV,38.0,38.0,38.0,38.0,0.0,True,True,True,True,PLACEHOLDER_CANDIDATE
2026-05-14,IRRA,412.0,412.0,412.0,412.0,0.0,True,True,True,True,PLACEHOLDER_CANDIDATE
2026-05-15,IRRA,412.0,412.0,412.0,412.0,0.0,True,True,True,True,PLACEHOLDER_CANDIDATE
2026-05-27,IRRA,378.0,378.0,378.0,378.0,0.0,True,True,True,True,PLACEHOLDER_CANDIDATE
2026-05-28,IRRA,378.0,378.0,378.0,378.0,0.0,True,True,True,True,PLACEHOLDER_CANDIDATE
2026-05-14,IRSX,463.7720336914063,463.7720336914063,463.7720336914063,463.7720336914063,0.0,True,True,True,True,PLACEHOLDER_CANDIDATE
2026-05-15,IRSX,463.7720336914063,463.7720336914063,463.7720336914063,463.7720336914063,0.0,True,True,True,True,PLACEHOLDER_CANDIDATE
2026-05-27,IRSX,345.8300170898437,345.8300170898437,345.8300170898437,345.8300170898437,0.0,True,True,True,True,PLACEHOLDER_CANDIDATE
2026-05-28,IRSX,345.8300170898437,345.8300170898437,345.8300170898437,345.8300170898437,0.0,True,True,True,True,PLACEHOLDER_CANDIDATE
2026-05-14,ISAP,30.0,30.0,30.0,30.0,0.0,True,True,True,True,PLACEHOLDER_CANDIDATE
2026-05-15,ISAP,30.0,30.0,30.0,30.0,0.0,True,True,True,True,PLACEHOLDER_CANDIDATE
2026-05-27,ISAP,27.0,27.0,27.0,27.0,0.0,True,True,True,True,PLACEHOLDER_CANDIDATE
2026-05-28,ISAP,27.0,27.0,27.0,27.0,0.0,True,True,True,True,PLACEHOLDER_CANDIDATE
2014-04-09,ISAT,718.49,718.49,718.49,718.49,0.0,True,True,True,True,PLACEHOLDER_CANDIDATE
2014-07-09,ISAT,675.11,675.11,675.11,675.11,0.0,True,True,True,True,PLACEHOLDER_CANDIDATE
2015-12-09,ISAT,939.91,939.91,939.91,939.91,0.0,True,True,True,True,PLACEHOLDER_CANDIDATE
2017-01-02,ISAT,1165.85,1165.85,1165.85,1165.85,0.0,True,True,True,True,PLACEHOLDER_CANDIDATE
2017-02-15,ISAT,1211.04,1211.04,1211.04,1211.04,0.0,True,True,True,True,PLACEHOLDER_CANDIDATE
2017-04-19,ISAT,1292.38,1292.38,1292.38,1292.38,0.0,True,True,True,True,PLACEHOLDER_CANDIDATE
2017-06-01,ISAT,1224.6,1224.6,1224.6,1224.6,0.0,True,True,True,True,PLACEHOLDER_CANDIDATE
2017-06-23,ISAT,1187.6,1187.6,1187.6,1187.6,0.0,True,True,True,True,PLACEHOLDER_CANDIDATE
2017-06-26,ISAT,1187.6,1187.6,1187.6,1187.6,0.0,True,True,True,True,PLACEHOLDER_CANDIDATE
2017-06-27,ISAT,1187.6,1187.6,1187.6,1187.6,0.0,True,True,True,True,PLACEHOLDER_CANDIDATE
2017-06-28,ISAT,1187.6,1187.6,1187.6,1187.6,0.0,True,True,True,True,PLACEHOLDER_CANDIDATE
2017-06-29,ISAT,1187.6,1187.6,1187.6,1187.6,0.0,True,True,True,True,PLACEHOLDER_CANDIDATE
2017-06-30,ISAT,1187.6,1187.6,1187.6,1187.6,0.0,True,True,True,True,PLACEHOLDER_CANDIDATE
2017-08-17,ISAT,1224.14,1224.14,1224.14,1224.14,0.0,True,True,True,True,PLACEHOLDER_CANDIDATE
2017-09-01,ISAT,1178.47,1178.47,1178.47,1178.47,0.0,True,True,True,True,PLACEHOLDER_CANDIDATE
2017-09-21,ISAT,1169.33,1169.33,1169.33,1169.33,0.0,True,True,True,True,PLACEHOLDER_CANDIDATE
2017-12-25,ISAT,873.34,873.34,873.34,873.34,0.0,True,True,True,True,PLACEHOLDER_CANDIDATE
2017-12-26,ISAT,873.34,873.34,873.34,873.34,0.0,True,True,True,True,PLACEHOLDER_CANDIDATE
2018-01-01,ISAT,877.0,877.0,877.0,877.0,0.0,True,True,True,True,PLACEHOLDER_CANDIDATE
2018-02-16,ISAT,1032.3,1032.3,1032.3,1032.3,0.0,True,True,True,True,PLACEHOLDER_CANDIDATE
2018-03-30,ISAT,867.86,867.86,867.86,867.86,0.0,True,True,True,True,PLACEHOLDER_CANDIDATE
2018-05-01,ISAT,690.64,690.64,690.64,690.64,0.0,True,True,True,True,PLACEHOLDER_CANDIDATE
2018-05-10,ISAT,626.69,626.69,626.69,626.69,0.0,True,True,True,True,PLACEHOLDER_CANDIDATE
2018-05-29,ISAT,618.53,618.53,618.53,618.53,0.0,True,True,True,True,PLACEHOLDER_CANDIDATE
2018-06-01,ISAT,616.66,616.66,616.66,616.66,0.0,True,True,True,True,PLACEHOLDER_CANDIDATE
2018-06-11,ISAT,612.92,612.92,612.92,612.92,0.0,True,True,True,True,PLACEHOLDER_CANDIDATE
2018-06-12,ISAT,612.92,612.92,612.92,612.92,0.0,True,True,True,True,PLACEHOLDER_CANDIDATE
2018-06-13,ISAT,612.92,612.92,612.92,612.92,0.0,True,True,True,True,PLACEHOLDER_CANDIDATE
2018-06-14,ISAT,612.92,612.92,612.92,612.92,0.0,True,True,True,True,PLACEHOLDER_CANDIDATE
2018-06-15,ISAT,612.92,612.92,612.92,612.92,0.0,True,True,True,True,PLACEHOLDER_CANDIDATE
2018-06-18,ISAT,612.92,612.92,612.92,612.92,0.0,True,True,True,True,PLACEHOLDER_CANDIDATE
2018-06-19,ISAT,612.92,612.92,612.92,612.92,0.0,True,True,True,True,PLACEHOLDER_CANDIDATE
2018-08-17,ISAT,601.71,601.71,601.71,601.71,0.0,True,True,True,True,PLACEHOLDER_CANDIDATE
2018-08-22,ISAT,603.58,603.58,603.58,603.58,0.0,True,True,True,True,PLACEHOLDER_CANDIDATE
2018-09-11,ISAT,554.99,554.99,554.99,554.99,0.0,True,True,True,True,PLACEHOLDER_CANDIDATE
2018-11-20,ISAT,403.63,403.63,403.63,403.63,0.0,True,True,True,True,PLACEHOLDER_CANDIDATE
2018-12-24,ISAT,323.28,323.28,323.28,323.28,0.0,True,True,True,True,PLACEHOLDER_CANDIDATE
2018-12-25,ISAT,323.28,323.28,323.28,323.28,0.0,True,True,True,True,PLACEHOLDER_CANDIDATE
2018-12-31,ISAT,314.87,314.87,314.87,314.87,0.0,True,True,True,True,PLACEHOLDER_CANDIDATE
2019-01-01,ISAT,314.87,314.87,314.87,314.87,0.0,True,True,True,True,PLACEHOLDER_CANDIDATE
2019-02-05,ISAT,579.29,579.29,579.29,579.29,0.0,True,True,True,True,PLACEHOLDER_CANDIDATE
2019-03-07,ISAT,569.94,569.94,569.94,569.94,0.0,True,True,True,True,PLACEHOLDER_CANDIDATE
2019-04-03,ISAT,435.4,435.4,435.4,435.4,0.0,True,True,True,True,PLACEHOLDER_CANDIDATE
2019-04-17,ISAT,506.41,506.41,506.41,506.41,0.0,True,True,True,True,PLACEHOLDER_CANDIDATE
2019-04-19,ISAT,512.02,512.02,512.02,512.02,0.0,True,True,True,True,PLACEHOLDER_CANDIDATE
2019-05-01,ISAT,487.72,487.72,487.72,487.72,0.0,True,True,True,True,PLACEHOLDER_CANDIDATE
2019-05-30,ISAT,372.8,372.8,372.8,372.8,0.0,True,True,True,True,PLACEHOLDER_CANDIDATE
2019-06-03,ISAT,383.08,383.08,383.08,383.08,0.0,True,True,True,True,PLACEHOLDER_CANDIDATE
2019-06-04,ISAT,383.08,383.08,383.08,383.08,0.0,True,True,True,True,PLACEHOLDER_CANDIDATE
2019-06-05,ISAT,383.08,383.08,383.08,383.08,0.0,True,True,True,True,PLACEHOLDER_CANDIDATE
2019-06-06,ISAT,383.08,383.08,383.08,383.08,0.0,True,True,True,True,PLACEHOLDER_CANDIDATE
2019-06-07,ISAT,383.08,383.08,383.08,383.08,0.0,True,True,True,True,PLACEHOLDER_CANDIDATE
2026-05-14,ISAT,2259.0,2259.0,2259.0,2259.0,0.0,True,True,True,True,PLACEHOLDER_CANDIDATE
2026-05-15,ISAT,2259.0,2259.0,2259.0,2259.0,0.0,True,True,True,True,PLACEHOLDER_CANDIDATE
2026-05-27,ISAT,2160.0,2160.0,2160.0,2160.0,0.0,True,True,True,True,PLACEHOLDER_CANDIDATE
2026-05-28,ISAT,2160.0,2160.0,2160.0,2160.0,0.0,True,True,True,True,PLACEHOLDER_CANDIDATE
2026-08-25,ISAT,2630.0,2630.0,2630.0,2630.0,0.0,True,True,True,True,PLACEHOLDER_CANDIDATE
2026-05-14,ISEA,86.0,86.0,86.0,86.0,0.0,True,True,True,True,PLACEHOLDER_CANDIDATE
2026-05-15,ISEA,86.0,86.0,86.0,86.0,0.0,True,True,True,True,PLACEHOLDER_CANDIDATE
2026-05-27,ISEA,71.0,71.0,71.0,71.0,0.0,True,True,True,True,PLACEHOLDER_CANDIDATE
2026-05-28,ISEA,71.0,71.0,71.0,71.0,0.0,True,True,True,True,PLACEHOLDER_CANDIDATE
2026-05-14,ISSP,402.3673706054688,402.3673706054688,402.3673706054688,402.3673706054688,0.0,True,True,True,True,PLACEHOLDER_CANDIDATE
2026-05-15,ISSP,402.3673706054688,402.3673706054688,402.3673706054688,402.3673706054688,0.0,True,True,True,True,PLACEHOLDER_CANDIDATE
2026-05-27,ISSP,406.1632690429688,406.1632690429688,406.1632690429688,406.1632690429688,0.0,True,True,True,True,PLACEHOLDER_CANDIDATE
2026-05-28,ISSP,406.1632690429688,406.1632690429688,406.1632690429688,406.1632690429688,0.0,True,True,True,True,PLACEHOLDER_CANDIDATE
2026-05-14,ITIC,254.0,254.0,254.0,254.0,0.0,True,True,True,True,PLACEHOLDER_CANDIDATE
2026-05-15,ITIC,254.0,254.0,254.0,254.0,0.0,True,True,True,True,PLACEHOLDER_CANDIDATE
2026-05-27,ITIC,216.0,216.0,216.0,216.0,0.0,True,True,True,True,PLACEHOLDER_CANDIDATE
2026-05-28,ITIC,216.0,216.0,216.0,216.0,0.0,True,True,True,True,PLACEHOLDER_CANDIDATE
2026-05-14,ITMA,2260.0,2260.0,2260.0,2260.0,0.0,True,True,True,True,PLACEHOLDER_CANDIDATE
2026-05-15,ITMA,2260.0,2260.0,2260.0,2260.0,0.0,True,True,True,True,PLACEHOLDER_CANDIDATE
2026-05-27,ITMA,1865.0,1865.0,1865.0,1865.0,0.0,True,True,True,True,PLACEHOLDER_CANDIDATE
2026-05-28,ITMA,1865.0,1865.0,1865.0,1865.0,0.0,True,True,True,True,PLACEHOLDER_CANDIDATE
2014-04-09,ITMG,5153.74,5153.74,5153.74,5153.74,0.0,True,True,True,True,PLACEHOLDER_CANDIDATE
2014-07-09,ITMG,5890.79,5890.79,5890.79,5890.79,0.0,True,True,True,True,PLACEHOLDER_CANDIDATE
2015-12-09,ITMG,1652.96,1652.96,1652.96,1652.96,0.0,True,True,True,True,PLACEHOLDER_CANDIDATE
2017-01-02,ITMG,4534.16,4534.16,4534.16,4534.16,0.0,True,True,True,True,PLACEHOLDER_CANDIDATE
2017-02-15,ITMG,4050.52,4050.52,4050.52,4050.52,0.0,True,True,True,True,PLACEHOLDER_CANDIDATE
2017-04-19,ITMG,5696.05,5696.05,5696.05,5696.05,0.0,True,True,True,True,PLACEHOLDER_CANDIDATE
2017-06-01,ITMG,4312.83,4312.83,4312.83,4312.83,0.0,True,True,True,True,PLACEHOLDER_CANDIDATE
2017-06-23,ITMG,4908.68,4908.68,4908.68,4908.68,0.0,True,True,True,True,PLACEHOLDER_CANDIDATE
2017-06-26,ITMG,4908.68,4908.68,4908.68,4908.68,0.0,True,True,True,True,PLACEHOLDER_CANDIDATE
2017-06-27,ITMG,4908.68,4908.68,4908.68,4908.68,0.0,True,True,True,True,PLACEHOLDER_CANDIDATE
2017-06-28,ITMG,4908.68,4908.68,4908.68,4908.68,0.0,True,True,True,True,PLACEHOLDER_CANDIDATE
2017-06-29,ITMG,4908.68,4908.68,4908.68,4908.68,0.0,True,True,True,True,PLACEHOLDER_CANDIDATE
2017-06-30,ITMG,4908.68,4908.68,4908.68,4908.68,0.0,True,True,True,True,PLACEHOLDER_CANDIDATE
2017-08-17,ITMG,5816.64,5816.64,5816.64,5816.64,0.0,True,True,True,True,PLACEHOLDER_CANDIDATE
2017-09-01,ITMG,5518.72,5518.72,5518.72,5518.72,0.0,True,True,True,True,PLACEHOLDER_CANDIDATE
2017-09-21,ITMG,5596.74,5596.74,5596.74,5596.74,0.0,True,True,True,True,PLACEHOLDER_CANDIDATE
2017-12-25,ITMG,6143.21,6143.21,6143.21,6143.21,0.0,True,True,True,True,PLACEHOLDER_CANDIDATE
2017-12-26,ITMG,6143.21,6143.21,6143.21,6143.21,0.0,True,True,True,True,PLACEHOLDER_CANDIDATE
2018-01-01,ITMG,6233.55,6233.55,6233.55,6233.55,0.0,True,True,True,True,PLACEHOLDER_CANDIDATE
2018-02-16,ITMG,9056.71,9056.71,9056.71,9056.71,0.0,True,True,True,True,PLACEHOLDER_CANDIDATE
2018-03-30,ITMG,8582.42,8582.42,8582.42,8582.42,0.0,True,True,True,True,PLACEHOLDER_CANDIDATE
2018-05-01,ITMG,7611.14,7611.14,7611.14,7611.14,0.0,True,True,True,True,PLACEHOLDER_CANDIDATE
2018-05-10,ITMG,7466.32,7466.32,7466.32,7466.32,0.0,True,True,True,True,PLACEHOLDER_CANDIDATE
2018-05-29,ITMG,8166.29,8166.29,8166.29,8166.29,0.0,True,True,True,True,PLACEHOLDER_CANDIDATE
2018-06-01,ITMG,8311.11,8311.11,8311.11,8311.11,0.0,True,True,True,True,PLACEHOLDER_CANDIDATE
2018-06-11,ITMG,8689.26,8689.26,8689.26,8689.26,0.0,True,True,True,True,PLACEHOLDER_CANDIDATE
2018-06-12,ITMG,8689.26,8689.26,8689.26,8689.26,0.0,True,True,True,True,PLACEHOLDER_CANDIDATE
2018-06-13,ITMG,8689.26,8689.26,8689.26,8689.26,0.0,True,True,True,True,PLACEHOLDER_CANDIDATE
2018-06-14,ITMG,8689.26,8689.26,8689.26,8689.26,0.0,True,True,True,True,PLACEHOLDER_CANDIDATE
2018-06-15,ITMG,8689.26,8689.26,8689.26,8689.26,0.0,True,True,True,True,PLACEHOLDER_CANDIDATE
2018-06-18,ITMG,8689.26,8689.26,8689.26,8689.26,0.0,True,True,True,True,PLACEHOLDER_CANDIDATE
2018-06-19,ITMG,8689.26,8689.26,8689.26,8689.26,0.0,True,True,True,True,PLACEHOLDER_CANDIDATE
2018-08-17,ITMG,8423.75,8423.75,8423.75,8423.75,0.0,True,True,True,True,PLACEHOLDER_CANDIDATE
2018-08-22,ITMG,8624.89,8624.89,8624.89,8624.89,0.0,True,True,True,True,PLACEHOLDER_CANDIDATE
2018-09-11,ITMG,8109.97,8109.97,8109.97,8109.97,0.0,True,True,True,True,PLACEHOLDER_CANDIDATE
2018-11-20,ITMG,7498.5,7498.5,7498.5,7498.5,0.0,True,True,True,True,PLACEHOLDER_CANDIDATE
2018-12-24,ITMG,6775.04,6775.04,6775.04,6775.04,0.0,True,True,True,True,PLACEHOLDER_CANDIDATE
2018-12-25,ITMG,6775.04,6775.04,6775.04,6775.04,0.0,True,True,True,True,PLACEHOLDER_CANDIDATE
2018-12-31,ITMG,6894.2,6894.2,6894.2,6894.2,0.0,True,True,True,True,PLACEHOLDER_CANDIDATE
2019-01-01,ITMG,6894.2,6894.2,6894.2,6894.2,0.0,True,True,True,True,PLACEHOLDER_CANDIDATE
2019-02-05,ITMG,7575.11,7575.11,7575.11,7575.11,0.0,True,True,True,True,PLACEHOLDER_CANDIDATE
2019-03-07,ITMG,7592.13,7592.13,7592.13,7592.13,0.0,True,True,True,True,PLACEHOLDER_CANDIDATE
2019-04-03,ITMG,8128.34,8128.34,8128.34,8128.34,0.0,True,True,True,True,PLACEHOLDER_CANDIDATE
2019-04-17,ITMG,7465.56,7465.56,7465.56,7465.56,0.0,True,True,True,True,PLACEHOLDER_CANDIDATE
2019-04-19,ITMG,7344.55,7344.55,7344.55,7344.55,0.0,True,True,True,True,PLACEHOLDER_CANDIDATE
2019-05-01,ITMG,7158.38,7158.38,7158.38,7158.38,0.0,True,True,True,True,PLACEHOLDER_CANDIDATE
2019-05-30,ITMG,6422.99,6422.99,6422.99,6422.99,0.0,True,True,True,True,PLACEHOLDER_CANDIDATE
2019-06-03,ITMG,6525.39,6525.39,6525.39,6525.39,0.0,True,True,True,True,PLACEHOLDER_CANDIDATE
2019-06-04,ITMG,6525.39,6525.39,6525.39,6525.39,0.0,True,True,True,True,PLACEHOLDER_CANDIDATE
2019-06-05,ITMG,6525.39,6525.39,6525.39,6525.39,0.0,True,True,True,True,PLACEHOLDER_CANDIDATE
2019-06-06,ITMG,6525.39,6525.39,6525.39,6525.39,0.0,True,True,True,True,PLACEHOLDER_CANDIDATE
2019-06-07,ITMG,6525.39,6525.39,6525.39,6525.39,0.0,True,True,True,True,PLACEHOLDER_CANDIDATE
2026-05-14,ITMG,23950.0,23950.0,23950.0,23950.0,0.0,True,True,True,True,PLACEHOLDER_CANDIDATE
2026-05-15,ITMG,23950.0,23950.0,23950.0,23950.0,0.0,True,True,True,True,PLACEHOLDER_CANDIDATE
2026-05-27,ITMG,22725.0,22725.0,22725.0,22725.0,0.0,True,True,True,True,PLACEHOLDER_CANDIDATE
2026-05-28,ITMG,22725.0,22725.0,22725.0,22725.0,0.0,True,True,True,True,PLACEHOLDER_CANDIDATE
2026-08-25,ITMG,25400.0,25400.0,25400.0,25400.0,0.0,True,True,True,True,PLACEHOLDER_CANDIDATE
2026-05-14,JARR,2013.3853759765625,2013.3853759765625,2013.3853759765625,2013.3853759765625,0.0,True,True,True,True,PLACEHOLDER_CANDIDATE
2026-05-15,JARR,2013.3853759765625,2013.3853759765625,2013.3853759765625,2013.3853759765625,0.0,True,True,True,True,PLACEHOLDER_CANDIDATE
2026-05-27,JARR,1594.7607421875,1594.7607421875,1594.7607421875,1594.7607421875,0.0,True,True,True,True,PLACEHOLDER_CANDIDATE
2026-05-28,JARR,1594.7607421875,1594.7607421875,1594.7607421875,1594.7607421875,0.0,True,True,True,True,PLACEHOLDER_CANDIDATE
2026-05-14,JAST,95.0,95.0,95.0,95.0,0.0,True,True,True,True,PLACEHOLDER_CANDIDATE
2026-05-15,JAST,95.0,95.0,95.0,95.0,0.0,True,True,True,True,PLACEHOLDER_CANDIDATE
2026-05-27,JAST,88.0,88.0,88.0,88.0,0.0,True,True,True,True,PLACEHOLDER_CANDIDATE
2026-05-28,JAST,88.0,88.0,88.0,88.0,0.0,True,True,True,True,PLACEHOLDER_CANDIDATE
2026-05-14,JATI,101.06771087646484,101.06771087646484,101.06771087646484,101.06771087646484,0.0,True,True,True,True,PLACEHOLDER_CANDIDATE
2026-05-15,JATI,101.06771087646484,101.06771087646484,101.06771087646484,101.06771087646484,0.0,True,True,True,True,PLACEHOLDER_CANDIDATE
2026-05-27,JATI,98.12399291992188,98.12399291992188,98.12399291992188,98.12399291992188,0.0,True,True,True,True,PLACEHOLDER_CANDIDATE
2026-05-28,JATI,98.12399291992188,98.12399291992188,98.12399291992188,98.12399291992188,0.0,True,True,True,True,PLACEHOLDER_CANDIDATE
2026-05-14,JAWA,157.0,157.0,157.0,157.0,0.0,True,True,True,True,PLACEHOLDER_CANDIDATE
2026-05-15,JAWA,157.0,157.0,157.0,157.0,0.0,True,True,True,True,PLACEHOLDER_CANDIDATE
2026-05-27,JAWA,130.0,130.0,130.0,130.0,0.0,True,True,True,True,PLACEHOLDER_CANDIDATE
2026-05-28,JAWA,130.0,130.0,130.0,130.0,0.0,True,True,True,True,PLACEHOLDER_CANDIDATE
2026-05-14,JAYA,139.0,139.0,139.0,139.0,0.0,True,True,True,True,PLACEHOLDER_CANDIDATE
2026-05-15,JAYA,139.0,139.0,139.0,139.0,0.0,True,True,True,True,PLACEHOLDER_CANDIDATE
2026-05-27,JAYA,129.0,129.0,129.0,129.0,0.0,True,True,True,True,PLACEHOLDER_CANDIDATE
2026-05-28,JAYA,129.0,129.0,129.0,129.0,0.0,True,True,True,True,PLACEHOLDER_CANDIDATE
2026-05-14,JECC,763.7142944335938,763.7142944335938,763.7142944335938,763.7142944335938,0.0,True,True,True,True,PLACEHOLDER_CANDIDATE
2026-05-15,JECC,763.7142944335938,763.7142944335938,763.7142944335938,763.7142944335938,0.0,True,True,True,True,PLACEHOLDER_CANDIDATE
2026-05-27,JECC,542.1428833007812,542.1428833007812,542.1428833007812,542.1428833007812,0.0,True,True,True,True,PLACEHOLDER_CANDIDATE
2026-05-28,JECC,542.1428833007812,542.1428833007812,542.1428833007812,542.1428833007812,0.0,True,True,True,True,PLACEHOLDER_CANDIDATE
2026-08-25,JECC,635.0,635.0,635.0,635.0,0.0,True,True,True,True,PLACEHOLDER_CANDIDATE
2026-05-14,JGLE,82.0,82.0,82.0,82.0,0.0,True,True,True,True,PLACEHOLDER_CANDIDATE
2026-05-15,JGLE,82.0,82.0,82.0,82.0,0.0,True,True,True,True,PLACEHOLDER_CANDIDATE
2026-05-27,JGLE,70.0,70.0,70.0,70.0,0.0,True,True,True,True,PLACEHOLDER_CANDIDATE
2026-05-28,JGLE,70.0,70.0,70.0,70.0,0.0,True,True,True,True,PLACEHOLDER_CANDIDATE
2026-05-14,JIHD,478.0,478.0,478.0,478.0,0.0,True,True,True,True,PLACEHOLDER_CANDIDATE
2026-05-15,JIHD,478.0,478.0,478.0,478.0,0.0,True,True,True,True,PLACEHOLDER_CANDIDATE
2026-05-27,JIHD,448.0,448.0,448.0,448.0,0.0,True,True,True,True,PLACEHOLDER_CANDIDATE
2026-05-28,JIHD,448.0,448.0,448.0,448.0,0.0,True,True,True,True,PLACEHOLDER_CANDIDATE
2026-08-25,JIHD,430.0,430.0,430.0,430.0,0.0,True,True,True,True,PLACEHOLDER_CANDIDATE
2026-05-14,JKON,72.76119232177734,72.76119232177734,72.76119232177734,72.76119232177734,0.0,True,True,True,True,PLACEHOLDER_CANDIDATE
2026-05-15,JKON,72.76119232177734,72.76119232177734,72.76119232177734,72.76119232177734,0.0,True,True,True,True,PLACEHOLDER_CANDIDATE
2026-05-27,JKON,68.88059997558594,68.88059997558594,68.88059997558594,68.88059997558594,0.0,True,True,True,True,PLACEHOLDER_CANDIDATE
2026-05-28,JKON,68.88059997558594,68.88059997558594,68.88059997558594,68.88059997558594,0.0,True,True,True,True,PLACEHOLDER_CANDIDATE
2026-08-25,JKON,86.0,86.0,86.0,86.0,0.0,True,True,True,True,PLACEHOLDER_CANDIDATE
2026-05-14,JMAS,272.0,272.0,272.0,272.0,0.0,True,True,True,True,PLACEHOLDER_CANDIDATE
2026-05-15,JMAS,272.0,272.0,272.0,272.0,0.0,True,True,True,True,PLACEHOLDER_CANDIDATE
2026-05-27,JMAS,266.0,266.0,266.0,266.0,0.0,True,True,True,True,PLACEHOLDER_CANDIDATE
2026-05-28,JMAS,266.0,266.0,266.0,266.0,0.0,True,True,True,True,PLACEHOLDER_CANDIDATE
2026-08-17,JMAS,228.0,228.0,228.0,228.0,0.0,True,True,True,True,PLACEHOLDER_CANDIDATE
2026-08-25,JMAS,228.0,228.0,228.0,228.0,0.0,True,True,True,True,PLACEHOLDER_CANDIDATE
2026-05-14,JPFA,2540.0,2540.0,2540.0,2540.0,0.0,True,True,True,True,PLACEHOLDER_CANDIDATE
2026-05-15,JPFA,2540.0,2540.0,2540.0,2540.0,0.0,True,True,True,True,PLACEHOLDER_CANDIDATE
2026-05-27,JPFA,2570.0,2570.0,2570.0,2570.0,0.0,True,True,True,True,PLACEHOLDER_CANDIDATE
2026-05-28,JPFA,2570.0,2570.0,2570.0,2570.0,0.0,True,True,True,True,PLACEHOLDER_CANDIDATE
2026-08-25,JPFA,2210.0,2210.0,2210.0,2210.0,0.0,True,True,True,True,PLACEHOLDER_CANDIDATE
2026-05-14,JRPT,1063.5694580078125,1063.5694580078125,1063.5694580078125,1063.5694580078125,0.0,True,True,True,True,PLACEHOLDER_CANDIDATE
2026-05-15,JRPT,1063.5694580078125,1063.5694580078125,1063.5694580078125,1063.5694580078125,0.0,True,True,True,True,PLACEHOLDER_CANDIDATE
2026-05-27,JRPT,1058.7130126953125,1058.7130126953125,1058.7130126953125,1058.7130126953125,0.0,True,True,True,True,PLACEHOLDER_CANDIDATE
2026-05-28,JRPT,1058.7130126953125,1058.7130126953125,1058.7130126953125,1058.7130126953125,0.0,True,True,True,True,PLACEHOLDER_CANDIDATE
2026-08-25,JRPT,1075.0,1075.0,1075.0,1075.0,0.0,True,True,True,True,PLACEHOLDER_CANDIDATE
2014-04-09,JSMR,5079.53,5079.53,5079.53,5079.53,0.0,True,True,True,True,PLACEHOLDER_CANDIDATE
2014-07-09,JSMR,5100.35,5100.35,5100.35,5100.35,0.0,True,True,True,True,PLACEHOLDER_CANDIDATE
2015-12-09,JSMR,4000.23,4000.23,4000.23,4000.23,0.0,True,True,True,True,PLACEHOLDER_CANDIDATE
2017-01-02,JSMR,3671.72,3671.72,3671.72,3671.72,0.0,True,True,True,True,PLACEHOLDER_CANDIDATE
2017-02-15,JSMR,4062.69,4062.69,4062.69,4062.69,0.0,True,True,True,True,PLACEHOLDER_CANDIDATE
2017-04-19,JSMR,4036.84,4036.84,4036.84,4036.84,0.0,True,True,True,True,PLACEHOLDER_CANDIDATE
2017-06-01,JSMR,4538.21,4538.21,4538.21,4538.21,0.0,True,True,True,True,PLACEHOLDER_CANDIDATE
2017-06-23,JSMR,4624.65,4624.65,4624.65,4624.65,0.0,True,True,True,True,PLACEHOLDER_CANDIDATE
2017-06-26,JSMR,4624.65,4624.65,4624.65,4624.65,0.0,True,True,True,True,PLACEHOLDER_CANDIDATE
2017-06-27,JSMR,4624.65,4624.65,4624.65,4624.65,0.0,True,True,True,True,PLACEHOLDER_CANDIDATE
2017-06-28,JSMR,4624.65,4624.65,4624.65,4624.65,0.0,True,True,True,True,PLACEHOLDER_CANDIDATE
2017-06-29,JSMR,4624.65,4624.65,4624.65,4624.65,0.0,True,True,True,True,PLACEHOLDER_CANDIDATE
2017-06-30,JSMR,4624.65,4624.65,4624.65,4624.65,0.0,True,True,True,True,PLACEHOLDER_CANDIDATE
2017-08-17,JSMR,4819.15,4819.15,4819.15,4819.15,0.0,True,True,True,True,PLACEHOLDER_CANDIDATE
2017-09-01,JSMR,5035.25,5035.25,5035.25,5035.25,0.0,True,True,True,True,PLACEHOLDER_CANDIDATE
2017-09-21,JSMR,5056.86,5056.86,5056.86,5056.86,0.0,True,True,True,True,PLACEHOLDER_CANDIDATE
2017-12-25,JSMR,5445.85,5445.85,5445.85,5445.85,0.0,True,True,True,True,PLACEHOLDER_CANDIDATE
2017-12-26,JSMR,5445.85,5445.85,5445.85,5445.85,0.0,True,True,True,True,PLACEHOLDER_CANDIDATE
2018-01-01,JSMR,5532.29,5532.29,5532.29,5532.29,0.0,True,True,True,True,PLACEHOLDER_CANDIDATE
2018-02-16,JSMR,4862.37,4862.37,4862.37,4862.37,0.0,True,True,True,True,PLACEHOLDER_CANDIDATE
2018-03-30,JSMR,3959.05,3959.05,3959.05,3959.05,0.0,True,True,True,True,PLACEHOLDER_CANDIDATE
2018-05-01,JSMR,3827.75,3827.75,3827.75,3827.75,0.0,True,True,True,True,PLACEHOLDER_CANDIDATE
2018-05-10,JSMR,3591.25,3591.25,3591.25,3591.25,0.0,True,True,True,True,PLACEHOLDER_CANDIDATE
2018-05-29,JSMR,3854.03,3854.03,3854.03,3854.03,0.0,True,True,True,True,PLACEHOLDER_CANDIDATE
2018-06-01,JSMR,3897.83,3897.83,3897.83,3897.83,0.0,True,True,True,True,PLACEHOLDER_CANDIDATE
2018-06-11,JSMR,4037.97,4037.97,4037.97,4037.97,0.0,True,True,True,True,PLACEHOLDER_CANDIDATE
2018-06-12,JSMR,4037.97,4037.97,4037.97,4037.97,0.0,True,True,True,True,PLACEHOLDER_CANDIDATE
2018-06-13,JSMR,4037.97,4037.97,4037.97,4037.97,0.0,True,True,True,True,PLACEHOLDER_CANDIDATE
2018-06-14,JSMR,4037.97,4037.97,4037.97,4037.97,0.0,True,True,True,True,PLACEHOLDER_CANDIDATE
2018-06-15,JSMR,4037.97,4037.97,4037.97,4037.97,0.0,True,True,True,True,PLACEHOLDER_CANDIDATE
2018-06-18,JSMR,4037.97,4037.97,4037.97,4037.97,0.0,True,True,True,True,PLACEHOLDER_CANDIDATE
2018-06-19,JSMR,4037.97,4037.97,4037.97,4037.97,0.0,True,True,True,True,PLACEHOLDER_CANDIDATE
2018-08-17,JSMR,3906.58,3906.58,3906.58,3906.58,0.0,True,True,True,True,PLACEHOLDER_CANDIDATE
2018-08-22,JSMR,4099.29,4099.29,4099.29,4099.29,0.0,True,True,True,True,PLACEHOLDER_CANDIDATE
2018-09-11,JSMR,3810.23,3810.23,3810.23,3810.23,0.0,True,True,True,True,PLACEHOLDER_CANDIDATE
2018-11-20,JSMR,3521.18,3521.18,3521.18,3521.18,0.0,True,True,True,True,PLACEHOLDER_CANDIDATE
2018-12-24,JSMR,3783.96,3783.96,3783.96,3783.96,0.0,True,True,True,True,PLACEHOLDER_CANDIDATE
2018-12-25,JSMR,3783.96,3783.96,3783.96,3783.96,0.0,True,True,True,True,PLACEHOLDER_CANDIDATE
2018-12-31,JSMR,3748.92,3748.92,3748.92,3748.92,0.0,True,True,True,True,PLACEHOLDER_CANDIDATE
2019-01-01,JSMR,3748.92,3748.92,3748.92,3748.92,0.0,True,True,True,True,PLACEHOLDER_CANDIDATE
2019-02-05,JSMR,4221.91,4221.91,4221.91,4221.91,0.0,True,True,True,True,PLACEHOLDER_CANDIDATE
2019-03-07,JSMR,4510.97,4510.97,4510.97,4510.97,0.0,True,True,True,True,PLACEHOLDER_CANDIDATE
2019-04-03,JSMR,5211.7,5211.7,5211.7,5211.7,0.0,True,True,True,True,PLACEHOLDER_CANDIDATE
2019-04-17,JSMR,5343.09,5343.09,5343.09,5343.09,0.0,True,True,True,True,PLACEHOLDER_CANDIDATE
2019-04-19,JSMR,5299.29,5299.29,5299.29,5299.29,0.0,True,True,True,True,PLACEHOLDER_CANDIDATE
2019-05-01,JSMR,5343.09,5343.09,5343.09,5343.09,0.0,True,True,True,True,PLACEHOLDER_CANDIDATE
2019-05-30,JSMR,4858.11,4858.11,4858.11,4858.11,0.0,True,True,True,True,PLACEHOLDER_CANDIDATE
2019-06-03,JSMR,5034.77,5034.77,5034.77,5034.77,0.0,True,True,True,True,PLACEHOLDER_CANDIDATE
2019-06-04,JSMR,5034.77,5034.77,5034.77,5034.77,0.0,True,True,True,True,PLACEHOLDER_CANDIDATE
2019-06-05,JSMR,5034.77,5034.77,5034.77,5034.77,0.0,True,True,True,True,PLACEHOLDER_CANDIDATE
2019-06-06,JSMR,5034.77,5034.77,5034.77,5034.77,0.0,True,True,True,True,PLACEHOLDER_CANDIDATE
2019-06-07,JSMR,5034.77,5034.77,5034.77,5034.77,0.0,True,True,True,True,PLACEHOLDER_CANDIDATE
2026-05-14,JSMR,2845.83,2845.83,2845.83,2845.83,0.0,True,True,True,True,PLACEHOLDER_CANDIDATE
2026-05-15,JSMR,2845.83,2845.83,2845.83,2845.83,0.0,True,True,True,True,PLACEHOLDER_CANDIDATE
2026-05-27,JSMR,2817.37,2817.37,2817.37,2817.37,0.0,True,True,True,True,PLACEHOLDER_CANDIDATE
2026-05-28,JSMR,2817.37,2817.37,2817.37,2817.37,0.0,True,True,True,True,PLACEHOLDER_CANDIDATE
2026-05-14,JSPT,1379.361328125,1379.361328125,1379.361328125,1379.361328125,0.0,True,True,True,True,PLACEHOLDER_CANDIDATE
2026-05-15,JSPT,1379.361328125,1379.361328125,1379.361328125,1379.361328125,0.0,True,True,True,True,PLACEHOLDER_CANDIDATE
2026-05-27,JSPT,1246.8248291015625,1246.8248291015625,1246.8248291015625,1246.8248291015625,0.0,True,True,True,True,PLACEHOLDER_CANDIDATE
2026-05-28,JSPT,1246.8248291015625,1246.8248291015625,1246.8248291015625,1246.8248291015625,0.0,True,True,True,True,PLACEHOLDER_CANDIDATE
2026-08-25,JSPT,1410.0,1410.0,1410.0,1410.0,0.0,True,True,True,True,PLACEHOLDER_CANDIDATE
2026-05-14,JTPE,598.5,598.5,598.5,598.5,0.0,True,True,True,True,PLACEHOLDER_CANDIDATE
2026-05-15,JTPE,598.5,598.5,598.5,598.5,0.0,True,True,True,True,PLACEHOLDER_CANDIDATE
2026-05-27,JTPE,584.25,584.25,584.25,584.25,0.0,True,True,True,True,PLACEHOLDER_CANDIDATE
2026-05-28,JTPE,584.25,584.25,584.25,584.25,0.0,True,True,True,True,PLACEHOLDER_CANDIDATE
2026-08-25,JTPE,620.0,620.0,620.0,620.0,0.0,True,True,True,True,PLACEHOLDER_CANDIDATE
2014-04-09,KAEF,863.4,863.4,863.4,863.4,0.0,True,True,True,True,PLACEHOLDER_CANDIDATE
2014-07-09,KAEF,997.51,997.51,997.51,997.51,0.0,True,True,True,True,PLACEHOLDER_CANDIDATE
2015-12-09,KAEF,893.42,893.42,893.42,893.42,0.0,True,True,True,True,PLACEHOLDER_CANDIDATE
2017-01-02,KAEF,2674.06,2674.06,2674.06,2674.06,0.0,True,True,True,True,PLACEHOLDER_CANDIDATE
2017-02-15,KAEF,2003.12,2003.12,2003.12,2003.12,0.0,True,True,True,True,PLACEHOLDER_CANDIDATE
2017-04-19,KAEF,2246.21,2246.21,2246.21,2246.21,0.0,True,True,True,True,PLACEHOLDER_CANDIDATE
2017-06-01,KAEF,2694.38,2694.38,2694.38,2694.38,0.0,True,True,True,True,PLACEHOLDER_CANDIDATE
2017-06-23,KAEF,2821.29,2821.29,2821.29,2821.29,0.0,True,True,True,True,PLACEHOLDER_CANDIDATE
2017-06-26,KAEF,2821.29,2821.29,2821.29,2821.29,0.0,True,True,True,True,PLACEHOLDER_CANDIDATE
2017-06-27,KAEF,2821.29,2821.29,2821.29,2821.29,0.0,True,True,True,True,PLACEHOLDER_CANDIDATE
2017-06-28,KAEF,2821.29,2821.29,2821.29,2821.29,0.0,True,True,True,True,PLACEHOLDER_CANDIDATE
2017-06-29,KAEF,2821.29,2821.29,2821.29,2821.29,0.0,True,True,True,True,PLACEHOLDER_CANDIDATE
2017-06-30,KAEF,2821.29,2821.29,2821.29,2821.29,0.0,True,True,True,True,PLACEHOLDER_CANDIDATE
2017-08-17,KAEF,3123.92,3123.92,3123.92,3123.92,0.0,True,True,True,True,PLACEHOLDER_CANDIDATE
2017-09-01,KAEF,3172.73,3172.73,3172.73,3172.73,0.0,True,True,True,True,PLACEHOLDER_CANDIDATE
2017-09-21,KAEF,2850.58,2850.58,2850.58,2850.58,0.0,True,True,True,True,PLACEHOLDER_CANDIDATE
2017-12-25,KAEF,2499.13,2499.13,2499.13,2499.13,0.0,True,True,True,True,PLACEHOLDER_CANDIDATE
2017-12-26,KAEF,2499.13,2499.13,2499.13,2499.13,0.0,True,True,True,True,PLACEHOLDER_CANDIDATE
2018-01-01,KAEF,2635.81,2635.81,2635.81,2635.81,0.0,True,True,True,True,PLACEHOLDER_CANDIDATE
2018-02-16,KAEF,2352.7,2352.7,2352.7,2352.7,0.0,True,True,True,True,PLACEHOLDER_CANDIDATE
2018-03-30,KAEF,2137.93,2137.93,2137.93,2137.93,0.0,True,True,True,True,PLACEHOLDER_CANDIDATE
2018-05-01,KAEF,2115.41,2115.41,2115.41,2115.41,0.0,True,True,True,True,PLACEHOLDER_CANDIDATE
2018-05-10,KAEF,2066.22,2066.22,2066.22,2066.22,0.0,True,True,True,True,PLACEHOLDER_CANDIDATE
2018-05-29,KAEF,1997.34,1997.34,1997.34,1997.34,0.0,True,True,True,True,PLACEHOLDER_CANDIDATE
2018-06-01,KAEF,2499.14,2499.14,2499.14,2499.14,0.0,True,True,True,True,PLACEHOLDER_CANDIDATE
2018-06-11,KAEF,2607.37,2607.37,2607.37,2607.37,0.0,True,True,True,True,PLACEHOLDER_CANDIDATE
2018-06-12,KAEF,2607.37,2607.37,2607.37,2607.37,0.0,True,True,True,True,PLACEHOLDER_CANDIDATE
2018-06-13,KAEF,2607.37,2607.37,2607.37,2607.37,0.0,True,True,True,True,PLACEHOLDER_CANDIDATE
2018-06-14,KAEF,2607.37,2607.37,2607.37,2607.37,0.0,True,True,True,True,PLACEHOLDER_CANDIDATE
2018-06-15,KAEF,2607.37,2607.37,2607.37,2607.37,0.0,True,True,True,True,PLACEHOLDER_CANDIDATE
2018-06-18,KAEF,2607.37,2607.37,2607.37,2607.37,0.0,True,True,True,True,PLACEHOLDER_CANDIDATE
2018-06-19,KAEF,2607.37,2607.37,2607.37,2607.37,0.0,True,True,True,True,PLACEHOLDER_CANDIDATE
2018-08-17,KAEF,2272.84,2272.84,2272.84,2272.84,0.0,True,True,True,True,PLACEHOLDER_CANDIDATE
2018-08-22,KAEF,2371.23,2371.23,2371.23,2371.23,0.0,True,True,True,True,PLACEHOLDER_CANDIDATE
2018-09-11,KAEF,2174.45,2174.45,2174.45,2174.45,0.0,True,True,True,True,PLACEHOLDER_CANDIDATE
2018-11-20,KAEF,2528.66,2528.66,2528.66,2528.66,0.0,True,True,True,True,PLACEHOLDER_CANDIDATE
2018-12-24,KAEF,2627.05,2627.05,2627.05,2627.05,0.0,True,True,True,True,PLACEHOLDER_CANDIDATE
2018-12-25,KAEF,2627.05,2627.05,2627.05,2627.05,0.0,True,True,True,True,PLACEHOLDER_CANDIDATE
2018-12-31,KAEF,2558.17,2558.17,2558.17,2558.17,0.0,True,True,True,True,PLACEHOLDER_CANDIDATE
2019-01-01,KAEF,2558.17,2558.17,2558.17,2558.17,0.0,True,True,True,True,PLACEHOLDER_CANDIDATE
2019-02-05,KAEF,2764.8,2764.8,2764.8,2764.8,0.0,True,True,True,True,PLACEHOLDER_CANDIDATE
2019-03-07,KAEF,3079.65,3079.65,3079.65,3079.65,0.0,True,True,True,True,PLACEHOLDER_CANDIDATE
2019-04-03,KAEF,3630.64,3630.64,3630.64,3630.64,0.0,True,True,True,True,PLACEHOLDER_CANDIDATE
2019-04-17,KAEF,3246.91,3246.91,3246.91,3246.91,0.0,True,True,True,True,PLACEHOLDER_CANDIDATE
2019-04-19,KAEF,3148.52,3148.52,3148.52,3148.52,0.0,True,True,True,True,PLACEHOLDER_CANDIDATE
2019-05-01,KAEF,2951.74,2951.74,2951.74,2951.74,0.0,True,True,True,True,PLACEHOLDER_CANDIDATE
2019-05-30,KAEF,3351.25,3351.25,3351.25,3351.25,0.0,True,True,True,True,PLACEHOLDER_CANDIDATE
2019-06-03,KAEF,3351.25,3351.25,3351.25,3351.25,0.0,True,True,True,True,PLACEHOLDER_CANDIDATE
2019-06-04,KAEF,3351.25,3351.25,3351.25,3351.25,0.0,True,True,True,True,PLACEHOLDER_CANDIDATE
2019-06-05,KAEF,3351.25,3351.25,3351.25,3351.25,0.0,True,True,True,True,PLACEHOLDER_CANDIDATE
2019-06-06,KAEF,3351.25,3351.25,3351.25,3351.25,0.0,True,True,True,True,PLACEHOLDER_CANDIDATE
2019-06-07,KAEF,3351.25,3351.25,3351.25,3351.25,0.0,True,True,True,True,PLACEHOLDER_CANDIDATE
2026-05-14,KAEF,600.0,600.0,600.0,600.0,0.0,True,True,True,True,PLACEHOLDER_CANDIDATE
2026-05-15,KAEF,600.0,600.0,600.0,600.0,0.0,True,True,True,True,PLACEHOLDER_CANDIDATE
2026-05-27,KAEF,492.0,492.0,492.0,492.0,0.0,True,True,True,True,PLACEHOLDER_CANDIDATE
2026-05-28,KAEF,492.0,492.0,492.0,492.0,0.0,True,True,True,True,PLACEHOLDER_CANDIDATE
2026-08-25,KAEF,438.0,438.0,438.0,438.0,0.0,True,True,True,True,PLACEHOLDER_CANDIDATE
2026-05-14,KAQI,115.0,115.0,115.0,115.0,0.0,True,True,True,True,PLACEHOLDER_CANDIDATE
2026-05-15,KAQI,115.0,115.0,115.0,115.0,0.0,True,True,True,True,PLACEHOLDER_CANDIDATE
2026-05-27,KAQI,93.0,93.0,93.0,93.0,0.0,True,True,True,True,PLACEHOLDER_CANDIDATE
2026-05-28,KAQI,93.0,93.0,93.0,93.0,0.0,True,True,True,True,PLACEHOLDER_CANDIDATE
2026-05-14,KARW,290.0,290.0,290.0,290.0,0.0,True,True,True,True,PLACEHOLDER_CANDIDATE
2026-05-15,KARW,290.0,290.0,290.0,290.0,0.0,True,True,True,True,PLACEHOLDER_CANDIDATE
2026-05-27,KARW,278.0,278.0,278.0,278.0,0.0,True,True,True,True,PLACEHOLDER_CANDIDATE
2026-05-28,KARW,278.0,278.0,278.0,278.0,0.0,True,True,True,True,PLACEHOLDER_CANDIDATE
2026-08-17,KARW,212.0,212.0,212.0,212.0,0.0,True,True,True,True,PLACEHOLDER_CANDIDATE
2026-08-25,KARW,212.0,212.0,212.0,212.0,0.0,True,True,True,True,PLACEHOLDER_CANDIDATE
2026-05-01,KAYU,18.0,18.0,18.0,18.0,0.0,True,True,True,True,PLACEHOLDER_CANDIDATE
2026-05-14,KAYU,18.0,18.0,18.0,18.0,0.0,True,True,True,True,PLACEHOLDER_CANDIDATE
2026-05-15,KAYU,18.0,18.0,18.0,18.0,0.0,True,True,True,True,PLACEHOLDER_CANDIDATE
2026-05-27,KAYU,18.0,18.0,18.0,18.0,0.0,True,True,True,True,PLACEHOLDER_CANDIDATE
2026-05-28,KAYU,18.0,18.0,18.0,18.0,0.0,True,True,True,True,PLACEHOLDER_CANDIDATE
2026-06-01,KAYU,18.0,18.0,18.0,18.0,0.0,True,True,True,True,PLACEHOLDER_CANDIDATE
2026-06-16,KAYU,18.0,18.0,18.0,18.0,0.0,True,True,True,True,PLACEHOLDER_CANDIDATE
2026-08-17,KAYU,18.0,18.0,18.0,18.0,0.0,True,True,True,True,PLACEHOLDER_CANDIDATE
2026-08-25,KAYU,18.0,18.0,18.0,18.0,0.0,True,True,True,True,PLACEHOLDER_CANDIDATE
2026-05-14,KBAG,48.0,48.0,48.0,48.0,0.0,True,True,True,True,PLACEHOLDER_CANDIDATE
2026-05-15,KBAG,48.0,48.0,48.0,48.0,0.0,True,True,True,True,PLACEHOLDER_CANDIDATE
2026-05-27,KBAG,39.0,39.0,39.0,39.0,0.0,True,True,True,True,PLACEHOLDER_CANDIDATE
2026-05-28,KBAG,39.0,39.0,39.0,39.0,0.0,True,True,True,True,PLACEHOLDER_CANDIDATE
2026-05-14,KBLI,302.71856689453125,302.71856689453125,302.71856689453125,302.71856689453125,0.0,True,True,True,True,PLACEHOLDER_CANDIDATE
2026-05-15,KBLI,302.71856689453125,302.71856689453125,302.71856689453125,302.71856689453125,0.0,True,True,True,True,PLACEHOLDER_CANDIDATE
2026-05-27,KBLI,302.71856689453125,302.71856689453125,302.71856689453125,302.71856689453125,0.0,True,True,True,True,PLACEHOLDER_CANDIDATE
2026-05-28,KBLI,302.71856689453125,302.71856689453125,302.71856689453125,302.71856689453125,0.0,True,True,True,True,PLACEHOLDER_CANDIDATE
2026-08-25,KBLI,330.0,330.0,330.0,330.0,0.0,True,True,True,True,PLACEHOLDER_CANDIDATE
2014-04-09,KBLM,105.93,105.93,105.93,105.93,0.0,True,True,True,True,PLACEHOLDER_CANDIDATE
2014-07-09,KBLM,105.23,105.23,105.23,105.23,0.0,True,True,True,True,PLACEHOLDER_CANDIDATE
2015-12-09,KBLM,98.93,98.93,98.93,98.93,0.0,True,True,True,True,PLACEHOLDER_CANDIDATE
2017-01-02,KBLM,176.95,176.95,176.95,176.95,0.0,True,True,True,True,PLACEHOLDER_CANDIDATE
2017-02-15,KBLM,200.54,200.54,200.54,200.54,0.0,True,True,True,True,PLACEHOLDER_CANDIDATE
2017-04-19,KBLM,299.34,299.34,299.34,299.34,0.0,True,True,True,True,PLACEHOLDER_CANDIDATE
2017-06-01,KBLM,246.25,246.25,246.25,246.25,0.0,True,True,True,True,PLACEHOLDER_CANDIDATE
2017-06-23,KBLM,230.49,230.49,230.49,230.49,0.0,True,True,True,True,PLACEHOLDER_CANDIDATE
2017-06-26,KBLM,230.49,230.49,230.49,230.49,0.0,True,True,True,True,PLACEHOLDER_CANDIDATE
2017-06-27,KBLM,230.49,230.49,230.49,230.49,0.0,True,True,True,True,PLACEHOLDER_CANDIDATE
2017-06-28,KBLM,230.49,230.49,230.49,230.49,0.0,True,True,True,True,PLACEHOLDER_CANDIDATE
2017-06-29,KBLM,230.49,230.49,230.49,230.49,0.0,True,True,True,True,PLACEHOLDER_CANDIDATE
2017-06-30,KBLM,230.49,230.49,230.49,230.49,0.0,True,True,True,True,PLACEHOLDER_CANDIDATE
2017-08-17,KBLM,203.55,203.55,203.55,203.55,0.0,True,True,True,True,PLACEHOLDER_CANDIDATE
2017-09-01,KBLM,212.53,212.53,212.53,212.53,0.0,True,True,True,True,PLACEHOLDER_CANDIDATE
2017-09-21,KBLM,202.05,202.05,202.05,202.05,0.0,True,True,True,True,PLACEHOLDER_CANDIDATE
2017-12-25,KBLM,209.54,209.54,209.54,209.54,0.0,True,True,True,True,PLACEHOLDER_CANDIDATE
2017-12-26,KBLM,209.54,209.54,209.54,209.54,0.0,True,True,True,True,PLACEHOLDER_CANDIDATE
2018-01-01,KBLM,211.03,211.03,211.03,211.03,0.0,True,True,True,True,PLACEHOLDER_CANDIDATE
2018-02-16,KBLM,224.5,224.5,224.5,224.5,0.0,True,True,True,True,PLACEHOLDER_CANDIDATE
2018-03-30,KBLM,237.98,237.98,237.98,237.98,0.0,True,True,True,True,PLACEHOLDER_CANDIDATE
2018-05-01,KBLM,242.47,242.47,242.47,242.47,0.0,True,True,True,True,PLACEHOLDER_CANDIDATE
2018-05-10,KBLM,242.47,242.47,242.47,242.47,0.0,True,True,True,True,PLACEHOLDER_CANDIDATE
2018-05-29,KBLM,266.82,266.82,266.82,266.82,0.0,True,True,True,True,PLACEHOLDER_CANDIDATE
2018-06-01,KBLM,206.67,206.67,206.67,206.67,0.0,True,True,True,True,PLACEHOLDER_CANDIDATE
2018-06-11,KBLM,198.96,198.96,198.96,198.96,0.0,True,True,True,True,PLACEHOLDER_CANDIDATE
2018-06-12,KBLM,198.96,198.96,198.96,198.96,0.0,True,True,True,True,PLACEHOLDER_CANDIDATE
2018-06-13,KBLM,198.96,198.96,198.96,198.96,0.0,True,True,True,True,PLACEHOLDER_CANDIDATE
2018-06-14,KBLM,198.96,198.96,198.96,198.96,0.0,True,True,True,True,PLACEHOLDER_CANDIDATE
2018-06-15,KBLM,198.96,198.96,198.96,198.96,0.0,True,True,True,True,PLACEHOLDER_CANDIDATE
2018-06-18,KBLM,198.96,198.96,198.96,198.96,0.0,True,True,True,True,PLACEHOLDER_CANDIDATE
2018-06-19,KBLM,198.96,198.96,198.96,198.96,0.0,True,True,True,True,PLACEHOLDER_CANDIDATE
2018-08-17,KBLM,175.83,175.83,175.83,175.83,0.0,True,True,True,True,PLACEHOLDER_CANDIDATE
2018-08-22,KBLM,178.91,178.91,178.91,178.91,0.0,True,True,True,True,PLACEHOLDER_CANDIDATE
2018-09-11,KBLM,178.91,178.91,178.91,178.91,0.0,True,True,True,True,PLACEHOLDER_CANDIDATE
2018-11-20,KBLM,180.45,180.45,180.45,180.45,0.0,True,True,True,True,PLACEHOLDER_CANDIDATE
2018-12-24,KBLM,186.62,186.62,186.62,186.62,0.0,True,True,True,True,PLACEHOLDER_CANDIDATE
2018-12-25,KBLM,186.62,186.62,186.62,186.62,0.0,True,True,True,True,PLACEHOLDER_CANDIDATE
2018-12-31,KBLM,192.79,192.79,192.79,192.79,0.0,True,True,True,True,PLACEHOLDER_CANDIDATE
2019-01-01,KBLM,192.79,192.79,192.79,192.79,0.0,True,True,True,True,PLACEHOLDER_CANDIDATE
2019-02-05,KBLM,189.71,189.71,189.71,189.71,0.0,True,True,True,True,PLACEHOLDER_CANDIDATE
2019-03-07,KBLM,185.08,185.08,185.08,185.08,0.0,True,True,True,True,PLACEHOLDER_CANDIDATE
2019-04-03,KBLM,182.0,182.0,182.0,182.0,0.0,True,True,True,True,PLACEHOLDER_CANDIDATE
2019-04-17,KBLM,186.62,186.62,186.62,186.62,0.0,True,True,True,True,PLACEHOLDER_CANDIDATE
2019-04-19,KBLM,186.62,186.62,186.62,186.62,0.0,True,True,True,True,PLACEHOLDER_CANDIDATE
2019-05-01,KBLM,194.33,194.33,194.33,194.33,0.0,True,True,True,True,PLACEHOLDER_CANDIDATE
2019-05-30,KBLM,189.58,189.58,189.58,189.58,0.0,True,True,True,True,PLACEHOLDER_CANDIDATE
2019-06-03,KBLM,189.58,189.58,189.58,189.58,0.0,True,True,True,True,PLACEHOLDER_CANDIDATE
2019-06-04,KBLM,189.58,189.58,189.58,189.58,0.0,True,True,True,True,PLACEHOLDER_CANDIDATE
2019-06-05,KBLM,189.58,189.58,189.58,189.58,0.0,True,True,True,True,PLACEHOLDER_CANDIDATE
2019-06-06,KBLM,189.58,189.58,189.58,189.58,0.0,True,True,True,True,PLACEHOLDER_CANDIDATE
2019-06-07,KBLM,189.58,189.58,189.58,189.58,0.0,True,True,True,True,PLACEHOLDER_CANDIDATE
2026-05-14,KBLM,321.92,321.92,321.92,321.92,0.0,True,True,True,True,PLACEHOLDER_CANDIDATE
2026-05-15,KBLM,321.92,321.92,321.92,321.92,0.0,True,True,True,True,PLACEHOLDER_CANDIDATE
2026-05-27,KBLM,294.61,294.61,294.61,294.61,0.0,True,True,True,True,PLACEHOLDER_CANDIDATE
2026-05-28,KBLM,294.61,294.61,294.61,294.61,0.0,True,True,True,True,PLACEHOLDER_CANDIDATE
2026-08-25,KBLM,304.0,304.0,304.0,304.0,0.0,True,True,True,True,PLACEHOLDER_CANDIDATE
2026-05-14,KBLV,106.0,106.0,106.0,106.0,0.0,True,True,True,True,PLACEHOLDER_CANDIDATE
2026-05-15,KBLV,106.0,106.0,106.0,106.0,0.0,True,True,True,True,PLACEHOLDER_CANDIDATE
2026-05-27,KBLV,89.0,89.0,89.0,89.0,0.0,True,True,True,True,PLACEHOLDER_CANDIDATE
2026-05-28,KBLV,89.0,89.0,89.0,89.0,0.0,True,True,True,True,PLACEHOLDER_CANDIDATE
2026-05-14,KDSI,446.0,446.0,446.0,446.0,0.0,True,True,True,True,PLACEHOLDER_CANDIDATE
2026-05-15,KDSI,446.0,446.0,446.0,446.0,0.0,True,True,True,True,PLACEHOLDER_CANDIDATE
2026-05-27,KDSI,450.0,450.0,450.0,450.0,0.0,True,True,True,True,PLACEHOLDER_CANDIDATE
2026-05-28,KDSI,450.0,450.0,450.0,450.0,0.0,True,True,True,True,PLACEHOLDER_CANDIDATE
2026-08-25,KDSI,460.0,460.0,460.0,460.0,0.0,True,True,True,True,PLACEHOLDER_CANDIDATE
2026-05-14,KDTN,930.0,930.0,930.0,930.0,0.0,True,True,True,True,PLACEHOLDER_CANDIDATE
2026-05-15,KDTN,930.0,930.0,930.0,930.0,0.0,True,True,True,True,PLACEHOLDER_CANDIDATE
2026-05-27,KDTN,805.0,805.0,805.0,805.0,0.0,True,True,True,True,PLACEHOLDER_CANDIDATE
2026-05-28,KDTN,805.0,805.0,805.0,805.0,0.0,True,True,True,True,PLACEHOLDER_CANDIDATE
2026-05-14,KEEN,906.0990600585938,906.0990600585938,906.0990600585938,906.0990600585938,0.0,True,True,True,True,PLACEHOLDER_CANDIDATE
2026-05-15,KEEN,906.0990600585938,906.0990600585938,906.0990600585938,906.0990600585938,0.0,True,True,True,True,PLACEHOLDER_CANDIDATE
2026-05-27,KEEN,851.634033203125,851.634033203125,851.634033203125,851.634033203125,0.0,True,True,True,True,PLACEHOLDER_CANDIDATE
2026-05-28,KEEN,851.634033203125,851.634033203125,851.634033203125,851.634033203125,0.0,True,True,True,True,PLACEHOLDER_CANDIDATE
2026-05-14,KEJU,550.0,550.0,550.0,550.0,0.0,True,True,True,True,PLACEHOLDER_CANDIDATE
2026-05-15,KEJU,550.0,550.0,550.0,550.0,0.0,True,True,True,True,PLACEHOLDER_CANDIDATE
2026-05-27,KEJU,575.0,575.0,575.0,575.0,0.0,True,True,True,True,PLACEHOLDER_CANDIDATE
2026-05-28,KEJU,575.0,575.0,575.0,575.0,0.0,True,True,True,True,PLACEHOLDER_CANDIDATE
2026-05-14,KETR,600.0,600.0,600.0,600.0,0.0,True,True,True,True,PLACEHOLDER_CANDIDATE
2026-05-15,KETR,600.0,600.0,600.0,600.0,0.0,True,True,True,True,PLACEHOLDER_CANDIDATE
2026-05-27,KETR,570.0,570.0,570.0,570.0,0.0,True,True,True,True,PLACEHOLDER_CANDIDATE
2026-05-28,KETR,570.0,570.0,570.0,570.0,0.0,True,True,True,True,PLACEHOLDER_CANDIDATE
2026-05-01,KIAS,21.0,21.0,21.0,21.0,0.0,True,True,True,True,PLACEHOLDER_CANDIDATE
2026-05-14,KIAS,21.0,21.0,21.0,21.0,0.0,True,True,True,True,PLACEHOLDER_CANDIDATE
2026-05-15,KIAS,21.0,21.0,21.0,21.0,0.0,True,True,True,True,PLACEHOLDER_CANDIDATE
2026-05-27,KIAS,21.0,21.0,21.0,21.0,0.0,True,True,True,True,PLACEHOLDER_CANDIDATE
2026-05-28,KIAS,21.0,21.0,21.0,21.0,0.0,True,True,True,True,PLACEHOLDER_CANDIDATE
2026-06-01,KIAS,21.0,21.0,21.0,21.0,0.0,True,True,True,True,PLACEHOLDER_CANDIDATE
2026-06-16,KIAS,21.0,21.0,21.0,21.0,0.0,True,True,True,True,PLACEHOLDER_CANDIDATE
2026-08-17,KIAS,21.0,21.0,21.0,21.0,0.0,True,True,True,True,PLACEHOLDER_CANDIDATE
2026-08-25,KIAS,21.0,21.0,21.0,21.0,0.0,True,True,True,True,PLACEHOLDER_CANDIDATE
2026-05-14,KICI,220.0,220.0,220.0,220.0,0.0,True,True,True,True,PLACEHOLDER_CANDIDATE
2026-05-15,KICI,220.0,220.0,220.0,220.0,0.0,True,True,True,True,PLACEHOLDER_CANDIDATE
2026-05-27,KICI,200.0,200.0,200.0,200.0,0.0,True,True,True,True,PLACEHOLDER_CANDIDATE
2026-05-28,KICI,200.0,200.0,200.0,200.0,0.0,True,True,True,True,PLACEHOLDER_CANDIDATE
2026-08-25,KICI,197.0,197.0,197.0,197.0,0.0,True,True,True,True,PLACEHOLDER_CANDIDATE
2026-05-14,KIJA,174.0,174.0,174.0,174.0,0.0,True,True,True,True,PLACEHOLDER_CANDIDATE
2026-05-15,KIJA,174.0,174.0,174.0,174.0,0.0,True,True,True,True,PLACEHOLDER_CANDIDATE
2026-05-27,KIJA,122.0,122.0,122.0,122.0,0.0,True,True,True,True,PLACEHOLDER_CANDIDATE
2026-05-28,KIJA,122.0,122.0,122.0,122.0,0.0,True,True,True,True,PLACEHOLDER_CANDIDATE
2026-08-25,KIJA,206.0,206.0,206.0,206.0,0.0,True,True,True,True,PLACEHOLDER_CANDIDATE
2026-05-14,KINO,1108.7999267578125,1108.7999267578125,1108.7999267578125,1108.7999267578125,0.0,True,True,True,True,PLACEHOLDER_CANDIDATE
2026-05-15,KINO,1108.7999267578125,1108.7999267578125,1108.7999267578125,1108.7999267578125,0.0,True,True,True,True,PLACEHOLDER_CANDIDATE
2026-05-27,KINO,1104.0,1104.0,1104.0,1104.0,0.0,True,True,True,True,PLACEHOLDER_CANDIDATE
2026-05-28,KINO,1104.0,1104.0,1104.0,1104.0,0.0,True,True,True,True,PLACEHOLDER_CANDIDATE
2026-05-14,KIOS,100.0,100.0,100.0,100.0,0.0,True,True,True,True,PLACEHOLDER_CANDIDATE
2026-05-15,KIOS,100.0,100.0,100.0,100.0,0.0,True,True,True,True,PLACEHOLDER_CANDIDATE
2026-05-27,KIOS,87.0,87.0,87.0,87.0,0.0,True,True,True,True,PLACEHOLDER_CANDIDATE
2026-05-28,KIOS,87.0,87.0,87.0,87.0,0.0,True,True,True,True,PLACEHOLDER_CANDIDATE
2026-05-14,KJEN,168.0,168.0,168.0,168.0,0.0,True,True,True,True,PLACEHOLDER_CANDIDATE
2026-05-15,KJEN,168.0,168.0,168.0,168.0,0.0,True,True,True,True,PLACEHOLDER_CANDIDATE
2026-05-27,KJEN,158.0,158.0,158.0,158.0,0.0,True,True,True,True,PLACEHOLDER_CANDIDATE
2026-05-28,KJEN,158.0,158.0,158.0,158.0,0.0,True,True,True,True,PLACEHOLDER_CANDIDATE
2026-05-14,KKES,48.0,48.0,48.0,48.0,0.0,True,True,True,True,PLACEHOLDER_CANDIDATE
2026-05-15,KKES,48.0,48.0,48.0,48.0,0.0,True,True,True,True,PLACEHOLDER_CANDIDATE
2026-05-27,KKES,42.0,42.0,42.0,42.0,0.0,True,True,True,True,PLACEHOLDER_CANDIDATE
2026-05-28,KKES,42.0,42.0,42.0,42.0,0.0,True,True,True,True,PLACEHOLDER_CANDIDATE
2026-05-14,KKGI,276.2807006835937,276.2807006835937,276.2807006835937,276.2807006835937,0.0,True,True,True,True,PLACEHOLDER_CANDIDATE
2026-05-15,KKGI,276.2807006835937,276.2807006835937,276.2807006835937,276.2807006835937,0.0,True,True,True,True,PLACEHOLDER_CANDIDATE
2026-05-27,KKGI,256.5463562011719,256.5463562011719,256.5463562011719,256.5463562011719,0.0,True,True,True,True,PLACEHOLDER_CANDIDATE
2026-05-28,KKGI,256.5463562011719,256.5463562011719,256.5463562011719,256.5463562011719,0.0,True,True,True,True,PLACEHOLDER_CANDIDATE
2026-08-25,KKGI,274.30303955078125,274.30303955078125,274.30303955078125,274.30303955078125,0.0,True,True,True,True,PLACEHOLDER_CANDIDATE
2026-05-14,KLAS,81.0,81.0,81.0,81.0,0.0,True,True,True,True,PLACEHOLDER_CANDIDATE
2026-05-15,KLAS,81.0,81.0,81.0,81.0,0.0,True,True,True,True,PLACEHOLDER_CANDIDATE
2026-05-27,KLAS,71.0,71.0,71.0,71.0,0.0,True,True,True,True,PLACEHOLDER_CANDIDATE
2026-05-28,KLAS,71.0,71.0,71.0,71.0,0.0,True,True,True,True,PLACEHOLDER_CANDIDATE
2014-04-09,KLBF,1192.74,1192.74,1192.74,1192.74,0.0,True,True,True,True,PLACEHOLDER_CANDIDATE
2014-07-09,KLBF,1369.12,1369.12,1369.12,1369.12,0.0,True,True,True,True,PLACEHOLDER_CANDIDATE
2015-12-09,KLBF,1004.34,1004.34,1004.34,1004.34,0.0,True,True,True,True,PLACEHOLDER_CANDIDATE
2017-01-02,KLBF,1238.2,1238.2,1238.2,1238.2,0.0,True,True,True,True,PLACEHOLDER_CANDIDATE
2017-02-15,KLBF,1205.51,1205.51,1205.51,1205.51,0.0,True,True,True,True,PLACEHOLDER_CANDIDATE
2017-04-19,KLBF,1266.81,1266.81,1266.81,1266.81,0.0,True,True,True,True,PLACEHOLDER_CANDIDATE
2017-06-01,KLBF,1258.64,1258.64,1258.64,1258.64,0.0,True,True,True,True,PLACEHOLDER_CANDIDATE
2017-06-23,KLBF,1347.42,1347.42,1347.42,1347.42,0.0,True,True,True,True,PLACEHOLDER_CANDIDATE
2017-06-26,KLBF,1347.42,1347.42,1347.42,1347.42,0.0,True,True,True,True,PLACEHOLDER_CANDIDATE
2017-06-27,KLBF,1347.42,1347.42,1347.42,1347.42,0.0,True,True,True,True,PLACEHOLDER_CANDIDATE
2017-06-28,KLBF,1347.42,1347.42,1347.42,1347.42,0.0,True,True,True,True,PLACEHOLDER_CANDIDATE
2017-06-29,KLBF,1347.42,1347.42,1347.42,1347.42,0.0,True,True,True,True,PLACEHOLDER_CANDIDATE
2017-06-30,KLBF,1347.42,1347.42,1347.42,1347.42,0.0,True,True,True,True,PLACEHOLDER_CANDIDATE
2017-08-17,KLBF,1455.21,1455.21,1455.21,1455.21,0.0,True,True,True,True,PLACEHOLDER_CANDIDATE
2017-09-01,KLBF,1417.9,1417.9,1417.9,1417.9,0.0,True,True,True,True,PLACEHOLDER_CANDIDATE
2017-09-21,KLBF,1438.63,1438.63,1438.63,1438.63,0.0,True,True,True,True,PLACEHOLDER_CANDIDATE
2017-12-25,KLBF,1368.15,1368.15,1368.15,1368.15,0.0,True,True,True,True,PLACEHOLDER_CANDIDATE
2017-12-26,KLBF,1368.15,1368.15,1368.15,1368.15,0.0,True,True,True,True,PLACEHOLDER_CANDIDATE
2018-01-01,KLBF,1401.32,1401.32,1401.32,1401.32,0.0,True,True,True,True,PLACEHOLDER_CANDIDATE
2018-02-16,KLBF,1326.69,1326.69,1326.69,1326.69,0.0,True,True,True,True,PLACEHOLDER_CANDIDATE
2018-03-30,KLBF,1243.77,1243.77,1243.77,1243.77,0.0,True,True,True,True,PLACEHOLDER_CANDIDATE
2018-05-01,KLBF,1247.92,1247.92,1247.92,1247.92,0.0,True,True,True,True,PLACEHOLDER_CANDIDATE
2018-05-10,KLBF,1189.87,1189.87,1189.87,1189.87,0.0,True,True,True,True,PLACEHOLDER_CANDIDATE
2018-05-29,KLBF,1165.0,1165.0,1165.0,1165.0,0.0,True,True,True,True,PLACEHOLDER_CANDIDATE
2018-06-01,KLBF,1135.98,1135.98,1135.98,1135.98,0.0,True,True,True,True,PLACEHOLDER_CANDIDATE
2018-06-11,KLBF,1127.69,1127.69,1127.69,1127.69,0.0,True,True,True,True,PLACEHOLDER_CANDIDATE
2018-06-12,KLBF,1127.69,1127.69,1127.69,1127.69,0.0,True,True,True,True,PLACEHOLDER_CANDIDATE
2018-06-13,KLBF,1127.69,1127.69,1127.69,1127.69,0.0,True,True,True,True,PLACEHOLDER_CANDIDATE
2018-06-14,KLBF,1127.69,1127.69,1127.69,1127.69,0.0,True,True,True,True,PLACEHOLDER_CANDIDATE
2018-06-15,KLBF,1127.69,1127.69,1127.69,1127.69,0.0,True,True,True,True,PLACEHOLDER_CANDIDATE
2018-06-18,KLBF,1127.69,1127.69,1127.69,1127.69,0.0,True,True,True,True,PLACEHOLDER_CANDIDATE
2018-06-19,KLBF,1127.69,1127.69,1127.69,1127.69,0.0,True,True,True,True,PLACEHOLDER_CANDIDATE
2018-08-17,KLBF,1023.78,1023.78,1023.78,1023.78,0.0,True,True,True,True,PLACEHOLDER_CANDIDATE
2018-08-22,KLBF,1116.86,1116.86,1116.86,1116.86,0.0,True,True,True,True,PLACEHOLDER_CANDIDATE
2018-09-11,KLBF,1036.48,1036.48,1036.48,1036.48,0.0,True,True,True,True,PLACEHOLDER_CANDIDATE
2018-11-20,KLBF,1303.0,1303.0,1303.0,1303.0,0.0,True,True,True,True,PLACEHOLDER_CANDIDATE
2018-12-24,KLBF,1307.23,1307.23,1307.23,1307.23,0.0,True,True,True,True,PLACEHOLDER_CANDIDATE
2018-12-25,KLBF,1307.23,1307.23,1307.23,1307.23,0.0,True,True,True,True,PLACEHOLDER_CANDIDATE
2018-12-31,KLBF,1286.08,1286.08,1286.08,1286.08,0.0,True,True,True,True,PLACEHOLDER_CANDIDATE
2019-01-01,KLBF,1286.08,1286.08,1286.08,1286.08,0.0,True,True,True,True,PLACEHOLDER_CANDIDATE
2019-02-05,KLBF,1358.0,1358.0,1358.0,1358.0,0.0,True,True,True,True,PLACEHOLDER_CANDIDATE
2019-03-07,KLBF,1277.62,1277.62,1277.62,1277.62,0.0,True,True,True,True,PLACEHOLDER_CANDIDATE
2019-04-03,KLBF,1277.62,1277.62,1277.62,1277.62,0.0,True,True,True,True,PLACEHOLDER_CANDIDATE
2019-04-17,KLBF,1264.92,1264.92,1264.92,1264.92,0.0,True,True,True,True,PLACEHOLDER_CANDIDATE
2019-04-19,KLBF,1264.92,1264.92,1264.92,1264.92,0.0,True,True,True,True,PLACEHOLDER_CANDIDATE
2019-05-01,KLBF,1307.23,1307.23,1307.23,1307.23,0.0,True,True,True,True,PLACEHOLDER_CANDIDATE
2019-05-30,KLBF,1146.47,1146.47,1146.47,1146.47,0.0,True,True,True,True,PLACEHOLDER_CANDIDATE
2019-06-03,KLBF,1188.77,1188.77,1188.77,1188.77,0.0,True,True,True,True,PLACEHOLDER_CANDIDATE
2019-06-04,KLBF,1188.77,1188.77,1188.77,1188.77,0.0,True,True,True,True,PLACEHOLDER_CANDIDATE
2019-06-05,KLBF,1188.77,1188.77,1188.77,1188.77,0.0,True,True,True,True,PLACEHOLDER_CANDIDATE
2019-06-06,KLBF,1188.77,1188.77,1188.77,1188.77,0.0,True,True,True,True,PLACEHOLDER_CANDIDATE
2019-06-07,KLBF,1188.77,1188.77,1188.77,1188.77,0.0,True,True,True,True,PLACEHOLDER_CANDIDATE
2026-05-14,KLBF,826.71,826.71,826.71,826.71,0.0,True,True,True,True,PLACEHOLDER_CANDIDATE
2026-05-15,KLBF,826.71,826.71,826.71,826.71,0.0,True,True,True,True,PLACEHOLDER_CANDIDATE
2026-05-27,KLBF,773.22,773.22,773.22,773.22,0.0,True,True,True,True,PLACEHOLDER_CANDIDATE
2026-05-28,KLBF,773.22,773.22,773.22,773.22,0.0,True,True,True,True,PLACEHOLDER_CANDIDATE
2026-08-25,KLBF,805.0,805.0,805.0,805.0,0.0,True,True,True,True,PLACEHOLDER_CANDIDATE
2026-05-14,KLIN,139.0,139.0,139.0,139.0,0.0,True,True,True,True,PLACEHOLDER_CANDIDATE
2026-05-15,KLIN,139.0,139.0,139.0,139.0,0.0,True,True,True,True,PLACEHOLDER_CANDIDATE
2026-05-27,KLIN,119.0,119.0,119.0,119.0,0.0,True,True,True,True,PLACEHOLDER_CANDIDATE
2026-05-28,KLIN,119.0,119.0,119.0,119.0,0.0,True,True,True,True,PLACEHOLDER_CANDIDATE
2026-05-14,KMDS,542.0377197265625,542.0377197265625,542.0377197265625,542.0377197265625,0.0,True,True,True,True,PLACEHOLDER_CANDIDATE
2026-05-15,KMDS,542.0377197265625,542.0377197265625,542.0377197265625,542.0377197265625,0.0,True,True,True,True,PLACEHOLDER_CANDIDATE
2026-05-27,KMDS,532.5283203125,532.5283203125,532.5283203125,532.5283203125,0.0,True,True,True,True,PLACEHOLDER_CANDIDATE
2026-05-28,KMDS,532.5283203125,532.5283203125,532.5283203125,532.5283203125,0.0,True,True,True,True,PLACEHOLDER_CANDIDATE
2026-05-14,KMTR,256.0,256.0,256.0,256.0,0.0,True,True,True,True,PLACEHOLDER_CANDIDATE
2026-05-15,KMTR,256.0,256.0,256.0,256.0,0.0,True,True,True,True,PLACEHOLDER_CANDIDATE
2026-05-27,KMTR,228.0,228.0,228.0,228.0,0.0,True,True,True,True,PLACEHOLDER_CANDIDATE
2026-05-28,KMTR,228.0,228.0,228.0,228.0,0.0,True,True,True,True,PLACEHOLDER_CANDIDATE
2026-05-14,KOBX,179.0,179.0,179.0,179.0,0.0,True,True,True,True,PLACEHOLDER_CANDIDATE
2026-05-15,KOBX,179.0,179.0,179.0,179.0,0.0,True,True,True,True,PLACEHOLDER_CANDIDATE
2026-05-27,KOBX,163.0,163.0,163.0,163.0,0.0,True,True,True,True,PLACEHOLDER_CANDIDATE
2026-05-28,KOBX,163.0,163.0,163.0,163.0,0.0,True,True,True,True,PLACEHOLDER_CANDIDATE
2026-05-14,KOCI,113.92105102539062,113.92105102539062,113.92105102539062,113.92105102539062,0.0,True,True,True,True,PLACEHOLDER_CANDIDATE
2026-05-15,KOCI,113.92105102539062,113.92105102539062,113.92105102539062,113.92105102539062,0.0,True,True,True,True,PLACEHOLDER_CANDIDATE
2026-05-27,KOCI,95.42105102539062,95.42105102539062,95.42105102539062,95.42105102539062,0.0,True,True,True,True,PLACEHOLDER_CANDIDATE
2026-05-28,KOCI,95.42105102539062,95.42105102539062,95.42105102539062,95.42105102539062,0.0,True,True,True,True,PLACEHOLDER_CANDIDATE
2026-05-14,KOIN,81.0,81.0,81.0,81.0,0.0,True,True,True,True,PLACEHOLDER_CANDIDATE
2026-05-15,KOIN,81.0,81.0,81.0,81.0,0.0,True,True,True,True,PLACEHOLDER_CANDIDATE
2026-05-27,KOIN,78.0,78.0,78.0,78.0,0.0,True,True,True,True,PLACEHOLDER_CANDIDATE
2026-05-28,KOIN,78.0,78.0,78.0,78.0,0.0,True,True,True,True,PLACEHOLDER_CANDIDATE
2026-08-17,KOIN,78.0,78.0,78.0,78.0,0.0,True,True,True,True,PLACEHOLDER_CANDIDATE
2026-08-25,KOIN,78.0,78.0,78.0,78.0,0.0,True,True,True,True,PLACEHOLDER_CANDIDATE
2026-05-14,KOKA,148.0,148.0,148.0,148.0,0.0,True,True,True,True,PLACEHOLDER_CANDIDATE
2026-05-15,KOKA,148.0,148.0,148.0,148.0,0.0,True,True,True,True,PLACEHOLDER_CANDIDATE
2026-05-27,KOKA,111.0,111.0,111.0,111.0,0.0,True,True,True,True,PLACEHOLDER_CANDIDATE
2026-05-28,KOKA,111.0,111.0,111.0,111.0,0.0,True,True,True,True,PLACEHOLDER_CANDIDATE
2026-05-14,KONI,3390.0,3390.0,3390.0,3390.0,0.0,True,True,True,True,PLACEHOLDER_CANDIDATE
2026-05-15,KONI,3390.0,3390.0,3390.0,3390.0,0.0,True,True,True,True,PLACEHOLDER_CANDIDATE
2026-05-27,KONI,2550.0,2550.0,2550.0,2550.0,0.0,True,True,True,True,PLACEHOLDER_CANDIDATE
2026-05-28,KONI,2550.0,2550.0,2550.0,2550.0,0.0,True,True,True,True,PLACEHOLDER_CANDIDATE
2026-08-25,KONI,2260.0,2260.0,2260.0,2260.0,0.0,True,True,True,True,PLACEHOLDER_CANDIDATE
2026-05-14,KOPI,284.0,284.0,284.0,284.0,0.0,True,True,True,True,PLACEHOLDER_CANDIDATE
2026-05-15,KOPI,284.0,284.0,284.0,284.0,0.0,True,True,True,True,PLACEHOLDER_CANDIDATE
2026-05-27,KOPI,188.0,188.0,188.0,188.0,0.0,True,True,True,True,PLACEHOLDER_CANDIDATE
2026-05-28,KOPI,188.0,188.0,188.0,188.0,0.0,True,True,True,True,PLACEHOLDER_CANDIDATE
2026-05-14,KOTA,136.0,136.0,136.0,136.0,0.0,True,True,True,True,PLACEHOLDER_CANDIDATE
2026-05-15,KOTA,136.0,136.0,136.0,136.0,0.0,True,True,True,True,PLACEHOLDER_CANDIDATE
2026-05-27,KOTA,105.0,105.0,105.0,105.0,0.0,True,True,True,True,PLACEHOLDER_CANDIDATE
2026-05-28,KOTA,105.0,105.0,105.0,105.0,0.0,True,True,True,True,PLACEHOLDER_CANDIDATE
2026-05-14,KPIG,102.0,102.0,102.0,102.0,0.0,True,True,True,True,PLACEHOLDER_CANDIDATE
2026-05-15,KPIG,102.0,102.0,102.0,102.0,0.0,True,True,True,True,PLACEHOLDER_CANDIDATE
2026-05-27,KPIG,96.0,96.0,96.0,96.0,0.0,True,True,True,True,PLACEHOLDER_CANDIDATE
2026-05-28,KPIG,96.0,96.0,96.0,96.0,0.0,True,True,True,True,PLACEHOLDER_CANDIDATE
2026-08-25,KPIG,66.0,66.0,66.0,66.0,0.0,True,True,True,True,PLACEHOLDER_CANDIDATE
2026-05-14,KRAS,264.0,264.0,264.0,264.0,0.0,True,True,True,True,PLACEHOLDER_CANDIDATE
2026-05-15,KRAS,264.0,264.0,264.0,264.0,0.0,True,True,True,True,PLACEHOLDER_CANDIDATE
2026-05-27,KRAS,214.0,214.0,214.0,214.0,0.0,True,True,True,True,PLACEHOLDER_CANDIDATE
2026-05-28,KRAS,214.0,214.0,214.0,214.0,0.0,True,True,True,True,PLACEHOLDER_CANDIDATE
2026-05-14,KREN,16.0,16.0,16.0,16.0,0.0,True,True,True,True,PLACEHOLDER_CANDIDATE
2026-05-15,KREN,16.0,16.0,16.0,16.0,0.0,True,True,True,True,PLACEHOLDER_CANDIDATE
2026-05-27,KREN,15.0,15.0,15.0,15.0,0.0,True,True,True,True,PLACEHOLDER_CANDIDATE
2026-05-28,KREN,15.0,15.0,15.0,15.0,0.0,True,True,True,True,PLACEHOLDER_CANDIDATE
2026-08-25,KREN,14.0,14.0,14.0,14.0,0.0,True,True,True,True,PLACEHOLDER_CANDIDATE
2026-05-14,KRYA,77.0,77.0,77.0,77.0,0.0,True,True,True,True,PLACEHOLDER_CANDIDATE
2026-05-15,KRYA,77.0,77.0,77.0,77.0,0.0,True,True,True,True,PLACEHOLDER_CANDIDATE
2026-05-27,KRYA,63.0,63.0,63.0,63.0,0.0,True,True,True,True,PLACEHOLDER_CANDIDATE
2026-05-28,KRYA,63.0,63.0,63.0,63.0,0.0,True,True,True,True,PLACEHOLDER_CANDIDATE
2026-05-14,KSIX,328.0,328.0,328.0,328.0,0.0,True,True,True,True,PLACEHOLDER_CANDIDATE
2026-05-15,KSIX,328.0,328.0,328.0,328.0,0.0,True,True,True,True,PLACEHOLDER_CANDIDATE
2026-05-27,KSIX,332.0,332.0,332.0,332.0,0.0,True,True,True,True,PLACEHOLDER_CANDIDATE
2026-05-28,KSIX,332.0,332.0,332.0,332.0,0.0,True,True,True,True,PLACEHOLDER_CANDIDATE
2026-05-14,KUAS,109.28350830078124,109.28350830078124,109.28350830078124,109.28350830078124,0.0,True,True,True,True,PLACEHOLDER_CANDIDATE
2026-05-15,KUAS,109.28350830078124,109.28350830078124,109.28350830078124,109.28350830078124,0.0,True,True,True,True,PLACEHOLDER_CANDIDATE
2026-05-27,KUAS,92.0,92.0,92.0,92.0,0.0,True,True,True,True,PLACEHOLDER_CANDIDATE
2026-05-28,KUAS,92.0,92.0,92.0,92.0,0.0,True,True,True,True,PLACEHOLDER_CANDIDATE
2026-05-14,LABA,121.0,121.0,121.0,121.0,0.0,True,True,True,True,PLACEHOLDER_CANDIDATE
2026-05-15,LABA,121.0,121.0,121.0,121.0,0.0,True,True,True,True,PLACEHOLDER_CANDIDATE
2026-05-27,LABA,94.0,94.0,94.0,94.0,0.0,True,True,True,True,PLACEHOLDER_CANDIDATE
2026-05-28,LABA,94.0,94.0,94.0,94.0,0.0,True,True,True,True,PLACEHOLDER_CANDIDATE
2026-05-14,LABS,176.0,176.0,176.0,176.0,0.0,True,True,True,True,PLACEHOLDER_CANDIDATE
2026-05-15,LABS,176.0,176.0,176.0,176.0,0.0,True,True,True,True,PLACEHOLDER_CANDIDATE
2026-05-27,LABS,145.0,145.0,145.0,145.0,0.0,True,True,True,True,PLACEHOLDER_CANDIDATE
2026-05-28,LABS,145.0,145.0,145.0,145.0,0.0,True,True,True,True,PLACEHOLDER_CANDIDATE
2026-05-14,LAJU,78.81340789794922,78.81340789794922,78.81340789794922,78.81340789794922,0.0,True,True,True,True,PLACEHOLDER_CANDIDATE
2026-05-15,LAJU,78.81340789794922,78.81340789794922,78.81340789794922,78.81340789794922,0.0,True,True,True,True,PLACEHOLDER_CANDIDATE
2026-05-27,LAJU,69.83467102050781,69.83467102050781,69.83467102050781,69.83467102050781,0.0,True,True,True,True,PLACEHOLDER_CANDIDATE
2026-05-28,LAJU,69.83467102050781,69.83467102050781,69.83467102050781,69.83467102050781,0.0,True,True,True,True,PLACEHOLDER_CANDIDATE
2026-05-14,LAND,83.0,83.0,83.0,83.0,0.0,True,True,True,True,PLACEHOLDER_CANDIDATE
2026-05-15,LAND,83.0,83.0,83.0,83.0,0.0,True,True,True,True,PLACEHOLDER_CANDIDATE
2026-05-27,LAND,60.0,60.0,60.0,60.0,0.0,True,True,True,True,PLACEHOLDER_CANDIDATE
2026-05-28,LAND,60.0,60.0,60.0,60.0,0.0,True,True,True,True,PLACEHOLDER_CANDIDATE
2026-05-14,LAPD,83.0,83.0,83.0,83.0,0.0,True,True,True,True,PLACEHOLDER_CANDIDATE
2026-05-15,LAPD,83.0,83.0,83.0,83.0,0.0,True,True,True,True,PLACEHOLDER_CANDIDATE
2026-05-27,LAPD,70.0,70.0,70.0,70.0,0.0,True,True,True,True,PLACEHOLDER_CANDIDATE
2026-05-28,LAPD,70.0,70.0,70.0,70.0,0.0,True,True,True,True,PLACEHOLDER_CANDIDATE
2026-05-14,LCKM,109.0,109.0,109.0,109.0,0.0,True,True,True,True,PLACEHOLDER_CANDIDATE
2026-05-15,LCKM,109.0,109.0,109.0,109.0,0.0,True,True,True,True,PLACEHOLDER_CANDIDATE
2026-05-27,LCKM,110.0,110.0,110.0,110.0,0.0,True,True,True,True,PLACEHOLDER_CANDIDATE
2026-05-28,LCKM,110.0,110.0,110.0,110.0,0.0,True,True,True,True,PLACEHOLDER_CANDIDATE
2026-08-17,LCKM,109.0,109.0,109.0,109.0,0.0,True,True,True,True,PLACEHOLDER_CANDIDATE
2026-08-25,LCKM,109.0,109.0,109.0,109.0,0.0,True,True,True,True,PLACEHOLDER_CANDIDATE
2026-05-14,LEAD,123.0,123.0,123.0,123.0,0.0,True,True,True,True,PLACEHOLDER_CANDIDATE
2026-05-15,LEAD,123.0,123.0,123.0,123.0,0.0,True,True,True,True,PLACEHOLDER_CANDIDATE
2026-05-27,LEAD,101.0,101.0,101.0,101.0,0.0,True,True,True,True,PLACEHOLDER_CANDIDATE
2026-05-28,LEAD,101.0,101.0,101.0,101.0,0.0,True,True,True,True,PLACEHOLDER_CANDIDATE
2026-05-14,LFLO,588.879150390625,588.879150390625,588.879150390625,588.879150390625,0.0,True,True,True,True,PLACEHOLDER_CANDIDATE
2026-05-15,LFLO,588.879150390625,588.879150390625,588.879150390625,588.879150390625,0.0,True,True,True,True,PLACEHOLDER_CANDIDATE
2026-05-27,LFLO,490.8975524902344,490.8975524902344,490.8975524902344,490.8975524902344,0.0,True,True,True,True,PLACEHOLDER_CANDIDATE
2026-05-28,LFLO,490.8975524902344,490.8975524902344,490.8975524902344,490.8975524902344,0.0,True,True,True,True,PLACEHOLDER_CANDIDATE
2026-05-14,LIFE,6825.0,6825.0,6825.0,6825.0,0.0,True,True,True,True,PLACEHOLDER_CANDIDATE
2026-05-15,LIFE,6825.0,6825.0,6825.0,6825.0,0.0,True,True,True,True,PLACEHOLDER_CANDIDATE
2026-05-27,LIFE,6225.0,6225.0,6225.0,6225.0,0.0,True,True,True,True,PLACEHOLDER_CANDIDATE
2026-05-28,LIFE,6225.0,6225.0,6225.0,6225.0,0.0,True,True,True,True,PLACEHOLDER_CANDIDATE
2026-05-14,LINK,1600.0,1600.0,1600.0,1600.0,0.0,True,True,True,True,PLACEHOLDER_CANDIDATE
2026-05-15,LINK,1600.0,1600.0,1600.0,1600.0,0.0,True,True,True,True,PLACEHOLDER_CANDIDATE
2026-05-27,LINK,1200.0,1200.0,1200.0,1200.0,0.0,True,True,True,True,PLACEHOLDER_CANDIDATE
2026-05-28,LINK,1200.0,1200.0,1200.0,1200.0,0.0,True,True,True,True,PLACEHOLDER_CANDIDATE
2026-05-14,LION,400.0,400.0,400.0,400.0,0.0,True,True,True,True,PLACEHOLDER_CANDIDATE
2026-05-15,LION,400.0,400.0,400.0,400.0,0.0,True,True,True,True,PLACEHOLDER_CANDIDATE
2026-05-27,LION,380.0,380.0,380.0,380.0,0.0,True,True,True,True,PLACEHOLDER_CANDIDATE
2026-05-28,LION,380.0,380.0,380.0,380.0,0.0,True,True,True,True,PLACEHOLDER_CANDIDATE
2026-08-25,LION,348.0,348.0,348.0,348.0,0.0,True,True,True,True,PLACEHOLDER_CANDIDATE
2026-05-14,LIVE,224.0,224.0,224.0,224.0,0.0,True,True,True,True,PLACEHOLDER_CANDIDATE
2026-05-15,LIVE,224.0,224.0,224.0,224.0,0.0,True,True,True,True,PLACEHOLDER_CANDIDATE
2026-05-27,LIVE,214.0,214.0,214.0,214.0,0.0,True,True,True,True,PLACEHOLDER_CANDIDATE
2026-05-28,LIVE,214.0,214.0,214.0,214.0,0.0,True,True,True,True,PLACEHOLDER_CANDIDATE
2026-05-14,LMAX,153.0,153.0,153.0,153.0,0.0,True,True,True,True,PLACEHOLDER_CANDIDATE
2026-05-15,LMAX,153.0,153.0,153.0,153.0,0.0,True,True,True,True,PLACEHOLDER_CANDIDATE
2026-05-27,LMAX,126.0,126.0,126.0,126.0,0.0,True,True,True,True,PLACEHOLDER_CANDIDATE
2026-05-28,LMAX,126.0,126.0,126.0,126.0,0.0,True,True,True,True,PLACEHOLDER_CANDIDATE
2026-05-14,LMPI,163.0,163.0,163.0,163.0,0.0,True,True,True,True,PLACEHOLDER_CANDIDATE
2026-05-15,LMPI,163.0,163.0,163.0,163.0,0.0,True,True,True,True,PLACEHOLDER_CANDIDATE
2026-05-27,LMPI,153.0,153.0,153.0,153.0,0.0,True,True,True,True,PLACEHOLDER_CANDIDATE
2026-05-28,LMPI,153.0,153.0,153.0,153.0,0.0,True,True,True,True,PLACEHOLDER_CANDIDATE
2026-08-25,LMPI,155.0,155.0,155.0,155.0,0.0,True,True,True,True,PLACEHOLDER_CANDIDATE
2026-05-01,LMSH,256.0,256.0,256.0,256.0,0.0,True,True,True,True,PLACEHOLDER_CANDIDATE
2026-05-14,LMSH,256.0,256.0,256.0,256.0,0.0,True,True,True,True,PLACEHOLDER_CANDIDATE
2026-05-15,LMSH,256.0,256.0,256.0,256.0,0.0,True,True,True,True,PLACEHOLDER_CANDIDATE
2026-05-27,LMSH,256.0,256.0,256.0,256.0,0.0,True,True,True,True,PLACEHOLDER_CANDIDATE
2026-05-28,LMSH,256.0,256.0,256.0,256.0,0.0,True,True,True,True,PLACEHOLDER_CANDIDATE
2026-06-01,LMSH,256.0,256.0,256.0,256.0,0.0,True,True,True,True,PLACEHOLDER_CANDIDATE
2026-06-16,LMSH,256.0,256.0,256.0,256.0,0.0,True,True,True,True,PLACEHOLDER_CANDIDATE
2026-08-17,LMSH,256.0,256.0,256.0,256.0,0.0,True,True,True,True,PLACEHOLDER_CANDIDATE
2026-08-25,LMSH,256.0,256.0,256.0,256.0,0.0,True,True,True,True,PLACEHOLDER_CANDIDATE
2026-05-14,LOPI,118.0,118.0,118.0,118.0,0.0,True,True,True,True,PLACEHOLDER_CANDIDATE
2026-05-15,LOPI,118.0,118.0,118.0,118.0,0.0,True,True,True,True,PLACEHOLDER_CANDIDATE
2026-05-27,LOPI,99.0,99.0,99.0,99.0,0.0,True,True,True,True,PLACEHOLDER_CANDIDATE
2026-05-28,LOPI,99.0,99.0,99.0,99.0,0.0,True,True,True,True,PLACEHOLDER_CANDIDATE
2014-04-09,LPCK,7657.7,7657.7,7657.7,7657.7,0.0,True,True,True,True,PLACEHOLDER_CANDIDATE
2014-07-09,LPCK,6754.14,6754.14,6754.14,6754.14,0.0,True,True,True,True,PLACEHOLDER_CANDIDATE
2015-12-09,LPCK,6392.71,6392.71,6392.71,6392.71,0.0,True,True,True,True,PLACEHOLDER_CANDIDATE
2017-01-02,LPCK,4563.0,4563.0,4563.0,4563.0,0.0,True,True,True,True,PLACEHOLDER_CANDIDATE
2017-02-15,LPCK,4355.18,4355.18,4355.18,4355.18,0.0,True,True,True,True,PLACEHOLDER_CANDIDATE
2017-04-19,LPCK,3713.65,3713.65,3713.65,3713.65,0.0,True,True,True,True,PLACEHOLDER_CANDIDATE
2017-06-01,LPCK,3740.75,3740.75,3740.75,3740.75,0.0,True,True,True,True,PLACEHOLDER_CANDIDATE
2017-06-23,LPCK,3713.65,3713.65,3713.65,3713.65,0.0,True,True,True,True,PLACEHOLDER_CANDIDATE
2017-06-26,LPCK,3713.65,3713.65,3713.65,3713.65,0.0,True,True,True,True,PLACEHOLDER_CANDIDATE
2017-06-27,LPCK,3713.65,3713.65,3713.65,3713.65,0.0,True,True,True,True,PLACEHOLDER_CANDIDATE
2017-06-28,LPCK,3713.65,3713.65,3713.65,3713.65,0.0,True,True,True,True,PLACEHOLDER_CANDIDATE
2017-06-29,LPCK,3713.65,3713.65,3713.65,3713.65,0.0,True,True,True,True,PLACEHOLDER_CANDIDATE
2017-06-30,LPCK,3713.65,3713.65,3713.65,3713.65,0.0,True,True,True,True,PLACEHOLDER_CANDIDATE
2017-08-17,LPCK,4300.96,4300.96,4300.96,4300.96,0.0,True,True,True,True,PLACEHOLDER_CANDIDATE
2017-09-01,LPCK,4300.96,4300.96,4300.96,4300.96,0.0,True,True,True,True,PLACEHOLDER_CANDIDATE
2017-09-21,LPCK,3903.4,3903.4,3903.4,3903.4,0.0,True,True,True,True,PLACEHOLDER_CANDIDATE
2017-12-25,LPCK,2846.23,2846.23,2846.23,2846.23,0.0,True,True,True,True,PLACEHOLDER_CANDIDATE
2017-12-26,LPCK,2846.23,2846.23,2846.23,2846.23,0.0,True,True,True,True,PLACEHOLDER_CANDIDATE
2018-01-01,LPCK,2837.19,2837.19,2837.19,2837.19,0.0,True,True,True,True,PLACEHOLDER_CANDIDATE
2018-02-16,LPCK,2981.76,2981.76,2981.76,2981.76,0.0,True,True,True,True,PLACEHOLDER_CANDIDATE
2018-03-30,LPCK,2801.05,2801.05,2801.05,2801.05,0.0,True,True,True,True,PLACEHOLDER_CANDIDATE
2018-05-01,LPCK,2087.23,2087.23,2087.23,2087.23,0.0,True,True,True,True,PLACEHOLDER_CANDIDATE
2018-05-10,LPCK,1888.45,1888.45,1888.45,1888.45,0.0,True,True,True,True,PLACEHOLDER_CANDIDATE
2018-05-29,LPCK,1996.88,1996.88,1996.88,1996.88,0.0,True,True,True,True,PLACEHOLDER_CANDIDATE
2018-06-01,LPCK,1793.57,1793.57,1793.57,1793.57,0.0,True,True,True,True,PLACEHOLDER_CANDIDATE
2018-06-11,LPCK,1951.7,1951.7,1951.7,1951.7,0.0,True,True,True,True,PLACEHOLDER_CANDIDATE
2018-06-12,LPCK,1951.7,1951.7,1951.7,1951.7,0.0,True,True,True,True,PLACEHOLDER_CANDIDATE
2018-06-13,LPCK,1951.7,1951.7,1951.7,1951.7,0.0,True,True,True,True,PLACEHOLDER_CANDIDATE
2018-06-14,LPCK,1951.7,1951.7,1951.7,1951.7,0.0,True,True,True,True,PLACEHOLDER_CANDIDATE
2018-06-15,LPCK,1951.7,1951.7,1951.7,1951.7,0.0,True,True,True,True,PLACEHOLDER_CANDIDATE
2018-06-18,LPCK,1951.7,1951.7,1951.7,1951.7,0.0,True,True,True,True,PLACEHOLDER_CANDIDATE
2018-06-19,LPCK,1951.7,1951.7,1951.7,1951.7,0.0,True,True,True,True,PLACEHOLDER_CANDIDATE
2018-08-17,LPCK,1694.18,1694.18,1694.18,1694.18,0.0,True,True,True,True,PLACEHOLDER_CANDIDATE
2018-08-22,LPCK,1739.36,1739.36,1739.36,1739.36,0.0,True,True,True,True,PLACEHOLDER_CANDIDATE
2018-09-11,LPCK,1671.59,1671.59,1671.59,1671.59,0.0,True,True,True,True,PLACEHOLDER_CANDIDATE
2018-11-20,LPCK,1328.24,1328.24,1328.24,1328.24,0.0,True,True,True,True,PLACEHOLDER_CANDIDATE
2018-12-24,LPCK,1337.27,1337.27,1337.27,1337.27,0.0,True,True,True,True,PLACEHOLDER_CANDIDATE
2018-12-25,LPCK,1337.27,1337.27,1337.27,1337.27,0.0,True,True,True,True,PLACEHOLDER_CANDIDATE
2018-12-31,LPCK,1332.76,1332.76,1332.76,1332.76,0.0,True,True,True,True,PLACEHOLDER_CANDIDATE
2019-01-01,LPCK,1332.76,1332.76,1332.76,1332.76,0.0,True,True,True,True,PLACEHOLDER_CANDIDATE
2019-02-05,LPCK,2168.55,2168.55,2168.55,2168.55,0.0,True,True,True,True,PLACEHOLDER_CANDIDATE
2019-03-07,LPCK,2186.62,2186.62,2186.62,2186.62,0.0,True,True,True,True,PLACEHOLDER_CANDIDATE
2019-04-03,LPCK,1752.91,1752.91,1752.91,1752.91,0.0,True,True,True,True,PLACEHOLDER_CANDIDATE
2019-04-17,LPCK,1689.66,1689.66,1689.66,1689.66,0.0,True,True,True,True,PLACEHOLDER_CANDIDATE
2019-04-19,LPCK,1784.54,1784.54,1784.54,1784.54,0.0,True,True,True,True,PLACEHOLDER_CANDIDATE
2019-05-01,LPCK,1671.59,1671.59,1671.59,1671.59,0.0,True,True,True,True,PLACEHOLDER_CANDIDATE
2019-05-30,LPCK,1418.6,1418.6,1418.6,1418.6,0.0,True,True,True,True,PLACEHOLDER_CANDIDATE
2019-06-03,LPCK,1432.15,1432.15,1432.15,1432.15,0.0,True,True,True,True,PLACEHOLDER_CANDIDATE
2019-06-04,LPCK,1432.15,1432.15,1432.15,1432.15,0.0,True,True,True,True,PLACEHOLDER_CANDIDATE
2019-06-05,LPCK,1432.15,1432.15,1432.15,1432.15,0.0,True,True,True,True,PLACEHOLDER_CANDIDATE
2019-06-06,LPCK,1432.15,1432.15,1432.15,1432.15,0.0,True,True,True,True,PLACEHOLDER_CANDIDATE
2019-06-07,LPCK,1432.15,1432.15,1432.15,1432.15,0.0,True,True,True,True,PLACEHOLDER_CANDIDATE
2026-05-14,LPCK,595.0,595.0,595.0,595.0,0.0,True,True,True,True,PLACEHOLDER_CANDIDATE
2026-05-15,LPCK,595.0,595.0,595.0,595.0,0.0,True,True,True,True,PLACEHOLDER_CANDIDATE
2026-05-27,LPCK,515.0,515.0,515.0,515.0,0.0,True,True,True,True,PLACEHOLDER_CANDIDATE
2026-05-28,LPCK,515.0,515.0,515.0,515.0,0.0,True,True,True,True,PLACEHOLDER_CANDIDATE
2026-08-25,LPCK,610.0,610.0,610.0,610.0,0.0,True,True,True,True,PLACEHOLDER_CANDIDATE
2026-05-14,LPGI,695.0,695.0,695.0,695.0,0.0,True,True,True,True,PLACEHOLDER_CANDIDATE
2026-05-15,LPGI,695.0,695.0,695.0,695.0,0.0,True,True,True,True,PLACEHOLDER_CANDIDATE
2026-05-27,LPGI,700.0,700.0,700.0,700.0,0.0,True,True,True,True,PLACEHOLDER_CANDIDATE
2026-05-28,LPGI,700.0,700.0,700.0,700.0,0.0,True,True,True,True,PLACEHOLDER_CANDIDATE
2026-08-25,LPGI,645.0,645.0,645.0,645.0,0.0,True,True,True,True,PLACEHOLDER_CANDIDATE
2026-05-14,LPIN,410.0,410.0,410.0,410.0,0.0,True,True,True,True,PLACEHOLDER_CANDIDATE
2026-05-15,LPIN,410.0,410.0,410.0,410.0,0.0,True,True,True,True,PLACEHOLDER_CANDIDATE
2026-05-27,LPIN,406.0,406.0,406.0,406.0,0.0,True,True,True,True,PLACEHOLDER_CANDIDATE
2026-05-28,LPIN,406.0,406.0,406.0,406.0,0.0,True,True,True,True,PLACEHOLDER_CANDIDATE
2026-08-25,LPIN,424.0,424.0,424.0,424.0,0.0,True,True,True,True,PLACEHOLDER_CANDIDATE
2014-04-09,LPKR,913.75,913.75,913.75,913.75,0.0,True,True,True,True,PLACEHOLDER_CANDIDATE
2014-07-09,LPKR,829.99,829.99,829.99,829.99,0.0,True,True,True,True,PLACEHOLDER_CANDIDATE
2015-12-09,LPKR,950.65,950.65,950.65,950.65,0.0,True,True,True,True,PLACEHOLDER_CANDIDATE
2017-01-02,LPKR,565.26,565.26,565.26,565.26,0.0,True,True,True,True,PLACEHOLDER_CANDIDATE
2017-02-15,LPKR,592.74,592.74,592.74,592.74,0.0,True,True,True,True,PLACEHOLDER_CANDIDATE
2017-04-19,LPKR,606.14,606.14,606.14,606.14,0.0,True,True,True,True,PLACEHOLDER_CANDIDATE
2017-06-01,LPKR,535.29,535.29,535.29,535.29,0.0,True,True,True,True,PLACEHOLDER_CANDIDATE
2017-06-23,LPKR,519.55,519.55,519.55,519.55,0.0,True,True,True,True,PLACEHOLDER_CANDIDATE
2017-06-26,LPKR,519.55,519.55,519.55,519.55,0.0,True,True,True,True,PLACEHOLDER_CANDIDATE
2017-06-27,LPKR,519.55,519.55,519.55,519.55,0.0,True,True,True,True,PLACEHOLDER_CANDIDATE
2017-06-28,LPKR,519.55,519.55,519.55,519.55,0.0,True,True,True,True,PLACEHOLDER_CANDIDATE
2017-06-29,LPKR,519.55,519.55,519.55,519.55,0.0,True,True,True,True,PLACEHOLDER_CANDIDATE
2017-06-30,LPKR,519.55,519.55,519.55,519.55,0.0,True,True,True,True,PLACEHOLDER_CANDIDATE
2017-08-17,LPKR,617.94,617.94,617.94,617.94,0.0,True,True,True,True,PLACEHOLDER_CANDIDATE
2017-09-01,LPKR,617.94,617.94,617.94,617.94,0.0,True,True,True,True,PLACEHOLDER_CANDIDATE
2017-09-21,LPKR,586.46,586.46,586.46,586.46,0.0,True,True,True,True,PLACEHOLDER_CANDIDATE
2017-12-25,LPKR,376.28,376.28,376.28,376.28,0.0,True,True,True,True,PLACEHOLDER_CANDIDATE
2017-12-26,LPKR,376.28,376.28,376.28,376.28,0.0,True,True,True,True,PLACEHOLDER_CANDIDATE
2018-01-01,LPKR,384.15,384.15,384.15,384.15,0.0,True,True,True,True,PLACEHOLDER_CANDIDATE
2018-02-16,LPKR,409.34,409.34,409.34,409.34,0.0,True,True,True,True,PLACEHOLDER_CANDIDATE
2018-03-30,LPKR,377.85,377.85,377.85,377.85,0.0,True,True,True,True,PLACEHOLDER_CANDIDATE
2018-05-01,LPKR,351.09,351.09,351.09,351.09,0.0,True,True,True,True,PLACEHOLDER_CANDIDATE
2018-05-10,LPKR,314.88,314.88,314.88,314.88,0.0,True,True,True,True,PLACEHOLDER_CANDIDATE
2018-05-29,LPKR,307.0,307.0,307.0,307.0,0.0,True,True,True,True,PLACEHOLDER_CANDIDATE
2018-06-01,LPKR,297.56,297.56,297.56,297.56,0.0,True,True,True,True,PLACEHOLDER_CANDIDATE
2018-06-11,LPKR,284.96,284.96,284.96,284.96,0.0,True,True,True,True,PLACEHOLDER_CANDIDATE
2018-06-12,LPKR,284.96,284.96,284.96,284.96,0.0,True,True,True,True,PLACEHOLDER_CANDIDATE
2018-06-13,LPKR,284.96,284.96,284.96,284.96,0.0,True,True,True,True,PLACEHOLDER_CANDIDATE
2018-06-14,LPKR,284.96,284.96,284.96,284.96,0.0,True,True,True,True,PLACEHOLDER_CANDIDATE
2018-06-15,LPKR,284.96,284.96,284.96,284.96,0.0,True,True,True,True,PLACEHOLDER_CANDIDATE
2018-06-18,LPKR,284.96,284.96,284.96,284.96,0.0,True,True,True,True,PLACEHOLDER_CANDIDATE
2018-06-19,LPKR,284.96,284.96,284.96,284.96,0.0,True,True,True,True,PLACEHOLDER_CANDIDATE
2018-08-17,LPKR,277.75,277.75,277.75,277.75,0.0,True,True,True,True,PLACEHOLDER_CANDIDATE
2018-08-22,LPKR,279.34,279.34,279.34,279.34,0.0,True,True,True,True,PLACEHOLDER_CANDIDATE
2018-09-11,LPKR,277.75,277.75,277.75,277.75,0.0,True,True,True,True,PLACEHOLDER_CANDIDATE
2018-11-20,LPKR,217.44,217.44,217.44,217.44,0.0,True,True,True,True,PLACEHOLDER_CANDIDATE
2018-12-24,LPKR,196.8,196.8,196.8,196.8,0.0,True,True,True,True,PLACEHOLDER_CANDIDATE
2018-12-25,LPKR,196.8,196.8,196.8,196.8,0.0,True,True,True,True,PLACEHOLDER_CANDIDATE
2018-12-31,LPKR,201.57,201.57,201.57,201.57,0.0,True,True,True,True,PLACEHOLDER_CANDIDATE
2019-01-01,LPKR,201.57,201.57,201.57,201.57,0.0,True,True,True,True,PLACEHOLDER_CANDIDATE
2019-02-05,LPKR,220.61,220.61,220.61,220.61,0.0,True,True,True,True,PLACEHOLDER_CANDIDATE
2019-03-07,LPKR,204.74,204.74,204.74,204.74,0.0,True,True,True,True,PLACEHOLDER_CANDIDATE
2019-04-03,LPKR,234.9,234.9,234.9,234.9,0.0,True,True,True,True,PLACEHOLDER_CANDIDATE
2019-04-17,LPKR,252.35,252.35,252.35,252.35,0.0,True,True,True,True,PLACEHOLDER_CANDIDATE
2019-04-19,LPKR,261.88,261.88,261.88,261.88,0.0,True,True,True,True,PLACEHOLDER_CANDIDATE
2019-05-01,LPKR,260.29,260.29,260.29,260.29,0.0,True,True,True,True,PLACEHOLDER_CANDIDATE
2019-05-30,LPKR,252.35,252.35,252.35,252.35,0.0,True,True,True,True,PLACEHOLDER_CANDIDATE
2019-06-03,LPKR,255.53,255.53,255.53,255.53,0.0,True,True,True,True,PLACEHOLDER_CANDIDATE
2019-06-04,LPKR,255.53,255.53,255.53,255.53,0.0,True,True,True,True,PLACEHOLDER_CANDIDATE
2019-06-05,LPKR,255.53,255.53,255.53,255.53,0.0,True,True,True,True,PLACEHOLDER_CANDIDATE
2019-06-06,LPKR,255.53,255.53,255.53,255.53,0.0,True,True,True,True,PLACEHOLDER_CANDIDATE
2019-06-07,LPKR,255.53,255.53,255.53,255.53,0.0,True,True,True,True,PLACEHOLDER_CANDIDATE
2026-05-14,LPKR,80.0,80.0,80.0,80.0,0.0,True,True,True,True,PLACEHOLDER_CANDIDATE
2026-05-15,LPKR,80.0,80.0,80.0,80.0,0.0,True,True,True,True,PLACEHOLDER_CANDIDATE
2026-05-27,LPKR,69.0,69.0,69.0,69.0,0.0,True,True,True,True,PLACEHOLDER_CANDIDATE
2026-05-28,LPKR,69.0,69.0,69.0,69.0,0.0,True,True,True,True,PLACEHOLDER_CANDIDATE
2026-05-14,LPLI,288.0,288.0,288.0,288.0,0.0,True,True,True,True,PLACEHOLDER_CANDIDATE
2026-05-15,LPLI,288.0,288.0,288.0,288.0,0.0,True,True,True,True,PLACEHOLDER_CANDIDATE
2026-05-27,LPLI,250.0,250.0,250.0,250.0,0.0,True,True,True,True,PLACEHOLDER_CANDIDATE
2026-05-28,LPLI,250.0,250.0,250.0,250.0,0.0,True,True,True,True,PLACEHOLDER_CANDIDATE
2026-08-25,LPLI,244.0,244.0,244.0,244.0,0.0,True,True,True,True,PLACEHOLDER_CANDIDATE
2026-05-14,LPPF,1650.0,1650.0,1650.0,1650.0,0.0,True,True,True,True,PLACEHOLDER_CANDIDATE
2026-05-15,LPPF,1650.0,1650.0,1650.0,1650.0,0.0,True,True,True,True,PLACEHOLDER_CANDIDATE
2026-05-27,LPPF,1590.0,1590.0,1590.0,1590.0,0.0,True,True,True,True,PLACEHOLDER_CANDIDATE
2026-05-28,LPPF,1590.0,1590.0,1590.0,1590.0,0.0,True,True,True,True,PLACEHOLDER_CANDIDATE
2026-08-25,LPPF,1620.0,1620.0,1620.0,1620.0,0.0,True,True,True,True,PLACEHOLDER_CANDIDATE
2026-05-14,LPPS,83.0,83.0,83.0,83.0,0.0,True,True,True,True,PLACEHOLDER_CANDIDATE
2026-05-15,LPPS,83.0,83.0,83.0,83.0,0.0,True,True,True,True,PLACEHOLDER_CANDIDATE
2026-05-27,LPPS,69.0,69.0,69.0,69.0,0.0,True,True,True,True,PLACEHOLDER_CANDIDATE
2026-05-28,LPPS,69.0,69.0,69.0,69.0,0.0,True,True,True,True,PLACEHOLDER_CANDIDATE
2026-08-25,LPPS,83.0,83.0,83.0,83.0,0.0,True,True,True,True,PLACEHOLDER_CANDIDATE
2026-05-14,LRNA,202.0,202.0,202.0,202.0,0.0,True,True,True,True,PLACEHOLDER_CANDIDATE
2026-05-15,LRNA,202.0,202.0,202.0,202.0,0.0,True,True,True,True,PLACEHOLDER_CANDIDATE
2026-05-27,LRNA,197.0,197.0,197.0,197.0,0.0,True,True,True,True,PLACEHOLDER_CANDIDATE
2026-05-28,LRNA,197.0,197.0,197.0,197.0,0.0,True,True,True,True,PLACEHOLDER_CANDIDATE
2026-05-14,LSIP,1411.0789794921875,1411.0789794921875,1411.0789794921875,1411.0789794921875,0.0,True,True,True,True,PLACEHOLDER_CANDIDATE
2026-05-15,LSIP,1411.0789794921875,1411.0789794921875,1411.0789794921875,1411.0789794921875,0.0,True,True,True,True,PLACEHOLDER_CANDIDATE
2026-05-27,LSIP,1190.744384765625,1190.744384765625,1190.744384765625,1190.744384765625,0.0,True,True,True,True,PLACEHOLDER_CANDIDATE
2026-05-28,LSIP,1190.744384765625,1190.744384765625,1190.744384765625,1190.744384765625,0.0,True,True,True,True,PLACEHOLDER_CANDIDATE
2026-08-25,LSIP,1465.0,1465.0,1465.0,1465.0,0.0,True,True,True,True,PLACEHOLDER_CANDIDATE
2026-05-14,LTLS,781.5364379882812,781.5364379882812,781.5364379882812,781.5364379882812,0.0,True,True,True,True,PLACEHOLDER_CANDIDATE
2026-05-15,LTLS,781.5364379882812,781.5364379882812,781.5364379882812,781.5364379882812,0.0,True,True,True,True,PLACEHOLDER_CANDIDATE
2026-05-27,LTLS,785.0,785.0,785.0,785.0,0.0,True,True,True,True,PLACEHOLDER_CANDIDATE
2026-05-28,LTLS,785.0,785.0,785.0,785.0,0.0,True,True,True,True,PLACEHOLDER_CANDIDATE
2026-08-25,LTLS,835.0,835.0,835.0,835.0,0.0,True,True,True,True,PLACEHOLDER_CANDIDATE
2026-05-14,LUCK,112.0,112.0,112.0,112.0,0.0,True,True,True,True,PLACEHOLDER_CANDIDATE
2026-05-15,LUCK,112.0,112.0,112.0,112.0,0.0,True,True,True,True,PLACEHOLDER_CANDIDATE
2026-05-27,LUCK,110.0,110.0,110.0,110.0,0.0,True,True,True,True,PLACEHOLDER_CANDIDATE
2026-05-28,LUCK,110.0,110.0,110.0,110.0,0.0,True,True,True,True,PLACEHOLDER_CANDIDATE
2026-05-14,LUCY,1570.0,1570.0,1570.0,1570.0,0.0,True,True,True,True,PLACEHOLDER_CANDIDATE
2026-05-15,LUCY,1570.0,1570.0,1570.0,1570.0,0.0,True,True,True,True,PLACEHOLDER_CANDIDATE
2026-05-27,LUCY,1025.0,1025.0,1025.0,1025.0,0.0,True,True,True,True,PLACEHOLDER_CANDIDATE
2026-05-28,LUCY,1025.0,1025.0,1025.0,1025.0,0.0,True,True,True,True,PLACEHOLDER_CANDIDATE
2026-05-14,MAHA,137.5,137.5,137.5,137.5,0.0,True,True,True,True,PLACEHOLDER_CANDIDATE
2026-05-15,MAHA,137.5,137.5,137.5,137.5,0.0,True,True,True,True,PLACEHOLDER_CANDIDATE
2026-05-27,MAHA,132.9166717529297,132.9166717529297,132.9166717529297,132.9166717529297,0.0,True,True,True,True,PLACEHOLDER_CANDIDATE
2026-05-28,MAHA,132.9166717529297,132.9166717529297,132.9166717529297,132.9166717529297,0.0,True,True,True,True,PLACEHOLDER_CANDIDATE
2026-05-14,MAIN,793.6759033203125,793.6759033203125,793.6759033203125,793.6759033203125,0.0,True,True,True,True,PLACEHOLDER_CANDIDATE
2026-05-15,MAIN,793.6759033203125,793.6759033203125,793.6759033203125,793.6759033203125,0.0,True,True,True,True,PLACEHOLDER_CANDIDATE
2026-05-27,MAIN,775.1103515625,775.1103515625,775.1103515625,775.1103515625,0.0,True,True,True,True,PLACEHOLDER_CANDIDATE
2026-05-28,MAIN,775.1103515625,775.1103515625,775.1103515625,775.1103515625,0.0,True,True,True,True,PLACEHOLDER_CANDIDATE
2026-08-25,MAIN,670.0,670.0,670.0,670.0,0.0,True,True,True,True,PLACEHOLDER_CANDIDATE
2026-05-14,MANG,52.0,52.0,52.0,52.0,0.0,True,True,True,True,PLACEHOLDER_CANDIDATE
2026-05-15,MANG,52.0,52.0,52.0,52.0,0.0,True,True,True,True,PLACEHOLDER_CANDIDATE
2026-05-27,MANG,47.0,47.0,47.0,47.0,0.0,True,True,True,True,PLACEHOLDER_CANDIDATE
2026-05-28,MANG,47.0,47.0,47.0,47.0,0.0,True,True,True,True,PLACEHOLDER_CANDIDATE
2026-05-14,MAPA,611.0,611.0,611.0,611.0,0.0,True,True,True,True,PLACEHOLDER_CANDIDATE
2026-05-15,MAPA,611.0,611.0,611.0,611.0,0.0,True,True,True,True,PLACEHOLDER_CANDIDATE
2026-05-27,MAPA,601.0650634765625,601.0650634765625,601.0650634765625,601.0650634765625,0.0,True,True,True,True,PLACEHOLDER_CANDIDATE
2026-05-28,MAPA,601.0650634765625,601.0650634765625,601.0650634765625,601.0650634765625,0.0,True,True,True,True,PLACEHOLDER_CANDIDATE
2026-05-14,MAPB,1500.0,1500.0,1500.0,1500.0,0.0,True,True,True,True,PLACEHOLDER_CANDIDATE
2026-05-15,MAPB,1500.0,1500.0,1500.0,1500.0,0.0,True,True,True,True,PLACEHOLDER_CANDIDATE
2026-05-27,MAPB,1475.0,1475.0,1475.0,1475.0,0.0,True,True,True,True,PLACEHOLDER_CANDIDATE
2026-05-28,MAPB,1475.0,1475.0,1475.0,1475.0,0.0,True,True,True,True,PLACEHOLDER_CANDIDATE
2026-05-14,MAPI,1465.296142578125,1465.296142578125,1465.296142578125,1465.296142578125,0.0,True,True,True,True,PLACEHOLDER_CANDIDATE
2026-05-15,MAPI,1465.296142578125,1465.296142578125,1465.296142578125,1465.296142578125,0.0,True,True,True,True,PLACEHOLDER_CANDIDATE
2026-05-27,MAPI,1490.131591796875,1490.131591796875,1490.131591796875,1490.131591796875,0.0,True,True,True,True,PLACEHOLDER_CANDIDATE
2026-05-28,MAPI,1490.131591796875,1490.131591796875,1490.131591796875,1490.131591796875,0.0,True,True,True,True,PLACEHOLDER_CANDIDATE
2026-08-25,MAPI,1500.0,1500.0,1500.0,1500.0,0.0,True,True,True,True,PLACEHOLDER_CANDIDATE
2026-05-14,MARI,28.0,28.0,28.0,28.0,0.0,True,True,True,True,PLACEHOLDER_CANDIDATE
2026-05-15,MARI,28.0,28.0,28.0,28.0,0.0,True,True,True,True,PLACEHOLDER_CANDIDATE
2026-05-27,MARI,29.0,29.0,29.0,29.0,0.0,True,True,True,True,PLACEHOLDER_CANDIDATE
2026-05-28,MARI,29.0,29.0,29.0,29.0,0.0,True,True,True,True,PLACEHOLDER_CANDIDATE
2026-08-17,MARI,23.0,23.0,23.0,23.0,0.0,True,True,True,True,PLACEHOLDER_CANDIDATE
2026-08-25,MARI,23.0,23.0,23.0,23.0,0.0,True,True,True,True,PLACEHOLDER_CANDIDATE
2026-05-14,MARK,797.9347534179688,797.9347534179688,797.9347534179688,797.9347534179688,0.0,True,True,True,True,PLACEHOLDER_CANDIDATE
2026-05-15,MARK,797.9347534179688,797.9347534179688,797.9347534179688,797.9347534179688,0.0,True,True,True,True,PLACEHOLDER_CANDIDATE
2026-05-27,MARK,805.2252197265625,805.2252197265625,805.2252197265625,805.2252197265625,0.0,True,True,True,True,PLACEHOLDER_CANDIDATE
2026-05-28,MARK,805.2252197265625,805.2252197265625,805.2252197265625,805.2252197265625,0.0,True,True,True,True,PLACEHOLDER_CANDIDATE
2026-05-14,MASB,3260.0,3260.0,3260.0,3260.0,0.0,True,True,True,True,PLACEHOLDER_CANDIDATE
2026-05-15,MASB,3260.0,3260.0,3260.0,3260.0,0.0,True,True,True,True,PLACEHOLDER_CANDIDATE
2026-05-27,MASB,3340.0,3340.0,3340.0,3340.0,0.0,True,True,True,True,PLACEHOLDER_CANDIDATE
2026-05-28,MASB,3340.0,3340.0,3340.0,3340.0,0.0,True,True,True,True,PLACEHOLDER_CANDIDATE
2026-05-14,MAXI,50.0,50.0,50.0,50.0,0.0,True,True,True,True,PLACEHOLDER_CANDIDATE
2026-05-15,MAXI,50.0,50.0,50.0,50.0,0.0,True,True,True,True,PLACEHOLDER_CANDIDATE
2026-05-27,MAXI,50.0,50.0,50.0,50.0,0.0,True,True,True,True,PLACEHOLDER_CANDIDATE
2026-05-28,MAXI,50.0,50.0,50.0,50.0,0.0,True,True,True,True,PLACEHOLDER_CANDIDATE
2014-04-09,MAYA,360.57,360.57,360.57,360.57,0.0,True,True,True,True,PLACEHOLDER_CANDIDATE
2014-07-09,MAYA,351.08,351.08,351.08,351.08,0.0,True,True,True,True,PLACEHOLDER_CANDIDATE
2015-12-09,MAYA,534.05,534.05,534.05,534.05,0.0,True,True,True,True,PLACEHOLDER_CANDIDATE
2017-01-02,MAYA,846.96,846.96,846.96,846.96,0.0,True,True,True,True,PLACEHOLDER_CANDIDATE
2017-02-15,MAYA,642.62,642.62,642.62,642.62,0.0,True,True,True,True,PLACEHOLDER_CANDIDATE
2017-04-19,MAYA,693.7,693.7,693.7,693.7,0.0,True,True,True,True,PLACEHOLDER_CANDIDATE
2017-06-01,MAYA,764.62,764.62,764.62,764.62,0.0,True,True,True,True,PLACEHOLDER_CANDIDATE
2017-06-23,MAYA,852.01,852.01,852.01,852.01,0.0,True,True,True,True,PLACEHOLDER_CANDIDATE
2017-06-26,MAYA,852.01,852.01,852.01,852.01,0.0,True,True,True,True,PLACEHOLDER_CANDIDATE
2017-06-27,MAYA,852.01,852.01,852.01,852.01,0.0,True,True,True,True,PLACEHOLDER_CANDIDATE
2017-06-28,MAYA,852.01,852.01,852.01,852.01,0.0,True,True,True,True,PLACEHOLDER_CANDIDATE
2017-06-29,MAYA,852.01,852.01,852.01,852.01,0.0,True,True,True,True,PLACEHOLDER_CANDIDATE
2017-06-30,MAYA,852.01,852.01,852.01,852.01,0.0,True,True,True,True,PLACEHOLDER_CANDIDATE
2017-08-17,MAYA,955.78,955.78,955.78,955.78,0.0,True,True,True,True,PLACEHOLDER_CANDIDATE
2017-09-01,MAYA,942.12,942.12,942.12,942.12,0.0,True,True,True,True,PLACEHOLDER_CANDIDATE
2017-09-21,MAYA,914.81,914.81,914.81,914.81,0.0,True,True,True,True,PLACEHOLDER_CANDIDATE
2017-12-25,MAYA,1132.34,1132.34,1132.34,1132.34,0.0,True,True,True,True,PLACEHOLDER_CANDIDATE
2017-12-26,MAYA,1132.34,1132.34,1132.34,1132.34,0.0,True,True,True,True,PLACEHOLDER_CANDIDATE
2018-01-01,MAYA,1092.6,1092.6,1092.6,1092.6,0.0,True,True,True,True,PLACEHOLDER_CANDIDATE
2018-02-16,MAYA,1152.2,1152.2,1152.2,1152.2,0.0,True,True,True,True,PLACEHOLDER_CANDIDATE
2018-03-30,MAYA,1149.36,1149.36,1149.36,1149.36,0.0,True,True,True,True,PLACEHOLDER_CANDIDATE
2018-05-01,MAYA,1149.36,1149.36,1149.36,1149.36,0.0,True,True,True,True,PLACEHOLDER_CANDIDATE
2018-05-10,MAYA,1149.36,1149.36,1149.36,1149.36,0.0,True,True,True,True,PLACEHOLDER_CANDIDATE
2018-05-29,MAYA,1157.88,1157.88,1157.88,1157.88,0.0,True,True,True,True,PLACEHOLDER_CANDIDATE
2018-06-01,MAYA,1172.24,1172.24,1172.24,1172.24,0.0,True,True,True,True,PLACEHOLDER_CANDIDATE
2018-06-11,MAYA,1172.24,1172.24,1172.24,1172.24,0.0,True,True,True,True,PLACEHOLDER_CANDIDATE
2018-06-12,MAYA,1172.24,1172.24,1172.24,1172.24,0.0,True,True,True,True,PLACEHOLDER_CANDIDATE
2018-06-13,MAYA,1172.24,1172.24,1172.24,1172.24,0.0,True,True,True,True,PLACEHOLDER_CANDIDATE
2018-06-14,MAYA,1172.24,1172.24,1172.24,1172.24,0.0,True,True,True,True,PLACEHOLDER_CANDIDATE
2018-06-15,MAYA,1172.24,1172.24,1172.24,1172.24,0.0,True,True,True,True,PLACEHOLDER_CANDIDATE
2018-06-18,MAYA,1172.24,1172.24,1172.24,1172.24,0.0,True,True,True,True,PLACEHOLDER_CANDIDATE
2018-06-19,MAYA,1172.24,1172.24,1172.24,1172.24,0.0,True,True,True,True,PLACEHOLDER_CANDIDATE
2018-08-17,MAYA,1172.24,1172.24,1172.24,1172.24,0.0,True,True,True,True,PLACEHOLDER_CANDIDATE
2018-08-22,MAYA,1183.73,1183.73,1183.73,1183.73,0.0,True,True,True,True,PLACEHOLDER_CANDIDATE
2018-09-11,MAYA,1666.42,1666.42,1666.42,1666.42,0.0,True,True,True,True,PLACEHOLDER_CANDIDATE
2018-11-20,MAYA,2107.83,2107.83,2107.83,2107.83,0.0,True,True,True,True,PLACEHOLDER_CANDIDATE
2018-12-24,MAYA,2210.07,2210.07,2210.07,2210.07,0.0,True,True,True,True,PLACEHOLDER_CANDIDATE
2018-12-25,MAYA,2210.07,2210.07,2210.07,2210.07,0.0,True,True,True,True,PLACEHOLDER_CANDIDATE
2018-12-31,MAYA,2210.07,2210.07,2210.07,2210.07,0.0,True,True,True,True,PLACEHOLDER_CANDIDATE
2019-01-01,MAYA,2210.07,2210.07,2210.07,2210.07,0.0,True,True,True,True,PLACEHOLDER_CANDIDATE
2019-02-05,MAYA,1981.99,1981.99,1981.99,1981.99,0.0,True,True,True,True,PLACEHOLDER_CANDIDATE
2019-03-07,MAYA,2225.8,2225.8,2225.8,2225.8,0.0,True,True,True,True,PLACEHOLDER_CANDIDATE
2019-04-03,MAYA,2225.8,2225.8,2225.8,2225.8,0.0,True,True,True,True,PLACEHOLDER_CANDIDATE
2019-04-17,MAYA,2548.27,2548.27,2548.27,2548.27,0.0,True,True,True,True,PLACEHOLDER_CANDIDATE
2019-04-19,MAYA,2548.27,2548.27,2548.27,2548.27,0.0,True,True,True,True,PLACEHOLDER_CANDIDATE
2019-05-01,MAYA,2280.86,2280.86,2280.86,2280.86,0.0,True,True,True,True,PLACEHOLDER_CANDIDATE
2019-05-30,MAYA,2202.21,2202.21,2202.21,2202.21,0.0,True,True,True,True,PLACEHOLDER_CANDIDATE
2019-06-03,MAYA,2202.21,2202.21,2202.21,2202.21,0.0,True,True,True,True,PLACEHOLDER_CANDIDATE
2019-06-04,MAYA,2202.21,2202.21,2202.21,2202.21,0.0,True,True,True,True,PLACEHOLDER_CANDIDATE
2019-06-05,MAYA,2202.21,2202.21,2202.21,2202.21,0.0,True,True,True,True,PLACEHOLDER_CANDIDATE
2019-06-06,MAYA,2202.21,2202.21,2202.21,2202.21,0.0,True,True,True,True,PLACEHOLDER_CANDIDATE
2019-06-07,MAYA,2202.21,2202.21,2202.21,2202.21,0.0,True,True,True,True,PLACEHOLDER_CANDIDATE
2026-05-14,MAYA,194.0,194.0,194.0,194.0,0.0,True,True,True,True,PLACEHOLDER_CANDIDATE
2026-05-15,MAYA,194.0,194.0,194.0,194.0,0.0,True,True,True,True,PLACEHOLDER_CANDIDATE
2026-05-27,MAYA,189.0,189.0,189.0,189.0,0.0,True,True,True,True,PLACEHOLDER_CANDIDATE
2026-05-28,MAYA,189.0,189.0,189.0,189.0,0.0,True,True,True,True,PLACEHOLDER_CANDIDATE
2026-05-14,MBAP,1645.0,1645.0,1645.0,1645.0,0.0,True,True,True,True,PLACEHOLDER_CANDIDATE
2026-05-15,MBAP,1645.0,1645.0,1645.0,1645.0,0.0,True,True,True,True,PLACEHOLDER_CANDIDATE
2026-05-27,MBAP,1540.0,1540.0,1540.0,1540.0,0.0,True,True,True,True,PLACEHOLDER_CANDIDATE
2026-05-28,MBAP,1540.0,1540.0,1540.0,1540.0,0.0,True,True,True,True,PLACEHOLDER_CANDIDATE
2026-05-14,MBMA,585.0,585.0,585.0,585.0,0.0,True,True,True,True,PLACEHOLDER_CANDIDATE
2026-05-15,MBMA,585.0,585.0,585.0,585.0,0.0,True,True,True,True,PLACEHOLDER_CANDIDATE
2026-05-27,MBMA,476.0,476.0,476.0,476.0,0.0,True,True,True,True,PLACEHOLDER_CANDIDATE
2026-05-28,MBMA,476.0,476.0,476.0,476.0,0.0,True,True,True,True,PLACEHOLDER_CANDIDATE
2026-05-14,MBSS,2290.0,2290.0,2290.0,2290.0,0.0,True,True,True,True,PLACEHOLDER_CANDIDATE
2026-05-15,MBSS,2290.0,2290.0,2290.0,2290.0,0.0,True,True,True,True,PLACEHOLDER_CANDIDATE
2026-05-27,MBSS,2450.0,2450.0,2450.0,2450.0,0.0,True,True,True,True,PLACEHOLDER_CANDIDATE
2026-05-28,MBSS,2450.0,2450.0,2450.0,2450.0,0.0,True,True,True,True,PLACEHOLDER_CANDIDATE
2026-05-14,MBTO,112.0,112.0,112.0,112.0,0.0,True,True,True,True,PLACEHOLDER_CANDIDATE
2026-05-15,MBTO,112.0,112.0,112.0,112.0,0.0,True,True,True,True,PLACEHOLDER_CANDIDATE
2026-05-27,MBTO,113.0,113.0,113.0,113.0,0.0,True,True,True,True,PLACEHOLDER_CANDIDATE
2026-05-28,MBTO,113.0,113.0,113.0,113.0,0.0,True,True,True,True,PLACEHOLDER_CANDIDATE
2026-05-14,MCAS,314.0,314.0,314.0,314.0,0.0,True,True,True,True,PLACEHOLDER_CANDIDATE
2026-05-15,MCAS,314.0,314.0,314.0,314.0,0.0,True,True,True,True,PLACEHOLDER_CANDIDATE
2026-05-27,MCAS,260.0,260.0,260.0,260.0,0.0,True,True,True,True,PLACEHOLDER_CANDIDATE
2026-05-28,MCAS,260.0,260.0,260.0,260.0,0.0,True,True,True,True,PLACEHOLDER_CANDIDATE
2026-05-14,MCOL,3811.975341796875,3811.975341796875,3811.975341796875,3811.975341796875,0.0,True,True,True,True,PLACEHOLDER_CANDIDATE
2026-05-15,MCOL,3811.975341796875,3811.975341796875,3811.975341796875,3811.975341796875,0.0,True,True,True,True,PLACEHOLDER_CANDIDATE
2026-05-27,MCOL,3640.0,3640.0,3640.0,3640.0,0.0,True,True,True,True,PLACEHOLDER_CANDIDATE
2026-05-28,MCOL,3640.0,3640.0,3640.0,3640.0,0.0,True,True,True,True,PLACEHOLDER_CANDIDATE
2026-05-14,MCOR,70.0,70.0,70.0,70.0,0.0,True,True,True,True,PLACEHOLDER_CANDIDATE
2026-05-15,MCOR,70.0,70.0,70.0,70.0,0.0,True,True,True,True,PLACEHOLDER_CANDIDATE
2026-05-27,MCOR,69.0,69.0,69.0,69.0,0.0,True,True,True,True,PLACEHOLDER_CANDIDATE
2026-05-28,MCOR,69.0,69.0,69.0,69.0,0.0,True,True,True,True,PLACEHOLDER_CANDIDATE
2026-08-25,MCOR,70.0,70.0,70.0,70.0,0.0,True,True,True,True,PLACEHOLDER_CANDIDATE
2026-05-14,MDIA,114.0,114.0,114.0,114.0,0.0,True,True,True,True,PLACEHOLDER_CANDIDATE
2026-05-15,MDIA,114.0,114.0,114.0,114.0,0.0,True,True,True,True,PLACEHOLDER_CANDIDATE
2026-05-27,MDIA,94.0,94.0,94.0,94.0,0.0,True,True,True,True,PLACEHOLDER_CANDIDATE
2026-05-28,MDIA,94.0,94.0,94.0,94.0,0.0,True,True,True,True,PLACEHOLDER_CANDIDATE
2026-08-17,MDIA,280.0,280.0,280.0,280.0,0.0,True,True,True,True,PLACEHOLDER_CANDIDATE
2026-05-14,MDIY,798.1055297851562,798.1055297851562,798.1055297851562,798.1055297851562,0.0,True,True,True,True,PLACEHOLDER_CANDIDATE
2026-05-15,MDIY,798.1055297851562,798.1055297851562,798.1055297851562,798.1055297851562,0.0,True,True,True,True,PLACEHOLDER_CANDIDATE
2026-05-27,MDIY,783.4164428710938,783.4164428710938,783.4164428710938,783.4164428710938,0.0,True,True,True,True,PLACEHOLDER_CANDIDATE
2026-05-28,MDIY,783.4164428710938,783.4164428710938,783.4164428710938,783.4164428710938,0.0,True,True,True,True,PLACEHOLDER_CANDIDATE
2026-05-14,MDKA,2716.7958984375,2716.7958984375,2716.7958984375,2716.7958984375,0.0,True,True,True,True,PLACEHOLDER_CANDIDATE
2026-05-15,MDKA,2716.7958984375,2716.7958984375,2716.7958984375,2716.7958984375,0.0,True,True,True,True,PLACEHOLDER_CANDIDATE
2026-05-27,MDKA,2706.84423828125,2706.84423828125,2706.84423828125,2706.84423828125,0.0,True,True,True,True,PLACEHOLDER_CANDIDATE
2026-05-28,MDKA,2706.84423828125,2706.84423828125,2706.84423828125,2706.84423828125,0.0,True,True,True,True,PLACEHOLDER_CANDIDATE
2026-05-14,MDKI,181.3426971435547,181.3426971435547,181.3426971435547,181.3426971435547,0.0,True,True,True,True,PLACEHOLDER_CANDIDATE
2026-05-15,MDKI,181.3426971435547,181.3426971435547,181.3426971435547,181.3426971435547,0.0,True,True,True,True,PLACEHOLDER_CANDIDATE
2026-05-27,MDKI,180.3932647705078,180.3932647705078,180.3932647705078,180.3932647705078,0.0,True,True,True,True,PLACEHOLDER_CANDIDATE
2026-05-28,MDKI,180.3932647705078,180.3932647705078,180.3932647705078,180.3932647705078,0.0,True,True,True,True,PLACEHOLDER_CANDIDATE
2026-05-14,MDLA,206.54368591308597,206.54368591308597,206.54368591308597,206.54368591308597,0.0,True,True,True,True,PLACEHOLDER_CANDIDATE
2026-05-15,MDLA,206.54368591308597,206.54368591308597,206.54368591308597,206.54368591308597,0.0,True,True,True,True,PLACEHOLDER_CANDIDATE
2026-05-27,MDLA,202.0,202.0,202.0,202.0,0.0,True,True,True,True,PLACEHOLDER_CANDIDATE
2026-05-28,MDLA,202.0,202.0,202.0,202.0,0.0,True,True,True,True,PLACEHOLDER_CANDIDATE
2026-05-14,MDLN,52.0,52.0,52.0,52.0,0.0,True,True,True,True,PLACEHOLDER_CANDIDATE
2026-05-15,MDLN,52.0,52.0,52.0,52.0,0.0,True,True,True,True,PLACEHOLDER_CANDIDATE
2026-05-27,MDLN,51.0,51.0,51.0,51.0,0.0,True,True,True,True,PLACEHOLDER_CANDIDATE
2026-05-28,MDLN,51.0,51.0,51.0,51.0,0.0,True,True,True,True,PLACEHOLDER_CANDIDATE
2026-08-25,MDLN,50.0,50.0,50.0,50.0,0.0,True,True,True,True,PLACEHOLDER_CANDIDATE
2026-05-14,MDRN,42.0,42.0,42.0,42.0,0.0,True,True,True,True,PLACEHOLDER_CANDIDATE
2026-05-15,MDRN,42.0,42.0,42.0,42.0,0.0,True,True,True,True,PLACEHOLDER_CANDIDATE
2026-05-27,MDRN,33.0,33.0,33.0,33.0,0.0,True,True,True,True,PLACEHOLDER_CANDIDATE
2026-05-28,MDRN,33.0,33.0,33.0,33.0,0.0,True,True,True,True,PLACEHOLDER_CANDIDATE
2026-08-17,MDRN,26.0,26.0,26.0,26.0,0.0,True,True,True,True,PLACEHOLDER_CANDIDATE
2026-08-25,MDRN,26.0,26.0,26.0,26.0,0.0,True,True,True,True,PLACEHOLDER_CANDIDATE
2014-04-09,MEDC,418.14,418.14,418.14,418.14,0.0,True,True,True,True,PLACEHOLDER_CANDIDATE
2014-07-09,MEDC,566.37,566.37,566.37,566.37,0.0,True,True,True,True,PLACEHOLDER_CANDIDATE
2015-12-09,MEDC,131.84,131.84,131.84,131.84,0.0,True,True,True,True,PLACEHOLDER_CANDIDATE
2017-01-02,MEDC,205.95,205.95,205.95,205.95,0.0,True,True,True,True,PLACEHOLDER_CANDIDATE
2017-02-15,MEDC,344.81,344.81,344.81,344.81,0.0,True,True,True,True,PLACEHOLDER_CANDIDATE
2017-04-19,MEDC,510.2,510.2,510.2,510.2,0.0,True,True,True,True,PLACEHOLDER_CANDIDATE
2017-06-01,MEDC,469.63,469.63,469.63,469.63,0.0,True,True,True,True,PLACEHOLDER_CANDIDATE
2017-06-23,MEDC,357.29,357.29,357.29,357.29,0.0,True,True,True,True,PLACEHOLDER_CANDIDATE
2017-06-26,MEDC,357.29,357.29,357.29,357.29,0.0,True,True,True,True,PLACEHOLDER_CANDIDATE
2017-06-27,MEDC,357.29,357.29,357.29,357.29,0.0,True,True,True,True,PLACEHOLDER_CANDIDATE
2017-06-28,MEDC,357.29,357.29,357.29,357.29,0.0,True,True,True,True,PLACEHOLDER_CANDIDATE
2017-06-29,MEDC,357.29,357.29,357.29,357.29,0.0,True,True,True,True,PLACEHOLDER_CANDIDATE
2017-06-30,MEDC,357.29,357.29,357.29,357.29,0.0,True,True,True,True,PLACEHOLDER_CANDIDATE
2017-08-17,MEDC,439.99,439.99,439.99,439.99,0.0,True,True,True,True,PLACEHOLDER_CANDIDATE
2017-09-01,MEDC,514.88,514.88,514.88,514.88,0.0,True,True,True,True,PLACEHOLDER_CANDIDATE
2017-09-21,MEDC,558.57,558.57,558.57,558.57,0.0,True,True,True,True,PLACEHOLDER_CANDIDATE
2017-12-25,MEDC,620.63,620.63,620.63,620.63,0.0,True,True,True,True,PLACEHOLDER_CANDIDATE
2017-12-26,MEDC,620.63,620.63,620.63,620.63,0.0,True,True,True,True,PLACEHOLDER_CANDIDATE
2018-01-01,MEDC,617.16,617.16,617.16,617.16,0.0,True,True,True,True,PLACEHOLDER_CANDIDATE
2018-02-16,MEDC,842.53,842.53,842.53,842.53,0.0,True,True,True,True,PLACEHOLDER_CANDIDATE
2018-03-30,MEDC,839.06,839.06,839.06,839.06,0.0,True,True,True,True,PLACEHOLDER_CANDIDATE
2018-05-01,MEDC,832.13,832.13,832.13,832.13,0.0,True,True,True,True,PLACEHOLDER_CANDIDATE
2018-05-10,MEDC,832.13,832.13,832.13,832.13,0.0,True,True,True,True,PLACEHOLDER_CANDIDATE
2018-05-29,MEDC,780.12,780.12,780.12,780.12,0.0,True,True,True,True,PLACEHOLDER_CANDIDATE
2018-06-01,MEDC,776.65,776.65,776.65,776.65,0.0,True,True,True,True,PLACEHOLDER_CANDIDATE
2018-06-11,MEDC,783.59,783.59,783.59,783.59,0.0,True,True,True,True,PLACEHOLDER_CANDIDATE
2018-06-12,MEDC,783.59,783.59,783.59,783.59,0.0,True,True,True,True,PLACEHOLDER_CANDIDATE
2018-06-13,MEDC,783.59,783.59,783.59,783.59,0.0,True,True,True,True,PLACEHOLDER_CANDIDATE
2018-06-14,MEDC,783.59,783.59,783.59,783.59,0.0,True,True,True,True,PLACEHOLDER_CANDIDATE
2018-06-15,MEDC,783.59,783.59,783.59,783.59,0.0,True,True,True,True,PLACEHOLDER_CANDIDATE
2018-06-18,MEDC,783.59,783.59,783.59,783.59,0.0,True,True,True,True,PLACEHOLDER_CANDIDATE
2018-06-19,MEDC,783.59,783.59,783.59,783.59,0.0,True,True,True,True,PLACEHOLDER_CANDIDATE
2018-08-17,MEDC,599.82,599.82,599.82,599.82,0.0,True,True,True,True,PLACEHOLDER_CANDIDATE
2018-08-22,MEDC,617.16,617.16,617.16,617.16,0.0,True,True,True,True,PLACEHOLDER_CANDIDATE
2018-09-11,MEDC,516.61,516.61,516.61,516.61,0.0,True,True,True,True,PLACEHOLDER_CANDIDATE
2018-11-20,MEDC,523.55,523.55,523.55,523.55,0.0,True,True,True,True,PLACEHOLDER_CANDIDATE
2018-12-24,MEDC,475.01,475.01,475.01,475.01,0.0,True,True,True,True,PLACEHOLDER_CANDIDATE
2018-12-25,MEDC,475.01,475.01,475.01,475.01,0.0,True,True,True,True,PLACEHOLDER_CANDIDATE
2018-12-31,MEDC,475.01,475.01,475.01,475.01,0.0,True,True,True,True,PLACEHOLDER_CANDIDATE
2019-01-01,MEDC,475.01,475.01,475.01,475.01,0.0,True,True,True,True,PLACEHOLDER_CANDIDATE
2019-02-05,MEDC,700.37,700.37,700.37,700.37,0.0,True,True,True,True,PLACEHOLDER_CANDIDATE
2019-03-07,MEDC,620.63,620.63,620.63,620.63,0.0,True,True,True,True,PLACEHOLDER_CANDIDATE
2019-04-03,MEDC,624.1,624.1,624.1,624.1,0.0,True,True,True,True,PLACEHOLDER_CANDIDATE
2019-04-17,MEDC,582.49,582.49,582.49,582.49,0.0,True,True,True,True,PLACEHOLDER_CANDIDATE
2019-04-19,MEDC,579.02,579.02,579.02,579.02,0.0,True,True,True,True,PLACEHOLDER_CANDIDATE
2019-05-01,MEDC,610.23,610.23,610.23,610.23,0.0,True,True,True,True,PLACEHOLDER_CANDIDATE
2019-05-30,MEDC,544.35,544.35,544.35,544.35,0.0,True,True,True,True,PLACEHOLDER_CANDIDATE
2019-06-03,MEDC,537.42,537.42,537.42,537.42,0.0,True,True,True,True,PLACEHOLDER_CANDIDATE
2019-06-04,MEDC,537.42,537.42,537.42,537.42,0.0,True,True,True,True,PLACEHOLDER_CANDIDATE
2019-06-05,MEDC,537.42,537.42,537.42,537.42,0.0,True,True,True,True,PLACEHOLDER_CANDIDATE
2019-06-06,MEDC,537.42,537.42,537.42,537.42,0.0,True,True,True,True,PLACEHOLDER_CANDIDATE
2019-06-07,MEDC,537.42,537.42,537.42,537.42,0.0,True,True,True,True,PLACEHOLDER_CANDIDATE
2026-05-14,MEDC,1528.66,1528.66,1528.66,1528.66,0.0,True,True,True,True,PLACEHOLDER_CANDIDATE
2026-05-15,MEDC,1528.66,1528.66,1528.66,1528.66,0.0,True,True,True,True,PLACEHOLDER_CANDIDATE
2026-05-27,MEDC,1221.96,1221.96,1221.96,1221.96,0.0,True,True,True,True,PLACEHOLDER_CANDIDATE
2026-05-28,MEDC,1221.96,1221.96,1221.96,1221.96,0.0,True,True,True,True,PLACEHOLDER_CANDIDATE
2026-08-25,MEDC,1400.0,1400.0,1400.0,1400.0,0.0,True,True,True,True,PLACEHOLDER_CANDIDATE
2026-05-14,MEDS,106.0,106.0,106.0,106.0,0.0,True,True,True,True,PLACEHOLDER_CANDIDATE
2026-05-15,MEDS,106.0,106.0,106.0,106.0,0.0,True,True,True,True,PLACEHOLDER_CANDIDATE
2026-05-27,MEDS,94.0,94.0,94.0,94.0,0.0,True,True,True,True,PLACEHOLDER_CANDIDATE
2026-05-28,MEDS,94.0,94.0,94.0,94.0,0.0,True,True,True,True,PLACEHOLDER_CANDIDATE
2014-04-09,MEGA,395.52,395.52,395.52,395.52,0.0,True,True,True,True,PLACEHOLDER_CANDIDATE
2014-07-09,MEGA,395.52,395.52,395.52,395.52,0.0,True,True,True,True,PLACEHOLDER_CANDIDATE
2015-12-09,MEGA,557.17,557.17,557.17,557.17,0.0,True,True,True,True,PLACEHOLDER_CANDIDATE
2017-01-02,MEGA,522.92,522.92,522.92,522.92,0.0,True,True,True,True,PLACEHOLDER_CANDIDATE
2017-02-15,MEGA,430.64,430.64,430.64,430.64,0.0,True,True,True,True,PLACEHOLDER_CANDIDATE
2017-04-19,MEGA,632.39,632.39,632.39,632.39,0.0,True,True,True,True,PLACEHOLDER_CANDIDATE
2017-06-01,MEGA,632.39,632.39,632.39,632.39,0.0,True,True,True,True,PLACEHOLDER_CANDIDATE
2017-06-23,MEGA,632.39,632.39,632.39,632.39,0.0,True,True,True,True,PLACEHOLDER_CANDIDATE
2017-06-26,MEGA,632.39,632.39,632.39,632.39,0.0,True,True,True,True,PLACEHOLDER_CANDIDATE
2017-06-27,MEGA,632.39,632.39,632.39,632.39,0.0,True,True,True,True,PLACEHOLDER_CANDIDATE
2017-06-28,MEGA,632.39,632.39,632.39,632.39,0.0,True,True,True,True,PLACEHOLDER_CANDIDATE
2017-06-29,MEGA,632.39,632.39,632.39,632.39,0.0,True,True,True,True,PLACEHOLDER_CANDIDATE
2017-06-30,MEGA,632.39,632.39,632.39,632.39,0.0,True,True,True,True,PLACEHOLDER_CANDIDATE
2017-08-17,MEGA,632.39,632.39,632.39,632.39,0.0,True,True,True,True,PLACEHOLDER_CANDIDATE
2017-09-01,MEGA,621.85,621.85,621.85,621.85,0.0,True,True,True,True,PLACEHOLDER_CANDIDATE
2017-09-21,MEGA,632.39,632.39,632.39,632.39,0.0,True,True,True,True,PLACEHOLDER_CANDIDATE
2017-12-25,MEGA,626.06,626.06,626.06,626.06,0.0,True,True,True,True,PLACEHOLDER_CANDIDATE
2017-12-26,MEGA,626.06,626.06,626.06,626.06,0.0,True,True,True,True,PLACEHOLDER_CANDIDATE
2018-01-01,MEGA,704.06,704.06,704.06,704.06,0.0,True,True,True,True,PLACEHOLDER_CANDIDATE
2018-02-16,MEGA,581.8,581.8,581.8,581.8,0.0,True,True,True,True,PLACEHOLDER_CANDIDATE
2018-03-30,MEGA,779.06,779.06,779.06,779.06,0.0,True,True,True,True,PLACEHOLDER_CANDIDATE
2018-05-01,MEGA,779.06,779.06,779.06,779.06,0.0,True,True,True,True,PLACEHOLDER_CANDIDATE
2018-05-10,MEGA,800.7,800.7,800.7,800.7,0.0,True,True,True,True,PLACEHOLDER_CANDIDATE
2018-05-29,MEGA,779.06,779.06,779.06,779.06,0.0,True,True,True,True,PLACEHOLDER_CANDIDATE
2018-06-01,MEGA,919.73,919.73,919.73,919.73,0.0,True,True,True,True,PLACEHOLDER_CANDIDATE
2018-06-11,MEGA,863.46,863.46,863.46,863.46,0.0,True,True,True,True,PLACEHOLDER_CANDIDATE
2018-06-12,MEGA,863.46,863.46,863.46,863.46,0.0,True,True,True,True,PLACEHOLDER_CANDIDATE
2018-06-13,MEGA,863.46,863.46,863.46,863.46,0.0,True,True,True,True,PLACEHOLDER_CANDIDATE
2018-06-14,MEGA,863.46,863.46,863.46,863.46,0.0,True,True,True,True,PLACEHOLDER_CANDIDATE
2018-06-15,MEGA,863.46,863.46,863.46,863.46,0.0,True,True,True,True,PLACEHOLDER_CANDIDATE
2018-06-18,MEGA,863.46,863.46,863.46,863.46,0.0,True,True,True,True,PLACEHOLDER_CANDIDATE
2018-06-19,MEGA,863.46,863.46,863.46,863.46,0.0,True,True,True,True,PLACEHOLDER_CANDIDATE
2018-08-17,MEGA,937.04,937.04,937.04,937.04,0.0,True,True,True,True,PLACEHOLDER_CANDIDATE
2018-08-22,MEGA,937.04,937.04,937.04,937.04,0.0,True,True,True,True,PLACEHOLDER_CANDIDATE
2018-09-11,MEGA,952.19,952.19,952.19,952.19,0.0,True,True,True,True,PLACEHOLDER_CANDIDATE
2018-11-20,MEGA,1038.75,1038.75,1038.75,1038.75,0.0,True,True,True,True,PLACEHOLDER_CANDIDATE
2018-12-24,MEGA,952.19,952.19,952.19,952.19,0.0,True,True,True,True,PLACEHOLDER_CANDIDATE
2018-12-25,MEGA,952.19,952.19,952.19,952.19,0.0,True,True,True,True,PLACEHOLDER_CANDIDATE
2018-12-31,MEGA,1060.39,1060.39,1060.39,1060.39,0.0,True,True,True,True,PLACEHOLDER_CANDIDATE
2019-01-01,MEGA,1060.39,1060.39,1060.39,1060.39,0.0,True,True,True,True,PLACEHOLDER_CANDIDATE
2019-02-05,MEGA,1045.24,1045.24,1045.24,1045.24,0.0,True,True,True,True,PLACEHOLDER_CANDIDATE
2019-03-07,MEGA,1298.44,1298.44,1298.44,1298.44,0.0,True,True,True,True,PLACEHOLDER_CANDIDATE
2019-04-03,MEGA,1268.62,1268.62,1268.62,1268.62,0.0,True,True,True,True,PLACEHOLDER_CANDIDATE
2019-04-17,MEGA,1301.71,1301.71,1301.71,1301.71,0.0,True,True,True,True,PLACEHOLDER_CANDIDATE
2019-04-19,MEGA,1301.71,1301.71,1301.71,1301.71,0.0,True,True,True,True,PLACEHOLDER_CANDIDATE
2019-05-01,MEGA,1218.98,1218.98,1218.98,1218.98,0.0,True,True,True,True,PLACEHOLDER_CANDIDATE
2019-05-30,MEGA,1312.74,1312.74,1312.74,1312.74,0.0,True,True,True,True,PLACEHOLDER_CANDIDATE
2019-06-03,MEGA,1312.74,1312.74,1312.74,1312.74,0.0,True,True,True,True,PLACEHOLDER_CANDIDATE
2019-06-04,MEGA,1312.74,1312.74,1312.74,1312.74,0.0,True,True,True,True,PLACEHOLDER_CANDIDATE
2019-06-05,MEGA,1312.74,1312.74,1312.74,1312.74,0.0,True,True,True,True,PLACEHOLDER_CANDIDATE
2019-06-06,MEGA,1312.74,1312.74,1312.74,1312.74,0.0,True,True,True,True,PLACEHOLDER_CANDIDATE
2019-06-07,MEGA,1312.74,1312.74,1312.74,1312.74,0.0,True,True,True,True,PLACEHOLDER_CANDIDATE
2026-05-14,MEGA,1975.0,1975.0,1975.0,1975.0,0.0,True,True,True,True,PLACEHOLDER_CANDIDATE
2026-05-15,MEGA,1975.0,1975.0,1975.0,1975.0,0.0,True,True,True,True,PLACEHOLDER_CANDIDATE
2026-05-27,MEGA,1815.0,1815.0,1815.0,1815.0,0.0,True,True,True,True,PLACEHOLDER_CANDIDATE
2026-05-28,MEGA,1815.0,1815.0,1815.0,1815.0,0.0,True,True,True,True,PLACEHOLDER_CANDIDATE
2026-05-14,MEJA,106.0,106.0,106.0,106.0,0.0,True,True,True,True,PLACEHOLDER_CANDIDATE
2026-05-15,MEJA,106.0,106.0,106.0,106.0,0.0,True,True,True,True,PLACEHOLDER_CANDIDATE
2026-05-27,MEJA,97.0,97.0,97.0,97.0,0.0,True,True,True,True,PLACEHOLDER_CANDIDATE
2026-05-28,MEJA,97.0,97.0,97.0,97.0,0.0,True,True,True,True,PLACEHOLDER_CANDIDATE
2026-05-01,MENN,53.0,53.0,53.0,53.0,0.0,True,True,True,True,PLACEHOLDER_CANDIDATE
2026-05-14,MENN,53.0,53.0,53.0,53.0,0.0,True,True,True,True,PLACEHOLDER_CANDIDATE
2026-05-15,MENN,53.0,53.0,53.0,53.0,0.0,True,True,True,True,PLACEHOLDER_CANDIDATE
2026-05-27,MENN,53.0,53.0,53.0,53.0,0.0,True,True,True,True,PLACEHOLDER_CANDIDATE
2026-05-28,MENN,53.0,53.0,53.0,53.0,0.0,True,True,True,True,PLACEHOLDER_CANDIDATE
2026-06-01,MENN,53.0,53.0,53.0,53.0,0.0,True,True,True,True,PLACEHOLDER_CANDIDATE
2026-06-16,MENN,53.0,53.0,53.0,53.0,0.0,True,True,True,True,PLACEHOLDER_CANDIDATE
2026-08-17,MENN,53.0,53.0,53.0,53.0,0.0,True,True,True,True,PLACEHOLDER_CANDIDATE
2026-08-25,MENN,53.0,53.0,53.0,53.0,0.0,True,True,True,True,PLACEHOLDER_CANDIDATE
2026-05-14,MERI,135.0,135.0,135.0,135.0,0.0,True,True,True,True,PLACEHOLDER_CANDIDATE
2026-05-15,MERI,135.0,135.0,135.0,135.0,0.0,True,True,True,True,PLACEHOLDER_CANDIDATE
2026-05-27,MERI,120.0,120.0,120.0,120.0,0.0,True,True,True,True,PLACEHOLDER_CANDIDATE
2026-05-28,MERI,120.0,120.0,120.0,120.0,0.0,True,True,True,True,PLACEHOLDER_CANDIDATE
2014-04-09,MERK,3589.07,3589.07,3589.07,3589.07,0.0,True,True,True,True,PLACEHOLDER_CANDIDATE
2014-07-09,MERK,3703.92,3703.92,3703.92,3703.92,0.0,True,True,True,True,PLACEHOLDER_CANDIDATE
2015-12-09,MERK,2547.07,2547.07,2547.07,2547.07,0.0,True,True,True,True,PLACEHOLDER_CANDIDATE
2017-01-02,MERK,3713.91,3713.91,3713.91,3713.91,0.0,True,True,True,True,PLACEHOLDER_CANDIDATE
2017-02-15,MERK,3693.72,3693.72,3693.72,3693.72,0.0,True,True,True,True,PLACEHOLDER_CANDIDATE
2017-04-19,MERK,3713.91,3713.91,3713.91,3713.91,0.0,True,True,True,True,PLACEHOLDER_CANDIDATE
2017-06-01,MERK,3889.47,3889.47,3889.47,3889.47,0.0,True,True,True,True,PLACEHOLDER_CANDIDATE
2017-06-23,MERK,3795.88,3795.88,3795.88,3795.88,0.0,True,True,True,True,PLACEHOLDER_CANDIDATE
2017-06-26,MERK,3795.88,3795.88,3795.88,3795.88,0.0,True,True,True,True,PLACEHOLDER_CANDIDATE
2017-06-27,MERK,3795.88,3795.88,3795.88,3795.88,0.0,True,True,True,True,PLACEHOLDER_CANDIDATE
2017-06-28,MERK,3795.88,3795.88,3795.88,3795.88,0.0,True,True,True,True,PLACEHOLDER_CANDIDATE
2017-06-29,MERK,3795.88,3795.88,3795.88,3795.88,0.0,True,True,True,True,PLACEHOLDER_CANDIDATE
2017-06-30,MERK,3795.88,3795.88,3795.88,3795.88,0.0,True,True,True,True,PLACEHOLDER_CANDIDATE
2017-08-17,MERK,3785.48,3785.48,3785.48,3785.48,0.0,True,True,True,True,PLACEHOLDER_CANDIDATE
2017-09-01,MERK,3785.48,3785.48,3785.48,3785.48,0.0,True,True,True,True,PLACEHOLDER_CANDIDATE
2017-09-21,MERK,3681.48,3681.48,3681.48,3681.48,0.0,True,True,True,True,PLACEHOLDER_CANDIDATE
2017-12-25,MERK,3494.29,3494.29,3494.29,3494.29,0.0,True,True,True,True,PLACEHOLDER_CANDIDATE
2017-12-26,MERK,3494.29,3494.29,3494.29,3494.29,0.0,True,True,True,True,PLACEHOLDER_CANDIDATE
2018-01-01,MERK,3535.88,3535.88,3535.88,3535.88,0.0,True,True,True,True,PLACEHOLDER_CANDIDATE
2018-02-16,MERK,3411.09,3411.09,3411.09,3411.09,0.0,True,True,True,True,PLACEHOLDER_CANDIDATE
2018-03-30,MERK,2620.71,2620.71,2620.71,2620.71,0.0,True,True,True,True,PLACEHOLDER_CANDIDATE
2018-05-01,MERK,2558.32,2558.32,2558.32,2558.32,0.0,True,True,True,True,PLACEHOLDER_CANDIDATE
2018-05-10,MERK,2558.32,2558.32,2558.32,2558.32,0.0,True,True,True,True,PLACEHOLDER_CANDIDATE
2018-05-29,MERK,2620.71,2620.71,2620.71,2620.71,0.0,True,True,True,True,PLACEHOLDER_CANDIDATE
2018-06-01,MERK,2589.52,2589.52,2589.52,2589.52,0.0,True,True,True,True,PLACEHOLDER_CANDIDATE
2018-06-11,MERK,2558.32,2558.32,2558.32,2558.32,0.0,True,True,True,True,PLACEHOLDER_CANDIDATE
2018-06-12,MERK,2558.32,2558.32,2558.32,2558.32,0.0,True,True,True,True,PLACEHOLDER_CANDIDATE
2018-06-13,MERK,2558.32,2558.32,2558.32,2558.32,0.0,True,True,True,True,PLACEHOLDER_CANDIDATE
2018-06-14,MERK,2558.32,2558.32,2558.32,2558.32,0.0,True,True,True,True,PLACEHOLDER_CANDIDATE
2018-06-15,MERK,2558.32,2558.32,2558.32,2558.32,0.0,True,True,True,True,PLACEHOLDER_CANDIDATE
2018-06-18,MERK,2558.32,2558.32,2558.32,2558.32,0.0,True,True,True,True,PLACEHOLDER_CANDIDATE
2018-06-19,MERK,2558.32,2558.32,2558.32,2558.32,0.0,True,True,True,True,PLACEHOLDER_CANDIDATE
2018-08-17,MERK,2512.06,2512.06,2512.06,2512.06,0.0,True,True,True,True,PLACEHOLDER_CANDIDATE
2018-08-22,MERK,2544.54,2544.54,2544.54,2544.54,0.0,True,True,True,True,PLACEHOLDER_CANDIDATE
2018-09-11,MERK,2457.92,2457.92,2457.92,2457.92,0.0,True,True,True,True,PLACEHOLDER_CANDIDATE
2018-11-20,MERK,2317.16,2317.16,2317.16,2317.16,0.0,True,True,True,True,PLACEHOLDER_CANDIDATE
2018-12-24,MERK,3906.25,3906.25,3906.25,3906.25,0.0,True,True,True,True,PLACEHOLDER_CANDIDATE
2018-12-25,MERK,3906.25,3906.25,3906.25,3906.25,0.0,True,True,True,True,PLACEHOLDER_CANDIDATE
2018-12-31,MERK,2871.26,2871.26,2871.26,2871.26,0.0,True,True,True,True,PLACEHOLDER_CANDIDATE
2019-01-01,MERK,2871.26,2871.26,2871.26,2871.26,0.0,True,True,True,True,PLACEHOLDER_CANDIDATE
2019-02-05,MERK,2817.84,2817.84,2817.84,2817.84,0.0,True,True,True,True,PLACEHOLDER_CANDIDATE
2019-03-07,MERK,2670.94,2670.94,2670.94,2670.94,0.0,True,True,True,True,PLACEHOLDER_CANDIDATE
2019-04-03,MERK,2697.65,2697.65,2697.65,2697.65,0.0,True,True,True,True,PLACEHOLDER_CANDIDATE
2019-04-17,MERK,2670.94,2670.94,2670.94,2670.94,0.0,True,True,True,True,PLACEHOLDER_CANDIDATE
2019-04-19,MERK,2670.94,2670.94,2670.94,2670.94,0.0,True,True,True,True,PLACEHOLDER_CANDIDATE
2019-05-01,MERK,2777.78,2777.78,2777.78,2777.78,0.0,True,True,True,True,PLACEHOLDER_CANDIDATE
2019-05-30,MERK,2657.59,2657.59,2657.59,2657.59,0.0,True,True,True,True,PLACEHOLDER_CANDIDATE
2019-06-03,MERK,2644.23,2644.23,2644.23,2644.23,0.0,True,True,True,True,PLACEHOLDER_CANDIDATE
2019-06-04,MERK,2644.23,2644.23,2644.23,2644.23,0.0,True,True,True,True,PLACEHOLDER_CANDIDATE
2019-06-05,MERK,2644.23,2644.23,2644.23,2644.23,0.0,True,True,True,True,PLACEHOLDER_CANDIDATE
2019-06-06,MERK,2644.23,2644.23,2644.23,2644.23,0.0,True,True,True,True,PLACEHOLDER_CANDIDATE
2019-06-07,MERK,2644.23,2644.23,2644.23,2644.23,0.0,True,True,True,True,PLACEHOLDER_CANDIDATE
2026-05-14,MERK,3872.91,3872.91,3872.91,3872.91,0.0,True,True,True,True,PLACEHOLDER_CANDIDATE
2026-05-15,MERK,3872.91,3872.91,3872.91,3872.91,0.0,True,True,True,True,PLACEHOLDER_CANDIDATE
2026-05-27,MERK,3724.31,3724.31,3724.31,3724.31,0.0,True,True,True,True,PLACEHOLDER_CANDIDATE
2026-05-28,MERK,3724.31,3724.31,3724.31,3724.31,0.0,True,True,True,True,PLACEHOLDER_CANDIDATE
2026-08-25,MERK,3940.0,3940.0,3940.0,3940.0,0.0,True,True,True,True,PLACEHOLDER_CANDIDATE
2026-05-01,MFMI,1271.0,1271.0,1271.0,1271.0,0.0,True,True,True,True,PLACEHOLDER_CANDIDATE
2026-05-14,MFMI,1271.0,1271.0,1271.0,1271.0,0.0,True,True,True,True,PLACEHOLDER_CANDIDATE
2026-05-15,MFMI,1271.0,1271.0,1271.0,1271.0,0.0,True,True,True,True,PLACEHOLDER_CANDIDATE
2026-05-27,MFMI,1271.0,1271.0,1271.0,1271.0,0.0,True,True,True,True,PLACEHOLDER_CANDIDATE
2026-05-28,MFMI,1271.0,1271.0,1271.0,1271.0,0.0,True,True,True,True,PLACEHOLDER_CANDIDATE
2026-06-01,MFMI,1271.0,1271.0,1271.0,1271.0,0.0,True,True,True,True,PLACEHOLDER_CANDIDATE
2026-06-16,MFMI,1271.0,1271.0,1271.0,1271.0,0.0,True,True,True,True,PLACEHOLDER_CANDIDATE
2026-08-17,MFMI,1300.0,1300.0,1300.0,1300.0,0.0,True,True,True,True,PLACEHOLDER_CANDIDATE
2026-08-25,MFMI,1300.0,1300.0,1300.0,1300.0,0.0,True,True,True,True,PLACEHOLDER_CANDIDATE
2026-05-14,MGLV,7925.0,7925.0,7925.0,7925.0,0.0,True,True,True,True,PLACEHOLDER_CANDIDATE
2026-05-15,MGLV,7925.0,7925.0,7925.0,7925.0,0.0,True,True,True,True,PLACEHOLDER_CANDIDATE
2026-05-27,MGLV,7000.0,7000.0,7000.0,7000.0,0.0,True,True,True,True,PLACEHOLDER_CANDIDATE
2026-05-28,MGLV,7000.0,7000.0,7000.0,7000.0,0.0,True,True,True,True,PLACEHOLDER_CANDIDATE
2026-05-14,MGNA,140.0,140.0,140.0,140.0,0.0,True,True,True,True,PLACEHOLDER_CANDIDATE
2026-05-15,MGNA,140.0,140.0,140.0,140.0,0.0,True,True,True,True,PLACEHOLDER_CANDIDATE
2026-05-27,MGNA,118.0,118.0,118.0,118.0,0.0,True,True,True,True,PLACEHOLDER_CANDIDATE
2026-05-28,MGNA,118.0,118.0,118.0,118.0,0.0,True,True,True,True,PLACEHOLDER_CANDIDATE
2026-05-14,MGRO,665.0,665.0,665.0,665.0,0.0,True,True,True,True,PLACEHOLDER_CANDIDATE
2026-05-15,MGRO,665.0,665.0,665.0,665.0,0.0,True,True,True,True,PLACEHOLDER_CANDIDATE
2026-05-27,MGRO,655.0,655.0,655.0,655.0,0.0,True,True,True,True,PLACEHOLDER_CANDIDATE
2026-05-28,MGRO,655.0,655.0,655.0,655.0,0.0,True,True,True,True,PLACEHOLDER_CANDIDATE
2026-05-14,MHKI,170.07763671875,170.07763671875,170.07763671875,170.07763671875,0.0,True,True,True,True,PLACEHOLDER_CANDIDATE
2026-05-15,MHKI,170.07763671875,170.07763671875,170.07763671875,170.07763671875,0.0,True,True,True,True,PLACEHOLDER_CANDIDATE
2026-05-27,MHKI,131.956787109375,131.956787109375,131.956787109375,131.956787109375,0.0,True,True,True,True,PLACEHOLDER_CANDIDATE
2026-05-28,MHKI,131.956787109375,131.956787109375,131.956787109375,131.956787109375,0.0,True,True,True,True,PLACEHOLDER_CANDIDATE
2026-05-14,MICE,499.9010009765625,499.9010009765625,499.9010009765625,499.9010009765625,0.0,True,True,True,True,PLACEHOLDER_CANDIDATE
2026-05-15,MICE,499.9010009765625,499.9010009765625,499.9010009765625,499.9010009765625,0.0,True,True,True,True,PLACEHOLDER_CANDIDATE
2026-05-27,MICE,495.0,495.0,495.0,495.0,0.0,True,True,True,True,PLACEHOLDER_CANDIDATE
2026-05-28,MICE,495.0,495.0,495.0,495.0,0.0,True,True,True,True,PLACEHOLDER_CANDIDATE
2026-06-01,MICE,495.0,495.0,495.0,495.0,0.0,True,True,True,True,PLACEHOLDER_CANDIDATE
2026-08-25,MICE,525.0,525.0,525.0,525.0,0.0,True,True,True,True,PLACEHOLDER_CANDIDATE
2026-05-14,MIDI,307.3599853515625,307.3599853515625,307.3599853515625,307.3599853515625,0.0,True,True,True,True,PLACEHOLDER_CANDIDATE
2026-05-15,MIDI,307.3599853515625,307.3599853515625,307.3599853515625,307.3599853515625,0.0,True,True,True,True,PLACEHOLDER_CANDIDATE
2026-05-27,MIDI,274.7030029296875,274.7030029296875,274.7030029296875,274.7030029296875,0.0,True,True,True,True,PLACEHOLDER_CANDIDATE
2026-05-28,MIDI,274.7030029296875,274.7030029296875,274.7030029296875,274.7030029296875,0.0,True,True,True,True,PLACEHOLDER_CANDIDATE
2026-05-14,MIKA,1799.4920654296875,1799.4920654296875,1799.4920654296875,1799.4920654296875,0.0,True,True,True,True,PLACEHOLDER_CANDIDATE
2026-05-15,MIKA,1799.4920654296875,1799.4920654296875,1799.4920654296875,1799.4920654296875,0.0,True,True,True,True,PLACEHOLDER_CANDIDATE
2026-05-27,MIKA,1604.952392578125,1604.952392578125,1604.952392578125,1604.952392578125,0.0,True,True,True,True,PLACEHOLDER_CANDIDATE
2026-05-28,MIKA,1604.952392578125,1604.952392578125,1604.952392578125,1604.952392578125,0.0,True,True,True,True,PLACEHOLDER_CANDIDATE
2026-05-14,MINA,356.0,356.0,356.0,356.0,0.0,True,True,True,True,PLACEHOLDER_CANDIDATE
2026-05-15,MINA,356.0,356.0,356.0,356.0,0.0,True,True,True,True,PLACEHOLDER_CANDIDATE
2026-05-27,MINA,290.0,290.0,290.0,290.0,0.0,True,True,True,True,PLACEHOLDER_CANDIDATE
2026-05-28,MINA,290.0,290.0,290.0,290.0,0.0,True,True,True,True,PLACEHOLDER_CANDIDATE
2026-05-14,MINE,294.0,294.0,294.0,294.0,0.0,True,True,True,True,PLACEHOLDER_CANDIDATE
2026-05-15,MINE,294.0,294.0,294.0,294.0,0.0,True,True,True,True,PLACEHOLDER_CANDIDATE
2026-05-27,MINE,260.0,260.0,260.0,260.0,0.0,True,True,True,True,PLACEHOLDER_CANDIDATE
2026-05-28,MINE,260.0,260.0,260.0,260.0,0.0,True,True,True,True,PLACEHOLDER_CANDIDATE
2026-05-14,MIRA,22.0,22.0,22.0,22.0,0.0,True,True,True,True,PLACEHOLDER_CANDIDATE
2026-05-15,MIRA,22.0,22.0,22.0,22.0,0.0,True,True,True,True,PLACEHOLDER_CANDIDATE
2026-05-27,MIRA,21.0,21.0,21.0,21.0,0.0,True,True,True,True,PLACEHOLDER_CANDIDATE
2026-05-28,MIRA,21.0,21.0,21.0,21.0,0.0,True,True,True,True,PLACEHOLDER_CANDIDATE
2026-05-14,MITI,232.0,232.0,232.0,232.0,0.0,True,True,True,True,PLACEHOLDER_CANDIDATE
2026-05-15,MITI,232.0,232.0,232.0,232.0,0.0,True,True,True,True,PLACEHOLDER_CANDIDATE
2026-05-27,MITI,195.0,195.0,195.0,195.0,0.0,True,True,True,True,PLACEHOLDER_CANDIDATE
2026-05-28,MITI,195.0,195.0,195.0,195.0,0.0,True,True,True,True,PLACEHOLDER_CANDIDATE
2026-05-14,MKAP,1080.3631591796875,1080.3631591796875,1080.3631591796875,1080.3631591796875,0.0,True,True,True,True,PLACEHOLDER_CANDIDATE
2026-05-15,MKAP,1080.3631591796875,1080.3631591796875,1080.3631591796875,1080.3631591796875,0.0,True,True,True,True,PLACEHOLDER_CANDIDATE
2026-05-27,MKAP,1080.3631591796875,1080.3631591796875,1080.3631591796875,1080.3631591796875,0.0,True,True,True,True,PLACEHOLDER_CANDIDATE
2026-05-28,MKAP,1080.3631591796875,1080.3631591796875,1080.3631591796875,1080.3631591796875,0.0,True,True,True,True,PLACEHOLDER_CANDIDATE
2026-05-01,MKNT,1.0,1.0,1.0,1.0,0.0,True,True,True,True,PLACEHOLDER_CANDIDATE
2026-05-14,MKNT,1.0,1.0,1.0,1.0,0.0,True,True,True,True,PLACEHOLDER_CANDIDATE
2026-05-15,MKNT,1.0,1.0,1.0,1.0,0.0,True,True,True,True,PLACEHOLDER_CANDIDATE
2026-05-27,MKNT,1.0,1.0,1.0,1.0,0.0,True,True,True,True,PLACEHOLDER_CANDIDATE
2026-05-28,MKNT,1.0,1.0,1.0,1.0,0.0,True,True,True,True,PLACEHOLDER_CANDIDATE
2026-06-01,MKNT,1.0,1.0,1.0,1.0,0.0,True,True,True,True,PLACEHOLDER_CANDIDATE
2026-06-16,MKNT,1.0,1.0,1.0,1.0,0.0,True,True,True,True,PLACEHOLDER_CANDIDATE
2026-08-17,MKNT,1.0,1.0,1.0,1.0,0.0,True,True,True,True,PLACEHOLDER_CANDIDATE
2026-08-25,MKNT,1.0,1.0,1.0,1.0,0.0,True,True,True,True,PLACEHOLDER_CANDIDATE
2026-05-14,MKPI,20883.626953125,20883.626953125,20883.626953125,20883.626953125,0.0,True,True,True,True,PLACEHOLDER_CANDIDATE
2026-05-15,MKPI,20883.626953125,20883.626953125,20883.626953125,20883.626953125,0.0,True,True,True,True,PLACEHOLDER_CANDIDATE
2026-05-27,MKPI,20955.392578125,20955.392578125,20955.392578125,20955.392578125,0.0,True,True,True,True,PLACEHOLDER_CANDIDATE
2026-05-28,MKPI,20955.392578125,20955.392578125,20955.392578125,20955.392578125,0.0,True,True,True,True,PLACEHOLDER_CANDIDATE
2026-05-14,MKTR,130.98878479003906,130.98878479003906,130.98878479003906,130.98878479003906,0.0,True,True,True,True,PLACEHOLDER_CANDIDATE
2026-05-15,MKTR,130.98878479003906,130.98878479003906,130.98878479003906,130.98878479003906,0.0,True,True,True,True,PLACEHOLDER_CANDIDATE
2026-05-27,MKTR,123.10975646972656,123.10975646972656,123.10975646972656,123.10975646972656,0.0,True,True,True,True,PLACEHOLDER_CANDIDATE
2026-05-28,MKTR,123.10975646972656,123.10975646972656,123.10975646972656,123.10975646972656,0.0,True,True,True,True,PLACEHOLDER_CANDIDATE
2014-04-09,MLBI,6130.23,6130.23,6130.23,6130.23,0.0,True,True,True,True,PLACEHOLDER_CANDIDATE
2014-07-09,MLBI,6032.62,6032.62,6032.62,6032.62,0.0,True,True,True,True,PLACEHOLDER_CANDIDATE
2015-12-09,MLBI,4984.86,4984.86,4984.86,4984.86,0.0,True,True,True,True,PLACEHOLDER_CANDIDATE
2017-01-02,MLBI,7182.59,7182.59,7182.59,7182.59,0.0,True,True,True,True,PLACEHOLDER_CANDIDATE
2017-02-15,MLBI,7029.77,7029.77,7029.77,7029.77,0.0,True,True,True,True,PLACEHOLDER_CANDIDATE
2017-04-19,MLBI,7335.41,7335.41,7335.41,7335.41,0.0,True,True,True,True,PLACEHOLDER_CANDIDATE
2017-06-01,MLBI,7502.43,7502.43,7502.43,7502.43,0.0,True,True,True,True,PLACEHOLDER_CANDIDATE
2017-06-23,MLBI,7565.48,7565.48,7565.48,7565.48,0.0,True,True,True,True,PLACEHOLDER_CANDIDATE
2017-06-26,MLBI,7565.48,7565.48,7565.48,7565.48,0.0,True,True,True,True,PLACEHOLDER_CANDIDATE
2017-06-27,MLBI,7565.48,7565.48,7565.48,7565.48,0.0,True,True,True,True,PLACEHOLDER_CANDIDATE
2017-06-28,MLBI,7565.48,7565.48,7565.48,7565.48,0.0,True,True,True,True,PLACEHOLDER_CANDIDATE
2017-06-29,MLBI,7565.48,7565.48,7565.48,7565.48,0.0,True,True,True,True,PLACEHOLDER_CANDIDATE
2017-06-30,MLBI,7565.48,7565.48,7565.48,7565.48,0.0,True,True,True,True,PLACEHOLDER_CANDIDATE
2017-08-17,MLBI,7943.75,7943.75,7943.75,7943.75,0.0,True,True,True,True,PLACEHOLDER_CANDIDATE
2017-09-01,MLBI,8132.89,8132.89,8132.89,8132.89,0.0,True,True,True,True,PLACEHOLDER_CANDIDATE
2017-09-21,MLBI,8889.44,8889.44,8889.44,8889.44,0.0,True,True,True,True,PLACEHOLDER_CANDIDATE
2017-12-25,MLBI,8689.92,8689.92,8689.92,8689.92,0.0,True,True,True,True,PLACEHOLDER_CANDIDATE
2017-12-26,MLBI,8689.92,8689.92,8689.92,8689.92,0.0,True,True,True,True,PLACEHOLDER_CANDIDATE
2018-01-01,MLBI,8705.84,8705.84,8705.84,8705.84,0.0,True,True,True,True,PLACEHOLDER_CANDIDATE
2018-02-16,MLBI,9358.38,9358.38,9358.38,9358.38,0.0,True,True,True,True,PLACEHOLDER_CANDIDATE
2018-03-30,MLBI,10440.64,10440.64,10440.64,10440.64,0.0,True,True,True,True,PLACEHOLDER_CANDIDATE
2018-05-01,MLBI,10801.93,10801.93,10801.93,10801.93,0.0,True,True,True,True,PLACEHOLDER_CANDIDATE
2018-05-10,MLBI,11031.06,11031.06,11031.06,11031.06,0.0,True,True,True,True,PLACEHOLDER_CANDIDATE
2018-05-29,MLBI,11031.06,11031.06,11031.06,11031.06,0.0,True,True,True,True,PLACEHOLDER_CANDIDATE
2018-06-01,MLBI,10998.33,10998.33,10998.33,10998.33,0.0,True,True,True,True,PLACEHOLDER_CANDIDATE
2018-06-11,MLBI,10949.23,10949.23,10949.23,10949.23,0.0,True,True,True,True,PLACEHOLDER_CANDIDATE
2018-06-12,MLBI,10949.23,10949.23,10949.23,10949.23,0.0,True,True,True,True,PLACEHOLDER_CANDIDATE
2018-06-13,MLBI,10949.23,10949.23,10949.23,10949.23,0.0,True,True,True,True,PLACEHOLDER_CANDIDATE
2018-06-14,MLBI,10949.23,10949.23,10949.23,10949.23,0.0,True,True,True,True,PLACEHOLDER_CANDIDATE
2018-06-15,MLBI,10949.23,10949.23,10949.23,10949.23,0.0,True,True,True,True,PLACEHOLDER_CANDIDATE
2018-06-18,MLBI,10949.23,10949.23,10949.23,10949.23,0.0,True,True,True,True,PLACEHOLDER_CANDIDATE
2018-06-19,MLBI,10949.23,10949.23,10949.23,10949.23,0.0,True,True,True,True,PLACEHOLDER_CANDIDATE
2018-08-17,MLBI,10343.67,10343.67,10343.67,10343.67,0.0,True,True,True,True,PLACEHOLDER_CANDIDATE
2018-08-22,MLBI,10441.86,10441.86,10441.86,10441.86,0.0,True,True,True,True,PLACEHOLDER_CANDIDATE
2018-09-11,MLBI,10474.6,10474.6,10474.6,10474.6,0.0,True,True,True,True,PLACEHOLDER_CANDIDATE
2018-11-20,MLBI,10489.04,10489.04,10489.04,10489.04,0.0,True,True,True,True,PLACEHOLDER_CANDIDATE
2018-12-24,MLBI,10505.46,10505.46,10505.46,10505.46,0.0,True,True,True,True,PLACEHOLDER_CANDIDATE
2018-12-25,MLBI,10505.46,10505.46,10505.46,10505.46,0.0,True,True,True,True,PLACEHOLDER_CANDIDATE
2018-12-31,MLBI,10505.46,10505.46,10505.46,10505.46,0.0,True,True,True,True,PLACEHOLDER_CANDIDATE
2019-01-01,MLBI,10505.46,10505.46,10505.46,10505.46,0.0,True,True,True,True,PLACEHOLDER_CANDIDATE
2019-02-05,MLBI,10866.58,10866.58,10866.58,10866.58,0.0,True,True,True,True,PLACEHOLDER_CANDIDATE
2019-03-07,MLBI,11949.96,11949.96,11949.96,11949.96,0.0,True,True,True,True,PLACEHOLDER_CANDIDATE
2019-04-03,MLBI,12475.23,12475.23,12475.23,12475.23,0.0,True,True,True,True,PLACEHOLDER_CANDIDATE
2019-04-17,MLBI,13131.82,13131.82,13131.82,13131.82,0.0,True,True,True,True,PLACEHOLDER_CANDIDATE
2019-04-19,MLBI,13131.82,13131.82,13131.82,13131.82,0.0,True,True,True,True,PLACEHOLDER_CANDIDATE
2019-05-01,MLBI,13197.48,13197.48,13197.48,13197.48,0.0,True,True,True,True,PLACEHOLDER_CANDIDATE
2019-05-30,MLBI,13658.39,13658.39,13658.39,13658.39,0.0,True,True,True,True,PLACEHOLDER_CANDIDATE
2019-06-03,MLBI,13860.74,13860.74,13860.74,13860.74,0.0,True,True,True,True,PLACEHOLDER_CANDIDATE
2019-06-04,MLBI,13860.74,13860.74,13860.74,13860.74,0.0,True,True,True,True,PLACEHOLDER_CANDIDATE
2019-06-05,MLBI,13860.74,13860.74,13860.74,13860.74,0.0,True,True,True,True,PLACEHOLDER_CANDIDATE
2019-06-06,MLBI,13860.74,13860.74,13860.74,13860.74,0.0,True,True,True,True,PLACEHOLDER_CANDIDATE
2019-06-07,MLBI,13860.74,13860.74,13860.74,13860.74,0.0,True,True,True,True,PLACEHOLDER_CANDIDATE
2026-05-14,MLBI,5761.42,5761.42,5761.42,5761.42,0.0,True,True,True,True,PLACEHOLDER_CANDIDATE
2026-05-15,MLBI,5761.42,5761.42,5761.42,5761.42,0.0,True,True,True,True,PLACEHOLDER_CANDIDATE
2026-05-27,MLBI,5714.39,5714.39,5714.39,5714.39,0.0,True,True,True,True,PLACEHOLDER_CANDIDATE
2026-05-28,MLBI,5714.39,5714.39,5714.39,5714.39,0.0,True,True,True,True,PLACEHOLDER_CANDIDATE
2026-08-25,MLBI,6925.0,6925.0,6925.0,6925.0,0.0,True,True,True,True,PLACEHOLDER_CANDIDATE
2026-05-14,MLIA,258.0,258.0,258.0,258.0,0.0,True,True,True,True,PLACEHOLDER_CANDIDATE
2026-05-15,MLIA,258.0,258.0,258.0,258.0,0.0,True,True,True,True,PLACEHOLDER_CANDIDATE
2026-05-27,MLIA,248.0,248.0,248.0,248.0,0.0,True,True,True,True,PLACEHOLDER_CANDIDATE
2026-05-28,MLIA,248.0,248.0,248.0,248.0,0.0,True,True,True,True,PLACEHOLDER_CANDIDATE
2026-08-25,MLIA,230.0,230.0,230.0,230.0,0.0,True,True,True,True,PLACEHOLDER_CANDIDATE
2026-05-14,MLPL,96.0,96.0,96.0,96.0,0.0,True,True,True,True,PLACEHOLDER_CANDIDATE
2026-05-15,MLPL,96.0,96.0,96.0,96.0,0.0,True,True,True,True,PLACEHOLDER_CANDIDATE
2026-05-27,MLPL,84.0,84.0,84.0,84.0,0.0,True,True,True,True,PLACEHOLDER_CANDIDATE
2026-05-28,MLPL,84.0,84.0,84.0,84.0,0.0,True,True,True,True,PLACEHOLDER_CANDIDATE
2026-08-25,MLPL,94.0,94.0,94.0,94.0,0.0,True,True,True,True,PLACEHOLDER_CANDIDATE
2014-04-09,MLPT,528.46,528.46,528.46,528.46,0.0,True,True,True,True,PLACEHOLDER_CANDIDATE
2014-07-09,MLPT,531.96,531.96,531.96,531.96,0.0,True,True,True,True,PLACEHOLDER_CANDIDATE
2015-12-09,MLPT,657.39,657.39,657.39,657.39,0.0,True,True,True,True,PLACEHOLDER_CANDIDATE
2017-01-02,MLPT,942.35,942.35,942.35,942.35,0.0,True,True,True,True,PLACEHOLDER_CANDIDATE
2017-02-15,MLPT,963.77,963.77,963.77,963.77,0.0,True,True,True,True,PLACEHOLDER_CANDIDATE
2017-04-19,MLPT,556.84,556.84,556.84,556.84,0.0,True,True,True,True,PLACEHOLDER_CANDIDATE
2017-06-01,MLPT,548.25,548.25,548.25,548.25,0.0,True,True,True,True,PLACEHOLDER_CANDIDATE
2017-06-23,MLPT,520.56,520.56,520.56,520.56,0.0,True,True,True,True,PLACEHOLDER_CANDIDATE
2017-06-26,MLPT,520.56,520.56,520.56,520.56,0.0,True,True,True,True,PLACEHOLDER_CANDIDATE
2017-06-27,MLPT,520.56,520.56,520.56,520.56,0.0,True,True,True,True,PLACEHOLDER_CANDIDATE
2017-06-28,MLPT,520.56,520.56,520.56,520.56,0.0,True,True,True,True,PLACEHOLDER_CANDIDATE
2017-06-29,MLPT,520.56,520.56,520.56,520.56,0.0,True,True,True,True,PLACEHOLDER_CANDIDATE
2017-06-30,MLPT,520.56,520.56,520.56,520.56,0.0,True,True,True,True,PLACEHOLDER_CANDIDATE
2017-08-17,MLPT,246.99,246.99,246.99,246.99,0.0,True,True,True,True,PLACEHOLDER_CANDIDATE
2017-09-01,MLPT,270.25,270.25,270.25,270.25,0.0,True,True,True,True,PLACEHOLDER_CANDIDATE
2017-09-21,MLPT,268.03,268.03,268.03,268.03,0.0,True,True,True,True,PLACEHOLDER_CANDIDATE
2017-12-25,MLPT,440.26,440.26,440.26,440.26,0.0,True,True,True,True,PLACEHOLDER_CANDIDATE
2017-12-26,MLPT,440.26,440.26,440.26,440.26,0.0,True,True,True,True,PLACEHOLDER_CANDIDATE
2018-01-01,MLPT,343.35,343.35,343.35,343.35,0.0,True,True,True,True,PLACEHOLDER_CANDIDATE
2018-02-16,MLPT,431.96,431.96,431.96,431.96,0.0,True,True,True,True,PLACEHOLDER_CANDIDATE
2018-03-30,MLPT,312.89,312.89,312.89,312.89,0.0,True,True,True,True,PLACEHOLDER_CANDIDATE
2018-05-01,MLPT,407.04,407.04,407.04,407.04,0.0,True,True,True,True,PLACEHOLDER_CANDIDATE
2018-05-10,MLPT,464.13,464.13,464.13,464.13,0.0,True,True,True,True,PLACEHOLDER_CANDIDATE
2018-05-29,MLPT,446.72,446.72,446.72,446.72,0.0,True,True,True,True,PLACEHOLDER_CANDIDATE
2018-06-01,MLPT,446.72,446.72,446.72,446.72,0.0,True,True,True,True,PLACEHOLDER_CANDIDATE
2018-06-11,MLPT,452.52,452.52,452.52,452.52,0.0,True,True,True,True,PLACEHOLDER_CANDIDATE
2018-06-12,MLPT,452.52,452.52,452.52,452.52,0.0,True,True,True,True,PLACEHOLDER_CANDIDATE
2018-06-13,MLPT,452.52,452.52,452.52,452.52,0.0,True,True,True,True,PLACEHOLDER_CANDIDATE
2018-06-14,MLPT,452.52,452.52,452.52,452.52,0.0,True,True,True,True,PLACEHOLDER_CANDIDATE
2018-06-15,MLPT,452.52,452.52,452.52,452.52,0.0,True,True,True,True,PLACEHOLDER_CANDIDATE
2018-06-18,MLPT,452.52,452.52,452.52,452.52,0.0,True,True,True,True,PLACEHOLDER_CANDIDATE
2018-06-19,MLPT,452.52,452.52,452.52,452.52,0.0,True,True,True,True,PLACEHOLDER_CANDIDATE
2018-08-17,MLPT,440.92,440.92,440.92,440.92,0.0,True,True,True,True,PLACEHOLDER_CANDIDATE
2018-08-22,MLPT,452.52,452.52,452.52,452.52,0.0,True,True,True,True,PLACEHOLDER_CANDIDATE
2018-09-11,MLPT,510.54,510.54,510.54,510.54,0.0,True,True,True,True,PLACEHOLDER_CANDIDATE
2018-11-20,MLPT,516.34,516.34,516.34,516.34,0.0,True,True,True,True,PLACEHOLDER_CANDIDATE
2018-12-24,MLPT,533.75,533.75,533.75,533.75,0.0,True,True,True,True,PLACEHOLDER_CANDIDATE
2018-12-25,MLPT,533.75,533.75,533.75,533.75,0.0,True,True,True,True,PLACEHOLDER_CANDIDATE
2018-12-31,MLPT,533.75,533.75,533.75,533.75,0.0,True,True,True,True,PLACEHOLDER_CANDIDATE
2019-01-01,MLPT,533.75,533.75,533.75,533.75,0.0,True,True,True,True,PLACEHOLDER_CANDIDATE
2019-02-05,MLPT,464.13,464.13,464.13,464.13,0.0,True,True,True,True,PLACEHOLDER_CANDIDATE
2019-03-07,MLPT,530.85,530.85,530.85,530.85,0.0,True,True,True,True,PLACEHOLDER_CANDIDATE
2019-04-03,MLPT,820.93,820.93,820.93,820.93,0.0,True,True,True,True,PLACEHOLDER_CANDIDATE
2019-04-17,MLPT,777.41,777.41,777.41,777.41,0.0,True,True,True,True,PLACEHOLDER_CANDIDATE
2019-04-19,MLPT,696.19,696.19,696.19,696.19,0.0,True,True,True,True,PLACEHOLDER_CANDIDATE
2019-05-01,MLPT,522.14,522.14,522.14,522.14,0.0,True,True,True,True,PLACEHOLDER_CANDIDATE
2019-05-30,MLPT,505.68,505.68,505.68,505.68,0.0,True,True,True,True,PLACEHOLDER_CANDIDATE
2019-06-03,MLPT,505.68,505.68,505.68,505.68,0.0,True,True,True,True,PLACEHOLDER_CANDIDATE
2019-06-04,MLPT,505.68,505.68,505.68,505.68,0.0,True,True,True,True,PLACEHOLDER_CANDIDATE
2019-06-05,MLPT,505.68,505.68,505.68,505.68,0.0,True,True,True,True,PLACEHOLDER_CANDIDATE
2019-06-06,MLPT,505.68,505.68,505.68,505.68,0.0,True,True,True,True,PLACEHOLDER_CANDIDATE
2019-06-07,MLPT,505.68,505.68,505.68,505.68,0.0,True,True,True,True,PLACEHOLDER_CANDIDATE
2026-05-14,MLPT,20200.0,20200.0,20200.0,20200.0,0.0,True,True,True,True,PLACEHOLDER_CANDIDATE
2026-05-15,MLPT,20200.0,20200.0,20200.0,20200.0,0.0,True,True,True,True,PLACEHOLDER_CANDIDATE
2026-05-27,MLPT,18900.0,18900.0,18900.0,18900.0,0.0,True,True,True,True,PLACEHOLDER_CANDIDATE
2026-05-28,MLPT,18900.0,18900.0,18900.0,18900.0,0.0,True,True,True,True,PLACEHOLDER_CANDIDATE
2026-05-14,MMIX,382.0,382.0,382.0,382.0,0.0,True,True,True,True,PLACEHOLDER_CANDIDATE
2026-05-15,MMIX,382.0,382.0,382.0,382.0,0.0,True,True,True,True,PLACEHOLDER_CANDIDATE
2026-05-27,MMIX,386.0,386.0,386.0,386.0,0.0,True,True,True,True,PLACEHOLDER_CANDIDATE
2026-05-28,MMIX,386.0,386.0,386.0,386.0,0.0,True,True,True,True,PLACEHOLDER_CANDIDATE
2026-06-16,MMIX,750.0,750.0,750.0,750.0,0.0,True,True,True,True,PLACEHOLDER_CANDIDATE
2026-05-14,MMLP,344.0,344.0,344.0,344.0,0.0,True,True,True,True,PLACEHOLDER_CANDIDATE
2026-05-15,MMLP,344.0,344.0,344.0,344.0,0.0,True,True,True,True,PLACEHOLDER_CANDIDATE
2026-05-27,MMLP,318.0,318.0,318.0,318.0,0.0,True,True,True,True,PLACEHOLDER_CANDIDATE
2026-05-28,MMLP,318.0,318.0,318.0,318.0,0.0,True,True,True,True,PLACEHOLDER_CANDIDATE
2026-05-14,MNCN,218.0,218.0,218.0,218.0,0.0,True,True,True,True,PLACEHOLDER_CANDIDATE
2026-05-15,MNCN,218.0,218.0,218.0,218.0,0.0,True,True,True,True,PLACEHOLDER_CANDIDATE
2026-05-27,MNCN,208.0,208.0,208.0,208.0,0.0,True,True,True,True,PLACEHOLDER_CANDIDATE
2026-05-28,MNCN,208.0,208.0,208.0,208.0,0.0,True,True,True,True,PLACEHOLDER_CANDIDATE
2026-08-25,MNCN,204.0,204.0,204.0,204.0,0.0,True,True,True,True,PLACEHOLDER_CANDIDATE
2026-05-14,MOLI,265.4781188964844,265.4781188964844,265.4781188964844,265.4781188964844,0.0,True,True,True,True,PLACEHOLDER_CANDIDATE
2026-05-15,MOLI,265.4781188964844,265.4781188964844,265.4781188964844,265.4781188964844,0.0,True,True,True,True,PLACEHOLDER_CANDIDATE
2026-05-27,MOLI,218.97100830078125,218.97100830078125,218.97100830078125,218.97100830078125,0.0,True,True,True,True,PLACEHOLDER_CANDIDATE
2026-05-28,MOLI,218.97100830078125,218.97100830078125,218.97100830078125,218.97100830078125,0.0,True,True,True,True,PLACEHOLDER_CANDIDATE
2026-05-14,MORA,6875.0,6875.0,6875.0,6875.0,0.0,True,True,True,True,PLACEHOLDER_CANDIDATE
2026-05-15,MORA,6875.0,6875.0,6875.0,6875.0,0.0,True,True,True,True,PLACEHOLDER_CANDIDATE
2026-05-27,MORA,6700.0,6700.0,6700.0,6700.0,0.0,True,True,True,True,PLACEHOLDER_CANDIDATE
2026-05-28,MORA,6700.0,6700.0,6700.0,6700.0,0.0,True,True,True,True,PLACEHOLDER_CANDIDATE
2026-05-14,MPMX,849.53271484375,849.53271484375,849.53271484375,849.53271484375,0.0,True,True,True,True,PLACEHOLDER_CANDIDATE
2026-05-15,MPMX,849.53271484375,849.53271484375,849.53271484375,849.53271484375,0.0,True,True,True,True,PLACEHOLDER_CANDIDATE
2026-05-27,MPMX,916.8224487304686,916.8224487304686,916.8224487304686,916.8224487304688,0.0,True,False,True,True,PLACEHOLDER_CANDIDATE
2026-05-28,MPMX,916.8224487304686,916.8224487304686,916.8224487304686,916.8224487304688,0.0,True,False,True,True,PLACEHOLDER_CANDIDATE
2026-05-14,MPOW,127.0,127.0,127.0,127.0,0.0,True,True,True,True,PLACEHOLDER_CANDIDATE
2026-05-15,MPOW,127.0,127.0,127.0,127.0,0.0,True,True,True,True,PLACEHOLDER_CANDIDATE
2026-05-27,MPOW,117.0,117.0,117.0,117.0,0.0,True,True,True,True,PLACEHOLDER_CANDIDATE
2026-05-28,MPOW,117.0,117.0,117.0,117.0,0.0,True,True,True,True,PLACEHOLDER_CANDIDATE
2026-05-14,MPPA,51.0,51.0,51.0,51.0,0.0,True,True,True,True,PLACEHOLDER_CANDIDATE
2026-05-15,MPPA,51.0,51.0,51.0,51.0,0.0,True,True,True,True,PLACEHOLDER_CANDIDATE
2026-05-27,MPPA,48.0,48.0,48.0,48.0,0.0,True,True,True,True,PLACEHOLDER_CANDIDATE
2026-05-28,MPPA,48.0,48.0,48.0,48.0,0.0,True,True,True,True,PLACEHOLDER_CANDIDATE
2026-08-25,MPPA,47.0,47.0,47.0,47.0,0.0,True,True,True,True,PLACEHOLDER_CANDIDATE
2026-05-01,MPRO,9225.0,9225.0,9225.0,9225.0,0.0,True,True,True,True,PLACEHOLDER_CANDIDATE
2026-05-14,MPRO,9225.0,9225.0,9225.0,9225.0,0.0,True,True,True,True,PLACEHOLDER_CANDIDATE
2026-05-15,MPRO,9225.0,9225.0,9225.0,9225.0,0.0,True,True,True,True,PLACEHOLDER_CANDIDATE
2026-05-27,MPRO,9000.0,9000.0,9000.0,9000.0,0.0,True,True,True,True,PLACEHOLDER_CANDIDATE
2026-05-28,MPRO,9000.0,9000.0,9000.0,9000.0,0.0,True,True,True,True,PLACEHOLDER_CANDIDATE
2026-06-01,MPRO,9000.0,9000.0,9000.0,9000.0,0.0,True,True,True,True,PLACEHOLDER_CANDIDATE
2026-05-14,MPXL,193.0,193.0,193.0,193.0,0.0,True,True,True,True,PLACEHOLDER_CANDIDATE
2026-05-15,MPXL,193.0,193.0,193.0,193.0,0.0,True,True,True,True,PLACEHOLDER_CANDIDATE
2026-05-27,MPXL,156.0,156.0,156.0,156.0,0.0,True,True,True,True,PLACEHOLDER_CANDIDATE
2026-05-28,MPXL,156.0,156.0,156.0,156.0,0.0,True,True,True,True,PLACEHOLDER_CANDIDATE
2026-05-14,MRAT,440.0,440.0,440.0,440.0,0.0,True,True,True,True,PLACEHOLDER_CANDIDATE
2026-05-15,MRAT,440.0,440.0,440.0,440.0,0.0,True,True,True,True,PLACEHOLDER_CANDIDATE
2026-05-27,MRAT,442.0,442.0,442.0,442.0,0.0,True,True,True,True,PLACEHOLDER_CANDIDATE
2026-05-28,MRAT,442.0,442.0,442.0,442.0,0.0,True,True,True,True,PLACEHOLDER_CANDIDATE
2026-08-25,MRAT,418.0,418.0,418.0,418.0,0.0,True,True,True,True,PLACEHOLDER_CANDIDATE
2026-05-14,MREI,1015.0,1015.0,1015.0,1015.0,0.0,True,True,True,True,PLACEHOLDER_CANDIDATE
2026-05-15,MREI,1015.0,1015.0,1015.0,1015.0,0.0,True,True,True,True,PLACEHOLDER_CANDIDATE
2026-05-27,MREI,985.0,985.0,985.0,985.0,0.0,True,True,True,True,PLACEHOLDER_CANDIDATE
2026-05-28,MREI,985.0,985.0,985.0,985.0,0.0,True,True,True,True,PLACEHOLDER_CANDIDATE
2026-08-17,MREI,920.0,920.0,920.0,920.0,0.0,True,True,True,True,PLACEHOLDER_CANDIDATE
2026-08-25,MREI,920.0,920.0,920.0,920.0,0.0,True,True,True,True,PLACEHOLDER_CANDIDATE
2026-05-14,MSIE,148.0,148.0,148.0,148.0,0.0,True,True,True,True,PLACEHOLDER_CANDIDATE
2026-05-15,MSIE,148.0,148.0,148.0,148.0,0.0,True,True,True,True,PLACEHOLDER_CANDIDATE
2026-05-27,MSIE,148.0,148.0,148.0,148.0,0.0,True,True,True,True,PLACEHOLDER_CANDIDATE
2026-05-28,MSIE,148.0,148.0,148.0,148.0,0.0,True,True,True,True,PLACEHOLDER_CANDIDATE
2026-06-01,MSIE,148.0,148.0,148.0,148.0,0.0,True,True,True,True,PLACEHOLDER_CANDIDATE
2026-05-14,MSIN,645.0,645.0,645.0,645.0,0.0,True,True,True,True,PLACEHOLDER_CANDIDATE
2026-05-15,MSIN,645.0,645.0,645.0,645.0,0.0,True,True,True,True,PLACEHOLDER_CANDIDATE
2026-05-27,MSIN,420.0,420.0,420.0,420.0,0.0,True,True,True,True,PLACEHOLDER_CANDIDATE
2026-05-28,MSIN,420.0,420.0,420.0,420.0,0.0,True,True,True,True,PLACEHOLDER_CANDIDATE
2026-05-14,MSJA,418.0,418.0,418.0,418.0,0.0,True,True,True,True,PLACEHOLDER_CANDIDATE
2026-05-15,MSJA,418.0,418.0,418.0,418.0,0.0,True,True,True,True,PLACEHOLDER_CANDIDATE
2026-05-27,MSJA,414.0,414.0,414.0,414.0,0.0,True,True,True,True,PLACEHOLDER_CANDIDATE
2026-05-28,MSJA,414.0,414.0,414.0,414.0,0.0,True,True,True,True,PLACEHOLDER_CANDIDATE
2026-05-14,MSKY,78.0,78.0,78.0,78.0,0.0,True,True,True,True,PLACEHOLDER_CANDIDATE
2026-05-15,MSKY,78.0,78.0,78.0,78.0,0.0,True,True,True,True,PLACEHOLDER_CANDIDATE
2026-05-27,MSKY,59.0,59.0,59.0,59.0,0.0,True,True,True,True,PLACEHOLDER_CANDIDATE
2026-05-28,MSKY,59.0,59.0,59.0,59.0,0.0,True,True,True,True,PLACEHOLDER_CANDIDATE
2026-05-14,MSTI,1284.6492919921875,1284.6492919921875,1284.6492919921875,1284.6492919921875,0.0,True,True,True,True,PLACEHOLDER_CANDIDATE
2026-05-15,MSTI,1284.6492919921875,1284.6492919921875,1284.6492919921875,1284.6492919921875,0.0,True,True,True,True,PLACEHOLDER_CANDIDATE
2026-05-27,MSTI,1275.4403076171875,1275.4403076171875,1275.4403076171875,1275.4403076171875,0.0,True,True,True,True,PLACEHOLDER_CANDIDATE
2026-05-28,MSTI,1275.4403076171875,1275.4403076171875,1275.4403076171875,1275.4403076171875,0.0,True,True,True,True,PLACEHOLDER_CANDIDATE
2014-04-09,MTDL,42.1,42.1,42.1,42.1,0.0,True,True,True,True,PLACEHOLDER_CANDIDATE
2014-07-09,MTDL,46.51,46.51,46.51,46.51,0.0,True,True,True,True,PLACEHOLDER_CANDIDATE
2015-12-09,MTDL,97.1,97.1,97.1,97.1,0.0,True,True,True,True,PLACEHOLDER_CANDIDATE
2017-01-02,MTDL,96.9,96.9,96.9,96.9,0.0,True,True,True,True,PLACEHOLDER_CANDIDATE
2017-02-15,MTDL,94.66,94.66,94.66,94.66,0.0,True,True,True,True,PLACEHOLDER_CANDIDATE
2017-04-19,MTDL,96.15,96.15,96.15,96.15,0.0,True,True,True,True,PLACEHOLDER_CANDIDATE
2017-06-01,MTDL,95.41,95.41,95.41,95.41,0.0,True,True,True,True,PLACEHOLDER_CANDIDATE
2017-06-23,MTDL,95.41,95.41,95.41,95.41,0.0,True,True,True,True,PLACEHOLDER_CANDIDATE
2017-06-26,MTDL,95.41,95.41,95.41,95.41,0.0,True,True,True,True,PLACEHOLDER_CANDIDATE
2017-06-27,MTDL,95.41,95.41,95.41,95.41,0.0,True,True,True,True,PLACEHOLDER_CANDIDATE
2017-06-28,MTDL,95.41,95.41,95.41,95.41,0.0,True,True,True,True,PLACEHOLDER_CANDIDATE
2017-06-29,MTDL,95.41,95.41,95.41,95.41,0.0,True,True,True,True,PLACEHOLDER_CANDIDATE
2017-06-30,MTDL,95.41,95.41,95.41,95.41,0.0,True,True,True,True,PLACEHOLDER_CANDIDATE
2017-08-17,MTDL,93.25,93.25,93.25,93.25,0.0,True,True,True,True,PLACEHOLDER_CANDIDATE
2017-09-01,MTDL,93.25,93.25,93.25,93.25,0.0,True,True,True,True,PLACEHOLDER_CANDIDATE
2017-09-21,MTDL,93.25,93.25,93.25,93.25,0.0,True,True,True,True,PLACEHOLDER_CANDIDATE
2017-12-25,MTDL,96.35,96.35,96.35,96.35,0.0,True,True,True,True,PLACEHOLDER_CANDIDATE
2017-12-26,MTDL,96.35,96.35,96.35,96.35,0.0,True,True,True,True,PLACEHOLDER_CANDIDATE
2018-01-01,MTDL,101.02,101.02,101.02,101.02,0.0,True,True,True,True,PLACEHOLDER_CANDIDATE
2018-02-16,MTDL,107.23,107.23,107.23,107.23,0.0,True,True,True,True,PLACEHOLDER_CANDIDATE
2018-03-30,MTDL,123.55,123.55,123.55,123.55,0.0,True,True,True,True,PLACEHOLDER_CANDIDATE
2018-05-01,MTDL,118.11,118.11,118.11,118.11,0.0,True,True,True,True,PLACEHOLDER_CANDIDATE
2018-05-10,MTDL,140.64,140.64,140.64,140.64,0.0,True,True,True,True,PLACEHOLDER_CANDIDATE
2018-05-29,MTDL,137.54,137.54,137.54,137.54,0.0,True,True,True,True,PLACEHOLDER_CANDIDATE
2018-06-01,MTDL,142.2,142.2,142.2,142.2,0.0,True,True,True,True,PLACEHOLDER_CANDIDATE
2018-06-11,MTDL,132.87,132.87,132.87,132.87,0.0,True,True,True,True,PLACEHOLDER_CANDIDATE
2018-06-12,MTDL,132.87,132.87,132.87,132.87,0.0,True,True,True,True,PLACEHOLDER_CANDIDATE
2018-06-13,MTDL,132.87,132.87,132.87,132.87,0.0,True,True,True,True,PLACEHOLDER_CANDIDATE
2018-06-14,MTDL,132.87,132.87,132.87,132.87,0.0,True,True,True,True,PLACEHOLDER_CANDIDATE
2018-06-15,MTDL,132.87,132.87,132.87,132.87,0.0,True,True,True,True,PLACEHOLDER_CANDIDATE
2018-06-18,MTDL,132.87,132.87,132.87,132.87,0.0,True,True,True,True,PLACEHOLDER_CANDIDATE
2018-06-19,MTDL,132.87,132.87,132.87,132.87,0.0,True,True,True,True,PLACEHOLDER_CANDIDATE
2018-08-17,MTDL,112.49,112.49,112.49,112.49,0.0,True,True,True,True,PLACEHOLDER_CANDIDATE
2018-08-22,MTDL,112.49,112.49,112.49,112.49,0.0,True,True,True,True,PLACEHOLDER_CANDIDATE
2018-09-11,MTDL,113.28,113.28,113.28,113.28,0.0,True,True,True,True,PLACEHOLDER_CANDIDATE
2018-11-20,MTDL,130.58,130.58,130.58,130.58,0.0,True,True,True,True,PLACEHOLDER_CANDIDATE
2018-12-24,MTDL,129.01,129.01,129.01,129.01,0.0,True,True,True,True,PLACEHOLDER_CANDIDATE
2018-12-25,MTDL,129.01,129.01,129.01,129.01,0.0,True,True,True,True,PLACEHOLDER_CANDIDATE
2018-12-31,MTDL,136.09,136.09,136.09,136.09,0.0,True,True,True,True,PLACEHOLDER_CANDIDATE
2019-01-01,MTDL,136.09,136.09,136.09,136.09,0.0,True,True,True,True,PLACEHOLDER_CANDIDATE
2019-02-05,MTDL,142.38,142.38,142.38,142.38,0.0,True,True,True,True,PLACEHOLDER_CANDIDATE
2019-03-07,MTDL,161.26,161.26,161.26,161.26,0.0,True,True,True,True,PLACEHOLDER_CANDIDATE
2019-04-03,MTDL,161.26,161.26,161.26,161.26,0.0,True,True,True,True,PLACEHOLDER_CANDIDATE
2019-04-17,MTDL,172.27,172.27,172.27,172.27,0.0,True,True,True,True,PLACEHOLDER_CANDIDATE
2019-04-19,MTDL,167.55,167.55,167.55,167.55,0.0,True,True,True,True,PLACEHOLDER_CANDIDATE
2019-05-01,MTDL,169.91,169.91,169.91,169.91,0.0,True,True,True,True,PLACEHOLDER_CANDIDATE
2019-05-30,MTDL,178.57,178.57,178.57,178.57,0.0,True,True,True,True,PLACEHOLDER_CANDIDATE
2019-06-03,MTDL,179.35,179.35,179.35,179.35,0.0,True,True,True,True,PLACEHOLDER_CANDIDATE
2019-06-04,MTDL,179.35,179.35,179.35,179.35,0.0,True,True,True,True,PLACEHOLDER_CANDIDATE
2019-06-05,MTDL,179.35,179.35,179.35,179.35,0.0,True,True,True,True,PLACEHOLDER_CANDIDATE
2019-06-06,MTDL,179.35,179.35,179.35,179.35,0.0,True,True,True,True,PLACEHOLDER_CANDIDATE
2019-06-07,MTDL,179.35,179.35,179.35,179.35,0.0,True,True,True,True,PLACEHOLDER_CANDIDATE
2026-05-14,MTDL,541.5,541.5,541.5,541.5,0.0,True,True,True,True,PLACEHOLDER_CANDIDATE
2026-05-15,MTDL,541.5,541.5,541.5,541.5,0.0,True,True,True,True,PLACEHOLDER_CANDIDATE
2026-05-27,MTDL,513.0,513.0,513.0,513.0,0.0,True,True,True,True,PLACEHOLDER_CANDIDATE
2026-05-28,MTDL,513.0,513.0,513.0,513.0,0.0,True,True,True,True,PLACEHOLDER_CANDIDATE
2026-08-25,MTDL,510.0,510.0,510.0,510.0,0.0,True,True,True,True,PLACEHOLDER_CANDIDATE
2026-05-14,MTEL,483.8413696289063,483.8413696289063,483.8413696289063,483.8413696289063,0.0,True,True,True,True,PLACEHOLDER_CANDIDATE
2026-05-15,MTEL,483.8413696289063,483.8413696289063,483.8413696289063,483.8413696289063,0.0,True,True,True,True,PLACEHOLDER_CANDIDATE
2026-05-27,MTEL,474.3543090820313,474.3543090820313,474.3543090820313,474.3543090820313,0.0,True,True,True,True,PLACEHOLDER_CANDIDATE
2026-05-28,MTEL,474.3543090820313,474.3543090820313,474.3543090820313,474.3543090820313,0.0,True,True,True,True,PLACEHOLDER_CANDIDATE
2026-05-14,MTFN,20.0,20.0,20.0,20.0,0.0,True,True,True,True,PLACEHOLDER_CANDIDATE
2026-05-15,MTFN,20.0,20.0,20.0,20.0,0.0,True,True,True,True,PLACEHOLDER_CANDIDATE
2026-05-27,MTFN,16.0,16.0,16.0,16.0,0.0,True,True,True,True,PLACEHOLDER_CANDIDATE
2026-05-28,MTFN,16.0,16.0,16.0,16.0,0.0,True,True,True,True,PLACEHOLDER_CANDIDATE
2026-08-17,MTFN,13.0,13.0,13.0,13.0,0.0,True,True,True,True,PLACEHOLDER_CANDIDATE
2026-08-25,MTFN,13.0,13.0,13.0,13.0,0.0,True,True,True,True,PLACEHOLDER_CANDIDATE
2026-05-14,MTLA,500.1059875488281,500.1059875488281,500.1059875488281,500.1059875488281,0.0,True,True,True,True,PLACEHOLDER_CANDIDATE
2026-05-15,MTLA,500.1059875488281,500.1059875488281,500.1059875488281,500.1059875488281,0.0,True,True,True,True,PLACEHOLDER_CANDIDATE
2026-05-27,MTLA,500.1059875488281,500.1059875488281,500.1059875488281,500.1059875488281,0.0,True,True,True,True,PLACEHOLDER_CANDIDATE
2026-05-28,MTLA,500.1059875488281,500.1059875488281,500.1059875488281,500.1059875488281,0.0,True,True,True,True,PLACEHOLDER_CANDIDATE
2026-05-14,MTMH,1062.4482421875,1062.4482421875,1062.4482421875,1062.4482421875,0.0,True,True,True,True,PLACEHOLDER_CANDIDATE
2026-05-15,MTMH,1062.4482421875,1062.4482421875,1062.4482421875,1062.4482421875,0.0,True,True,True,True,PLACEHOLDER_CANDIDATE
2026-05-27,MTMH,952.7117919921876,952.7117919921876,952.7117919921876,952.7117919921876,0.0,True,True,True,True,PLACEHOLDER_CANDIDATE
2026-05-28,MTMH,952.7117919921876,952.7117919921876,952.7117919921876,952.7117919921876,0.0,True,True,True,True,PLACEHOLDER_CANDIDATE
2026-05-01,MTPS,81.0,81.0,81.0,81.0,0.0,True,True,True,True,PLACEHOLDER_CANDIDATE
2026-05-14,MTPS,81.0,81.0,81.0,81.0,0.0,True,True,True,True,PLACEHOLDER_CANDIDATE
2026-05-15,MTPS,81.0,81.0,81.0,81.0,0.0,True,True,True,True,PLACEHOLDER_CANDIDATE
2026-05-27,MTPS,81.0,81.0,81.0,81.0,0.0,True,True,True,True,PLACEHOLDER_CANDIDATE
2026-05-28,MTPS,81.0,81.0,81.0,81.0,0.0,True,True,True,True,PLACEHOLDER_CANDIDATE
2026-06-01,MTPS,81.0,81.0,81.0,81.0,0.0,True,True,True,True,PLACEHOLDER_CANDIDATE
2026-06-16,MTPS,81.0,81.0,81.0,81.0,0.0,True,True,True,True,PLACEHOLDER_CANDIDATE
2026-08-17,MTPS,81.0,81.0,81.0,81.0,0.0,True,True,True,True,PLACEHOLDER_CANDIDATE
2026-08-25,MTPS,81.0,81.0,81.0,81.0,0.0,True,True,True,True,PLACEHOLDER_CANDIDATE
2026-05-01,MTSM,500.0,500.0,500.0,500.0,0.0,True,True,True,True,PLACEHOLDER_CANDIDATE
2026-05-14,MTSM,500.0,500.0,500.0,500.0,0.0,True,True,True,True,PLACEHOLDER_CANDIDATE
2026-05-15,MTSM,500.0,500.0,500.0,500.0,0.0,True,True,True,True,PLACEHOLDER_CANDIDATE
2026-05-27,MTSM,500.0,500.0,500.0,500.0,0.0,True,True,True,True,PLACEHOLDER_CANDIDATE
2026-05-28,MTSM,500.0,500.0,500.0,500.0,0.0,True,True,True,True,PLACEHOLDER_CANDIDATE
2026-06-01,MTSM,500.0,500.0,500.0,500.0,0.0,True,True,True,True,PLACEHOLDER_CANDIDATE
2026-06-16,MTSM,500.0,500.0,500.0,500.0,0.0,True,True,True,True,PLACEHOLDER_CANDIDATE
2026-08-17,MTSM,500.0,500.0,500.0,500.0,0.0,True,True,True,True,PLACEHOLDER_CANDIDATE
2026-08-25,MTSM,500.0,500.0,500.0,500.0,0.0,True,True,True,True,PLACEHOLDER_CANDIDATE
2026-05-14,MTWI,295.55096435546875,295.55096435546875,295.55096435546875,295.55096435546875,0.0,True,True,True,True,PLACEHOLDER_CANDIDATE
2026-05-15,MTWI,295.55096435546875,295.55096435546875,295.55096435546875,295.55096435546875,0.0,True,True,True,True,PLACEHOLDER_CANDIDATE
2026-05-27,MTWI,265.7975158691406,265.7975158691406,265.7975158691406,265.7975158691406,0.0,True,True,True,True,PLACEHOLDER_CANDIDATE
2026-05-28,MTWI,265.7975158691406,265.7975158691406,265.7975158691406,265.7975158691406,0.0,True,True,True,True,PLACEHOLDER_CANDIDATE
2026-05-14,MUTU,108.55799865722656,108.55799865722656,108.55799865722656,108.55799865722656,0.0,True,True,True,True,PLACEHOLDER_CANDIDATE
2026-05-15,MUTU,108.55799865722656,108.55799865722656,108.55799865722656,108.55799865722656,0.0,True,True,True,True,PLACEHOLDER_CANDIDATE
2026-05-27,MUTU,100.73400115966795,100.73400115966795,100.73400115966795,100.73400115966795,0.0,True,True,True,True,PLACEHOLDER_CANDIDATE
2026-05-28,MUTU,100.73400115966795,100.73400115966795,100.73400115966795,100.73400115966795,0.0,True,True,True,True,PLACEHOLDER_CANDIDATE
2026-05-14,MYOH,1158.15576171875,1158.15576171875,1158.15576171875,1158.15576171875,0.0,True,True,True,True,PLACEHOLDER_CANDIDATE
2026-05-15,MYOH,1158.15576171875,1158.15576171875,1158.15576171875,1158.15576171875,0.0,True,True,True,True,PLACEHOLDER_CANDIDATE
2026-05-27,MYOH,1129.7928466796875,1129.7928466796875,1129.7928466796875,1129.7928466796875,0.0,True,True,True,True,PLACEHOLDER_CANDIDATE
2026-05-28,MYOH,1129.7928466796875,1129.7928466796875,1129.7928466796875,1129.7928466796875,0.0,True,True,True,True,PLACEHOLDER_CANDIDATE
2014-04-09,MYOR,975.04,975.04,975.04,975.04,0.0,True,True,True,True,PLACEHOLDER_CANDIDATE
2014-07-09,MYOR,968.49,968.49,968.49,968.49,0.0,True,True,True,True,PLACEHOLDER_CANDIDATE
2015-12-09,MYOR,866.74,866.74,866.74,866.74,0.0,True,True,True,True,PLACEHOLDER_CANDIDATE
2017-01-02,MYOR,1377.77,1377.77,1377.77,1377.77,0.0,True,True,True,True,PLACEHOLDER_CANDIDATE
2017-02-15,MYOR,1578.78,1578.78,1578.78,1578.78,0.0,True,True,True,True,PLACEHOLDER_CANDIDATE
2017-04-19,MYOR,1691.85,1691.85,1691.85,1691.85,0.0,True,True,True,True,PLACEHOLDER_CANDIDATE
2017-06-01,MYOR,1783.98,1783.98,1783.98,1783.98,0.0,True,True,True,True,PLACEHOLDER_CANDIDATE
2017-06-23,MYOR,1868.5,1868.5,1868.5,1868.5,0.0,True,True,True,True,PLACEHOLDER_CANDIDATE
2017-06-26,MYOR,1868.5,1868.5,1868.5,1868.5,0.0,True,True,True,True,PLACEHOLDER_CANDIDATE
2017-06-27,MYOR,1868.5,1868.5,1868.5,1868.5,0.0,True,True,True,True,PLACEHOLDER_CANDIDATE
2017-06-28,MYOR,1868.5,1868.5,1868.5,1868.5,0.0,True,True,True,True,PLACEHOLDER_CANDIDATE
2017-06-29,MYOR,1868.5,1868.5,1868.5,1868.5,0.0,True,True,True,True,PLACEHOLDER_CANDIDATE
2017-06-30,MYOR,1868.5,1868.5,1868.5,1868.5,0.0,True,True,True,True,PLACEHOLDER_CANDIDATE
2017-08-17,MYOR,1635.99,1635.99,1635.99,1635.99,0.0,True,True,True,True,PLACEHOLDER_CANDIDATE
2017-09-01,MYOR,1690.95,1690.95,1690.95,1690.95,0.0,True,True,True,True,PLACEHOLDER_CANDIDATE
2017-09-21,MYOR,1627.54,1627.54,1627.54,1627.54,0.0,True,True,True,True,PLACEHOLDER_CANDIDATE
2017-12-25,MYOR,1995.32,1995.32,1995.32,1995.32,0.0,True,True,True,True,PLACEHOLDER_CANDIDATE
2017-12-26,MYOR,1995.32,1995.32,1995.32,1995.32,0.0,True,True,True,True,PLACEHOLDER_CANDIDATE
2018-01-01,MYOR,1707.86,1707.86,1707.86,1707.86,0.0,True,True,True,True,PLACEHOLDER_CANDIDATE
2018-02-16,MYOR,2020.68,2020.68,2020.68,2020.68,0.0,True,True,True,True,PLACEHOLDER_CANDIDATE
2018-03-30,MYOR,2494.15,2494.15,2494.15,2494.15,0.0,True,True,True,True,PLACEHOLDER_CANDIDATE
2018-05-01,MYOR,2494.15,2494.15,2494.15,2494.15,0.0,True,True,True,True,PLACEHOLDER_CANDIDATE
2018-05-10,MYOR,2477.24,2477.24,2477.24,2477.24,0.0,True,True,True,True,PLACEHOLDER_CANDIDATE
2018-05-29,MYOR,2494.15,2494.15,2494.15,2494.15,0.0,True,True,True,True,PLACEHOLDER_CANDIDATE
2018-06-01,MYOR,2527.97,2527.97,2527.97,2527.97,0.0,True,True,True,True,PLACEHOLDER_CANDIDATE
2018-06-11,MYOR,2635.4,2635.4,2635.4,2635.4,0.0,True,True,True,True,PLACEHOLDER_CANDIDATE
2018-06-12,MYOR,2635.4,2635.4,2635.4,2635.4,0.0,True,True,True,True,PLACEHOLDER_CANDIDATE
2018-06-13,MYOR,2635.4,2635.4,2635.4,2635.4,0.0,True,True,True,True,PLACEHOLDER_CANDIDATE
2018-06-14,MYOR,2635.4,2635.4,2635.4,2635.4,0.0,True,True,True,True,PLACEHOLDER_CANDIDATE
2018-06-15,MYOR,2635.4,2635.4,2635.4,2635.4,0.0,True,True,True,True,PLACEHOLDER_CANDIDATE
2018-06-18,MYOR,2635.4,2635.4,2635.4,2635.4,0.0,True,True,True,True,PLACEHOLDER_CANDIDATE
2018-06-19,MYOR,2635.4,2635.4,2635.4,2635.4,0.0,True,True,True,True,PLACEHOLDER_CANDIDATE
2018-08-17,MYOR,2379.53,2379.53,2379.53,2379.53,0.0,True,True,True,True,PLACEHOLDER_CANDIDATE
2018-08-22,MYOR,2447.76,2447.76,2447.76,2447.76,0.0,True,True,True,True,PLACEHOLDER_CANDIDATE
2018-09-11,MYOR,2379.53,2379.53,2379.53,2379.53,0.0,True,True,True,True,PLACEHOLDER_CANDIDATE
2018-11-20,MYOR,2038.38,2038.38,2038.38,2038.38,0.0,True,True,True,True,PLACEHOLDER_CANDIDATE
2018-12-24,MYOR,2217.48,2217.48,2217.48,2217.48,0.0,True,True,True,True,PLACEHOLDER_CANDIDATE
2018-12-25,MYOR,2217.48,2217.48,2217.48,2217.48,0.0,True,True,True,True,PLACEHOLDER_CANDIDATE
2018-12-31,MYOR,2234.54,2234.54,2234.54,2234.54,0.0,True,True,True,True,PLACEHOLDER_CANDIDATE
2019-01-01,MYOR,2234.54,2234.54,2234.54,2234.54,0.0,True,True,True,True,PLACEHOLDER_CANDIDATE
2019-02-05,MYOR,2260.13,2260.13,2260.13,2260.13,0.0,True,True,True,True,PLACEHOLDER_CANDIDATE
2019-03-07,MYOR,2260.13,2260.13,2260.13,2260.13,0.0,True,True,True,True,PLACEHOLDER_CANDIDATE
2019-04-03,MYOR,2132.2,2132.2,2132.2,2132.2,0.0,True,True,True,True,PLACEHOLDER_CANDIDATE
2019-04-17,MYOR,2174.84,2174.84,2174.84,2174.84,0.0,True,True,True,True,PLACEHOLDER_CANDIDATE
2019-04-19,MYOR,2166.31,2166.31,2166.31,2166.31,0.0,True,True,True,True,PLACEHOLDER_CANDIDATE
2019-05-01,MYOR,2217.48,2217.48,2217.48,2217.48,0.0,True,True,True,True,PLACEHOLDER_CANDIDATE
2019-05-30,MYOR,2149.25,2149.25,2149.25,2149.25,0.0,True,True,True,True,PLACEHOLDER_CANDIDATE
2019-06-03,MYOR,2183.37,2183.37,2183.37,2183.37,0.0,True,True,True,True,PLACEHOLDER_CANDIDATE
2019-06-04,MYOR,2183.37,2183.37,2183.37,2183.37,0.0,True,True,True,True,PLACEHOLDER_CANDIDATE
2019-06-05,MYOR,2183.37,2183.37,2183.37,2183.37,0.0,True,True,True,True,PLACEHOLDER_CANDIDATE
2019-06-06,MYOR,2183.37,2183.37,2183.37,2183.37,0.0,True,True,True,True,PLACEHOLDER_CANDIDATE
2019-06-07,MYOR,2183.37,2183.37,2183.37,2183.37,0.0,True,True,True,True,PLACEHOLDER_CANDIDATE
2026-05-14,MYOR,1693.06,1693.06,1693.06,1693.06,0.0,True,True,True,True,PLACEHOLDER_CANDIDATE
2026-05-15,MYOR,1693.06,1693.06,1693.06,1693.06,0.0,True,True,True,True,PLACEHOLDER_CANDIDATE
2026-05-27,MYOR,1784.71,1784.71,1784.71,1784.71,0.0,True,True,True,True,PLACEHOLDER_CANDIDATE
2026-05-28,MYOR,1784.71,1784.71,1784.71,1784.71,0.0,True,True,True,True,PLACEHOLDER_CANDIDATE
2026-08-25,MYOR,1620.0,1620.0,1620.0,1620.0,0.0,True,True,True,True,PLACEHOLDER_CANDIDATE
2026-05-14,MYTX,58.0,58.0,58.0,58.0,0.0,True,True,True,True,PLACEHOLDER_CANDIDATE
2026-05-15,MYTX,58.0,58.0,58.0,58.0,0.0,True,True,True,True,PLACEHOLDER_CANDIDATE
2026-05-27,MYTX,46.0,46.0,46.0,46.0,0.0,True,True,True,True,PLACEHOLDER_CANDIDATE
2026-05-28,MYTX,46.0,46.0,46.0,46.0,0.0,True,True,True,True,PLACEHOLDER_CANDIDATE
2026-08-17,MYTX,41.0,41.0,41.0,41.0,0.0,True,True,True,True,PLACEHOLDER_CANDIDATE
2026-08-25,MYTX,41.0,41.0,41.0,41.0,0.0,True,True,True,True,PLACEHOLDER_CANDIDATE
2026-05-14,NAIK,99.0,99.0,99.0,99.0,0.0,True,True,True,True,PLACEHOLDER_CANDIDATE
2026-05-15,NAIK,99.0,99.0,99.0,99.0,0.0,True,True,True,True,PLACEHOLDER_CANDIDATE
2026-05-27,NAIK,93.0,93.0,93.0,93.0,0.0,True,True,True,True,PLACEHOLDER_CANDIDATE
2026-05-28,NAIK,93.0,93.0,93.0,93.0,0.0,True,True,True,True,PLACEHOLDER_CANDIDATE
2026-05-14,NANO,34.0,34.0,34.0,34.0,0.0,True,True,True,True,PLACEHOLDER_CANDIDATE
2026-05-15,NANO,34.0,34.0,34.0,34.0,0.0,True,True,True,True,PLACEHOLDER_CANDIDATE
2026-05-27,NANO,27.0,27.0,27.0,27.0,0.0,True,True,True,True,PLACEHOLDER_CANDIDATE
2026-05-28,NANO,27.0,27.0,27.0,27.0,0.0,True,True,True,True,PLACEHOLDER_CANDIDATE
2026-05-14,NASA,39.0,39.0,39.0,39.0,0.0,True,True,True,True,PLACEHOLDER_CANDIDATE
2026-05-15,NASA,39.0,39.0,39.0,39.0,0.0,True,True,True,True,PLACEHOLDER_CANDIDATE
2026-05-27,NASA,37.0,37.0,37.0,37.0,0.0,True,True,True,True,PLACEHOLDER_CANDIDATE
2026-05-28,NASA,37.0,37.0,37.0,37.0,0.0,True,True,True,True,PLACEHOLDER_CANDIDATE
2026-05-14,NASI,137.0,137.0,137.0,137.0,0.0,True,True,True,True,PLACEHOLDER_CANDIDATE
2026-05-15,NASI,137.0,137.0,137.0,137.0,0.0,True,True,True,True,PLACEHOLDER_CANDIDATE
2026-05-27,NASI,124.0,124.0,124.0,124.0,0.0,True,True,True,True,PLACEHOLDER_CANDIDATE
2026-05-28,NASI,124.0,124.0,124.0,124.0,0.0,True,True,True,True,PLACEHOLDER_CANDIDATE
2026-05-14,NATO,610.0,610.0,610.0,610.0,0.0,True,True,True,True,PLACEHOLDER_CANDIDATE
2026-05-15,NATO,610.0,610.0,610.0,610.0,0.0,True,True,True,True,PLACEHOLDER_CANDIDATE
2026-05-27,NATO,590.0,590.0,590.0,590.0,0.0,True,True,True,True,PLACEHOLDER_CANDIDATE
2026-05-28,NATO,590.0,590.0,590.0,590.0,0.0,True,True,True,True,PLACEHOLDER_CANDIDATE
2026-05-14,NAYZ,63.0,63.0,63.0,63.0,0.0,True,True,True,True,PLACEHOLDER_CANDIDATE
2026-05-15,NAYZ,63.0,63.0,63.0,63.0,0.0,True,True,True,True,PLACEHOLDER_CANDIDATE
2026-05-27,NAYZ,49.0,49.0,49.0,49.0,0.0,True,True,True,True,PLACEHOLDER_CANDIDATE
2026-05-28,NAYZ,49.0,49.0,49.0,49.0,0.0,True,True,True,True,PLACEHOLDER_CANDIDATE
2026-05-14,NCKL,948.3151245117188,948.3151245117188,948.3151245117188,948.3151245117188,0.0,True,True,True,True,PLACEHOLDER_CANDIDATE
2026-05-15,NCKL,948.3151245117188,948.3151245117188,948.3151245117188,948.3151245117188,0.0,True,True,True,True,PLACEHOLDER_CANDIDATE
2026-05-27,NCKL,801.3262939453125,801.3262939453125,801.3262939453125,801.3262939453125,0.0,True,True,True,True,PLACEHOLDER_CANDIDATE
2026-05-28,NCKL,801.3262939453125,801.3262939453125,801.3262939453125,801.3262939453125,0.0,True,True,True,True,PLACEHOLDER_CANDIDATE
2026-05-14,NELY,282.4220275878906,282.4220275878906,282.4220275878906,282.4220275878906,0.0,True,True,True,True,PLACEHOLDER_CANDIDATE
2026-05-15,NELY,282.4220275878906,282.4220275878906,282.4220275878906,282.4220275878906,0.0,True,True,True,True,PLACEHOLDER_CANDIDATE
2026-05-27,NELY,238.5321044921875,238.5321044921875,238.5321044921875,238.5321044921875,0.0,True,True,True,True,PLACEHOLDER_CANDIDATE
2026-05-28,NELY,238.5321044921875,238.5321044921875,238.5321044921875,238.5321044921875,0.0,True,True,True,True,PLACEHOLDER_CANDIDATE
2026-05-14,NEST,590.0,590.0,590.0,590.0,0.0,True,True,True,True,PLACEHOLDER_CANDIDATE
2026-05-15,NEST,590.0,590.0,590.0,590.0,0.0,True,True,True,True,PLACEHOLDER_CANDIDATE
2026-05-27,NEST,515.0,515.0,515.0,515.0,0.0,True,True,True,True,PLACEHOLDER_CANDIDATE
2026-05-28,NEST,515.0,515.0,515.0,515.0,0.0,True,True,True,True,PLACEHOLDER_CANDIDATE
2026-05-14,NETV,81.0,81.0,81.0,81.0,0.0,True,True,True,True,PLACEHOLDER_CANDIDATE
2026-05-15,NETV,81.0,81.0,81.0,81.0,0.0,True,True,True,True,PLACEHOLDER_CANDIDATE
2026-05-27,NETV,67.0,67.0,67.0,67.0,0.0,True,True,True,True,PLACEHOLDER_CANDIDATE
2026-05-28,NETV,67.0,67.0,67.0,67.0,0.0,True,True,True,True,PLACEHOLDER_CANDIDATE
2026-05-14,NFCX,1750.0,1750.0,1750.0,1750.0,0.0,True,True,True,True,PLACEHOLDER_CANDIDATE
2026-05-15,NFCX,1750.0,1750.0,1750.0,1750.0,0.0,True,True,True,True,PLACEHOLDER_CANDIDATE
2026-05-27,NFCX,1700.0,1700.0,1700.0,1700.0,0.0,True,True,True,True,PLACEHOLDER_CANDIDATE
2026-05-28,NFCX,1700.0,1700.0,1700.0,1700.0,0.0,True,True,True,True,PLACEHOLDER_CANDIDATE
2026-05-14,NICE,306.0,306.0,306.0,306.0,0.0,True,True,True,True,PLACEHOLDER_CANDIDATE
2026-05-15,NICE,306.0,306.0,306.0,306.0,0.0,True,True,True,True,PLACEHOLDER_CANDIDATE
2026-05-27,NICE,276.0,276.0,276.0,276.0,0.0,True,True,True,True,PLACEHOLDER_CANDIDATE
2026-05-28,NICE,276.0,276.0,276.0,276.0,0.0,True,True,True,True,PLACEHOLDER_CANDIDATE
2026-05-14,NICK,1155.0,1155.0,1155.0,1155.0,0.0,True,True,True,True,PLACEHOLDER_CANDIDATE
2026-05-15,NICK,1155.0,1155.0,1155.0,1155.0,0.0,True,True,True,True,PLACEHOLDER_CANDIDATE
2026-05-27,NICK,1120.0,1120.0,1120.0,1120.0,0.0,True,True,True,True,PLACEHOLDER_CANDIDATE
2026-05-28,NICK,1120.0,1120.0,1120.0,1120.0,0.0,True,True,True,True,PLACEHOLDER_CANDIDATE
2026-05-14,NICL,747.2625732421875,747.2625732421875,747.2625732421875,747.2625732421875,0.0,True,True,True,True,PLACEHOLDER_CANDIDATE
2026-05-15,NICL,747.2625732421875,747.2625732421875,747.2625732421875,747.2625732421875,0.0,True,True,True,True,PLACEHOLDER_CANDIDATE
2026-05-27,NICL,535.8659057617188,535.8659057617188,535.8659057617188,535.8659057617188,0.0,True,True,True,True,PLACEHOLDER_CANDIDATE
2026-05-28,NICL,535.8659057617188,535.8659057617188,535.8659057617188,535.8659057617188,0.0,True,True,True,True,PLACEHOLDER_CANDIDATE
2026-05-14,NIKL,326.0,326.0,326.0,326.0,0.0,True,True,True,True,PLACEHOLDER_CANDIDATE
2026-05-15,NIKL,326.0,326.0,326.0,326.0,0.0,True,True,True,True,PLACEHOLDER_CANDIDATE
2026-05-27,NIKL,252.0,252.0,252.0,252.0,0.0,True,True,True,True,PLACEHOLDER_CANDIDATE
2026-05-28,NIKL,252.0,252.0,252.0,252.0,0.0,True,True,True,True,PLACEHOLDER_CANDIDATE
2026-05-14,NINE,124.0,124.0,124.0,124.0,0.0,True,True,True,True,PLACEHOLDER_CANDIDATE
2026-05-15,NINE,124.0,124.0,124.0,124.0,0.0,True,True,True,True,PLACEHOLDER_CANDIDATE
2026-05-27,NINE,98.0,98.0,98.0,98.0,0.0,True,True,True,True,PLACEHOLDER_CANDIDATE
2026-05-28,NINE,98.0,98.0,98.0,98.0,0.0,True,True,True,True,PLACEHOLDER_CANDIDATE
2026-05-14,NIRO,198.0,198.0,198.0,198.0,0.0,True,True,True,True,PLACEHOLDER_CANDIDATE
2026-05-15,NIRO,198.0,198.0,198.0,198.0,0.0,True,True,True,True,PLACEHOLDER_CANDIDATE
2026-05-27,NIRO,172.0,172.0,172.0,172.0,0.0,True,True,True,True,PLACEHOLDER_CANDIDATE
2026-05-28,NIRO,172.0,172.0,172.0,172.0,0.0,True,True,True,True,PLACEHOLDER_CANDIDATE
2014-04-09,NISP,494.52,494.52,494.52,494.52,0.0,True,True,True,True,PLACEHOLDER_CANDIDATE
2014-07-09,NISP,504.03,504.03,504.03,504.03,0.0,True,True,True,True,PLACEHOLDER_CANDIDATE
2015-12-09,NISP,485.01,485.01,485.01,485.01,0.0,True,True,True,True,PLACEHOLDER_CANDIDATE
2017-01-02,NISP,787.43,787.43,787.43,787.43,0.0,True,True,True,True,PLACEHOLDER_CANDIDATE
2017-02-15,NISP,677.11,677.11,677.11,677.11,0.0,True,True,True,True,PLACEHOLDER_CANDIDATE
2017-04-19,NISP,694.23,694.23,694.23,694.23,0.0,True,True,True,True,PLACEHOLDER_CANDIDATE
2017-06-01,NISP,665.7,665.7,665.7,665.7,0.0,True,True,True,True,PLACEHOLDER_CANDIDATE
2017-06-23,NISP,684.72,684.72,684.72,684.72,0.0,True,True,True,True,PLACEHOLDER_CANDIDATE
2017-06-26,NISP,684.72,684.72,684.72,684.72,0.0,True,True,True,True,PLACEHOLDER_CANDIDATE
2017-06-27,NISP,684.72,684.72,684.72,684.72,0.0,True,True,True,True,PLACEHOLDER_CANDIDATE
2017-06-28,NISP,684.72,684.72,684.72,684.72,0.0,True,True,True,True,PLACEHOLDER_CANDIDATE
2017-06-29,NISP,684.72,684.72,684.72,684.72,0.0,True,True,True,True,PLACEHOLDER_CANDIDATE
2017-06-30,NISP,684.72,684.72,684.72,684.72,0.0,True,True,True,True,PLACEHOLDER_CANDIDATE
2017-08-17,NISP,688.52,688.52,688.52,688.52,0.0,True,True,True,True,PLACEHOLDER_CANDIDATE
2017-09-01,NISP,713.25,713.25,713.25,713.25,0.0,True,True,True,True,PLACEHOLDER_CANDIDATE
2017-09-21,NISP,698.03,698.03,698.03,698.03,0.0,True,True,True,True,PLACEHOLDER_CANDIDATE
2017-12-25,NISP,736.07,736.07,736.07,736.07,0.0,True,True,True,True,PLACEHOLDER_CANDIDATE
2017-12-26,NISP,736.07,736.07,736.07,736.07,0.0,True,True,True,True,PLACEHOLDER_CANDIDATE
2018-01-01,NISP,713.25,713.25,713.25,713.25,0.0,True,True,True,True,PLACEHOLDER_CANDIDATE
2018-02-16,NISP,698.03,698.03,698.03,698.03,0.0,True,True,True,True,PLACEHOLDER_CANDIDATE
2018-03-30,NISP,713.25,713.25,713.25,713.25,0.0,True,True,True,True,PLACEHOLDER_CANDIDATE
2018-05-01,NISP,787.43,787.43,787.43,787.43,0.0,True,True,True,True,PLACEHOLDER_CANDIDATE
2018-05-10,NISP,680.92,680.92,680.92,680.92,0.0,True,True,True,True,PLACEHOLDER_CANDIDATE
2018-05-29,NISP,692.33,692.33,692.33,692.33,0.0,True,True,True,True,PLACEHOLDER_CANDIDATE
2018-06-01,NISP,684.72,684.72,684.72,684.72,0.0,True,True,True,True,PLACEHOLDER_CANDIDATE
2018-06-11,NISP,680.92,680.92,680.92,680.92,0.0,True,True,True,True,PLACEHOLDER_CANDIDATE
2018-06-12,NISP,680.92,680.92,680.92,680.92,0.0,True,True,True,True,PLACEHOLDER_CANDIDATE
2018-06-13,NISP,680.92,680.92,680.92,680.92,0.0,True,True,True,True,PLACEHOLDER_CANDIDATE
2018-06-14,NISP,680.92,680.92,680.92,680.92,0.0,True,True,True,True,PLACEHOLDER_CANDIDATE
2018-06-15,NISP,680.92,680.92,680.92,680.92,0.0,True,True,True,True,PLACEHOLDER_CANDIDATE
2018-06-18,NISP,680.92,680.92,680.92,680.92,0.0,True,True,True,True,PLACEHOLDER_CANDIDATE
2018-06-19,NISP,680.92,680.92,680.92,680.92,0.0,True,True,True,True,PLACEHOLDER_CANDIDATE
2018-08-17,NISP,658.09,658.09,658.09,658.09,0.0,True,True,True,True,PLACEHOLDER_CANDIDATE
2018-08-22,NISP,658.09,658.09,658.09,658.09,0.0,True,True,True,True,PLACEHOLDER_CANDIDATE
2018-09-11,NISP,642.88,642.88,642.88,642.88,0.0,True,True,True,True,PLACEHOLDER_CANDIDATE
2018-11-20,NISP,646.68,646.68,646.68,646.68,0.0,True,True,True,True,PLACEHOLDER_CANDIDATE
2018-12-24,NISP,650.48,650.48,650.48,650.48,0.0,True,True,True,True,PLACEHOLDER_CANDIDATE
2018-12-25,NISP,650.48,650.48,650.48,650.48,0.0,True,True,True,True,PLACEHOLDER_CANDIDATE
2018-12-31,NISP,650.48,650.48,650.48,650.48,0.0,True,True,True,True,PLACEHOLDER_CANDIDATE
2019-01-01,NISP,650.48,650.48,650.48,650.48,0.0,True,True,True,True,PLACEHOLDER_CANDIDATE
2019-02-05,NISP,711.35,711.35,711.35,711.35,0.0,True,True,True,True,PLACEHOLDER_CANDIDATE
2019-03-07,NISP,688.52,688.52,688.52,688.52,0.0,True,True,True,True,PLACEHOLDER_CANDIDATE
2019-04-03,NISP,684.72,684.72,684.72,684.72,0.0,True,True,True,True,PLACEHOLDER_CANDIDATE
2019-04-17,NISP,680.92,680.92,680.92,680.92,0.0,True,True,True,True,PLACEHOLDER_CANDIDATE
2019-04-19,NISP,677.11,677.11,677.11,677.11,0.0,True,True,True,True,PLACEHOLDER_CANDIDATE
2019-05-01,NISP,684.72,684.72,684.72,684.72,0.0,True,True,True,True,PLACEHOLDER_CANDIDATE
2019-05-30,NISP,673.31,673.31,673.31,673.31,0.0,True,True,True,True,PLACEHOLDER_CANDIDATE
2019-06-03,NISP,680.92,680.92,680.92,680.92,0.0,True,True,True,True,PLACEHOLDER_CANDIDATE
2019-06-04,NISP,680.92,680.92,680.92,680.92,0.0,True,True,True,True,PLACEHOLDER_CANDIDATE
2019-06-05,NISP,680.92,680.92,680.92,680.92,0.0,True,True,True,True,PLACEHOLDER_CANDIDATE
2019-06-06,NISP,680.92,680.92,680.92,680.92,0.0,True,True,True,True,PLACEHOLDER_CANDIDATE
2019-06-07,NISP,680.92,680.92,680.92,680.92,0.0,True,True,True,True,PLACEHOLDER_CANDIDATE
2026-05-14,NISP,1335.0,1335.0,1335.0,1335.0,0.0,True,True,True,True,PLACEHOLDER_CANDIDATE
2026-05-15,NISP,1335.0,1335.0,1335.0,1335.0,0.0,True,True,True,True,PLACEHOLDER_CANDIDATE
2026-05-27,NISP,1295.0,1295.0,1295.0,1295.0,0.0,True,True,True,True,PLACEHOLDER_CANDIDATE
2026-05-28,NISP,1295.0,1295.0,1295.0,1295.0,0.0,True,True,True,True,PLACEHOLDER_CANDIDATE
2026-08-25,NISP,1265.0,1265.0,1265.0,1265.0,0.0,True,True,True,True,PLACEHOLDER_CANDIDATE
2014-04-09,NOBU,710.94,710.94,710.94,710.94,0.0,True,True,True,True,PLACEHOLDER_CANDIDATE
2014-07-09,NOBU,748.11,748.11,748.11,748.11,0.0,True,True,True,True,PLACEHOLDER_CANDIDATE
2015-12-09,NOBU,543.66,543.66,543.66,543.66,0.0,True,True,True,True,PLACEHOLDER_CANDIDATE
2017-01-02,NOBU,706.29,706.29,706.29,706.29,0.0,True,True,True,True,PLACEHOLDER_CANDIDATE
2017-02-15,NOBU,803.87,803.87,803.87,803.87,0.0,True,True,True,True,PLACEHOLDER_CANDIDATE
2017-04-19,NOBU,836.4,836.4,836.4,836.4,0.0,True,True,True,True,PLACEHOLDER_CANDIDATE
2017-06-01,NOBU,845.69,845.69,845.69,845.69,0.0,True,True,True,True,PLACEHOLDER_CANDIDATE
2017-06-23,NOBU,836.4,836.4,836.4,836.4,0.0,True,True,True,True,PLACEHOLDER_CANDIDATE
2017-06-26,NOBU,836.4,836.4,836.4,836.4,0.0,True,True,True,True,PLACEHOLDER_CANDIDATE
2017-06-27,NOBU,836.4,836.4,836.4,836.4,0.0,True,True,True,True,PLACEHOLDER_CANDIDATE
2017-06-28,NOBU,836.4,836.4,836.4,836.4,0.0,True,True,True,True,PLACEHOLDER_CANDIDATE
2017-06-29,NOBU,836.4,836.4,836.4,836.4,0.0,True,True,True,True,PLACEHOLDER_CANDIDATE
2017-06-30,NOBU,836.4,836.4,836.4,836.4,0.0,True,True,True,True,PLACEHOLDER_CANDIDATE
2017-08-17,NOBU,813.17,813.17,813.17,813.17,0.0,True,True,True,True,PLACEHOLDER_CANDIDATE
2017-09-01,NOBU,813.17,813.17,813.17,813.17,0.0,True,True,True,True,PLACEHOLDER_CANDIDATE
2017-09-21,NOBU,822.46,822.46,822.46,822.46,0.0,True,True,True,True,PLACEHOLDER_CANDIDATE
2017-12-25,NOBU,887.51,887.51,887.51,887.51,0.0,True,True,True,True,PLACEHOLDER_CANDIDATE
2017-12-26,NOBU,887.51,887.51,887.51,887.51,0.0,True,True,True,True,PLACEHOLDER_CANDIDATE
2018-01-01,NOBU,892.16,892.16,892.16,892.16,0.0,True,True,True,True,PLACEHOLDER_CANDIDATE
2018-02-16,NOBU,808.52,808.52,808.52,808.52,0.0,True,True,True,True,PLACEHOLDER_CANDIDATE
2018-03-30,NOBU,845.69,845.69,845.69,845.69,0.0,True,True,True,True,PLACEHOLDER_CANDIDATE
2018-05-01,NOBU,845.69,845.69,845.69,845.69,0.0,True,True,True,True,PLACEHOLDER_CANDIDATE
2018-05-10,NOBU,841.05,841.05,841.05,841.05,0.0,True,True,True,True,PLACEHOLDER_CANDIDATE
2018-05-29,NOBU,841.05,841.05,841.05,841.05,0.0,True,True,True,True,PLACEHOLDER_CANDIDATE
2018-06-01,NOBU,868.93,868.93,868.93,868.93,0.0,True,True,True,True,PLACEHOLDER_CANDIDATE
2018-06-11,NOBU,878.22,878.22,878.22,878.22,0.0,True,True,True,True,PLACEHOLDER_CANDIDATE
2018-06-12,NOBU,878.22,878.22,878.22,878.22,0.0,True,True,True,True,PLACEHOLDER_CANDIDATE
2018-06-13,NOBU,878.22,878.22,878.22,878.22,0.0,True,True,True,True,PLACEHOLDER_CANDIDATE
2018-06-14,NOBU,878.22,878.22,878.22,878.22,0.0,True,True,True,True,PLACEHOLDER_CANDIDATE
2018-06-15,NOBU,878.22,878.22,878.22,878.22,0.0,True,True,True,True,PLACEHOLDER_CANDIDATE
2018-06-18,NOBU,878.22,878.22,878.22,878.22,0.0,True,True,True,True,PLACEHOLDER_CANDIDATE
2018-06-19,NOBU,878.22,878.22,878.22,878.22,0.0,True,True,True,True,PLACEHOLDER_CANDIDATE
2018-08-17,NOBU,873.57,873.57,873.57,873.57,0.0,True,True,True,True,PLACEHOLDER_CANDIDATE
2018-08-22,NOBU,901.45,901.45,901.45,901.45,0.0,True,True,True,True,PLACEHOLDER_CANDIDATE
2018-09-11,NOBU,882.87,882.87,882.87,882.87,0.0,True,True,True,True,PLACEHOLDER_CANDIDATE
2018-11-20,NOBU,1012.97,1012.97,1012.97,1012.97,0.0,True,True,True,True,PLACEHOLDER_CANDIDATE
2018-12-24,NOBU,762.05,762.05,762.05,762.05,0.0,True,True,True,True,PLACEHOLDER_CANDIDATE
2018-12-25,NOBU,762.05,762.05,762.05,762.05,0.0,True,True,True,True,PLACEHOLDER_CANDIDATE
2018-12-31,NOBU,929.33,929.33,929.33,929.33,0.0,True,True,True,True,PLACEHOLDER_CANDIDATE
2019-01-01,NOBU,929.33,929.33,929.33,929.33,0.0,True,True,True,True,PLACEHOLDER_CANDIDATE
2019-02-05,NOBU,896.81,896.81,896.81,896.81,0.0,True,True,True,True,PLACEHOLDER_CANDIDATE
2019-03-07,NOBU,920.04,920.04,920.04,920.04,0.0,True,True,True,True,PLACEHOLDER_CANDIDATE
2019-04-03,NOBU,910.75,910.75,910.75,910.75,0.0,True,True,True,True,PLACEHOLDER_CANDIDATE
2019-04-17,NOBU,929.33,929.33,929.33,929.33,0.0,True,True,True,True,PLACEHOLDER_CANDIDATE
2019-04-19,NOBU,929.33,929.33,929.33,929.33,0.0,True,True,True,True,PLACEHOLDER_CANDIDATE
2019-05-01,NOBU,882.87,882.87,882.87,882.87,0.0,True,True,True,True,PLACEHOLDER_CANDIDATE
2019-05-30,NOBU,892.16,892.16,892.16,892.16,0.0,True,True,True,True,PLACEHOLDER_CANDIDATE
2019-06-03,NOBU,892.16,892.16,892.16,892.16,0.0,True,True,True,True,PLACEHOLDER_CANDIDATE
2019-06-04,NOBU,892.16,892.16,892.16,892.16,0.0,True,True,True,True,PLACEHOLDER_CANDIDATE
2019-06-05,NOBU,892.16,892.16,892.16,892.16,0.0,True,True,True,True,PLACEHOLDER_CANDIDATE
2019-06-06,NOBU,892.16,892.16,892.16,892.16,0.0,True,True,True,True,PLACEHOLDER_CANDIDATE
2019-06-07,NOBU,892.16,892.16,892.16,892.16,0.0,True,True,True,True,PLACEHOLDER_CANDIDATE
2026-05-14,NOBU,500.0,500.0,500.0,500.0,0.0,True,True,True,True,PLACEHOLDER_CANDIDATE
2026-05-15,NOBU,500.0,500.0,500.0,500.0,0.0,True,True,True,True,PLACEHOLDER_CANDIDATE
2026-05-27,NOBU,474.0,474.0,474.0,474.0,0.0,True,True,True,True,PLACEHOLDER_CANDIDATE
2026-05-28,NOBU,474.0,474.0,474.0,474.0,0.0,True,True,True,True,PLACEHOLDER_CANDIDATE
2026-05-14,NPGF,73.61724090576172,73.61724090576172,73.61724090576172,73.61724090576172,0.0,True,True,True,True,PLACEHOLDER_CANDIDATE
2026-05-15,NPGF,73.61724090576172,73.61724090576172,73.61724090576172,73.61724090576172,0.0,True,True,True,True,PLACEHOLDER_CANDIDATE
2026-05-27,NPGF,62.67413711547852,62.67413711547852,62.67413711547852,62.67413711547852,0.0,True,True,True,True,PLACEHOLDER_CANDIDATE
2026-05-28,NPGF,62.67413711547852,62.67413711547852,62.67413711547852,62.67413711547852,0.0,True,True,True,True,PLACEHOLDER_CANDIDATE
2026-05-14,NRCA,507.7659606933594,507.7659606933594,507.7659606933594,507.7659606933594,0.0,True,True,True,True,PLACEHOLDER_CANDIDATE
2026-05-15,NRCA,507.7659606933594,507.7659606933594,507.7659606933594,507.7659606933594,0.0,True,True,True,True,PLACEHOLDER_CANDIDATE
2026-05-27,NRCA,437.3191528320313,437.3191528320313,437.3191528320313,437.3191528320313,0.0,True,True,True,True,PLACEHOLDER_CANDIDATE
2026-05-28,NRCA,437.3191528320313,437.3191528320313,437.3191528320313,437.3191528320313,0.0,True,True,True,True,PLACEHOLDER_CANDIDATE
2026-05-14,NSSS,758.7294921875,758.7294921875,758.7294921875,758.7294921875,0.0,True,True,True,True,PLACEHOLDER_CANDIDATE
2026-05-15,NSSS,758.7294921875,758.7294921875,758.7294921875,758.7294921875,0.0,True,True,True,True,PLACEHOLDER_CANDIDATE
2026-05-27,NSSS,456.2295227050781,456.2295227050781,456.2295227050781,456.2295227050781,0.0,True,True,True,True,PLACEHOLDER_CANDIDATE
2026-05-28,NSSS,456.2295227050781,456.2295227050781,456.2295227050781,456.2295227050781,0.0,True,True,True,True,PLACEHOLDER_CANDIDATE
2026-05-14,NTBK,94.93777465820312,94.93777465820312,94.93777465820312,94.93777465820312,0.0,True,True,True,True,PLACEHOLDER_CANDIDATE
2026-05-15,NTBK,94.93777465820312,94.93777465820312,94.93777465820312,94.93777465820312,0.0,True,True,True,True,PLACEHOLDER_CANDIDATE
2026-05-27,NTBK,77.0,77.0,77.0,77.0,0.0,True,True,True,True,PLACEHOLDER_CANDIDATE
2026-05-28,NTBK,77.0,77.0,77.0,77.0,0.0,True,True,True,True,PLACEHOLDER_CANDIDATE
2026-05-14,NZIA,163.0,163.0,163.0,163.0,0.0,True,True,True,True,PLACEHOLDER_CANDIDATE
2026-05-15,NZIA,163.0,163.0,163.0,163.0,0.0,True,True,True,True,PLACEHOLDER_CANDIDATE
2026-05-27,NZIA,137.0,137.0,137.0,137.0,0.0,True,True,True,True,PLACEHOLDER_CANDIDATE
2026-05-28,NZIA,137.0,137.0,137.0,137.0,0.0,True,True,True,True,PLACEHOLDER_CANDIDATE
2026-05-14,OASA,406.0,406.0,406.0,406.0,0.0,True,True,True,True,PLACEHOLDER_CANDIDATE
2026-05-15,OASA,406.0,406.0,406.0,406.0,0.0,True,True,True,True,PLACEHOLDER_CANDIDATE
2026-05-27,OASA,356.0,356.0,356.0,356.0,0.0,True,True,True,True,PLACEHOLDER_CANDIDATE
2026-05-28,OASA,356.0,356.0,356.0,356.0,0.0,True,True,True,True,PLACEHOLDER_CANDIDATE
2026-05-14,OBAT,293.6806945800781,293.6806945800781,293.6806945800781,293.6806945800781,0.0,True,True,True,True,PLACEHOLDER_CANDIDATE
2026-05-15,OBAT,293.6806945800781,293.6806945800781,293.6806945800781,293.6806945800781,0.0,True,True,True,True,PLACEHOLDER_CANDIDATE
2026-05-27,OBAT,276.0,276.0,276.0,276.0,0.0,True,True,True,True,PLACEHOLDER_CANDIDATE
2026-05-28,OBAT,276.0,276.0,276.0,276.0,0.0,True,True,True,True,PLACEHOLDER_CANDIDATE
2026-05-14,OBMD,218.0,218.0,218.0,218.0,0.0,True,True,True,True,PLACEHOLDER_CANDIDATE
2026-05-15,OBMD,218.0,218.0,218.0,218.0,0.0,True,True,True,True,PLACEHOLDER_CANDIDATE
2026-05-27,OBMD,212.0,212.0,212.0,212.0,0.0,True,True,True,True,PLACEHOLDER_CANDIDATE
2026-05-28,OBMD,212.0,212.0,212.0,212.0,0.0,True,True,True,True,PLACEHOLDER_CANDIDATE
2026-05-14,OILS,232.0,232.0,232.0,232.0,0.0,True,True,True,True,PLACEHOLDER_CANDIDATE
2026-05-15,OILS,232.0,232.0,232.0,232.0,0.0,True,True,True,True,PLACEHOLDER_CANDIDATE
2026-05-27,OILS,194.0,194.0,194.0,194.0,0.0,True,True,True,True,PLACEHOLDER_CANDIDATE
2026-05-28,OILS,194.0,194.0,194.0,194.0,0.0,True,True,True,True,PLACEHOLDER_CANDIDATE
2026-05-14,OKAS,118.0,118.0,118.0,118.0,0.0,True,True,True,True,PLACEHOLDER_CANDIDATE
2026-05-15,OKAS,118.0,118.0,118.0,118.0,0.0,True,True,True,True,PLACEHOLDER_CANDIDATE
2026-05-27,OKAS,106.0,106.0,106.0,106.0,0.0,True,True,True,True,PLACEHOLDER_CANDIDATE
2026-05-28,OKAS,106.0,106.0,106.0,106.0,0.0,True,True,True,True,PLACEHOLDER_CANDIDATE
2026-05-14,OLIV,57.0,57.0,57.0,57.0,0.0,True,True,True,True,PLACEHOLDER_CANDIDATE
2026-05-15,OLIV,57.0,57.0,57.0,57.0,0.0,True,True,True,True,PLACEHOLDER_CANDIDATE
2026-05-27,OLIV,54.0,54.0,54.0,54.0,0.0,True,True,True,True,PLACEHOLDER_CANDIDATE
2026-05-28,OLIV,54.0,54.0,54.0,54.0,0.0,True,True,True,True,PLACEHOLDER_CANDIDATE
2026-05-14,OMED,243.0881500244141,243.0881500244141,243.0881500244141,243.0881500244141,0.0,True,True,True,True,PLACEHOLDER_CANDIDATE
2026-05-15,OMED,243.0881500244141,243.0881500244141,243.0881500244141,243.0881500244141,0.0,True,True,True,True,PLACEHOLDER_CANDIDATE
2026-05-27,OMED,197.9992218017578,197.9992218017578,197.9992218017578,197.9992218017578,0.0,True,True,True,True,PLACEHOLDER_CANDIDATE
2026-05-28,OMED,197.9992218017578,197.9992218017578,197.9992218017578,197.9992218017578,0.0,True,True,True,True,PLACEHOLDER_CANDIDATE
2026-05-14,OMRE,855.0,855.0,855.0,855.0,0.0,True,True,True,True,PLACEHOLDER_CANDIDATE
2026-05-15,OMRE,855.0,855.0,855.0,855.0,0.0,True,True,True,True,PLACEHOLDER_CANDIDATE
2026-05-27,OMRE,835.0,835.0,835.0,835.0,0.0,True,True,True,True,PLACEHOLDER_CANDIDATE
2026-05-28,OMRE,835.0,835.0,835.0,835.0,0.0,True,True,True,True,PLACEHOLDER_CANDIDATE
2026-08-25,OMRE,970.0,970.0,970.0,970.0,0.0,True,True,True,True,PLACEHOLDER_CANDIDATE
2026-05-14,OPMS,127.0,127.0,127.0,127.0,0.0,True,True,True,True,PLACEHOLDER_CANDIDATE
2026-05-15,OPMS,127.0,127.0,127.0,127.0,0.0,True,True,True,True,PLACEHOLDER_CANDIDATE
2026-05-27,OPMS,112.0,112.0,112.0,112.0,0.0,True,True,True,True,PLACEHOLDER_CANDIDATE
2026-05-28,OPMS,112.0,112.0,112.0,112.0,0.0,True,True,True,True,PLACEHOLDER_CANDIDATE
2026-05-14,PACK,312.0,312.0,312.0,312.0,0.0,True,True,True,True,PLACEHOLDER_CANDIDATE
2026-05-15,PACK,312.0,312.0,312.0,312.0,0.0,True,True,True,True,PLACEHOLDER_CANDIDATE
2026-05-27,PACK,308.0,308.0,308.0,308.0,0.0,True,True,True,True,PLACEHOLDER_CANDIDATE
2026-05-28,PACK,308.0,308.0,308.0,308.0,0.0,True,True,True,True,PLACEHOLDER_CANDIDATE
2026-05-14,PADA,160.0,160.0,160.0,160.0,0.0,True,True,True,True,PLACEHOLDER_CANDIDATE
2026-05-15,PADA,160.0,160.0,160.0,160.0,0.0,True,True,True,True,PLACEHOLDER_CANDIDATE
2026-05-27,PADA,128.0,128.0,128.0,128.0,0.0,True,True,True,True,PLACEHOLDER_CANDIDATE
2026-05-28,PADA,128.0,128.0,128.0,128.0,0.0,True,True,True,True,PLACEHOLDER_CANDIDATE
2026-05-14,PADI,115.0,115.0,115.0,115.0,0.0,True,True,True,True,PLACEHOLDER_CANDIDATE
2026-05-15,PADI,115.0,115.0,115.0,115.0,0.0,True,True,True,True,PLACEHOLDER_CANDIDATE
2026-05-27,PADI,85.0,85.0,85.0,85.0,0.0,True,True,True,True,PLACEHOLDER_CANDIDATE
2026-05-28,PADI,85.0,85.0,85.0,85.0,0.0,True,True,True,True,PLACEHOLDER_CANDIDATE
2026-05-14,PALM,362.221923828125,362.221923828125,362.221923828125,362.221923828125,0.0,True,True,True,True,PLACEHOLDER_CANDIDATE
2026-05-15,PALM,362.221923828125,362.221923828125,362.221923828125,362.221923828125,0.0,True,True,True,True,PLACEHOLDER_CANDIDATE
2026-05-27,PALM,336.4903259277344,336.4903259277344,336.4903259277344,336.4903259277344,0.0,True,True,True,True,PLACEHOLDER_CANDIDATE
2026-05-28,PALM,336.4903259277344,336.4903259277344,336.4903259277344,336.4903259277344,0.0,True,True,True,True,PLACEHOLDER_CANDIDATE
2026-05-14,PAMG,60.0,60.0,60.0,60.0,0.0,True,True,True,True,PLACEHOLDER_CANDIDATE
2026-05-15,PAMG,60.0,60.0,60.0,60.0,0.0,True,True,True,True,PLACEHOLDER_CANDIDATE
2026-05-27,PAMG,53.0,53.0,53.0,53.0,0.0,True,True,True,True,PLACEHOLDER_CANDIDATE
2026-05-28,PAMG,53.0,53.0,53.0,53.0,0.0,True,True,True,True,PLACEHOLDER_CANDIDATE
2018-11-20,PANI,14.12,14.12,14.12,14.12,0.0,True,True,True,True,PLACEHOLDER_CANDIDATE
2018-12-24,PANI,12.2,12.2,12.2,12.2,0.0,True,True,True,True,PLACEHOLDER_CANDIDATE
2018-12-25,PANI,12.2,12.2,12.2,12.2,0.0,True,True,True,True,PLACEHOLDER_CANDIDATE
2018-12-31,PANI,12.56,12.56,12.56,12.56,0.0,True,True,True,True,PLACEHOLDER_CANDIDATE
2019-01-01,PANI,12.56,12.56,12.56,12.56,0.0,True,True,True,True,PLACEHOLDER_CANDIDATE
2019-02-05,PANI,11.42,11.42,11.42,11.42,0.0,True,True,True,True,PLACEHOLDER_CANDIDATE
2019-03-07,PANI,9.36,9.36,9.36,9.36,0.0,True,True,True,True,PLACEHOLDER_CANDIDATE
2019-04-03,PANI,8.44,8.44,8.44,8.44,0.0,True,True,True,True,PLACEHOLDER_CANDIDATE
2019-04-17,PANI,8.37,8.37,8.37,8.37,0.0,True,True,True,True,PLACEHOLDER_CANDIDATE
2019-04-19,PANI,8.3,8.3,8.3,8.3,0.0,True,True,True,True,PLACEHOLDER_CANDIDATE
2019-05-01,PANI,8.09,8.09,8.09,8.09,0.0,True,True,True,True,PLACEHOLDER_CANDIDATE
2019-05-30,PANI,7.59,7.59,7.59,7.59,0.0,True,True,True,True,PLACEHOLDER_CANDIDATE
2019-06-03,PANI,7.52,7.52,7.52,7.52,0.0,True,True,True,True,PLACEHOLDER_CANDIDATE
2019-06-04,PANI,7.52,7.52,7.52,7.52,0.0,True,True,True,True,PLACEHOLDER_CANDIDATE
2019-06-05,PANI,7.52,7.52,7.52,7.52,0.0,True,True,True,True,PLACEHOLDER_CANDIDATE
2019-06-06,PANI,7.52,7.52,7.52,7.52,0.0,True,True,True,True,PLACEHOLDER_CANDIDATE
2019-06-07,PANI,7.52,7.52,7.52,7.52,0.0,True,True,True,True,PLACEHOLDER_CANDIDATE
2026-05-14,PANI,8343.91,8343.91,8343.91,8343.91,0.0,True,True,True,True,PLACEHOLDER_CANDIDATE
2026-05-15,PANI,8343.91,8343.91,8343.91,8343.91,0.0,True,True,True,True,PLACEHOLDER_CANDIDATE
2026-05-27,PANI,7644.42,7644.42,7644.42,7644.42,0.0,True,True,True,True,PLACEHOLDER_CANDIDATE
2026-05-28,PANI,7644.42,7644.42,7644.42,7644.42,0.0,True,True,True,True,PLACEHOLDER_CANDIDATE
2026-05-14,PANR,503.5294189453125,503.5294189453125,503.5294189453125,503.5294189453125,0.0,True,True,True,True,PLACEHOLDER_CANDIDATE
2026-05-15,PANR,503.5294189453125,503.5294189453125,503.5294189453125,503.5294189453125,0.0,True,True,True,True,PLACEHOLDER_CANDIDATE
2026-05-27,PANR,498.0,498.0,498.0,498.0,0.0,True,True,True,True,PLACEHOLDER_CANDIDATE
2026-05-28,PANR,498.0,498.0,498.0,498.0,0.0,True,True,True,True,PLACEHOLDER_CANDIDATE
2026-05-14,PANS,1501.8011474609375,1501.8011474609375,1501.8011474609375,1501.8011474609375,0.0,True,True,True,True,PLACEHOLDER_CANDIDATE
2026-05-15,PANS,1501.8011474609375,1501.8011474609375,1501.8011474609375,1501.8011474609375,0.0,True,True,True,True,PLACEHOLDER_CANDIDATE
2026-05-27,PANS,1497.47314453125,1497.47314453125,1497.47314453125,1497.47314453125,0.0,True,True,True,True,PLACEHOLDER_CANDIDATE
2026-05-28,PANS,1497.47314453125,1497.47314453125,1497.47314453125,1497.47314453125,0.0,True,True,True,True,PLACEHOLDER_CANDIDATE
2026-05-14,PART,107.8612060546875,107.8612060546875,107.8612060546875,107.8612060546875,0.0,True,True,True,True,PLACEHOLDER_CANDIDATE
2026-05-15,PART,107.8612060546875,107.8612060546875,107.8612060546875,107.8612060546875,0.0,True,True,True,True,PLACEHOLDER_CANDIDATE
2026-05-27,PART,94.13341522216795,94.13341522216795,94.13341522216795,94.13341522216795,0.0,True,True,True,True,PLACEHOLDER_CANDIDATE
2026-05-28,PART,94.13341522216795,94.13341522216795,94.13341522216795,94.13341522216795,0.0,True,True,True,True,PLACEHOLDER_CANDIDATE
2026-05-14,PBID,502.0000305175781,502.0000305175781,502.0000305175781,502.0000305175781,0.0,True,True,True,True,PLACEHOLDER_CANDIDATE
2026-05-15,PBID,502.0000305175781,502.0000305175781,502.0000305175781,502.0000305175781,0.0,True,True,True,True,PLACEHOLDER_CANDIDATE
2026-05-27,PBID,488.0,488.0,488.0,488.0,0.0,True,True,True,True,PLACEHOLDER_CANDIDATE
2026-05-28,PBID,488.0,488.0,488.0,488.0,0.0,True,True,True,True,PLACEHOLDER_CANDIDATE
2026-05-14,PBRX,35.0,35.0,35.0,35.0,0.0,True,True,True,True,PLACEHOLDER_CANDIDATE
2026-05-15,PBRX,35.0,35.0,35.0,35.0,0.0,True,True,True,True,PLACEHOLDER_CANDIDATE
2026-05-27,PBRX,30.0,30.0,30.0,30.0,0.0,True,True,True,True,PLACEHOLDER_CANDIDATE
2026-05-28,PBRX,30.0,30.0,30.0,30.0,0.0,True,True,True,True,PLACEHOLDER_CANDIDATE
2026-08-25,PBRX,26.0,26.0,26.0,26.0,0.0,True,True,True,True,PLACEHOLDER_CANDIDATE
2026-05-14,PBSA,816.7664794921875,816.7664794921875,816.7664794921875,816.7664794921875,0.0,True,True,True,True,PLACEHOLDER_CANDIDATE
2026-05-15,PBSA,816.7664794921875,816.7664794921875,816.7664794921875,816.7664794921875,0.0,True,True,True,True,PLACEHOLDER_CANDIDATE
2026-05-27,PBSA,747.1557006835938,747.1557006835938,747.1557006835938,747.1557006835938,0.0,True,True,True,True,PLACEHOLDER_CANDIDATE
2026-05-28,PBSA,747.1557006835938,747.1557006835938,747.1557006835938,747.1557006835938,0.0,True,True,True,True,PLACEHOLDER_CANDIDATE
2026-05-14,PCAR,36.0,36.0,36.0,36.0,0.0,True,True,True,True,PLACEHOLDER_CANDIDATE
2026-05-15,PCAR,36.0,36.0,36.0,36.0,0.0,True,True,True,True,PLACEHOLDER_CANDIDATE
2026-05-27,PCAR,39.0,39.0,39.0,39.0,0.0,True,True,True,True,PLACEHOLDER_CANDIDATE
2026-05-28,PCAR,39.0,39.0,39.0,39.0,0.0,True,True,True,True,PLACEHOLDER_CANDIDATE
2026-05-14,PDES,499.01959228515625,499.01959228515625,499.01959228515625,499.01959228515625,0.0,True,True,True,True,PLACEHOLDER_CANDIDATE
2026-05-15,PDES,499.01959228515625,499.01959228515625,499.01959228515625,499.01959228515625,0.0,True,True,True,True,PLACEHOLDER_CANDIDATE
2026-05-27,PDES,510.0,510.0,510.0,510.0,0.0,True,True,True,True,PLACEHOLDER_CANDIDATE
2026-05-28,PDES,510.0,510.0,510.0,510.0,0.0,True,True,True,True,PLACEHOLDER_CANDIDATE
2026-05-14,PDPP,295.4892578125,295.4892578125,295.4892578125,295.4892578125,0.0,True,True,True,True,PLACEHOLDER_CANDIDATE
2026-05-15,PDPP,295.4892578125,295.4892578125,295.4892578125,295.4892578125,0.0,True,True,True,True,PLACEHOLDER_CANDIDATE
2026-05-27,PDPP,285.5735168457031,285.5735168457031,285.5735168457031,285.5735168457031,0.0,True,True,True,True,PLACEHOLDER_CANDIDATE
2026-05-28,PDPP,285.5735168457031,285.5735168457031,285.5735168457031,285.5735168457031,0.0,True,True,True,True,PLACEHOLDER_CANDIDATE
2026-05-14,PEGE,131.0,131.0,131.0,131.0,0.0,True,True,True,True,PLACEHOLDER_CANDIDATE
2026-05-15,PEGE,131.0,131.0,131.0,131.0,0.0,True,True,True,True,PLACEHOLDER_CANDIDATE
2026-05-27,PEGE,117.0,117.0,117.0,117.0,0.0,True,True,True,True,PLACEHOLDER_CANDIDATE
2026-05-28,PEGE,117.0,117.0,117.0,117.0,0.0,True,True,True,True,PLACEHOLDER_CANDIDATE
2026-05-14,PEHA,317.8975830078125,317.8975830078125,317.8975830078125,317.8975830078125,0.0,True,True,True,True,PLACEHOLDER_CANDIDATE
2026-05-15,PEHA,317.8975830078125,317.8975830078125,317.8975830078125,317.8975830078125,0.0,True,True,True,True,PLACEHOLDER_CANDIDATE
2026-05-27,PEHA,270.8016662597656,270.8016662597656,270.8016662597656,270.8016662597656,0.0,True,True,True,True,PLACEHOLDER_CANDIDATE
2026-05-28,PEHA,270.8016662597656,270.8016662597656,270.8016662597656,270.8016662597656,0.0,True,True,True,True,PLACEHOLDER_CANDIDATE
2026-05-14,PEVE,352.0,352.0,352.0,352.0,0.0,True,True,True,True,PLACEHOLDER_CANDIDATE
2026-05-15,PEVE,352.0,352.0,352.0,352.0,0.0,True,True,True,True,PLACEHOLDER_CANDIDATE
2026-05-27,PEVE,352.0,352.0,352.0,352.0,0.0,True,True,True,True,PLACEHOLDER_CANDIDATE
2026-05-28,PEVE,352.0,352.0,352.0,352.0,0.0,True,True,True,True,PLACEHOLDER_CANDIDATE
2014-04-09,PGAS,2679.5,2679.5,2679.5,2679.5,0.0,True,True,True,True,PLACEHOLDER_CANDIDATE
2014-07-09,PGAS,2918.65,2918.65,2918.65,2918.65,0.0,True,True,True,True,PLACEHOLDER_CANDIDATE
2015-12-09,PGAS,1424.53,1424.53,1424.53,1424.53,0.0,True,True,True,True,PLACEHOLDER_CANDIDATE
2017-01-02,PGAS,1521.93,1521.93,1521.93,1521.93,0.0,True,True,True,True,PLACEHOLDER_CANDIDATE
2017-02-15,PGAS,1578.29,1578.29,1578.29,1578.29,0.0,True,True,True,True,PLACEHOLDER_CANDIDATE
2017-04-19,PGAS,1352.82,1352.82,1352.82,1352.82,0.0,True,True,True,True,PLACEHOLDER_CANDIDATE
2017-06-01,PGAS,1395.47,1395.47,1395.47,1395.47,0.0,True,True,True,True,PLACEHOLDER_CANDIDATE
2017-06-23,PGAS,1308.25,1308.25,1308.25,1308.25,0.0,True,True,True,True,PLACEHOLDER_CANDIDATE
2017-06-26,PGAS,1308.25,1308.25,1308.25,1308.25,0.0,True,True,True,True,PLACEHOLDER_CANDIDATE
2017-06-27,PGAS,1308.25,1308.25,1308.25,1308.25,0.0,True,True,True,True,PLACEHOLDER_CANDIDATE
2017-06-28,PGAS,1308.25,1308.25,1308.25,1308.25,0.0,True,True,True,True,PLACEHOLDER_CANDIDATE
2017-06-29,PGAS,1308.25,1308.25,1308.25,1308.25,0.0,True,True,True,True,PLACEHOLDER_CANDIDATE
2017-06-30,PGAS,1308.25,1308.25,1308.25,1308.25,0.0,True,True,True,True,PLACEHOLDER_CANDIDATE
2017-08-17,PGAS,1232.67,1232.67,1232.67,1232.67,0.0,True,True,True,True,PLACEHOLDER_CANDIDATE
2017-09-01,PGAS,1232.67,1232.67,1232.67,1232.67,0.0,True,True,True,True,PLACEHOLDER_CANDIDATE
2017-09-21,PGAS,944.85,944.85,944.85,944.85,0.0,True,True,True,True,PLACEHOLDER_CANDIDATE
2017-12-25,PGAS,1011.72,1011.72,1011.72,1011.72,0.0,True,True,True,True,PLACEHOLDER_CANDIDATE
2017-12-26,PGAS,1011.72,1011.72,1011.72,1011.72,0.0,True,True,True,True,PLACEHOLDER_CANDIDATE
2018-01-01,PGAS,1017.53,1017.53,1017.53,1017.53,0.0,True,True,True,True,PLACEHOLDER_CANDIDATE
2018-02-16,PGAS,1471.06,1471.06,1471.06,1471.06,0.0,True,True,True,True,PLACEHOLDER_CANDIDATE
2018-03-30,PGAS,1337.33,1337.33,1337.33,1337.33,0.0,True,True,True,True,PLACEHOLDER_CANDIDATE
2018-05-01,PGAS,1154.17,1154.17,1154.17,1154.17,0.0,True,True,True,True,PLACEHOLDER_CANDIDATE
2018-05-10,PGAS,1140.88,1140.88,1140.88,1140.88,0.0,True,True,True,True,PLACEHOLDER_CANDIDATE
2018-05-29,PGAS,1318.21,1318.21,1318.21,1318.21,0.0,True,True,True,True,PLACEHOLDER_CANDIDATE
2018-06-01,PGAS,1223.63,1223.63,1223.63,1223.63,0.0,True,True,True,True,PLACEHOLDER_CANDIDATE
2018-06-11,PGAS,1229.54,1229.54,1229.54,1229.54,0.0,True,True,True,True,PLACEHOLDER_CANDIDATE
2018-06-12,PGAS,1229.54,1229.54,1229.54,1229.54,0.0,True,True,True,True,PLACEHOLDER_CANDIDATE
2018-06-13,PGAS,1229.54,1229.54,1229.54,1229.54,0.0,True,True,True,True,PLACEHOLDER_CANDIDATE
2018-06-14,PGAS,1229.54,1229.54,1229.54,1229.54,0.0,True,True,True,True,PLACEHOLDER_CANDIDATE
2018-06-15,PGAS,1229.54,1229.54,1229.54,1229.54,0.0,True,True,True,True,PLACEHOLDER_CANDIDATE
2018-06-18,PGAS,1229.54,1229.54,1229.54,1229.54,0.0,True,True,True,True,PLACEHOLDER_CANDIDATE
2018-06-19,PGAS,1229.54,1229.54,1229.54,1229.54,0.0,True,True,True,True,PLACEHOLDER_CANDIDATE
2018-08-17,PGAS,1061.07,1061.07,1061.07,1061.07,0.0,True,True,True,True,PLACEHOLDER_CANDIDATE
2018-08-22,PGAS,1140.88,1140.88,1140.88,1140.88,0.0,True,True,True,True,PLACEHOLDER_CANDIDATE
2018-09-11,PGAS,1194.08,1194.08,1194.08,1194.08,0.0,True,True,True,True,PLACEHOLDER_CANDIDATE
2018-11-20,PGAS,1199.99,1199.99,1199.99,1199.99,0.0,True,True,True,True,PLACEHOLDER_CANDIDATE
2018-12-24,PGAS,1276.84,1276.84,1276.84,1276.84,0.0,True,True,True,True,PLACEHOLDER_CANDIDATE
2018-12-25,PGAS,1276.84,1276.84,1276.84,1276.84,0.0,True,True,True,True,PLACEHOLDER_CANDIDATE
2018-12-31,PGAS,1253.19,1253.19,1253.19,1253.19,0.0,True,True,True,True,PLACEHOLDER_CANDIDATE
2019-01-01,PGAS,1253.19,1253.19,1253.19,1253.19,0.0,True,True,True,True,PLACEHOLDER_CANDIDATE
2019-02-05,PGAS,1483.73,1483.73,1483.73,1483.73,0.0,True,True,True,True,PLACEHOLDER_CANDIDATE
2019-03-07,PGAS,1454.17,1454.17,1454.17,1454.17,0.0,True,True,True,True,PLACEHOLDER_CANDIDATE
2019-04-03,PGAS,1335.95,1335.95,1335.95,1335.95,0.0,True,True,True,True,PLACEHOLDER_CANDIDATE
2019-04-17,PGAS,1395.06,1395.06,1395.06,1395.06,0.0,True,True,True,True,PLACEHOLDER_CANDIDATE
2019-04-19,PGAS,1395.06,1395.06,1395.06,1395.06,0.0,True,True,True,True,PLACEHOLDER_CANDIDATE
2019-05-01,PGAS,1371.42,1371.42,1371.42,1371.42,0.0,True,True,True,True,PLACEHOLDER_CANDIDATE
2019-05-30,PGAS,1219.18,1219.18,1219.18,1219.18,0.0,True,True,True,True,PLACEHOLDER_CANDIDATE
2019-06-03,PGAS,1249.51,1249.51,1249.51,1249.51,0.0,True,True,True,True,PLACEHOLDER_CANDIDATE
2019-06-04,PGAS,1249.51,1249.51,1249.51,1249.51,0.0,True,True,True,True,PLACEHOLDER_CANDIDATE
2019-06-05,PGAS,1249.51,1249.51,1249.51,1249.51,0.0,True,True,True,True,PLACEHOLDER_CANDIDATE
2019-06-06,PGAS,1249.51,1249.51,1249.51,1249.51,0.0,True,True,True,True,PLACEHOLDER_CANDIDATE
2019-06-07,PGAS,1249.51,1249.51,1249.51,1249.51,0.0,True,True,True,True,PLACEHOLDER_CANDIDATE
2026-05-14,PGAS,1714.9,1714.9,1714.9,1714.9,0.0,True,True,True,True,PLACEHOLDER_CANDIDATE
2026-05-15,PGAS,1714.9,1714.9,1714.9,1714.9,0.0,True,True,True,True,PLACEHOLDER_CANDIDATE
2026-05-27,PGAS,1756.61,1756.61,1756.61,1756.61,0.0,True,True,True,True,PLACEHOLDER_CANDIDATE
2026-05-28,PGAS,1756.61,1756.61,1756.61,1756.61,0.0,True,True,True,True,PLACEHOLDER_CANDIDATE
2026-08-25,PGAS,1540.0,1540.0,1540.0,1540.0,0.0,True,True,True,True,PLACEHOLDER_CANDIDATE
2026-05-14,PGEO,1030.0,1030.0,1030.0,1030.0,0.0,True,True,True,True,PLACEHOLDER_CANDIDATE
2026-05-15,PGEO,1030.0,1030.0,1030.0,1030.0,0.0,True,True,True,True,PLACEHOLDER_CANDIDATE
2026-05-27,PGEO,900.0,900.0,900.0,900.0,0.0,True,True,True,True,PLACEHOLDER_CANDIDATE
2026-05-28,PGEO,900.0,900.0,900.0,900.0,0.0,True,True,True,True,PLACEHOLDER_CANDIDATE
2026-05-14,PGJO,880.0,880.0,880.0,880.0,0.0,True,True,True,True,PLACEHOLDER_CANDIDATE
2026-05-15,PGJO,880.0,880.0,880.0,880.0,0.0,True,True,True,True,PLACEHOLDER_CANDIDATE
2026-05-27,PGJO,815.0,815.0,815.0,815.0,0.0,True,True,True,True,PLACEHOLDER_CANDIDATE
2026-05-28,PGJO,815.0,815.0,815.0,815.0,0.0,True,True,True,True,PLACEHOLDER_CANDIDATE
2026-05-14,PGLI,224.0,224.0,224.0,224.0,0.0,True,True,True,True,PLACEHOLDER_CANDIDATE
2026-05-15,PGLI,224.0,224.0,224.0,224.0,0.0,True,True,True,True,PLACEHOLDER_CANDIDATE
2026-05-27,PGLI,181.0,181.0,181.0,181.0,0.0,True,True,True,True,PLACEHOLDER_CANDIDATE
2026-05-28,PGLI,181.0,181.0,181.0,181.0,0.0,True,True,True,True,PLACEHOLDER_CANDIDATE
2026-05-14,PGUN,8465.7705078125,8465.7705078125,8465.7705078125,8465.7705078125,0.0,True,True,True,True,PLACEHOLDER_CANDIDATE
2026-05-15,PGUN,8465.7705078125,8465.7705078125,8465.7705078125,8465.7705078125,0.0,True,True,True,True,PLACEHOLDER_CANDIDATE
2026-05-27,PGUN,7716.58740234375,7716.58740234375,7716.58740234375,7716.58740234375,0.0,True,True,True,True,PLACEHOLDER_CANDIDATE
2026-05-28,PGUN,7716.58740234375,7716.58740234375,7716.58740234375,7716.58740234375,0.0,True,True,True,True,PLACEHOLDER_CANDIDATE
2026-05-14,PICO,158.0,158.0,158.0,158.0,0.0,True,True,True,True,PLACEHOLDER_CANDIDATE
2026-05-15,PICO,158.0,158.0,158.0,158.0,0.0,True,True,True,True,PLACEHOLDER_CANDIDATE
2026-05-27,PICO,140.0,140.0,140.0,140.0,0.0,True,True,True,True,PLACEHOLDER_CANDIDATE
2026-05-28,PICO,140.0,140.0,140.0,140.0,0.0,True,True,True,True,PLACEHOLDER_CANDIDATE
2026-08-25,PICO,184.0,184.0,184.0,184.0,0.0,True,True,True,True,PLACEHOLDER_CANDIDATE
2026-05-14,PIPA,141.0,141.0,141.0,141.0,0.0,True,True,True,True,PLACEHOLDER_CANDIDATE
2026-05-15,PIPA,141.0,141.0,141.0,141.0,0.0,True,True,True,True,PLACEHOLDER_CANDIDATE
2026-05-27,PIPA,121.0,121.0,121.0,121.0,0.0,True,True,True,True,PLACEHOLDER_CANDIDATE
2026-05-28,PIPA,121.0,121.0,121.0,121.0,0.0,True,True,True,True,PLACEHOLDER_CANDIDATE
2026-05-14,PJAA,490.0,490.0,490.0,490.0,0.0,True,True,True,True,PLACEHOLDER_CANDIDATE
2026-05-15,PJAA,490.0,490.0,490.0,490.0,0.0,True,True,True,True,PLACEHOLDER_CANDIDATE
2026-05-27,PJAA,476.0,476.0,476.0,476.0,0.0,True,True,True,True,PLACEHOLDER_CANDIDATE
2026-05-28,PJAA,476.0,476.0,476.0,476.0,0.0,True,True,True,True,PLACEHOLDER_CANDIDATE
2026-08-25,PJAA,460.0,460.0,460.0,460.0,0.0,True,True,True,True,PLACEHOLDER_CANDIDATE
2026-05-14,PJHB,216.0,216.0,216.0,216.0,0.0,True,True,True,True,PLACEHOLDER_CANDIDATE
2026-05-15,PJHB,216.0,216.0,216.0,216.0,0.0,True,True,True,True,PLACEHOLDER_CANDIDATE
2026-05-27,PJHB,194.0,194.0,194.0,194.0,0.0,True,True,True,True,PLACEHOLDER_CANDIDATE
2026-05-28,PJHB,194.0,194.0,194.0,194.0,0.0,True,True,True,True,PLACEHOLDER_CANDIDATE
2026-05-14,PKPK,3080.0,3080.0,3080.0,3080.0,0.0,True,True,True,True,PLACEHOLDER_CANDIDATE
2026-05-15,PKPK,3080.0,3080.0,3080.0,3080.0,0.0,True,True,True,True,PLACEHOLDER_CANDIDATE
2026-05-27,PKPK,2850.0,2850.0,2850.0,2850.0,0.0,True,True,True,True,PLACEHOLDER_CANDIDATE
2026-05-28,PKPK,2850.0,2850.0,2850.0,2850.0,0.0,True,True,True,True,PLACEHOLDER_CANDIDATE
2026-05-14,PLAN,50.0,50.0,50.0,50.0,0.0,True,True,True,True,PLACEHOLDER_CANDIDATE
2026-05-15,PLAN,50.0,50.0,50.0,50.0,0.0,True,True,True,True,PLACEHOLDER_CANDIDATE
2026-05-27,PLAN,44.0,44.0,44.0,44.0,0.0,True,True,True,True,PLACEHOLDER_CANDIDATE
2026-05-28,PLAN,44.0,44.0,44.0,44.0,0.0,True,True,True,True,PLACEHOLDER_CANDIDATE
2026-05-01,PLIN,2431.0,2431.0,2431.0,2431.0,0.0,True,True,True,True,PLACEHOLDER_CANDIDATE
2026-05-14,PLIN,2431.0,2431.0,2431.0,2431.0,0.0,True,True,True,True,PLACEHOLDER_CANDIDATE
2026-05-15,PLIN,2431.0,2431.0,2431.0,2431.0,0.0,True,True,True,True,PLACEHOLDER_CANDIDATE
2026-05-27,PLIN,2510.0,2510.0,2510.0,2510.0,0.0,True,True,True,True,PLACEHOLDER_CANDIDATE
2026-05-28,PLIN,2510.0,2510.0,2510.0,2510.0,0.0,True,True,True,True,PLACEHOLDER_CANDIDATE
2026-06-01,PLIN,2510.0,2510.0,2510.0,2510.0,0.0,True,True,True,True,PLACEHOLDER_CANDIDATE
2026-06-16,PLIN,2510.0,2510.0,2510.0,2510.0,0.0,True,True,True,True,PLACEHOLDER_CANDIDATE
2026-08-17,PLIN,2510.0,2510.0,2510.0,2510.0,0.0,True,True,True,True,PLACEHOLDER_CANDIDATE
2026-08-25,PLIN,2510.0,2510.0,2510.0,2510.0,0.0,True,True,True,True,PLACEHOLDER_CANDIDATE
2026-05-14,PMJS,119.82691955566406,119.82691955566406,119.82691955566406,119.82691955566406,0.0,True,True,True,True,PLACEHOLDER_CANDIDATE
2026-05-15,PMJS,119.82691955566406,119.82691955566406,119.82691955566406,119.82691955566406,0.0,True,True,True,True,PLACEHOLDER_CANDIDATE
2026-05-27,PMJS,113.0625,113.0625,113.0625,113.0625,0.0,True,True,True,True,PLACEHOLDER_CANDIDATE
2026-05-28,PMJS,113.0625,113.0625,113.0625,113.0625,0.0,True,True,True,True,PLACEHOLDER_CANDIDATE
2026-05-01,PMMP,50.0,50.0,50.0,50.0,0.0,True,True,True,True,PLACEHOLDER_CANDIDATE
2026-05-14,PMMP,50.0,50.0,50.0,50.0,0.0,True,True,True,True,PLACEHOLDER_CANDIDATE
2026-05-15,PMMP,50.0,50.0,50.0,50.0,0.0,True,True,True,True,PLACEHOLDER_CANDIDATE
2026-05-27,PMMP,50.0,50.0,50.0,50.0,0.0,True,True,True,True,PLACEHOLDER_CANDIDATE
2026-05-28,PMMP,50.0,50.0,50.0,50.0,0.0,True,True,True,True,PLACEHOLDER_CANDIDATE
2026-06-01,PMMP,50.0,50.0,50.0,50.0,0.0,True,True,True,True,PLACEHOLDER_CANDIDATE
2026-06-16,PMMP,50.0,50.0,50.0,50.0,0.0,True,True,True,True,PLACEHOLDER_CANDIDATE
2026-08-17,PMMP,50.0,50.0,50.0,50.0,0.0,True,True,True,True,PLACEHOLDER_CANDIDATE
2026-08-25,PMMP,50.0,50.0,50.0,50.0,0.0,True,True,True,True,PLACEHOLDER_CANDIDATE
2026-05-14,PMUI,94.18604278564452,94.18604278564452,94.18604278564452,94.18604278564452,0.0,True,True,True,True,PLACEHOLDER_CANDIDATE
2026-05-15,PMUI,94.18604278564452,94.18604278564452,94.18604278564452,94.18604278564452,0.0,True,True,True,True,PLACEHOLDER_CANDIDATE
2026-05-27,PMUI,84.0,84.0,84.0,84.0,0.0,True,True,True,True,PLACEHOLDER_CANDIDATE
2026-05-28,PMUI,84.0,84.0,84.0,84.0,0.0,True,True,True,True,PLACEHOLDER_CANDIDATE
2014-04-09,PNBN,740.83,740.83,740.83,740.83,0.0,True,True,True,True,PLACEHOLDER_CANDIDATE
2014-07-09,PNBN,799.92,799.92,799.92,799.92,0.0,True,True,True,True,PLACEHOLDER_CANDIDATE
2015-12-09,PNBN,740.83,740.83,740.83,740.83,0.0,True,True,True,True,PLACEHOLDER_CANDIDATE
2017-01-02,PNBN,681.75,681.75,681.75,681.75,0.0,True,True,True,True,PLACEHOLDER_CANDIDATE
2017-02-15,PNBN,768.1,768.1,768.1,768.1,0.0,True,True,True,True,PLACEHOLDER_CANDIDATE
2017-04-19,PNBN,836.28,836.28,836.28,836.28,0.0,True,True,True,True,PLACEHOLDER_CANDIDATE
2017-06-01,PNBN,849.91,849.91,849.91,849.91,0.0,True,True,True,True,PLACEHOLDER_CANDIDATE
2017-06-23,PNBN,886.27,886.27,886.27,886.27,0.0,True,True,True,True,PLACEHOLDER_CANDIDATE
2017-06-26,PNBN,886.27,886.27,886.27,886.27,0.0,True,True,True,True,PLACEHOLDER_CANDIDATE
2017-06-27,PNBN,886.27,886.27,886.27,886.27,0.0,True,True,True,True,PLACEHOLDER_CANDIDATE
2017-06-28,PNBN,886.27,886.27,886.27,886.27,0.0,True,True,True,True,PLACEHOLDER_CANDIDATE
2017-06-29,PNBN,886.27,886.27,886.27,886.27,0.0,True,True,True,True,PLACEHOLDER_CANDIDATE
2017-06-30,PNBN,886.27,886.27,886.27,886.27,0.0,True,True,True,True,PLACEHOLDER_CANDIDATE
2017-08-17,PNBN,968.08,968.08,968.08,968.08,0.0,True,True,True,True,PLACEHOLDER_CANDIDATE
2017-09-01,PNBN,972.63,972.63,972.63,972.63,0.0,True,True,True,True,PLACEHOLDER_CANDIDATE
2017-09-21,PNBN,995.35,995.35,995.35,995.35,0.0,True,True,True,True,PLACEHOLDER_CANDIDATE
2017-12-25,PNBN,1058.98,1058.98,1058.98,1058.98,0.0,True,True,True,True,PLACEHOLDER_CANDIDATE
2017-12-26,PNBN,1058.98,1058.98,1058.98,1058.98,0.0,True,True,True,True,PLACEHOLDER_CANDIDATE
2018-01-01,PNBN,1036.26,1036.26,1036.26,1036.26,0.0,True,True,True,True,PLACEHOLDER_CANDIDATE
2018-02-16,PNBN,1268.05,1268.05,1268.05,1268.05,0.0,True,True,True,True,PLACEHOLDER_CANDIDATE
2018-03-30,PNBN,972.63,972.63,972.63,972.63,0.0,True,True,True,True,PLACEHOLDER_CANDIDATE
2018-05-01,PNBN,859.0,859.0,859.0,859.0,0.0,True,True,True,True,PLACEHOLDER_CANDIDATE
2018-05-10,PNBN,804.46,804.46,804.46,804.46,0.0,True,True,True,True,PLACEHOLDER_CANDIDATE
2018-05-29,PNBN,813.55,813.55,813.55,813.55,0.0,True,True,True,True,PLACEHOLDER_CANDIDATE
2018-06-01,PNBN,772.65,772.65,772.65,772.65,0.0,True,True,True,True,PLACEHOLDER_CANDIDATE
2018-06-11,PNBN,799.92,799.92,799.92,799.92,0.0,True,True,True,True,PLACEHOLDER_CANDIDATE
2018-06-12,PNBN,799.92,799.92,799.92,799.92,0.0,True,True,True,True,PLACEHOLDER_CANDIDATE
2018-06-13,PNBN,799.92,799.92,799.92,799.92,0.0,True,True,True,True,PLACEHOLDER_CANDIDATE
2018-06-14,PNBN,799.92,799.92,799.92,799.92,0.0,True,True,True,True,PLACEHOLDER_CANDIDATE
2018-06-15,PNBN,799.92,799.92,799.92,799.92,0.0,True,True,True,True,PLACEHOLDER_CANDIDATE
2018-06-18,PNBN,799.92,799.92,799.92,799.92,0.0,True,True,True,True,PLACEHOLDER_CANDIDATE
2018-06-19,PNBN,799.92,799.92,799.92,799.92,0.0,True,True,True,True,PLACEHOLDER_CANDIDATE
2018-08-17,PNBN,686.29,686.29,686.29,686.29,0.0,True,True,True,True,PLACEHOLDER_CANDIDATE
2018-08-22,PNBN,722.65,722.65,722.65,722.65,0.0,True,True,True,True,PLACEHOLDER_CANDIDATE
2018-09-11,PNBN,795.37,795.37,795.37,795.37,0.0,True,True,True,True,PLACEHOLDER_CANDIDATE
2018-11-20,PNBN,1054.44,1054.44,1054.44,1054.44,0.0,True,True,True,True,PLACEHOLDER_CANDIDATE
2018-12-24,PNBN,1018.08,1018.08,1018.08,1018.08,0.0,True,True,True,True,PLACEHOLDER_CANDIDATE
2018-12-25,PNBN,1018.08,1018.08,1018.08,1018.08,0.0,True,True,True,True,PLACEHOLDER_CANDIDATE
2018-12-31,PNBN,1040.8,1040.8,1040.8,1040.8,0.0,True,True,True,True,PLACEHOLDER_CANDIDATE
2019-01-01,PNBN,1040.8,1040.8,1040.8,1040.8,0.0,True,True,True,True,PLACEHOLDER_CANDIDATE
2019-02-05,PNBN,1304.41,1304.41,1304.41,1304.41,0.0,True,True,True,True,PLACEHOLDER_CANDIDATE
2019-03-07,PNBN,1422.58,1422.58,1422.58,1422.58,0.0,True,True,True,True,PLACEHOLDER_CANDIDATE
2019-04-03,PNBN,1272.59,1272.59,1272.59,1272.59,0.0,True,True,True,True,PLACEHOLDER_CANDIDATE
2019-04-17,PNBN,1154.42,1154.42,1154.42,1154.42,0.0,True,True,True,True,PLACEHOLDER_CANDIDATE
2019-04-19,PNBN,1172.6,1172.6,1172.6,1172.6,0.0,True,True,True,True,PLACEHOLDER_CANDIDATE
2019-05-01,PNBN,1177.15,1177.15,1177.15,1177.15,0.0,True,True,True,True,PLACEHOLDER_CANDIDATE
2019-05-30,PNBN,1049.89,1049.89,1049.89,1049.89,0.0,True,True,True,True,PLACEHOLDER_CANDIDATE
2019-06-03,PNBN,1136.24,1136.24,1136.24,1136.24,0.0,True,True,True,True,PLACEHOLDER_CANDIDATE
2019-06-04,PNBN,1136.24,1136.24,1136.24,1136.24,0.0,True,True,True,True,PLACEHOLDER_CANDIDATE
2019-06-05,PNBN,1136.24,1136.24,1136.24,1136.24,0.0,True,True,True,True,PLACEHOLDER_CANDIDATE
2019-06-06,PNBN,1136.24,1136.24,1136.24,1136.24,0.0,True,True,True,True,PLACEHOLDER_CANDIDATE
2019-06-07,PNBN,1136.24,1136.24,1136.24,1136.24,0.0,True,True,True,True,PLACEHOLDER_CANDIDATE
2026-05-14,PNBN,973.69,973.69,973.69,973.69,0.0,True,True,True,True,PLACEHOLDER_CANDIDATE
2026-05-15,PNBN,973.69,973.69,973.69,973.69,0.0,True,True,True,True,PLACEHOLDER_CANDIDATE
2026-05-27,PNBN,916.41,916.41,916.41,916.41,0.0,True,True,True,True,PLACEHOLDER_CANDIDATE
2026-05-28,PNBN,916.41,916.41,916.41,916.41,0.0,True,True,True,True,PLACEHOLDER_CANDIDATE
2026-08-25,PNBN,900.0,900.0,900.0,900.0,0.0,True,True,True,True,PLACEHOLDER_CANDIDATE
2026-05-14,PNBS,51.0,51.0,51.0,51.0,0.0,True,True,True,True,PLACEHOLDER_CANDIDATE
2026-05-15,PNBS,51.0,51.0,51.0,51.0,0.0,True,True,True,True,PLACEHOLDER_CANDIDATE
2026-05-27,PNBS,50.0,50.0,50.0,50.0,0.0,True,True,True,True,PLACEHOLDER_CANDIDATE
2026-05-28,PNBS,50.0,50.0,50.0,50.0,0.0,True,True,True,True,PLACEHOLDER_CANDIDATE
2026-05-14,PNGO,3470.0,3470.0,3470.0,3470.0,0.0,True,True,True,True,PLACEHOLDER_CANDIDATE
2026-05-15,PNGO,3470.0,3470.0,3470.0,3470.0,0.0,True,True,True,True,PLACEHOLDER_CANDIDATE
2026-05-27,PNGO,3530.0,3530.0,3530.0,3530.0,0.0,True,True,True,True,PLACEHOLDER_CANDIDATE
2026-05-28,PNGO,3530.0,3530.0,3530.0,3530.0,0.0,True,True,True,True,PLACEHOLDER_CANDIDATE
2026-05-14,PNIN,790.0,790.0,790.0,790.0,0.0,True,True,True,True,PLACEHOLDER_CANDIDATE
2026-05-15,PNIN,790.0,790.0,790.0,790.0,0.0,True,True,True,True,PLACEHOLDER_CANDIDATE
2026-05-27,PNIN,780.0,780.0,780.0,780.0,0.0,True,True,True,True,PLACEHOLDER_CANDIDATE
2026-05-28,PNIN,780.0,780.0,780.0,780.0,0.0,True,True,True,True,PLACEHOLDER_CANDIDATE
2026-08-25,PNIN,725.0,725.0,725.0,725.0,0.0,True,True,True,True,PLACEHOLDER_CANDIDATE
2026-05-14,PNLF,266.0,266.0,266.0,266.0,0.0,True,True,True,True,PLACEHOLDER_CANDIDATE
2026-05-15,PNLF,266.0,266.0,266.0,266.0,0.0,True,True,True,True,PLACEHOLDER_CANDIDATE
2026-05-27,PNLF,240.0,240.0,240.0,240.0,0.0,True,True,True,True,PLACEHOLDER_CANDIDATE
2026-05-28,PNLF,240.0,240.0,240.0,240.0,0.0,True,True,True,True,PLACEHOLDER_CANDIDATE
2026-08-25,PNLF,230.0,230.0,230.0,230.0,0.0,True,True,True,True,PLACEHOLDER_CANDIDATE
2026-05-14,PNSE,600.0,600.0,600.0,600.0,0.0,True,True,True,True,PLACEHOLDER_CANDIDATE
2026-05-15,PNSE,600.0,600.0,600.0,600.0,0.0,True,True,True,True,PLACEHOLDER_CANDIDATE
2026-05-27,PNSE,515.0,515.0,515.0,515.0,0.0,True,True,True,True,PLACEHOLDER_CANDIDATE
2026-05-28,PNSE,515.0,515.0,515.0,515.0,0.0,True,True,True,True,PLACEHOLDER_CANDIDATE
2026-08-25,PNSE,505.0,505.0,505.0,505.0,0.0,True,True,True,True,PLACEHOLDER_CANDIDATE
2026-05-14,POLA,75.0,75.0,75.0,75.0,0.0,True,True,True,True,PLACEHOLDER_CANDIDATE
2026-05-15,POLA,75.0,75.0,75.0,75.0,0.0,True,True,True,True,PLACEHOLDER_CANDIDATE
2026-05-27,POLA,58.0,58.0,58.0,58.0,0.0,True,True,True,True,PLACEHOLDER_CANDIDATE
2026-05-28,POLA,58.0,58.0,58.0,58.0,0.0,True,True,True,True,PLACEHOLDER_CANDIDATE
2026-05-14,POLI,1075.0,1075.0,1075.0,1075.0,0.0,True,True,True,True,PLACEHOLDER_CANDIDATE
2026-05-15,POLI,1075.0,1075.0,1075.0,1075.0,0.0,True,True,True,True,PLACEHOLDER_CANDIDATE
2026-05-27,POLI,875.0,875.0,875.0,875.0,0.0,True,True,True,True,PLACEHOLDER_CANDIDATE
2026-05-28,POLI,875.0,875.0,875.0,875.0,0.0,True,True,True,True,PLACEHOLDER_CANDIDATE
2026-05-01,POLL,112.0,112.0,112.0,112.0,0.0,True,True,True,True,PLACEHOLDER_CANDIDATE
2026-05-14,POLL,112.0,112.0,112.0,112.0,0.0,True,True,True,True,PLACEHOLDER_CANDIDATE
2026-05-15,POLL,112.0,112.0,112.0,112.0,0.0,True,True,True,True,PLACEHOLDER_CANDIDATE
2026-05-27,POLL,112.0,112.0,112.0,112.0,0.0,True,True,True,True,PLACEHOLDER_CANDIDATE
2026-05-28,POLL,112.0,112.0,112.0,112.0,0.0,True,True,True,True,PLACEHOLDER_CANDIDATE
2026-06-01,POLL,112.0,112.0,112.0,112.0,0.0,True,True,True,True,PLACEHOLDER_CANDIDATE
2026-06-16,POLL,112.0,112.0,112.0,112.0,0.0,True,True,True,True,PLACEHOLDER_CANDIDATE
2026-08-17,POLL,112.0,112.0,112.0,112.0,0.0,True,True,True,True,PLACEHOLDER_CANDIDATE
2026-08-25,POLL,112.0,112.0,112.0,112.0,0.0,True,True,True,True,PLACEHOLDER_CANDIDATE
2026-05-14,POLU,13900.0,13900.0,13900.0,13900.0,0.0,True,True,True,True,PLACEHOLDER_CANDIDATE
2026-05-15,POLU,13900.0,13900.0,13900.0,13900.0,0.0,True,True,True,True,PLACEHOLDER_CANDIDATE
2026-05-27,POLU,10800.0,10800.0,10800.0,10800.0,0.0,True,True,True,True,PLACEHOLDER_CANDIDATE
2026-05-28,POLU,10800.0,10800.0,10800.0,10800.0,0.0,True,True,True,True,PLACEHOLDER_CANDIDATE
2026-05-01,POLY,32.0,32.0,32.0,32.0,0.0,True,True,True,True,PLACEHOLDER_CANDIDATE
2026-05-14,POLY,32.0,32.0,32.0,32.0,0.0,True,True,True,True,PLACEHOLDER_CANDIDATE
2026-05-15,POLY,32.0,32.0,32.0,32.0,0.0,True,True,True,True,PLACEHOLDER_CANDIDATE
2026-05-27,POLY,32.0,32.0,32.0,32.0,0.0,True,True,True,True,PLACEHOLDER_CANDIDATE
2026-05-28,POLY,32.0,32.0,32.0,32.0,0.0,True,True,True,True,PLACEHOLDER_CANDIDATE
2026-06-01,POLY,32.0,32.0,32.0,32.0,0.0,True,True,True,True,PLACEHOLDER_CANDIDATE
2026-06-16,POLY,32.0,32.0,32.0,32.0,0.0,True,True,True,True,PLACEHOLDER_CANDIDATE
2026-08-17,POLY,32.0,32.0,32.0,32.0,0.0,True,True,True,True,PLACEHOLDER_CANDIDATE
2026-08-25,POLY,32.0,32.0,32.0,32.0,0.0,True,True,True,True,PLACEHOLDER_CANDIDATE
2026-05-14,PORT,905.0,905.0,905.0,905.0,0.0,True,True,True,True,PLACEHOLDER_CANDIDATE
2026-05-15,PORT,905.0,905.0,905.0,905.0,0.0,True,True,True,True,PLACEHOLDER_CANDIDATE
2026-05-27,PORT,900.0,900.0,900.0,900.0,0.0,True,True,True,True,PLACEHOLDER_CANDIDATE
2026-05-28,PORT,900.0,900.0,900.0,900.0,0.0,True,True,True,True,PLACEHOLDER_CANDIDATE
2017-01-02,POWR,556.13,556.13,556.13,556.13,0.0,True,True,True,True,PLACEHOLDER_CANDIDATE
2017-02-15,POWR,521.51,521.51,521.51,521.51,0.0,True,True,True,True,PLACEHOLDER_CANDIDATE
2017-04-19,POWR,560.46,560.46,560.46,560.46,0.0,True,True,True,True,PLACEHOLDER_CANDIDATE
2017-06-01,POWR,533.43,533.43,533.43,533.43,0.0,True,True,True,True,PLACEHOLDER_CANDIDATE
2017-06-23,POWR,540.19,540.19,540.19,540.19,0.0,True,True,True,True,PLACEHOLDER_CANDIDATE
2017-06-26,POWR,540.19,540.19,540.19,540.19,0.0,True,True,True,True,PLACEHOLDER_CANDIDATE
2017-06-27,POWR,540.19,540.19,540.19,540.19,0.0,True,True,True,True,PLACEHOLDER_CANDIDATE
2017-06-28,POWR,540.19,540.19,540.19,540.19,0.0,True,True,True,True,PLACEHOLDER_CANDIDATE
2017-06-29,POWR,540.19,540.19,540.19,540.19,0.0,True,True,True,True,PLACEHOLDER_CANDIDATE
2017-06-30,POWR,540.19,540.19,540.19,540.19,0.0,True,True,True,True,PLACEHOLDER_CANDIDATE
2017-08-17,POWR,549.19,549.19,549.19,549.19,0.0,True,True,True,True,PLACEHOLDER_CANDIDATE
2017-09-01,POWR,506.42,506.42,506.42,506.42,0.0,True,True,True,True,PLACEHOLDER_CANDIDATE
2017-09-21,POWR,495.17,495.17,495.17,495.17,0.0,True,True,True,True,PLACEHOLDER_CANDIDATE
2017-12-25,POWR,564.3,564.3,564.3,564.3,0.0,True,True,True,True,PLACEHOLDER_CANDIDATE
2017-12-26,POWR,564.3,564.3,564.3,564.3,0.0,True,True,True,True,PLACEHOLDER_CANDIDATE
2018-01-01,POWR,591.6,591.6,591.6,591.6,0.0,True,True,True,True,PLACEHOLDER_CANDIDATE
2018-02-16,POWR,546.1,546.1,546.1,546.1,0.0,True,True,True,True,PLACEHOLDER_CANDIDATE
2018-03-30,POWR,523.34,523.34,523.34,523.34,0.0,True,True,True,True,PLACEHOLDER_CANDIDATE
2018-05-01,POWR,540.3,540.3,540.3,540.3,0.0,True,True,True,True,PLACEHOLDER_CANDIDATE
2018-05-10,POWR,545.04,545.04,545.04,545.04,0.0,True,True,True,True,PLACEHOLDER_CANDIDATE
2018-05-29,POWR,511.87,511.87,511.87,511.87,0.0,True,True,True,True,PLACEHOLDER_CANDIDATE
2018-06-01,POWR,514.24,514.24,514.24,514.24,0.0,True,True,True,True,PLACEHOLDER_CANDIDATE
2018-06-11,POWR,542.67,542.67,542.67,542.67,0.0,True,True,True,True,PLACEHOLDER_CANDIDATE
2018-06-12,POWR,542.67,542.67,542.67,542.67,0.0,True,True,True,True,PLACEHOLDER_CANDIDATE
2018-06-13,POWR,542.67,542.67,542.67,542.67,0.0,True,True,True,True,PLACEHOLDER_CANDIDATE
2018-06-14,POWR,542.67,542.67,542.67,542.67,0.0,True,True,True,True,PLACEHOLDER_CANDIDATE
2018-06-15,POWR,542.67,542.67,542.67,542.67,0.0,True,True,True,True,PLACEHOLDER_CANDIDATE
2018-06-18,POWR,542.67,542.67,542.67,542.67,0.0,True,True,True,True,PLACEHOLDER_CANDIDATE
2018-06-19,POWR,542.67,542.67,542.67,542.67,0.0,True,True,True,True,PLACEHOLDER_CANDIDATE
2018-08-17,POWR,459.73,459.73,459.73,459.73,0.0,True,True,True,True,PLACEHOLDER_CANDIDATE
2018-08-22,POWR,452.62,452.62,452.62,452.62,0.0,True,True,True,True,PLACEHOLDER_CANDIDATE
2018-09-11,POWR,452.62,452.62,452.62,452.62,0.0,True,True,True,True,PLACEHOLDER_CANDIDATE
2018-11-20,POWR,428.38,428.38,428.38,428.38,0.0,True,True,True,True,PLACEHOLDER_CANDIDATE
2018-12-24,POWR,423.51,423.51,423.51,423.51,0.0,True,True,True,True,PLACEHOLDER_CANDIDATE
2018-12-25,POWR,423.51,423.51,423.51,423.51,0.0,True,True,True,True,PLACEHOLDER_CANDIDATE
2018-12-31,POWR,433.25,433.25,433.25,433.25,0.0,True,True,True,True,PLACEHOLDER_CANDIDATE
2019-01-01,POWR,433.25,433.25,433.25,433.25,0.0,True,True,True,True,PLACEHOLDER_CANDIDATE
2019-02-05,POWR,408.91,408.91,408.91,408.91,0.0,True,True,True,True,PLACEHOLDER_CANDIDATE
2019-03-07,POWR,469.75,469.75,469.75,469.75,0.0,True,True,True,True,PLACEHOLDER_CANDIDATE
2019-04-03,POWR,455.15,455.15,455.15,455.15,0.0,True,True,True,True,PLACEHOLDER_CANDIDATE
2019-04-17,POWR,464.89,464.89,464.89,464.89,0.0,True,True,True,True,PLACEHOLDER_CANDIDATE
2019-04-19,POWR,457.58,457.58,457.58,457.58,0.0,True,True,True,True,PLACEHOLDER_CANDIDATE
2019-05-01,POWR,470.74,470.74,470.74,470.74,0.0,True,True,True,True,PLACEHOLDER_CANDIDATE
2019-05-30,POWR,455.47,455.47,455.47,455.47,0.0,True,True,True,True,PLACEHOLDER_CANDIDATE
2019-06-03,POWR,455.47,455.47,455.47,455.47,0.0,True,True,True,True,PLACEHOLDER_CANDIDATE
2019-06-04,POWR,455.47,455.47,455.47,455.47,0.0,True,True,True,True,PLACEHOLDER_CANDIDATE
2019-06-05,POWR,455.47,455.47,455.47,455.47,0.0,True,True,True,True,PLACEHOLDER_CANDIDATE
2019-06-06,POWR,455.47,455.47,455.47,455.47,0.0,True,True,True,True,PLACEHOLDER_CANDIDATE
2019-06-07,POWR,455.47,455.47,455.47,455.47,0.0,True,True,True,True,PLACEHOLDER_CANDIDATE
2026-05-14,POWR,719.82,719.82,719.82,719.82,0.0,True,True,True,True,PLACEHOLDER_CANDIDATE
2026-05-15,POWR,719.82,719.82,719.82,719.82,0.0,True,True,True,True,PLACEHOLDER_CANDIDATE
2026-05-27,POWR,705.0,705.0,705.0,705.0,0.0,True,True,True,True,PLACEHOLDER_CANDIDATE
2026-05-28,POWR,705.0,705.0,705.0,705.0,0.0,True,True,True,True,PLACEHOLDER_CANDIDATE
2026-05-14,PPGL,220.0,220.0,220.0,220.0,0.0,True,True,True,True,PLACEHOLDER_CANDIDATE
2026-05-15,PPGL,220.0,220.0,220.0,220.0,0.0,True,True,True,True,PLACEHOLDER_CANDIDATE
2026-05-27,PPGL,234.0,234.0,234.0,234.0,0.0,True,True,True,True,PLACEHOLDER_CANDIDATE
2026-05-28,PPGL,234.0,234.0,234.0,234.0,0.0,True,True,True,True,PLACEHOLDER_CANDIDATE
2026-05-14,PPRE,120.0,120.0,120.0,120.0,0.0,True,True,True,True,PLACEHOLDER_CANDIDATE
2026-05-15,PPRE,120.0,120.0,120.0,120.0,0.0,True,True,True,True,PLACEHOLDER_CANDIDATE
2026-05-27,PPRE,100.0,100.0,100.0,100.0,0.0,True,True,True,True,PLACEHOLDER_CANDIDATE
2026-05-28,PPRE,100.0,100.0,100.0,100.0,0.0,True,True,True,True,PLACEHOLDER_CANDIDATE
2026-05-14,PPRI,170.0,170.0,170.0,170.0,0.0,True,True,True,True,PLACEHOLDER_CANDIDATE
2026-05-15,PPRI,170.0,170.0,170.0,170.0,0.0,True,True,True,True,PLACEHOLDER_CANDIDATE
2026-05-27,PPRI,150.0,150.0,150.0,150.0,0.0,True,True,True,True,PLACEHOLDER_CANDIDATE
2026-05-28,PPRI,150.0,150.0,150.0,150.0,0.0,True,True,True,True,PLACEHOLDER_CANDIDATE
2026-05-14,PPRO,19.0,19.0,19.0,19.0,0.0,True,True,True,True,PLACEHOLDER_CANDIDATE
2026-05-15,PPRO,19.0,19.0,19.0,19.0,0.0,True,True,True,True,PLACEHOLDER_CANDIDATE
2026-05-27,PPRO,15.0,15.0,15.0,15.0,0.0,True,True,True,True,PLACEHOLDER_CANDIDATE
2026-05-28,PPRO,15.0,15.0,15.0,15.0,0.0,True,True,True,True,PLACEHOLDER_CANDIDATE
2026-05-14,PRAY,730.0,730.0,730.0,730.0,0.0,True,True,True,True,PLACEHOLDER_CANDIDATE
2026-05-15,PRAY,730.0,730.0,730.0,730.0,0.0,True,True,True,True,PLACEHOLDER_CANDIDATE
2026-05-27,PRAY,700.0,700.0,700.0,700.0,0.0,True,True,True,True,PLACEHOLDER_CANDIDATE
2026-05-28,PRAY,700.0,700.0,700.0,700.0,0.0,True,True,True,True,PLACEHOLDER_CANDIDATE
2026-05-14,PRDA,2550.0,2550.0,2550.0,2550.0,0.0,True,True,True,True,PLACEHOLDER_CANDIDATE
2026-05-15,PRDA,2550.0,2550.0,2550.0,2550.0,0.0,True,True,True,True,PLACEHOLDER_CANDIDATE
2026-05-27,PRDA,2530.0,2530.0,2530.0,2530.0,0.0,True,True,True,True,PLACEHOLDER_CANDIDATE
2026-05-28,PRDA,2530.0,2530.0,2530.0,2530.0,0.0,True,True,True,True,PLACEHOLDER_CANDIDATE
2026-05-14,PRIM,87.0,87.0,87.0,87.0,0.0,True,True,True,True,PLACEHOLDER_CANDIDATE
2026-05-15,PRIM,87.0,87.0,87.0,87.0,0.0,True,True,True,True,PLACEHOLDER_CANDIDATE
2026-05-27,PRIM,84.0,84.0,84.0,84.0,0.0,True,True,True,True,PLACEHOLDER_CANDIDATE
2026-05-28,PRIM,84.0,84.0,84.0,84.0,0.0,True,True,True,True,PLACEHOLDER_CANDIDATE
2026-05-14,PSAB,383.2536010742188,383.2536010742188,383.2536010742188,383.2536010742188,0.0,True,True,True,True,PLACEHOLDER_CANDIDATE
2026-05-15,PSAB,383.2536010742188,383.2536010742188,383.2536010742188,383.2536010742188,0.0,True,True,True,True,PLACEHOLDER_CANDIDATE
2026-05-27,PSAB,358.7253723144531,358.7253723144531,358.7253723144531,358.7253723144531,0.0,True,True,True,True,PLACEHOLDER_CANDIDATE
2026-05-28,PSAB,358.7253723144531,358.7253723144531,358.7253723144531,358.7253723144531,0.0,True,True,True,True,PLACEHOLDER_CANDIDATE
2026-08-25,PSAB,606.3157958984375,606.3157958984375,606.3157958984375,606.3157958984375,0.0,True,True,True,True,PLACEHOLDER_CANDIDATE
2026-05-14,PSAT,890.0,890.0,890.0,890.0,0.0,True,True,True,True,PLACEHOLDER_CANDIDATE
2026-05-15,PSAT,890.0,890.0,890.0,890.0,0.0,True,True,True,True,PLACEHOLDER_CANDIDATE
2026-05-27,PSAT,780.0,780.0,780.0,780.0,0.0,True,True,True,True,PLACEHOLDER_CANDIDATE
2026-05-28,PSAT,780.0,780.0,780.0,780.0,0.0,True,True,True,True,PLACEHOLDER_CANDIDATE
2026-05-14,PSDN,153.0,153.0,153.0,153.0,0.0,True,True,True,True,PLACEHOLDER_CANDIDATE
2026-05-15,PSDN,153.0,153.0,153.0,153.0,0.0,True,True,True,True,PLACEHOLDER_CANDIDATE
2026-05-27,PSDN,129.0,129.0,129.0,129.0,0.0,True,True,True,True,PLACEHOLDER_CANDIDATE
2026-05-28,PSDN,129.0,129.0,129.0,129.0,0.0,True,True,True,True,PLACEHOLDER_CANDIDATE
2026-08-25,PSDN,137.0,137.0,137.0,137.0,0.0,True,True,True,True,PLACEHOLDER_CANDIDATE
2026-05-14,PSGO,193.7172698974609,193.7172698974609,193.7172698974609,193.7172698974609,0.0,True,True,True,True,PLACEHOLDER_CANDIDATE
2026-05-15,PSGO,193.7172698974609,193.7172698974609,193.7172698974609,193.7172698974609,0.0,True,True,True,True,PLACEHOLDER_CANDIDATE
2026-05-27,PSGO,185.0,185.0,185.0,185.0,0.0,True,True,True,True,PLACEHOLDER_CANDIDATE
2026-05-28,PSGO,185.0,185.0,185.0,185.0,0.0,True,True,True,True,PLACEHOLDER_CANDIDATE
2026-05-14,PSKT,258.0,258.0,258.0,258.0,0.0,True,True,True,True,PLACEHOLDER_CANDIDATE
2026-05-15,PSKT,258.0,258.0,258.0,258.0,0.0,True,True,True,True,PLACEHOLDER_CANDIDATE
2026-05-27,PSKT,202.0,202.0,202.0,202.0,0.0,True,True,True,True,PLACEHOLDER_CANDIDATE
2026-05-28,PSKT,202.0,202.0,202.0,202.0,0.0,True,True,True,True,PLACEHOLDER_CANDIDATE
2026-05-14,PSSI,330.6153869628906,330.6153869628906,330.6153869628906,330.6153869628906,0.0,True,True,True,True,PLACEHOLDER_CANDIDATE
2026-05-15,PSSI,330.6153869628906,330.6153869628906,330.6153869628906,330.6153869628906,0.0,True,True,True,True,PLACEHOLDER_CANDIDATE
2026-05-27,PSSI,310.0,310.0,310.0,310.0,0.0,True,True,True,True,PLACEHOLDER_CANDIDATE
2026-05-28,PSSI,310.0,310.0,310.0,310.0,0.0,True,True,True,True,PLACEHOLDER_CANDIDATE
2014-04-09,PTBA,500.4,500.4,500.4,500.4,0.0,True,True,True,True,PLACEHOLDER_CANDIDATE
2014-07-09,PTBA,620.4,620.4,620.4,620.4,0.0,True,True,True,True,PLACEHOLDER_CANDIDATE
2015-12-09,PTBA,277.48,277.48,277.48,277.48,0.0,True,True,True,True,PLACEHOLDER_CANDIDATE
2017-01-02,PTBA,746.2,746.2,746.2,746.2,0.0,True,True,True,True,PLACEHOLDER_CANDIDATE
2017-02-15,PTBA,652.18,652.18,652.18,652.18,0.0,True,True,True,True,PLACEHOLDER_CANDIDATE
2017-04-19,PTBA,752.17,752.17,752.17,752.17,0.0,True,True,True,True,PLACEHOLDER_CANDIDATE
2017-06-01,PTBA,665.68,665.68,665.68,665.68,0.0,True,True,True,True,PLACEHOLDER_CANDIDATE
2017-06-23,PTBA,729.8,729.8,729.8,729.8,0.0,True,True,True,True,PLACEHOLDER_CANDIDATE
2017-06-26,PTBA,729.8,729.8,729.8,729.8,0.0,True,True,True,True,PLACEHOLDER_CANDIDATE
2017-06-27,PTBA,729.8,729.8,729.8,729.8,0.0,True,True,True,True,PLACEHOLDER_CANDIDATE
2017-06-28,PTBA,729.8,729.8,729.8,729.8,0.0,True,True,True,True,PLACEHOLDER_CANDIDATE
2017-06-29,PTBA,729.8,729.8,729.8,729.8,0.0,True,True,True,True,PLACEHOLDER_CANDIDATE
2017-06-30,PTBA,729.8,729.8,729.8,729.8,0.0,True,True,True,True,PLACEHOLDER_CANDIDATE
2017-08-17,PTBA,803.09,803.09,803.09,803.09,0.0,True,True,True,True,PLACEHOLDER_CANDIDATE
2017-09-01,PTBA,755.76,755.76,755.76,755.76,0.0,True,True,True,True,PLACEHOLDER_CANDIDATE
2017-09-21,PTBA,636.67,636.67,636.67,636.67,0.0,True,True,True,True,PLACEHOLDER_CANDIDATE
2017-12-25,PTBA,769.5,769.5,769.5,769.5,0.0,True,True,True,True,PLACEHOLDER_CANDIDATE
2017-12-26,PTBA,769.5,769.5,769.5,769.5,0.0,True,True,True,True,PLACEHOLDER_CANDIDATE
2018-01-01,PTBA,751.18,751.18,751.18,751.18,0.0,True,True,True,True,PLACEHOLDER_CANDIDATE
2018-02-16,PTBA,989.36,989.36,989.36,989.36,0.0,True,True,True,True,PLACEHOLDER_CANDIDATE
2018-03-30,PTBA,897.75,897.75,897.75,897.75,0.0,True,True,True,True,PLACEHOLDER_CANDIDATE
2018-05-01,PTBA,1089.04,1089.04,1089.04,1089.04,0.0,True,True,True,True,PLACEHOLDER_CANDIDATE
2018-05-10,PTBA,1152.9,1152.9,1152.9,1152.9,0.0,True,True,True,True,PLACEHOLDER_CANDIDATE
2018-05-29,PTBA,1230.21,1230.21,1230.21,1230.21,0.0,True,True,True,True,PLACEHOLDER_CANDIDATE
2018-06-01,PTBA,1277.27,1277.27,1277.27,1277.27,0.0,True,True,True,True,PLACEHOLDER_CANDIDATE
2018-06-11,PTBA,1368.02,1368.02,1368.02,1368.02,0.0,True,True,True,True,PLACEHOLDER_CANDIDATE
2018-06-12,PTBA,1368.02,1368.02,1368.02,1368.02,0.0,True,True,True,True,PLACEHOLDER_CANDIDATE
2018-06-13,PTBA,1368.02,1368.02,1368.02,1368.02,0.0,True,True,True,True,PLACEHOLDER_CANDIDATE
2018-06-14,PTBA,1368.02,1368.02,1368.02,1368.02,0.0,True,True,True,True,PLACEHOLDER_CANDIDATE
2018-06-15,PTBA,1368.02,1368.02,1368.02,1368.02,0.0,True,True,True,True,PLACEHOLDER_CANDIDATE
2018-06-18,PTBA,1368.02,1368.02,1368.02,1368.02,0.0,True,True,True,True,PLACEHOLDER_CANDIDATE
2018-06-19,PTBA,1368.02,1368.02,1368.02,1368.02,0.0,True,True,True,True,PLACEHOLDER_CANDIDATE
2018-08-17,PTBA,1384.83,1384.83,1384.83,1384.83,0.0,True,True,True,True,PLACEHOLDER_CANDIDATE
2018-08-22,PTBA,1384.83,1384.83,1384.83,1384.83,0.0,True,True,True,True,PLACEHOLDER_CANDIDATE
2018-09-11,PTBA,1250.38,1250.38,1250.38,1250.38,0.0,True,True,True,True,PLACEHOLDER_CANDIDATE
2018-11-20,PTBA,1566.33,1566.33,1566.33,1566.33,0.0,True,True,True,True,PLACEHOLDER_CANDIDATE
2018-12-24,PTBA,1421.8,1421.8,1421.8,1421.8,0.0,True,True,True,True,PLACEHOLDER_CANDIDATE
2018-12-25,PTBA,1421.8,1421.8,1421.8,1421.8,0.0,True,True,True,True,PLACEHOLDER_CANDIDATE
2018-12-31,PTBA,1445.33,1445.33,1445.33,1445.33,0.0,True,True,True,True,PLACEHOLDER_CANDIDATE
2019-01-01,PTBA,1445.33,1445.33,1445.33,1445.33,0.0,True,True,True,True,PLACEHOLDER_CANDIDATE
2019-02-05,PTBA,1425.16,1425.16,1425.16,1425.16,0.0,True,True,True,True,PLACEHOLDER_CANDIDATE
2019-03-07,PTBA,1357.94,1357.94,1357.94,1357.94,0.0,True,True,True,True,PLACEHOLDER_CANDIDATE
2019-04-03,PTBA,1401.63,1401.63,1401.63,1401.63,0.0,True,True,True,True,PLACEHOLDER_CANDIDATE
2019-04-17,PTBA,1337.77,1337.77,1337.77,1337.77,0.0,True,True,True,True,PLACEHOLDER_CANDIDATE
2019-04-19,PTBA,1327.68,1327.68,1327.68,1327.68,0.0,True,True,True,True,PLACEHOLDER_CANDIDATE
2019-05-01,PTBA,1331.05,1331.05,1331.05,1331.05,0.0,True,True,True,True,PLACEHOLDER_CANDIDATE
2019-05-30,PTBA,1107.63,1107.63,1107.63,1107.63,0.0,True,True,True,True,PLACEHOLDER_CANDIDATE
2019-06-03,PTBA,1129.78,1129.78,1129.78,1129.78,0.0,True,True,True,True,PLACEHOLDER_CANDIDATE
2019-06-04,PTBA,1129.78,1129.78,1129.78,1129.78,0.0,True,True,True,True,PLACEHOLDER_CANDIDATE
2019-06-05,PTBA,1129.78,1129.78,1129.78,1129.78,0.0,True,True,True,True,PLACEHOLDER_CANDIDATE
2019-06-06,PTBA,1129.78,1129.78,1129.78,1129.78,0.0,True,True,True,True,PLACEHOLDER_CANDIDATE
2019-06-07,PTBA,1129.78,1129.78,1129.78,1129.78,0.0,True,True,True,True,PLACEHOLDER_CANDIDATE
2026-05-14,PTBA,2703.91,2703.91,2703.91,2703.91,0.0,True,True,True,True,PLACEHOLDER_CANDIDATE
2026-05-15,PTBA,2703.91,2703.91,2703.91,2703.91,0.0,True,True,True,True,PLACEHOLDER_CANDIDATE
2026-05-27,PTBA,2713.46,2713.46,2713.46,2713.46,0.0,True,True,True,True,PLACEHOLDER_CANDIDATE
2026-05-28,PTBA,2713.46,2713.46,2713.46,2713.46,0.0,True,True,True,True,PLACEHOLDER_CANDIDATE
2026-08-25,PTBA,2480.0,2480.0,2480.0,2480.0,0.0,True,True,True,True,PLACEHOLDER_CANDIDATE
2026-05-01,PTDU,70.0,70.0,70.0,70.0,0.0,True,True,True,True,PLACEHOLDER_CANDIDATE
2026-05-14,PTDU,70.0,70.0,70.0,70.0,0.0,True,True,True,True,PLACEHOLDER_CANDIDATE
2026-05-15,PTDU,70.0,70.0,70.0,70.0,0.0,True,True,True,True,PLACEHOLDER_CANDIDATE
2026-05-27,PTDU,70.0,70.0,70.0,70.0,0.0,True,True,True,True,PLACEHOLDER_CANDIDATE
2026-05-28,PTDU,70.0,70.0,70.0,70.0,0.0,True,True,True,True,PLACEHOLDER_CANDIDATE
2026-06-01,PTDU,70.0,70.0,70.0,70.0,0.0,True,True,True,True,PLACEHOLDER_CANDIDATE
2026-06-16,PTDU,70.0,70.0,70.0,70.0,0.0,True,True,True,True,PLACEHOLDER_CANDIDATE
2026-08-17,PTDU,70.0,70.0,70.0,70.0,0.0,True,True,True,True,PLACEHOLDER_CANDIDATE
2026-08-25,PTDU,70.0,70.0,70.0,70.0,0.0,True,True,True,True,PLACEHOLDER_CANDIDATE
2026-05-14,PTIS,306.0,306.0,306.0,306.0,0.0,True,True,True,True,PLACEHOLDER_CANDIDATE
2026-05-15,PTIS,306.0,306.0,306.0,306.0,0.0,True,True,True,True,PLACEHOLDER_CANDIDATE
2026-05-27,PTIS,314.0,314.0,314.0,314.0,0.0,True,True,True,True,PLACEHOLDER_CANDIDATE
2026-05-28,PTIS,314.0,314.0,314.0,314.0,0.0,True,True,True,True,PLACEHOLDER_CANDIDATE
2026-05-14,PTMP,72.0,72.0,72.0,72.0,0.0,True,True,True,True,PLACEHOLDER_CANDIDATE
2026-05-15,PTMP,72.0,72.0,72.0,72.0,0.0,True,True,True,True,PLACEHOLDER_CANDIDATE
2026-05-27,PTMP,62.0,62.0,62.0,62.0,0.0,True,True,True,True,PLACEHOLDER_CANDIDATE
2026-05-28,PTMP,62.0,62.0,62.0,62.0,0.0,True,True,True,True,PLACEHOLDER_CANDIDATE
2026-05-01,PTMR,374.0,374.0,374.0,374.0,0.0,True,True,True,True,PLACEHOLDER_CANDIDATE
2026-05-14,PTMR,374.0,374.0,374.0,374.0,0.0,True,True,True,True,PLACEHOLDER_CANDIDATE
2026-05-15,PTMR,374.0,374.0,374.0,374.0,0.0,True,True,True,True,PLACEHOLDER_CANDIDATE
2026-05-27,PTMR,374.0,374.0,374.0,374.0,0.0,True,True,True,True,PLACEHOLDER_CANDIDATE
2026-05-28,PTMR,374.0,374.0,374.0,374.0,0.0,True,True,True,True,PLACEHOLDER_CANDIDATE
2026-06-01,PTMR,374.0,374.0,374.0,374.0,0.0,True,True,True,True,PLACEHOLDER_CANDIDATE
2026-06-16,PTMR,374.0,374.0,374.0,374.0,0.0,True,True,True,True,PLACEHOLDER_CANDIDATE
2026-08-17,PTMR,374.0,374.0,374.0,374.0,0.0,True,True,True,True,PLACEHOLDER_CANDIDATE
2026-08-25,PTMR,374.0,374.0,374.0,374.0,0.0,True,True,True,True,PLACEHOLDER_CANDIDATE
2014-04-09,PTPP,1593.35,1593.35,1593.35,1593.35,0.0,True,True,True,True,PLACEHOLDER_CANDIDATE
2014-07-09,PTPP,1718.74,1718.74,1718.74,1718.74,0.0,True,True,True,True,PLACEHOLDER_CANDIDATE
2015-12-09,PTPP,3200.31,3200.31,3200.31,3200.31,0.0,True,True,True,True,PLACEHOLDER_CANDIDATE
2017-01-02,PTPP,3450.58,3450.58,3450.58,3450.58,0.0,True,True,True,True,PLACEHOLDER_CANDIDATE
2017-02-15,PTPP,3360.01,3360.01,3360.01,3360.01,0.0,True,True,True,True,PLACEHOLDER_CANDIDATE
2017-04-19,PTPP,3087.48,3087.48,3087.48,3087.48,0.0,True,True,True,True,PLACEHOLDER_CANDIDATE
2017-06-01,PTPP,2876.13,2876.13,2876.13,2876.13,0.0,True,True,True,True,PLACEHOLDER_CANDIDATE
2017-06-23,PTPP,2885.32,2885.32,2885.32,2885.32,0.0,True,True,True,True,PLACEHOLDER_CANDIDATE
2017-06-26,PTPP,2885.32,2885.32,2885.32,2885.32,0.0,True,True,True,True,PLACEHOLDER_CANDIDATE
2017-06-27,PTPP,2885.32,2885.32,2885.32,2885.32,0.0,True,True,True,True,PLACEHOLDER_CANDIDATE
2017-06-28,PTPP,2885.32,2885.32,2885.32,2885.32,0.0,True,True,True,True,PLACEHOLDER_CANDIDATE
2017-06-29,PTPP,2885.32,2885.32,2885.32,2885.32,0.0,True,True,True,True,PLACEHOLDER_CANDIDATE
2017-06-30,PTPP,2885.32,2885.32,2885.32,2885.32,0.0,True,True,True,True,PLACEHOLDER_CANDIDATE
2017-08-17,PTPP,2719.92,2719.92,2719.92,2719.92,0.0,True,True,True,True,PLACEHOLDER_CANDIDATE
2017-09-01,PTPP,2582.09,2582.09,2582.09,2582.09,0.0,True,True,True,True,PLACEHOLDER_CANDIDATE
2017-09-21,PTPP,2407.5,2407.5,2407.5,2407.5,0.0,True,True,True,True,PLACEHOLDER_CANDIDATE
2017-12-25,PTPP,2379.93,2379.93,2379.93,2379.93,0.0,True,True,True,True,PLACEHOLDER_CANDIDATE
2017-12-26,PTPP,2379.93,2379.93,2379.93,2379.93,0.0,True,True,True,True,PLACEHOLDER_CANDIDATE
2018-01-01,PTPP,2425.87,2425.87,2425.87,2425.87,0.0,True,True,True,True,PLACEHOLDER_CANDIDATE
2018-02-16,PTPP,2793.43,2793.43,2793.43,2793.43,0.0,True,True,True,True,PLACEHOLDER_CANDIDATE
2018-03-30,PTPP,2398.31,2398.31,2398.31,2398.31,0.0,True,True,True,True,PLACEHOLDER_CANDIDATE
2018-05-01,PTPP,2232.91,2232.91,2232.91,2232.91,0.0,True,True,True,True,PLACEHOLDER_CANDIDATE
2018-05-10,PTPP,1999.46,1999.46,1999.46,1999.46,0.0,True,True,True,True,PLACEHOLDER_CANDIDATE
2018-05-29,PTPP,2506.36,2506.36,2506.36,2506.36,0.0,True,True,True,True,PLACEHOLDER_CANDIDATE
2018-06-01,PTPP,2421.88,2421.88,2421.88,2421.88,0.0,True,True,True,True,PLACEHOLDER_CANDIDATE
2018-06-11,PTPP,2478.2,2478.2,2478.2,2478.2,0.0,True,True,True,True,PLACEHOLDER_CANDIDATE
2018-06-12,PTPP,2478.2,2478.2,2478.2,2478.2,0.0,True,True,True,True,PLACEHOLDER_CANDIDATE
2018-06-13,PTPP,2478.2,2478.2,2478.2,2478.2,0.0,True,True,True,True,PLACEHOLDER_CANDIDATE
2018-06-14,PTPP,2478.2,2478.2,2478.2,2478.2,0.0,True,True,True,True,PLACEHOLDER_CANDIDATE
2018-06-15,PTPP,2478.2,2478.2,2478.2,2478.2,0.0,True,True,True,True,PLACEHOLDER_CANDIDATE
2018-06-18,PTPP,2478.2,2478.2,2478.2,2478.2,0.0,True,True,True,True,PLACEHOLDER_CANDIDATE
2018-06-19,PTPP,2478.2,2478.2,2478.2,2478.2,0.0,True,True,True,True,PLACEHOLDER_CANDIDATE
2018-08-17,PTPP,1689.68,1689.68,1689.68,1689.68,0.0,True,True,True,True,PLACEHOLDER_CANDIDATE
2018-08-22,PTPP,1727.23,1727.23,1727.23,1727.23,0.0,True,True,True,True,PLACEHOLDER_CANDIDATE
2018-09-11,PTPP,1511.33,1511.33,1511.33,1511.33,0.0,True,True,True,True,PLACEHOLDER_CANDIDATE
2018-11-20,PTPP,1469.09,1469.09,1469.09,1469.09,0.0,True,True,True,True,PLACEHOLDER_CANDIDATE
2018-12-24,PTPP,1778.86,1778.86,1778.86,1778.86,0.0,True,True,True,True,PLACEHOLDER_CANDIDATE
2018-12-25,PTPP,1778.86,1778.86,1778.86,1778.86,0.0,True,True,True,True,PLACEHOLDER_CANDIDATE
2018-12-31,PTPP,1694.38,1694.38,1694.38,1694.38,0.0,True,True,True,True,PLACEHOLDER_CANDIDATE
2019-01-01,PTPP,1694.38,1694.38,1694.38,1694.38,0.0,True,True,True,True,PLACEHOLDER_CANDIDATE
2019-02-05,PTPP,2121.49,2121.49,2121.49,2121.49,0.0,True,True,True,True,PLACEHOLDER_CANDIDATE
2019-03-07,PTPP,1886.81,1886.81,1886.81,1886.81,0.0,True,True,True,True,PLACEHOLDER_CANDIDATE
2019-04-03,PTPP,2008.85,2008.85,2008.85,2008.85,0.0,True,True,True,True,PLACEHOLDER_CANDIDATE
2019-04-17,PTPP,2243.52,2243.52,2243.52,2243.52,0.0,True,True,True,True,PLACEHOLDER_CANDIDATE
2019-04-19,PTPP,2337.4,2337.4,2337.4,2337.4,0.0,True,True,True,True,PLACEHOLDER_CANDIDATE
2019-05-01,PTPP,2252.91,2252.91,2252.91,2252.91,0.0,True,True,True,True,PLACEHOLDER_CANDIDATE
2019-05-30,PTPP,1806.87,1806.87,1806.87,1806.87,0.0,True,True,True,True,PLACEHOLDER_CANDIDATE
2019-06-03,PTPP,1893.37,1893.37,1893.37,1893.37,0.0,True,True,True,True,PLACEHOLDER_CANDIDATE
2019-06-04,PTPP,1893.37,1893.37,1893.37,1893.37,0.0,True,True,True,True,PLACEHOLDER_CANDIDATE
2019-06-05,PTPP,1893.37,1893.37,1893.37,1893.37,0.0,True,True,True,True,PLACEHOLDER_CANDIDATE
2019-06-06,PTPP,1893.37,1893.37,1893.37,1893.37,0.0,True,True,True,True,PLACEHOLDER_CANDIDATE
2019-06-07,PTPP,1893.37,1893.37,1893.37,1893.37,0.0,True,True,True,True,PLACEHOLDER_CANDIDATE
2026-05-14,PTPP,240.0,240.0,240.0,240.0,0.0,True,True,True,True,PLACEHOLDER_CANDIDATE
2026-05-15,PTPP,240.0,240.0,240.0,240.0,0.0,True,True,True,True,PLACEHOLDER_CANDIDATE
2026-05-27,PTPP,210.0,210.0,210.0,210.0,0.0,True,True,True,True,PLACEHOLDER_CANDIDATE
2026-05-28,PTPP,210.0,210.0,210.0,210.0,0.0,True,True,True,True,PLACEHOLDER_CANDIDATE
2026-05-14,PTPS,153.0,153.0,153.0,153.0,0.0,True,True,True,True,PLACEHOLDER_CANDIDATE
2026-05-15,PTPS,153.0,153.0,153.0,153.0,0.0,True,True,True,True,PLACEHOLDER_CANDIDATE
2026-05-27,PTPS,140.0,140.0,140.0,140.0,0.0,True,True,True,True,PLACEHOLDER_CANDIDATE
2026-05-28,PTPS,140.0,140.0,140.0,140.0,0.0,True,True,True,True,PLACEHOLDER_CANDIDATE
2026-05-14,PTPW,945.4158325195312,945.4158325195312,945.4158325195312,945.4158325195312,0.0,True,True,True,True,PLACEHOLDER_CANDIDATE
2026-05-15,PTPW,945.4158325195312,945.4158325195312,945.4158325195312,945.4158325195312,0.0,True,True,True,True,PLACEHOLDER_CANDIDATE
2026-05-27,PTPW,930.4882202148438,930.4882202148438,930.4882202148438,930.4882202148438,0.0,True,True,True,True,PLACEHOLDER_CANDIDATE
2026-05-28,PTPW,930.4882202148438,930.4882202148438,930.4882202148438,930.4882202148438,0.0,True,True,True,True,PLACEHOLDER_CANDIDATE
2026-05-14,PTRO,5025.0,5025.0,5025.0,5025.0,0.0,True,True,True,True,PLACEHOLDER_CANDIDATE
2026-05-15,PTRO,5025.0,5025.0,5025.0,5025.0,0.0,True,True,True,True,PLACEHOLDER_CANDIDATE
2026-05-27,PTRO,3740.0,3740.0,3740.0,3740.0,0.0,True,True,True,True,PLACEHOLDER_CANDIDATE
2026-05-28,PTRO,3740.0,3740.0,3740.0,3740.0,0.0,True,True,True,True,PLACEHOLDER_CANDIDATE
2026-08-25,PTRO,5125.0,5125.0,5125.0,5125.0,0.0,True,True,True,True,PLACEHOLDER_CANDIDATE
2026-05-14,PTSN,295.01385498046875,295.01385498046875,295.01385498046875,295.01385498046875,0.0,True,True,True,True,PLACEHOLDER_CANDIDATE
2026-05-15,PTSN,295.01385498046875,295.01385498046875,295.01385498046875,295.01385498046875,0.0,True,True,True,True,PLACEHOLDER_CANDIDATE
2026-05-27,PTSN,262.01885986328125,262.01885986328125,262.01885986328125,262.01885986328125,0.0,True,True,True,True,PLACEHOLDER_CANDIDATE
2026-05-28,PTSN,262.01885986328125,262.01885986328125,262.01885986328125,262.01885986328125,0.0,True,True,True,True,PLACEHOLDER_CANDIDATE
2026-05-14,PTSP,900.0,900.0,900.0,900.0,0.0,True,True,True,True,PLACEHOLDER_CANDIDATE
2026-05-15,PTSP,900.0,900.0,900.0,900.0,0.0,True,True,True,True,PLACEHOLDER_CANDIDATE
2026-05-27,PTSP,890.0,890.0,890.0,890.0,0.0,True,True,True,True,PLACEHOLDER_CANDIDATE
2026-05-28,PTSP,890.0,890.0,890.0,890.0,0.0,True,True,True,True,PLACEHOLDER_CANDIDATE
2026-08-25,PTSP,905.0,905.0,905.0,905.0,0.0,True,True,True,True,PLACEHOLDER_CANDIDATE
2026-05-14,PUDP,334.9161376953125,334.9161376953125,334.9161376953125,334.9161376953125,0.0,True,True,True,True,PLACEHOLDER_CANDIDATE
2026-05-15,PUDP,334.9161376953125,334.9161376953125,334.9161376953125,334.9161376953125,0.0,True,True,True,True,PLACEHOLDER_CANDIDATE
2026-05-27,PUDP,301.0258178710937,301.0258178710937,301.0258178710937,301.0258178710937,0.0,True,True,True,True,PLACEHOLDER_CANDIDATE
2026-05-28,PUDP,301.0258178710937,301.0258178710937,301.0258178710937,301.0258178710937,0.0,True,True,True,True,PLACEHOLDER_CANDIDATE
2026-08-25,PUDP,280.0,280.0,280.0,280.0,0.0,True,True,True,True,PLACEHOLDER_CANDIDATE
2026-05-14,PURA,34.0,34.0,34.0,34.0,0.0,True,True,True,True,PLACEHOLDER_CANDIDATE
2026-05-15,PURA,34.0,34.0,34.0,34.0,0.0,True,True,True,True,PLACEHOLDER_CANDIDATE
2026-05-27,PURA,35.0,35.0,35.0,35.0,0.0,True,True,True,True,PLACEHOLDER_CANDIDATE
2026-05-28,PURA,35.0,35.0,35.0,35.0,0.0,True,True,True,True,PLACEHOLDER_CANDIDATE
2026-05-14,PURI,156.0,156.0,156.0,156.0,0.0,True,True,True,True,PLACEHOLDER_CANDIDATE
2026-05-15,PURI,156.0,156.0,156.0,156.0,0.0,True,True,True,True,PLACEHOLDER_CANDIDATE
2026-05-27,PURI,135.0,135.0,135.0,135.0,0.0,True,True,True,True,PLACEHOLDER_CANDIDATE
2026-05-28,PURI,135.0,135.0,135.0,135.0,0.0,True,True,True,True,PLACEHOLDER_CANDIDATE
2014-04-09,PWON,319.05,319.05,319.05,319.05,0.0,True,True,True,True,PLACEHOLDER_CANDIDATE
2014-07-09,PWON,315.75,315.75,315.75,315.75,0.0,True,True,True,True,PLACEHOLDER_CANDIDATE
2015-12-09,PWON,389.23,389.23,389.23,389.23,0.0,True,True,True,True,PLACEHOLDER_CANDIDATE
2017-01-02,PWON,479.4,479.4,479.4,479.4,0.0,True,True,True,True,PLACEHOLDER_CANDIDATE
2017-02-15,PWON,483.65,483.65,483.65,483.65,0.0,True,True,True,True,PLACEHOLDER_CANDIDATE
2017-04-19,PWON,500.62,500.62,500.62,500.62,0.0,True,True,True,True,PLACEHOLDER_CANDIDATE
2017-06-01,PWON,517.59,517.59,517.59,517.59,0.0,True,True,True,True,PLACEHOLDER_CANDIDATE
2017-06-23,PWON,525.74,525.74,525.74,525.74,0.0,True,True,True,True,PLACEHOLDER_CANDIDATE
2017-06-26,PWON,525.74,525.74,525.74,525.74,0.0,True,True,True,True,PLACEHOLDER_CANDIDATE
2017-06-27,PWON,525.74,525.74,525.74,525.74,0.0,True,True,True,True,PLACEHOLDER_CANDIDATE
2017-06-28,PWON,525.74,525.74,525.74,525.74,0.0,True,True,True,True,PLACEHOLDER_CANDIDATE
2017-06-29,PWON,525.74,525.74,525.74,525.74,0.0,True,True,True,True,PLACEHOLDER_CANDIDATE
2017-06-30,PWON,525.74,525.74,525.74,525.74,0.0,True,True,True,True,PLACEHOLDER_CANDIDATE
2017-08-17,PWON,581.3,581.3,581.3,581.3,0.0,True,True,True,True,PLACEHOLDER_CANDIDATE
2017-09-01,PWON,572.76,572.76,572.76,572.76,0.0,True,True,True,True,PLACEHOLDER_CANDIDATE
2017-09-21,PWON,555.66,555.66,555.66,555.66,0.0,True,True,True,True,PLACEHOLDER_CANDIDATE
2017-12-25,PWON,577.03,577.03,577.03,577.03,0.0,True,True,True,True,PLACEHOLDER_CANDIDATE
2017-12-26,PWON,577.03,577.03,577.03,577.03,0.0,True,True,True,True,PLACEHOLDER_CANDIDATE
2018-01-01,PWON,585.58,585.58,585.58,585.58,0.0,True,True,True,True,PLACEHOLDER_CANDIDATE
2018-02-16,PWON,577.03,577.03,577.03,577.03,0.0,True,True,True,True,PLACEHOLDER_CANDIDATE
2018-03-30,PWON,538.56,538.56,538.56,538.56,0.0,True,True,True,True,PLACEHOLDER_CANDIDATE
2018-05-01,PWON,504.37,504.37,504.37,504.37,0.0,True,True,True,True,PLACEHOLDER_CANDIDATE
2018-05-10,PWON,465.9,465.9,465.9,465.9,0.0,True,True,True,True,PLACEHOLDER_CANDIDATE
2018-05-29,PWON,478.72,478.72,478.72,478.72,0.0,True,True,True,True,PLACEHOLDER_CANDIDATE
2018-06-01,PWON,478.72,478.72,478.72,478.72,0.0,True,True,True,True,PLACEHOLDER_CANDIDATE
2018-06-11,PWON,504.37,504.37,504.37,504.37,0.0,True,True,True,True,PLACEHOLDER_CANDIDATE
2018-06-12,PWON,504.37,504.37,504.37,504.37,0.0,True,True,True,True,PLACEHOLDER_CANDIDATE
2018-06-13,PWON,504.37,504.37,504.37,504.37,0.0,True,True,True,True,PLACEHOLDER_CANDIDATE
2018-06-14,PWON,504.37,504.37,504.37,504.37,0.0,True,True,True,True,PLACEHOLDER_CANDIDATE
2018-06-15,PWON,504.37,504.37,504.37,504.37,0.0,True,True,True,True,PLACEHOLDER_CANDIDATE
2018-06-18,PWON,504.37,504.37,504.37,504.37,0.0,True,True,True,True,PLACEHOLDER_CANDIDATE
2018-06-19,PWON,504.37,504.37,504.37,504.37,0.0,True,True,True,True,PLACEHOLDER_CANDIDATE
2018-08-17,PWON,436.65,436.65,436.65,436.65,0.0,True,True,True,True,PLACEHOLDER_CANDIDATE
2018-08-22,PWON,453.94,453.94,453.94,453.94,0.0,True,True,True,True,PLACEHOLDER_CANDIDATE
2018-09-11,PWON,453.94,453.94,453.94,453.94,0.0,True,True,True,True,PLACEHOLDER_CANDIDATE
2018-11-20,PWON,527.44,527.44,527.44,527.44,0.0,True,True,True,True,PLACEHOLDER_CANDIDATE
2018-12-24,PWON,518.79,518.79,518.79,518.79,0.0,True,True,True,True,PLACEHOLDER_CANDIDATE
2018-12-25,PWON,518.79,518.79,518.79,518.79,0.0,True,True,True,True,PLACEHOLDER_CANDIDATE
2018-12-31,PWON,536.08,536.08,536.08,536.08,0.0,True,True,True,True,PLACEHOLDER_CANDIDATE
2019-01-01,PWON,536.08,536.08,536.08,536.08,0.0,True,True,True,True,PLACEHOLDER_CANDIDATE
2019-02-05,PWON,583.64,583.64,583.64,583.64,0.0,True,True,True,True,PLACEHOLDER_CANDIDATE
2019-03-07,PWON,544.73,544.73,544.73,544.73,0.0,True,True,True,True,PLACEHOLDER_CANDIDATE
2019-04-03,PWON,648.49,648.49,648.49,648.49,0.0,True,True,True,True,PLACEHOLDER_CANDIDATE
2019-04-17,PWON,622.55,622.55,622.55,622.55,0.0,True,True,True,True,PLACEHOLDER_CANDIDATE
2019-04-19,PWON,639.84,639.84,639.84,639.84,0.0,True,True,True,True,PLACEHOLDER_CANDIDATE
2019-05-01,PWON,618.22,618.22,618.22,618.22,0.0,True,True,True,True,PLACEHOLDER_CANDIDATE
2019-05-30,PWON,605.25,605.25,605.25,605.25,0.0,True,True,True,True,PLACEHOLDER_CANDIDATE
2019-06-03,PWON,609.58,609.58,609.58,609.58,0.0,True,True,True,True,PLACEHOLDER_CANDIDATE
2019-06-04,PWON,609.58,609.58,609.58,609.58,0.0,True,True,True,True,PLACEHOLDER_CANDIDATE
2019-06-05,PWON,609.58,609.58,609.58,609.58,0.0,True,True,True,True,PLACEHOLDER_CANDIDATE
2019-06-06,PWON,609.58,609.58,609.58,609.58,0.0,True,True,True,True,PLACEHOLDER_CANDIDATE
2019-06-07,PWON,609.58,609.58,609.58,609.58,0.0,True,True,True,True,PLACEHOLDER_CANDIDATE
2026-05-14,PWON,293.75,293.75,293.75,293.75,0.0,True,True,True,True,PLACEHOLDER_CANDIDATE
2026-05-15,PWON,293.75,293.75,293.75,293.75,0.0,True,True,True,True,PLACEHOLDER_CANDIDATE
2026-05-27,PWON,276.69,276.69,276.69,276.69,0.0,True,True,True,True,PLACEHOLDER_CANDIDATE
2026-05-28,PWON,276.69,276.69,276.69,276.69,0.0,True,True,True,True,PLACEHOLDER_CANDIDATE
2026-08-25,PWON,268.0,268.0,268.0,268.0,0.0,True,True,True,True,PLACEHOLDER_CANDIDATE
2014-04-09,PYFA,141.94,141.94,141.94,141.94,0.0,True,True,True,True,PLACEHOLDER_CANDIDATE
2014-07-09,PYFA,133.01,133.01,133.01,133.01,0.0,True,True,True,True,PLACEHOLDER_CANDIDATE
2015-12-09,PYFA,122.09,122.09,122.09,122.09,0.0,True,True,True,True,PLACEHOLDER_CANDIDATE
2017-01-02,PYFA,198.52,198.52,198.52,198.52,0.0,True,True,True,True,PLACEHOLDER_CANDIDATE
2017-02-15,PYFA,204.48,204.48,204.48,204.48,0.0,True,True,True,True,PLACEHOLDER_CANDIDATE
2017-04-19,PYFA,210.43,210.43,210.43,210.43,0.0,True,True,True,True,PLACEHOLDER_CANDIDATE
2017-06-01,PYFA,201.1,201.1,201.1,201.1,0.0,True,True,True,True,PLACEHOLDER_CANDIDATE
2017-06-23,PYFA,199.11,199.11,199.11,199.11,0.0,True,True,True,True,PLACEHOLDER_CANDIDATE
2017-06-26,PYFA,199.11,199.11,199.11,199.11,0.0,True,True,True,True,PLACEHOLDER_CANDIDATE
2017-06-27,PYFA,199.11,199.11,199.11,199.11,0.0,True,True,True,True,PLACEHOLDER_CANDIDATE
2017-06-28,PYFA,199.11,199.11,199.11,199.11,0.0,True,True,True,True,PLACEHOLDER_CANDIDATE
2017-06-29,PYFA,199.11,199.11,199.11,199.11,0.0,True,True,True,True,PLACEHOLDER_CANDIDATE
2017-06-30,PYFA,199.11,199.11,199.11,199.11,0.0,True,True,True,True,PLACEHOLDER_CANDIDATE
2017-08-17,PYFA,205.08,205.08,205.08,205.08,0.0,True,True,True,True,PLACEHOLDER_CANDIDATE
2017-09-01,PYFA,196.12,196.12,196.12,196.12,0.0,True,True,True,True,PLACEHOLDER_CANDIDATE
2017-09-21,PYFA,199.11,199.11,199.11,199.11,0.0,True,True,True,True,PLACEHOLDER_CANDIDATE
2017-12-25,PYFA,182.19,182.19,182.19,182.19,0.0,True,True,True,True,PLACEHOLDER_CANDIDATE
2017-12-26,PYFA,182.19,182.19,182.19,182.19,0.0,True,True,True,True,PLACEHOLDER_CANDIDATE
2018-01-01,PYFA,182.19,182.19,182.19,182.19,0.0,True,True,True,True,PLACEHOLDER_CANDIDATE
2018-02-16,PYFA,191.15,191.15,191.15,191.15,0.0,True,True,True,True,PLACEHOLDER_CANDIDATE
2018-03-30,PYFA,207.07,207.07,207.07,207.07,0.0,True,True,True,True,PLACEHOLDER_CANDIDATE
2018-05-01,PYFA,197.12,197.12,197.12,197.12,0.0,True,True,True,True,PLACEHOLDER_CANDIDATE
2018-05-10,PYFA,199.11,199.11,199.11,199.11,0.0,True,True,True,True,PLACEHOLDER_CANDIDATE
2018-05-29,PYFA,181.19,181.19,181.19,181.19,0.0,True,True,True,True,PLACEHOLDER_CANDIDATE
2018-06-01,PYFA,179.2,179.2,179.2,179.2,0.0,True,True,True,True,PLACEHOLDER_CANDIDATE
2018-06-11,PYFA,189.15,189.15,189.15,189.15,0.0,True,True,True,True,PLACEHOLDER_CANDIDATE
2018-06-12,PYFA,189.15,189.15,189.15,189.15,0.0,True,True,True,True,PLACEHOLDER_CANDIDATE
2018-06-13,PYFA,189.15,189.15,189.15,189.15,0.0,True,True,True,True,PLACEHOLDER_CANDIDATE
2018-06-14,PYFA,189.15,189.15,189.15,189.15,0.0,True,True,True,True,PLACEHOLDER_CANDIDATE
2018-06-15,PYFA,189.15,189.15,189.15,189.15,0.0,True,True,True,True,PLACEHOLDER_CANDIDATE
2018-06-18,PYFA,189.15,189.15,189.15,189.15,0.0,True,True,True,True,PLACEHOLDER_CANDIDATE
2018-06-19,PYFA,189.15,189.15,189.15,189.15,0.0,True,True,True,True,PLACEHOLDER_CANDIDATE
2018-08-17,PYFA,199.11,199.11,199.11,199.11,0.0,True,True,True,True,PLACEHOLDER_CANDIDATE
2018-08-22,PYFA,169.24,169.24,169.24,169.24,0.0,True,True,True,True,PLACEHOLDER_CANDIDATE
2018-09-11,PYFA,196.12,196.12,196.12,196.12,0.0,True,True,True,True,PLACEHOLDER_CANDIDATE
2018-11-20,PYFA,170.24,170.24,170.24,170.24,0.0,True,True,True,True,PLACEHOLDER_CANDIDATE
2018-12-24,PYFA,169.24,169.24,169.24,169.24,0.0,True,True,True,True,PLACEHOLDER_CANDIDATE
2018-12-25,PYFA,169.24,169.24,169.24,169.24,0.0,True,True,True,True,PLACEHOLDER_CANDIDATE
2018-12-31,PYFA,188.16,188.16,188.16,188.16,0.0,True,True,True,True,PLACEHOLDER_CANDIDATE
2019-01-01,PYFA,188.16,188.16,188.16,188.16,0.0,True,True,True,True,PLACEHOLDER_CANDIDATE
2019-02-05,PYFA,174.22,174.22,174.22,174.22,0.0,True,True,True,True,PLACEHOLDER_CANDIDATE
2019-03-07,PYFA,181.19,181.19,181.19,181.19,0.0,True,True,True,True,PLACEHOLDER_CANDIDATE
2019-04-03,PYFA,184.18,184.18,184.18,184.18,0.0,True,True,True,True,PLACEHOLDER_CANDIDATE
2019-04-17,PYFA,194.13,194.13,194.13,194.13,0.0,True,True,True,True,PLACEHOLDER_CANDIDATE
2019-04-19,PYFA,179.2,179.2,179.2,179.2,0.0,True,True,True,True,PLACEHOLDER_CANDIDATE
2019-05-01,PYFA,179.2,179.2,179.2,179.2,0.0,True,True,True,True,PLACEHOLDER_CANDIDATE
2019-05-30,PYFA,192.14,192.14,192.14,192.14,0.0,True,True,True,True,PLACEHOLDER_CANDIDATE
2019-06-03,PYFA,190.0,190.0,190.0,190.0,0.0,True,True,True,True,PLACEHOLDER_CANDIDATE
2019-06-04,PYFA,190.0,190.0,190.0,190.0,0.0,True,True,True,True,PLACEHOLDER_CANDIDATE
2019-06-05,PYFA,190.0,190.0,190.0,190.0,0.0,True,True,True,True,PLACEHOLDER_CANDIDATE
2019-06-06,PYFA,190.0,190.0,190.0,190.0,0.0,True,True,True,True,PLACEHOLDER_CANDIDATE
2019-06-07,PYFA,190.0,190.0,190.0,190.0,0.0,True,True,True,True,PLACEHOLDER_CANDIDATE
2026-05-14,PYFA,320.0,320.0,320.0,320.0,0.0,True,True,True,True,PLACEHOLDER_CANDIDATE
2026-05-15,PYFA,320.0,320.0,320.0,320.0,0.0,True,True,True,True,PLACEHOLDER_CANDIDATE
2026-05-27,PYFA,234.0,234.0,234.0,234.0,0.0,True,True,True,True,PLACEHOLDER_CANDIDATE
2026-05-28,PYFA,234.0,234.0,234.0,234.0,0.0,True,True,True,True,PLACEHOLDER_CANDIDATE
2026-08-25,PYFA,232.0,232.0,232.0,232.0,0.0,True,True,True,True,PLACEHOLDER_CANDIDATE
2026-05-14,PZZA,193.0,193.0,193.0,193.0,0.0,True,True,True,True,PLACEHOLDER_CANDIDATE
2026-05-15,PZZA,193.0,193.0,193.0,193.0,0.0,True,True,True,True,PLACEHOLDER_CANDIDATE
2026-05-27,PZZA,191.0,191.0,191.0,191.0,0.0,True,True,True,True,PLACEHOLDER_CANDIDATE
2026-05-28,PZZA,191.0,191.0,191.0,191.0,0.0,True,True,True,True,PLACEHOLDER_CANDIDATE
2026-05-14,RAAM,208.0,208.0,208.0,208.0,0.0,True,True,True,True,PLACEHOLDER_CANDIDATE
2026-05-15,RAAM,208.0,208.0,208.0,208.0,0.0,True,True,True,True,PLACEHOLDER_CANDIDATE
2026-05-27,RAAM,197.0,197.0,197.0,197.0,0.0,True,True,True,True,PLACEHOLDER_CANDIDATE
2026-05-28,RAAM,197.0,197.0,197.0,197.0,0.0,True,True,True,True,PLACEHOLDER_CANDIDATE
2026-05-01,RAFI,36.0,36.0,36.0,36.0,0.0,True,True,True,True,PLACEHOLDER_CANDIDATE
2026-05-14,RAFI,36.0,36.0,36.0,36.0,0.0,True,True,True,True,PLACEHOLDER_CANDIDATE
2026-05-15,RAFI,36.0,36.0,36.0,36.0,0.0,True,True,True,True,PLACEHOLDER_CANDIDATE
2026-05-27,RAFI,36.0,36.0,36.0,36.0,0.0,True,True,True,True,PLACEHOLDER_CANDIDATE
2026-05-28,RAFI,36.0,36.0,36.0,36.0,0.0,True,True,True,True,PLACEHOLDER_CANDIDATE
2026-06-01,RAFI,36.0,36.0,36.0,36.0,0.0,True,True,True,True,PLACEHOLDER_CANDIDATE
2026-06-16,RAFI,36.0,36.0,36.0,36.0,0.0,True,True,True,True,PLACEHOLDER_CANDIDATE
2026-08-17,RAFI,36.0,36.0,36.0,36.0,0.0,True,True,True,True,PLACEHOLDER_CANDIDATE
2026-08-25,RAFI,36.0,36.0,36.0,36.0,0.0,True,True,True,True,PLACEHOLDER_CANDIDATE
2026-05-01,RAJA,819.6574096679688,819.6574096679688,819.6574096679688,819.6574096679688,0.0,True,True,True,True,PLACEHOLDER_CANDIDATE
2026-05-14,RAJA,871.1334838867188,871.1334838867188,871.1334838867188,871.1334838867188,0.0,True,True,True,True,PLACEHOLDER_CANDIDATE
2026-05-15,RAJA,871.1334838867188,871.1334838867188,871.1334838867188,871.1334838867188,0.0,True,True,True,True,PLACEHOLDER_CANDIDATE
2026-05-27,RAJA,637.5113525390625,637.5113525390625,637.5113525390625,637.5113525390625,0.0,True,True,True,True,PLACEHOLDER_CANDIDATE
2026-05-28,RAJA,637.5113525390625,637.5113525390625,637.5113525390625,637.5113525390625,0.0,True,True,True,True,PLACEHOLDER_CANDIDATE
2026-06-01,RAJA,740.4635009765625,740.4635009765625,740.4635009765625,740.4635009765625,0.0,True,True,True,True,PLACEHOLDER_CANDIDATE
2026-06-16,RAJA,762.2418212890625,762.2418212890625,762.2418212890625,762.2418212890625,0.0,True,True,True,True,PLACEHOLDER_CANDIDATE
2026-08-25,RAJA,835.0,835.0,835.0,835.0,0.0,True,True,True,True,PLACEHOLDER_CANDIDATE
2026-05-14,RALS,403.5555725097656,403.5555725097656,403.5555725097656,403.5555725097656,0.0,True,True,True,True,PLACEHOLDER_CANDIDATE
2026-05-15,RALS,403.5555725097656,403.5555725097656,403.5555725097656,403.5555725097656,0.0,True,True,True,True,PLACEHOLDER_CANDIDATE
2026-05-27,RALS,390.0,390.0,390.0,390.0,0.0,True,True,True,True,PLACEHOLDER_CANDIDATE
2026-05-28,RALS,390.0,390.0,390.0,390.0,0.0,True,True,True,True,PLACEHOLDER_CANDIDATE
2026-08-25,RALS,380.0,380.0,380.0,380.0,0.0,True,True,True,True,PLACEHOLDER_CANDIDATE
2026-05-14,RANC,530.0,530.0,530.0,530.0,0.0,True,True,True,True,PLACEHOLDER_CANDIDATE
2026-05-15,RANC,530.0,530.0,530.0,530.0,0.0,True,True,True,True,PLACEHOLDER_CANDIDATE
2026-05-27,RANC,535.0,535.0,535.0,535.0,0.0,True,True,True,True,PLACEHOLDER_CANDIDATE
2026-05-28,RANC,535.0,535.0,535.0,535.0,0.0,True,True,True,True,PLACEHOLDER_CANDIDATE
2026-05-14,RATU,5646.22607421875,5646.22607421875,5646.22607421875,5646.22607421875,0.0,True,True,True,True,PLACEHOLDER_CANDIDATE
2026-05-15,RATU,5646.22607421875,5646.22607421875,5646.22607421875,5646.22607421875,0.0,True,True,True,True,PLACEHOLDER_CANDIDATE
2026-05-27,RATU,4240.0,4240.0,4240.0,4240.0,0.0,True,True,True,True,PLACEHOLDER_CANDIDATE
2026-05-28,RATU,4240.0,4240.0,4240.0,4240.0,0.0,True,True,True,True,PLACEHOLDER_CANDIDATE
2026-05-14,RBMS,74.0,74.0,74.0,74.0,0.0,True,True,True,True,PLACEHOLDER_CANDIDATE
2026-05-15,RBMS,74.0,74.0,74.0,74.0,0.0,True,True,True,True,PLACEHOLDER_CANDIDATE
2026-05-27,RBMS,70.0,70.0,70.0,70.0,0.0,True,True,True,True,PLACEHOLDER_CANDIDATE
2026-05-28,RBMS,70.0,70.0,70.0,70.0,0.0,True,True,True,True,PLACEHOLDER_CANDIDATE
2026-08-25,RBMS,65.0,65.0,65.0,65.0,0.0,True,True,True,True,PLACEHOLDER_CANDIDATE
2026-05-14,RCCC,114.0,114.0,114.0,114.0,0.0,True,True,True,True,PLACEHOLDER_CANDIDATE
2026-05-15,RCCC,114.0,114.0,114.0,114.0,0.0,True,True,True,True,PLACEHOLDER_CANDIDATE
2026-05-27,RCCC,102.0,102.0,102.0,102.0,0.0,True,True,True,True,PLACEHOLDER_CANDIDATE
2026-05-28,RCCC,102.0,102.0,102.0,102.0,0.0,True,True,True,True,PLACEHOLDER_CANDIDATE
2026-05-01,RDTX,15070.427734375,15070.427734375,15070.427734375,15070.427734375,0.0,True,True,True,True,PLACEHOLDER_CANDIDATE
2026-05-14,RDTX,14973.19921875,14973.19921875,14973.19921875,14973.19921875,0.0,True,True,True,True,PLACEHOLDER_CANDIDATE
2026-05-15,RDTX,14973.19921875,14973.19921875,14973.19921875,14973.19921875,0.0,True,True,True,True,PLACEHOLDER_CANDIDATE
2026-05-27,RDTX,16383.013671875,16383.013671875,16383.013671875,16383.013671875,0.0,True,True,True,True,PLACEHOLDER_CANDIDATE
2026-05-28,RDTX,16383.013671875,16383.013671875,16383.013671875,16383.013671875,0.0,True,True,True,True,PLACEHOLDER_CANDIDATE
2026-08-17,RDTX,13600.0,13600.0,13600.0,13600.0,0.0,True,True,True,True,PLACEHOLDER_CANDIDATE
2026-08-25,RDTX,13800.0,13800.0,13800.0,13800.0,0.0,True,True,True,True,PLACEHOLDER_CANDIDATE
2026-05-14,REAL,52.99469757080078,52.99469757080078,52.99469757080078,52.99469757080078,0.0,True,True,True,True,PLACEHOLDER_CANDIDATE
2026-05-15,REAL,52.99469757080078,52.99469757080078,52.99469757080078,52.99469757080078,0.0,True,True,True,True,PLACEHOLDER_CANDIDATE
2026-05-27,REAL,49.994998931884766,49.994998931884766,49.994998931884766,49.994998931884766,0.0,True,True,True,True,PLACEHOLDER_CANDIDATE
2026-05-28,REAL,49.994998931884766,49.994998931884766,49.994998931884766,49.994998931884766,0.0,True,True,True,True,PLACEHOLDER_CANDIDATE
2026-05-14,RELF,39.0,39.0,39.0,39.0,0.0,True,True,True,True,PLACEHOLDER_CANDIDATE
2026-05-15,RELF,39.0,39.0,39.0,39.0,0.0,True,True,True,True,PLACEHOLDER_CANDIDATE
2026-05-27,RELF,37.0,37.0,37.0,37.0,0.0,True,True,True,True,PLACEHOLDER_CANDIDATE
2026-05-28,RELF,37.0,37.0,37.0,37.0,0.0,True,True,True,True,PLACEHOLDER_CANDIDATE
2026-05-14,RELI,498.0,498.0,498.0,498.0,0.0,True,True,True,True,PLACEHOLDER_CANDIDATE
2026-05-15,RELI,498.0,498.0,498.0,498.0,0.0,True,True,True,True,PLACEHOLDER_CANDIDATE
2026-05-27,RELI,484.0,484.0,484.0,484.0,0.0,True,True,True,True,PLACEHOLDER_CANDIDATE
2026-05-28,RELI,484.0,484.0,484.0,484.0,0.0,True,True,True,True,PLACEHOLDER_CANDIDATE
2026-05-14,RGAS,96.95339965820312,96.95339965820312,96.95339965820312,96.95339965820312,0.0,True,True,True,True,PLACEHOLDER_CANDIDATE
2026-05-15,RGAS,96.95339965820312,96.95339965820312,96.95339965820312,96.95339965820312,0.0,True,True,True,True,PLACEHOLDER_CANDIDATE
2026-05-27,RGAS,98.93203735351562,98.93203735351562,98.93203735351562,98.93203735351562,0.0,True,True,True,True,PLACEHOLDER_CANDIDATE
2026-05-28,RGAS,98.93203735351562,98.93203735351562,98.93203735351562,98.93203735351562,0.0,True,True,True,True,PLACEHOLDER_CANDIDATE
2026-05-14,RICY,101.0,101.0,101.0,101.0,0.0,True,True,True,True,PLACEHOLDER_CANDIDATE
2026-05-15,RICY,101.0,101.0,101.0,101.0,0.0,True,True,True,True,PLACEHOLDER_CANDIDATE
2026-05-27,RICY,77.0,77.0,77.0,77.0,0.0,True,True,True,True,PLACEHOLDER_CANDIDATE
2026-05-28,RICY,77.0,77.0,77.0,77.0,0.0,True,True,True,True,PLACEHOLDER_CANDIDATE
2026-08-25,RICY,79.0,79.0,79.0,79.0,0.0,True,True,True,True,PLACEHOLDER_CANDIDATE
2026-05-14,RIGS,685.0,685.0,685.0,685.0,0.0,True,True,True,True,PLACEHOLDER_CANDIDATE
2026-05-15,RIGS,685.0,685.0,685.0,685.0,0.0,True,True,True,True,PLACEHOLDER_CANDIDATE
2026-05-27,RIGS,695.0,695.0,695.0,695.0,0.0,True,True,True,True,PLACEHOLDER_CANDIDATE
2026-05-28,RIGS,695.0,695.0,695.0,695.0,0.0,True,True,True,True,PLACEHOLDER_CANDIDATE
2026-08-25,RIGS,680.0,680.0,680.0,680.0,0.0,True,True,True,True,PLACEHOLDER_CANDIDATE
2026-05-14,RISE,1500.0,1500.0,1500.0,1500.0,0.0,True,True,True,True,PLACEHOLDER_CANDIDATE
2026-05-15,RISE,1500.0,1500.0,1500.0,1500.0,0.0,True,True,True,True,PLACEHOLDER_CANDIDATE
2026-05-27,RISE,1195.0,1195.0,1195.0,1195.0,0.0,True,True,True,True,PLACEHOLDER_CANDIDATE
2026-05-28,RISE,1195.0,1195.0,1195.0,1195.0,0.0,True,True,True,True,PLACEHOLDER_CANDIDATE
2026-05-14,RLCO,4500.0,4500.0,4500.0,4500.0,0.0,True,True,True,True,PLACEHOLDER_CANDIDATE
2026-05-15,RLCO,4500.0,4500.0,4500.0,4500.0,0.0,True,True,True,True,PLACEHOLDER_CANDIDATE
2026-05-27,RLCO,2710.0,2710.0,2710.0,2710.0,0.0,True,True,True,True,PLACEHOLDER_CANDIDATE
2026-05-28,RLCO,2710.0,2710.0,2710.0,2710.0,0.0,True,True,True,True,PLACEHOLDER_CANDIDATE
2026-05-01,RMKE,636.3936767578125,636.3936767578125,636.3936767578125,636.3936767578125,0.0,True,True,True,True,PLACEHOLDER_CANDIDATE
2026-05-14,RMKE,652.2047119140625,652.2047119140625,652.2047119140625,652.2047119140625,0.0,True,True,True,True,PLACEHOLDER_CANDIDATE
2026-05-15,RMKE,652.2047119140625,652.2047119140625,652.2047119140625,652.2047119140625,0.0,True,True,True,True,PLACEHOLDER_CANDIDATE
2026-05-27,RMKE,567.220458984375,567.220458984375,567.220458984375,567.220458984375,0.0,True,True,True,True,PLACEHOLDER_CANDIDATE
2026-05-28,RMKE,567.220458984375,567.220458984375,567.220458984375,567.220458984375,0.0,True,True,True,True,PLACEHOLDER_CANDIDATE
2026-06-01,RMKE,592.9133911132812,592.9133911132812,592.9133911132812,592.9133911132812,0.0,True,True,True,True,PLACEHOLDER_CANDIDATE
2026-06-16,RMKE,466.0,466.0,466.0,466.0,0.0,True,True,True,True,PLACEHOLDER_CANDIDATE
2026-05-14,RMKO,452.0,452.0,452.0,452.0,0.0,True,True,True,True,PLACEHOLDER_CANDIDATE
2026-05-15,RMKO,452.0,452.0,452.0,452.0,0.0,True,True,True,True,PLACEHOLDER_CANDIDATE
2026-05-27,RMKO,326.0,326.0,326.0,326.0,0.0,True,True,True,True,PLACEHOLDER_CANDIDATE
2026-05-28,RMKO,326.0,326.0,326.0,326.0,0.0,True,True,True,True,PLACEHOLDER_CANDIDATE
2026-05-14,ROCK,2410.0,2410.0,2410.0,2410.0,0.0,True,True,True,True,PLACEHOLDER_CANDIDATE
2026-05-15,ROCK,2410.0,2410.0,2410.0,2410.0,0.0,True,True,True,True,PLACEHOLDER_CANDIDATE
2026-05-27,ROCK,1700.0,1700.0,1700.0,1700.0,0.0,True,True,True,True,PLACEHOLDER_CANDIDATE
2026-05-28,ROCK,1700.0,1700.0,1700.0,1700.0,0.0,True,True,True,True,PLACEHOLDER_CANDIDATE
2026-05-14,RODA,74.0,74.0,74.0,74.0,0.0,True,True,True,True,PLACEHOLDER_CANDIDATE
2026-05-15,RODA,74.0,74.0,74.0,74.0,0.0,True,True,True,True,PLACEHOLDER_CANDIDATE
2026-05-27,RODA,61.0,61.0,61.0,61.0,0.0,True,True,True,True,PLACEHOLDER_CANDIDATE
2026-05-28,RODA,61.0,61.0,61.0,61.0,0.0,True,True,True,True,PLACEHOLDER_CANDIDATE
2026-08-25,RODA,67.0,67.0,67.0,67.0,0.0,True,True,True,True,PLACEHOLDER_CANDIDATE
2026-05-14,RONY,1320.0,1320.0,1320.0,1320.0,0.0,True,True,True,True,PLACEHOLDER_CANDIDATE
2026-05-15,RONY,1320.0,1320.0,1320.0,1320.0,0.0,True,True,True,True,PLACEHOLDER_CANDIDATE
2026-05-27,RONY,1235.0,1235.0,1235.0,1235.0,0.0,True,True,True,True,PLACEHOLDER_CANDIDATE
2026-05-28,RONY,1235.0,1235.0,1235.0,1235.0,0.0,True,True,True,True,PLACEHOLDER_CANDIDATE
2014-04-09,ROTI,703.71,703.71,703.71,703.71,0.0,True,True,True,True,PLACEHOLDER_CANDIDATE
2014-07-09,ROTI,861.66,861.66,861.66,861.66,0.0,True,True,True,True,PLACEHOLDER_CANDIDATE
2015-12-09,ROTI,768.28,768.28,768.28,768.28,0.0,True,True,True,True,PLACEHOLDER_CANDIDATE
2017-01-02,ROTI,1010.86,1010.86,1010.86,1010.86,0.0,True,True,True,True,PLACEHOLDER_CANDIDATE
2017-02-15,ROTI,991.91,991.91,991.91,991.91,0.0,True,True,True,True,PLACEHOLDER_CANDIDATE
2017-04-19,ROTI,1014.02,1014.02,1014.02,1014.02,0.0,True,True,True,True,PLACEHOLDER_CANDIDATE
2017-06-01,ROTI,924.34,924.34,924.34,924.34,0.0,True,True,True,True,PLACEHOLDER_CANDIDATE
2017-06-23,ROTI,784.09,784.09,784.09,784.09,0.0,True,True,True,True,PLACEHOLDER_CANDIDATE
2017-06-26,ROTI,784.09,784.09,784.09,784.09,0.0,True,True,True,True,PLACEHOLDER_CANDIDATE
2017-06-27,ROTI,784.09,784.09,784.09,784.09,0.0,True,True,True,True,PLACEHOLDER_CANDIDATE
2017-06-28,ROTI,784.09,784.09,784.09,784.09,0.0,True,True,True,True,PLACEHOLDER_CANDIDATE
2017-06-29,ROTI,784.09,784.09,784.09,784.09,0.0,True,True,True,True,PLACEHOLDER_CANDIDATE
2017-06-30,ROTI,784.09,784.09,784.09,784.09,0.0,True,True,True,True,PLACEHOLDER_CANDIDATE
2017-08-17,ROTI,755.41,755.41,755.41,755.41,0.0,True,True,True,True,PLACEHOLDER_CANDIDATE
2017-09-01,ROTI,777.72,777.72,777.72,777.72,0.0,True,True,True,True,PLACEHOLDER_CANDIDATE
2017-09-21,ROTI,828.72,828.72,828.72,828.72,0.0,True,True,True,True,PLACEHOLDER_CANDIDATE
2017-12-25,ROTI,803.22,803.22,803.22,803.22,0.0,True,True,True,True,PLACEHOLDER_CANDIDATE
2017-12-26,ROTI,803.22,803.22,803.22,803.22,0.0,True,True,True,True,PLACEHOLDER_CANDIDATE
2018-01-01,ROTI,812.78,812.78,812.78,812.78,0.0,True,True,True,True,PLACEHOLDER_CANDIDATE
2018-02-16,ROTI,790.47,790.47,790.47,790.47,0.0,True,True,True,True,PLACEHOLDER_CANDIDATE
2018-03-30,ROTI,768.16,768.16,768.16,768.16,0.0,True,True,True,True,PLACEHOLDER_CANDIDATE
2018-05-01,ROTI,803.22,803.22,803.22,803.22,0.0,True,True,True,True,PLACEHOLDER_CANDIDATE
2018-05-10,ROTI,736.28,736.28,736.28,736.28,0.0,True,True,True,True,PLACEHOLDER_CANDIDATE
2018-05-29,ROTI,689.1,689.1,689.1,689.1,0.0,True,True,True,True,PLACEHOLDER_CANDIDATE
2018-06-01,ROTI,698.72,698.72,698.72,698.72,0.0,True,True,True,True,PLACEHOLDER_CANDIDATE
2018-06-11,ROTI,679.49,679.49,679.49,679.49,0.0,True,True,True,True,PLACEHOLDER_CANDIDATE
2018-06-12,ROTI,679.49,679.49,679.49,679.49,0.0,True,True,True,True,PLACEHOLDER_CANDIDATE
2018-06-13,ROTI,679.49,679.49,679.49,679.49,0.0,True,True,True,True,PLACEHOLDER_CANDIDATE
2018-06-14,ROTI,679.49,679.49,679.49,679.49,0.0,True,True,True,True,PLACEHOLDER_CANDIDATE
2018-06-15,ROTI,679.49,679.49,679.49,679.49,0.0,True,True,True,True,PLACEHOLDER_CANDIDATE
2018-06-18,ROTI,679.49,679.49,679.49,679.49,0.0,True,True,True,True,PLACEHOLDER_CANDIDATE
2018-06-19,ROTI,679.49,679.49,679.49,679.49,0.0,True,True,True,True,PLACEHOLDER_CANDIDATE
2018-08-17,ROTI,602.56,602.56,602.56,602.56,0.0,True,True,True,True,PLACEHOLDER_CANDIDATE
2018-08-22,ROTI,602.56,602.56,602.56,602.56,0.0,True,True,True,True,PLACEHOLDER_CANDIDATE
2018-09-11,ROTI,615.39,615.39,615.39,615.39,0.0,True,True,True,True,PLACEHOLDER_CANDIDATE
2018-11-20,ROTI,673.08,673.08,673.08,673.08,0.0,True,True,True,True,PLACEHOLDER_CANDIDATE
2018-12-24,ROTI,775.64,775.64,775.64,775.64,0.0,True,True,True,True,PLACEHOLDER_CANDIDATE
2018-12-25,ROTI,775.64,775.64,775.64,775.64,0.0,True,True,True,True,PLACEHOLDER_CANDIDATE
2018-12-31,ROTI,769.23,769.23,769.23,769.23,0.0,True,True,True,True,PLACEHOLDER_CANDIDATE
2019-01-01,ROTI,769.23,769.23,769.23,769.23,0.0,True,True,True,True,PLACEHOLDER_CANDIDATE
2019-02-05,ROTI,775.64,775.64,775.64,775.64,0.0,True,True,True,True,PLACEHOLDER_CANDIDATE
2019-03-07,ROTI,769.23,769.23,769.23,769.23,0.0,True,True,True,True,PLACEHOLDER_CANDIDATE
2019-04-03,ROTI,836.54,836.54,836.54,836.54,0.0,True,True,True,True,PLACEHOLDER_CANDIDATE
2019-04-17,ROTI,826.92,826.92,826.92,826.92,0.0,True,True,True,True,PLACEHOLDER_CANDIDATE
2019-04-19,ROTI,833.33,833.33,833.33,833.33,0.0,True,True,True,True,PLACEHOLDER_CANDIDATE
2019-05-01,ROTI,833.33,833.33,833.33,833.33,0.0,True,True,True,True,PLACEHOLDER_CANDIDATE
2019-05-30,ROTI,842.88,842.88,842.88,842.88,0.0,True,True,True,True,PLACEHOLDER_CANDIDATE
2019-06-03,ROTI,849.34,849.34,849.34,849.34,0.0,True,True,True,True,PLACEHOLDER_CANDIDATE
2019-06-04,ROTI,849.34,849.34,849.34,849.34,0.0,True,True,True,True,PLACEHOLDER_CANDIDATE
2019-06-05,ROTI,849.34,849.34,849.34,849.34,0.0,True,True,True,True,PLACEHOLDER_CANDIDATE
2019-06-06,ROTI,849.34,849.34,849.34,849.34,0.0,True,True,True,True,PLACEHOLDER_CANDIDATE
2019-06-07,ROTI,849.34,849.34,849.34,849.34,0.0,True,True,True,True,PLACEHOLDER_CANDIDATE
2026-05-14,ROTI,610.0,610.0,610.0,610.0,0.0,True,True,True,True,PLACEHOLDER_CANDIDATE
2026-05-15,ROTI,610.0,610.0,610.0,610.0,0.0,True,True,True,True,PLACEHOLDER_CANDIDATE
2026-05-27,ROTI,540.0,540.0,540.0,540.0,0.0,True,True,True,True,PLACEHOLDER_CANDIDATE
2026-05-28,ROTI,540.0,540.0,540.0,540.0,0.0,True,True,True,True,PLACEHOLDER_CANDIDATE
2026-05-14,RSCH,250.0,250.0,250.0,250.0,0.0,True,True,True,True,PLACEHOLDER_CANDIDATE
2026-05-15,RSCH,250.0,250.0,250.0,250.0,0.0,True,True,True,True,PLACEHOLDER_CANDIDATE
2026-05-27,RSCH,270.0,270.0,270.0,270.0,0.0,True,True,True,True,PLACEHOLDER_CANDIDATE
2026-05-28,RSCH,270.0,270.0,270.0,270.0,0.0,True,True,True,True,PLACEHOLDER_CANDIDATE
2026-05-14,RSGK,1190.0,1190.0,1190.0,1190.0,0.0,True,True,True,True,PLACEHOLDER_CANDIDATE
2026-05-15,RSGK,1190.0,1190.0,1190.0,1190.0,0.0,True,True,True,True,PLACEHOLDER_CANDIDATE
2026-05-27,RSGK,965.0,965.0,965.0,965.0,0.0,True,True,True,True,PLACEHOLDER_CANDIDATE
2026-05-28,RSGK,965.0,965.0,965.0,965.0,0.0,True,True,True,True,PLACEHOLDER_CANDIDATE
2026-05-14,RUIS,203.4375,203.4375,203.4375,203.4375,0.0,True,True,True,True,PLACEHOLDER_CANDIDATE
2026-05-15,RUIS,203.4375,203.4375,203.4375,203.4375,0.0,True,True,True,True,PLACEHOLDER_CANDIDATE
2026-05-27,RUIS,172.4375,172.4375,172.4375,172.4375,0.0,True,True,True,True,PLACEHOLDER_CANDIDATE
2026-05-28,RUIS,172.4375,172.4375,172.4375,172.4375,0.0,True,True,True,True,PLACEHOLDER_CANDIDATE
2026-05-14,RUNS,85.0,85.0,85.0,85.0,0.0,True,True,True,True,PLACEHOLDER_CANDIDATE
2026-05-15,RUNS,85.0,85.0,85.0,85.0,0.0,True,True,True,True,PLACEHOLDER_CANDIDATE
2026-05-27,RUNS,82.0,82.0,82.0,82.0,0.0,True,True,True,True,PLACEHOLDER_CANDIDATE
2026-05-28,RUNS,82.0,82.0,82.0,82.0,0.0,True,True,True,True,PLACEHOLDER_CANDIDATE
2026-05-14,SAFE,350.0,350.0,350.0,350.0,0.0,True,True,True,True,PLACEHOLDER_CANDIDATE
2026-05-15,SAFE,350.0,350.0,350.0,350.0,0.0,True,True,True,True,PLACEHOLDER_CANDIDATE
2026-05-27,SAFE,326.0,326.0,326.0,326.0,0.0,True,True,True,True,PLACEHOLDER_CANDIDATE
2026-05-28,SAFE,326.0,326.0,326.0,326.0,0.0,True,True,True,True,PLACEHOLDER_CANDIDATE
2026-08-25,SAFE,492.0,492.0,492.0,492.0,0.0,True,True,True,True,PLACEHOLDER_CANDIDATE
2026-05-14,SAGE,29.0,29.0,29.0,29.0,0.0,True,True,True,True,PLACEHOLDER_CANDIDATE
2026-05-15,SAGE,29.0,29.0,29.0,29.0,0.0,True,True,True,True,PLACEHOLDER_CANDIDATE
2026-05-27,SAGE,32.0,32.0,32.0,32.0,0.0,True,True,True,True,PLACEHOLDER_CANDIDATE
2026-05-28,SAGE,32.0,32.0,32.0,32.0,0.0,True,True,True,True,PLACEHOLDER_CANDIDATE
2026-05-14,SAME,334.0,334.0,334.0,334.0,0.0,True,True,True,True,PLACEHOLDER_CANDIDATE
2026-05-15,SAME,334.0,334.0,334.0,334.0,0.0,True,True,True,True,PLACEHOLDER_CANDIDATE
2026-05-27,SAME,310.0,310.0,310.0,310.0,0.0,True,True,True,True,PLACEHOLDER_CANDIDATE
2026-05-28,SAME,310.0,310.0,310.0,310.0,0.0,True,True,True,True,PLACEHOLDER_CANDIDATE
2026-05-14,SAMF,306.4862060546875,306.4862060546875,306.4862060546875,306.4862060546875,0.0,True,True,True,True,PLACEHOLDER_CANDIDATE
2026-05-15,SAMF,306.4862060546875,306.4862060546875,306.4862060546875,306.4862060546875,0.0,True,True,True,True,PLACEHOLDER_CANDIDATE
2026-05-27,SAMF,279.5,279.5,279.5,279.5,0.0,True,True,True,True,PLACEHOLDER_CANDIDATE
2026-05-28,SAMF,279.5,279.5,279.5,279.5,0.0,True,True,True,True,PLACEHOLDER_CANDIDATE
2026-05-14,SAPX,242.0,242.0,242.0,242.0,0.0,True,True,True,True,PLACEHOLDER_CANDIDATE
2026-05-15,SAPX,242.0,242.0,242.0,242.0,0.0,True,True,True,True,PLACEHOLDER_CANDIDATE
2026-05-27,SAPX,200.0,200.0,200.0,200.0,0.0,True,True,True,True,PLACEHOLDER_CANDIDATE
2026-05-28,SAPX,200.0,200.0,200.0,200.0,0.0,True,True,True,True,PLACEHOLDER_CANDIDATE
2026-05-14,SATU,260.0,260.0,260.0,260.0,0.0,True,True,True,True,PLACEHOLDER_CANDIDATE
2026-05-15,SATU,260.0,260.0,260.0,260.0,0.0,True,True,True,True,PLACEHOLDER_CANDIDATE
2026-05-27,SATU,264.0,264.0,264.0,264.0,0.0,True,True,True,True,PLACEHOLDER_CANDIDATE
2026-05-28,SATU,264.0,264.0,264.0,264.0,0.0,True,True,True,True,PLACEHOLDER_CANDIDATE
2026-05-01,SBAT,1.0,1.0,1.0,1.0,0.0,True,True,True,True,PLACEHOLDER_CANDIDATE
2026-05-14,SBAT,1.0,1.0,1.0,1.0,0.0,True,True,True,True,PLACEHOLDER_CANDIDATE
2026-05-15,SBAT,1.0,1.0,1.0,1.0,0.0,True,True,True,True,PLACEHOLDER_CANDIDATE
2026-05-27,SBAT,1.0,1.0,1.0,1.0,0.0,True,True,True,True,PLACEHOLDER_CANDIDATE
2026-05-28,SBAT,1.0,1.0,1.0,1.0,0.0,True,True,True,True,PLACEHOLDER_CANDIDATE
2026-06-01,SBAT,1.0,1.0,1.0,1.0,0.0,True,True,True,True,PLACEHOLDER_CANDIDATE
2026-06-16,SBAT,1.0,1.0,1.0,1.0,0.0,True,True,True,True,PLACEHOLDER_CANDIDATE
2026-08-17,SBAT,1.0,1.0,1.0,1.0,0.0,True,True,True,True,PLACEHOLDER_CANDIDATE
2026-08-25,SBAT,1.0,1.0,1.0,1.0,0.0,True,True,True,True,PLACEHOLDER_CANDIDATE
2026-05-14,SBMA,117.0,117.0,117.0,117.0,0.0,True,True,True,True,PLACEHOLDER_CANDIDATE
2026-05-15,SBMA,117.0,117.0,117.0,117.0,0.0,True,True,True,True,PLACEHOLDER_CANDIDATE
2026-05-27,SBMA,112.0,112.0,112.0,112.0,0.0,True,True,True,True,PLACEHOLDER_CANDIDATE
2026-05-28,SBMA,112.0,112.0,112.0,112.0,0.0,True,True,True,True,PLACEHOLDER_CANDIDATE
2026-05-14,SCCO,2317.890380859375,2317.890380859375,2317.890380859375,2317.890380859375,0.0,True,True,True,True,PLACEHOLDER_CANDIDATE
2026-05-15,SCCO,2317.890380859375,2317.890380859375,2317.890380859375,2317.890380859375,0.0,True,True,True,True,PLACEHOLDER_CANDIDATE
2026-05-27,SCCO,2289.15625,2289.15625,2289.15625,2289.15625,0.0,True,True,True,True,PLACEHOLDER_CANDIDATE
2026-05-28,SCCO,2289.15625,2289.15625,2289.15625,2289.15625,0.0,True,True,True,True,PLACEHOLDER_CANDIDATE
2026-08-25,SCCO,2350.0,2350.0,2350.0,2350.0,0.0,True,True,True,True,PLACEHOLDER_CANDIDATE
2026-05-14,SCMA,232.3333282470703,232.3333282470703,232.3333282470703,232.3333282470703,0.0,True,True,True,True,PLACEHOLDER_CANDIDATE
2026-05-15,SCMA,232.3333282470703,232.3333282470703,232.3333282470703,232.3333282470703,0.0,True,True,True,True,PLACEHOLDER_CANDIDATE
2026-05-27,SCMA,215.3333282470703,215.3333282470703,215.3333282470703,215.3333282470703,0.0,True,True,True,True,PLACEHOLDER_CANDIDATE
2026-05-28,SCMA,215.3333282470703,215.3333282470703,215.3333282470703,215.3333282470703,0.0,True,True,True,True,PLACEHOLDER_CANDIDATE
2026-08-25,SCMA,210.0,210.0,210.0,210.0,0.0,True,True,True,True,PLACEHOLDER_CANDIDATE
2026-05-14,SCNP,156.44003295898438,156.44003295898438,156.44003295898438,156.44003295898438,0.0,True,True,True,True,PLACEHOLDER_CANDIDATE
2026-05-15,SCNP,156.44003295898438,156.44003295898438,156.44003295898438,156.44003295898438,0.0,True,True,True,True,PLACEHOLDER_CANDIDATE
2026-05-27,SCNP,144.7799072265625,144.7799072265625,144.7799072265625,144.7799072265625,0.0,True,True,True,True,PLACEHOLDER_CANDIDATE
2026-05-28,SCNP,144.7799072265625,144.7799072265625,144.7799072265625,144.7799072265625,0.0,True,True,True,True,PLACEHOLDER_CANDIDATE
2026-05-14,SDMU,98.0,98.0,98.0,98.0,0.0,True,True,True,True,PLACEHOLDER_CANDIDATE
2026-05-15,SDMU,98.0,98.0,98.0,98.0,0.0,True,True,True,True,PLACEHOLDER_CANDIDATE
2026-05-27,SDMU,75.0,75.0,75.0,75.0,0.0,True,True,True,True,PLACEHOLDER_CANDIDATE
2026-05-28,SDMU,75.0,75.0,75.0,75.0,0.0,True,True,True,True,PLACEHOLDER_CANDIDATE
2026-05-14,SDPC,186.5454559326172,186.5454559326172,186.5454559326172,186.5454559326172,0.0,True,True,True,True,PLACEHOLDER_CANDIDATE
2026-05-15,SDPC,186.5454559326172,186.5454559326172,186.5454559326172,186.5454559326172,0.0,True,True,True,True,PLACEHOLDER_CANDIDATE
2026-05-27,SDPC,186.5454559326172,186.5454559326172,186.5454559326172,186.5454559326172,0.0,True,True,True,True,PLACEHOLDER_CANDIDATE
2026-05-28,SDPC,186.5454559326172,186.5454559326172,186.5454559326172,186.5454559326172,0.0,True,True,True,True,PLACEHOLDER_CANDIDATE
2026-08-25,SDPC,192.0,192.0,192.0,192.0,0.0,True,True,True,True,PLACEHOLDER_CANDIDATE
2014-04-09,SDRA,707.95,707.95,707.95,707.95,0.0,True,True,True,True,PLACEHOLDER_CANDIDATE
2014-07-09,SDRA,820.91,820.91,820.91,820.91,0.0,True,True,True,True,PLACEHOLDER_CANDIDATE
2015-12-09,SDRA,877.63,877.63,877.63,877.63,0.0,True,True,True,True,PLACEHOLDER_CANDIDATE
2017-01-02,SDRA,883.27,883.27,883.27,883.27,0.0,True,True,True,True,PLACEHOLDER_CANDIDATE
2017-02-15,SDRA,883.27,883.27,883.27,883.27,0.0,True,True,True,True,PLACEHOLDER_CANDIDATE
2017-04-19,SDRA,844.98,844.98,844.98,844.98,0.0,True,True,True,True,PLACEHOLDER_CANDIDATE
2017-06-01,SDRA,848.86,848.86,848.86,848.86,0.0,True,True,True,True,PLACEHOLDER_CANDIDATE
2017-06-23,SDRA,880.94,880.94,880.94,880.94,0.0,True,True,True,True,PLACEHOLDER_CANDIDATE
2017-06-26,SDRA,880.94,880.94,880.94,880.94,0.0,True,True,True,True,PLACEHOLDER_CANDIDATE
2017-06-27,SDRA,880.94,880.94,880.94,880.94,0.0,True,True,True,True,PLACEHOLDER_CANDIDATE
2017-06-28,SDRA,880.94,880.94,880.94,880.94,0.0,True,True,True,True,PLACEHOLDER_CANDIDATE
2017-06-29,SDRA,880.94,880.94,880.94,880.94,0.0,True,True,True,True,PLACEHOLDER_CANDIDATE
2017-06-30,SDRA,880.94,880.94,880.94,880.94,0.0,True,True,True,True,PLACEHOLDER_CANDIDATE
2017-08-17,SDRA,722.61,722.61,722.61,722.61,0.0,True,True,True,True,PLACEHOLDER_CANDIDATE
2017-09-01,SDRA,649.54,649.54,649.54,649.54,0.0,True,True,True,True,PLACEHOLDER_CANDIDATE
2017-09-21,SDRA,633.3,633.3,633.3,633.3,0.0,True,True,True,True,PLACEHOLDER_CANDIDATE
2017-12-25,SDRA,722.61,722.61,722.61,722.61,0.0,True,True,True,True,PLACEHOLDER_CANDIDATE
2017-12-26,SDRA,722.61,722.61,722.61,722.61,0.0,True,True,True,True,PLACEHOLDER_CANDIDATE
2018-01-01,SDRA,722.61,722.61,722.61,722.61,0.0,True,True,True,True,PLACEHOLDER_CANDIDATE
2018-02-16,SDRA,649.54,649.54,649.54,649.54,0.0,True,True,True,True,PLACEHOLDER_CANDIDATE
2018-03-30,SDRA,665.78,665.78,665.78,665.78,0.0,True,True,True,True,PLACEHOLDER_CANDIDATE
2018-05-01,SDRA,673.52,673.52,673.52,673.52,0.0,True,True,True,True,PLACEHOLDER_CANDIDATE
2018-05-10,SDRA,673.52,673.52,673.52,673.52,0.0,True,True,True,True,PLACEHOLDER_CANDIDATE
2018-05-29,SDRA,743.76,743.76,743.76,743.76,0.0,True,True,True,True,PLACEHOLDER_CANDIDATE
2018-06-01,SDRA,743.76,743.76,743.76,743.76,0.0,True,True,True,True,PLACEHOLDER_CANDIDATE
2018-06-11,SDRA,743.76,743.76,743.76,743.76,0.0,True,True,True,True,PLACEHOLDER_CANDIDATE
2018-06-12,SDRA,743.76,743.76,743.76,743.76,0.0,True,True,True,True,PLACEHOLDER_CANDIDATE
2018-06-13,SDRA,743.76,743.76,743.76,743.76,0.0,True,True,True,True,PLACEHOLDER_CANDIDATE
2018-06-14,SDRA,743.76,743.76,743.76,743.76,0.0,True,True,True,True,PLACEHOLDER_CANDIDATE
2018-06-15,SDRA,743.76,743.76,743.76,743.76,0.0,True,True,True,True,PLACEHOLDER_CANDIDATE
2018-06-18,SDRA,743.76,743.76,743.76,743.76,0.0,True,True,True,True,PLACEHOLDER_CANDIDATE
2018-06-19,SDRA,743.76,743.76,743.76,743.76,0.0,True,True,True,True,PLACEHOLDER_CANDIDATE
2018-08-17,SDRA,743.76,743.76,743.76,743.76,0.0,True,True,True,True,PLACEHOLDER_CANDIDATE
2018-08-22,SDRA,743.76,743.76,743.76,743.76,0.0,True,True,True,True,PLACEHOLDER_CANDIDATE
2018-09-11,SDRA,727.23,727.23,727.23,727.23,0.0,True,True,True,True,PLACEHOLDER_CANDIDATE
2018-11-20,SDRA,698.31,698.31,698.31,698.31,0.0,True,True,True,True,PLACEHOLDER_CANDIDATE
2018-12-24,SDRA,702.44,702.44,702.44,702.44,0.0,True,True,True,True,PLACEHOLDER_CANDIDATE
2018-12-25,SDRA,702.44,702.44,702.44,702.44,0.0,True,True,True,True,PLACEHOLDER_CANDIDATE
2018-12-31,SDRA,710.71,710.71,710.71,710.71,0.0,True,True,True,True,PLACEHOLDER_CANDIDATE
2019-01-01,SDRA,710.71,710.71,710.71,710.71,0.0,True,True,True,True,PLACEHOLDER_CANDIDATE
2019-02-05,SDRA,702.44,702.44,702.44,702.44,0.0,True,True,True,True,PLACEHOLDER_CANDIDATE
2019-03-07,SDRA,702.44,702.44,702.44,702.44,0.0,True,True,True,True,PLACEHOLDER_CANDIDATE
2019-04-03,SDRA,685.91,685.91,685.91,685.91,0.0,True,True,True,True,PLACEHOLDER_CANDIDATE
2019-04-17,SDRA,710.92,710.92,710.92,710.92,0.0,True,True,True,True,PLACEHOLDER_CANDIDATE
2019-04-19,SDRA,715.12,715.12,715.12,715.12,0.0,True,True,True,True,PLACEHOLDER_CANDIDATE
2019-05-01,SDRA,710.92,710.92,710.92,710.92,0.0,True,True,True,True,PLACEHOLDER_CANDIDATE
2019-05-30,SDRA,715.12,715.12,715.12,715.12,0.0,True,True,True,True,PLACEHOLDER_CANDIDATE
2019-06-03,SDRA,715.12,715.12,715.12,715.12,0.0,True,True,True,True,PLACEHOLDER_CANDIDATE
2019-06-04,SDRA,715.12,715.12,715.12,715.12,0.0,True,True,True,True,PLACEHOLDER_CANDIDATE
2019-06-05,SDRA,715.12,715.12,715.12,715.12,0.0,True,True,True,True,PLACEHOLDER_CANDIDATE
2019-06-06,SDRA,715.12,715.12,715.12,715.12,0.0,True,True,True,True,PLACEHOLDER_CANDIDATE
2019-06-07,SDRA,715.12,715.12,715.12,715.12,0.0,True,True,True,True,PLACEHOLDER_CANDIDATE
2026-05-14,SDRA,252.0,252.0,252.0,252.0,0.0,True,True,True,True,PLACEHOLDER_CANDIDATE
2026-05-15,SDRA,252.0,252.0,252.0,252.0,0.0,True,True,True,True,PLACEHOLDER_CANDIDATE
2026-05-27,SDRA,236.0,236.0,236.0,236.0,0.0,True,True,True,True,PLACEHOLDER_CANDIDATE
2026-05-28,SDRA,236.0,236.0,236.0,236.0,0.0,True,True,True,True,PLACEHOLDER_CANDIDATE
2026-05-14,SEMA,106.0,106.0,106.0,106.0,0.0,True,True,True,True,PLACEHOLDER_CANDIDATE
2026-05-15,SEMA,106.0,106.0,106.0,106.0,0.0,True,True,True,True,PLACEHOLDER_CANDIDATE
2026-05-27,SEMA,106.0,106.0,106.0,106.0,0.0,True,True,True,True,PLACEHOLDER_CANDIDATE
2026-05-28,SEMA,106.0,106.0,106.0,106.0,0.0,True,True,True,True,PLACEHOLDER_CANDIDATE
2026-05-14,SFAN,1970.0,1970.0,1970.0,1970.0,0.0,True,True,True,True,PLACEHOLDER_CANDIDATE
2026-05-15,SFAN,1970.0,1970.0,1970.0,1970.0,0.0,True,True,True,True,PLACEHOLDER_CANDIDATE
2026-05-27,SFAN,1950.0,1950.0,1950.0,1950.0,0.0,True,True,True,True,PLACEHOLDER_CANDIDATE
2026-05-28,SFAN,1950.0,1950.0,1950.0,1950.0,0.0,True,True,True,True,PLACEHOLDER_CANDIDATE
2026-05-14,SGER,344.0,344.0,344.0,344.0,0.0,True,True,True,True,PLACEHOLDER_CANDIDATE
2026-05-15,SGER,344.0,344.0,344.0,344.0,0.0,True,True,True,True,PLACEHOLDER_CANDIDATE
2026-05-27,SGER,298.0,298.0,298.0,298.0,0.0,True,True,True,True,PLACEHOLDER_CANDIDATE
2026-05-28,SGER,298.0,298.0,298.0,298.0,0.0,True,True,True,True,PLACEHOLDER_CANDIDATE
2026-05-14,SGRO,2941.304931640625,2941.304931640625,2941.304931640625,2941.304931640625,0.0,True,True,True,True,PLACEHOLDER_CANDIDATE
2026-05-15,SGRO,2941.304931640625,2941.304931640625,2941.304931640625,2941.304931640625,0.0,True,True,True,True,PLACEHOLDER_CANDIDATE
2026-05-27,SGRO,2735.226318359375,2735.226318359375,2735.226318359375,2735.226318359375,0.0,True,True,True,True,PLACEHOLDER_CANDIDATE
2026-05-28,SGRO,2735.226318359375,2735.226318359375,2735.226318359375,2735.226318359375,0.0,True,True,True,True,PLACEHOLDER_CANDIDATE
2026-08-25,SGRO,4810.0,4810.0,4810.0,4810.0,0.0,True,True,True,True,PLACEHOLDER_CANDIDATE
2026-05-14,SHID,735.0,735.0,735.0,735.0,0.0,True,True,True,True,PLACEHOLDER_CANDIDATE
2026-05-15,SHID,735.0,735.0,735.0,735.0,0.0,True,True,True,True,PLACEHOLDER_CANDIDATE
2026-05-27,SHID,715.0,715.0,715.0,715.0,0.0,True,True,True,True,PLACEHOLDER_CANDIDATE
2026-05-28,SHID,715.0,715.0,715.0,715.0,0.0,True,True,True,True,PLACEHOLDER_CANDIDATE
2026-05-14,SHIP,2146.53515625,2146.53515625,2146.53515625,2146.53515625,0.0,True,True,True,True,PLACEHOLDER_CANDIDATE
2026-05-15,SHIP,2146.53515625,2146.53515625,2146.53515625,2146.53515625,0.0,True,True,True,True,PLACEHOLDER_CANDIDATE
2026-05-27,SHIP,1830.0,1830.0,1830.0,1830.0,0.0,True,True,True,True,PLACEHOLDER_CANDIDATE
2026-05-28,SHIP,1830.0,1830.0,1830.0,1830.0,0.0,True,True,True,True,PLACEHOLDER_CANDIDATE
2026-06-16,SHIP,1395.0,1395.0,1395.0,1395.0,0.0,True,True,True,True,PLACEHOLDER_CANDIDATE
2026-05-14,SICO,123.0,123.0,123.0,123.0,0.0,True,True,True,True,PLACEHOLDER_CANDIDATE
2026-05-15,SICO,123.0,123.0,123.0,123.0,0.0,True,True,True,True,PLACEHOLDER_CANDIDATE
2026-05-27,SICO,111.0,111.0,111.0,111.0,0.0,True,True,True,True,PLACEHOLDER_CANDIDATE
2026-05-28,SICO,111.0,111.0,111.0,111.0,0.0,True,True,True,True,PLACEHOLDER_CANDIDATE
2014-04-09,SIDO,221.43,221.43,221.43,221.43,0.0,True,True,True,True,PLACEHOLDER_CANDIDATE
2014-07-09,SIDO,219.02,219.02,219.02,219.02,0.0,True,True,True,True,PLACEHOLDER_CANDIDATE
2015-12-09,SIDO,158.74,158.74,158.74,158.74,0.0,True,True,True,True,PLACEHOLDER_CANDIDATE
2017-01-02,SIDO,158.89,158.89,158.89,158.89,0.0,True,True,True,True,PLACEHOLDER_CANDIDATE
2017-02-15,SIDO,175.69,175.69,175.69,175.69,0.0,True,True,True,True,PLACEHOLDER_CANDIDATE
2017-04-19,SIDO,171.11,171.11,171.11,171.11,0.0,True,True,True,True,PLACEHOLDER_CANDIDATE
2017-06-01,SIDO,163.71,163.71,163.71,163.71,0.0,True,True,True,True,PLACEHOLDER_CANDIDATE
2017-06-23,SIDO,159.86,159.86,159.86,159.86,0.0,True,True,True,True,PLACEHOLDER_CANDIDATE
2017-06-26,SIDO,159.86,159.86,159.86,159.86,0.0,True,True,True,True,PLACEHOLDER_CANDIDATE
2017-06-27,SIDO,159.86,159.86,159.86,159.86,0.0,True,True,True,True,PLACEHOLDER_CANDIDATE
2017-06-28,SIDO,159.86,159.86,159.86,159.86,0.0,True,True,True,True,PLACEHOLDER_CANDIDATE
2017-06-29,SIDO,159.86,159.86,159.86,159.86,0.0,True,True,True,True,PLACEHOLDER_CANDIDATE
2017-06-30,SIDO,159.86,159.86,159.86,159.86,0.0,True,True,True,True,PLACEHOLDER_CANDIDATE
2017-08-17,SIDO,162.11,162.11,162.11,162.11,0.0,True,True,True,True,PLACEHOLDER_CANDIDATE
2017-09-01,SIDO,160.5,160.5,160.5,160.5,0.0,True,True,True,True,PLACEHOLDER_CANDIDATE
2017-09-21,SIDO,156.65,156.65,156.65,156.65,0.0,True,True,True,True,PLACEHOLDER_CANDIDATE
2017-12-25,SIDO,176.55,176.55,176.55,176.55,0.0,True,True,True,True,PLACEHOLDER_CANDIDATE
2017-12-26,SIDO,176.55,176.55,176.55,176.55,0.0,True,True,True,True,PLACEHOLDER_CANDIDATE
2018-01-01,SIDO,174.95,174.95,174.95,174.95,0.0,True,True,True,True,PLACEHOLDER_CANDIDATE
2018-02-16,SIDO,218.29,218.29,218.29,218.29,0.0,True,True,True,True,PLACEHOLDER_CANDIDATE
2018-03-30,SIDO,218.29,218.29,218.29,218.29,0.0,True,True,True,True,PLACEHOLDER_CANDIDATE
2018-05-01,SIDO,261.62,261.62,261.62,261.62,0.0,True,True,True,True,PLACEHOLDER_CANDIDATE
2018-05-10,SIDO,261.62,261.62,261.62,261.62,0.0,True,True,True,True,PLACEHOLDER_CANDIDATE
2018-05-29,SIDO,282.49,282.49,282.49,282.49,0.0,True,True,True,True,PLACEHOLDER_CANDIDATE
2018-06-01,SIDO,280.88,280.88,280.88,280.88,0.0,True,True,True,True,PLACEHOLDER_CANDIDATE
2018-06-11,SIDO,280.78,280.78,280.78,280.78,0.0,True,True,True,True,PLACEHOLDER_CANDIDATE
2018-06-12,SIDO,280.78,280.78,280.78,280.78,0.0,True,True,True,True,PLACEHOLDER_CANDIDATE
2018-06-13,SIDO,280.78,280.78,280.78,280.78,0.0,True,True,True,True,PLACEHOLDER_CANDIDATE
2018-06-14,SIDO,280.78,280.78,280.78,280.78,0.0,True,True,True,True,PLACEHOLDER_CANDIDATE
2018-06-15,SIDO,280.78,280.78,280.78,280.78,0.0,True,True,True,True,PLACEHOLDER_CANDIDATE
2018-06-18,SIDO,280.78,280.78,280.78,280.78,0.0,True,True,True,True,PLACEHOLDER_CANDIDATE
2018-06-19,SIDO,280.78,280.78,280.78,280.78,0.0,True,True,True,True,PLACEHOLDER_CANDIDATE
2018-08-17,SIDO,269.15,269.15,269.15,269.15,0.0,True,True,True,True,PLACEHOLDER_CANDIDATE
2018-08-22,SIDO,270.81,270.81,270.81,270.81,0.0,True,True,True,True,PLACEHOLDER_CANDIDATE
2018-09-11,SIDO,274.13,274.13,274.13,274.13,0.0,True,True,True,True,PLACEHOLDER_CANDIDATE
2018-11-20,SIDO,272.6,272.6,272.6,272.6,0.0,True,True,True,True,PLACEHOLDER_CANDIDATE
2018-12-24,SIDO,281.06,281.06,281.06,281.06,0.0,True,True,True,True,PLACEHOLDER_CANDIDATE
2018-12-25,SIDO,281.06,281.06,281.06,281.06,0.0,True,True,True,True,PLACEHOLDER_CANDIDATE
2018-12-31,SIDO,284.45,284.45,284.45,284.45,0.0,True,True,True,True,PLACEHOLDER_CANDIDATE
2019-01-01,SIDO,284.45,284.45,284.45,284.45,0.0,True,True,True,True,PLACEHOLDER_CANDIDATE
2019-02-05,SIDO,274.29,274.29,274.29,274.29,0.0,True,True,True,True,PLACEHOLDER_CANDIDATE
2019-03-07,SIDO,338.63,338.63,338.63,338.63,0.0,True,True,True,True,PLACEHOLDER_CANDIDATE
2019-04-03,SIDO,338.63,338.63,338.63,338.63,0.0,True,True,True,True,PLACEHOLDER_CANDIDATE
2019-04-17,SIDO,342.01,342.01,342.01,342.01,0.0,True,True,True,True,PLACEHOLDER_CANDIDATE
2019-04-19,SIDO,343.71,343.71,343.71,343.71,0.0,True,True,True,True,PLACEHOLDER_CANDIDATE
2019-05-01,SIDO,352.7,352.7,352.7,352.7,0.0,True,True,True,True,PLACEHOLDER_CANDIDATE
2019-05-30,SIDO,331.95,331.95,331.95,331.95,0.0,True,True,True,True,PLACEHOLDER_CANDIDATE
2019-06-03,SIDO,331.95,331.95,331.95,331.95,0.0,True,True,True,True,PLACEHOLDER_CANDIDATE
2019-06-04,SIDO,331.95,331.95,331.95,331.95,0.0,True,True,True,True,PLACEHOLDER_CANDIDATE
2019-06-05,SIDO,331.95,331.95,331.95,331.95,0.0,True,True,True,True,PLACEHOLDER_CANDIDATE
2019-06-06,SIDO,331.95,331.95,331.95,331.95,0.0,True,True,True,True,PLACEHOLDER_CANDIDATE
2019-06-07,SIDO,331.95,331.95,331.95,331.95,0.0,True,True,True,True,PLACEHOLDER_CANDIDATE
2026-05-14,SIDO,444.0,444.0,444.0,444.0,0.0,True,True,True,True,PLACEHOLDER_CANDIDATE
2026-05-15,SIDO,444.0,444.0,444.0,444.0,0.0,True,True,True,True,PLACEHOLDER_CANDIDATE
2026-05-27,SIDO,404.0,404.0,404.0,404.0,0.0,True,True,True,True,PLACEHOLDER_CANDIDATE
2026-05-28,SIDO,404.0,404.0,404.0,404.0,0.0,True,True,True,True,PLACEHOLDER_CANDIDATE
2026-05-14,SILO,2300.0,2300.0,2300.0,2300.0,0.0,True,True,True,True,PLACEHOLDER_CANDIDATE
2026-05-15,SILO,2300.0,2300.0,2300.0,2300.0,0.0,True,True,True,True,PLACEHOLDER_CANDIDATE
2026-05-27,SILO,2390.0,2390.0,2390.0,2390.0,0.0,True,True,True,True,PLACEHOLDER_CANDIDATE
2026-05-28,SILO,2390.0,2390.0,2390.0,2390.0,0.0,True,True,True,True,PLACEHOLDER_CANDIDATE
2026-05-14,SIMP,614.5090942382812,614.5090942382812,614.5090942382812,614.5090942382812,0.0,True,True,True,True,PLACEHOLDER_CANDIDATE
2026-05-15,SIMP,614.5090942382812,614.5090942382812,614.5090942382812,614.5090942382812,0.0,True,True,True,True,PLACEHOLDER_CANDIDATE
2026-05-27,SIMP,538.2908935546875,538.2908935546875,538.2908935546875,538.2908935546875,0.0,True,True,True,True,PLACEHOLDER_CANDIDATE
2026-05-28,SIMP,538.2908935546875,538.2908935546875,538.2908935546875,538.2908935546875,0.0,True,True,True,True,PLACEHOLDER_CANDIDATE
2026-05-14,SINI,12450.0,12450.0,12450.0,12450.0,0.0,True,True,True,True,PLACEHOLDER_CANDIDATE
2026-05-15,SINI,12450.0,12450.0,12450.0,12450.0,0.0,True,True,True,True,PLACEHOLDER_CANDIDATE
2026-05-27,SINI,11225.0,11225.0,11225.0,11225.0,0.0,True,True,True,True,PLACEHOLDER_CANDIDATE
2026-05-28,SINI,11225.0,11225.0,11225.0,11225.0,0.0,True,True,True,True,PLACEHOLDER_CANDIDATE
2026-05-14,SIPD,910.0,910.0,910.0,910.0,0.0,True,True,True,True,PLACEHOLDER_CANDIDATE
2026-05-15,SIPD,910.0,910.0,910.0,910.0,0.0,True,True,True,True,PLACEHOLDER_CANDIDATE
2026-05-27,SIPD,860.0,860.0,860.0,860.0,0.0,True,True,True,True,PLACEHOLDER_CANDIDATE
2026-05-28,SIPD,860.0,860.0,860.0,860.0,0.0,True,True,True,True,PLACEHOLDER_CANDIDATE
2026-08-25,SIPD,775.0,775.0,775.0,775.0,0.0,True,True,True,True,PLACEHOLDER_CANDIDATE
2026-05-14,SKBM,630.0,630.0,630.0,630.0,0.0,True,True,True,True,PLACEHOLDER_CANDIDATE
2026-05-15,SKBM,630.0,630.0,630.0,630.0,0.0,True,True,True,True,PLACEHOLDER_CANDIDATE
2026-05-27,SKBM,530.0,530.0,530.0,530.0,0.0,True,True,True,True,PLACEHOLDER_CANDIDATE
2026-05-28,SKBM,530.0,530.0,530.0,530.0,0.0,True,True,True,True,PLACEHOLDER_CANDIDATE
2014-04-09,SKLT,13.52,13.52,13.52,13.52,0.0,True,True,True,True,PLACEHOLDER_CANDIDATE
2014-07-09,SKLT,28.15,28.15,28.15,28.15,0.0,True,True,True,True,PLACEHOLDER_CANDIDATE
2015-12-09,SKLT,30.2,30.2,30.2,30.2,0.0,True,True,True,True,PLACEHOLDER_CANDIDATE
2017-01-02,SKLT,25.56,25.56,25.56,25.56,0.0,True,True,True,True,PLACEHOLDER_CANDIDATE
2017-02-15,SKLT,55.59,55.59,55.59,55.59,0.0,True,True,True,True,PLACEHOLDER_CANDIDATE
2017-04-19,SKLT,64.72,64.72,64.72,64.72,0.0,True,True,True,True,PLACEHOLDER_CANDIDATE
2017-06-01,SKLT,91.27,91.27,91.27,91.27,0.0,True,True,True,True,PLACEHOLDER_CANDIDATE
2017-06-23,SKLT,91.69,91.69,91.69,91.69,0.0,True,True,True,True,PLACEHOLDER_CANDIDATE
2017-06-26,SKLT,91.69,91.69,91.69,91.69,0.0,True,True,True,True,PLACEHOLDER_CANDIDATE
2017-06-27,SKLT,91.69,91.69,91.69,91.69,0.0,True,True,True,True,PLACEHOLDER_CANDIDATE
2017-06-28,SKLT,91.69,91.69,91.69,91.69,0.0,True,True,True,True,PLACEHOLDER_CANDIDATE
2017-06-29,SKLT,91.69,91.69,91.69,91.69,0.0,True,True,True,True,PLACEHOLDER_CANDIDATE
2017-06-30,SKLT,91.69,91.69,91.69,91.69,0.0,True,True,True,True,PLACEHOLDER_CANDIDATE
2017-08-17,SKLT,87.52,87.52,87.52,87.52,0.0,True,True,True,True,PLACEHOLDER_CANDIDATE
2017-09-01,SKLT,91.69,91.69,91.69,91.69,0.0,True,True,True,True,PLACEHOLDER_CANDIDATE
2017-09-21,SKLT,91.69,91.69,91.69,91.69,0.0,True,True,True,True,PLACEHOLDER_CANDIDATE
2017-12-25,SKLT,91.69,91.69,91.69,91.69,0.0,True,True,True,True,PLACEHOLDER_CANDIDATE
2017-12-26,SKLT,91.69,91.69,91.69,91.69,0.0,True,True,True,True,PLACEHOLDER_CANDIDATE
2018-01-01,SKLT,91.69,91.69,91.69,91.69,0.0,True,True,True,True,PLACEHOLDER_CANDIDATE
2018-02-16,SKLT,91.69,91.69,91.69,91.69,0.0,True,True,True,True,PLACEHOLDER_CANDIDATE
2018-03-30,SKLT,95.85,95.85,95.85,95.85,0.0,True,True,True,True,PLACEHOLDER_CANDIDATE
2018-05-01,SKLT,95.85,95.85,95.85,95.85,0.0,True,True,True,True,PLACEHOLDER_CANDIDATE
2018-05-10,SKLT,95.85,95.85,95.85,95.85,0.0,True,True,True,True,PLACEHOLDER_CANDIDATE
2018-05-29,SKLT,95.85,95.85,95.85,95.85,0.0,True,True,True,True,PLACEHOLDER_CANDIDATE
2018-06-01,SKLT,95.85,95.85,95.85,95.85,0.0,True,True,True,True,PLACEHOLDER_CANDIDATE
2018-06-11,SKLT,100.02,100.02,100.02,100.02,0.0,True,True,True,True,PLACEHOLDER_CANDIDATE
2018-06-12,SKLT,100.02,100.02,100.02,100.02,0.0,True,True,True,True,PLACEHOLDER_CANDIDATE
2018-06-13,SKLT,100.02,100.02,100.02,100.02,0.0,True,True,True,True,PLACEHOLDER_CANDIDATE
2018-06-14,SKLT,100.02,100.02,100.02,100.02,0.0,True,True,True,True,PLACEHOLDER_CANDIDATE
2018-06-15,SKLT,100.02,100.02,100.02,100.02,0.0,True,True,True,True,PLACEHOLDER_CANDIDATE
2018-06-18,SKLT,100.02,100.02,100.02,100.02,0.0,True,True,True,True,PLACEHOLDER_CANDIDATE
2018-06-19,SKLT,100.02,100.02,100.02,100.02,0.0,True,True,True,True,PLACEHOLDER_CANDIDATE
2018-08-17,SKLT,113.18,113.18,113.18,113.18,0.0,True,True,True,True,PLACEHOLDER_CANDIDATE
2018-08-22,SKLT,113.18,113.18,113.18,113.18,0.0,True,True,True,True,PLACEHOLDER_CANDIDATE
2018-09-11,SKLT,119.89,119.89,119.89,119.89,0.0,True,True,True,True,PLACEHOLDER_CANDIDATE
2018-11-20,SKLT,125.76,125.76,125.76,125.76,0.0,True,True,True,True,PLACEHOLDER_CANDIDATE
2018-12-24,SKLT,125.76,125.76,125.76,125.76,0.0,True,True,True,True,PLACEHOLDER_CANDIDATE
2018-12-25,SKLT,125.76,125.76,125.76,125.76,0.0,True,True,True,True,PLACEHOLDER_CANDIDATE
2018-12-31,SKLT,125.76,125.76,125.76,125.76,0.0,True,True,True,True,PLACEHOLDER_CANDIDATE
2019-01-01,SKLT,125.76,125.76,125.76,125.76,0.0,True,True,True,True,PLACEHOLDER_CANDIDATE
2019-02-05,SKLT,125.76,125.76,125.76,125.76,0.0,True,True,True,True,PLACEHOLDER_CANDIDATE
2019-03-07,SKLT,125.76,125.76,125.76,125.76,0.0,True,True,True,True,PLACEHOLDER_CANDIDATE
2019-04-03,SKLT,125.76,125.76,125.76,125.76,0.0,True,True,True,True,PLACEHOLDER_CANDIDATE
2019-04-17,SKLT,125.76,125.76,125.76,125.76,0.0,True,True,True,True,PLACEHOLDER_CANDIDATE
2019-04-19,SKLT,125.76,125.76,125.76,125.76,0.0,True,True,True,True,PLACEHOLDER_CANDIDATE
2019-05-01,SKLT,125.76,125.76,125.76,125.76,0.0,True,True,True,True,PLACEHOLDER_CANDIDATE
2019-05-30,SKLT,125.76,125.76,125.76,125.76,0.0,True,True,True,True,PLACEHOLDER_CANDIDATE
2019-06-03,SKLT,125.76,125.76,125.76,125.76,0.0,True,True,True,True,PLACEHOLDER_CANDIDATE
2019-06-04,SKLT,125.76,125.76,125.76,125.76,0.0,True,True,True,True,PLACEHOLDER_CANDIDATE
2019-06-05,SKLT,125.76,125.76,125.76,125.76,0.0,True,True,True,True,PLACEHOLDER_CANDIDATE
2019-06-06,SKLT,125.76,125.76,125.76,125.76,0.0,True,True,True,True,PLACEHOLDER_CANDIDATE
2019-06-07,SKLT,125.76,125.76,125.76,125.76,0.0,True,True,True,True,PLACEHOLDER_CANDIDATE
2026-05-14,SKLT,206.0,206.0,206.0,206.0,0.0,True,True,True,True,PLACEHOLDER_CANDIDATE
2026-05-15,SKLT,206.0,206.0,206.0,206.0,0.0,True,True,True,True,PLACEHOLDER_CANDIDATE
2026-05-27,SKLT,193.0,193.0,193.0,193.0,0.0,True,True,True,True,PLACEHOLDER_CANDIDATE
2026-05-28,SKLT,193.0,193.0,193.0,193.0,0.0,True,True,True,True,PLACEHOLDER_CANDIDATE
2026-08-25,SKLT,214.0,214.0,214.0,214.0,0.0,True,True,True,True,PLACEHOLDER_CANDIDATE
2026-05-14,SKRN,451.77142333984375,451.77142333984375,451.77142333984375,451.77142333984375,0.0,True,True,True,True,PLACEHOLDER_CANDIDATE
2026-05-15,SKRN,451.77142333984375,451.77142333984375,451.77142333984375,451.77142333984375,0.0,True,True,True,True,PLACEHOLDER_CANDIDATE
2026-05-27,SKRN,402.0,402.0,402.0,402.0,0.0,True,True,True,True,PLACEHOLDER_CANDIDATE
2026-05-28,SKRN,402.0,402.0,402.0,402.0,0.0,True,True,True,True,PLACEHOLDER_CANDIDATE
2026-05-14,SLIS,86.0,86.0,86.0,86.0,0.0,True,True,True,True,PLACEHOLDER_CANDIDATE
2026-05-15,SLIS,86.0,86.0,86.0,86.0,0.0,True,True,True,True,PLACEHOLDER_CANDIDATE
2026-05-27,SLIS,75.0,75.0,75.0,75.0,0.0,True,True,True,True,PLACEHOLDER_CANDIDATE
2026-05-28,SLIS,75.0,75.0,75.0,75.0,0.0,True,True,True,True,PLACEHOLDER_CANDIDATE
2026-05-14,SMAR,5860.412109375,5860.412109375,5860.412109375,5860.412109375,0.0,True,True,True,True,PLACEHOLDER_CANDIDATE
2026-05-15,SMAR,5860.412109375,5860.412109375,5860.412109375,5860.412109375,0.0,True,True,True,True,PLACEHOLDER_CANDIDATE
2026-05-27,SMAR,4754.22998046875,4754.22998046875,4754.22998046875,4754.22998046875,0.0,True,True,True,True,PLACEHOLDER_CANDIDATE
2026-05-28,SMAR,4754.22998046875,4754.22998046875,4754.22998046875,4754.22998046875,0.0,True,True,True,True,PLACEHOLDER_CANDIDATE
2026-08-25,SMAR,5800.0,5800.0,5800.0,5800.0,0.0,True,True,True,True,PLACEHOLDER_CANDIDATE
2026-05-14,SMBR,189.0927734375,189.0927734375,189.0927734375,189.0927734375,0.0,True,True,True,True,PLACEHOLDER_CANDIDATE
2026-05-15,SMBR,189.0927734375,189.0927734375,189.0927734375,189.0927734375,0.0,True,True,True,True,PLACEHOLDER_CANDIDATE
2026-05-27,SMBR,167.53814697265625,167.53814697265625,167.53814697265625,167.53814697265625,0.0,True,True,True,True,PLACEHOLDER_CANDIDATE
2026-05-28,SMBR,167.53814697265625,167.53814697265625,167.53814697265625,167.53814697265625,0.0,True,True,True,True,PLACEHOLDER_CANDIDATE
2026-05-01,SMCB,738.4819946289062,738.4819946289062,738.4819946289062,738.4819946289062,0.0,True,True,True,True,PLACEHOLDER_CANDIDATE
2026-05-14,SMCB,738.4819946289062,738.4819946289062,738.4819946289062,738.4819946289062,0.0,True,True,True,True,PLACEHOLDER_CANDIDATE
2026-05-15,SMCB,738.4819946289062,738.4819946289062,738.4819946289062,738.4819946289062,0.0,True,True,True,True,PLACEHOLDER_CANDIDATE
2026-05-27,SMCB,738.4819946289062,738.4819946289062,738.4819946289062,738.4819946289062,0.0,True,True,True,True,PLACEHOLDER_CANDIDATE
2026-05-28,SMCB,738.4819946289062,738.4819946289062,738.4819946289062,738.4819946289062,0.0,True,True,True,True,PLACEHOLDER_CANDIDATE
2026-06-01,SMCB,738.4819946289062,738.4819946289062,738.4819946289062,738.4819946289062,0.0,True,True,True,True,PLACEHOLDER_CANDIDATE
2026-06-16,SMCB,775.0,775.0,775.0,775.0,0.0,True,True,True,True,PLACEHOLDER_CANDIDATE
2026-08-17,SMCB,775.0,775.0,775.0,775.0,0.0,True,True,True,True,PLACEHOLDER_CANDIDATE
2026-08-25,SMCB,775.0,775.0,775.0,775.0,0.0,True,True,True,True,PLACEHOLDER_CANDIDATE
2026-05-14,SMDM,590.0,590.0,590.0,590.0,0.0,True,True,True,True,PLACEHOLDER_CANDIDATE
2026-05-15,SMDM,590.0,590.0,590.0,590.0,0.0,True,True,True,True,PLACEHOLDER_CANDIDATE
2026-05-27,SMDM,510.0,510.0,510.0,510.0,0.0,True,True,True,True,PLACEHOLDER_CANDIDATE
2026-05-28,SMDM,510.0,510.0,510.0,510.0,0.0,True,True,True,True,PLACEHOLDER_CANDIDATE
2026-08-25,SMDM,550.0,550.0,550.0,550.0,0.0,True,True,True,True,PLACEHOLDER_CANDIDATE
2026-05-14,SMDR,308.2312927246094,308.2312927246094,308.2312927246094,308.2312927246094,0.0,True,True,True,True,PLACEHOLDER_CANDIDATE
2026-05-15,SMDR,308.2312927246094,308.2312927246094,308.2312927246094,308.2312927246094,0.0,True,True,True,True,PLACEHOLDER_CANDIDATE
2026-05-27,SMDR,291.0010070800781,291.0010070800781,291.0010070800781,291.0010070800781,0.0,True,True,True,True,PLACEHOLDER_CANDIDATE
2026-05-28,SMDR,291.0010070800781,291.0010070800781,291.0010070800781,291.0010070800781,0.0,True,True,True,True,PLACEHOLDER_CANDIDATE
2026-08-25,SMDR,314.0,314.0,314.0,314.0,0.0,True,True,True,True,PLACEHOLDER_CANDIDATE
2026-05-14,SMGA,86.0,86.0,86.0,86.0,0.0,True,True,True,True,PLACEHOLDER_CANDIDATE
2026-05-15,SMGA,86.0,86.0,86.0,86.0,0.0,True,True,True,True,PLACEHOLDER_CANDIDATE
2026-05-27,SMGA,73.0,73.0,73.0,73.0,0.0,True,True,True,True,PLACEHOLDER_CANDIDATE
2026-05-28,SMGA,73.0,73.0,73.0,73.0,0.0,True,True,True,True,PLACEHOLDER_CANDIDATE
2014-04-09,SMGR,12170.39,12170.39,12170.39,12170.39,0.0,True,True,True,True,PLACEHOLDER_CANDIDATE
2014-07-09,SMGR,12054.12,12054.12,12054.12,12054.12,0.0,True,True,True,True,PLACEHOLDER_CANDIDATE
2015-12-09,SMGR,8398.95,8398.95,8398.95,8398.95,0.0,True,True,True,True,PLACEHOLDER_CANDIDATE
2017-01-02,SMGR,7267.66,7267.66,7267.66,7267.66,0.0,True,True,True,True,PLACEHOLDER_CANDIDATE
2017-02-15,SMGR,7406.28,7406.28,7406.28,7406.28,0.0,True,True,True,True,PLACEHOLDER_CANDIDATE
2017-04-19,SMGR,7169.28,7169.28,7169.28,7169.28,0.0,True,True,True,True,PLACEHOLDER_CANDIDATE
2017-06-01,SMGR,7742.82,7742.82,7742.82,7742.82,0.0,True,True,True,True,PLACEHOLDER_CANDIDATE
2017-06-23,SMGR,8193.46,8193.46,8193.46,8193.46,0.0,True,True,True,True,PLACEHOLDER_CANDIDATE
2017-06-26,SMGR,8193.46,8193.46,8193.46,8193.46,0.0,True,True,True,True,PLACEHOLDER_CANDIDATE
2017-06-27,SMGR,8193.46,8193.46,8193.46,8193.46,0.0,True,True,True,True,PLACEHOLDER_CANDIDATE
2017-06-28,SMGR,8193.46,8193.46,8193.46,8193.46,0.0,True,True,True,True,PLACEHOLDER_CANDIDATE
2017-06-29,SMGR,8193.46,8193.46,8193.46,8193.46,0.0,True,True,True,True,PLACEHOLDER_CANDIDATE
2017-06-30,SMGR,8193.46,8193.46,8193.46,8193.46,0.0,True,True,True,True,PLACEHOLDER_CANDIDATE
2017-08-17,SMGR,9012.8,9012.8,9012.8,9012.8,0.0,True,True,True,True,PLACEHOLDER_CANDIDATE
2017-09-01,SMGR,8582.65,8582.65,8582.65,8582.65,0.0,True,True,True,True,PLACEHOLDER_CANDIDATE
2017-09-21,SMGR,8275.39,8275.39,8275.39,8275.39,0.0,True,True,True,True,PLACEHOLDER_CANDIDATE
2017-12-25,SMGR,8050.07,8050.07,8050.07,8050.07,0.0,True,True,True,True,PLACEHOLDER_CANDIDATE
2017-12-26,SMGR,8050.07,8050.07,8050.07,8050.07,0.0,True,True,True,True,PLACEHOLDER_CANDIDATE
2018-01-01,SMGR,8111.52,8111.52,8111.52,8111.52,0.0,True,True,True,True,PLACEHOLDER_CANDIDATE
2018-02-16,SMGR,9053.77,9053.77,9053.77,9053.77,0.0,True,True,True,True,PLACEHOLDER_CANDIDATE
2018-03-30,SMGR,8480.23,8480.23,8480.23,8480.23,0.0,True,True,True,True,PLACEHOLDER_CANDIDATE
2018-05-01,SMGR,7906.69,7906.69,7906.69,7906.69,0.0,True,True,True,True,PLACEHOLDER_CANDIDATE
2018-05-10,SMGR,7445.83,7445.83,7445.83,7445.83,0.0,True,True,True,True,PLACEHOLDER_CANDIDATE
2018-05-29,SMGR,7279.45,7279.45,7279.45,7279.45,0.0,True,True,True,True,PLACEHOLDER_CANDIDATE
2018-06-01,SMGR,6988.27,6988.27,6988.27,6988.27,0.0,True,True,True,True,PLACEHOLDER_CANDIDATE
2018-06-11,SMGR,6884.27,6884.27,6884.27,6884.27,0.0,True,True,True,True,PLACEHOLDER_CANDIDATE
2018-06-12,SMGR,6884.27,6884.27,6884.27,6884.27,0.0,True,True,True,True,PLACEHOLDER_CANDIDATE
2018-06-13,SMGR,6884.27,6884.27,6884.27,6884.27,0.0,True,True,True,True,PLACEHOLDER_CANDIDATE
2018-06-14,SMGR,6884.27,6884.27,6884.27,6884.27,0.0,True,True,True,True,PLACEHOLDER_CANDIDATE
2018-06-15,SMGR,6884.27,6884.27,6884.27,6884.27,0.0,True,True,True,True,PLACEHOLDER_CANDIDATE
2018-06-18,SMGR,6884.27,6884.27,6884.27,6884.27,0.0,True,True,True,True,PLACEHOLDER_CANDIDATE
2018-06-19,SMGR,6884.27,6884.27,6884.27,6884.27,0.0,True,True,True,True,PLACEHOLDER_CANDIDATE
2018-08-17,SMGR,6780.28,6780.28,6780.28,6780.28,0.0,True,True,True,True,PLACEHOLDER_CANDIDATE
2018-08-22,SMGR,7175.45,7175.45,7175.45,7175.45,0.0,True,True,True,True,PLACEHOLDER_CANDIDATE
2018-09-11,SMGR,7300.24,7300.24,7300.24,7300.24,0.0,True,True,True,True,PLACEHOLDER_CANDIDATE
2018-11-20,SMGR,9234.5,9234.5,9234.5,9234.5,0.0,True,True,True,True,PLACEHOLDER_CANDIDATE
2018-12-24,SMGR,9567.27,9567.27,9567.27,9567.27,0.0,True,True,True,True,PLACEHOLDER_CANDIDATE
2018-12-25,SMGR,9567.27,9567.27,9567.27,9567.27,0.0,True,True,True,True,PLACEHOLDER_CANDIDATE
2018-12-31,SMGR,9567.27,9567.27,9567.27,9567.27,0.0,True,True,True,True,PLACEHOLDER_CANDIDATE
2019-01-01,SMGR,9567.27,9567.27,9567.27,9567.27,0.0,True,True,True,True,PLACEHOLDER_CANDIDATE
2019-02-05,SMGR,10191.22,10191.22,10191.22,10191.22,0.0,True,True,True,True,PLACEHOLDER_CANDIDATE
2019-03-07,SMGR,10565.59,10565.59,10565.59,10565.59,0.0,True,True,True,True,PLACEHOLDER_CANDIDATE
2019-04-03,SMGR,11418.33,11418.33,11418.33,11418.33,0.0,True,True,True,True,PLACEHOLDER_CANDIDATE
2019-04-17,SMGR,11085.55,11085.55,11085.55,11085.55,0.0,True,True,True,True,PLACEHOLDER_CANDIDATE
2019-04-19,SMGR,11418.33,11418.33,11418.33,11418.33,0.0,True,True,True,True,PLACEHOLDER_CANDIDATE
2019-05-01,SMGR,11231.14,11231.14,11231.14,11231.14,0.0,True,True,True,True,PLACEHOLDER_CANDIDATE
2019-05-30,SMGR,9317.69,9317.69,9317.69,9317.69,0.0,True,True,True,True,PLACEHOLDER_CANDIDATE
2019-06-03,SMGR,9608.87,9608.87,9608.87,9608.87,0.0,True,True,True,True,PLACEHOLDER_CANDIDATE
2019-06-04,SMGR,9608.87,9608.87,9608.87,9608.87,0.0,True,True,True,True,PLACEHOLDER_CANDIDATE
2019-06-05,SMGR,9608.87,9608.87,9608.87,9608.87,0.0,True,True,True,True,PLACEHOLDER_CANDIDATE
2019-06-06,SMGR,9608.87,9608.87,9608.87,9608.87,0.0,True,True,True,True,PLACEHOLDER_CANDIDATE
2019-06-07,SMGR,9608.87,9608.87,9608.87,9608.87,0.0,True,True,True,True,PLACEHOLDER_CANDIDATE
2026-05-14,SMGR,2038.04,2038.04,2038.04,2038.04,0.0,True,True,True,True,PLACEHOLDER_CANDIDATE
2026-05-15,SMGR,2038.04,2038.04,2038.04,2038.04,0.0,True,True,True,True,PLACEHOLDER_CANDIDATE
2026-05-27,SMGR,1775.0,1775.0,1775.0,1775.0,0.0,True,True,True,True,PLACEHOLDER_CANDIDATE
2026-05-28,SMGR,1775.0,1775.0,1775.0,1775.0,0.0,True,True,True,True,PLACEHOLDER_CANDIDATE
2026-05-14,SMIL,300.0,300.0,300.0,300.0,0.0,True,True,True,True,PLACEHOLDER_CANDIDATE
2026-05-15,SMIL,300.0,300.0,300.0,300.0,0.0,True,True,True,True,PLACEHOLDER_CANDIDATE
2026-05-27,SMIL,270.0,270.0,270.0,270.0,0.0,True,True,True,True,PLACEHOLDER_CANDIDATE
2026-05-28,SMIL,270.0,270.0,270.0,270.0,0.0,True,True,True,True,PLACEHOLDER_CANDIDATE
2026-05-14,SMKL,158.3181915283203,158.3181915283203,158.3181915283203,158.3181915283203,0.0,True,True,True,True,PLACEHOLDER_CANDIDATE
2026-05-15,SMKL,158.3181915283203,158.3181915283203,158.3181915283203,158.3181915283203,0.0,True,True,True,True,PLACEHOLDER_CANDIDATE
2026-05-27,SMKL,145.61363220214844,145.61363220214844,145.61363220214844,145.61363220214844,0.0,True,True,True,True,PLACEHOLDER_CANDIDATE
2026-05-28,SMKL,145.61363220214844,145.61363220214844,145.61363220214844,145.61363220214844,0.0,True,True,True,True,PLACEHOLDER_CANDIDATE
2026-05-14,SMKM,92.0,92.0,92.0,92.0,0.0,True,True,True,True,PLACEHOLDER_CANDIDATE
2026-05-15,SMKM,92.0,92.0,92.0,92.0,0.0,True,True,True,True,PLACEHOLDER_CANDIDATE
2026-05-27,SMKM,83.0,83.0,83.0,83.0,0.0,True,True,True,True,PLACEHOLDER_CANDIDATE
2026-05-28,SMKM,83.0,83.0,83.0,83.0,0.0,True,True,True,True,PLACEHOLDER_CANDIDATE
2026-05-14,SMLE,117.0,117.0,117.0,117.0,0.0,True,True,True,True,PLACEHOLDER_CANDIDATE
2026-05-15,SMLE,117.0,117.0,117.0,117.0,0.0,True,True,True,True,PLACEHOLDER_CANDIDATE
2026-05-27,SMLE,101.0,101.0,101.0,101.0,0.0,True,True,True,True,PLACEHOLDER_CANDIDATE
2026-05-28,SMLE,101.0,101.0,101.0,101.0,0.0,True,True,True,True,PLACEHOLDER_CANDIDATE
2026-05-14,SMMA,16975.0,16975.0,16975.0,16975.0,0.0,True,True,True,True,PLACEHOLDER_CANDIDATE
2026-05-15,SMMA,16975.0,16975.0,16975.0,16975.0,0.0,True,True,True,True,PLACEHOLDER_CANDIDATE
2026-05-27,SMMA,18050.0,18050.0,18050.0,18050.0,0.0,True,True,True,True,PLACEHOLDER_CANDIDATE
2026-05-28,SMMA,18050.0,18050.0,18050.0,18050.0,0.0,True,True,True,True,PLACEHOLDER_CANDIDATE
2014-04-09,SMMT,1388.86,1388.86,1388.86,1388.86,0.0,True,True,True,True,PLACEHOLDER_CANDIDATE
2014-07-09,SMMT,1483.02,1483.02,1483.02,1483.02,0.0,True,True,True,True,PLACEHOLDER_CANDIDATE
2015-12-09,SMMT,122.76,122.76,122.76,122.76,0.0,True,True,True,True,PLACEHOLDER_CANDIDATE
2017-01-02,SMMT,122.76,122.76,122.76,122.76,0.0,True,True,True,True,PLACEHOLDER_CANDIDATE
2017-02-15,SMMT,148.3,148.3,148.3,148.3,0.0,True,True,True,True,PLACEHOLDER_CANDIDATE
2017-04-19,SMMT,114.52,114.52,114.52,114.52,0.0,True,True,True,True,PLACEHOLDER_CANDIDATE
2017-06-01,SMMT,100.52,100.52,100.52,100.52,0.0,True,True,True,True,PLACEHOLDER_CANDIDATE
2017-06-23,SMMT,98.87,98.87,98.87,98.87,0.0,True,True,True,True,PLACEHOLDER_CANDIDATE
2017-06-26,SMMT,98.87,98.87,98.87,98.87,0.0,True,True,True,True,PLACEHOLDER_CANDIDATE
2017-06-27,SMMT,98.87,98.87,98.87,98.87,0.0,True,True,True,True,PLACEHOLDER_CANDIDATE
2017-06-28,SMMT,98.87,98.87,98.87,98.87,0.0,True,True,True,True,PLACEHOLDER_CANDIDATE
2017-06-29,SMMT,98.87,98.87,98.87,98.87,0.0,True,True,True,True,PLACEHOLDER_CANDIDATE
2017-06-30,SMMT,98.87,98.87,98.87,98.87,0.0,True,True,True,True,PLACEHOLDER_CANDIDATE
2017-08-17,SMMT,98.87,98.87,98.87,98.87,0.0,True,True,True,True,PLACEHOLDER_CANDIDATE
2017-09-01,SMMT,101.34,101.34,101.34,101.34,0.0,True,True,True,True,PLACEHOLDER_CANDIDATE
2017-09-21,SMMT,106.28,106.28,106.28,106.28,0.0,True,True,True,True,PLACEHOLDER_CANDIDATE
2017-12-25,SMMT,110.4,110.4,110.4,110.4,0.0,True,True,True,True,PLACEHOLDER_CANDIDATE
2017-12-26,SMMT,110.4,110.4,110.4,110.4,0.0,True,True,True,True,PLACEHOLDER_CANDIDATE
2018-01-01,SMMT,109.58,109.58,109.58,109.58,0.0,True,True,True,True,PLACEHOLDER_CANDIDATE
2018-02-16,SMMT,168.08,168.08,168.08,168.08,0.0,True,True,True,True,PLACEHOLDER_CANDIDATE
2018-03-30,SMMT,145.83,145.83,145.83,145.83,0.0,True,True,True,True,PLACEHOLDER_CANDIDATE
2018-05-01,SMMT,160.66,160.66,160.66,160.66,0.0,True,True,True,True,PLACEHOLDER_CANDIDATE
2018-05-10,SMMT,163.13,163.13,163.13,163.13,0.0,True,True,True,True,PLACEHOLDER_CANDIDATE
2018-05-29,SMMT,163.96,163.96,163.96,163.96,0.0,True,True,True,True,PLACEHOLDER_CANDIDATE
2018-06-01,SMMT,161.48,161.48,161.48,161.48,0.0,True,True,True,True,PLACEHOLDER_CANDIDATE
2018-06-11,SMMT,166.43,166.43,166.43,166.43,0.0,True,True,True,True,PLACEHOLDER_CANDIDATE
2018-06-12,SMMT,166.43,166.43,166.43,166.43,0.0,True,True,True,True,PLACEHOLDER_CANDIDATE
2018-06-13,SMMT,166.43,166.43,166.43,166.43,0.0,True,True,True,True,PLACEHOLDER_CANDIDATE
2018-06-14,SMMT,166.43,166.43,166.43,166.43,0.0,True,True,True,True,PLACEHOLDER_CANDIDATE
2018-06-15,SMMT,166.43,166.43,166.43,166.43,0.0,True,True,True,True,PLACEHOLDER_CANDIDATE
2018-06-18,SMMT,166.43,166.43,166.43,166.43,0.0,True,True,True,True,PLACEHOLDER_CANDIDATE
2018-06-19,SMMT,166.43,166.43,166.43,166.43,0.0,True,True,True,True,PLACEHOLDER_CANDIDATE
2018-08-17,SMMT,168.08,168.08,168.08,168.08,0.0,True,True,True,True,PLACEHOLDER_CANDIDATE
2018-08-22,SMMT,164.78,164.78,164.78,164.78,0.0,True,True,True,True,PLACEHOLDER_CANDIDATE
2018-09-11,SMMT,154.89,154.89,154.89,154.89,0.0,True,True,True,True,PLACEHOLDER_CANDIDATE
2018-11-20,SMMT,131.82,131.82,131.82,131.82,0.0,True,True,True,True,PLACEHOLDER_CANDIDATE
2018-12-24,SMMT,123.59,123.59,123.59,123.59,0.0,True,True,True,True,PLACEHOLDER_CANDIDATE
2018-12-25,SMMT,123.59,123.59,123.59,123.59,0.0,True,True,True,True,PLACEHOLDER_CANDIDATE
2018-12-31,SMMT,131.82,131.82,131.82,131.82,0.0,True,True,True,True,PLACEHOLDER_CANDIDATE
2019-01-01,SMMT,131.82,131.82,131.82,131.82,0.0,True,True,True,True,PLACEHOLDER_CANDIDATE
2019-02-05,SMMT,148.3,148.3,148.3,148.3,0.0,True,True,True,True,PLACEHOLDER_CANDIDATE
2019-03-07,SMMT,138.42,138.42,138.42,138.42,0.0,True,True,True,True,PLACEHOLDER_CANDIDATE
2019-04-03,SMMT,137.59,137.59,137.59,137.59,0.0,True,True,True,True,PLACEHOLDER_CANDIDATE
2019-04-17,SMMT,121.94,121.94,121.94,121.94,0.0,True,True,True,True,PLACEHOLDER_CANDIDATE
2019-04-19,SMMT,122.76,122.76,122.76,122.76,0.0,True,True,True,True,PLACEHOLDER_CANDIDATE
2019-05-01,SMMT,108.76,108.76,108.76,108.76,0.0,True,True,True,True,PLACEHOLDER_CANDIDATE
2019-05-30,SMMT,103.81,103.81,103.81,103.81,0.0,True,True,True,True,PLACEHOLDER_CANDIDATE
2019-06-03,SMMT,108.76,108.76,108.76,108.76,0.0,True,True,True,True,PLACEHOLDER_CANDIDATE
2019-06-04,SMMT,108.76,108.76,108.76,108.76,0.0,True,True,True,True,PLACEHOLDER_CANDIDATE
2019-06-05,SMMT,108.76,108.76,108.76,108.76,0.0,True,True,True,True,PLACEHOLDER_CANDIDATE
2019-06-06,SMMT,108.76,108.76,108.76,108.76,0.0,True,True,True,True,PLACEHOLDER_CANDIDATE
2019-06-07,SMMT,108.76,108.76,108.76,108.76,0.0,True,True,True,True,PLACEHOLDER_CANDIDATE
2026-05-14,SMMT,2160.0,2160.0,2160.0,2160.0,0.0,True,True,True,True,PLACEHOLDER_CANDIDATE
2026-05-15,SMMT,2160.0,2160.0,2160.0,2160.0,0.0,True,True,True,True,PLACEHOLDER_CANDIDATE
2026-05-27,SMMT,1805.0,1805.0,1805.0,1805.0,0.0,True,True,True,True,PLACEHOLDER_CANDIDATE
2026-05-28,SMMT,1805.0,1805.0,1805.0,1805.0,0.0,True,True,True,True,PLACEHOLDER_CANDIDATE
2014-04-09,SMRA,952.9,952.9,952.9,952.9,0.0,True,True,True,True,PLACEHOLDER_CANDIDATE
2014-07-09,SMRA,1051.18,1051.18,1051.18,1051.18,0.0,True,True,True,True,PLACEHOLDER_CANDIDATE
2015-12-09,SMRA,1390.05,1390.05,1390.05,1390.05,0.0,True,True,True,True,PLACEHOLDER_CANDIDATE
2017-01-02,SMRA,1168.94,1168.94,1168.94,1168.94,0.0,True,True,True,True,PLACEHOLDER_CANDIDATE
2017-02-15,SMRA,1252.75,1252.75,1252.75,1252.75,0.0,True,True,True,True,PLACEHOLDER_CANDIDATE
2017-04-19,SMRA,1204.23,1204.23,1204.23,1204.23,0.0,True,True,True,True,PLACEHOLDER_CANDIDATE
2017-06-01,SMRA,1164.53,1164.53,1164.53,1164.53,0.0,True,True,True,True,PLACEHOLDER_CANDIDATE
2017-06-23,SMRA,1138.06,1138.06,1138.06,1138.06,0.0,True,True,True,True,PLACEHOLDER_CANDIDATE
2017-06-26,SMRA,1138.06,1138.06,1138.06,1138.06,0.0,True,True,True,True,PLACEHOLDER_CANDIDATE
2017-06-27,SMRA,1138.06,1138.06,1138.06,1138.06,0.0,True,True,True,True,PLACEHOLDER_CANDIDATE
2017-06-28,SMRA,1138.06,1138.06,1138.06,1138.06,0.0,True,True,True,True,PLACEHOLDER_CANDIDATE
2017-06-29,SMRA,1138.06,1138.06,1138.06,1138.06,0.0,True,True,True,True,PLACEHOLDER_CANDIDATE
2017-06-30,SMRA,1138.06,1138.06,1138.06,1138.06,0.0,True,True,True,True,PLACEHOLDER_CANDIDATE
2017-08-17,SMRA,1000.78,1000.78,1000.78,1000.78,0.0,True,True,True,True,PLACEHOLDER_CANDIDATE
2017-09-01,SMRA,925.5,925.5,925.5,925.5,0.0,True,True,True,True,PLACEHOLDER_CANDIDATE
2017-09-21,SMRA,960.93,960.93,960.93,960.93,0.0,True,True,True,True,PLACEHOLDER_CANDIDATE
2017-12-25,SMRA,828.08,828.08,828.08,828.08,0.0,True,True,True,True,PLACEHOLDER_CANDIDATE
2017-12-26,SMRA,828.08,828.08,828.08,828.08,0.0,True,True,True,True,PLACEHOLDER_CANDIDATE
2018-01-01,SMRA,836.94,836.94,836.94,836.94,0.0,True,True,True,True,PLACEHOLDER_CANDIDATE
2018-02-16,SMRA,1000.78,1000.78,1000.78,1000.78,0.0,True,True,True,True,PLACEHOLDER_CANDIDATE
2018-03-30,SMRA,801.51,801.51,801.51,801.51,0.0,True,True,True,True,PLACEHOLDER_CANDIDATE
2018-05-01,SMRA,801.51,801.51,801.51,801.51,0.0,True,True,True,True,PLACEHOLDER_CANDIDATE
2018-05-10,SMRA,770.51,770.51,770.51,770.51,0.0,True,True,True,True,PLACEHOLDER_CANDIDATE
2018-05-29,SMRA,867.94,867.94,867.94,867.94,0.0,True,True,True,True,PLACEHOLDER_CANDIDATE
2018-06-01,SMRA,872.36,872.36,872.36,872.36,0.0,True,True,True,True,PLACEHOLDER_CANDIDATE
2018-06-11,SMRA,881.22,881.22,881.22,881.22,0.0,True,True,True,True,PLACEHOLDER_CANDIDATE
2018-06-12,SMRA,881.22,881.22,881.22,881.22,0.0,True,True,True,True,PLACEHOLDER_CANDIDATE
2018-06-13,SMRA,881.22,881.22,881.22,881.22,0.0,True,True,True,True,PLACEHOLDER_CANDIDATE
2018-06-14,SMRA,881.22,881.22,881.22,881.22,0.0,True,True,True,True,PLACEHOLDER_CANDIDATE
2018-06-15,SMRA,881.22,881.22,881.22,881.22,0.0,True,True,True,True,PLACEHOLDER_CANDIDATE
2018-06-18,SMRA,881.22,881.22,881.22,881.22,0.0,True,True,True,True,PLACEHOLDER_CANDIDATE
2018-06-19,SMRA,881.22,881.22,881.22,881.22,0.0,True,True,True,True,PLACEHOLDER_CANDIDATE
2018-08-17,SMRA,565.24,565.24,565.24,565.24,0.0,True,True,True,True,PLACEHOLDER_CANDIDATE
2018-08-22,SMRA,578.59,578.59,578.59,578.59,0.0,True,True,True,True,PLACEHOLDER_CANDIDATE
2018-09-11,SMRA,569.69,569.69,569.69,569.69,0.0,True,True,True,True,PLACEHOLDER_CANDIDATE
2018-11-20,SMRA,605.3,605.3,605.3,605.3,0.0,True,True,True,True,PLACEHOLDER_CANDIDATE
2018-12-24,SMRA,729.92,729.92,729.92,729.92,0.0,True,True,True,True,PLACEHOLDER_CANDIDATE
2018-12-25,SMRA,729.92,729.92,729.92,729.92,0.0,True,True,True,True,PLACEHOLDER_CANDIDATE
2018-12-31,SMRA,716.57,716.57,716.57,716.57,0.0,True,True,True,True,PLACEHOLDER_CANDIDATE
2019-01-01,SMRA,716.57,716.57,716.57,716.57,0.0,True,True,True,True,PLACEHOLDER_CANDIDATE
2019-02-05,SMRA,850.09,850.09,850.09,850.09,0.0,True,True,True,True,PLACEHOLDER_CANDIDATE
2019-03-07,SMRA,787.78,787.78,787.78,787.78,0.0,True,True,True,True,PLACEHOLDER_CANDIDATE
2019-04-03,SMRA,907.95,907.95,907.95,907.95,0.0,True,True,True,True,PLACEHOLDER_CANDIDATE
2019-04-17,SMRA,1041.47,1041.47,1041.47,1041.47,0.0,True,True,True,True,PLACEHOLDER_CANDIDATE
2019-04-19,SMRA,1077.08,1077.08,1077.08,1077.08,0.0,True,True,True,True,PLACEHOLDER_CANDIDATE
2019-05-01,SMRA,996.96,996.96,996.96,996.96,0.0,True,True,True,True,PLACEHOLDER_CANDIDATE
2019-05-30,SMRA,970.26,970.26,970.26,970.26,0.0,True,True,True,True,PLACEHOLDER_CANDIDATE
2019-06-03,SMRA,921.3,921.3,921.3,921.3,0.0,True,True,True,True,PLACEHOLDER_CANDIDATE
2019-06-04,SMRA,921.3,921.3,921.3,921.3,0.0,True,True,True,True,PLACEHOLDER_CANDIDATE
2019-06-05,SMRA,921.3,921.3,921.3,921.3,0.0,True,True,True,True,PLACEHOLDER_CANDIDATE
2019-06-06,SMRA,921.3,921.3,921.3,921.3,0.0,True,True,True,True,PLACEHOLDER_CANDIDATE
2019-06-07,SMRA,921.3,921.3,921.3,921.3,0.0,True,True,True,True,PLACEHOLDER_CANDIDATE
2026-05-14,SMRA,314.59,314.59,314.59,314.59,0.0,True,True,True,True,PLACEHOLDER_CANDIDATE
2026-05-15,SMRA,314.59,314.59,314.59,314.59,0.0,True,True,True,True,PLACEHOLDER_CANDIDATE
2026-05-27,SMRA,281.17,281.17,281.17,281.17,0.0,True,True,True,True,PLACEHOLDER_CANDIDATE
2026-05-28,SMRA,281.17,281.17,281.17,281.17,0.0,True,True,True,True,PLACEHOLDER_CANDIDATE
2026-08-25,SMRA,318.0,318.0,318.0,318.0,0.0,True,True,True,True,PLACEHOLDER_CANDIDATE
2026-05-14,SMSM,1818.2022705078125,1818.2022705078125,1818.2022705078125,1818.2022705078125,0.0,True,True,True,True,PLACEHOLDER_CANDIDATE
2026-05-15,SMSM,1818.2022705078125,1818.2022705078125,1818.2022705078125,1818.2022705078125,0.0,True,True,True,True,PLACEHOLDER_CANDIDATE
2026-05-27,SMSM,1681.3482666015625,1681.3482666015625,1681.3482666015625,1681.3482666015625,0.0,True,True,True,True,PLACEHOLDER_CANDIDATE
2026-05-28,SMSM,1681.3482666015625,1681.3482666015625,1681.3482666015625,1681.3482666015625,0.0,True,True,True,True,PLACEHOLDER_CANDIDATE
2026-08-25,SMSM,1740.0,1740.0,1740.0,1740.0,0.0,True,True,True,True,PLACEHOLDER_CANDIDATE
2026-05-14,SNLK,244.0,244.0,244.0,244.0,0.0,True,True,True,True,PLACEHOLDER_CANDIDATE
2026-05-15,SNLK,244.0,244.0,244.0,244.0,0.0,True,True,True,True,PLACEHOLDER_CANDIDATE
2026-05-27,SNLK,246.0,246.0,246.0,246.0,0.0,True,True,True,True,PLACEHOLDER_CANDIDATE
2026-05-28,SNLK,246.0,246.0,246.0,246.0,0.0,True,True,True,True,PLACEHOLDER_CANDIDATE
2026-05-14,SOCI,449.0838623046875,449.0838623046875,449.0838623046875,449.0838623046875,0.0,True,True,True,True,PLACEHOLDER_CANDIDATE
2026-05-15,SOCI,449.0838623046875,449.0838623046875,449.0838623046875,449.0838623046875,0.0,True,True,True,True,PLACEHOLDER_CANDIDATE
2026-05-27,SOCI,373.5741882324219,373.5741882324219,373.5741882324219,373.5741882324219,0.0,True,True,True,True,PLACEHOLDER_CANDIDATE
2026-05-28,SOCI,373.5741882324219,373.5741882324219,373.5741882324219,373.5741882324219,0.0,True,True,True,True,PLACEHOLDER_CANDIDATE
2026-05-14,SOFA,376.0,376.0,376.0,376.0,0.0,True,True,True,True,PLACEHOLDER_CANDIDATE
2026-05-15,SOFA,376.0,376.0,376.0,376.0,0.0,True,True,True,True,PLACEHOLDER_CANDIDATE
2026-05-27,SOFA,406.0,406.0,406.0,406.0,0.0,True,True,True,True,PLACEHOLDER_CANDIDATE
2026-05-28,SOFA,406.0,406.0,406.0,406.0,0.0,True,True,True,True,PLACEHOLDER_CANDIDATE
2026-05-14,SOHO,1700.0,1700.0,1700.0,1700.0,0.0,True,True,True,True,PLACEHOLDER_CANDIDATE
2026-05-15,SOHO,1700.0,1700.0,1700.0,1700.0,0.0,True,True,True,True,PLACEHOLDER_CANDIDATE
2026-05-27,SOHO,1545.0,1545.0,1545.0,1545.0,0.0,True,True,True,True,PLACEHOLDER_CANDIDATE
2026-05-28,SOHO,1545.0,1545.0,1545.0,1545.0,0.0,True,True,True,True,PLACEHOLDER_CANDIDATE
2026-05-14,SOLA,125.0,125.0,125.0,125.0,0.0,True,True,True,True,PLACEHOLDER_CANDIDATE
2026-05-15,SOLA,125.0,125.0,125.0,125.0,0.0,True,True,True,True,PLACEHOLDER_CANDIDATE
2026-05-27,SOLA,114.0,114.0,114.0,114.0,0.0,True,True,True,True,PLACEHOLDER_CANDIDATE
2026-05-28,SOLA,114.0,114.0,114.0,114.0,0.0,True,True,True,True,PLACEHOLDER_CANDIDATE
2026-05-14,SONA,2208.0888671875,2208.0888671875,2208.0888671875,2208.0888671875,0.0,True,True,True,True,PLACEHOLDER_CANDIDATE
2026-05-15,SONA,2208.0888671875,2208.0888671875,2208.0888671875,2208.0888671875,0.0,True,True,True,True,PLACEHOLDER_CANDIDATE
2026-05-27,SONA,2120.156005859375,2120.156005859375,2120.156005859375,2120.156005859375,0.0,True,True,True,True,PLACEHOLDER_CANDIDATE
2026-05-28,SONA,2120.156005859375,2120.156005859375,2120.156005859375,2120.156005859375,0.0,True,True,True,True,PLACEHOLDER_CANDIDATE
2026-08-25,SONA,2460.0,2460.0,2460.0,2460.0,0.0,True,True,True,True,PLACEHOLDER_CANDIDATE
2026-05-14,SOSS,890.0,890.0,890.0,890.0,0.0,True,True,True,True,PLACEHOLDER_CANDIDATE
2026-05-15,SOSS,890.0,890.0,890.0,890.0,0.0,True,True,True,True,PLACEHOLDER_CANDIDATE
2026-05-27,SOSS,815.0,815.0,815.0,815.0,0.0,True,True,True,True,PLACEHOLDER_CANDIDATE
2026-05-28,SOSS,815.0,815.0,815.0,815.0,0.0,True,True,True,True,PLACEHOLDER_CANDIDATE
2026-06-01,SOSS,815.0,815.0,815.0,815.0,0.0,True,True,True,True,PLACEHOLDER_CANDIDATE
2026-08-17,SOSS,840.0,840.0,840.0,840.0,0.0,True,True,True,True,PLACEHOLDER_CANDIDATE
2026-08-25,SOSS,840.0,840.0,840.0,840.0,0.0,True,True,True,True,PLACEHOLDER_CANDIDATE
2026-05-14,SOTS,900.0,900.0,900.0,900.0,0.0,True,True,True,True,PLACEHOLDER_CANDIDATE
2026-05-15,SOTS,900.0,900.0,900.0,900.0,0.0,True,True,True,True,PLACEHOLDER_CANDIDATE
2026-05-27,SOTS,780.0,780.0,780.0,780.0,0.0,True,True,True,True,PLACEHOLDER_CANDIDATE
2026-05-28,SOTS,780.0,780.0,780.0,780.0,0.0,True,True,True,True,PLACEHOLDER_CANDIDATE
2026-05-14,SOUL,47.0,47.0,47.0,47.0,0.0,True,True,True,True,PLACEHOLDER_CANDIDATE
2026-05-15,SOUL,47.0,47.0,47.0,47.0,0.0,True,True,True,True,PLACEHOLDER_CANDIDATE
2026-05-27,SOUL,41.0,41.0,41.0,41.0,0.0,True,True,True,True,PLACEHOLDER_CANDIDATE
2026-05-28,SOUL,41.0,41.0,41.0,41.0,0.0,True,True,True,True,PLACEHOLDER_CANDIDATE
2026-08-17,SOUL,37.0,37.0,37.0,37.0,0.0,True,True,True,True,PLACEHOLDER_CANDIDATE
2026-08-25,SOUL,37.0,37.0,37.0,37.0,0.0,True,True,True,True,PLACEHOLDER_CANDIDATE
2026-05-01,SPMA,161.53846740722656,161.53846740722656,161.53846740722656,161.53846740722656,0.0,True,True,True,True,PLACEHOLDER_CANDIDATE
2026-05-14,SPMA,161.53846740722656,161.53846740722656,161.53846740722656,161.53846740722656,0.0,True,True,True,True,PLACEHOLDER_CANDIDATE
2026-05-15,SPMA,161.53846740722656,161.53846740722656,161.53846740722656,161.53846740722656,0.0,True,True,True,True,PLACEHOLDER_CANDIDATE
2026-05-27,SPMA,161.53846740722656,161.53846740722656,161.53846740722656,161.53846740722656,0.0,True,True,True,True,PLACEHOLDER_CANDIDATE
2026-05-28,SPMA,161.53846740722656,161.53846740722656,161.53846740722656,161.53846740722656,0.0,True,True,True,True,PLACEHOLDER_CANDIDATE
2026-06-01,SPMA,160.0,160.0,160.0,160.0,0.0,True,True,True,True,PLACEHOLDER_CANDIDATE
2026-06-16,SPMA,160.0,160.0,160.0,160.0,0.0,True,True,True,True,PLACEHOLDER_CANDIDATE
2026-08-25,SPMA,166.0,166.0,166.0,166.0,0.0,True,True,True,True,PLACEHOLDER_CANDIDATE
2026-05-14,SPRE,83.0,83.0,83.0,83.0,0.0,True,True,True,True,PLACEHOLDER_CANDIDATE
2026-05-15,SPRE,83.0,83.0,83.0,83.0,0.0,True,True,True,True,PLACEHOLDER_CANDIDATE
2026-05-27,SPRE,74.0,74.0,74.0,74.0,0.0,True,True,True,True,PLACEHOLDER_CANDIDATE
2026-05-28,SPRE,74.0,74.0,74.0,74.0,0.0,True,True,True,True,PLACEHOLDER_CANDIDATE
2026-05-14,SPTO,553.7719116210938,553.7719116210938,553.7719116210938,553.7719116210938,0.0,True,True,True,True,PLACEHOLDER_CANDIDATE
2026-05-15,SPTO,553.7719116210938,553.7719116210938,553.7719116210938,553.7719116210938,0.0,True,True,True,True,PLACEHOLDER_CANDIDATE
2026-05-27,SPTO,520.9210205078125,520.9210205078125,520.9210205078125,520.9210205078125,0.0,True,True,True,True,PLACEHOLDER_CANDIDATE
2026-05-28,SPTO,520.9210205078125,520.9210205078125,520.9210205078125,520.9210205078125,0.0,True,True,True,True,PLACEHOLDER_CANDIDATE
2026-05-14,SQMI,48.0,48.0,48.0,48.0,0.0,True,True,True,True,PLACEHOLDER_CANDIDATE
2026-05-15,SQMI,48.0,48.0,48.0,48.0,0.0,True,True,True,True,PLACEHOLDER_CANDIDATE
2026-05-27,SQMI,47.0,47.0,47.0,47.0,0.0,True,True,True,True,PLACEHOLDER_CANDIDATE
2026-05-28,SQMI,47.0,47.0,47.0,47.0,0.0,True,True,True,True,PLACEHOLDER_CANDIDATE
2026-05-14,SRAJ,13000.0,13000.0,13000.0,13000.0,0.0,True,True,True,True,PLACEHOLDER_CANDIDATE
2026-05-15,SRAJ,13000.0,13000.0,13000.0,13000.0,0.0,True,True,True,True,PLACEHOLDER_CANDIDATE
2026-05-27,SRAJ,13925.0,13925.0,13925.0,13925.0,0.0,True,True,True,True,PLACEHOLDER_CANDIDATE
2026-05-28,SRAJ,13925.0,13925.0,13925.0,13925.0,0.0,True,True,True,True,PLACEHOLDER_CANDIDATE
2026-05-14,SRSN,72.0,72.0,72.0,72.0,0.0,True,True,True,True,PLACEHOLDER_CANDIDATE
2026-05-15,SRSN,72.0,72.0,72.0,72.0,0.0,True,True,True,True,PLACEHOLDER_CANDIDATE
2026-05-27,SRSN,66.0,66.0,66.0,66.0,0.0,True,True,True,True,PLACEHOLDER_CANDIDATE
2026-05-28,SRSN,66.0,66.0,66.0,66.0,0.0,True,True,True,True,PLACEHOLDER_CANDIDATE
2026-08-25,SRSN,71.0,71.0,71.0,71.0,0.0,True,True,True,True,PLACEHOLDER_CANDIDATE
2026-05-14,SRTG,1560.444091796875,1560.444091796875,1560.444091796875,1560.444091796875,0.0,True,True,True,True,PLACEHOLDER_CANDIDATE
2026-05-15,SRTG,1560.444091796875,1560.444091796875,1560.444091796875,1560.444091796875,0.0,True,True,True,True,PLACEHOLDER_CANDIDATE
2026-05-27,SRTG,1541.699951171875,1541.699951171875,1541.699951171875,1541.699951171875,0.0,True,True,True,True,PLACEHOLDER_CANDIDATE
2026-05-28,SRTG,1541.699951171875,1541.699951171875,1541.699951171875,1541.699951171875,0.0,True,True,True,True,PLACEHOLDER_CANDIDATE
2026-05-14,SSIA,1704.242431640625,1704.242431640625,1704.242431640625,1704.242431640625,0.0,True,True,True,True,PLACEHOLDER_CANDIDATE
2026-05-15,SSIA,1704.242431640625,1704.242431640625,1704.242431640625,1704.242431640625,0.0,True,True,True,True,PLACEHOLDER_CANDIDATE
2026-05-27,SSIA,1639.4613037109375,1639.4613037109375,1639.4613037109375,1639.4613037109375,0.0,True,True,True,True,PLACEHOLDER_CANDIDATE
2026-05-28,SSIA,1639.4613037109375,1639.4613037109375,1639.4613037109375,1639.4613037109375,0.0,True,True,True,True,PLACEHOLDER_CANDIDATE
2026-08-25,SSIA,1900.0,1900.0,1900.0,1900.0,0.0,True,True,True,True,PLACEHOLDER_CANDIDATE
2026-05-14,SSMS,1215.0,1215.0,1215.0,1215.0,0.0,True,True,True,True,PLACEHOLDER_CANDIDATE
2026-05-15,SSMS,1215.0,1215.0,1215.0,1215.0,0.0,True,True,True,True,PLACEHOLDER_CANDIDATE
2026-05-27,SSMS,735.0,735.0,735.0,735.0,0.0,True,True,True,True,PLACEHOLDER_CANDIDATE
2026-05-28,SSMS,735.0,735.0,735.0,735.0,0.0,True,True,True,True,PLACEHOLDER_CANDIDATE
2026-05-14,SSTM,580.0,580.0,580.0,580.0,0.0,True,True,True,True,PLACEHOLDER_CANDIDATE
2026-05-15,SSTM,580.0,580.0,580.0,580.0,0.0,True,True,True,True,PLACEHOLDER_CANDIDATE
2026-05-27,SSTM,530.0,530.0,530.0,530.0,0.0,True,True,True,True,PLACEHOLDER_CANDIDATE
2026-05-28,SSTM,530.0,530.0,530.0,530.0,0.0,True,True,True,True,PLACEHOLDER_CANDIDATE
2026-08-25,SSTM,398.0,398.0,398.0,398.0,0.0,True,True,True,True,PLACEHOLDER_CANDIDATE
2026-05-14,STAA,1135.8673095703125,1135.8673095703125,1135.8673095703125,1135.8673095703125,0.0,True,True,True,True,PLACEHOLDER_CANDIDATE
2026-05-15,STAA,1135.8673095703125,1135.8673095703125,1135.8673095703125,1135.8673095703125,0.0,True,True,True,True,PLACEHOLDER_CANDIDATE
2026-05-27,STAA,923.4693603515624,923.4693603515624,923.4693603515624,923.4693603515624,0.0,True,True,True,True,PLACEHOLDER_CANDIDATE
2026-05-28,STAA,923.4693603515624,923.4693603515624,923.4693603515624,923.4693603515624,0.0,True,True,True,True,PLACEHOLDER_CANDIDATE
2026-05-14,STAR,630.0,630.0,630.0,630.0,0.0,True,True,True,True,PLACEHOLDER_CANDIDATE
2026-05-15,STAR,630.0,630.0,630.0,630.0,0.0,True,True,True,True,PLACEHOLDER_CANDIDATE
2026-05-27,STAR,432.0,432.0,432.0,432.0,0.0,True,True,True,True,PLACEHOLDER_CANDIDATE
2026-05-28,STAR,432.0,432.0,432.0,432.0,0.0,True,True,True,True,PLACEHOLDER_CANDIDATE
2026-05-14,STRK,104.0,104.0,104.0,104.0,0.0,True,True,True,True,PLACEHOLDER_CANDIDATE
2026-05-15,STRK,104.0,104.0,104.0,104.0,0.0,True,True,True,True,PLACEHOLDER_CANDIDATE
2026-05-27,STRK,83.0,83.0,83.0,83.0,0.0,True,True,True,True,PLACEHOLDER_CANDIDATE
2026-05-28,STRK,83.0,83.0,83.0,83.0,0.0,True,True,True,True,PLACEHOLDER_CANDIDATE
2014-04-09,STTP,2476.73,2476.73,2476.73,2476.73,0.0,True,True,True,True,PLACEHOLDER_CANDIDATE
2014-07-09,STTP,2783.84,2783.84,2783.84,2783.84,0.0,True,True,True,True,PLACEHOLDER_CANDIDATE
2015-12-09,STTP,3001.79,3001.79,3001.79,3001.79,0.0,True,True,True,True,PLACEHOLDER_CANDIDATE
2017-01-02,STTP,3160.3,3160.3,3160.3,3160.3,0.0,True,True,True,True,PLACEHOLDER_CANDIDATE
2017-02-15,STTP,3160.3,3160.3,3160.3,3160.3,0.0,True,True,True,True,PLACEHOLDER_CANDIDATE
2017-04-19,STTP,3675.46,3675.46,3675.46,3675.46,0.0,True,True,True,True,PLACEHOLDER_CANDIDATE
2017-06-01,STTP,3665.55,3665.55,3665.55,3665.55,0.0,True,True,True,True,PLACEHOLDER_CANDIDATE
2017-06-23,STTP,3665.55,3665.55,3665.55,3665.55,0.0,True,True,True,True,PLACEHOLDER_CANDIDATE
2017-06-26,STTP,3665.55,3665.55,3665.55,3665.55,0.0,True,True,True,True,PLACEHOLDER_CANDIDATE
2017-06-27,STTP,3665.55,3665.55,3665.55,3665.55,0.0,True,True,True,True,PLACEHOLDER_CANDIDATE
2017-06-28,STTP,3665.55,3665.55,3665.55,3665.55,0.0,True,True,True,True,PLACEHOLDER_CANDIDATE
2017-06-29,STTP,3665.55,3665.55,3665.55,3665.55,0.0,True,True,True,True,PLACEHOLDER_CANDIDATE
2017-06-30,STTP,3665.55,3665.55,3665.55,3665.55,0.0,True,True,True,True,PLACEHOLDER_CANDIDATE
2017-08-17,STTP,3477.32,3477.32,3477.32,3477.32,0.0,True,True,True,True,PLACEHOLDER_CANDIDATE
2017-09-01,STTP,3675.46,3675.46,3675.46,3675.46,0.0,True,True,True,True,PLACEHOLDER_CANDIDATE
2017-09-21,STTP,3685.37,3685.37,3685.37,3685.37,0.0,True,True,True,True,PLACEHOLDER_CANDIDATE
2017-12-25,STTP,3893.41,3893.41,3893.41,3893.41,0.0,True,True,True,True,PLACEHOLDER_CANDIDATE
2017-12-26,STTP,3893.41,3893.41,3893.41,3893.41,0.0,True,True,True,True,PLACEHOLDER_CANDIDATE
2018-01-01,STTP,4319.41,4319.41,4319.41,4319.41,0.0,True,True,True,True,PLACEHOLDER_CANDIDATE
2018-02-16,STTP,4061.83,4061.83,4061.83,4061.83,0.0,True,True,True,True,PLACEHOLDER_CANDIDATE
2018-03-30,STTP,4042.02,4042.02,4042.02,4042.02,0.0,True,True,True,True,PLACEHOLDER_CANDIDATE
2018-05-01,STTP,4557.18,4557.18,4557.18,4557.18,0.0,True,True,True,True,PLACEHOLDER_CANDIDATE
2018-05-10,STTP,4557.18,4557.18,4557.18,4557.18,0.0,True,True,True,True,PLACEHOLDER_CANDIDATE
2018-05-29,STTP,4557.18,4557.18,4557.18,4557.18,0.0,True,True,True,True,PLACEHOLDER_CANDIDATE
2018-06-01,STTP,4557.18,4557.18,4557.18,4557.18,0.0,True,True,True,True,PLACEHOLDER_CANDIDATE
2018-06-11,STTP,3764.62,3764.62,3764.62,3764.62,0.0,True,True,True,True,PLACEHOLDER_CANDIDATE
2018-06-12,STTP,3764.62,3764.62,3764.62,3764.62,0.0,True,True,True,True,PLACEHOLDER_CANDIDATE
2018-06-13,STTP,3764.62,3764.62,3764.62,3764.62,0.0,True,True,True,True,PLACEHOLDER_CANDIDATE
2018-06-14,STTP,3764.62,3764.62,3764.62,3764.62,0.0,True,True,True,True,PLACEHOLDER_CANDIDATE
2018-06-15,STTP,3764.62,3764.62,3764.62,3764.62,0.0,True,True,True,True,PLACEHOLDER_CANDIDATE
2018-06-18,STTP,3764.62,3764.62,3764.62,3764.62,0.0,True,True,True,True,PLACEHOLDER_CANDIDATE
2018-06-19,STTP,3764.62,3764.62,3764.62,3764.62,0.0,True,True,True,True,PLACEHOLDER_CANDIDATE
2018-08-17,STTP,3764.62,3764.62,3764.62,3764.62,0.0,True,True,True,True,PLACEHOLDER_CANDIDATE
2018-08-22,STTP,3764.62,3764.62,3764.62,3764.62,0.0,True,True,True,True,PLACEHOLDER_CANDIDATE
2018-09-11,STTP,3715.09,3715.09,3715.09,3715.09,0.0,True,True,True,True,PLACEHOLDER_CANDIDATE
2018-11-20,STTP,3715.09,3715.09,3715.09,3715.09,0.0,True,True,True,True,PLACEHOLDER_CANDIDATE
2018-12-24,STTP,3715.09,3715.09,3715.09,3715.09,0.0,True,True,True,True,PLACEHOLDER_CANDIDATE
2018-12-25,STTP,3715.09,3715.09,3715.09,3715.09,0.0,True,True,True,True,PLACEHOLDER_CANDIDATE
2018-12-31,STTP,3715.09,3715.09,3715.09,3715.09,0.0,True,True,True,True,PLACEHOLDER_CANDIDATE
2019-01-01,STTP,3715.09,3715.09,3715.09,3715.09,0.0,True,True,True,True,PLACEHOLDER_CANDIDATE
2019-02-05,STTP,3269.28,3269.28,3269.28,3269.28,0.0,True,True,True,True,PLACEHOLDER_CANDIDATE
2019-03-07,STTP,3269.28,3269.28,3269.28,3269.28,0.0,True,True,True,True,PLACEHOLDER_CANDIDATE
2019-04-03,STTP,3269.28,3269.28,3269.28,3269.28,0.0,True,True,True,True,PLACEHOLDER_CANDIDATE
2019-04-17,STTP,3269.28,3269.28,3269.28,3269.28,0.0,True,True,True,True,PLACEHOLDER_CANDIDATE
2019-04-19,STTP,3269.28,3269.28,3269.28,3269.28,0.0,True,True,True,True,PLACEHOLDER_CANDIDATE
2019-05-01,STTP,3170.21,3170.21,3170.21,3170.21,0.0,True,True,True,True,PLACEHOLDER_CANDIDATE
2019-05-30,STTP,3675.46,3675.46,3675.46,3675.46,0.0,True,True,True,True,PLACEHOLDER_CANDIDATE
2019-06-03,STTP,3675.46,3675.46,3675.46,3675.46,0.0,True,True,True,True,PLACEHOLDER_CANDIDATE
2019-06-04,STTP,3675.46,3675.46,3675.46,3675.46,0.0,True,True,True,True,PLACEHOLDER_CANDIDATE
2019-06-05,STTP,3675.46,3675.46,3675.46,3675.46,0.0,True,True,True,True,PLACEHOLDER_CANDIDATE
2019-06-06,STTP,3675.46,3675.46,3675.46,3675.46,0.0,True,True,True,True,PLACEHOLDER_CANDIDATE
2019-06-07,STTP,3675.46,3675.46,3675.46,3675.46,0.0,True,True,True,True,PLACEHOLDER_CANDIDATE
2026-05-14,STTP,9825.0,9825.0,9825.0,9825.0,0.0,True,True,True,True,PLACEHOLDER_CANDIDATE
2026-05-15,STTP,9825.0,9825.0,9825.0,9825.0,0.0,True,True,True,True,PLACEHOLDER_CANDIDATE
2026-05-27,STTP,9800.0,9800.0,9800.0,9800.0,0.0,True,True,True,True,PLACEHOLDER_CANDIDATE
2026-05-28,STTP,9800.0,9800.0,9800.0,9800.0,0.0,True,True,True,True,PLACEHOLDER_CANDIDATE
2026-08-25,STTP,9475.0,9475.0,9475.0,9475.0,0.0,True,True,True,True,PLACEHOLDER_CANDIDATE
2026-05-14,SULI,101.0,101.0,101.0,101.0,0.0,True,True,True,True,PLACEHOLDER_CANDIDATE
2026-05-15,SULI,101.0,101.0,101.0,101.0,0.0,True,True,True,True,PLACEHOLDER_CANDIDATE
2026-05-27,SULI,85.0,85.0,85.0,85.0,0.0,True,True,True,True,PLACEHOLDER_CANDIDATE
2026-05-28,SULI,85.0,85.0,85.0,85.0,0.0,True,True,True,True,PLACEHOLDER_CANDIDATE
2026-08-25,SULI,91.0,91.0,91.0,91.0,0.0,True,True,True,True,PLACEHOLDER_CANDIDATE
2026-05-14,SUNI,609.6099853515625,609.6099853515625,609.6099853515625,609.6099853515625,0.0,True,True,True,True,PLACEHOLDER_CANDIDATE
2026-05-15,SUNI,609.6099853515625,609.6099853515625,609.6099853515625,609.6099853515625,0.0,True,True,True,True,PLACEHOLDER_CANDIDATE
2026-05-27,SUNI,653.8558959960938,653.8558959960938,653.8558959960938,653.8558959960938,0.0,True,True,True,True,PLACEHOLDER_CANDIDATE
2026-05-28,SUNI,653.8558959960938,653.8558959960938,653.8558959960938,653.8558959960938,0.0,True,True,True,True,PLACEHOLDER_CANDIDATE
2026-05-01,SUPR,43850.0,43850.0,43850.0,43850.0,0.0,True,True,True,True,PLACEHOLDER_CANDIDATE
2026-05-14,SUPR,43850.0,43850.0,43850.0,43850.0,0.0,True,True,True,True,PLACEHOLDER_CANDIDATE
2026-05-15,SUPR,43850.0,43850.0,43850.0,43850.0,0.0,True,True,True,True,PLACEHOLDER_CANDIDATE
2026-05-27,SUPR,43850.0,43850.0,43850.0,43850.0,0.0,True,True,True,True,PLACEHOLDER_CANDIDATE
2026-05-28,SUPR,43850.0,43850.0,43850.0,43850.0,0.0,True,True,True,True,PLACEHOLDER_CANDIDATE
2026-06-01,SUPR,43850.0,43850.0,43850.0,43850.0,0.0,True,True,True,True,PLACEHOLDER_CANDIDATE
2026-06-16,SUPR,43850.0,43850.0,43850.0,43850.0,0.0,True,True,True,True,PLACEHOLDER_CANDIDATE
2026-08-17,SUPR,43850.0,43850.0,43850.0,43850.0,0.0,True,True,True,True,PLACEHOLDER_CANDIDATE
2026-08-25,SUPR,43850.0,43850.0,43850.0,43850.0,0.0,True,True,True,True,PLACEHOLDER_CANDIDATE
2026-05-14,SURE,2600.0,2600.0,2600.0,2600.0,0.0,True,True,True,True,PLACEHOLDER_CANDIDATE
2026-05-15,SURE,2600.0,2600.0,2600.0,2600.0,0.0,True,True,True,True,PLACEHOLDER_CANDIDATE
2026-05-27,SURE,2590.0,2590.0,2590.0,2590.0,0.0,True,True,True,True,PLACEHOLDER_CANDIDATE
2026-05-28,SURE,2590.0,2590.0,2590.0,2590.0,0.0,True,True,True,True,PLACEHOLDER_CANDIDATE
2026-05-01,SWAT,16.0,16.0,16.0,16.0,0.0,True,True,True,True,PLACEHOLDER_CANDIDATE
2026-05-14,SWAT,16.0,16.0,16.0,16.0,0.0,True,True,True,True,PLACEHOLDER_CANDIDATE
2026-05-15,SWAT,16.0,16.0,16.0,16.0,0.0,True,True,True,True,PLACEHOLDER_CANDIDATE
2026-05-27,SWAT,16.0,16.0,16.0,16.0,0.0,True,True,True,True,PLACEHOLDER_CANDIDATE
2026-05-28,SWAT,16.0,16.0,16.0,16.0,0.0,True,True,True,True,PLACEHOLDER_CANDIDATE
2026-06-01,SWAT,16.0,16.0,16.0,16.0,0.0,True,True,True,True,PLACEHOLDER_CANDIDATE
2026-06-16,SWAT,16.0,16.0,16.0,16.0,0.0,True,True,True,True,PLACEHOLDER_CANDIDATE
2026-08-17,SWAT,16.0,16.0,16.0,16.0,0.0,True,True,True,True,PLACEHOLDER_CANDIDATE
2026-08-25,SWAT,16.0,16.0,16.0,16.0,0.0,True,True,True,True,PLACEHOLDER_CANDIDATE
2026-05-14,SWID,111.16266632080078,111.16266632080078,111.16266632080078,111.16266632080078,0.0,True,True,True,True,PLACEHOLDER_CANDIDATE
2026-05-15,SWID,111.16266632080078,111.16266632080078,111.16266632080078,111.16266632080078,0.0,True,True,True,True,PLACEHOLDER_CANDIDATE
2026-05-27,SWID,94.58577728271484,94.58577728271484,94.58577728271484,94.58577728271484,0.0,True,True,True,True,PLACEHOLDER_CANDIDATE
2026-05-28,SWID,94.58577728271484,94.58577728271484,94.58577728271484,94.58577728271484,0.0,True,True,True,True,PLACEHOLDER_CANDIDATE
2026-05-14,TALF,704.9649047851562,704.9649047851562,704.9649047851562,704.9649047851562,0.0,True,True,True,True,PLACEHOLDER_CANDIDATE
2026-05-15,TALF,704.9649047851562,704.9649047851562,704.9649047851562,704.9649047851562,0.0,True,True,True,True,PLACEHOLDER_CANDIDATE
2026-05-27,TALF,818.3508911132812,818.3508911132812,818.3508911132812,818.3508911132812,0.0,True,True,True,True,PLACEHOLDER_CANDIDATE
2026-05-28,TALF,818.3508911132812,818.3508911132812,818.3508911132812,818.3508911132812,0.0,True,True,True,True,PLACEHOLDER_CANDIDATE
2026-05-14,TAMA,234.0,234.0,234.0,234.0,0.0,True,True,True,True,PLACEHOLDER_CANDIDATE
2026-05-15,TAMA,234.0,234.0,234.0,234.0,0.0,True,True,True,True,PLACEHOLDER_CANDIDATE
2026-05-27,TAMA,226.0,226.0,226.0,226.0,0.0,True,True,True,True,PLACEHOLDER_CANDIDATE
2026-05-28,TAMA,226.0,226.0,226.0,226.0,0.0,True,True,True,True,PLACEHOLDER_CANDIDATE
2026-05-14,TAMU,27.0,27.0,27.0,27.0,0.0,True,True,True,True,PLACEHOLDER_CANDIDATE
2026-05-15,TAMU,27.0,27.0,27.0,27.0,0.0,True,True,True,True,PLACEHOLDER_CANDIDATE
2026-05-27,TAMU,22.0,22.0,22.0,22.0,0.0,True,True,True,True,PLACEHOLDER_CANDIDATE
2026-05-28,TAMU,22.0,22.0,22.0,22.0,0.0,True,True,True,True,PLACEHOLDER_CANDIDATE
2026-05-14,TAPG,1712.4615478515625,1712.4615478515625,1712.4615478515625,1712.4615478515625,0.0,True,True,True,True,PLACEHOLDER_CANDIDATE
2026-05-15,TAPG,1712.4615478515625,1712.4615478515625,1712.4615478515625,1712.4615478515625,0.0,True,True,True,True,PLACEHOLDER_CANDIDATE
2026-05-27,TAPG,1354.5662841796875,1354.5662841796875,1354.5662841796875,1354.5662841796875,0.0,True,True,True,True,PLACEHOLDER_CANDIDATE
2026-05-28,TAPG,1354.5662841796875,1354.5662841796875,1354.5662841796875,1354.5662841796875,0.0,True,True,True,True,PLACEHOLDER_CANDIDATE
2026-05-14,TARA,32.0,32.0,32.0,32.0,0.0,True,True,True,True,PLACEHOLDER_CANDIDATE
2026-05-15,TARA,32.0,32.0,32.0,32.0,0.0,True,True,True,True,PLACEHOLDER_CANDIDATE
2026-05-27,TARA,32.0,32.0,32.0,32.0,0.0,True,True,True,True,PLACEHOLDER_CANDIDATE
2026-05-28,TARA,32.0,32.0,32.0,32.0,0.0,True,True,True,True,PLACEHOLDER_CANDIDATE
2026-05-14,TAXI,17.0,17.0,17.0,17.0,0.0,True,True,True,True,PLACEHOLDER_CANDIDATE
2026-05-15,TAXI,17.0,17.0,17.0,17.0,0.0,True,True,True,True,PLACEHOLDER_CANDIDATE
2026-05-27,TAXI,16.0,16.0,16.0,16.0,0.0,True,True,True,True,PLACEHOLDER_CANDIDATE
2026-05-28,TAXI,16.0,16.0,16.0,16.0,0.0,True,True,True,True,PLACEHOLDER_CANDIDATE
2026-05-14,TAYS,62.0,62.0,62.0,62.0,0.0,True,True,True,True,PLACEHOLDER_CANDIDATE
2026-05-15,TAYS,62.0,62.0,62.0,62.0,0.0,True,True,True,True,PLACEHOLDER_CANDIDATE
2026-05-27,TAYS,51.0,51.0,51.0,51.0,0.0,True,True,True,True,PLACEHOLDER_CANDIDATE
2026-05-28,TAYS,51.0,51.0,51.0,51.0,0.0,True,True,True,True,PLACEHOLDER_CANDIDATE
2026-08-17,TAYS,50.0,50.0,50.0,50.0,0.0,True,True,True,True,PLACEHOLDER_CANDIDATE
2026-08-25,TAYS,50.0,50.0,50.0,50.0,0.0,True,True,True,True,PLACEHOLDER_CANDIDATE
2014-04-09,TBIG,945.01,945.01,945.01,945.01,0.0,True,True,True,True,PLACEHOLDER_CANDIDATE
2014-07-09,TBIG,1191.35,1191.35,1191.35,1191.35,0.0,True,True,True,True,PLACEHOLDER_CANDIDATE
2015-12-09,TBIG,899.2,899.2,899.2,899.2,0.0,True,True,True,True,PLACEHOLDER_CANDIDATE
2017-01-02,TBIG,771.85,771.85,771.85,771.85,0.0,True,True,True,True,PLACEHOLDER_CANDIDATE
2017-02-15,TBIG,805.95,805.95,805.95,805.95,0.0,True,True,True,True,PLACEHOLDER_CANDIDATE
2017-04-19,TBIG,929.94,929.94,929.94,929.94,0.0,True,True,True,True,PLACEHOLDER_CANDIDATE
2017-06-01,TBIG,918.76,918.76,918.76,918.76,0.0,True,True,True,True,PLACEHOLDER_CANDIDATE
2017-06-23,TBIG,1081.83,1081.83,1081.83,1081.83,0.0,True,True,True,True,PLACEHOLDER_CANDIDATE
2017-06-26,TBIG,1081.83,1081.83,1081.83,1081.83,0.0,True,True,True,True,PLACEHOLDER_CANDIDATE
2017-06-27,TBIG,1081.83,1081.83,1081.83,1081.83,0.0,True,True,True,True,PLACEHOLDER_CANDIDATE
2017-06-28,TBIG,1081.83,1081.83,1081.83,1081.83,0.0,True,True,True,True,PLACEHOLDER_CANDIDATE
2017-06-29,TBIG,1081.83,1081.83,1081.83,1081.83,0.0,True,True,True,True,PLACEHOLDER_CANDIDATE
2017-06-30,TBIG,1081.83,1081.83,1081.83,1081.83,0.0,True,True,True,True,PLACEHOLDER_CANDIDATE
2017-08-17,TBIG,1073.87,1073.87,1073.87,1073.87,0.0,True,True,True,True,PLACEHOLDER_CANDIDATE
2017-09-01,TBIG,1022.17,1022.17,1022.17,1022.17,0.0,True,True,True,True,PLACEHOLDER_CANDIDATE
2017-09-21,TBIG,1046.03,1046.03,1046.03,1046.03,0.0,True,True,True,True,PLACEHOLDER_CANDIDATE
2017-12-25,TBIG,1010.23,1010.23,1010.23,1010.23,0.0,True,True,True,True,PLACEHOLDER_CANDIDATE
2017-12-26,TBIG,1010.23,1010.23,1010.23,1010.23,0.0,True,True,True,True,PLACEHOLDER_CANDIDATE
2018-01-01,TBIG,1022.17,1022.17,1022.17,1022.17,0.0,True,True,True,True,PLACEHOLDER_CANDIDATE
2018-02-16,TBIG,918.76,918.76,918.76,918.76,0.0,True,True,True,True,PLACEHOLDER_CANDIDATE
2018-03-30,TBIG,886.94,886.94,886.94,886.94,0.0,True,True,True,True,PLACEHOLDER_CANDIDATE
2018-05-01,TBIG,882.96,882.96,882.96,882.96,0.0,True,True,True,True,PLACEHOLDER_CANDIDATE
2018-05-10,TBIG,842.75,842.75,842.75,842.75,0.0,True,True,True,True,PLACEHOLDER_CANDIDATE
2018-05-29,TBIG,826.31,826.31,826.31,826.31,0.0,True,True,True,True,PLACEHOLDER_CANDIDATE
2018-06-01,TBIG,834.53,834.53,834.53,834.53,0.0,True,True,True,True,PLACEHOLDER_CANDIDATE
2018-06-11,TBIG,805.75,805.75,805.75,805.75,0.0,True,True,True,True,PLACEHOLDER_CANDIDATE
2018-06-12,TBIG,805.75,805.75,805.75,805.75,0.0,True,True,True,True,PLACEHOLDER_CANDIDATE
2018-06-13,TBIG,805.75,805.75,805.75,805.75,0.0,True,True,True,True,PLACEHOLDER_CANDIDATE
2018-06-14,TBIG,805.75,805.75,805.75,805.75,0.0,True,True,True,True,PLACEHOLDER_CANDIDATE
2018-06-15,TBIG,805.75,805.75,805.75,805.75,0.0,True,True,True,True,PLACEHOLDER_CANDIDATE
2018-06-18,TBIG,805.75,805.75,805.75,805.75,0.0,True,True,True,True,PLACEHOLDER_CANDIDATE
2018-06-19,TBIG,805.75,805.75,805.75,805.75,0.0,True,True,True,True,PLACEHOLDER_CANDIDATE
2018-08-17,TBIG,908.53,908.53,908.53,908.53,0.0,True,True,True,True,PLACEHOLDER_CANDIDATE
2018-08-22,TBIG,933.2,933.2,933.2,933.2,0.0,True,True,True,True,PLACEHOLDER_CANDIDATE
2018-09-11,TBIG,896.2,896.2,896.2,896.2,0.0,True,True,True,True,PLACEHOLDER_CANDIDATE
2018-11-20,TBIG,664.34,664.34,664.34,664.34,0.0,True,True,True,True,PLACEHOLDER_CANDIDATE
2018-12-24,TBIG,583.76,583.76,583.76,583.76,0.0,True,True,True,True,PLACEHOLDER_CANDIDATE
2018-12-25,TBIG,583.76,583.76,583.76,583.76,0.0,True,True,True,True,PLACEHOLDER_CANDIDATE
2018-12-31,TBIG,591.98,591.98,591.98,591.98,0.0,True,True,True,True,PLACEHOLDER_CANDIDATE
2019-01-01,TBIG,591.98,591.98,591.98,591.98,0.0,True,True,True,True,PLACEHOLDER_CANDIDATE
2019-02-05,TBIG,758.07,758.07,758.07,758.07,0.0,True,True,True,True,PLACEHOLDER_CANDIDATE
2019-03-07,TBIG,633.09,633.09,633.09,633.09,0.0,True,True,True,True,PLACEHOLDER_CANDIDATE
2019-04-03,TBIG,639.67,639.67,639.67,639.67,0.0,True,True,True,True,PLACEHOLDER_CANDIDATE
2019-04-17,TBIG,628.16,628.16,628.16,628.16,0.0,True,True,True,True,PLACEHOLDER_CANDIDATE
2019-04-19,TBIG,619.94,619.94,619.94,619.94,0.0,True,True,True,True,PLACEHOLDER_CANDIDATE
2019-05-01,TBIG,649.54,649.54,649.54,649.54,0.0,True,True,True,True,PLACEHOLDER_CANDIDATE
2019-05-30,TBIG,596.92,596.92,596.92,596.92,0.0,True,True,True,True,PLACEHOLDER_CANDIDATE
2019-06-03,TBIG,625.76,625.76,625.76,625.76,0.0,True,True,True,True,PLACEHOLDER_CANDIDATE
2019-06-04,TBIG,625.76,625.76,625.76,625.76,0.0,True,True,True,True,PLACEHOLDER_CANDIDATE
2019-06-05,TBIG,625.76,625.76,625.76,625.76,0.0,True,True,True,True,PLACEHOLDER_CANDIDATE
2019-06-06,TBIG,625.76,625.76,625.76,625.76,0.0,True,True,True,True,PLACEHOLDER_CANDIDATE
2019-06-07,TBIG,625.76,625.76,625.76,625.76,0.0,True,True,True,True,PLACEHOLDER_CANDIDATE
2026-05-14,TBIG,1426.35,1426.35,1426.35,1426.35,0.0,True,True,True,True,PLACEHOLDER_CANDIDATE
2026-05-15,TBIG,1426.35,1426.35,1426.35,1426.35,0.0,True,True,True,True,PLACEHOLDER_CANDIDATE
2026-05-27,TBIG,1421.52,1421.52,1421.52,1421.52,0.0,True,True,True,True,PLACEHOLDER_CANDIDATE
2026-05-28,TBIG,1421.52,1421.52,1421.52,1421.52,0.0,True,True,True,True,PLACEHOLDER_CANDIDATE
2026-05-14,TBLA,638.2352905273438,638.2352905273438,638.2352905273438,638.2352905273438,0.0,True,True,True,True,PLACEHOLDER_CANDIDATE
2026-05-15,TBLA,638.2352905273438,638.2352905273438,638.2352905273438,638.2352905273438,0.0,True,True,True,True,PLACEHOLDER_CANDIDATE
2026-05-27,TBLA,578.9705810546875,578.9705810546875,578.9705810546875,578.9705810546875,0.0,True,True,True,True,PLACEHOLDER_CANDIDATE
2026-05-28,TBLA,578.9705810546875,578.9705810546875,578.9705810546875,578.9705810546875,0.0,True,True,True,True,PLACEHOLDER_CANDIDATE
2026-08-25,TBLA,630.0,630.0,630.0,630.0,0.0,True,True,True,True,PLACEHOLDER_CANDIDATE
2026-05-14,TBMS,1298.2896728515625,1298.2896728515625,1298.2896728515625,1298.2896728515625,0.0,True,True,True,True,PLACEHOLDER_CANDIDATE
2026-05-15,TBMS,1298.2896728515625,1298.2896728515625,1298.2896728515625,1298.2896728515625,0.0,True,True,True,True,PLACEHOLDER_CANDIDATE
2026-05-27,TBMS,1269.0050048828125,1269.0050048828125,1269.0050048828125,1269.0050048828125,0.0,True,True,True,True,PLACEHOLDER_CANDIDATE
2026-05-28,TBMS,1269.0050048828125,1269.0050048828125,1269.0050048828125,1269.0050048828125,0.0,True,True,True,True,PLACEHOLDER_CANDIDATE
2026-08-25,TBMS,1225.0,1225.0,1225.0,1225.0,0.0,True,True,True,True,PLACEHOLDER_CANDIDATE
2026-05-14,TCID,2880.0,2880.0,2880.0,2880.0,0.0,True,True,True,True,PLACEHOLDER_CANDIDATE
2026-05-15,TCID,2880.0,2880.0,2880.0,2880.0,0.0,True,True,True,True,PLACEHOLDER_CANDIDATE
2026-05-27,TCID,2780.0,2780.0,2780.0,2780.0,0.0,True,True,True,True,PLACEHOLDER_CANDIDATE
2026-05-28,TCID,2780.0,2780.0,2780.0,2780.0,0.0,True,True,True,True,PLACEHOLDER_CANDIDATE
2026-08-25,TCID,2700.0,2700.0,2700.0,2700.0,0.0,True,True,True,True,PLACEHOLDER_CANDIDATE
2026-05-14,TCPI,11389.5634765625,11389.5634765625,11389.5634765625,11389.5634765625,0.0,True,True,True,True,PLACEHOLDER_CANDIDATE
2026-05-15,TCPI,11389.5634765625,11389.5634765625,11389.5634765625,11389.5634765625,0.0,True,True,True,True,PLACEHOLDER_CANDIDATE
2026-05-27,TCPI,11014.9072265625,11014.9072265625,11014.9072265625,11014.9072265625,0.0,True,True,True,True,PLACEHOLDER_CANDIDATE
2026-05-28,TCPI,11014.9072265625,11014.9072265625,11014.9072265625,11014.9072265625,0.0,True,True,True,True,PLACEHOLDER_CANDIDATE
2026-05-14,TEBE,1180.0,1180.0,1180.0,1180.0,0.0,True,True,True,True,PLACEHOLDER_CANDIDATE
2026-05-15,TEBE,1180.0,1180.0,1180.0,1180.0,0.0,True,True,True,True,PLACEHOLDER_CANDIDATE
2026-05-27,TEBE,1010.0,1010.0,1010.0,1010.0,0.0,True,True,True,True,PLACEHOLDER_CANDIDATE
2026-05-28,TEBE,1010.0,1010.0,1010.0,1010.0,0.0,True,True,True,True,PLACEHOLDER_CANDIDATE
2026-05-01,TELE,9.0,9.0,9.0,9.0,0.0,True,True,True,True,PLACEHOLDER_CANDIDATE
2026-05-14,TELE,9.0,9.0,9.0,9.0,0.0,True,True,True,True,PLACEHOLDER_CANDIDATE
2026-05-15,TELE,9.0,9.0,9.0,9.0,0.0,True,True,True,True,PLACEHOLDER_CANDIDATE
2026-05-27,TELE,9.0,9.0,9.0,9.0,0.0,True,True,True,True,PLACEHOLDER_CANDIDATE
2026-05-28,TELE,9.0,9.0,9.0,9.0,0.0,True,True,True,True,PLACEHOLDER_CANDIDATE
2026-06-01,TELE,9.0,9.0,9.0,9.0,0.0,True,True,True,True,PLACEHOLDER_CANDIDATE
2026-06-16,TELE,9.0,9.0,9.0,9.0,0.0,True,True,True,True,PLACEHOLDER_CANDIDATE
2026-08-17,TELE,9.0,9.0,9.0,9.0,0.0,True,True,True,True,PLACEHOLDER_CANDIDATE
2026-08-25,TELE,9.0,9.0,9.0,9.0,0.0,True,True,True,True,PLACEHOLDER_CANDIDATE
2026-05-14,TFAS,216.0,216.0,216.0,216.0,0.0,True,True,True,True,PLACEHOLDER_CANDIDATE
2026-05-15,TFAS,216.0,216.0,216.0,216.0,0.0,True,True,True,True,PLACEHOLDER_CANDIDATE
2026-05-27,TFAS,214.0,214.0,214.0,214.0,0.0,True,True,True,True,PLACEHOLDER_CANDIDATE
2026-05-28,TFAS,214.0,214.0,214.0,214.0,0.0,True,True,True,True,PLACEHOLDER_CANDIDATE
2026-05-01,TFCO,725.0,725.0,725.0,725.0,0.0,True,True,True,True,PLACEHOLDER_CANDIDATE
2026-05-14,TFCO,665.0,665.0,665.0,665.0,0.0,True,True,True,True,PLACEHOLDER_CANDIDATE
2026-05-15,TFCO,665.0,665.0,665.0,665.0,0.0,True,True,True,True,PLACEHOLDER_CANDIDATE
2026-05-27,TFCO,650.0,650.0,650.0,650.0,0.0,True,True,True,True,PLACEHOLDER_CANDIDATE
2026-05-28,TFCO,650.0,650.0,650.0,650.0,0.0,True,True,True,True,PLACEHOLDER_CANDIDATE
2026-05-14,TGKA,4498.10986328125,4498.10986328125,4498.10986328125,4498.10986328125,0.0,True,True,True,True,PLACEHOLDER_CANDIDATE
2026-05-15,TGKA,4498.10986328125,4498.10986328125,4498.10986328125,4498.10986328125,0.0,True,True,True,True,PLACEHOLDER_CANDIDATE
2026-05-27,TGKA,4720.0,4720.0,4720.0,4720.0,0.0,True,True,True,True,PLACEHOLDER_CANDIDATE
2026-05-28,TGKA,4720.0,4720.0,4720.0,4720.0,0.0,True,True,True,True,PLACEHOLDER_CANDIDATE
2026-08-25,TGKA,5150.0,5150.0,5150.0,5150.0,0.0,True,True,True,True,PLACEHOLDER_CANDIDATE
2026-05-01,TGRA,27.0,27.0,27.0,27.0,0.0,True,True,True,True,PLACEHOLDER_CANDIDATE
2026-05-14,TGRA,27.0,27.0,27.0,27.0,0.0,True,True,True,True,PLACEHOLDER_CANDIDATE
2026-05-15,TGRA,27.0,27.0,27.0,27.0,0.0,True,True,True,True,PLACEHOLDER_CANDIDATE
2026-05-27,TGRA,27.0,27.0,27.0,27.0,0.0,True,True,True,True,PLACEHOLDER_CANDIDATE
2026-05-28,TGRA,27.0,27.0,27.0,27.0,0.0,True,True,True,True,PLACEHOLDER_CANDIDATE
2026-06-01,TGRA,27.0,27.0,27.0,27.0,0.0,True,True,True,True,PLACEHOLDER_CANDIDATE
2026-06-16,TGRA,27.0,27.0,27.0,27.0,0.0,True,True,True,True,PLACEHOLDER_CANDIDATE
2026-08-17,TGRA,27.0,27.0,27.0,27.0,0.0,True,True,True,True,PLACEHOLDER_CANDIDATE
2026-08-25,TGRA,27.0,27.0,27.0,27.0,0.0,True,True,True,True,PLACEHOLDER_CANDIDATE
2026-05-01,TGUK,137.0,137.0,137.0,137.0,0.0,True,True,True,True,PLACEHOLDER_CANDIDATE
2026-05-14,TGUK,137.0,137.0,137.0,137.0,0.0,True,True,True,True,PLACEHOLDER_CANDIDATE
2026-05-15,TGUK,137.0,137.0,137.0,137.0,0.0,True,True,True,True,PLACEHOLDER_CANDIDATE
2026-05-27,TGUK,137.0,137.0,137.0,137.0,0.0,True,True,True,True,PLACEHOLDER_CANDIDATE
2026-05-28,TGUK,137.0,137.0,137.0,137.0,0.0,True,True,True,True,PLACEHOLDER_CANDIDATE
2026-06-01,TGUK,137.0,137.0,137.0,137.0,0.0,True,True,True,True,PLACEHOLDER_CANDIDATE
2026-06-16,TGUK,137.0,137.0,137.0,137.0,0.0,True,True,True,True,PLACEHOLDER_CANDIDATE
2014-04-09,TIFA,62.73,62.73,62.73,62.73,0.0,True,True,True,True,PLACEHOLDER_CANDIDATE
2014-07-09,TIFA,59.54,59.54,59.54,59.54,0.0,True,True,True,True,PLACEHOLDER_CANDIDATE
2015-12-09,TIFA,47.99,47.99,47.99,47.99,0.0,True,True,True,True,PLACEHOLDER_CANDIDATE
2017-01-02,TIFA,50.53,50.53,50.53,50.53,0.0,True,True,True,True,PLACEHOLDER_CANDIDATE
2017-02-15,TIFA,51.21,51.21,51.21,51.21,0.0,True,True,True,True,PLACEHOLDER_CANDIDATE
2017-04-19,TIFA,47.5,47.5,47.5,47.5,0.0,True,True,True,True,PLACEHOLDER_CANDIDATE
2017-06-01,TIFA,63.33,63.33,63.33,63.33,0.0,True,True,True,True,PLACEHOLDER_CANDIDATE
2017-06-23,TIFA,61.73,61.73,61.73,61.73,0.0,True,True,True,True,PLACEHOLDER_CANDIDATE
2017-06-26,TIFA,61.73,61.73,61.73,61.73,0.0,True,True,True,True,PLACEHOLDER_CANDIDATE
2017-06-27,TIFA,61.73,61.73,61.73,61.73,0.0,True,True,True,True,PLACEHOLDER_CANDIDATE
2017-06-28,TIFA,61.73,61.73,61.73,61.73,0.0,True,True,True,True,PLACEHOLDER_CANDIDATE
2017-06-29,TIFA,61.73,61.73,61.73,61.73,0.0,True,True,True,True,PLACEHOLDER_CANDIDATE
2017-06-30,TIFA,61.73,61.73,61.73,61.73,0.0,True,True,True,True,PLACEHOLDER_CANDIDATE
2017-08-17,TIFA,54.41,54.41,54.41,54.41,0.0,True,True,True,True,PLACEHOLDER_CANDIDATE
2017-09-01,TIFA,62.43,62.43,62.43,62.43,0.0,True,True,True,True,PLACEHOLDER_CANDIDATE
2017-09-21,TIFA,61.73,61.73,61.73,61.73,0.0,True,True,True,True,PLACEHOLDER_CANDIDATE
2017-12-25,TIFA,66.96,66.96,66.96,66.96,0.0,True,True,True,True,PLACEHOLDER_CANDIDATE
2017-12-26,TIFA,66.96,66.96,66.96,66.96,0.0,True,True,True,True,PLACEHOLDER_CANDIDATE
2018-01-01,TIFA,66.96,66.96,66.96,66.96,0.0,True,True,True,True,PLACEHOLDER_CANDIDATE
2018-02-16,TIFA,66.62,66.62,66.62,66.62,0.0,True,True,True,True,PLACEHOLDER_CANDIDATE
2018-03-30,TIFA,65.57,65.57,65.57,65.57,0.0,True,True,True,True,PLACEHOLDER_CANDIDATE
2018-05-01,TIFA,67.31,67.31,67.31,67.31,0.0,True,True,True,True,PLACEHOLDER_CANDIDATE
2018-05-10,TIFA,65.22,65.22,65.22,65.22,0.0,True,True,True,True,PLACEHOLDER_CANDIDATE
2018-05-29,TIFA,64.52,64.52,64.52,64.52,0.0,True,True,True,True,PLACEHOLDER_CANDIDATE
2018-06-01,TIFA,63.13,63.13,63.13,63.13,0.0,True,True,True,True,PLACEHOLDER_CANDIDATE
2018-06-11,TIFA,63.48,63.48,63.48,63.48,0.0,True,True,True,True,PLACEHOLDER_CANDIDATE
2018-06-12,TIFA,63.48,63.48,63.48,63.48,0.0,True,True,True,True,PLACEHOLDER_CANDIDATE
2018-06-13,TIFA,63.48,63.48,63.48,63.48,0.0,True,True,True,True,PLACEHOLDER_CANDIDATE
2018-06-14,TIFA,63.48,63.48,63.48,63.48,0.0,True,True,True,True,PLACEHOLDER_CANDIDATE
2018-06-15,TIFA,63.48,63.48,63.48,63.48,0.0,True,True,True,True,PLACEHOLDER_CANDIDATE
2018-06-18,TIFA,63.48,63.48,63.48,63.48,0.0,True,True,True,True,PLACEHOLDER_CANDIDATE
2018-06-19,TIFA,63.48,63.48,63.48,63.48,0.0,True,True,True,True,PLACEHOLDER_CANDIDATE
2018-08-17,TIFA,64.25,64.25,64.25,64.25,0.0,True,True,True,True,PLACEHOLDER_CANDIDATE
2018-08-22,TIFA,63.89,63.89,63.89,63.89,0.0,True,True,True,True,PLACEHOLDER_CANDIDATE
2018-09-11,TIFA,57.75,57.75,57.75,57.75,0.0,True,True,True,True,PLACEHOLDER_CANDIDATE
2018-11-20,TIFA,57.75,57.75,57.75,57.75,0.0,True,True,True,True,PLACEHOLDER_CANDIDATE
2018-12-24,TIFA,55.58,55.58,55.58,55.58,0.0,True,True,True,True,PLACEHOLDER_CANDIDATE
2018-12-25,TIFA,55.58,55.58,55.58,55.58,0.0,True,True,True,True,PLACEHOLDER_CANDIDATE
2018-12-31,TIFA,57.03,57.03,57.03,57.03,0.0,True,True,True,True,PLACEHOLDER_CANDIDATE
2019-01-01,TIFA,57.03,57.03,57.03,57.03,0.0,True,True,True,True,PLACEHOLDER_CANDIDATE
2019-02-05,TIFA,62.44,62.44,62.44,62.44,0.0,True,True,True,True,PLACEHOLDER_CANDIDATE
2019-03-07,TIFA,67.86,67.86,67.86,67.86,0.0,True,True,True,True,PLACEHOLDER_CANDIDATE
2019-04-03,TIFA,64.25,64.25,64.25,64.25,0.0,True,True,True,True,PLACEHOLDER_CANDIDATE
2019-04-17,TIFA,64.97,64.97,64.97,64.97,0.0,True,True,True,True,PLACEHOLDER_CANDIDATE
2019-04-19,TIFA,64.61,64.61,64.61,64.61,0.0,True,True,True,True,PLACEHOLDER_CANDIDATE
2019-05-01,TIFA,61.0,61.0,61.0,61.0,0.0,True,True,True,True,PLACEHOLDER_CANDIDATE
2019-05-30,TIFA,64.61,64.61,64.61,64.61,0.0,True,True,True,True,PLACEHOLDER_CANDIDATE
2019-06-03,TIFA,64.61,64.61,64.61,64.61,0.0,True,True,True,True,PLACEHOLDER_CANDIDATE
2019-06-04,TIFA,64.61,64.61,64.61,64.61,0.0,True,True,True,True,PLACEHOLDER_CANDIDATE
2019-06-05,TIFA,64.61,64.61,64.61,64.61,0.0,True,True,True,True,PLACEHOLDER_CANDIDATE
2019-06-06,TIFA,64.61,64.61,64.61,64.61,0.0,True,True,True,True,PLACEHOLDER_CANDIDATE
2019-06-07,TIFA,64.61,64.61,64.61,64.61,0.0,True,True,True,True,PLACEHOLDER_CANDIDATE
2026-05-14,TIFA,329.01,329.01,329.01,329.01,0.0,True,True,True,True,PLACEHOLDER_CANDIDATE
2026-05-15,TIFA,329.01,329.01,329.01,329.01,0.0,True,True,True,True,PLACEHOLDER_CANDIDATE
2026-05-27,TIFA,317.19,317.19,317.19,317.19,0.0,True,True,True,True,PLACEHOLDER_CANDIDATE
2026-05-28,TIFA,317.19,317.19,317.19,317.19,0.0,True,True,True,True,PLACEHOLDER_CANDIDATE
2014-04-09,TINS,997.48,997.48,997.48,997.48,0.0,True,True,True,True,PLACEHOLDER_CANDIDATE
2014-07-09,TINS,1108.04,1108.04,1108.04,1108.04,0.0,True,True,True,True,PLACEHOLDER_CANDIDATE
2015-12-09,TINS,406.33,406.33,406.33,406.33,0.0,True,True,True,True,PLACEHOLDER_CANDIDATE
2017-01-02,TINS,869.16,869.16,869.16,869.16,0.0,True,True,True,True,PLACEHOLDER_CANDIDATE
2017-02-15,TINS,857.03,857.03,857.03,857.03,0.0,True,True,True,True,PLACEHOLDER_CANDIDATE
2017-04-19,TINS,772.14,772.14,772.14,772.14,0.0,True,True,True,True,PLACEHOLDER_CANDIDATE
2017-06-01,TINS,735.92,735.92,735.92,735.92,0.0,True,True,True,True,PLACEHOLDER_CANDIDATE
2017-06-23,TINS,596.91,596.91,596.91,596.91,0.0,True,True,True,True,PLACEHOLDER_CANDIDATE
2017-06-26,TINS,596.91,596.91,596.91,596.91,0.0,True,True,True,True,PLACEHOLDER_CANDIDATE
2017-06-27,TINS,596.91,596.91,596.91,596.91,0.0,True,True,True,True,PLACEHOLDER_CANDIDATE
2017-06-28,TINS,596.91,596.91,596.91,596.91,0.0,True,True,True,True,PLACEHOLDER_CANDIDATE
2017-06-29,TINS,596.91,596.91,596.91,596.91,0.0,True,True,True,True,PLACEHOLDER_CANDIDATE
2017-06-30,TINS,596.91,596.91,596.91,596.91,0.0,True,True,True,True,PLACEHOLDER_CANDIDATE
2017-08-17,TINS,654.15,654.15,654.15,654.15,0.0,True,True,True,True,PLACEHOLDER_CANDIDATE
2017-09-01,TINS,780.89,780.89,780.89,780.89,0.0,True,True,True,True,PLACEHOLDER_CANDIDATE
2017-09-21,TINS,727.74,727.74,727.74,727.74,0.0,True,True,True,True,PLACEHOLDER_CANDIDATE
2017-12-25,TINS,645.97,645.97,645.97,645.97,0.0,True,True,True,True,PLACEHOLDER_CANDIDATE
2017-12-26,TINS,645.97,645.97,645.97,645.97,0.0,True,True,True,True,PLACEHOLDER_CANDIDATE
2018-01-01,TINS,633.71,633.71,633.71,633.71,0.0,True,True,True,True,PLACEHOLDER_CANDIDATE
2018-02-16,TINS,895.37,895.37,895.37,895.37,0.0,True,True,True,True,PLACEHOLDER_CANDIDATE
2018-03-30,TINS,793.16,793.16,793.16,793.16,0.0,True,True,True,True,PLACEHOLDER_CANDIDATE
2018-05-01,TINS,856.51,856.51,856.51,856.51,0.0,True,True,True,True,PLACEHOLDER_CANDIDATE
2018-05-10,TINS,785.49,785.49,785.49,785.49,0.0,True,True,True,True,PLACEHOLDER_CANDIDATE
2018-05-29,TINS,806.38,806.38,806.38,806.38,0.0,True,True,True,True,PLACEHOLDER_CANDIDATE
2018-06-01,TINS,785.49,785.49,785.49,785.49,0.0,True,True,True,True,PLACEHOLDER_CANDIDATE
2018-06-11,TINS,823.09,823.09,823.09,823.09,0.0,True,True,True,True,PLACEHOLDER_CANDIDATE
2018-06-12,TINS,823.09,823.09,823.09,823.09,0.0,True,True,True,True,PLACEHOLDER_CANDIDATE
2018-06-13,TINS,823.09,823.09,823.09,823.09,0.0,True,True,True,True,PLACEHOLDER_CANDIDATE
2018-06-14,TINS,823.09,823.09,823.09,823.09,0.0,True,True,True,True,PLACEHOLDER_CANDIDATE
2018-06-15,TINS,823.09,823.09,823.09,823.09,0.0,True,True,True,True,PLACEHOLDER_CANDIDATE
2018-06-18,TINS,823.09,823.09,823.09,823.09,0.0,True,True,True,True,PLACEHOLDER_CANDIDATE
2018-06-19,TINS,823.09,823.09,823.09,823.09,0.0,True,True,True,True,PLACEHOLDER_CANDIDATE
2018-08-17,TINS,643.43,643.43,643.43,643.43,0.0,True,True,True,True,PLACEHOLDER_CANDIDATE
2018-08-22,TINS,660.14,660.14,660.14,660.14,0.0,True,True,True,True,PLACEHOLDER_CANDIDATE
2018-09-11,TINS,597.47,597.47,597.47,597.47,0.0,True,True,True,True,PLACEHOLDER_CANDIDATE
2018-11-20,TINS,568.22,568.22,568.22,568.22,0.0,True,True,True,True,PLACEHOLDER_CANDIDATE
2018-12-24,TINS,626.72,626.72,626.72,626.72,0.0,True,True,True,True,PLACEHOLDER_CANDIDATE
2018-12-25,TINS,626.72,626.72,626.72,626.72,0.0,True,True,True,True,PLACEHOLDER_CANDIDATE
2018-12-31,TINS,630.9,630.9,630.9,630.9,0.0,True,True,True,True,PLACEHOLDER_CANDIDATE
2019-01-01,TINS,630.9,630.9,630.9,630.9,0.0,True,True,True,True,PLACEHOLDER_CANDIDATE
2019-02-05,TINS,1123.91,1123.91,1123.91,1123.91,0.0,True,True,True,True,PLACEHOLDER_CANDIDATE
2019-03-07,TINS,1190.76,1190.76,1190.76,1190.76,0.0,True,True,True,True,PLACEHOLDER_CANDIDATE
2019-04-03,TINS,1161.52,1161.52,1161.52,1161.52,0.0,True,True,True,True,PLACEHOLDER_CANDIDATE
2019-04-17,TINS,1123.91,1123.91,1123.91,1123.91,0.0,True,True,True,True,PLACEHOLDER_CANDIDATE
2019-04-19,TINS,1140.62,1140.62,1140.62,1140.62,0.0,True,True,True,True,PLACEHOLDER_CANDIDATE
2019-05-01,TINS,1144.8,1144.8,1144.8,1144.8,0.0,True,True,True,True,PLACEHOLDER_CANDIDATE
2019-05-30,TINS,954.44,954.44,954.44,954.44,0.0,True,True,True,True,PLACEHOLDER_CANDIDATE
2019-06-03,TINS,954.44,954.44,954.44,954.44,0.0,True,True,True,True,PLACEHOLDER_CANDIDATE
2019-06-04,TINS,954.44,954.44,954.44,954.44,0.0,True,True,True,True,PLACEHOLDER_CANDIDATE
2019-06-05,TINS,954.44,954.44,954.44,954.44,0.0,True,True,True,True,PLACEHOLDER_CANDIDATE
2019-06-06,TINS,954.44,954.44,954.44,954.44,0.0,True,True,True,True,PLACEHOLDER_CANDIDATE
2019-06-07,TINS,954.44,954.44,954.44,954.44,0.0,True,True,True,True,PLACEHOLDER_CANDIDATE
2026-05-14,TINS,3582.76,3582.76,3582.76,3582.76,0.0,True,True,True,True,PLACEHOLDER_CANDIDATE
2026-05-15,TINS,3582.76,3582.76,3582.76,3582.76,0.0,True,True,True,True,PLACEHOLDER_CANDIDATE
2026-05-27,TINS,3143.46,3143.46,3143.46,3143.46,0.0,True,True,True,True,PLACEHOLDER_CANDIDATE
2026-05-28,TINS,3143.46,3143.46,3143.46,3143.46,0.0,True,True,True,True,PLACEHOLDER_CANDIDATE
2026-08-25,TINS,4130.0,4130.0,4130.0,4130.0,0.0,True,True,True,True,PLACEHOLDER_CANDIDATE
2026-05-14,TIRA,640.0,640.0,640.0,640.0,0.0,True,True,True,True,PLACEHOLDER_CANDIDATE
2026-05-15,TIRA,640.0,640.0,640.0,640.0,0.0,True,True,True,True,PLACEHOLDER_CANDIDATE
2026-05-27,TIRA,600.0,600.0,600.0,600.0,0.0,True,True,True,True,PLACEHOLDER_CANDIDATE
2026-05-28,TIRA,600.0,600.0,600.0,600.0,0.0,True,True,True,True,PLACEHOLDER_CANDIDATE
2026-08-25,TIRA,420.0,420.0,420.0,420.0,0.0,True,True,True,True,PLACEHOLDER_CANDIDATE
2026-05-14,TIRT,420.0,420.0,420.0,420.0,0.0,True,True,True,True,PLACEHOLDER_CANDIDATE
2026-05-15,TIRT,420.0,420.0,420.0,420.0,0.0,True,True,True,True,PLACEHOLDER_CANDIDATE
2026-05-27,TIRT,420.0,420.0,420.0,420.0,0.0,True,True,True,True,PLACEHOLDER_CANDIDATE
2026-05-28,TIRT,420.0,420.0,420.0,420.0,0.0,True,True,True,True,PLACEHOLDER_CANDIDATE
2026-08-17,TIRT,590.0,590.0,590.0,590.0,0.0,True,True,True,True,PLACEHOLDER_CANDIDATE
2026-08-25,TIRT,590.0,590.0,590.0,590.0,0.0,True,True,True,True,PLACEHOLDER_CANDIDATE
2014-04-09,TKIM,1158.33,1158.33,1158.33,1158.33,0.0,True,True,True,True,PLACEHOLDER_CANDIDATE
2014-07-09,TKIM,1215.78,1215.78,1215.78,1215.78,0.0,True,True,True,True,PLACEHOLDER_CANDIDATE
2015-12-09,TKIM,498.81,498.81,498.81,498.81,0.0,True,True,True,True,PLACEHOLDER_CANDIDATE
2017-01-02,TKIM,705.99,705.99,705.99,705.99,0.0,True,True,True,True,PLACEHOLDER_CANDIDATE
2017-02-15,TKIM,909.09,909.09,909.09,909.09,0.0,True,True,True,True,PLACEHOLDER_CANDIDATE
2017-04-19,TKIM,1121.85,1121.85,1121.85,1121.85,0.0,True,True,True,True,PLACEHOLDER_CANDIDATE
2017-06-01,TKIM,1305.61,1305.61,1305.61,1305.61,0.0,True,True,True,True,PLACEHOLDER_CANDIDATE
2017-06-23,TKIM,1165.56,1165.56,1165.56,1165.56,0.0,True,True,True,True,PLACEHOLDER_CANDIDATE
2017-06-26,TKIM,1165.56,1165.56,1165.56,1165.56,0.0,True,True,True,True,PLACEHOLDER_CANDIDATE
2017-06-27,TKIM,1165.56,1165.56,1165.56,1165.56,0.0,True,True,True,True,PLACEHOLDER_CANDIDATE
2017-06-28,TKIM,1165.56,1165.56,1165.56,1165.56,0.0,True,True,True,True,PLACEHOLDER_CANDIDATE
2017-06-29,TKIM,1165.56,1165.56,1165.56,1165.56,0.0,True,True,True,True,PLACEHOLDER_CANDIDATE
2017-06-30,TKIM,1165.56,1165.56,1165.56,1165.56,0.0,True,True,True,True,PLACEHOLDER_CANDIDATE
2017-08-17,TKIM,1296.69,1296.69,1296.69,1296.69,0.0,True,True,True,True,PLACEHOLDER_CANDIDATE
2017-09-01,TKIM,1544.37,1544.37,1544.37,1544.37,0.0,True,True,True,True,PLACEHOLDER_CANDIDATE
2017-09-21,TKIM,2175.72,2175.72,2175.72,2175.72,0.0,True,True,True,True,PLACEHOLDER_CANDIDATE
2017-12-25,TKIM,2962.47,2962.47,2962.47,2962.47,0.0,True,True,True,True,PLACEHOLDER_CANDIDATE
2017-12-26,TKIM,2962.47,2962.47,2962.47,2962.47,0.0,True,True,True,True,PLACEHOLDER_CANDIDATE
2018-01-01,TKIM,2836.2,2836.2,2836.2,2836.2,0.0,True,True,True,True,PLACEHOLDER_CANDIDATE
2018-02-16,TKIM,4215.45,4215.45,4215.45,4215.45,0.0,True,True,True,True,PLACEHOLDER_CANDIDATE
2018-03-30,TKIM,6701.99,6701.99,6701.99,6701.99,0.0,True,True,True,True,PLACEHOLDER_CANDIDATE
2018-05-01,TKIM,10004.42,10004.42,10004.42,10004.42,0.0,True,True,True,True,PLACEHOLDER_CANDIDATE
2018-05-10,TKIM,9810.16,9810.16,9810.16,9810.16,0.0,True,True,True,True,PLACEHOLDER_CANDIDATE
2018-05-29,TKIM,12918.33,12918.33,12918.33,12918.33,0.0,True,True,True,True,PLACEHOLDER_CANDIDATE
2018-06-01,TKIM,12821.2,12821.2,12821.2,12821.2,0.0,True,True,True,True,PLACEHOLDER_CANDIDATE
2018-06-11,TKIM,16342.17,16342.17,16342.17,16342.17,0.0,True,True,True,True,PLACEHOLDER_CANDIDATE
2018-06-12,TKIM,16342.17,16342.17,16342.17,16342.17,0.0,True,True,True,True,PLACEHOLDER_CANDIDATE
2018-06-13,TKIM,16342.17,16342.17,16342.17,16342.17,0.0,True,True,True,True,PLACEHOLDER_CANDIDATE
2018-06-14,TKIM,16342.17,16342.17,16342.17,16342.17,0.0,True,True,True,True,PLACEHOLDER_CANDIDATE
2018-06-15,TKIM,16342.17,16342.17,16342.17,16342.17,0.0,True,True,True,True,PLACEHOLDER_CANDIDATE
2018-06-18,TKIM,16342.17,16342.17,16342.17,16342.17,0.0,True,True,True,True,PLACEHOLDER_CANDIDATE
2018-06-19,TKIM,16342.17,16342.17,16342.17,16342.17,0.0,True,True,True,True,PLACEHOLDER_CANDIDATE
2018-08-17,TKIM,13044.29,13044.29,13044.29,13044.29,0.0,True,True,True,True,PLACEHOLDER_CANDIDATE
2018-08-22,TKIM,14747.83,14747.83,14747.83,14747.83,0.0,True,True,True,True,PLACEHOLDER_CANDIDATE
2018-09-11,TKIM,12727.91,12727.91,12727.91,12727.91,0.0,True,True,True,True,PLACEHOLDER_CANDIDATE
2018-11-20,TKIM,12070.83,12070.83,12070.83,12070.83,0.0,True,True,True,True,PLACEHOLDER_CANDIDATE
2018-12-24,TKIM,10683.66,10683.66,10683.66,10683.66,0.0,True,True,True,True,PLACEHOLDER_CANDIDATE
2018-12-25,TKIM,10683.66,10683.66,10683.66,10683.66,0.0,True,True,True,True,PLACEHOLDER_CANDIDATE
2018-12-31,TKIM,10805.34,10805.34,10805.34,10805.34,0.0,True,True,True,True,PLACEHOLDER_CANDIDATE
2019-01-01,TKIM,10805.34,10805.34,10805.34,10805.34,0.0,True,True,True,True,PLACEHOLDER_CANDIDATE
2019-02-05,TKIM,12703.58,12703.58,12703.58,12703.58,0.0,True,True,True,True,PLACEHOLDER_CANDIDATE
2019-03-07,TKIM,10708.0,10708.0,10708.0,10708.0,0.0,True,True,True,True,PLACEHOLDER_CANDIDATE
2019-04-03,TKIM,10415.96,10415.96,10415.96,10415.96,0.0,True,True,True,True,PLACEHOLDER_CANDIDATE
2019-04-17,TKIM,10196.93,10196.93,10196.93,10196.93,0.0,True,True,True,True,PLACEHOLDER_CANDIDATE
2019-04-19,TKIM,9807.55,9807.55,9807.55,9807.55,0.0,True,True,True,True,PLACEHOLDER_CANDIDATE
2019-05-01,TKIM,9807.55,9807.55,9807.55,9807.55,0.0,True,True,True,True,PLACEHOLDER_CANDIDATE
2019-05-30,TKIM,8761.09,8761.09,8761.09,8761.09,0.0,True,True,True,True,PLACEHOLDER_CANDIDATE
2019-06-03,TKIM,9929.23,9929.23,9929.23,9929.23,0.0,True,True,True,True,PLACEHOLDER_CANDIDATE
2019-06-04,TKIM,9929.23,9929.23,9929.23,9929.23,0.0,True,True,True,True,PLACEHOLDER_CANDIDATE
2019-06-05,TKIM,9929.23,9929.23,9929.23,9929.23,0.0,True,True,True,True,PLACEHOLDER_CANDIDATE
2019-06-06,TKIM,9929.23,9929.23,9929.23,9929.23,0.0,True,True,True,True,PLACEHOLDER_CANDIDATE
2019-06-07,TKIM,9929.23,9929.23,9929.23,9929.23,0.0,True,True,True,True,PLACEHOLDER_CANDIDATE
2026-05-14,TKIM,8000.0,8000.0,8000.0,8000.0,0.0,True,True,True,True,PLACEHOLDER_CANDIDATE
2026-05-15,TKIM,8000.0,8000.0,8000.0,8000.0,0.0,True,True,True,True,PLACEHOLDER_CANDIDATE
2026-05-27,TKIM,5600.0,5600.0,5600.0,5600.0,0.0,True,True,True,True,PLACEHOLDER_CANDIDATE
2026-05-28,TKIM,5600.0,5600.0,5600.0,5600.0,0.0,True,True,True,True,PLACEHOLDER_CANDIDATE
2026-08-25,TKIM,8075.0,8075.0,8075.0,8075.0,0.0,True,True,True,True,PLACEHOLDER_CANDIDATE
2026-05-14,TLDN,600.0,600.0,600.0,600.0,0.0,True,True,True,True,PLACEHOLDER_CANDIDATE
2026-05-15,TLDN,600.0,600.0,600.0,600.0,0.0,True,True,True,True,PLACEHOLDER_CANDIDATE
2026-05-27,TLDN,535.0,535.0,535.0,535.0,0.0,True,True,True,True,PLACEHOLDER_CANDIDATE
2026-05-28,TLDN,535.0,535.0,535.0,535.0,0.0,True,True,True,True,PLACEHOLDER_CANDIDATE
2014-04-09,TLKM,1264.22,1264.22,1264.22,1264.22,0.0,True,True,True,True,PLACEHOLDER_CANDIDATE
2014-07-09,TLKM,1484.08,1484.08,1484.08,1484.08,0.0,True,True,True,True,PLACEHOLDER_CANDIDATE
2015-12-09,TLKM,1765.46,1765.46,1765.46,1765.46,0.0,True,True,True,True,PLACEHOLDER_CANDIDATE
2017-01-02,TLKM,2406.24,2406.24,2406.24,2406.24,0.0,True,True,True,True,PLACEHOLDER_CANDIDATE
2017-02-15,TLKM,2333.69,2333.69,2333.69,2333.69,0.0,True,True,True,True,PLACEHOLDER_CANDIDATE
2017-04-19,TLKM,2460.66,2460.66,2460.66,2460.66,0.0,True,True,True,True,PLACEHOLDER_CANDIDATE
2017-06-01,TLKM,2701.85,2701.85,2701.85,2701.85,0.0,True,True,True,True,PLACEHOLDER_CANDIDATE
2017-06-23,TLKM,2807.43,2807.43,2807.43,2807.43,0.0,True,True,True,True,PLACEHOLDER_CANDIDATE
2017-06-26,TLKM,2807.43,2807.43,2807.43,2807.43,0.0,True,True,True,True,PLACEHOLDER_CANDIDATE
2017-06-27,TLKM,2807.43,2807.43,2807.43,2807.43,0.0,True,True,True,True,PLACEHOLDER_CANDIDATE
2017-06-28,TLKM,2807.43,2807.43,2807.43,2807.43,0.0,True,True,True,True,PLACEHOLDER_CANDIDATE
2017-06-29,TLKM,2807.43,2807.43,2807.43,2807.43,0.0,True,True,True,True,PLACEHOLDER_CANDIDATE
2017-06-30,TLKM,2807.43,2807.43,2807.43,2807.43,0.0,True,True,True,True,PLACEHOLDER_CANDIDATE
2017-08-17,TLKM,2962.71,2962.71,2962.71,2962.71,0.0,True,True,True,True,PLACEHOLDER_CANDIDATE
2017-09-01,TLKM,2913.02,2913.02,2913.02,2913.02,0.0,True,True,True,True,PLACEHOLDER_CANDIDATE
2017-09-21,TLKM,2913.02,2913.02,2913.02,2913.02,0.0,True,True,True,True,PLACEHOLDER_CANDIDATE
2017-12-25,TLKM,2670.79,2670.79,2670.79,2670.79,0.0,True,True,True,True,PLACEHOLDER_CANDIDATE
2017-12-26,TLKM,2670.79,2670.79,2670.79,2670.79,0.0,True,True,True,True,PLACEHOLDER_CANDIDATE
2018-01-01,TLKM,2757.75,2757.75,2757.75,2757.75,0.0,True,True,True,True,PLACEHOLDER_CANDIDATE
2018-02-16,TLKM,2490.67,2490.67,2490.67,2490.67,0.0,True,True,True,True,PLACEHOLDER_CANDIDATE
2018-03-30,TLKM,2236.01,2236.01,2236.01,2236.01,0.0,True,True,True,True,PLACEHOLDER_CANDIDATE
2018-05-01,TLKM,2378.87,2378.87,2378.87,2378.87,0.0,True,True,True,True,PLACEHOLDER_CANDIDATE
2018-05-10,TLKM,2404.2,2404.2,2404.2,2404.2,0.0,True,True,True,True,PLACEHOLDER_CANDIDATE
2018-05-29,TLKM,2397.7,2397.7,2397.7,2397.7,0.0,True,True,True,True,PLACEHOLDER_CANDIDATE
2018-06-01,TLKM,2287.24,2287.24,2287.24,2287.24,0.0,True,True,True,True,PLACEHOLDER_CANDIDATE
2018-06-11,TLKM,2345.72,2345.72,2345.72,2345.72,0.0,True,True,True,True,PLACEHOLDER_CANDIDATE
2018-06-12,TLKM,2345.72,2345.72,2345.72,2345.72,0.0,True,True,True,True,PLACEHOLDER_CANDIDATE
2018-06-13,TLKM,2345.72,2345.72,2345.72,2345.72,0.0,True,True,True,True,PLACEHOLDER_CANDIDATE
2018-06-14,TLKM,2345.72,2345.72,2345.72,2345.72,0.0,True,True,True,True,PLACEHOLDER_CANDIDATE
2018-06-15,TLKM,2345.72,2345.72,2345.72,2345.72,0.0,True,True,True,True,PLACEHOLDER_CANDIDATE
2018-06-18,TLKM,2345.72,2345.72,2345.72,2345.72,0.0,True,True,True,True,PLACEHOLDER_CANDIDATE
2018-06-19,TLKM,2345.72,2345.72,2345.72,2345.72,0.0,True,True,True,True,PLACEHOLDER_CANDIDATE
2018-08-17,TLKM,2176.77,2176.77,2176.77,2176.77,0.0,True,True,True,True,PLACEHOLDER_CANDIDATE
2018-08-22,TLKM,2176.77,2176.77,2176.77,2176.77,0.0,True,True,True,True,PLACEHOLDER_CANDIDATE
2018-09-11,TLKM,2196.27,2196.27,2196.27,2196.27,0.0,True,True,True,True,PLACEHOLDER_CANDIDATE
2018-11-20,TLKM,2566.64,2566.64,2566.64,2566.64,0.0,True,True,True,True,PLACEHOLDER_CANDIDATE
2018-12-24,TLKM,2443.18,2443.18,2443.18,2443.18,0.0,True,True,True,True,PLACEHOLDER_CANDIDATE
2018-12-25,TLKM,2443.18,2443.18,2443.18,2443.18,0.0,True,True,True,True,PLACEHOLDER_CANDIDATE
2018-12-31,TLKM,2436.69,2436.69,2436.69,2436.69,0.0,True,True,True,True,PLACEHOLDER_CANDIDATE
2019-01-01,TLKM,2436.69,2436.69,2436.69,2436.69,0.0,True,True,True,True,PLACEHOLDER_CANDIDATE
2019-02-05,TLKM,2456.18,2456.18,2456.18,2456.18,0.0,True,True,True,True,PLACEHOLDER_CANDIDATE
2019-03-07,TLKM,2482.17,2482.17,2482.17,2482.17,0.0,True,True,True,True,PLACEHOLDER_CANDIDATE
2019-04-03,TLKM,2553.65,2553.65,2553.65,2553.65,0.0,True,True,True,True,PLACEHOLDER_CANDIDATE
2019-04-17,TLKM,2514.66,2514.66,2514.66,2514.66,0.0,True,True,True,True,PLACEHOLDER_CANDIDATE
2019-04-19,TLKM,2508.16,2508.16,2508.16,2508.16,0.0,True,True,True,True,PLACEHOLDER_CANDIDATE
2019-05-01,TLKM,2462.68,2462.68,2462.68,2462.68,0.0,True,True,True,True,PLACEHOLDER_CANDIDATE
2019-05-30,TLKM,2456.18,2456.18,2456.18,2456.18,0.0,True,True,True,True,PLACEHOLDER_CANDIDATE
2019-06-03,TLKM,2534.15,2534.15,2534.15,2534.15,0.0,True,True,True,True,PLACEHOLDER_CANDIDATE
2019-06-04,TLKM,2534.15,2534.15,2534.15,2534.15,0.0,True,True,True,True,PLACEHOLDER_CANDIDATE
2019-06-05,TLKM,2534.15,2534.15,2534.15,2534.15,0.0,True,True,True,True,PLACEHOLDER_CANDIDATE
2019-06-06,TLKM,2534.15,2534.15,2534.15,2534.15,0.0,True,True,True,True,PLACEHOLDER_CANDIDATE
2019-06-07,TLKM,2534.15,2534.15,2534.15,2534.15,0.0,True,True,True,True,PLACEHOLDER_CANDIDATE
2026-05-14,TLKM,2736.83,2736.83,2736.83,2736.83,0.0,True,True,True,True,PLACEHOLDER_CANDIDATE
2026-05-15,TLKM,2736.83,2736.83,2736.83,2736.83,0.0,True,True,True,True,PLACEHOLDER_CANDIDATE
2026-05-27,TLKM,2857.03,2857.03,2857.03,2857.03,0.0,True,True,True,True,PLACEHOLDER_CANDIDATE
2026-05-28,TLKM,2857.03,2857.03,2857.03,2857.03,0.0,True,True,True,True,PLACEHOLDER_CANDIDATE
2026-08-25,TLKM,2620.0,2620.0,2620.0,2620.0,0.0,True,True,True,True,PLACEHOLDER_CANDIDATE
2026-05-14,TMAS,119.8319320678711,119.8319320678711,119.8319320678711,119.8319320678711,0.0,True,True,True,True,PLACEHOLDER_CANDIDATE
2026-05-15,TMAS,119.8319320678711,119.8319320678711,119.8319320678711,119.8319320678711,0.0,True,True,True,True,PLACEHOLDER_CANDIDATE
2026-05-27,TMAS,114.03361511230467,114.03361511230467,114.03361511230467,114.03361511230467,0.0,True,True,True,True,PLACEHOLDER_CANDIDATE
2026-05-28,TMAS,114.03361511230467,114.03361511230467,114.03361511230467,114.03361511230467,0.0,True,True,True,True,PLACEHOLDER_CANDIDATE
2026-05-14,TMPO,123.0,123.0,123.0,123.0,0.0,True,True,True,True,PLACEHOLDER_CANDIDATE
2026-05-15,TMPO,123.0,123.0,123.0,123.0,0.0,True,True,True,True,PLACEHOLDER_CANDIDATE
2026-05-27,TMPO,106.0,106.0,106.0,106.0,0.0,True,True,True,True,PLACEHOLDER_CANDIDATE
2026-05-28,TMPO,106.0,106.0,106.0,106.0,0.0,True,True,True,True,PLACEHOLDER_CANDIDATE
2026-08-25,TMPO,187.0,187.0,187.0,187.0,0.0,True,True,True,True,PLACEHOLDER_CANDIDATE
2026-05-14,TNCA,191.0,191.0,191.0,191.0,0.0,True,True,True,True,PLACEHOLDER_CANDIDATE
2026-05-15,TNCA,191.0,191.0,191.0,191.0,0.0,True,True,True,True,PLACEHOLDER_CANDIDATE
2026-05-27,TNCA,161.0,161.0,161.0,161.0,0.0,True,True,True,True,PLACEHOLDER_CANDIDATE
2026-05-28,TNCA,161.0,161.0,161.0,161.0,0.0,True,True,True,True,PLACEHOLDER_CANDIDATE
2026-05-14,TOBA,555.0,555.0,555.0,555.0,0.0,True,True,True,True,PLACEHOLDER_CANDIDATE
2026-05-15,TOBA,555.0,555.0,555.0,555.0,0.0,True,True,True,True,PLACEHOLDER_CANDIDATE
2026-05-27,TOBA,430.0,430.0,430.0,430.0,0.0,True,True,True,True,PLACEHOLDER_CANDIDATE
2026-05-28,TOBA,430.0,430.0,430.0,430.0,0.0,True,True,True,True,PLACEHOLDER_CANDIDATE
2026-05-14,TOOL,76.0,76.0,76.0,76.0,0.0,True,True,True,True,PLACEHOLDER_CANDIDATE
2026-05-15,TOOL,76.0,76.0,76.0,76.0,0.0,True,True,True,True,PLACEHOLDER_CANDIDATE
2026-05-27,TOOL,72.0,72.0,72.0,72.0,0.0,True,True,True,True,PLACEHOLDER_CANDIDATE
2026-05-28,TOOL,72.0,72.0,72.0,72.0,0.0,True,True,True,True,PLACEHOLDER_CANDIDATE
2026-05-01,TOPS,1.0,1.0,1.0,1.0,0.0,True,True,True,True,PLACEHOLDER_CANDIDATE
2026-05-14,TOPS,1.0,1.0,1.0,1.0,0.0,True,True,True,True,PLACEHOLDER_CANDIDATE
2026-05-15,TOPS,1.0,1.0,1.0,1.0,0.0,True,True,True,True,PLACEHOLDER_CANDIDATE
2026-05-27,TOPS,1.0,1.0,1.0,1.0,0.0,True,True,True,True,PLACEHOLDER_CANDIDATE
2026-05-28,TOPS,1.0,1.0,1.0,1.0,0.0,True,True,True,True,PLACEHOLDER_CANDIDATE
2026-06-01,TOPS,1.0,1.0,1.0,1.0,0.0,True,True,True,True,PLACEHOLDER_CANDIDATE
2026-06-16,TOPS,1.0,1.0,1.0,1.0,0.0,True,True,True,True,PLACEHOLDER_CANDIDATE
2026-08-17,TOPS,1.0,1.0,1.0,1.0,0.0,True,True,True,True,PLACEHOLDER_CANDIDATE
2026-08-25,TOPS,1.0,1.0,1.0,1.0,0.0,True,True,True,True,PLACEHOLDER_CANDIDATE
2014-04-09,TOTL,324.88,324.88,324.88,324.88,0.0,True,True,True,True,PLACEHOLDER_CANDIDATE
2014-07-09,TOTL,295.31,295.31,295.31,295.31,0.0,True,True,True,True,PLACEHOLDER_CANDIDATE
2015-12-09,TOTL,241.99,241.99,241.99,241.99,0.0,True,True,True,True,PLACEHOLDER_CANDIDATE
2017-01-02,TOTL,311.01,311.01,311.01,311.01,0.0,True,True,True,True,PLACEHOLDER_CANDIDATE
2017-02-15,TOTL,337.44,337.44,337.44,337.44,0.0,True,True,True,True,PLACEHOLDER_CANDIDATE
2017-04-19,TOTL,329.3,329.3,329.3,329.3,0.0,True,True,True,True,PLACEHOLDER_CANDIDATE
2017-06-01,TOTL,325.0,325.0,325.0,325.0,0.0,True,True,True,True,PLACEHOLDER_CANDIDATE
2017-06-23,TOTL,318.54,318.54,318.54,318.54,0.0,True,True,True,True,PLACEHOLDER_CANDIDATE
2017-06-26,TOTL,318.54,318.54,318.54,318.54,0.0,True,True,True,True,PLACEHOLDER_CANDIDATE
2017-06-27,TOTL,318.54,318.54,318.54,318.54,0.0,True,True,True,True,PLACEHOLDER_CANDIDATE
2017-06-28,TOTL,318.54,318.54,318.54,318.54,0.0,True,True,True,True,PLACEHOLDER_CANDIDATE
2017-06-29,TOTL,318.54,318.54,318.54,318.54,0.0,True,True,True,True,PLACEHOLDER_CANDIDATE
2017-06-30,TOTL,318.54,318.54,318.54,318.54,0.0,True,True,True,True,PLACEHOLDER_CANDIDATE
2017-08-17,TOTL,320.7,320.7,320.7,320.7,0.0,True,True,True,True,PLACEHOLDER_CANDIDATE
2017-09-01,TOTL,327.15,327.15,327.15,327.15,0.0,True,True,True,True,PLACEHOLDER_CANDIDATE
2017-09-21,TOTL,318.54,318.54,318.54,318.54,0.0,True,True,True,True,PLACEHOLDER_CANDIDATE
2017-12-25,TOTL,284.11,284.11,284.11,284.11,0.0,True,True,True,True,PLACEHOLDER_CANDIDATE
2017-12-26,TOTL,284.11,284.11,284.11,284.11,0.0,True,True,True,True,PLACEHOLDER_CANDIDATE
2018-01-01,TOTL,284.11,284.11,284.11,284.11,0.0,True,True,True,True,PLACEHOLDER_CANDIDATE
2018-02-16,TOTL,314.24,314.24,314.24,314.24,0.0,True,True,True,True,PLACEHOLDER_CANDIDATE
2018-03-30,TOTL,301.32,301.32,301.32,301.32,0.0,True,True,True,True,PLACEHOLDER_CANDIDATE
2018-05-01,TOTL,292.72,292.72,292.72,292.72,0.0,True,True,True,True,PLACEHOLDER_CANDIDATE
2018-05-10,TOTL,288.41,288.41,288.41,288.41,0.0,True,True,True,True,PLACEHOLDER_CANDIDATE
2018-05-29,TOTL,290.39,290.39,290.39,290.39,0.0,True,True,True,True,PLACEHOLDER_CANDIDATE
2018-06-01,TOTL,288.07,288.07,288.07,288.07,0.0,True,True,True,True,PLACEHOLDER_CANDIDATE
2018-06-11,TOTL,295.04,295.04,295.04,295.04,0.0,True,True,True,True,PLACEHOLDER_CANDIDATE
2018-06-12,TOTL,295.04,295.04,295.04,295.04,0.0,True,True,True,True,PLACEHOLDER_CANDIDATE
2018-06-13,TOTL,295.04,295.04,295.04,295.04,0.0,True,True,True,True,PLACEHOLDER_CANDIDATE
2018-06-14,TOTL,295.04,295.04,295.04,295.04,0.0,True,True,True,True,PLACEHOLDER_CANDIDATE
2018-06-15,TOTL,295.04,295.04,295.04,295.04,0.0,True,True,True,True,PLACEHOLDER_CANDIDATE
2018-06-18,TOTL,295.04,295.04,295.04,295.04,0.0,True,True,True,True,PLACEHOLDER_CANDIDATE
2018-06-19,TOTL,295.04,295.04,295.04,295.04,0.0,True,True,True,True,PLACEHOLDER_CANDIDATE
2018-08-17,TOTL,292.72,292.72,292.72,292.72,0.0,True,True,True,True,PLACEHOLDER_CANDIDATE
2018-08-22,TOTL,292.72,292.72,292.72,292.72,0.0,True,True,True,True,PLACEHOLDER_CANDIDATE
2018-09-11,TOTL,276.45,276.45,276.45,276.45,0.0,True,True,True,True,PLACEHOLDER_CANDIDATE
2018-11-20,TOTL,246.25,246.25,246.25,246.25,0.0,True,True,True,True,PLACEHOLDER_CANDIDATE
2018-12-24,TOTL,262.51,262.51,262.51,262.51,0.0,True,True,True,True,PLACEHOLDER_CANDIDATE
2018-12-25,TOTL,262.51,262.51,262.51,262.51,0.0,True,True,True,True,PLACEHOLDER_CANDIDATE
2018-12-31,TOTL,260.19,260.19,260.19,260.19,0.0,True,True,True,True,PLACEHOLDER_CANDIDATE
2019-01-01,TOTL,260.19,260.19,260.19,260.19,0.0,True,True,True,True,PLACEHOLDER_CANDIDATE
2019-02-05,TOTL,290.39,290.39,290.39,290.39,0.0,True,True,True,True,PLACEHOLDER_CANDIDATE
2019-03-07,TOTL,288.07,288.07,288.07,288.07,0.0,True,True,True,True,PLACEHOLDER_CANDIDATE
2019-04-03,TOTL,285.75,285.75,285.75,285.75,0.0,True,True,True,True,PLACEHOLDER_CANDIDATE
2019-04-17,TOTL,278.78,278.78,278.78,278.78,0.0,True,True,True,True,PLACEHOLDER_CANDIDATE
2019-04-19,TOTL,278.78,278.78,278.78,278.78,0.0,True,True,True,True,PLACEHOLDER_CANDIDATE
2019-05-01,TOTL,283.42,283.42,283.42,283.42,0.0,True,True,True,True,PLACEHOLDER_CANDIDATE
2019-05-30,TOTL,268.82,268.82,268.82,268.82,0.0,True,True,True,True,PLACEHOLDER_CANDIDATE
2019-06-03,TOTL,266.33,266.33,266.33,266.33,0.0,True,True,True,True,PLACEHOLDER_CANDIDATE
2019-06-04,TOTL,266.33,266.33,266.33,266.33,0.0,True,True,True,True,PLACEHOLDER_CANDIDATE
2019-06-05,TOTL,266.33,266.33,266.33,266.33,0.0,True,True,True,True,PLACEHOLDER_CANDIDATE
2019-06-06,TOTL,266.33,266.33,266.33,266.33,0.0,True,True,True,True,PLACEHOLDER_CANDIDATE
2019-06-07,TOTL,266.33,266.33,266.33,266.33,0.0,True,True,True,True,PLACEHOLDER_CANDIDATE
2026-05-14,TOTL,1115.82,1115.82,1115.82,1115.82,0.0,True,True,True,True,PLACEHOLDER_CANDIDATE
2026-05-15,TOTL,1115.82,1115.82,1115.82,1115.82,0.0,True,True,True,True,PLACEHOLDER_CANDIDATE
2026-05-27,TOTL,1055.0,1055.0,1055.0,1055.0,0.0,True,True,True,True,PLACEHOLDER_CANDIDATE
2026-05-28,TOTL,1055.0,1055.0,1055.0,1055.0,0.0,True,True,True,True,PLACEHOLDER_CANDIDATE
2026-08-25,TOTL,1515.0,1515.0,1515.0,1515.0,0.0,True,True,True,True,PLACEHOLDER_CANDIDATE
2026-05-14,TOTO,243.7881317138672,243.7881317138672,243.7881317138672,243.7881317138672,0.0,True,True,True,True,PLACEHOLDER_CANDIDATE
2026-05-15,TOTO,243.7881317138672,243.7881317138672,243.7881317138672,243.7881317138672,0.0,True,True,True,True,PLACEHOLDER_CANDIDATE
2026-05-27,TOTO,238.1186370849609,238.1186370849609,238.1186370849609,238.1186370849609,0.0,True,True,True,True,PLACEHOLDER_CANDIDATE
2026-05-28,TOTO,238.1186370849609,238.1186370849609,238.1186370849609,238.1186370849609,0.0,True,True,True,True,PLACEHOLDER_CANDIDATE
2026-08-25,TOTO,234.0,234.0,234.0,234.0,0.0,True,True,True,True,PLACEHOLDER_CANDIDATE
2014-04-09,TOWR,582.42,582.42,582.42,582.42,0.0,True,True,True,True,PLACEHOLDER_CANDIDATE
2014-07-09,TOWR,589.98,589.98,589.98,589.98,0.0,True,True,True,True,PLACEHOLDER_CANDIDATE
2015-12-09,TOWR,650.49,650.49,650.49,650.49,0.0,True,True,True,True,PLACEHOLDER_CANDIDATE
2017-01-02,TOWR,541.57,541.57,541.57,541.57,0.0,True,True,True,True,PLACEHOLDER_CANDIDATE
2017-02-15,TOWR,521.91,521.91,521.91,521.91,0.0,True,True,True,True,PLACEHOLDER_CANDIDATE
2017-04-19,TOWR,588.47,588.47,588.47,588.47,0.0,True,True,True,True,PLACEHOLDER_CANDIDATE
2017-06-01,TOWR,559.73,559.73,559.73,559.73,0.0,True,True,True,True,PLACEHOLDER_CANDIDATE
2017-06-23,TOWR,584.02,584.02,584.02,584.02,0.0,True,True,True,True,PLACEHOLDER_CANDIDATE
2017-06-26,TOWR,584.02,584.02,584.02,584.02,0.0,True,True,True,True,PLACEHOLDER_CANDIDATE
2017-06-27,TOWR,584.02,584.02,584.02,584.02,0.0,True,True,True,True,PLACEHOLDER_CANDIDATE
2017-06-28,TOWR,584.02,584.02,584.02,584.02,0.0,True,True,True,True,PLACEHOLDER_CANDIDATE
2017-06-29,TOWR,584.02,584.02,584.02,584.02,0.0,True,True,True,True,PLACEHOLDER_CANDIDATE
2017-06-30,TOWR,584.02,584.02,584.02,584.02,0.0,True,True,True,True,PLACEHOLDER_CANDIDATE
2017-08-17,TOWR,702.68,702.68,702.68,702.68,0.0,True,True,True,True,PLACEHOLDER_CANDIDATE
2017-09-01,TOWR,690.35,690.35,690.35,690.35,0.0,True,True,True,True,PLACEHOLDER_CANDIDATE
2017-09-21,TOWR,671.86,671.86,671.86,671.86,0.0,True,True,True,True,PLACEHOLDER_CANDIDATE
2017-12-25,TOWR,608.64,608.64,608.64,608.64,0.0,True,True,True,True,PLACEHOLDER_CANDIDATE
2017-12-26,TOWR,608.64,608.64,608.64,608.64,0.0,True,True,True,True,PLACEHOLDER_CANDIDATE
2018-01-01,TOWR,621.07,621.07,621.07,621.07,0.0,True,True,True,True,PLACEHOLDER_CANDIDATE
2018-02-16,TOWR,551.2,551.2,551.2,551.2,0.0,True,True,True,True,PLACEHOLDER_CANDIDATE
2018-03-30,TOWR,555.85,555.85,555.85,555.85,0.0,True,True,True,True,PLACEHOLDER_CANDIDATE
2018-05-01,TOWR,487.54,487.54,487.54,487.54,0.0,True,True,True,True,PLACEHOLDER_CANDIDATE
2018-05-10,TOWR,450.27,450.27,450.27,450.27,0.0,True,True,True,True,PLACEHOLDER_CANDIDATE
2018-05-29,TOWR,429.31,429.31,429.31,429.31,0.0,True,True,True,True,PLACEHOLDER_CANDIDATE
2018-06-01,TOWR,416.5,416.5,416.5,416.5,0.0,True,True,True,True,PLACEHOLDER_CANDIDATE
2018-06-11,TOWR,480.57,480.57,480.57,480.57,0.0,True,True,True,True,PLACEHOLDER_CANDIDATE
2018-06-12,TOWR,480.57,480.57,480.57,480.57,0.0,True,True,True,True,PLACEHOLDER_CANDIDATE
2018-06-13,TOWR,480.57,480.57,480.57,480.57,0.0,True,True,True,True,PLACEHOLDER_CANDIDATE
2018-06-14,TOWR,480.57,480.57,480.57,480.57,0.0,True,True,True,True,PLACEHOLDER_CANDIDATE
2018-06-15,TOWR,480.57,480.57,480.57,480.57,0.0,True,True,True,True,PLACEHOLDER_CANDIDATE
2018-06-18,TOWR,480.57,480.57,480.57,480.57,0.0,True,True,True,True,PLACEHOLDER_CANDIDATE
2018-06-19,TOWR,480.57,480.57,480.57,480.57,0.0,True,True,True,True,PLACEHOLDER_CANDIDATE
2018-08-17,TOWR,420.5,420.5,420.5,420.5,0.0,True,True,True,True,PLACEHOLDER_CANDIDATE
2018-08-22,TOWR,420.5,420.5,420.5,420.5,0.0,True,True,True,True,PLACEHOLDER_CANDIDATE
2018-09-11,TOWR,394.07,394.07,394.07,394.07,0.0,True,True,True,True,PLACEHOLDER_CANDIDATE
2018-11-20,TOWR,400.48,400.48,400.48,400.48,0.0,True,True,True,True,PLACEHOLDER_CANDIDATE
2018-12-24,TOWR,513.7,513.7,513.7,513.7,0.0,True,True,True,True,PLACEHOLDER_CANDIDATE
2018-12-25,TOWR,513.7,513.7,513.7,513.7,0.0,True,True,True,True,PLACEHOLDER_CANDIDATE
2018-12-31,TOWR,558.19,558.19,558.19,558.19,0.0,True,True,True,True,PLACEHOLDER_CANDIDATE
2019-01-01,TOWR,558.19,558.19,558.19,558.19,0.0,True,True,True,True,PLACEHOLDER_CANDIDATE
2019-02-05,TOWR,651.23,651.23,651.23,651.23,0.0,True,True,True,True,PLACEHOLDER_CANDIDATE
2019-03-07,TOWR,631.0,631.0,631.0,631.0,0.0,True,True,True,True,PLACEHOLDER_CANDIDATE
2019-04-03,TOWR,622.91,622.91,622.91,622.91,0.0,True,True,True,True,PLACEHOLDER_CANDIDATE
2019-04-17,TOWR,590.55,590.55,590.55,590.55,0.0,True,True,True,True,PLACEHOLDER_CANDIDATE
2019-04-19,TOWR,582.46,582.46,582.46,582.46,0.0,True,True,True,True,PLACEHOLDER_CANDIDATE
2019-05-01,TOWR,626.96,626.96,626.96,626.96,0.0,True,True,True,True,PLACEHOLDER_CANDIDATE
2019-05-30,TOWR,583.88,583.88,583.88,583.88,0.0,True,True,True,True,PLACEHOLDER_CANDIDATE
2019-06-03,TOWR,596.3,596.3,596.3,596.3,0.0,True,True,True,True,PLACEHOLDER_CANDIDATE
2019-06-04,TOWR,596.3,596.3,596.3,596.3,0.0,True,True,True,True,PLACEHOLDER_CANDIDATE
2019-06-05,TOWR,596.3,596.3,596.3,596.3,0.0,True,True,True,True,PLACEHOLDER_CANDIDATE
2019-06-06,TOWR,596.3,596.3,596.3,596.3,0.0,True,True,True,True,PLACEHOLDER_CANDIDATE
2019-06-07,TOWR,596.3,596.3,596.3,596.3,0.0,True,True,True,True,PLACEHOLDER_CANDIDATE
2026-05-14,TOWR,461.43,461.43,461.43,461.43,0.0,True,True,True,True,PLACEHOLDER_CANDIDATE
2026-05-15,TOWR,461.43,461.43,461.43,461.43,0.0,True,True,True,True,PLACEHOLDER_CANDIDATE
2026-05-27,TOWR,382.89,382.89,382.89,382.89,0.0,True,True,True,True,PLACEHOLDER_CANDIDATE
2026-05-28,TOWR,382.89,382.89,382.89,382.89,0.0,True,True,True,True,PLACEHOLDER_CANDIDATE
2026-05-01,TOYS,8.0,8.0,8.0,8.0,0.0,True,True,True,True,PLACEHOLDER_CANDIDATE
2026-05-14,TOYS,8.0,8.0,8.0,8.0,0.0,True,True,True,True,PLACEHOLDER_CANDIDATE
2026-05-15,TOYS,8.0,8.0,8.0,8.0,0.0,True,True,True,True,PLACEHOLDER_CANDIDATE
2026-05-27,TOYS,8.0,8.0,8.0,8.0,0.0,True,True,True,True,PLACEHOLDER_CANDIDATE
2026-05-28,TOYS,8.0,8.0,8.0,8.0,0.0,True,True,True,True,PLACEHOLDER_CANDIDATE
2026-06-01,TOYS,8.0,8.0,8.0,8.0,0.0,True,True,True,True,PLACEHOLDER_CANDIDATE
2026-06-16,TOYS,8.0,8.0,8.0,8.0,0.0,True,True,True,True,PLACEHOLDER_CANDIDATE
2026-08-17,TOYS,8.0,8.0,8.0,8.0,0.0,True,True,True,True,PLACEHOLDER_CANDIDATE
2026-08-25,TOYS,8.0,8.0,8.0,8.0,0.0,True,True,True,True,PLACEHOLDER_CANDIDATE
2026-05-14,TPIA,4285.20361328125,4285.20361328125,4285.20361328125,4285.20361328125,0.0,True,True,True,True,PLACEHOLDER_CANDIDATE
2026-05-15,TPIA,4285.20361328125,4285.20361328125,4285.20361328125,4285.20361328125,0.0,True,True,True,True,PLACEHOLDER_CANDIDATE
2026-05-27,TPIA,1900.0,1900.0,1900.0,1900.0,0.0,True,True,True,True,PLACEHOLDER_CANDIDATE
2026-05-28,TPIA,1900.0,1900.0,1900.0,1900.0,0.0,True,True,True,True,PLACEHOLDER_CANDIDATE
2026-05-14,TPMA,540.0,540.0,540.0,540.0,0.0,True,True,True,True,PLACEHOLDER_CANDIDATE
2026-05-15,TPMA,540.0,540.0,540.0,540.0,0.0,True,True,True,True,PLACEHOLDER_CANDIDATE
2026-05-27,TPMA,496.0,496.0,496.0,496.0,0.0,True,True,True,True,PLACEHOLDER_CANDIDATE
2026-05-28,TPMA,496.0,496.0,496.0,496.0,0.0,True,True,True,True,PLACEHOLDER_CANDIDATE
2026-05-14,TRGU,185.0,185.0,185.0,185.0,0.0,True,True,True,True,PLACEHOLDER_CANDIDATE
2026-05-15,TRGU,185.0,185.0,185.0,185.0,0.0,True,True,True,True,PLACEHOLDER_CANDIDATE
2026-05-27,TRGU,176.0,176.0,176.0,176.0,0.0,True,True,True,True,PLACEHOLDER_CANDIDATE
2026-05-28,TRGU,176.0,176.0,176.0,176.0,0.0,True,True,True,True,PLACEHOLDER_CANDIDATE
2026-05-14,TRIM,544.0916748046875,544.0916748046875,544.0916748046875,544.0916748046875,0.0,True,True,True,True,PLACEHOLDER_CANDIDATE
2026-05-15,TRIM,544.0916748046875,544.0916748046875,544.0916748046875,544.0916748046875,0.0,True,True,True,True,PLACEHOLDER_CANDIDATE
2026-05-27,TRIM,497.1700134277344,497.1700134277344,497.1700134277344,497.1700134277344,0.0,True,True,True,True,PLACEHOLDER_CANDIDATE
2026-05-28,TRIM,497.1700134277344,497.1700134277344,497.1700134277344,497.1700134277344,0.0,True,True,True,True,PLACEHOLDER_CANDIDATE
2026-08-25,TRIM,610.0,610.0,610.0,610.0,0.0,True,True,True,True,PLACEHOLDER_CANDIDATE
2026-05-14,TRIN,605.0,605.0,605.0,605.0,0.0,True,True,True,True,PLACEHOLDER_CANDIDATE
2026-05-15,TRIN,605.0,605.0,605.0,605.0,0.0,True,True,True,True,PLACEHOLDER_CANDIDATE
2026-05-27,TRIN,432.0,432.0,432.0,432.0,0.0,True,True,True,True,PLACEHOLDER_CANDIDATE
2026-05-28,TRIN,432.0,432.0,432.0,432.0,0.0,True,True,True,True,PLACEHOLDER_CANDIDATE
2026-05-14,TRIS,177.66514587402344,177.66514587402344,177.66514587402344,177.66514587402344,0.0,True,True,True,True,PLACEHOLDER_CANDIDATE
2026-05-15,TRIS,177.66514587402344,177.66514587402344,177.66514587402344,177.66514587402344,0.0,True,True,True,True,PLACEHOLDER_CANDIDATE
2026-05-27,TRIS,168.78189086914062,168.78189086914062,168.78189086914062,168.78189086914062,0.0,True,True,True,True,PLACEHOLDER_CANDIDATE
2026-05-28,TRIS,168.78189086914062,168.78189086914062,168.78189086914062,168.78189086914062,0.0,True,True,True,True,PLACEHOLDER_CANDIDATE
2026-05-14,TRJA,133.0,133.0,133.0,133.0,0.0,True,True,True,True,PLACEHOLDER_CANDIDATE
2026-05-15,TRJA,133.0,133.0,133.0,133.0,0.0,True,True,True,True,PLACEHOLDER_CANDIDATE
2026-05-27,TRJA,121.0,121.0,121.0,121.0,0.0,True,True,True,True,PLACEHOLDER_CANDIDATE
2026-05-28,TRJA,121.0,121.0,121.0,121.0,0.0,True,True,True,True,PLACEHOLDER_CANDIDATE
2026-05-14,TRON,121.0,121.0,121.0,121.0,0.0,True,True,True,True,PLACEHOLDER_CANDIDATE
2026-05-15,TRON,121.0,121.0,121.0,121.0,0.0,True,True,True,True,PLACEHOLDER_CANDIDATE
2026-05-27,TRON,97.0,97.0,97.0,97.0,0.0,True,True,True,True,PLACEHOLDER_CANDIDATE
2026-05-28,TRON,97.0,97.0,97.0,97.0,0.0,True,True,True,True,PLACEHOLDER_CANDIDATE
2026-05-14,TRST,467.0833129882813,467.0833129882813,467.0833129882813,467.0833129882813,0.0,True,True,True,True,PLACEHOLDER_CANDIDATE
2026-05-15,TRST,467.0833129882813,467.0833129882813,467.0833129882813,467.0833129882813,0.0,True,True,True,True,PLACEHOLDER_CANDIDATE
2026-05-27,TRST,455.2083129882813,455.2083129882813,455.2083129882813,455.2083129882813,0.0,True,True,True,True,PLACEHOLDER_CANDIDATE
2026-05-28,TRST,455.2083129882813,455.2083129882813,455.2083129882813,455.2083129882813,0.0,True,True,True,True,PLACEHOLDER_CANDIDATE
2026-08-25,TRST,460.0,460.0,460.0,460.0,0.0,True,True,True,True,PLACEHOLDER_CANDIDATE
2026-05-14,TRUE,137.0,137.0,137.0,137.0,0.0,True,True,True,True,PLACEHOLDER_CANDIDATE
2026-05-15,TRUE,137.0,137.0,137.0,137.0,0.0,True,True,True,True,PLACEHOLDER_CANDIDATE
2026-05-27,TRUE,96.0,96.0,96.0,96.0,0.0,True,True,True,True,PLACEHOLDER_CANDIDATE
2026-05-28,TRUE,96.0,96.0,96.0,96.0,0.0,True,True,True,True,PLACEHOLDER_CANDIDATE
2026-08-17,TRUE,50.0,50.0,50.0,50.0,0.0,True,True,True,True,PLACEHOLDER_CANDIDATE
2026-08-25,TRUE,50.0,50.0,50.0,50.0,0.0,True,True,True,True,PLACEHOLDER_CANDIDATE
2026-05-14,TRUK,510.0,510.0,510.0,510.0,0.0,True,True,True,True,PLACEHOLDER_CANDIDATE
2026-05-15,TRUK,510.0,510.0,510.0,510.0,0.0,True,True,True,True,PLACEHOLDER_CANDIDATE
2026-05-27,TRUK,402.0,402.0,402.0,402.0,0.0,True,True,True,True,PLACEHOLDER_CANDIDATE
2026-05-28,TRUK,402.0,402.0,402.0,402.0,0.0,True,True,True,True,PLACEHOLDER_CANDIDATE
2026-05-14,TRUS,306.281005859375,306.281005859375,306.281005859375,306.281005859375,0.0,True,True,True,True,PLACEHOLDER_CANDIDATE
2026-05-15,TRUS,306.281005859375,306.281005859375,306.281005859375,306.281005859375,0.0,True,True,True,True,PLACEHOLDER_CANDIDATE
2026-05-27,TRUS,266.6446228027344,266.6446228027344,266.6446228027344,266.6446228027344,0.0,True,True,True,True,PLACEHOLDER_CANDIDATE
2026-05-28,TRUS,266.6446228027344,266.6446228027344,266.6446228027344,266.6446228027344,0.0,True,True,True,True,PLACEHOLDER_CANDIDATE
2026-08-25,TRUS,456.0,456.0,456.0,456.0,0.0,True,True,True,True,PLACEHOLDER_CANDIDATE
2014-04-09,TSPC,1783.08,1783.08,1783.08,1783.08,0.0,True,True,True,True,PLACEHOLDER_CANDIDATE
2014-07-09,TSPC,1750.39,1750.39,1750.39,1750.39,0.0,True,True,True,True,PLACEHOLDER_CANDIDATE
2015-12-09,TSPC,1070.64,1070.64,1070.64,1070.64,0.0,True,True,True,True,PLACEHOLDER_CANDIDATE
2017-01-02,TSPC,1276.44,1276.44,1276.44,1276.44,0.0,True,True,True,True,PLACEHOLDER_CANDIDATE
2017-02-15,TSPC,1198.69,1198.69,1198.69,1198.69,0.0,True,True,True,True,PLACEHOLDER_CANDIDATE
2017-04-19,TSPC,1315.31,1315.31,1315.31,1315.31,0.0,True,True,True,True,PLACEHOLDER_CANDIDATE
2017-06-01,TSPC,1334.75,1334.75,1334.75,1334.75,0.0,True,True,True,True,PLACEHOLDER_CANDIDATE
2017-06-23,TSPC,1335.75,1335.75,1335.75,1335.75,0.0,True,True,True,True,PLACEHOLDER_CANDIDATE
2017-06-26,TSPC,1335.75,1335.75,1335.75,1335.75,0.0,True,True,True,True,PLACEHOLDER_CANDIDATE
2017-06-27,TSPC,1335.75,1335.75,1335.75,1335.75,0.0,True,True,True,True,PLACEHOLDER_CANDIDATE
2017-06-28,TSPC,1335.75,1335.75,1335.75,1335.75,0.0,True,True,True,True,PLACEHOLDER_CANDIDATE
2017-06-29,TSPC,1335.75,1335.75,1335.75,1335.75,0.0,True,True,True,True,PLACEHOLDER_CANDIDATE
2017-06-30,TSPC,1335.75,1335.75,1335.75,1335.75,0.0,True,True,True,True,PLACEHOLDER_CANDIDATE
2017-08-17,TSPC,1292.55,1292.55,1292.55,1292.55,0.0,True,True,True,True,PLACEHOLDER_CANDIDATE
2017-09-01,TSPC,1272.62,1272.62,1272.62,1272.62,0.0,True,True,True,True,PLACEHOLDER_CANDIDATE
2017-09-21,TSPC,1256.0,1256.0,1256.0,1256.0,0.0,True,True,True,True,PLACEHOLDER_CANDIDATE
2017-12-25,TSPC,1126.42,1126.42,1126.42,1126.42,0.0,True,True,True,True,PLACEHOLDER_CANDIDATE
2017-12-26,TSPC,1126.42,1126.42,1126.42,1126.42,0.0,True,True,True,True,PLACEHOLDER_CANDIDATE
2018-01-01,TSPC,1196.19,1196.19,1196.19,1196.19,0.0,True,True,True,True,PLACEHOLDER_CANDIDATE
2018-02-16,TSPC,1089.86,1089.86,1089.86,1089.86,0.0,True,True,True,True,PLACEHOLDER_CANDIDATE
2018-03-30,TSPC,1079.9,1079.9,1079.9,1079.9,0.0,True,True,True,True,PLACEHOLDER_CANDIDATE
2018-05-01,TSPC,1056.64,1056.64,1056.64,1056.64,0.0,True,True,True,True,PLACEHOLDER_CANDIDATE
2018-05-10,TSPC,1059.96,1059.96,1059.96,1059.96,0.0,True,True,True,True,PLACEHOLDER_CANDIDATE
2018-05-29,TSPC,1049.99,1049.99,1049.99,1049.99,0.0,True,True,True,True,PLACEHOLDER_CANDIDATE
2018-06-01,TSPC,1046.67,1046.67,1046.67,1046.67,0.0,True,True,True,True,PLACEHOLDER_CANDIDATE
2018-06-11,TSPC,1063.28,1063.28,1063.28,1063.28,0.0,True,True,True,True,PLACEHOLDER_CANDIDATE
2018-06-12,TSPC,1063.28,1063.28,1063.28,1063.28,0.0,True,True,True,True,PLACEHOLDER_CANDIDATE
2018-06-13,TSPC,1063.28,1063.28,1063.28,1063.28,0.0,True,True,True,True,PLACEHOLDER_CANDIDATE
2018-06-14,TSPC,1063.28,1063.28,1063.28,1063.28,0.0,True,True,True,True,PLACEHOLDER_CANDIDATE
2018-06-15,TSPC,1063.28,1063.28,1063.28,1063.28,0.0,True,True,True,True,PLACEHOLDER_CANDIDATE
2018-06-18,TSPC,1063.28,1063.28,1063.28,1063.28,0.0,True,True,True,True,PLACEHOLDER_CANDIDATE
2018-06-19,TSPC,1063.28,1063.28,1063.28,1063.28,0.0,True,True,True,True,PLACEHOLDER_CANDIDATE
2018-08-17,TSPC,1005.03,1005.03,1005.03,1005.03,0.0,True,True,True,True,PLACEHOLDER_CANDIDATE
2018-08-22,TSPC,1008.44,1008.44,1008.44,1008.44,0.0,True,True,True,True,PLACEHOLDER_CANDIDATE
2018-09-11,TSPC,984.59,984.59,984.59,984.59,0.0,True,True,True,True,PLACEHOLDER_CANDIDATE
2018-11-20,TSPC,940.3,940.3,940.3,940.3,0.0,True,True,True,True,PLACEHOLDER_CANDIDATE
2018-12-24,TSPC,943.71,943.71,943.71,943.71,0.0,True,True,True,True,PLACEHOLDER_CANDIDATE
2018-12-25,TSPC,943.71,943.71,943.71,943.71,0.0,True,True,True,True,PLACEHOLDER_CANDIDATE
2018-12-31,TSPC,947.11,947.11,947.11,947.11,0.0,True,True,True,True,PLACEHOLDER_CANDIDATE
2019-01-01,TSPC,947.11,947.11,947.11,947.11,0.0,True,True,True,True,PLACEHOLDER_CANDIDATE
2019-02-05,TSPC,1066.35,1066.35,1066.35,1066.35,0.0,True,True,True,True,PLACEHOLDER_CANDIDATE
2019-03-07,TSPC,1219.66,1219.66,1219.66,1219.66,0.0,True,True,True,True,PLACEHOLDER_CANDIDATE
2019-04-03,TSPC,1226.48,1226.48,1226.48,1226.48,0.0,True,True,True,True,PLACEHOLDER_CANDIDATE
2019-04-17,TSPC,1212.85,1212.85,1212.85,1212.85,0.0,True,True,True,True,PLACEHOLDER_CANDIDATE
2019-04-19,TSPC,1195.81,1195.81,1195.81,1195.81,0.0,True,True,True,True,PLACEHOLDER_CANDIDATE
2019-05-01,TSPC,1185.59,1185.59,1185.59,1185.59,0.0,True,True,True,True,PLACEHOLDER_CANDIDATE
2019-05-30,TSPC,1090.2,1090.2,1090.2,1090.2,0.0,True,True,True,True,PLACEHOLDER_CANDIDATE
2019-06-03,TSPC,1090.2,1090.2,1090.2,1090.2,0.0,True,True,True,True,PLACEHOLDER_CANDIDATE
2019-06-04,TSPC,1090.2,1090.2,1090.2,1090.2,0.0,True,True,True,True,PLACEHOLDER_CANDIDATE
2019-06-05,TSPC,1090.2,1090.2,1090.2,1090.2,0.0,True,True,True,True,PLACEHOLDER_CANDIDATE
2019-06-06,TSPC,1090.2,1090.2,1090.2,1090.2,0.0,True,True,True,True,PLACEHOLDER_CANDIDATE
2019-06-07,TSPC,1090.2,1090.2,1090.2,1090.2,0.0,True,True,True,True,PLACEHOLDER_CANDIDATE
2026-05-14,TSPC,2430.0,2430.0,2430.0,2430.0,0.0,True,True,True,True,PLACEHOLDER_CANDIDATE
2026-05-15,TSPC,2430.0,2430.0,2430.0,2430.0,0.0,True,True,True,True,PLACEHOLDER_CANDIDATE
2026-05-27,TSPC,2390.0,2390.0,2390.0,2390.0,0.0,True,True,True,True,PLACEHOLDER_CANDIDATE
2026-05-28,TSPC,2390.0,2390.0,2390.0,2390.0,0.0,True,True,True,True,PLACEHOLDER_CANDIDATE
2026-08-25,TSPC,2750.0,2750.0,2750.0,2750.0,0.0,True,True,True,True,PLACEHOLDER_CANDIDATE
2026-05-14,TUGU,1195.0,1195.0,1195.0,1195.0,0.0,True,True,True,True,PLACEHOLDER_CANDIDATE
2026-05-15,TUGU,1195.0,1195.0,1195.0,1195.0,0.0,True,True,True,True,PLACEHOLDER_CANDIDATE
2026-05-27,TUGU,1160.0,1160.0,1160.0,1160.0,0.0,True,True,True,True,PLACEHOLDER_CANDIDATE
2026-05-28,TUGU,1160.0,1160.0,1160.0,1160.0,0.0,True,True,True,True,PLACEHOLDER_CANDIDATE
2026-05-14,TYRE,117.0,117.0,117.0,117.0,0.0,True,True,True,True,PLACEHOLDER_CANDIDATE
2026-05-15,TYRE,117.0,117.0,117.0,117.0,0.0,True,True,True,True,PLACEHOLDER_CANDIDATE
2026-05-27,TYRE,108.0,108.0,108.0,108.0,0.0,True,True,True,True,PLACEHOLDER_CANDIDATE
2026-05-28,TYRE,108.0,108.0,108.0,108.0,0.0,True,True,True,True,PLACEHOLDER_CANDIDATE
2026-05-14,UANG,3340.0,3340.0,3340.0,3340.0,0.0,True,True,True,True,PLACEHOLDER_CANDIDATE
2026-05-15,UANG,3340.0,3340.0,3340.0,3340.0,0.0,True,True,True,True,PLACEHOLDER_CANDIDATE
2026-05-27,UANG,2520.0,2520.0,2520.0,2520.0,0.0,True,True,True,True,PLACEHOLDER_CANDIDATE
2026-05-28,UANG,2520.0,2520.0,2520.0,2520.0,0.0,True,True,True,True,PLACEHOLDER_CANDIDATE
2026-05-14,UCID,389.0104675292969,389.0104675292969,389.0104675292969,389.0104675292969,0.0,True,True,True,True,PLACEHOLDER_CANDIDATE
2026-05-15,UCID,389.0104675292969,389.0104675292969,389.0104675292969,389.0104675292969,0.0,True,True,True,True,PLACEHOLDER_CANDIDATE
2026-05-27,UCID,387.0457458496094,387.0457458496094,387.0457458496094,387.0457458496094,0.0,True,True,True,True,PLACEHOLDER_CANDIDATE
2026-05-28,UCID,387.0457458496094,387.0457458496094,387.0457458496094,387.0457458496094,0.0,True,True,True,True,PLACEHOLDER_CANDIDATE
2026-05-14,UDNG,1150.0,1150.0,1150.0,1150.0,0.0,True,True,True,True,PLACEHOLDER_CANDIDATE
2026-05-15,UDNG,1150.0,1150.0,1150.0,1150.0,0.0,True,True,True,True,PLACEHOLDER_CANDIDATE
2026-05-27,UDNG,1195.0,1195.0,1195.0,1195.0,0.0,True,True,True,True,PLACEHOLDER_CANDIDATE
2026-05-28,UDNG,1195.0,1195.0,1195.0,1195.0,0.0,True,True,True,True,PLACEHOLDER_CANDIDATE
2026-05-14,UFOE,141.0,141.0,141.0,141.0,0.0,True,True,True,True,PLACEHOLDER_CANDIDATE
2026-05-15,UFOE,141.0,141.0,141.0,141.0,0.0,True,True,True,True,PLACEHOLDER_CANDIDATE
2026-05-27,UFOE,140.0,140.0,140.0,140.0,0.0,True,True,True,True,PLACEHOLDER_CANDIDATE
2026-05-28,UFOE,140.0,140.0,140.0,140.0,0.0,True,True,True,True,PLACEHOLDER_CANDIDATE
2014-04-09,ULTJ,835.98,835.98,835.98,835.98,0.0,True,True,True,True,PLACEHOLDER_CANDIDATE
2014-07-09,ULTJ,832.83,832.83,832.83,832.83,0.0,True,True,True,True,PLACEHOLDER_CANDIDATE
2015-12-09,ULTJ,837.48,837.48,837.48,837.48,0.0,True,True,True,True,PLACEHOLDER_CANDIDATE
2017-01-02,ULTJ,962.84,962.84,962.84,962.84,0.0,True,True,True,True,PLACEHOLDER_CANDIDATE
2017-02-15,ULTJ,937.55,937.55,937.55,937.55,0.0,True,True,True,True,PLACEHOLDER_CANDIDATE
2017-04-19,ULTJ,895.42,895.42,895.42,895.42,0.0,True,True,True,True,PLACEHOLDER_CANDIDATE
2017-06-01,ULTJ,1074.5,1074.5,1074.5,1074.5,0.0,True,True,True,True,PLACEHOLDER_CANDIDATE
2017-06-23,ULTJ,1058.7,1058.7,1058.7,1058.7,0.0,True,True,True,True,PLACEHOLDER_CANDIDATE
2017-06-26,ULTJ,1058.7,1058.7,1058.7,1058.7,0.0,True,True,True,True,PLACEHOLDER_CANDIDATE
2017-06-27,ULTJ,1058.7,1058.7,1058.7,1058.7,0.0,True,True,True,True,PLACEHOLDER_CANDIDATE
2017-06-28,ULTJ,1058.7,1058.7,1058.7,1058.7,0.0,True,True,True,True,PLACEHOLDER_CANDIDATE
2017-06-29,ULTJ,1058.7,1058.7,1058.7,1058.7,0.0,True,True,True,True,PLACEHOLDER_CANDIDATE
2017-06-30,ULTJ,1058.7,1058.7,1058.7,1058.7,0.0,True,True,True,True,PLACEHOLDER_CANDIDATE
2017-08-17,ULTJ,1004.01,1004.01,1004.01,1004.01,0.0,True,True,True,True,PLACEHOLDER_CANDIDATE
2017-09-01,ULTJ,1012.49,1012.49,1012.49,1012.49,0.0,True,True,True,True,PLACEHOLDER_CANDIDATE
2017-09-21,ULTJ,1046.38,1046.38,1046.38,1046.38,0.0,True,True,True,True,PLACEHOLDER_CANDIDATE
2017-12-25,ULTJ,1037.9,1037.9,1037.9,1037.9,0.0,True,True,True,True,PLACEHOLDER_CANDIDATE
2017-12-26,ULTJ,1037.9,1037.9,1037.9,1037.9,0.0,True,True,True,True,PLACEHOLDER_CANDIDATE
2018-01-01,ULTJ,1097.21,1097.21,1097.21,1097.21,0.0,True,True,True,True,PLACEHOLDER_CANDIDATE
2018-02-16,ULTJ,1097.21,1097.21,1097.21,1097.21,0.0,True,True,True,True,PLACEHOLDER_CANDIDATE
2018-03-30,ULTJ,1347.16,1347.16,1347.16,1347.16,0.0,True,True,True,True,PLACEHOLDER_CANDIDATE
2018-05-01,ULTJ,1262.43,1262.43,1262.43,1262.43,0.0,True,True,True,True,PLACEHOLDER_CANDIDATE
2018-05-10,ULTJ,974.36,974.36,974.36,974.36,0.0,True,True,True,True,PLACEHOLDER_CANDIDATE
2018-05-29,ULTJ,1012.49,1012.49,1012.49,1012.49,0.0,True,True,True,True,PLACEHOLDER_CANDIDATE
2018-06-01,ULTJ,1050.61,1050.61,1050.61,1050.61,0.0,True,True,True,True,PLACEHOLDER_CANDIDATE
2018-06-11,ULTJ,1076.03,1076.03,1076.03,1076.03,0.0,True,True,True,True,PLACEHOLDER_CANDIDATE
2018-06-12,ULTJ,1076.03,1076.03,1076.03,1076.03,0.0,True,True,True,True,PLACEHOLDER_CANDIDATE
2018-06-13,ULTJ,1076.03,1076.03,1076.03,1076.03,0.0,True,True,True,True,PLACEHOLDER_CANDIDATE
2018-06-14,ULTJ,1076.03,1076.03,1076.03,1076.03,0.0,True,True,True,True,PLACEHOLDER_CANDIDATE
2018-06-15,ULTJ,1076.03,1076.03,1076.03,1076.03,0.0,True,True,True,True,PLACEHOLDER_CANDIDATE
2018-06-18,ULTJ,1076.03,1076.03,1076.03,1076.03,0.0,True,True,True,True,PLACEHOLDER_CANDIDATE
2018-06-19,ULTJ,1076.03,1076.03,1076.03,1076.03,0.0,True,True,True,True,PLACEHOLDER_CANDIDATE
2018-08-17,ULTJ,1016.51,1016.51,1016.51,1016.51,0.0,True,True,True,True,PLACEHOLDER_CANDIDATE
2018-08-22,ULTJ,1029.33,1029.33,1029.33,1029.33,0.0,True,True,True,True,PLACEHOLDER_CANDIDATE
2018-09-11,ULTJ,1025.06,1025.06,1025.06,1025.06,0.0,True,True,True,True,PLACEHOLDER_CANDIDATE
2018-11-20,ULTJ,982.35,982.35,982.35,982.35,0.0,True,True,True,True,PLACEHOLDER_CANDIDATE
2018-12-24,ULTJ,982.35,982.35,982.35,982.35,0.0,True,True,True,True,PLACEHOLDER_CANDIDATE
2018-12-25,ULTJ,982.35,982.35,982.35,982.35,0.0,True,True,True,True,PLACEHOLDER_CANDIDATE
2018-12-31,ULTJ,1153.19,1153.19,1153.19,1153.19,0.0,True,True,True,True,PLACEHOLDER_CANDIDATE
2019-01-01,ULTJ,1153.19,1153.19,1153.19,1153.19,0.0,True,True,True,True,PLACEHOLDER_CANDIDATE
2019-02-05,ULTJ,1037.87,1037.87,1037.87,1037.87,0.0,True,True,True,True,PLACEHOLDER_CANDIDATE
2019-03-07,ULTJ,1054.95,1054.95,1054.95,1054.95,0.0,True,True,True,True,PLACEHOLDER_CANDIDATE
2019-04-03,ULTJ,1054.95,1054.95,1054.95,1054.95,0.0,True,True,True,True,PLACEHOLDER_CANDIDATE
2019-04-17,ULTJ,1042.14,1042.14,1042.14,1042.14,0.0,True,True,True,True,PLACEHOLDER_CANDIDATE
2019-04-19,ULTJ,1046.41,1046.41,1046.41,1046.41,0.0,True,True,True,True,PLACEHOLDER_CANDIDATE
2019-05-01,ULTJ,1093.39,1093.39,1093.39,1093.39,0.0,True,True,True,True,PLACEHOLDER_CANDIDATE
2019-05-30,ULTJ,1153.19,1153.19,1153.19,1153.19,0.0,True,True,True,True,PLACEHOLDER_CANDIDATE
2019-06-03,ULTJ,1195.9,1195.9,1195.9,1195.9,0.0,True,True,True,True,PLACEHOLDER_CANDIDATE
2019-06-04,ULTJ,1195.9,1195.9,1195.9,1195.9,0.0,True,True,True,True,PLACEHOLDER_CANDIDATE
2019-06-05,ULTJ,1195.9,1195.9,1195.9,1195.9,0.0,True,True,True,True,PLACEHOLDER_CANDIDATE
2019-06-06,ULTJ,1195.9,1195.9,1195.9,1195.9,0.0,True,True,True,True,PLACEHOLDER_CANDIDATE
2019-06-07,ULTJ,1195.9,1195.9,1195.9,1195.9,0.0,True,True,True,True,PLACEHOLDER_CANDIDATE
2026-05-14,ULTJ,1605.0,1605.0,1605.0,1605.0,0.0,True,True,True,True,PLACEHOLDER_CANDIDATE
2026-05-15,ULTJ,1605.0,1605.0,1605.0,1605.0,0.0,True,True,True,True,PLACEHOLDER_CANDIDATE
2026-05-27,ULTJ,1575.0,1575.0,1575.0,1575.0,0.0,True,True,True,True,PLACEHOLDER_CANDIDATE
2026-05-28,ULTJ,1575.0,1575.0,1575.0,1575.0,0.0,True,True,True,True,PLACEHOLDER_CANDIDATE
2026-08-25,ULTJ,1500.0,1500.0,1500.0,1500.0,0.0,True,True,True,True,PLACEHOLDER_CANDIDATE
2026-05-14,UNIC,11910.3876953125,11910.3876953125,11910.3876953125,11910.3876953125,0.0,True,True,True,True,PLACEHOLDER_CANDIDATE
2026-05-15,UNIC,11910.3876953125,11910.3876953125,11910.3876953125,11910.3876953125,0.0,True,True,True,True,PLACEHOLDER_CANDIDATE
2026-05-27,UNIC,13903.0,13903.0,13903.0,13903.0,0.0,True,True,True,True,PLACEHOLDER_CANDIDATE
2026-05-28,UNIC,13903.0,13903.0,13903.0,13903.0,0.0,True,True,True,True,PLACEHOLDER_CANDIDATE
2026-08-25,UNIC,15150.0,15150.0,15150.0,15150.0,0.0,True,True,True,True,PLACEHOLDER_CANDIDATE
2026-05-14,UNIQ,123.0,123.0,123.0,123.0,0.0,True,True,True,True,PLACEHOLDER_CANDIDATE
2026-05-15,UNIQ,123.0,123.0,123.0,123.0,0.0,True,True,True,True,PLACEHOLDER_CANDIDATE
2026-05-27,UNIQ,104.0,104.0,104.0,104.0,0.0,True,True,True,True,PLACEHOLDER_CANDIDATE
2026-05-28,UNIQ,104.0,104.0,104.0,104.0,0.0,True,True,True,True,PLACEHOLDER_CANDIDATE
2026-05-14,UNSP,318.0,318.0,318.0,318.0,0.0,True,True,True,True,PLACEHOLDER_CANDIDATE
2026-05-15,UNSP,318.0,318.0,318.0,318.0,0.0,True,True,True,True,PLACEHOLDER_CANDIDATE
2026-05-27,UNSP,296.0,296.0,296.0,296.0,0.0,True,True,True,True,PLACEHOLDER_CANDIDATE
2026-05-28,UNSP,296.0,296.0,296.0,296.0,0.0,True,True,True,True,PLACEHOLDER_CANDIDATE
2026-08-17,UNSP,206.0,206.0,206.0,206.0,0.0,True,True,True,True,PLACEHOLDER_CANDIDATE
2026-08-25,UNSP,206.0,206.0,206.0,206.0,0.0,True,True,True,True,PLACEHOLDER_CANDIDATE
2026-05-14,UNTR,26455.115234375,26455.115234375,26455.115234375,26455.115234375,0.0,True,True,True,True,PLACEHOLDER_CANDIDATE
2026-05-15,UNTR,26455.115234375,26455.115234375,26455.115234375,26455.115234375,0.0,True,True,True,True,PLACEHOLDER_CANDIDATE
2026-05-27,UNTR,23406.384765625,23406.384765625,23406.384765625,23406.384765625,0.0,True,True,True,True,PLACEHOLDER_CANDIDATE
2026-05-28,UNTR,23406.384765625,23406.384765625,23406.384765625,23406.384765625,0.0,True,True,True,True,PLACEHOLDER_CANDIDATE
2026-08-25,UNTR,23726.009765625,23726.009765625,23726.009765625,23726.009765625,0.0,True,True,True,True,PLACEHOLDER_CANDIDATE
2014-04-09,UNVR,3845.83,3845.83,3845.83,3845.83,0.0,True,True,True,True,PLACEHOLDER_CANDIDATE
2014-07-09,UNVR,4097.72,4097.72,4097.72,4097.72,0.0,True,True,True,True,PLACEHOLDER_CANDIDATE
2015-12-09,UNVR,4748.25,4748.25,4748.25,4748.25,0.0,True,True,True,True,PLACEHOLDER_CANDIDATE
2017-01-02,UNVR,5347.58,5347.58,5347.58,5347.58,0.0,True,True,True,True,PLACEHOLDER_CANDIDATE
2017-02-15,UNVR,5847.19,5847.19,5847.19,5847.19,0.0,True,True,True,True,PLACEHOLDER_CANDIDATE
2017-04-19,UNVR,6243.44,6243.44,6243.44,6243.44,0.0,True,True,True,True,PLACEHOLDER_CANDIDATE
2017-06-01,UNVR,6364.03,6364.03,6364.03,6364.03,0.0,True,True,True,True,PLACEHOLDER_CANDIDATE
2017-06-23,UNVR,6725.82,6725.82,6725.82,6725.82,0.0,True,True,True,True,PLACEHOLDER_CANDIDATE
2017-06-26,UNVR,6725.82,6725.82,6725.82,6725.82,0.0,True,True,True,True,PLACEHOLDER_CANDIDATE
2017-06-27,UNVR,6725.82,6725.82,6725.82,6725.82,0.0,True,True,True,True,PLACEHOLDER_CANDIDATE
2017-06-28,UNVR,6725.82,6725.82,6725.82,6725.82,0.0,True,True,True,True,PLACEHOLDER_CANDIDATE
2017-06-29,UNVR,6725.82,6725.82,6725.82,6725.82,0.0,True,True,True,True,PLACEHOLDER_CANDIDATE
2017-06-30,UNVR,6725.82,6725.82,6725.82,6725.82,0.0,True,True,True,True,PLACEHOLDER_CANDIDATE
2017-08-17,UNVR,6866.75,6866.75,6866.75,6866.75,0.0,True,True,True,True,PLACEHOLDER_CANDIDATE
2017-09-01,UNVR,7033.73,7033.73,7033.73,7033.73,0.0,True,True,True,True,PLACEHOLDER_CANDIDATE
2017-09-21,UNVR,7096.34,7096.34,7096.34,7096.34,0.0,True,True,True,True,PLACEHOLDER_CANDIDATE
2017-12-25,UNVR,7593.15,7593.15,7593.15,7593.15,0.0,True,True,True,True,PLACEHOLDER_CANDIDATE
2017-12-26,UNVR,7593.15,7593.15,7593.15,7593.15,0.0,True,True,True,True,PLACEHOLDER_CANDIDATE
2018-01-01,UNVR,7842.17,7842.17,7842.17,7842.17,0.0,True,True,True,True,PLACEHOLDER_CANDIDATE
2018-02-16,UNVR,7652.77,7652.77,7652.77,7652.77,0.0,True,True,True,True,PLACEHOLDER_CANDIDATE
2018-03-30,UNVR,6947.82,6947.82,6947.82,6947.82,0.0,True,True,True,True,PLACEHOLDER_CANDIDATE
2018-05-01,UNVR,6502.4,6502.4,6502.4,6502.4,0.0,True,True,True,True,PLACEHOLDER_CANDIDATE
2018-05-10,UNVR,6937.3,6937.3,6937.3,6937.3,0.0,True,True,True,True,PLACEHOLDER_CANDIDATE
2018-05-29,UNVR,6607.62,6607.62,6607.62,6607.62,0.0,True,True,True,True,PLACEHOLDER_CANDIDATE
2018-06-01,UNVR,6397.19,6397.19,6397.19,6397.19,0.0,True,True,True,True,PLACEHOLDER_CANDIDATE
2018-06-11,UNVR,6440.45,6440.45,6440.45,6440.45,0.0,True,True,True,True,PLACEHOLDER_CANDIDATE
2018-06-12,UNVR,6440.45,6440.45,6440.45,6440.45,0.0,True,True,True,True,PLACEHOLDER_CANDIDATE
2018-06-13,UNVR,6440.45,6440.45,6440.45,6440.45,0.0,True,True,True,True,PLACEHOLDER_CANDIDATE
2018-06-14,UNVR,6440.45,6440.45,6440.45,6440.45,0.0,True,True,True,True,PLACEHOLDER_CANDIDATE
2018-06-15,UNVR,6440.45,6440.45,6440.45,6440.45,0.0,True,True,True,True,PLACEHOLDER_CANDIDATE
2018-06-18,UNVR,6440.45,6440.45,6440.45,6440.45,0.0,True,True,True,True,PLACEHOLDER_CANDIDATE
2018-06-19,UNVR,6440.45,6440.45,6440.45,6440.45,0.0,True,True,True,True,PLACEHOLDER_CANDIDATE
2018-08-17,UNVR,6032.61,6032.61,6032.61,6032.61,0.0,True,True,True,True,PLACEHOLDER_CANDIDATE
2018-08-22,UNVR,6043.24,6043.24,6043.24,6043.24,0.0,True,True,True,True,PLACEHOLDER_CANDIDATE
2018-09-11,UNVR,6458.19,6458.19,6458.19,6458.19,0.0,True,True,True,True,PLACEHOLDER_CANDIDATE
2018-11-20,UNVR,5917.86,5917.86,5917.86,5917.86,0.0,True,True,True,True,PLACEHOLDER_CANDIDATE
2018-12-24,UNVR,6677.3,6677.3,6677.3,6677.3,0.0,True,True,True,True,PLACEHOLDER_CANDIDATE
2018-12-25,UNVR,6677.3,6677.3,6677.3,6677.3,0.0,True,True,True,True,PLACEHOLDER_CANDIDATE
2018-12-31,UNVR,6505.35,6505.35,6505.35,6505.35,0.0,True,True,True,True,PLACEHOLDER_CANDIDATE
2019-01-01,UNVR,6505.35,6505.35,6505.35,6505.35,0.0,True,True,True,True,PLACEHOLDER_CANDIDATE
2019-02-05,UNVR,7006.86,7006.86,7006.86,7006.86,0.0,True,True,True,True,PLACEHOLDER_CANDIDATE
2019-03-07,UNVR,7006.86,7006.86,7006.86,7006.86,0.0,True,True,True,True,PLACEHOLDER_CANDIDATE
2019-04-03,UNVR,7074.92,7074.92,7074.92,7074.92,0.0,True,True,True,True,PLACEHOLDER_CANDIDATE
2019-04-17,UNVR,7078.51,7078.51,7078.51,7078.51,0.0,True,True,True,True,PLACEHOLDER_CANDIDATE
2019-04-19,UNVR,7078.51,7078.51,7078.51,7078.51,0.0,True,True,True,True,PLACEHOLDER_CANDIDATE
2019-05-01,UNVR,6519.68,6519.68,6519.68,6519.68,0.0,True,True,True,True,PLACEHOLDER_CANDIDATE
2019-05-30,UNVR,6233.1,6233.1,6233.1,6233.1,0.0,True,True,True,True,PLACEHOLDER_CANDIDATE
2019-06-03,UNVR,6492.05,6492.05,6492.05,6492.05,0.0,True,True,True,True,PLACEHOLDER_CANDIDATE
2019-06-04,UNVR,6492.05,6492.05,6492.05,6492.05,0.0,True,True,True,True,PLACEHOLDER_CANDIDATE
2019-06-05,UNVR,6492.05,6492.05,6492.05,6492.05,0.0,True,True,True,True,PLACEHOLDER_CANDIDATE
2019-06-06,UNVR,6492.05,6492.05,6492.05,6492.05,0.0,True,True,True,True,PLACEHOLDER_CANDIDATE
2019-06-07,UNVR,6492.05,6492.05,6492.05,6492.05,0.0,True,True,True,True,PLACEHOLDER_CANDIDATE
2026-05-14,UNVR,1662.78,1662.78,1662.78,1662.78,0.0,True,True,True,True,PLACEHOLDER_CANDIDATE
2026-05-15,UNVR,1662.78,1662.78,1662.78,1662.78,0.0,True,True,True,True,PLACEHOLDER_CANDIDATE
2026-05-27,UNVR,1639.5,1639.5,1639.5,1639.5,0.0,True,True,True,True,PLACEHOLDER_CANDIDATE
2026-05-28,UNVR,1639.5,1639.5,1639.5,1639.5,0.0,True,True,True,True,PLACEHOLDER_CANDIDATE
2026-08-25,UNVR,1800.0,1800.0,1800.0,1800.0,0.0,True,True,True,True,PLACEHOLDER_CANDIDATE
2026-05-14,URBN,206.0,206.0,206.0,206.0,0.0,True,True,True,True,PLACEHOLDER_CANDIDATE
2026-05-15,URBN,206.0,206.0,206.0,206.0,0.0,True,True,True,True,PLACEHOLDER_CANDIDATE
2026-05-27,URBN,204.0,204.0,204.0,204.0,0.0,True,True,True,True,PLACEHOLDER_CANDIDATE
2026-05-28,URBN,204.0,204.0,204.0,204.0,0.0,True,True,True,True,PLACEHOLDER_CANDIDATE
2026-05-14,UVCR,231.4867248535156,231.4867248535156,231.4867248535156,231.4867248535156,0.0,True,True,True,True,PLACEHOLDER_CANDIDATE
2026-05-15,UVCR,231.4867248535156,231.4867248535156,231.4867248535156,231.4867248535156,0.0,True,True,True,True,PLACEHOLDER_CANDIDATE
2026-05-27,UVCR,219.5132751464844,219.5132751464844,219.5132751464844,219.5132751464844,0.0,True,True,True,True,PLACEHOLDER_CANDIDATE
2026-05-28,UVCR,219.5132751464844,219.5132751464844,219.5132751464844,219.5132751464844,0.0,True,True,True,True,PLACEHOLDER_CANDIDATE
2026-05-14,VAST,130.0,130.0,130.0,130.0,0.0,True,True,True,True,PLACEHOLDER_CANDIDATE
2026-05-15,VAST,130.0,130.0,130.0,130.0,0.0,True,True,True,True,PLACEHOLDER_CANDIDATE
2026-05-27,VAST,116.0,116.0,116.0,116.0,0.0,True,True,True,True,PLACEHOLDER_CANDIDATE
2026-05-28,VAST,116.0,116.0,116.0,116.0,0.0,True,True,True,True,PLACEHOLDER_CANDIDATE
2026-05-14,VERN,143.0,143.0,143.0,143.0,0.0,True,True,True,True,PLACEHOLDER_CANDIDATE
2026-05-15,VERN,143.0,143.0,143.0,143.0,0.0,True,True,True,True,PLACEHOLDER_CANDIDATE
2026-05-27,VERN,124.0,124.0,124.0,124.0,0.0,True,True,True,True,PLACEHOLDER_CANDIDATE
2026-05-28,VERN,124.0,124.0,124.0,124.0,0.0,True,True,True,True,PLACEHOLDER_CANDIDATE
2026-05-14,VICI,574.105712890625,574.105712890625,574.105712890625,574.105712890625,0.0,True,True,True,True,PLACEHOLDER_CANDIDATE
2026-05-15,VICI,574.105712890625,574.105712890625,574.105712890625,574.105712890625,0.0,True,True,True,True,PLACEHOLDER_CANDIDATE
2026-05-27,VICI,529.56298828125,529.56298828125,529.56298828125,529.56298828125,0.0,True,True,True,True,PLACEHOLDER_CANDIDATE
2026-05-28,VICI,529.56298828125,529.56298828125,529.56298828125,529.56298828125,0.0,True,True,True,True,PLACEHOLDER_CANDIDATE
2026-05-14,VICO,154.37646484375,154.37646484375,154.37646484375,154.37646484375,0.0,True,True,True,True,PLACEHOLDER_CANDIDATE
2026-05-15,VICO,154.37646484375,154.37646484375,154.37646484375,154.37646484375,0.0,True,True,True,True,PLACEHOLDER_CANDIDATE
2026-05-27,VICO,135.31764221191406,135.31764221191406,135.31764221191406,135.31764221191406,0.0,True,True,True,True,PLACEHOLDER_CANDIDATE
2026-05-28,VICO,135.31764221191406,135.31764221191406,135.31764221191406,135.31764221191406,0.0,True,True,True,True,PLACEHOLDER_CANDIDATE
2026-05-14,VINS,162.0,162.0,162.0,162.0,0.0,True,True,True,True,PLACEHOLDER_CANDIDATE
2026-05-15,VINS,162.0,162.0,162.0,162.0,0.0,True,True,True,True,PLACEHOLDER_CANDIDATE
2026-05-27,VINS,148.0,148.0,148.0,148.0,0.0,True,True,True,True,PLACEHOLDER_CANDIDATE
2026-05-28,VINS,148.0,148.0,148.0,148.0,0.0,True,True,True,True,PLACEHOLDER_CANDIDATE
2026-05-14,VISI,840.0,840.0,840.0,840.0,0.0,True,True,True,True,PLACEHOLDER_CANDIDATE
2026-05-15,VISI,840.0,840.0,840.0,840.0,0.0,True,True,True,True,PLACEHOLDER_CANDIDATE
2026-05-27,VISI,710.0,710.0,710.0,710.0,0.0,True,True,True,True,PLACEHOLDER_CANDIDATE
2026-05-28,VISI,710.0,710.0,710.0,710.0,0.0,True,True,True,True,PLACEHOLDER_CANDIDATE
2026-05-14,VIVA,42.0,42.0,42.0,42.0,0.0,True,True,True,True,PLACEHOLDER_CANDIDATE
2026-05-15,VIVA,42.0,42.0,42.0,42.0,0.0,True,True,True,True,PLACEHOLDER_CANDIDATE
2026-05-27,VIVA,38.0,38.0,38.0,38.0,0.0,True,True,True,True,PLACEHOLDER_CANDIDATE
2026-05-28,VIVA,38.0,38.0,38.0,38.0,0.0,True,True,True,True,PLACEHOLDER_CANDIDATE
2026-05-14,VKTR,860.0,860.0,860.0,860.0,0.0,True,True,True,True,PLACEHOLDER_CANDIDATE
2026-05-15,VKTR,860.0,860.0,860.0,860.0,0.0,True,True,True,True,PLACEHOLDER_CANDIDATE
2026-05-27,VKTR,705.0,705.0,705.0,705.0,0.0,True,True,True,True,PLACEHOLDER_CANDIDATE
2026-05-28,VKTR,705.0,705.0,705.0,705.0,0.0,True,True,True,True,PLACEHOLDER_CANDIDATE
2026-05-14,VOKS,230.0,230.0,230.0,230.0,0.0,True,True,True,True,PLACEHOLDER_CANDIDATE
2026-05-15,VOKS,230.0,230.0,230.0,230.0,0.0,True,True,True,True,PLACEHOLDER_CANDIDATE
2026-05-27,VOKS,206.0,206.0,206.0,206.0,0.0,True,True,True,True,PLACEHOLDER_CANDIDATE
2026-05-28,VOKS,206.0,206.0,206.0,206.0,0.0,True,True,True,True,PLACEHOLDER_CANDIDATE
2026-08-25,VOKS,228.0,228.0,228.0,228.0,0.0,True,True,True,True,PLACEHOLDER_CANDIDATE
2026-05-14,VRNA,83.0,83.0,83.0,83.0,0.0,True,True,True,True,PLACEHOLDER_CANDIDATE
2026-05-15,VRNA,83.0,83.0,83.0,83.0,0.0,True,True,True,True,PLACEHOLDER_CANDIDATE
2026-05-27,VRNA,79.0,79.0,79.0,79.0,0.0,True,True,True,True,PLACEHOLDER_CANDIDATE
2026-05-28,VRNA,79.0,79.0,79.0,79.0,0.0,True,True,True,True,PLACEHOLDER_CANDIDATE
2026-05-14,VTNY,70.0,70.0,70.0,70.0,0.0,True,True,True,True,PLACEHOLDER_CANDIDATE
2026-05-15,VTNY,70.0,70.0,70.0,70.0,0.0,True,True,True,True,PLACEHOLDER_CANDIDATE
2026-05-27,VTNY,62.0,62.0,62.0,62.0,0.0,True,True,True,True,PLACEHOLDER_CANDIDATE
2026-05-28,VTNY,62.0,62.0,62.0,62.0,0.0,True,True,True,True,PLACEHOLDER_CANDIDATE
2026-05-14,WAPO,129.0,129.0,129.0,129.0,0.0,True,True,True,True,PLACEHOLDER_CANDIDATE
2026-05-15,WAPO,129.0,129.0,129.0,129.0,0.0,True,True,True,True,PLACEHOLDER_CANDIDATE
2026-05-27,WAPO,122.0,122.0,122.0,122.0,0.0,True,True,True,True,PLACEHOLDER_CANDIDATE
2026-05-28,WAPO,122.0,122.0,122.0,122.0,0.0,True,True,True,True,PLACEHOLDER_CANDIDATE
2026-08-25,WAPO,143.0,143.0,143.0,143.0,0.0,True,True,True,True,PLACEHOLDER_CANDIDATE
2026-05-14,WEGE,54.0,54.0,54.0,54.0,0.0,True,True,True,True,PLACEHOLDER_CANDIDATE
2026-05-15,WEGE,54.0,54.0,54.0,54.0,0.0,True,True,True,True,PLACEHOLDER_CANDIDATE
2026-05-27,WEGE,50.0,50.0,50.0,50.0,0.0,True,True,True,True,PLACEHOLDER_CANDIDATE
2026-05-28,WEGE,50.0,50.0,50.0,50.0,0.0,True,True,True,True,PLACEHOLDER_CANDIDATE
2026-05-14,WEHA,121.65289306640624,121.65289306640624,121.65289306640624,121.65289306640624,0.0,True,True,True,True,PLACEHOLDER_CANDIDATE
2026-05-15,WEHA,121.65289306640624,121.65289306640624,121.65289306640624,121.65289306640624,0.0,True,True,True,True,PLACEHOLDER_CANDIDATE
2026-05-27,WEHA,127.0,127.0,127.0,127.0,0.0,True,True,True,True,PLACEHOLDER_CANDIDATE
2026-05-28,WEHA,127.0,127.0,127.0,127.0,0.0,True,True,True,True,PLACEHOLDER_CANDIDATE
2026-05-01,WICO,123.0,123.0,123.0,123.0,0.0,True,True,True,True,PLACEHOLDER_CANDIDATE
2026-05-14,WICO,123.0,123.0,123.0,123.0,0.0,True,True,True,True,PLACEHOLDER_CANDIDATE
2026-05-15,WICO,123.0,123.0,123.0,123.0,0.0,True,True,True,True,PLACEHOLDER_CANDIDATE
2026-05-27,WICO,123.0,123.0,123.0,123.0,0.0,True,True,True,True,PLACEHOLDER_CANDIDATE
2026-05-28,WICO,123.0,123.0,123.0,123.0,0.0,True,True,True,True,PLACEHOLDER_CANDIDATE
2026-06-01,WICO,123.0,123.0,123.0,123.0,0.0,True,True,True,True,PLACEHOLDER_CANDIDATE
2026-06-16,WICO,123.0,123.0,123.0,123.0,0.0,True,True,True,True,PLACEHOLDER_CANDIDATE
2026-08-17,WICO,123.0,123.0,123.0,123.0,0.0,True,True,True,True,PLACEHOLDER_CANDIDATE
2026-08-25,WICO,123.0,123.0,123.0,123.0,0.0,True,True,True,True,PLACEHOLDER_CANDIDATE
2026-05-14,WIFI,2247.256103515625,2247.256103515625,2247.256103515625,2247.256103515625,0.0,True,True,True,True,PLACEHOLDER_CANDIDATE
2026-05-15,WIFI,2247.256103515625,2247.256103515625,2247.256103515625,2247.256103515625,0.0,True,True,True,True,PLACEHOLDER_CANDIDATE
2026-05-27,WIFI,2007.548828125,2007.548828125,2007.548828125,2007.548828125,0.0,True,True,True,True,PLACEHOLDER_CANDIDATE
2026-05-28,WIFI,2007.548828125,2007.548828125,2007.548828125,2007.548828125,0.0,True,True,True,True,PLACEHOLDER_CANDIDATE
2026-05-14,WIIM,1759.074951171875,1759.074951171875,1759.074951171875,1759.074951171875,0.0,True,True,True,True,PLACEHOLDER_CANDIDATE
2026-05-15,WIIM,1759.074951171875,1759.074951171875,1759.074951171875,1759.074951171875,0.0,True,True,True,True,PLACEHOLDER_CANDIDATE
2026-05-27,WIIM,1655.5999755859375,1655.5999755859375,1655.5999755859375,1655.5999755859375,0.0,True,True,True,True,PLACEHOLDER_CANDIDATE
2026-05-28,WIIM,1655.5999755859375,1655.5999755859375,1655.5999755859375,1655.5999755859375,0.0,True,True,True,True,PLACEHOLDER_CANDIDATE
2014-04-09,WIKA,2050.57,2050.57,2050.57,2050.57,0.0,True,True,True,True,PLACEHOLDER_CANDIDATE
2014-07-09,WIKA,2067.75,2067.75,2067.75,2067.75,0.0,True,True,True,True,PLACEHOLDER_CANDIDATE
2015-12-09,WIKA,2334.79,2334.79,2334.79,2334.79,0.0,True,True,True,True,PLACEHOLDER_CANDIDATE
2017-01-02,WIKA,2190.64,2190.64,2190.64,2190.64,0.0,True,True,True,True,PLACEHOLDER_CANDIDATE
2017-02-15,WIKA,2329.88,2329.88,2329.88,2329.88,0.0,True,True,True,True,PLACEHOLDER_CANDIDATE
2017-04-19,WIKA,2244.74,2244.74,2244.74,2244.74,0.0,True,True,True,True,PLACEHOLDER_CANDIDATE
2017-06-01,WIKA,2150.82,2150.82,2150.82,2150.82,0.0,True,True,True,True,PLACEHOLDER_CANDIDATE
2017-06-23,WIKA,2075.68,2075.68,2075.68,2075.68,0.0,True,True,True,True,PLACEHOLDER_CANDIDATE
2017-06-26,WIKA,2075.68,2075.68,2075.68,2075.68,0.0,True,True,True,True,PLACEHOLDER_CANDIDATE
2017-06-27,WIKA,2075.68,2075.68,2075.68,2075.68,0.0,True,True,True,True,PLACEHOLDER_CANDIDATE
2017-06-28,WIKA,2075.68,2075.68,2075.68,2075.68,0.0,True,True,True,True,PLACEHOLDER_CANDIDATE
2017-06-29,WIKA,2075.68,2075.68,2075.68,2075.68,0.0,True,True,True,True,PLACEHOLDER_CANDIDATE
2017-06-30,WIKA,2075.68,2075.68,2075.68,2075.68,0.0,True,True,True,True,PLACEHOLDER_CANDIDATE
2017-08-17,WIKA,1897.23,1897.23,1897.23,1897.23,0.0,True,True,True,True,PLACEHOLDER_CANDIDATE
2017-09-01,WIKA,1864.36,1864.36,1864.36,1864.36,0.0,True,True,True,True,PLACEHOLDER_CANDIDATE
2017-09-21,WIKA,1789.22,1789.22,1789.22,1789.22,0.0,True,True,True,True,PLACEHOLDER_CANDIDATE
2017-12-25,WIKA,1465.19,1465.19,1465.19,1465.19,0.0,True,True,True,True,PLACEHOLDER_CANDIDATE
2017-12-26,WIKA,1465.19,1465.19,1465.19,1465.19,0.0,True,True,True,True,PLACEHOLDER_CANDIDATE
2018-01-01,WIKA,1455.79,1455.79,1455.79,1455.79,0.0,True,True,True,True,PLACEHOLDER_CANDIDATE
2018-02-16,WIKA,1836.18,1836.18,1836.18,1836.18,0.0,True,True,True,True,PLACEHOLDER_CANDIDATE
2018-03-30,WIKA,1577.89,1577.89,1577.89,1577.89,0.0,True,True,True,True,PLACEHOLDER_CANDIDATE
2018-05-01,WIKA,1488.67,1488.67,1488.67,1488.67,0.0,True,True,True,True,PLACEHOLDER_CANDIDATE
2018-05-10,WIKA,1267.68,1267.68,1267.68,1267.68,0.0,True,True,True,True,PLACEHOLDER_CANDIDATE
2018-05-29,WIKA,1577.45,1577.45,1577.45,1577.45,0.0,True,True,True,True,PLACEHOLDER_CANDIDATE
2018-06-01,WIKA,1591.75,1591.75,1591.75,1591.75,0.0,True,True,True,True,PLACEHOLDER_CANDIDATE
2018-06-11,WIKA,1544.09,1544.09,1544.09,1544.09,0.0,True,True,True,True,PLACEHOLDER_CANDIDATE
2018-06-12,WIKA,1544.09,1544.09,1544.09,1544.09,0.0,True,True,True,True,PLACEHOLDER_CANDIDATE
2018-06-13,WIKA,1544.09,1544.09,1544.09,1544.09,0.0,True,True,True,True,PLACEHOLDER_CANDIDATE
2018-06-14,WIKA,1544.09,1544.09,1544.09,1544.09,0.0,True,True,True,True,PLACEHOLDER_CANDIDATE
2018-06-15,WIKA,1544.09,1544.09,1544.09,1544.09,0.0,True,True,True,True,PLACEHOLDER_CANDIDATE
2018-06-18,WIKA,1544.09,1544.09,1544.09,1544.09,0.0,True,True,True,True,PLACEHOLDER_CANDIDATE
2018-06-19,WIKA,1544.09,1544.09,1544.09,1544.09,0.0,True,True,True,True,PLACEHOLDER_CANDIDATE
2018-08-17,WIKA,1467.84,1467.84,1467.84,1467.84,0.0,True,True,True,True,PLACEHOLDER_CANDIDATE
2018-08-22,WIKA,1525.03,1525.03,1525.03,1525.03,0.0,True,True,True,True,PLACEHOLDER_CANDIDATE
2018-09-11,WIKA,1367.76,1367.76,1367.76,1367.76,0.0,True,True,True,True,PLACEHOLDER_CANDIDATE
2018-11-20,WIKA,1215.26,1215.26,1215.26,1215.26,0.0,True,True,True,True,PLACEHOLDER_CANDIDATE
2018-12-24,WIKA,1639.41,1639.41,1639.41,1639.41,0.0,True,True,True,True,PLACEHOLDER_CANDIDATE
2018-12-25,WIKA,1639.41,1639.41,1639.41,1639.41,0.0,True,True,True,True,PLACEHOLDER_CANDIDATE
2018-12-31,WIKA,1577.45,1577.45,1577.45,1577.45,0.0,True,True,True,True,PLACEHOLDER_CANDIDATE
2019-01-01,WIKA,1577.45,1577.45,1577.45,1577.45,0.0,True,True,True,True,PLACEHOLDER_CANDIDATE
2019-02-05,WIKA,1758.55,1758.55,1758.55,1758.55,0.0,True,True,True,True,PLACEHOLDER_CANDIDATE
2019-03-07,WIKA,1744.26,1744.26,1744.26,1744.26,0.0,True,True,True,True,PLACEHOLDER_CANDIDATE
2019-04-03,WIKA,2077.86,2077.86,2077.86,2077.86,0.0,True,True,True,True,PLACEHOLDER_CANDIDATE
2019-04-17,WIKA,2220.83,2220.83,2220.83,2220.83,0.0,True,True,True,True,PLACEHOLDER_CANDIDATE
2019-04-19,WIKA,2306.61,2306.61,2306.61,2306.61,0.0,True,True,True,True,PLACEHOLDER_CANDIDATE
2019-05-01,WIKA,2306.61,2306.61,2306.61,2306.61,0.0,True,True,True,True,PLACEHOLDER_CANDIDATE
2019-05-30,WIKA,2186.71,2186.71,2186.71,2186.71,0.0,True,True,True,True,PLACEHOLDER_CANDIDATE
2019-06-03,WIKA,2196.39,2196.39,2196.39,2196.39,0.0,True,True,True,True,PLACEHOLDER_CANDIDATE
2019-06-04,WIKA,2196.39,2196.39,2196.39,2196.39,0.0,True,True,True,True,PLACEHOLDER_CANDIDATE
2019-06-05,WIKA,2196.39,2196.39,2196.39,2196.39,0.0,True,True,True,True,PLACEHOLDER_CANDIDATE
2019-06-06,WIKA,2196.39,2196.39,2196.39,2196.39,0.0,True,True,True,True,PLACEHOLDER_CANDIDATE
2019-06-07,WIKA,2196.39,2196.39,2196.39,2196.39,0.0,True,True,True,True,PLACEHOLDER_CANDIDATE
2026-05-01,WIKA,204.0,204.0,204.0,204.0,0.0,True,True,True,True,PLACEHOLDER_CANDIDATE
2026-05-14,WIKA,204.0,204.0,204.0,204.0,0.0,True,True,True,True,PLACEHOLDER_CANDIDATE
2026-05-15,WIKA,204.0,204.0,204.0,204.0,0.0,True,True,True,True,PLACEHOLDER_CANDIDATE
2026-05-27,WIKA,204.0,204.0,204.0,204.0,0.0,True,True,True,True,PLACEHOLDER_CANDIDATE
2026-05-28,WIKA,204.0,204.0,204.0,204.0,0.0,True,True,True,True,PLACEHOLDER_CANDIDATE
2026-06-01,WIKA,204.0,204.0,204.0,204.0,0.0,True,True,True,True,PLACEHOLDER_CANDIDATE
2026-06-16,WIKA,204.0,204.0,204.0,204.0,0.0,True,True,True,True,PLACEHOLDER_CANDIDATE
2026-08-17,WIKA,204.0,204.0,204.0,204.0,0.0,True,True,True,True,PLACEHOLDER_CANDIDATE
2026-08-25,WIKA,204.0,204.0,204.0,204.0,0.0,True,True,True,True,PLACEHOLDER_CANDIDATE
2026-05-14,WINE,175.03480529785156,175.03480529785156,175.03480529785156,175.03480529785156,0.0,True,True,True,True,PLACEHOLDER_CANDIDATE
2026-05-15,WINE,175.03480529785156,175.03480529785156,175.03480529785156,175.03480529785156,0.0,True,True,True,True,PLACEHOLDER_CANDIDATE
2026-05-27,WINE,155.47784423828125,155.47784423828125,155.47784423828125,155.47784423828125,0.0,True,True,True,True,PLACEHOLDER_CANDIDATE
2026-05-28,WINE,155.47784423828125,155.47784423828125,155.47784423828125,155.47784423828125,0.0,True,True,True,True,PLACEHOLDER_CANDIDATE
2026-05-14,WINR,29.0,29.0,29.0,29.0,0.0,True,True,True,True,PLACEHOLDER_CANDIDATE
2026-05-15,WINR,29.0,29.0,29.0,29.0,0.0,True,True,True,True,PLACEHOLDER_CANDIDATE
2026-05-27,WINR,26.0,26.0,26.0,26.0,0.0,True,True,True,True,PLACEHOLDER_CANDIDATE
2026-05-28,WINR,26.0,26.0,26.0,26.0,0.0,True,True,True,True,PLACEHOLDER_CANDIDATE
2026-05-01,WINS,559.932373046875,559.932373046875,559.932373046875,559.932373046875,0.0,True,True,True,True,PLACEHOLDER_CANDIDATE
2026-05-14,WINS,550.1090087890625,550.1090087890625,550.1090087890625,550.1090087890625,0.0,True,True,True,True,PLACEHOLDER_CANDIDATE
2026-05-15,WINS,550.1090087890625,550.1090087890625,550.1090087890625,550.1090087890625,0.0,True,True,True,True,PLACEHOLDER_CANDIDATE
2026-05-27,WINS,500.0,500.0,500.0,500.0,0.0,True,True,True,True,PLACEHOLDER_CANDIDATE
2026-05-28,WINS,500.0,500.0,500.0,500.0,0.0,True,True,True,True,PLACEHOLDER_CANDIDATE
2026-05-14,WIRG,74.0,74.0,74.0,74.0,0.0,True,True,True,True,PLACEHOLDER_CANDIDATE
2026-05-15,WIRG,74.0,74.0,74.0,74.0,0.0,True,True,True,True,PLACEHOLDER_CANDIDATE
2026-05-27,WIRG,62.0,62.0,62.0,62.0,0.0,True,True,True,True,PLACEHOLDER_CANDIDATE
2026-05-28,WIRG,62.0,62.0,62.0,62.0,0.0,True,True,True,True,PLACEHOLDER_CANDIDATE
2026-05-14,WMPP,41.0,41.0,41.0,41.0,0.0,True,True,True,True,PLACEHOLDER_CANDIDATE
2026-05-15,WMPP,41.0,41.0,41.0,41.0,0.0,True,True,True,True,PLACEHOLDER_CANDIDATE
2026-05-27,WMPP,36.0,36.0,36.0,36.0,0.0,True,True,True,True,PLACEHOLDER_CANDIDATE
2026-05-28,WMPP,36.0,36.0,36.0,36.0,0.0,True,True,True,True,PLACEHOLDER_CANDIDATE
2026-05-14,WMUU,67.0,67.0,67.0,67.0,0.0,True,True,True,True,PLACEHOLDER_CANDIDATE
2026-05-15,WMUU,67.0,67.0,67.0,67.0,0.0,True,True,True,True,PLACEHOLDER_CANDIDATE
2026-05-27,WMUU,57.0,57.0,57.0,57.0,0.0,True,True,True,True,PLACEHOLDER_CANDIDATE
2026-05-28,WMUU,57.0,57.0,57.0,57.0,0.0,True,True,True,True,PLACEHOLDER_CANDIDATE
2026-05-14,WOMF,298.0,298.0,298.0,298.0,0.0,True,True,True,True,PLACEHOLDER_CANDIDATE
2026-05-15,WOMF,298.0,298.0,298.0,298.0,0.0,True,True,True,True,PLACEHOLDER_CANDIDATE
2026-05-27,WOMF,284.0,284.0,284.0,284.0,0.0,True,True,True,True,PLACEHOLDER_CANDIDATE
2026-05-28,WOMF,284.0,284.0,284.0,284.0,0.0,True,True,True,True,PLACEHOLDER_CANDIDATE
2026-05-14,WOOD,300.0,300.0,300.0,300.0,0.0,True,True,True,True,PLACEHOLDER_CANDIDATE
2026-05-15,WOOD,300.0,300.0,300.0,300.0,0.0,True,True,True,True,PLACEHOLDER_CANDIDATE
2026-05-27,WOOD,258.0,258.0,258.0,258.0,0.0,True,True,True,True,PLACEHOLDER_CANDIDATE
2026-05-28,WOOD,258.0,258.0,258.0,258.0,0.0,True,True,True,True,PLACEHOLDER_CANDIDATE
2026-05-14,WOWS,71.0,71.0,71.0,71.0,0.0,True,True,True,True,PLACEHOLDER_CANDIDATE
2026-05-15,WOWS,71.0,71.0,71.0,71.0,0.0,True,True,True,True,PLACEHOLDER_CANDIDATE
2026-05-27,WOWS,63.0,63.0,63.0,63.0,0.0,True,True,True,True,PLACEHOLDER_CANDIDATE
2026-05-28,WOWS,63.0,63.0,63.0,63.0,0.0,True,True,True,True,PLACEHOLDER_CANDIDATE
2017-01-02,WSBP,453.47,453.47,453.47,453.47,0.0,True,True,True,True,PLACEHOLDER_CANDIDATE
2017-02-15,WSBP,461.64,461.64,461.64,461.64,0.0,True,True,True,True,PLACEHOLDER_CANDIDATE
2017-04-19,WSBP,430.29,430.29,430.29,430.29,0.0,True,True,True,True,PLACEHOLDER_CANDIDATE
2017-06-01,WSBP,421.94,421.94,421.94,421.94,0.0,True,True,True,True,PLACEHOLDER_CANDIDATE
2017-06-23,WSBP,401.05,401.05,401.05,401.05,0.0,True,True,True,True,PLACEHOLDER_CANDIDATE
2017-06-26,WSBP,401.05,401.05,401.05,401.05,0.0,True,True,True,True,PLACEHOLDER_CANDIDATE
2017-06-27,WSBP,401.05,401.05,401.05,401.05,0.0,True,True,True,True,PLACEHOLDER_CANDIDATE
2017-06-28,WSBP,401.05,401.05,401.05,401.05,0.0,True,True,True,True,PLACEHOLDER_CANDIDATE
2017-06-29,WSBP,401.05,401.05,401.05,401.05,0.0,True,True,True,True,PLACEHOLDER_CANDIDATE
2017-06-30,WSBP,401.05,401.05,401.05,401.05,0.0,True,True,True,True,PLACEHOLDER_CANDIDATE
2017-08-17,WSBP,387.68,387.68,387.68,387.68,0.0,True,True,True,True,PLACEHOLDER_CANDIDATE
2017-09-01,WSBP,364.29,364.29,364.29,364.29,0.0,True,True,True,True,PLACEHOLDER_CANDIDATE
2017-09-21,WSBP,319.17,319.17,319.17,319.17,0.0,True,True,True,True,PLACEHOLDER_CANDIDATE
2017-12-25,WSBP,342.56,342.56,342.56,342.56,0.0,True,True,True,True,PLACEHOLDER_CANDIDATE
2017-12-26,WSBP,342.56,342.56,342.56,342.56,0.0,True,True,True,True,PLACEHOLDER_CANDIDATE
2018-01-01,WSBP,340.89,340.89,340.89,340.89,0.0,True,True,True,True,PLACEHOLDER_CANDIDATE
2018-02-16,WSBP,401.05,401.05,401.05,401.05,0.0,True,True,True,True,PLACEHOLDER_CANDIDATE
2018-03-30,WSBP,345.9,345.9,345.9,345.9,0.0,True,True,True,True,PLACEHOLDER_CANDIDATE
2018-05-01,WSBP,362.06,362.06,362.06,362.06,0.0,True,True,True,True,PLACEHOLDER_CANDIDATE
2018-05-10,WSBP,333.38,333.38,333.38,333.38,0.0,True,True,True,True,PLACEHOLDER_CANDIDATE
2018-05-29,WSBP,362.06,362.06,362.06,362.06,0.0,True,True,True,True,PLACEHOLDER_CANDIDATE
2018-06-01,WSBP,360.27,360.27,360.27,360.27,0.0,True,True,True,True,PLACEHOLDER_CANDIDATE
2018-06-11,WSBP,365.65,365.65,365.65,365.65,0.0,True,True,True,True,PLACEHOLDER_CANDIDATE
2018-06-12,WSBP,365.65,365.65,365.65,365.65,0.0,True,True,True,True,PLACEHOLDER_CANDIDATE
2018-06-13,WSBP,365.65,365.65,365.65,365.65,0.0,True,True,True,True,PLACEHOLDER_CANDIDATE
2018-06-14,WSBP,365.65,365.65,365.65,365.65,0.0,True,True,True,True,PLACEHOLDER_CANDIDATE
2018-06-15,WSBP,365.65,365.65,365.65,365.65,0.0,True,True,True,True,PLACEHOLDER_CANDIDATE
2018-06-18,WSBP,365.65,365.65,365.65,365.65,0.0,True,True,True,True,PLACEHOLDER_CANDIDATE
2018-06-19,WSBP,365.65,365.65,365.65,365.65,0.0,True,True,True,True,PLACEHOLDER_CANDIDATE
2018-08-17,WSBP,342.35,342.35,342.35,342.35,0.0,True,True,True,True,PLACEHOLDER_CANDIDATE
2018-08-22,WSBP,353.1,353.1,353.1,353.1,0.0,True,True,True,True,PLACEHOLDER_CANDIDATE
2018-09-11,WSBP,320.84,320.84,320.84,320.84,0.0,True,True,True,True,PLACEHOLDER_CANDIDATE
2018-11-20,WSBP,299.33,299.33,299.33,299.33,0.0,True,True,True,True,PLACEHOLDER_CANDIDATE
2018-12-24,WSBP,354.89,354.89,354.89,354.89,0.0,True,True,True,True,PLACEHOLDER_CANDIDATE
2018-12-25,WSBP,354.89,354.89,354.89,354.89,0.0,True,True,True,True,PLACEHOLDER_CANDIDATE
2018-12-31,WSBP,336.97,336.97,336.97,336.97,0.0,True,True,True,True,PLACEHOLDER_CANDIDATE
2019-01-01,WSBP,336.97,336.97,336.97,336.97,0.0,True,True,True,True,PLACEHOLDER_CANDIDATE
2019-02-05,WSBP,353.1,353.1,353.1,353.1,0.0,True,True,True,True,PLACEHOLDER_CANDIDATE
2019-03-07,WSBP,342.35,342.35,342.35,342.35,0.0,True,True,True,True,PLACEHOLDER_CANDIDATE
2019-04-03,WSBP,369.23,369.23,369.23,369.23,0.0,True,True,True,True,PLACEHOLDER_CANDIDATE
2019-04-17,WSBP,396.12,396.12,396.12,396.12,0.0,True,True,True,True,PLACEHOLDER_CANDIDATE
2019-04-19,WSBP,396.12,396.12,396.12,396.12,0.0,True,True,True,True,PLACEHOLDER_CANDIDATE
2019-05-01,WSBP,394.33,394.33,394.33,394.33,0.0,True,True,True,True,PLACEHOLDER_CANDIDATE
2019-05-30,WSBP,368.91,368.91,368.91,368.91,0.0,True,True,True,True,PLACEHOLDER_CANDIDATE
2019-06-03,WSBP,376.48,376.48,376.48,376.48,0.0,True,True,True,True,PLACEHOLDER_CANDIDATE
2019-06-04,WSBP,376.48,376.48,376.48,376.48,0.0,True,True,True,True,PLACEHOLDER_CANDIDATE
2019-06-05,WSBP,376.48,376.48,376.48,376.48,0.0,True,True,True,True,PLACEHOLDER_CANDIDATE
2019-06-06,WSBP,376.48,376.48,376.48,376.48,0.0,True,True,True,True,PLACEHOLDER_CANDIDATE
2019-06-07,WSBP,376.48,376.48,376.48,376.48,0.0,True,True,True,True,PLACEHOLDER_CANDIDATE
2026-05-14,WSBP,17.0,17.0,17.0,17.0,0.0,True,True,True,True,PLACEHOLDER_CANDIDATE
2026-05-15,WSBP,17.0,17.0,17.0,17.0,0.0,True,True,True,True,PLACEHOLDER_CANDIDATE
2026-05-27,WSBP,16.0,16.0,16.0,16.0,0.0,True,True,True,True,PLACEHOLDER_CANDIDATE
2026-05-28,WSBP,16.0,16.0,16.0,16.0,0.0,True,True,True,True,PLACEHOLDER_CANDIDATE
2026-08-17,WSBP,14.0,14.0,14.0,14.0,0.0,True,True,True,True,PLACEHOLDER_CANDIDATE
2026-08-25,WSBP,14.0,14.0,14.0,14.0,0.0,True,True,True,True,PLACEHOLDER_CANDIDATE
2014-04-09,WSKT,677.01,677.01,677.01,677.01,0.0,True,True,True,True,PLACEHOLDER_CANDIDATE
2014-07-09,WSKT,665.41,665.41,665.41,665.41,0.0,True,True,True,True,PLACEHOLDER_CANDIDATE
2015-12-09,WSKT,1492.16,1492.16,1492.16,1492.16,0.0,True,True,True,True,PLACEHOLDER_CANDIDATE
2017-01-02,WSKT,2337.1,2337.1,2337.1,2337.1,0.0,True,True,True,True,PLACEHOLDER_CANDIDATE
2017-02-15,WSKT,2364.6,2364.6,2364.6,2364.6,0.0,True,True,True,True,PLACEHOLDER_CANDIDATE
2017-04-19,WSKT,2271.54,2271.54,2271.54,2271.54,0.0,True,True,True,True,PLACEHOLDER_CANDIDATE
2017-06-01,WSKT,2215.69,2215.69,2215.69,2215.69,0.0,True,True,True,True,PLACEHOLDER_CANDIDATE
2017-06-23,WSKT,2159.83,2159.83,2159.83,2159.83,0.0,True,True,True,True,PLACEHOLDER_CANDIDATE
2017-06-26,WSKT,2159.83,2159.83,2159.83,2159.83,0.0,True,True,True,True,PLACEHOLDER_CANDIDATE
2017-06-27,WSKT,2159.83,2159.83,2159.83,2159.83,0.0,True,True,True,True,PLACEHOLDER_CANDIDATE
2017-06-28,WSKT,2159.83,2159.83,2159.83,2159.83,0.0,True,True,True,True,PLACEHOLDER_CANDIDATE
2017-06-29,WSKT,2159.83,2159.83,2159.83,2159.83,0.0,True,True,True,True,PLACEHOLDER_CANDIDATE
2017-06-30,WSKT,2159.83,2159.83,2159.83,2159.83,0.0,True,True,True,True,PLACEHOLDER_CANDIDATE
2017-08-17,WSKT,2159.83,2159.83,2159.83,2159.83,0.0,True,True,True,True,PLACEHOLDER_CANDIDATE
2017-09-01,WSKT,2066.73,2066.73,2066.73,2066.73,0.0,True,True,True,True,PLACEHOLDER_CANDIDATE
2017-09-21,WSKT,1773.48,1773.48,1773.48,1773.48,0.0,True,True,True,True,PLACEHOLDER_CANDIDATE
2017-12-25,WSKT,2010.88,2010.88,2010.88,2010.88,0.0,True,True,True,True,PLACEHOLDER_CANDIDATE
2017-12-26,WSKT,2010.88,2010.88,2010.88,2010.88,0.0,True,True,True,True,PLACEHOLDER_CANDIDATE
2018-01-01,WSKT,2057.42,2057.42,2057.42,2057.42,0.0,True,True,True,True,PLACEHOLDER_CANDIDATE
2018-02-16,WSKT,2699.79,2699.79,2699.79,2699.79,0.0,True,True,True,True,PLACEHOLDER_CANDIDATE
2018-03-30,WSKT,2299.47,2299.47,2299.47,2299.47,0.0,True,True,True,True,PLACEHOLDER_CANDIDATE
2018-05-01,WSKT,2105.79,2105.79,2105.79,2105.79,0.0,True,True,True,True,PLACEHOLDER_CANDIDATE
2018-05-10,WSKT,1877.11,1877.11,1877.11,1877.11,0.0,True,True,True,True,PLACEHOLDER_CANDIDATE
2018-05-29,WSKT,2229.66,2229.66,2229.66,2229.66,0.0,True,True,True,True,PLACEHOLDER_CANDIDATE
2018-06-01,WSKT,2210.61,2210.61,2210.61,2210.61,0.0,True,True,True,True,PLACEHOLDER_CANDIDATE
2018-06-11,WSKT,2239.19,2239.19,2239.19,2239.19,0.0,True,True,True,True,PLACEHOLDER_CANDIDATE
2018-06-12,WSKT,2239.19,2239.19,2239.19,2239.19,0.0,True,True,True,True,PLACEHOLDER_CANDIDATE
2018-06-13,WSKT,2239.19,2239.19,2239.19,2239.19,0.0,True,True,True,True,PLACEHOLDER_CANDIDATE
2018-06-14,WSKT,2239.19,2239.19,2239.19,2239.19,0.0,True,True,True,True,PLACEHOLDER_CANDIDATE
2018-06-15,WSKT,2239.19,2239.19,2239.19,2239.19,0.0,True,True,True,True,PLACEHOLDER_CANDIDATE
2018-06-18,WSKT,2239.19,2239.19,2239.19,2239.19,0.0,True,True,True,True,PLACEHOLDER_CANDIDATE
2018-06-19,WSKT,2239.19,2239.19,2239.19,2239.19,0.0,True,True,True,True,PLACEHOLDER_CANDIDATE
2018-08-17,WSKT,1753.24,1753.24,1753.24,1753.24,0.0,True,True,True,True,PLACEHOLDER_CANDIDATE
2018-08-22,WSKT,1834.23,1834.23,1834.23,1834.23,0.0,True,True,True,True,PLACEHOLDER_CANDIDATE
2018-09-11,WSKT,1686.54,1686.54,1686.54,1686.54,0.0,True,True,True,True,PLACEHOLDER_CANDIDATE
2018-11-20,WSKT,1553.14,1553.14,1553.14,1553.14,0.0,True,True,True,True,PLACEHOLDER_CANDIDATE
2018-12-24,WSKT,1667.48,1667.48,1667.48,1667.48,0.0,True,True,True,True,PLACEHOLDER_CANDIDATE
2018-12-25,WSKT,1667.48,1667.48,1667.48,1667.48,0.0,True,True,True,True,PLACEHOLDER_CANDIDATE
2018-12-31,WSKT,1600.78,1600.78,1600.78,1600.78,0.0,True,True,True,True,PLACEHOLDER_CANDIDATE
2019-01-01,WSKT,1600.78,1600.78,1600.78,1600.78,0.0,True,True,True,True,PLACEHOLDER_CANDIDATE
2019-02-05,WSKT,1867.58,1867.58,1867.58,1867.58,0.0,True,True,True,True,PLACEHOLDER_CANDIDATE
2019-03-07,WSKT,1805.65,1805.65,1805.65,1805.65,0.0,True,True,True,True,PLACEHOLDER_CANDIDATE
2019-04-03,WSKT,1900.93,1900.93,1900.93,1900.93,0.0,True,True,True,True,PLACEHOLDER_CANDIDATE
2019-04-17,WSKT,2010.51,2010.51,2010.51,2010.51,0.0,True,True,True,True,PLACEHOLDER_CANDIDATE
2019-04-19,WSKT,2058.15,2058.15,2058.15,2058.15,0.0,True,True,True,True,PLACEHOLDER_CANDIDATE
2019-05-01,WSKT,2020.04,2020.04,2020.04,2020.04,0.0,True,True,True,True,PLACEHOLDER_CANDIDATE
2019-05-30,WSKT,1751.55,1751.55,1751.55,1751.55,0.0,True,True,True,True,PLACEHOLDER_CANDIDATE
2019-06-03,WSKT,1801.31,1801.31,1801.31,1801.31,0.0,True,True,True,True,PLACEHOLDER_CANDIDATE
2019-06-04,WSKT,1801.31,1801.31,1801.31,1801.31,0.0,True,True,True,True,PLACEHOLDER_CANDIDATE
2019-06-05,WSKT,1801.31,1801.31,1801.31,1801.31,0.0,True,True,True,True,PLACEHOLDER_CANDIDATE
2019-06-06,WSKT,1801.31,1801.31,1801.31,1801.31,0.0,True,True,True,True,PLACEHOLDER_CANDIDATE
2019-06-07,WSKT,1801.31,1801.31,1801.31,1801.31,0.0,True,True,True,True,PLACEHOLDER_CANDIDATE
2026-05-01,WSKT,202.0,202.0,202.0,202.0,0.0,True,True,True,True,PLACEHOLDER_CANDIDATE
2026-05-14,WSKT,202.0,202.0,202.0,202.0,0.0,True,True,True,True,PLACEHOLDER_CANDIDATE
2026-05-15,WSKT,202.0,202.0,202.0,202.0,0.0,True,True,True,True,PLACEHOLDER_CANDIDATE
2026-05-27,WSKT,202.0,202.0,202.0,202.0,0.0,True,True,True,True,PLACEHOLDER_CANDIDATE
2026-05-28,WSKT,202.0,202.0,202.0,202.0,0.0,True,True,True,True,PLACEHOLDER_CANDIDATE
2026-06-01,WSKT,202.0,202.0,202.0,202.0,0.0,True,True,True,True,PLACEHOLDER_CANDIDATE
2026-06-16,WSKT,202.0,202.0,202.0,202.0,0.0,True,True,True,True,PLACEHOLDER_CANDIDATE
2014-04-09,WTON,610.76,610.76,610.76,610.76,0.0,True,True,True,True,PLACEHOLDER_CANDIDATE
2014-07-09,WTON,642.91,642.91,642.91,642.91,0.0,True,True,True,True,PLACEHOLDER_CANDIDATE
2015-12-09,WTON,677.42,677.42,677.42,677.42,0.0,True,True,True,True,PLACEHOLDER_CANDIDATE
2017-01-02,WTON,673.56,673.56,673.56,673.56,0.0,True,True,True,True,PLACEHOLDER_CANDIDATE
2017-02-15,WTON,669.48,669.48,669.48,669.48,0.0,True,True,True,True,PLACEHOLDER_CANDIDATE
2017-04-19,WTON,636.26,636.26,636.26,636.26,0.0,True,True,True,True,PLACEHOLDER_CANDIDATE
2017-06-01,WTON,557.76,557.76,557.76,557.76,0.0,True,True,True,True,PLACEHOLDER_CANDIDATE
2017-06-23,WTON,512.32,512.32,512.32,512.32,0.0,True,True,True,True,PLACEHOLDER_CANDIDATE
2017-06-26,WTON,512.32,512.32,512.32,512.32,0.0,True,True,True,True,PLACEHOLDER_CANDIDATE
2017-06-27,WTON,512.32,512.32,512.32,512.32,0.0,True,True,True,True,PLACEHOLDER_CANDIDATE
2017-06-28,WTON,512.32,512.32,512.32,512.32,0.0,True,True,True,True,PLACEHOLDER_CANDIDATE
2017-06-29,WTON,512.32,512.32,512.32,512.32,0.0,True,True,True,True,PLACEHOLDER_CANDIDATE
2017-06-30,WTON,512.32,512.32,512.32,512.32,0.0,True,True,True,True,PLACEHOLDER_CANDIDATE
2017-08-17,WTON,483.4,483.4,483.4,483.4,0.0,True,True,True,True,PLACEHOLDER_CANDIDATE
2017-09-01,WTON,466.87,466.87,466.87,466.87,0.0,True,True,True,True,PLACEHOLDER_CANDIDATE
2017-09-21,WTON,491.66,491.66,491.66,491.66,0.0,True,True,True,True,PLACEHOLDER_CANDIDATE
2017-12-25,WTON,413.16,413.16,413.16,413.16,0.0,True,True,True,True,PLACEHOLDER_CANDIDATE
2017-12-26,WTON,413.16,413.16,413.16,413.16,0.0,True,True,True,True,PLACEHOLDER_CANDIDATE
2018-01-01,WTON,413.16,413.16,413.16,413.16,0.0,True,True,True,True,PLACEHOLDER_CANDIDATE
2018-02-16,WTON,483.4,483.4,483.4,483.4,0.0,True,True,True,True,PLACEHOLDER_CANDIDATE
2018-03-30,WTON,435.62,435.62,435.62,435.62,0.0,True,True,True,True,PLACEHOLDER_CANDIDATE
2018-05-01,WTON,402.63,402.63,402.63,402.63,0.0,True,True,True,True,PLACEHOLDER_CANDIDATE
2018-05-10,WTON,355.26,355.26,355.26,355.26,0.0,True,True,True,True,PLACEHOLDER_CANDIDATE
2018-05-29,WTON,387.4,387.4,387.4,387.4,0.0,True,True,True,True,PLACEHOLDER_CANDIDATE
2018-06-01,WTON,363.72,363.72,363.72,363.72,0.0,True,True,True,True,PLACEHOLDER_CANDIDATE
2018-06-11,WTON,382.33,382.33,382.33,382.33,0.0,True,True,True,True,PLACEHOLDER_CANDIDATE
2018-06-12,WTON,382.33,382.33,382.33,382.33,0.0,True,True,True,True,PLACEHOLDER_CANDIDATE
2018-06-13,WTON,382.33,382.33,382.33,382.33,0.0,True,True,True,True,PLACEHOLDER_CANDIDATE
2018-06-14,WTON,382.33,382.33,382.33,382.33,0.0,True,True,True,True,PLACEHOLDER_CANDIDATE
2018-06-15,WTON,382.33,382.33,382.33,382.33,0.0,True,True,True,True,PLACEHOLDER_CANDIDATE
2018-06-18,WTON,382.33,382.33,382.33,382.33,0.0,True,True,True,True,PLACEHOLDER_CANDIDATE
2018-06-19,WTON,382.33,382.33,382.33,382.33,0.0,True,True,True,True,PLACEHOLDER_CANDIDATE
2018-08-17,WTON,326.5,326.5,326.5,326.5,0.0,True,True,True,True,PLACEHOLDER_CANDIDATE
2018-08-22,WTON,334.96,334.96,334.96,334.96,0.0,True,True,True,True,PLACEHOLDER_CANDIDATE
2018-09-11,WTON,319.74,319.74,319.74,319.74,0.0,True,True,True,True,PLACEHOLDER_CANDIDATE
2018-11-20,WTON,297.74,297.74,297.74,297.74,0.0,True,True,True,True,PLACEHOLDER_CANDIDATE
2018-12-24,WTON,321.43,321.43,321.43,321.43,0.0,True,True,True,True,PLACEHOLDER_CANDIDATE
2018-12-25,WTON,321.43,321.43,321.43,321.43,0.0,True,True,True,True,PLACEHOLDER_CANDIDATE
2018-12-31,WTON,318.04,318.04,318.04,318.04,0.0,True,True,True,True,PLACEHOLDER_CANDIDATE
2019-01-01,WTON,318.04,318.04,318.04,318.04,0.0,True,True,True,True,PLACEHOLDER_CANDIDATE
2019-02-05,WTON,363.72,363.72,363.72,363.72,0.0,True,True,True,True,PLACEHOLDER_CANDIDATE
2019-03-07,WTON,465.22,465.22,465.22,465.22,0.0,True,True,True,True,PLACEHOLDER_CANDIDATE
2019-04-03,WTON,524.43,524.43,524.43,524.43,0.0,True,True,True,True,PLACEHOLDER_CANDIDATE
2019-04-17,WTON,566.19,566.19,566.19,566.19,0.0,True,True,True,True,PLACEHOLDER_CANDIDATE
2019-04-19,WTON,553.12,553.12,553.12,553.12,0.0,True,True,True,True,PLACEHOLDER_CANDIDATE
2019-05-01,WTON,531.34,531.34,531.34,531.34,0.0,True,True,True,True,PLACEHOLDER_CANDIDATE
2019-05-30,WTON,444.24,444.24,444.24,444.24,0.0,True,True,True,True,PLACEHOLDER_CANDIDATE
2019-06-03,WTON,448.59,448.59,448.59,448.59,0.0,True,True,True,True,PLACEHOLDER_CANDIDATE
2019-06-04,WTON,448.59,448.59,448.59,448.59,0.0,True,True,True,True,PLACEHOLDER_CANDIDATE
2019-06-05,WTON,448.59,448.59,448.59,448.59,0.0,True,True,True,True,PLACEHOLDER_CANDIDATE
2019-06-06,WTON,448.59,448.59,448.59,448.59,0.0,True,True,True,True,PLACEHOLDER_CANDIDATE
2019-06-07,WTON,448.59,448.59,448.59,448.59,0.0,True,True,True,True,PLACEHOLDER_CANDIDATE
2026-05-14,WTON,86.52,86.52,86.52,86.52,0.0,True,True,True,True,PLACEHOLDER_CANDIDATE
2026-05-15,WTON,86.52,86.52,86.52,86.52,0.0,True,True,True,True,PLACEHOLDER_CANDIDATE
2026-05-27,WTON,82.0,82.0,82.0,82.0,0.0,True,True,True,True,PLACEHOLDER_CANDIDATE
2026-05-28,WTON,82.0,82.0,82.0,82.0,0.0,True,True,True,True,PLACEHOLDER_CANDIDATE
2026-05-14,YELO,95.0,95.0,95.0,95.0,0.0,True,True,True,True,PLACEHOLDER_CANDIDATE
2026-05-15,YELO,95.0,95.0,95.0,95.0,0.0,True,True,True,True,PLACEHOLDER_CANDIDATE
2026-05-27,YELO,77.0,77.0,77.0,77.0,0.0,True,True,True,True,PLACEHOLDER_CANDIDATE
2026-05-28,YELO,77.0,77.0,77.0,77.0,0.0,True,True,True,True,PLACEHOLDER_CANDIDATE
2026-05-14,YOII,96.0,96.0,96.0,96.0,0.0,True,True,True,True,PLACEHOLDER_CANDIDATE
2026-05-15,YOII,96.0,96.0,96.0,96.0,0.0,True,True,True,True,PLACEHOLDER_CANDIDATE
2026-05-27,YOII,76.0,76.0,76.0,76.0,0.0,True,True,True,True,PLACEHOLDER_CANDIDATE
2026-05-28,YOII,76.0,76.0,76.0,76.0,0.0,True,True,True,True,PLACEHOLDER_CANDIDATE
2026-05-14,YPAS,880.0,880.0,880.0,880.0,0.0,True,True,True,True,PLACEHOLDER_CANDIDATE
2026-05-15,YPAS,880.0,880.0,880.0,880.0,0.0,True,True,True,True,PLACEHOLDER_CANDIDATE
2026-05-27,YPAS,635.0,635.0,635.0,635.0,0.0,True,True,True,True,PLACEHOLDER_CANDIDATE
2026-05-28,YPAS,635.0,635.0,635.0,635.0,0.0,True,True,True,True,PLACEHOLDER_CANDIDATE
2026-08-25,YPAS,1500.0,1500.0,1500.0,1500.0,0.0,True,True,True,True,PLACEHOLDER_CANDIDATE
2026-05-14,YULE,3260.0,3260.0,3260.0,3260.0,0.0,True,True,True,True,PLACEHOLDER_CANDIDATE
2026-05-15,YULE,3260.0,3260.0,3260.0,3260.0,0.0,True,True,True,True,PLACEHOLDER_CANDIDATE
2026-05-27,YULE,3240.0,3240.0,3240.0,3240.0,0.0,True,True,True,True,PLACEHOLDER_CANDIDATE
2026-05-28,YULE,3240.0,3240.0,3240.0,3240.0,0.0,True,True,True,True,PLACEHOLDER_CANDIDATE
2026-05-14,YUPI,1495.1929931640625,1495.1929931640625,1495.1929931640625,1495.1929931640625,0.0,True,True,True,True,PLACEHOLDER_CANDIDATE
2026-05-15,YUPI,1495.1929931640625,1495.1929931640625,1495.1929931640625,1495.1929931640625,0.0,True,True,True,True,PLACEHOLDER_CANDIDATE
2026-05-27,YUPI,1412.9254150390625,1412.9254150390625,1412.9254150390625,1412.9254150390625,0.0,True,True,True,True,PLACEHOLDER_CANDIDATE
2026-05-28,YUPI,1412.9254150390625,1412.9254150390625,1412.9254150390625,1412.9254150390625,0.0,True,True,True,True,PLACEHOLDER_CANDIDATE
2026-05-14,ZATA,80.0,80.0,80.0,80.0,0.0,True,True,True,True,PLACEHOLDER_CANDIDATE
2026-05-15,ZATA,80.0,80.0,80.0,80.0,0.0,True,True,True,True,PLACEHOLDER_CANDIDATE
2026-05-27,ZATA,70.0,70.0,70.0,70.0,0.0,True,True,True,True,PLACEHOLDER_CANDIDATE
2026-05-28,ZATA,70.0,70.0,70.0,70.0,0.0,True,True,True,True,PLACEHOLDER_CANDIDATE
2026-05-01,ZBRA,50.0,50.0,50.0,50.0,0.0,True,True,True,True,PLACEHOLDER_CANDIDATE
2026-05-14,ZBRA,50.0,50.0,50.0,50.0,0.0,True,True,True,True,PLACEHOLDER_CANDIDATE
2026-05-15,ZBRA,50.0,50.0,50.0,50.0,0.0,True,True,True,True,PLACEHOLDER_CANDIDATE
2026-05-27,ZBRA,50.0,50.0,50.0,50.0,0.0,True,True,True,True,PLACEHOLDER_CANDIDATE
2026-05-28,ZBRA,50.0,50.0,50.0,50.0,0.0,True,True,True,True,PLACEHOLDER_CANDIDATE
2026-06-01,ZBRA,50.0,50.0,50.0,50.0,0.0,True,True,True,True,PLACEHOLDER_CANDIDATE
2026-06-16,ZBRA,50.0,50.0,50.0,50.0,0.0,True,True,True,True,PLACEHOLDER_CANDIDATE
2026-08-17,ZBRA,50.0,50.0,50.0,50.0,0.0,True,True,True,True,PLACEHOLDER_CANDIDATE
2026-08-25,ZBRA,50.0,50.0,50.0,50.0,0.0,True,True,True,True,PLACEHOLDER_CANDIDATE
2026-05-01,ZINC,30.0,30.0,30.0,30.0,0.0,True,True,True,True,PLACEHOLDER_CANDIDATE
2026-05-14,ZINC,30.0,30.0,30.0,30.0,0.0,True,True,True,True,PLACEHOLDER_CANDIDATE
2026-05-15,ZINC,30.0,30.0,30.0,30.0,0.0,True,True,True,True,PLACEHOLDER_CANDIDATE
2026-05-27,ZINC,30.0,30.0,30.0,30.0,0.0,True,True,True,True,PLACEHOLDER_CANDIDATE
2026-05-28,ZINC,30.0,30.0,30.0,30.0,0.0,True,True,True,True,PLACEHOLDER_CANDIDATE
2026-06-01,ZINC,30.0,30.0,30.0,30.0,0.0,True,True,True,True,PLACEHOLDER_CANDIDATE
2026-06-16,ZINC,30.0,30.0,30.0,30.0,0.0,True,True,True,True,PLACEHOLDER_CANDIDATE
2026-08-17,ZINC,30.0,30.0,30.0,30.0,0.0,True,True,True,True,PLACEHOLDER_CANDIDATE
2026-08-25,ZINC,30.0,30.0,30.0,30.0,0.0,True,True,True,True,PLACEHOLDER_CANDIDATE
2026-05-14,ZONE,324.4800109863281,324.4800109863281,324.4800109863281,324.4800109863281,0.0,True,True,True,True,PLACEHOLDER_CANDIDATE
2026-05-15,ZONE,324.4800109863281,324.4800109863281,324.4800109863281,324.4800109863281,0.0,True,True,True,True,PLACEHOLDER_CANDIDATE
2026-05-27,ZONE,330.2742919921875,330.2742919921875,330.2742919921875,330.2742919921875,0.0,True,True,True,True,PLACEHOLDER_CANDIDATE
2026-05-28,ZONE,330.2742919921875,330.2742919921875,330.2742919921875,330.2742919921875,0.0,True,True,True,True,PLACEHOLDER_CANDIDATE
2026-05-14,ZYRX,140.0,140.0,140.0,140.0,0.0,True,True,True,True,PLACEHOLDER_CANDIDATE
2026-05-15,ZYRX,140.0,140.0,140.0,140.0,0.0,True,True,True,True,PLACEHOLDER_CANDIDATE
2026-05-27,ZYRX,136.0,136.0,136.0,136.0,0.0,True,True,True,True,PLACEHOLDER_CANDIDATE
2026-05-28,ZYRX,136.0,136.0,136.0,136.0,0.0,True,True,True,True,PLACEHOLDER_CANDIDATE
