date,ticker,open,high,low,close,volume
2015-01-02,BBRI,2095.41845703125,2131.78125,2095.41845703125,2118.145263671875,49671357
2015-01-05,BBRI,2109.054443359375,2127.236083984375,2104.509033203125,2109.054443359375,54526841
2015-01-06,BBRI,2099.963623046875,2113.599853515625,2090.873046875,2095.41845703125,71601886
2015-01-07,BBRI,2109.054443359375,2140.8720703125,2104.509033203125,2140.8720703125,160783727
2015-01-08,BBRI,2145.41748046875,2177.235107421875,2145.41748046875,2177.235107421875,161332636
2015-01-09,BBRI,2186.325927734375,2199.9619140625,2172.689697265625,2186.325927734375,147933855
2015-01-12,BBRI,2145.41748046875,2172.689697265625,2131.78125,2136.32666015625,98847157
2015-01-13,BBRI,2127.236083984375,2154.50830078125,2127.236083984375,2149.962890625,86738698
2015-01-14,BBRI,2140.8720703125,2163.598876953125,2136.32666015625,2136.32666015625,88165422
2015-01-15,BBRI,2127.236083984375,2145.41748046875,2122.690673828125,2127.236083984375,163544774
2015-01-16,BBRI,2118.145263671875,2154.50830078125,2099.963623046875,2104.509033203125,160613224
2015-01-19,BBRI,2109.054443359375,2127.236083984375,2104.509033203125,2109.054443359375,102499770
2015-01-20,BBRI,2109.054443359375,2113.599853515625,2059.055419921875,2090.873046875,305800881
2015-01-21,BBRI,2113.599853515625,2118.145263671875,2068.14599609375,2077.23681640625,238037511
2015-01-22,BBRI,2090.873046875,2104.509033203125,2068.14599609375,2086.32763671875,179535751
2015-01-23,BBRI,2109.054443359375,2159.0537109375,2109.054443359375,2159.0537109375,185410952
2015-01-26,BBRI,2145.41748046875,2172.689697265625,2118.145263671875,2159.0537109375,200738617
2015-01-27,BBRI,2168.144287109375,2186.325927734375,2159.0537109375,2168.144287109375,136142751
2015-01-28,BBRI,2168.144287109375,2168.144287109375,2122.690673828125,2127.236083984375,162863863
2015-01-29,BBRI,2136.32666015625,2136.32666015625,2118.145263671875,2127.236083984375,102927127
2015-01-30,BBRI,2127.236083984375,2140.8720703125,2118.145263671875,2122.690673828125,147868954
2015-02-02,BBRI,2122.690673828125,2131.78125,2109.054443359375,2131.78125,74154480
2015-02-03,BBRI,2136.32666015625,2149.962890625,2131.78125,2136.32666015625,102041612
2015-02-04,BBRI,2159.0537109375,2168.144287109375,2131.78125,2140.8720703125,214824910
2015-02-05,BBRI,2136.32666015625,2140.8720703125,2113.599853515625,2127.236083984375,142598763
2015-02-06,BBRI,2140.8720703125,2140.8720703125,2113.599853515625,2118.145263671875,194154453
2015-02-09,BBRI,2109.054443359375,2145.41748046875,2109.054443359375,2122.690673828125,143648731
2015-02-10,BBRI,2113.599853515625,2145.41748046875,2113.599853515625,2118.145263671875,155653238
2015-02-11,BBRI,2131.78125,2136.32666015625,2118.145263671875,2127.236083984375,115794600
2015-02-12,BBRI,2127.236083984375,2163.598876953125,2127.236083984375,2159.0537109375,227360177
2015-02-13,BBRI,2177.235107421875,2186.325927734375,2168.144287109375,2181.780517578125,263997959
2015-02-16,BBRI,2181.780517578125,2190.871337890625,2168.144287109375,2186.325927734375,296563472
2015-02-17,BBRI,2177.235107421875,2186.325927734375,2177.235107421875,2181.780517578125,138546843
2015-02-18,BBRI,2227.234375,2290.86962890625,2222.68896484375,2268.142578125,546873345
2015-02-20,BBRI,2277.2333984375,2327.232421875,2272.68798828125,2313.596435546875,205554500
2015-02-23,BBRI,2313.596435546875,2318.141845703125,2263.59716796875,2309.051025390625,195699430
2015-02-24,BBRI,2309.051025390625,2363.595458984375,2309.051025390625,2327.232421875,238958777
2015-02-25,BBRI,2345.4140625,2349.95947265625,2327.232421875,2349.95947265625,117731733
2015-02-26,BBRI,2349.95947265625,2363.595458984375,2336.3232421875,2354.5048828125,116841818
2015-02-27,BBRI,2372.686279296875,2372.686279296875,2340.86865234375,2340.86865234375,103315434
2015-03-02,BBRI,2340.86865234375,2354.5048828125,2336.3232421875,2354.5048828125,114639580
2015-03-03,BBRI,2318.141845703125,2359.050048828125,2318.141845703125,2340.86865234375,92189292
2015-03-04,BBRI,2336.3232421875,2345.4140625,2327.232421875,2331.77783203125,117220774
2015-03-05,BBRI,2336.3232421875,2340.86865234375,2322.687255859375,2336.3232421875,90490312
2015-03-06,BBRI,2340.86865234375,2377.231689453125,2331.77783203125,2377.231689453125,96560217
2015-03-09,BBRI,2363.595458984375,2363.595458984375,2336.3232421875,2349.95947265625,98470400
2015-03-10,BBRI,2336.3232421875,2381.777099609375,2331.77783203125,2340.86865234375,91844436
2015-03-11,BBRI,2327.232421875,2340.86865234375,2313.596435546875,2336.3232421875,150966057
2015-03-12,BBRI,2336.3232421875,2363.595458984375,2331.77783203125,2345.4140625,75197298
2015-03-13,BBRI,2363.595458984375,2368.140869140625,2318.141845703125,2318.141845703125,135312787
2015-03-16,BBRI,2299.960205078125,2363.595458984375,2299.960205078125,2345.4140625,78571607
2015-03-17,BBRI,2345.4140625,2363.595458984375,2345.4140625,2349.95947265625,66427397
2015-03-18,BBRI,2327.232421875,2359.050048828125,2290.86962890625,2359.050048828125,95450848
2015-03-19,BBRI,2372.686279296875,2381.777099609375,2354.5048828125,2372.686279296875,100387733
2015-03-20,BBRI,2331.77783203125,2368.140869140625,2331.77783203125,2345.4140625,149571783
2015-03-23,BBRI,2345.4140625,2359.050048828125,2340.86865234375,2345.4140625,118939004
2015-03-24,BBRI,2354.5048828125,2372.686279296875,2349.95947265625,2363.595458984375,116933669
2015-03-25,BBRI,2363.595458984375,2409.04931640625,2359.050048828125,2390.86767578125,121217143
2015-03-26,BBRI,2372.686279296875,2413.5947265625,2368.140869140625,2386.322509765625,117552430
2015-03-27,BBRI,2345.4140625,2386.322509765625,2345.4140625,2377.231689453125,136639960
2015-03-30,BBRI,2363.595458984375,2399.95849609375,2359.050048828125,2368.140869140625,144405544
2015-03-31,BBRI,2399.95849609375,2413.5947265625,2386.322509765625,2413.5947265625,211002894
2015-04-01,BBRI,2413.5947265625,2445.412353515625,2359.050048828125,2363.595458984375,212229965
2015-04-02,BBRI,2395.4130859375,2399.95849609375,2359.050048828125,2363.595458984375,125102960
2015-04-06,BBRI,2363.595458984375,2381.777099609375,2359.050048828125,2368.140869140625,102198365
2015-04-07,BBRI,2386.322509765625,2409.04931640625,2377.231689453125,2395.4130859375,126392733
2015-04-08,BBRI,2390.86767578125,2399.95849609375,2372.686279296875,2381.777099609375,105140366
2015-04-09,BBRI,2381.777099609375,2395.4130859375,2368.140869140625,2377.231689453125,43622903
2015-04-10,BBRI,2368.140869140625,2390.86767578125,2363.595458984375,2368.140869140625,60428993
2015-04-13,BBRI,2363.595458984375,2372.686279296875,2354.5048828125,2363.595458984375,136079500
2015-04-14,BBRI,2359.050048828125,2368.140869140625,2354.5048828125,2363.595458984375,94192426
2015-04-15,BBRI,2381.777099609375,2381.777099609375,2354.5048828125,2377.231689453125,80791995
2015-04-16,BBRI,2386.322509765625,2390.86767578125,2372.686279296875,2386.322509765625,75442053
2015-04-17,BBRI,2386.322509765625,2395.4130859375,2359.050048828125,2363.595458984375,99767323
2015-04-20,BBRI,2345.4140625,2390.86767578125,2340.86865234375,2390.86767578125,109599293
2015-04-21,BBRI,2395.4130859375,2399.95849609375,2381.777099609375,2399.95849609375,48140131
2015-04-22,BBRI,2372.686279296875,2395.4130859375,2363.595458984375,2395.4130859375,100332182
2015-04-23,BBRI,2386.322509765625,2386.322509765625,2363.595458984375,2372.686279296875,207800189
2015-04-24,BBRI,2377.231689453125,2381.777099609375,2349.95947265625,2354.5048828125,164811446
2015-04-27,BBRI,2345.4140625,2345.4140625,2181.780517578125,2186.325927734375,497780047
2015-04-28,BBRI,2145.41748046875,2195.41650390625,2127.236083984375,2159.0537109375,342672968
2015-04-29,BBRI,2159.0537109375,2172.689697265625,2045.419189453125,2113.599853515625,376079995
2015-04-30,BBRI,2109.054443359375,2186.325927734375,2095.41845703125,2113.599853515625,258526465
2015-05-04,BBRI,2072.69140625,2163.598876953125,2072.69140625,2113.599853515625,232215660
2015-05-05,BBRI,2140.8720703125,2177.235107421875,2113.599853515625,2127.236083984375,234983858
2015-05-06,BBRI,2122.690673828125,2140.8720703125,2109.054443359375,2136.32666015625,178719536
2015-05-07,BBRI,2122.690673828125,2131.78125,2104.509033203125,2113.599853515625,163944631
2015-05-08,BBRI,2113.599853515625,2131.78125,2113.599853515625,2118.145263671875,147337094
2015-05-11,BBRI,2127.236083984375,2145.41748046875,2127.236083984375,2140.8720703125,94399780
2015-05-12,BBRI,2136.32666015625,2213.59814453125,2131.78125,2186.325927734375,186576422
2015-05-13,BBRI,2204.50732421875,2213.59814453125,2181.780517578125,2213.59814453125,81381055
2015-05-15,BBRI,2227.234375,2231.779541015625,2136.32666015625,2145.41748046875,146280526
2015-05-18,BBRI,2127.236083984375,2181.780517578125,2127.236083984375,2181.780517578125,53435622
2015-05-19,BBRI,2195.41650390625,2231.779541015625,2172.689697265625,2231.779541015625,139255805
2015-05-20,BBRI,2254.506591796875,2281.77880859375,2231.779541015625,2268.142578125,130016195
2015-05-21,BBRI,2281.77880859375,2318.141845703125,2245.415771484375,2318.141845703125,217056849
2015-05-22,BBRI,2318.141845703125,2318.141845703125,2259.052001953125,2290.86962890625,134274919
2015-05-25,BBRI,2268.142578125,2277.2333984375,2236.324951171875,2245.415771484375,120460330
2015-05-26,BBRI,2218.1435546875,2272.68798828125,2218.1435546875,2249.961181640625,81987166
2015-05-27,BBRI,2186.325927734375,2240.870361328125,2172.689697265625,2172.689697265625,160967980
2015-05-28,BBRI,2181.780517578125,2195.41650390625,2149.962890625,2149.962890625,160285968
2015-05-29,BBRI,2127.236083984375,2159.0537109375,2127.236083984375,2140.8720703125,347453101
2015-06-01,BBRI,2131.78125,2140.8720703125,2113.599853515625,2131.78125,180903074
2015-06-03,BBRI,2118.145263671875,2131.78125,2045.419189453125,2045.419189453125,310101956
2015-06-04,BBRI,2049.964599609375,2059.055419921875,2013.6015625,2022.6923828125,208206646
2015-06-05,BBRI,1999.9654541015625,2054.510009765625,1999.9654541015625,2054.510009765625,109962849
2015-06-08,BBRI,2068.14599609375,2068.14599609375,1977.238525390625,1999.9654541015625,183136663
2015-06-09,BBRI,1977.238525390625,1977.238525390625,1872.6949462890625,1904.5125732421875,399282146
2015-06-10,BBRI,1904.5125732421875,1940.8756103515625,1868.1495361328125,1890.87646484375,209898475
2015-06-11,BBRI,1904.5125732421875,1909.0579833984375,1831.7864990234375,1840.8773193359375,232668318
2015-06-12,BBRI,1836.3319091796875,1895.4217529296875,1827.2412109375,1886.3310546875,166243671
2015-06-15,BBRI,1881.78564453125,1881.78564453125,1845.4227294921875,1845.4227294921875,139372957
2015-06-16,BBRI,1863.6041259765625,1927.2393798828125,1840.8773193359375,1918.148681640625,181513585
2015-06-17,BBRI,1936.3302001953125,2004.5108642578125,1927.2393798828125,1999.9654541015625,191224552
2015-06-18,BBRI,1981.783935546875,1995.4200439453125,1936.3302001953125,1959.05712890625,132440637
2015-06-19,BBRI,1968.1478271484375,2009.05615234375,1968.1478271484375,2009.05615234375,142452460
2015-06-22,BBRI,2027.2376708984375,2036.3284912109375,1968.1478271484375,1990.874755859375,104511705
2015-06-23,BBRI,1990.874755859375,1999.9654541015625,1949.96630859375,1963.6024169921875,154971226
2015-06-24,BBRI,1954.51171875,1972.6932373046875,1868.1495361328125,1872.6949462890625,322983178
2015-06-25,BBRI,1863.6041259765625,1872.6949462890625,1831.7864990234375,1854.513427734375,381805594
2015-06-26,BBRI,1845.4227294921875,1904.5125732421875,1845.4227294921875,1904.5125732421875,216146583
2015-06-29,BBRI,1872.6949462890625,1895.4217529296875,1854.513427734375,1886.3310546875,105070514
2015-06-30,BBRI,1877.2403564453125,1899.9671630859375,1868.1495361328125,1881.78564453125,216465588
2015-07-01,BBRI,1881.78564453125,1927.2393798828125,1881.78564453125,1918.148681640625,149727986
2015-07-02,BBRI,1936.3302001953125,1977.238525390625,1918.148681640625,1977.238525390625,179726054
2015-07-03,BBRI,1981.783935546875,1981.783935546875,1936.3302001953125,1968.1478271484375,124158044
2015-07-06,BBRI,1927.2393798828125,1949.96630859375,1881.78564453125,1890.87646484375,115791299
2015-07-07,BBRI,1890.87646484375,1918.148681640625,1890.87646484375,1904.5125732421875,114379425
2015-07-08,BBRI,1881.78564453125,1918.148681640625,1854.513427734375,1859.058837890625,138749796
2015-07-09,BBRI,1840.8773193359375,1881.78564453125,1840.8773193359375,1872.6949462890625,104666807
2015-07-10,BBRI,1890.87646484375,1922.694091796875,1881.78564453125,1904.5125732421875,104557905
2015-07-13,BBRI,1872.6949462890625,1913.603271484375,1872.6949462890625,1904.5125732421875,68977791
2015-07-14,BBRI,1890.87646484375,1913.603271484375,1886.3310546875,1909.0579833984375,136384205
2015-07-15,BBRI,1904.5125732421875,1904.5125732421875,1840.8773193359375,1840.8773193359375,194819965
2015-07-22,BBRI,1877.2403564453125,1886.3310546875,1849.968017578125,1881.78564453125,264081011
2015-07-23,BBRI,1881.78564453125,1890.87646484375,1863.6041259765625,1863.6041259765625,129274782
2015-07-24,BBRI,1854.513427734375,1872.6949462890625,1822.69580078125,1836.3319091796875,249506859
2015-07-27,BBRI,1836.3319091796875,1836.3319091796875,1777.2420654296875,1777.2420654296875,186627573
2015-07-28,BBRI,1763.60595703125,1781.787353515625,1709.0614013671875,1709.0614013671875,198727232
2015-07-29,BBRI,1731.7882080078125,1745.4244384765625,1718.152099609375,1727.242919921875,198551779
2015-07-30,BBRI,1749.9697265625,1763.60595703125,1690.8798828125,1699.9705810546875,189127366
2015-07-31,BBRI,1704.5159912109375,1822.69580078125,1704.5159912109375,1818.150390625,245988448
2015-08-03,BBRI,1840.8773193359375,1899.9671630859375,1818.150390625,1899.9671630859375,275629010
2015-08-04,BBRI,1886.3310546875,1904.5125732421875,1854.513427734375,1890.87646484375,185481353
2015-08-05,BBRI,1872.6949462890625,1963.6024169921875,1872.6949462890625,1963.6024169921875,134355770
2015-08-06,BBRI,1963.6024169921875,1977.238525390625,1945.4208984375,1959.05712890625,195384824
2015-08-07,BBRI,1940.8756103515625,1945.4208984375,1913.603271484375,1918.148681640625,58920317
2015-08-10,BBRI,1881.78564453125,1922.694091796875,1872.6949462890625,1922.694091796875,61042804
2015-08-11,BBRI,1954.51171875,1959.05712890625,1845.4227294921875,1845.4227294921875,89054788
2015-08-12,BBRI,1790.878173828125,1822.69580078125,1754.51513671875,1763.60595703125,255966171
2015-08-13,BBRI,1763.60595703125,1868.1495361328125,1763.60595703125,1822.69580078125,227895886
2015-08-14,BBRI,1840.8773193359375,1859.058837890625,1827.2412109375,1859.058837890625,77277434
2015-08-18,BBRI,1845.4227294921875,1854.513427734375,1781.787353515625,1781.787353515625,128873275
2015-08-19,BBRI,1809.0596923828125,1831.7864990234375,1781.787353515625,1799.9688720703125,85629879
2015-08-20,BBRI,1781.787353515625,1799.9688720703125,1759.060546875,1768.1512451171875,139306956
2015-08-21,BBRI,1727.242919921875,1736.3336181640625,1713.6068115234375,1727.242919921875,177506215
2015-08-24,BBRI,1672.6983642578125,1695.42529296875,1640.8807373046875,1663.607666015625,248510242
2015-08-25,BBRI,1681.7891845703125,1772.6966552734375,1681.7891845703125,1727.242919921875,258717318
2015-08-26,BBRI,1772.6966552734375,1777.2420654296875,1690.8798828125,1772.6966552734375,239235982
2015-08-27,BBRI,1827.2412109375,1909.0579833984375,1822.69580078125,1909.0579833984375,247086817
2015-08-28,BBRI,1936.3302001953125,1963.6024169921875,1890.87646484375,1890.87646484375,234548251
2015-08-31,BBRI,1872.6949462890625,1940.8756103515625,1872.6949462890625,1931.7847900390625,204396730
2015-09-01,BBRI,1890.87646484375,1918.148681640625,1836.3319091796875,1836.3319091796875,128265515
2015-09-02,BBRI,1818.150390625,1868.1495361328125,1795.423583984375,1854.513427734375,120962489
2015-09-03,BBRI,1868.1495361328125,1872.6949462890625,1836.3319091796875,1845.4227294921875,94235877
2015-09-04,BBRI,1818.150390625,1854.513427734375,1809.0596923828125,1831.7864990234375,106662242
2015-09-07,BBRI,1827.2412109375,1831.7864990234375,1777.2420654296875,1777.2420654296875,88421727
2015-09-08,BBRI,1772.6966552734375,1818.150390625,1763.60595703125,1804.5142822265625,87639063
2015-09-09,BBRI,1827.2412109375,1836.3319091796875,1795.423583984375,1804.5142822265625,186908078
2015-09-10,BBRI,1777.2420654296875,1781.787353515625,1749.9697265625,1754.51513671875,136625659
2015-09-11,BBRI,1772.6966552734375,1777.2420654296875,1745.4244384765625,1745.4244384765625,69257196
2015-09-14,BBRI,1768.1512451171875,1768.1512451171875,1731.7882080078125,1749.9697265625,81844163
2015-09-15,BBRI,1740.8790283203125,1749.9697265625,1731.7882080078125,1749.9697265625,83015683
2015-09-16,BBRI,1754.51513671875,1768.1512451171875,1740.8790283203125,1745.4244384765625,55606510
2015-09-17,BBRI,1768.1512451171875,1827.2412109375,1745.4244384765625,1822.69580078125,114613729
2015-09-18,BBRI,1827.2412109375,1831.7864990234375,1777.2420654296875,1777.2420654296875,126506585
2015-09-21,BBRI,1745.4244384765625,1754.51513671875,1727.242919921875,1731.7882080078125,132395536
2015-09-22,BBRI,1731.7882080078125,1745.4244384765625,1686.33447265625,1699.9705810546875,175062523
2015-09-23,BBRI,1672.6983642578125,1672.6983642578125,1595.427001953125,1599.972412109375,379040696
2015-09-25,BBRI,1581.7908935546875,1581.7908935546875,1513.6102294921875,1554.5185546875,456977593
2015-09-28,BBRI,1545.4278564453125,1549.9732666015625,1509.0648193359375,1509.0648193359375,230983639
2015-09-29,BBRI,1463.611083984375,1522.700927734375,1449.9749755859375,1518.1556396484375,333299706
2015-09-30,BBRI,1536.337158203125,1581.7908935546875,1522.700927734375,1572.7000732421875,412974083
2015-10-01,BBRI,1586.336181640625,1599.972412109375,1563.609375,1586.336181640625,169041569
2015-10-02,BBRI,1572.7000732421875,1586.336181640625,1554.5185546875,1577.2454833984375,124785605
2015-10-05,BBRI,1581.7908935546875,1663.607666015625,1581.7908935546875,1659.062255859375,182334199
2015-10-06,BBRI,1686.33447265625,1749.9697265625,1686.33447265625,1718.152099609375,327137950
2015-10-07,BBRI,1749.9697265625,1790.878173828125,1718.152099609375,1790.878173828125,258875171
2015-10-08,BBRI,1818.150390625,1822.69580078125,1790.878173828125,1813.60498046875,219113334
2015-10-09,BBRI,1836.3319091796875,1922.694091796875,1831.7864990234375,1918.148681640625,275471158
2015-10-12,BBRI,1931.7847900390625,1972.6932373046875,1927.2393798828125,1963.6024169921875,189487072
2015-10-13,BBRI,1945.4208984375,1945.4208984375,1822.69580078125,1822.69580078125,224369225
2015-10-15,BBRI,1881.78564453125,1918.148681640625,1836.3319091796875,1840.8773193359375,147112140
2015-10-16,BBRI,1854.513427734375,1895.4217529296875,1849.968017578125,1872.6949462890625,95461298
2015-10-19,BBRI,1895.4217529296875,1904.5125732421875,1881.78564453125,1895.4217529296875,84685512
2015-10-20,BBRI,1886.3310546875,1940.8756103515625,1877.2403564453125,1931.7847900390625,107579108
2015-10-21,BBRI,1945.4208984375,1963.6024169921875,1918.148681640625,1918.148681640625,101230348
2015-10-22,BBRI,1945.4208984375,1945.4208984375,1918.148681640625,1945.4208984375,77972646
2015-10-23,BBRI,1981.783935546875,2036.3284912109375,1972.6932373046875,2036.3284912109375,151021608
2015-10-26,BBRI,2099.963623046875,2127.236083984375,2095.41845703125,2109.054443359375,239808542
2015-10-27,BBRI,2090.873046875,2109.054443359375,2063.600830078125,2109.054443359375,130301100
2015-10-28,BBRI,2081.7822265625,2090.873046875,1990.874755859375,2018.14697265625,152041876
2015-10-29,BBRI,1999.9654541015625,2009.05615234375,1931.7847900390625,1954.51171875,212824525
2015-10-30,BBRI,1909.0579833984375,1963.6024169921875,1899.9671630859375,1913.603271484375,193973500
2015-11-02,BBRI,1881.78564453125,1909.0579833984375,1854.513427734375,1868.1495361328125,164033733
2015-11-03,BBRI,1918.148681640625,1977.238525390625,1899.9671630859375,1945.4208984375,230369279
2015-11-04,BBRI,1999.9654541015625,2018.14697265625,1995.4200439453125,2009.05615234375,164273537
2015-11-05,BBRI,1981.783935546875,1995.4200439453125,1945.4208984375,1949.96630859375,112339440
2015-11-06,BBRI,1986.329345703125,1995.4200439453125,1940.8756103515625,1945.4208984375,62716483
2015-11-09,BBRI,1945.4208984375,1954.51171875,1918.148681640625,1922.694091796875,60820600
2015-11-10,BBRI,1890.87646484375,1936.3302001953125,1881.78564453125,1899.9671630859375,112798148
2015-11-11,BBRI,1890.87646484375,1918.148681640625,1868.1495361328125,1904.5125732421875,91353277
2015-11-12,BBRI,1899.9671630859375,1936.3302001953125,1899.9671630859375,1913.603271484375,106905896
2015-11-13,BBRI,1904.5125732421875,1940.8756103515625,1899.9671630859375,1913.603271484375,91799335
2015-11-16,BBRI,1872.6949462890625,1918.148681640625,1859.058837890625,1913.603271484375,112637545
2015-11-17,BBRI,1936.3302001953125,1986.329345703125,1936.3302001953125,1981.783935546875,109649893
2015-11-18,BBRI,2013.6015625,2013.6015625,1959.05712890625,1990.874755859375,141030685
2015-11-19,BBRI,1990.874755859375,2004.5108642578125,1968.1478271484375,1995.4200439453125,118788301
2015-11-20,BBRI,1909.0579833984375,1999.9654541015625,1909.0579833984375,1999.9654541015625,82598226
2015-11-23,BBRI,1995.4200439453125,2027.2376708984375,1990.874755859375,1999.9654541015625,57231788
2015-11-24,BBRI,1977.238525390625,2013.6015625,1977.238525390625,2009.05615234375,44904425
2015-11-25,BBRI,2031.7830810546875,2086.32763671875,2018.14697265625,2086.32763671875,115113688
2015-11-26,BBRI,2090.873046875,2109.054443359375,2063.600830078125,2086.32763671875,129617438
2015-11-27,BBRI,2072.69140625,2086.32763671875,2045.419189453125,2054.510009765625,106859145
2015-11-30,BBRI,2013.6015625,2063.600830078125,1959.05712890625,1959.05712890625,385544559
2015-12-01,BBRI,2004.5108642578125,2054.510009765625,2004.5108642578125,2045.419189453125,204488582
2015-12-02,BBRI,2049.964599609375,2059.055419921875,2036.3284912109375,2049.964599609375,111897232
2015-12-03,BBRI,2031.7830810546875,2054.510009765625,2031.7830810546875,2049.964599609375,77578839
2015-12-04,BBRI,2027.2376708984375,2054.510009765625,2022.6923828125,2054.510009765625,113487310
2015-12-07,BBRI,2036.3284912109375,2068.14599609375,2004.5108642578125,2009.05615234375,88164322
2015-12-08,BBRI,1981.783935546875,1999.9654541015625,1972.6932373046875,1981.783935546875,129087229
2015-12-09,BBRI,1981.783935546875,1981.783935546875,1981.783935546875,1981.783935546875,0
2015-12-10,BBRI,1963.6024169921875,1990.874755859375,1959.05712890625,1977.238525390625,114144021
2015-12-11,BBRI,1977.238525390625,1986.329345703125,1963.6024169921875,1968.1478271484375,114291424
2015-12-14,BBRI,1931.7847900390625,1949.96630859375,1895.4217529296875,1940.8756103515625,160776577
2015-12-15,BBRI,1936.3302001953125,1954.51171875,1922.694091796875,1954.51171875,99525869
2015-12-16,BBRI,1977.238525390625,2063.600830078125,1972.6932373046875,2063.600830078125,163196068
2015-12-17,BBRI,2099.963623046875,2109.054443359375,2090.873046875,2099.963623046875,161731393
2015-12-18,BBRI,2040.873779296875,2059.055419921875,1977.238525390625,1977.238525390625,144885702
2015-12-21,BBRI,1977.238525390625,2022.6923828125,1977.238525390625,2018.14697265625,60442193
2015-12-22,BBRI,2009.05615234375,2018.14697265625,1986.329345703125,2009.05615234375,80111633
2015-12-23,BBRI,2009.05615234375,2022.6923828125,1995.4200439453125,2018.14697265625,35937620
2015-12-28,BBRI,1999.9654541015625,2081.7822265625,1995.4200439453125,2072.69140625,110588210
2015-12-29,BBRI,2063.600830078125,2077.23681640625,2059.055419921875,2072.69140625,64666266
2015-12-30,BBRI,2081.7822265625,2095.41845703125,2077.23681640625,2077.23681640625,145578164
2016-01-04,BBRI,2072.69140625,2109.054443359375,2036.3284912109375,2086.32763671875,110418807
2016-01-05,BBRI,2104.509033203125,2149.962890625,2104.509033203125,2104.509033203125,118849352
2016-01-06,BBRI,2072.69140625,2140.8720703125,2072.69140625,2095.41845703125,115640047
2016-01-07,BBRI,2063.600830078125,2095.41845703125,2045.419189453125,2045.419189453125,78404404
2016-01-08,BBRI,2045.419189453125,2127.236083984375,2045.419189453125,2109.054443359375,117153123
2016-01-11,BBRI,2072.69140625,2095.41845703125,2049.964599609375,2068.14599609375,124503450
2016-01-12,BBRI,2086.32763671875,2131.78125,2077.23681640625,2109.054443359375,128978327
2016-01-13,BBRI,2122.690673828125,2127.236083984375,2104.509033203125,2109.054443359375,75355151
2016-01-14,BBRI,2063.600830078125,2140.8720703125,2063.600830078125,2131.78125,175249526
2016-01-15,BBRI,2090.873046875,2118.145263671875,2081.7822265625,2081.7822265625,112145287
2016-01-18,BBRI,2081.7822265625,2095.41845703125,2063.600830078125,2072.69140625,68989341
2016-01-19,BBRI,2059.055419921875,2090.873046875,2059.055419921875,2090.873046875,67445464
2016-01-20,BBRI,2072.69140625,2086.32763671875,1999.9654541015625,1999.9654541015625,101954711
2016-01-21,BBRI,2036.3284912109375,2049.964599609375,1954.51171875,1968.1478271484375,169901784
2016-01-22,BBRI,2018.14697265625,2049.964599609375,1986.329345703125,2049.964599609375,142360058
2016-01-25,BBRI,2072.69140625,2077.23681640625,2049.964599609375,2077.23681640625,101288099
2016-01-26,BBRI,2072.69140625,2072.69140625,2036.3284912109375,2054.510009765625,72482451
2016-01-27,BBRI,2072.69140625,2081.7822265625,2054.510009765625,2068.14599609375,89068538
2016-01-28,BBRI,2049.964599609375,2063.600830078125,2040.873779296875,2045.419189453125,97870340
2016-01-29,BBRI,2045.419189453125,2063.600830078125,2004.5108642578125,2040.873779296875,256297276
2016-02-01,BBRI,2063.600830078125,2063.600830078125,2022.6923828125,2040.873779296875,91888437
2016-02-02,BBRI,2018.14697265625,2036.3284912109375,2004.5108642578125,2004.5108642578125,66356996
2016-02-03,BBRI,1999.9654541015625,2004.5108642578125,1977.238525390625,1986.329345703125,169675730
2016-02-04,BBRI,2009.05615234375,2072.69140625,2009.05615234375,2072.69140625,165717312
2016-02-05,BBRI,2113.599853515625,2236.324951171875,2109.054443359375,2236.324951171875,512537352
2016-02-09,BBRI,2199.9619140625,2199.9619140625,2145.41748046875,2177.235107421875,135980498
2016-02-10,BBRI,2149.962890625,2181.780517578125,2136.32666015625,2140.8720703125,101815558
2016-02-11,BBRI,2131.78125,2177.235107421875,2131.78125,2159.0537109375,173954254
2016-02-12,BBRI,2154.50830078125,2181.780517578125,2131.78125,2145.41748046875,158189332
2016-02-15,BBRI,2163.598876953125,2172.689697265625,2145.41748046875,2159.0537109375,107813962
2016-02-16,BBRI,2159.0537109375,2177.235107421875,2159.0537109375,2168.144287109375,83554143
2016-02-17,BBRI,2168.144287109375,2172.689697265625,2154.50830078125,2172.689697265625,84647562
2016-02-18,BBRI,2181.780517578125,2190.871337890625,2159.0537109375,2181.780517578125,135121933
2016-02-19,BBRI,2063.600830078125,2113.599853515625,2045.419189453125,2081.7822265625,366381128
2016-02-22,BBRI,2081.7822265625,2081.7822265625,1990.874755859375,1995.4200439453125,284593615
2016-02-23,BBRI,1999.9654541015625,2004.5108642578125,1913.603271484375,1927.2393798828125,300350287
2016-02-24,BBRI,1927.2393798828125,1959.05712890625,1913.603271484375,1940.8756103515625,284699217
2016-02-25,BBRI,1945.4208984375,1949.96630859375,1895.4217529296875,1899.9671630859375,195037218
2016-02-26,BBRI,1913.603271484375,1972.6932373046875,1909.0579833984375,1972.6932373046875,217515007
2016-02-29,BBRI,1972.6932373046875,2013.6015625,1968.1478271484375,2013.6015625,204357679
2016-03-01,BBRI,1999.9654541015625,2018.14697265625,1936.3302001953125,1945.4208984375,162947464
2016-03-02,BBRI,1981.783935546875,2013.6015625,1981.783935546875,1995.4200439453125,177538116
2016-03-03,BBRI,2027.2376708984375,2036.3284912109375,1986.329345703125,2027.2376708984375,145946120
2016-03-04,BBRI,2031.7830810546875,2068.14599609375,2013.6015625,2068.14599609375,105861428
2016-03-07,BBRI,2090.873046875,2090.873046875,2068.14599609375,2072.69140625,110993017
2016-03-08,BBRI,2081.7822265625,2090.873046875,2027.2376708984375,2059.055419921875,151970924
2016-03-10,BBRI,2045.419189453125,2045.419189453125,1986.329345703125,1999.9654541015625,262774188
2016-03-11,BBRI,1999.9654541015625,1999.9654541015625,1999.9654541015625,1999.9654541015625,0
2016-03-14,BBRI,1999.9654541015625,1999.9654541015625,1999.9654541015625,1999.9654541015625,0
2016-03-15,BBRI,2022.6923828125,2031.7830810546875,2004.5108642578125,2013.6015625,119004455
2016-03-16,BBRI,1999.9654541015625,2013.6015625,1986.329345703125,2009.05615234375,132047380
2016-03-17,BBRI,2018.14697265625,2031.7830810546875,1999.9654541015625,1999.9654541015625,162228602
2016-03-18,BBRI,2018.14697265625,2036.3284912109375,2009.05615234375,2022.6923828125,259153476
2016-03-21,BBRI,2018.14697265625,2045.419189453125,2013.6015625,2027.2376708984375,130951761
2016-03-22,BBRI,2031.7830810546875,2036.3284912109375,2018.14697265625,2031.7830810546875,151479216
2016-03-23,BBRI,2031.7830810546875,2049.964599609375,2027.2376708984375,2049.964599609375,140720480
2016-03-24,BBRI,2059.055419921875,2059.055419921875,2045.419189453125,2049.964599609375,112620495
2016-03-28,BBRI,2054.510009765625,2054.510009765625,2009.05615234375,2018.14697265625,54560392
2016-03-29,BBRI,2018.14697265625,2022.6923828125,1986.329345703125,1995.4200439453125,104528755
2016-03-30,BBRI,1995.4200439453125,2036.3284912109375,1995.4200439453125,2027.2376708984375,162989815
2016-03-31,BBRI,2009.05615234375,2077.23681640625,2009.05615234375,2077.23681640625,174889820
2016-04-01,BBRI,2054.510009765625,2054.510009765625,1999.9654541015625,2018.14697265625,133941613
2016-04-04,BBRI,1999.9654541015625,2022.6923828125,1999.9654541015625,2018.14697265625,65779486
2016-04-05,BBRI,2018.14697265625,2031.7830810546875,2009.05615234375,2018.14697265625,87672614
2016-04-06,BBRI,2027.2376708984375,2031.7830810546875,2018.14697265625,2027.2376708984375,92484097
2016-04-07,BBRI,2022.6923828125,2031.7830810546875,1999.9654541015625,2018.14697265625,107075849
2016-04-08,BBRI,1999.9654541015625,2013.6015625,1959.05712890625,1963.6024169921875,196905601
2016-04-11,BBRI,1963.6024169921875,1963.6024169921875,1963.6024169921875,1963.6024169921875,0
2016-04-12,BBRI,1909.0579833984375,1945.4208984375,1890.87646484375,1931.7847900390625,133667708
2016-04-13,BBRI,1931.7847900390625,1931.7847900390625,1931.7847900390625,1931.7847900390625,0
2016-04-14,BBRI,1931.7847900390625,1931.7847900390625,1931.7847900390625,1931.7847900390625,0
2016-04-15,BBRI,1931.7847900390625,1931.7847900390625,1931.7847900390625,1931.7847900390625,0
2016-04-18,BBRI,1931.7847900390625,1931.7847900390625,1931.7847900390625,1931.7847900390625,0
2016-04-19,BBRI,1931.7847900390625,1931.7847900390625,1931.7847900390625,1931.7847900390625,0
2016-04-20,BBRI,1845.4227294921875,1909.0579833984375,1849.968017578125,1904.5125732421875,263211446
2016-04-21,BBRI,1949.96630859375,1949.96630859375,1909.0579833984375,1945.4208984375,227710533
2016-04-22,BBRI,1945.4208984375,1986.329345703125,1936.3302001953125,1981.783935546875,221574077
2016-04-25,BBRI,1972.6932373046875,1977.238525390625,1890.87646484375,1909.0579833984375,296180665
2016-04-26,BBRI,1899.9671630859375,1899.9671630859375,1827.2412109375,1854.513427734375,185677707
2016-04-27,BBRI,1845.4227294921875,1877.2403564453125,1840.8773193359375,1854.513427734375,156014044
2016-04-28,BBRI,1872.6949462890625,1904.5125732421875,1859.058837890625,1886.3310546875,171253157
2016-04-29,BBRI,1877.2403564453125,1886.3310546875,1863.6041259765625,1881.78564453125,86244789
2016-05-02,BBRI,1899.9671630859375,1899.9671630859375,1849.968017578125,1868.1495361328125,66241494
2016-05-03,BBRI,1890.87646484375,1918.148681640625,1872.6949462890625,1913.603271484375,160901979
2016-05-04,BBRI,1909.0579833984375,1913.603271484375,1854.513427734375,1881.78564453125,126440583
2016-05-09,BBRI,1881.78564453125,1886.3310546875,1822.69580078125,1822.69580078125,170279091
2016-05-10,BBRI,1818.150390625,1840.8773193359375,1813.60498046875,1827.2412109375,133962513
2016-05-11,BBRI,1818.150390625,1840.8773193359375,1813.60498046875,1818.150390625,175368879
2016-05-12,BBRI,1813.60498046875,1827.2412109375,1790.878173828125,1799.9688720703125,158341134
2016-05-13,BBRI,1799.9688720703125,1809.0596923828125,1772.6966552734375,1795.423583984375,140777131
2016-05-16,BBRI,1790.878173828125,1809.0596923828125,1781.787353515625,1809.0596923828125,90902820
2016-05-17,BBRI,1799.9688720703125,1809.0596923828125,1754.51513671875,1763.60595703125,111727279
2016-05-18,BBRI,1745.4244384765625,1772.6966552734375,1731.7882080078125,1731.7882080078125,238519869
2016-05-19,BBRI,1740.8790283203125,1763.60595703125,1736.3336181640625,1759.060546875,182234647
2016-05-20,BBRI,1745.4244384765625,1790.878173828125,1745.4244384765625,1781.787353515625,183107512
2016-05-23,BBRI,1781.787353515625,1804.5142822265625,1781.787353515625,1804.5142822265625,75637306
2016-05-24,BBRI,1809.0596923828125,1822.69580078125,1786.332763671875,1786.332763671875,106542340
2016-05-25,BBRI,1804.5142822265625,1809.0596923828125,1795.423583984375,1804.5142822265625,78334003
2016-05-26,BBRI,1818.150390625,1872.6949462890625,1813.60498046875,1872.6949462890625,180724321
2016-05-27,BBRI,1863.6041259765625,1890.87646484375,1849.968017578125,1890.87646484375,108998682
2016-05-30,BBRI,1899.9671630859375,1940.8756103515625,1890.87646484375,1931.7847900390625,237301048
2016-05-31,BBRI,1931.7847900390625,1931.7847900390625,1877.2403564453125,1881.78564453125,208615303
2016-06-01,BBRI,1881.78564453125,1909.0579833984375,1877.2403564453125,1899.9671630859375,133323952
2016-06-02,BBRI,1881.78564453125,1890.87646484375,1854.513427734375,1868.1495361328125,97257629
2016-06-03,BBRI,1877.2403564453125,1899.9671630859375,1863.6041259765625,1890.87646484375,67912423
2016-06-06,BBRI,1899.9671630859375,1927.2393798828125,1886.3310546875,1927.2393798828125,107442705
2016-06-07,BBRI,1931.7847900390625,1940.8756103515625,1922.694091796875,1936.3302001953125,128565820
2016-06-08,BBRI,1927.2393798828125,1936.3302001953125,1913.603271484375,1936.3302001953125,124220195
2016-06-09,BBRI,1936.3302001953125,1936.3302001953125,1886.3310546875,1886.3310546875,78021597
2016-06-10,BBRI,1881.78564453125,1899.9671630859375,1877.2403564453125,1877.2403564453125,63123490
2016-06-13,BBRI,1877.2403564453125,1877.2403564453125,1831.7864990234375,1836.3319091796875,106356987
2016-06-14,BBRI,1827.2412109375,1840.8773193359375,1804.5142822265625,1813.60498046875,110417707
2016-06-15,BBRI,1799.9688720703125,1840.8773193359375,1799.9688720703125,1827.2412109375,96543167
2016-06-16,BBRI,1849.968017578125,1859.058837890625,1840.8773193359375,1854.513427734375,161866695
2016-06-17,BBRI,1863.6041259765625,1872.6949462890625,1818.150390625,1863.6041259765625,124721804
2016-06-20,BBRI,1890.87646484375,1895.4217529296875,1849.968017578125,1877.2403564453125,81492707
2016-06-21,BBRI,1872.6949462890625,1890.87646484375,1868.1495361328125,1890.87646484375,104446804
2016-06-22,BBRI,1890.87646484375,1909.0579833984375,1881.78564453125,1909.0579833984375,72391150
2016-06-23,BBRI,1909.0579833984375,1909.0579833984375,1872.6949462890625,1895.4217529296875,52309753
2016-06-24,BBRI,1872.6949462890625,1895.4217529296875,1818.150390625,1872.6949462890625,124718504
2016-06-27,BBRI,1827.2412109375,1868.1495361328125,1827.2412109375,1859.058837890625,39102925
2016-06-28,BBRI,1845.4227294921875,1890.87646484375,1840.8773193359375,1886.3310546875,168497610
2016-06-29,BBRI,1895.4217529296875,1940.8756103515625,1895.4217529296875,1940.8756103515625,206998275
2016-06-30,BBRI,1963.6024169921875,1986.329345703125,1949.96630859375,1963.6024169921875,285078724
2016-07-01,BBRI,1981.783935546875,1990.874755859375,1945.4208984375,1954.51171875,112926300
2016-07-11,BBRI,1990.874755859375,2072.69140625,1981.783935546875,2063.600830078125,370975907
2016-07-12,BBRI,2090.873046875,2109.054443359375,2077.23681640625,2090.873046875,175051523
2016-07-13,BBRI,2099.963623046875,2099.963623046875,2072.69140625,2099.963623046875,118839452
2016-07-14,BBRI,2109.054443359375,2109.054443359375,2059.055419921875,2068.14599609375,117699282
2016-07-15,BBRI,2081.7822265625,2095.41845703125,2081.7822265625,2090.873046875,88819384
2016-07-18,BBRI,2054.510009765625,2109.054443359375,2054.510009765625,2086.32763671875,119466463
2016-07-19,BBRI,2059.055419921875,2154.50830078125,2059.055419921875,2145.41748046875,275160952
2016-07-20,BBRI,2145.41748046875,2181.780517578125,2145.41748046875,2159.0537109375,152558335
2016-07-21,BBRI,2140.8720703125,2159.0537109375,2090.873046875,2090.873046875,115988753
2016-07-22,BBRI,2077.23681640625,2086.32763671875,2045.419189453125,2077.23681640625,107461406
2016-07-25,BBRI,2063.600830078125,2081.7822265625,2031.7830810546875,2063.600830078125,89527246
2016-07-26,BBRI,2054.510009765625,2099.963623046875,2045.419189453125,2099.963623046875,69135644
2016-07-27,BBRI,2109.054443359375,2136.32666015625,2099.963623046875,2109.054443359375,304479759
2016-07-28,BBRI,2072.69140625,2090.873046875,2049.964599609375,2072.69140625,132776693
2016-07-29,BBRI,2081.7822265625,2118.145263671875,2081.7822265625,2095.41845703125,256196075
2016-08-01,BBRI,2109.054443359375,2140.8720703125,2104.509033203125,2131.78125,324829010
2016-08-02,BBRI,2131.78125,2149.962890625,2127.236083984375,2136.32666015625,134250718
2016-08-03,BBRI,2145.41748046875,2145.41748046875,2099.963623046875,2118.145263671875,77617340
2016-08-04,BBRI,2145.41748046875,2159.0537109375,2131.78125,2145.41748046875,186287117
2016-08-05,BBRI,2159.0537109375,2186.325927734375,2154.50830078125,2177.235107421875,282299525
2016-08-08,BBRI,2199.9619140625,2227.234375,2190.871337890625,2209.052734375,227839785
2016-08-09,BBRI,2209.052734375,2222.68896484375,2177.235107421875,2181.780517578125,154562019
2016-08-10,BBRI,2190.871337890625,2213.59814453125,2140.8720703125,2181.780517578125,102617472
2016-08-11,BBRI,2199.9619140625,2199.9619140625,2154.50830078125,2163.598876953125,124912657
2016-08-12,BBRI,2136.32666015625,2209.052734375,2136.32666015625,2172.689697265625,148782519
2016-08-15,BBRI,2181.780517578125,2204.50732421875,2168.144287109375,2181.780517578125,101972311
2016-08-16,BBRI,2209.052734375,2213.59814453125,2190.871337890625,2199.9619140625,197105254
2016-08-18,BBRI,2209.052734375,2213.59814453125,2190.871337890625,2199.9619140625,252765665
2016-08-19,BBRI,2181.780517578125,2204.50732421875,2163.598876953125,2181.780517578125,144417094
2016-08-22,BBRI,2172.689697265625,2172.689697265625,2131.78125,2154.50830078125,151063409
2016-08-23,BBRI,2109.054443359375,2127.236083984375,2090.873046875,2099.963623046875,204825187
2016-08-24,BBRI,2113.599853515625,2140.8720703125,2095.41845703125,2118.145263671875,98438500
2016-08-25,BBRI,2136.32666015625,2163.598876953125,2131.78125,2154.50830078125,140641279
2016-08-26,BBRI,2136.32666015625,2149.962890625,2122.690673828125,2136.32666015625,101596654
2016-08-29,BBRI,2109.054443359375,2113.599853515625,2086.32763671875,2090.873046875,160667675
2016-08-30,BBRI,2109.054443359375,2113.599853515625,2086.32763671875,2095.41845703125,139547310
2016-08-31,BBRI,2118.145263671875,2140.8720703125,2113.599853515625,2118.145263671875,170538145
2016-09-01,BBRI,2099.963623046875,2131.78125,2095.41845703125,2127.236083984375,116693315
2016-09-02,BBRI,2090.873046875,2127.236083984375,2090.873046875,2113.599853515625,122769820
2016-09-05,BBRI,2145.41748046875,2149.962890625,2131.78125,2145.41748046875,137726778
2016-09-06,BBRI,2154.50830078125,2159.0537109375,2136.32666015625,2159.0537109375,80130334
2016-09-07,BBRI,2168.144287109375,2177.235107421875,2149.962890625,2177.235107421875,129184031
2016-09-08,BBRI,2163.598876953125,2181.780517578125,2163.598876953125,2177.235107421875,64527664
2016-09-09,BBRI,2172.689697265625,2177.235107421875,2131.78125,2136.32666015625,109550342
2016-09-13,BBRI,2122.690673828125,2140.8720703125,2109.054443359375,2122.690673828125,119633116
2016-09-14,BBRI,2104.509033203125,2131.78125,2090.873046875,2127.236083984375,100627538
2016-09-15,BBRI,2127.236083984375,2190.871337890625,2122.690673828125,2177.235107421875,155214880
2016-09-16,BBRI,2181.780517578125,2190.871337890625,2163.598876953125,2168.144287109375,151791071
2016-09-19,BBRI,2181.780517578125,2195.41650390625,2154.50830078125,2154.50830078125,75104897
2016-09-20,BBRI,2181.780517578125,2186.325927734375,2168.144287109375,2181.780517578125,135471189
2016-09-21,BBRI,2172.689697265625,2190.871337890625,2163.598876953125,2181.780517578125,171153606
2016-09-22,BBRI,2199.9619140625,2218.1435546875,2190.871337890625,2195.41650390625,148067507
2016-09-23,BBRI,2195.41650390625,2204.50732421875,2177.235107421875,2195.41650390625,122425514
2016-09-26,BBRI,2190.871337890625,2204.50732421875,2186.325927734375,2186.325927734375,79398821
2016-09-27,BBRI,2159.0537109375,2209.052734375,2140.8720703125,2199.9619140625,132320735
2016-09-28,BBRI,2199.9619140625,2213.59814453125,2190.871337890625,2199.9619140625,228429395
2016-09-29,BBRI,2218.1435546875,2227.234375,2204.50732421875,2222.68896484375,142713715
2016-09-30,BBRI,2199.9619140625,2227.234375,2195.41650390625,2218.1435546875,123068475
2016-10-03,BBRI,2218.1435546875,2240.870361328125,2218.1435546875,2231.779541015625,153450450
2016-10-04,BBRI,2231.779541015625,2240.870361328125,2209.052734375,2231.779541015625,75091147
2016-10-05,BBRI,2240.870361328125,2240.870361328125,2222.68896484375,2236.324951171875,151006208
2016-10-06,BBRI,2236.324951171875,2254.506591796875,2231.779541015625,2254.506591796875,115097738
2016-10-07,BBRI,2254.506591796875,2254.506591796875,2172.689697265625,2177.235107421875,142339158
2016-10-10,BBRI,2163.598876953125,2186.325927734375,2149.962890625,2154.50830078125,66738702
2016-10-11,BBRI,2163.598876953125,2181.780517578125,2163.598876953125,2172.689697265625,174577415
2016-10-12,BBRI,2168.144287109375,2204.50732421875,2149.962890625,2181.780517578125,70169662
2016-10-13,BBRI,2190.871337890625,2209.052734375,2154.50830078125,2177.235107421875,98899408
2016-10-14,BBRI,2163.598876953125,2240.870361328125,2154.50830078125,2222.68896484375,96902873
2016-10-17,BBRI,2209.052734375,2231.779541015625,2209.052734375,2209.052734375,110866514
2016-10-18,BBRI,2231.779541015625,2231.779541015625,2209.052734375,2218.1435546875,75698907
2016-10-19,BBRI,2231.779541015625,2231.779541015625,2199.9619140625,2209.052734375,41200111
2016-10-20,BBRI,2195.41650390625,2218.1435546875,2195.41650390625,2204.50732421875,67079708
2016-10-21,BBRI,2213.59814453125,2222.68896484375,2204.50732421875,2222.68896484375,48630189
2016-10-24,BBRI,2222.68896484375,2231.779541015625,2209.052734375,2218.1435546875,55387606
2016-10-25,BBRI,2236.324951171875,2236.324951171875,2209.052734375,2209.052734375,60999353
2016-10-26,BBRI,2181.780517578125,2222.68896484375,2181.780517578125,2195.41650390625,124992408
2016-10-27,BBRI,2195.41650390625,2218.1435546875,2186.325927734375,2218.1435546875,77750442
2016-10-28,BBRI,2181.780517578125,2227.234375,2181.780517578125,2218.1435546875,73928426
2016-10-31,BBRI,2236.324951171875,2236.324951171875,2195.41650390625,2218.1435546875,106301436
2016-11-01,BBRI,2227.234375,2236.324951171875,2218.1435546875,2222.68896484375,77841744
2016-11-02,BBRI,2222.68896484375,2263.59716796875,2213.59814453125,2254.506591796875,107751261
2016-11-03,BBRI,2254.506591796875,2254.506591796875,2227.234375,2240.870361328125,79249218
2016-11-04,BBRI,2218.1435546875,2254.506591796875,2209.052734375,2254.506591796875,52651309
2016-11-07,BBRI,2254.506591796875,2277.2333984375,2236.324951171875,2263.59716796875,107605508
2016-11-08,BBRI,2272.68798828125,2359.050048828125,2272.68798828125,2340.86865234375,141713797
2016-11-09,BBRI,2340.86865234375,2359.050048828125,2263.59716796875,2290.86962890625,154245214
2016-11-10,BBRI,2318.141845703125,2331.77783203125,2299.960205078125,2309.051025390625,96667469
2016-11-11,BBRI,2254.506591796875,2254.506591796875,2168.144287109375,2177.235107421875,327442105
2016-11-14,BBRI,2127.236083984375,2131.78125,2022.6923828125,2022.6923828125,418181573
2016-11-15,BBRI,2036.3284912109375,2072.69140625,2004.5108642578125,2004.5108642578125,245969198
2016-11-16,BBRI,2036.3284912109375,2099.963623046875,2036.3284912109375,2090.873046875,199883902
2016-11-17,BBRI,2090.873046875,2109.054443359375,2068.14599609375,2090.873046875,105917529
2016-11-18,BBRI,2109.054443359375,2109.054443359375,2077.23681640625,2090.873046875,106213984
2016-11-21,BBRI,2077.23681640625,2086.32763671875,2063.600830078125,2081.7822265625,80737544
2016-11-22,BBRI,2063.600830078125,2090.873046875,2063.600830078125,2086.32763671875,112346590
2016-11-23,BBRI,2086.32763671875,2099.963623046875,2072.69140625,2090.873046875,96602568
2016-11-24,BBRI,2063.600830078125,2081.7822265625,2040.873779296875,2054.510009765625,124643702
2016-11-25,BBRI,2009.05615234375,2031.7830810546875,1977.238525390625,1986.329345703125,212318517
2016-11-28,BBRI,1954.51171875,1972.6932373046875,1895.4217529296875,1904.5125732421875,321262748
2016-11-29,BBRI,1895.4217529296875,1940.8756103515625,1895.4217529296875,1918.148681640625,187128632
2016-11-30,BBRI,1940.8756103515625,1995.4200439453125,1936.3302001953125,1981.783935546875,312543448
2016-12-01,BBRI,1981.783935546875,2018.14697265625,1977.238525390625,2009.05615234375,138604594
2016-12-02,BBRI,2009.05615234375,2068.14599609375,1999.9654541015625,2054.510009765625,122104309
2016-12-05,BBRI,2036.3284912109375,2059.055419921875,2022.6923828125,2022.6923828125,98347198
2016-12-06,BBRI,2027.2376708984375,2072.69140625,2018.14697265625,2059.055419921875,110179553
2016-12-07,BBRI,2063.600830078125,2077.23681640625,2049.964599609375,2077.23681640625,55707712
2016-12-08,BBRI,2068.14599609375,2090.873046875,2054.510009765625,2090.873046875,80500490
2016-12-09,BBRI,2086.32763671875,2090.873046875,2072.69140625,2086.32763671875,92402146
2016-12-13,BBRI,2081.7822265625,2131.78125,2072.69140625,2131.78125,102773125
2016-12-14,BBRI,2131.78125,2136.32666015625,2086.32763671875,2090.873046875,114209472
2016-12-15,BBRI,2027.2376708984375,2086.32763671875,1999.9654541015625,2072.69140625,108499274
2016-12-16,BBRI,2072.69140625,2072.69140625,2040.873779296875,2049.964599609375,193178186
2016-12-19,BBRI,2049.964599609375,2068.14599609375,2045.419189453125,2045.419189453125,78321352
2016-12-20,BBRI,2045.419189453125,2054.510009765625,2027.2376708984375,2040.873779296875,83385290
2016-12-21,BBRI,2077.23681640625,2081.7822265625,1999.9654541015625,1999.9654541015625,104368702
2016-12-22,BBRI,2004.5108642578125,2013.6015625,1972.6932373046875,1977.238525390625,143815934
2016-12-23,BBRI,1972.6932373046875,2004.5108642578125,1959.05712890625,1977.238525390625,110680611
2016-12-27,BBRI,1972.6932373046875,2013.6015625,1968.1478271484375,1999.9654541015625,56481575
2016-12-28,BBRI,2018.14697265625,2081.7822265625,2018.14697265625,2068.14599609375,89001987
2016-12-29,BBRI,2086.32763671875,2131.78125,2077.23681640625,2118.145263671875,146719984
2016-12-30,BBRI,2131.78125,2159.0537109375,2113.599853515625,2122.690673828125,213082480
2017-01-02,BBRI,2122.690673828125,2122.690673828125,2122.690673828125,2122.690673828125,0
2017-01-03,BBRI,2136.32666015625,2163.598876953125,2104.509033203125,2163.598876953125,74339834
2017-01-04,BBRI,2163.598876953125,2218.1435546875,2136.32666015625,2218.1435546875,87881617
2017-01-05,BBRI,2236.324951171875,2240.870361328125,2186.325927734375,2199.9619140625,159895461
2017-01-06,BBRI,2199.9619140625,2209.052734375,2177.235107421875,2199.9619140625,80566491
2017-01-09,BBRI,2181.780517578125,2209.052734375,2136.32666015625,2136.32666015625,79011614
2017-01-10,BBRI,2154.50830078125,2172.689697265625,2140.8720703125,2145.41748046875,69075143
2017-01-11,BBRI,2136.32666015625,2168.144287109375,2136.32666015625,2145.41748046875,75141197
2017-01-12,BBRI,2163.598876953125,2168.144287109375,2159.0537109375,2159.0537109375,72817407
2017-01-13,BBRI,2172.689697265625,2181.780517578125,2159.0537109375,2172.689697265625,110485908
2017-01-16,BBRI,2181.780517578125,2181.780517578125,2163.598876953125,2163.598876953125,101515803
2017-01-17,BBRI,2159.0537109375,2177.235107421875,2159.0537109375,2168.144287109375,43271447
2017-01-18,BBRI,2163.598876953125,2177.235107421875,2154.50830078125,2172.689697265625,70248313
2017-01-19,BBRI,2172.689697265625,2181.780517578125,2168.144287109375,2181.780517578125,92075440
2017-01-20,BBRI,2177.235107421875,2177.235107421875,2145.41748046875,2145.41748046875,40153443
2017-01-23,BBRI,2136.32666015625,2163.598876953125,2136.32666015625,2145.41748046875,51390687
2017-01-24,BBRI,2149.962890625,2163.598876953125,2145.41748046875,2149.962890625,66106191
2017-01-25,BBRI,2159.0537109375,2159.0537109375,2127.236083984375,2127.236083984375,125776722
2017-01-26,BBRI,2140.8720703125,2149.962890625,2131.78125,2136.32666015625,94049974
2017-01-27,BBRI,2127.236083984375,2136.32666015625,2122.690673828125,2131.78125,54107184
2017-01-30,BBRI,2149.962890625,2154.50830078125,2136.32666015625,2136.32666015625,65218476
2017-01-31,BBRI,2131.78125,2149.962890625,2127.236083984375,2131.78125,75222599
2017-02-01,BBRI,2145.41748046875,2177.235107421875,2140.8720703125,2172.689697265625,178441232
2017-02-02,BBRI,2181.780517578125,2186.325927734375,2168.144287109375,2177.235107421875,129157080
2017-02-03,BBRI,2181.780517578125,2190.871337890625,2177.235107421875,2181.780517578125,135167034
2017-02-06,BBRI,2195.41650390625,2204.50732421875,2181.780517578125,2190.871337890625,250986935
2017-02-07,BBRI,2190.871337890625,2195.41650390625,2181.780517578125,2186.325927734375,85484676
2017-02-08,BBRI,2177.235107421875,2181.780517578125,2149.962890625,2172.689697265625,147025239
2017-02-09,BBRI,2177.235107421875,2186.325927734375,2168.144287109375,2177.235107421875,127802407
2017-02-10,BBRI,2177.235107421875,2190.871337890625,2177.235107421875,2186.325927734375,95515199
2017-02-13,BBRI,2195.41650390625,2204.50732421875,2181.780517578125,2195.41650390625,96346814
2017-02-14,BBRI,2181.780517578125,2195.41650390625,2163.598876953125,2181.780517578125,69135094
2017-02-15,BBRI,2181.780517578125,2181.780517578125,2181.780517578125,2181.780517578125,0
2017-02-16,BBRI,2181.780517578125,2181.780517578125,2140.8720703125,2181.780517578125,128769324
2017-02-17,BBRI,2154.50830078125,2168.144287109375,2127.236083984375,2127.236083984375,98121144
2017-02-20,BBRI,2145.41748046875,2154.50830078125,2118.145263671875,2136.32666015625,83084435
2017-02-21,BBRI,2154.50830078125,2181.780517578125,2149.962890625,2163.598876953125,86270090
2017-02-22,BBRI,2181.780517578125,2181.780517578125,2163.598876953125,2181.780517578125,103578889
2017-02-23,BBRI,2168.144287109375,2181.780517578125,2168.144287109375,2168.144287109375,65381829
2017-02-24,BBRI,2159.0537109375,2181.780517578125,2154.50830078125,2172.689697265625,83788997
2017-02-27,BBRI,2181.780517578125,2181.780517578125,2159.0537109375,2159.0537109375,58183854
2017-02-28,BBRI,2168.144287109375,2186.325927734375,2163.598876953125,2172.689697265625,149039374
2017-03-01,BBRI,2154.50830078125,2172.689697265625,2154.50830078125,2172.689697265625,58873566
2017-03-02,BBRI,2177.235107421875,2181.780517578125,2154.50830078125,2154.50830078125,87007102
2017-03-03,BBRI,2163.598876953125,2177.235107421875,2154.50830078125,2154.50830078125,47146264
2017-03-06,BBRI,2163.598876953125,2172.689697265625,2159.0537109375,2172.689697265625,54321138
2017-03-07,BBRI,2181.780517578125,2181.780517578125,2168.144287109375,2181.780517578125,103532138
2017-03-08,BBRI,2190.871337890625,2204.50732421875,2181.780517578125,2181.780517578125,89386993
2017-03-09,BBRI,2195.41650390625,2209.052734375,2186.325927734375,2195.41650390625,80096233
2017-03-10,BBRI,2209.052734375,2209.052734375,2186.325927734375,2195.41650390625,83685045
2017-03-13,BBRI,2209.052734375,2209.052734375,2186.325927734375,2195.41650390625,107761711
2017-03-14,BBRI,2181.780517578125,2204.50732421875,2181.780517578125,2190.871337890625,59510477
2017-03-15,BBRI,2190.871337890625,2222.68896484375,2190.871337890625,2209.052734375,133583557
2017-03-16,BBRI,2236.324951171875,2281.77880859375,2236.324951171875,2277.2333984375,297074431
2017-03-17,BBRI,2309.051025390625,2363.595458984375,2309.051025390625,2363.595458984375,408559706
2017-03-20,BBRI,2381.777099609375,2409.04931640625,2345.4140625,2363.595458984375,119646316
2017-03-21,BBRI,2363.595458984375,2381.777099609375,2354.5048828125,2363.595458984375,117868135
2017-03-22,BBRI,2354.5048828125,2399.95849609375,2327.232421875,2399.95849609375,261472316
2017-03-23,BBRI,2363.595458984375,2395.4130859375,2345.4140625,2390.86767578125,127782607
2017-03-24,BBRI,2386.322509765625,2395.4130859375,2377.231689453125,2390.86767578125,54328838
2017-03-27,BBRI,2322.687255859375,2390.86767578125,2309.051025390625,2322.687255859375,79188167
2017-03-29,BBRI,2345.4140625,2359.050048828125,2327.232421875,2331.77783203125,152638636
2017-03-30,BBRI,2354.5048828125,2354.5048828125,2286.32421875,2354.5048828125,97370381
2017-03-31,BBRI,2336.3232421875,2372.686279296875,2336.3232421875,2359.050048828125,81472907
2017-04-03,BBRI,2359.050048828125,2390.86767578125,2354.5048828125,2368.140869140625,132470888
2017-04-04,BBRI,2327.232421875,2386.322509765625,2327.232421875,2368.140869140625,64004605
2017-04-05,BBRI,2368.140869140625,2368.140869140625,2368.140869140625,2368.140869140625,0
2017-04-06,BBRI,2363.595458984375,2399.95849609375,2349.95947265625,2395.4130859375,69225295
2017-04-07,BBRI,2395.4130859375,2404.50390625,2368.140869140625,2372.686279296875,155016877
2017-04-10,BBRI,2381.777099609375,2409.04931640625,2349.95947265625,2381.777099609375,112550094
2017-04-11,BBRI,2381.777099609375,2381.777099609375,2331.77783203125,2345.4140625,43567352
2017-04-12,BBRI,2345.4140625,2354.5048828125,2322.687255859375,2322.687255859375,41581818
2017-04-13,BBRI,2368.140869140625,2377.231689453125,2309.051025390625,2309.051025390625,62858935
2017-04-17,BBRI,2318.141845703125,2318.141845703125,2259.052001953125,2259.052001953125,49219250
2017-04-18,BBRI,2295.414794921875,2354.5048828125,2290.86962890625,2340.86865234375,69504150
2017-04-19,BBRI,2340.86865234375,2340.86865234375,2340.86865234375,2340.86865234375,0
2017-04-20,BBRI,2363.595458984375,2363.595458984375,2313.596435546875,2318.141845703125,125882874
2017-04-21,BBRI,2318.141845703125,2359.050048828125,2318.141845703125,2349.95947265625,93732618
2017-04-25,BBRI,2363.595458984375,2390.86767578125,2363.595458984375,2386.322509765625,209825324
2017-04-26,BBRI,2390.86767578125,2404.50390625,2377.231689453125,2404.50390625,174112107
2017-04-27,BBRI,2390.86767578125,2399.95849609375,2349.95947265625,2363.595458984375,74987745
2017-04-28,BBRI,2390.86767578125,2390.86767578125,2345.4140625,2345.4140625,55645011
2017-05-02,BBRI,2386.322509765625,2386.322509765625,2363.595458984375,2372.686279296875,146474679
2017-05-03,BBRI,2386.322509765625,2413.5947265625,2377.231689453125,2399.95849609375,168168154
2017-05-04,BBRI,2413.5947265625,2531.7744140625,2413.5947265625,2531.7744140625,221305122
2017-05-05,BBRI,2545.41064453125,2545.41064453125,2495.411376953125,2531.7744140625,90490862
2017-05-08,BBRI,2518.138427734375,2581.773681640625,2518.138427734375,2563.592041015625,200488362
2017-05-09,BBRI,2563.592041015625,2609.0458984375,2545.41064453125,2545.41064453125,153557152
2017-05-10,BBRI,2581.773681640625,2590.8642578125,2536.31982421875,2540.865234375,113189205
2017-05-12,BBRI,2549.9560546875,2572.682861328125,2495.411376953125,2549.9560546875,132790993
2017-05-15,BBRI,2590.8642578125,2599.955078125,2572.682861328125,2599.955078125,134878279
2017-05-16,BBRI,2609.0458984375,2645.408935546875,2549.9560546875,2549.9560546875,125902674
2017-05-17,BBRI,2572.682861328125,2599.955078125,2527.22900390625,2563.592041015625,139094102
2017-05-18,BBRI,2499.956787109375,2568.137451171875,2486.32080078125,2563.592041015625,158054579
2017-05-19,BBRI,2518.138427734375,2781.77001953125,2509.047607421875,2636.318115234375,199162840
2017-05-22,BBRI,2690.862548828125,2772.679443359375,2654.49951171875,2659.044921875,178052925
2017-05-23,BBRI,2763.588623046875,2763.588623046875,2613.59130859375,2631.772705078125,110151502
2017-05-24,BBRI,2613.59130859375,2613.59130859375,2563.592041015625,2572.682861328125,124781205
2017-05-26,BBRI,2572.682861328125,2599.955078125,2568.137451171875,2586.31884765625,151350514
2017-05-29,BBRI,2599.955078125,2599.955078125,2563.592041015625,2581.773681640625,48242983
2017-05-30,BBRI,2549.9560546875,2599.955078125,2549.9560546875,2581.773681640625,46155147
2017-05-31,BBRI,2590.8642578125,2645.408935546875,2586.31884765625,2631.772705078125,182778607
2017-06-01,BBRI,2631.772705078125,2631.772705078125,2631.772705078125,2631.772705078125,0
2017-06-02,BBRI,2645.408935546875,2681.77197265625,2645.408935546875,2681.77197265625,97643186
2017-06-05,BBRI,2686.317138671875,2731.77099609375,2659.044921875,2731.77099609375,98219596
2017-06-06,BBRI,2699.953369140625,2727.2255859375,2654.49951171875,2668.1357421875,90498013
2017-06-07,BBRI,2699.953369140625,2713.589599609375,2681.77197265625,2713.589599609375,95703303
2017-06-08,BBRI,2727.2255859375,2727.2255859375,2663.59033203125,2663.59033203125,73026411
2017-06-09,BBRI,2636.318115234375,2645.408935546875,2599.955078125,2613.59130859375,159540705
2017-06-12,BBRI,2581.773681640625,2699.953369140625,2581.773681640625,2659.044921875,50916029
2017-06-13,BBRI,2636.318115234375,2649.954345703125,2627.227294921875,2631.772705078125,64995172
2017-06-14,BBRI,2636.318115234375,2699.953369140625,2636.318115234375,2699.953369140625,88024620
2017-06-15,BBRI,2654.49951171875,2681.77197265625,2654.49951171875,2668.1357421875,60059387
2017-06-16,BBRI,2672.68115234375,2681.77197265625,2645.408935546875,2668.1357421875,182217047
2017-06-19,BBRI,2654.49951171875,2690.862548828125,2654.49951171875,2690.862548828125,49042147
2017-06-20,BBRI,2690.862548828125,2722.68017578125,2672.68115234375,2722.68017578125,65427480
2017-06-21,BBRI,2713.589599609375,2781.77001953125,2690.862548828125,2781.77001953125,125778922
2017-06-22,BBRI,2754.497802734375,2772.679443359375,2736.31640625,2772.679443359375,142911718
2017-06-23,BBRI,2772.679443359375,2772.679443359375,2772.679443359375,2772.679443359375,0
2017-06-26,BBRI,2772.679443359375,2772.679443359375,2772.679443359375,2772.679443359375,0
2017-06-27,BBRI,2772.679443359375,2772.679443359375,2772.679443359375,2772.679443359375,0
2017-06-28,BBRI,2772.679443359375,2772.679443359375,2772.679443359375,2772.679443359375,0
2017-06-29,BBRI,2772.679443359375,2772.679443359375,2772.679443359375,2772.679443359375,0
2017-06-30,BBRI,2772.679443359375,2772.679443359375,2772.679443359375,2772.679443359375,0
2017-07-03,BBRI,2727.2255859375,2818.133056640625,2722.68017578125,2818.133056640625,244610675
2017-07-04,BBRI,2772.679443359375,2804.4970703125,2772.679443359375,2781.77001953125,160913529
2017-07-05,BBRI,2772.679443359375,2781.77001953125,2749.952392578125,2763.588623046875,130771358
2017-07-06,BBRI,2745.4072265625,2763.588623046875,2736.31640625,2736.31640625,129686189
2017-07-07,BBRI,2727.2255859375,2772.679443359375,2727.2255859375,2736.31640625,112193137
2017-07-10,BBRI,2740.86181640625,2745.4072265625,2677.2265625,2677.2265625,107130300
2017-07-11,BBRI,2659.044921875,2704.498779296875,2659.044921875,2659.044921875,125045759
2017-07-12,BBRI,2659.044921875,2709.044189453125,2654.49951171875,2695.407958984375,81526258
2017-07-13,BBRI,2709.044189453125,2709.044189453125,2686.317138671875,2709.044189453125,91359878
2017-07-14,BBRI,2690.862548828125,2704.498779296875,2659.044921875,2690.862548828125,172757433
2017-07-17,BBRI,2690.862548828125,2727.2255859375,2686.317138671875,2727.2255859375,74671489
2017-07-18,BBRI,2681.77197265625,2709.044189453125,2663.59033203125,2709.044189453125,112101286
2017-07-19,BBRI,2709.044189453125,2709.044189453125,2672.68115234375,2677.2265625,76411169
2017-07-20,BBRI,2677.2265625,2686.317138671875,2668.1357421875,2677.2265625,102125213
2017-07-21,BBRI,2699.953369140625,2699.953369140625,2668.1357421875,2668.1357421875,43555802
2017-07-24,BBRI,2636.318115234375,2690.862548828125,2636.318115234375,2668.1357421875,106487889
2017-07-25,BBRI,2681.77197265625,2699.953369140625,2672.68115234375,2690.862548828125,95088392
2017-07-26,BBRI,2695.407958984375,2709.044189453125,2672.68115234375,2686.317138671875,134958581
2017-07-27,BBRI,2686.317138671875,2686.317138671875,2672.68115234375,2672.68115234375,84358807
2017-07-28,BBRI,2663.59033203125,2677.2265625,2599.955078125,2636.318115234375,250806532
2017-07-31,BBRI,2622.681884765625,2727.2255859375,2622.681884765625,2686.317138671875,246660010
2017-08-01,BBRI,2709.044189453125,2709.044189453125,2686.317138671875,2690.862548828125,95166493
2017-08-02,BBRI,2718.134765625,2718.134765625,2686.317138671875,2718.134765625,58345007
2017-08-03,BBRI,2722.68017578125,2722.68017578125,2690.862548828125,2699.953369140625,111998984
2017-08-04,BBRI,2699.953369140625,2718.134765625,2699.953369140625,2713.589599609375,63645449
2017-08-07,BBRI,2713.589599609375,2722.68017578125,2699.953369140625,2709.044189453125,77243334
2017-08-08,BBRI,2718.134765625,2727.2255859375,2713.589599609375,2718.134765625,83898999
2017-08-09,BBRI,2727.2255859375,2745.4072265625,2718.134765625,2731.77099609375,109413939
2017-08-10,BBRI,2727.2255859375,2736.31640625,2718.134765625,2727.2255859375,92427996
2017-08-11,BBRI,2722.68017578125,2745.4072265625,2709.044189453125,2727.2255859375,165214053
2017-08-14,BBRI,2727.2255859375,2745.4072265625,2722.68017578125,2740.86181640625,89218141
2017-08-15,BBRI,2731.77099609375,2745.4072265625,2727.2255859375,2736.31640625,94434981
2017-08-16,BBRI,2727.2255859375,2772.679443359375,2727.2255859375,2772.679443359375,78198700
2017-08-17,BBRI,2772.679443359375,2772.679443359375,2772.679443359375,2772.679443359375,0
2017-08-18,BBRI,2745.4072265625,2772.679443359375,2718.134765625,2754.497802734375,87112154
2017-08-21,BBRI,2727.2255859375,2777.224853515625,2727.2255859375,2777.224853515625,105929629
2017-08-22,BBRI,2754.497802734375,2790.86083984375,2754.497802734375,2781.77001953125,126503835
2017-08-23,BBRI,2790.86083984375,2790.86083984375,2768.134033203125,2781.77001953125,64812019
2017-08-24,BBRI,2777.224853515625,2790.86083984375,2754.497802734375,2768.134033203125,55936516
2017-08-25,BBRI,2790.86083984375,2790.86083984375,2768.134033203125,2781.77001953125,69625152
2017-08-28,BBRI,2781.77001953125,2781.77001953125,2754.497802734375,2768.134033203125,37006289
2017-08-29,BBRI,2754.497802734375,2759.043212890625,2709.044189453125,2722.68017578125,87108854
2017-08-30,BBRI,2722.68017578125,2749.952392578125,2713.589599609375,2740.86181640625,59839933
2017-08-31,BBRI,2749.952392578125,2759.043212890625,2736.31640625,2749.952392578125,63930904
2017-09-01,BBRI,2749.952392578125,2749.952392578125,2749.952392578125,2749.952392578125,0
2017-09-04,BBRI,2722.68017578125,2745.4072265625,2704.498779296875,2704.498779296875,71365932
2017-09-05,BBRI,2749.952392578125,2749.952392578125,2690.862548828125,2727.2255859375,34966853
2017-09-06,BBRI,2686.317138671875,2713.589599609375,2677.2265625,2699.953369140625,100974044
2017-09-07,BBRI,2695.407958984375,2727.2255859375,2695.407958984375,2727.2255859375,64340661
2017-09-08,BBRI,2699.953369140625,2727.2255859375,2699.953369140625,2727.2255859375,57494143
2017-09-11,BBRI,2731.77099609375,2736.31640625,2713.589599609375,2718.134765625,91614532
2017-09-12,BBRI,2690.862548828125,2727.2255859375,2690.862548828125,2713.589599609375,108926631
2017-09-13,BBRI,2690.862548828125,2722.68017578125,2690.862548828125,2709.044189453125,47172664
2017-09-14,BBRI,2690.862548828125,2709.044189453125,2690.862548828125,2695.407958984375,53380622
2017-09-15,BBRI,2709.044189453125,2727.2255859375,2690.862548828125,2699.953369140625,168131304
2017-09-18,BBRI,2709.044189453125,2727.2255859375,2704.498779296875,2727.2255859375,93380612
2017-09-19,BBRI,2727.2255859375,2736.31640625,2718.134765625,2731.77099609375,90070105
2017-09-20,BBRI,2727.2255859375,2731.77099609375,2718.134765625,2731.77099609375,64475413
2017-09-21,BBRI,2731.77099609375,2731.77099609375,2731.77099609375,2731.77099609375,0
2017-09-22,BBRI,2745.4072265625,2854.49609375,2740.86181640625,2849.95068359375,200934970
2017-09-25,BBRI,2849.95068359375,2863.5869140625,2845.405517578125,2849.95068359375,90188907
2017-09-26,BBRI,2849.95068359375,2859.04150390625,2822.678466796875,2827.223876953125,135448639
2017-09-27,BBRI,2827.223876953125,2827.223876953125,2754.497802734375,2772.679443359375,110312105
2017-09-28,BBRI,2731.77099609375,2763.588623046875,2668.1357421875,2672.68115234375,143143272
2017-09-29,BBRI,2718.134765625,2786.3154296875,2704.498779296875,2777.224853515625,181632387
2017-10-02,BBRI,2777.224853515625,2818.133056640625,2772.679443359375,2772.679443359375,76614673
2017-10-03,BBRI,2790.86083984375,2804.4970703125,2772.679443359375,2786.3154296875,55486608
2017-10-04,BBRI,2799.95166015625,2809.04248046875,2777.224853515625,2777.224853515625,54583492
2017-10-05,BBRI,2799.95166015625,2799.95166015625,2749.952392578125,2786.3154296875,75609255
2017-10-06,BBRI,2818.133056640625,2818.133056640625,2754.497802734375,2795.40625,100901442
2017-10-09,BBRI,2818.133056640625,2818.133056640625,2781.77001953125,2795.40625,110383056
2017-10-10,BBRI,2772.679443359375,2795.40625,2772.679443359375,2777.224853515625,75044946
2017-10-11,BBRI,2772.679443359375,2799.95166015625,2759.043212890625,2777.224853515625,69635052
2017-10-12,BBRI,2781.77001953125,2813.587646484375,2772.679443359375,2795.40625,179268446
2017-10-13,BBRI,2781.77001953125,2813.587646484375,2781.77001953125,2790.86083984375,136602009
2017-10-16,BBRI,2781.77001953125,2818.133056640625,2781.77001953125,2790.86083984375,63029988
2017-10-17,BBRI,2786.3154296875,2809.04248046875,2772.679443359375,2799.95166015625,79215118
2017-10-18,BBRI,2799.95166015625,2813.587646484375,2781.77001953125,2799.95166015625,134680276
2017-10-19,BBRI,2818.133056640625,2818.133056640625,2786.3154296875,2818.133056640625,150718553
2017-10-20,BBRI,2818.133056640625,2849.95068359375,2813.587646484375,2840.860107421875,118719550
2017-10-23,BBRI,2854.49609375,2859.04150390625,2827.223876953125,2840.860107421875,90630565
2017-10-24,BBRI,2854.49609375,2854.49609375,2809.04248046875,2813.587646484375,63772501
2017-10-25,BBRI,2813.587646484375,2854.49609375,2809.04248046875,2836.314697265625,87973469
2017-10-26,BBRI,2854.49609375,2863.5869140625,2836.314697265625,2840.860107421875,124320297
2017-10-27,BBRI,2840.860107421875,2854.49609375,2831.769287109375,2836.314697265625,148027906
2017-10-30,BBRI,2845.405517578125,2854.49609375,2822.678466796875,2827.223876953125,127284848
2017-10-31,BBRI,2854.49609375,2854.49609375,2827.223876953125,2836.314697265625,136784612
2017-11-01,BBRI,2831.769287109375,2854.49609375,2831.769287109375,2854.49609375,53466423
2017-11-02,BBRI,2854.49609375,2899.949951171875,2849.95068359375,2899.949951171875,133842061
2017-11-03,BBRI,2899.949951171875,2918.13134765625,2890.859130859375,2909.040771484375,81419556
2017-11-06,BBRI,2922.6767578125,2986.31201171875,2913.5859375,2954.494384765625,174081306
2017-11-07,BBRI,2954.494384765625,2977.22119140625,2936.31298828125,2945.403564453125,87061553
2017-11-08,BBRI,2963.585205078125,3059.0380859375,2954.494384765625,2990.857421875,218007815
2017-11-09,BBRI,2990.857421875,3013.584228515625,2986.31201171875,2990.857421875,205777254
2017-11-10,BBRI,3018.129638671875,3063.58349609375,2972.676025390625,2981.7666015625,110164042
2017-11-13,BBRI,2981.7666015625,3027.220458984375,2963.585205078125,2963.585205078125,61585773
2017-11-14,BBRI,2954.494384765625,2999.9482421875,2881.768310546875,2881.768310546875,115708028
2017-11-15,BBRI,2890.859130859375,2918.13134765625,2836.314697265625,2854.49609375,86956171
2017-11-16,BBRI,2863.5869140625,2945.403564453125,2863.5869140625,2918.13134765625,85818202
2017-11-17,BBRI,2954.494384765625,3009.038818359375,2918.13134765625,2990.857421875,125462337
2017-11-20,BBRI,2999.9482421875,3072.67431640625,2990.857421875,3036.311279296875,101541653
2017-11-21,BBRI,3009.038818359375,3027.220458984375,2972.676025390625,2981.7666015625,120809256
2017-11-22,BBRI,2990.857421875,3099.946533203125,2981.7666015625,3090.855712890625,162404055
2017-11-23,BBRI,3045.40185546875,3090.855712890625,3045.40185546875,3054.49267578125,54675014
2017-11-24,BBRI,3054.49267578125,3054.49267578125,3036.311279296875,3045.40185546875,90988291
2017-11-27,BBRI,3009.038818359375,3045.40185546875,2981.7666015625,2999.9482421875,117102632
2017-11-28,BBRI,3018.129638671875,3072.67431640625,2981.7666015625,3072.67431640625,151327083
2017-11-29,BBRI,3081.764892578125,3090.855712890625,2999.9482421875,2999.9482421875,114279873
2017-11-30,BBRI,2999.9482421875,3045.40185546875,2918.13134765625,2918.13134765625,221839511
2017-12-01,BBRI,2918.13134765625,2918.13134765625,2918.13134765625,2918.13134765625,0
2017-12-04,BBRI,3027.220458984375,3045.40185546875,2963.585205078125,2999.9482421875,146562241
2017-12-05,BBRI,3036.311279296875,3054.49267578125,3009.038818359375,3045.40185546875,71912862
2017-12-06,BBRI,3045.40185546875,3154.490966796875,3036.311279296875,3145.400146484375,183323556
2017-12-07,BBRI,3145.400146484375,3154.490966796875,3072.67431640625,3072.67431640625,62940997
2017-12-08,BBRI,3090.855712890625,3118.1279296875,3063.58349609375,3063.58349609375,72219767
2017-12-11,BBRI,3118.1279296875,3127.21875,3099.946533203125,3127.21875,73592811
2017-12-12,BBRI,3136.3095703125,3145.400146484375,3099.946533203125,3136.3095703125,67555576
2017-12-13,BBRI,3136.3095703125,3136.3095703125,3109.037109375,3136.3095703125,47317867
2017-12-14,BBRI,3118.1279296875,3145.400146484375,3081.764892578125,3145.400146484375,105853068
2017-12-15,BBRI,3145.400146484375,3145.400146484375,3072.67431640625,3081.764892578125,125414486
2017-12-18,BBRI,3081.764892578125,3090.855712890625,3045.40185546875,3081.764892578125,76208216
2017-12-19,BBRI,3118.1279296875,3127.21875,3081.764892578125,3127.21875,99956306
2017-12-20,BBRI,3145.400146484375,3145.400146484375,3081.764892578125,3090.855712890625,82864651
2017-12-21,BBRI,3127.21875,3145.400146484375,3099.946533203125,3109.037109375,75601775
2017-12-22,BBRI,3118.1279296875,3154.490966796875,3099.946533203125,3145.400146484375,72740626
2017-12-25,BBRI,3145.400146484375,3145.400146484375,3145.400146484375,3145.400146484375,0
2017-12-26,BBRI,3145.400146484375,3145.400146484375,3145.400146484375,3145.400146484375,0
2017-12-27,BBRI,3154.490966796875,3227.217041015625,3145.400146484375,3227.217041015625,92024509
2017-12-28,BBRI,3254.4892578125,3318.12451171875,3236.3076171875,3299.943115234375,102250066
2017-12-29,BBRI,3318.12451171875,3381.759765625,3254.4892578125,3309.03369140625,118481396
2018-01-01,BBRI,3309.03369140625,3309.03369140625,3309.03369140625,3309.03369140625,0
2018-01-02,BBRI,3354.487548828125,3381.759765625,3281.761474609375,3299.943115234375,100241541
2018-01-03,BBRI,3299.943115234375,3299.943115234375,3236.3076171875,3281.761474609375,77164902
2018-01-04,BBRI,3281.761474609375,3281.761474609375,3145.400146484375,3227.217041015625,172049901
2018-01-05,BBRI,3227.217041015625,3263.580078125,3199.94482421875,3263.580078125,95806814
2018-01-08,BBRI,3263.580078125,3263.580078125,3236.3076171875,3263.580078125,60016046
2018-01-09,BBRI,3272.670654296875,3272.670654296875,3209.035400390625,3245.3984375,99669091
2018-01-10,BBRI,3254.4892578125,3263.580078125,3181.76318359375,3209.035400390625,128052221
2018-01-11,BBRI,3218.126220703125,3218.126220703125,3163.581787109375,3218.126220703125,125818963
2018-01-12,BBRI,3227.217041015625,3254.4892578125,3181.76318359375,3218.126220703125,146792365
2018-01-15,BBRI,3218.126220703125,3245.3984375,3218.126220703125,3227.217041015625,95279025
2018-01-16,BBRI,3209.035400390625,3281.761474609375,3209.035400390625,3281.761474609375,101318790
2018-01-17,BBRI,3290.852294921875,3299.943115234375,3254.4892578125,3299.943115234375,89613597
2018-01-18,BBRI,3299.943115234375,3318.12451171875,3263.580078125,3290.852294921875,87056383
2018-01-19,BBRI,3290.852294921875,3299.943115234375,3254.4892578125,3290.852294921875,87535331
2018-01-22,BBRI,3290.852294921875,3336.305908203125,3281.761474609375,3318.12451171875,128524019
2018-01-23,BBRI,3345.396728515625,3563.57470703125,3336.305908203125,3563.57470703125,186238386
2018-01-24,BBRI,3545.393310546875,3545.393310546875,3472.667236328125,3481.758056640625,165077211
2018-01-25,BBRI,3509.0302734375,3509.0302734375,3381.759765625,3427.213623046875,155403974
2018-01-26,BBRI,3445.39501953125,3509.0302734375,3436.30419921875,3499.939453125,149193706
2018-01-29,BBRI,3499.939453125,3499.939453125,3418.122802734375,3454.48583984375,134887519
2018-01-30,BBRI,3454.48583984375,3454.48583984375,3372.6689453125,3381.759765625,197268607
2018-01-31,BBRI,3363.578369140625,3381.759765625,3299.943115234375,3363.578369140625,289533250
2018-02-01,BBRI,3390.8505859375,3418.122802734375,3363.578369140625,3363.578369140625,160147366
2018-02-02,BBRI,3399.941162109375,3409.031982421875,3372.6689453125,3399.941162109375,125526688
2018-02-05,BBRI,3318.12451171875,3445.39501953125,3318.12451171875,3436.30419921875,123946840
2018-02-06,BBRI,3354.487548828125,3381.759765625,3327.21533203125,3345.396728515625,286316245
2018-02-07,BBRI,3372.6689453125,3409.031982421875,3363.578369140625,3363.578369140625,151721770
2018-02-08,BBRI,3345.396728515625,3390.8505859375,3345.396728515625,3381.759765625,122222231
2018-02-09,BBRI,3354.487548828125,3390.8505859375,3345.396728515625,3372.6689453125,102455989
2018-02-12,BBRI,3363.578369140625,3454.48583984375,3363.578369140625,3454.48583984375,89670248
2018-02-13,BBRI,3463.576416015625,3536.302490234375,3463.576416015625,3527.2119140625,119062096
2018-02-14,BBRI,3545.393310546875,3554.484130859375,3481.758056640625,3509.0302734375,74433005
2018-02-15,BBRI,3509.0302734375,3518.12109375,3472.667236328125,3490.848876953125,58183854
2018-02-16,BBRI,3490.848876953125,3490.848876953125,3490.848876953125,3490.848876953125,0
2018-02-19,BBRI,3499.939453125,3509.0302734375,3472.667236328125,3509.0302734375,69751104
2018-02-20,BBRI,3490.848876953125,3509.0302734375,3436.30419921875,3454.48583984375,100658888
2018-02-21,BBRI,3454.48583984375,3454.48583984375,3409.031982421875,3454.48583984375,120299507
2018-02-22,BBRI,3436.30419921875,3445.39501953125,3418.122802734375,3427.213623046875,114220142
2018-02-23,BBRI,3418.122802734375,3463.576416015625,3418.122802734375,3445.39501953125,118526277
2018-02-26,BBRI,3409.031982421875,3445.39501953125,3390.8505859375,3399.941162109375,107300693
2018-02-27,BBRI,3399.941162109375,3445.39501953125,3390.8505859375,3427.213623046875,84161903
2018-02-28,BBRI,3436.30419921875,3445.39501953125,3399.941162109375,3436.30419921875,138929979
2018-03-01,BBRI,3454.48583984375,3472.667236328125,3436.30419921875,3445.39501953125,118792591
2018-03-02,BBRI,3445.39501953125,3445.39501953125,3399.941162109375,3445.39501953125,68018134
2018-03-05,BBRI,3454.48583984375,3454.48583984375,3427.213623046875,3427.213623046875,60785289
2018-03-06,BBRI,3436.30419921875,3463.576416015625,3363.578369140625,3390.8505859375,100183130
2018-03-07,BBRI,3381.759765625,3390.8505859375,3318.12451171875,3327.21533203125,155776220
2018-03-08,BBRI,3390.8505859375,3427.213623046875,3354.487548828125,3427.213623046875,143707692
2018-03-09,BBRI,3381.759765625,3409.031982421875,3345.396728515625,3354.487548828125,109099004
2018-03-12,BBRI,3363.578369140625,3418.122802734375,3363.578369140625,3418.122802734375,158650900
2018-03-13,BBRI,3418.122802734375,3427.213623046875,3381.759765625,3418.122802734375,140515107
2018-03-14,BBRI,3409.031982421875,3409.031982421875,3363.578369140625,3409.031982421875,64433502
2018-03-15,BBRI,3363.578369140625,3381.759765625,3309.03369140625,3309.03369140625,165019570
2018-03-16,BBRI,3309.03369140625,3345.396728515625,3227.217041015625,3345.396728515625,249097762
2018-03-19,BBRI,3354.487548828125,3381.759765625,3336.305908203125,3354.487548828125,99120072
2018-03-20,BBRI,3381.759765625,3399.941162109375,3327.21533203125,3399.941162109375,115814840
2018-03-21,BBRI,3409.031982421875,3472.667236328125,3399.941162109375,3463.576416015625,147523988
2018-03-22,BBRI,3454.48583984375,3454.48583984375,3327.21533203125,3336.305908203125,159015446
2018-03-23,BBRI,3236.3076171875,3272.670654296875,3136.3095703125,3272.670654296875,216369227
2018-03-26,BBRI,3254.4892578125,3281.761474609375,3218.126220703125,3272.670654296875,98906118
2018-03-27,BBRI,3327.21533203125,3336.305908203125,3245.3984375,3272.670654296875,112691006
2018-03-28,BBRI,3309.03369140625,3318.12451171875,3181.76318359375,3227.217041015625,108206998
2018-03-29,BBRI,3263.580078125,3272.670654296875,3199.94482421875,3272.670654296875,143949036
2018-03-30,BBRI,3272.670654296875,3272.670654296875,3272.670654296875,3272.670654296875,0
2018-04-02,BBRI,3181.76318359375,3272.670654296875,3172.67236328125,3272.670654296875,76216686
2018-04-03,BBRI,3209.035400390625,3272.670654296875,3209.035400390625,3272.670654296875,50078034
2018-04-04,BBRI,3272.670654296875,3272.670654296875,3145.400146484375,3172.67236328125,97768588
2018-04-05,BBRI,3190.85400390625,3218.126220703125,3154.490966796875,3154.490966796875,88018240
2018-04-06,BBRI,3154.490966796875,3172.67236328125,3136.3095703125,3163.581787109375,74313983
2018-04-09,BBRI,3209.035400390625,3209.035400390625,3163.581787109375,3209.035400390625,53455753
2018-04-10,BBRI,3218.126220703125,3299.943115234375,3209.035400390625,3254.4892578125,94237087
2018-04-11,BBRI,3318.12451171875,3336.305908203125,3299.943115234375,3318.12451171875,96474306
2018-04-12,BBRI,3336.305908203125,3336.305908203125,3245.3984375,3263.580078125,68189737
2018-04-13,BBRI,3309.03369140625,3318.12451171875,3227.217041015625,3227.217041015625,64579915
2018-04-16,BBRI,3227.217041015625,3227.217041015625,3227.217041015625,3227.217041015625,0
2018-04-17,BBRI,3227.217041015625,3227.217041015625,3227.217041015625,3227.217041015625,0
2018-04-18,BBRI,3309.03369140625,3327.21533203125,3290.852294921875,3327.21533203125,74694590
2018-04-19,BBRI,3327.21533203125,3327.21533203125,3327.21533203125,3327.21533203125,0
2018-04-20,BBRI,3327.21533203125,3327.21533203125,3327.21533203125,3327.21533203125,0
2018-04-23,BBRI,3299.943115234375,3309.03369140625,3254.4892578125,3254.4892578125,96494986
2018-04-24,BBRI,3245.3984375,3254.4892578125,3163.581787109375,3172.67236328125,111607927
2018-04-25,BBRI,3172.67236328125,3172.67236328125,3172.67236328125,3172.67236328125,0
2018-04-26,BBRI,3172.67236328125,3172.67236328125,3172.67236328125,3172.67236328125,0
2018-04-27,BBRI,3172.67236328125,3172.67236328125,3172.67236328125,3172.67236328125,0
2018-04-30,BBRI,2899.949951171875,2981.7666015625,2872.677734375,2927.22216796875,143226213
2018-05-01,BBRI,2927.22216796875,2927.22216796875,2927.22216796875,2927.22216796875,0
2018-05-02,BBRI,2936.31298828125,2945.403564453125,2899.949951171875,2936.31298828125,130874320
2018-05-03,BBRI,2909.040771484375,2909.040771484375,2854.49609375,2863.5869140625,159331482
2018-05-04,BBRI,2863.5869140625,2881.768310546875,2736.31640625,2754.497802734375,200761167
2018-05-07,BBRI,2799.95166015625,2818.133056640625,2718.134765625,2772.679443359375,202507337
2018-05-08,BBRI,2809.04248046875,2809.04248046875,2745.4072265625,2790.86083984375,121509198
2018-05-09,BBRI,2836.314697265625,2936.31298828125,2790.86083984375,2918.13134765625,203973553
2018-05-10,BBRI,2918.13134765625,2918.13134765625,2918.13134765625,2918.13134765625,0
2018-05-11,BBRI,2963.585205078125,2999.9482421875,2872.677734375,2872.677734375,177597297
2018-05-14,BBRI,2863.5869140625,2899.949951171875,2818.133056640625,2899.949951171875,105848998
2018-05-15,BBRI,2927.22216796875,2927.22216796875,2781.77001953125,2790.86083984375,118834392
2018-05-16,BBRI,2736.31640625,2790.86083984375,2681.77197265625,2790.86083984375,328823179
2018-05-17,BBRI,2790.86083984375,2818.133056640625,2718.134765625,2718.134765625,190119473
2018-05-18,BBRI,2727.2255859375,2763.588623046875,2654.49951171875,2672.68115234375,236572616
2018-05-21,BBRI,2636.318115234375,2654.49951171875,2499.956787109375,2509.047607421875,569723380
2018-05-22,BBRI,2518.138427734375,2581.773681640625,2472.6845703125,2472.6845703125,365772377
2018-05-23,BBRI,2527.22900390625,2654.49951171875,2518.138427734375,2618.136474609375,450918248
2018-05-24,BBRI,2663.59033203125,2790.86083984375,2654.49951171875,2781.77001953125,277046605
2018-05-25,BBRI,2809.04248046875,2845.405517578125,2745.4072265625,2836.314697265625,211478322
2018-05-28,BBRI,2845.405517578125,2990.857421875,2836.314697265625,2954.494384765625,204653144
2018-05-29,BBRI,2954.494384765625,2954.494384765625,2954.494384765625,2954.494384765625,0
2018-05-30,BBRI,2954.494384765625,2981.7666015625,2854.49609375,2854.49609375,336856508
2018-05-31,BBRI,2881.768310546875,2899.949951171875,2790.86083984375,2799.95166015625,343554524
2018-06-01,BBRI,2799.95166015625,2799.95166015625,2799.95166015625,2799.95166015625,0
2018-06-04,BBRI,2863.5869140625,2881.768310546875,2818.133056640625,2845.405517578125,233134066
2018-06-05,BBRI,2863.5869140625,2872.677734375,2809.04248046875,2827.223876953125,149580143
2018-06-06,BBRI,2836.314697265625,2872.677734375,2809.04248046875,2863.5869140625,109462340
2018-06-07,BBRI,2890.859130859375,2972.676025390625,2872.677734375,2972.676025390625,202124311
2018-06-08,BBRI,2918.13134765625,2954.494384765625,2827.223876953125,2854.49609375,289274526
2018-06-11,BBRI,2854.49609375,2854.49609375,2854.49609375,2854.49609375,0
2018-06-12,BBRI,2854.49609375,2854.49609375,2854.49609375,2854.49609375,0
2018-06-13,BBRI,2854.49609375,2854.49609375,2854.49609375,2854.49609375,0
2018-06-14,BBRI,2854.49609375,2854.49609375,2854.49609375,2854.49609375,0
2018-06-15,BBRI,2854.49609375,2854.49609375,2854.49609375,2854.49609375,0
2018-06-18,BBRI,2854.49609375,2854.49609375,2854.49609375,2854.49609375,0
2018-06-19,BBRI,2854.49609375,2854.49609375,2854.49609375,2854.49609375,0
2018-06-20,BBRI,2745.4072265625,2754.497802734375,2681.77197265625,2690.862548828125,391042344
2018-06-21,BBRI,2681.77197265625,2718.134765625,2645.408935546875,2645.408935546875,149165766
2018-06-22,BBRI,2636.318115234375,2709.044189453125,2609.0458984375,2709.044189453125,232759070
2018-06-25,BBRI,2709.044189453125,2727.2255859375,2609.0458984375,2627.227294921875,157345947
2018-06-26,BBRI,2554.501220703125,2645.408935546875,2554.501220703125,2563.592041015625,204397610
2018-06-27,BBRI,2618.136474609375,2618.136474609375,2572.682861328125,2581.773681640625,146981678
2018-06-28,BBRI,2563.592041015625,2590.8642578125,2490.865966796875,2499.956787109375,217214701
2018-06-29,BBRI,2545.41064453125,2636.318115234375,2527.22900390625,2581.773681640625,238570030
2018-07-02,BBRI,2627.227294921875,2645.408935546875,2563.592041015625,2590.8642578125,166470935
2018-07-03,BBRI,2590.8642578125,2599.955078125,2518.138427734375,2572.682861328125,97720407
2018-07-04,BBRI,2572.682861328125,2681.77197265625,2536.31982421875,2663.59033203125,141800039
2018-07-05,BBRI,2627.227294921875,2654.49951171875,2599.955078125,2645.408935546875,69844936
2018-07-06,BBRI,2645.408935546875,2645.408935546875,2581.773681640625,2581.773681640625,84006801
2018-07-09,BBRI,2599.955078125,2754.497802734375,2599.955078125,2736.31640625,140680769
2018-07-10,BBRI,2763.588623046875,2799.95166015625,2709.044189453125,2772.679443359375,144808151
2018-07-11,BBRI,2727.2255859375,2727.2255859375,2681.77197265625,2718.134765625,146347957
2018-07-12,BBRI,2690.862548828125,2727.2255859375,2681.77197265625,2699.953369140625,100852711
2018-07-13,BBRI,2690.862548828125,2754.497802734375,2690.862548828125,2699.953369140625,112109646
2018-07-16,BBRI,2727.2255859375,2736.31640625,2627.227294921875,2699.953369140625,95277155
2018-07-17,BBRI,2663.59033203125,2672.68115234375,2599.955078125,2609.0458984375,150798524
2018-07-18,BBRI,2609.0458984375,2636.318115234375,2590.8642578125,2590.8642578125,125471907
2018-07-19,BBRI,2636.318115234375,2690.862548828125,2609.0458984375,2627.227294921875,156549643
2018-07-20,BBRI,2627.227294921875,2709.044189453125,2609.0458984375,2709.044189453125,79807478
2018-07-23,BBRI,2727.2255859375,2772.679443359375,2718.134765625,2763.588623046875,97874520
2018-07-24,BBRI,2781.77001953125,2790.86083984375,2736.31640625,2736.31640625,80259146
2018-07-25,BBRI,2709.044189453125,2745.4072265625,2681.77197265625,2718.134765625,79152417
2018-07-26,BBRI,2772.679443359375,2790.86083984375,2754.497802734375,2763.588623046875,93167319
2018-07-27,BBRI,2781.77001953125,2809.04248046875,2745.4072265625,2809.04248046875,60176759
2018-07-30,BBRI,2818.133056640625,2827.223876953125,2790.86083984375,2799.95166015625,73543200
2018-07-31,BBRI,2799.95166015625,2799.95166015625,2727.2255859375,2790.86083984375,118206281
2018-08-01,BBRI,2790.86083984375,2909.040771484375,2772.679443359375,2899.949951171875,161810924
2018-08-02,BBRI,2909.040771484375,2963.585205078125,2899.949951171875,2954.494384765625,174250489
2018-08-03,BBRI,2972.676025390625,3045.40185546875,2936.31298828125,3027.220458984375,110650581
2018-08-06,BBRI,3045.40185546875,3109.037109375,3036.311279296875,3099.946533203125,157644712
2018-08-07,BBRI,3045.40185546875,3090.855712890625,3027.220458984375,3045.40185546875,98346098
2018-08-08,BBRI,3090.855712890625,3090.855712890625,3009.038818359375,3027.220458984375,99782943
2018-08-09,BBRI,3027.220458984375,3045.40185546875,2999.9482421875,3027.220458984375,76621053
2018-08-10,BBRI,3045.40185546875,3154.490966796875,3045.40185546875,3081.764892578125,127559853
2018-08-13,BBRI,2999.9482421875,3018.129638671875,2845.405517578125,2854.49609375,197264867
2018-08-14,BBRI,2809.04248046875,2863.5869140625,2763.588623046875,2845.405517578125,170317811
2018-08-15,BBRI,2863.5869140625,2927.22216796875,2745.4072265625,2918.13134765625,152206658
2018-08-16,BBRI,2890.859130859375,2890.859130859375,2772.679443359375,2772.679443359375,180034939
2018-08-17,BBRI,2772.679443359375,2772.679443359375,2772.679443359375,2772.679443359375,0
2018-08-20,BBRI,2799.95166015625,2899.949951171875,2799.95166015625,2890.859130859375,111516626
2018-08-21,BBRI,2845.405517578125,2890.859130859375,2836.314697265625,2863.5869140625,65465430
2018-08-22,BBRI,2863.5869140625,2863.5869140625,2863.5869140625,2863.5869140625,0
2018-08-23,BBRI,2890.859130859375,2972.676025390625,2845.405517578125,2972.676025390625,171421680
2018-08-24,BBRI,2972.676025390625,2990.857421875,2936.31298828125,2972.676025390625,106494709
2018-08-27,BBRI,3018.129638671875,3072.67431640625,2990.857421875,3072.67431640625,123606274
2018-08-28,BBRI,3027.220458984375,3072.67431640625,2999.9482421875,3027.220458984375,109603913
2018-08-29,BBRI,2963.585205078125,2999.9482421875,2954.494384765625,2990.857421875,87007762
2018-08-30,BBRI,2990.857421875,3009.038818359375,2899.949951171875,2899.949951171875,91898887
2018-08-31,BBRI,2890.859130859375,2890.859130859375,2827.223876953125,2890.859130859375,156934320
2018-09-03,BBRI,2890.859130859375,2927.22216796875,2872.677734375,2881.768310546875,70837593
2018-09-04,BBRI,2909.040771484375,2909.040771484375,2809.04248046875,2827.223876953125,83758086
2018-09-05,BBRI,2790.86083984375,2790.86083984375,2636.318115234375,2663.59033203125,233835878
2018-09-06,BBRI,2645.408935546875,2718.134765625,2645.408935546875,2690.862548828125,226602703
2018-09-07,BBRI,2709.044189453125,2754.497802734375,2690.862548828125,2754.497802734375,155714509
2018-09-10,BBRI,2754.497802734375,2754.497802734375,2690.862548828125,2699.953369140625,95204004
2018-09-11,BBRI,2699.953369140625,2699.953369140625,2699.953369140625,2699.953369140625,0
2018-09-12,BBRI,2709.044189453125,2736.31640625,2645.408935546875,2645.408935546875,129887933
2018-09-13,BBRI,2690.862548828125,2736.31640625,2690.862548828125,2727.2255859375,138077684
2018-09-14,BBRI,2754.497802734375,2790.86083984375,2727.2255859375,2790.86083984375,115639387
2018-09-17,BBRI,2781.77001953125,2781.77001953125,2681.77197265625,2699.953369140625,100504005
2018-09-18,BBRI,2699.953369140625,2709.044189453125,2654.49951171875,2672.68115234375,152222609
2018-09-19,BBRI,2699.953369140625,2745.4072265625,2699.953369140625,2727.2255859375,115947612
2018-09-20,BBRI,2772.679443359375,2836.314697265625,2745.4072265625,2809.04248046875,170051827
2018-09-21,BBRI,2863.5869140625,2899.949951171875,2836.314697265625,2836.314697265625,223538491
2018-09-24,BBRI,2836.314697265625,2836.314697265625,2727.2255859375,2736.31640625,104783739
2018-09-25,BBRI,2736.31640625,2754.497802734375,2709.044189453125,2754.497802734375,121129032
2018-09-26,BBRI,2754.497802734375,2781.77001953125,2718.134765625,2718.134765625,73480719
2018-09-27,BBRI,2727.2255859375,2799.95166015625,2727.2255859375,2790.86083984375,135712644
2018-09-28,BBRI,2809.04248046875,2881.768310546875,2799.95166015625,2863.5869140625,170043797
2018-10-01,BBRI,2863.5869140625,2899.949951171875,2863.5869140625,2890.859130859375,100581667
2018-10-02,BBRI,2863.5869140625,2890.859130859375,2799.95166015625,2827.223876953125,145599614
2018-10-03,BBRI,2863.5869140625,2863.5869140625,2799.95166015625,2818.133056640625,77064031
2018-10-04,BBRI,2781.77001953125,2781.77001953125,2709.044189453125,2727.2255859375,161892546
2018-10-05,BBRI,2727.2255859375,2763.588623046875,2690.862548828125,2709.044189453125,160008103
2018-10-08,BBRI,2699.953369140625,2736.31640625,2690.862548828125,2699.953369140625,71328312
2018-10-09,BBRI,2699.953369140625,2754.497802734375,2699.953369140625,2745.4072265625,56325372
2018-10-10,BBRI,2754.497802734375,2763.588623046875,2736.31640625,2736.31640625,67385623
2018-10-11,BBRI,2663.59033203125,2681.77197265625,2609.0458984375,2645.408935546875,193058944
2018-10-12,BBRI,2663.59033203125,2718.134765625,2654.49951171875,2681.77197265625,130162058
2018-10-15,BBRI,2690.862548828125,2754.497802734375,2690.862548828125,2727.2255859375,94319479
2018-10-16,BBRI,2727.2255859375,2745.4072265625,2690.862548828125,2727.2255859375,71567346
2018-10-17,BBRI,2781.77001953125,2799.95166015625,2754.497802734375,2790.86083984375,88091831
2018-10-18,BBRI,2790.86083984375,2818.133056640625,2772.679443359375,2809.04248046875,71647977
2018-10-19,BBRI,2790.86083984375,2809.04248046875,2745.4072265625,2745.4072265625,89090208
2018-10-22,BBRI,2736.31640625,2799.95166015625,2736.31640625,2772.679443359375,53687637
2018-10-23,BBRI,2763.588623046875,2790.86083984375,2736.31640625,2745.4072265625,64410732
2018-10-24,BBRI,2727.2255859375,2763.588623046875,2681.77197265625,2681.77197265625,93019806
2018-10-25,BBRI,2645.408935546875,2727.2255859375,2645.408935546875,2727.2255859375,144333712
2018-10-26,BBRI,2727.2255859375,2745.4072265625,2709.044189453125,2718.134765625,72852718
2018-10-29,BBRI,2727.2255859375,2745.4072265625,2681.77197265625,2681.77197265625,56418764
2018-10-30,BBRI,2690.862548828125,2754.497802734375,2681.77197265625,2754.497802734375,79624985
2018-10-31,BBRI,2772.679443359375,2863.5869140625,2754.497802734375,2863.5869140625,240391992
2018-11-01,BBRI,2899.949951171875,2954.494384765625,2872.677734375,2909.040771484375,216901746
2018-11-02,BBRI,2945.403564453125,2990.857421875,2899.949951171875,2981.7666015625,184006228
2018-11-05,BBRI,2963.585205078125,2981.7666015625,2927.22216796875,2972.676025390625,87555902
2018-11-06,BBRI,2981.7666015625,3027.220458984375,2963.585205078125,3027.220458984375,153414589
2018-11-07,BBRI,3036.311279296875,3063.58349609375,3009.038818359375,3063.58349609375,178995971
2018-11-08,BBRI,3090.855712890625,3172.67236328125,3081.764892578125,3136.3095703125,220276054
2018-11-09,BBRI,3118.1279296875,3118.1279296875,3027.220458984375,3036.311279296875,126597116
2018-11-12,BBRI,3018.129638671875,3054.49267578125,2981.7666015625,2981.7666015625,84809154
2018-11-13,BBRI,2981.7666015625,3054.49267578125,2936.31298828125,3045.40185546875,112074555
2018-11-14,BBRI,3045.40185546875,3109.037109375,3045.40185546875,3045.40185546875,125174682
2018-11-15,BBRI,3063.58349609375,3109.037109375,3027.220458984375,3099.946533203125,117577840
2018-11-16,BBRI,3118.1279296875,3227.217041015625,3109.037109375,3172.67236328125,191148871
2018-11-19,BBRI,3218.126220703125,3218.126220703125,3136.3095703125,3199.94482421875,86540804
2018-11-20,BBRI,3199.94482421875,3199.94482421875,3199.94482421875,3199.94482421875,0
2018-11-21,BBRI,3109.037109375,3154.490966796875,3045.40185546875,3118.1279296875,151878633
2018-11-22,BBRI,3118.1279296875,3227.217041015625,3118.1279296875,3227.217041015625,130140277
2018-11-23,BBRI,3209.035400390625,3254.4892578125,3154.490966796875,3163.581787109375,85703360
2018-11-26,BBRI,3136.3095703125,3227.217041015625,3136.3095703125,3218.126220703125,90217398
2018-11-27,BBRI,3163.581787109375,3290.852294921875,3163.581787109375,3272.670654296875,190169964
2018-11-28,BBRI,3318.12451171875,3327.21533203125,3254.4892578125,3318.12451171875,105678495
2018-11-29,BBRI,3363.578369140625,3418.122802734375,3345.396728515625,3372.6689453125,152003595
2018-11-30,BBRI,3327.21533203125,3354.487548828125,3281.761474609375,3290.852294921875,233078735
2018-12-03,BBRI,3381.759765625,3436.30419921875,3354.487548828125,3354.487548828125,150413738
2018-12-04,BBRI,3354.487548828125,3409.031982421875,3345.396728515625,3372.6689453125,147855643
2018-12-05,BBRI,3309.03369140625,3345.396728515625,3281.761474609375,3318.12451171875,154153142
2018-12-06,BBRI,3309.03369140625,3345.396728515625,3281.761474609375,3318.12451171875,119712097
2018-12-07,BBRI,3309.03369140625,3327.21533203125,3281.761474609375,3290.852294921875,122365123
2018-12-10,BBRI,3281.761474609375,3299.943115234375,3245.3984375,3281.761474609375,102384708
2018-12-11,BBRI,3281.761474609375,3299.943115234375,3254.4892578125,3290.852294921875,123936060
2018-12-12,BBRI,3290.852294921875,3309.03369140625,3263.580078125,3290.852294921875,97374011
2018-12-13,BBRI,3354.487548828125,3354.487548828125,3318.12451171875,3345.396728515625,116914199
2018-12-14,BBRI,3336.305908203125,3354.487548828125,3309.03369140625,3345.396728515625,135202785
2018-12-17,BBRI,3318.12451171875,3345.396728515625,3272.670654296875,3272.670654296875,137139148
2018-12-18,BBRI,3227.217041015625,3309.03369140625,3227.217041015625,3299.943115234375,130615046
2018-12-19,BBRI,3272.670654296875,3336.305908203125,3272.670654296875,3336.305908203125,146409778
2018-12-20,BBRI,3281.761474609375,3327.21533203125,3281.761474609375,3318.12451171875,74063179
2018-12-21,BBRI,3281.761474609375,3299.943115234375,3272.670654296875,3290.852294921875,191917014
2018-12-24,BBRI,3290.852294921875,3290.852294921875,3290.852294921875,3290.852294921875,0
2018-12-25,BBRI,3290.852294921875,3290.852294921875,3290.852294921875,3290.852294921875,0
2018-12-26,BBRI,3227.217041015625,3299.943115234375,3199.94482421875,3272.670654296875,91749064
2018-12-27,BBRI,3318.12451171875,3336.305908203125,3290.852294921875,3327.21533203125,78890942
2018-12-28,BBRI,3345.396728515625,3345.396728515625,3318.12451171875,3327.21533203125,135242605
2018-12-31,BBRI,3327.21533203125,3327.21533203125,3327.21533203125,3327.21533203125,0
2019-01-01,BBRI,3327.21533203125,3327.21533203125,3327.21533203125,3327.21533203125,0
2019-01-02,BBRI,3281.761474609375,3309.03369140625,3263.580078125,3281.761474609375,82441033
2019-01-03,BBRI,3254.4892578125,3309.03369140625,3254.4892578125,3290.852294921875,102805905
2019-01-04,BBRI,3290.852294921875,3327.21533203125,3281.761474609375,3327.21533203125,125907734
2019-01-07,BBRI,3363.578369140625,3372.6689453125,3327.21533203125,3327.21533203125,82106628
2019-01-08,BBRI,3327.21533203125,3345.396728515625,3299.943115234375,3345.396728515625,89499635
2019-01-09,BBRI,3372.6689453125,3399.941162109375,3354.487548828125,3381.759765625,131331598
2019-01-10,BBRI,3399.941162109375,3409.031982421875,3372.6689453125,3409.031982421875,156122176
2019-01-11,BBRI,3418.122802734375,3427.213623046875,3363.578369140625,3390.8505859375,118649479
2019-01-14,BBRI,3390.8505859375,3445.39501953125,3390.8505859375,3445.39501953125,126576436
2019-01-15,BBRI,3427.213623046875,3445.39501953125,3399.941162109375,3436.30419921875,154948896
2019-01-16,BBRI,3445.39501953125,3454.48583984375,3418.122802734375,3436.30419921875,114151831
2019-01-17,BBRI,3445.39501953125,3490.848876953125,3436.30419921875,3463.576416015625,131847617
2019-01-18,BBRI,3499.939453125,3499.939453125,3445.39501953125,3472.667236328125,105708085
2019-01-21,BBRI,3454.48583984375,3481.758056640625,3454.48583984375,3454.48583984375,89020137
2019-01-22,BBRI,3427.213623046875,3445.39501953125,3399.941162109375,3427.213623046875,131658634
2019-01-23,BBRI,3418.122802734375,3463.576416015625,3390.8505859375,3427.213623046875,179807675
2019-01-24,BBRI,3409.031982421875,3463.576416015625,3409.031982421875,3445.39501953125,193786497
2019-01-25,BBRI,3472.667236328125,3472.667236328125,3436.30419921875,3436.30419921875,139857845
2019-01-28,BBRI,3409.031982421875,3445.39501953125,3409.031982421875,3436.30419921875,102940988
2019-01-29,BBRI,3436.30419921875,3472.667236328125,3318.12451171875,3354.487548828125,206378414
2019-01-30,BBRI,3363.578369140625,3418.122802734375,3363.578369140625,3409.031982421875,159225000
2019-01-31,BBRI,3454.48583984375,3518.12109375,3454.48583984375,3499.939453125,277698146
2019-02-01,BBRI,3527.2119140625,3572.66552734375,3518.12109375,3563.57470703125,154119152
2019-02-04,BBRI,3590.84716796875,3590.84716796875,3536.302490234375,3545.393310546875,83552603
2019-02-05,BBRI,3545.393310546875,3545.393310546875,3545.393310546875,3545.393310546875,0
2019-02-06,BBRI,3563.57470703125,3581.75634765625,3554.484130859375,3563.57470703125,85882773
2019-02-07,BBRI,3572.66552734375,3572.66552734375,3536.302490234375,3572.66552734375,91233705
2019-02-08,BBRI,3509.0302734375,3554.484130859375,3499.939453125,3536.302490234375,86321790
2019-02-11,BBRI,3536.302490234375,3563.57470703125,3509.0302734375,3518.12109375,61147416
2019-02-12,BBRI,3545.393310546875,3545.393310546875,3472.667236328125,3499.939453125,104459344
2019-02-13,BBRI,3536.302490234375,3536.302490234375,3436.30419921875,3445.39501953125,119001265
2019-02-14,BBRI,3472.667236328125,3499.939453125,3409.031982421875,3454.48583984375,131498911
2019-02-15,BBRI,3490.848876953125,3490.848876953125,3409.031982421875,3427.213623046875,96513687
2019-02-18,BBRI,3445.39501953125,3509.0302734375,3445.39501953125,3490.848876953125,103030419
2019-02-19,BBRI,3545.393310546875,3636.30078125,3527.2119140625,3554.484130859375,153943258
2019-02-20,BBRI,3554.484130859375,3581.75634765625,3509.0302734375,3536.302490234375,136475507
2019-02-21,BBRI,3481.758056640625,3581.75634765625,3481.758056640625,3554.484130859375,125997166
2019-02-22,BBRI,3509.0302734375,3554.484130859375,3509.0302734375,3545.393310546875,89872212
2019-02-25,BBRI,3581.75634765625,3609.028564453125,3545.393310546875,3599.937744140625,117405577
2019-02-26,BBRI,3599.937744140625,3609.028564453125,3554.484130859375,3581.75634765625,67561846
2019-02-27,BBRI,3554.484130859375,3563.57470703125,3499.939453125,3518.12109375,96869983
2019-02-28,BBRI,3499.939453125,3518.12109375,3490.848876953125,3499.939453125,117143553
2019-03-01,BBRI,3518.12109375,3536.302490234375,3509.0302734375,3518.12109375,78576447
2019-03-04,BBRI,3545.393310546875,3563.57470703125,3527.2119140625,3527.2119140625,62730673
2019-03-05,BBRI,3545.393310546875,3545.393310546875,3509.0302734375,3509.0302734375,77678611
2019-03-06,BBRI,3536.302490234375,3563.57470703125,3509.0302734375,3545.393310546875,62160643
2019-03-07,BBRI,3545.393310546875,3545.393310546875,3545.393310546875,3545.393310546875,0
2019-03-08,BBRI,3472.667236328125,3527.2119140625,3463.576416015625,3499.939453125,142765635
2019-03-11,BBRI,3545.393310546875,3545.393310546875,3481.758056640625,3509.0302734375,51418628
2019-03-12,BBRI,3527.2119140625,3536.302490234375,3463.576416015625,3490.848876953125,69851316
2019-03-13,BBRI,3454.48583984375,3463.576416015625,3436.30419921875,3445.39501953125,51432598
2019-03-14,BBRI,3436.30419921875,3499.939453125,3436.30419921875,3490.848876953125,99175072
2019-03-15,BBRI,3545.393310546875,3590.84716796875,3536.302490234375,3590.84716796875,106867285
2019-03-18,BBRI,3627.2099609375,3663.572998046875,3618.119384765625,3636.30078125,102196275
2019-03-19,BBRI,3672.663818359375,3681.754638671875,3609.028564453125,3618.119384765625,63741150
2019-03-20,BBRI,3599.937744140625,3645.3916015625,3599.937744140625,3627.2099609375,94567643
2019-03-21,BBRI,3645.3916015625,3672.663818359375,3609.028564453125,3627.2099609375,121229463
2019-03-22,BBRI,3663.572998046875,3699.93603515625,3636.30078125,3681.754638671875,104102388
2019-03-25,BBRI,3663.572998046875,3672.663818359375,3627.2099609375,3645.3916015625,90384491
2019-03-26,BBRI,3681.754638671875,3709.02685546875,3645.3916015625,3690.845458984375,75475383
2019-03-27,BBRI,3709.02685546875,3709.02685546875,3672.663818359375,3681.754638671875,56170270
2019-03-28,BBRI,3699.93603515625,3709.02685546875,3663.572998046875,3699.93603515625,67263631
2019-03-29,BBRI,3681.754638671875,3763.5712890625,3681.754638671875,3736.299072265625,71215890
2019-04-01,BBRI,3763.5712890625,3781.7529296875,3754.480712890625,3772.662109375,73530330
2019-04-02,BBRI,3790.843505859375,3790.843505859375,3754.480712890625,3772.662109375,48845023
2019-04-03,BBRI,3772.662109375,3772.662109375,3772.662109375,3772.662109375,0
2019-04-04,BBRI,3799.934326171875,3890.841796875,3763.5712890625,3836.29736328125,69303837
2019-04-05,BBRI,3872.660400390625,3899.9326171875,3863.569580078125,3881.751220703125,54041183
2019-04-08,BBRI,3899.9326171875,3899.9326171875,3827.20654296875,3863.569580078125,82999953
2019-04-09,BBRI,3890.841796875,3954.47705078125,3872.660400390625,3909.0234375,80659003
2019-04-10,BBRI,3909.0234375,3927.204833984375,3872.660400390625,3918.1142578125,116840608
2019-04-11,BBRI,3909.0234375,3927.204833984375,3890.841796875,3909.0234375,188618827
2019-04-12,BBRI,3909.0234375,3927.204833984375,3890.841796875,3918.1142578125,84244625
2019-04-15,BBRI,3954.47705078125,3963.56787109375,3918.1142578125,3954.47705078125,70577659
2019-04-16,BBRI,3936.295654296875,3963.56787109375,3927.204833984375,3945.386474609375,99923195
2019-04-17,BBRI,3945.386474609375,3945.386474609375,3945.386474609375,3945.386474609375,0
2019-04-18,BBRI,4045.384765625,4299.92578125,3981.74951171875,4054.475341796875,200241958
2019-04-19,BBRI,4054.475341796875,4054.475341796875,4054.475341796875,4054.475341796875,0
2019-04-22,BBRI,4054.475341796875,4054.475341796875,4009.021728515625,4036.2939453125,112161787
2019-04-23,BBRI,4009.021728515625,4045.384765625,4009.021728515625,4027.203125,60325921
2019-04-24,BBRI,4009.021728515625,4027.203125,3999.930908203125,3999.930908203125,190094393
2019-04-25,BBRI,3981.74951171875,3990.840087890625,3872.660400390625,3936.295654296875,202913024
2019-04-26,BBRI,3854.478759765625,3963.56787109375,3827.20654296875,3936.295654296875,146163924
2019-04-29,BBRI,3899.9326171875,3954.47705078125,3890.841796875,3945.386474609375,84609831
2019-04-30,BBRI,3990.840087890625,4009.021728515625,3945.386474609375,3972.65869140625,140586828
2019-05-01,BBRI,3972.65869140625,3972.65869140625,3972.65869140625,3972.65869140625,0
2019-05-02,BBRI,4018.1123046875,4018.1123046875,3945.386474609375,3972.65869140625,139594281
2019-05-03,BBRI,3936.295654296875,3999.930908203125,3918.1142578125,3981.74951171875,120435690
2019-05-06,BBRI,3909.0234375,3909.0234375,3809.025146484375,3845.38818359375,157313497
2019-05-07,BBRI,3827.20654296875,3890.841796875,3827.20654296875,3863.569580078125,124070152
2019-05-08,BBRI,3863.569580078125,3863.569580078125,3799.934326171875,3836.29736328125,132170032
2019-05-09,BBRI,3763.5712890625,3781.7529296875,3745.389892578125,3745.389892578125,179677103
2019-05-10,BBRI,3727.208251953125,3781.7529296875,3718.11767578125,3745.389892578125,132313475
2019-05-13,BBRI,3754.480712890625,3763.5712890625,3727.208251953125,3727.208251953125,79066285
2019-05-14,BBRI,3636.30078125,3718.11767578125,3609.028564453125,3681.754638671875,126601626
2019-05-15,BBRI,3681.754638671875,3690.845458984375,3536.302490234375,3536.302490234375,184137240
2019-05-16,BBRI,3581.75634765625,3627.2099609375,3472.667236328125,3509.0302734375,158507017
2019-05-17,BBRI,3554.484130859375,3554.484130859375,3427.213623046875,3445.39501953125,170721848
2019-05-20,BBRI,3454.48583984375,3499.939453125,3327.21533203125,3409.031982421875,181806520
2019-05-21,BBRI,3454.48583984375,3490.848876953125,3372.6689453125,3409.031982421875,227189674
2019-05-22,BBRI,3372.6689453125,3481.758056640625,3372.6689453125,3427.213623046875,130499434
2019-05-23,BBRI,3472.667236328125,3536.302490234375,3454.48583984375,3499.939453125,230153565
2019-05-24,BBRI,3436.30419921875,3572.66552734375,3427.213623046875,3499.939453125,165441097
2019-05-27,BBRI,3545.393310546875,3609.028564453125,3509.0302734375,3563.57470703125,135938587
2019-05-28,BBRI,3572.66552734375,3590.84716796875,3463.576416015625,3463.576416015625,414291135
2019-05-29,BBRI,3536.302490234375,3590.84716796875,3509.0302734375,3581.75634765625,153687174
2019-05-30,BBRI,3581.75634765625,3581.75634765625,3581.75634765625,3581.75634765625,0
2019-05-31,BBRI,3627.2099609375,3745.389892578125,3618.119384765625,3727.208251953125,287219580
2019-06-03,BBRI,3727.208251953125,3727.208251953125,3727.208251953125,3727.208251953125,0
2019-06-04,BBRI,3727.208251953125,3727.208251953125,3727.208251953125,3727.208251953125,0
2019-06-05,BBRI,3727.208251953125,3727.208251953125,3727.208251953125,3727.208251953125,0
2019-06-06,BBRI,3727.208251953125,3727.208251953125,3727.208251953125,3727.208251953125,0
2019-06-07,BBRI,3727.208251953125,3727.208251953125,3727.208251953125,3727.208251953125,0
2019-06-10,BBRI,3836.29736328125,3881.751220703125,3818.115966796875,3845.38818359375,216423568
2019-06-11,BBRI,3863.569580078125,3863.569580078125,3772.662109375,3845.38818359375,127900199
2019-06-12,BBRI,3790.843505859375,3827.20654296875,3790.843505859375,3827.20654296875,102196275
2019-06-13,BBRI,3863.569580078125,3863.569580078125,3799.934326171875,3818.115966796875,128510489
2019-06-14,BBRI,3790.843505859375,3854.478759765625,3790.843505859375,3845.38818359375,79530053
2019-06-17,BBRI,3863.569580078125,3863.569580078125,3818.115966796875,3818.115966796875,60714008
2019-06-18,BBRI,3799.934326171875,3872.660400390625,3799.934326171875,3872.660400390625,174179428
2019-06-19,BBRI,3927.204833984375,3945.386474609375,3890.841796875,3899.9326171875,183945837
2019-06-20,BBRI,3936.295654296875,3936.295654296875,3890.841796875,3918.1142578125,118489316
2019-06-21,BBRI,3899.9326171875,3963.56787109375,3872.660400390625,3963.56787109375,187213443
2019-06-24,BBRI,3918.1142578125,3954.47705078125,3899.9326171875,3918.1142578125,90828128
2019-06-25,BBRI,3954.47705078125,3954.47705078125,3899.9326171875,3936.295654296875,65402729
2019-06-26,BBRI,3936.295654296875,3972.65869140625,3927.204833984375,3963.56787109375,113137174
2019-06-27,BBRI,3981.74951171875,3990.840087890625,3954.47705078125,3981.74951171875,89922813
2019-06-28,BBRI,3972.65869140625,3999.930908203125,3954.47705078125,3963.56787109375,112840719
2019-07-01,BBRI,3999.930908203125,4018.1123046875,3981.74951171875,4018.1123046875,115331382
2019-07-02,BBRI,4018.1123046875,4018.1123046875,3963.56787109375,4009.021728515625,147886774
2019-07-03,BBRI,3990.840087890625,4018.1123046875,3963.56787109375,3999.930908203125,81810503
2019-07-04,BBRI,3963.56787109375,3999.930908203125,3963.56787109375,3990.840087890625,42557425
2019-07-05,BBRI,4018.1123046875,4018.1123046875,3981.74951171875,3999.930908203125,59149341
2019-07-08,BBRI,3981.74951171875,4009.021728515625,3972.65869140625,3999.930908203125,50857398
2019-07-09,BBRI,3972.65869140625,4009.021728515625,3972.65869140625,4009.021728515625,71191359
2019-07-10,BBRI,4009.021728515625,4072.656982421875,3999.930908203125,4063.566162109375,89077008
2019-07-11,BBRI,4081.74755859375,4127.20166015625,4072.656982421875,4099.92919921875,100559886
2019-07-12,BBRI,4099.92919921875,4127.20166015625,4081.74755859375,4099.92919921875,71034166
2019-07-15,BBRI,4127.20166015625,4145.3828125,4109.02001953125,4118.11083984375,75851590
2019-07-16,BBRI,4090.83837890625,4136.2919921875,4090.83837890625,4136.2919921875,92926745
2019-07-17,BBRI,4109.02001953125,4136.2919921875,4090.83837890625,4109.02001953125,71834980
2019-07-18,BBRI,4090.83837890625,4099.92919921875,4036.2939453125,4045.384765625,84732483
2019-07-19,BBRI,4045.384765625,4081.74755859375,4036.2939453125,4072.656982421875,70769832
2019-07-22,BBRI,4090.83837890625,4099.92919921875,4054.475341796875,4090.83837890625,46139636
2019-07-23,BBRI,4090.83837890625,4090.83837890625,4063.566162109375,4081.74755859375,47649853
2019-07-24,BBRI,4109.02001953125,4109.02001953125,4036.2939453125,4045.384765625,58359418
2019-07-25,BBRI,4063.566162109375,4072.656982421875,4045.384765625,4054.475341796875,66445547
2019-07-26,BBRI,4009.021728515625,4063.566162109375,3999.930908203125,4036.2939453125,85121120
2019-07-29,BBRI,4072.656982421875,4072.656982421875,4036.2939453125,4054.475341796875,101066445
2019-07-30,BBRI,4090.83837890625,4090.83837890625,4054.475341796875,4090.83837890625,75632686
2019-07-31,BBRI,4090.83837890625,4099.92919921875,4045.384765625,4072.656982421875,116420070
2019-08-01,BBRI,4081.74755859375,4099.92919921875,4009.021728515625,4045.384765625,157991988
2019-08-02,BBRI,3999.930908203125,4063.566162109375,3990.840087890625,4045.384765625,131279017
2019-08-05,BBRI,4009.021728515625,4018.1123046875,3881.751220703125,3881.751220703125,165923785
2019-08-06,BBRI,3727.208251953125,3827.20654296875,3654.482421875,3727.208251953125,272405185
2019-08-07,BBRI,3763.5712890625,3899.9326171875,3763.5712890625,3863.569580078125,161676832
2019-08-08,BBRI,3863.569580078125,3927.204833984375,3863.569580078125,3899.9326171875,102671923
2019-08-09,BBRI,3936.295654296875,3954.47705078125,3909.0234375,3936.295654296875,90719996
2019-08-12,BBRI,3981.74951171875,3981.74951171875,3899.9326171875,3909.0234375,56163890
2019-08-13,BBRI,3936.295654296875,3936.295654296875,3863.569580078125,3890.841796875,88148482
2019-08-14,BBRI,3936.295654296875,3954.47705078125,3918.1142578125,3936.295654296875,102602292
2019-08-15,BBRI,3827.20654296875,3890.841796875,3799.934326171875,3863.569580078125,126758709
2019-08-16,BBRI,3863.569580078125,3872.660400390625,3818.115966796875,3827.20654296875,102969368
2019-08-19,BBRI,3754.480712890625,3836.29736328125,3754.480712890625,3799.934326171875,66407047
2019-08-20,BBRI,3799.934326171875,3818.115966796875,3718.11767578125,3727.208251953125,112883069
2019-08-21,BBRI,3727.208251953125,3790.843505859375,3672.663818359375,3681.754638671875,92826643
2019-08-22,BBRI,3690.845458984375,3763.5712890625,3636.30078125,3699.93603515625,136489697
2019-08-23,BBRI,3663.572998046875,3727.208251953125,3654.482421875,3709.02685546875,64061696
2019-08-26,BBRI,3654.482421875,3699.93603515625,3636.30078125,3699.93603515625,71268030
2019-08-27,BBRI,3754.480712890625,3827.20654296875,3709.02685546875,3818.115966796875,196025365
2019-08-28,BBRI,3836.29736328125,3854.478759765625,3809.025146484375,3809.025146484375,109954819
2019-08-29,BBRI,3836.29736328125,3836.29736328125,3781.7529296875,3818.115966796875,74831102
2019-08-30,BBRI,3809.025146484375,3881.751220703125,3745.389892578125,3881.751220703125,119899980
2019-09-02,BBRI,3881.751220703125,3890.841796875,3827.20654296875,3836.29736328125,75321490
2019-09-03,BBRI,3799.934326171875,3881.751220703125,3754.480712890625,3772.662109375,83772936
2019-09-04,BBRI,3799.934326171875,3799.934326171875,3727.208251953125,3781.7529296875,84356057
2019-09-05,BBRI,3836.29736328125,3845.38818359375,3799.934326171875,3836.29736328125,84846225
2019-09-06,BBRI,3872.660400390625,3899.9326171875,3863.569580078125,3881.751220703125,125869894
2019-09-09,BBRI,3899.9326171875,3899.9326171875,3790.843505859375,3790.843505859375,75150988
2019-09-10,BBRI,3799.934326171875,3809.025146484375,3772.662109375,3809.025146484375,76217016
2019-09-11,BBRI,3772.662109375,3872.660400390625,3772.662109375,3863.569580078125,125741191
2019-09-12,BBRI,3909.0234375,3954.47705078125,3881.751220703125,3890.841796875,95813194
2019-09-13,BBRI,3927.204833984375,3927.204833984375,3890.841796875,3918.1142578125,61703145
2019-09-16,BBRI,3899.9326171875,3899.9326171875,3727.208251953125,3809.025146484375,145880779
2019-09-17,BBRI,3781.7529296875,3863.569580078125,3754.480712890625,3863.569580078125,117840195
2019-09-18,BBRI,3854.478759765625,3872.660400390625,3827.20654296875,3854.478759765625,84048931
2019-09-19,BBRI,3818.115966796875,3845.38818359375,3818.115966796875,3836.29736328125,101320660
2019-09-20,BBRI,3818.115966796875,3836.29736328125,3754.480712890625,3781.7529296875,239258752
2019-09-23,BBRI,3781.7529296875,3818.115966796875,3781.7529296875,3799.934326171875,93391943
2019-09-24,BBRI,3781.7529296875,3781.7529296875,3736.299072265625,3736.299072265625,104585626
2019-09-25,BBRI,3699.93603515625,3745.389892578125,3654.482421875,3709.02685546875,91472409
2019-09-26,BBRI,3736.299072265625,3827.20654296875,3727.208251953125,3827.20654296875,88134402
2019-09-27,BBRI,3827.20654296875,3827.20654296875,3781.7529296875,3799.934326171875,63434135
2019-09-30,BBRI,3818.115966796875,3818.115966796875,3736.299072265625,3745.389892578125,83981500
2019-10-01,BBRI,3745.389892578125,3754.480712890625,3699.93603515625,3699.93603515625,87507501
2019-10-02,BBRI,3681.754638671875,3718.11767578125,3563.57470703125,3572.66552734375,182983980
2019-10-03,BBRI,3518.12109375,3536.302490234375,3463.576416015625,3463.576416015625,195391424
2019-10-04,BBRI,3527.2119140625,3599.937744140625,3509.0302734375,3590.84716796875,103236563
2019-10-07,BBRI,3609.028564453125,3627.2099609375,3509.0302734375,3545.393310546875,139378677
2019-10-08,BBRI,3599.937744140625,3599.937744140625,3536.302490234375,3572.66552734375,131777876
2019-10-09,BBRI,3590.84716796875,3627.2099609375,3563.57470703125,3599.937744140625,129617548
2019-10-10,BBRI,3609.028564453125,3627.2099609375,3527.2119140625,3536.302490234375,118644859
2019-10-11,BBRI,3590.84716796875,3599.937744140625,3554.484130859375,3563.57470703125,112429201
2019-10-14,BBRI,3590.84716796875,3618.119384765625,3554.484130859375,3563.57470703125,120763165
2019-10-15,BBRI,3609.028564453125,3609.028564453125,3536.302490234375,3581.75634765625,140902423
2019-10-16,BBRI,3599.937744140625,3627.2099609375,3581.75634765625,3627.2099609375,90212558
2019-10-17,BBRI,3636.30078125,3681.754638671875,3627.2099609375,3681.754638671875,115003686
2019-10-18,BBRI,3681.754638671875,3809.025146484375,3681.754638671875,3790.843505859375,113976708
2019-10-21,BBRI,3790.843505859375,3809.025146484375,3736.299072265625,3745.389892578125,89234971
2019-10-22,BBRI,3709.02685546875,3763.5712890625,3699.93603515625,3763.5712890625,90846609
2019-10-23,BBRI,3772.662109375,3799.934326171875,3709.02685546875,3799.934326171875,139892606
2019-10-24,BBRI,3799.934326171875,3909.0234375,3799.934326171875,3909.0234375,172727403
2019-10-25,BBRI,3909.0234375,3927.204833984375,3836.29736328125,3845.38818359375,123528393
2019-10-28,BBRI,3845.38818359375,3872.660400390625,3836.29736328125,3845.38818359375,42188588
2019-10-29,BBRI,3854.478759765625,3863.569580078125,3799.934326171875,3845.38818359375,90745077
2019-10-30,BBRI,3872.660400390625,3872.660400390625,3809.025146484375,3863.569580078125,52187101
2019-10-31,BBRI,3827.20654296875,3854.478759765625,3781.7529296875,3827.20654296875,83146256
2019-11-01,BBRI,3836.29736328125,3836.29736328125,3772.662109375,3799.934326171875,69610742
2019-11-04,BBRI,3799.934326171875,3827.20654296875,3772.662109375,3781.7529296875,55300375
2019-11-05,BBRI,3809.025146484375,3909.0234375,3790.843505859375,3909.0234375,145802018
2019-11-06,BBRI,3936.295654296875,3936.295654296875,3781.7529296875,3781.7529296875,145752957
2019-11-07,BBRI,3781.7529296875,3781.7529296875,3599.937744140625,3636.30078125,321561514
2019-11-08,BBRI,3645.3916015625,3663.572998046875,3618.119384765625,3627.2099609375,148082467
2019-11-11,BBRI,3590.84716796875,3636.30078125,3590.84716796875,3636.30078125,125489617
2019-11-12,BBRI,3636.30078125,3663.572998046875,3618.119384765625,3636.30078125,120754695
2019-11-13,BBRI,3636.30078125,3645.3916015625,3563.57470703125,3599.937744140625,165100201
2019-11-14,BBRI,3590.84716796875,3609.028564453125,3545.393310546875,3581.75634765625,129874843
2019-11-15,BBRI,3636.30078125,3727.208251953125,3599.937744140625,3718.11767578125,134210348
2019-11-18,BBRI,3718.11767578125,3763.5712890625,3681.754638671875,3745.389892578125,102464019
2019-11-19,BBRI,3772.662109375,3809.025146484375,3709.02685546875,3809.025146484375,155302002
2019-11-20,BBRI,3790.843505859375,3872.660400390625,3772.662109375,3836.29736328125,170292181
2019-11-21,BBRI,3818.115966796875,3845.38818359375,3763.5712890625,3836.29736328125,125613039
2019-11-22,BBRI,3845.38818359375,3863.569580078125,3781.7529296875,3827.20654296875,82167459
2019-11-25,BBRI,3772.662109375,3799.934326171875,3745.389892578125,3754.480712890625,62254255
2019-11-26,BBRI,3772.662109375,3799.934326171875,3727.208251953125,3772.662109375,244288809
2019-11-27,BBRI,3727.208251953125,3827.20654296875,3727.208251953125,3790.843505859375,72910799
2019-11-28,BBRI,3754.480712890625,3790.843505859375,3681.754638671875,3681.754638671875,67893172
2019-11-29,BBRI,3690.845458984375,3745.389892578125,3645.3916015625,3718.11767578125,70620339
2019-12-02,BBRI,3772.662109375,3827.20654296875,3745.389892578125,3827.20654296875,60937642
2019-12-03,BBRI,3827.20654296875,3836.29736328125,3781.7529296875,3790.843505859375,48090300
2019-12-04,BBRI,3818.115966796875,3818.115966796875,3745.389892578125,3754.480712890625,55684281
2019-12-05,BBRI,3818.115966796875,3845.38818359375,3790.843505859375,3836.29736328125,80063892
2019-12-06,BBRI,3863.569580078125,3863.569580078125,3790.843505859375,3790.843505859375,73924136
2019-12-09,BBRI,3809.025146484375,3827.20654296875,3772.662109375,3799.934326171875,52623808
2019-12-10,BBRI,3763.5712890625,3799.934326171875,3754.480712890625,3790.843505859375,88013950
2019-12-11,BBRI,3809.025146484375,3827.20654296875,3781.7529296875,3827.20654296875,69260056
2019-12-12,BBRI,3845.38818359375,3881.751220703125,3827.20654296875,3863.569580078125,138108485
2019-12-13,BBRI,3890.841796875,3899.9326171875,3854.478759765625,3890.841796875,184381444
2019-12-16,BBRI,3909.0234375,3954.47705078125,3899.9326171875,3936.295654296875,196854450
2019-12-17,BBRI,3963.56787109375,3963.56787109375,3909.0234375,3954.47705078125,155154269
2019-12-18,BBRI,3981.74951171875,3999.930908203125,3954.47705078125,3999.930908203125,174183278
2019-12-19,BBRI,3954.47705078125,3972.65869140625,3927.204833984375,3954.47705078125,103421146
2019-12-20,BBRI,3954.47705078125,3972.65869140625,3927.204833984375,3963.56787109375,171838258
2019-12-23,BBRI,4045.384765625,4063.566162109375,3963.56787109375,4045.384765625,135606712
2019-12-26,BBRI,4018.1123046875,4045.384765625,3999.930908203125,4009.021728515625,55258354
2019-12-27,BBRI,3981.74951171875,4036.2939453125,3981.74951171875,4027.203125,62113562
2019-12-30,BBRI,4045.384765625,4045.384765625,3963.56787109375,3999.930908203125,73085482
2020-01-02,BBRI,3999.930908203125,4009.021728515625,3963.56787109375,4009.021728515625,45886302
2020-01-03,BBRI,4018.1123046875,4036.2939453125,3990.840087890625,4018.1123046875,91189705
2020-01-06,BBRI,3963.56787109375,3990.840087890625,3927.204833984375,3972.65869140625,48648450
2020-01-07,BBRI,4009.021728515625,4009.021728515625,3981.74951171875,3999.930908203125,114344885
2020-01-08,BBRI,3981.74951171875,3999.930908203125,3945.386474609375,3981.74951171875,188929583
2020-01-09,BBRI,3999.930908203125,4018.1123046875,3972.65869140625,3999.930908203125,79280569
2020-01-10,BBRI,4027.203125,4027.203125,3990.840087890625,4009.021728515625,137292491
2020-01-13,BBRI,4027.203125,4099.92919921875,4018.1123046875,4099.92919921875,122488655
2020-01-14,BBRI,4127.20166015625,4181.74609375,4109.02001953125,4154.4736328125,174258629
2020-01-15,BBRI,4154.4736328125,4163.564453125,4118.11083984375,4163.564453125,112825318
2020-01-16,BBRI,4154.4736328125,4172.6552734375,4099.92919921875,4154.4736328125,147387255
2020-01-17,BBRI,4199.92724609375,4218.10888671875,4181.74609375,4209.01806640625,133295352
2020-01-20,BBRI,4263.5625,4263.5625,4209.01806640625,4236.29052734375,90022804
2020-01-21,BBRI,4245.38134765625,4254.47216796875,4218.10888671875,4245.38134765625,81224962
2020-01-22,BBRI,4254.47216796875,4281.744140625,4245.38134765625,4281.744140625,90609115
2020-01-23,BBRI,4290.8349609375,4327.19775390625,4263.5625,4309.0166015625,153849977
2020-01-24,BBRI,4299.92578125,4318.107421875,4254.47216796875,4309.0166015625,105620964
2020-01-27,BBRI,4272.6533203125,4272.6533203125,4218.10888671875,4227.19970703125,103076840
2020-01-28,BBRI,4163.564453125,4218.10888671875,4154.4736328125,4199.92724609375,104935872
2020-01-29,BBRI,4199.92724609375,4236.29052734375,4181.74609375,4199.92724609375,214362682
2020-01-30,BBRI,4272.6533203125,4272.6533203125,4163.564453125,4163.564453125,96500596
2020-01-31,BBRI,4154.4736328125,4163.564453125,4054.475341796875,4054.475341796875,150763654
2020-02-03,BBRI,4054.475341796875,4081.74755859375,4045.384765625,4054.475341796875,144745560
2020-02-04,BBRI,4263.5625,4263.5625,4109.02001953125,4145.3828125,123617275
2020-02-05,BBRI,4154.4736328125,4163.564453125,4099.92919921875,4145.3828125,100395764
2020-02-06,BBRI,4172.6552734375,4172.6552734375,4118.11083984375,4136.2919921875,104342852
2020-02-07,BBRI,4163.564453125,4163.564453125,4127.20166015625,4136.2919921875,146349277
2020-02-10,BBRI,4090.83837890625,4118.11083984375,3999.930908203125,4090.83837890625,187982906
2020-02-11,BBRI,4127.20166015625,4127.20166015625,4072.656982421875,4099.92919921875,93666727
2020-02-12,BBRI,4109.02001953125,4145.3828125,4109.02001953125,4118.11083984375,143167912
2020-02-13,BBRI,4163.564453125,4172.6552734375,4127.20166015625,4154.4736328125,87683284
2020-02-14,BBRI,4118.11083984375,4172.6552734375,4118.11083984375,4136.2919921875,139707803
2020-02-17,BBRI,4072.656982421875,4127.20166015625,4063.566162109375,4063.566162109375,131738165
2020-02-18,BBRI,4063.566162109375,4090.83837890625,3999.930908203125,3999.930908203125,97565635
2020-02-19,BBRI,4054.475341796875,4072.656982421875,4045.384765625,4072.656982421875,110893685
2020-02-20,BBRI,4109.02001953125,4163.564453125,4099.92919921875,4145.3828125,108000305
2020-02-21,BBRI,4145.3828125,4145.3828125,4099.92919921875,4099.92919921875,117658802
2020-02-24,BBRI,4127.20166015625,4127.20166015625,4063.566162109375,4081.74755859375,113200755
2020-02-25,BBRI,4054.475341796875,4136.2919921875,4054.475341796875,4090.83837890625,125324724
2020-02-26,BBRI,4090.83837890625,4099.92919921875,4063.566162109375,4072.656982421875,164120194
2020-02-27,BBRI,3981.74951171875,3981.74951171875,3745.389892578125,3754.480712890625,227877075
2020-02-28,BBRI,3627.2099609375,3809.025146484375,3554.484130859375,3809.025146484375,211162617
2020-03-02,BBRI,3809.025146484375,3818.115966796875,3618.119384765625,3618.119384765625,206428685
2020-03-03,BBRI,3681.754638671875,3799.934326171875,3636.30078125,3727.208251953125,218258509
2020-03-04,BBRI,3763.5712890625,3854.478759765625,3754.480712890625,3836.29736328125,127937929
2020-03-05,BBRI,3899.9326171875,3909.0234375,3754.480712890625,3772.662109375,146949558
2020-03-06,BBRI,3672.663818359375,3681.754638671875,3636.30078125,3645.3916015625,175334118
2020-03-09,BBRI,3545.393310546875,3590.84716796875,3409.031982421875,3409.031982421875,163934401
2020-03-10,BBRI,3436.30419921875,3663.572998046875,3436.30419921875,3554.484130859375,182576203
2020-03-11,BBRI,3590.84716796875,3663.572998046875,3527.2119140625,3554.484130859375,195275262
2020-03-12,BBRI,3472.667236328125,3490.848876953125,3272.670654296875,3281.761474609375,167137546
2020-03-13,BBRI,3281.761474609375,3427.213623046875,3054.49267578125,3381.759765625,295725807
2020-03-16,BBRI,3409.031982421875,3409.031982421875,3145.400146484375,3181.76318359375,196265939
2020-03-17,BBRI,3181.76318359375,3245.3984375,2963.585205078125,2963.585205078125,229429422
2020-03-18,BBRI,2972.676025390625,3127.21875,2809.04248046875,2854.49609375,272919333
2020-03-19,BBRI,2845.405517578125,2854.49609375,2663.59033203125,2663.59033203125,151744210
2020-03-20,BBRI,2663.59033203125,2699.953369140625,2481.775390625,2554.501220703125,658210668
2020-03-23,BBRI,2409.04931640625,2454.503173828125,2381.777099609375,2381.777099609375,180848183
2020-03-24,BBRI,2345.4140625,2499.956787109375,2218.1435546875,2218.1435546875,544651637
2020-03-26,BBRI,2272.68798828125,2727.2255859375,2272.68798828125,2672.68115234375,698059077
2020-03-27,BBRI,2727.2255859375,3336.305908203125,2727.2255859375,2936.31298828125,529032687
2020-03-30,BBRI,2863.5869140625,2863.5869140625,2736.31640625,2736.31640625,239264252
2020-03-31,BBRI,2818.133056640625,2909.040771484375,2699.953369140625,2745.4072265625,346502244
2020-04-01,BBRI,2736.31640625,2799.95166015625,2636.318115234375,2663.59033203125,298923123
2020-04-02,BBRI,2590.8642578125,2636.318115234375,2545.41064453125,2609.0458984375,329876337
2020-04-03,BBRI,2663.59033203125,2681.77197265625,2572.682861328125,2627.227294921875,322467159
2020-04-06,BBRI,2681.77197265625,2754.497802734375,2645.408935546875,2745.4072265625,313615306
2020-04-07,BBRI,2818.133056640625,2945.403564453125,2681.77197265625,2754.497802734375,445935822
2020-04-08,BBRI,2727.2255859375,2763.588623046875,2563.592041015625,2563.592041015625,322246825
2020-04-09,BBRI,2599.955078125,2645.408935546875,2499.956787109375,2536.31982421875,292370749
2020-04-13,BBRI,2536.31982421875,2581.773681640625,2454.503173828125,2518.138427734375,136106890
2020-04-14,BBRI,2536.31982421875,2636.318115234375,2518.138427734375,2636.318115234375,241711574
2020-04-15,BBRI,2636.318115234375,2718.134765625,2481.775390625,2509.047607421875,351010672
2020-04-16,BBRI,2518.138427734375,2518.138427734375,2345.4140625,2372.686279296875,404530667
2020-04-17,BBRI,2427.230712890625,2581.773681640625,2418.14013671875,2572.682861328125,442565694
2020-04-20,BBRI,2618.136474609375,2636.318115234375,2509.047607421875,2527.22900390625,244213568
2020-04-21,BBRI,2499.956787109375,2536.31982421875,2445.412353515625,2472.6845703125,146163154
2020-04-22,BBRI,2454.503173828125,2572.682861328125,2409.04931640625,2536.31982421875,197501041
2020-04-23,BBRI,2572.682861328125,2618.136474609375,2536.31982421875,2545.41064453125,237791877
2020-04-24,BBRI,2545.41064453125,2545.41064453125,2390.86767578125,2390.86767578125,323088010
2020-04-27,BBRI,2436.321533203125,2454.503173828125,2372.686279296875,2418.14013671875,200872709
2020-04-28,BBRI,2436.321533203125,2445.412353515625,2336.3232421875,2354.5048828125,295130807
2020-04-29,BBRI,2363.595458984375,2381.777099609375,2327.232421875,2345.4140625,230054013
2020-04-30,BBRI,2381.777099609375,2490.865966796875,2372.686279296875,2481.775390625,475289499
2020-05-04,BBRI,2427.230712890625,2436.321533203125,2363.595458984375,2390.86767578125,220673601
2020-05-05,BBRI,2390.86767578125,2436.321533203125,2372.686279296875,2390.86767578125,203241160
2020-05-06,BBRI,2390.86767578125,2409.04931640625,2363.595458984375,2381.777099609375,190361478
2020-05-08,BBRI,2399.95849609375,2418.14013671875,2345.4140625,2354.5048828125,226345299
2020-05-11,BBRI,2390.86767578125,2399.95849609375,2363.595458984375,2381.777099609375,170062057
2020-05-12,BBRI,2381.777099609375,2390.86767578125,2245.415771484375,2263.59716796875,405546974
2020-05-13,BBRI,2236.324951171875,2290.86962890625,2218.1435546875,2245.415771484375,372457853
2020-05-14,BBRI,2218.1435546875,2254.506591796875,2118.145263671875,2136.32666015625,517300545
2020-05-15,BBRI,2163.598876953125,2181.780517578125,2009.05615234375,2036.3284912109375,654135428
2020-05-18,BBRI,2045.419189453125,2063.600830078125,1963.6024169921875,1972.6932373046875,501017513
2020-05-19,BBRI,2045.419189453125,2199.9619140625,2045.419189453125,2154.50830078125,584451204
2020-05-20,BBRI,2145.41748046875,2272.68798828125,2109.054443359375,2254.506591796875,433842983
2020-05-26,BBRI,2318.141845703125,2318.141845703125,2245.415771484375,2290.86962890625,444514707
2020-05-27,BBRI,2309.051025390625,2390.86767578125,2290.86962890625,2390.86767578125,476102523
2020-05-28,BBRI,2399.95849609375,2527.22900390625,2399.95849609375,2481.775390625,498739044
2020-05-29,BBRI,2454.503173828125,2681.77197265625,2454.503173828125,2681.77197265625,959884609
2020-06-02,BBRI,2681.77197265625,2990.857421875,2681.77197265625,2890.859130859375,514215761
2020-06-03,BBRI,2909.040771484375,2981.7666015625,2736.31640625,2818.133056640625,481917223
2020-06-04,BBRI,2836.314697265625,2909.040771484375,2754.497802734375,2781.77001953125,275162272
2020-06-05,BBRI,2790.86083984375,2845.405517578125,2690.862548828125,2827.223876953125,294137820
2020-06-08,BBRI,2890.859130859375,3063.58349609375,2881.768310546875,2999.9482421875,422772612
2020-06-09,BBRI,3045.40185546875,3054.49267578125,2918.13134765625,2918.13134765625,279951975
2020-06-10,BBRI,2890.859130859375,2890.859130859375,2727.2255859375,2754.497802734375,487562851
2020-06-11,BBRI,2845.405517578125,2845.405517578125,2636.318115234375,2699.953369140625,409589324
2020-06-12,BBRI,2636.318115234375,2763.588623046875,2545.41064453125,2754.497802734375,519350210
2020-06-15,BBRI,2763.588623046875,2772.679443359375,2627.227294921875,2636.318115234375,253847754
2020-06-16,BBRI,2699.953369140625,2863.5869140625,2690.862548828125,2845.405517578125,372556634
2020-06-17,BBRI,2909.040771484375,2909.040771484375,2799.95166015625,2818.133056640625,240003025
2020-06-18,BBRI,2772.679443359375,2836.314697265625,2763.588623046875,2772.679443359375,144039347
2020-06-19,BBRI,2799.95166015625,2827.223876953125,2781.77001953125,2818.133056640625,183669732
2020-06-22,BBRI,2818.133056640625,2827.223876953125,2754.497802734375,2781.77001953125,104916512
2020-06-23,BBRI,2745.4072265625,2781.77001953125,2709.044189453125,2736.31640625,188566907
2020-06-24,BBRI,2772.679443359375,2854.49609375,2736.31640625,2836.314697265625,339338591
2020-06-25,BBRI,2818.133056640625,2827.223876953125,2763.588623046875,2781.77001953125,174033235
2020-06-26,BBRI,2818.133056640625,2836.314697265625,2745.4072265625,2754.497802734375,162039618
2020-06-29,BBRI,2763.588623046875,2781.77001953125,2709.044189453125,2763.588623046875,130693147
2020-06-30,BBRI,2790.86083984375,2827.223876953125,2754.497802734375,2754.497802734375,147418716
2020-07-01,BBRI,2763.588623046875,2790.86083984375,2754.497802734375,2781.77001953125,111421694
2020-07-02,BBRI,2809.04248046875,2809.04248046875,2763.588623046875,2781.77001953125,186436280
2020-07-03,BBRI,2781.77001953125,2809.04248046875,2763.588623046875,2772.679443359375,54421019
2020-07-06,BBRI,2790.86083984375,2818.133056640625,2754.497802734375,2763.588623046875,148148028
2020-07-07,BBRI,2790.86083984375,2799.95166015625,2754.497802734375,2754.497802734375,228112810
2020-07-08,BBRI,2763.588623046875,2909.040771484375,2754.497802734375,2899.949951171875,373640813
2020-07-09,BBRI,2899.949951171875,2936.31298828125,2854.49609375,2854.49609375,211404181
2020-07-10,BBRI,2845.405517578125,2863.5869140625,2818.133056640625,2827.223876953125,117829855
2020-07-13,BBRI,2845.405517578125,2890.859130859375,2772.679443359375,2872.677734375,105451891
2020-07-14,BBRI,2872.677734375,2954.494384765625,2845.405517578125,2881.768310546875,232365483
2020-07-15,BBRI,2909.040771484375,2945.403564453125,2845.405517578125,2845.405517578125,182296468
2020-07-16,BBRI,2845.405517578125,2872.677734375,2845.405517578125,2854.49609375,128809144
2020-07-17,BBRI,2854.49609375,2863.5869140625,2818.133056640625,2818.133056640625,131548742
2020-07-20,BBRI,2818.133056640625,2845.405517578125,2754.497802734375,2772.679443359375,150206164
2020-07-21,BBRI,2772.679443359375,2890.859130859375,2772.679443359375,2863.5869140625,224576578
2020-07-22,BBRI,2872.677734375,2881.768310546875,2809.04248046875,2818.133056640625,190916547
2020-07-23,BBRI,2836.314697265625,2872.677734375,2818.133056640625,2854.49609375,162646279
2020-07-24,BBRI,2845.405517578125,2854.49609375,2809.04248046875,2809.04248046875,104287961
2020-07-27,BBRI,2809.04248046875,2863.5869140625,2809.04248046875,2863.5869140625,103970385
2020-07-28,BBRI,2872.677734375,2881.768310546875,2818.133056640625,2854.49609375,113763744
2020-07-29,BBRI,2854.49609375,2863.5869140625,2818.133056640625,2836.314697265625,73895646
2020-07-30,BBRI,2845.405517578125,2881.768310546875,2827.223876953125,2872.677734375,86328061
2020-08-03,BBRI,2881.768310546875,2890.859130859375,2699.953369140625,2718.134765625,373214336
2020-08-04,BBRI,2727.2255859375,2799.95166015625,2727.2255859375,2799.95166015625,171919769
2020-08-05,BBRI,2818.133056640625,2827.223876953125,2763.588623046875,2799.95166015625,177648668
2020-08-06,BBRI,2818.133056640625,2845.405517578125,2809.04248046875,2827.223876953125,126064817
2020-08-07,BBRI,2827.223876953125,2845.405517578125,2781.77001953125,2827.223876953125,98910738
2020-08-10,BBRI,2827.223876953125,2863.5869140625,2818.133056640625,2845.405517578125,100613457
2020-08-11,BBRI,2845.405517578125,2927.22216796875,2845.405517578125,2899.949951171875,189708286
2020-08-12,BBRI,2899.949951171875,3063.58349609375,2899.949951171875,3045.40185546875,505369848
2020-08-13,BBRI,3045.40185546875,3136.3095703125,2999.9482421875,3027.220458984375,235648930
2020-08-14,BBRI,3027.220458984375,3045.40185546875,2981.7666015625,3036.311279296875,109069303
2020-08-18,BBRI,3036.311279296875,3209.035400390625,3036.311279296875,3199.94482421875,288206078
2020-08-19,BBRI,3199.94482421875,3309.03369140625,3199.94482421875,3236.3076171875,239290433
2020-08-24,BBRI,3209.035400390625,3318.12451171875,3199.94482421875,3309.03369140625,214473234
2020-08-25,BBRI,3336.305908203125,3454.48583984375,3309.03369140625,3454.48583984375,197233406
2020-08-26,BBRI,3454.48583984375,3472.667236328125,3363.578369140625,3399.941162109375,178162157
2020-08-27,BBRI,3399.941162109375,3436.30419921875,3327.21533203125,3363.578369140625,206786961
2020-08-28,BBRI,3372.6689453125,3399.941162109375,3318.12451171875,3354.487548828125,85678499
2020-08-31,BBRI,3363.578369140625,3399.941162109375,3181.76318359375,3190.85400390625,292651694
2020-09-01,BBRI,3227.217041015625,3299.943115234375,3163.581787109375,3281.761474609375,216658972
2020-09-02,BBRI,3290.852294921875,3327.21533203125,3263.580078125,3327.21533203125,117619091
2020-09-03,BBRI,3327.21533203125,3354.487548828125,3227.217041015625,3254.4892578125,197577052
2020-09-04,BBRI,3281.761474609375,3281.761474609375,3163.581787109375,3227.217041015625,148013826
2020-09-07,BBRI,3227.217041015625,3245.3984375,3181.76318359375,3190.85400390625,104297421
2020-09-08,BBRI,3190.85400390625,3245.3984375,3190.85400390625,3199.94482421875,89521636
2020-09-09,BBRI,3163.581787109375,3172.67236328125,3072.67431640625,3099.946533203125,196282440
2020-09-10,BBRI,2999.9482421875,2999.9482421875,2890.859130859375,2890.859130859375,305637969
2020-09-11,BBRI,2745.4072265625,3009.038818359375,2736.31640625,2954.494384765625,641858446
2020-09-14,BBRI,2999.9482421875,3136.3095703125,2999.9482421875,3127.21875,303482811
2020-09-15,BBRI,3127.21875,3145.400146484375,3009.038818359375,3027.220458984375,215087925
2020-09-16,BBRI,3063.58349609375,3081.764892578125,2945.403564453125,2963.585205078125,152384862
2020-09-17,BBRI,2972.676025390625,3009.038818359375,2881.768310546875,2909.040771484375,184375724
2020-09-18,BBRI,2909.040771484375,2972.676025390625,2899.949951171875,2927.22216796875,223172404
2020-09-21,BBRI,2909.040771484375,2954.494384765625,2863.5869140625,2899.949951171875,125587849
2020-09-22,BBRI,2827.223876953125,2899.949951171875,2818.133056640625,2845.405517578125,148046607
2020-09-23,BBRI,2881.768310546875,2890.859130859375,2772.679443359375,2799.95166015625,132670981
2020-09-24,BBRI,2754.497802734375,2799.95166015625,2736.31640625,2754.497802734375,180569548
2020-09-25,BBRI,2781.77001953125,2890.859130859375,2763.588623046875,2872.677734375,186363128
2020-09-28,BBRI,2890.859130859375,2936.31298828125,2799.95166015625,2809.04248046875,149014953
2020-09-29,BBRI,2836.314697265625,2872.677734375,2745.4072265625,2763.588623046875,200970281
2020-09-30,BBRI,2781.77001953125,2799.95166015625,2727.2255859375,2763.588623046875,184622458
2020-10-01,BBRI,2809.04248046875,2881.768310546875,2781.77001953125,2872.677734375,143036570
2020-10-02,BBRI,2890.859130859375,2918.13134765625,2781.77001953125,2818.133056640625,172772944
2020-10-05,BBRI,2872.677734375,2881.768310546875,2827.223876953125,2872.677734375,101996951
2020-10-06,BBRI,2927.22216796875,2945.403564453125,2890.859130859375,2899.949951171875,132900775
2020-10-07,BBRI,2872.677734375,2881.768310546875,2799.95166015625,2836.314697265625,317619596
2020-10-08,BBRI,2863.5869140625,2881.768310546875,2827.223876953125,2863.5869140625,136318754
2020-10-09,BBRI,2863.5869140625,2881.768310546875,2836.314697265625,2863.5869140625,89241681
2020-10-12,BBRI,2872.677734375,2918.13134765625,2863.5869140625,2899.949951171875,172174643
2020-10-13,BBRI,2899.949951171875,2999.9482421875,2863.5869140625,2981.7666015625,224885904
2020-10-14,BBRI,2999.9482421875,3072.67431640625,2990.857421875,3054.49267578125,213271353
2020-10-15,BBRI,3054.49267578125,3072.67431640625,3009.038818359375,3009.038818359375,201627762
2020-10-16,BBRI,3036.311279296875,3054.49267578125,2918.13134765625,2954.494384765625,154490628
2020-10-19,BBRI,2963.585205078125,2990.857421875,2936.31298828125,2981.7666015625,105821057
2020-10-20,BBRI,2981.7666015625,2990.857421875,2918.13134765625,2954.494384765625,147444676
2020-10-21,BBRI,2981.7666015625,3009.038818359375,2936.31298828125,2945.403564453125,128682202
2020-10-22,BBRI,2927.22216796875,2999.9482421875,2909.040771484375,2999.9482421875,176153302
2020-10-23,BBRI,3045.40185546875,3045.40185546875,2972.676025390625,2990.857421875,128973377
2020-10-26,BBRI,2999.9482421875,3054.49267578125,2990.857421875,3036.311279296875,111346673
2020-10-27,BBRI,3036.311279296875,3090.855712890625,3027.220458984375,3054.49267578125,201640192
2020-11-02,BBRI,3054.49267578125,3081.764892578125,2999.9482421875,3072.67431640625,172465378
2020-11-03,BBRI,3081.764892578125,3090.855712890625,3054.49267578125,3072.67431640625,133604017
2020-11-04,BBRI,3109.037109375,3109.037109375,2990.857421875,2990.857421875,152055736
2020-11-05,BBRI,3063.58349609375,3172.67236328125,3054.49267578125,3172.67236328125,258276321
2020-11-06,BBRI,3190.85400390625,3272.670654296875,3154.490966796875,3236.3076171875,295649686
2020-11-09,BBRI,3345.396728515625,3354.487548828125,3254.4892578125,3354.487548828125,283205831
2020-11-10,BBRI,3454.48583984375,3645.3916015625,3427.213623046875,3636.30078125,622129055
2020-11-11,BBRI,3609.028564453125,3809.025146484375,3590.84716796875,3745.389892578125,392814584
2020-11-12,BBRI,3727.208251953125,3727.208251953125,3563.57470703125,3590.84716796875,366633582
2020-11-13,BBRI,3609.028564453125,3709.02685546875,3599.937744140625,3636.30078125,261115910
2020-11-16,BBRI,3681.754638671875,3699.93603515625,3572.66552734375,3599.937744140625,212327977
2020-11-17,BBRI,3636.30078125,3654.482421875,3572.66552734375,3599.937744140625,198939646
2020-11-18,BBRI,3618.119384765625,3681.754638671875,3609.028564453125,3672.663818359375,200926500
2020-11-19,BBRI,3645.3916015625,3754.480712890625,3618.119384765625,3672.663818359375,219674674
2020-11-20,BBRI,3672.663818359375,3709.02685546875,3627.2099609375,3654.482421875,137266310
2020-11-23,BBRI,3645.3916015625,3727.208251953125,3645.3916015625,3709.02685546875,135864336
2020-11-24,BBRI,3745.389892578125,3845.38818359375,3709.02685546875,3818.115966796875,226784757
2020-11-25,BBRI,3927.204833984375,3990.840087890625,3863.569580078125,3927.204833984375,311676963
2020-11-26,BBRI,3836.29736328125,3927.204833984375,3836.29736328125,3899.9326171875,150181303
2020-11-27,BBRI,3936.295654296875,3972.65869140625,3881.751220703125,3881.751220703125,126437063
2020-11-30,BBRI,3863.569580078125,3890.841796875,3627.2099609375,3718.11767578125,493687757
2020-12-01,BBRI,3754.480712890625,3872.660400390625,3699.93603515625,3854.478759765625,251258199
2020-12-02,BBRI,3927.204833984375,3945.386474609375,3863.569580078125,3909.0234375,149985830
2020-12-03,BBRI,3954.47705078125,3999.930908203125,3909.0234375,3999.930908203125,218887830
2020-12-04,BBRI,3999.930908203125,3999.930908203125,3881.751220703125,3909.0234375,165420527
2020-12-07,BBRI,3954.47705078125,4018.1123046875,3954.47705078125,3999.930908203125,154937236
2020-12-08,BBRI,3999.930908203125,3999.930908203125,3945.386474609375,3999.930908203125,89400744
2020-12-10,BBRI,4045.384765625,4045.384765625,3936.295654296875,3936.295654296875,212997338
2020-12-11,BBRI,3999.930908203125,3999.930908203125,3872.660400390625,3890.841796875,191894904
2020-12-14,BBRI,3909.0234375,3918.1142578125,3881.751220703125,3890.841796875,140126140
2020-12-15,BBRI,3890.841796875,3899.9326171875,3854.478759765625,3890.841796875,147085740
2020-12-16,BBRI,3945.386474609375,3954.47705078125,3909.0234375,3927.204833984375,143051750
2020-12-17,BBRI,3963.56787109375,3963.56787109375,3918.1142578125,3936.295654296875,155902502
2020-12-18,BBRI,3881.751220703125,3909.0234375,3881.751220703125,3890.841796875,228155710
2020-12-21,BBRI,3936.295654296875,3945.386474609375,3827.20654296875,3827.20654296875,240869950
2020-12-22,BBRI,3854.478759765625,3890.841796875,3745.389892578125,3754.480712890625,188635658
2020-12-23,BBRI,3772.662109375,3799.934326171875,3590.84716796875,3781.7529296875,187175822
2020-12-28,BBRI,3863.569580078125,3872.660400390625,3781.7529296875,3863.569580078125,94730336
2020-12-29,BBRI,3863.569580078125,3890.841796875,3790.843505859375,3799.934326171875,82725388
2020-12-30,BBRI,3809.025146484375,3827.20654296875,3754.480712890625,3790.843505859375,99024700
2021-01-04,BBRI,3772.662109375,3927.204833984375,3772.662109375,3918.1142578125,106226854
2021-01-05,BBRI,3909.0234375,3909.0234375,3854.478759765625,3881.751220703125,106964857
2021-01-06,BBRI,3890.841796875,3909.0234375,3781.7529296875,3818.115966796875,128299616
2021-01-07,BBRI,3872.660400390625,3899.9326171875,3827.20654296875,3890.841796875,141798389
2021-01-08,BBRI,3936.295654296875,3990.840087890625,3909.0234375,3990.840087890625,205011531
2021-01-11,BBRI,4018.1123046875,4236.29052734375,4009.021728515625,4227.19970703125,422093240
2021-01-12,BBRI,4254.47216796875,4336.28857421875,4245.38134765625,4290.8349609375,260390447
2021-01-13,BBRI,4336.28857421875,4399.923828125,4318.107421875,4354.47021484375,231181533
2021-01-14,BBRI,4381.74267578125,4390.8330078125,4290.8349609375,4336.28857421875,146980798
2021-01-15,BBRI,4336.28857421875,4336.28857421875,4136.2919921875,4163.564453125,225189839
2021-01-18,BBRI,4163.564453125,4227.19970703125,4127.20166015625,4199.92724609375,182568723
2021-01-19,BBRI,4272.6533203125,4272.6533203125,4190.8369140625,4199.92724609375,152430182
2021-01-20,BBRI,4245.38134765625,4472.64990234375,4227.19970703125,4445.3779296875,277723446
2021-01-21,BBRI,4472.64990234375,4499.92236328125,4336.28857421875,4354.47021484375,177275431
2021-01-22,BBRI,4418.10546875,4418.10546875,4254.47216796875,4290.8349609375,183332136
2021-01-25,BBRI,4354.47021484375,4354.47021484375,4190.8369140625,4345.37939453125,165278734
2021-01-26,BBRI,4345.37939453125,4354.47021484375,4199.92724609375,4227.19970703125,163850580
2021-01-27,BBRI,4227.19970703125,4290.8349609375,4090.83837890625,4199.92724609375,198692361
2021-01-28,BBRI,4163.564453125,4227.19970703125,4018.1123046875,4063.566162109375,176270344
2021-01-29,BBRI,4154.4736328125,4190.8369140625,3799.934326171875,3799.934326171875,308226863
2021-02-01,BBRI,3799.934326171875,4036.2939453125,3599.937744140625,3999.930908203125,355113743
2021-02-02,BBRI,4081.74755859375,4081.74755859375,3872.660400390625,3963.56787109375,167527833
2021-02-03,BBRI,4072.656982421875,4072.656982421875,3963.56787109375,3981.74951171875,124241205
2021-02-04,BBRI,4045.384765625,4163.564453125,3972.65869140625,4081.74755859375,162519997
2021-02-05,BBRI,4127.20166015625,4127.20166015625,4018.1123046875,4063.566162109375,99005120
2021-02-08,BBRI,4118.11083984375,4118.11083984375,4045.384765625,4054.475341796875,120218986
2021-02-09,BBRI,4090.83837890625,4336.28857421875,4090.83837890625,4199.92724609375,464366860
2021-02-10,BBRI,4209.01806640625,4281.744140625,4181.74609375,4227.19970703125,202155881
2021-02-11,BBRI,4272.6533203125,4281.744140625,4209.01806640625,4254.47216796875,99681961
2021-02-15,BBRI,4281.744140625,4345.37939453125,4272.6533203125,4281.744140625,93158189
2021-02-16,BBRI,4309.0166015625,4309.0166015625,4236.29052734375,4245.38134765625,71623667
2021-02-17,BBRI,4281.744140625,4299.92578125,4199.92724609375,4209.01806640625,101529553
2021-02-18,BBRI,4272.6533203125,4336.28857421875,4227.19970703125,4245.38134765625,152089286
2021-02-19,BBRI,4181.74609375,4354.47021484375,4181.74609375,4354.47021484375,109884637
2021-02-22,BBRI,4409.0146484375,4427.1962890625,4327.19775390625,4354.47021484375,157619632
2021-02-23,BBRI,4372.65185546875,4390.8330078125,4309.0166015625,4354.47021484375,107810772
2021-02-24,BBRI,4354.47021484375,4381.74267578125,4281.744140625,4299.92578125,105582023
2021-02-25,BBRI,4336.28857421875,4336.28857421875,4245.38134765625,4299.92578125,131635423
2021-02-26,BBRI,4299.92578125,4318.107421875,4272.6533203125,4281.744140625,161796404
2021-03-01,BBRI,4363.56103515625,4390.8330078125,4290.8349609375,4390.8330078125,127020403
2021-03-02,BBRI,4427.1962890625,4436.287109375,4363.56103515625,4363.56103515625,75195758
2021-03-03,BBRI,4363.56103515625,4409.0146484375,4309.0166015625,4409.0146484375,85026738
2021-03-04,BBRI,4409.0146484375,4409.0146484375,4299.92578125,4327.19775390625,117897176
2021-03-05,BBRI,4309.0166015625,4336.28857421875,4272.6533203125,4336.28857421875,71188389
2021-03-08,BBRI,4363.56103515625,4381.74267578125,4299.92578125,4299.92578125,69917647
2021-03-09,BBRI,4318.107421875,4318.107421875,4145.3828125,4163.564453125,165527119
2021-03-10,BBRI,4227.19970703125,4236.29052734375,4172.6552734375,4209.01806640625,77405916
2021-03-12,BBRI,4263.5625,4263.5625,4127.20166015625,4163.564453125,152360111
2021-03-15,BBRI,4163.564453125,4209.01806640625,4145.3828125,4154.4736328125,95483079
2021-03-16,BBRI,4236.29052734375,4336.28857421875,4190.8369140625,4290.8349609375,151028868
2021-03-17,BBRI,4254.47216796875,4272.6533203125,4181.74609375,4245.38134765625,116245827
2021-03-18,BBRI,4281.744140625,4336.28857421875,4263.5625,4327.19775390625,95635541
2021-03-19,BBRI,4318.107421875,4318.107421875,4245.38134765625,4245.38134765625,166398004
2021-03-22,BBRI,4272.6533203125,4272.6533203125,4199.92724609375,4209.01806640625,67100278
2021-03-23,BBRI,4290.8349609375,4290.8349609375,4227.19970703125,4245.38134765625,115036356
2021-03-24,BBRI,4299.92578125,4299.92578125,4227.19970703125,4245.38134765625,120514341
2021-03-25,BBRI,4272.6533203125,4272.6533203125,4163.564453125,4199.92724609375,95145043
2021-03-26,BBRI,4209.01806640625,4290.8349609375,4199.92724609375,4290.8349609375,106978057
2021-03-29,BBRI,4345.37939453125,4345.37939453125,4290.8349609375,4290.8349609375,106807554
2021-03-30,BBRI,4272.6533203125,4272.6533203125,4072.656982421875,4090.83837890625,214898061
2021-03-31,BBRI,4045.384765625,4072.656982421875,3872.660400390625,3999.930908203125,323139711
2021-04-01,BBRI,3954.47705078125,3972.65869140625,3827.20654296875,3899.9326171875,340183845
2021-04-05,BBRI,3927.204833984375,3936.295654296875,3781.7529296875,3818.115966796875,345533898
2021-04-06,BBRI,3790.843505859375,3845.38818359375,3772.662109375,3818.115966796875,167319270
2021-04-07,BBRI,3845.38818359375,3854.478759765625,3781.7529296875,3818.115966796875,116953800
2021-04-08,BBRI,3863.569580078125,3963.56787109375,3845.38818359375,3954.47705078125,158572578
2021-04-09,BBRI,3981.74951171875,3999.930908203125,3954.47705078125,3954.47705078125,125277643
2021-04-12,BBRI,3990.840087890625,3990.840087890625,3818.115966796875,3827.20654296875,115119078
2021-04-13,BBRI,3827.20654296875,3872.660400390625,3745.389892578125,3781.7529296875,120186645
2021-04-14,BBRI,3890.841796875,3954.47705078125,3836.29736328125,3954.47705078125,113531640
2021-04-15,BBRI,3990.840087890625,4009.021728515625,3890.841796875,4009.021728515625,86272180
2021-04-16,BBRI,4045.384765625,4054.475341796875,3918.1142578125,3945.386474609375,74495706
2021-04-19,BBRI,3963.56787109375,3981.74951171875,3918.1142578125,3981.74951171875,62185614
2021-04-20,BBRI,3899.9326171875,3936.295654296875,3836.29736328125,3918.1142578125,98216076
2021-04-21,BBRI,3854.478759765625,3899.9326171875,3845.38818359375,3845.38818359375,51954007
2021-04-22,BBRI,3845.38818359375,3872.660400390625,3818.115966796875,3818.115966796875,118813822
2021-04-23,BBRI,3818.115966796875,3890.841796875,3809.025146484375,3863.569580078125,120513461
2021-04-26,BBRI,3854.478759765625,3863.569580078125,3754.480712890625,3763.5712890625,157367288
2021-04-27,BBRI,3818.115966796875,3818.115966796875,3772.662109375,3790.843505859375,146082083
2021-04-28,BBRI,3790.843505859375,3836.29736328125,3754.480712890625,3754.480712890625,126586116
2021-04-29,BBRI,3809.025146484375,3818.115966796875,3763.5712890625,3781.7529296875,124711354
2021-04-30,BBRI,3772.662109375,3781.7529296875,3681.754638671875,3681.754638671875,257497837
2021-05-03,BBRI,3690.845458984375,3699.93603515625,3636.30078125,3645.3916015625,124235705
2021-05-04,BBRI,3654.482421875,3699.93603515625,3645.3916015625,3690.845458984375,84287635
2021-05-05,BBRI,3736.299072265625,3754.480712890625,3709.02685546875,3718.11767578125,117321536
2021-05-06,BBRI,3754.480712890625,3754.480712890625,3699.93603515625,3736.299072265625,86226199
2021-05-07,BBRI,3763.5712890625,3763.5712890625,3672.663818359375,3681.754638671875,83358229
2021-05-10,BBRI,3681.754638671875,3718.11767578125,3681.754638671875,3681.754638671875,81377755
2021-05-11,BBRI,3663.572998046875,3672.663818359375,3618.119384765625,3627.2099609375,167031505
2021-05-17,BBRI,3599.937744140625,3636.30078125,3545.393310546875,3545.393310546875,214824800
2021-05-18,BBRI,3599.937744140625,3599.937744140625,3536.302490234375,3545.393310546875,127276708
2021-05-19,BBRI,3499.939453125,3581.75634765625,3499.939453125,3518.12109375,135307947
2021-05-20,BBRI,3490.848876953125,3572.66552734375,3472.667236328125,3527.2119140625,164832677
2021-05-21,BBRI,3563.57470703125,3590.84716796875,3509.0302734375,3536.302490234375,121124632
2021-05-24,BBRI,3609.028564453125,3690.845458984375,3554.484130859375,3672.663818359375,147190132
2021-05-25,BBRI,3699.93603515625,3763.5712890625,3672.663818359375,3690.845458984375,168676803
2021-05-27,BBRI,3763.5712890625,3809.025146484375,3590.84716796875,3590.84716796875,622692705
2021-05-28,BBRI,3672.663818359375,3790.843505859375,3654.482421875,3699.93603515625,274099434
2021-05-31,BBRI,3754.480712890625,3890.841796875,3736.299072265625,3872.660400390625,326538660
2021-06-02,BBRI,3954.47705078125,3981.74951171875,3845.38818359375,3872.660400390625,312257333
2021-06-03,BBRI,3881.751220703125,3963.56787109375,3836.29736328125,3963.56787109375,173444725
2021-06-04,BBRI,3981.74951171875,3990.840087890625,3899.9326171875,3945.386474609375,138144236
2021-06-07,BBRI,3945.386474609375,3954.47705078125,3827.20654296875,3863.569580078125,152755788
2021-06-08,BBRI,3890.841796875,3890.841796875,3809.025146484375,3818.115966796875,108888570
2021-06-09,BBRI,3727.208251953125,3881.751220703125,3727.208251953125,3836.29736328125,107433795
2021-06-10,BBRI,3890.841796875,3927.204833984375,3872.660400390625,3909.0234375,106984877
2021-06-11,BBRI,3954.47705078125,3954.47705078125,3890.841796875,3890.841796875,57809408
2021-06-14,BBRI,3936.295654296875,3954.47705078125,3890.841796875,3954.47705078125,133363443
2021-06-15,BBRI,3954.47705078125,3954.47705078125,3827.20654296875,3845.38818359375,200713646
2021-06-16,BBRI,3772.662109375,3790.843505859375,3645.3916015625,3645.3916015625,481002668
2021-06-17,BBRI,3618.119384765625,3699.93603515625,3572.66552734375,3663.572998046875,336253477
2021-06-18,BBRI,3690.845458984375,3690.845458984375,3554.484130859375,3554.484130859375,325605954
2021-06-21,BBRI,3527.2119140625,3609.028564453125,3509.0302734375,3581.75634765625,159544775
2021-06-22,BBRI,3581.75634765625,3699.93603515625,3563.57470703125,3672.663818359375,132832794
2021-06-23,BBRI,3681.754638671875,3699.93603515625,3581.75634765625,3581.75634765625,178751767
2021-06-24,BBRI,3636.30078125,3645.3916015625,3599.937744140625,3627.2099609375,55421157
2021-06-25,BBRI,3663.572998046875,3672.663818359375,3627.2099609375,3627.2099609375,83150216
2021-06-28,BBRI,3618.119384765625,3627.2099609375,3572.66552734375,3572.66552734375,155357663
2021-06-29,BBRI,3509.0302734375,3554.484130859375,3509.0302734375,3545.393310546875,133952393
2021-06-30,BBRI,3545.393310546875,3609.028564453125,3536.302490234375,3581.75634765625,124133954
2021-07-01,BBRI,3581.75634765625,3609.028564453125,3554.484130859375,3581.75634765625,105240907
2021-07-02,BBRI,3636.30078125,3663.572998046875,3609.028564453125,3627.2099609375,93832940
2021-07-05,BBRI,3572.66552734375,3599.937744140625,3527.2119140625,3545.393310546875,93466744
2021-07-06,BBRI,3590.84716796875,3590.84716796875,3536.302490234375,3536.302490234375,60849751
2021-07-07,BBRI,3563.57470703125,3581.75634765625,3463.576416015625,3472.667236328125,163599005
2021-07-08,BBRI,3536.302490234375,3545.393310546875,3472.667236328125,3518.12109375,162349164
2021-07-09,BBRI,3509.0302734375,3518.12109375,3436.30419921875,3454.48583984375,140611578
2021-07-12,BBRI,3454.48583984375,3472.667236328125,3409.031982421875,3418.122802734375,131702194
2021-07-13,BBRI,3454.48583984375,3454.48583984375,3418.122802734375,3436.30419921875,175683484
2021-07-14,BBRI,3436.30419921875,3454.48583984375,3363.578369140625,3372.6689453125,115704508
2021-07-15,BBRI,3409.031982421875,3490.848876953125,3390.8505859375,3463.576416015625,139855425
2021-07-16,BBRI,3499.939453125,3509.0302734375,3463.576416015625,3490.848876953125,108336691
2021-07-19,BBRI,3499.939453125,3499.939453125,3436.30419921875,3436.30419921875,69326497
2021-07-21,BBRI,3499.939453125,3527.2119140625,3463.576416015625,3472.667236328125,111008747
2021-07-22,BBRI,3518.12109375,3554.484130859375,3490.848876953125,3545.393310546875,93842180
2021-07-23,BBRI,3581.75634765625,3590.84716796875,3481.758056640625,3518.12109375,95960267
2021-07-26,BBRI,3545.393310546875,3545.393310546875,3472.667236328125,3481.758056640625,90198037
2021-07-27,BBRI,3509.0302734375,3509.0302734375,3427.213623046875,3454.48583984375,99741692
2021-07-28,BBRI,3454.48583984375,3463.576416015625,3381.759765625,3390.8505859375,77777283
2021-07-29,BBRI,3418.122802734375,3490.848876953125,3409.031982421875,3427.213623046875,102817895
2021-07-30,BBRI,3481.758056640625,3481.758056640625,3372.6689453125,3372.6689453125,113633172
2021-08-02,BBRI,3427.213623046875,3427.213623046875,3363.578369140625,3399.941162109375,105807637
2021-08-03,BBRI,3399.941162109375,3436.30419921875,3381.759765625,3409.031982421875,87862477
2021-08-04,BBRI,3445.39501953125,3499.939453125,3427.213623046875,3499.939453125,91847406
2021-08-05,BBRI,3545.393310546875,3718.11767578125,3545.393310546875,3681.754638671875,294149590
2021-08-06,BBRI,3681.754638671875,3690.845458984375,3545.393310546875,3572.66552734375,152456913
2021-08-09,BBRI,3581.75634765625,3590.84716796875,3472.667236328125,3499.939453125,102404178
2021-08-10,BBRI,3536.302490234375,3536.302490234375,3463.576416015625,3472.667236328125,94349949
2021-08-12,BBRI,3499.939453125,3499.939453125,3454.48583984375,3463.576416015625,94464021
2021-08-13,BBRI,3472.667236328125,3527.2119140625,3472.667236328125,3518.12109375,104829940
2021-08-16,BBRI,3518.12109375,3572.66552734375,3490.848876953125,3572.66552734375,70083530
2021-08-18,BBRI,3627.2099609375,3718.11767578125,3572.66552734375,3699.93603515625,247351372
2021-08-19,BBRI,3636.30078125,3654.482421875,3509.0302734375,3527.2119140625,218214729
2021-08-20,BBRI,3527.2119140625,3581.75634765625,3481.758056640625,3572.66552734375,88330535
2021-08-23,BBRI,3618.119384765625,3627.2099609375,3572.66552734375,3599.937744140625,68133856
2021-08-24,BBRI,3590.84716796875,3599.937744140625,3481.758056640625,3536.302490234375,150882016
2021-08-25,BBRI,3499.939453125,3545.393310546875,3499.939453125,3536.302490234375,86571495
2021-08-26,BBRI,3536.302490234375,3545.393310546875,3490.848876953125,3518.12109375,69144334
2021-08-27,BBRI,3536.302490234375,3536.302490234375,3481.758056640625,3490.848876953125,79498923
2021-08-30,BBRI,3499.939453125,3581.75634765625,3490.848876953125,3581.75634765625,128539860
2021-08-31,BBRI,3581.75634765625,3590.84716796875,3518.12109375,3572.66552734375,134879489
2021-09-01,BBRI,3572.66552734375,3572.66552734375,3527.2119140625,3536.302490234375,97691477
2021-09-02,BBRI,3509.0302734375,3536.302490234375,3490.848876953125,3518.12109375,81242343
2021-09-03,BBRI,3499.939453125,3572.66552734375,3463.576416015625,3572.66552734375,165056860
2021-09-06,BBRI,3590.84716796875,3618.119384765625,3499.939453125,3499.939453125,188929693
2021-09-07,BBRI,3536.302490234375,3563.57470703125,3518.12109375,3554.484130859375,140380354
2021-09-08,BBRI,3820.0,3880.0,3720.0,3730.0,228087900
2021-09-09,BBRI,3700.0,3770.0,3650.0,3730.0,306319600
2021-09-10,BBRI,3710.0,3790.0,3670.0,3780.0,177033000
2021-09-13,BBRI,3710.0,3750.0,3660.0,3700.0,169825000
2021-09-14,BBRI,3720.0,3730.0,3660.0,3700.0,216363400
2021-09-15,BBRI,3670.0,3670.0,3620.0,3660.0,263544000
2021-09-16,BBRI,3650.0,3660.0,3610.0,3640.0,194782800
2021-09-17,BBRI,3630.0,3640.0,3570.0,3610.0,346529100
2021-09-20,BBRI,3590.0,3590.0,3510.0,3590.0,357971300
2021-09-21,BBRI,3510.0,3580.0,3500.0,3570.0,410533900
2021-09-22,BBRI,3520.0,3650.0,3520.0,3610.0,416087300
2021-09-23,BBRI,3600.0,3770.0,3590.0,3770.0,432390800
2021-09-24,BBRI,3790.0,3860.0,3770.0,3820.0,634549600
2021-09-27,BBRI,3770.0,3800.0,3730.0,3750.0,380151200
2021-09-28,BBRI,3770.0,3770.0,3690.0,3720.0,306827400
2021-09-29,BBRI,3720.0,3750.0,3690.0,3740.0,143081800
2021-09-30,BBRI,3760.0,3870.0,3750.0,3850.0,416099000
2021-10-01,BBRI,3850.0,3920.0,3830.0,3900.0,359864700
2021-10-04,BBRI,3900.0,4010.0,3890.0,3970.0,335762600
2021-10-05,BBRI,3950.0,3980.0,3910.0,3930.0,236562700
2021-10-06,BBRI,3920.0,4150.0,3920.0,4120.0,446708800
2021-10-07,BBRI,4150.0,4170.0,4070.0,4120.0,264905400
2021-10-08,BBRI,4190.0,4240.0,4130.0,4160.0,196631600
2021-10-11,BBRI,4160.0,4200.0,4130.0,4180.0,146720100
2021-10-12,BBRI,4180.0,4240.0,4180.0,4220.0,241196000
2021-10-13,BBRI,4230.0,4300.0,4220.0,4280.0,264629400
2021-10-14,BBRI,4280.0,4350.0,4230.0,4250.0,196989500
2021-10-15,BBRI,4250.0,4330.0,4220.0,4320.0,318189600
2021-10-18,BBRI,4350.0,4410.0,4340.0,4410.0,286829000
2021-10-19,BBRI,4450.0,4450.0,4360.0,4400.0,161256300
2021-10-21,BBRI,4450.0,4460.0,4320.0,4360.0,319230200
2021-10-22,BBRI,4340.0,4400.0,4320.0,4400.0,160459300
2021-10-25,BBRI,4330.0,4370.0,4300.0,4300.0,128240100
2021-10-26,BBRI,4280.0,4370.0,4270.0,4350.0,108782400
2021-10-27,BBRI,4330.0,4340.0,4260.0,4290.0,258038300
2021-10-28,BBRI,4210.0,4300.0,4200.0,4240.0,159645200
2021-10-29,BBRI,4300.0,4300.0,4220.0,4250.0,155011100
2021-11-01,BBRI,4330.0,4330.0,4220.0,4230.0,102079300
2021-11-02,BBRI,4270.0,4270.0,4210.0,4210.0,124799700
2021-11-03,BBRI,4250.0,4300.0,4210.0,4290.0,100486300
2021-11-04,BBRI,4330.0,4340.0,4250.0,4250.0,119591100
2021-11-05,BBRI,4270.0,4270.0,4210.0,4240.0,74347000
2021-11-08,BBRI,4250.0,4260.0,4220.0,4230.0,79465600
2021-11-09,BBRI,4230.0,4250.0,4220.0,4250.0,92453200
2021-11-10,BBRI,4230.0,4260.0,4210.0,4250.0,69475400
2021-11-11,BBRI,4290.0,4300.0,4230.0,4250.0,149637700
2021-11-12,BBRI,4270.0,4290.0,4210.0,4220.0,80234400
2021-11-15,BBRI,4220.0,4220.0,4140.0,4160.0,220142300
2021-11-16,BBRI,4120.0,4170.0,4120.0,4130.0,163555000
2021-11-17,BBRI,4170.0,4200.0,4160.0,4200.0,126523700
2021-11-18,BBRI,4150.0,4190.0,4140.0,4180.0,114881200
2021-11-19,BBRI,4220.0,4290.0,4220.0,4280.0,182167700
2021-11-22,BBRI,4310.0,4310.0,4250.0,4280.0,151514000
2021-11-23,BBRI,4280.0,4280.0,4200.0,4210.0,104294200
2021-11-24,BBRI,4200.0,4230.0,4190.0,4210.0,111072800
2021-11-25,BBRI,4180.0,4250.0,4180.0,4220.0,123609400
2021-11-26,BBRI,4190.0,4220.0,4150.0,4160.0,148652500
2021-11-29,BBRI,4150.0,4190.0,4080.0,4170.0,164312800
2021-11-30,BBRI,4150.0,4220.0,4090.0,4090.0,316653200
2021-12-01,BBRI,4090.0,4180.0,4070.0,4080.0,163457900
2021-12-02,BBRI,4060.0,4220.0,4060.0,4200.0,139281800
2021-12-03,BBRI,4210.0,4220.0,4170.0,4170.0,93227100
2021-12-06,BBRI,4200.0,4220.0,4110.0,4110.0,106610000
2021-12-07,BBRI,4190.0,4230.0,4160.0,4230.0,182048000
2021-12-08,BBRI,4250.0,4250.0,4170.0,4210.0,143230200
2021-12-09,BBRI,4220.0,4220.0,4160.0,4190.0,90471500
2021-12-10,BBRI,4130.0,4160.0,4130.0,4130.0,122999200
2021-12-13,BBRI,4170.0,4200.0,4160.0,4160.0,86848900
2021-12-14,BBRI,4150.0,4160.0,4130.0,4130.0,100110000
2021-12-15,BBRI,4150.0,4230.0,4140.0,4200.0,124522800
2021-12-16,BBRI,4220.0,4220.0,4120.0,4140.0,136646600
2021-12-17,BBRI,4090.0,4140.0,4090.0,4110.0,153165400
2021-12-20,BBRI,4070.0,4130.0,4060.0,4120.0,89198900
2021-12-21,BBRI,4100.0,4120.0,4080.0,4080.0,109561800
2021-12-22,BBRI,4100.0,4110.0,4050.0,4050.0,104738000
2021-12-23,BBRI,4090.0,4110.0,4060.0,4100.0,72736800
2021-12-24,BBRI,4100.0,4120.0,4050.0,4070.0,59795000
2021-12-27,BBRI,4070.0,4110.0,4060.0,4060.0,65491200
2021-12-28,BBRI,4090.0,4110.0,4070.0,4090.0,52952500
2021-12-29,BBRI,4090.0,4100.0,4070.0,4080.0,27676500
2021-12-30,BBRI,4080.0,4140.0,4060.0,4110.0,146989400
2022-01-03,BBRI,4120.0,4190.0,4090.0,4180.0,90842500
2022-01-04,BBRI,4200.0,4210.0,4160.0,4160.0,93950000
2022-01-05,BBRI,4180.0,4230.0,4130.0,4210.0,174376400
2022-01-06,BBRI,4240.0,4240.0,4140.0,4160.0,137280000
2022-01-07,BBRI,4170.0,4200.0,4150.0,4190.0,101275000
2022-01-10,BBRI,4190.0,4210.0,4180.0,4180.0,70722600
2022-01-11,BBRI,4180.0,4180.0,4130.0,4150.0,99404900
2022-01-12,BBRI,4170.0,4180.0,4130.0,4160.0,65907000
2022-01-13,BBRI,4180.0,4190.0,4170.0,4190.0,103522400
2022-01-14,BBRI,4190.0,4210.0,4160.0,4180.0,110213800
2022-01-17,BBRI,4200.0,4210.0,4180.0,4210.0,102957100
2022-01-18,BBRI,4240.0,4240.0,4140.0,4190.0,120275000
2022-01-19,BBRI,4210.0,4210.0,4130.0,4130.0,109954700
2022-01-20,BBRI,4130.0,4160.0,4110.0,4130.0,86394600
2022-01-21,BBRI,4130.0,4170.0,4110.0,4170.0,84972500
2022-01-24,BBRI,4140.0,4160.0,4100.0,4120.0,76709900
2022-01-25,BBRI,4100.0,4110.0,4000.0,4070.0,185007800
2022-01-26,BBRI,4030.0,4100.0,4030.0,4090.0,97589500
2022-01-27,BBRI,4070.0,4140.0,4060.0,4140.0,80682900
2022-01-28,BBRI,4170.0,4170.0,4090.0,4140.0,84812100
2022-01-31,BBRI,4170.0,4170.0,4070.0,4070.0,78498500
2022-02-02,BBRI,4120.0,4120.0,4060.0,4070.0,81546300
2022-02-03,BBRI,4180.0,4180.0,4130.0,4130.0,157898800
2022-02-04,BBRI,4170.0,4210.0,4150.0,4210.0,236602900
2022-02-07,BBRI,4240.0,4410.0,4220.0,4400.0,468016600
2022-02-08,BBRI,4450.0,4550.0,4400.0,4440.0,310878100
2022-02-09,BBRI,4400.0,4500.0,4380.0,4450.0,149000100
2022-02-10,BBRI,4500.0,4500.0,4450.0,4470.0,112521600
2022-02-11,BBRI,4420.0,4450.0,4380.0,4450.0,103418200
2022-02-14,BBRI,4450.0,4450.0,4380.0,4410.0,105260000
2022-02-15,BBRI,4440.0,4450.0,4390.0,4430.0,96658500
2022-02-16,BBRI,4470.0,4470.0,4410.0,4420.0,89636300
2022-02-17,BBRI,4390.0,4410.0,4340.0,4400.0,118305100
2022-02-18,BBRI,4400.0,4440.0,4370.0,4430.0,127058000
2022-02-21,BBRI,4460.0,4490.0,4440.0,4490.0,133717300
2022-02-22,BBRI,4440.0,4470.0,4420.0,4430.0,109060900
2022-02-23,BBRI,4520.0,4520.0,4460.0,4480.0,160827800
2022-02-24,BBRI,4470.0,4470.0,4370.0,4390.0,217523600
2022-02-25,BBRI,4450.0,4550.0,4410.0,4550.0,301346400
2022-03-01,BBRI,4850.0,4860.0,4630.0,4630.0,494657800
2022-03-02,BBRI,4680.0,4690.0,4550.0,4560.0,186635200
2022-03-04,BBRI,4720.0,4730.0,4610.0,4670.0,292022600
2022-03-07,BBRI,4580.0,4630.0,4520.0,4520.0,224515800
2022-03-08,BBRI,4500.0,4560.0,4430.0,4430.0,214870200
2022-03-09,BBRI,4530.0,4590.0,4500.0,4570.0,191967100
2022-03-10,BBRI,4640.0,4640.0,4510.0,4570.0,225575800
2022-03-11,BBRI,4400.0,4440.0,4370.0,4400.0,275965300
2022-03-14,BBRI,4440.0,4540.0,4410.0,4520.0,212052100
2022-03-15,BBRI,4550.0,4640.0,4530.0,4610.0,357755700
2022-03-16,BBRI,4650.0,4660.0,4610.0,4650.0,226817000
2022-03-17,BBRI,4690.0,4700.0,4610.0,4650.0,224068000
2022-03-18,BBRI,4700.0,4700.0,4580.0,4580.0,257863400
2022-03-21,BBRI,4600.0,4630.0,4560.0,4590.0,118791900
2022-03-22,BBRI,4690.0,4710.0,4640.0,4640.0,177758500
2022-03-23,BBRI,4680.0,4690.0,4620.0,4650.0,146545100
2022-03-24,BBRI,4640.0,4730.0,4620.0,4730.0,206271600
2022-03-25,BBRI,4760.0,4760.0,4650.0,4710.0,137104800
2022-03-28,BBRI,4730.0,4740.0,4670.0,4730.0,106801800
2022-03-29,BBRI,4750.0,4750.0,4670.0,4690.0,93155100
2022-03-30,BBRI,4740.0,4740.0,4690.0,4710.0,83364400
2022-03-31,BBRI,4700.0,4750.0,4660.0,4660.0,158650000
2022-04-01,BBRI,4690.0,4730.0,4630.0,4730.0,145105000
2022-04-04,BBRI,4730.0,4730.0,4660.0,4700.0,103902000
2022-04-05,BBRI,4730.0,4740.0,4670.0,4700.0,76154300
2022-04-06,BBRI,4690.0,4690.0,4600.0,4600.0,111009800
2022-04-07,BBRI,4670.0,4670.0,4620.0,4630.0,91942500
2022-04-08,BBRI,4630.0,4650.0,4600.0,4610.0,125657900
2022-04-11,BBRI,4600.0,4620.0,4570.0,4570.0,109861100
2022-04-12,BBRI,4550.0,4610.0,4550.0,4610.0,96961200
2022-04-13,BBRI,4640.0,4640.0,4590.0,4610.0,112327600
2022-04-14,BBRI,4600.0,4610.0,4530.0,4540.0,150659600
2022-04-18,BBRI,4550.0,4580.0,4540.0,4550.0,82795100
2022-04-19,BBRI,4550.0,4600.0,4540.0,4570.0,148475600
2022-04-20,BBRI,4610.0,4870.0,4600.0,4850.0,404383100
2022-04-21,BBRI,4850.0,4850.0,4760.0,4800.0,208253300
2022-04-22,BBRI,4750.0,4850.0,4720.0,4750.0,174349500
2022-04-25,BBRI,4700.0,4850.0,4670.0,4840.0,235752400
2022-04-26,BBRI,4840.0,4980.0,4830.0,4940.0,262734300
2022-04-27,BBRI,4900.0,4930.0,4850.0,4850.0,191955100
2022-04-28,BBRI,4870.0,4930.0,4860.0,4870.0,193821200
2022-05-09,BBRI,4750.0,4760.0,4530.0,4530.0,561600400
2022-05-10,BBRI,4260.0,4530.0,4260.0,4530.0,435782800
2022-05-11,BBRI,4550.0,4580.0,4480.0,4490.0,205233800
2022-05-12,BBRI,4490.0,4490.0,4300.0,4320.0,207373600
2022-05-13,BBRI,4250.0,4360.0,4250.0,4250.0,336711300
2022-05-17,BBRI,4270.0,4520.0,4270.0,4450.0,272650400
2022-05-18,BBRI,4500.0,4530.0,4430.0,4450.0,129716500
2022-05-19,BBRI,4350.0,4460.0,4300.0,4440.0,132614900
2022-05-20,BBRI,4440.0,4490.0,4410.0,4430.0,122101000
2022-05-23,BBRI,4410.0,4440.0,4320.0,4330.0,175709000
2022-05-24,BBRI,4320.0,4500.0,4320.0,4460.0,165758600
2022-05-25,BBRI,4430.0,4450.0,4350.0,4350.0,138961700
2022-05-27,BBRI,4500.0,4540.0,4440.0,4540.0,209962100
2022-05-30,BBRI,4540.0,4540.0,4390.0,4430.0,193724500
2022-05-31,BBRI,4470.0,4630.0,4450.0,4630.0,379626500
2022-06-02,BBRI,4540.0,4600.0,4480.0,4480.0,225697500
2022-06-03,BBRI,4530.0,4570.0,4510.0,4520.0,117643300
2022-06-06,BBRI,4470.0,4510.0,4400.0,4430.0,157277700
2022-06-07,BBRI,4460.0,4460.0,4400.0,4400.0,133318000
2022-06-08,BBRI,4400.0,4470.0,4380.0,4470.0,150604000
2022-06-09,BBRI,4500.0,4520.0,4480.0,4490.0,161768800
2022-06-10,BBRI,4470.0,4470.0,4360.0,4400.0,222410400
2022-06-13,BBRI,4260.0,4350.0,4260.0,4340.0,164017200
2022-06-14,BBRI,4300.0,4410.0,4300.0,4360.0,150381800
2022-06-15,BBRI,4360.0,4450.0,4360.0,4450.0,160729900
2022-06-16,BBRI,4420.0,4530.0,4410.0,4430.0,240023000
2022-06-17,BBRI,4370.0,4400.0,4350.0,4370.0,185763100
2022-06-20,BBRI,4400.0,4410.0,4340.0,4400.0,95058800
2022-06-21,BBRI,4430.0,4430.0,4380.0,4380.0,103964600
2022-06-22,BBRI,4410.0,4410.0,4310.0,4320.0,106208500
2022-06-23,BBRI,4300.0,4360.0,4300.0,4310.0,127600700
2022-06-24,BBRI,4320.0,4350.0,4310.0,4340.0,66083900
2022-06-27,BBRI,4310.0,4330.0,4270.0,4280.0,152306100
2022-06-28,BBRI,4320.0,4330.0,4280.0,4300.0,178535800
2022-06-29,BBRI,4280.0,4310.0,4180.0,4180.0,228536100
2022-06-30,BBRI,4120.0,4220.0,4120.0,4150.0,239939100
2022-07-01,BBRI,4150.0,4200.0,4110.0,4140.0,154659500
2022-07-04,BBRI,4090.0,4120.0,3960.0,4040.0,246853600
2022-07-05,BBRI,4040.0,4160.0,4040.0,4090.0,180648400
2022-07-06,BBRI,4050.0,4100.0,4020.0,4080.0,125309100
2022-07-07,BBRI,4040.0,4110.0,4040.0,4050.0,172127500
2022-07-08,BBRI,4090.0,4200.0,4050.0,4200.0,112914000
2022-07-11,BBRI,4150.0,4170.0,4100.0,4120.0,80867700
2022-07-12,BBRI,4120.0,4140.0,4100.0,4110.0,56085200
2022-07-13,BBRI,4110.0,4130.0,4030.0,4060.0,165745200
2022-07-14,BBRI,4010.0,4090.0,4010.0,4070.0,188729700
2022-07-15,BBRI,4060.0,4120.0,4050.0,4110.0,91362800
2022-07-18,BBRI,4110.0,4140.0,4080.0,4140.0,135284500
2022-07-19,BBRI,4150.0,4150.0,4110.0,4110.0,122905900
2022-07-20,BBRI,4180.0,4300.0,4160.0,4300.0,220223600
2022-07-21,BBRI,4300.0,4310.0,4230.0,4310.0,130405400
2022-07-22,BBRI,4330.0,4330.0,4270.0,4270.0,86561100
2022-07-25,BBRI,4250.0,4300.0,4250.0,4250.0,60952800
2022-07-26,BBRI,4270.0,4350.0,4260.0,4330.0,97709800
2022-07-27,BBRI,4380.0,4380.0,4300.0,4320.0,88570800
2022-07-28,BBRI,4340.0,4400.0,4340.0,4360.0,136421400
2022-07-29,BBRI,4390.0,4430.0,4340.0,4360.0,228669400
2022-08-01,BBRI,4390.0,4410.0,4330.0,4360.0,200791700
2022-08-02,BBRI,4360.0,4400.0,4300.0,4400.0,173931000
2022-08-03,BBRI,4410.0,4420.0,4350.0,4380.0,103412300
2022-08-04,BBRI,4380.0,4390.0,4350.0,4360.0,120175700
2022-08-05,BBRI,4360.0,4400.0,4320.0,4360.0,168879400
2022-08-08,BBRI,4360.0,4400.0,4340.0,4370.0,107242600
2022-08-09,BBRI,4400.0,4470.0,4390.0,4410.0,181747100
2022-08-10,BBRI,4350.0,4370.0,4300.0,4310.0,205341100
2022-08-11,BBRI,4380.0,4410.0,4340.0,4350.0,193329000
2022-08-12,BBRI,4340.0,4350.0,4320.0,4320.0,103916700
2022-08-15,BBRI,4330.0,4350.0,4300.0,4300.0,135099400
2022-08-16,BBRI,4350.0,4350.0,4270.0,4280.0,205432400
2022-08-18,BBRI,4330.0,4340.0,4310.0,4330.0,138795300
2022-08-19,BBRI,4340.0,4340.0,4300.0,4300.0,84552100
2022-08-22,BBRI,4320.0,4330.0,4270.0,4270.0,121124400
2022-08-23,BBRI,4260.0,4310.0,4260.0,4300.0,107799500
2022-08-24,BBRI,4300.0,4330.0,4280.0,4290.0,75055900
2022-08-25,BBRI,4280.0,4300.0,4270.0,4270.0,117653800
2022-08-26,BBRI,4280.0,4290.0,4270.0,4270.0,87375200
2022-08-29,BBRI,4250.0,4270.0,4220.0,4250.0,88409800
2022-08-30,BBRI,4250.0,4300.0,4250.0,4260.0,157219500
2022-08-31,BBRI,4250.0,4350.0,4240.0,4340.0,191475700
2022-09-01,BBRI,4320.0,4390.0,4310.0,4390.0,139929300
2022-09-02,BBRI,4410.0,4450.0,4380.0,4450.0,220616600
2022-09-05,BBRI,4430.0,4600.0,4420.0,4590.0,261126600
2022-09-06,BBRI,4670.0,4690.0,4550.0,4560.0,188042700
2022-09-07,BBRI,4510.0,4550.0,4460.0,4460.0,231936700
2022-09-08,BBRI,4480.0,4620.0,4480.0,4600.0,250373200
2022-09-09,BBRI,4640.0,4640.0,4570.0,4610.0,119286700
2022-09-12,BBRI,4610.0,4630.0,4560.0,4560.0,97988000
2022-09-13,BBRI,4560.0,4640.0,4560.0,4580.0,141828800
2022-09-14,BBRI,4520.0,4610.0,4510.0,4580.0,149960600
2022-09-15,BBRI,4600.0,4700.0,4590.0,4610.0,295664100
2022-09-16,BBRI,4610.0,4620.0,4500.0,4500.0,282492200
2022-09-19,BBRI,4520.0,4600.0,4500.0,4570.0,134432000
2022-09-20,BBRI,4570.0,4600.0,4490.0,4490.0,138695500
2022-09-21,BBRI,4490.0,4550.0,4470.0,4550.0,159976900
2022-09-22,BBRI,4500.0,4580.0,4500.0,4560.0,100425300
2022-09-23,BBRI,4540.0,4560.0,4480.0,4480.0,139074000
2022-09-26,BBRI,4480.0,4540.0,4410.0,4540.0,280747500
2022-09-27,BBRI,4500.0,4550.0,4480.0,4530.0,213704600
2022-09-28,BBRI,4510.0,4560.0,4480.0,4520.0,161815300
2022-09-29,BBRI,4520.0,4540.0,4460.0,4480.0,169368600
2022-09-30,BBRI,4450.0,4510.0,4410.0,4490.0,224229200
2022-10-03,BBRI,4500.0,4550.0,4480.0,4530.0,159559600
2022-10-04,BBRI,4560.0,4650.0,4560.0,4640.0,256367100
2022-10-05,BBRI,4660.0,4660.0,4540.0,4540.0,182246200
2022-10-06,BBRI,4540.0,4570.0,4510.0,4510.0,123346200
2022-10-07,BBRI,4480.0,4490.0,4430.0,4440.0,133678600
2022-10-10,BBRI,4420.0,4430.0,4340.0,4370.0,193923600
2022-10-11,BBRI,4390.0,4430.0,4370.0,4430.0,133742200
2022-10-12,BBRI,4470.0,4470.0,4400.0,4400.0,128741800
2022-10-13,BBRI,4390.0,4420.0,4350.0,4350.0,104269900
2022-10-14,BBRI,4380.0,4390.0,4270.0,4270.0,180841100
2022-10-17,BBRI,4270.0,4320.0,4260.0,4300.0,145506000
2022-10-18,BBRI,4280.0,4340.0,4280.0,4290.0,161444100
2022-10-19,BBRI,4280.0,4340.0,4280.0,4300.0,81682300
2022-10-20,BBRI,4280.0,4400.0,4280.0,4390.0,149521700
2022-10-21,BBRI,4360.0,4460.0,4360.0,4430.0,165052200
2022-10-24,BBRI,4430.0,4540.0,4430.0,4500.0,186997700
2022-10-25,BBRI,4560.0,4610.0,4550.0,4590.0,233948800
2022-10-26,BBRI,4600.0,4610.0,4500.0,4530.0,178298500
2022-10-27,BBRI,4550.0,4600.0,4530.0,4600.0,131385300
2022-10-28,BBRI,4600.0,4630.0,4560.0,4630.0,227256400
2022-10-31,BBRI,4630.0,4680.0,4630.0,4650.0,275184000
2022-11-01,BBRI,4690.0,4700.0,4630.0,4660.0,230590200
2022-11-02,BBRI,4680.0,4680.0,4570.0,4610.0,163816900
2022-11-03,BBRI,4630.0,4660.0,4590.0,4650.0,174423000
2022-11-04,BBRI,4650.0,4660.0,4610.0,4650.0,85292300
2022-11-07,BBRI,4650.0,4690.0,4610.0,4690.0,112070500
2022-11-08,BBRI,4690.0,4690.0,4610.0,4620.0,80916300
2022-11-09,BBRI,4600.0,4650.0,4600.0,4650.0,126493900
2022-11-10,BBRI,4560.0,4580.0,4520.0,4530.0,196277400
2022-11-11,BBRI,4620.0,4650.0,4590.0,4650.0,153238500
2022-11-14,BBRI,4620.0,4640.0,4550.0,4580.0,140187600
2022-11-15,BBRI,4580.0,4610.0,4560.0,4580.0,87986300
2022-11-16,BBRI,4590.0,4610.0,4490.0,4520.0,245789200
2022-11-17,BBRI,4520.0,4670.0,4500.0,4670.0,214514600
2022-11-18,BBRI,4670.0,4680.0,4610.0,4610.0,105313200
2022-11-21,BBRI,4620.0,4630.0,4560.0,4590.0,82279300
2022-11-22,BBRI,4570.0,4670.0,4570.0,4590.0,154866000
2022-11-23,BBRI,4640.0,4670.0,4630.0,4670.0,147280600
2022-11-24,BBRI,4700.0,4740.0,4670.0,4720.0,156735700
2022-11-25,BBRI,4700.0,4750.0,4690.0,4750.0,177861100
2022-11-28,BBRI,4730.0,4830.0,4730.0,4820.0,214611600
2022-11-29,BBRI,4820.0,4860.0,4790.0,4850.0,184916300
2022-11-30,BBRI,4810.0,4980.0,4800.0,4980.0,560639800
2022-12-01,BBRI,5000.0,5025.0,4900.0,4940.0,267382600
2022-12-02,BBRI,4900.0,4930.0,4860.0,4890.0,199981400
2022-12-05,BBRI,4910.0,4930.0,4860.0,4890.0,88463000
2022-12-06,BBRI,4860.0,4890.0,4800.0,4860.0,151325300
2022-12-07,BBRI,4840.0,4840.0,4740.0,4760.0,253330100
2022-12-08,BBRI,4760.0,4840.0,4710.0,4840.0,154313900
2022-12-09,BBRI,4830.0,4840.0,4760.0,4800.0,203573100
2022-12-12,BBRI,4800.0,4850.0,4760.0,4850.0,139582400
2022-12-13,BBRI,4870.0,4980.0,4840.0,4970.0,194233200
2022-12-14,BBRI,5000.0,5000.0,4870.0,4980.0,201275800
2022-12-15,BBRI,4900.0,4940.0,4880.0,4910.0,170702300
2022-12-16,BBRI,4820.0,4980.0,4820.0,4980.0,594601900
2022-12-19,BBRI,4970.0,4980.0,4920.0,4970.0,82959800
2022-12-20,BBRI,4930.0,4970.0,4890.0,4910.0,78671600
2022-12-21,BBRI,4910.0,4940.0,4870.0,4890.0,71277800
2022-12-22,BBRI,4910.0,4970.0,4900.0,4960.0,87321400
2022-12-23,BBRI,4920.0,4940.0,4880.0,4880.0,53350600
2022-12-26,BBRI,4900.0,4930.0,4890.0,4930.0,43581100
2022-12-27,BBRI,4930.0,4950.0,4860.0,4870.0,74123800
2022-12-28,BBRI,4870.0,4880.0,4810.0,4820.0,117912500
2022-12-29,BBRI,4820.0,4870.0,4800.0,4870.0,106690700
2022-12-30,BBRI,4870.0,4950.0,4870.0,4940.0,182091500
2023-01-02,BBRI,4910.0,4920.0,4820.0,4870.0,100200100
2023-01-03,BBRI,4830.0,4900.0,4830.0,4850.0,95136500
2023-01-04,BBRI,4850.0,4850.0,4770.0,4770.0,188071000
2023-01-05,BBRI,4750.0,4760.0,4570.0,4640.0,292142000
2023-01-06,BBRI,4550.0,4640.0,4550.0,4620.0,175932000
2023-01-09,BBRI,4580.0,4640.0,4550.0,4590.0,166164900
2023-01-10,BBRI,4550.0,4570.0,4410.0,4430.0,282510000
2023-01-11,BBRI,4410.0,4430.0,4360.0,4380.0,211610100
2023-01-12,BBRI,4480.0,4520.0,4410.0,4500.0,210887800
2023-01-13,BBRI,4510.0,4530.0,4420.0,4480.0,134592100
2023-01-16,BBRI,4430.0,4530.0,4420.0,4520.0,172170900
2023-01-17,BBRI,4520.0,4580.0,4510.0,4560.0,150577400
2023-01-18,BBRI,4560.0,4620.0,4560.0,4600.0,178026000
2023-01-19,BBRI,4590.0,4630.0,4580.0,4610.0,117204100
2023-01-20,BBRI,4630.0,4670.0,4620.0,4650.0,116038300
2023-01-24,BBRI,4660.0,4680.0,4590.0,4620.0,81964700
2023-01-25,BBRI,4620.0,4620.0,4550.0,4560.0,84009300
2023-01-26,BBRI,4560.0,4620.0,4550.0,4590.0,113840400
2023-01-27,BBRI,4600.0,4680.0,4600.0,4640.0,178282600
2023-01-30,BBRI,4650.0,4680.0,4570.0,4610.0,185972400
2023-01-31,BBRI,4610.0,4620.0,4570.0,4580.0,280039200
2023-02-01,BBRI,4630.0,4690.0,4620.0,4680.0,181849300
2023-02-02,BBRI,4650.0,4680.0,4600.0,4600.0,145413400
2023-02-03,BBRI,4650.0,4780.0,4630.0,4750.0,198479900
2023-02-06,BBRI,4780.0,4810.0,4680.0,4740.0,141366300
2023-02-07,BBRI,4740.0,4790.0,4720.0,4750.0,140923100
2023-02-08,BBRI,4710.0,4790.0,4710.0,4790.0,168599500
2023-02-09,BBRI,4790.0,4840.0,4770.0,4810.0,177400700
2023-02-10,BBRI,4840.0,4880.0,4770.0,4860.0,181146600
2023-02-13,BBRI,4900.0,4900.0,4800.0,4800.0,144569400
2023-02-14,BBRI,4820.0,4870.0,4810.0,4870.0,120995200
2023-02-15,BBRI,4890.0,4890.0,4810.0,4870.0,84568100
2023-02-16,BBRI,4890.0,4890.0,4850.0,4870.0,69966200
2023-02-17,BBRI,4890.0,4890.0,4830.0,4880.0,104019300
2023-02-20,BBRI,4900.0,4900.0,4840.0,4880.0,88432500
2023-02-21,BBRI,4880.0,4880.0,4820.0,4820.0,59319100
2023-02-22,BBRI,4790.0,4810.0,4730.0,4760.0,107327900
2023-02-23,BBRI,4810.0,4810.0,4730.0,4800.0,139144500
2023-02-24,BBRI,4800.0,4840.0,4760.0,4760.0,46409300
2023-02-27,BBRI,4780.0,4810.0,4760.0,4810.0,89918800
2023-02-28,BBRI,4760.0,4790.0,4670.0,4670.0,273125500
2023-03-01,BBRI,4730.0,4750.0,4700.0,4720.0,115578600
2023-03-02,BBRI,4750.0,4780.0,4720.0,4780.0,59377900
2023-03-03,BBRI,4800.0,4800.0,4730.0,4760.0,84777000
2023-03-06,BBRI,4790.0,4800.0,4780.0,4790.0,78292000
2023-03-07,BBRI,4770.0,4850.0,4770.0,4840.0,111953700
2023-03-08,BBRI,4850.0,4850.0,4820.0,4840.0,125766100
2023-03-09,BBRI,4860.0,4870.0,4810.0,4810.0,79549800
2023-03-10,BBRI,4820.0,4830.0,4800.0,4820.0,125140500
2023-03-13,BBRI,4810.0,4870.0,4770.0,4830.0,106769300
2023-03-14,BBRI,4770.0,4790.0,4690.0,4710.0,192444400
2023-03-15,BBRI,4760.0,4770.0,4700.0,4700.0,107761200
2023-03-16,BBRI,4700.0,4750.0,4640.0,4730.0,155984500
2023-03-17,BBRI,4770.0,4900.0,4750.0,4900.0,267753300
2023-03-20,BBRI,4840.0,4880.0,4820.0,4880.0,113829400
2023-03-21,BBRI,4870.0,4920.0,4840.0,4900.0,214639300
2023-03-24,BBRI,4750.0,4820.0,4720.0,4770.0,266103900
2023-03-27,BBRI,4750.0,4790.0,4720.0,4740.0,144925200
2023-03-28,BBRI,4740.0,4780.0,4740.0,4770.0,105217100
2023-03-29,BBRI,4800.0,4820.0,4770.0,4810.0,141800500
2023-03-30,BBRI,4810.0,4810.0,4740.0,4750.0,98847200
2023-03-31,BBRI,4730.0,4750.0,4710.0,4730.0,161561800
2023-04-03,BBRI,4770.0,4800.0,4760.0,4800.0,133511700
2023-04-04,BBRI,4800.0,4820.0,4760.0,4820.0,88097800
2023-04-05,BBRI,4810.0,4880.0,4800.0,4830.0,119316500
2023-04-06,BBRI,4860.0,4860.0,4820.0,4840.0,88012300
2023-04-10,BBRI,4860.0,4860.0,4820.0,4860.0,58886800
2023-04-11,BBRI,4860.0,4890.0,4830.0,4880.0,67275600
2023-04-12,BBRI,4950.0,4950.0,4890.0,4930.0,194839900
2023-04-13,BBRI,4950.0,5000.0,4930.0,4980.0,141279800
2023-04-14,BBRI,5050.0,5100.0,5000.0,5075.0,190097200
2023-04-17,BBRI,5075.0,5075.0,4960.0,4990.0,121231300
2023-04-18,BBRI,4990.0,5025.0,4950.0,4950.0,95747700
2023-04-26,BBRI,5150.0,5150.0,4930.0,5025.0,273336000
2023-04-27,BBRI,4990.0,5150.0,4990.0,5150.0,125947200
2023-04-28,BBRI,5175.0,5275.0,5100.0,5100.0,251912000
2023-05-02,BBRI,5175.0,5175.0,5050.0,5150.0,84246100
2023-05-03,BBRI,5225.0,5225.0,5050.0,5100.0,183524700
2023-05-04,BBRI,5150.0,5175.0,5075.0,5150.0,140482000
2023-05-05,BBRI,5225.0,5250.0,5125.0,5225.0,182599600
2023-05-08,BBRI,5250.0,5250.0,5050.0,5100.0,107804200
2023-05-09,BBRI,5050.0,5125.0,5025.0,5125.0,102987300
2023-05-10,BBRI,5075.0,5150.0,5050.0,5150.0,108369600
2023-05-11,BBRI,5175.0,5175.0,5100.0,5150.0,85618800
2023-05-12,BBRI,5100.0,5175.0,5100.0,5150.0,92625800
2023-05-15,BBRI,5150.0,5175.0,5025.0,5150.0,163732600
2023-05-16,BBRI,5175.0,5200.0,5100.0,5200.0,73611200
2023-05-17,BBRI,5250.0,5250.0,5175.0,5200.0,115834500
2023-05-19,BBRI,5225.0,5450.0,5200.0,5400.0,185672200
2023-05-22,BBRI,5300.0,5500.0,5300.0,5425.0,162655900
2023-05-23,BBRI,5475.0,5600.0,5475.0,5500.0,255251600
2023-05-24,BBRI,5525.0,5600.0,5450.0,5600.0,187436100
2023-05-25,BBRI,5500.0,5575.0,5450.0,5475.0,224391900
2023-05-26,BBRI,5425.0,5600.0,5425.0,5600.0,154003100
2023-05-29,BBRI,5600.0,5625.0,5475.0,5550.0,125049100
2023-05-30,BBRI,5500.0,5600.0,5500.0,5500.0,67363200
2023-05-31,BBRI,5575.0,5575.0,5375.0,5575.0,898453700
2023-06-05,BBRI,5600.0,5600.0,5425.0,5425.0,255472600
2023-06-06,BBRI,5400.0,5500.0,5350.0,5450.0,92019300
2023-06-07,BBRI,5475.0,5475.0,5350.0,5400.0,150377000
2023-06-08,BBRI,5375.0,5475.0,5350.0,5475.0,92794100
2023-06-09,BBRI,5425.0,5450.0,5375.0,5425.0,77251000
2023-06-12,BBRI,5400.0,5400.0,5375.0,5400.0,92314200
2023-06-13,BBRI,5400.0,5550.0,5400.0,5550.0,108831400
2023-06-14,BBRI,5575.0,5575.0,5475.0,5550.0,79137600
2023-06-15,BBRI,5475.0,5525.0,5450.0,5525.0,74388400
2023-06-16,BBRI,5475.0,5550.0,5400.0,5550.0,189062600
2023-06-19,BBRI,5500.0,5525.0,5450.0,5525.0,55144200
2023-06-20,BBRI,5475.0,5550.0,5475.0,5550.0,102926800
2023-06-21,BBRI,5500.0,5575.0,5500.0,5575.0,84605400
2023-06-22,BBRI,5550.0,5600.0,5475.0,5475.0,94143200
2023-06-23,BBRI,5425.0,5475.0,5400.0,5400.0,123350300
2023-06-26,BBRI,5425.0,5475.0,5375.0,5450.0,85472100
2023-06-27,BBRI,5450.0,5500.0,5425.0,5425.0,110716500
2023-07-03,BBRI,5500.0,5550.0,5450.0,5475.0,168559800
2023-07-04,BBRI,5500.0,5500.0,5425.0,5450.0,94462600
2023-07-05,BBRI,5400.0,5450.0,5400.0,5450.0,109632800
2023-07-06,BBRI,5450.0,5475.0,5400.0,5425.0,109446200
2023-07-07,BBRI,5400.0,5425.0,5375.0,5375.0,114043800
2023-07-10,BBRI,5425.0,5500.0,5400.0,5400.0,78972100
2023-07-11,BBRI,5375.0,5450.0,5375.0,5425.0,122094700
2023-07-12,BBRI,5450.0,5475.0,5425.0,5450.0,104993700
2023-07-13,BBRI,5425.0,5475.0,5425.0,5450.0,134905700
2023-07-14,BBRI,5450.0,5525.0,5425.0,5525.0,127814200
2023-07-17,BBRI,5550.0,5625.0,5525.0,5575.0,166951300
2023-07-18,BBRI,5625.0,5700.0,5600.0,5625.0,120810300
2023-07-20,BBRI,5575.0,5650.0,5550.0,5625.0,111117300
2023-07-21,BBRI,5600.0,5625.0,5575.0,5625.0,63094600
2023-07-24,BBRI,5600.0,5650.0,5600.0,5600.0,62962500
2023-07-25,BBRI,5625.0,5700.0,5625.0,5650.0,111248100
2023-07-26,BBRI,5700.0,5700.0,5650.0,5675.0,76200300
2023-07-27,BBRI,5675.0,5750.0,5650.0,5650.0,109859200
2023-07-28,BBRI,5625.0,5700.0,5625.0,5700.0,74036700
2023-07-31,BBRI,5700.0,5700.0,5650.0,5650.0,186727400
2023-08-01,BBRI,5650.0,5750.0,5650.0,5700.0,100137500
2023-08-02,BBRI,5650.0,5725.0,5650.0,5700.0,90611300
2023-08-03,BBRI,5675.0,5750.0,5650.0,5700.0,82775000
2023-08-04,BBRI,5700.0,5725.0,5575.0,5575.0,150738500
2023-08-07,BBRI,5600.0,5725.0,5575.0,5700.0,88104900
2023-08-08,BBRI,5700.0,5750.0,5600.0,5625.0,89189600
2023-08-09,BBRI,5650.0,5725.0,5625.0,5700.0,91930000
2023-08-10,BBRI,5675.0,5725.0,5675.0,5700.0,85474200
2023-08-11,BBRI,5675.0,5700.0,5650.0,5650.0,74321000
2023-08-14,BBRI,5650.0,5675.0,5575.0,5650.0,127358400
2023-08-15,BBRI,5650.0,5675.0,5575.0,5575.0,89597300
2023-08-16,BBRI,5550.0,5575.0,5450.0,5525.0,188191900
2023-08-18,BBRI,5500.0,5600.0,5500.0,5575.0,121561200
2023-08-21,BBRI,5550.0,5575.0,5500.0,5500.0,91640000
2023-08-22,BBRI,5500.0,5625.0,5500.0,5575.0,101221500
2023-08-23,BBRI,5600.0,5625.0,5575.0,5600.0,78686900
2023-08-24,BBRI,5625.0,5625.0,5550.0,5550.0,74407500
2023-08-25,BBRI,5550.0,5600.0,5525.0,5600.0,65096500
2023-08-28,BBRI,5600.0,5625.0,5550.0,5550.0,37126600
2023-08-29,BBRI,5525.0,5600.0,5525.0,5600.0,57547200
2023-08-30,BBRI,5600.0,5600.0,5500.0,5525.0,171282700
2023-08-31,BBRI,5525.0,5550.0,5475.0,5550.0,175088200
2023-09-01,BBRI,5600.0,5600.0,5525.0,5575.0,87366100
2023-09-04,BBRI,5600.0,5625.0,5575.0,5625.0,43898200
2023-09-05,BBRI,5625.0,5650.0,5600.0,5625.0,72464300
2023-09-06,BBRI,5625.0,5650.0,5575.0,5575.0,106367800
2023-09-07,BBRI,5525.0,5550.0,5450.0,5450.0,157998600
2023-09-08,BBRI,5425.0,5450.0,5300.0,5350.0,243324500
2023-09-11,BBRI,5350.0,5425.0,5300.0,5425.0,80474100
2023-09-12,BBRI,5450.0,5475.0,5375.0,5375.0,121654400
2023-09-13,BBRI,5350.0,5425.0,5350.0,5400.0,59408000
2023-09-14,BBRI,5325.0,5425.0,5325.0,5425.0,76831700
2023-09-15,BBRI,5400.0,5450.0,5375.0,5375.0,141455400
2023-09-18,BBRI,5350.0,5400.0,5300.0,5325.0,61329000
2023-09-19,BBRI,5325.0,5375.0,5300.0,5375.0,50612700
2023-09-20,BBRI,5350.0,5450.0,5350.0,5375.0,98710100
2023-09-21,BBRI,5425.0,5425.0,5350.0,5350.0,68584900
2023-09-22,BBRI,5350.0,5425.0,5350.0,5350.0,83184100
2023-09-25,BBRI,5325.0,5350.0,5200.0,5300.0,120196700
2023-09-26,BBRI,5250.0,5275.0,5200.0,5200.0,180280600
2023-09-27,BBRI,5175.0,5300.0,5175.0,5225.0,119774700
2023-09-29,BBRI,5300.0,5325.0,5225.0,5225.0,140331100
2023-10-02,BBRI,5250.0,5300.0,5250.0,5250.0,81674600
2023-10-03,BBRI,5250.0,5300.0,5250.0,5275.0,54462700
2023-10-04,BBRI,5250.0,5275.0,5200.0,5250.0,121445000
2023-10-05,BBRI,5250.0,5275.0,5175.0,5175.0,116814800
2023-10-06,BBRI,5200.0,5250.0,5175.0,5175.0,70202300
2023-10-09,BBRI,5200.0,5225.0,5125.0,5125.0,144477000
2023-10-10,BBRI,5125.0,5250.0,5125.0,5175.0,98457000
2023-10-11,BBRI,5150.0,5275.0,5150.0,5250.0,100394800
2023-10-12,BBRI,5300.0,5375.0,5275.0,5300.0,174022400
2023-10-13,BBRI,5275.0,5325.0,5250.0,5275.0,84648800
2023-10-16,BBRI,5325.0,5325.0,5250.0,5250.0,45782300
2023-10-17,BBRI,5250.0,5275.0,5150.0,5150.0,127287200
2023-10-18,BBRI,5125.0,5225.0,5125.0,5150.0,77217600
2023-10-19,BBRI,5100.0,5150.0,5000.0,5000.0,195831400
2023-10-20,BBRI,4980.0,5100.0,4960.0,5050.0,173353600
2023-10-23,BBRI,5000.0,5075.0,4990.0,5000.0,82756100
2023-10-24,BBRI,5000.0,5100.0,4950.0,5100.0,104021500
2023-10-25,BBRI,5100.0,5200.0,5100.0,5175.0,142215000
2023-10-26,BBRI,5175.0,5175.0,4920.0,4920.0,330618800
2023-10-27,BBRI,4950.0,5050.0,4940.0,5000.0,129599800
2023-10-30,BBRI,4980.0,5025.0,4970.0,5000.0,108523700
2023-10-31,BBRI,4980.0,5000.0,4960.0,4960.0,106760300
2023-11-01,BBRI,4920.0,4960.0,4830.0,4830.0,191567200
2023-11-02,BBRI,4940.0,5075.0,4910.0,5000.0,208075400
2023-11-03,BBRI,5025.0,5175.0,5025.0,5100.0,125504000
2023-11-06,BBRI,5100.0,5200.0,5100.0,5200.0,122333800
2023-11-07,BBRI,5225.0,5275.0,5175.0,5250.0,137039400
2023-11-08,BBRI,5200.0,5250.0,5175.0,5225.0,86713700
2023-11-09,BBRI,5225.0,5275.0,5200.0,5200.0,66236400
2023-11-10,BBRI,5150.0,5150.0,5050.0,5075.0,113811900
2023-11-13,BBRI,5075.0,5125.0,5025.0,5025.0,63126900
2023-11-14,BBRI,5075.0,5125.0,5050.0,5075.0,85419500
2023-11-15,BBRI,5200.0,5300.0,5175.0,5250.0,193790400
2023-11-16,BBRI,5275.0,5275.0,5175.0,5250.0,99488800
2023-11-17,BBRI,5175.0,5250.0,5175.0,5225.0,70727500
2023-11-20,BBRI,5175.0,5275.0,5175.0,5250.0,54123600
2023-11-21,BBRI,5225.0,5250.0,5175.0,5200.0,104110500
2023-11-22,BBRI,5175.0,5300.0,5175.0,5275.0,103585500
2023-11-23,BBRI,5325.0,5400.0,5300.0,5350.0,174572400
2023-11-24,BBRI,5400.0,5450.0,5375.0,5400.0,92571400
2023-11-27,BBRI,5425.0,5450.0,5350.0,5350.0,76019100
2023-11-28,BBRI,5325.0,5425.0,5325.0,5350.0,147993400
2023-11-29,BBRI,5350.0,5375.0,5300.0,5300.0,106197800
2023-11-30,BBRI,5375.0,5375.0,5275.0,5275.0,224426400
2023-12-01,BBRI,5275.0,5375.0,5275.0,5350.0,99499500
2023-12-04,BBRI,5450.0,5575.0,5450.0,5500.0,235595700
2023-12-05,BBRI,5425.0,5500.0,5425.0,5450.0,114689900
2023-12-06,BBRI,5425.0,5450.0,5400.0,5425.0,119716700
2023-12-07,BBRI,5400.0,5475.0,5400.0,5475.0,102126600
2023-12-08,BBRI,5425.0,5450.0,5375.0,5375.0,130542600
2023-12-11,BBRI,5325.0,5375.0,5300.0,5300.0,124468600
2023-12-12,BBRI,5375.0,5400.0,5325.0,5325.0,134501600
2023-12-13,BBRI,5300.0,5350.0,5275.0,5300.0,98881600
2023-12-14,BBRI,5450.0,5550.0,5425.0,5550.0,239261700
2023-12-15,BBRI,5575.0,5600.0,5550.0,5550.0,252448800
2023-12-18,BBRI,5575.0,5575.0,5500.0,5500.0,102780900
2023-12-19,BBRI,5450.0,5550.0,5450.0,5550.0,135207300
2023-12-20,BBRI,5700.0,5700.0,5550.0,5550.0,138470900
2023-12-21,BBRI,5550.0,5600.0,5525.0,5575.0,99049600
2023-12-22,BBRI,5650.0,5700.0,5600.0,5675.0,109411300
2023-12-27,BBRI,5700.0,5725.0,5625.0,5625.0,122236700
2023-12-28,BBRI,5700.0,5750.0,5675.0,5725.0,121434600
2023-12-29,BBRI,5750.0,5750.0,5675.0,5725.0,93126000
2024-01-02,BBRI,5650.0,5675.0,5625.0,5675.0,91143100
2024-01-03,BBRI,5625.0,5650.0,5600.0,5600.0,83659700
2024-01-04,BBRI,5600.0,5700.0,5575.0,5700.0,92683500
2024-01-05,BBRI,5725.0,5850.0,5700.0,5750.0,134929600
2024-01-08,BBRI,5750.0,5800.0,5625.0,5625.0,152015000
2024-01-09,BBRI,5625.0,5700.0,5625.0,5700.0,105666200
2024-01-10,BBRI,5625.0,5700.0,5625.0,5700.0,82626400
2024-01-11,BBRI,5750.0,5800.0,5700.0,5750.0,116804400
2024-01-12,BBRI,5800.0,5850.0,5775.0,5850.0,109715700
2024-01-15,BBRI,5850.0,5900.0,5775.0,5825.0,115126700
2024-01-16,BBRI,5825.0,5875.0,5775.0,5825.0,97074300
2024-01-17,BBRI,5825.0,5825.0,5750.0,5775.0,107941600
2024-01-18,BBRI,5800.0,5800.0,5700.0,5750.0,87259100
2024-01-19,BBRI,5750.0,5800.0,5700.0,5800.0,75370700
2024-01-22,BBRI,5775.0,5800.0,5700.0,5775.0,97545600
2024-01-23,BBRI,5700.0,5750.0,5650.0,5700.0,122999700
2024-01-24,BBRI,5675.0,5700.0,5575.0,5650.0,104225000
2024-01-25,BBRI,5575.0,5650.0,5525.0,5525.0,120478800
2024-01-26,BBRI,5450.0,5475.0,5400.0,5425.0,185244400
2024-01-29,BBRI,5400.0,5575.0,5400.0,5575.0,145629600
2024-01-30,BBRI,5525.0,5650.0,5475.0,5625.0,150513700
2024-01-31,BBRI,5725.0,5775.0,5675.0,5700.0,245117200
2024-02-01,BBRI,5775.0,5800.0,5725.0,5750.0,156633900
2024-02-02,BBRI,5800.0,5850.0,5750.0,5850.0,177209700
2024-02-05,BBRI,5800.0,5825.0,5750.0,5775.0,113760000
2024-02-06,BBRI,5900.0,5900.0,5800.0,5825.0,126704300
2024-02-07,BBRI,5850.0,5900.0,5825.0,5850.0,147005300
2024-02-12,BBRI,5875.0,6025.0,5850.0,6025.0,171514600
2024-02-13,BBRI,6050.0,6050.0,5950.0,6000.0,145852200
2024-02-15,BBRI,6275.0,6275.0,6100.0,6125.0,308685100
2024-02-16,BBRI,6150.0,6200.0,6125.0,6150.0,130814400
2024-02-19,BBRI,6125.0,6175.0,6075.0,6100.0,111382900
2024-02-20,BBRI,6175.0,6300.0,6175.0,6300.0,160872600
2024-02-21,BBRI,6325.0,6375.0,6225.0,6300.0,168423000
2024-02-22,BBRI,6250.0,6300.0,6225.0,6250.0,100256000
2024-02-23,BBRI,6125.0,6175.0,6050.0,6125.0,148643000
2024-02-26,BBRI,6100.0,6200.0,6075.0,6175.0,98920800
2024-02-27,BBRI,6125.0,6200.0,6125.0,6125.0,99187500
2024-02-28,BBRI,6100.0,6225.0,6100.0,6225.0,97236700
2024-02-29,BBRI,6150.0,6200.0,6125.0,6125.0,173774600
2024-03-01,BBRI,6175.0,6175.0,6075.0,6125.0,76286400
2024-03-04,BBRI,6125.0,6125.0,6050.0,6050.0,70354900
2024-03-05,BBRI,6100.0,6175.0,6075.0,6125.0,115084600
2024-03-06,BBRI,6100.0,6200.0,6100.0,6200.0,84108800
2024-03-07,BBRI,6200.0,6275.0,6200.0,6225.0,117724700
2024-03-08,BBRI,6275.0,6400.0,6250.0,6350.0,163060000
2024-03-13,BBRI,6350.0,6450.0,6350.0,6400.0,195173100
2024-03-14,BBRI,6175.0,6200.0,6050.0,6150.0,271254000
2024-03-15,BBRI,6000.0,6075.0,5950.0,5975.0,305995800
2024-03-18,BBRI,6000.0,6100.0,5975.0,6000.0,110564700
2024-03-19,BBRI,6000.0,6050.0,5975.0,6000.0,114338600
2024-03-20,BBRI,6000.0,6100.0,6000.0,6100.0,120885400
2024-03-21,BBRI,6175.0,6200.0,6100.0,6100.0,136020000
2024-03-22,BBRI,6050.0,6125.0,6050.0,6125.0,46529200
2024-03-25,BBRI,6250.0,6250.0,6125.0,6250.0,115729600
2024-03-26,BBRI,6300.0,6300.0,6200.0,6300.0,120748400
2024-03-27,BBRI,6300.0,6325.0,6225.0,6250.0,73308900
2024-03-28,BBRI,6100.0,6200.0,6025.0,6050.0,288926900
2024-04-01,BBRI,6000.0,6025.0,5825.0,5925.0,217207800
2024-04-02,BBRI,5850.0,5950.0,5625.0,5675.0,412180900
2024-04-03,BBRI,5575.0,5675.0,5525.0,5625.0,333518700
2024-04-04,BBRI,5650.0,5750.0,5650.0,5700.0,131936100
2024-04-05,BBRI,5625.0,5700.0,5625.0,5650.0,178817800
2024-04-16,BBRI,5375.0,5575.0,5350.0,5350.0,600717500
2024-04-17,BBRI,5475.0,5500.0,5300.0,5300.0,244002000
2024-04-18,BBRI,5300.0,5500.0,5300.0,5475.0,247410700
2024-04-19,BBRI,5350.0,5375.0,5250.0,5275.0,258211500
2024-04-22,BBRI,5200.0,5325.0,5150.0,5300.0,342282800
2024-04-23,BBRI,5350.0,5400.0,5225.0,5300.0,281403100
2024-04-24,BBRI,5250.0,5350.0,5150.0,5225.0,471241400
2024-04-25,BBRI,5125.0,5200.0,5050.0,5150.0,479170900
2024-04-26,BBRI,5050.0,5100.0,4830.0,4830.0,782589900
2024-04-29,BBRI,4700.0,4890.0,4680.0,4770.0,700644800
2024-04-30,BBRI,4850.0,5050.0,4820.0,4940.0,565609200
2024-05-02,BBRI,4910.0,4920.0,4700.0,4760.0,636922100
2024-05-03,BBRI,4760.0,4830.0,4710.0,4750.0,321697200
2024-05-06,BBRI,4800.0,4840.0,4730.0,4790.0,262707400
2024-05-07,BBRI,4770.0,4780.0,4670.0,4670.0,304013600
2024-05-08,BBRI,4650.0,4740.0,4570.0,4680.0,572275800
2024-05-13,BBRI,4650.0,4700.0,4630.0,4680.0,320067100
2024-05-14,BBRI,4720.0,4810.0,4700.0,4730.0,341458900
2024-05-15,BBRI,4780.0,4870.0,4760.0,4820.0,298990300
2024-05-16,BBRI,4930.0,4960.0,4840.0,4840.0,371295000
2024-05-17,BBRI,4840.0,4960.0,4820.0,4920.0,208991800
2024-05-20,BBRI,4990.0,5050.0,4820.0,4820.0,335150700
2024-05-21,BBRI,4810.0,4870.0,4680.0,4680.0,271568800
2024-05-22,BBRI,4650.0,4770.0,4650.0,4720.0,215066000
2024-05-27,BBRI,4700.0,4720.0,4550.0,4550.0,363719300
2024-05-28,BBRI,4580.0,4630.0,4520.0,4530.0,258070200
2024-05-29,BBRI,4480.0,4500.0,4400.0,4410.0,465008500
2024-05-30,BBRI,4400.0,4480.0,4310.0,4380.0,502927800
2024-05-31,BBRI,4430.0,4470.0,4330.0,4340.0,655144100
2024-06-03,BBRI,4430.0,4560.0,4400.0,4530.0,345770100
2024-06-04,BBRI,4560.0,4590.0,4450.0,4450.0,332902200
2024-06-05,BBRI,4500.0,4500.0,4400.0,4400.0,240788500
2024-06-06,BBRI,4450.0,4500.0,4390.0,4500.0,281534200
2024-06-07,BBRI,4490.0,4500.0,4350.0,4350.0,375439600
2024-06-10,BBRI,4350.0,4430.0,4320.0,4400.0,181387000
2024-06-11,BBRI,4380.0,4440.0,4340.0,4340.0,197854400
2024-06-12,BBRI,4340.0,4360.0,4310.0,4350.0,187332500
2024-06-13,BBRI,4400.0,4420.0,4300.0,4310.0,238349600
2024-06-14,BBRI,4300.0,4320.0,4170.0,4180.0,358893200
2024-06-19,BBRI,4100.0,4240.0,4090.0,4100.0,410338400
2024-06-20,BBRI,4130.0,4270.0,4130.0,4270.0,387133400
2024-06-21,BBRI,4280.0,4490.0,4260.0,4440.0,532713300
2024-06-24,BBRI,4440.0,4510.0,4400.0,4400.0,303830800
2024-06-25,BBRI,4320.0,4400.0,4280.0,4380.0,383572500
2024-06-26,BBRI,4390.0,4430.0,4350.0,4370.0,150303400
2024-06-27,BBRI,4410.0,4500.0,4380.0,4460.0,299430600
2024-06-28,BBRI,4590.0,4640.0,4580.0,4600.0,581319300
2024-07-01,BBRI,4630.0,4670.0,4560.0,4630.0,261421200
2024-07-02,BBRI,4610.0,4630.0,4570.0,4570.0,234403100
2024-07-03,BBRI,4630.0,4640.0,4560.0,4600.0,176310400
2024-07-04,BBRI,4680.0,4830.0,4660.0,4790.0,422261500
2024-07-05,BBRI,4850.0,4870.0,4790.0,4800.0,218278000
2024-07-08,BBRI,4800.0,4830.0,4740.0,4750.0,222042100
2024-07-09,BBRI,4780.0,4930.0,4750.0,4870.0,291320400
2024-07-10,BBRI,4870.0,4920.0,4840.0,4850.0,167619700
2024-07-11,BBRI,4910.0,4920.0,4840.0,4840.0,170461300
2024-07-12,BBRI,4970.0,4980.0,4880.0,4900.0,301125400
2024-07-15,BBRI,4920.0,4930.0,4810.0,4820.0,188713000
2024-07-16,BBRI,4820.0,4840.0,4730.0,4730.0,189271400
2024-07-17,BBRI,4750.0,4810.0,4720.0,4760.0,263325400
2024-07-18,BBRI,4760.0,4890.0,4750.0,4890.0,296614900
2024-07-19,BBRI,4870.0,4910.0,4850.0,4900.0,135104800
2024-07-22,BBRI,4920.0,4940.0,4880.0,4910.0,140128300
2024-07-23,BBRI,4900.0,4910.0,4780.0,4790.0,170919500
2024-07-24,BBRI,4770.0,4800.0,4760.0,4780.0,116037600
2024-07-25,BBRI,4760.0,4760.0,4660.0,4700.0,274397700
2024-07-26,BBRI,4760.0,4810.0,4740.0,4760.0,192267300
2024-07-29,BBRI,4800.0,4800.0,4760.0,4780.0,126109900
2024-07-30,BBRI,4720.0,4740.0,4670.0,4670.0,201835700
2024-07-31,BBRI,4650.0,4710.0,4650.0,4670.0,168490300
2024-08-01,BBRI,4710.0,4750.0,4690.0,4750.0,169636700
2024-08-02,BBRI,4730.0,4750.0,4690.0,4710.0,113328400
2024-08-05,BBRI,4660.0,4670.0,4510.0,4530.0,329430900
2024-08-06,BBRI,4550.0,4650.0,4520.0,4600.0,238051800
2024-08-07,BBRI,4640.0,4640.0,4590.0,4620.0,125937500
2024-08-08,BBRI,4600.0,4690.0,4590.0,4660.0,131343400
2024-08-09,BBRI,4700.0,4730.0,4670.0,4670.0,98730900
2024-08-12,BBRI,4720.0,4720.0,4650.0,4680.0,83552800
2024-08-13,BBRI,4700.0,4750.0,4690.0,4720.0,109533400
2024-08-14,BBRI,4770.0,4840.0,4760.0,4820.0,262716500
2024-08-15,BBRI,4850.0,4870.0,4790.0,4830.0,214394900
2024-08-16,BBRI,4850.0,4870.0,4830.0,4830.0,149701700
2024-08-19,BBRI,4820.0,4820.0,4750.0,4820.0,196203200
2024-08-20,BBRI,4860.0,4950.0,4840.0,4950.0,310085500
2024-08-21,BBRI,4990.0,5100.0,4980.0,5100.0,390307000
2024-08-22,BBRI,5125.0,5150.0,5025.0,5050.0,474043100
2024-08-23,BBRI,5150.0,5200.0,5125.0,5150.0,217759300
2024-08-26,BBRI,5200.0,5325.0,5200.0,5300.0,361169800
2024-08-27,BBRI,5250.0,5275.0,5100.0,5175.0,271088700
2024-08-28,BBRI,5100.0,5175.0,5025.0,5150.0,277561700
2024-08-29,BBRI,5125.0,5175.0,5100.0,5125.0,160041900
2024-08-30,BBRI,5175.0,5175.0,5125.0,5150.0,275298000
2024-09-02,BBRI,5150.0,5225.0,5150.0,5175.0,136717200
2024-09-03,BBRI,5225.0,5250.0,5150.0,5175.0,166033900
2024-09-04,BBRI,5100.0,5175.0,5100.0,5100.0,141890400
2024-09-05,BBRI,5125.0,5150.0,5075.0,5150.0,166436800
2024-09-06,BBRI,5200.0,5250.0,5150.0,5225.0,170520700
2024-09-09,BBRI,5275.0,5300.0,5150.0,5175.0,201448700
2024-09-10,BBRI,5200.0,5250.0,5125.0,5250.0,202326400
2024-09-11,BBRI,5225.0,5250.0,5125.0,5175.0,165284900
2024-09-12,BBRI,5175.0,5225.0,5150.0,5175.0,138542100
2024-09-13,BBRI,5200.0,5300.0,5175.0,5300.0,259722600
2024-09-17,BBRI,5350.0,5350.0,5250.0,5300.0,201331600
2024-09-18,BBRI,5350.0,5375.0,5325.0,5350.0,186877300
2024-09-19,BBRI,5425.0,5500.0,5400.0,5400.0,332941100
2024-09-20,BBRI,5400.0,5450.0,5375.0,5375.0,260437400
2024-09-23,BBRI,5350.0,5500.0,5350.0,5500.0,245292000
2024-09-24,BBRI,5550.0,5575.0,5525.0,5525.0,195415700
2024-09-25,BBRI,5400.0,5425.0,5200.0,5325.0,607065900
2024-09-26,BBRI,5150.0,5200.0,5025.0,5050.0,855266800
2024-09-27,BBRI,5050.0,5150.0,5000.0,5100.0,304694300
2024-09-30,BBRI,5050.0,5050.0,4950.0,4950.0,539169900
2024-10-01,BBRI,4970.0,5075.0,4970.0,5075.0,197069300
2024-10-02,BBRI,5000.0,5075.0,4900.0,4940.0,307487600
2024-10-03,BBRI,4900.0,4960.0,4860.0,4920.0,354814800
2024-10-04,BBRI,4870.0,4920.0,4850.0,4860.0,289960700
2024-10-07,BBRI,4860.0,4930.0,4810.0,4820.0,308452200
2024-10-08,BBRI,4800.0,5050.0,4760.0,5000.0,527474400
2024-10-09,BBRI,5000.0,5075.0,4930.0,4930.0,309336600
2024-10-10,BBRI,4920.0,4970.0,4860.0,4860.0,226564700
2024-10-11,BBRI,4910.0,4940.0,4890.0,4900.0,104875300
2024-10-14,BBRI,4900.0,4930.0,4870.0,4900.0,125414400
2024-10-15,BBRI,4930.0,4990.0,4920.0,4920.0,142372200
2024-10-16,BBRI,4950.0,4970.0,4920.0,4950.0,118014300
2024-10-17,BBRI,4960.0,5050.0,4940.0,4980.0,188127700
2024-10-18,BBRI,5025.0,5050.0,4960.0,4970.0,157113000
2024-10-21,BBRI,4980.0,5025.0,4970.0,4990.0,110708200
2024-10-22,BBRI,4960.0,4970.0,4900.0,4900.0,199707500
2024-10-23,BBRI,4830.0,4890.0,4810.0,4860.0,222147300
2024-10-24,BBRI,4820.0,4900.0,4810.0,4820.0,218162100
2024-10-25,BBRI,4820.0,4860.0,4770.0,4770.0,195647800
2024-10-28,BBRI,4770.0,4800.0,4710.0,4760.0,191211000
2024-10-29,BBRI,4730.0,4780.0,4700.0,4700.0,203658600
2024-10-30,BBRI,4630.0,4750.0,4630.0,4710.0,296314500
2024-10-31,BBRI,4710.0,4870.0,4710.0,4800.0,307110400
2024-11-01,BBRI,4770.0,4820.0,4700.0,4700.0,235656400
2024-11-04,BBRI,4710.0,4770.0,4650.0,4720.0,209831500
2024-11-05,BBRI,4690.0,4740.0,4680.0,4710.0,199499300
2024-11-06,BBRI,4710.0,4730.0,4600.0,4600.0,249059500
2024-11-07,BBRI,4610.0,4640.0,4550.0,4550.0,296218600
2024-11-08,BBRI,4600.0,4640.0,4520.0,4520.0,198589900
2024-11-11,BBRI,4470.0,4540.0,4370.0,4460.0,507192300
2024-11-12,BBRI,4430.0,4520.0,4430.0,4500.0,252380100
2024-11-13,BBRI,4470.0,4610.0,4460.0,4580.0,209627200
2024-11-14,BBRI,4570.0,4590.0,4500.0,4500.0,159871800
2024-11-15,BBRI,4450.0,4510.0,4450.0,4470.0,106365600
2024-11-18,BBRI,4440.0,4460.0,4350.0,4350.0,253272300
2024-11-19,BBRI,4350.0,4410.0,4350.0,4360.0,294838700
2024-11-20,BBRI,4400.0,4440.0,4330.0,4330.0,298734600
2024-11-21,BBRI,4280.0,4320.0,4250.0,4250.0,376788400
2024-11-22,BBRI,4250.0,4420.0,4250.0,4400.0,280188100
2024-11-25,BBRI,4420.0,4530.0,4420.0,4470.0,401446400
2024-11-26,BBRI,4450.0,4470.0,4380.0,4400.0,266677500
2024-11-28,BBRI,4350.0,4390.0,4330.0,4330.0,277081800
2024-11-29,BBRI,4280.0,4300.0,4250.0,4250.0,412519800
2024-12-02,BBRI,4270.0,4280.0,4160.0,4170.0,337188900
2024-12-03,BBRI,4240.0,4250.0,4210.0,4240.0,384146700
2024-12-04,BBRI,4240.0,4370.0,4220.0,4350.0,345762200
2024-12-05,BBRI,4310.0,4340.0,4250.0,4260.0,183249300
2024-12-06,BBRI,4250.0,4310.0,4220.0,4310.0,151433000
2024-12-09,BBRI,4310.0,4390.0,4300.0,4390.0,158897200
2024-12-10,BBRI,4360.0,4380.0,4290.0,4360.0,196160900
2024-12-11,BBRI,4340.0,4430.0,4340.0,4380.0,203980300
2024-12-12,BBRI,4340.0,4360.0,4260.0,4260.0,226698900
2024-12-13,BBRI,4230.0,4280.0,4170.0,4170.0,287838100
2024-12-16,BBRI,4150.0,4280.0,4150.0,4250.0,325441900
2024-12-17,BBRI,4250.0,4290.0,4150.0,4150.0,327919000
2024-12-18,BBRI,4170.0,4210.0,4130.0,4150.0,205055500
2024-12-19,BBRI,4090.0,4110.0,4050.0,4090.0,381986300
2024-12-20,BBRI,4070.0,4120.0,4050.0,4060.0,252689600
2024-12-23,BBRI,4130.0,4210.0,4110.0,4210.0,167689800
2024-12-24,BBRI,4220.0,4250.0,4170.0,4200.0,199536100
2024-12-27,BBRI,4100.0,4120.0,4080.0,4100.0,143104400
2024-12-30,BBRI,4080.0,4120.0,4070.0,4080.0,153934700
2025-01-02,BBRI,4100.0,4220.0,4090.0,4210.0,181361700
2025-01-03,BBRI,4220.0,4240.0,4150.0,4150.0,134632300
2025-01-06,BBRI,4180.0,4180.0,4100.0,4100.0,153048700
2025-01-07,BBRI,4080.0,4090.0,4030.0,4030.0,171997400
2025-01-08,BBRI,4030.0,4100.0,4030.0,4080.0,133655700
2025-01-09,BBRI,4070.0,4100.0,4030.0,4030.0,99300400
2025-01-10,BBRI,4030.0,4060.0,4010.0,4010.0,132774300
2025-01-13,BBRI,3990.0,3990.0,3850.0,3850.0,413408100
2025-01-14,BBRI,3820.0,3920.0,3800.0,3800.0,293621700
2025-01-15,BBRI,3840.0,4090.0,3840.0,4090.0,407813500
2025-01-16,BBRI,4210.0,4240.0,4130.0,4160.0,349387500
2025-01-17,BBRI,4150.0,4190.0,4080.0,4090.0,268758600
2025-01-20,BBRI,4130.0,4220.0,4130.0,4220.0,167348600
2025-01-21,BBRI,4270.0,4380.0,4250.0,4260.0,345223800
2025-01-22,BBRI,4310.0,4320.0,4230.0,4260.0,193218900
2025-01-23,BBRI,4260.0,4340.0,4260.0,4300.0,216018100
2025-01-24,BBRI,4350.0,4350.0,4190.0,4190.0,276421900
2025-01-30,BBRI,4130.0,4170.0,4090.0,4120.0,220222400
2025-01-31,BBRI,4170.0,4280.0,4150.0,4220.0,192622700
2025-02-03,BBRI,4200.0,4270.0,4150.0,4250.0,220285800
2025-02-04,BBRI,4260.0,4300.0,4200.0,4260.0,231917500
2025-02-05,BBRI,4250.0,4250.0,4140.0,4140.0,209834400
2025-02-06,BBRI,4120.0,4160.0,3940.0,3970.0,378545500
2025-02-07,BBRI,3970.0,4030.0,3940.0,4030.0,259636200
2025-02-10,BBRI,4000.0,4050.0,3950.0,3970.0,201999400
2025-02-11,BBRI,3970.0,4040.0,3900.0,4010.0,276382800
2025-02-12,BBRI,3960.0,4060.0,3950.0,4030.0,362571900
2025-02-13,BBRI,4000.0,4030.0,3960.0,3990.0,341640600
2025-02-14,BBRI,4000.0,4010.0,3850.0,3860.0,524909600
2025-02-17,BBRI,3870.0,4030.0,3870.0,4030.0,265737100
2025-02-18,BBRI,4030.0,4180.0,4030.0,4150.0,374350700
2025-02-19,BBRI,4160.0,4180.0,4010.0,4020.0,348358600
2025-02-20,BBRI,3970.0,4020.0,3910.0,3910.0,312753300
2025-02-21,BBRI,3910.0,3930.0,3870.0,3890.0,205268800
2025-02-24,BBRI,3900.0,3940.0,3870.0,3920.0,138610800
2025-02-25,BBRI,3880.0,3920.0,3800.0,3800.0,404555100
2025-02-26,BBRI,3800.0,3860.0,3760.0,3820.0,242834100
2025-02-27,BBRI,3790.0,3800.0,3610.0,3630.0,410928000
2025-02-28,BBRI,3500.0,3540.0,3360.0,3360.0,1000597600
2025-03-03,BBRI,3520.0,3740.0,3470.0,3670.0,744626800
2025-03-04,BBRI,3680.0,3720.0,3600.0,3670.0,338434700
2025-03-05,BBRI,3710.0,3900.0,3710.0,3840.0,441151000
2025-03-06,BBRI,3870.0,3990.0,3870.0,3950.0,434485100
2025-03-07,BBRI,3930.0,3930.0,3810.0,3810.0,243793600
2025-03-10,BBRI,3790.0,3810.0,3730.0,3760.0,232192200
2025-03-11,BBRI,3700.0,3790.0,3660.0,3790.0,273961800
2025-03-12,BBRI,3810.0,3920.0,3810.0,3890.0,271631200
2025-03-13,BBRI,3960.0,3970.0,3800.0,3800.0,209225700
2025-03-14,BBRI,3750.0,3840.0,3750.0,3750.0,156131900
2025-03-17,BBRI,3780.0,3840.0,3730.0,3830.0,162467700
2025-03-18,BBRI,3840.0,3860.0,3500.0,3680.0,416894600
2025-03-19,BBRI,3710.0,3780.0,3680.0,3710.0,352217700
2025-03-20,BBRI,3730.0,3760.0,3640.0,3660.0,313033000
2025-03-21,BBRI,3600.0,3700.0,3550.0,3700.0,627645600
2025-03-24,BBRI,3650.0,3740.0,3520.0,3610.0,342883200
2025-03-25,BBRI,3660.0,3840.0,3660.0,3800.0,331285900
2025-03-26,BBRI,3870.0,4020.0,3860.0,4000.0,540888800
2025-03-27,BBRI,4000.0,4050.0,3930.0,4050.0,322553200
2025-04-08,BBRI,3460.0,3750.0,3450.0,3640.0,734807100
2025-04-09,BBRI,3610.0,3710.0,3600.0,3630.0,366649900
2025-04-10,BBRI,3920.0,3930.0,3770.0,3800.0,417562900
2025-04-11,BBRI,3600.0,3650.0,3590.0,3630.0,301200600
2025-04-14,BBRI,3630.0,3690.0,3620.0,3690.0,169458300
2025-04-15,BBRI,3730.0,3780.0,3680.0,3690.0,254224400
2025-04-16,BBRI,3690.0,3700.0,3600.0,3650.0,233772400
2025-04-17,BBRI,3670.0,3670.0,3610.0,3640.0,121059300
2025-04-21,BBRI,3620.0,3660.0,3570.0,3620.0,107470200
2025-04-22,BBRI,3600.0,3650.0,3600.0,3630.0,147116900
2025-04-23,BBRI,3660.0,3790.0,3640.0,3760.0,432999900
2025-04-24,BBRI,3790.0,3840.0,3720.0,3730.0,272537300
2025-04-25,BBRI,3770.0,3790.0,3730.0,3740.0,136517100
2025-04-28,BBRI,3790.0,3850.0,3780.0,3840.0,212945800
2025-04-29,BBRI,3860.0,3870.0,3820.0,3850.0,160631400
2025-04-30,BBRI,3810.0,3850.0,3770.0,3850.0,226832200
2025-05-02,BBRI,3920.0,3920.0,3850.0,3880.0,205628100
2025-05-05,BBRI,3900.0,3920.0,3860.0,3860.0,196917100
2025-05-06,BBRI,3840.0,3900.0,3840.0,3880.0,111333800
2025-05-07,BBRI,3900.0,3910.0,3870.0,3910.0,119763100
2025-05-08,BBRI,3910.0,3960.0,3780.0,3790.0,224121900
2025-05-09,BBRI,3810.0,3840.0,3760.0,3840.0,147638100
2025-05-14,BBRI,4000.0,4090.0,3960.0,4090.0,461642400
2025-05-15,BBRI,4140.0,4310.0,4130.0,4270.0,537151700
2025-05-16,BBRI,4310.0,4330.0,4160.0,4250.0,289337600
2025-05-19,BBRI,4230.0,4260.0,4200.0,4230.0,145935500
2025-05-20,BBRI,4230.0,4280.0,4170.0,4210.0,209576900
2025-05-21,BBRI,4210.0,4310.0,4210.0,4260.0,256020200
2025-05-22,BBRI,4280.0,4310.0,4240.0,4300.0,208291800
2025-05-23,BBRI,4350.0,4370.0,4330.0,4350.0,108182800
2025-05-26,BBRI,4350.0,4350.0,4260.0,4320.0,149418600
2025-05-27,BBRI,4320.0,4370.0,4280.0,4370.0,180028000
2025-05-28,BBRI,4360.0,4450.0,4320.0,4450.0,466133500
2025-06-02,BBRI,4360.0,4390.0,4200.0,4200.0,389541100
2025-06-03,BBRI,4210.0,4230.0,4120.0,4200.0,277902300
2025-06-04,BBRI,4230.0,4230.0,4080.0,4080.0,279755300
2025-06-05,BBRI,4110.0,4140.0,4050.0,4100.0,230129500
2025-06-10,BBRI,4100.0,4160.0,4100.0,4150.0,179827500
2025-06-11,BBRI,4130.0,4140.0,4060.0,4070.0,196558700
2025-06-12,BBRI,4070.0,4100.0,4060.0,4070.0,113850500
2025-06-13,BBRI,4020.0,4050.0,3980.0,4000.0,283826000
2025-06-16,BBRI,3980.0,4010.0,3960.0,3990.0,155450700
2025-06-17,BBRI,4010.0,4030.0,3960.0,3960.0,125769400
2025-06-18,BBRI,3950.0,3960.0,3900.0,3940.0,140882100
2025-06-19,BBRI,3900.0,3920.0,3800.0,3800.0,355413000
2025-06-20,BBRI,3740.0,3840.0,3740.0,3790.0,516177900
2025-06-23,BBRI,3730.0,3750.0,3660.0,3720.0,222067700
2025-06-24,BBRI,3820.0,3900.0,3770.0,3780.0,281594300
2025-06-25,BBRI,3830.0,3830.0,3730.0,3760.0,164257700
2025-06-26,BBRI,3780.0,3830.0,3750.0,3830.0,171427000
2025-06-30,BBRI,3840.0,3840.0,3730.0,3740.0,271933200
2025-07-01,BBRI,3780.0,3790.0,3670.0,3700.0,212288800
2025-07-02,BBRI,3650.0,3700.0,3640.0,3680.0,220273500
2025-07-03,BBRI,3710.0,3730.0,3680.0,3680.0,119674300
2025-07-04,BBRI,3680.0,3710.0,3650.0,3670.0,91141200
2025-07-07,BBRI,3670.0,3700.0,3650.0,3700.0,78783800
2025-07-08,BBRI,3690.0,3700.0,3650.0,3670.0,115551200
2025-07-09,BBRI,3650.0,3700.0,3650.0,3680.0,92437900
2025-07-10,BBRI,3690.0,3880.0,3680.0,3870.0,290117200
2025-07-11,BBRI,3920.0,3920.0,3870.0,3880.0,255634700
2025-07-14,BBRI,3880.0,3890.0,3750.0,3780.0,167151400
2025-07-15,BBRI,3800.0,3880.0,3780.0,3880.0,183209300
2025-07-16,BBRI,3950.0,3960.0,3880.0,3880.0,241966800
2025-07-17,BBRI,3930.0,3930.0,3880.0,3890.0,111359500
2025-07-18,BBRI,3910.0,3940.0,3860.0,3860.0,111030000
2025-07-21,BBRI,3890.0,3900.0,3830.0,3830.0,89765800
2025-07-22,BBRI,3860.0,3880.0,3830.0,3840.0,84902800
2025-07-23,BBRI,3840.0,3860.0,3790.0,3800.0,132305000
2025-07-24,BBRI,3830.0,3950.0,3820.0,3950.0,206654200
2025-07-25,BBRI,3950.0,3950.0,3870.0,3880.0,86263700
2025-07-28,BBRI,3940.0,3950.0,3920.0,3940.0,94898300
2025-07-29,BBRI,3930.0,3930.0,3900.0,3920.0,98887100
2025-07-30,BBRI,3910.0,3910.0,3770.0,3780.0,206358500
2025-07-31,BBRI,3780.0,3790.0,3700.0,3710.0,163371700
2025-08-01,BBRI,3800.0,3800.0,3740.0,3740.0,134100500
2025-08-04,BBRI,3720.0,3740.0,3690.0,3710.0,104446300
2025-08-05,BBRI,3700.0,3790.0,3700.0,3740.0,184822600
2025-08-06,BBRI,3770.0,3780.0,3710.0,3710.0,100168200
2025-08-07,BBRI,3730.0,3750.0,3700.0,3710.0,92746000
2025-08-08,BBRI,3710.0,3730.0,3700.0,3700.0,133180100
2025-08-11,BBRI,3720.0,3810.0,3720.0,3810.0,143167900
2025-08-12,BBRI,3860.0,4050.0,3830.0,4050.0,404797800
2025-08-13,BBRI,4060.0,4100.0,3990.0,4080.0,292104000
2025-08-14,BBRI,4080.0,4100.0,4040.0,4060.0,164408100
2025-08-15,BBRI,4100.0,4150.0,4070.0,4120.0,269255400
2025-08-19,BBRI,4090.0,4100.0,4010.0,4040.0,208409700
2025-08-20,BBRI,4050.0,4150.0,4050.0,4150.0,173260400
2025-08-21,BBRI,4160.0,4170.0,4090.0,4150.0,112477700
2025-08-22,BBRI,4170.0,4170.0,4100.0,4100.0,71971500
2025-08-25,BBRI,4180.0,4270.0,4170.0,4210.0,195322200
2025-08-26,BBRI,4220.0,4220.0,4170.0,4170.0,267465600
2025-08-27,BBRI,4130.0,4150.0,4070.0,4130.0,123874000
2025-08-28,BBRI,4130.0,4150.0,4110.0,4140.0,60838200
2025-08-29,BBRI,4100.0,4120.0,4020.0,4050.0,217276600
2025-09-01,BBRI,3930.0,4010.0,3860.0,3980.0,234206100
2025-09-02,BBRI,3980.0,4050.0,3960.0,3960.0,111856000
2025-09-03,BBRI,4020.0,4030.0,3950.0,4030.0,112507500
2025-09-04,BBRI,3980.0,4010.0,3960.0,4000.0,87402700
2025-09-08,BBRI,4070.0,4070.0,3890.0,3900.0,143993900
2025-09-09,BBRI,3870.0,3890.0,3750.0,3790.0,327167200
2025-09-10,BBRI,3820.0,3890.0,3820.0,3880.0,117680500
2025-09-11,BBRI,4000.0,4120.0,3980.0,4080.0,281910400
2025-09-12,BBRI,4180.0,4190.0,4110.0,4180.0,235383800
2025-09-15,BBRI,4200.0,4220.0,4120.0,4140.0,157482000
2025-09-16,BBRI,4160.0,4170.0,4080.0,4130.0,167511900
2025-09-17,BBRI,4160.0,4220.0,4120.0,4220.0,245154800
2025-09-18,BBRI,4270.0,4270.0,4210.0,4250.0,332670300
2025-09-19,BBRI,4230.0,4250.0,4180.0,4250.0,211373200
2025-09-22,BBRI,4250.0,4250.0,4110.0,4160.0,157592800
2025-09-23,BBRI,4120.0,4170.0,4110.0,4140.0,110771700
2025-09-24,BBRI,4140.0,4170.0,4100.0,4170.0,124591600
2025-09-25,BBRI,4170.0,4170.0,4050.0,4070.0,129656800
2025-09-26,BBRI,4050.0,4080.0,4000.0,4040.0,146229200
2025-09-29,BBRI,4040.0,4040.0,3960.0,3980.0,126611800
2025-09-30,BBRI,3980.0,3980.0,3900.0,3900.0,217357100
2025-10-01,BBRI,3860.0,3940.0,3800.0,3810.0,223133600
2025-10-02,BBRI,3760.0,3790.0,3710.0,3710.0,379620000
2025-10-03,BBRI,3710.0,3750.0,3680.0,3690.0,214737100
2025-10-06,BBRI,3700.0,3740.0,3640.0,3660.0,190283900
2025-10-07,BBRI,3690.0,3720.0,3670.0,3710.0,155933000
2025-10-08,BBRI,3730.0,3740.0,3670.0,3720.0,148263700
2025-10-09,BBRI,3690.0,3930.0,3640.0,3860.0,479239500
2025-10-10,BBRI,3790.0,3790.0,3690.0,3730.0,277252300
2025-10-13,BBRI,3680.0,3710.0,3660.0,3660.0,181694400
2025-10-14,BBRI,3640.0,3690.0,3550.0,3550.0,278639100
2025-10-15,BBRI,3570.0,3590.0,3450.0,3500.0,468733500
2025-10-16,BBRI,3500.0,3580.0,3480.0,3530.0,227629500
2025-10-17,BBRI,3530.0,3570.0,3490.0,3500.0,244442400
2025-10-20,BBRI,3550.0,3730.0,3540.0,3680.0,391510300
2025-10-21,BBRI,3780.0,3790.0,3710.0,3760.0,293000200
2025-10-22,BBRI,3790.0,3820.0,3680.0,3700.0,329470700
2025-10-23,BBRI,3720.0,3820.0,3700.0,3820.0,225902700
2025-10-24,BBRI,3820.0,3910.0,3820.0,3850.0,313903600
2025-10-27,BBRI,3880.0,3930.0,3750.0,3860.0,332539600
2025-10-28,BBRI,3850.0,3860.0,3780.0,3850.0,239026800
2025-10-29,BBRI,3830.0,3890.0,3790.0,3890.0,215008600
2025-10-30,BBRI,3900.0,3990.0,3870.0,3910.0,287905300
2025-10-31,BBRI,3930.0,4020.0,3920.0,3980.0,348755700
2025-11-03,BBRI,4050.0,4050.0,4010.0,4040.0,163770500
2025-11-04,BBRI,4030.0,4050.0,3970.0,3970.0,241154700
2025-11-05,BBRI,3940.0,3990.0,3910.0,3980.0,139859100
2025-11-06,BBRI,3980.0,4010.0,3950.0,4000.0,130808100
2025-11-07,BBRI,4000.0,4010.0,3980.0,3980.0,87287600
2025-11-10,BBRI,4010.0,4020.0,3930.0,3930.0,148552900
2025-11-11,BBRI,3940.0,3960.0,3860.0,3890.0,179000200
2025-11-12,BBRI,3890.0,3950.0,3890.0,3900.0,111115400
2025-11-13,BBRI,3900.0,3910.0,3870.0,3870.0,99373200
2025-11-14,BBRI,3860.0,3930.0,3860.0,3900.0,100717300
2025-11-17,BBRI,3880.0,3950.0,3880.0,3940.0,140868100
2025-11-18,BBRI,3950.0,3990.0,3930.0,3970.0,205257700
2025-11-19,BBRI,3990.0,4000.0,3970.0,4000.0,107451000
2025-11-20,BBRI,4020.0,4050.0,3990.0,3990.0,183008400
2025-11-21,BBRI,3980.0,4000.0,3940.0,3960.0,112666100
2025-11-24,BBRI,4000.0,4000.0,3940.0,3980.0,262302000
2025-11-25,BBRI,3980.0,3980.0,3830.0,3830.0,396959100
2025-11-26,BBRI,3800.0,3830.0,3780.0,3790.0,288419400
2025-11-27,BBRI,3800.0,3810.0,3720.0,3740.0,283451800
2025-11-28,BBRI,3710.0,3750.0,3680.0,3680.0,353872800
2025-12-01,BBRI,3680.0,3730.0,3660.0,3670.0,299669500
2025-12-02,BBRI,3690.0,3730.0,3670.0,3710.0,277714300
2025-12-03,BBRI,3690.0,3700.0,3660.0,3660.0,225357100
2025-12-04,BBRI,3660.0,3690.0,3650.0,3690.0,221121100
2025-12-05,BBRI,3700.0,3700.0,3650.0,3650.0,156161100
2025-12-08,BBRI,3680.0,3690.0,3660.0,3670.0,124094700
2025-12-09,BBRI,3700.0,3700.0,3650.0,3680.0,201089800
2025-12-10,BBRI,3680.0,3680.0,3650.0,3660.0,172677700
2025-12-11,BBRI,3680.0,3700.0,3580.0,3620.0,327591200
2025-12-12,BBRI,3640.0,3640.0,3580.0,3630.0,169747600
2025-12-15,BBRI,3650.0,3810.0,3630.0,3780.0,312694100
2025-12-16,BBRI,3800.0,3810.0,3680.0,3690.0,237949900
2025-12-17,BBRI,3690.0,3780.0,3680.0,3750.0,273544100
2025-12-18,BBRI,3750.0,3820.0,3750.0,3780.0,262527300
2025-12-19,BBRI,3800.0,3810.0,3760.0,3770.0,228583500
2025-12-22,BBRI,3770.0,3780.0,3750.0,3760.0,161680300
2025-12-23,BBRI,3760.0,3780.0,3730.0,3770.0,138427000
2025-12-24,BBRI,3770.0,3790.0,3750.0,3770.0,121073600
2025-12-29,BBRI,3780.0,3790.0,3760.0,3780.0,238061500
2025-12-30,BBRI,3690.0,3690.0,3650.0,3660.0,274402200
2026-01-02,BBRI,3660.0,3670.0,3620.0,3640.0,191985100
2026-01-05,BBRI,3630.0,3660.0,3590.0,3630.0,230544800
2026-01-06,BBRI,3630.0,3690.0,3630.0,3680.0,175820800
2026-01-07,BBRI,3680.0,3710.0,3660.0,3700.0,195024700
2026-01-08,BBRI,3710.0,3760.0,3700.0,3710.0,182019700
2026-01-09,BBRI,3730.0,3740.0,3670.0,3680.0,143474700
2026-01-12,BBRI,3680.0,3740.0,3660.0,3700.0,215159700
2026-01-13,BBRI,3700.0,3730.0,3670.0,3720.0,227620800
2026-01-14,BBRI,3740.0,3750.0,3700.0,3720.0,170097000
2026-01-15,BBRI,3730.0,3850.0,3730.0,3820.0,407151300
2026-01-19,BBRI,3850.0,3900.0,3810.0,3840.0,359652500
2026-01-20,BBRI,3840.0,3880.0,3820.0,3850.0,170245800
2026-01-21,BBRI,3850.0,3850.0,3800.0,3820.0,273678200
2026-01-22,BBRI,3850.0,3850.0,3790.0,3810.0,153742700
2026-01-23,BBRI,3810.0,3850.0,3760.0,3850.0,164603900
2026-01-26,BBRI,3840.0,3850.0,3800.0,3850.0,120002700
2026-01-27,BBRI,3850.0,3850.0,3780.0,3820.0,157633200
2026-01-28,BBRI,3630.0,3780.0,3540.0,3590.0,726740400
2026-01-29,BBRI,3550.0,3780.0,3290.0,3780.0,781321200
2026-01-30,BBRI,3780.0,3890.0,3740.0,3810.0,532329000
2026-02-02,BBRI,3860.0,3880.0,3750.0,3830.0,334659200
2026-02-03,BBRI,3860.0,3870.0,3760.0,3800.0,201224300
2026-02-04,BBRI,3820.0,3880.0,3800.0,3870.0,251005600
2026-02-05,BBRI,3850.0,3940.0,3840.0,3850.0,342757200
2026-02-06,BBRI,3800.0,3850.0,3770.0,3780.0,279127200
2026-02-09,BBRI,3790.0,3800.0,3710.0,3770.0,215606400
2026-02-10,BBRI,3750.0,3790.0,3730.0,3780.0,181835800
2026-02-11,BBRI,3790.0,3800.0,3740.0,3800.0,147378100
2026-02-12,BBRI,3780.0,3790.0,3760.0,3790.0,185678800
2026-02-13,BBRI,3780.0,3800.0,3750.0,3780.0,144473700
2026-02-18,BBRI,3780.0,3840.0,3760.0,3830.0,135223700
2026-02-19,BBRI,3850.0,3850.0,3770.0,3770.0,154562300
2026-02-20,BBRI,3790.0,3870.0,3780.0,3840.0,191533500
2026-02-23,BBRI,3880.0,3910.0,3860.0,3900.0,189611200
2026-02-24,BBRI,3880.0,3890.0,3860.0,3870.0,191295900
2026-02-25,BBRI,3880.0,3980.0,3880.0,3970.0,263027700
2026-02-26,BBRI,3970.0,3970.0,3920.0,3950.0,146158100
2026-02-27,BBRI,3950.0,3950.0,3880.0,3910.0,263179300
2026-03-02,BBRI,3840.0,3840.0,3800.0,3820.0,204655700
2026-03-03,BBRI,3820.0,3840.0,3770.0,3770.0,113600400
2026-03-04,BBRI,3770.0,3770.0,3660.0,3690.0,215656600
2026-03-05,BBRI,3720.0,3780.0,3720.0,3750.0,96625300
2026-03-06,BBRI,3750.0,3750.0,3670.0,3670.0,136987800
2026-03-09,BBRI,3590.0,3630.0,3560.0,3570.0,215587500
2026-03-10,BBRI,3600.0,3610.0,3560.0,3560.0,175353400
2026-03-11,BBRI,3580.0,3600.0,3560.0,3580.0,100862200
2026-03-12,BBRI,3580.0,3610.0,3570.0,3570.0,141366700
2026-03-13,BBRI,3560.0,3590.0,3510.0,3510.0,159393900
2026-03-16,BBRI,3500.0,3510.0,3430.0,3480.0,160328700
2026-03-17,BBRI,3500.0,3530.0,3480.0,3480.0,204208500
2026-03-25,BBRI,3440.0,3540.0,3410.0,3540.0,379422800
2026-03-26,BBRI,3540.0,3570.0,3480.0,3490.0,162060500
2026-03-27,BBRI,3460.0,3490.0,3420.0,3420.0,207067900
2026-03-30,BBRI,3350.0,3390.0,3330.0,3360.0,317467700
2026-03-31,BBRI,3350.0,3400.0,3330.0,3330.0,298589200
2026-04-01,BBRI,3400.0,3440.0,3330.0,3350.0,279604500
2026-04-02,BBRI,3340.0,3390.0,3320.0,3320.0,242569200
2026-04-06,BBRI,3340.0,3360.0,3290.0,3310.0,184143400
2026-04-07,BBRI,3310.0,3320.0,3220.0,3230.0,273842700
2026-04-08,BBRI,3340.0,3370.0,3330.0,3340.0,416112900
2026-04-09,BBRI,3310.0,3330.0,3260.0,3280.0,319141400
2026-04-10,BBRI,3290.0,3400.0,3290.0,3390.0,353451500
2026-04-13,BBRI,3390.0,3410.0,3350.0,3370.0,176083800
2026-04-14,BBRI,3420.0,3490.0,3420.0,3460.0,280543100
2026-04-15,BBRI,3500.0,3510.0,3400.0,3400.0,332898200
2026-04-16,BBRI,3400.0,3430.0,3380.0,3410.0,228465700
2026-04-17,BBRI,3410.0,3450.0,3410.0,3430.0,209108800
2026-04-20,BBRI,3440.0,3470.0,3420.0,3440.0,354461400
2026-04-21,BBRI,3250.0,3300.0,3230.0,3270.0,398239800
2026-04-22,BBRI,3260.0,3280.0,3240.0,3240.0,223077500
2026-04-23,BBRI,3240.0,3270.0,3150.0,3160.0,352657300
2026-04-24,BBRI,3120.0,3150.0,3060.0,3070.0,428089200
2026-04-27,BBRI,3060.0,3100.0,3050.0,3050.0,216480300
2026-04-28,BBRI,3050.0,3080.0,3020.0,3070.0,232596600
2026-04-29,BBRI,3070.0,3110.0,3050.0,3070.0,180641600
2026-04-30,BBRI,3050.0,3060.0,2980.0,2990.0,382750500
2026-05-04,BBRI,3010.0,3040.0,3000.0,3040.0,190480000
2026-05-05,BBRI,3050.0,3170.0,3040.0,3150.0,253157600
2026-05-06,BBRI,3150.0,3190.0,3130.0,3160.0,185002500
2026-05-07,BBRI,3200.0,3330.0,3190.0,3310.0,312804400
2026-05-08,BBRI,3310.0,3360.0,3260.0,3260.0,335638700
2026-05-11,BBRI,3260.0,3280.0,3200.0,3200.0,196431000
2026-05-12,BBRI,3200.0,3240.0,3170.0,3220.0,151508100
2026-05-13,BBRI,3200.0,3210.0,3120.0,3120.0,155231500
2026-05-18,BBRI,3040.0,3100.0,3010.0,3060.0,348373200
2026-05-19,BBRI,3060.0,3140.0,3040.0,3040.0,224758600
2026-05-20,BBRI,3060.0,3110.0,3030.0,3040.0,273501800
2026-05-21,BBRI,3050.0,3090.0,3020.0,3020.0,173346000
2026-05-22,BBRI,3020.0,3070.0,3000.0,3050.0,158122200
2026-05-25,BBRI,3090.0,3220.0,3080.0,3170.0,242782900
2026-05-26,BBRI,3150.0,3150.0,3070.0,3070.0,185037400
2026-05-29,BBRI,3060.0,3080.0,2950.0,2950.0,1073661600
2026-06-02,BBRI,3000.0,3040.0,2980.0,3040.0,320974000
2026-06-03,BBRI,3050.0,3070.0,2900.0,2900.0,411746000
2026-06-04,BBRI,2900.0,2930.0,2780.0,2810.0,493450500
2026-06-05,BBRI,2780.0,2830.0,2730.0,2740.0,310053600
2026-06-08,BBRI,2700.0,2750.0,2590.0,2590.0,626878600
2026-06-09,BBRI,2540.0,2800.0,2540.0,2790.0,873192700
2026-06-10,BBRI,2790.0,2910.0,2730.0,2880.0,704423000
2026-06-11,BBRI,2880.0,2960.0,2780.0,2850.0,465509700
2026-06-12,BBRI,2880.0,2900.0,2830.0,2850.0,450530000
2026-06-15,BBRI,2890.0,3050.0,2890.0,2990.0,622216400
2026-06-17,BBRI,3020.0,3130.0,3010.0,3080.0,512048000
2026-06-18,BBRI,3040.0,3060.0,2960.0,2960.0,356398400
2026-06-19,BBRI,2960.0,3000.0,2910.0,2930.0,514857200
2026-06-22,BBRI,2930.0,2940.0,2870.0,2870.0,250025400
2026-06-23,BBRI,2870.0,2940.0,2860.0,2910.0,271555000
2026-06-24,BBRI,2930.0,2980.0,2800.0,2810.0,330171300
2026-06-25,BBRI,2800.0,2920.0,2790.0,2850.0,343497900
2026-06-26,BBRI,2850.0,2880.0,2810.0,2870.0,200394100
2026-06-29,BBRI,2880.0,2890.0,2830.0,2840.0,173099600
2026-06-30,BBRI,2810.0,2840.0,2730.0,2730.0,346190100
2026-07-01,BBRI,2700.0,2750.0,2670.0,2670.0,302582100
2026-07-02,BBRI,2680.0,2730.0,2630.0,2690.0,366662800
2026-07-03,BBRI,2710.0,2740.0,2700.0,2710.0,219292600
2026-07-06,BBRI,2710.0,2790.0,2680.0,2790.0,257473000
2026-07-07,BBRI,2810.0,2890.0,2800.0,2860.0,265534600
2026-07-08,BBRI,2860.0,2870.0,2770.0,2790.0,253336100
2026-07-09,BBRI,2770.0,2790.0,2730.0,2780.0,244821900
2026-07-10,BBRI,2790.0,2810.0,2760.0,2790.0,144957900
2026-07-13,BBRI,2790.0,2870.0,2780.0,2870.0,211532100
2026-07-14,BBRI,2880.0,2890.0,2800.0,2800.0,273911200
2026-07-15,BBRI,2840.0,2870.0,2810.0,2830.0,182403300
2026-07-16,BBRI,2840.0,2880.0,2830.0,2860.0,197705800
2026-07-17,BBRI,2860.0,3000.0,2840.0,2970.0,439266600
2026-07-20,BBRI,3000.0,3080.0,2990.0,3020.0,393555500
2026-07-21,BBRI,3080.0,3080.0,3040.0,3070.0,320262200
2026-07-22,BBRI,3080.0,3080.0,3020.0,3020.0,200041000
2026-07-23,BBRI,3030.0,3070.0,2990.0,2990.0,217693500
2026-07-24,BBRI,2970.0,3020.0,2940.0,2960.0,290905700
2026-07-27,BBRI,2930.0,2980.0,2920.0,2950.0,201363300
2026-07-28,BBRI,2930.0,2970.0,2920.0,2930.0,220772100
2026-07-29,BBRI,2930.0,2950.0,2910.0,2920.0,132102100
2026-07-30,BBRI,2930.0,3010.0,2920.0,2990.0,220548900
2026-07-31,BBRI,3000.0,3040.0,2980.0,3040.0,226634400
2026-08-03,BBRI,3030.0,3030.0,2980.0,3020.0,119721600
2026-08-04,BBRI,3020.0,3060.0,3000.0,3060.0,191121700
2026-08-05,BBRI,3060.0,3070.0,3020.0,3020.0,111460100
2026-08-06,BBRI,3030.0,3070.0,3030.0,3040.0,117685400
2026-08-07,BBRI,3050.0,3130.0,3040.0,3130.0,349136300
2026-08-10,BBRI,3140.0,3160.0,3090.0,3090.0,232230700
2026-08-11,BBRI,3100.0,3110.0,3060.0,3090.0,179274900
2026-08-12,BBRI,3090.0,3130.0,3080.0,3130.0,158307500
2026-08-13,BBRI,3130.0,3130.0,3080.0,3110.0,165084600
2026-08-14,BBRI,3110.0,3150.0,3090.0,3120.0,118492200
2026-08-18,BBRI,3120.0,3140.0,3080.0,3080.0,153801000
2026-08-19,BBRI,3080.0,3100.0,3040.0,3080.0,101112000
2026-08-20,BBRI,3100.0,3140.0,3090.0,3140.0,156120300
2026-08-21,BBRI,3170.0,3250.0,3160.0,3230.0,349663900
2026-08-24,BBRI,3230.0,3240.0,3160.0,3180.0,151200300
2026-08-26,BBRI,3170.0,3170.0,3110.0,3130.0,159003300
2026-08-27,BBRI,3110.0,3150.0,3100.0,3150.0,164832300
2026-08-28,BBRI,3180.0,3200.0,3160.0,3190.0,135419900
2026-08-31,BBRI,3180.0,3270.0,3170.0,3250.0,353834000
2026-09-01,BBRI,3250.0,3380.0,3250.0,3380.0,393505600
2026-09-02,BBRI,3390.0,3400.0,3350.0,3390.0,205175100
2026-09-03,BBRI,3400.0,3430.0,3370.0,3410.0,244699100
2026-09-04,BBRI,3430.0,3440.0,3380.0,3390.0,152173900
2026-09-07,BBRI,3400.0,3400.0,3330.0,3370.0,140651200
2026-09-08,BBRI,3380.0,3420.0,3360.0,3410.0,148330400
2026-09-09,BBRI,3420.0,3420.0,3360.0,3420.0,156865000
2026-09-10,BBRI,3420.0,3430.0,3310.0,3320.0,194894800
2026-09-11,BBRI,3320.0,3320.0,3250.0,3270.0,217302800
2026-09-14,BBRI,3270.0,3410.0,3230.0,3400.0,278495400
2026-09-15,BBRI,3400.0,3400.0,3320.0,3320.0,158042700
2026-09-16,BBRI,3310.0,3360.0,3310.0,3330.0,118364900
2026-09-17,BBRI,3350.0,3360.0,3320.0,3330.0,132493900
2026-09-18,BBRI,3310.0,3340.0,3250.0,3310.0,242737200
2026-09-21,BBRI,3310.0,3310.0,3270.0,3300.0,102594200
2026-09-22,BBRI,3260.0,3270.0,3170.0,3180.0,272879800
2026-09-23,BBRI,3170.0,3230.0,3140.0,3190.0,205953900
2026-09-24,BBRI,3170.0,3180.0,3140.0,3140.0,129218800
2026-09-25,BBRI,3140.0,3160.0,3110.0,3150.0,87244800
2026-09-28,BBRI,3140.0,3170.0,3110.0,3140.0,102848000
2026-09-29,BBRI,3150.0,3200.0,3130.0,3170.0,134943400
2026-09-30,BBRI,3180.0,3240.0,3140.0,3140.0,181840000
2026-10-01,BBRI,3140.0,3160.0,3070.0,3100.0,134095700
2026-10-02,BBRI,3100.0,3130.0,3050.0,3080.0,170335000
2026-10-05,BBRI,3080.0,3120.0,3050.0,3120.0,135367900
2026-10-06,BBRI,3130.0,3180.0,3110.0,3110.0,139170200
2026-10-07,BBRI,3130.0,3150.0,3110.0,3140.0,88629800
2026-10-08,BBRI,3150.0,3160.0,3030.0,3030.0,150854000
2026-10-09,BBRI,3030.0,3110.0,3030.0,3100.0,155846800
2015-01-02,PTBA,2475.0,2505.0,2470.0,2475.0,6005500
2015-01-05,PTBA,2465.0,2475.0,2440.0,2470.0,4914500
2015-01-06,PTBA,2425.0,2460.0,2410.0,2415.0,6777500
2015-01-07,PTBA,2415.0,2440.0,2405.0,2420.0,8754500
2015-01-08,PTBA,2420.0,2445.0,2350.0,2360.0,18408500
2015-01-09,PTBA,2360.0,2400.0,2350.0,2360.0,14712500
2015-01-12,PTBA,2320.0,2365.0,2300.0,2305.0,10451000
2015-01-13,PTBA,2305.0,2305.0,2230.0,2240.0,17833000
2015-01-14,PTBA,2240.0,2325.0,2240.0,2240.0,11812500
2015-01-15,PTBA,2240.0,2280.0,2230.0,2240.0,9361000
2015-01-16,PTBA,2250.0,2250.0,2145.0,2145.0,17915500
2015-01-19,PTBA,2140.0,2200.0,2070.0,2080.0,12008000
2015-01-20,PTBA,2100.0,2180.0,2020.0,2145.0,19758000
2015-01-21,PTBA,2150.0,2245.0,2140.0,2230.0,18367500
2015-01-22,PTBA,2230.0,2355.0,2200.0,2350.0,24512500
2015-01-23,PTBA,2360.0,2400.0,2310.0,2325.0,12214500
2015-01-26,PTBA,2345.0,2345.0,2210.0,2245.0,8194000
2015-01-27,PTBA,2210.0,2280.0,2210.0,2280.0,7682500
2015-01-28,PTBA,2260.0,2320.0,2255.0,2305.0,7927500
2015-01-29,PTBA,2260.0,2285.0,2250.0,2265.0,5828000
2015-01-30,PTBA,2280.0,2280.0,2260.0,2275.0,10498500
2015-02-02,PTBA,2285.0,2345.0,2270.0,2275.0,10487000
2015-02-03,PTBA,2310.0,2325.0,2280.0,2285.0,7354000
2015-02-04,PTBA,2315.0,2335.0,2285.0,2300.0,17895000
2015-02-05,PTBA,2270.0,2290.0,2260.0,2275.0,5658500
2015-02-06,PTBA,2285.0,2320.0,2285.0,2320.0,8683000
2015-02-09,PTBA,2320.0,2325.0,2270.0,2280.0,4249000
2015-02-10,PTBA,2260.0,2280.0,2220.0,2235.0,11003000
2015-02-11,PTBA,2220.0,2265.0,2200.0,2205.0,12297500
2015-02-12,PTBA,2200.0,2250.0,2195.0,2245.0,16229000
2015-02-13,PTBA,2250.0,2310.0,2250.0,2295.0,20675500
2015-02-16,PTBA,2310.0,2320.0,2225.0,2230.0,8467000
2015-02-17,PTBA,2255.0,2255.0,2190.0,2215.0,17996500
2015-02-18,PTBA,2230.0,2230.0,2175.0,2175.0,11909500
2015-02-20,PTBA,2185.0,2210.0,2120.0,2120.0,15046500
2015-02-23,PTBA,2135.0,2145.0,2085.0,2095.0,12750500
2015-02-24,PTBA,2090.0,2145.0,2070.0,2080.0,21246500
2015-02-25,PTBA,2100.0,2110.0,2070.0,2085.0,9601500
2015-02-26,PTBA,2100.0,2110.0,2080.0,2085.0,14259500
2015-02-27,PTBA,2085.0,2135.0,2080.0,2135.0,15008500
2015-03-02,PTBA,2150.0,2210.0,2150.0,2200.0,28619000
2015-03-03,PTBA,2210.0,2250.0,2200.0,2205.0,29422000
2015-03-04,PTBA,2200.0,2215.0,2155.0,2160.0,8776000
2015-03-05,PTBA,2165.0,2220.0,2145.0,2165.0,8100000
2015-03-06,PTBA,2165.0,2210.0,2160.0,2185.0,6959500
2015-03-09,PTBA,2160.0,2175.0,2140.0,2155.0,6082000
2015-03-10,PTBA,2140.0,2155.0,2110.0,2120.0,10067500
2015-03-11,PTBA,2095.0,2100.0,2045.0,2045.0,17537000
2015-03-12,PTBA,2050.0,2135.0,2050.0,2130.0,11206000
2015-03-13,PTBA,2140.0,2150.0,2085.0,2085.0,10051500
2015-03-16,PTBA,2080.0,2105.0,2045.0,2045.0,12374000
2015-03-17,PTBA,2055.0,2070.0,2045.0,2065.0,5185500
2015-03-18,PTBA,2050.0,2075.0,2050.0,2070.0,9517000
2015-03-19,PTBA,2085.0,2100.0,2070.0,2090.0,6223000
2015-03-20,PTBA,2090.0,2090.0,2060.0,2070.0,10813500
2015-03-23,PTBA,2090.0,2115.0,2080.0,2095.0,14666000
2015-03-24,PTBA,2080.0,2125.0,2080.0,2110.0,13690500
2015-03-25,PTBA,2100.0,2115.0,2035.0,2060.0,9931000
2015-03-26,PTBA,2030.0,2100.0,2030.0,2050.0,7321000
2015-03-27,PTBA,2050.0,2100.0,2045.0,2100.0,5547000
2015-03-30,PTBA,2120.0,2150.0,2070.0,2140.0,13505500
2015-03-31,PTBA,2160.0,2170.0,2140.0,2150.0,13410000
2015-04-01,PTBA,2160.0,2160.0,2110.0,2140.0,5900000
2015-04-02,PTBA,2150.0,2185.0,2140.0,2180.0,11075500
2015-04-06,PTBA,2195.0,2230.0,2180.0,2220.0,8934000
2015-04-07,PTBA,2220.0,2235.0,2200.0,2215.0,12098000
2015-04-08,PTBA,2165.0,2170.0,2135.0,2155.0,9769500
2015-04-09,PTBA,2155.0,2165.0,2125.0,2150.0,5426500
2015-04-10,PTBA,2160.0,2160.0,2125.0,2140.0,2205000
2015-04-13,PTBA,2090.0,2130.0,2070.0,2090.0,5968000
2015-04-14,PTBA,2080.0,2100.0,2065.0,2080.0,4172000
2015-04-15,PTBA,2075.0,2130.0,2070.0,2130.0,5663000
2015-04-16,PTBA,2135.0,2150.0,2110.0,2150.0,7138000
2015-04-17,PTBA,2150.0,2155.0,2135.0,2150.0,4748000
2015-04-20,PTBA,2150.0,2150.0,2115.0,2120.0,3408000
2015-04-21,PTBA,2120.0,2140.0,2095.0,2110.0,6676500
2015-04-22,PTBA,2090.0,2135.0,2080.0,2125.0,7437500
2015-04-23,PTBA,2135.0,2150.0,2080.0,2080.0,11439500
2015-04-24,PTBA,2100.0,2125.0,2100.0,2105.0,2469000
2015-04-27,PTBA,2100.0,2115.0,1995.0,2000.0,17077500
2015-04-28,PTBA,2010.0,2020.0,1935.0,2015.0,8135500
2015-04-29,PTBA,1995.0,2005.0,1900.0,1945.0,14204000
2015-04-30,PTBA,1900.0,1955.0,1870.0,1870.0,13038500
2015-05-04,PTBA,1820.0,1900.0,1820.0,1870.0,6729000
2015-05-05,PTBA,1860.0,1910.0,1850.0,1880.0,6595500
2015-05-06,PTBA,1880.0,1900.0,1855.0,1870.0,9444500
2015-05-07,PTBA,1870.0,1870.0,1840.0,1840.0,4511500
2015-05-08,PTBA,1860.0,1945.0,1845.0,1930.0,11058000
2015-05-11,PTBA,1980.0,2005.0,1935.0,1990.0,19629000
2015-05-12,PTBA,1955.0,2015.0,1955.0,2000.0,15375000
2015-05-13,PTBA,2000.0,2075.0,1990.0,2060.0,12839500
2015-05-15,PTBA,2095.0,2130.0,2055.0,2110.0,12118000
2015-05-18,PTBA,2110.0,2110.0,2070.0,2090.0,5828000
2015-05-19,PTBA,2100.0,2105.0,2070.0,2085.0,3737000
2015-05-20,PTBA,2110.0,2165.0,2105.0,2160.0,21697000
2015-05-21,PTBA,2160.0,2185.0,2140.0,2165.0,8966000
2015-05-22,PTBA,2140.0,2165.0,2110.0,2110.0,6507000
2015-05-25,PTBA,2110.0,2120.0,2060.0,2075.0,3982000
2015-05-26,PTBA,2080.0,2150.0,2065.0,2110.0,8913500
2015-05-27,PTBA,2075.0,2090.0,2000.0,2055.0,12327000
2015-05-28,PTBA,2040.0,2080.0,2020.0,2025.0,13179500
2015-05-29,PTBA,2010.0,2030.0,1960.0,1965.0,37580000
2015-06-01,PTBA,1960.0,1980.0,1925.0,1945.0,6432000
2015-06-03,PTBA,1945.0,1990.0,1920.0,1935.0,13222000
2015-06-04,PTBA,1925.0,1945.0,1905.0,1925.0,7128000
2015-06-05,PTBA,1900.0,1930.0,1865.0,1885.0,6086000
2015-06-08,PTBA,1880.0,1910.0,1875.0,1885.0,7388500
2015-06-09,PTBA,1900.0,1900.0,1815.0,1825.0,7473500
2015-06-10,PTBA,1825.0,1865.0,1810.0,1810.0,13717000
2015-06-11,PTBA,1840.0,1860.0,1805.0,1820.0,10380000
2015-06-12,PTBA,1845.0,1860.0,1825.0,1830.0,5564500
2015-06-15,PTBA,1850.0,1850.0,1810.0,1815.0,3182000
2015-06-16,PTBA,1825.0,1890.0,1810.0,1850.0,7132000
2015-06-17,PTBA,1855.0,1880.0,1825.0,1830.0,9015500
2015-06-18,PTBA,1830.0,1850.0,1800.0,1810.0,9293500
2015-06-19,PTBA,1825.0,1835.0,1800.0,1805.0,13009500
2015-06-22,PTBA,1815.0,1815.0,1790.0,1800.0,4327000
2015-06-23,PTBA,1815.0,1815.0,1785.0,1790.0,4807500
2015-06-24,PTBA,1810.0,1810.0,1785.0,1805.0,5787000
2015-06-25,PTBA,1810.0,1810.0,1740.0,1740.0,12189500
2015-06-26,PTBA,1740.0,1755.0,1700.0,1700.0,13631500
2015-06-29,PTBA,1700.0,1700.0,1660.0,1675.0,3207000
2015-06-30,PTBA,1655.0,1690.0,1650.0,1680.0,12117500
2015-07-01,PTBA,1695.0,1695.0,1660.0,1660.0,5433500
2015-07-02,PTBA,1665.0,1675.0,1645.0,1650.0,7966000
2015-07-03,PTBA,1660.0,1660.0,1650.0,1655.0,4609000
2015-07-06,PTBA,1660.0,1660.0,1635.0,1640.0,4263000
2015-07-07,PTBA,1625.0,1640.0,1585.0,1595.0,7815500
2015-07-08,PTBA,1595.0,1595.0,1485.0,1510.0,17878500
2015-07-09,PTBA,1470.0,1470.0,1405.0,1425.0,33095500
2015-07-10,PTBA,1440.0,1475.0,1420.0,1450.0,20061500
2015-07-13,PTBA,1455.0,1460.0,1395.0,1410.0,12325500
2015-07-14,PTBA,1410.0,1410.0,1345.0,1350.0,17146500
2015-07-15,PTBA,1350.0,1350.0,1295.0,1295.0,22599500
2015-07-22,PTBA,1315.0,1315.0,1240.0,1300.0,19765000
2015-07-23,PTBA,1300.0,1335.0,1270.0,1320.0,12200000
2015-07-24,PTBA,1320.0,1320.0,1255.0,1265.0,7935000
2015-07-27,PTBA,1220.0,1285.0,1220.0,1255.0,11508500
2015-07-28,PTBA,1220.0,1295.0,1220.0,1285.0,10956000
2015-07-29,PTBA,1315.0,1315.0,1250.0,1250.0,13230500
2015-07-30,PTBA,1250.0,1260.0,1230.0,1240.0,6494500
2015-07-31,PTBA,1240.0,1260.0,1200.0,1200.0,19468500
2015-08-03,PTBA,1200.0,1220.0,1180.0,1190.0,7600000
2015-08-04,PTBA,1200.0,1250.0,1170.0,1250.0,15075500
2015-08-05,PTBA,1270.0,1325.0,1255.0,1310.0,26646500
2015-08-06,PTBA,1320.0,1320.0,1240.0,1250.0,17057000
2015-08-07,PTBA,1260.0,1260.0,1205.0,1240.0,9954500
2015-08-10,PTBA,1230.0,1235.0,1190.0,1200.0,9798500
2015-08-11,PTBA,1220.0,1225.0,1120.0,1125.0,21208000
2015-08-12,PTBA,1095.0,1100.0,1035.0,1040.0,22056500
2015-08-13,PTBA,1080.0,1080.0,1045.0,1060.0,18968500
2015-08-14,PTBA,1060.0,1060.0,1030.0,1035.0,17076000
2015-08-18,PTBA,1025.0,1060.0,1005.0,1050.0,26032500
2015-08-19,PTBA,1040.0,1075.0,1040.0,1055.0,8955500
2015-08-20,PTBA,1055.0,1080.0,1040.0,1060.0,7975000
2015-08-21,PTBA,1025.0,1120.0,1015.0,1115.0,12829000
2015-08-24,PTBA,1060.0,1080.0,1035.0,1065.0,12166500
2015-08-25,PTBA,1070.0,1155.0,1060.0,1095.0,20095500
2015-08-26,PTBA,1110.0,1125.0,1075.0,1110.0,14006500
2015-08-27,PTBA,1125.0,1165.0,1110.0,1145.0,19676000
2015-08-28,PTBA,1200.0,1215.0,1175.0,1190.0,19276500
2015-08-31,PTBA,1185.0,1200.0,1160.0,1170.0,13943000
2015-09-01,PTBA,1185.0,1245.0,1165.0,1230.0,22927000
2015-09-02,PTBA,1215.0,1255.0,1200.0,1200.0,16740000
2015-09-03,PTBA,1235.0,1235.0,1200.0,1215.0,7688000
2015-09-04,PTBA,1220.0,1220.0,1185.0,1200.0,6022000
2015-09-07,PTBA,1200.0,1200.0,1165.0,1170.0,3590000
2015-09-08,PTBA,1190.0,1190.0,1150.0,1165.0,5390500
2015-09-09,PTBA,1180.0,1190.0,1145.0,1160.0,17459000
2015-09-10,PTBA,1135.0,1150.0,1110.0,1115.0,15390000
2015-09-11,PTBA,1130.0,1160.0,1125.0,1130.0,6574500
2015-09-14,PTBA,1150.0,1155.0,1115.0,1125.0,5340500
2015-09-15,PTBA,1130.0,1140.0,1120.0,1125.0,8234000
2015-09-16,PTBA,1140.0,1145.0,1115.0,1130.0,7905000
2015-09-17,PTBA,1145.0,1150.0,1130.0,1135.0,11180000
2015-09-18,PTBA,1150.0,1150.0,1120.0,1150.0,14810500
2015-09-21,PTBA,1150.0,1180.0,1125.0,1125.0,8990500
2015-09-22,PTBA,1145.0,1145.0,1115.0,1115.0,3968500
2015-09-23,PTBA,1110.0,1120.0,1080.0,1115.0,9963500
2015-09-25,PTBA,1125.0,1125.0,1095.0,1110.0,7455500
2015-09-28,PTBA,1100.0,1120.0,1070.0,1115.0,12944000
2015-09-29,PTBA,1095.0,1120.0,1080.0,1120.0,13402000
2015-09-30,PTBA,1130.0,1135.0,1095.0,1125.0,18791000
2015-10-01,PTBA,1125.0,1140.0,1120.0,1125.0,5678500
2015-10-02,PTBA,1125.0,1130.0,1115.0,1115.0,3596500
2015-10-05,PTBA,1120.0,1145.0,1120.0,1140.0,12701000
2015-10-06,PTBA,1140.0,1180.0,1100.0,1120.0,25267500
2015-10-07,PTBA,1140.0,1230.0,1140.0,1195.0,43568500
2015-10-08,PTBA,1210.0,1230.0,1185.0,1200.0,21522500
2015-10-09,PTBA,1230.0,1300.0,1230.0,1290.0,36286000
2015-10-12,PTBA,1310.0,1385.0,1290.0,1325.0,30825500
2015-10-13,PTBA,1310.0,1310.0,1255.0,1255.0,32779000
2015-10-15,PTBA,1270.0,1340.0,1270.0,1320.0,30170500
2015-10-16,PTBA,1330.0,1340.0,1265.0,1290.0,30118000
2015-10-19,PTBA,1265.0,1325.0,1265.0,1325.0,18369500
2015-10-20,PTBA,1360.0,1480.0,1360.0,1460.0,69822000
2015-10-21,PTBA,1470.0,1510.0,1445.0,1445.0,31541000
2015-10-22,PTBA,1440.0,1445.0,1395.0,1400.0,18523500
2015-10-23,PTBA,1440.0,1465.0,1440.0,1450.0,16347500
2015-10-26,PTBA,1460.0,1470.0,1450.0,1465.0,13909000
2015-10-27,PTBA,1465.0,1495.0,1460.0,1490.0,18223500
2015-10-28,PTBA,1480.0,1480.0,1430.0,1470.0,18008000
2015-10-29,PTBA,1470.0,1470.0,1430.0,1455.0,20651000
2015-10-30,PTBA,1460.0,1475.0,1440.0,1460.0,18468000
2015-11-02,PTBA,1440.0,1460.0,1440.0,1455.0,6509000
2015-11-03,PTBA,1460.0,1505.0,1455.0,1490.0,14874500
2015-11-04,PTBA,1500.0,1565.0,1500.0,1555.0,18502000
2015-11-05,PTBA,1540.0,1550.0,1480.0,1530.0,15227500
2015-11-06,PTBA,1520.0,1520.0,1490.0,1495.0,7950500
2015-11-09,PTBA,1490.0,1510.0,1470.0,1500.0,13469500
2015-11-10,PTBA,1490.0,1515.0,1465.0,1465.0,9095500
2015-11-11,PTBA,1465.0,1465.0,1355.0,1385.0,23935000
2015-11-12,PTBA,1405.0,1435.0,1390.0,1395.0,16048500
2015-11-13,PTBA,1380.0,1385.0,1245.0,1275.0,89945500
2015-11-16,PTBA,1270.0,1280.0,1175.0,1205.0,64116000
2015-11-17,PTBA,1240.0,1240.0,1175.0,1185.0,65149000
2015-11-18,PTBA,1185.0,1245.0,1180.0,1225.0,52766500
2015-11-19,PTBA,1245.0,1265.0,1210.0,1220.0,35164500
2015-11-20,PTBA,1205.0,1220.0,1185.0,1205.0,28059500
2015-11-23,PTBA,1210.0,1210.0,1185.0,1190.0,33435000
2015-11-24,PTBA,1175.0,1180.0,1140.0,1155.0,50937000
2015-11-25,PTBA,1175.0,1185.0,1165.0,1180.0,30154500
2015-11-26,PTBA,1200.0,1200.0,1170.0,1180.0,12583500
2015-11-27,PTBA,1185.0,1195.0,1165.0,1175.0,22788000
2015-11-30,PTBA,1155.0,1165.0,1120.0,1120.0,357818500
2015-12-01,PTBA,1120.0,1150.0,1080.0,1145.0,73401000
2015-12-02,PTBA,1155.0,1160.0,1105.0,1110.0,43369000
2015-12-03,PTBA,1095.0,1095.0,1040.0,1040.0,55937000
2015-12-04,PTBA,1030.0,1085.0,1025.0,1035.0,59210500
2015-12-07,PTBA,1035.0,1055.0,1020.0,1025.0,18278500
2015-12-08,PTBA,1010.0,1010.0,964.0,966.0,69141000
2015-12-09,PTBA,966.0,966.0,966.0,966.0,0
2015-12-10,PTBA,956.0,979.0,921.0,928.0,25657500
2015-12-11,PTBA,938.0,942.0,897.0,901.0,38094000
2015-12-14,PTBA,880.0,889.0,861.0,863.0,55630000
2015-12-15,PTBA,870.0,937.0,870.0,926.0,85021500
2015-12-16,PTBA,950.0,968.0,938.0,942.0,44227500
2015-12-17,PTBA,946.0,975.0,929.0,948.0,32592500
2015-12-18,PTBA,938.0,959.0,932.0,956.0,18703500
2015-12-21,PTBA,940.0,952.0,920.0,920.0,12140500
2015-12-22,PTBA,930.0,938.0,926.0,930.0,9206000
2015-12-23,PTBA,935.0,943.0,915.0,915.0,13159000
2015-12-28,PTBA,925.0,925.0,912.0,912.0,13626500
2015-12-29,PTBA,921.0,926.0,914.0,916.0,11026500
2015-12-30,PTBA,922.0,924.0,905.0,905.0,15477000
2016-01-04,PTBA,900.0,902.0,865.0,867.0,13150000
2016-01-05,PTBA,866.0,907.0,866.0,902.0,25770500
2016-01-06,PTBA,902.0,915.0,894.0,902.0,11862500
2016-01-07,PTBA,895.0,895.0,866.0,869.0,14824000
2016-01-08,PTBA,867.0,882.0,861.0,861.0,20228500
2016-01-11,PTBA,860.0,888.0,857.0,881.0,29020000
2016-01-12,PTBA,890.0,890.0,870.0,882.0,10159500
2016-01-13,PTBA,891.0,922.0,885.0,905.0,17472500
2016-01-14,PTBA,890.0,900.0,879.0,899.0,13157000
2016-01-15,PTBA,904.0,910.0,884.0,893.0,5357500
2016-01-18,PTBA,886.0,890.0,874.0,877.0,6007500
2016-01-19,PTBA,870.0,880.0,860.0,860.0,16396500
2016-01-20,PTBA,866.0,866.0,830.0,852.0,8564500
2016-01-21,PTBA,855.0,859.0,832.0,833.0,10903500
2016-01-22,PTBA,846.0,887.0,838.0,887.0,16867000
2016-01-25,PTBA,900.0,909.0,890.0,894.0,18591500
2016-01-26,PTBA,874.0,880.0,855.0,855.0,9593000
2016-01-27,PTBA,870.0,877.0,847.0,847.0,12312000
2016-01-28,PTBA,857.0,876.0,850.0,864.0,10553500
2016-01-29,PTBA,880.0,903.0,872.0,890.0,23085500
2016-02-01,PTBA,900.0,904.0,863.0,874.0,9448000
2016-02-02,PTBA,870.0,897.0,859.0,880.0,10110500
2016-02-03,PTBA,866.0,890.0,860.0,880.0,9917500
2016-02-04,PTBA,900.0,902.0,887.0,894.0,13675500
2016-02-05,PTBA,894.0,903.0,893.0,902.0,9658500
2016-02-09,PTBA,895.0,895.0,883.0,888.0,4638000
2016-02-10,PTBA,880.0,887.0,870.0,877.0,7303500
2016-02-11,PTBA,876.0,898.0,873.0,889.0,13691000
2016-02-12,PTBA,889.0,894.0,875.0,881.0,5643500
2016-02-15,PTBA,892.0,900.0,884.0,894.0,6120000
2016-02-16,PTBA,898.0,900.0,882.0,882.0,11966500
2016-02-17,PTBA,875.0,889.0,871.0,872.0,14643000
2016-02-18,PTBA,882.0,942.0,882.0,917.0,45164500
2016-02-19,PTBA,935.0,957.0,918.0,934.0,34090500
2016-02-22,PTBA,939.0,1075.0,935.0,1065.0,70175500
2016-02-23,PTBA,1070.0,1095.0,1005.0,1040.0,63168000
2016-02-24,PTBA,1025.0,1025.0,970.0,983.0,46172500
2016-02-25,PTBA,995.0,1005.0,953.0,953.0,27186500
2016-02-26,PTBA,960.0,1040.0,955.0,1020.0,73619000
2016-02-29,PTBA,1025.0,1070.0,1005.0,1015.0,62360000
2016-03-01,PTBA,1030.0,1055.0,1015.0,1045.0,29248500
2016-03-02,PTBA,1080.0,1110.0,1075.0,1105.0,64262500
2016-03-03,PTBA,1115.0,1170.0,1090.0,1145.0,77817500
2016-03-04,PTBA,1160.0,1185.0,1150.0,1160.0,30029000
2016-03-07,PTBA,1185.0,1300.0,1185.0,1295.0,57336500
2016-03-08,PTBA,1330.0,1380.0,1315.0,1325.0,78801000
2016-03-10,PTBA,1380.0,1380.0,1245.0,1255.0,40783000
2016-03-11,PTBA,1255.0,1255.0,1255.0,1255.0,0
2016-03-14,PTBA,1255.0,1255.0,1255.0,1255.0,0
2016-03-15,PTBA,1280.0,1280.0,1230.0,1230.0,21459000
2016-03-16,PTBA,1220.0,1285.0,1215.0,1270.0,30952500
2016-03-17,PTBA,1315.0,1405.0,1315.0,1400.0,66188000
2016-03-18,PTBA,1430.0,1445.0,1315.0,1315.0,60254000
2016-03-21,PTBA,1340.0,1380.0,1320.0,1365.0,33739500
2016-03-22,PTBA,1375.0,1395.0,1345.0,1360.0,15159500
2016-03-23,PTBA,1380.0,1380.0,1330.0,1350.0,7500500
2016-03-24,PTBA,1315.0,1330.0,1300.0,1300.0,11699000
2016-03-28,PTBA,1290.0,1325.0,1280.0,1310.0,14356500
2016-03-29,PTBA,1300.0,1305.0,1265.0,1275.0,13567000
2016-03-30,PTBA,1290.0,1295.0,1255.0,1285.0,18957000
2016-03-31,PTBA,1285.0,1285.0,1245.0,1255.0,17719500
2016-04-01,PTBA,1250.0,1270.0,1240.0,1240.0,12100500
2016-04-04,PTBA,1230.0,1290.0,1225.0,1290.0,17755000
2016-04-05,PTBA,1275.0,1285.0,1245.0,1245.0,21271500
2016-04-06,PTBA,1265.0,1340.0,1260.0,1330.0,52257000
2016-04-07,PTBA,1360.0,1365.0,1310.0,1310.0,54527500
2016-04-08,PTBA,1290.0,1330.0,1285.0,1310.0,25800500
2016-04-11,PTBA,1310.0,1310.0,1310.0,1310.0,0
2016-04-12,PTBA,1340.0,1390.0,1340.0,1385.0,35123000
2016-04-13,PTBA,1385.0,1385.0,1385.0,1385.0,0
2016-04-14,PTBA,1385.0,1385.0,1385.0,1385.0,0
2016-04-15,PTBA,1385.0,1385.0,1385.0,1385.0,0
2016-04-18,PTBA,1385.0,1385.0,1385.0,1385.0,0
2016-04-19,PTBA,1385.0,1385.0,1385.0,1385.0,0
2016-04-20,PTBA,1465.0,1530.0,1470.0,1520.0,33706500
2016-04-21,PTBA,1560.0,1560.0,1535.0,1540.0,20
2016-04-22,PTBA,1540.0,1510.0,1485.0,1500.0,20
2016-04-25,PTBA,1510.0,1515.0,1480.0,1500.0,12802500
2016-04-26,PTBA,1500.0,1500.0,1440.0,1465.0,25408000
2016-04-27,PTBA,1470.0,1495.0,1465.0,1475.0,20597000
2016-04-28,PTBA,1490.0,1500.0,1410.0,1430.0,28532500
2016-04-29,PTBA,1410.0,1430.0,1380.0,1410.0,12885000
2016-05-02,PTBA,1425.0,1450.0,1405.0,1410.0,13337000
2016-05-03,PTBA,1420.0,1430.0,1360.0,1375.0,15038000
2016-05-04,PTBA,1340.0,1360.0,1300.0,1320.0,41834500
2016-05-09,PTBA,1325.0,1335.0,1295.0,1300.0,19271000
2016-05-10,PTBA,1275.0,1300.0,1245.0,1260.0,24861000
2016-05-11,PTBA,1310.0,1325.0,1270.0,1310.0,24455500
2016-05-12,PTBA,1300.0,1360.0,1295.0,1310.0,27999500
2016-05-13,PTBA,1310.0,1325.0,1255.0,1265.0,17524500
2016-05-16,PTBA,1270.0,1290.0,1240.0,1275.0,10107500
2016-05-17,PTBA,1310.0,1340.0,1285.0,1315.0,20518500
2016-05-18,PTBA,1320.0,1335.0,1295.0,1300.0,20959000
2016-05-19,PTBA,1285.0,1290.0,1255.0,1265.0,12352000
2016-05-20,PTBA,1255.0,1275.0,1225.0,1260.0,13080000
2016-05-23,PTBA,1250.0,1300.0,1250.0,1285.0,9963500
2016-05-24,PTBA,1265.0,1285.0,1255.0,1255.0,8937500
2016-05-25,PTBA,1280.0,1320.0,1270.0,1295.0,21919000
2016-05-26,PTBA,1320.0,1345.0,1300.0,1330.0,25160500
2016-05-27,PTBA,1330.0,1340.0,1305.0,1335.0,22691500
2016-05-30,PTBA,1335.0,1360.0,1335.0,1335.0,11657500
2016-05-31,PTBA,1335.0,1350.0,1275.0,1275.0,20439500
2016-06-01,PTBA,1295.0,1330.0,1285.0,1310.0,22426000
2016-06-02,PTBA,1300.0,1395.0,1300.0,1395.0,41928000
2016-06-03,PTBA,1400.0,1435.0,1375.0,1425.0,37864000
2016-06-06,PTBA,1435.0,1485.0,1435.0,1480.0,36598000
2016-06-07,PTBA,1490.0,1570.0,1470.0,1565.0,85405000
2016-06-08,PTBA,1565.0,1610.0,1515.0,1530.0,44200000
2016-06-09,PTBA,1550.0,1615.0,1510.0,1595.0,47779500
2016-06-10,PTBA,1565.0,1600.0,1545.0,1560.0,11784000
2016-06-13,PTBA,1530.0,1540.0,1515.0,1525.0,7523500
2016-06-14,PTBA,1525.0,1555.0,1480.0,1480.0,12474500
2016-06-15,PTBA,1480.0,1525.0,1465.0,1525.0,12586000
2016-06-16,PTBA,1520.0,1525.0,1485.0,1485.0,12887500
2016-06-17,PTBA,1490.0,1505.0,1475.0,1505.0,7844000
2016-06-20,PTBA,1520.0,1605.0,1510.0,1600.0,24722000
2016-06-21,PTBA,1615.0,1655.0,1610.0,1640.0,27310000
2016-06-22,PTBA,1645.0,1660.0,1605.0,1610.0,13617500
2016-06-23,PTBA,1600.0,1620.0,1580.0,1590.0,9973000
2016-06-24,PTBA,1615.0,1635.0,1490.0,1565.0,26844500
2016-06-27,PTBA,1530.0,1570.0,1510.0,1550.0,9961000
2016-06-28,PTBA,1550.0,1585.0,1530.0,1535.0,18972500
2016-06-29,PTBA,1555.0,1585.0,1540.0,1555.0,16699000
2016-06-30,PTBA,1580.0,1585.0,1540.0,1540.0,14313500
2016-07-01,PTBA,1555.0,1600.0,1530.0,1580.0,24291500
2016-07-11,PTBA,1590.0,1660.0,1590.0,1655.0,29111000
2016-07-12,PTBA,1660.0,1755.0,1660.0,1725.0,36265000
2016-07-13,PTBA,1930.0,1935.0,1760.0,1930.0,62997500
2016-07-14,PTBA,1935.0,1955.0,1865.0,1865.0,19495000
2016-07-15,PTBA,1890.0,1960.0,1880.0,1925.0,14558500
2016-07-18,PTBA,1945.0,2020.0,1940.0,2000.0,19038000
2016-07-19,PTBA,2005.0,2055.0,1955.0,1960.0,28397000
2016-07-20,PTBA,1960.0,2075.0,1955.0,2000.0,27299000
2016-07-21,PTBA,2000.0,2035.0,1935.0,1945.0,13454000
2016-07-22,PTBA,1940.0,1970.0,1910.0,1935.0,15406000
2016-07-25,PTBA,1950.0,2030.0,1940.0,2010.0,24757000
2016-07-26,PTBA,2015.0,2040.0,1970.0,1975.0,13006500
2016-07-27,PTBA,1995.0,2015.0,1975.0,1980.0,12436000
2016-07-28,PTBA,2000.0,2045.0,1975.0,2045.0,17236500
2016-07-29,PTBA,2045.0,2060.0,1940.0,1970.0,30332000
2016-08-01,PTBA,1975.0,1990.0,1960.0,1965.0,10134500
2016-08-02,PTBA,2000.0,2050.0,1995.0,2000.0,33802500
2016-08-03,PTBA,2000.0,2095.0,1995.0,2060.0,28481000
2016-08-04,PTBA,2135.0,2180.0,2080.0,2135.0,34230000
2016-08-05,PTBA,2140.0,2170.0,2060.0,2070.0,20835500
2016-08-08,PTBA,2080.0,2085.0,2005.0,2050.0,19948000
2016-08-09,PTBA,2060.0,2115.0,2035.0,2075.0,28726000
2016-08-10,PTBA,2075.0,2080.0,2025.0,2030.0,9527500
2016-08-11,PTBA,2015.0,2065.0,1995.0,2000.0,13282500
2016-08-12,PTBA,2010.0,2050.0,1980.0,2000.0,15031500
2016-08-15,PTBA,2025.0,2025.0,1965.0,1970.0,11997500
2016-08-16,PTBA,1970.0,2050.0,1970.0,2015.0,15135000
2016-08-18,PTBA,2025.0,2090.0,2015.0,2075.0,20674000
2016-08-19,PTBA,2100.0,2100.0,2015.0,2015.0,19097000
2016-08-22,PTBA,2015.0,2040.0,1980.0,1985.0,12557500
2016-08-23,PTBA,1985.0,2015.0,1970.0,1980.0,16389500
2016-08-24,PTBA,1970.0,1985.0,1950.0,1960.0,11103000
2016-08-25,PTBA,1960.0,1975.0,1925.0,1955.0,16756500
2016-08-26,PTBA,1955.0,1955.0,1920.0,1935.0,11335500
2016-08-29,PTBA,1935.0,1935.0,1870.0,1870.0,14333500
2016-08-30,PTBA,1900.0,1910.0,1860.0,1895.0,18080000
2016-08-31,PTBA,1910.0,2000.0,1910.0,1985.0,35336000
2016-09-01,PTBA,2000.0,2010.0,1950.0,1960.0,13492500
2016-09-02,PTBA,1960.0,1965.0,1905.0,1940.0,6416000
2016-09-05,PTBA,1950.0,2005.0,1950.0,2000.0,23707500
2016-09-06,PTBA,2020.0,2040.0,2010.0,2020.0,14040500
2016-09-07,PTBA,2040.0,2090.0,2040.0,2075.0,29246500
2016-09-08,PTBA,2060.0,2060.0,1990.0,2020.0,25733500
2016-09-09,PTBA,2020.0,2045.0,2020.0,2025.0,15039500
2016-09-13,PTBA,2025.0,2025.0,1905.0,1905.0,28677000
2016-09-14,PTBA,1870.0,1875.0,1815.0,1850.0,20347000
2016-09-15,PTBA,1835.0,1935.0,1830.0,1930.0,16730000
2016-09-16,PTBA,1940.0,1965.0,1865.0,1920.0,16506500
2016-09-19,PTBA,1920.0,1950.0,1905.0,1935.0,6709000
2016-09-20,PTBA,1940.0,1940.0,1895.0,1895.0,5230000
2016-09-21,PTBA,1895.0,1970.0,1885.0,1955.0,11401000
2016-09-22,PTBA,1970.0,2020.0,1970.0,1970.0,12905500
2016-09-23,PTBA,2005.0,2010.0,1950.0,2005.0,14317500
2016-09-26,PTBA,2005.0,2005.0,1955.0,1970.0,4915500
2016-09-27,PTBA,1985.0,1985.0,1940.0,1960.0,11915500
2016-09-28,PTBA,1970.0,1970.0,1910.0,1940.0,14824000
2016-09-29,PTBA,1960.0,2015.0,1960.0,2005.0,28777000
2016-09-30,PTBA,1980.0,1995.0,1925.0,1925.0,20652000
2016-10-03,PTBA,1980.0,2005.0,1975.0,1990.0,17739500
2016-10-04,PTBA,2020.0,2080.0,2005.0,2055.0,41796500
2016-10-05,PTBA,2060.0,2075.0,2030.0,2050.0,14746500
2016-10-06,PTBA,2065.0,2150.0,2060.0,2130.0,40879000
2016-10-07,PTBA,2150.0,2180.0,2110.0,2170.0,29029000
2016-10-10,PTBA,2150.0,2285.0,2140.0,2240.0,33658000
2016-10-11,PTBA,2280.0,2355.0,2280.0,2335.0,30346500
2016-10-12,PTBA,2320.0,2375.0,2280.0,2325.0,10832500
2016-10-13,PTBA,2325.0,2350.0,2315.0,2320.0,9409000
2016-10-14,PTBA,2320.0,2360.0,2260.0,2340.0,14533500
2016-10-17,PTBA,2345.0,2485.0,2345.0,2485.0,23818000
2016-10-18,PTBA,2500.0,2620.0,2400.0,2440.0,32602500
2016-10-19,PTBA,2500.0,2520.0,2450.0,2505.0,22488500
2016-10-20,PTBA,2520.0,2535.0,2455.0,2500.0,12946500
2016-10-21,PTBA,2480.0,2495.0,2400.0,2400.0,36381500
2016-10-24,PTBA,2440.0,2455.0,2390.0,2435.0,6404500
2016-10-25,PTBA,2415.0,2470.0,2405.0,2455.0,12227500
2016-10-26,PTBA,2455.0,2560.0,2440.0,2535.0,24348500
2016-10-27,PTBA,2560.0,2585.0,2500.0,2500.0,16940000
2016-10-28,PTBA,2500.0,2520.0,2370.0,2405.0,20533500
2016-10-31,PTBA,2405.0,2405.0,2350.0,2380.0,11545000
2016-11-01,PTBA,2410.0,2555.0,2410.0,2535.0,33396500
2016-11-02,PTBA,2560.0,2735.0,2535.0,2535.0,52114000
2016-11-03,PTBA,2535.0,2540.0,2340.0,2360.0,34033000
2016-11-04,PTBA,2320.0,2515.0,2265.0,2495.0,39769000
2016-11-07,PTBA,2520.0,2620.0,2490.0,2610.0,30440000
2016-11-08,PTBA,2640.0,2675.0,2555.0,2575.0,19320000
2016-11-09,PTBA,2600.0,2605.0,2435.0,2575.0,24252000
2016-11-10,PTBA,2615.0,2715.0,2605.0,2680.0,29885000
2016-11-11,PTBA,2650.0,2755.0,2540.0,2720.0,45006500
2016-11-14,PTBA,2735.0,2735.0,2565.0,2565.0,16922000
2016-11-15,PTBA,2550.0,2575.0,2295.0,2295.0,27018000
2016-11-16,PTBA,2295.0,2520.0,2280.0,2505.0,24797000
2016-11-17,PTBA,2400.0,2490.0,2365.0,2385.0,14291000
2016-11-18,PTBA,2400.0,2400.0,2215.0,2225.0,25486000
2016-11-21,PTBA,2225.0,2275.0,2200.0,2225.0,22813000
2016-11-22,PTBA,2330.0,2340.0,2295.0,2310.0,19918000
2016-11-23,PTBA,2350.0,2400.0,2330.0,2380.0,22910500
2016-11-24,PTBA,2380.0,2385.0,2280.0,2285.0,15815000
2016-11-25,PTBA,2305.0,2360.0,2305.0,2360.0,9948000
2016-11-28,PTBA,2360.0,2360.0,2295.0,2310.0,8934500
2016-11-29,PTBA,2295.0,2335.0,2280.0,2310.0,12585000
2016-11-30,PTBA,2290.0,2375.0,2265.0,2360.0,20171000
2016-12-01,PTBA,2390.0,2440.0,2390.0,2425.0,15469000
2016-12-02,PTBA,2435.0,2515.0,2410.0,2460.0,13454000
2016-12-05,PTBA,2460.0,2720.0,2460.0,2695.0,53396500
2016-12-06,PTBA,2700.0,2725.0,2600.0,2610.0,18273500
2016-12-07,PTBA,2540.0,2575.0,2505.0,2555.0,19772500
2016-12-08,PTBA,2520.0,2565.0,2510.0,2520.0,12961000
2016-12-09,PTBA,2550.0,2585.0,2540.0,2540.0,11290000
2016-12-13,PTBA,2590.0,2605.0,2520.0,2525.0,15019500
2016-12-14,PTBA,2525.0,2555.0,2520.0,2520.0,10501000
2016-12-15,PTBA,2500.0,2565.0,2480.0,2540.0,8562500
2016-12-16,PTBA,2540.0,2590.0,2500.0,2500.0,28235000
2016-12-19,PTBA,2520.0,2540.0,2440.0,2460.0,11976500
2016-12-20,PTBA,2405.0,2490.0,2405.0,2420.0,6027500
2016-12-21,PTBA,2445.0,2485.0,2420.0,2435.0,3631000
2016-12-22,PTBA,2400.0,2435.0,2400.0,2435.0,5064000
2016-12-23,PTBA,2400.0,2430.0,2345.0,2360.0,9782000
2016-12-27,PTBA,2410.0,2420.0,2370.0,2420.0,9846000
2016-12-28,PTBA,2460.0,2460.0,2405.0,2430.0,4734000
2016-12-29,PTBA,2435.0,2520.0,2435.0,2500.0,16339500
2016-12-30,PTBA,2525.0,2535.0,2500.0,2500.0,12049000
2017-01-02,PTBA,2500.0,2500.0,2500.0,2500.0,0
2017-01-03,PTBA,2495.0,2565.0,2475.0,2555.0,10855500
2017-01-04,PTBA,2515.0,2525.0,2470.0,2475.0,14496500
2017-01-05,PTBA,2460.0,2500.0,2400.0,2410.0,12154000
2017-01-06,PTBA,2410.0,2475.0,2410.0,2455.0,11847000
2017-01-09,PTBA,2450.0,2450.0,2400.0,2405.0,14924000
2017-01-10,PTBA,2405.0,2425.0,2400.0,2410.0,6921000
2017-01-11,PTBA,2435.0,2450.0,2415.0,2420.0,13733000
2017-01-12,PTBA,2460.0,2460.0,2430.0,2440.0,8027000
2017-01-13,PTBA,2465.0,2465.0,2420.0,2455.0,6504500
2017-01-16,PTBA,2450.0,2450.0,2430.0,2440.0,2872500
2017-01-17,PTBA,2410.0,2430.0,2405.0,2415.0,4129000
2017-01-18,PTBA,2420.0,2435.0,2405.0,2410.0,5147000
2017-01-19,PTBA,2425.0,2435.0,2405.0,2405.0,5143500
2017-01-20,PTBA,2410.0,2410.0,2340.0,2360.0,6257000
2017-01-23,PTBA,2360.0,2370.0,2305.0,2340.0,7199500
2017-01-24,PTBA,2340.0,2350.0,2235.0,2260.0,10787000
2017-01-25,PTBA,2300.0,2300.0,2175.0,2195.0,19979000
2017-01-26,PTBA,2195.0,2210.0,2135.0,2160.0,18508500
2017-01-27,PTBA,2160.0,2215.0,2160.0,2165.0,15637500
2017-01-30,PTBA,2170.0,2275.0,2170.0,2265.0,15373500
2017-01-31,PTBA,2320.0,2320.0,2265.0,2320.0,15804500
2017-02-01,PTBA,2330.0,2355.0,2285.0,2340.0,13735000
2017-02-02,PTBA,2340.0,2370.0,2320.0,2320.0,9108500
2017-02-03,PTBA,2320.0,2350.0,2285.0,2350.0,9036500
2017-02-06,PTBA,2350.0,2350.0,2240.0,2240.0,21714000
2017-02-07,PTBA,2240.0,2240.0,2185.0,2200.0,16923000
2017-02-08,PTBA,2230.0,2290.0,2190.0,2280.0,26388000
2017-02-09,PTBA,2275.0,2280.0,2205.0,2215.0,13574500
2017-02-10,PTBA,2210.0,2230.0,2195.0,2200.0,11225000
2017-02-13,PTBA,2220.0,2230.0,2200.0,2215.0,9305000
2017-02-14,PTBA,2200.0,2225.0,2170.0,2185.0,9421500
2017-02-15,PTBA,2185.0,2185.0,2185.0,2185.0,0
2017-02-16,PTBA,2200.0,2215.0,2125.0,2150.0,20496000
2017-02-17,PTBA,2150.0,2160.0,2130.0,2135.0,6765500
2017-02-20,PTBA,2145.0,2220.0,2145.0,2220.0,14562000
2017-02-21,PTBA,2260.0,2280.0,2215.0,2250.0,30190500
2017-02-22,PTBA,2230.0,2265.0,2205.0,2240.0,11109500
2017-02-23,PTBA,2240.0,2270.0,2215.0,2260.0,9955000
2017-02-24,PTBA,2260.0,2275.0,2205.0,2230.0,13756000
2017-02-27,PTBA,2210.0,2260.0,2205.0,2205.0,8415500
2017-02-28,PTBA,2220.0,2240.0,2210.0,2235.0,10155500
2017-03-01,PTBA,2260.0,2260.0,2215.0,2225.0,5673000
2017-03-02,PTBA,2220.0,2255.0,2220.0,2240.0,5842500
2017-03-03,PTBA,2250.0,2250.0,2175.0,2195.0,11695000
2017-03-06,PTBA,2195.0,2205.0,2150.0,2150.0,9060500
2017-03-07,PTBA,2160.0,2220.0,2160.0,2190.0,13180000
2017-03-08,PTBA,2205.0,2215.0,2160.0,2160.0,7004500
2017-03-09,PTBA,2170.0,2170.0,2145.0,2170.0,4326000
2017-03-10,PTBA,2155.0,2155.0,2065.0,2075.0,16143000
2017-03-13,PTBA,2075.0,2090.0,2040.0,2080.0,16383500
2017-03-14,PTBA,2110.0,2185.0,2110.0,2160.0,24621000
2017-03-15,PTBA,2160.0,2190.0,2140.0,2190.0,12552000
2017-03-16,PTBA,2240.0,2295.0,2220.0,2280.0,46393000
2017-03-17,PTBA,2290.0,2320.0,2250.0,2285.0,23633000
2017-03-20,PTBA,2290.0,2315.0,2250.0,2265.0,8506000
2017-03-21,PTBA,2265.0,2295.0,2265.0,2295.0,10242500
2017-03-22,PTBA,2250.0,2315.0,2230.0,2315.0,17527000
2017-03-23,PTBA,2330.0,2370.0,2315.0,2325.0,22271000
2017-03-24,PTBA,2345.0,2365.0,2340.0,2365.0,13620500
2017-03-27,PTBA,2350.0,2385.0,2315.0,2350.0,13445000
2017-03-29,PTBA,2360.0,2470.0,2355.0,2450.0,28844500
2017-03-30,PTBA,2585.0,2590.0,2460.0,2585.0,36077000
2017-03-31,PTBA,2600.0,2670.0,2595.0,2640.0,41582500
2017-04-03,PTBA,2660.0,2695.0,2615.0,2640.0,16592500
2017-04-04,PTBA,2700.0,2840.0,2700.0,2770.0,33451500
2017-04-05,PTBA,2770.0,2770.0,2770.0,2770.0,0
2017-04-06,PTBA,2740.0,2740.0,2545.0,2570.0,57325000
2017-04-07,PTBA,2570.0,2645.0,2570.0,2620.0,13751000
2017-04-10,PTBA,2620.0,2655.0,2565.0,2605.0,16101500
2017-04-11,PTBA,2600.0,2640.0,2590.0,2595.0,9105500
2017-04-12,PTBA,2600.0,2600.0,2395.0,2395.0,16578500
2017-04-13,PTBA,2470.0,2515.0,2455.0,2500.0,12261500
2017-04-17,PTBA,2540.0,2595.0,2510.0,2565.0,7094000
2017-04-18,PTBA,2595.0,2595.0,2485.0,2520.0,15032500
2017-04-19,PTBA,2520.0,2520.0,2520.0,2520.0,0
2017-04-20,PTBA,2520.0,2575.0,2480.0,2520.0,7348000
2017-04-21,PTBA,2520.0,2545.0,2460.0,2490.0,12470500
2017-04-25,PTBA,2490.0,2545.0,2465.0,2535.0,17722000
2017-04-26,PTBA,2540.0,2565.0,2510.0,2535.0,8578500
2017-04-27,PTBA,2580.0,2585.0,2520.0,2570.0,29942500
2017-04-28,PTBA,2600.0,2615.0,2535.0,2535.0,27436000
2017-05-02,PTBA,2485.0,2520.0,2470.0,2470.0,14466500
2017-05-03,PTBA,2470.0,2510.0,2460.0,2475.0,7218500
2017-05-04,PTBA,2500.0,2500.0,2375.0,2375.0,23483500
2017-05-05,PTBA,2380.0,2395.0,2290.0,2300.0,25187500
2017-05-08,PTBA,2330.0,2370.0,2310.0,2330.0,17490500
2017-05-09,PTBA,2320.0,2340.0,2215.0,2275.0,24410000
2017-05-10,PTBA,2275.0,2280.0,2165.0,2170.0,17358000
2017-05-12,PTBA,2210.0,2210.0,2140.0,2195.0,19784500
2017-05-15,PTBA,2205.0,2230.0,2115.0,2175.0,11926500
2017-05-16,PTBA,2200.0,2230.0,2160.0,2170.0,17976000
2017-05-17,PTBA,2180.0,2190.0,2115.0,2115.0,15937500
2017-05-18,PTBA,2115.0,2200.0,2105.0,2120.0,19956500
2017-05-19,PTBA,2140.0,2185.0,2120.0,2160.0,14071000
2017-05-22,PTBA,2200.0,2210.0,2105.0,2150.0,35480000
2017-05-23,PTBA,2180.0,2195.0,2150.0,2155.0,14630500
2017-05-24,PTBA,2160.0,2170.0,2135.0,2150.0,10371000
2017-05-26,PTBA,2125.0,2170.0,2125.0,2150.0,12392500
2017-05-29,PTBA,2170.0,2170.0,2140.0,2145.0,5313000
2017-05-30,PTBA,2130.0,2155.0,2130.0,2130.0,7135500
2017-05-31,PTBA,2140.0,2180.0,2135.0,2180.0,16184500
2017-06-01,PTBA,2180.0,2180.0,2180.0,2180.0,0
2017-06-02,PTBA,2185.0,2235.0,2145.0,2160.0,24168000
2017-06-05,PTBA,2200.0,2205.0,2165.0,2165.0,19864000
2017-06-06,PTBA,2195.0,2270.0,2180.0,2210.0,52055000
2017-06-07,PTBA,2235.0,2280.0,2235.0,2275.0,22255000
2017-06-08,PTBA,2290.0,2300.0,2240.0,2240.0,17213000
2017-06-09,PTBA,2265.0,2280.0,2235.0,2250.0,11187000
2017-06-12,PTBA,2250.0,2260.0,2205.0,2210.0,6182500
2017-06-13,PTBA,2210.0,2245.0,2170.0,2240.0,12987500
2017-06-14,PTBA,2245.0,2345.0,2245.0,2310.0,31954000
2017-06-15,PTBA,2300.0,2310.0,2265.0,2280.0,8396500
2017-06-16,PTBA,2300.0,2320.0,2265.0,2280.0,28463000
2017-06-19,PTBA,2300.0,2300.0,2265.0,2285.0,5843500
2017-06-20,PTBA,2310.0,2375.0,2300.0,2370.0,27016000
2017-06-21,PTBA,2370.0,2370.0,2335.0,2370.0,14777000
2017-06-22,PTBA,2380.0,2395.0,2340.0,2390.0,30466000
2017-06-23,PTBA,2390.0,2390.0,2390.0,2390.0,0
2017-06-26,PTBA,2390.0,2390.0,2390.0,2390.0,0
2017-06-27,PTBA,2390.0,2390.0,2390.0,2390.0,0
2017-06-28,PTBA,2390.0,2390.0,2390.0,2390.0,0
2017-06-29,PTBA,2390.0,2390.0,2390.0,2390.0,0
2017-06-30,PTBA,2390.0,2390.0,2390.0,2390.0,0
2017-07-03,PTBA,2360.0,2420.0,2350.0,2410.0,19096500
2017-07-04,PTBA,2420.0,2490.0,2410.0,2480.0,20594000
2017-07-05,PTBA,2480.0,2515.0,2410.0,2420.0,22350500
2017-07-06,PTBA,2460.0,2475.0,2425.0,2450.0,11993500
2017-07-07,PTBA,2450.0,2490.0,2450.0,2480.0,12074000
2017-07-10,PTBA,2480.0,2480.0,2480.0,2480.0,0
2017-07-11,PTBA,2415.0,2445.0,2405.0,2410.0,7705500
2017-07-12,PTBA,2425.0,2500.0,2425.0,2500.0,10080500
2017-07-13,PTBA,2500.0,2515.0,2470.0,2480.0,7574500
2017-07-14,PTBA,2480.0,2500.0,2470.0,2500.0,3600500
2017-07-17,PTBA,2530.0,2600.0,2515.0,2590.0,11377000
2017-07-18,PTBA,2590.0,2590.0,2555.0,2575.0,4421500
2017-07-19,PTBA,2575.0,2650.0,2575.0,2640.0,17960500
2017-07-20,PTBA,2640.0,2675.0,2625.0,2660.0,15483000
2017-07-21,PTBA,2660.0,2665.0,2605.0,2630.0,11479500
2017-07-24,PTBA,2620.0,2620.0,2570.0,2600.0,13681000
2017-07-25,PTBA,2600.0,2620.0,2545.0,2620.0,8530500
2017-07-26,PTBA,2640.0,2655.0,2580.0,2590.0,9902000
2017-07-27,PTBA,2620.0,2620.0,2585.0,2595.0,5992500
2017-07-28,PTBA,2620.0,2640.0,2605.0,2635.0,11724000
2017-07-31,PTBA,2635.0,2670.0,2620.0,2620.0,15087500
2017-08-01,PTBA,2680.0,2725.0,2670.0,2675.0,21720000
2017-08-02,PTBA,2690.0,2710.0,2660.0,2690.0,9006000
2017-08-03,PTBA,2700.0,2705.0,2660.0,2665.0,3998000
2017-08-04,PTBA,2685.0,2720.0,2675.0,2705.0,8172500
2017-08-07,PTBA,2705.0,2775.0,2705.0,2750.0,13476000
2017-08-08,PTBA,2775.0,2795.0,2695.0,2710.0,9774000
2017-08-09,PTBA,2735.0,2735.0,2620.0,2620.0,10169000
2017-08-10,PTBA,2640.0,2700.0,2640.0,2695.0,6608000
2017-08-11,PTBA,2695.0,2695.0,2640.0,2660.0,4082500
2017-08-14,PTBA,2690.0,2690.0,2635.0,2645.0,8144500
2017-08-15,PTBA,2660.0,2670.0,2625.0,2630.0,6951500
2017-08-16,PTBA,2630.0,2640.0,2610.0,2630.0,7653000
2017-08-17,PTBA,2630.0,2630.0,2630.0,2630.0,0
2017-08-18,PTBA,2650.0,2660.0,2630.0,2630.0,6786000
2017-08-21,PTBA,2635.0,2640.0,2575.0,2580.0,11180000
2017-08-22,PTBA,2580.0,2635.0,2550.0,2620.0,12526500
2017-08-23,PTBA,2640.0,2670.0,2615.0,2630.0,6942500
2017-08-24,PTBA,2630.0,2660.0,2620.0,2640.0,4306500
2017-08-25,PTBA,2655.0,2655.0,2605.0,2620.0,4241000
2017-08-28,PTBA,2640.0,2640.0,2570.0,2575.0,6194500
2017-08-29,PTBA,2580.0,2610.0,2580.0,2595.0,4295500
2017-08-30,PTBA,2620.0,2620.0,2470.0,2485.0,24084500
2017-08-31,PTBA,2495.0,2495.0,2410.0,2475.0,23050500
2017-09-01,PTBA,2475.0,2475.0,2475.0,2475.0,0
2017-09-04,PTBA,2470.0,2475.0,2340.0,2340.0,17044000
2017-09-05,PTBA,2345.0,2435.0,2320.0,2430.0,12236500
2017-09-06,PTBA,2435.0,2465.0,2410.0,2455.0,6202000
2017-09-07,PTBA,2460.0,2475.0,2420.0,2420.0,8758500
2017-09-08,PTBA,2460.0,2495.0,2435.0,2475.0,6928500
2017-09-11,PTBA,2480.0,2505.0,2465.0,2470.0,6431500
2017-09-12,PTBA,2500.0,2515.0,2435.0,2435.0,5538500
2017-09-13,PTBA,2430.0,2430.0,2005.0,2015.0,100979500
2017-09-14,PTBA,2080.0,2165.0,1985.0,1995.0,89501500
2017-09-15,PTBA,2020.0,2030.0,1860.0,1925.0,107659500
2017-09-18,PTBA,1975.0,2085.0,1930.0,2075.0,67341000
2017-09-19,PTBA,2095.0,2110.0,2055.0,2090.0,20837500
2017-09-20,PTBA,2090.0,2105.0,2070.0,2085.0,17656000
2017-09-21,PTBA,2085.0,2085.0,2085.0,2085.0,0
2017-09-22,PTBA,2080.0,2085.0,2030.0,2055.0,9854000
2017-09-25,PTBA,2060.0,2065.0,1990.0,1995.0,15406500
2017-09-26,PTBA,1995.0,2020.0,1980.0,1980.0,6123500
2017-09-27,PTBA,1920.0,1920.0,1840.0,1845.0,53720500
2017-09-28,PTBA,1830.0,2075.0,1810.0,2000.0,109677000
2017-09-29,PTBA,2000.0,2100.0,1980.0,2090.0,49633500
2017-10-02,PTBA,2095.0,2130.0,2000.0,2010.0,24891500
2017-10-03,PTBA,2030.0,2130.0,2000.0,2120.0,42329500
2017-10-04,PTBA,2120.0,2155.0,2115.0,2130.0,24009000
2017-10-05,PTBA,2160.0,2200.0,2135.0,2165.0,37973500
2017-10-06,PTBA,2180.0,2240.0,2180.0,2220.0,34677500
2017-10-09,PTBA,2220.0,2235.0,2170.0,2200.0,12753500
2017-10-10,PTBA,2230.0,2230.0,2170.0,2170.0,10635000
2017-10-11,PTBA,2180.0,2255.0,2165.0,2255.0,27816500
2017-10-12,PTBA,2250.0,2275.0,2230.0,2240.0,12056000
2017-10-13,PTBA,2255.0,2265.0,2205.0,2215.0,14420500
2017-10-16,PTBA,2225.0,2235.0,2125.0,2130.0,21777500
2017-10-17,PTBA,2140.0,2165.0,2125.0,2150.0,15796000
2017-10-18,PTBA,2150.0,2205.0,2140.0,2185.0,21116500
2017-10-19,PTBA,2240.0,2260.0,2190.0,2200.0,18423500
2017-10-20,PTBA,2230.0,2235.0,2120.0,2120.0,36807000
2017-10-23,PTBA,2130.0,2190.0,2130.0,2140.0,17635500
2017-10-24,PTBA,2120.0,2170.0,2090.0,2160.0,23769500
2017-10-25,PTBA,2170.0,2170.0,2135.0,2145.0,7113500
2017-10-26,PTBA,2165.0,2225.0,2155.0,2205.0,29502000
2017-10-27,PTBA,2220.0,2230.0,2150.0,2185.0,15542500
2017-10-30,PTBA,2210.0,2285.0,2190.0,2285.0,38236000
2017-10-31,PTBA,2290.0,2325.0,2275.0,2295.0,42394000
2017-11-01,PTBA,2310.0,2345.0,2290.0,2335.0,15759500
2017-11-02,PTBA,2350.0,2350.0,2285.0,2315.0,9622500
2017-11-03,PTBA,2270.0,2320.0,2270.0,2310.0,7655000
2017-11-06,PTBA,2310.0,2320.0,2265.0,2280.0,14087000
2017-11-07,PTBA,2310.0,2415.0,2295.0,2410.0,40732500
2017-11-08,PTBA,2420.0,2420.0,2350.0,2350.0,21642500
2017-11-09,PTBA,2350.0,2410.0,2350.0,2360.0,14260500
2017-11-10,PTBA,2360.0,2395.0,2360.0,2375.0,6614500
2017-11-13,PTBA,2370.0,2400.0,2360.0,2400.0,6301500
2017-11-14,PTBA,2400.0,2410.0,2350.0,2360.0,13632000
2017-11-15,PTBA,2350.0,2350.0,2160.0,2245.0,50945500
2017-11-16,PTBA,2220.0,2260.0,2195.0,2225.0,27644000
2017-11-17,PTBA,2225.0,2260.0,2225.0,2240.0,15407500
2017-11-20,PTBA,2240.0,2265.0,2230.0,2235.0,7342000
2017-11-21,PTBA,2235.0,2235.0,2135.0,2155.0,22291500
2017-11-22,PTBA,2155.0,2240.0,2155.0,2210.0,14066500
2017-11-23,PTBA,2200.0,2230.0,2175.0,2180.0,6401500
2017-11-24,PTBA,2180.0,2190.0,2145.0,2160.0,9817500
2017-11-27,PTBA,2180.0,2220.0,2180.0,2180.0,11467500
2017-11-28,PTBA,2210.0,2210.0,2160.0,2170.0,12267000
2017-11-29,PTBA,2200.0,2295.0,2195.0,2250.0,29830500
2017-11-30,PTBA,2270.0,2290.0,2250.0,2250.0,20424000
2017-12-01,PTBA,2250.0,2250.0,2250.0,2250.0,0
2017-12-04,PTBA,2260.0,2315.0,2250.0,2295.0,26462500
2017-12-05,PTBA,2315.0,2315.0,2205.0,2240.0,18458000
2017-12-06,PTBA,2255.0,2260.0,2220.0,2220.0,6521500
2017-12-07,PTBA,2220.0,2250.0,2185.0,2190.0,7092000
2017-12-08,PTBA,2200.0,2235.0,2175.0,2210.0,9609000
2017-12-11,PTBA,2220.0,2225.0,2160.0,2185.0,10623000
2017-12-12,PTBA,2185.0,2210.0,2185.0,2200.0,10400000
2017-12-13,PTBA,2220.0,2255.0,2220.0,2240.0,121137500
2017-12-14,PTBA,2260.0,2290.0,2230.0,2240.0,17020600
2017-12-15,PTBA,2250.0,2290.0,2240.0,2280.0,12516000
2017-12-18,PTBA,2290.0,2290.0,2240.0,2260.0,10645100
2017-12-19,PTBA,2260.0,2490.0,2260.0,2460.0,79232400
2017-12-20,PTBA,2460.0,2490.0,2410.0,2460.0,46183200
2017-12-21,PTBA,2440.0,2570.0,2440.0,2550.0,59619100
2017-12-22,PTBA,2540.0,2590.0,2520.0,2520.0,25920200
2017-12-25,PTBA,2520.0,2520.0,2520.0,2520.0,0
2017-12-26,PTBA,2520.0,2520.0,2520.0,2520.0,0
2017-12-27,PTBA,2520.0,2580.0,2500.0,2510.0,20194800
2017-12-28,PTBA,2520.0,2540.0,2490.0,2500.0,13912700
2017-12-29,PTBA,2510.0,2510.0,2450.0,2460.0,16900100
2018-01-01,PTBA,2460.0,2460.0,2460.0,2460.0,0
2018-01-02,PTBA,2470.0,2530.0,2460.0,2500.0,22905300
2018-01-03,PTBA,2500.0,2550.0,2430.0,2440.0,29528800
2018-01-04,PTBA,2450.0,2510.0,2450.0,2480.0,31256700
2018-01-05,PTBA,2500.0,2620.0,2500.0,2610.0,63472900
2018-01-08,PTBA,2630.0,2670.0,2590.0,2670.0,38304300
2018-01-09,PTBA,2690.0,2780.0,2670.0,2730.0,50899300
2018-01-10,PTBA,2730.0,2750.0,2700.0,2720.0,24974300
2018-01-11,PTBA,2720.0,2820.0,2700.0,2800.0,50492000
2018-01-12,PTBA,2800.0,2900.0,2800.0,2890.0,31830300
2018-01-15,PTBA,2910.0,3050.0,2900.0,3030.0,33808600
2018-01-16,PTBA,3050.0,3100.0,2950.0,3060.0,29814600
2018-01-17,PTBA,3040.0,3060.0,3010.0,3020.0,20336900
2018-01-18,PTBA,3030.0,3060.0,3020.0,3040.0,17858500
2018-01-19,PTBA,3060.0,3170.0,3040.0,3120.0,33179700
2018-01-22,PTBA,3160.0,3330.0,3120.0,3300.0,45054500
2018-01-23,PTBA,3310.0,3390.0,3310.0,3320.0,47668100
2018-01-24,PTBA,3350.0,3360.0,3230.0,3330.0,36426500
2018-01-25,PTBA,3360.0,3380.0,3320.0,3340.0,40008900
2018-01-26,PTBA,3340.0,3370.0,3290.0,3330.0,31706200
2018-01-29,PTBA,3320.0,3440.0,3320.0,3430.0,69800200
2018-01-30,PTBA,3430.0,3480.0,3270.0,3400.0,65155900
2018-01-31,PTBA,3370.0,3430.0,3320.0,3400.0,36172700
2018-02-01,PTBA,3380.0,3430.0,3310.0,3340.0,42603600
2018-02-02,PTBA,3340.0,3340.0,3180.0,3300.0,63009400
2018-02-05,PTBA,3250.0,3330.0,3220.0,3300.0,41271500
2018-02-06,PTBA,3260.0,3260.0,3090.0,3170.0,37651800
2018-02-07,PTBA,3200.0,3250.0,3140.0,3170.0,16980100
2018-02-08,PTBA,3170.0,3220.0,3110.0,3130.0,16982200
2018-02-09,PTBA,3100.0,3100.0,3020.0,3050.0,16681000
2018-02-12,PTBA,3100.0,3110.0,3060.0,3090.0,14238400
2018-02-13,PTBA,3150.0,3320.0,3120.0,3270.0,64682100
2018-02-14,PTBA,3320.0,3340.0,3220.0,3230.0,41812300
2018-02-15,PTBA,3250.0,3270.0,3210.0,3240.0,20886100
2018-02-16,PTBA,3240.0,3240.0,3240.0,3240.0,0
2018-02-19,PTBA,3250.0,3340.0,3240.0,3320.0,28026700
2018-02-20,PTBA,3340.0,3380.0,3310.0,3330.0,33912200
2018-02-21,PTBA,3360.0,3390.0,3340.0,3380.0,24226400
2018-02-22,PTBA,3370.0,3400.0,3340.0,3360.0,10688100
2018-02-23,PTBA,3380.0,3420.0,3370.0,3400.0,25570600
2018-02-26,PTBA,3400.0,3430.0,3230.0,3240.0,22774300
2018-02-27,PTBA,3240.0,3260.0,3100.0,3110.0,34596900
2018-02-28,PTBA,3150.0,3190.0,3130.0,3170.0,33959800
2018-03-01,PTBA,3170.0,3240.0,3130.0,3170.0,22108900
2018-03-02,PTBA,3150.0,3150.0,3060.0,3070.0,21078300
2018-03-05,PTBA,3130.0,3130.0,3080.0,3090.0,10911900
2018-03-06,PTBA,3110.0,3130.0,3050.0,3050.0,13366200
2018-03-07,PTBA,3100.0,3100.0,2910.0,2930.0,22734900
2018-03-08,PTBA,2970.0,2970.0,2740.0,2800.0,53460300
2018-03-09,PTBA,2790.0,2890.0,2660.0,2890.0,85692200
2018-03-12,PTBA,2950.0,3060.0,2940.0,3000.0,67077600
2018-03-13,PTBA,3020.0,3030.0,2900.0,2930.0,29446200
2018-03-14,PTBA,2900.0,2950.0,2840.0,2850.0,28915700
2018-03-15,PTBA,2830.0,2920.0,2750.0,2790.0,32357700
2018-03-16,PTBA,2790.0,2840.0,2760.0,2810.0,33017500
2018-03-19,PTBA,2820.0,2900.0,2790.0,2840.0,15224900
2018-03-20,PTBA,2840.0,2890.0,2760.0,2870.0,15885000
2018-03-21,PTBA,2900.0,2920.0,2880.0,2880.0,15905800
2018-03-22,PTBA,2900.0,2940.0,2880.0,2890.0,13129200
2018-03-23,PTBA,2790.0,2890.0,2760.0,2890.0,12339200
2018-03-26,PTBA,2870.0,2940.0,2850.0,2930.0,21131500
2018-03-27,PTBA,2950.0,2980.0,2930.0,2950.0,16978200
2018-03-28,PTBA,2900.0,2980.0,2890.0,2910.0,16657900
2018-03-29,PTBA,2870.0,2970.0,2870.0,2940.0,14023000
2018-03-30,PTBA,2940.0,2940.0,2940.0,2940.0,0
2018-04-02,PTBA,2950.0,3090.0,2950.0,3060.0,26837500
2018-04-03,PTBA,3000.0,3120.0,2990.0,3090.0,24676300
2018-04-04,PTBA,3100.0,3150.0,3010.0,3050.0,24110000
2018-04-05,PTBA,3100.0,3230.0,3100.0,3230.0,34597300
2018-04-06,PTBA,3240.0,3270.0,3170.0,3180.0,19702600
2018-04-09,PTBA,3190.0,3240.0,3170.0,3210.0,18093900
2018-04-10,PTBA,3220.0,3300.0,3200.0,3300.0,26943900
2018-04-11,PTBA,3320.0,3570.0,3300.0,3420.0,121675600
2018-04-12,PTBA,3450.0,3510.0,3420.0,3420.0,44261100
2018-04-13,PTBA,3450.0,3460.0,3410.0,3430.0,25169400
2018-04-16,PTBA,3430.0,3430.0,3430.0,3430.0,0
2018-04-17,PTBA,3430.0,3430.0,3430.0,3430.0,0
2018-04-18,PTBA,3500.0,3530.0,3460.0,3480.0,63977900
2018-04-19,PTBA,3480.0,3480.0,3480.0,3480.0,0
2018-04-20,PTBA,3480.0,3480.0,3480.0,3480.0,0
2018-04-23,PTBA,3370.0,3400.0,3340.0,3350.0,28666700
2018-04-24,PTBA,3370.0,3370.0,3280.0,3330.0,19411100
2018-04-25,PTBA,3330.0,3330.0,3330.0,3330.0,0
2018-04-26,PTBA,3330.0,3330.0,3330.0,3330.0,0
2018-04-27,PTBA,3330.0,3330.0,3330.0,3330.0,0
2018-04-30,PTBA,3180.0,3250.0,3160.0,3240.0,32573800
2018-05-01,PTBA,3240.0,3240.0,3240.0,3240.0,0
2018-05-02,PTBA,3290.0,3440.0,3280.0,3430.0,33905400
2018-05-03,PTBA,3430.0,3430.0,3260.0,3280.0,28449500
2018-05-04,PTBA,3350.0,3390.0,3230.0,3350.0,18293600
2018-05-07,PTBA,3350.0,3410.0,3260.0,3270.0,16270400
2018-05-08,PTBA,3260.0,3300.0,3170.0,3260.0,12413100
2018-05-09,PTBA,3260.0,3450.0,3220.0,3430.0,33053500
2018-05-10,PTBA,3430.0,3430.0,3430.0,3430.0,0
2018-05-11,PTBA,3450.0,3520.0,3430.0,3450.0,25028400
2018-05-14,PTBA,3450.0,3560.0,3400.0,3560.0,33819700
2018-05-15,PTBA,3580.0,3590.0,3460.0,3530.0,34699300
2018-05-16,PTBA,3500.0,3560.0,3450.0,3500.0,23301800
2018-05-17,PTBA,3530.0,3590.0,3510.0,3550.0,30675900
2018-05-18,PTBA,3560.0,3740.0,3530.0,3690.0,53990000
2018-05-21,PTBA,3680.0,3860.0,3670.0,3830.0,44817000
2018-05-22,PTBA,3860.0,3950.0,3760.0,3790.0,43277100
2018-05-23,PTBA,3790.0,3870.0,3720.0,3770.0,45281600
2018-05-24,PTBA,3750.0,3840.0,3730.0,3760.0,47310400
2018-05-25,PTBA,3790.0,3880.0,3740.0,3750.0,51245100
2018-05-28,PTBA,3750.0,3780.0,3640.0,3660.0,28734900
2018-05-29,PTBA,3660.0,3660.0,3660.0,3660.0,0
2018-05-30,PTBA,3660.0,3850.0,3660.0,3780.0,81247500
2018-05-31,PTBA,3830.0,3860.0,3780.0,3800.0,40076300
2018-06-01,PTBA,3800.0,3800.0,3800.0,3800.0,0
2018-06-04,PTBA,3830.0,3970.0,3830.0,3960.0,59256200
2018-06-05,PTBA,4000.0,4120.0,3990.0,4000.0,62334700
2018-06-06,PTBA,4030.0,4040.0,3900.0,3910.0,27261200
2018-06-07,PTBA,3950.0,4000.0,3910.0,3940.0,27420400
2018-06-08,PTBA,4020.0,4100.0,3980.0,4070.0,46079200
2018-06-11,PTBA,4070.0,4070.0,4070.0,4070.0,0
2018-06-12,PTBA,4070.0,4070.0,4070.0,4070.0,0
2018-06-13,PTBA,4070.0,4070.0,4070.0,4070.0,0
2018-06-14,PTBA,4070.0,4070.0,4070.0,4070.0,0
2018-06-15,PTBA,4070.0,4070.0,4070.0,4070.0,0
2018-06-18,PTBA,4070.0,4070.0,4070.0,4070.0,0
2018-06-19,PTBA,4070.0,4070.0,4070.0,4070.0,0
2018-06-20,PTBA,4050.0,4240.0,4030.0,4240.0,58511600
2018-06-21,PTBA,4270.0,4280.0,4070.0,4100.0,24215800
2018-06-22,PTBA,4100.0,4150.0,3990.0,4150.0,22123000
2018-06-25,PTBA,4250.0,4250.0,4080.0,4130.0,23189800
2018-06-26,PTBA,4130.0,4190.0,4080.0,4100.0,11509800
2018-06-27,PTBA,4170.0,4170.0,4000.0,4040.0,37884900
2018-06-28,PTBA,4040.0,4100.0,3750.0,3840.0,35209900
2018-06-29,PTBA,3880.0,4000.0,3840.0,3970.0,32722700
2018-07-02,PTBA,4000.0,4110.0,3910.0,4000.0,24171200
2018-07-03,PTBA,4080.0,4090.0,3950.0,4000.0,23568600
2018-07-04,PTBA,4040.0,4050.0,3940.0,4000.0,14089400
2018-07-05,PTBA,4030.0,4050.0,3960.0,4000.0,27873000
2018-07-06,PTBA,4030.0,4060.0,3910.0,3950.0,25122400
2018-07-09,PTBA,3990.0,4040.0,3960.0,4000.0,18080300
2018-07-10,PTBA,4010.0,4090.0,3980.0,3990.0,24437600
2018-07-11,PTBA,4000.0,4080.0,3990.0,4070.0,29899000
2018-07-12,PTBA,4080.0,4260.0,4070.0,4230.0,49301600
2018-07-13,PTBA,4300.0,4300.0,4160.0,4170.0,37962000
2018-07-16,PTBA,4190.0,4290.0,4180.0,4240.0,34479900
2018-07-17,PTBA,4250.0,4410.0,4250.0,4380.0,49660900
2018-07-18,PTBA,4450.0,4450.0,4310.0,4330.0,36878200
2018-07-19,PTBA,4370.0,4450.0,4360.0,4400.0,31058600
2018-07-20,PTBA,4430.0,4440.0,4230.0,4260.0,21604200
2018-07-23,PTBA,4260.0,4410.0,4230.0,4310.0,53583800
2018-07-24,PTBA,4310.0,4350.0,4220.0,4240.0,18294300
2018-07-25,PTBA,4240.0,4330.0,4240.0,4320.0,19731200
2018-07-26,PTBA,4350.0,4430.0,4330.0,4430.0,39352200
2018-07-27,PTBA,4440.0,4600.0,4420.0,4600.0,48018800
2018-07-30,PTBA,4600.0,4630.0,4270.0,4360.0,93903300
2018-07-31,PTBA,4400.0,4480.0,4310.0,4480.0,63878500
2018-08-01,PTBA,4500.0,4540.0,4410.0,4540.0,37044300
2018-08-02,PTBA,4540.0,4540.0,4460.0,4490.0,21721700
2018-08-03,PTBA,4490.0,4550.0,4470.0,4500.0,29213500
2018-08-06,PTBA,4540.0,4600.0,4510.0,4580.0,22559300
2018-08-07,PTBA,4610.0,4840.0,4580.0,4780.0,37076700
2018-08-08,PTBA,4740.0,4870.0,4730.0,4810.0,27973700
2018-08-09,PTBA,4810.0,4840.0,4740.0,4800.0,17356100
2018-08-10,PTBA,4850.0,4940.0,4830.0,4890.0,20050200
2018-08-13,PTBA,4870.0,4870.0,4640.0,4850.0,29644100
2018-08-14,PTBA,4660.0,4690.0,4100.0,4160.0,160956200
2018-08-15,PTBA,4160.0,4240.0,4000.0,4030.0,69077500
2018-08-16,PTBA,4000.0,4220.0,3980.0,4120.0,51023400
2018-08-17,PTBA,4120.0,4120.0,4120.0,4120.0,0
2018-08-20,PTBA,4130.0,4310.0,4130.0,4260.0,44262600
2018-08-21,PTBA,4280.0,4300.0,4110.0,4120.0,56123300
2018-08-22,PTBA,4120.0,4120.0,4120.0,4120.0,0
2018-08-23,PTBA,4150.0,4170.0,4030.0,4040.0,36131300
2018-08-24,PTBA,4050.0,4130.0,4010.0,4070.0,24379400
2018-08-27,PTBA,4130.0,4170.0,4060.0,4060.0,30642100
2018-08-28,PTBA,4100.0,4180.0,4070.0,4140.0,34660900
2018-08-29,PTBA,4160.0,4180.0,4130.0,4150.0,24666200
2018-08-30,PTBA,4200.0,4260.0,4150.0,4160.0,38205900
2018-08-31,PTBA,4140.0,4140.0,4030.0,4050.0,109255600
2018-09-03,PTBA,4090.0,4120.0,4030.0,4100.0,28891600
2018-09-04,PTBA,4100.0,4130.0,4000.0,4000.0,22298400
2018-09-05,PTBA,3980.0,3990.0,3720.0,3790.0,53173400
2018-09-06,PTBA,3810.0,3890.0,3730.0,3810.0,57015300
2018-09-07,PTBA,3810.0,3820.0,3760.0,3770.0,39546200
2018-09-10,PTBA,3810.0,3810.0,3710.0,3720.0,35224600
2018-09-11,PTBA,3720.0,3720.0,3720.0,3720.0,0
2018-09-12,PTBA,3770.0,3940.0,3750.0,3940.0,81377800
2018-09-13,PTBA,3960.0,3990.0,3900.0,3970.0,28861100
2018-09-14,PTBA,3970.0,4010.0,3900.0,3970.0,22781000
2018-09-17,PTBA,3970.0,3980.0,3890.0,3930.0,13694100
2018-09-18,PTBA,3960.0,4130.0,3930.0,4130.0,47601600
2018-09-19,PTBA,4110.0,4170.0,4100.0,4140.0,30723200
2018-09-20,PTBA,4150.0,4170.0,4130.0,4160.0,25321200
2018-09-21,PTBA,4180.0,4200.0,4140.0,4170.0,20881200
2018-09-24,PTBA,4170.0,4180.0,4110.0,4120.0,6572000
2018-09-25,PTBA,4040.0,4170.0,4040.0,4130.0,13013000
2018-09-26,PTBA,4150.0,4170.0,4100.0,4110.0,11987600
2018-09-27,PTBA,4130.0,4170.0,4110.0,4160.0,13987600
2018-09-28,PTBA,4190.0,4350.0,4180.0,4320.0,63262300
2018-10-01,PTBA,4330.0,4450.0,4330.0,4400.0,30505300
2018-10-02,PTBA,4440.0,4740.0,4410.0,4590.0,68013600
2018-10-03,PTBA,4590.0,4730.0,4590.0,4660.0,31540000
2018-10-04,PTBA,4650.0,4740.0,4600.0,4710.0,33505200
2018-10-05,PTBA,4700.0,4790.0,4640.0,4740.0,27384900
2018-10-08,PTBA,4750.0,4780.0,4670.0,4690.0,14236800
2018-10-09,PTBA,4670.0,4680.0,4500.0,4500.0,14837700
2018-10-10,PTBA,4500.0,4620.0,4500.0,4540.0,23170800
2018-10-11,PTBA,4400.0,4560.0,4360.0,4470.0,23564100
2018-10-12,PTBA,4500.0,4600.0,4500.0,4560.0,29412800
2018-10-15,PTBA,4570.0,4610.0,4440.0,4440.0,20091100
2018-10-16,PTBA,4440.0,4480.0,4310.0,4390.0,23007900
2018-10-17,PTBA,4450.0,4600.0,4430.0,4500.0,42250800
2018-10-18,PTBA,4510.0,4590.0,4480.0,4490.0,18713200
2018-10-19,PTBA,4490.0,4580.0,4490.0,4540.0,20393400
2018-10-22,PTBA,4570.0,4660.0,4560.0,4610.0,27245400
2018-10-23,PTBA,4600.0,4640.0,4510.0,4510.0,23360300
2018-10-24,PTBA,4510.0,4520.0,4290.0,4300.0,27168800
2018-10-25,PTBA,4190.0,4490.0,4160.0,4490.0,25579100
2018-10-26,PTBA,4470.0,4490.0,4250.0,4250.0,32077600
2018-10-29,PTBA,4250.0,4320.0,4180.0,4190.0,27864700
2018-10-30,PTBA,4190.0,4250.0,4140.0,4190.0,13300900
2018-10-31,PTBA,4240.0,4300.0,4210.0,4250.0,19530400
2018-11-01,PTBA,4250.0,4300.0,4220.0,4230.0,11951200
2018-11-02,PTBA,4220.0,4250.0,4180.0,4200.0,10915900
2018-11-05,PTBA,4190.0,4400.0,4180.0,4390.0,31859800
2018-11-06,PTBA,4410.0,4480.0,4410.0,4450.0,30680100
2018-11-07,PTBA,4470.0,4480.0,4410.0,4470.0,17824800
2018-11-08,PTBA,4520.0,4550.0,4470.0,4470.0,25794600
2018-11-09,PTBA,4470.0,4490.0,4330.0,4330.0,15214600
2018-11-12,PTBA,4370.0,4530.0,4360.0,4420.0,24190400
2018-11-13,PTBA,4450.0,4650.0,4440.0,4650.0,44704500
2018-11-14,PTBA,4750.0,4920.0,4740.0,4880.0,96979200
2018-11-15,PTBA,4950.0,5025.0,4700.0,4700.0,59573300
2018-11-16,PTBA,4720.0,4830.0,4680.0,4740.0,24047500
2018-11-19,PTBA,4740.0,4780.0,4660.0,4660.0,23279200
2018-11-20,PTBA,4660.0,4660.0,4660.0,4660.0,0
2018-11-21,PTBA,4610.0,4720.0,4240.0,4350.0,65978300
2018-11-22,PTBA,4390.0,4430.0,4190.0,4220.0,44667700
2018-11-23,PTBA,4250.0,4370.0,4240.0,4310.0,37523600
2018-11-26,PTBA,4320.0,4330.0,3930.0,3940.0,90097500
2018-11-27,PTBA,3960.0,4030.0,3850.0,3870.0,61331700
2018-11-28,PTBA,3920.0,4050.0,3910.0,3990.0,63465800
2018-11-29,PTBA,4060.0,4140.0,4060.0,4140.0,67164700
2018-11-30,PTBA,4150.0,4170.0,3940.0,4020.0,248474300
2018-12-03,PTBA,4080.0,4100.0,3950.0,3960.0,51990700
2018-12-04,PTBA,3990.0,4050.0,3920.0,4000.0,45990900
2018-12-05,PTBA,3950.0,4040.0,3910.0,3950.0,30515400
2018-12-06,PTBA,3910.0,4080.0,3910.0,4080.0,47642100
2018-12-07,PTBA,4090.0,4090.0,3960.0,3990.0,25615100
2018-12-10,PTBA,3970.0,4020.0,3920.0,4020.0,32151600
2018-12-11,PTBA,4020.0,4280.0,3990.0,4280.0,66827000
2018-12-12,PTBA,4300.0,4330.0,4190.0,4310.0,41563400
2018-12-13,PTBA,4350.0,4520.0,4340.0,4500.0,59699500
2018-12-14,PTBA,4490.0,4490.0,4370.0,4460.0,21022800
2018-12-17,PTBA,4480.0,4490.0,4330.0,4390.0,12981600
2018-12-18,PTBA,4360.0,4360.0,4220.0,4230.0,21918600
2018-12-19,PTBA,4230.0,4270.0,4160.0,4220.0,23695800
2018-12-20,PTBA,4220.0,4290.0,4220.0,4270.0,10561700
2018-12-21,PTBA,4220.0,4290.0,4220.0,4230.0,14891400
2018-12-24,PTBA,4230.0,4230.0,4230.0,4230.0,0
2018-12-25,PTBA,4230.0,4230.0,4230.0,4230.0,0
2018-12-26,PTBA,4210.0,4300.0,4210.0,4290.0,9515600
2018-12-27,PTBA,4350.0,4370.0,4280.0,4290.0,10801300
2018-12-28,PTBA,4290.0,4340.0,4250.0,4300.0,13908200
2018-12-31,PTBA,4300.0,4300.0,4300.0,4300.0,0
2019-01-01,PTBA,4300.0,4300.0,4300.0,4300.0,0
2019-01-02,PTBA,4320.0,4320.0,4220.0,4240.0,5920600
2019-01-03,PTBA,4180.0,4240.0,4150.0,4160.0,16436300
2019-01-04,PTBA,4160.0,4390.0,4120.0,4380.0,25670400
2019-01-07,PTBA,4410.0,4450.0,4360.0,4400.0,18429000
2019-01-08,PTBA,4420.0,4420.0,4310.0,4370.0,10791700
2019-01-09,PTBA,4400.0,4420.0,4330.0,4330.0,13994100
2019-01-10,PTBA,4350.0,4370.0,4260.0,4290.0,17745200
2019-01-11,PTBA,4290.0,4340.0,4280.0,4330.0,13298400
2019-01-14,PTBA,4370.0,4390.0,4320.0,4390.0,14094100
2019-01-15,PTBA,4400.0,4400.0,4340.0,4380.0,16836700
2019-01-16,PTBA,4400.0,4420.0,4370.0,4380.0,13923600
2019-01-17,PTBA,4410.0,4500.0,4410.0,4450.0,38360000
2019-01-18,PTBA,4450.0,4510.0,4450.0,4470.0,22593300
2019-01-21,PTBA,4500.0,4510.0,4460.0,4470.0,12099600
2019-01-22,PTBA,4460.0,4460.0,4300.0,4420.0,10041300
2019-01-23,PTBA,4330.0,4420.0,4330.0,4390.0,10107200
2019-01-24,PTBA,4390.0,4420.0,4350.0,4390.0,9429000
2019-01-25,PTBA,4400.0,4420.0,4360.0,4370.0,5444000
2019-01-28,PTBA,4380.0,4440.0,4350.0,4350.0,14585000
2019-01-29,PTBA,4360.0,4470.0,4360.0,4380.0,14647800
2019-01-30,PTBA,4380.0,4390.0,4300.0,4300.0,22200200
2019-01-31,PTBA,4300.0,4370.0,4300.0,4310.0,21052100
2019-02-01,PTBA,4310.0,4360.0,4310.0,4320.0,10496900
2019-02-04,PTBA,4320.0,4350.0,4220.0,4240.0,17761000
2019-02-05,PTBA,4240.0,4240.0,4240.0,4240.0,0
2019-02-06,PTBA,4260.0,4330.0,4250.0,4290.0,10841300
2019-02-07,PTBA,4340.0,4340.0,4290.0,4310.0,6551200
2019-02-08,PTBA,4310.0,4320.0,4270.0,4300.0,9321800
2019-02-11,PTBA,4260.0,4290.0,4250.0,4260.0,5431800
2019-02-12,PTBA,4300.0,4310.0,4110.0,4190.0,10790000
2019-02-13,PTBA,4240.0,4280.0,4080.0,4120.0,17535900
2019-02-14,PTBA,4150.0,4190.0,4020.0,4050.0,11820200
2019-02-15,PTBA,4050.0,4080.0,3930.0,3980.0,13945700
2019-02-18,PTBA,4020.0,4040.0,3960.0,3980.0,12340700
2019-02-19,PTBA,4030.0,4240.0,4020.0,4200.0,25487000
2019-02-20,PTBA,4210.0,4240.0,4110.0,4160.0,22225400
2019-02-21,PTBA,4200.0,4230.0,4160.0,4200.0,25676300
2019-02-22,PTBA,4200.0,4220.0,4110.0,4130.0,13983400
2019-02-25,PTBA,4170.0,4180.0,4130.0,4130.0,7772900
2019-02-26,PTBA,4160.0,4160.0,4080.0,4150.0,10342700
2019-02-27,PTBA,4140.0,4160.0,4100.0,4100.0,12771900
2019-02-28,PTBA,4100.0,4130.0,3970.0,3980.0,18995700
2019-03-01,PTBA,3970.0,4050.0,3970.0,4040.0,10162500
2019-03-04,PTBA,4070.0,4110.0,4050.0,4060.0,12983500
2019-03-05,PTBA,4050.0,4070.0,3970.0,3970.0,14203400
2019-03-06,PTBA,3980.0,4040.0,3960.0,4040.0,10901200
2019-03-07,PTBA,4040.0,4040.0,4040.0,4040.0,0
2019-03-08,PTBA,4010.0,4070.0,3990.0,4000.0,11833300
2019-03-11,PTBA,4030.0,4050.0,3970.0,4020.0,8611500
2019-03-12,PTBA,4030.0,4030.0,3980.0,3990.0,7039600
2019-03-13,PTBA,4040.0,4040.0,4010.0,4020.0,6046800
2019-03-14,PTBA,4020.0,4040.0,4000.0,4020.0,7374500
2019-03-15,PTBA,4020.0,4060.0,4010.0,4050.0,17600200
2019-03-18,PTBA,4020.0,4080.0,4020.0,4050.0,8162500
2019-03-19,PTBA,4040.0,4060.0,4020.0,4020.0,9037600
2019-03-20,PTBA,4000.0,4050.0,4000.0,4020.0,8733800
2019-03-21,PTBA,4060.0,4060.0,4020.0,4040.0,7417300
2019-03-22,PTBA,4020.0,4090.0,4020.0,4080.0,10320600
2019-03-25,PTBA,4070.0,4160.0,4060.0,4140.0,15175700
2019-03-26,PTBA,4180.0,4240.0,4160.0,4240.0,19100600
2019-03-27,PTBA,4250.0,4260.0,4090.0,4120.0,13590300
2019-03-28,PTBA,4050.0,4180.0,4050.0,4160.0,9870100
2019-03-29,PTBA,4140.0,4230.0,4100.0,4210.0,12882500
2019-04-01,PTBA,4240.0,4250.0,4190.0,4200.0,7709000
2019-04-02,PTBA,4220.0,4250.0,4170.0,4170.0,5149200
2019-04-03,PTBA,4170.0,4170.0,4170.0,4170.0,0
2019-04-04,PTBA,4180.0,4190.0,4040.0,4040.0,21427600
2019-04-05,PTBA,4100.0,4110.0,3980.0,4020.0,13730200
2019-04-08,PTBA,4020.0,4080.0,4000.0,4040.0,11642600
2019-04-09,PTBA,4100.0,4110.0,4040.0,4070.0,6002700
2019-04-10,PTBA,4010.0,4070.0,4010.0,4010.0,9264700
2019-04-11,PTBA,4010.0,4040.0,4000.0,4010.0,3931800
2019-04-12,PTBA,4040.0,4040.0,4010.0,4030.0,4407200
2019-04-15,PTBA,4030.0,4030.0,3970.0,3970.0,13128300
2019-04-16,PTBA,4000.0,4000.0,3950.0,3980.0,12290400
2019-04-17,PTBA,3980.0,3980.0,3980.0,3980.0,0
2019-04-18,PTBA,4020.0,4030.0,3940.0,3950.0,13862800
2019-04-19,PTBA,3950.0,3950.0,3950.0,3950.0,0
2019-04-22,PTBA,3980.0,4050.0,3970.0,4050.0,9967500
2019-04-23,PTBA,4070.0,4090.0,4030.0,4050.0,12470500
2019-04-24,PTBA,4050.0,4150.0,4040.0,4130.0,24595100
2019-04-25,PTBA,4140.0,4150.0,4010.0,4030.0,51970600
2019-04-26,PTBA,4040.0,4050.0,3990.0,4020.0,23691500
2019-04-29,PTBA,4020.0,4020.0,3930.0,3950.0,22089900
2019-04-30,PTBA,3950.0,3990.0,3940.0,3960.0,24542500
2019-05-01,PTBA,3960.0,3960.0,3960.0,3960.0,0
2019-05-02,PTBA,3960.0,4000.0,3930.0,3940.0,15633000
2019-05-03,PTBA,3920.0,3940.0,3770.0,3790.0,43590200
2019-05-06,PTBA,3710.0,3830.0,3700.0,3790.0,19066900
2019-05-07,PTBA,3600.0,3600.0,3380.0,3400.0,78132400
2019-05-08,PTBA,3210.0,3290.0,3150.0,3190.0,124110500
2019-05-09,PTBA,3210.0,3260.0,3110.0,3110.0,65673700
2019-05-10,PTBA,3150.0,3190.0,3030.0,3080.0,37161200
2019-05-13,PTBA,3080.0,3120.0,2940.0,2940.0,46174800
2019-05-14,PTBA,2900.0,3050.0,2870.0,3050.0,55003800
2019-05-15,PTBA,3080.0,3090.0,2900.0,2900.0,35715000
2019-05-16,PTBA,2900.0,2940.0,2810.0,2810.0,30683700
2019-05-17,PTBA,2810.0,2840.0,2750.0,2750.0,36491200
2019-05-20,PTBA,2750.0,2860.0,2720.0,2810.0,48074300
2019-05-21,PTBA,2830.0,2880.0,2810.0,2810.0,35060000
2019-05-22,PTBA,2810.0,2870.0,2800.0,2850.0,23406500
2019-05-23,PTBA,2860.0,2920.0,2860.0,2880.0,44323400
2019-05-24,PTBA,2900.0,2900.0,2840.0,2880.0,31992900
2019-05-27,PTBA,2890.0,2920.0,2870.0,2880.0,20297400
2019-05-28,PTBA,2890.0,3020.0,2890.0,3000.0,63191500
2019-05-29,PTBA,3000.0,3030.0,2960.0,3000.0,27637200
2019-05-30,PTBA,3000.0,3000.0,3000.0,3000.0,0
2019-05-31,PTBA,2990.0,3080.0,2980.0,3060.0,42958800
2019-06-03,PTBA,3060.0,3060.0,3060.0,3060.0,0
2019-06-04,PTBA,3060.0,3060.0,3060.0,3060.0,0
2019-06-05,PTBA,3060.0,3060.0,3060.0,3060.0,0
2019-06-06,PTBA,3060.0,3060.0,3060.0,3060.0,0
2019-06-07,PTBA,3060.0,3060.0,3060.0,3060.0,0
2019-06-10,PTBA,3080.0,3090.0,2930.0,2940.0,70543500
2019-06-11,PTBA,2940.0,2980.0,2900.0,2930.0,30082300
2019-06-12,PTBA,2930.0,2940.0,2870.0,2880.0,45497800
2019-06-13,PTBA,2850.0,2890.0,2830.0,2840.0,36078500
2019-06-14,PTBA,2850.0,2880.0,2830.0,2830.0,29226200
2019-06-17,PTBA,2840.0,2860.0,2820.0,2820.0,16575500
2019-06-18,PTBA,2840.0,2890.0,2830.0,2880.0,28509100
2019-06-20,PTBA,2950.0,2960.0,2920.0,2920.0,17671700
2019-06-21,PTBA,2940.0,2970.0,2880.0,2900.0,27930000
2019-06-24,PTBA,2920.0,2920.0,2880.0,2880.0,9595800
2019-06-25,PTBA,2880.0,3070.0,2880.0,3060.0,70032300
2019-06-26,PTBA,3080.0,3150.0,2980.0,2990.0,78050500
2019-06-27,PTBA,3010.0,3020.0,2930.0,2960.0,32033900
2019-06-28,PTBA,2970.0,2990.0,2910.0,2960.0,26468300
2019-07-01,PTBA,2980.0,3070.0,2960.0,3060.0,46328600
2019-07-02,PTBA,3080.0,3090.0,3010.0,3020.0,36968600
2019-07-03,PTBA,3020.0,3040.0,3000.0,3000.0,25327500
2019-07-04,PTBA,3040.0,3060.0,3030.0,3050.0,16206700
2019-07-05,PTBA,3100.0,3110.0,3040.0,3050.0,43347900
2019-07-08,PTBA,3060.0,3070.0,2960.0,2980.0,44526600
2019-07-09,PTBA,2980.0,2990.0,2920.0,2930.0,28031000
2019-07-10,PTBA,2910.0,2970.0,2910.0,2940.0,19539400
2019-07-11,PTBA,2950.0,2970.0,2910.0,2910.0,21374100
2019-07-12,PTBA,2910.0,2930.0,2830.0,2840.0,35322000
2019-07-15,PTBA,2860.0,2880.0,2820.0,2840.0,25467400
2019-07-16,PTBA,2860.0,2870.0,2830.0,2840.0,30885700
2019-07-17,PTBA,2820.0,2840.0,2810.0,2820.0,14372800
2019-07-18,PTBA,2820.0,2900.0,2820.0,2870.0,23888200
2019-07-19,PTBA,2890.0,2900.0,2870.0,2880.0,12921000
2019-07-22,PTBA,2880.0,2890.0,2840.0,2840.0,11271800
2019-07-23,PTBA,2870.0,2870.0,2820.0,2830.0,21399400
2019-07-24,PTBA,2840.0,2850.0,2780.0,2780.0,26408000
2019-07-25,PTBA,2780.0,2810.0,2760.0,2790.0,18414000
2019-07-26,PTBA,2790.0,2790.0,2750.0,2750.0,14034400
2019-07-29,PTBA,2760.0,2780.0,2690.0,2700.0,16759600
2019-07-30,PTBA,2700.0,2760.0,2700.0,2730.0,13025400
2019-07-31,PTBA,2700.0,2740.0,2700.0,2740.0,20532800
2019-08-01,PTBA,2730.0,2750.0,2710.0,2730.0,10080000
2019-08-02,PTBA,2680.0,2730.0,2660.0,2690.0,16007600
2019-08-05,PTBA,2670.0,2680.0,2620.0,2620.0,17234300
2019-08-06,PTBA,2570.0,2590.0,2510.0,2550.0,23625700
2019-08-07,PTBA,2570.0,2630.0,2540.0,2560.0,26664100
2019-08-08,PTBA,2570.0,2590.0,2560.0,2570.0,10745500
2019-08-09,PTBA,2570.0,2630.0,2520.0,2540.0,23442600
2019-08-12,PTBA,2550.0,2580.0,2470.0,2480.0,20580000
2019-08-13,PTBA,2470.0,2480.0,2410.0,2420.0,18919100
2019-08-14,PTBA,2460.0,2470.0,2420.0,2430.0,16649300
2019-08-15,PTBA,2400.0,2410.0,2350.0,2380.0,20207700
2019-08-16,PTBA,2380.0,2590.0,2350.0,2440.0,56470000
2019-08-19,PTBA,2460.0,2510.0,2440.0,2450.0,12316000
2019-08-20,PTBA,2450.0,2490.0,2410.0,2460.0,12784600
2019-08-21,PTBA,2490.0,2490.0,2420.0,2420.0,12268000
2019-08-22,PTBA,2430.0,2460.0,2410.0,2420.0,10769000
2019-08-23,PTBA,2430.0,2530.0,2430.0,2490.0,26484800
2019-08-26,PTBA,2450.0,2460.0,2390.0,2410.0,22206000
2019-08-27,PTBA,2420.0,2470.0,2420.0,2420.0,21763000
2019-08-28,PTBA,2420.0,2450.0,2410.0,2410.0,8920700
2019-08-29,PTBA,2410.0,2440.0,2400.0,2410.0,11826900
2019-08-30,PTBA,2420.0,2470.0,2420.0,2470.0,19139600
2019-09-02,PTBA,2470.0,2480.0,2420.0,2420.0,11107200
2019-09-03,PTBA,2430.0,2480.0,2430.0,2440.0,22955600
2019-09-04,PTBA,2480.0,2530.0,2440.0,2440.0,35551000
2019-09-05,PTBA,2460.0,2490.0,2430.0,2470.0,20546700
2019-09-06,PTBA,2490.0,2620.0,2470.0,2600.0,56924300
2019-09-09,PTBA,2620.0,2770.0,2600.0,2700.0,81823400
2019-09-10,PTBA,2700.0,2710.0,2610.0,2650.0,32325400
2019-09-11,PTBA,2690.0,2720.0,2680.0,2690.0,33609700
2019-09-12,PTBA,2700.0,2720.0,2620.0,2620.0,26637500
2019-09-13,PTBA,2630.0,2660.0,2560.0,2560.0,28450400
2019-09-16,PTBA,2600.0,2630.0,2550.0,2580.0,22555400
2019-09-17,PTBA,2600.0,2610.0,2570.0,2570.0,16643900
2019-09-18,PTBA,2570.0,2590.0,2540.0,2550.0,27744100
2019-09-19,PTBA,2550.0,2560.0,2460.0,2460.0,22492800
2019-09-20,PTBA,2460.0,2480.0,2440.0,2470.0,20320500
2019-09-23,PTBA,2470.0,2490.0,2400.0,2400.0,23032200
2019-09-24,PTBA,2360.0,2390.0,2290.0,2320.0,30356200
2019-09-25,PTBA,2290.0,2350.0,2290.0,2300.0,27631500
2019-09-26,PTBA,2330.0,2330.0,2290.0,2300.0,21164600
2019-09-27,PTBA,2300.0,2360.0,2300.0,2300.0,23032200
2019-09-30,PTBA,2300.0,2320.0,2260.0,2260.0,13196000
2019-10-01,PTBA,2290.0,2310.0,2270.0,2280.0,7765200
2019-10-02,PTBA,2260.0,2300.0,2240.0,2240.0,11565700
2019-10-03,PTBA,2230.0,2260.0,2200.0,2240.0,6640600
2019-10-04,PTBA,2200.0,2250.0,2200.0,2200.0,11964400
2019-10-07,PTBA,2200.0,2230.0,2110.0,2150.0,16376500
2019-10-08,PTBA,2180.0,2240.0,2150.0,2230.0,16859700
2019-10-09,PTBA,2230.0,2260.0,2200.0,2240.0,15658200
2019-10-10,PTBA,2250.0,2260.0,2180.0,2260.0,18207800
2019-10-11,PTBA,2250.0,2290.0,2230.0,2270.0,15699200
2019-10-14,PTBA,2300.0,2310.0,2230.0,2250.0,8465600
2019-10-15,PTBA,2250.0,2270.0,2210.0,2260.0,14802000
2019-10-16,PTBA,2260.0,2310.0,2250.0,2260.0,13826800
2019-10-17,PTBA,2250.0,2270.0,2200.0,2220.0,19263100
2019-10-18,PTBA,2220.0,2350.0,2220.0,2350.0,51681800
2019-10-21,PTBA,2370.0,2400.0,2330.0,2350.0,17523300
2019-10-22,PTBA,2370.0,2380.0,2290.0,2360.0,13939300
2019-10-23,PTBA,2360.0,2490.0,2300.0,2450.0,42560400
2019-10-24,PTBA,2460.0,2480.0,2410.0,2410.0,18263400
2019-10-25,PTBA,2420.0,2420.0,2350.0,2350.0,28610000
2019-10-28,PTBA,2350.0,2410.0,2320.0,2370.0,16107300
2019-10-29,PTBA,2390.0,2410.0,2350.0,2350.0,16981300
2019-10-30,PTBA,2360.0,2380.0,2340.0,2340.0,8763900
2019-10-31,PTBA,2340.0,2360.0,2250.0,2250.0,29125000
2019-11-01,PTBA,2250.0,2250.0,2190.0,2190.0,17881000
2019-11-04,PTBA,2230.0,2310.0,2220.0,2300.0,22374200
2019-11-05,PTBA,2320.0,2450.0,2310.0,2430.0,49811800
2019-11-06,PTBA,2430.0,2520.0,2370.0,2460.0,71502800
2019-11-07,PTBA,2460.0,2460.0,2290.0,2390.0,47709200
2019-11-08,PTBA,2420.0,2610.0,2420.0,2580.0,90666400
2019-11-11,PTBA,2550.0,2630.0,2550.0,2600.0,36136900
2019-11-12,PTBA,2600.0,2670.0,2550.0,2620.0,40791500
2019-11-13,PTBA,2620.0,2650.0,2520.0,2550.0,33803400
2019-11-14,PTBA,2550.0,2560.0,2400.0,2460.0,49560800
2019-11-15,PTBA,2470.0,2520.0,2430.0,2510.0,16303600
2019-11-18,PTBA,2540.0,2560.0,2490.0,2510.0,24614400
2019-11-19,PTBA,2510.0,2550.0,2460.0,2480.0,21764300
2019-11-20,PTBA,2500.0,2510.0,2420.0,2450.0,17586400
2019-11-21,PTBA,2430.0,2450.0,2360.0,2380.0,29775300
2019-11-22,PTBA,2380.0,2450.0,2380.0,2430.0,21145000
2019-11-25,PTBA,2460.0,2510.0,2440.0,2500.0,27497500
2019-11-26,PTBA,2510.0,2630.0,2480.0,2630.0,89132700
2019-11-27,PTBA,2630.0,2630.0,2550.0,2580.0,34853500
2019-11-28,PTBA,2580.0,2620.0,2470.0,2470.0,21173900
2019-11-29,PTBA,2470.0,2490.0,2410.0,2420.0,13394500
2019-12-02,PTBA,2460.0,2530.0,2450.0,2530.0,15718900
2019-12-03,PTBA,2500.0,2560.0,2480.0,2500.0,16071500
2019-12-04,PTBA,2480.0,2520.0,2450.0,2460.0,20090900
2019-12-05,PTBA,2490.0,2580.0,2470.0,2560.0,28990000
2019-12-06,PTBA,2590.0,2590.0,2510.0,2550.0,9373200
2019-12-09,PTBA,2550.0,2620.0,2530.0,2590.0,25638800
2019-12-10,PTBA,2570.0,2620.0,2550.0,2550.0,20799900
2019-12-11,PTBA,2570.0,2580.0,2520.0,2520.0,14370700
2019-12-12,PTBA,2540.0,2550.0,2450.0,2470.0,16313400
2019-12-13,PTBA,2500.0,2580.0,2460.0,2580.0,28503500
2019-12-16,PTBA,2590.0,2720.0,2590.0,2690.0,64818900
2019-12-17,PTBA,2720.0,2730.0,2610.0,2650.0,30387500
2019-12-18,PTBA,2640.0,2690.0,2610.0,2670.0,28631000
2019-12-19,PTBA,2660.0,2690.0,2630.0,2650.0,11609500
2019-12-20,PTBA,2650.0,2660.0,2600.0,2600.0,16557600
2019-12-23,PTBA,2650.0,2660.0,2580.0,2610.0,11993800
2019-12-26,PTBA,2620.0,2670.0,2620.0,2640.0,11773200
2019-12-27,PTBA,2640.0,2680.0,2630.0,2650.0,10007300
2019-12-30,PTBA,2650.0,2700.0,2640.0,2660.0,14763500
2020-01-02,PTBA,2640.0,2680.0,2600.0,2630.0,8093400
2020-01-03,PTBA,2610.0,2670.0,2600.0,2670.0,13483900
2020-01-06,PTBA,2650.0,2740.0,2630.0,2730.0,26770600
2020-01-07,PTBA,2730.0,2740.0,2640.0,2710.0,22952100
2020-01-08,PTBA,2700.0,2700.0,2640.0,2670.0,15608000
2020-01-09,PTBA,2670.0,2690.0,2650.0,2670.0,10703400
2020-01-10,PTBA,2690.0,2800.0,2690.0,2780.0,52606300
2020-01-13,PTBA,2810.0,2850.0,2810.0,2830.0,44452800
2020-01-14,PTBA,2850.0,2870.0,2780.0,2790.0,28139900
2020-01-15,PTBA,2780.0,2790.0,2690.0,2690.0,27000700
2020-01-16,PTBA,2700.0,2740.0,2650.0,2680.0,23356800
2020-01-17,PTBA,2690.0,2710.0,2660.0,2670.0,9792700
2020-01-20,PTBA,2660.0,2680.0,2580.0,2590.0,21197700
2020-01-21,PTBA,2560.0,2610.0,2540.0,2560.0,20624800
2020-01-22,PTBA,2560.0,2570.0,2470.0,2480.0,27981500
2020-01-23,PTBA,2460.0,2470.0,2390.0,2410.0,35676700
2020-01-24,PTBA,2410.0,2420.0,2350.0,2370.0,25342900
2020-01-27,PTBA,2340.0,2340.0,2240.0,2240.0,39268200
2020-01-28,PTBA,2230.0,2340.0,2200.0,2330.0,48613600
2020-01-29,PTBA,2360.0,2400.0,2320.0,2330.0,31015700
2020-01-30,PTBA,2310.0,2330.0,2240.0,2240.0,30619900
2020-01-31,PTBA,2260.0,2270.0,2200.0,2210.0,17939300
2020-02-03,PTBA,2180.0,2220.0,2160.0,2170.0,35172600
2020-02-04,PTBA,2190.0,2240.0,2170.0,2230.0,21085800
2020-02-05,PTBA,2280.0,2340.0,2280.0,2320.0,32483400
2020-02-06,PTBA,2360.0,2360.0,2280.0,2290.0,15297600
2020-02-07,PTBA,2270.0,2340.0,2260.0,2320.0,11738300
2020-02-10,PTBA,2300.0,2310.0,2250.0,2250.0,13933600
2020-02-11,PTBA,2260.0,2320.0,2230.0,2310.0,13944500
2020-02-12,PTBA,2330.0,2350.0,2260.0,2280.0,16223000
2020-02-13,PTBA,2300.0,2300.0,2250.0,2280.0,11677000
2020-02-14,PTBA,2280.0,2340.0,2260.0,2330.0,18474200
2020-02-17,PTBA,2330.0,2360.0,2310.0,2340.0,13087400
2020-02-18,PTBA,2350.0,2380.0,2340.0,2380.0,17424900
2020-02-19,PTBA,2380.0,2420.0,2370.0,2400.0,20155700
2020-02-20,PTBA,2420.0,2510.0,2410.0,2490.0,32998700
2020-02-21,PTBA,2450.0,2470.0,2380.0,2410.0,22774600
2020-02-24,PTBA,2400.0,2400.0,2320.0,2350.0,17784200
2020-02-25,PTBA,2310.0,2430.0,2300.0,2410.0,23201800
2020-02-26,PTBA,2410.0,2450.0,2360.0,2360.0,26455900
2020-02-27,PTBA,2360.0,2420.0,2280.0,2290.0,26832100
2020-02-28,PTBA,2250.0,2290.0,2190.0,2240.0,42001000
2020-03-02,PTBA,2290.0,2290.0,2170.0,2200.0,39002300
2020-03-03,PTBA,2250.0,2400.0,2250.0,2370.0,30483600
2020-03-04,PTBA,2370.0,2500.0,2350.0,2470.0,33038400
2020-03-05,PTBA,2530.0,2540.0,2460.0,2460.0,29850800
2020-03-06,PTBA,2420.0,2480.0,2420.0,2450.0,18529800
2020-03-09,PTBA,2370.0,2370.0,2210.0,2210.0,38358000
2020-03-10,PTBA,2220.0,2320.0,2220.0,2310.0,23587000
2020-03-11,PTBA,2330.0,2350.0,2170.0,2200.0,24599500
2020-03-12,PTBA,2100.0,2190.0,2010.0,2060.0,23191300
2020-03-13,PTBA,2060.0,2060.0,2060.0,2060.0,0
2020-03-16,PTBA,2060.0,2060.0,2060.0,2060.0,0
2020-03-17,PTBA,1835.0,1850.0,1710.0,1710.0,23282900
2020-03-18,PTBA,1710.0,1710.0,1595.0,1595.0,29978700
2020-03-19,PTBA,1590.0,1590.0,1485.0,1485.0,2795600
2020-03-20,PTBA,1485.0,1855.0,1385.0,1800.0,79840200
2020-03-23,PTBA,1790.0,1895.0,1675.0,1675.0,74786200
2020-03-24,PTBA,1700.0,1815.0,1700.0,1790.0,48910700
2020-03-26,PTBA,1850.0,2120.0,1830.0,2020.0,41809200
2020-03-27,PTBA,2090.0,2240.0,1995.0,2040.0,71887800
2020-03-30,PTBA,2040.0,2040.0,1900.0,1900.0,16821100
2020-03-31,PTBA,1930.0,2180.0,1900.0,2180.0,33618700
2020-04-01,PTBA,2120.0,2230.0,2040.0,2050.0,30561000
2020-04-02,PTBA,2030.0,2060.0,1950.0,2030.0,23837600
2020-04-03,PTBA,2020.0,2130.0,2020.0,2110.0,25841300
2020-04-06,PTBA,2100.0,2160.0,2090.0,2160.0,18666000
2020-04-07,PTBA,2250.0,2250.0,2090.0,2100.0,21588800
2020-04-08,PTBA,2100.0,2150.0,1955.0,1995.0,19039300
2020-04-09,PTBA,1995.0,2040.0,1935.0,1980.0,9649000
2020-04-13,PTBA,1980.0,2030.0,1955.0,2000.0,5783600
2020-04-14,PTBA,2020.0,2100.0,2010.0,2080.0,15932800
2020-04-15,PTBA,2100.0,2120.0,1960.0,1960.0,19782000
2020-04-16,PTBA,1980.0,1990.0,1895.0,1905.0,15573500
2020-04-17,PTBA,1920.0,2000.0,1920.0,1980.0,14020600
2020-04-20,PTBA,1990.0,2020.0,1935.0,1935.0,7323100
2020-04-21,PTBA,1925.0,1925.0,1800.0,1825.0,26386000
2020-04-22,PTBA,1800.0,1880.0,1775.0,1855.0,18720700
2020-04-23,PTBA,1880.0,1925.0,1855.0,1890.0,25778600
2020-04-24,PTBA,1880.0,1960.0,1845.0,1850.0,28119600
2020-04-27,PTBA,1875.0,1890.0,1815.0,1825.0,16358000
2020-04-28,PTBA,1815.0,1845.0,1770.0,1780.0,17254900
2020-04-29,PTBA,1795.0,1820.0,1785.0,1790.0,9910000
2020-04-30,PTBA,1815.0,1890.0,1815.0,1875.0,20464800
2020-05-04,PTBA,1870.0,1870.0,1790.0,1815.0,11936000
2020-05-05,PTBA,1850.0,1865.0,1780.0,1815.0,35220100
2020-05-06,PTBA,1825.0,1910.0,1820.0,1895.0,58599000
2020-05-08,PTBA,1915.0,2080.0,1895.0,2060.0,86015500
2020-05-11,PTBA,2080.0,2160.0,2030.0,2050.0,38337600
2020-05-12,PTBA,2100.0,2100.0,1980.0,1990.0,26412900
2020-05-13,PTBA,1940.0,1975.0,1860.0,1905.0,58253000
2020-05-14,PTBA,1870.0,1950.0,1855.0,1865.0,37832000
2020-05-15,PTBA,1880.0,1940.0,1800.0,1815.0,30769700
2020-05-18,PTBA,1830.0,1910.0,1805.0,1900.0,45956600
2020-05-19,PTBA,1935.0,1985.0,1910.0,1915.0,45276000
2020-05-20,PTBA,1920.0,1935.0,1890.0,1920.0,24247000
2020-05-26,PTBA,1945.0,2060.0,1930.0,2040.0,51276500
2020-05-27,PTBA,2070.0,2110.0,2020.0,2090.0,41042300
2020-05-28,PTBA,2120.0,2140.0,2070.0,2090.0,46169400
2020-05-29,PTBA,2090.0,2090.0,1945.0,1945.0,364481600
2020-06-02,PTBA,1975.0,2100.0,1970.0,2080.0,125564400
2020-06-03,PTBA,2100.0,2140.0,2050.0,2110.0,87870700
2020-06-04,PTBA,2140.0,2300.0,2130.0,2180.0,132199300
2020-06-05,PTBA,2200.0,2250.0,2160.0,2210.0,66641200
2020-06-08,PTBA,2250.0,2320.0,2250.0,2300.0,93899700
2020-06-09,PTBA,2320.0,2400.0,2310.0,2390.0,119439500
2020-06-10,PTBA,2380.0,2480.0,2280.0,2370.0,269829400
2020-06-11,PTBA,2350.0,2380.0,2250.0,2280.0,115570200
2020-06-12,PTBA,2160.0,2410.0,2150.0,2390.0,161447100
2020-06-15,PTBA,2400.0,2480.0,2350.0,2360.0,132252000
2020-06-16,PTBA,2420.0,2480.0,2420.0,2440.0,99983800
2020-06-17,PTBA,2480.0,2490.0,2420.0,2470.0,115857300
2020-06-18,PTBA,2500.0,2510.0,2430.0,2450.0,216195200
2020-06-19,PTBA,2280.0,2280.0,2280.0,2280.0,109431900
2020-06-22,PTBA,2140.0,2200.0,2130.0,2130.0,207937000
2020-06-23,PTBA,2070.0,2160.0,2030.0,2080.0,156000400
2020-06-24,PTBA,2100.0,2160.0,2090.0,2120.0,108004000
2020-06-25,PTBA,2080.0,2120.0,2050.0,2060.0,79582000
2020-06-26,PTBA,2100.0,2110.0,2050.0,2060.0,48365400
2020-06-29,PTBA,2050.0,2080.0,2010.0,2030.0,63577100
2020-06-30,PTBA,2050.0,2070.0,2000.0,2020.0,51448600
2020-07-01,PTBA,2020.0,2090.0,1995.0,2090.0,82565200
2020-07-02,PTBA,2110.0,2120.0,2060.0,2070.0,80132800
2020-07-03,PTBA,2100.0,2100.0,2050.0,2050.0,31700400
2020-07-06,PTBA,2060.0,2070.0,2040.0,2070.0,33927100
2020-07-07,PTBA,2080.0,2090.0,2050.0,2050.0,30740100
2020-07-08,PTBA,2050.0,2100.0,2040.0,2080.0,57910300
2020-07-09,PTBA,2080.0,2170.0,2060.0,2100.0,129801200
2020-07-10,PTBA,2100.0,2130.0,2060.0,2070.0,53632400
2020-07-13,PTBA,2080.0,2170.0,2070.0,2170.0,142137400
2020-07-14,PTBA,2180.0,2200.0,2140.0,2140.0,111290100
2020-07-15,PTBA,2190.0,2190.0,2130.0,2150.0,51534200
2020-07-16,PTBA,2170.0,2180.0,2120.0,2120.0,31992300
2020-07-17,PTBA,2140.0,2170.0,2110.0,2140.0,59441700
2020-07-20,PTBA,2160.0,2160.0,2080.0,2080.0,44068400
2020-07-21,PTBA,2080.0,2130.0,2080.0,2110.0,29396200
2020-07-22,PTBA,2130.0,2140.0,2080.0,2080.0,31878600
2020-07-23,PTBA,2110.0,2140.0,2090.0,2110.0,32352000
2020-07-24,PTBA,2100.0,2120.0,2070.0,2070.0,31699900
2020-07-27,PTBA,2080.0,2110.0,2070.0,2080.0,23222200
2020-07-28,PTBA,2090.0,2110.0,2050.0,2080.0,30856500
2020-07-29,PTBA,2080.0,2090.0,2050.0,2070.0,14713800
2020-07-30,PTBA,2080.0,2090.0,2020.0,2030.0,46692000
2020-08-03,PTBA,2030.0,2040.0,1895.0,1975.0,77529900
2020-08-04,PTBA,2000.0,2020.0,1975.0,2010.0,53867700
2020-08-05,PTBA,2010.0,2050.0,1995.0,2040.0,30482100
2020-08-06,PTBA,2060.0,2080.0,2040.0,2080.0,38585900
2020-08-07,PTBA,2090.0,2090.0,2020.0,2050.0,26817300
2020-08-10,PTBA,2050.0,2120.0,2040.0,2120.0,69697100
2020-08-11,PTBA,2130.0,2140.0,2080.0,2100.0,37992000
2020-08-12,PTBA,2100.0,2100.0,2050.0,2060.0,36475500
2020-08-13,PTBA,2050.0,2080.0,2050.0,2070.0,12773500
2020-08-14,PTBA,2080.0,2080.0,2050.0,2060.0,17210000
2020-08-18,PTBA,2060.0,2080.0,2060.0,2080.0,19991700
2020-08-19,PTBA,2080.0,2130.0,2070.0,2110.0,55754100
2020-08-24,PTBA,2090.0,2120.0,2070.0,2100.0,26481700
2020-08-25,PTBA,2100.0,2120.0,2100.0,2120.0,26816900
2020-08-26,PTBA,2130.0,2170.0,2100.0,2130.0,45944800
2020-08-27,PTBA,2140.0,2160.0,2110.0,2130.0,26375900
2020-08-28,PTBA,2130.0,2160.0,2120.0,2130.0,26919000
2020-08-31,PTBA,2150.0,2150.0,2030.0,2040.0,63035800
2020-09-01,PTBA,2050.0,2110.0,2020.0,2100.0,34663600
2020-09-02,PTBA,2120.0,2160.0,2090.0,2150.0,43367500
2020-09-03,PTBA,2160.0,2170.0,2120.0,2140.0,25352600
2020-09-04,PTBA,2130.0,2130.0,2070.0,2100.0,18682000
2020-09-07,PTBA,2100.0,2130.0,2070.0,2110.0,17178600
2020-09-08,PTBA,2110.0,2130.0,2080.0,2080.0,19034400
2020-09-09,PTBA,2060.0,2080.0,2020.0,2040.0,27289600
2020-09-10,PTBA,2020.0,2020.0,1900.0,1900.0,68273200
2020-09-11,PTBA,1845.0,1975.0,1810.0,1970.0,46751800
2020-09-14,PTBA,2000.0,2050.0,2000.0,2050.0,26702000
2020-09-15,PTBA,2070.0,2070.0,2030.0,2050.0,28752300
2020-09-16,PTBA,2060.0,2070.0,2030.0,2040.0,13859300
2020-09-17,PTBA,2060.0,2070.0,2000.0,2010.0,15857900
2020-09-18,PTBA,2020.0,2040.0,2000.0,2000.0,18694700
2020-09-21,PTBA,2020.0,2040.0,2000.0,2000.0,15419900
2020-09-22,PTBA,1990.0,2010.0,1975.0,2000.0,17243900
2020-09-23,PTBA,2010.0,2030.0,1970.0,1980.0,12875500
2020-09-24,PTBA,1970.0,1980.0,1940.0,1950.0,11910700
2020-09-25,PTBA,1970.0,1995.0,1945.0,1990.0,11710500
2020-09-28,PTBA,1995.0,2010.0,1965.0,1970.0,5436200
2020-09-29,PTBA,1990.0,2010.0,1970.0,1985.0,17340900
2020-09-30,PTBA,1985.0,1990.0,1940.0,1970.0,11323400
2020-10-01,PTBA,1980.0,2020.0,1970.0,2000.0,9175800
2020-10-02,PTBA,2010.0,2010.0,1950.0,1970.0,9279700
2020-10-05,PTBA,1970.0,1990.0,1950.0,1950.0,11708500
2020-10-06,PTBA,1965.0,1975.0,1960.0,1970.0,6498000
2020-10-07,PTBA,1970.0,1985.0,1960.0,1965.0,18221500
2020-10-08,PTBA,1975.0,2040.0,1965.0,1990.0,30616700
2020-10-09,PTBA,1990.0,2010.0,1980.0,1985.0,11386800
2020-10-12,PTBA,1985.0,2020.0,1980.0,2020.0,15389500
2020-10-13,PTBA,2020.0,2030.0,1985.0,2030.0,14388400
2020-10-14,PTBA,2020.0,2070.0,2000.0,2050.0,28140300
2020-10-15,PTBA,2060.0,2070.0,2010.0,2010.0,19485700
2020-10-16,PTBA,2010.0,2060.0,1995.0,2050.0,26072500
2020-10-19,PTBA,2070.0,2080.0,2040.0,2050.0,15469800
2020-10-20,PTBA,2050.0,2060.0,2000.0,2010.0,18312400
2020-10-21,PTBA,2010.0,2040.0,2000.0,2000.0,13260800
2020-10-22,PTBA,2000.0,2000.0,1960.0,1965.0,71860900
2020-10-23,PTBA,1970.0,1980.0,1955.0,1960.0,22850600
2020-10-26,PTBA,1965.0,1990.0,1965.0,1970.0,19051200
2020-10-27,PTBA,1970.0,1985.0,1960.0,1960.0,11583500
2020-11-02,PTBA,1960.0,1970.0,1940.0,1940.0,18159000
2020-11-03,PTBA,1950.0,1965.0,1950.0,1950.0,9393500
2020-11-04,PTBA,1955.0,1965.0,1935.0,1935.0,16673900
2020-11-05,PTBA,1950.0,1975.0,1945.0,1970.0,14737000
2020-11-06,PTBA,1985.0,2010.0,1985.0,1990.0,35428700
2020-11-09,PTBA,2010.0,2040.0,2000.0,2010.0,29260700
2020-11-10,PTBA,2050.0,2050.0,2010.0,2020.0,20916700
2020-11-11,PTBA,2040.0,2100.0,2020.0,2070.0,65778900
2020-11-12,PTBA,2080.0,2080.0,2040.0,2040.0,24822800
2020-11-13,PTBA,2030.0,2050.0,2020.0,2040.0,17436800
2020-11-16,PTBA,2060.0,2150.0,2050.0,2130.0,61569000
2020-11-17,PTBA,2140.0,2160.0,2110.0,2110.0,53820400
2020-11-18,PTBA,2130.0,2140.0,2110.0,2110.0,27678900
2020-11-19,PTBA,2110.0,2240.0,2100.0,2230.0,132673300
2020-11-20,PTBA,2240.0,2260.0,2180.0,2190.0,72908500
2020-11-23,PTBA,2230.0,2280.0,2220.0,2280.0,77900700
2020-11-24,PTBA,2310.0,2340.0,2280.0,2280.0,88378800
2020-11-25,PTBA,2320.0,2350.0,2250.0,2280.0,102632700
2020-11-26,PTBA,2310.0,2360.0,2310.0,2360.0,99508100
2020-11-27,PTBA,2380.0,2420.0,2360.0,2410.0,61249600
2020-11-30,PTBA,2440.0,2530.0,2310.0,2360.0,192854700
2020-12-01,PTBA,2400.0,2480.0,2320.0,2430.0,91179000
2020-12-02,PTBA,2450.0,2470.0,2420.0,2450.0,64008000
2020-12-03,PTBA,2490.0,2510.0,2440.0,2440.0,61766600
2020-12-04,PTBA,2470.0,2500.0,2430.0,2480.0,64010900
2020-12-07,PTBA,2530.0,2700.0,2530.0,2680.0,156851600
2020-12-08,PTBA,2750.0,2850.0,2700.0,2820.0,139826000
2020-12-10,PTBA,2850.0,2870.0,2750.0,2800.0,107887700
2020-12-11,PTBA,2820.0,2850.0,2780.0,2810.0,59382300
2020-12-14,PTBA,2870.0,3050.0,2870.0,3050.0,106224600
2020-12-15,PTBA,3060.0,3090.0,2970.0,3070.0,92609200
2020-12-16,PTBA,3100.0,3180.0,3100.0,3170.0,57825600
2020-12-17,PTBA,3170.0,3180.0,3000.0,3040.0,85604700
2020-12-18,PTBA,3040.0,3050.0,2950.0,2980.0,72485000
2020-12-21,PTBA,2980.0,3080.0,2920.0,3040.0,85692700
2020-12-22,PTBA,3020.0,3030.0,2850.0,2880.0,75288800
2020-12-23,PTBA,2880.0,2970.0,2700.0,2820.0,81613400
2020-12-28,PTBA,2900.0,2900.0,2830.0,2850.0,52184700
2020-12-29,PTBA,2890.0,2940.0,2840.0,2890.0,64321200
2020-12-30,PTBA,2850.0,2880.0,2790.0,2810.0,47652800
2021-01-04,PTBA,2810.0,2830.0,2640.0,2790.0,76884400
2021-01-05,PTBA,2790.0,2860.0,2760.0,2770.0,46044200
2021-01-06,PTBA,2770.0,2770.0,2630.0,2680.0,64679600
2021-01-07,PTBA,2670.0,2840.0,2620.0,2820.0,108301800
2021-01-08,PTBA,2900.0,3000.0,2830.0,2850.0,107126400
2021-01-11,PTBA,2930.0,2960.0,2870.0,2910.0,86412200
2021-01-12,PTBA,2910.0,2930.0,2840.0,2860.0,51911000
2021-01-13,PTBA,2980.0,3060.0,2900.0,3040.0,162580800
2021-01-14,PTBA,3080.0,3100.0,3000.0,3000.0,97453500
2021-01-15,PTBA,2980.0,3010.0,2920.0,2940.0,57645400
2021-01-18,PTBA,2940.0,3020.0,2860.0,2950.0,62283700
2021-01-19,PTBA,2960.0,2980.0,2760.0,2850.0,66704700
2021-01-20,PTBA,2840.0,2900.0,2800.0,2880.0,38652700
2021-01-21,PTBA,2900.0,2930.0,2840.0,2860.0,29798700
2021-01-22,PTBA,2860.0,2870.0,2720.0,2770.0,39287300
2021-01-25,PTBA,2770.0,2770.0,2620.0,2700.0,41122900
2021-01-26,PTBA,2700.0,2780.0,2600.0,2760.0,78348700
2021-01-27,PTBA,2820.0,2850.0,2650.0,2680.0,138977300
2021-01-28,PTBA,2670.0,2760.0,2560.0,2590.0,107796600
2021-01-29,PTBA,2650.0,2700.0,2480.0,2580.0,108401800
2021-02-01,PTBA,2590.0,2630.0,2440.0,2610.0,70788300
2021-02-02,PTBA,2620.0,2650.0,2450.0,2490.0,80881200
2021-02-03,PTBA,2490.0,2500.0,2400.0,2410.0,87968000
2021-02-04,PTBA,2410.0,2520.0,2400.0,2480.0,79730000
2021-02-05,PTBA,2520.0,2590.0,2490.0,2560.0,72468700
2021-02-08,PTBA,2610.0,2640.0,2580.0,2610.0,37956000
2021-02-09,PTBA,2650.0,2650.0,2550.0,2590.0,38755800
2021-02-10,PTBA,2610.0,2610.0,2530.0,2550.0,19875200
2021-02-11,PTBA,2560.0,2610.0,2540.0,2590.0,19691700
2021-02-15,PTBA,2600.0,2620.0,2570.0,2600.0,18710800
2021-02-16,PTBA,2600.0,2630.0,2570.0,2600.0,26515700
2021-02-17,PTBA,2610.0,2630.0,2550.0,2560.0,42563500
2021-02-18,PTBA,2530.0,2600.0,2530.0,2560.0,22065500
2021-02-19,PTBA,2560.0,2570.0,2530.0,2550.0,10726800
2021-02-22,PTBA,2580.0,2750.0,2570.0,2740.0,117066900
2021-02-23,PTBA,2750.0,2760.0,2700.0,2720.0,48060500
2021-02-24,PTBA,2720.0,2730.0,2620.0,2630.0,53690300
2021-02-25,PTBA,2680.0,2710.0,2660.0,2680.0,37517300
2021-02-26,PTBA,2630.0,2710.0,2600.0,2710.0,36346300
2021-03-01,PTBA,2740.0,2750.0,2690.0,2720.0,23529500
2021-03-02,PTBA,2750.0,2790.0,2730.0,2730.0,42723000
2021-03-03,PTBA,2760.0,2760.0,2700.0,2710.0,22092100
2021-03-04,PTBA,2710.0,2750.0,2660.0,2710.0,42974700
2021-03-05,PTBA,2680.0,2710.0,2670.0,2710.0,19286700
2021-03-08,PTBA,2730.0,2740.0,2680.0,2680.0,18341300
2021-03-09,PTBA,2680.0,2700.0,2580.0,2610.0,28531500
2021-03-10,PTBA,2650.0,2650.0,2580.0,2600.0,16141100
2021-03-12,PTBA,2650.0,2740.0,2630.0,2730.0,45093100
2021-03-15,PTBA,2750.0,2780.0,2720.0,2740.0,27693700
2021-03-16,PTBA,2750.0,2760.0,2700.0,2710.0,20082000
2021-03-17,PTBA,2720.0,2740.0,2690.0,2710.0,17423100
2021-03-18,PTBA,2740.0,2770.0,2730.0,2750.0,42697500
2021-03-19,PTBA,2750.0,2780.0,2720.0,2760.0,50493100
2021-03-22,PTBA,2800.0,2870.0,2760.0,2770.0,63607300
2021-03-23,PTBA,2830.0,2840.0,2770.0,2800.0,39694200
2021-03-24,PTBA,2780.0,2780.0,2730.0,2740.0,28610400
2021-03-25,PTBA,2740.0,2750.0,2660.0,2690.0,32469400
2021-03-26,PTBA,2700.0,2720.0,2660.0,2700.0,23697000
2021-03-29,PTBA,2700.0,2720.0,2680.0,2680.0,14444900
2021-03-30,PTBA,2680.0,2690.0,2620.0,2630.0,29091500
2021-03-31,PTBA,2620.0,2650.0,2590.0,2620.0,24382700
2021-04-01,PTBA,2650.0,2670.0,2620.0,2650.0,17046300
2021-04-05,PTBA,2680.0,2720.0,2520.0,2540.0,72616600
2021-04-06,PTBA,2530.0,2540.0,2440.0,2520.0,48211800
2021-04-07,PTBA,2540.0,2560.0,2500.0,2520.0,22051100
2021-04-08,PTBA,2520.0,2550.0,2510.0,2540.0,18123700
2021-04-09,PTBA,2540.0,2560.0,2530.0,2540.0,12621600
2021-04-12,PTBA,2550.0,2560.0,2440.0,2460.0,30610800
2021-04-13,PTBA,2460.0,2490.0,2430.0,2460.0,27946200
2021-04-14,PTBA,2400.0,2430.0,2390.0,2420.0,29522000
2021-04-15,PTBA,2430.0,2440.0,2360.0,2370.0,19323000
2021-04-16,PTBA,2380.0,2420.0,2370.0,2380.0,20695200
2021-04-19,PTBA,2390.0,2450.0,2380.0,2420.0,26395000
2021-04-20,PTBA,2420.0,2440.0,2390.0,2420.0,10846000
2021-04-21,PTBA,2400.0,2410.0,2380.0,2390.0,10382800
2021-04-22,PTBA,2390.0,2410.0,2340.0,2360.0,13289600
2021-04-23,PTBA,2360.0,2410.0,2350.0,2390.0,11052800
2021-04-26,PTBA,2380.0,2440.0,2370.0,2390.0,12495000
2021-04-27,PTBA,2420.0,2420.0,2370.0,2390.0,8821700
2021-04-28,PTBA,2400.0,2410.0,2380.0,2400.0,6040200
2021-04-29,PTBA,2420.0,2440.0,2400.0,2420.0,10663900
2021-04-30,PTBA,2420.0,2430.0,2360.0,2370.0,28344800
2021-05-03,PTBA,2350.0,2370.0,2280.0,2280.0,30773300
2021-05-04,PTBA,2280.0,2310.0,2270.0,2300.0,19078000
2021-05-05,PTBA,2300.0,2300.0,2270.0,2290.0,9690200
2021-05-06,PTBA,2300.0,2330.0,2290.0,2290.0,13024900
2021-05-07,PTBA,2300.0,2320.0,2280.0,2280.0,11633000
2021-05-10,PTBA,2290.0,2300.0,2250.0,2280.0,18400000
2021-05-11,PTBA,2280.0,2330.0,2260.0,2280.0,24415700
2021-05-17,PTBA,2320.0,2330.0,2250.0,2260.0,20751000
2021-05-18,PTBA,2270.0,2280.0,2230.0,2260.0,12949900
2021-05-19,PTBA,2270.0,2280.0,2220.0,2230.0,17102600
2021-05-20,PTBA,2230.0,2240.0,2150.0,2160.0,28546300
2021-05-21,PTBA,2190.0,2210.0,2140.0,2150.0,18400400
2021-05-24,PTBA,2190.0,2200.0,2120.0,2120.0,11103400
2021-05-25,PTBA,2150.0,2210.0,2130.0,2190.0,16105500
2021-05-27,PTBA,2190.0,2220.0,2180.0,2180.0,18092400
2021-05-28,PTBA,2190.0,2210.0,2170.0,2190.0,10980900
2021-05-31,PTBA,2190.0,2240.0,2190.0,2210.0,11327800
2021-06-02,PTBA,2240.0,2370.0,2230.0,2350.0,64936900
2021-06-03,PTBA,2350.0,2350.0,2300.0,2320.0,22029200
2021-06-04,PTBA,2300.0,2320.0,2280.0,2280.0,12600600
2021-06-07,PTBA,2280.0,2280.0,2220.0,2220.0,18213400
2021-06-08,PTBA,2260.0,2280.0,2190.0,2190.0,30094000
2021-06-09,PTBA,2200.0,2240.0,2190.0,2220.0,21115000
2021-06-10,PTBA,2240.0,2250.0,2200.0,2200.0,22824900
2021-06-11,PTBA,2230.0,2340.0,2190.0,2290.0,76607700
2021-06-14,PTBA,2300.0,2330.0,2260.0,2290.0,21724800
2021-06-15,PTBA,2290.0,2290.0,2220.0,2240.0,14850800
2021-06-16,PTBA,2220.0,2280.0,2190.0,2260.0,30760900
2021-06-17,PTBA,2230.0,2250.0,2200.0,2200.0,21771400
2021-06-18,PTBA,2180.0,2210.0,2110.0,2120.0,37712000
2021-06-21,PTBA,2100.0,2100.0,2050.0,2080.0,22927200
2021-06-22,PTBA,2100.0,2120.0,2080.0,2100.0,13637600
2021-06-23,PTBA,2110.0,2120.0,2050.0,2050.0,16552300
2021-06-24,PTBA,2050.0,2070.0,2020.0,2030.0,14156800
2021-06-25,PTBA,2040.0,2070.0,2020.0,2030.0,18516800
2021-06-28,PTBA,2050.0,2070.0,2010.0,2010.0,12391800
2021-06-29,PTBA,2000.0,2030.0,1995.0,2000.0,13399800
2021-06-30,PTBA,2000.0,2030.0,1995.0,2000.0,18161700
2021-07-01,PTBA,2030.0,2050.0,2000.0,2010.0,11926800
2021-07-02,PTBA,2030.0,2120.0,2020.0,2100.0,19535700
2021-07-05,PTBA,2110.0,2130.0,2040.0,2060.0,16037200
2021-07-06,PTBA,2110.0,2170.0,2090.0,2150.0,24718600
2021-07-07,PTBA,2130.0,2130.0,2100.0,2100.0,13590700
2021-07-08,PTBA,2110.0,2120.0,2060.0,2070.0,11132900
2021-07-09,PTBA,2090.0,2150.0,2060.0,2130.0,15219500
2021-07-12,PTBA,2150.0,2160.0,2120.0,2120.0,12700100
2021-07-13,PTBA,2120.0,2140.0,2060.0,2080.0,12721100
2021-07-14,PTBA,2080.0,2120.0,2060.0,2070.0,11271500
2021-07-15,PTBA,2070.0,2110.0,2070.0,2100.0,7678900
2021-07-16,PTBA,2100.0,2170.0,2100.0,2130.0,27623200
2021-07-19,PTBA,2140.0,2160.0,2120.0,2140.0,13533600
2021-07-21,PTBA,2140.0,2170.0,2110.0,2130.0,17241000
2021-07-22,PTBA,2150.0,2270.0,2140.0,2250.0,44501800
2021-07-23,PTBA,2300.0,2310.0,2220.0,2220.0,32513700
2021-07-26,PTBA,2220.0,2270.0,2220.0,2240.0,17187000
2021-07-27,PTBA,2260.0,2270.0,2210.0,2230.0,11666700
2021-07-28,PTBA,2230.0,2240.0,2180.0,2210.0,13950700
2021-07-29,PTBA,2220.0,2270.0,2190.0,2240.0,20433300
2021-07-30,PTBA,2230.0,2270.0,2200.0,2230.0,19335700
2021-08-02,PTBA,2250.0,2270.0,2210.0,2240.0,13784600
2021-08-03,PTBA,2240.0,2240.0,2210.0,2220.0,9003000
2021-08-04,PTBA,2250.0,2270.0,2230.0,2260.0,15136800
2021-08-05,PTBA,2270.0,2290.0,2190.0,2190.0,23635900
2021-08-06,PTBA,2210.0,2240.0,2200.0,2220.0,11295600
2021-08-09,PTBA,2240.0,2270.0,2200.0,2210.0,16669900
2021-08-10,PTBA,2240.0,2260.0,2210.0,2250.0,15439200
2021-08-12,PTBA,2270.0,2380.0,2250.0,2370.0,53808100
2021-08-13,PTBA,2380.0,2390.0,2310.0,2340.0,29949200
2021-08-16,PTBA,2350.0,2370.0,2320.0,2330.0,18091800
2021-08-18,PTBA,2320.0,2320.0,2240.0,2250.0,34384400
2021-08-19,PTBA,2250.0,2270.0,2130.0,2150.0,43424500
2021-08-20,PTBA,2150.0,2170.0,2100.0,2110.0,39361100
2021-08-23,PTBA,2120.0,2130.0,2080.0,2100.0,53197900
2021-08-24,PTBA,2120.0,2140.0,2070.0,2080.0,35462400
2021-08-25,PTBA,2090.0,2110.0,2090.0,2090.0,15412100
2021-08-26,PTBA,2100.0,2120.0,2080.0,2100.0,15548200
2021-08-27,PTBA,2100.0,2110.0,2080.0,2080.0,11491100
2021-08-30,PTBA,2100.0,2120.0,2090.0,2110.0,17414300
2021-08-31,PTBA,2110.0,2120.0,2100.0,2110.0,24026300
2021-09-01,PTBA,2150.0,2210.0,2150.0,2180.0,72378300
2021-09-02,PTBA,2200.0,2220.0,2170.0,2190.0,33632700
2021-09-03,PTBA,2200.0,2290.0,2200.0,2290.0,57376600
2021-09-06,PTBA,2300.0,2340.0,2290.0,2310.0,34645400
2021-09-07,PTBA,2320.0,2330.0,2270.0,2280.0,18759700
2021-09-08,PTBA,2280.0,2310.0,2250.0,2300.0,28186200
2021-09-09,PTBA,2300.0,2350.0,2280.0,2340.0,41081700
2021-09-10,PTBA,2340.0,2360.0,2310.0,2350.0,26774900
2021-09-13,PTBA,2350.0,2350.0,2310.0,2330.0,11547300
2021-09-14,PTBA,2350.0,2380.0,2340.0,2370.0,31209400
2021-09-15,PTBA,2360.0,2430.0,2350.0,2410.0,38499200
2021-09-16,PTBA,2420.0,2460.0,2380.0,2410.0,41284500
2021-09-17,PTBA,2350.0,2370.0,2300.0,2320.0,51739300
2021-09-20,PTBA,2320.0,2340.0,2270.0,2290.0,17119100
2021-09-21,PTBA,2290.0,2300.0,2230.0,2280.0,25481900
2021-09-22,PTBA,2290.0,2370.0,2280.0,2350.0,26238200
2021-09-23,PTBA,2390.0,2430.0,2360.0,2420.0,36159800
2021-09-24,PTBA,2450.0,2510.0,2440.0,2450.0,60322600
2021-09-27,PTBA,2460.0,2510.0,2440.0,2460.0,28935900
2021-09-28,PTBA,2500.0,2640.0,2500.0,2630.0,97944900
2021-09-29,PTBA,2610.0,2680.0,2600.0,2640.0,70824000
2021-09-30,PTBA,2640.0,2790.0,2640.0,2760.0,81040500
2021-10-01,PTBA,2760.0,2810.0,2700.0,2720.0,84607400
2021-10-04,PTBA,2780.0,2930.0,2780.0,2890.0,99049500
2021-10-05,PTBA,2950.0,3000.0,2800.0,2840.0,121685900
2021-10-06,PTBA,2920.0,2960.0,2810.0,2840.0,99269600
2021-10-07,PTBA,2750.0,2770.0,2660.0,2680.0,119597200
2021-10-08,PTBA,2690.0,2790.0,2690.0,2780.0,62867400
2021-10-11,PTBA,2810.0,2880.0,2780.0,2840.0,68436800
2021-10-12,PTBA,2880.0,2890.0,2810.0,2830.0,56681900
2021-10-13,PTBA,2830.0,2850.0,2790.0,2790.0,29495800
2021-10-14,PTBA,2800.0,2850.0,2790.0,2820.0,36796500
2021-10-15,PTBA,2820.0,2870.0,2800.0,2830.0,39191200
2021-10-18,PTBA,2810.0,2880.0,2800.0,2860.0,53083800
2021-10-19,PTBA,2860.0,2860.0,2810.0,2820.0,34372100
2021-10-21,PTBA,2780.0,2780.0,2670.0,2720.0,83092500
2021-10-22,PTBA,2560.0,2690.0,2560.0,2670.0,46458000
2021-10-25,PTBA,2830.0,2850.0,2720.0,2740.0,63608600
2021-10-26,PTBA,2790.0,2830.0,2750.0,2800.0,52184000
2021-10-27,PTBA,2840.0,2840.0,2760.0,2780.0,37901500
2021-10-28,PTBA,2730.0,2730.0,2610.0,2640.0,93386600
2021-10-29,PTBA,2600.0,2690.0,2590.0,2680.0,35804400
2021-11-01,PTBA,2630.0,2720.0,2580.0,2670.0,51187000
2021-11-02,PTBA,2650.0,2670.0,2580.0,2600.0,45731500
2021-11-03,PTBA,2640.0,2650.0,2600.0,2640.0,19187100
2021-11-04,PTBA,2690.0,2710.0,2650.0,2680.0,27267200
2021-11-05,PTBA,2680.0,2680.0,2630.0,2650.0,11416000
2021-11-08,PTBA,2670.0,2700.0,2670.0,2680.0,17516800
2021-11-09,PTBA,2720.0,2740.0,2680.0,2680.0,21991400
2021-11-10,PTBA,2690.0,2690.0,2650.0,2680.0,11782000
2021-11-11,PTBA,2670.0,2680.0,2640.0,2680.0,9624900
2021-11-12,PTBA,2680.0,2700.0,2640.0,2660.0,13547900
2021-11-15,PTBA,2660.0,2660.0,2500.0,2510.0,58991100
2021-11-16,PTBA,2510.0,2550.0,2500.0,2510.0,22806700
2021-11-17,PTBA,2540.0,2560.0,2520.0,2550.0,24562900
2021-11-18,PTBA,2550.0,2550.0,2510.0,2540.0,10476000
2021-11-19,PTBA,2550.0,2620.0,2530.0,2620.0,29270100
2021-11-22,PTBA,2620.0,2630.0,2560.0,2600.0,17143100
2021-11-23,PTBA,2670.0,2690.0,2620.0,2640.0,21397900
2021-11-24,PTBA,2680.0,2690.0,2650.0,2660.0,15699500
2021-11-25,PTBA,2690.0,2710.0,2650.0,2700.0,21725900
2021-11-26,PTBA,2690.0,2690.0,2580.0,2600.0,23076900
2021-11-29,PTBA,2520.0,2670.0,2520.0,2660.0,26057700
2021-11-30,PTBA,2610.0,2640.0,2580.0,2600.0,29610300
2021-12-01,PTBA,2580.0,2650.0,2580.0,2600.0,19843900
2021-12-02,PTBA,2600.0,2760.0,2590.0,2740.0,53396300
2021-12-03,PTBA,2740.0,2750.0,2690.0,2710.0,15291300
2021-12-06,PTBA,2710.0,2750.0,2690.0,2750.0,22381700
2021-12-07,PTBA,2770.0,2800.0,2710.0,2750.0,21647800
2021-12-08,PTBA,2750.0,2760.0,2710.0,2720.0,15037900
2021-12-09,PTBA,2740.0,2750.0,2710.0,2720.0,15640600
2021-12-10,PTBA,2720.0,2740.0,2650.0,2740.0,30834000
2021-12-13,PTBA,2750.0,2750.0,2710.0,2710.0,19058600
2021-12-14,PTBA,2710.0,2730.0,2670.0,2730.0,16520100
2021-12-15,PTBA,2730.0,2770.0,2700.0,2700.0,34563600
2021-12-16,PTBA,2730.0,2730.0,2660.0,2680.0,23601400
2021-12-17,PTBA,2700.0,2730.0,2660.0,2730.0,17001300
2021-12-20,PTBA,2690.0,2700.0,2650.0,2650.0,22005300
2021-12-21,PTBA,2660.0,2690.0,2650.0,2690.0,12443700
2021-12-22,PTBA,2700.0,2720.0,2690.0,2700.0,18016500
2021-12-23,PTBA,2710.0,2720.0,2680.0,2700.0,9183800
2021-12-24,PTBA,2700.0,2740.0,2670.0,2710.0,15486400
2021-12-27,PTBA,2730.0,2730.0,2690.0,2700.0,6821500
2021-12-28,PTBA,2710.0,2830.0,2700.0,2800.0,108072700
2021-12-29,PTBA,2800.0,2820.0,2750.0,2790.0,28686800
2021-12-30,PTBA,2750.0,2760.0,2700.0,2710.0,24442600
2022-01-03,PTBA,2660.0,2680.0,2600.0,2670.0,40712700
2022-01-04,PTBA,2670.0,2720.0,2640.0,2700.0,27350500
2022-01-05,PTBA,2740.0,2770.0,2710.0,2730.0,34201700
2022-01-06,PTBA,2710.0,2730.0,2660.0,2700.0,23256700
2022-01-07,PTBA,2730.0,2790.0,2700.0,2790.0,69207200
2022-01-10,PTBA,2790.0,2790.0,2740.0,2780.0,14976200
2022-01-11,PTBA,2850.0,2880.0,2790.0,2830.0,78645300
2022-01-12,PTBA,2830.0,2850.0,2760.0,2760.0,19484700
2022-01-13,PTBA,2770.0,2830.0,2770.0,2810.0,24127600
2022-01-14,PTBA,2830.0,2840.0,2790.0,2830.0,28433000
2022-01-17,PTBA,2850.0,2860.0,2780.0,2810.0,17583800
2022-01-18,PTBA,2830.0,2830.0,2730.0,2820.0,22623300
2022-01-19,PTBA,2820.0,2830.0,2780.0,2810.0,12803500
2022-01-20,PTBA,2830.0,2850.0,2800.0,2820.0,18520300
2022-01-21,PTBA,2800.0,2830.0,2790.0,2830.0,10488600
2022-01-24,PTBA,2830.0,2890.0,2820.0,2870.0,41539700
2022-01-25,PTBA,2870.0,2880.0,2790.0,2810.0,22515400
2022-01-26,PTBA,2810.0,2870.0,2810.0,2870.0,20867000
2022-01-27,PTBA,2860.0,2920.0,2840.0,2900.0,47926500
2022-01-28,PTBA,2890.0,2910.0,2860.0,2880.0,22974900
2022-01-31,PTBA,2890.0,2890.0,2830.0,2850.0,14587800
2022-02-02,PTBA,2850.0,2860.0,2800.0,2810.0,16747000
2022-02-03,PTBA,2810.0,2830.0,2750.0,2820.0,17408000
2022-02-04,PTBA,2820.0,2820.0,2790.0,2790.0,10788200
2022-02-07,PTBA,2800.0,2850.0,2790.0,2820.0,15870300
2022-02-08,PTBA,2850.0,2860.0,2810.0,2840.0,12237700
2022-02-09,PTBA,2840.0,2900.0,2820.0,2870.0,26572100
2022-02-10,PTBA,2860.0,2890.0,2840.0,2840.0,9756900
2022-02-11,PTBA,2830.0,2890.0,2820.0,2880.0,22618000
2022-02-14,PTBA,2860.0,2950.0,2850.0,2910.0,44303800
2022-02-15,PTBA,2910.0,2920.0,2890.0,2910.0,34432700
2022-02-16,PTBA,2910.0,2920.0,2890.0,2900.0,18397500
2022-02-17,PTBA,2900.0,2920.0,2880.0,2900.0,22027700
2022-02-18,PTBA,2890.0,2940.0,2880.0,2930.0,21449300
2022-02-21,PTBA,2940.0,2980.0,2920.0,2940.0,39800200
2022-02-22,PTBA,2940.0,2970.0,2910.0,2940.0,21463000
2022-02-23,PTBA,2990.0,3030.0,2960.0,3010.0,70217300
2022-02-24,PTBA,3020.0,3170.0,2980.0,3170.0,131871800
2022-02-25,PTBA,3200.0,3240.0,3130.0,3140.0,73101000
2022-03-01,PTBA,3170.0,3280.0,3170.0,3190.0,61140500
2022-03-02,PTBA,3260.0,3290.0,3220.0,3250.0,48840200
2022-03-04,PTBA,3300.0,3550.0,3300.0,3540.0,99834700
2022-03-07,PTBA,3600.0,3760.0,3560.0,3620.0,112276900
2022-03-08,PTBA,3620.0,3620.0,3450.0,3480.0,74669100
2022-03-09,PTBA,3480.0,3580.0,3450.0,3540.0,44823300
2022-03-10,PTBA,3470.0,3540.0,3360.0,3470.0,54914800
2022-03-11,PTBA,3390.0,3540.0,3390.0,3480.0,30616000
2022-03-14,PTBA,3480.0,3520.0,3260.0,3310.0,58766900
2022-03-15,PTBA,3300.0,3400.0,3230.0,3300.0,39740800
2022-03-16,PTBA,3310.0,3390.0,3310.0,3380.0,19332100
2022-03-17,PTBA,3380.0,3380.0,3310.0,3320.0,12122900
2022-03-18,PTBA,3340.0,3380.0,3190.0,3190.0,173133100
2022-03-21,PTBA,3230.0,3270.0,3190.0,3220.0,55014500
2022-03-22,PTBA,3220.0,3320.0,3220.0,3300.0,32211000
2022-03-23,PTBA,3330.0,3340.0,3290.0,3330.0,25727600
2022-03-24,PTBA,3360.0,3390.0,3320.0,3350.0,26027000
2022-03-25,PTBA,3360.0,3370.0,3310.0,3320.0,18989500
2022-03-28,PTBA,3320.0,3440.0,3320.0,3430.0,31588100
2022-03-29,PTBA,3450.0,3450.0,3360.0,3370.0,33505700
2022-03-30,PTBA,3370.0,3380.0,3260.0,3280.0,43628200
2022-03-31,PTBA,3280.0,3340.0,3280.0,3290.0,13814700
2022-04-01,PTBA,3290.0,3360.0,3270.0,3330.0,20596500
2022-04-04,PTBA,3350.0,3370.0,3330.0,3360.0,17373500
2022-04-05,PTBA,3360.0,3480.0,3360.0,3480.0,38725700
2022-04-06,PTBA,3520.0,3530.0,3480.0,3490.0,60587800
2022-04-07,PTBA,3510.0,3510.0,3440.0,3500.0,28540400
2022-04-08,PTBA,3500.0,3600.0,3480.0,3600.0,40875900
2022-04-11,PTBA,3600.0,3670.0,3550.0,3550.0,44012000
2022-04-12,PTBA,3550.0,3570.0,3490.0,3510.0,27267200
2022-04-13,PTBA,3570.0,3760.0,3540.0,3760.0,93553600
2022-04-14,PTBA,3760.0,3790.0,3720.0,3770.0,40945400
2022-04-18,PTBA,3740.0,3820.0,3720.0,3760.0,28935400
2022-04-19,PTBA,3750.0,3780.0,3730.0,3750.0,23595300
2022-04-20,PTBA,3770.0,3810.0,3660.0,3700.0,43015000
2022-04-21,PTBA,3710.0,3830.0,3710.0,3720.0,41534000
2022-04-22,PTBA,3710.0,3750.0,3670.0,3690.0,21773500
2022-04-25,PTBA,3650.0,3710.0,3610.0,3700.0,24476200
2022-04-26,PTBA,3700.0,3720.0,3610.0,3640.0,24081900
2022-04-27,PTBA,3620.0,3700.0,3620.0,3700.0,20516600
2022-04-28,PTBA,3710.0,3850.0,3700.0,3820.0,47082900
2022-05-09,PTBA,3850.0,3860.0,3690.0,3770.0,55066700
2022-05-10,PTBA,3660.0,3710.0,3560.0,3660.0,89346300
2022-05-11,PTBA,3680.0,3760.0,3680.0,3710.0,41108200
2022-05-12,PTBA,3720.0,3770.0,3630.0,3650.0,54157300
2022-05-13,PTBA,3710.0,3830.0,3670.0,3800.0,52937900
2022-05-17,PTBA,3850.0,4130.0,3840.0,4100.0,108021000
2022-05-18,PTBA,4100.0,4130.0,3920.0,4000.0,123533500
2022-05-19,PTBA,3940.0,3970.0,3890.0,3950.0,47998400
2022-05-20,PTBA,3990.0,4100.0,3980.0,4050.0,58291500
2022-05-23,PTBA,4100.0,4160.0,4070.0,4100.0,71425900
2022-05-24,PTBA,4120.0,4440.0,3920.0,4400.0,245375200
2022-05-25,PTBA,4500.0,4520.0,4380.0,4390.0,142694400
2022-05-27,PTBA,4420.0,4440.0,4390.0,4420.0,59131500
2022-05-30,PTBA,4460.0,4540.0,4420.0,4430.0,70833100
2022-05-31,PTBA,4460.0,4540.0,4440.0,4530.0,99567500
2022-06-02,PTBA,4550.0,4630.0,4530.0,4550.0,137664800
2022-06-03,PTBA,4580.0,4630.0,4540.0,4630.0,160576400
2022-06-06,PTBA,4310.0,4310.0,4310.0,4310.0,5083700
2022-06-07,PTBA,4010.0,4100.0,4010.0,4070.0,341714900
2022-06-08,PTBA,4030.0,4060.0,4000.0,4050.0,97305700
2022-06-09,PTBA,4050.0,4130.0,4040.0,4070.0,69345500
2022-06-10,PTBA,4050.0,4070.0,3900.0,3920.0,69686500
2022-06-13,PTBA,3830.0,3880.0,3740.0,3870.0,86455600
2022-06-14,PTBA,3860.0,3910.0,3810.0,3880.0,43898700
2022-06-15,PTBA,3880.0,3880.0,3680.0,3680.0,69214900
2022-06-16,PTBA,3730.0,3860.0,3720.0,3820.0,64469500
2022-06-17,PTBA,3790.0,3790.0,3710.0,3730.0,43960700
2022-06-20,PTBA,3740.0,3770.0,3680.0,3730.0,27244500
2022-06-21,PTBA,3800.0,4070.0,3780.0,4030.0,153209600
2022-06-22,PTBA,4050.0,4170.0,4050.0,4120.0,127231900
2022-06-23,PTBA,4150.0,4160.0,3990.0,4090.0,64292400
2022-06-24,PTBA,4110.0,4140.0,4080.0,4090.0,34837300
2022-06-27,PTBA,4090.0,4090.0,3930.0,3970.0,40998500
2022-06-28,PTBA,3990.0,4040.0,3960.0,4030.0,33674700
2022-06-29,PTBA,4020.0,4060.0,3980.0,3990.0,24862800
2022-06-30,PTBA,3890.0,3930.0,3790.0,3820.0,60279700
2022-07-01,PTBA,3820.0,3880.0,3700.0,3720.0,52894800
2022-07-04,PTBA,3720.0,3790.0,3620.0,3680.0,50271500
2022-07-05,PTBA,3750.0,3970.0,3750.0,3950.0,60671300
2022-07-06,PTBA,3900.0,3920.0,3780.0,3860.0,26374200
2022-07-07,PTBA,3860.0,3900.0,3800.0,3850.0,14136700
2022-07-08,PTBA,3960.0,4010.0,3920.0,3930.0,37218100
2022-07-11,PTBA,3940.0,3970.0,3850.0,3870.0,11693400
2022-07-12,PTBA,3920.0,4010.0,3890.0,3980.0,36237800
2022-07-13,PTBA,4000.0,4050.0,3980.0,4030.0,43410200
2022-07-14,PTBA,4020.0,4080.0,3980.0,4060.0,36588500
2022-07-15,PTBA,4030.0,4030.0,3910.0,3940.0,21496700
2022-07-18,PTBA,3920.0,3940.0,3870.0,3890.0,15850200
2022-07-19,PTBA,3880.0,4020.0,3870.0,3980.0,22969200
2022-07-20,PTBA,4020.0,4060.0,4020.0,4030.0,31963000
2022-07-21,PTBA,4040.0,4060.0,4010.0,4020.0,8932100
2022-07-22,PTBA,4030.0,4090.0,4000.0,4050.0,20685700
2022-07-25,PTBA,4080.0,4120.0,4060.0,4060.0,17318700
2022-07-26,PTBA,4090.0,4110.0,4060.0,4090.0,19512700
2022-07-27,PTBA,4110.0,4300.0,4110.0,4270.0,77959700
2022-07-28,PTBA,4290.0,4310.0,4180.0,4270.0,46216600
2022-07-29,PTBA,4270.0,4350.0,4270.0,4300.0,42404400
2022-08-01,PTBA,4300.0,4340.0,4250.0,4280.0,26438200
2022-08-02,PTBA,4280.0,4300.0,4180.0,4190.0,22471500
2022-08-03,PTBA,4200.0,4270.0,4190.0,4230.0,18590500
2022-08-04,PTBA,4230.0,4230.0,4100.0,4110.0,27594700
2022-08-05,PTBA,4080.0,4150.0,4030.0,4120.0,42041100
2022-08-08,PTBA,4100.0,4100.0,4010.0,4040.0,44836600
2022-08-09,PTBA,4070.0,4140.0,4050.0,4070.0,36672200
2022-08-10,PTBA,4100.0,4210.0,4080.0,4170.0,44328300
2022-08-11,PTBA,4250.0,4270.0,4140.0,4150.0,44076200
2022-08-12,PTBA,4150.0,4180.0,4110.0,4150.0,16067100
2022-08-15,PTBA,4150.0,4200.0,4110.0,4130.0,16300500
2022-08-16,PTBA,4130.0,4150.0,4070.0,4080.0,19514200
2022-08-18,PTBA,4130.0,4180.0,4100.0,4130.0,16799000
2022-08-19,PTBA,4170.0,4230.0,4150.0,4210.0,29511500
2022-08-22,PTBA,4200.0,4220.0,4080.0,4100.0,26489200
2022-08-23,PTBA,4100.0,4280.0,4090.0,4250.0,45538300
2022-08-24,PTBA,4240.0,4340.0,4220.0,4330.0,41538600
2022-08-25,PTBA,4330.0,4510.0,4310.0,4360.0,126329500
2022-08-26,PTBA,4400.0,4420.0,4360.0,4360.0,40084500
2022-08-29,PTBA,4300.0,4390.0,4260.0,4360.0,34708100
2022-08-30,PTBA,4380.0,4430.0,4310.0,4340.0,34388600
2022-08-31,PTBA,4320.0,4330.0,4170.0,4250.0,74260800
2022-09-01,PTBA,4250.0,4320.0,4220.0,4240.0,32141600
2022-09-02,PTBA,4280.0,4320.0,4240.0,4260.0,27124700
2022-09-05,PTBA,4270.0,4470.0,4270.0,4450.0,73175300
2022-09-06,PTBA,4500.0,4530.0,4470.0,4470.0,35981300
2022-09-07,PTBA,4460.0,4460.0,4370.0,4430.0,21382600
2022-09-08,PTBA,4400.0,4400.0,4310.0,4330.0,31126800
2022-09-09,PTBA,4330.0,4370.0,4260.0,4310.0,26030100
2022-09-12,PTBA,4340.0,4360.0,4310.0,4340.0,12531400
2022-09-13,PTBA,4360.0,4390.0,4330.0,4370.0,13358400
2022-09-14,PTBA,4370.0,4390.0,4310.0,4360.0,17757300
2022-09-15,PTBA,4390.0,4480.0,4380.0,4410.0,28087800
2022-09-16,PTBA,4410.0,4420.0,4300.0,4320.0,35922800
2022-09-19,PTBA,4320.0,4330.0,4200.0,4220.0,38555600
2022-09-20,PTBA,4230.0,4260.0,4180.0,4200.0,25845100
2022-09-21,PTBA,4200.0,4210.0,4160.0,4210.0,25503200
2022-09-22,PTBA,4210.0,4350.0,4200.0,4340.0,30196900
2022-09-23,PTBA,4320.0,4330.0,4250.0,4300.0,13667700
2022-09-26,PTBA,4210.0,4240.0,4090.0,4150.0,50781400
2022-09-27,PTBA,4150.0,4200.0,4140.0,4170.0,16453700
2022-09-28,PTBA,4140.0,4200.0,4140.0,4150.0,14137400
2022-09-29,PTBA,4160.0,4190.0,4130.0,4140.0,14467700
2022-09-30,PTBA,4120.0,4180.0,4070.0,4170.0,18311600
2022-10-03,PTBA,4150.0,4170.0,4130.0,4160.0,10035000
2022-10-04,PTBA,4230.0,4240.0,4200.0,4240.0,18377000
2022-10-05,PTBA,4250.0,4270.0,4200.0,4210.0,13327400
2022-10-06,PTBA,4200.0,4320.0,4200.0,4230.0,29068300
2022-10-07,PTBA,4230.0,4290.0,4230.0,4290.0,13954900
2022-10-10,PTBA,4230.0,4240.0,4140.0,4150.0,30417100
2022-10-11,PTBA,4160.0,4250.0,4160.0,4220.0,13346800
2022-10-12,PTBA,4230.0,4300.0,4210.0,4260.0,23061800
2022-10-13,PTBA,4310.0,4330.0,4250.0,4250.0,30507400
2022-10-14,PTBA,4280.0,4300.0,4230.0,4230.0,14881500
2022-10-17,PTBA,4230.0,4270.0,4180.0,4250.0,12921500
2022-10-18,PTBA,4280.0,4280.0,3960.0,3960.0,82991500
2022-10-19,PTBA,3720.0,3870.0,3690.0,3730.0,181494300
2022-10-20,PTBA,3750.0,3890.0,3750.0,3830.0,142412300
2022-10-21,PTBA,3860.0,3870.0,3790.0,3830.0,33609400
2022-10-24,PTBA,3840.0,3860.0,3780.0,3780.0,32953300
2022-10-25,PTBA,3780.0,3780.0,3730.0,3750.0,31677000
2022-10-26,PTBA,3710.0,3850.0,3710.0,3810.0,34456500
2022-10-27,PTBA,3850.0,3870.0,3780.0,3790.0,52332800
2022-10-28,PTBA,3810.0,3830.0,3780.0,3790.0,17110100
2022-10-31,PTBA,3810.0,3920.0,3800.0,3910.0,61756700
2022-11-01,PTBA,3880.0,3880.0,3740.0,3750.0,53983400
2022-11-02,PTBA,3750.0,3800.0,3710.0,3740.0,38596200
2022-11-03,PTBA,3750.0,3790.0,3720.0,3750.0,19265200
2022-11-04,PTBA,3760.0,3790.0,3750.0,3750.0,23911100
2022-11-07,PTBA,3760.0,3840.0,3760.0,3830.0,20922900
2022-11-08,PTBA,3800.0,3810.0,3760.0,3790.0,19180800
2022-11-09,PTBA,3780.0,3780.0,3660.0,3660.0,58128700
2022-11-10,PTBA,3550.0,3580.0,3430.0,3470.0,84559700
2022-11-11,PTBA,3470.0,3520.0,3460.0,3480.0,27996300
2022-11-14,PTBA,3490.0,3550.0,3460.0,3480.0,27835700
2022-11-15,PTBA,3510.0,3530.0,3470.0,3500.0,16334300
2022-11-16,PTBA,3540.0,3560.0,3490.0,3500.0,23171500
2022-11-17,PTBA,3500.0,3560.0,3460.0,3550.0,13789700
2022-11-18,PTBA,3550.0,3570.0,3520.0,3550.0,11151000
2022-11-21,PTBA,3550.0,3650.0,3550.0,3650.0,21065200
2022-11-22,PTBA,3650.0,3690.0,3630.0,3690.0,15741500
2022-11-23,PTBA,3690.0,3740.0,3680.0,3700.0,11413000
2022-11-24,PTBA,3700.0,3720.0,3680.0,3690.0,6081200
2022-11-25,PTBA,3690.0,3700.0,3640.0,3640.0,6007100
2022-11-28,PTBA,3640.0,3710.0,3640.0,3680.0,9513300
2022-11-29,PTBA,3730.0,3770.0,3710.0,3750.0,14829100
2022-11-30,PTBA,3780.0,3810.0,3770.0,3800.0,26589900
2022-12-01,PTBA,3820.0,3850.0,3800.0,3810.0,13035900
2022-12-02,PTBA,3800.0,3810.0,3760.0,3770.0,8869700
2022-12-05,PTBA,3800.0,3800.0,3690.0,3690.0,10447500
2022-12-06,PTBA,3720.0,3730.0,3650.0,3660.0,10636100
2022-12-07,PTBA,3670.0,3740.0,3670.0,3690.0,15604000
2022-12-08,PTBA,3700.0,3710.0,3610.0,3700.0,12590200
2022-12-09,PTBA,3680.0,3680.0,3610.0,3620.0,11010300
2022-12-12,PTBA,3620.0,3820.0,3620.0,3800.0,24873400
2022-12-13,PTBA,3800.0,3800.0,3720.0,3720.0,13723700
2022-12-14,PTBA,3760.0,3840.0,3750.0,3790.0,21040500
2022-12-15,PTBA,3780.0,3830.0,3760.0,3770.0,14399200
2022-12-16,PTBA,3750.0,3800.0,3720.0,3800.0,15471000
2022-12-19,PTBA,3800.0,3820.0,3780.0,3820.0,11047100
2022-12-20,PTBA,3810.0,3820.0,3760.0,3770.0,12167500
2022-12-21,PTBA,3790.0,3790.0,3740.0,3760.0,6824700
2022-12-22,PTBA,3760.0,3800.0,3740.0,3760.0,5661500
2022-12-23,PTBA,3750.0,3760.0,3730.0,3740.0,6330000
2022-12-26,PTBA,3740.0,3750.0,3690.0,3700.0,9093600
2022-12-27,PTBA,3690.0,3710.0,3670.0,3690.0,6339500
2022-12-28,PTBA,3690.0,3710.0,3660.0,3670.0,5923500
2022-12-29,PTBA,3670.0,3690.0,3660.0,3670.0,5196900
2022-12-30,PTBA,3670.0,3700.0,3650.0,3690.0,9279800
2023-01-02,PTBA,3690.0,3740.0,3680.0,3690.0,3809800
2023-01-03,PTBA,3690.0,3740.0,3680.0,3730.0,8567800
2023-01-04,PTBA,3730.0,3730.0,3620.0,3620.0,13984400
2023-01-05,PTBA,3620.0,3630.0,3390.0,3410.0,29603400
2023-01-06,PTBA,3400.0,3500.0,3380.0,3430.0,17087900
2023-01-09,PTBA,3430.0,3450.0,3260.0,3280.0,33010300
2023-01-10,PTBA,3280.0,3370.0,3240.0,3360.0,17511900
2023-01-11,PTBA,3380.0,3410.0,3310.0,3400.0,11056600
2023-01-12,PTBA,3360.0,3380.0,3330.0,3330.0,10809700
2023-01-13,PTBA,3330.0,3360.0,3320.0,3330.0,6907600
2023-01-16,PTBA,3320.0,3350.0,3300.0,3320.0,6438200
2023-01-17,PTBA,3310.0,3390.0,3300.0,3350.0,8112900
2023-01-18,PTBA,3360.0,3460.0,3360.0,3410.0,10347000
2023-01-19,PTBA,3410.0,3490.0,3410.0,3490.0,9464800
2023-01-20,PTBA,3500.0,3570.0,3480.0,3570.0,12454900
2023-01-24,PTBA,3560.0,3560.0,3510.0,3540.0,12646500
2023-01-25,PTBA,3540.0,3540.0,3480.0,3480.0,9716900
2023-01-26,PTBA,3440.0,3440.0,3360.0,3390.0,16932400
2023-01-27,PTBA,3430.0,3480.0,3420.0,3470.0,12588300
2023-01-30,PTBA,3470.0,3540.0,3430.0,3450.0,8147600
2023-01-31,PTBA,3420.0,3480.0,3400.0,3400.0,16209800
2023-02-01,PTBA,3400.0,3430.0,3360.0,3380.0,13751700
2023-02-02,PTBA,3390.0,3420.0,3370.0,3420.0,12761100
2023-02-03,PTBA,3390.0,3400.0,3320.0,3330.0,17534100
2023-02-06,PTBA,3330.0,3350.0,3250.0,3260.0,31840600
2023-02-07,PTBA,3340.0,3470.0,3330.0,3470.0,34808600
2023-02-08,PTBA,3500.0,3530.0,3420.0,3490.0,15272900
2023-02-09,PTBA,3450.0,3490.0,3400.0,3480.0,15367900
2023-02-10,PTBA,3430.0,3430.0,3350.0,3370.0,20199900
2023-02-13,PTBA,3400.0,3440.0,3360.0,3370.0,12384800
2023-02-14,PTBA,3370.0,3430.0,3360.0,3400.0,7805600
2023-02-15,PTBA,3400.0,3510.0,3400.0,3440.0,18276700
2023-02-16,PTBA,3450.0,3520.0,3430.0,3510.0,13802700
2023-02-17,PTBA,3490.0,3500.0,3470.0,3490.0,8531200
2023-02-20,PTBA,3490.0,3580.0,3470.0,3570.0,11345300
2023-02-21,PTBA,3580.0,3580.0,3520.0,3520.0,5918800
2023-02-22,PTBA,3550.0,3590.0,3510.0,3540.0,6890700
2023-02-23,PTBA,3560.0,3610.0,3540.0,3560.0,8374700
2023-02-24,PTBA,3600.0,3680.0,3570.0,3660.0,15629200
2023-02-27,PTBA,3710.0,3780.0,3700.0,3730.0,17146400
2023-02-28,PTBA,3730.0,3870.0,3730.0,3860.0,36876800
2023-03-01,PTBA,3860.0,3900.0,3860.0,3880.0,19526100
2023-03-02,PTBA,3880.0,4000.0,3820.0,4000.0,36403900
2023-03-03,PTBA,4010.0,4020.0,3940.0,4010.0,24567900
2023-03-06,PTBA,4000.0,4000.0,3900.0,3990.0,19550700
2023-03-07,PTBA,3950.0,3970.0,3830.0,3830.0,24036800
2023-03-08,PTBA,3790.0,3890.0,3770.0,3860.0,22532000
2023-03-09,PTBA,3860.0,3940.0,3860.0,3940.0,23742100
2023-03-10,PTBA,3940.0,3940.0,3880.0,3890.0,12200200
2023-03-13,PTBA,3890.0,3930.0,3860.0,3930.0,16218900
2023-03-14,PTBA,3920.0,3920.0,3830.0,3830.0,23028400
2023-03-15,PTBA,3850.0,3880.0,3810.0,3810.0,11839300
2023-03-16,PTBA,3790.0,3820.0,3640.0,3650.0,28905300
2023-03-17,PTBA,3660.0,3880.0,3660.0,3880.0,144938200
2023-03-20,PTBA,3810.0,3840.0,3760.0,3830.0,13420800
2023-03-21,PTBA,3810.0,3810.0,3750.0,3750.0,9262600
2023-03-24,PTBA,3770.0,3800.0,3710.0,3710.0,11071300
2023-03-27,PTBA,3730.0,3770.0,3700.0,3700.0,11044100
2023-03-28,PTBA,3740.0,3840.0,3710.0,3810.0,20342500
2023-03-29,PTBA,3860.0,3960.0,3830.0,3910.0,27957300
2023-03-30,PTBA,3920.0,3950.0,3850.0,3870.0,16050300
2023-03-31,PTBA,3870.0,3990.0,3870.0,3990.0,22278900
2023-04-03,PTBA,4000.0,4060.0,3990.0,4040.0,31523300
2023-04-04,PTBA,4090.0,4150.0,4050.0,4100.0,25067200
2023-04-05,PTBA,4100.0,4100.0,4050.0,4070.0,12105400
2023-04-06,PTBA,4060.0,4090.0,4030.0,4030.0,9000200
2023-04-10,PTBA,4030.0,4050.0,3930.0,3960.0,13363600
2023-04-11,PTBA,3960.0,4010.0,3950.0,3980.0,12151300
2023-04-12,PTBA,3990.0,3990.0,3920.0,3920.0,16002900
2023-04-13,PTBA,3940.0,4060.0,3940.0,3980.0,21928200
2023-04-14,PTBA,3980.0,4030.0,3930.0,3970.0,18329300
2023-04-17,PTBA,3970.0,4000.0,3940.0,3950.0,14543500
2023-04-18,PTBA,3950.0,4080.0,3950.0,4040.0,22457900
2023-04-26,PTBA,4040.0,4140.0,4040.0,4140.0,35310300
2023-04-27,PTBA,4140.0,4140.0,4110.0,4130.0,10775200
2023-04-28,PTBA,4130.0,4200.0,4120.0,4140.0,18429100
2023-05-02,PTBA,3860.0,3860.0,3860.0,3860.0,14301100
2023-05-03,PTBA,3590.0,3590.0,3590.0,3590.0,24435700
2023-05-04,PTBA,3510.0,3610.0,3390.0,3410.0,125846600
2023-05-05,PTBA,3400.0,3400.0,3310.0,3360.0,53580000
2023-05-08,PTBA,3380.0,3520.0,3380.0,3490.0,41505500
2023-05-09,PTBA,3510.0,3520.0,3470.0,3490.0,17810800
2023-05-10,PTBA,3490.0,3540.0,3480.0,3490.0,13856500
2023-05-11,PTBA,3500.0,3510.0,3420.0,3440.0,18151200
2023-05-12,PTBA,3440.0,3460.0,3400.0,3400.0,13302600
2023-05-15,PTBA,3400.0,3460.0,3380.0,3410.0,12768700
2023-05-16,PTBA,3430.0,3450.0,3340.0,3370.0,14421100
2023-05-17,PTBA,3370.0,3370.0,3250.0,3270.0,37555700
2023-05-19,PTBA,3250.0,3250.0,3100.0,3120.0,43420000
2023-05-22,PTBA,3140.0,3220.0,3140.0,3160.0,33256500
2023-05-23,PTBA,3160.0,3250.0,3150.0,3150.0,23083500
2023-05-24,PTBA,3150.0,3190.0,3110.0,3110.0,16240300
2023-05-25,PTBA,3050.0,3090.0,3010.0,3010.0,40149100
2023-05-26,PTBA,3000.0,3060.0,2930.0,2940.0,30321200
2023-05-29,PTBA,2980.0,2980.0,2840.0,2960.0,36353800
2023-05-30,PTBA,2960.0,3120.0,2930.0,3090.0,31065600
2023-05-31,PTBA,3040.0,3100.0,2990.0,3060.0,30729400
2023-06-05,PTBA,3090.0,3170.0,3080.0,3150.0,22083900
2023-06-06,PTBA,3240.0,3300.0,3200.0,3280.0,41069800
2023-06-07,PTBA,3260.0,3260.0,3170.0,3190.0,35833900
2023-06-08,PTBA,3230.0,3310.0,3210.0,3300.0,26853300
2023-06-09,PTBA,3320.0,3390.0,3270.0,3380.0,28242500
2023-06-12,PTBA,3390.0,3540.0,3390.0,3530.0,44733700
2023-06-13,PTBA,3520.0,3550.0,3460.0,3490.0,51190800
2023-06-14,PTBA,3510.0,3530.0,3440.0,3480.0,44344200
2023-06-15,PTBA,3490.0,3640.0,3460.0,3630.0,97154700
2023-06-16,PTBA,4000.0,4060.0,3820.0,3820.0,284014900
2023-06-19,PTBA,3820.0,3870.0,3770.0,3790.0,63449900
2023-06-20,PTBA,3810.0,3870.0,3810.0,3850.0,62961300
2023-06-21,PTBA,3870.0,3880.0,3840.0,3850.0,61158000
2023-06-22,PTBA,3850.0,3870.0,3750.0,3780.0,111652300
2023-06-23,PTBA,3780.0,3810.0,3680.0,3700.0,225347500
2023-06-26,PTBA,3150.0,3150.0,3150.0,3150.0,4857300
2023-06-27,PTBA,2680.0,2680.0,2680.0,2680.0,64168100
2023-07-03,PTBA,2670.0,2750.0,2660.0,2720.0,116625000
2023-07-04,PTBA,2730.0,2750.0,2720.0,2730.0,33908200
2023-07-05,PTBA,2740.0,2810.0,2740.0,2780.0,47096400
2023-07-06,PTBA,2790.0,2830.0,2790.0,2810.0,33725200
2023-07-07,PTBA,2800.0,2800.0,2760.0,2770.0,26853600
2023-07-10,PTBA,2770.0,2800.0,2770.0,2780.0,20234400
2023-07-11,PTBA,2770.0,2770.0,2730.0,2760.0,24286200
2023-07-12,PTBA,2760.0,2760.0,2730.0,2730.0,26430800
2023-07-13,PTBA,2720.0,2740.0,2710.0,2740.0,16924300
2023-07-14,PTBA,2740.0,2790.0,2740.0,2770.0,22841800
2023-07-17,PTBA,2790.0,2810.0,2780.0,2790.0,20966500
2023-07-18,PTBA,2790.0,2800.0,2750.0,2750.0,17228700
2023-07-20,PTBA,2770.0,2790.0,2760.0,2770.0,9100600
2023-07-21,PTBA,2780.0,2800.0,2770.0,2790.0,16007800
2023-07-24,PTBA,2820.0,2880.0,2800.0,2880.0,52006600
2023-07-25,PTBA,2890.0,2910.0,2840.0,2850.0,51691700
2023-07-26,PTBA,2860.0,2890.0,2850.0,2880.0,25935800
2023-07-27,PTBA,2880.0,2880.0,2830.0,2830.0,19828800
2023-07-28,PTBA,2820.0,2820.0,2760.0,2800.0,15406900
2023-07-31,PTBA,2790.0,2820.0,2760.0,2770.0,25251600
2023-08-01,PTBA,2770.0,2790.0,2730.0,2730.0,23270900
2023-08-02,PTBA,2730.0,2760.0,2720.0,2740.0,13498100
2023-08-03,PTBA,2740.0,2760.0,2730.0,2740.0,8719400
2023-08-04,PTBA,2760.0,2810.0,2760.0,2780.0,17940600
2023-08-07,PTBA,2780.0,2790.0,2760.0,2770.0,8800700
2023-08-08,PTBA,2780.0,2800.0,2760.0,2770.0,12299300
2023-08-09,PTBA,2770.0,2800.0,2760.0,2780.0,12224700
2023-08-10,PTBA,2800.0,2820.0,2780.0,2790.0,13118900
2023-08-11,PTBA,2800.0,2800.0,2770.0,2770.0,9851300
2023-08-14,PTBA,2770.0,2790.0,2750.0,2780.0,11758100
2023-08-15,PTBA,2780.0,2810.0,2770.0,2790.0,15620300
2023-08-16,PTBA,2800.0,2800.0,2770.0,2770.0,8650100
2023-08-18,PTBA,2780.0,2820.0,2770.0,2790.0,21852700
2023-08-21,PTBA,2800.0,2820.0,2790.0,2800.0,19218000
2023-08-22,PTBA,2810.0,2990.0,2810.0,2990.0,116091200
2023-08-23,PTBA,3010.0,3070.0,3010.0,3020.0,64887800
2023-08-24,PTBA,3000.0,3020.0,2950.0,2950.0,35075400
2023-08-25,PTBA,2940.0,2950.0,2880.0,2910.0,19594600
2023-08-28,PTBA,2930.0,2980.0,2930.0,2970.0,17600500
2023-08-29,PTBA,3000.0,3010.0,2960.0,2960.0,25740000
2023-08-30,PTBA,2930.0,2940.0,2880.0,2910.0,26862600
2023-08-31,PTBA,2900.0,2900.0,2850.0,2860.0,17422300
2023-09-01,PTBA,2860.0,2890.0,2850.0,2880.0,9102500
2023-09-04,PTBA,2880.0,2960.0,2880.0,2920.0,24017100
2023-09-05,PTBA,2920.0,2960.0,2900.0,2930.0,21273000
2023-09-06,PTBA,2950.0,3000.0,2940.0,2990.0,40392900
2023-09-07,PTBA,2970.0,2980.0,2920.0,2920.0,23288700
2023-09-08,PTBA,2910.0,2960.0,2910.0,2930.0,12325600
2023-09-11,PTBA,2940.0,2950.0,2880.0,2880.0,16394900
2023-09-12,PTBA,2890.0,2910.0,2870.0,2870.0,10707800
2023-09-13,PTBA,2890.0,2900.0,2830.0,2830.0,22179100
2023-09-14,PTBA,2860.0,2910.0,2860.0,2890.0,19874100
2023-09-15,PTBA,2890.0,2900.0,2850.0,2850.0,15248700
2023-09-18,PTBA,2850.0,2880.0,2830.0,2840.0,9005200
2023-09-19,PTBA,2850.0,2900.0,2800.0,2880.0,24105700
2023-09-20,PTBA,2880.0,2930.0,2860.0,2870.0,22569600
2023-09-21,PTBA,2870.0,2870.0,2810.0,2820.0,26347700
2023-09-22,PTBA,2800.0,2870.0,2780.0,2860.0,15150600
2023-09-25,PTBA,2870.0,2890.0,2840.0,2850.0,11448200
2023-09-26,PTBA,2870.0,2870.0,2800.0,2810.0,12175400
2023-09-27,PTBA,2810.0,2840.0,2790.0,2800.0,16730500
2023-09-29,PTBA,2810.0,2820.0,2790.0,2800.0,13238700
2023-10-02,PTBA,2810.0,2830.0,2790.0,2800.0,10995500
2023-10-03,PTBA,2800.0,2810.0,2740.0,2740.0,29890100
2023-10-04,PTBA,2710.0,2720.0,2680.0,2690.0,27672800
2023-10-05,PTBA,2680.0,2710.0,2650.0,2660.0,22059800
2023-10-06,PTBA,2660.0,2690.0,2640.0,2660.0,15054100
2023-10-09,PTBA,2690.0,2740.0,2680.0,2720.0,17938500
2023-10-10,PTBA,2750.0,2780.0,2740.0,2750.0,16467200
2023-10-11,PTBA,2780.0,2780.0,2700.0,2740.0,14138600
2023-10-12,PTBA,2740.0,2760.0,2700.0,2710.0,6972300
2023-10-13,PTBA,2740.0,2740.0,2690.0,2690.0,9031100
2023-10-16,PTBA,2700.0,2740.0,2700.0,2710.0,10559400
2023-10-17,PTBA,2710.0,2740.0,2710.0,2720.0,4603300
2023-10-18,PTBA,2720.0,2750.0,2700.0,2720.0,8393100
2023-10-19,PTBA,2730.0,2730.0,2680.0,2690.0,10048500
2023-10-20,PTBA,2700.0,2720.0,2670.0,2720.0,8034000
2023-10-23,PTBA,2720.0,2720.0,2650.0,2660.0,15562700
2023-10-24,PTBA,2660.0,2690.0,2660.0,2670.0,4910200
2023-10-25,PTBA,2670.0,2710.0,2660.0,2690.0,7822600
2023-10-26,PTBA,2690.0,2700.0,2640.0,2660.0,8877200
2023-10-27,PTBA,2660.0,2680.0,2650.0,2660.0,3865600
2023-10-30,PTBA,2660.0,2680.0,2590.0,2590.0,13971700
2023-10-31,PTBA,2510.0,2540.0,2450.0,2480.0,35009600
2023-11-01,PTBA,2460.0,2470.0,2350.0,2360.0,29746200
2023-11-02,PTBA,2360.0,2410.0,2360.0,2380.0,14768500
2023-11-03,PTBA,2390.0,2420.0,2380.0,2390.0,15475300
2023-11-06,PTBA,2400.0,2420.0,2390.0,2400.0,10389400
2023-11-07,PTBA,2400.0,2410.0,2350.0,2360.0,11316700
2023-11-08,PTBA,2360.0,2370.0,2310.0,2330.0,10537000
2023-11-09,PTBA,2350.0,2370.0,2330.0,2350.0,9197100
2023-11-10,PTBA,2350.0,2370.0,2340.0,2340.0,5557200
2023-11-13,PTBA,2340.0,2370.0,2340.0,2360.0,6214200
2023-11-14,PTBA,2360.0,2400.0,2360.0,2390.0,6851600
2023-11-15,PTBA,2400.0,2430.0,2400.0,2400.0,7956100
2023-11-16,PTBA,2400.0,2410.0,2370.0,2380.0,4847000
2023-11-17,PTBA,2380.0,2410.0,2380.0,2400.0,4944200
2023-11-20,PTBA,2400.0,2440.0,2400.0,2420.0,5072600
2023-11-21,PTBA,2420.0,2440.0,2410.0,2430.0,4335600
2023-11-22,PTBA,2440.0,2490.0,2420.0,2420.0,8969300
2023-11-23,PTBA,2420.0,2440.0,2400.0,2430.0,3260600
2023-11-24,PTBA,2440.0,2480.0,2440.0,2460.0,5179400
2023-11-27,PTBA,2460.0,2480.0,2440.0,2440.0,7940300
2023-11-28,PTBA,2450.0,2470.0,2440.0,2440.0,4994200
2023-11-29,PTBA,2450.0,2460.0,2420.0,2420.0,5818000
2023-11-30,PTBA,2420.0,2440.0,2410.0,2420.0,6078200
2023-12-01,PTBA,2440.0,2450.0,2430.0,2430.0,6114400
2023-12-04,PTBA,2450.0,2470.0,2440.0,2460.0,7547600
2023-12-05,PTBA,2470.0,2470.0,2420.0,2420.0,5829600
2023-12-06,PTBA,2420.0,2440.0,2400.0,2410.0,7407000
2023-12-07,PTBA,2410.0,2440.0,2400.0,2420.0,9757500
2023-12-08,PTBA,2440.0,2440.0,2410.0,2410.0,10357500
2023-12-11,PTBA,2420.0,2440.0,2360.0,2370.0,11896500
2023-12-12,PTBA,2380.0,2400.0,2340.0,2350.0,9805900
2023-12-13,PTBA,2350.0,2350.0,2300.0,2300.0,10745300
2023-12-14,PTBA,2300.0,2340.0,2300.0,2310.0,6876400
2023-12-15,PTBA,2320.0,2410.0,2310.0,2310.0,23165500
2023-12-18,PTBA,2320.0,2360.0,2310.0,2330.0,11128000
2023-12-19,PTBA,2340.0,2370.0,2330.0,2370.0,7665600
2023-12-20,PTBA,2370.0,2410.0,2350.0,2360.0,9858700
2023-12-21,PTBA,2370.0,2390.0,2350.0,2380.0,6161100
2023-12-22,PTBA,2390.0,2410.0,2380.0,2400.0,7311600
2023-12-27,PTBA,2400.0,2450.0,2400.0,2440.0,10653600
2023-12-28,PTBA,2440.0,2470.0,2440.0,2460.0,8040000
2023-12-29,PTBA,2470.0,2470.0,2430.0,2440.0,8144200
2024-01-02,PTBA,2440.0,2550.0,2440.0,2530.0,20588900
2024-01-03,PTBA,2520.0,2540.0,2480.0,2530.0,15782700
2024-01-04,PTBA,2540.0,2690.0,2540.0,2650.0,36304400
2024-01-05,PTBA,2650.0,2700.0,2650.0,2660.0,20780900
2024-01-08,PTBA,2660.0,2680.0,2620.0,2630.0,14404100
2024-01-09,PTBA,2640.0,2650.0,2590.0,2630.0,12085800
2024-01-10,PTBA,2640.0,2660.0,2620.0,2650.0,10351400
2024-01-11,PTBA,2650.0,2650.0,2610.0,2620.0,6832800
2024-01-12,PTBA,2620.0,2650.0,2610.0,2640.0,7291900
2024-01-15,PTBA,2650.0,2720.0,2650.0,2710.0,20575200
2024-01-16,PTBA,2720.0,2720.0,2680.0,2700.0,9765000
2024-01-17,PTBA,2700.0,2720.0,2660.0,2660.0,12819400
2024-01-18,PTBA,2660.0,2660.0,2620.0,2640.0,8669100
2024-01-19,PTBA,2650.0,2650.0,2610.0,2620.0,6349700
2024-01-22,PTBA,2610.0,2630.0,2550.0,2550.0,15847200
2024-01-23,PTBA,2550.0,2590.0,2520.0,2540.0,8693800
2024-01-24,PTBA,2560.0,2580.0,2500.0,2510.0,7820000
2024-01-25,PTBA,2510.0,2580.0,2510.0,2570.0,9744300
2024-01-26,PTBA,2600.0,2600.0,2540.0,2570.0,5259500
2024-01-29,PTBA,2570.0,2590.0,2560.0,2570.0,5576600
2024-01-30,PTBA,2560.0,2610.0,2540.0,2590.0,8538000
2024-01-31,PTBA,2610.0,2660.0,2600.0,2610.0,14814000
2024-02-01,PTBA,2610.0,2610.0,2560.0,2560.0,12264200
2024-02-02,PTBA,2560.0,2580.0,2540.0,2540.0,6281100
2024-02-05,PTBA,2550.0,2590.0,2540.0,2540.0,8566700
2024-02-06,PTBA,2550.0,2570.0,2540.0,2560.0,8824400
2024-02-07,PTBA,2560.0,2610.0,2560.0,2610.0,6168100
2024-02-12,PTBA,2610.0,2660.0,2610.0,2650.0,11854100
2024-02-13,PTBA,2650.0,2660.0,2630.0,2640.0,5620100
2024-02-15,PTBA,2660.0,2700.0,2650.0,2660.0,10671400
2024-02-16,PTBA,2680.0,2690.0,2650.0,2680.0,13090200
2024-02-19,PTBA,2680.0,2690.0,2650.0,2690.0,10044100
2024-02-20,PTBA,2690.0,2690.0,2640.0,2640.0,9295000
2024-02-21,PTBA,2640.0,2640.0,2600.0,2610.0,7854800
2024-02-22,PTBA,2610.0,2650.0,2600.0,2630.0,6881000
2024-02-23,PTBA,2630.0,2640.0,2610.0,2630.0,3933700
2024-02-26,PTBA,2640.0,2640.0,2580.0,2580.0,11071200
2024-02-27,PTBA,2600.0,2610.0,2590.0,2590.0,5649800
2024-02-28,PTBA,2600.0,2630.0,2600.0,2620.0,4858100
2024-02-29,PTBA,2620.0,2630.0,2560.0,2560.0,16546000
2024-03-01,PTBA,2590.0,2610.0,2570.0,2580.0,8631800
2024-03-04,PTBA,2590.0,2690.0,2590.0,2690.0,27146000
2024-03-05,PTBA,2740.0,2800.0,2740.0,2740.0,69921100
2024-03-06,PTBA,2760.0,2790.0,2730.0,2780.0,27998700
2024-03-07,PTBA,2780.0,2840.0,2750.0,2840.0,30004000
2024-03-08,PTBA,2840.0,2900.0,2810.0,2900.0,34845300
2024-03-13,PTBA,2900.0,2900.0,2800.0,2800.0,33678100
2024-03-14,PTBA,2800.0,2890.0,2800.0,2880.0,31781000
2024-03-15,PTBA,2890.0,2940.0,2840.0,2840.0,49866500
2024-03-18,PTBA,2860.0,2880.0,2840.0,2850.0,12802300
2024-03-19,PTBA,2850.0,2930.0,2850.0,2930.0,21766300
2024-03-20,PTBA,2920.0,2930.0,2890.0,2890.0,14828300
2024-03-21,PTBA,2900.0,2980.0,2900.0,2950.0,26602900
2024-03-22,PTBA,2950.0,2980.0,2940.0,2940.0,15643300
2024-03-25,PTBA,2950.0,2950.0,2900.0,2930.0,13402300
2024-03-26,PTBA,2950.0,2950.0,2900.0,2940.0,13218400
2024-03-27,PTBA,2940.0,2960.0,2940.0,2950.0,12763000
2024-03-28,PTBA,2970.0,2990.0,2950.0,2970.0,24637300
2024-04-01,PTBA,2970.0,2970.0,2850.0,2890.0,32364300
2024-04-02,PTBA,2890.0,2920.0,2860.0,2920.0,16327900
2024-04-03,PTBA,2920.0,2950.0,2900.0,2920.0,17802900
2024-04-04,PTBA,2910.0,2940.0,2880.0,2930.0,9335400
2024-04-05,PTBA,2930.0,2940.0,2910.0,2930.0,9068600
2024-04-16,PTBA,2940.0,3130.0,2930.0,3100.0,58080000
2024-04-17,PTBA,3120.0,3160.0,3060.0,3090.0,36783600
2024-04-18,PTBA,3100.0,3130.0,3030.0,3130.0,26810000
2024-04-19,PTBA,3130.0,3150.0,3090.0,3140.0,22919300
2024-04-22,PTBA,3140.0,3150.0,3060.0,3080.0,19618600
2024-04-23,PTBA,3080.0,3090.0,3050.0,3060.0,8395600
2024-04-24,PTBA,3080.0,3100.0,2870.0,2960.0,31018500
2024-04-25,PTBA,2960.0,2960.0,2870.0,2890.0,23582700
2024-04-26,PTBA,2900.0,2940.0,2880.0,2880.0,11557400
2024-04-29,PTBA,2900.0,3000.0,2860.0,3000.0,11267600
2024-04-30,PTBA,3000.0,3030.0,2980.0,3030.0,14322600
2024-05-02,PTBA,2760.0,2920.0,2750.0,2890.0,45398700
2024-05-03,PTBA,2910.0,2950.0,2890.0,2930.0,15044700
2024-05-06,PTBA,2940.0,2950.0,2910.0,2930.0,14822200
2024-05-07,PTBA,2940.0,2950.0,2870.0,2880.0,19836200
2024-05-08,PTBA,2900.0,3020.0,2790.0,2930.0,89508200
2024-05-13,PTBA,2950.0,2970.0,2910.0,2930.0,20604500
2024-05-14,PTBA,2940.0,2960.0,2920.0,2920.0,22326100
2024-05-15,PTBA,2940.0,2950.0,2900.0,2910.0,16338100
2024-05-16,PTBA,2920.0,2930.0,2900.0,2930.0,21537000
2024-05-17,PTBA,2930.0,2950.0,2910.0,2920.0,30769200
2024-05-20,PTBA,2930.0,2960.0,2910.0,2930.0,72080600
2024-05-21,PTBA,2550.0,2640.0,2530.0,2570.0,61531400
2024-05-22,PTBA,2570.0,2600.0,2570.0,2590.0,18229700
2024-05-27,PTBA,2600.0,2600.0,2520.0,2520.0,21414000
2024-05-28,PTBA,2540.0,2560.0,2510.0,2510.0,11910700
2024-05-29,PTBA,2520.0,2530.0,2460.0,2470.0,14743600
2024-05-30,PTBA,2470.0,2500.0,2420.0,2490.0,9640300
2024-05-31,PTBA,2500.0,2520.0,2490.0,2490.0,15709000
2024-06-03,PTBA,2500.0,2590.0,2500.0,2580.0,16723300
2024-06-04,PTBA,2590.0,2590.0,2560.0,2570.0,11333500
2024-06-05,PTBA,2570.0,2580.0,2500.0,2530.0,9835700
2024-06-06,PTBA,2530.0,2540.0,2500.0,2510.0,4891100
2024-06-07,PTBA,2520.0,2550.0,2510.0,2530.0,7711700
2024-06-10,PTBA,2530.0,2540.0,2470.0,2480.0,13448200
2024-06-11,PTBA,2480.0,2500.0,2440.0,2440.0,12171100
2024-06-12,PTBA,2440.0,2460.0,2420.0,2430.0,6485000
2024-06-13,PTBA,2430.0,2520.0,2430.0,2520.0,14098000
2024-06-14,PTBA,2520.0,2520.0,2450.0,2460.0,5659700
2024-06-19,PTBA,2460.0,2470.0,2420.0,2430.0,5276200
2024-06-20,PTBA,2430.0,2450.0,2420.0,2420.0,6492600
2024-06-21,PTBA,2430.0,2450.0,2380.0,2420.0,18936500
2024-06-24,PTBA,2430.0,2440.0,2420.0,2430.0,6459100
2024-06-25,PTBA,2440.0,2450.0,2410.0,2410.0,6880400
2024-06-26,PTBA,2410.0,2440.0,2400.0,2440.0,6341900
2024-06-27,PTBA,2440.0,2440.0,2420.0,2430.0,4573400
2024-06-28,PTBA,2430.0,2470.0,2430.0,2450.0,12859800
2024-07-01,PTBA,2460.0,2500.0,2450.0,2500.0,9767100
2024-07-02,PTBA,2500.0,2520.0,2490.0,2490.0,9422500
2024-07-03,PTBA,2500.0,2530.0,2490.0,2500.0,10030300
2024-07-04,PTBA,2520.0,2570.0,2510.0,2530.0,18794900
2024-07-05,PTBA,2540.0,2570.0,2520.0,2540.0,9942000
2024-07-08,PTBA,2540.0,2560.0,2530.0,2550.0,7491700
2024-07-09,PTBA,2550.0,2570.0,2530.0,2530.0,10477700
2024-07-10,PTBA,2530.0,2560.0,2530.0,2540.0,7337200
2024-07-11,PTBA,2550.0,2560.0,2540.0,2550.0,4841300
2024-07-12,PTBA,2550.0,2560.0,2530.0,2530.0,7888600
2024-07-15,PTBA,2560.0,2560.0,2500.0,2520.0,12266200
2024-07-16,PTBA,2530.0,2550.0,2520.0,2530.0,6947800
2024-07-17,PTBA,2550.0,2550.0,2530.0,2540.0,7325200
2024-07-18,PTBA,2540.0,2630.0,2520.0,2620.0,26806000
2024-07-19,PTBA,2620.0,2680.0,2620.0,2630.0,30356300
2024-07-22,PTBA,2640.0,2700.0,2640.0,2680.0,18786400
2024-07-23,PTBA,2690.0,2720.0,2650.0,2650.0,21142700
2024-07-24,PTBA,2650.0,2680.0,2610.0,2620.0,11115400
2024-07-25,PTBA,2620.0,2660.0,2600.0,2610.0,10327000
2024-07-26,PTBA,2620.0,2670.0,2620.0,2660.0,8478400
2024-07-29,PTBA,2680.0,2700.0,2660.0,2670.0,10990800
2024-07-30,PTBA,2680.0,2690.0,2640.0,2640.0,7184600
2024-07-31,PTBA,2640.0,2680.0,2640.0,2680.0,10266700
2024-08-01,PTBA,2700.0,2700.0,2640.0,2670.0,9702200
2024-08-02,PTBA,2670.0,2740.0,2660.0,2720.0,22835800
2024-08-05,PTBA,2710.0,2710.0,2510.0,2560.0,48501700
2024-08-06,PTBA,2600.0,2630.0,2540.0,2590.0,19166600
2024-08-07,PTBA,2600.0,2630.0,2590.0,2610.0,10480400
2024-08-08,PTBA,2610.0,2620.0,2580.0,2590.0,8760900
2024-08-09,PTBA,2600.0,2620.0,2580.0,2580.0,7434400
2024-08-12,PTBA,2590.0,2650.0,2590.0,2650.0,13483400
2024-08-13,PTBA,2670.0,2680.0,2650.0,2660.0,8739100
2024-08-14,PTBA,2660.0,2720.0,2640.0,2720.0,22031400
2024-08-15,PTBA,2720.0,2720.0,2670.0,2700.0,19410100
2024-08-16,PTBA,2720.0,2750.0,2700.0,2730.0,25829000
2024-08-19,PTBA,2730.0,2730.0,2700.0,2710.0,11115900
2024-08-20,PTBA,2720.0,2730.0,2700.0,2720.0,9550300
2024-08-21,PTBA,2720.0,2740.0,2710.0,2710.0,12353000
2024-08-22,PTBA,2700.0,2740.0,2670.0,2720.0,17628700
2024-08-23,PTBA,2720.0,2790.0,2720.0,2760.0,22179900
2024-08-26,PTBA,2770.0,2790.0,2760.0,2770.0,12227700
2024-08-27,PTBA,2780.0,2820.0,2760.0,2780.0,16790600
2024-08-28,PTBA,2790.0,2800.0,2770.0,2780.0,10744200
2024-08-29,PTBA,2780.0,2810.0,2760.0,2780.0,15032300
2024-08-30,PTBA,2780.0,2780.0,2730.0,2730.0,21459200
2024-09-02,PTBA,2740.0,2820.0,2730.0,2820.0,30665600
2024-09-03,PTBA,2820.0,2850.0,2790.0,2800.0,14953700
2024-09-04,PTBA,2770.0,2810.0,2740.0,2760.0,14767300
2024-09-05,PTBA,2760.0,2780.0,2710.0,2750.0,14614200
2024-09-06,PTBA,2750.0,2750.0,2710.0,2710.0,13816400
2024-09-09,PTBA,2720.0,2730.0,2650.0,2680.0,22601600
2024-09-10,PTBA,2690.0,2710.0,2650.0,2670.0,17035500
2024-09-11,PTBA,2650.0,2690.0,2650.0,2660.0,9549300
2024-09-12,PTBA,2690.0,2750.0,2690.0,2720.0,20896600
2024-09-13,PTBA,2720.0,2740.0,2700.0,2730.0,10996900
2024-09-17,PTBA,2730.0,2820.0,2710.0,2800.0,32828500
2024-09-18,PTBA,2810.0,2820.0,2780.0,2780.0,9166700
2024-09-19,PTBA,2780.0,2800.0,2760.0,2780.0,10019700
2024-09-20,PTBA,2790.0,2950.0,2760.0,2950.0,85703000
2024-09-23,PTBA,2950.0,3130.0,2930.0,3120.0,127993400
2024-09-24,PTBA,3120.0,3140.0,3060.0,3100.0,42900500
2024-09-25,PTBA,3120.0,3160.0,3040.0,3080.0,41602600
2024-09-26,PTBA,3100.0,3120.0,3070.0,3110.0,30074500
2024-09-27,PTBA,3110.0,3140.0,3040.0,3140.0,43117300
2024-09-30,PTBA,3150.0,3180.0,3070.0,3080.0,37413700
2024-10-01,PTBA,3080.0,3120.0,2990.0,3070.0,55814500
2024-10-02,PTBA,3070.0,3080.0,3010.0,3050.0,23254500
2024-10-03,PTBA,3050.0,3080.0,3030.0,3060.0,18192500
2024-10-04,PTBA,3060.0,3100.0,2990.0,2990.0,27042800
2024-10-07,PTBA,3060.0,3140.0,3060.0,3100.0,31774800
2024-10-08,PTBA,3110.0,3120.0,3060.0,3080.0,21266900
2024-10-09,PTBA,3080.0,3080.0,3020.0,3050.0,14404900
2024-10-10,PTBA,3050.0,3070.0,3020.0,3020.0,15849000
2024-10-11,PTBA,3050.0,3060.0,3020.0,3030.0,10016300
2024-10-14,PTBA,3040.0,3120.0,3030.0,3100.0,30455100
2024-10-15,PTBA,3100.0,3140.0,3080.0,3100.0,24711000
2024-10-16,PTBA,3120.0,3120.0,3050.0,3080.0,21907400
2024-10-17,PTBA,3080.0,3090.0,3060.0,3060.0,12348900
2024-10-18,PTBA,3070.0,3080.0,3030.0,3050.0,12261800
2024-10-21,PTBA,3050.0,3050.0,3010.0,3020.0,15196900
2024-10-22,PTBA,3020.0,3050.0,3020.0,3040.0,7584100
2024-10-23,PTBA,3040.0,3050.0,2950.0,2950.0,29092600
2024-10-24,PTBA,2950.0,2970.0,2920.0,2920.0,13921900
2024-10-25,PTBA,2920.0,2940.0,2870.0,2880.0,17372800
2024-10-28,PTBA,2880.0,2910.0,2840.0,2870.0,16500200
2024-10-29,PTBA,2850.0,2870.0,2830.0,2850.0,9846900
2024-10-30,PTBA,2850.0,2880.0,2800.0,2840.0,17122400
2024-10-31,PTBA,2850.0,2960.0,2840.0,2960.0,22804100
2024-11-01,PTBA,2950.0,2950.0,2880.0,2920.0,14265400
2024-11-04,PTBA,2920.0,2920.0,2850.0,2870.0,9847800
2024-11-05,PTBA,2880.0,2920.0,2860.0,2890.0,13393700
2024-11-06,PTBA,2900.0,2900.0,2840.0,2860.0,9440000
2024-11-07,PTBA,2860.0,2860.0,2810.0,2830.0,9943500
2024-11-08,PTBA,2830.0,2840.0,2800.0,2800.0,9176000
2024-11-11,PTBA,2800.0,2800.0,2750.0,2770.0,16646500
2024-11-12,PTBA,2780.0,2890.0,2780.0,2870.0,18297100
2024-11-13,PTBA,2870.0,2890.0,2810.0,2810.0,11390000
2024-11-14,PTBA,2810.0,2810.0,2770.0,2770.0,8777600
2024-11-15,PTBA,2770.0,2800.0,2750.0,2750.0,8098700
2024-11-18,PTBA,2750.0,2770.0,2700.0,2720.0,11015500
2024-11-19,PTBA,2720.0,2790.0,2720.0,2770.0,6834200
2024-11-20,PTBA,2770.0,2780.0,2720.0,2740.0,5495500
2024-11-21,PTBA,2740.0,2770.0,2720.0,2720.0,4713200
2024-11-22,PTBA,2750.0,2780.0,2740.0,2770.0,5347300
2024-11-25,PTBA,2770.0,2830.0,2760.0,2800.0,12285400
2024-11-26,PTBA,2830.0,2830.0,2760.0,2760.0,6816800
2024-11-28,PTBA,2760.0,2790.0,2740.0,2790.0,5875400
2024-11-29,PTBA,2790.0,2790.0,2700.0,2700.0,10744500
2024-12-02,PTBA,2700.0,2730.0,2660.0,2670.0,12311800
2024-12-03,PTBA,2670.0,2710.0,2670.0,2700.0,6349300
2024-12-04,PTBA,2700.0,2750.0,2700.0,2710.0,10573800
2024-12-05,PTBA,2730.0,2770.0,2700.0,2740.0,8311500
2024-12-06,PTBA,2730.0,2730.0,2700.0,2730.0,7213200
2024-12-09,PTBA,2730.0,2760.0,2730.0,2750.0,10858500
2024-12-10,PTBA,2760.0,2860.0,2740.0,2830.0,28227200
2024-12-11,PTBA,2830.0,2860.0,2790.0,2800.0,13120800
2024-12-12,PTBA,2800.0,2830.0,2780.0,2800.0,9050900
2024-12-13,PTBA,2800.0,2810.0,2770.0,2780.0,4660300
2024-12-16,PTBA,2780.0,2790.0,2720.0,2740.0,9329800
2024-12-17,PTBA,2740.0,2740.0,2670.0,2670.0,12049200
2024-12-18,PTBA,2670.0,2710.0,2660.0,2680.0,5529700
2024-12-19,PTBA,2680.0,2680.0,2570.0,2580.0,23987000
2024-12-20,PTBA,2590.0,2630.0,2590.0,2590.0,6238800
2024-12-23,PTBA,2600.0,2620.0,2590.0,2590.0,7109000
2024-12-24,PTBA,2600.0,2620.0,2590.0,2590.0,5148700
2024-12-27,PTBA,2600.0,2640.0,2600.0,2620.0,7571900
2024-12-30,PTBA,2630.0,2750.0,2620.0,2750.0,16423500
2025-01-02,PTBA,2750.0,2760.0,2670.0,2680.0,11358800
2025-01-03,PTBA,2700.0,2710.0,2680.0,2700.0,6270800
2025-01-06,PTBA,2700.0,2710.0,2650.0,2650.0,8069600
2025-01-07,PTBA,2650.0,2670.0,2610.0,2640.0,10403000
2025-01-08,PTBA,2610.0,2680.0,2610.0,2640.0,7642200
2025-01-09,PTBA,2640.0,2640.0,2610.0,2620.0,7940500
2025-01-10,PTBA,2610.0,2720.0,2610.0,2690.0,13279300
2025-01-13,PTBA,2690.0,2690.0,2610.0,2610.0,14542900
2025-01-14,PTBA,2610.0,2660.0,2600.0,2620.0,10125500
2025-01-15,PTBA,2620.0,2670.0,2620.0,2670.0,10005600
2025-01-16,PTBA,2670.0,2710.0,2670.0,2690.0,13448300
2025-01-17,PTBA,2690.0,2700.0,2660.0,2680.0,8275600
2025-01-20,PTBA,2670.0,2700.0,2660.0,2660.0,8433900
2025-01-21,PTBA,2680.0,2690.0,2670.0,2690.0,6286700
2025-01-22,PTBA,2690.0,2740.0,2690.0,2710.0,10055500
2025-01-23,PTBA,2710.0,2710.0,2680.0,2700.0,6637800
2025-01-24,PTBA,2700.0,2720.0,2680.0,2700.0,5699600
2025-01-30,PTBA,2700.0,2710.0,2660.0,2680.0,7985700
2025-01-31,PTBA,2660.0,2700.0,2630.0,2690.0,9102600
2025-02-03,PTBA,2690.0,2690.0,2650.0,2670.0,8952800
2025-02-04,PTBA,2680.0,2750.0,2670.0,2690.0,8784900
2025-02-05,PTBA,2680.0,2740.0,2680.0,2720.0,8030000
2025-02-06,PTBA,2720.0,2730.0,2650.0,2650.0,9826200
2025-02-07,PTBA,2650.0,2700.0,2600.0,2670.0,6640700
2025-02-10,PTBA,2670.0,2670.0,2620.0,2620.0,7866600
2025-02-11,PTBA,2620.0,2640.0,2600.0,2620.0,5596900
2025-02-12,PTBA,2620.0,2640.0,2590.0,2640.0,4652700
2025-02-13,PTBA,2640.0,2730.0,2610.0,2690.0,7256600
2025-02-14,PTBA,2680.0,2740.0,2660.0,2710.0,9924200
2025-02-17,PTBA,2710.0,2710.0,2680.0,2710.0,5549300
2025-02-18,PTBA,2710.0,2720.0,2680.0,2690.0,6466600
2025-02-19,PTBA,2700.0,2720.0,2660.0,2660.0,11910500
2025-02-20,PTBA,2670.0,2700.0,2630.0,2670.0,8642500
2025-02-21,PTBA,2660.0,2690.0,2640.0,2660.0,7654900
2025-02-24,PTBA,2650.0,2700.0,2630.0,2640.0,8644300
2025-02-25,PTBA,2650.0,2670.0,2610.0,2620.0,10908400
2025-02-26,PTBA,2620.0,2640.0,2600.0,2610.0,7508100
2025-02-27,PTBA,2610.0,2650.0,2610.0,2620.0,11462100
2025-02-28,PTBA,2600.0,2610.0,2480.0,2590.0,21109800
2025-03-03,PTBA,2590.0,2610.0,2530.0,2580.0,8847900
2025-03-04,PTBA,2580.0,2580.0,2470.0,2510.0,11829000
2025-03-05,PTBA,2510.0,2580.0,2500.0,2580.0,13004500
2025-03-06,PTBA,2580.0,2600.0,2560.0,2580.0,8411300
2025-03-07,PTBA,2570.0,2580.0,2550.0,2550.0,5569000
2025-03-10,PTBA,2550.0,2570.0,2510.0,2510.0,11349200
2025-03-11,PTBA,2500.0,2520.0,2480.0,2490.0,5507500
2025-03-12,PTBA,2490.0,2520.0,2480.0,2480.0,7374600
2025-03-13,PTBA,2480.0,2500.0,2450.0,2450.0,9681000
2025-03-14,PTBA,2460.0,2480.0,2450.0,2450.0,5732000
2025-03-17,PTBA,2450.0,2480.0,2420.0,2450.0,6458800
2025-03-18,PTBA,2450.0,2460.0,2350.0,2420.0,13320600
2025-03-19,PTBA,2400.0,2450.0,2380.0,2430.0,6280300
2025-03-20,PTBA,2440.0,2470.0,2410.0,2410.0,7010200
2025-03-21,PTBA,2410.0,2410.0,2320.0,2320.0,13568500
2025-03-24,PTBA,2320.0,2350.0,2250.0,2300.0,13409000
2025-03-25,PTBA,2300.0,2470.0,2290.0,2450.0,13581800
2025-03-26,PTBA,2460.0,2540.0,2460.0,2510.0,13483000
2025-03-27,PTBA,2510.0,2570.0,2510.0,2520.0,8070300
2025-04-08,PTBA,2320.0,2450.0,2300.0,2420.0,19199300
2025-04-09,PTBA,2410.0,2550.0,2410.0,2460.0,12180100
2025-04-10,PTBA,2550.0,2680.0,2530.0,2680.0,27346700
2025-04-11,PTBA,2640.0,2690.0,2620.0,2680.0,13694600
2025-04-14,PTBA,2680.0,2740.0,2670.0,2740.0,13422200
2025-04-15,PTBA,2750.0,2770.0,2710.0,2760.0,13376700
2025-04-16,PTBA,2750.0,2760.0,2710.0,2710.0,13161700
2025-04-17,PTBA,2710.0,2750.0,2700.0,2730.0,7922200
2025-04-21,PTBA,2730.0,2740.0,2700.0,2730.0,8532900
2025-04-22,PTBA,2710.0,2800.0,2700.0,2760.0,19672500
2025-04-23,PTBA,2780.0,2820.0,2760.0,2780.0,18149700
2025-04-24,PTBA,2780.0,2810.0,2770.0,2780.0,13587300
2025-04-25,PTBA,2780.0,2820.0,2770.0,2780.0,22505600
2025-04-28,PTBA,2780.0,2810.0,2760.0,2770.0,26690700
2025-04-29,PTBA,2770.0,2840.0,2770.0,2790.0,26130000
2025-04-30,PTBA,2800.0,2850.0,2760.0,2760.0,35320900
2025-05-02,PTBA,2700.0,2750.0,2640.0,2740.0,21611100
2025-05-05,PTBA,2720.0,2730.0,2680.0,2720.0,16635000
2025-05-06,PTBA,2720.0,2730.0,2710.0,2710.0,10763800
2025-05-07,PTBA,2710.0,2770.0,2710.0,2760.0,14513800
2025-05-08,PTBA,2770.0,2780.0,2710.0,2720.0,15449000
2025-05-09,PTBA,2740.0,2740.0,2710.0,2710.0,10006700
2025-05-14,PTBA,2720.0,2790.0,2720.0,2790.0,19082400
2025-05-15,PTBA,2800.0,2810.0,2770.0,2770.0,19167800
2025-05-16,PTBA,2790.0,2880.0,2770.0,2860.0,53076400
2025-05-19,PTBA,2860.0,2910.0,2860.0,2900.0,34963000
2025-05-20,PTBA,2920.0,2930.0,2800.0,2820.0,36974900
2025-05-21,PTBA,2810.0,2850.0,2780.0,2790.0,42906300
2025-05-22,PTBA,2790.0,2830.0,2790.0,2820.0,19170600
2025-05-23,PTBA,2830.0,2840.0,2820.0,2840.0,7835700
2025-05-26,PTBA,2860.0,2860.0,2810.0,2830.0,15733300
2025-05-27,PTBA,2840.0,2880.0,2830.0,2850.0,22143500
2025-05-28,PTBA,2870.0,2900.0,2860.0,2890.0,30732700
2025-06-02,PTBA,2900.0,2900.0,2840.0,2860.0,23519300
2025-06-03,PTBA,2870.0,2880.0,2840.0,2860.0,13790600
2025-06-04,PTBA,2860.0,2870.0,2840.0,2850.0,13894600
2025-06-05,PTBA,2850.0,2890.0,2840.0,2870.0,24750100
2025-06-10,PTBA,2870.0,2960.0,2870.0,2960.0,52866600
2025-06-11,PTBA,2960.0,3030.0,2960.0,3010.0,79019800
2025-06-12,PTBA,3030.0,3070.0,2890.0,2980.0,122174600
2025-06-13,PTBA,2980.0,2990.0,2950.0,2970.0,48234700
2025-06-16,PTBA,2980.0,3030.0,2980.0,3010.0,55322700
2025-06-17,PTBA,3010.0,3030.0,3000.0,3030.0,36623700
2025-06-18,PTBA,3030.0,3050.0,3010.0,3020.0,42362000
2025-06-19,PTBA,3020.0,3030.0,2960.0,2990.0,54886200
2025-06-20,PTBA,2990.0,3000.0,2930.0,2950.0,86319100
2025-06-23,PTBA,2520.0,2590.0,2510.0,2510.0,89814500
2025-06-24,PTBA,2530.0,2550.0,2420.0,2440.0,50087000
2025-06-25,PTBA,2460.0,2470.0,2400.0,2420.0,24482300
2025-06-26,PTBA,2420.0,2420.0,2380.0,2400.0,17939900
2025-06-30,PTBA,2420.0,2470.0,2410.0,2460.0,24171400
2025-07-01,PTBA,2470.0,2490.0,2440.0,2460.0,11130800
2025-07-02,PTBA,2460.0,2480.0,2420.0,2440.0,10843500
2025-07-03,PTBA,2440.0,2460.0,2410.0,2420.0,14752400
2025-07-04,PTBA,2430.0,2440.0,2420.0,2430.0,8575200
2025-07-07,PTBA,2440.0,2440.0,2420.0,2440.0,5802100
2025-07-08,PTBA,2440.0,2440.0,2400.0,2400.0,15150600
2025-07-09,PTBA,2410.0,2420.0,2380.0,2390.0,12099400
2025-07-10,PTBA,2400.0,2440.0,2390.0,2430.0,9847900
2025-07-11,PTBA,2450.0,2490.0,2440.0,2480.0,22480400
2025-07-14,PTBA,2500.0,2510.0,2480.0,2490.0,15473600
2025-07-15,PTBA,2490.0,2500.0,2450.0,2470.0,8920800
2025-07-16,PTBA,2470.0,2490.0,2460.0,2460.0,8773000
2025-07-17,PTBA,2470.0,2480.0,2440.0,2440.0,12575300
2025-07-18,PTBA,2450.0,2460.0,2440.0,2450.0,9030100
2025-07-21,PTBA,2460.0,2460.0,2410.0,2420.0,13727500
2025-07-22,PTBA,2430.0,2450.0,2420.0,2420.0,16287900
2025-07-23,PTBA,2430.0,2450.0,2420.0,2440.0,8733700
2025-07-24,PTBA,2440.0,2490.0,2440.0,2470.0,10467000
2025-07-25,PTBA,2470.0,2480.0,2450.0,2450.0,7215000
2025-07-28,PTBA,2470.0,2470.0,2450.0,2460.0,5804000
2025-07-29,PTBA,2460.0,2470.0,2450.0,2460.0,5767100
2025-07-30,PTBA,2460.0,2470.0,2440.0,2450.0,7429700
2025-07-31,PTBA,2450.0,2460.0,2410.0,2420.0,13453400
2025-08-01,PTBA,2420.0,2430.0,2400.0,2420.0,8947200
2025-08-04,PTBA,2420.0,2430.0,2400.0,2400.0,12680300
2025-08-05,PTBA,2410.0,2420.0,2400.0,2400.0,10816200
2025-08-06,PTBA,2410.0,2420.0,2400.0,2420.0,16496700
2025-08-07,PTBA,2430.0,2430.0,2400.0,2400.0,7148800
2025-08-08,PTBA,2410.0,2420.0,2390.0,2400.0,14962200
2025-08-11,PTBA,2400.0,2420.0,2400.0,2410.0,8915300
2025-08-12,PTBA,2420.0,2440.0,2410.0,2440.0,9569000
2025-08-13,PTBA,2440.0,2470.0,2440.0,2450.0,11480600
2025-08-14,PTBA,2450.0,2460.0,2420.0,2420.0,8775800
2025-08-15,PTBA,2430.0,2440.0,2420.0,2420.0,4658600
2025-08-19,PTBA,2420.0,2430.0,2400.0,2400.0,9605000
2025-08-20,PTBA,2420.0,2430.0,2400.0,2430.0,10212100
2025-08-21,PTBA,2430.0,2440.0,2410.0,2430.0,8972300
2025-08-22,PTBA,2430.0,2430.0,2410.0,2420.0,4639600
2025-08-25,PTBA,2420.0,2430.0,2410.0,2420.0,6953800
2025-08-26,PTBA,2430.0,2500.0,2410.0,2500.0,20508700
2025-08-27,PTBA,2500.0,2500.0,2450.0,2450.0,10527100
2025-08-28,PTBA,2460.0,2460.0,2420.0,2430.0,7643700
2025-08-29,PTBA,2430.0,2430.0,2400.0,2400.0,13505600
2025-09-01,PTBA,2350.0,2410.0,2320.0,2400.0,20954100
2025-09-02,PTBA,2400.0,2430.0,2400.0,2420.0,8182200
2025-09-03,PTBA,2420.0,2440.0,2410.0,2420.0,8285200
2025-09-04,PTBA,2420.0,2430.0,2390.0,2410.0,12386800
2025-09-08,PTBA,2410.0,2420.0,2400.0,2410.0,13472000
2025-09-09,PTBA,2400.0,2410.0,2370.0,2400.0,14794500
2025-09-10,PTBA,2400.0,2400.0,2370.0,2380.0,8457200
2025-09-11,PTBA,2380.0,2410.0,2370.0,2370.0,13348700
2025-09-12,PTBA,2380.0,2400.0,2380.0,2390.0,10868900
2025-09-15,PTBA,2390.0,2400.0,2380.0,2380.0,10496000
2025-09-16,PTBA,2380.0,2400.0,2360.0,2380.0,11733200
2025-09-17,PTBA,2380.0,2390.0,2360.0,2380.0,11005300
2025-09-18,PTBA,2380.0,2380.0,2360.0,2360.0,5634400
2025-09-19,PTBA,2360.0,2380.0,2350.0,2380.0,9270300
2025-09-22,PTBA,2380.0,2390.0,2360.0,2370.0,6894200
2025-09-23,PTBA,2370.0,2390.0,2360.0,2380.0,11688500
2025-09-24,PTBA,2380.0,2390.0,2370.0,2380.0,9053800
2025-09-25,PTBA,2380.0,2390.0,2330.0,2350.0,15375900
2025-09-26,PTBA,2350.0,2360.0,2330.0,2350.0,10245200
2025-09-29,PTBA,2350.0,2360.0,2320.0,2330.0,12694800
2025-09-30,PTBA,2330.0,2350.0,2330.0,2350.0,7579300
2025-10-01,PTBA,2350.0,2350.0,2320.0,2330.0,7058500
2025-10-02,PTBA,2330.0,2340.0,2310.0,2310.0,12049700
2025-10-03,PTBA,2310.0,2330.0,2300.0,2320.0,9129300
2025-10-06,PTBA,2340.0,2340.0,2300.0,2310.0,11174600
2025-10-07,PTBA,2310.0,2310.0,2270.0,2270.0,16627300
2025-10-08,PTBA,2270.0,2280.0,2230.0,2270.0,16846500
2025-10-09,PTBA,2280.0,2360.0,2280.0,2340.0,33979600
2025-10-10,PTBA,2360.0,2380.0,2340.0,2380.0,19662700
2025-10-13,PTBA,2340.0,2350.0,2310.0,2340.0,9587100
2025-10-14,PTBA,2350.0,2360.0,2280.0,2300.0,14060200
2025-10-15,PTBA,2300.0,2310.0,2170.0,2170.0,31527000
2025-10-16,PTBA,2220.0,2250.0,2210.0,2210.0,13972300
2025-10-17,PTBA,2210.0,2220.0,2170.0,2210.0,13410100
2025-10-20,PTBA,2210.0,2270.0,2200.0,2270.0,10329300
2025-10-21,PTBA,2270.0,2340.0,2270.0,2340.0,16072500
2025-10-22,PTBA,2350.0,2360.0,2290.0,2290.0,12005500
2025-10-23,PTBA,2300.0,2330.0,2290.0,2320.0,5932800
2025-10-24,PTBA,2320.0,2380.0,2320.0,2350.0,16373900
2025-10-27,PTBA,2350.0,2370.0,2300.0,2340.0,30696100
2025-10-28,PTBA,2360.0,2360.0,2330.0,2350.0,7232900
2025-10-29,PTBA,2350.0,2380.0,2340.0,2370.0,10528000
2025-10-30,PTBA,2380.0,2440.0,2370.0,2430.0,30872400
2025-10-31,PTBA,2430.0,2440.0,2390.0,2400.0,13522200
2025-11-03,PTBA,2400.0,2410.0,2380.0,2400.0,10144900
2025-11-04,PTBA,2400.0,2400.0,2380.0,2400.0,10187200
2025-11-05,PTBA,2400.0,2400.0,2370.0,2380.0,10530900
2025-11-06,PTBA,2390.0,2400.0,2380.0,2400.0,5407600
2025-11-07,PTBA,2390.0,2390.0,2370.0,2390.0,9184800
2025-11-10,PTBA,2390.0,2400.0,2380.0,2390.0,5360900
2025-11-11,PTBA,2390.0,2400.0,2370.0,2390.0,7638300
2025-11-12,PTBA,2390.0,2390.0,2360.0,2380.0,8223400
2025-11-13,PTBA,2380.0,2390.0,2350.0,2360.0,7304300
2025-11-14,PTBA,2360.0,2360.0,2330.0,2340.0,7367200
2025-11-17,PTBA,2340.0,2370.0,2340.0,2350.0,7490900
2025-11-18,PTBA,2350.0,2350.0,2310.0,2310.0,9919300
2025-11-19,PTBA,2310.0,2330.0,2310.0,2320.0,5694700
2025-11-20,PTBA,2320.0,2340.0,2320.0,2330.0,5732100
2025-11-21,PTBA,2320.0,2330.0,2300.0,2320.0,5794800
2025-11-24,PTBA,2320.0,2330.0,2300.0,2330.0,7934900
2025-11-25,PTBA,2330.0,2340.0,2300.0,2310.0,5470900
2025-11-26,PTBA,2330.0,2330.0,2300.0,2320.0,5543000
2025-11-27,PTBA,2330.0,2330.0,2300.0,2300.0,5256000
2025-11-28,PTBA,2300.0,2310.0,2280.0,2310.0,6650100
2025-12-01,PTBA,2300.0,2310.0,2280.0,2290.0,7593800
2025-12-02,PTBA,2290.0,2310.0,2290.0,2310.0,5398600
2025-12-03,PTBA,2300.0,2310.0,2290.0,2310.0,3128800
2025-12-04,PTBA,2300.0,2320.0,2290.0,2300.0,4369500
2025-12-05,PTBA,2310.0,2310.0,2290.0,2300.0,3949700
2025-12-08,PTBA,2310.0,2310.0,2290.0,2300.0,6949200
2025-12-09,PTBA,2300.0,2300.0,2280.0,2290.0,8121300
2025-12-10,PTBA,2290.0,2300.0,2270.0,2290.0,10110400
2025-12-11,PTBA,2280.0,2290.0,2250.0,2260.0,11068100
2025-12-12,PTBA,2260.0,2280.0,2250.0,2260.0,9574000
2025-12-15,PTBA,2260.0,2280.0,2240.0,2260.0,14821100
2025-12-16,PTBA,2260.0,2280.0,2260.0,2280.0,5695500
2025-12-17,PTBA,2280.0,2290.0,2240.0,2270.0,14496300
2025-12-18,PTBA,2270.0,2300.0,2260.0,2260.0,11761300
2025-12-19,PTBA,2280.0,2290.0,2250.0,2270.0,7515700
2025-12-22,PTBA,2280.0,2280.0,2260.0,2280.0,5773900
2025-12-23,PTBA,2270.0,2280.0,2260.0,2280.0,5748100
2025-12-24,PTBA,2280.0,2290.0,2270.0,2280.0,4387200
2025-12-29,PTBA,2280.0,2320.0,2270.0,2320.0,9022100
2025-12-30,PTBA,2320.0,2330.0,2290.0,2310.0,6256500
2026-01-02,PTBA,2310.0,2320.0,2290.0,2320.0,6217500
2026-01-05,PTBA,2320.0,2350.0,2320.0,2340.0,8906900
2026-01-06,PTBA,2350.0,2370.0,2330.0,2370.0,16784600
2026-01-07,PTBA,2460.0,2460.0,2380.0,2420.0,34828200
2026-01-08,PTBA,2430.0,2440.0,2390.0,2390.0,15692800
2026-01-09,PTBA,2390.0,2420.0,2390.0,2390.0,8648400
2026-01-12,PTBA,2400.0,2410.0,2360.0,2380.0,19351700
2026-01-13,PTBA,2390.0,2420.0,2370.0,2420.0,17873600
2026-01-14,PTBA,2430.0,2450.0,2430.0,2440.0,22448800
2026-01-15,PTBA,2440.0,2460.0,2430.0,2450.0,14964900
2026-01-19,PTBA,2450.0,2470.0,2440.0,2460.0,18156900
2026-01-20,PTBA,2450.0,2470.0,2440.0,2470.0,14155200
2026-01-21,PTBA,2470.0,2550.0,2420.0,2480.0,42532000
2026-01-22,PTBA,2490.0,2550.0,2490.0,2530.0,38152400
2026-01-23,PTBA,2530.0,2570.0,2510.0,2560.0,30704900
2026-01-26,PTBA,2570.0,2600.0,2560.0,2590.0,25968800
2026-01-27,PTBA,2590.0,2600.0,2530.0,2590.0,25926900
2026-01-28,PTBA,2530.0,2580.0,2400.0,2450.0,50716500
2026-01-29,PTBA,2450.0,2450.0,2220.0,2440.0,37405600
2026-01-30,PTBA,2440.0,2500.0,2420.0,2480.0,21023000
2026-02-02,PTBA,2540.0,2610.0,2480.0,2540.0,65842000
2026-02-03,PTBA,2540.0,2550.0,2490.0,2520.0,18391400
2026-02-04,PTBA,2520.0,2560.0,2520.0,2550.0,21583800
2026-02-05,PTBA,2580.0,2650.0,2560.0,2590.0,52650600
2026-02-06,PTBA,2580.0,2590.0,2520.0,2550.0,22364000
2026-02-09,PTBA,2550.0,2580.0,2520.0,2580.0,14194400
2026-02-10,PTBA,2580.0,2580.0,2550.0,2580.0,13434000
2026-02-11,PTBA,2580.0,2590.0,2550.0,2550.0,17360100
2026-02-12,PTBA,2550.0,2580.0,2530.0,2550.0,14860100
2026-02-13,PTBA,2560.0,2560.0,2540.0,2550.0,7763900
2026-02-18,PTBA,2560.0,2620.0,2550.0,2620.0,26334600
2026-02-19,PTBA,2630.0,2660.0,2610.0,2640.0,36299700
2026-02-20,PTBA,2640.0,2660.0,2610.0,2620.0,14520100
2026-02-23,PTBA,2630.0,2640.0,2600.0,2630.0,9446400
2026-02-24,PTBA,2630.0,2630.0,2590.0,2590.0,15217600
2026-02-25,PTBA,2620.0,2630.0,2600.0,2630.0,11896300
2026-02-26,PTBA,2630.0,2640.0,2580.0,2610.0,12915200
2026-02-27,PTBA,2610.0,2620.0,2570.0,2600.0,9458900
2026-03-02,PTBA,2620.0,2750.0,2610.0,2750.0,73917100
2026-03-03,PTBA,2840.0,2940.0,2810.0,2920.0,148905100
2026-03-04,PTBA,2930.0,2970.0,2790.0,2860.0,121906900
2026-03-05,PTBA,2860.0,2970.0,2860.0,2970.0,88323100
2026-03-06,PTBA,2970.0,3010.0,2910.0,2980.0,94306700
2026-03-09,PTBA,2990.0,2990.0,2840.0,2950.0,72725300
2026-03-10,PTBA,2930.0,2950.0,2890.0,2950.0,26486000
2026-03-11,PTBA,2940.0,2950.0,2850.0,2870.0,25995900
2026-03-12,PTBA,2870.0,2930.0,2870.0,2910.0,25949100
2026-03-13,PTBA,2920.0,2940.0,2880.0,2910.0,16326800
2026-03-16,PTBA,2920.0,2920.0,2840.0,2920.0,27882300
2026-03-17,PTBA,2900.0,2930.0,2880.0,2910.0,18156300
2026-03-25,PTBA,2910.0,3170.0,2890.0,3160.0,134168900
2026-03-26,PTBA,3160.0,3180.0,3040.0,3130.0,38485700
2026-03-27,PTBA,3130.0,3150.0,3060.0,3100.0,26659000
2026-03-30,PTBA,3130.0,3160.0,3100.0,3150.0,38180700
2026-03-31,PTBA,3160.0,3220.0,3130.0,3180.0,48824200
2026-04-01,PTBA,3180.0,3190.0,2970.0,2980.0,60499300
2026-04-02,PTBA,3000.0,3030.0,2910.0,2910.0,41964800
2026-04-06,PTBA,2930.0,3010.0,2930.0,2980.0,21950500
2026-04-07,PTBA,3000.0,3010.0,2870.0,2930.0,33065800
2026-04-08,PTBA,2870.0,2930.0,2810.0,2860.0,53019400
2026-04-09,PTBA,2860.0,2920.0,2850.0,2880.0,19539100
2026-04-10,PTBA,2880.0,2900.0,2860.0,2890.0,14675500
2026-04-13,PTBA,2900.0,2950.0,2890.0,2920.0,27124500
2026-04-14,PTBA,2950.0,2960.0,2910.0,2930.0,18535000
2026-04-15,PTBA,2940.0,2940.0,2890.0,2900.0,18766700
2026-04-16,PTBA,2890.0,2900.0,2860.0,2870.0,13610400
2026-04-17,PTBA,2870.0,2910.0,2860.0,2900.0,11032000
2026-04-20,PTBA,2900.0,2910.0,2850.0,2870.0,14870300
2026-04-21,PTBA,2870.0,2930.0,2850.0,2910.0,17370400
2026-04-22,PTBA,2930.0,3000.0,2920.0,3000.0,26315500
2026-04-23,PTBA,3020.0,3020.0,2930.0,2960.0,21797100
2026-04-24,PTBA,2960.0,2960.0,2880.0,2900.0,20405800
2026-04-27,PTBA,2900.0,2930.0,2860.0,2910.0,11926400
2026-04-28,PTBA,2910.0,2920.0,2880.0,2890.0,9708300
2026-04-29,PTBA,2890.0,2920.0,2870.0,2910.0,8737300
2026-04-30,PTBA,2920.0,2930.0,2850.0,2870.0,14060300
2026-05-04,PTBA,2900.0,2950.0,2890.0,2950.0,17446300
2026-05-05,PTBA,2960.0,2970.0,2910.0,2950.0,11847100
2026-05-06,PTBA,2950.0,2950.0,2900.0,2930.0,10142900
2026-05-07,PTBA,2910.0,2930.0,2870.0,2880.0,15964800
2026-05-08,PTBA,2890.0,2920.0,2850.0,2860.0,12602300
2026-05-11,PTBA,2860.0,2900.0,2810.0,2870.0,15126200
2026-05-12,PTBA,2870.0,2880.0,2820.0,2860.0,10044200
2026-05-13,PTBA,2860.0,2860.0,2820.0,2830.0,7812400
2026-05-18,PTBA,2840.0,2860.0,2760.0,2850.0,17488500
2026-05-19,PTBA,2850.0,2870.0,2640.0,2650.0,39725400
2026-05-20,PTBA,2650.0,2860.0,2620.0,2820.0,46764500
2026-05-21,PTBA,2820.0,2850.0,2700.0,2710.0,23420700
2026-05-22,PTBA,2710.0,2760.0,2640.0,2720.0,15862400
2026-05-25,PTBA,2750.0,2860.0,2700.0,2800.0,27203100
2026-05-26,PTBA,2820.0,2870.0,2800.0,2840.0,13647500
2026-05-29,PTBA,2840.0,2870.0,2770.0,2780.0,29747600
2026-06-02,PTBA,2790.0,2810.0,2730.0,2760.0,16488300
2026-06-03,PTBA,2780.0,2800.0,2600.0,2620.0,28439300
2026-06-04,PTBA,2620.0,2690.0,2510.0,2660.0,30880500
2026-06-05,PTBA,2660.0,2670.0,2580.0,2590.0,16106500
2026-06-08,PTBA,2580.0,2580.0,2460.0,2500.0,21406900
2026-06-09,PTBA,2500.0,2660.0,2480.0,2640.0,20332400
2026-06-10,PTBA,2700.0,2750.0,2640.0,2740.0,25276800
2026-06-11,PTBA,2750.0,2780.0,2580.0,2630.0,31537200
2026-06-12,PTBA,2600.0,2670.0,2550.0,2620.0,46138000
2026-06-15,PTBA,2620.0,2700.0,2600.0,2620.0,39951600
2026-06-17,PTBA,2620.0,2660.0,2570.0,2590.0,26024100
2026-06-18,PTBA,2590.0,2610.0,2570.0,2580.0,13982900
2026-06-19,PTBA,2620.0,2620.0,2510.0,2530.0,26880500
2026-06-22,PTBA,2570.0,2620.0,2560.0,2570.0,38825500
2026-06-23,PTBA,2470.0,2500.0,2430.0,2480.0,19977700
2026-06-24,PTBA,2490.0,2500.0,2400.0,2420.0,13699200
2026-06-25,PTBA,2420.0,2450.0,2360.0,2370.0,17171200
2026-06-26,PTBA,2350.0,2390.0,2320.0,2360.0,16820300
2026-06-29,PTBA,2360.0,2370.0,2300.0,2320.0,12422600
2026-06-30,PTBA,2320.0,2330.0,2250.0,2290.0,16909100
2026-07-01,PTBA,2290.0,2310.0,2250.0,2290.0,10118100
2026-07-02,PTBA,2280.0,2320.0,2260.0,2270.0,10241400
2026-07-03,PTBA,2280.0,2330.0,2270.0,2310.0,8696800
2026-07-06,PTBA,2320.0,2350.0,2320.0,2330.0,6111200
2026-07-07,PTBA,2330.0,2370.0,2320.0,2370.0,9252000
2026-07-08,PTBA,2370.0,2380.0,2330.0,2350.0,7131800
2026-07-09,PTBA,2350.0,2360.0,2320.0,2360.0,5477200
2026-07-10,PTBA,2360.0,2390.0,2350.0,2380.0,8656000
2026-07-13,PTBA,2380.0,2420.0,2350.0,2410.0,10203500
2026-07-14,PTBA,2430.0,2450.0,2400.0,2420.0,8463100
2026-07-15,PTBA,2420.0,2430.0,2390.0,2420.0,6308500
2026-07-16,PTBA,2420.0,2430.0,2400.0,2420.0,4940900
2026-07-17,PTBA,2420.0,2440.0,2400.0,2410.0,15088000
2026-07-20,PTBA,2420.0,2450.0,2420.0,2440.0,13428700
2026-07-21,PTBA,2450.0,2450.0,2410.0,2420.0,12797400
2026-07-22,PTBA,2420.0,2450.0,2400.0,2430.0,9281500
2026-07-23,PTBA,2430.0,2460.0,2420.0,2440.0,18558900
2026-07-24,PTBA,2440.0,2440.0,2370.0,2390.0,12444000
2026-07-27,PTBA,2390.0,2390.0,2330.0,2360.0,10881400
2026-07-28,PTBA,2350.0,2360.0,2330.0,2330.0,9691400
2026-07-29,PTBA,2330.0,2350.0,2320.0,2330.0,10043500
2026-07-30,PTBA,2330.0,2360.0,2330.0,2350.0,9252500
2026-07-31,PTBA,2350.0,2370.0,2320.0,2320.0,27670000
2026-08-03,PTBA,2340.0,2340.0,2310.0,2320.0,14504100
2026-08-04,PTBA,2320.0,2360.0,2320.0,2360.0,9082700
2026-08-05,PTBA,2370.0,2370.0,2340.0,2360.0,13690100
2026-08-06,PTBA,2360.0,2370.0,2350.0,2350.0,9337400
2026-08-07,PTBA,2360.0,2370.0,2350.0,2370.0,9940400
2026-08-10,PTBA,2380.0,2400.0,2370.0,2390.0,10339700
2026-08-11,PTBA,2390.0,2390.0,2330.0,2350.0,9427900
2026-08-12,PTBA,2340.0,2360.0,2330.0,2350.0,10222900
2026-08-13,PTBA,2350.0,2360.0,2330.0,2340.0,5823800
2026-08-14,PTBA,2340.0,2370.0,2320.0,2360.0,10351500
2026-08-18,PTBA,2360.0,2380.0,2350.0,2370.0,10452300
2026-08-19,PTBA,2380.0,2390.0,2350.0,2370.0,9062800
2026-08-20,PTBA,2380.0,2400.0,2360.0,2400.0,7825700
2026-08-21,PTBA,2400.0,2410.0,2380.0,2400.0,8314400
2026-08-24,PTBA,2410.0,2510.0,2380.0,2480.0,33941000
2026-08-26,PTBA,2460.0,2470.0,2410.0,2420.0,19885800
2026-08-27,PTBA,2410.0,2510.0,2400.0,2500.0,23812700
2026-08-28,PTBA,2540.0,2640.0,2510.0,2530.0,37465600
2026-08-31,PTBA,2550.0,2590.0,2540.0,2560.0,30232000
2026-09-01,PTBA,2660.0,2790.0,2660.0,2670.0,115499100
2026-09-02,PTBA,2700.0,2830.0,2700.0,2720.0,93828700
2026-09-03,PTBA,2760.0,2930.0,2760.0,2890.0,109722100
2026-09-04,PTBA,2920.0,2930.0,2860.0,2880.0,26032000
2026-09-07,PTBA,2900.0,3040.0,2900.0,3010.0,92569800
2026-09-08,PTBA,3010.0,3030.0,2970.0,3000.0,67132000
2026-09-09,PTBA,3030.0,3100.0,2970.0,3100.0,104634100
2026-09-10,PTBA,3080.0,3200.0,3050.0,3100.0,81084900
2026-09-11,PTBA,3110.0,3140.0,3040.0,3100.0,51290600
2026-09-14,PTBA,3100.0,3160.0,3020.0,3080.0,46598300
2026-09-15,PTBA,3080.0,3090.0,3020.0,3020.0,22338600
2026-09-16,PTBA,3020.0,3070.0,2980.0,3000.0,25481200
2026-09-17,PTBA,3010.0,3140.0,2990.0,3140.0,49391500
2026-09-18,PTBA,3140.0,3150.0,3080.0,3090.0,35040000
2026-09-21,PTBA,3090.0,3100.0,3030.0,3080.0,15402900
2026-09-22,PTBA,3070.0,3070.0,2990.0,3010.0,22639100
2026-09-23,PTBA,3000.0,3050.0,2940.0,3050.0,23188400
2026-09-24,PTBA,3050.0,3050.0,2990.0,3050.0,11206200
2026-09-25,PTBA,3050.0,3140.0,3030.0,3090.0,31882000
2026-09-28,PTBA,3090.0,3200.0,3060.0,3180.0,60648500
2026-09-29,PTBA,3160.0,3170.0,3020.0,3110.0,55456800
2026-09-30,PTBA,3110.0,3160.0,3090.0,3120.0,28016200
2026-10-01,PTBA,3130.0,3150.0,3030.0,3050.0,21365600
2026-10-02,PTBA,3050.0,3210.0,3040.0,3180.0,35492700
2026-10-05,PTBA,3180.0,3290.0,3130.0,3270.0,54182900
2026-10-06,PTBA,3280.0,3410.0,3260.0,3400.0,79878000
2026-10-07,PTBA,3420.0,3490.0,3350.0,3380.0,34327600
2026-10-08,PTBA,3380.0,3400.0,3290.0,3320.0,23543500
2026-10-09,PTBA,3320.0,3360.0,3230.0,3300.0,31829700
2015-01-02,TLKM,2885.0,2885.0,2850.0,2860.0,18992100
2015-01-05,TLKM,2850.0,2850.0,2820.0,2835.0,49940700
2015-01-06,TLKM,2810.0,2835.0,2800.0,2815.0,47892100
2015-01-07,TLKM,2865.0,2870.0,2795.0,2810.0,70076600
2015-01-08,TLKM,2840.0,2845.0,2825.0,2835.0,56582500
2015-01-09,TLKM,2840.0,2865.0,2840.0,2860.0,71331300
2015-01-12,TLKM,2840.0,2855.0,2835.0,2835.0,62085500
2015-01-13,TLKM,2830.0,2845.0,2825.0,2840.0,64069900
2015-01-14,TLKM,2845.0,2845.0,2825.0,2825.0,39651700
2015-01-15,TLKM,2830.0,2840.0,2810.0,2830.0,42518800
2015-01-16,TLKM,2845.0,2845.0,2825.0,2845.0,24697100
2015-01-19,TLKM,2850.0,2855.0,2845.0,2855.0,25072900
2015-01-20,TLKM,2860.0,2900.0,2845.0,2900.0,64564800
2015-01-21,TLKM,2900.0,2920.0,2890.0,2915.0,71615600
2015-01-22,TLKM,2925.0,2930.0,2870.0,2880.0,59087800
2015-01-23,TLKM,2900.0,2905.0,2870.0,2890.0,86233100
2015-01-26,TLKM,2895.0,2895.0,2795.0,2820.0,199320200
2015-01-27,TLKM,2820.0,2835.0,2780.0,2830.0,118430700
2015-01-28,TLKM,2840.0,2855.0,2825.0,2845.0,104502400
2015-01-29,TLKM,2855.0,2865.0,2845.0,2860.0,47048700
2015-01-30,TLKM,2875.0,2875.0,2830.0,2830.0,80087700
2015-02-02,TLKM,2830.0,2830.0,2800.0,2805.0,125835700
2015-02-03,TLKM,2825.0,2825.0,2805.0,2825.0,73596500
2015-02-04,TLKM,2850.0,2850.0,2830.0,2845.0,110119200
2015-02-05,TLKM,2840.0,2845.0,2800.0,2815.0,127917300
2015-02-06,TLKM,2820.0,2845.0,2805.0,2830.0,89312200
2015-02-09,TLKM,2830.0,2875.0,2820.0,2860.0,99107100
2015-02-10,TLKM,2875.0,2875.0,2835.0,2845.0,70239800
2015-02-11,TLKM,2860.0,2870.0,2850.0,2860.0,94908700
2015-02-12,TLKM,2865.0,2905.0,2860.0,2895.0,132387000
2015-02-13,TLKM,2915.0,3020.0,2915.0,2980.0,183459600
2015-02-16,TLKM,2970.0,2995.0,2880.0,2890.0,100706300
2015-02-17,TLKM,2870.0,2905.0,2870.0,2895.0,42045700
2015-02-18,TLKM,2915.0,2925.0,2890.0,2895.0,57476200
2015-02-20,TLKM,2920.0,2940.0,2890.0,2890.0,68329800
2015-02-23,TLKM,2920.0,2925.0,2900.0,2910.0,67998800
2015-02-24,TLKM,2900.0,2935.0,2890.0,2905.0,65077400
2015-02-25,TLKM,2920.0,2970.0,2910.0,2970.0,102010900
2015-02-26,TLKM,2955.0,2990.0,2945.0,2975.0,86738700
2015-02-27,TLKM,2985.0,2990.0,2935.0,2935.0,88614600
2015-03-02,TLKM,2945.0,2960.0,2935.0,2950.0,114431500
2015-03-03,TLKM,2960.0,2965.0,2930.0,2945.0,78333100
2015-03-04,TLKM,2945.0,2945.0,2900.0,2910.0,58543500
2015-03-05,TLKM,2910.0,2945.0,2900.0,2910.0,73255400
2015-03-06,TLKM,2945.0,2985.0,2935.0,2985.0,129544600
2015-03-09,TLKM,2975.0,2975.0,2915.0,2945.0,85028700
2015-03-10,TLKM,2925.0,2970.0,2915.0,2945.0,85398800
2015-03-11,TLKM,2940.0,2975.0,2930.0,2940.0,89149900
2015-03-12,TLKM,2925.0,2945.0,2920.0,2925.0,54873400
2015-03-13,TLKM,2960.0,2980.0,2935.0,2955.0,80727100
2015-03-16,TLKM,2945.0,2995.0,2945.0,2975.0,66012100
2015-03-17,TLKM,2980.0,2995.0,2950.0,2955.0,98966500
2015-03-18,TLKM,2940.0,2965.0,2935.0,2950.0,61172400
2015-03-19,TLKM,2965.0,2970.0,2940.0,2950.0,120859000
2015-03-20,TLKM,2930.0,2945.0,2915.0,2920.0,122734000
2015-03-23,TLKM,2940.0,2940.0,2920.0,2920.0,46260000
2015-03-24,TLKM,2920.0,2940.0,2915.0,2920.0,84436600
2015-03-25,TLKM,2920.0,2920.0,2870.0,2880.0,90305000
2015-03-26,TLKM,2850.0,2860.0,2805.0,2810.0,143902100
2015-03-27,TLKM,2785.0,2855.0,2770.0,2810.0,89433400
2015-03-30,TLKM,2840.0,2895.0,2835.0,2865.0,94090000
2015-03-31,TLKM,2895.0,2920.0,2850.0,2890.0,152587300
2015-04-01,TLKM,2885.0,2890.0,2810.0,2835.0,121823100
2015-04-02,TLKM,2815.0,2850.0,2815.0,2825.0,58307700
2015-04-06,TLKM,2845.0,2850.0,2825.0,2835.0,37566400
2015-04-07,TLKM,2845.0,2870.0,2825.0,2855.0,42248600
2015-04-08,TLKM,2855.0,2870.0,2850.0,2860.0,75592900
2015-04-09,TLKM,2860.0,2860.0,2825.0,2840.0,54399400
2015-04-10,TLKM,2840.0,2840.0,2815.0,2825.0,96568900
2015-04-13,TLKM,2795.0,2825.0,2795.0,2795.0,100020600
2015-04-14,TLKM,2805.0,2815.0,2785.0,2795.0,95556600
2015-04-15,TLKM,2795.0,2810.0,2785.0,2805.0,71986200
2015-04-16,TLKM,2820.0,2820.0,2800.0,2810.0,68907100
2015-04-17,TLKM,2805.0,2815.0,2800.0,2805.0,92635400
2015-04-20,TLKM,2815.0,2835.0,2795.0,2835.0,99750500
2015-04-21,TLKM,2825.0,2835.0,2805.0,2835.0,64048600
2015-04-22,TLKM,2820.0,2840.0,2815.0,2830.0,71023000
2015-04-23,TLKM,2835.0,2870.0,2830.0,2855.0,132575300
2015-04-24,TLKM,2855.0,2910.0,2855.0,2905.0,139047700
2015-04-27,TLKM,2860.0,2860.0,2805.0,2810.0,104273400
2015-04-28,TLKM,2790.0,2795.0,2750.0,2790.0,87476800
2015-04-29,TLKM,2780.0,2790.0,2595.0,2700.0,162306400
2015-04-30,TLKM,2715.0,2730.0,2615.0,2615.0,219284700
2015-05-04,TLKM,2620.0,2775.0,2620.0,2765.0,108362400
2015-05-05,TLKM,2760.0,2785.0,2725.0,2750.0,111364100
2015-05-06,TLKM,2735.0,2770.0,2695.0,2770.0,96327600
2015-05-07,TLKM,2745.0,2850.0,2745.0,2830.0,90057500
2015-05-08,TLKM,2840.0,2885.0,2830.0,2860.0,85973400
2015-05-11,TLKM,2880.0,2895.0,2845.0,2845.0,71652100
2015-05-12,TLKM,2840.0,2865.0,2795.0,2800.0,78810300
2015-05-13,TLKM,2800.0,2850.0,2785.0,2835.0,55295400
2015-05-15,TLKM,2810.0,2840.0,2785.0,2840.0,104423300
2015-05-18,TLKM,2800.0,2830.0,2795.0,2830.0,81337900
2015-05-19,TLKM,2825.0,2835.0,2800.0,2830.0,85492700
2015-05-20,TLKM,2835.0,2850.0,2830.0,2835.0,71445300
2015-05-21,TLKM,2850.0,2880.0,2835.0,2850.0,85759800
2015-05-22,TLKM,2860.0,2880.0,2840.0,2870.0,44371000
2015-05-25,TLKM,2840.0,2865.0,2830.0,2830.0,13907600
2015-05-26,TLKM,2830.0,2880.0,2830.0,2870.0,47703000
2015-05-27,TLKM,2845.0,2865.0,2830.0,2830.0,46538800
2015-05-28,TLKM,2835.0,2870.0,2835.0,2855.0,59956100
2015-05-29,TLKM,2840.0,2870.0,2835.0,2845.0,96994900
2015-06-01,TLKM,2870.0,2870.0,2845.0,2845.0,27010300
2015-06-03,TLKM,2880.0,2890.0,2830.0,2875.0,81717400
2015-06-04,TLKM,2830.0,2865.0,2825.0,2825.0,61656400
2015-06-05,TLKM,2810.0,2870.0,2810.0,2855.0,50196500
2015-06-08,TLKM,2840.0,2855.0,2825.0,2855.0,43379600
2015-06-09,TLKM,2850.0,2850.0,2815.0,2830.0,75284400
2015-06-10,TLKM,2870.0,2880.0,2855.0,2860.0,100286700
2015-06-11,TLKM,2870.0,2880.0,2865.0,2870.0,41701100
2015-06-12,TLKM,2870.0,2875.0,2840.0,2850.0,26165000
2015-06-15,TLKM,2855.0,2855.0,2810.0,2810.0,29292300
2015-06-16,TLKM,2805.0,2885.0,2800.0,2870.0,81858300
2015-06-17,TLKM,2870.0,2890.0,2865.0,2875.0,74970300
2015-06-18,TLKM,2865.0,2885.0,2865.0,2880.0,44777300
2015-06-19,TLKM,2870.0,2890.0,2870.0,2890.0,54274000
2015-06-22,TLKM,2875.0,2885.0,2830.0,2835.0,51148100
2015-06-23,TLKM,2850.0,2885.0,2845.0,2850.0,61388100
2015-06-24,TLKM,2875.0,2880.0,2860.0,2880.0,62913100
2015-06-25,TLKM,2895.0,2950.0,2875.0,2905.0,168574700
2015-06-26,TLKM,2940.0,2945.0,2920.0,2935.0,77630800
2015-06-29,TLKM,2925.0,2925.0,2865.0,2905.0,38632500
2015-06-30,TLKM,2900.0,2955.0,2895.0,2930.0,132127400
2015-07-01,TLKM,2935.0,2950.0,2920.0,2920.0,53547000
2015-07-02,TLKM,2930.0,2945.0,2925.0,2930.0,74803300
2015-07-03,TLKM,2910.0,2935.0,2910.0,2930.0,24948900
2015-07-06,TLKM,2925.0,2940.0,2895.0,2930.0,32652400
2015-07-07,TLKM,2930.0,2930.0,2870.0,2870.0,44500500
2015-07-08,TLKM,2950.0,2950.0,2890.0,2900.0,100674400
2015-07-09,TLKM,2925.0,2925.0,2845.0,2875.0,45051300
2015-07-10,TLKM,2900.0,2900.0,2865.0,2875.0,56693900
2015-07-13,TLKM,2895.0,2895.0,2875.0,2890.0,43617400
2015-07-14,TLKM,2900.0,2900.0,2880.0,2880.0,35288900
2015-07-15,TLKM,2870.0,2890.0,2800.0,2825.0,84776900
2015-07-22,TLKM,2880.0,2920.0,2835.0,2865.0,161757100
2015-07-23,TLKM,2855.0,2855.0,2830.0,2845.0,43284000
2015-07-24,TLKM,2835.0,2865.0,2830.0,2855.0,50080200
2015-07-27,TLKM,2855.0,2855.0,2820.0,2825.0,67065700
2015-07-28,TLKM,2840.0,2865.0,2825.0,2845.0,56580900
2015-07-29,TLKM,2865.0,2870.0,2845.0,2855.0,43291300
2015-07-30,TLKM,2875.0,2895.0,2865.0,2870.0,63805300
2015-07-31,TLKM,2880.0,2950.0,2870.0,2940.0,87348300
2015-08-03,TLKM,2940.0,2940.0,2880.0,2920.0,86428100
2015-08-04,TLKM,2880.0,2925.0,2875.0,2875.0,53123700
2015-08-05,TLKM,2920.0,2940.0,2895.0,2940.0,75991400
2015-08-06,TLKM,2950.0,2960.0,2930.0,2930.0,69266700
2015-08-07,TLKM,2945.0,2965.0,2935.0,2955.0,67858700
2015-08-10,TLKM,2970.0,2970.0,2935.0,2965.0,53349200
2015-08-11,TLKM,2950.0,2965.0,2905.0,2940.0,61717200
2015-08-12,TLKM,2900.0,2900.0,2785.0,2800.0,89375300
2015-08-13,TLKM,2810.0,2860.0,2805.0,2825.0,77677400
2015-08-14,TLKM,2825.0,2900.0,2825.0,2875.0,56381100
2015-08-18,TLKM,2870.0,2890.0,2850.0,2875.0,93592100
2015-08-19,TLKM,2860.0,2900.0,2860.0,2880.0,62106400
2015-08-20,TLKM,2875.0,2880.0,2835.0,2870.0,57510300
2015-08-21,TLKM,2850.0,2850.0,2730.0,2730.0,98927300
2015-08-24,TLKM,2625.0,2750.0,2600.0,2660.0,92467600
2015-08-25,TLKM,2650.0,2770.0,2650.0,2705.0,98001800
2015-08-26,TLKM,2690.0,2695.0,2590.0,2690.0,174946300
2015-08-27,TLKM,2700.0,2840.0,2700.0,2830.0,116570700
2015-08-28,TLKM,2835.0,2870.0,2820.0,2865.0,121094900
2015-08-31,TLKM,2855.0,2885.0,2840.0,2870.0,128880800
2015-09-01,TLKM,2865.0,2875.0,2830.0,2830.0,47176700
2015-09-02,TLKM,2790.0,2810.0,2765.0,2775.0,84858200
2015-09-03,TLKM,2805.0,2820.0,2785.0,2800.0,29988900
2015-09-04,TLKM,2800.0,2820.0,2800.0,2810.0,38478400
2015-09-07,TLKM,2760.0,2765.0,2695.0,2700.0,53535900
2015-09-08,TLKM,2680.0,2740.0,2680.0,2730.0,35420600
2015-09-09,TLKM,2750.0,2755.0,2730.0,2730.0,77359400
2015-09-10,TLKM,2720.0,2785.0,2705.0,2765.0,64256500
2015-09-11,TLKM,2800.0,2800.0,2760.0,2760.0,28864200
2015-09-14,TLKM,2800.0,2800.0,2765.0,2785.0,34577600
2015-09-15,TLKM,2755.0,2770.0,2710.0,2710.0,28528700
2015-09-16,TLKM,2720.0,2745.0,2700.0,2720.0,32023700
2015-09-17,TLKM,2700.0,2710.0,2655.0,2680.0,110693400
2015-09-18,TLKM,2690.0,2720.0,2675.0,2690.0,119461900
2015-09-21,TLKM,2690.0,2735.0,2680.0,2730.0,39502900
2015-09-22,TLKM,2735.0,2745.0,2695.0,2700.0,52305600
2015-09-23,TLKM,2665.0,2700.0,2655.0,2655.0,36091900
2015-09-25,TLKM,2720.0,2775.0,2640.0,2655.0,63639600
2015-09-28,TLKM,2620.0,2645.0,2600.0,2600.0,20695500
2015-09-29,TLKM,2550.0,2605.0,2485.0,2605.0,69456600
2015-09-30,TLKM,2580.0,2645.0,2565.0,2645.0,89608600
2015-10-01,TLKM,2640.0,2665.0,2610.0,2630.0,53417800
2015-10-02,TLKM,2605.0,2635.0,2600.0,2620.0,41421500
2015-10-05,TLKM,2620.0,2755.0,2615.0,2720.0,71562100
2015-10-06,TLKM,2770.0,2830.0,2735.0,2790.0,119008800
2015-10-07,TLKM,2775.0,2790.0,2700.0,2740.0,129685800
2015-10-08,TLKM,2735.0,2745.0,2710.0,2710.0,55225400
2015-10-09,TLKM,2730.0,2750.0,2695.0,2700.0,75397000
2015-10-12,TLKM,2695.0,2720.0,2680.0,2695.0,79379100
2015-10-13,TLKM,2695.0,2700.0,2635.0,2640.0,93278200
2015-10-15,TLKM,2660.0,2730.0,2660.0,2685.0,87325900
2015-10-16,TLKM,2725.0,2725.0,2675.0,2680.0,73264100
2015-10-19,TLKM,2700.0,2730.0,2685.0,2720.0,54806100
2015-10-20,TLKM,2680.0,2760.0,2680.0,2710.0,68821200
2015-10-21,TLKM,2745.0,2765.0,2715.0,2730.0,44455600
2015-10-22,TLKM,2720.0,2755.0,2710.0,2740.0,37608800
2015-10-23,TLKM,2780.0,2785.0,2730.0,2760.0,84717200
2015-10-26,TLKM,2790.0,2825.0,2770.0,2805.0,74714100
2015-10-27,TLKM,2800.0,2800.0,2755.0,2795.0,36482200
2015-10-28,TLKM,2765.0,2805.0,2765.0,2795.0,46129600
2015-10-29,TLKM,2795.0,2795.0,2720.0,2730.0,100875400
2015-10-30,TLKM,2750.0,2760.0,2680.0,2680.0,97802800
2015-11-02,TLKM,2700.0,2765.0,2700.0,2740.0,47693000
2015-11-03,TLKM,2720.0,2750.0,2715.0,2740.0,52631300
2015-11-04,TLKM,2740.0,2755.0,2725.0,2730.0,62262700
2015-11-05,TLKM,2740.0,2750.0,2705.0,2705.0,40649100
2015-11-06,TLKM,2735.0,2765.0,2730.0,2735.0,42300300
2015-11-09,TLKM,2740.0,2740.0,2700.0,2730.0,28610100
2015-11-10,TLKM,2700.0,2725.0,2695.0,2695.0,71540600
2015-11-11,TLKM,2680.0,2700.0,2660.0,2665.0,45329300
2015-11-12,TLKM,2700.0,2740.0,2675.0,2715.0,67582900
2015-11-13,TLKM,2705.0,2780.0,2700.0,2755.0,85542600
2015-11-16,TLKM,2730.0,2740.0,2720.0,2720.0,39014100
2015-11-17,TLKM,2750.0,2850.0,2740.0,2815.0,107165000
2015-11-18,TLKM,2840.0,2865.0,2825.0,2850.0,83841800
2015-11-19,TLKM,2865.0,2880.0,2805.0,2815.0,74695200
2015-11-20,TLKM,2805.0,2920.0,2805.0,2915.0,80693900
2015-11-23,TLKM,2935.0,2950.0,2800.0,2800.0,58469900
2015-11-24,TLKM,2880.0,2890.0,2850.0,2870.0,52299500
2015-11-25,TLKM,2890.0,2925.0,2860.0,2900.0,72999200
2015-11-26,TLKM,2895.0,2955.0,2890.0,2950.0,79959900
2015-11-27,TLKM,2960.0,2970.0,2945.0,2960.0,64313600
2015-11-30,TLKM,2900.0,2980.0,2900.0,2930.0,248674100
2015-12-01,TLKM,2955.0,2990.0,2925.0,2940.0,114946900
2015-12-02,TLKM,2935.0,2980.0,2935.0,2970.0,79848900
2015-12-03,TLKM,2955.0,3095.0,2955.0,3035.0,126393400
2015-12-04,TLKM,3005.0,3020.0,2990.0,3000.0,94131500
2015-12-07,TLKM,3000.0,3060.0,3000.0,3030.0,78108300
2015-12-08,TLKM,3015.0,3070.0,3000.0,3015.0,129096000
2015-12-09,TLKM,3015.0,3015.0,3015.0,3015.0,0
2015-12-10,TLKM,2950.0,3020.0,2950.0,3010.0,144523200
2015-12-11,TLKM,3020.0,3025.0,2950.0,2950.0,77701000
2015-12-14,TLKM,2900.0,2955.0,2900.0,2930.0,83862900
2015-12-15,TLKM,2930.0,2955.0,2910.0,2940.0,54346400
2015-12-16,TLKM,3085.0,3085.0,2960.0,3040.0,96852000
2015-12-17,TLKM,3100.0,3125.0,3040.0,3125.0,85716700
2015-12-18,TLKM,3080.0,3090.0,3050.0,3060.0,89447600
2015-12-21,TLKM,3060.0,3115.0,3040.0,3110.0,80764000
2015-12-22,TLKM,3100.0,3135.0,3100.0,3135.0,68929200
2015-12-23,TLKM,3075.0,3145.0,3020.0,3110.0,92014400
2015-12-28,TLKM,3090.0,3170.0,3090.0,3120.0,47634200
2015-12-29,TLKM,3100.0,3120.0,3075.0,3095.0,38486500
2015-12-30,TLKM,3100.0,3135.0,3100.0,3105.0,40956100
2016-01-04,TLKM,3080.0,3175.0,3080.0,3140.0,53937600
2016-01-05,TLKM,3125.0,3225.0,3125.0,3195.0,111298000
2016-01-06,TLKM,3250.0,3385.0,3220.0,3250.0,126669200
2016-01-07,TLKM,3200.0,3250.0,3155.0,3210.0,106056300
2016-01-08,TLKM,3170.0,3190.0,3130.0,3145.0,121217800
2016-01-11,TLKM,3090.0,3125.0,3060.0,3060.0,89758100
2016-01-12,TLKM,3085.0,3205.0,3080.0,3145.0,116904200
2016-01-13,TLKM,3195.0,3250.0,3170.0,3190.0,74269100
2016-01-14,TLKM,3100.0,3215.0,3100.0,3135.0,106684400
2016-01-15,TLKM,3135.0,3155.0,3085.0,3085.0,88290900
2016-01-18,TLKM,3060.0,3130.0,3045.0,3085.0,37695300
2016-01-19,TLKM,3075.0,3135.0,3075.0,3110.0,57336800
2016-01-20,TLKM,3095.0,3130.0,3090.0,3090.0,65971300
2016-01-21,TLKM,3110.0,3155.0,3090.0,3095.0,75613700
2016-01-22,TLKM,3155.0,3185.0,3115.0,3185.0,83961900
2016-01-25,TLKM,3230.0,3250.0,3185.0,3205.0,85792900
2016-01-26,TLKM,3205.0,3230.0,3190.0,3225.0,88825300
2016-01-27,TLKM,3235.0,3270.0,3215.0,3270.0,58542700
2016-01-28,TLKM,3270.0,3280.0,3210.0,3260.0,76642400
2016-01-29,TLKM,3290.0,3340.0,3230.0,3340.0,123511400
2016-02-01,TLKM,3290.0,3375.0,3290.0,3330.0,132389600
2016-02-02,TLKM,3280.0,3320.0,3235.0,3235.0,85894700
2016-02-03,TLKM,3200.0,3275.0,3180.0,3275.0,65149900
2016-02-04,TLKM,3310.0,3455.0,3305.0,3350.0,121904700
2016-02-05,TLKM,3370.0,3510.0,3370.0,3500.0,110951000
2016-02-09,TLKM,3430.0,3430.0,3360.0,3375.0,71371200
2016-02-10,TLKM,3320.0,3390.0,3320.0,3385.0,83792500
2016-02-11,TLKM,3385.0,3450.0,3365.0,3430.0,109097100
2016-02-12,TLKM,3405.0,3410.0,3260.0,3285.0,153723600
2016-02-15,TLKM,3310.0,3340.0,3280.0,3325.0,104800500
2016-02-16,TLKM,3310.0,3340.0,3305.0,3335.0,43892400
2016-02-17,TLKM,3320.0,3355.0,3310.0,3335.0,81659100
2016-02-18,TLKM,3335.0,3355.0,3295.0,3315.0,94576000
2016-02-19,TLKM,3315.0,3315.0,3160.0,3195.0,179256500
2016-02-22,TLKM,3185.0,3210.0,3140.0,3180.0,105477300
2016-02-23,TLKM,3190.0,3250.0,3170.0,3220.0,67743800
2016-02-24,TLKM,3195.0,3240.0,3175.0,3230.0,69789500
2016-02-25,TLKM,3245.0,3310.0,3210.0,3300.0,95590800
2016-02-26,TLKM,3340.0,3340.0,3290.0,3310.0,53507400
2016-02-29,TLKM,3340.0,3340.0,3245.0,3250.0,102104500
2016-03-01,TLKM,3250.0,3295.0,3250.0,3295.0,63318600
2016-03-02,TLKM,3340.0,3370.0,3325.0,3340.0,110289200
2016-03-03,TLKM,3375.0,3430.0,3355.0,3430.0,107648600
2016-03-04,TLKM,3435.0,3435.0,3330.0,3415.0,87747700
2016-03-07,TLKM,3400.0,3420.0,3360.0,3395.0,63623500
2016-03-08,TLKM,3380.0,3415.0,3330.0,3390.0,109167700
2016-03-10,TLKM,3345.0,3350.0,3265.0,3315.0,163244500
2016-03-11,TLKM,3315.0,3315.0,3315.0,3315.0,0
2016-03-14,TLKM,3315.0,3315.0,3315.0,3315.0,0
2016-03-15,TLKM,3440.0,3450.0,3350.0,3380.0,95058500
2016-03-16,TLKM,3390.0,3440.0,3370.0,3440.0,45874600
2016-03-17,TLKM,3460.0,3470.0,3440.0,3455.0,81984200
2016-03-18,TLKM,3455.0,3500.0,3430.0,3460.0,141609900
2016-03-21,TLKM,3460.0,3485.0,3450.0,3470.0,55410700
2016-03-22,TLKM,3440.0,3460.0,3385.0,3420.0,123088800
2016-03-23,TLKM,3380.0,3380.0,3300.0,3305.0,201671300
2016-03-24,TLKM,3300.0,3360.0,3295.0,3325.0,106657100
2016-03-28,TLKM,3325.0,3340.0,3280.0,3305.0,60692300
2016-03-29,TLKM,3310.0,3335.0,3280.0,3300.0,117103200
2016-03-30,TLKM,3330.0,3380.0,3330.0,3345.0,140480200
2016-03-31,TLKM,3345.0,3355.0,3300.0,3325.0,120747500
2016-04-01,TLKM,3330.0,3350.0,3305.0,3350.0,79809200
2016-04-04,TLKM,3350.0,3380.0,3345.0,3380.0,69422300
2016-04-05,TLKM,3365.0,3400.0,3360.0,3375.0,69798700
2016-04-06,TLKM,3385.0,3410.0,3370.0,3405.0,63554500
2016-04-07,TLKM,3420.0,3430.0,3400.0,3400.0,77205400
2016-04-08,TLKM,3350.0,3445.0,3350.0,3445.0,54809700
2016-04-11,TLKM,3445.0,3445.0,3445.0,3445.0,0
2016-04-12,TLKM,3375.0,3400.0,3350.0,3400.0,52196200
2016-04-13,TLKM,3400.0,3400.0,3400.0,3400.0,0
2016-04-14,TLKM,3400.0,3400.0,3400.0,3400.0,0
2016-04-15,TLKM,3400.0,3400.0,3400.0,3400.0,0
2016-04-18,TLKM,3400.0,3400.0,3400.0,3400.0,0
2016-04-19,TLKM,3400.0,3400.0,3400.0,3400.0,0
2016-04-20,TLKM,3650.0,3635.0,3555.0,3585.0,94939200
2016-04-21,TLKM,3675.0,3675.0,3595.0,3630.0,94208900
2016-04-22,TLKM,3630.0,3745.0,3610.0,3685.0,145345500
2016-04-25,TLKM,3750.0,3810.0,3720.0,3780.0,114861000
2016-04-26,TLKM,3755.0,3755.0,3635.0,3645.0,122013000
2016-04-27,TLKM,3650.0,3705.0,3635.0,3700.0,74476000
2016-04-28,TLKM,3685.0,3720.0,3575.0,3595.0,160377500
2016-04-29,TLKM,3585.0,3595.0,3530.0,3550.0,225310200
2016-05-02,TLKM,3410.0,3500.0,3410.0,3450.0,175519300
2016-05-03,TLKM,3460.0,3520.0,3440.0,3440.0,156357700
2016-05-04,TLKM,3460.0,3500.0,3420.0,3490.0,153451200
2016-05-09,TLKM,3550.0,3690.0,3540.0,3610.0,157422300
2016-05-10,TLKM,3690.0,3720.0,3660.0,3700.0,101558100
2016-05-11,TLKM,3720.0,3750.0,3690.0,3720.0,84834700
2016-05-12,TLKM,3710.0,3780.0,3700.0,3760.0,142320700
2016-05-13,TLKM,3790.0,3790.0,3690.0,3690.0,85983800
2016-05-16,TLKM,3720.0,3800.0,3690.0,3720.0,122085600
2016-05-17,TLKM,3750.0,3770.0,3710.0,3720.0,64899500
2016-05-18,TLKM,3740.0,3750.0,3720.0,3740.0,83954800
2016-05-19,TLKM,3720.0,3730.0,3580.0,3630.0,116976600
2016-05-20,TLKM,3650.0,3700.0,3620.0,3640.0,90193000
2016-05-23,TLKM,3680.0,3730.0,3660.0,3710.0,50914600
2016-05-24,TLKM,3690.0,3760.0,3690.0,3730.0,57819500
2016-05-25,TLKM,3750.0,3780.0,3730.0,3780.0,58455600
2016-05-26,TLKM,3800.0,3800.0,3720.0,3770.0,37338500
2016-05-27,TLKM,3750.0,3760.0,3720.0,3760.0,31023300
2016-05-30,TLKM,3760.0,3790.0,3700.0,3700.0,23090100
2016-05-31,TLKM,3700.0,3750.0,3670.0,3700.0,182229000
2016-06-01,TLKM,3730.0,3770.0,3710.0,3720.0,67998100
2016-06-02,TLKM,3730.0,3820.0,3720.0,3770.0,87912100
2016-06-03,TLKM,3820.0,3840.0,3750.0,3800.0,62133700
2016-06-06,TLKM,3820.0,3880.0,3810.0,3880.0,72380600
2016-06-07,TLKM,3880.0,3930.0,3850.0,3910.0,86501400
2016-06-08,TLKM,3890.0,3910.0,3710.0,3790.0,193251000
2016-06-09,TLKM,3810.0,3820.0,3760.0,3770.0,113035900
2016-06-10,TLKM,3790.0,3800.0,3750.0,3750.0,53233600
2016-06-13,TLKM,3720.0,3770.0,3720.0,3760.0,51886300
2016-06-14,TLKM,3750.0,3780.0,3720.0,3770.0,43865800
2016-06-15,TLKM,3790.0,3810.0,3750.0,3810.0,59658600
2016-06-16,TLKM,3840.0,3880.0,3830.0,3880.0,90883500
2016-06-17,TLKM,3890.0,3920.0,3860.0,3890.0,80835200
2016-06-20,TLKM,3870.0,3890.0,3830.0,3850.0,54544000
2016-06-21,TLKM,3880.0,3880.0,3840.0,3870.0,53484100
2016-06-22,TLKM,3880.0,3890.0,3850.0,3870.0,62121300
2016-06-23,TLKM,3860.0,3870.0,3830.0,3860.0,37990600
2016-06-24,TLKM,3880.0,3890.0,3740.0,3820.0,87594500
2016-06-27,TLKM,3790.0,3870.0,3780.0,3840.0,61613600
2016-06-28,TLKM,3860.0,3900.0,3780.0,3820.0,169594500
2016-06-29,TLKM,3860.0,3970.0,3850.0,3970.0,121327700
2016-06-30,TLKM,3950.0,4010.0,3950.0,3980.0,96453900
2016-07-01,TLKM,4010.0,4050.0,3950.0,3970.0,98381900
2016-07-11,TLKM,4080.0,4250.0,4030.0,4070.0,270804800
2016-07-12,TLKM,4120.0,4180.0,4020.0,4100.0,143787700
2016-07-13,TLKM,4260.0,4260.0,4110.0,4260.0,95845300
2016-07-14,TLKM,4150.0,4170.0,4080.0,4110.0,131505700
2016-07-15,TLKM,4090.0,4200.0,4090.0,4200.0,109258400
2016-07-18,TLKM,4180.0,4190.0,4110.0,4140.0,53918600
2016-07-19,TLKM,4170.0,4170.0,4130.0,4160.0,73777600
2016-07-20,TLKM,4180.0,4190.0,4140.0,4190.0,47233600
2016-07-21,TLKM,4200.0,4200.0,4120.0,4120.0,69990500
2016-07-22,TLKM,4150.0,4150.0,4090.0,4110.0,49795000
2016-07-25,TLKM,4130.0,4180.0,4120.0,4180.0,53817300
2016-07-26,TLKM,4200.0,4280.0,4170.0,4250.0,85360000
2016-07-27,TLKM,4300.0,4350.0,4260.0,4340.0,108887200
2016-07-28,TLKM,4340.0,4380.0,4320.0,4340.0,90945600
2016-07-29,TLKM,4340.0,4500.0,4230.0,4230.0,123234300
2016-08-01,TLKM,4350.0,4570.0,4350.0,4550.0,138151900
2016-08-02,TLKM,4450.0,4480.0,4370.0,4370.0,97621900
2016-08-03,TLKM,4350.0,4380.0,4270.0,4270.0,108295900
2016-08-04,TLKM,4320.0,4350.0,4280.0,4320.0,77484900
2016-08-05,TLKM,4340.0,4360.0,4300.0,4350.0,58295600
2016-08-08,TLKM,4360.0,4400.0,4340.0,4400.0,64572500
2016-08-09,TLKM,4410.0,4430.0,4330.0,4370.0,65888400
2016-08-10,TLKM,4330.0,4370.0,4270.0,4320.0,71874800
2016-08-11,TLKM,4350.0,4350.0,4260.0,4280.0,91165100
2016-08-12,TLKM,4280.0,4310.0,4170.0,4230.0,123190100
2016-08-15,TLKM,4210.0,4230.0,4060.0,4090.0,126444800
2016-08-16,TLKM,4140.0,4190.0,4090.0,4140.0,125421200
2016-08-18,TLKM,4190.0,4260.0,4160.0,4250.0,199163900
2016-08-19,TLKM,4250.0,4270.0,4120.0,4140.0,117134200
2016-08-22,TLKM,4160.0,4170.0,4110.0,4160.0,90760300
2016-08-23,TLKM,4190.0,4220.0,4080.0,4220.0,135968200
2016-08-24,TLKM,4180.0,4250.0,4160.0,4220.0,77672300
2016-08-25,TLKM,4220.0,4240.0,4200.0,4220.0,85476500
2016-08-26,TLKM,4200.0,4230.0,4170.0,4210.0,55203100
2016-08-29,TLKM,4200.0,4200.0,4120.0,4140.0,86940700
2016-08-30,TLKM,4140.0,4190.0,4120.0,4170.0,89405700
2016-08-31,TLKM,4160.0,4240.0,4150.0,4210.0,119001300
2016-09-01,TLKM,4150.0,4210.0,4130.0,4160.0,73019400
2016-09-02,TLKM,4120.0,4210.0,4120.0,4200.0,67797200
2016-09-05,TLKM,4200.0,4240.0,4180.0,4200.0,49860400
2016-09-06,TLKM,4210.0,4240.0,4190.0,4240.0,48004000
2016-09-07,TLKM,4240.0,4240.0,4140.0,4210.0,80888800
2016-09-08,TLKM,4200.0,4210.0,4160.0,4160.0,64125200
2016-09-09,TLKM,4150.0,4160.0,4030.0,4050.0,120404300
2016-09-13,TLKM,4050.0,4090.0,3980.0,4050.0,123714900
2016-09-14,TLKM,4050.0,4050.0,3950.0,3970.0,107944800
2016-09-15,TLKM,4000.0,4160.0,4000.0,4140.0,113131600
2016-09-16,TLKM,4140.0,4220.0,4080.0,4090.0,138669100
2016-09-19,TLKM,4130.0,4240.0,4130.0,4200.0,74240200
2016-09-20,TLKM,4150.0,4220.0,4150.0,4160.0,88244400
2016-09-21,TLKM,4160.0,4220.0,4100.0,4200.0,97627500
2016-09-22,TLKM,4250.0,4270.0,4200.0,4230.0,159174700
2016-09-23,TLKM,4230.0,4250.0,4170.0,4230.0,84251000
2016-09-26,TLKM,4200.0,4250.0,4190.0,4240.0,78037000
2016-09-27,TLKM,4190.0,4280.0,4170.0,4280.0,106582800
2016-09-28,TLKM,4220.0,4270.0,4220.0,4250.0,66963300
2016-09-29,TLKM,4230.0,4340.0,4230.0,4290.0,130275100
2016-09-30,TLKM,4290.0,4400.0,4270.0,4310.0,137113000
2016-10-03,TLKM,4360.0,4390.0,4310.0,4380.0,58639700
2016-10-04,TLKM,4380.0,4400.0,4360.0,4360.0,69761200
2016-10-05,TLKM,4330.0,4350.0,4280.0,4300.0,64563500
2016-10-06,TLKM,4280.0,4300.0,4200.0,4210.0,83690900
2016-10-07,TLKM,4220.0,4240.0,4170.0,4200.0,50796000
2016-10-10,TLKM,4180.0,4230.0,4150.0,4160.0,33361000
2016-10-11,TLKM,4170.0,4180.0,4120.0,4160.0,95073200
2016-10-12,TLKM,4130.0,4160.0,4120.0,4140.0,77235200
2016-10-13,TLKM,4150.0,4190.0,4140.0,4180.0,95797800
2016-10-14,TLKM,4200.0,4250.0,4180.0,4210.0,127750100
2016-10-17,TLKM,4200.0,4250.0,4200.0,4240.0,62848500
2016-10-18,TLKM,4250.0,4260.0,4220.0,4230.0,47811100
2016-10-19,TLKM,4230.0,4250.0,4200.0,4200.0,39787500
2016-10-20,TLKM,4210.0,4240.0,4180.0,4200.0,49146300
2016-10-21,TLKM,4200.0,4240.0,4190.0,4210.0,32147200
2016-10-24,TLKM,4200.0,4240.0,4190.0,4220.0,44928300
2016-10-25,TLKM,4200.0,4220.0,4190.0,4200.0,70646400
2016-10-26,TLKM,4180.0,4220.0,4180.0,4190.0,51043000
2016-10-27,TLKM,4220.0,4260.0,4210.0,4240.0,59171100
2016-10-28,TLKM,4220.0,4250.0,4220.0,4230.0,63978700
2016-10-31,TLKM,4230.0,4250.0,4210.0,4220.0,87255800
2016-11-01,TLKM,4230.0,4240.0,4200.0,4200.0,40526400
2016-11-02,TLKM,4200.0,4240.0,4190.0,4200.0,65592600
2016-11-03,TLKM,4200.0,4210.0,4120.0,4150.0,142513800
2016-11-04,TLKM,4120.0,4160.0,4100.0,4150.0,94570400
2016-11-07,TLKM,4150.0,4200.0,4130.0,4150.0,56762000
2016-11-08,TLKM,4170.0,4300.0,4170.0,4280.0,73529000
2016-11-09,TLKM,4250.0,4290.0,4110.0,4120.0,142550300
2016-11-10,TLKM,4180.0,4220.0,4130.0,4190.0,197201200
2016-11-11,TLKM,4050.0,4050.0,3910.0,3960.0,244873100
2016-11-14,TLKM,3850.0,3880.0,3640.0,3790.0,331538800
2016-11-15,TLKM,3830.0,3950.0,3760.0,3840.0,214754300
2016-11-16,TLKM,3900.0,4030.0,3900.0,4000.0,195298100
2016-11-17,TLKM,3950.0,4040.0,3950.0,4000.0,84236700
2016-11-18,TLKM,4020.0,4030.0,3960.0,3970.0,98115300
2016-11-21,TLKM,3950.0,3970.0,3920.0,3930.0,82463000
2016-11-22,TLKM,3920.0,3970.0,3910.0,3950.0,69602800
2016-11-23,TLKM,3930.0,3970.0,3920.0,3940.0,108352600
2016-11-24,TLKM,3900.0,3930.0,3760.0,3810.0,91265600
2016-11-25,TLKM,3770.0,3830.0,3770.0,3830.0,65999500
2016-11-28,TLKM,3850.0,3860.0,3820.0,3840.0,61860400
2016-11-29,TLKM,3830.0,3880.0,3830.0,3840.0,73215900
2016-11-30,TLKM,3820.0,3900.0,3770.0,3780.0,145322000
2016-12-01,TLKM,3820.0,3900.0,3810.0,3860.0,96825100
2016-12-02,TLKM,3820.0,3960.0,3810.0,3910.0,68873200
2016-12-05,TLKM,3900.0,4000.0,3890.0,3960.0,56831800
2016-12-06,TLKM,3930.0,3960.0,3900.0,3910.0,67135100
2016-12-07,TLKM,3890.0,3890.0,3820.0,3850.0,74498300
2016-12-08,TLKM,3880.0,3940.0,3860.0,3940.0,80253900
2016-12-09,TLKM,3930.0,3980.0,3910.0,3960.0,73229000
2016-12-13,TLKM,3920.0,3970.0,3900.0,3970.0,85397800
2016-12-14,TLKM,3910.0,3970.0,3910.0,3920.0,53216800
2016-12-15,TLKM,3840.0,3940.0,3830.0,3910.0,58982800
2016-12-16,TLKM,3910.0,3910.0,3820.0,3820.0,111038700
2016-12-19,TLKM,3850.0,3890.0,3800.0,3800.0,64957800
2016-12-20,TLKM,3750.0,3800.0,3710.0,3730.0,88601300
2016-12-21,TLKM,3800.0,3850.0,3760.0,3780.0,65390700
2016-12-22,TLKM,3720.0,3780.0,3720.0,3750.0,53482700
2016-12-23,TLKM,3790.0,3790.0,3670.0,3690.0,46232300
2016-12-27,TLKM,3690.0,3760.0,3670.0,3730.0,48998200
2016-12-28,TLKM,3770.0,3840.0,3770.0,3830.0,39654200
2016-12-29,TLKM,3830.0,3960.0,3810.0,3940.0,126802300
2016-12-30,TLKM,3940.0,4020.0,3940.0,3980.0,128649100
2017-01-02,TLKM,3980.0,3980.0,3980.0,3980.0,0
2017-01-03,TLKM,3950.0,3990.0,3920.0,3950.0,71660600
2017-01-04,TLKM,3880.0,3980.0,3880.0,3950.0,68494500
2017-01-05,TLKM,3960.0,4030.0,3940.0,3950.0,74018400
2017-01-06,TLKM,3970.0,4010.0,3960.0,4000.0,44136900
2017-01-09,TLKM,4000.0,4030.0,3990.0,4020.0,85713200
2017-01-10,TLKM,4030.0,4030.0,3960.0,4000.0,44608000
2017-01-11,TLKM,3960.0,4000.0,3950.0,3960.0,47226300
2017-01-12,TLKM,3920.0,3970.0,3920.0,3960.0,45738500
2017-01-13,TLKM,3930.0,3970.0,3930.0,3950.0,64704600
2017-01-16,TLKM,3970.0,4000.0,3950.0,3950.0,42188800
2017-01-17,TLKM,3980.0,4000.0,3960.0,3970.0,45793400
2017-01-18,TLKM,3960.0,4010.0,3950.0,3960.0,56558200
2017-01-19,TLKM,3940.0,3980.0,3920.0,3970.0,53435400
2017-01-20,TLKM,3920.0,3940.0,3820.0,3830.0,101523500
2017-01-23,TLKM,3800.0,3880.0,3780.0,3840.0,77653500
2017-01-24,TLKM,3850.0,3950.0,3850.0,3910.0,113430200
2017-01-25,TLKM,3940.0,3940.0,3890.0,3900.0,47799100
2017-01-26,TLKM,3900.0,3960.0,3860.0,3940.0,60944600
2017-01-27,TLKM,3900.0,3920.0,3880.0,3890.0,47240400
2017-01-30,TLKM,3860.0,3910.0,3860.0,3860.0,30060700
2017-01-31,TLKM,3870.0,3920.0,3860.0,3870.0,57849200
2017-02-01,TLKM,3910.0,3980.0,3900.0,3940.0,77648400
2017-02-02,TLKM,3940.0,3980.0,3900.0,3950.0,73895600
2017-02-03,TLKM,3900.0,3970.0,3900.0,3950.0,59225000
2017-02-06,TLKM,3940.0,3960.0,3910.0,3960.0,52999700
2017-02-07,TLKM,3930.0,3960.0,3920.0,3920.0,66017500
2017-02-08,TLKM,3900.0,3920.0,3860.0,3870.0,115706000
2017-02-09,TLKM,3870.0,3910.0,3860.0,3870.0,78090700
2017-02-10,TLKM,3870.0,3910.0,3860.0,3890.0,91636700
2017-02-13,TLKM,3920.0,3920.0,3900.0,3920.0,54547600
2017-02-14,TLKM,3900.0,3900.0,3840.0,3860.0,146309400
2017-02-15,TLKM,3860.0,3860.0,3860.0,3860.0,0
2017-02-16,TLKM,3880.0,3890.0,3840.0,3870.0,127779400
2017-02-17,TLKM,3890.0,3890.0,3850.0,3870.0,80814700
2017-02-20,TLKM,3860.0,3880.0,3850.0,3870.0,26820400
2017-02-21,TLKM,3880.0,3890.0,3860.0,3880.0,49368500
2017-02-22,TLKM,3880.0,3890.0,3850.0,3880.0,74260200
2017-02-23,TLKM,3860.0,3870.0,3830.0,3840.0,122760100
2017-02-24,TLKM,3830.0,3870.0,3830.0,3840.0,71119600
2017-02-27,TLKM,3850.0,3890.0,3850.0,3870.0,54712100
2017-02-28,TLKM,3860.0,3900.0,3850.0,3850.0,65928100
2017-03-01,TLKM,3870.0,3890.0,3840.0,3850.0,79662500
2017-03-02,TLKM,3870.0,3870.0,3830.0,3830.0,59748700
2017-03-03,TLKM,3820.0,3870.0,3810.0,3850.0,92350100
2017-03-06,TLKM,3860.0,3920.0,3850.0,3920.0,99064100
2017-03-07,TLKM,3920.0,3950.0,3890.0,3950.0,61945400
2017-03-08,TLKM,3920.0,3930.0,3880.0,3880.0,31336300
2017-03-09,TLKM,3960.0,3960.0,3880.0,3960.0,83224900
2017-03-10,TLKM,3970.0,3990.0,3910.0,3950.0,70318300
2017-03-13,TLKM,3940.0,3970.0,3920.0,3950.0,54433000
2017-03-14,TLKM,3950.0,4070.0,3950.0,4050.0,122779100
2017-03-15,TLKM,4030.0,4080.0,4010.0,4040.0,80434200
2017-03-16,TLKM,4060.0,4150.0,4060.0,4140.0,123306900
2017-03-17,TLKM,4140.0,4140.0,4030.0,4110.0,123085600
2017-03-20,TLKM,4100.0,4110.0,4050.0,4100.0,87628300
2017-03-21,TLKM,4060.0,4120.0,4060.0,4090.0,75349600
2017-03-22,TLKM,4060.0,4080.0,4010.0,4070.0,110927600
2017-03-23,TLKM,4070.0,4100.0,4050.0,4090.0,72319900
2017-03-24,TLKM,4080.0,4110.0,4050.0,4080.0,71877500
2017-03-27,TLKM,4080.0,4090.0,4070.0,4080.0,56070700
2017-03-29,TLKM,4080.0,4150.0,4080.0,4150.0,84076600
2017-03-30,TLKM,4140.0,4170.0,4110.0,4140.0,61410200
2017-03-31,TLKM,4180.0,4190.0,4130.0,4130.0,88859000
2017-04-03,TLKM,4130.0,4200.0,4130.0,4170.0,66564400
2017-04-04,TLKM,4170.0,4290.0,4170.0,4250.0,108165500
2017-04-05,TLKM,4250.0,4250.0,4250.0,4250.0,0
2017-04-06,TLKM,4180.0,4200.0,4130.0,4170.0,79905800
2017-04-07,TLKM,4130.0,4140.0,4110.0,4130.0,72954300
2017-04-10,TLKM,4110.0,4140.0,4090.0,4100.0,53211800
2017-04-11,TLKM,4110.0,4180.0,4110.0,4150.0,54580200
2017-04-12,TLKM,4170.0,4170.0,4110.0,4150.0,33441400
2017-04-13,TLKM,4150.0,4170.0,4090.0,4090.0,47225000
2017-04-17,TLKM,4090.0,4090.0,4010.0,4010.0,51373500
2017-04-18,TLKM,4060.0,4120.0,4050.0,4070.0,68193500
2017-04-19,TLKM,4070.0,4070.0,4070.0,4070.0,0
2017-04-20,TLKM,4030.0,4150.0,4030.0,4110.0,110208600
2017-04-21,TLKM,4180.0,4420.0,4170.0,4420.0,237062100
2017-04-25,TLKM,4500.0,4520.0,4330.0,4420.0,213322700
2017-04-26,TLKM,4380.0,4410.0,4360.0,4400.0,103930700
2017-04-27,TLKM,4380.0,4400.0,4360.0,4370.0,78695300
2017-04-28,TLKM,4400.0,4410.0,4370.0,4370.0,124845700
2017-05-02,TLKM,4410.0,4450.0,4380.0,4410.0,140198900
2017-05-03,TLKM,4400.0,4400.0,4330.0,4340.0,92896600
2017-05-04,TLKM,4360.0,4390.0,4340.0,4370.0,100510700
2017-05-05,TLKM,4350.0,4360.0,4330.0,4340.0,43566800
2017-05-08,TLKM,4370.0,4380.0,4310.0,4340.0,85508700
2017-05-09,TLKM,4390.0,4450.0,4330.0,4340.0,90061700
2017-05-10,TLKM,4340.0,4410.0,4330.0,4370.0,85484500
2017-05-12,TLKM,4410.0,4440.0,4380.0,4400.0,84813500
2017-05-15,TLKM,4420.0,4420.0,4320.0,4360.0,88965200
2017-05-16,TLKM,4390.0,4390.0,4340.0,4340.0,79436500
2017-05-17,TLKM,4380.0,4380.0,4300.0,4340.0,65470700
2017-05-18,TLKM,4300.0,4340.0,4270.0,4310.0,78913600
2017-05-19,TLKM,4300.0,4650.0,4300.0,4530.0,140860000
2017-05-22,TLKM,4590.0,4670.0,4440.0,4470.0,92800400
2017-05-23,TLKM,4500.0,4520.0,4370.0,4400.0,70551200
2017-05-24,TLKM,4360.0,4410.0,4330.0,4360.0,76441800
2017-05-26,TLKM,4430.0,4490.0,4430.0,4470.0,123903300
2017-05-29,TLKM,4470.0,4470.0,4360.0,4390.0,69694400
2017-05-30,TLKM,4350.0,4380.0,4330.0,4330.0,57720500
2017-05-31,TLKM,4350.0,4370.0,4300.0,4350.0,184808900
2017-06-01,TLKM,4350.0,4350.0,4350.0,4350.0,0
2017-06-02,TLKM,4400.0,4450.0,4340.0,4380.0,168414800
2017-06-05,TLKM,4340.0,4380.0,4300.0,4340.0,88200300
2017-06-06,TLKM,4350.0,4350.0,4300.0,4310.0,99538800
2017-06-07,TLKM,4350.0,4350.0,4290.0,4320.0,99176400
2017-06-08,TLKM,4320.0,4320.0,4300.0,4300.0,88979800
2017-06-09,TLKM,4370.0,4380.0,4320.0,4330.0,137960200
2017-06-12,TLKM,4320.0,4340.0,4310.0,4330.0,52481100
2017-06-13,TLKM,4340.0,4360.0,4330.0,4360.0,61967400
2017-06-14,TLKM,4380.0,4380.0,4330.0,4360.0,72198600
2017-06-15,TLKM,4350.0,4370.0,4330.0,4360.0,50887900
2017-06-16,TLKM,4330.0,4440.0,4330.0,4370.0,267351200
2017-06-19,TLKM,4400.0,4420.0,4390.0,4400.0,48458800
2017-06-20,TLKM,4420.0,4510.0,4400.0,4490.0,93396600
2017-06-21,TLKM,4480.0,4530.0,4460.0,4520.0,116596300
2017-06-22,TLKM,4540.0,4540.0,4500.0,4520.0,76420700
2017-06-23,TLKM,4520.0,4520.0,4520.0,4520.0,0
2017-06-26,TLKM,4520.0,4520.0,4520.0,4520.0,0
2017-06-27,TLKM,4520.0,4520.0,4520.0,4520.0,0
2017-06-28,TLKM,4520.0,4520.0,4520.0,4520.0,0
2017-06-29,TLKM,4520.0,4520.0,4520.0,4520.0,0
2017-06-30,TLKM,4520.0,4520.0,4520.0,4520.0,0
2017-07-03,TLKM,4530.0,4790.0,4520.0,4790.0,213322100
2017-07-04,TLKM,4710.0,4730.0,4590.0,4590.0,126977200
2017-07-05,TLKM,4550.0,4590.0,4530.0,4580.0,76950600
2017-07-06,TLKM,4570.0,4680.0,4570.0,4650.0,74712800
2017-07-07,TLKM,4640.0,4690.0,4630.0,4630.0,74859600
2017-07-10,TLKM,4670.0,4670.0,4560.0,4570.0,40905200
2017-07-11,TLKM,4590.0,4640.0,4560.0,4600.0,59015400
2017-07-12,TLKM,4580.0,4640.0,4580.0,4620.0,42386500
2017-07-13,TLKM,4660.0,4680.0,4580.0,4600.0,83010800
2017-07-14,TLKM,4580.0,4620.0,4570.0,4600.0,61198800
2017-07-17,TLKM,4570.0,4650.0,4570.0,4650.0,53983200
2017-07-18,TLKM,4660.0,4660.0,4590.0,4630.0,63087200
2017-07-19,TLKM,4630.0,4630.0,4570.0,4600.0,31882000
2017-07-20,TLKM,4620.0,4650.0,4600.0,4630.0,65946300
2017-07-21,TLKM,4600.0,4620.0,4530.0,4560.0,61852600
2017-07-24,TLKM,4500.0,4650.0,4500.0,4650.0,139361700
2017-07-25,TLKM,4680.0,4740.0,4640.0,4720.0,82776400
2017-07-26,TLKM,4700.0,4740.0,4650.0,4700.0,65286900
2017-07-27,TLKM,4700.0,4720.0,4650.0,4650.0,79556300
2017-07-28,TLKM,4670.0,4720.0,4660.0,4700.0,77012600
2017-07-31,TLKM,4680.0,4750.0,4670.0,4690.0,105620500
2017-08-01,TLKM,4700.0,4820.0,4690.0,4770.0,98006400
2017-08-02,TLKM,4800.0,4840.0,4780.0,4800.0,76646000
2017-08-03,TLKM,4760.0,4790.0,4670.0,4700.0,57453500
2017-08-04,TLKM,4700.0,4710.0,4660.0,4670.0,53596700
2017-08-07,TLKM,4670.0,4730.0,4660.0,4670.0,50259300
2017-08-08,TLKM,4650.0,4690.0,4650.0,4690.0,55006100
2017-08-09,TLKM,4670.0,4720.0,4670.0,4710.0,67040700
2017-08-10,TLKM,4720.0,4730.0,4700.0,4710.0,36139000
2017-08-11,TLKM,4690.0,4700.0,4660.0,4680.0,61681900
2017-08-14,TLKM,4720.0,4730.0,4700.0,4710.0,45942500
2017-08-15,TLKM,4750.0,4750.0,4710.0,4730.0,62541500
2017-08-16,TLKM,4750.0,4780.0,4730.0,4770.0,72564900
2017-08-17,TLKM,4770.0,4770.0,4770.0,4770.0,0
2017-08-18,TLKM,4770.0,4820.0,4770.0,4780.0,72171800
2017-08-21,TLKM,4800.0,4800.0,4730.0,4770.0,36963300
2017-08-22,TLKM,4800.0,4810.0,4770.0,4790.0,45279100
2017-08-23,TLKM,4800.0,4810.0,4750.0,4800.0,55475800
2017-08-24,TLKM,4800.0,4800.0,4760.0,4780.0,59747100
2017-08-25,TLKM,4800.0,4810.0,4770.0,4770.0,34666200
2017-08-28,TLKM,4740.0,4770.0,4720.0,4750.0,42681600
2017-08-29,TLKM,4740.0,4760.0,4710.0,4730.0,66770700
2017-08-30,TLKM,4720.0,4760.0,4720.0,4740.0,41010800
2017-08-31,TLKM,4740.0,4750.0,4690.0,4690.0,60803000
2017-09-01,TLKM,4690.0,4690.0,4690.0,4690.0,0
2017-09-04,TLKM,4710.0,4710.0,4660.0,4680.0,74663400
2017-09-05,TLKM,4670.0,4680.0,4620.0,4650.0,71280300
2017-09-06,TLKM,4650.0,4730.0,4650.0,4710.0,60257800
2017-09-07,TLKM,4700.0,4730.0,4690.0,4700.0,47238900
2017-09-08,TLKM,4670.0,4720.0,4670.0,4720.0,40939600
2017-09-11,TLKM,4710.0,4720.0,4700.0,4710.0,45419200
2017-09-12,TLKM,4720.0,4730.0,4700.0,4720.0,68810000
2017-09-13,TLKM,4650.0,4730.0,4650.0,4690.0,55115400
2017-09-14,TLKM,4690.0,4700.0,4660.0,4670.0,53421400
2017-09-15,TLKM,4650.0,4700.0,4650.0,4690.0,112759200
2017-09-18,TLKM,4680.0,4720.0,4660.0,4710.0,61345400
2017-09-19,TLKM,4690.0,4720.0,4680.0,4710.0,54676900
2017-09-20,TLKM,4690.0,4710.0,4680.0,4690.0,58141200
2017-09-21,TLKM,4690.0,4690.0,4690.0,4690.0,0
2017-09-22,TLKM,4690.0,4690.0,4610.0,4640.0,100046700
2017-09-25,TLKM,4620.0,4670.0,4610.0,4650.0,33070000
2017-09-26,TLKM,4640.0,4710.0,4640.0,4690.0,83557100
2017-09-27,TLKM,4690.0,4710.0,4680.0,4700.0,60995800
2017-09-28,TLKM,4720.0,4740.0,4710.0,4710.0,105241200
2017-09-29,TLKM,4700.0,4750.0,4670.0,4680.0,202031900
2017-10-02,TLKM,4690.0,4690.0,4660.0,4680.0,79696400
2017-10-03,TLKM,4650.0,4700.0,4640.0,4690.0,113933700
2017-10-04,TLKM,4660.0,4710.0,4660.0,4690.0,101963100
2017-10-05,TLKM,4680.0,4690.0,4640.0,4660.0,164687600
2017-10-06,TLKM,4680.0,4680.0,4630.0,4660.0,83595800
2017-10-09,TLKM,4640.0,4660.0,4610.0,4620.0,73027700
2017-10-10,TLKM,4650.0,4650.0,4510.0,4530.0,95524700
2017-10-11,TLKM,4540.0,4550.0,4310.0,4400.0,365951800
2017-10-12,TLKM,4380.0,4490.0,4370.0,4440.0,163091000
2017-10-13,TLKM,4440.0,4450.0,4400.0,4430.0,122491000
2017-10-16,TLKM,4380.0,4480.0,4380.0,4450.0,167517000
2017-10-17,TLKM,4400.0,4410.0,4320.0,4400.0,286827400
2017-10-18,TLKM,4400.0,4400.0,4190.0,4300.0,379725700
2017-10-19,TLKM,4230.0,4250.0,4180.0,4210.0,231274800
2017-10-20,TLKM,4250.0,4290.0,4200.0,4270.0,107642900
2017-10-23,TLKM,4270.0,4320.0,4240.0,4250.0,118213500
2017-10-24,TLKM,4270.0,4270.0,4230.0,4230.0,69942200
2017-10-25,TLKM,4210.0,4230.0,4060.0,4090.0,308355300
2017-10-26,TLKM,4010.0,4260.0,4010.0,4160.0,348271000
2017-10-27,TLKM,4190.0,4200.0,4080.0,4150.0,122923500
2017-10-30,TLKM,4150.0,4180.0,4080.0,4080.0,140445100
2017-10-31,TLKM,4150.0,4150.0,4030.0,4030.0,111757900
2017-11-01,TLKM,4070.0,4080.0,3910.0,3950.0,267366500
2017-11-02,TLKM,3980.0,4110.0,3970.0,4030.0,154764900
2017-11-03,TLKM,4050.0,4100.0,4010.0,4090.0,80926400
2017-11-06,TLKM,4100.0,4210.0,4070.0,4190.0,177511800
2017-11-07,TLKM,4180.0,4210.0,4160.0,4190.0,84694700
2017-11-08,TLKM,4160.0,4160.0,4100.0,4100.0,145225500
2017-11-09,TLKM,4100.0,4180.0,4100.0,4160.0,91933800
2017-11-10,TLKM,4130.0,4160.0,4120.0,4120.0,56993800
2017-11-13,TLKM,4130.0,4160.0,4100.0,4100.0,92109100
2017-11-14,TLKM,4100.0,4110.0,4070.0,4080.0,64809800
2017-11-15,TLKM,4090.0,4180.0,4080.0,4130.0,96128400
2017-11-16,TLKM,4150.0,4230.0,4150.0,4200.0,134137000
2017-11-17,TLKM,4200.0,4230.0,4200.0,4200.0,80261800
2017-11-20,TLKM,4220.0,4220.0,4150.0,4150.0,48453900
2017-11-21,TLKM,4170.0,4200.0,4150.0,4200.0,96842900
2017-11-22,TLKM,4220.0,4220.0,4190.0,4200.0,69602300
2017-11-23,TLKM,4200.0,4270.0,4200.0,4250.0,62887900
2017-11-24,TLKM,4220.0,4320.0,4220.0,4320.0,87879900
2017-11-27,TLKM,4320.0,4350.0,4280.0,4300.0,82769500
2017-11-28,TLKM,4270.0,4290.0,4230.0,4240.0,99928100
2017-11-29,TLKM,4220.0,4240.0,4180.0,4200.0,79872900
2017-11-30,TLKM,4200.0,4220.0,4150.0,4150.0,185905200
2017-12-01,TLKM,4150.0,4150.0,4150.0,4150.0,0
2017-12-04,TLKM,4180.0,4230.0,4160.0,4200.0,78040500
2017-12-05,TLKM,4210.0,4220.0,4180.0,4200.0,96504800
2017-12-06,TLKM,4160.0,4210.0,4160.0,4200.0,92126500
2017-12-07,TLKM,4200.0,4210.0,4160.0,4200.0,52703100
2017-12-08,TLKM,4150.0,4200.0,4120.0,4140.0,88536500
2017-12-11,TLKM,4110.0,4150.0,4110.0,4140.0,47625800
2017-12-12,TLKM,4150.0,4190.0,4150.0,4170.0,63036000
2017-12-13,TLKM,4150.0,4200.0,4150.0,4200.0,49020200
2017-12-14,TLKM,4220.0,4250.0,4200.0,4250.0,61517800
2017-12-15,TLKM,4200.0,4240.0,4180.0,4230.0,77110600
2017-12-18,TLKM,4250.0,4250.0,4170.0,4240.0,47756500
2017-12-19,TLKM,4200.0,4200.0,4170.0,4190.0,85383600
2017-12-20,TLKM,4190.0,4200.0,4160.0,4160.0,87778400
2017-12-21,TLKM,4190.0,4250.0,4170.0,4250.0,83893400
2017-12-22,TLKM,4250.0,4300.0,4210.0,4300.0,50330400
2017-12-25,TLKM,4300.0,4300.0,4300.0,4300.0,0
2017-12-26,TLKM,4300.0,4300.0,4300.0,4300.0,0
2017-12-27,TLKM,4270.0,4310.0,4270.0,4300.0,32211800
2017-12-28,TLKM,4300.0,4390.0,4270.0,4390.0,88576700
2017-12-29,TLKM,4390.0,4460.0,4390.0,4440.0,110053200
2018-01-01,TLKM,4440.0,4440.0,4440.0,4440.0,0
2018-01-02,TLKM,4430.0,4460.0,4380.0,4410.0,66075600
2018-01-03,TLKM,4380.0,4380.0,4200.0,4230.0,129205000
2018-01-04,TLKM,4230.0,4250.0,4190.0,4220.0,77953300
2018-01-05,TLKM,4220.0,4280.0,4200.0,4280.0,55863000
2018-01-08,TLKM,4250.0,4290.0,4250.0,4260.0,42916700
2018-01-09,TLKM,4240.0,4240.0,4180.0,4200.0,100497400
2018-01-10,TLKM,4200.0,4250.0,4180.0,4190.0,95004000
2018-01-11,TLKM,4200.0,4200.0,4150.0,4170.0,80524900
2018-01-12,TLKM,4160.0,4190.0,4130.0,4130.0,70976800
2018-01-15,TLKM,4160.0,4170.0,4100.0,4120.0,71388000
2018-01-16,TLKM,4150.0,4220.0,4120.0,4210.0,84393300
2018-01-17,TLKM,4210.0,4220.0,4180.0,4200.0,77197700
2018-01-18,TLKM,4210.0,4240.0,4160.0,4170.0,100089500
2018-01-19,TLKM,4190.0,4190.0,4120.0,4160.0,70890100
2018-01-22,TLKM,4120.0,4160.0,4120.0,4130.0,83090400
2018-01-23,TLKM,4160.0,4160.0,4030.0,4090.0,184176500
2018-01-24,TLKM,4090.0,4090.0,3970.0,3980.0,241779600
2018-01-25,TLKM,3980.0,4020.0,3920.0,3970.0,232552500
2018-01-26,TLKM,3990.0,4160.0,3990.0,4150.0,246067800
2018-01-29,TLKM,4170.0,4180.0,4030.0,4070.0,156356300
2018-01-30,TLKM,4020.0,4040.0,3960.0,3970.0,140694300
2018-01-31,TLKM,3960.0,4060.0,3950.0,3990.0,112276200
2018-02-01,TLKM,4030.0,4070.0,3980.0,3980.0,102291000
2018-02-02,TLKM,4030.0,4030.0,4000.0,4000.0,71707200
2018-02-05,TLKM,3950.0,4030.0,3920.0,4010.0,70792500
2018-02-06,TLKM,3950.0,3990.0,3930.0,3940.0,146207400
2018-02-07,TLKM,3990.0,4020.0,3950.0,3980.0,120081100
2018-02-08,TLKM,3980.0,4040.0,3940.0,4020.0,101865000
2018-02-09,TLKM,3970.0,4000.0,3940.0,3950.0,78255000
2018-02-12,TLKM,3950.0,3990.0,3950.0,3960.0,58535200
2018-02-13,TLKM,3990.0,4060.0,3980.0,4040.0,79288000
2018-02-14,TLKM,4050.0,4080.0,3990.0,4040.0,63313200
2018-02-15,TLKM,4050.0,4060.0,4000.0,4010.0,32896000
2018-02-16,TLKM,4010.0,4010.0,4010.0,4010.0,0
2018-02-19,TLKM,4050.0,4080.0,4040.0,4050.0,89429500
2018-02-20,TLKM,4080.0,4080.0,4040.0,4070.0,53466600
2018-02-21,TLKM,4040.0,4080.0,4020.0,4070.0,74130200
2018-02-22,TLKM,4070.0,4070.0,4010.0,4010.0,91272600
2018-02-23,TLKM,4030.0,4040.0,4010.0,4030.0,59706400
2018-02-26,TLKM,4050.0,4050.0,4010.0,4030.0,56293900
2018-02-27,TLKM,4030.0,4030.0,3960.0,4020.0,81554100
2018-02-28,TLKM,3970.0,4050.0,3970.0,4000.0,94528200
2018-03-01,TLKM,4050.0,4090.0,4020.0,4060.0,84215600
2018-03-02,TLKM,4060.0,4070.0,4030.0,4070.0,61410200
2018-03-05,TLKM,4050.0,4060.0,4000.0,4020.0,56394900
2018-03-06,TLKM,4050.0,4060.0,4020.0,4020.0,59010500
2018-03-07,TLKM,4000.0,4040.0,3980.0,4000.0,100646000
2018-03-08,TLKM,4050.0,4140.0,4020.0,4140.0,152547000
2018-03-09,TLKM,4150.0,4160.0,4090.0,4150.0,97354700
2018-03-12,TLKM,4170.0,4200.0,4130.0,4200.0,87344000
2018-03-13,TLKM,4160.0,4180.0,4080.0,4090.0,96605900
2018-03-14,TLKM,4070.0,4090.0,4040.0,4060.0,74296000
2018-03-15,TLKM,4030.0,4040.0,3930.0,3930.0,133775500
2018-03-16,TLKM,3930.0,3950.0,3820.0,3820.0,208216200
2018-03-19,TLKM,3860.0,3900.0,3810.0,3820.0,111808000
2018-03-20,TLKM,3800.0,3810.0,3640.0,3660.0,254154700
2018-03-21,TLKM,3660.0,3720.0,3630.0,3710.0,152085900
2018-03-22,TLKM,3720.0,3810.0,3690.0,3700.0,132850400
2018-03-23,TLKM,3520.0,3690.0,3520.0,3660.0,104485500
2018-03-26,TLKM,3600.0,3650.0,3580.0,3590.0,104993600
2018-03-27,TLKM,3630.0,3650.0,3540.0,3560.0,106157400
2018-03-28,TLKM,3570.0,3620.0,3540.0,3570.0,83907700
2018-03-29,TLKM,3580.0,3600.0,3530.0,3600.0,106930200
2018-03-30,TLKM,3600.0,3600.0,3600.0,3600.0,0
2018-04-02,TLKM,3640.0,3680.0,3600.0,3670.0,63944000
2018-04-03,TLKM,3640.0,3670.0,3620.0,3630.0,57234700
2018-04-04,TLKM,3630.0,3660.0,3570.0,3600.0,80976000
2018-04-05,TLKM,3650.0,3690.0,3650.0,3680.0,102973700
2018-04-06,TLKM,3680.0,3690.0,3650.0,3650.0,62905500
2018-04-09,TLKM,3630.0,3780.0,3630.0,3770.0,114947800
2018-04-10,TLKM,3740.0,3880.0,3730.0,3860.0,138847700
2018-04-11,TLKM,3850.0,3890.0,3850.0,3870.0,58454500
2018-04-12,TLKM,3830.0,3860.0,3740.0,3750.0,76340800
2018-04-13,TLKM,3760.0,3780.0,3630.0,3660.0,88313600
2018-04-16,TLKM,3660.0,3660.0,3660.0,3660.0,0
2018-04-17,TLKM,3660.0,3660.0,3660.0,3660.0,0
2018-04-18,TLKM,3720.0,3770.0,3710.0,3770.0,65927000
2018-04-19,TLKM,3770.0,3770.0,3770.0,3770.0,0
2018-04-20,TLKM,3770.0,3770.0,3770.0,3770.0,0
2018-04-23,TLKM,3720.0,3780.0,3720.0,3750.0,72362700
2018-04-24,TLKM,3810.0,3830.0,3770.0,3830.0,81396500
2018-04-25,TLKM,3830.0,3830.0,3830.0,3830.0,0
2018-04-26,TLKM,3830.0,3830.0,3830.0,3830.0,0
2018-04-27,TLKM,3830.0,3830.0,3830.0,3830.0,0
2018-04-30,TLKM,3750.0,3870.0,3750.0,3830.0,95418200
2018-05-01,TLKM,3830.0,3830.0,3830.0,3830.0,0
2018-05-02,TLKM,3810.0,3880.0,3780.0,3870.0,118872100
2018-05-03,TLKM,3850.0,3860.0,3740.0,3740.0,91601300
2018-05-04,TLKM,3700.0,3750.0,3650.0,3730.0,80894300
2018-05-07,TLKM,3750.0,3820.0,3730.0,3800.0,97351600
2018-05-08,TLKM,3650.0,3670.0,3570.0,3620.0,107379900
2018-05-09,TLKM,3600.0,3780.0,3530.0,3700.0,149687500
2018-05-10,TLKM,3700.0,3700.0,3700.0,3700.0,0
2018-05-11,TLKM,3700.0,3750.0,3620.0,3630.0,120995700
2018-05-14,TLKM,3560.0,3610.0,3500.0,3540.0,161018200
2018-05-15,TLKM,3520.0,3530.0,3350.0,3370.0,230994800
2018-05-16,TLKM,3280.0,3530.0,3250.0,3480.0,205406800
2018-05-17,TLKM,3510.0,3610.0,3490.0,3490.0,179026500
2018-05-18,TLKM,3520.0,3530.0,3400.0,3490.0,75748600
2018-05-21,TLKM,3490.0,3490.0,3410.0,3420.0,57210900
2018-05-22,TLKM,3420.0,3500.0,3420.0,3470.0,78667200
2018-05-23,TLKM,3460.0,3530.0,3450.0,3470.0,110630200
2018-05-24,TLKM,3480.0,3590.0,3480.0,3560.0,84178300
2018-05-25,TLKM,3540.0,3590.0,3530.0,3560.0,66374400
2018-05-28,TLKM,3580.0,3700.0,3560.0,3690.0,90299200
2018-05-29,TLKM,3690.0,3690.0,3690.0,3690.0,0
2018-05-30,TLKM,3600.0,3730.0,3590.0,3600.0,148933500
2018-05-31,TLKM,3600.0,3610.0,3500.0,3520.0,255204300
2018-06-01,TLKM,3520.0,3520.0,3520.0,3520.0,0
2018-06-04,TLKM,3540.0,3660.0,3530.0,3640.0,141754800
2018-06-05,TLKM,3680.0,3860.0,3660.0,3830.0,181376800
2018-06-06,TLKM,3790.0,3830.0,3760.0,3790.0,143554900
2018-06-07,TLKM,3800.0,3830.0,3770.0,3770.0,122724300
2018-06-08,TLKM,3710.0,3730.0,3600.0,3610.0,260396300
2018-06-11,TLKM,3610.0,3610.0,3610.0,3610.0,0
2018-06-12,TLKM,3610.0,3610.0,3610.0,3610.0,0
2018-06-13,TLKM,3610.0,3610.0,3610.0,3610.0,0
2018-06-14,TLKM,3610.0,3610.0,3610.0,3610.0,0
2018-06-15,TLKM,3610.0,3610.0,3610.0,3610.0,0
2018-06-18,TLKM,3610.0,3610.0,3610.0,3610.0,0
2018-06-19,TLKM,3610.0,3610.0,3610.0,3610.0,0
2018-06-20,TLKM,3540.0,3710.0,3510.0,3710.0,295386100
2018-06-21,TLKM,3650.0,3700.0,3610.0,3610.0,123848500
2018-06-22,TLKM,3610.0,3630.0,3540.0,3580.0,121490900
2018-06-25,TLKM,3630.0,3690.0,3600.0,3660.0,97826600
2018-06-26,TLKM,3600.0,3700.0,3600.0,3690.0,91252300
2018-06-27,TLKM,3690.0,3780.0,3690.0,3710.0,106616500
2018-06-28,TLKM,3700.0,3720.0,3660.0,3660.0,133779300
2018-06-29,TLKM,3650.0,3750.0,3640.0,3750.0,79116600
2018-07-02,TLKM,3800.0,3800.0,3710.0,3750.0,55810800
2018-07-03,TLKM,3740.0,3740.0,3670.0,3700.0,79439500
2018-07-04,TLKM,3700.0,3810.0,3630.0,3760.0,54884500
2018-07-05,TLKM,3800.0,3830.0,3760.0,3830.0,59717900
2018-07-06,TLKM,3850.0,3890.0,3830.0,3860.0,67655200
2018-07-09,TLKM,3900.0,4000.0,3880.0,3980.0,68798500
2018-07-10,TLKM,3990.0,4050.0,3960.0,4030.0,118127300
2018-07-11,TLKM,4000.0,4080.0,3960.0,4060.0,144055300
2018-07-12,TLKM,4050.0,4110.0,4040.0,4100.0,114531700
2018-07-13,TLKM,4080.0,4100.0,3970.0,4020.0,120852800
2018-07-16,TLKM,3970.0,4030.0,3860.0,3940.0,66229700
2018-07-17,TLKM,3970.0,3970.0,3890.0,3940.0,53740400
2018-07-18,TLKM,3910.0,4030.0,3890.0,4010.0,75157800
2018-07-19,TLKM,4000.0,4000.0,3910.0,3910.0,65340900
2018-07-20,TLKM,3900.0,3990.0,3890.0,3990.0,66456000
2018-07-23,TLKM,4030.0,4090.0,4010.0,4060.0,74605900
2018-07-24,TLKM,4090.0,4090.0,4030.0,4030.0,64353800
2018-07-25,TLKM,4060.0,4060.0,3900.0,3900.0,55617500
2018-07-26,TLKM,3920.0,3940.0,3890.0,3930.0,55761900
2018-07-27,TLKM,3910.0,3950.0,3890.0,3940.0,52506800
2018-07-30,TLKM,3890.0,3950.0,3890.0,3910.0,49045100
2018-07-31,TLKM,3830.0,3830.0,3550.0,3570.0,339081700
2018-08-01,TLKM,3570.0,3600.0,3500.0,3550.0,190720900
2018-08-02,TLKM,3550.0,3590.0,3450.0,3500.0,171276100
2018-08-03,TLKM,3480.0,3490.0,3430.0,3460.0,224005400
2018-08-06,TLKM,3480.0,3670.0,3480.0,3650.0,231846400
2018-08-07,TLKM,3650.0,3670.0,3570.0,3580.0,111024900
2018-08-08,TLKM,3600.0,3600.0,3520.0,3550.0,109077400
2018-08-09,TLKM,3520.0,3550.0,3490.0,3490.0,110452900
2018-08-10,TLKM,3510.0,3540.0,3480.0,3500.0,79851700
2018-08-13,TLKM,3440.0,3450.0,3360.0,3370.0,106124800
2018-08-14,TLKM,3360.0,3440.0,3330.0,3350.0,108189200
2018-08-15,TLKM,3350.0,3450.0,3310.0,3430.0,95526000
2018-08-16,TLKM,3390.0,3430.0,3350.0,3350.0,112653900
2018-08-17,TLKM,3350.0,3350.0,3350.0,3350.0,0
2018-08-20,TLKM,3420.0,3450.0,3370.0,3390.0,163133800
2018-08-21,TLKM,3400.0,3440.0,3350.0,3350.0,126746000
2018-08-22,TLKM,3350.0,3350.0,3350.0,3350.0,0
2018-08-23,TLKM,3390.0,3390.0,3290.0,3300.0,209401300
2018-08-24,TLKM,3290.0,3340.0,3270.0,3290.0,103476200
2018-08-27,TLKM,3330.0,3480.0,3310.0,3460.0,142917000
2018-08-28,TLKM,3480.0,3600.0,3480.0,3580.0,224122500
2018-08-29,TLKM,3560.0,3610.0,3520.0,3580.0,126710100
2018-08-30,TLKM,3580.0,3590.0,3510.0,3510.0,80352300
2018-08-31,TLKM,3500.0,3520.0,3460.0,3490.0,109920300
2018-09-03,TLKM,3520.0,3550.0,3480.0,3490.0,46014400
2018-09-04,TLKM,3500.0,3510.0,3410.0,3420.0,77620800
2018-09-05,TLKM,3400.0,3400.0,3250.0,3270.0,183864900
2018-09-06,TLKM,3250.0,3380.0,3250.0,3360.0,172294300
2018-09-07,TLKM,3360.0,3390.0,3320.0,3390.0,99447200
2018-09-10,TLKM,3380.0,3400.0,3350.0,3380.0,48741600
2018-09-11,TLKM,3380.0,3380.0,3380.0,3380.0,0
2018-09-12,TLKM,3380.0,3390.0,3310.0,3320.0,81217700
2018-09-13,TLKM,3370.0,3470.0,3370.0,3450.0,115198100
2018-09-14,TLKM,3470.0,3600.0,3470.0,3590.0,156541000
2018-09-17,TLKM,3550.0,3570.0,3430.0,3470.0,95431800
2018-09-18,TLKM,3470.0,3590.0,3440.0,3570.0,132571400
2018-09-19,TLKM,3580.0,3610.0,3540.0,3550.0,88139600
2018-09-20,TLKM,3590.0,3640.0,3570.0,3600.0,80194400
2018-09-21,TLKM,3630.0,3630.0,3550.0,3600.0,98577800
2018-09-24,TLKM,3590.0,3600.0,3510.0,3540.0,48101000
2018-09-25,TLKM,3540.0,3560.0,3520.0,3560.0,25350200
2018-09-26,TLKM,3550.0,3590.0,3540.0,3540.0,51055900
2018-09-27,TLKM,3580.0,3590.0,3550.0,3580.0,49549400
2018-09-28,TLKM,3600.0,3670.0,3600.0,3640.0,116695900
2018-10-01,TLKM,3610.0,3690.0,3610.0,3670.0,45504900
2018-10-02,TLKM,3640.0,3670.0,3580.0,3620.0,61393800
2018-10-03,TLKM,3570.0,3640.0,3570.0,3600.0,46611900
2018-10-04,TLKM,3570.0,3600.0,3510.0,3600.0,82550500
2018-10-05,TLKM,3540.0,3600.0,3530.0,3530.0,59270300
2018-10-08,TLKM,3500.0,3530.0,3470.0,3520.0,71886100
2018-10-09,TLKM,3530.0,3620.0,3520.0,3590.0,58708100
2018-10-10,TLKM,3640.0,3640.0,3560.0,3600.0,31937500
2018-10-11,TLKM,3500.0,3640.0,3480.0,3570.0,114418300
2018-10-12,TLKM,3630.0,3700.0,3620.0,3680.0,87991200
2018-10-15,TLKM,3700.0,3750.0,3650.0,3660.0,68466400
2018-10-16,TLKM,3680.0,3780.0,3680.0,3780.0,98103600
2018-10-17,TLKM,3800.0,3910.0,3800.0,3900.0,122953700
2018-10-18,TLKM,3840.0,3880.0,3720.0,3760.0,102322600
2018-10-19,TLKM,3700.0,3770.0,3690.0,3730.0,140162100
2018-10-22,TLKM,3730.0,3830.0,3730.0,3800.0,57680500
2018-10-23,TLKM,3800.0,3800.0,3670.0,3700.0,53266800
2018-10-24,TLKM,3700.0,3710.0,3520.0,3520.0,117672200
2018-10-25,TLKM,3490.0,3580.0,3460.0,3550.0,120108900
2018-10-26,TLKM,3580.0,3660.0,3580.0,3630.0,100554100
2018-10-29,TLKM,3630.0,3660.0,3580.0,3660.0,54304000
2018-10-30,TLKM,3640.0,3850.0,3630.0,3800.0,158933000
2018-10-31,TLKM,3850.0,3870.0,3730.0,3850.0,140351400
2018-11-01,TLKM,3850.0,3880.0,3810.0,3880.0,69586900
2018-11-02,TLKM,3900.0,3940.0,3880.0,3940.0,98072700
2018-11-05,TLKM,3850.0,3910.0,3850.0,3890.0,60121700
2018-11-06,TLKM,3930.0,3930.0,3820.0,3890.0,58088000
2018-11-07,TLKM,3900.0,3950.0,3870.0,3950.0,98350100
2018-11-08,TLKM,3970.0,4000.0,3920.0,4000.0,74004300
2018-11-09,TLKM,3960.0,3960.0,3920.0,3920.0,45243300
2018-11-12,TLKM,3890.0,3950.0,3860.0,3860.0,57256000
2018-11-13,TLKM,3810.0,3850.0,3750.0,3830.0,89819400
2018-11-14,TLKM,3860.0,3880.0,3750.0,3750.0,72968500
2018-11-15,TLKM,3800.0,3940.0,3790.0,3910.0,71440400
2018-11-16,TLKM,3930.0,4110.0,3920.0,4050.0,128595600
2018-11-19,TLKM,4050.0,4050.0,3930.0,3950.0,72785900
2018-11-20,TLKM,3950.0,3950.0,3950.0,3950.0,0
2018-11-21,TLKM,3860.0,3960.0,3850.0,3960.0,97525800
2018-11-22,TLKM,3910.0,3990.0,3910.0,3980.0,52279900
2018-11-23,TLKM,3980.0,4000.0,3950.0,3990.0,35499400
2018-11-26,TLKM,3980.0,4000.0,3950.0,3990.0,43879100
2018-11-27,TLKM,3940.0,3950.0,3850.0,3880.0,116422400
2018-11-28,TLKM,3890.0,3900.0,3710.0,3720.0,195860500
2018-11-29,TLKM,3770.0,3810.0,3710.0,3740.0,120921500
2018-11-30,TLKM,3760.0,3780.0,3680.0,3680.0,151545800
2018-12-03,TLKM,3740.0,3770.0,3700.0,3700.0,106891000
2018-12-04,TLKM,3720.0,3780.0,3720.0,3780.0,121586400
2018-12-05,TLKM,3740.0,3800.0,3730.0,3770.0,58424400
2018-12-06,TLKM,3740.0,3770.0,3700.0,3710.0,62164100
2018-12-07,TLKM,3700.0,3710.0,3660.0,3670.0,92902000
2018-12-10,TLKM,3650.0,3720.0,3610.0,3680.0,70093700
2018-12-11,TLKM,3640.0,3670.0,3610.0,3620.0,88050700
2018-12-12,TLKM,3660.0,3670.0,3620.0,3650.0,87333000
2018-12-13,TLKM,3680.0,3780.0,3660.0,3750.0,118965900
2018-12-14,TLKM,3800.0,3840.0,3730.0,3730.0,139547100
2018-12-17,TLKM,3740.0,3770.0,3710.0,3710.0,86251600
2018-12-18,TLKM,3700.0,3740.0,3680.0,3740.0,79833100
2018-12-19,TLKM,3740.0,3810.0,3740.0,3810.0,81542500
2018-12-20,TLKM,3810.0,3810.0,3720.0,3740.0,100129200
2018-12-21,TLKM,3700.0,3770.0,3700.0,3760.0,114752300
2018-12-24,TLKM,3760.0,3760.0,3760.0,3760.0,0
2018-12-25,TLKM,3760.0,3760.0,3760.0,3760.0,0
2018-12-26,TLKM,3730.0,3750.0,3700.0,3730.0,50416400
2018-12-27,TLKM,3780.0,3790.0,3730.0,3750.0,49980900
2018-12-28,TLKM,3770.0,3780.0,3750.0,3750.0,48224400
2018-12-31,TLKM,3750.0,3750.0,3750.0,3750.0,0
2019-01-01,TLKM,3750.0,3750.0,3750.0,3750.0,0
2019-01-02,TLKM,3750.0,3760.0,3700.0,3730.0,31355300
2019-01-03,TLKM,3710.0,3770.0,3690.0,3740.0,83842400
2019-01-04,TLKM,3690.0,3740.0,3690.0,3710.0,73936900
2019-01-07,TLKM,3760.0,3790.0,3750.0,3770.0,83678100
2019-01-08,TLKM,3770.0,3800.0,3750.0,3800.0,67963700
2019-01-09,TLKM,3820.0,3830.0,3730.0,3730.0,98529400
2019-01-10,TLKM,3760.0,3800.0,3740.0,3800.0,126396700
2019-01-11,TLKM,3820.0,3860.0,3800.0,3860.0,116753700
2019-01-14,TLKM,3810.0,3850.0,3790.0,3850.0,68487000
2019-01-15,TLKM,3860.0,3930.0,3850.0,3930.0,83464900
2019-01-16,TLKM,3940.0,4000.0,3920.0,3990.0,139056700
2019-01-17,TLKM,3970.0,3990.0,3960.0,3990.0,78766100
2019-01-18,TLKM,4010.0,4020.0,3970.0,4020.0,76350400
2019-01-21,TLKM,4040.0,4050.0,4020.0,4030.0,83317600
2019-01-22,TLKM,4000.0,4010.0,3930.0,4000.0,95420500
2019-01-23,TLKM,3950.0,3980.0,3920.0,3920.0,72518500
2019-01-24,TLKM,3900.0,3910.0,3830.0,3860.0,118836500
2019-01-25,TLKM,3880.0,3930.0,3840.0,3880.0,75844000
2019-01-28,TLKM,3880.0,3890.0,3730.0,3780.0,168983100
2019-01-29,TLKM,3780.0,3850.0,3780.0,3840.0,118131200
2019-01-30,TLKM,3850.0,3890.0,3830.0,3860.0,85903100
2019-01-31,TLKM,3900.0,3920.0,3870.0,3900.0,110953700
2019-02-01,TLKM,3910.0,3930.0,3830.0,3870.0,79588900
2019-02-04,TLKM,3890.0,3890.0,3780.0,3780.0,70070500
2019-02-05,TLKM,3780.0,3780.0,3780.0,3780.0,0
2019-02-06,TLKM,3820.0,3870.0,3820.0,3860.0,72180200
2019-02-07,TLKM,3890.0,3890.0,3830.0,3860.0,39141500
2019-02-08,TLKM,3810.0,3850.0,3810.0,3850.0,32131700
2019-02-11,TLKM,3870.0,3940.0,3860.0,3930.0,88628900
2019-02-12,TLKM,3900.0,3910.0,3800.0,3820.0,92427800
2019-02-13,TLKM,3840.0,3850.0,3780.0,3790.0,113161100
2019-02-14,TLKM,3790.0,3810.0,3740.0,3740.0,76939400
2019-02-15,TLKM,3770.0,3800.0,3730.0,3790.0,67812600
2019-02-18,TLKM,3830.0,3920.0,3830.0,3900.0,80275800
2019-02-19,TLKM,3930.0,3940.0,3900.0,3920.0,82962700
2019-02-20,TLKM,3940.0,3940.0,3830.0,3870.0,87933000
2019-02-21,TLKM,3870.0,3890.0,3860.0,3870.0,48031100
2019-02-22,TLKM,3870.0,3870.0,3820.0,3840.0,61392700
2019-02-25,TLKM,3900.0,3920.0,3850.0,3910.0,53792400
2019-02-26,TLKM,3920.0,3930.0,3880.0,3930.0,49657300
2019-02-27,TLKM,3900.0,3940.0,3890.0,3910.0,48788200
2019-02-28,TLKM,3880.0,3900.0,3840.0,3860.0,161156000
2019-03-01,TLKM,3890.0,3920.0,3880.0,3910.0,49810100
2019-03-04,TLKM,3910.0,3910.0,3850.0,3850.0,32250500
2019-03-05,TLKM,3890.0,3890.0,3820.0,3870.0,41171000
2019-03-06,TLKM,3860.0,3880.0,3820.0,3820.0,69927600
2019-03-07,TLKM,3820.0,3820.0,3820.0,3820.0,0
2019-03-08,TLKM,3810.0,3820.0,3740.0,3740.0,105963500
2019-03-11,TLKM,3780.0,3820.0,3760.0,3800.0,43971600
2019-03-12,TLKM,3800.0,3820.0,3730.0,3760.0,43343700
2019-03-13,TLKM,3730.0,3770.0,3710.0,3720.0,45607600
2019-03-14,TLKM,3720.0,3760.0,3710.0,3740.0,62094100
2019-03-15,TLKM,3720.0,3760.0,3710.0,3750.0,68778100
2019-03-18,TLKM,3770.0,3820.0,3760.0,3820.0,44322600
2019-03-19,TLKM,3800.0,3820.0,3770.0,3780.0,33156500
2019-03-20,TLKM,3810.0,3820.0,3750.0,3760.0,42784600
2019-03-21,TLKM,3800.0,3810.0,3780.0,3790.0,36527500
2019-03-22,TLKM,3800.0,3820.0,3790.0,3800.0,26772900
2019-03-25,TLKM,3730.0,3790.0,3720.0,3790.0,49162900
2019-03-26,TLKM,3780.0,3820.0,3780.0,3820.0,23049100
2019-03-27,TLKM,3840.0,3840.0,3810.0,3820.0,35521900
2019-03-28,TLKM,3820.0,3890.0,3810.0,3880.0,55847200
2019-03-29,TLKM,3880.0,3970.0,3880.0,3960.0,82231400
2019-04-01,TLKM,3950.0,3960.0,3900.0,3930.0,28246400
2019-04-02,TLKM,3910.0,3950.0,3910.0,3930.0,35443400
2019-04-03,TLKM,3930.0,3930.0,3930.0,3930.0,0
2019-04-04,TLKM,3980.0,4040.0,3950.0,4030.0,96122100
2019-04-05,TLKM,4020.0,4090.0,4000.0,4060.0,66832600
2019-04-08,TLKM,4020.0,4030.0,3940.0,3950.0,73208300
2019-04-09,TLKM,3980.0,4000.0,3910.0,3950.0,88580200
2019-04-10,TLKM,3920.0,3950.0,3890.0,3930.0,52555500
2019-04-11,TLKM,3900.0,3930.0,3880.0,3890.0,51480700
2019-04-12,TLKM,3820.0,3870.0,3810.0,3830.0,45324300
2019-04-15,TLKM,3860.0,3860.0,3810.0,3830.0,44510600
2019-04-16,TLKM,3830.0,3880.0,3830.0,3870.0,62572100
2019-04-17,TLKM,3870.0,3870.0,3870.0,3870.0,0
2019-04-18,TLKM,3920.0,3950.0,3840.0,3860.0,119263400
2019-04-19,TLKM,3860.0,3860.0,3860.0,3860.0,0
2019-04-22,TLKM,3860.0,3860.0,3780.0,3780.0,48671200
2019-04-23,TLKM,3780.0,3870.0,3730.0,3850.0,86443700
2019-04-24,TLKM,3850.0,3860.0,3780.0,3840.0,76660900
2019-04-25,TLKM,3800.0,3840.0,3790.0,3830.0,52775100
2019-04-26,TLKM,3800.0,3910.0,3800.0,3910.0,66452700
2019-04-29,TLKM,3850.0,3900.0,3850.0,3860.0,50143700
2019-04-30,TLKM,3890.0,3890.0,3750.0,3790.0,132318200
2019-05-01,TLKM,3790.0,3790.0,3790.0,3790.0,0
2019-05-02,TLKM,3760.0,3880.0,3760.0,3830.0,136768800
2019-05-03,TLKM,3800.0,3830.0,3760.0,3820.0,101522800
2019-05-06,TLKM,3760.0,3840.0,3720.0,3840.0,107167400
2019-05-07,TLKM,3870.0,3910.0,3840.0,3900.0,74814500
2019-05-08,TLKM,3890.0,3920.0,3870.0,3900.0,77743400
2019-05-09,TLKM,3860.0,3900.0,3800.0,3800.0,74716500
2019-05-10,TLKM,3800.0,3840.0,3790.0,3790.0,66672500
2019-05-13,TLKM,3820.0,3840.0,3760.0,3770.0,47605100
2019-05-14,TLKM,3730.0,3800.0,3720.0,3760.0,77483200
2019-05-15,TLKM,3770.0,3790.0,3660.0,3660.0,57596600
2019-05-16,TLKM,3660.0,3720.0,3530.0,3600.0,107366200
2019-05-17,TLKM,3610.0,3620.0,3500.0,3510.0,94437400
2019-05-20,TLKM,3520.0,3620.0,3480.0,3600.0,82354400
2019-05-21,TLKM,3600.0,3630.0,3550.0,3600.0,106104000
2019-05-22,TLKM,3590.0,3600.0,3540.0,3540.0,63687000
2019-05-23,TLKM,3540.0,3690.0,3540.0,3660.0,113281100
2019-05-24,TLKM,3700.0,3780.0,3690.0,3750.0,87594500
2019-05-27,TLKM,3760.0,3830.0,3750.0,3820.0,87146600
2019-05-28,TLKM,3800.0,3820.0,3690.0,3690.0,322246900
2019-05-29,TLKM,3750.0,3830.0,3730.0,3780.0,122534500
2019-05-30,TLKM,3780.0,3780.0,3780.0,3780.0,0
2019-05-31,TLKM,3780.0,3930.0,3780.0,3900.0,194331700
2019-06-03,TLKM,3900.0,3900.0,3900.0,3900.0,0
2019-06-04,TLKM,3900.0,3900.0,3900.0,3900.0,0
2019-06-05,TLKM,3900.0,3900.0,3900.0,3900.0,0
2019-06-06,TLKM,3900.0,3900.0,3900.0,3900.0,0
2019-06-07,TLKM,3900.0,3900.0,3900.0,3900.0,0
2019-06-10,TLKM,4000.0,4060.0,3970.0,4040.0,222522800
2019-06-11,TLKM,4010.0,4060.0,4000.0,4020.0,88861700
2019-06-12,TLKM,3880.0,3950.0,3840.0,3940.0,134724400
2019-06-13,TLKM,3940.0,3990.0,3900.0,3990.0,115734700
2019-06-14,TLKM,4020.0,4050.0,3970.0,3990.0,92466800
2019-06-17,TLKM,3950.0,3970.0,3900.0,3900.0,60851700
2019-06-18,TLKM,3890.0,3990.0,3890.0,3980.0,66112800
2019-06-20,TLKM,4110.0,4110.0,4020.0,4040.0,57673700
2019-06-21,TLKM,4010.0,4040.0,3950.0,4040.0,154049700
2019-06-24,TLKM,4050.0,4050.0,3970.0,3980.0,50525100
2019-06-25,TLKM,4040.0,4040.0,4000.0,4010.0,42601100
2019-06-26,TLKM,4020.0,4050.0,3980.0,3980.0,56092200
2019-06-27,TLKM,4010.0,4120.0,4000.0,4090.0,94221200
2019-06-28,TLKM,4100.0,4200.0,4090.0,4140.0,130153100
2019-07-01,TLKM,4200.0,4240.0,4170.0,4220.0,79382300
2019-07-02,TLKM,4240.0,4250.0,4180.0,4250.0,87999800
2019-07-03,TLKM,4160.0,4240.0,4160.0,4240.0,63296200
2019-07-04,TLKM,4190.0,4260.0,4190.0,4250.0,38459300
2019-07-05,TLKM,4260.0,4280.0,4240.0,4280.0,50332800
2019-07-08,TLKM,4230.0,4290.0,4210.0,4270.0,57903400
2019-07-09,TLKM,4300.0,4370.0,4270.0,4350.0,124822400
2019-07-10,TLKM,4310.0,4320.0,4260.0,4290.0,62529900
2019-07-11,TLKM,4250.0,4280.0,4240.0,4270.0,25645900
2019-07-12,TLKM,4240.0,4250.0,4170.0,4180.0,57088600
2019-07-15,TLKM,4250.0,4290.0,4230.0,4280.0,66960500
2019-07-16,TLKM,4240.0,4280.0,4210.0,4240.0,45461500
2019-07-17,TLKM,4250.0,4260.0,4220.0,4230.0,32069800
2019-07-18,TLKM,4220.0,4250.0,4210.0,4240.0,45408100
2019-07-19,TLKM,4260.0,4280.0,4250.0,4270.0,60692800
2019-07-22,TLKM,4250.0,4270.0,4230.0,4260.0,37513700
2019-07-23,TLKM,4260.0,4270.0,4200.0,4250.0,62628100
2019-07-24,TLKM,4230.0,4240.0,4160.0,4190.0,73904300
2019-07-25,TLKM,4160.0,4240.0,4160.0,4210.0,49276300
2019-07-26,TLKM,4160.0,4210.0,4110.0,4160.0,70952400
2019-07-29,TLKM,4150.0,4240.0,4140.0,4200.0,54336900
2019-07-30,TLKM,4280.0,4300.0,4260.0,4270.0,88417200
2019-07-31,TLKM,4240.0,4300.0,4210.0,4300.0,175741000
2019-08-01,TLKM,4300.0,4300.0,4260.0,4280.0,94856600
2019-08-02,TLKM,4280.0,4300.0,4250.0,4280.0,82253800
2019-08-05,TLKM,4200.0,4220.0,4060.0,4080.0,112253200
2019-08-06,TLKM,4060.0,4190.0,4050.0,4130.0,108890100
2019-08-07,TLKM,4230.0,4270.0,4170.0,4210.0,104785500
2019-08-08,TLKM,4270.0,4290.0,4240.0,4260.0,95204000
2019-08-09,TLKM,4300.0,4300.0,4240.0,4260.0,89600500
2019-08-12,TLKM,4300.0,4320.0,4230.0,4260.0,41817800
2019-08-13,TLKM,4290.0,4290.0,4230.0,4250.0,98757900
2019-08-14,TLKM,4300.0,4300.0,4270.0,4290.0,84928200
2019-08-15,TLKM,4200.0,4290.0,4200.0,4290.0,97255500
2019-08-16,TLKM,4300.0,4310.0,4220.0,4280.0,51853900
2019-08-19,TLKM,4340.0,4340.0,4290.0,4340.0,86011300
2019-08-20,TLKM,4350.0,4470.0,4340.0,4470.0,143171600
2019-08-21,TLKM,4460.0,4500.0,4390.0,4410.0,99649300
2019-08-22,TLKM,4380.0,4450.0,4320.0,4450.0,110968600
2019-08-23,TLKM,4390.0,4450.0,4340.0,4380.0,83823900
2019-08-26,TLKM,4280.0,4360.0,4280.0,4330.0,77603200
2019-08-27,TLKM,4390.0,4410.0,4320.0,4380.0,168209400
2019-08-28,TLKM,4430.0,4430.0,4350.0,4370.0,68091100
2019-08-29,TLKM,4370.0,4440.0,4370.0,4380.0,65718900
2019-08-30,TLKM,4430.0,4450.0,4420.0,4450.0,95138200
2019-09-02,TLKM,4440.0,4450.0,4400.0,4410.0,27531000
2019-09-03,TLKM,4440.0,4440.0,4330.0,4350.0,66884700
2019-09-04,TLKM,4310.0,4350.0,4280.0,4290.0,78905600
2019-09-05,TLKM,4290.0,4360.0,4290.0,4320.0,97098300
2019-09-06,TLKM,4360.0,4360.0,4210.0,4210.0,117223300
2019-09-09,TLKM,4280.0,4300.0,4240.0,4270.0,47057300
2019-09-10,TLKM,4300.0,4300.0,4250.0,4270.0,80403000
2019-09-11,TLKM,4300.0,4300.0,4210.0,4250.0,90211600
2019-09-12,TLKM,4220.0,4230.0,4160.0,4170.0,70382200
2019-09-13,TLKM,4230.0,4230.0,4160.0,4160.0,64074800
2019-09-16,TLKM,4160.0,4260.0,4160.0,4220.0,85284700
2019-09-17,TLKM,4240.0,4280.0,4220.0,4270.0,86432000
2019-09-18,TLKM,4250.0,4280.0,4230.0,4250.0,72359600
2019-09-19,TLKM,4260.0,4260.0,4190.0,4210.0,58720600
2019-09-20,TLKM,4250.0,4300.0,4230.0,4290.0,132359100
2019-09-23,TLKM,4290.0,4300.0,4230.0,4250.0,70483600
2019-09-24,TLKM,4210.0,4240.0,4150.0,4210.0,88979100
2019-09-25,TLKM,4220.0,4250.0,4180.0,4220.0,84582300
2019-09-26,TLKM,4220.0,4370.0,4200.0,4360.0,79324000
2019-09-27,TLKM,4310.0,4350.0,4300.0,4310.0,52305800
2019-09-30,TLKM,4270.0,4330.0,4270.0,4310.0,111879100
2019-10-01,TLKM,4400.0,4400.0,4220.0,4250.0,60332400
2019-10-02,TLKM,4260.0,4300.0,4190.0,4200.0,51606300
2019-10-03,TLKM,4190.0,4250.0,4160.0,4200.0,56433000
2019-10-04,TLKM,4250.0,4250.0,4180.0,4190.0,34082000
2019-10-07,TLKM,4240.0,4240.0,4090.0,4110.0,42996900
2019-10-08,TLKM,4170.0,4170.0,4060.0,4090.0,74448900
2019-10-09,TLKM,4090.0,4170.0,4080.0,4120.0,59314500
2019-10-10,TLKM,4060.0,4120.0,4060.0,4110.0,34345600
2019-10-11,TLKM,4100.0,4170.0,4100.0,4170.0,42198800
2019-10-14,TLKM,4200.0,4210.0,4150.0,4190.0,52681800
2019-10-15,TLKM,4190.0,4190.0,4150.0,4170.0,64670200
2019-10-16,TLKM,4170.0,4190.0,4140.0,4170.0,70555700
2019-10-17,TLKM,4160.0,4180.0,4140.0,4170.0,50695300
2019-10-18,TLKM,4170.0,4190.0,4160.0,4190.0,169540200
2019-10-21,TLKM,4200.0,4250.0,4190.0,4200.0,63797000
2019-10-22,TLKM,4200.0,4250.0,4200.0,4230.0,56711100
2019-10-23,TLKM,4210.0,4270.0,4210.0,4260.0,97971900
2019-10-24,TLKM,4300.0,4350.0,4250.0,4350.0,99213400
2019-10-25,TLKM,4320.0,4360.0,4270.0,4280.0,67661500
2019-10-28,TLKM,4280.0,4280.0,4220.0,4260.0,30710600
2019-10-29,TLKM,4230.0,4330.0,4220.0,4330.0,68715000
2019-10-30,TLKM,4290.0,4350.0,4210.0,4270.0,89575600
2019-10-31,TLKM,4220.0,4240.0,4080.0,4110.0,185713300
2019-11-01,TLKM,4090.0,4150.0,4060.0,4080.0,107208500
2019-11-04,TLKM,4080.0,4160.0,4080.0,4150.0,65897700
2019-11-05,TLKM,4170.0,4200.0,4130.0,4200.0,109276000
2019-11-06,TLKM,4180.0,4190.0,4110.0,4120.0,134618700
2019-11-07,TLKM,4150.0,4150.0,3990.0,4070.0,125291200
2019-11-08,TLKM,4010.0,4120.0,3990.0,4110.0,70404800
2019-11-11,TLKM,4040.0,4120.0,4040.0,4100.0,57079800
2019-11-12,TLKM,4050.0,4190.0,4050.0,4180.0,88251100
2019-11-13,TLKM,4130.0,4170.0,4100.0,4150.0,91925700
2019-11-14,TLKM,4110.0,4130.0,4010.0,4050.0,123468500
2019-11-15,TLKM,4080.0,4090.0,4030.0,4080.0,50780500
2019-11-18,TLKM,4040.0,4060.0,3990.0,4000.0,104978700
2019-11-19,TLKM,4000.0,4020.0,3970.0,4020.0,113996600
2019-11-20,TLKM,4000.0,4090.0,4000.0,4090.0,149185500
2019-11-21,TLKM,4050.0,4090.0,4020.0,4020.0,64005900
2019-11-22,TLKM,4030.0,4050.0,4000.0,4050.0,76569400
2019-11-25,TLKM,4070.0,4070.0,3940.0,3950.0,107581200
2019-11-26,TLKM,3950.0,3960.0,3860.0,3860.0,281002600
2019-11-27,TLKM,3870.0,3930.0,3800.0,3880.0,97511300
2019-11-28,TLKM,3830.0,3900.0,3800.0,3820.0,70635000
2019-11-29,TLKM,3860.0,3950.0,3840.0,3930.0,72146900
2019-12-02,TLKM,3960.0,3960.0,3930.0,3950.0,74263500
2019-12-03,TLKM,3920.0,3940.0,3910.0,3920.0,74494000
2019-12-04,TLKM,3920.0,3990.0,3900.0,3990.0,64948300
2019-12-05,TLKM,3990.0,4080.0,3990.0,4060.0,118494800
2019-12-06,TLKM,4040.0,4100.0,4020.0,4100.0,50682100
2019-12-09,TLKM,4080.0,4110.0,4050.0,4070.0,80864200
2019-12-10,TLKM,4050.0,4070.0,4010.0,4040.0,54824900
2019-12-11,TLKM,4010.0,4050.0,4000.0,4050.0,79749500
2019-12-12,TLKM,4040.0,4050.0,3950.0,3950.0,147627000
2019-12-13,TLKM,4000.0,4020.0,3960.0,3990.0,81937300
2019-12-16,TLKM,3970.0,4020.0,3960.0,3970.0,86479200
2019-12-17,TLKM,3970.0,3990.0,3950.0,3980.0,91747200
2019-12-18,TLKM,3960.0,4000.0,3950.0,3990.0,101569300
2019-12-19,TLKM,3970.0,3980.0,3900.0,3900.0,127316000
2019-12-20,TLKM,3900.0,4020.0,3900.0,4020.0,152132200
2019-12-23,TLKM,4020.0,4030.0,3980.0,4020.0,58715700
2019-12-26,TLKM,4020.0,4020.0,3980.0,4000.0,36935300
2019-12-27,TLKM,3990.0,4010.0,3980.0,3990.0,52812000
2019-12-30,TLKM,3980.0,4030.0,3970.0,3970.0,67738300
2020-01-02,TLKM,3970.0,4000.0,3900.0,3910.0,52094000
2020-01-03,TLKM,3960.0,3980.0,3930.0,3980.0,70032900
2020-01-06,TLKM,3930.0,3970.0,3930.0,3960.0,42908900
2020-01-07,TLKM,3930.0,3970.0,3920.0,3940.0,51837600
2020-01-08,TLKM,3920.0,3950.0,3900.0,3900.0,52402600
2020-01-09,TLKM,3920.0,3970.0,3920.0,3960.0,37580300
2020-01-10,TLKM,3980.0,3990.0,3950.0,3980.0,48099000
2020-01-13,TLKM,4000.0,4030.0,3990.0,4030.0,61913800
2020-01-14,TLKM,3980.0,4000.0,3940.0,3950.0,95058600
2020-01-15,TLKM,3960.0,3960.0,3870.0,3880.0,147583300
2020-01-16,TLKM,3890.0,3890.0,3830.0,3850.0,118903100
2020-01-17,TLKM,3860.0,3870.0,3800.0,3810.0,119904100
2020-01-20,TLKM,3820.0,3840.0,3800.0,3810.0,73599200
2020-01-21,TLKM,3810.0,3900.0,3810.0,3890.0,78014400
2020-01-22,TLKM,3890.0,3890.0,3850.0,3860.0,45839800
2020-01-23,TLKM,3860.0,3880.0,3830.0,3880.0,41077400
2020-01-24,TLKM,3880.0,3930.0,3860.0,3920.0,58524000
2020-01-27,TLKM,3920.0,3920.0,3830.0,3840.0,33081800
2020-01-28,TLKM,3810.0,3840.0,3800.0,3830.0,56210000
2020-01-29,TLKM,3840.0,3900.0,3840.0,3900.0,51929800
2020-01-30,TLKM,3910.0,3910.0,3850.0,3860.0,60391600
2020-01-31,TLKM,3890.0,3890.0,3780.0,3800.0,120447900
2020-02-03,TLKM,3800.0,3820.0,3730.0,3740.0,68360600
2020-02-04,TLKM,3810.0,3810.0,3730.0,3760.0,77259600
2020-02-05,TLKM,3760.0,3780.0,3720.0,3770.0,68150800
2020-02-06,TLKM,3800.0,3800.0,3750.0,3760.0,56261500
2020-02-07,TLKM,3780.0,3820.0,3760.0,3790.0,53578900
2020-02-10,TLKM,3800.0,3850.0,3780.0,3810.0,86588500
2020-02-11,TLKM,3810.0,3830.0,3780.0,3790.0,50248200
2020-02-12,TLKM,3800.0,3850.0,3780.0,3820.0,73840300
2020-02-13,TLKM,3820.0,3830.0,3710.0,3730.0,66699800
2020-02-14,TLKM,3680.0,3730.0,3640.0,3640.0,108793300
2020-02-17,TLKM,3630.0,3660.0,3590.0,3610.0,94887800
2020-02-18,TLKM,3590.0,3660.0,3590.0,3620.0,94382900
2020-02-19,TLKM,3620.0,3640.0,3590.0,3620.0,63717800
2020-02-20,TLKM,3620.0,3650.0,3600.0,3630.0,53035400
2020-02-21,TLKM,3650.0,3710.0,3640.0,3690.0,86862600
2020-02-24,TLKM,3670.0,3720.0,3630.0,3640.0,72610600
2020-02-25,TLKM,3600.0,3670.0,3590.0,3590.0,73990700
2020-02-26,TLKM,3530.0,3550.0,3450.0,3510.0,133449900
2020-02-27,TLKM,3510.0,3550.0,3420.0,3470.0,88389400
2020-02-28,TLKM,3390.0,3490.0,3340.0,3490.0,151751800
2020-03-02,TLKM,3470.0,3550.0,3440.0,3440.0,96802900
2020-03-03,TLKM,3510.0,3660.0,3470.0,3620.0,114698200
2020-03-04,TLKM,3640.0,3840.0,3630.0,3830.0,136081000
2020-03-05,TLKM,3820.0,3880.0,3760.0,3830.0,101235000
2020-03-06,TLKM,3730.0,3790.0,3710.0,3750.0,86476000
2020-03-09,TLKM,3560.0,3620.0,3500.0,3500.0,109347300
2020-03-10,TLKM,3480.0,3620.0,3480.0,3490.0,119718000
2020-03-11,TLKM,3470.0,3480.0,3370.0,3400.0,115486900
2020-03-12,TLKM,3300.0,3440.0,3270.0,3310.0,84363800
2020-03-13,TLKM,3310.0,3310.0,3310.0,3310.0,0
2020-03-16,TLKM,3300.0,3300.0,3160.0,3160.0,115972300
2020-03-17,TLKM,3160.0,3160.0,2940.0,2940.0,150122700
2020-03-18,TLKM,3010.0,3080.0,2740.0,2810.0,150147300
2020-03-19,TLKM,2810.0,2810.0,2620.0,2620.0,138987300
2020-03-20,TLKM,2660.0,2990.0,2450.0,2880.0,267694700
2020-03-23,TLKM,2880.0,2880.0,2680.0,2680.0,86157200
2020-03-24,TLKM,2700.0,2880.0,2570.0,2620.0,243778900
2020-03-26,TLKM,2550.0,3080.0,2550.0,2980.0,267369500
2020-03-27,TLKM,3050.0,3270.0,3050.0,3090.0,200952500
2020-03-30,TLKM,3060.0,3180.0,2880.0,3140.0,134474300
2020-03-31,TLKM,3180.0,3300.0,3120.0,3160.0,151302900
2020-04-01,TLKM,3180.0,3200.0,3040.0,3100.0,104550600
2020-04-02,TLKM,3100.0,3130.0,3020.0,3130.0,92893600
2020-04-03,TLKM,3150.0,3220.0,3120.0,3200.0,83469200
2020-04-06,TLKM,3280.0,3330.0,3180.0,3330.0,115495000
2020-04-07,TLKM,3390.0,3500.0,3200.0,3220.0,166425600
2020-04-08,TLKM,3220.0,3220.0,3050.0,3110.0,124553900
2020-04-09,TLKM,3110.0,3180.0,3030.0,3120.0,122622400
2020-04-13,TLKM,3140.0,3230.0,3130.0,3180.0,45469500
2020-04-14,TLKM,3200.0,3250.0,3160.0,3240.0,79114600
2020-04-15,TLKM,3250.0,3300.0,3090.0,3110.0,69832000
2020-04-16,TLKM,3110.0,3110.0,3000.0,3000.0,109582500
2020-04-17,TLKM,3050.0,3250.0,3050.0,3230.0,127860400
2020-04-20,TLKM,3270.0,3270.0,3120.0,3120.0,77306900
2020-04-21,TLKM,3120.0,3130.0,3050.0,3070.0,43239400
2020-04-22,TLKM,3050.0,3270.0,3030.0,3160.0,126278300
2020-04-23,TLKM,3200.0,3240.0,3070.0,3070.0,117391500
2020-04-24,TLKM,3100.0,3160.0,3080.0,3090.0,84061400
2020-04-27,TLKM,3120.0,3200.0,3100.0,3150.0,85475400
2020-04-28,TLKM,3170.0,3200.0,3140.0,3160.0,80212700
2020-04-29,TLKM,3200.0,3390.0,3100.0,3350.0,154902100
2020-04-30,TLKM,3400.0,3540.0,3350.0,3500.0,163170100
2020-05-04,TLKM,3400.0,3400.0,3260.0,3320.0,108988600
2020-05-05,TLKM,3320.0,3390.0,3320.0,3320.0,74036700
2020-05-06,TLKM,3300.0,3340.0,3220.0,3240.0,86395000
2020-05-08,TLKM,3270.0,3290.0,3150.0,3190.0,143584400
2020-05-11,TLKM,3220.0,3250.0,3210.0,3220.0,58473100
2020-05-12,TLKM,3270.0,3270.0,3100.0,3150.0,138978700
2020-05-13,TLKM,3150.0,3170.0,3080.0,3160.0,73238700
2020-05-14,TLKM,3110.0,3140.0,3060.0,3070.0,101581300
2020-05-15,TLKM,3100.0,3130.0,3020.0,3100.0,114753900
2020-05-18,TLKM,3100.0,3220.0,3100.0,3220.0,108828800
2020-05-19,TLKM,3250.0,3330.0,3250.0,3270.0,97387100
2020-05-20,TLKM,3200.0,3260.0,3180.0,3180.0,76086600
2020-05-26,TLKM,3150.0,3280.0,3130.0,3250.0,105792900
2020-05-27,TLKM,3250.0,3270.0,3150.0,3170.0,128693900
2020-05-28,TLKM,3180.0,3210.0,3130.0,3130.0,177385100
2020-05-29,TLKM,3100.0,3150.0,3080.0,3150.0,276092100
2020-06-02,TLKM,3160.0,3270.0,3120.0,3250.0,174790600
2020-06-03,TLKM,3280.0,3320.0,3230.0,3290.0,216200900
2020-06-04,TLKM,3320.0,3390.0,3250.0,3300.0,167708600
2020-06-05,TLKM,3360.0,3360.0,3200.0,3230.0,188420700
2020-06-08,TLKM,3250.0,3290.0,3220.0,3230.0,221641600
2020-06-09,TLKM,3250.0,3270.0,3140.0,3140.0,171214500
2020-06-10,TLKM,3150.0,3190.0,3100.0,3110.0,263483700
2020-06-11,TLKM,3120.0,3150.0,3060.0,3080.0,175767800
2020-06-12,TLKM,3080.0,3080.0,2970.0,3030.0,260087300
2020-06-15,TLKM,3060.0,3150.0,3030.0,3090.0,241625700
2020-06-16,TLKM,3150.0,3220.0,3130.0,3200.0,194424800
2020-06-17,TLKM,3210.0,3230.0,3140.0,3210.0,177784900
2020-06-18,TLKM,3210.0,3350.0,3180.0,3280.0,235586600
2020-06-19,TLKM,3300.0,3340.0,3250.0,3280.0,227358800
2020-06-22,TLKM,3290.0,3300.0,3180.0,3200.0,159776500
2020-06-23,TLKM,3200.0,3200.0,3120.0,3130.0,167271000
2020-06-24,TLKM,3150.0,3230.0,3140.0,3180.0,170895600
2020-06-25,TLKM,3160.0,3220.0,3140.0,3160.0,100882600
2020-06-26,TLKM,3190.0,3220.0,3180.0,3190.0,100784500
2020-06-29,TLKM,3200.0,3250.0,3160.0,3180.0,156613200
2020-06-30,TLKM,3090.0,3100.0,3050.0,3050.0,258068400
2020-07-01,TLKM,3070.0,3100.0,3010.0,3040.0,148037400
2020-07-02,TLKM,3040.0,3140.0,3040.0,3140.0,178357900
2020-07-03,TLKM,3150.0,3180.0,3110.0,3120.0,102033100
2020-07-06,TLKM,3130.0,3150.0,3040.0,3050.0,248572600
2020-07-07,TLKM,3060.0,3120.0,3050.0,3120.0,169104200
2020-07-08,TLKM,3130.0,3160.0,3110.0,3150.0,158166300
2020-07-09,TLKM,3170.0,3190.0,3110.0,3110.0,125940800
2020-07-10,TLKM,3110.0,3130.0,3100.0,3110.0,95422400
2020-07-13,TLKM,3120.0,3130.0,3080.0,3090.0,77733900
2020-07-14,TLKM,3100.0,3110.0,3070.0,3080.0,111442600
2020-07-15,TLKM,3120.0,3130.0,3080.0,3090.0,102304100
2020-07-16,TLKM,3090.0,3110.0,3080.0,3100.0,91951000
2020-07-17,TLKM,3100.0,3110.0,3060.0,3060.0,112416300
2020-07-20,TLKM,3080.0,3080.0,3040.0,3060.0,64735500
2020-07-21,TLKM,3050.0,3110.0,3050.0,3060.0,101283800
2020-07-22,TLKM,3070.0,3090.0,3060.0,3070.0,69462100
2020-07-23,TLKM,3070.0,3090.0,3060.0,3070.0,70482100
2020-07-24,TLKM,3080.0,3080.0,3020.0,3020.0,137265100
2020-07-27,TLKM,3020.0,3050.0,3020.0,3040.0,58708800
2020-07-28,TLKM,3050.0,3050.0,3010.0,3020.0,102705300
2020-07-29,TLKM,3030.0,3050.0,3000.0,3000.0,114352000
2020-07-30,TLKM,3040.0,3050.0,3000.0,3050.0,95785000
2020-08-03,TLKM,3060.0,3060.0,2850.0,2920.0,255659800
2020-08-04,TLKM,2970.0,2970.0,2920.0,2950.0,96018000
2020-08-05,TLKM,2960.0,3040.0,2920.0,3020.0,120719100
2020-08-06,TLKM,3050.0,3050.0,3000.0,3020.0,71699000
2020-08-07,TLKM,3020.0,3030.0,2970.0,2980.0,78347200
2020-08-10,TLKM,3000.0,3020.0,2970.0,2970.0,65485400
2020-08-11,TLKM,2980.0,3000.0,2930.0,2930.0,175693000
2020-08-12,TLKM,2930.0,2960.0,2920.0,2950.0,110934800
2020-08-13,TLKM,2950.0,3020.0,2950.0,3010.0,160906600
2020-08-14,TLKM,3020.0,3040.0,3000.0,3030.0,93007500
2020-08-18,TLKM,3030.0,3060.0,3000.0,3050.0,139358500
2020-08-19,TLKM,3050.0,3050.0,3000.0,3000.0,103980600
2020-08-24,TLKM,3010.0,3020.0,2990.0,3000.0,76713900
2020-08-25,TLKM,3010.0,3010.0,2980.0,2980.0,100013600
2020-08-26,TLKM,2980.0,3050.0,2980.0,3020.0,122465300
2020-08-27,TLKM,3020.0,3040.0,2970.0,2990.0,102787800
2020-08-28,TLKM,2990.0,2990.0,2940.0,2960.0,160569500
2020-08-31,TLKM,2960.0,2980.0,2860.0,2860.0,204261100
2020-09-01,TLKM,2900.0,2910.0,2860.0,2900.0,90565400
2020-09-02,TLKM,2900.0,2970.0,2900.0,2950.0,107589800
2020-09-03,TLKM,2950.0,2960.0,2880.0,2900.0,123106100
2020-09-04,TLKM,2850.0,2890.0,2840.0,2860.0,143569100
2020-09-07,TLKM,2870.0,2910.0,2870.0,2900.0,62206600
2020-09-08,TLKM,2890.0,2900.0,2860.0,2860.0,80068200
2020-09-09,TLKM,2850.0,2860.0,2800.0,2800.0,108397400
2020-09-10,TLKM,2800.0,2800.0,2620.0,2700.0,287496300
2020-09-11,TLKM,2670.0,2840.0,2650.0,2810.0,197756800
2020-09-14,TLKM,2830.0,2890.0,2820.0,2890.0,127562700
2020-09-15,TLKM,2890.0,2900.0,2810.0,2830.0,106215900
2020-09-16,TLKM,2810.0,2830.0,2770.0,2790.0,68113400
2020-09-17,TLKM,2810.0,2850.0,2780.0,2820.0,97257400
2020-09-18,TLKM,2850.0,2890.0,2840.0,2890.0,162116700
2020-09-21,TLKM,2890.0,2910.0,2800.0,2810.0,100305100
2020-09-22,TLKM,2790.0,2810.0,2750.0,2780.0,75891600
2020-09-23,TLKM,2770.0,2810.0,2740.0,2800.0,85953300
2020-09-24,TLKM,2750.0,2760.0,2710.0,2730.0,74516800
2020-09-25,TLKM,2720.0,2740.0,2670.0,2690.0,180968900
2020-09-28,TLKM,2710.0,2730.0,2660.0,2660.0,89256700
2020-09-29,TLKM,2690.0,2690.0,2630.0,2630.0,155853900
2020-09-30,TLKM,2630.0,2650.0,2540.0,2560.0,235611600
2020-10-01,TLKM,2600.0,2760.0,2600.0,2750.0,225006000
2020-10-02,TLKM,2750.0,2750.0,2650.0,2680.0,140161900
2020-10-05,TLKM,2690.0,2710.0,2640.0,2650.0,124720200
2020-10-06,TLKM,2680.0,2700.0,2620.0,2650.0,148977400
2020-10-07,TLKM,2650.0,2670.0,2620.0,2660.0,110186000
2020-10-08,TLKM,2670.0,2720.0,2650.0,2700.0,154587800
2020-10-09,TLKM,2710.0,2750.0,2700.0,2730.0,109122300
2020-10-12,TLKM,2750.0,2760.0,2710.0,2730.0,77479100
2020-10-13,TLKM,2730.0,2740.0,2680.0,2730.0,97205500
2020-10-14,TLKM,2730.0,2830.0,2710.0,2810.0,183236500
2020-10-15,TLKM,2800.0,2850.0,2760.0,2780.0,138462900
2020-10-16,TLKM,2780.0,2780.0,2720.0,2750.0,135175000
2020-10-19,TLKM,2800.0,2810.0,2710.0,2710.0,187840500
2020-10-20,TLKM,2710.0,2740.0,2670.0,2670.0,168211100
2020-10-21,TLKM,2680.0,2710.0,2670.0,2680.0,142146300
2020-10-22,TLKM,2670.0,2720.0,2650.0,2700.0,257179400
2020-10-23,TLKM,2710.0,2720.0,2630.0,2630.0,166356000
2020-10-26,TLKM,2630.0,2680.0,2630.0,2650.0,97523200
2020-10-27,TLKM,2640.0,2690.0,2620.0,2620.0,146366600
2020-11-02,TLKM,2590.0,2620.0,2550.0,2560.0,391510600
2020-11-03,TLKM,2570.0,2590.0,2540.0,2580.0,188874000
2020-11-04,TLKM,2600.0,2640.0,2580.0,2580.0,150678200
2020-11-05,TLKM,2630.0,2810.0,2620.0,2770.0,369260400
2020-11-06,TLKM,2800.0,2840.0,2750.0,2830.0,243865800
2020-11-09,TLKM,2860.0,2900.0,2840.0,2880.0,208192700
2020-11-10,TLKM,2950.0,2950.0,2860.0,2860.0,195337300
2020-11-11,TLKM,2900.0,3100.0,2880.0,3080.0,480530200
2020-11-12,TLKM,3080.0,3080.0,3010.0,3040.0,169609900
2020-11-13,TLKM,3010.0,3010.0,2950.0,2990.0,186708800
2020-11-16,TLKM,3040.0,3100.0,3020.0,3070.0,206145500
2020-11-17,TLKM,3100.0,3270.0,3100.0,3220.0,527501800
2020-11-18,TLKM,3200.0,3250.0,3160.0,3180.0,239122600
2020-11-19,TLKM,3150.0,3220.0,3140.0,3170.0,185558800
2020-11-20,TLKM,3190.0,3270.0,3180.0,3220.0,211892500
2020-11-23,TLKM,3230.0,3340.0,3220.0,3320.0,260752200
2020-11-24,TLKM,3350.0,3380.0,3330.0,3350.0,207503900
2020-11-25,TLKM,3370.0,3390.0,3280.0,3280.0,253156200
2020-11-26,TLKM,3280.0,3480.0,3280.0,3470.0,374185400
2020-11-27,TLKM,3480.0,3500.0,3420.0,3460.0,163651600
2020-11-30,TLKM,3460.0,3470.0,3220.0,3230.0,624142600
2020-12-01,TLKM,3230.0,3320.0,3160.0,3240.0,277929200
2020-12-02,TLKM,3270.0,3330.0,3240.0,3330.0,187276600
2020-12-03,TLKM,3330.0,3360.0,3280.0,3300.0,121434200
2020-12-04,TLKM,3270.0,3280.0,3210.0,3250.0,170418900
2020-12-07,TLKM,3280.0,3330.0,3260.0,3330.0,175436900
2020-12-08,TLKM,3350.0,3350.0,3290.0,3300.0,113775100
2020-12-10,TLKM,3270.0,3290.0,3250.0,3260.0,229380200
2020-12-11,TLKM,3270.0,3330.0,3250.0,3280.0,154365400
2020-12-14,TLKM,3300.0,3340.0,3250.0,3320.0,281474900
2020-12-15,TLKM,3320.0,3490.0,3290.0,3450.0,410175700
2020-12-16,TLKM,3500.0,3640.0,3500.0,3610.0,455088400
2020-12-17,TLKM,3610.0,3620.0,3520.0,3540.0,249797800
2020-12-18,TLKM,3500.0,3540.0,3500.0,3510.0,187856600
2020-12-21,TLKM,3530.0,3610.0,3510.0,3520.0,267970200
2020-12-22,TLKM,3500.0,3540.0,3340.0,3360.0,311860000
2020-12-23,TLKM,3350.0,3420.0,3240.0,3320.0,240067600
2020-12-28,TLKM,3370.0,3460.0,3280.0,3430.0,178138100
2020-12-29,TLKM,3500.0,3530.0,3400.0,3420.0,184525500
2020-12-30,TLKM,3420.0,3420.0,3310.0,3310.0,150844500
2021-01-04,TLKM,3320.0,3500.0,3310.0,3490.0,165339800
2021-01-05,TLKM,3480.0,3480.0,3420.0,3470.0,157800700
2021-01-06,TLKM,3470.0,3490.0,3330.0,3370.0,177877900
2021-01-07,TLKM,3390.0,3450.0,3380.0,3390.0,140221900
2021-01-08,TLKM,3450.0,3620.0,3440.0,3570.0,492643700
2021-01-11,TLKM,3590.0,3640.0,3570.0,3600.0,271231200
2021-01-12,TLKM,3600.0,3620.0,3500.0,3510.0,189779500
2021-01-13,TLKM,3550.0,3550.0,3460.0,3480.0,162329300
2021-01-14,TLKM,3480.0,3590.0,3470.0,3500.0,187448400
2021-01-15,TLKM,3510.0,3540.0,3450.0,3480.0,133304300
2021-01-18,TLKM,3480.0,3520.0,3430.0,3450.0,138913100
2021-01-19,TLKM,3470.0,3490.0,3370.0,3410.0,144100700
2021-01-20,TLKM,3420.0,3480.0,3380.0,3470.0,116098100
2021-01-21,TLKM,3500.0,3520.0,3460.0,3480.0,81801900
2021-01-22,TLKM,3420.0,3440.0,3360.0,3390.0,165024200
2021-01-25,TLKM,3370.0,3410.0,3310.0,3370.0,118131800
2021-01-26,TLKM,3360.0,3390.0,3260.0,3260.0,111414500
2021-01-27,TLKM,3340.0,3380.0,3260.0,3380.0,159144700
2021-01-28,TLKM,3280.0,3330.0,3230.0,3240.0,142648800
2021-01-29,TLKM,3290.0,3290.0,3110.0,3110.0,191915100
2021-02-01,TLKM,3130.0,3250.0,3040.0,3230.0,133929600
2021-02-02,TLKM,3300.0,3330.0,3250.0,3270.0,114734600
2021-02-03,TLKM,3250.0,3330.0,3220.0,3240.0,86433900
2021-02-04,TLKM,3270.0,3330.0,3260.0,3290.0,80319500
2021-02-05,TLKM,3320.0,3320.0,3270.0,3290.0,52630500
2021-02-08,TLKM,3300.0,3370.0,3270.0,3280.0,96635600
2021-02-09,TLKM,3250.0,3300.0,3180.0,3200.0,157479200
2021-02-10,TLKM,3180.0,3220.0,3160.0,3190.0,125221400
2021-02-11,TLKM,3220.0,3230.0,3170.0,3190.0,79940700
2021-02-15,TLKM,3200.0,3260.0,3200.0,3220.0,88883300
2021-02-16,TLKM,3200.0,3250.0,3190.0,3210.0,82026300
2021-02-17,TLKM,3220.0,3250.0,3140.0,3150.0,121105300
2021-02-18,TLKM,3190.0,3270.0,3180.0,3180.0,151200300
2021-02-19,TLKM,3180.0,3220.0,3170.0,3210.0,63214600
2021-02-22,TLKM,3210.0,3240.0,3170.0,3170.0,100425500
2021-02-23,TLKM,3200.0,3480.0,3200.0,3470.0,354966200
2021-02-24,TLKM,3490.0,3550.0,3460.0,3480.0,303017100
2021-02-25,TLKM,3510.0,3570.0,3450.0,3490.0,226833000
2021-02-26,TLKM,3450.0,3510.0,3410.0,3490.0,230007700
2021-03-01,TLKM,3490.0,3510.0,3470.0,3490.0,91513500
2021-03-02,TLKM,3490.0,3500.0,3440.0,3460.0,169061400
2021-03-03,TLKM,3480.0,3480.0,3420.0,3440.0,82610700
2021-03-04,TLKM,3420.0,3430.0,3350.0,3360.0,142322100
2021-03-05,TLKM,3340.0,3370.0,3320.0,3320.0,128546000
2021-03-08,TLKM,3360.0,3400.0,3330.0,3340.0,80094900
2021-03-09,TLKM,3370.0,3390.0,3280.0,3290.0,110090800
2021-03-10,TLKM,3340.0,3420.0,3310.0,3400.0,91631900
2021-03-12,TLKM,3440.0,3480.0,3430.0,3450.0,100195200
2021-03-15,TLKM,3440.0,3450.0,3380.0,3380.0,50077300
2021-03-16,TLKM,3400.0,3410.0,3360.0,3360.0,60111200
2021-03-17,TLKM,3410.0,3430.0,3370.0,3390.0,61701400
2021-03-18,TLKM,3450.0,3480.0,3430.0,3450.0,101896400
2021-03-19,TLKM,3410.0,3440.0,3380.0,3440.0,140000000
2021-03-22,TLKM,3440.0,3440.0,3380.0,3380.0,53870300
2021-03-23,TLKM,3390.0,3420.0,3350.0,3360.0,55323200
2021-03-24,TLKM,3320.0,3390.0,3320.0,3370.0,67173200
2021-03-25,TLKM,3400.0,3430.0,3380.0,3410.0,107607200
2021-03-26,TLKM,3410.0,3500.0,3390.0,3490.0,106810400
2021-03-29,TLKM,3470.0,3490.0,3400.0,3410.0,72214100
2021-03-30,TLKM,3420.0,3430.0,3360.0,3380.0,66491800
2021-03-31,TLKM,3380.0,3420.0,3330.0,3420.0,134671900
2021-04-01,TLKM,3390.0,3440.0,3380.0,3390.0,73332000
2021-04-05,TLKM,3430.0,3430.0,3370.0,3380.0,36029200
2021-04-06,TLKM,3400.0,3410.0,3370.0,3370.0,40566400
2021-04-07,TLKM,3410.0,3430.0,3380.0,3400.0,84754300
2021-04-08,TLKM,3380.0,3400.0,3380.0,3390.0,59079700
2021-04-09,TLKM,3390.0,3390.0,3360.0,3360.0,56861400
2021-04-12,TLKM,3340.0,3390.0,3300.0,3310.0,79003200
2021-04-13,TLKM,3340.0,3340.0,3300.0,3330.0,51300200
2021-04-14,TLKM,3360.0,3360.0,3320.0,3340.0,52587500
2021-04-15,TLKM,3340.0,3360.0,3320.0,3360.0,65669100
2021-04-16,TLKM,3370.0,3370.0,3320.0,3360.0,52517800
2021-04-19,TLKM,3330.0,3360.0,3330.0,3340.0,44899700
2021-04-20,TLKM,3330.0,3350.0,3300.0,3320.0,55700100
2021-04-21,TLKM,3290.0,3330.0,3280.0,3280.0,47167800
2021-04-22,TLKM,3290.0,3340.0,3290.0,3330.0,54970000
2021-04-23,TLKM,3330.0,3330.0,3290.0,3310.0,39798400
2021-04-26,TLKM,3280.0,3300.0,3250.0,3250.0,55076200
2021-04-27,TLKM,3240.0,3250.0,3140.0,3160.0,166985400
2021-04-28,TLKM,3160.0,3170.0,3130.0,3140.0,91596300
2021-04-29,TLKM,3150.0,3210.0,3140.0,3200.0,111785100
2021-04-30,TLKM,3220.0,3260.0,3200.0,3200.0,143840800
2021-05-03,TLKM,3200.0,3210.0,3130.0,3170.0,124724400
2021-05-04,TLKM,3180.0,3210.0,3170.0,3210.0,60180600
2021-05-05,TLKM,3210.0,3210.0,3180.0,3200.0,76480300
2021-05-06,TLKM,3200.0,3200.0,3150.0,3190.0,91955600
2021-05-07,TLKM,3200.0,3220.0,3180.0,3190.0,98099900
2021-05-10,TLKM,3190.0,3200.0,3160.0,3170.0,104121900
2021-05-11,TLKM,3170.0,3200.0,3150.0,3180.0,94281900
2021-05-17,TLKM,3190.0,3190.0,3150.0,3190.0,114071400
2021-05-18,TLKM,3190.0,3190.0,3150.0,3180.0,77310400
2021-05-19,TLKM,3150.0,3220.0,3150.0,3160.0,48958100
2021-05-20,TLKM,3190.0,3320.0,3180.0,3310.0,197430900
2021-05-21,TLKM,3340.0,3350.0,3270.0,3270.0,104101400
2021-05-24,TLKM,3290.0,3330.0,3220.0,3260.0,64347100
2021-05-25,TLKM,3290.0,3320.0,3270.0,3300.0,62218300
2021-05-27,TLKM,3350.0,3400.0,3330.0,3380.0,233551300
2021-05-28,TLKM,3380.0,3400.0,3260.0,3270.0,87439800
2021-05-31,TLKM,3300.0,3460.0,3300.0,3440.0,155768200
2021-06-02,TLKM,3490.0,3500.0,3420.0,3450.0,108933400
2021-06-03,TLKM,3420.0,3490.0,3420.0,3490.0,77627900
2021-06-04,TLKM,3490.0,3510.0,3450.0,3500.0,70624200
2021-06-07,TLKM,3540.0,3570.0,3500.0,3550.0,124440300
2021-06-08,TLKM,3550.0,3550.0,3470.0,3500.0,132409400
2021-06-09,TLKM,3340.0,3400.0,3310.0,3390.0,112204200
2021-06-10,TLKM,3350.0,3500.0,3340.0,3480.0,137713700
2021-06-11,TLKM,3490.0,3500.0,3420.0,3470.0,82336600
2021-06-14,TLKM,3460.0,3470.0,3400.0,3410.0,46016500
2021-06-15,TLKM,3410.0,3440.0,3380.0,3440.0,60528600
2021-06-16,TLKM,3380.0,3430.0,3380.0,3410.0,39149800
2021-06-17,TLKM,3370.0,3420.0,3350.0,3350.0,50286100
2021-06-18,TLKM,3350.0,3400.0,3290.0,3350.0,168414300
2021-06-21,TLKM,3280.0,3340.0,3260.0,3300.0,74248200
2021-06-22,TLKM,3300.0,3370.0,3290.0,3300.0,89349200
2021-06-23,TLKM,3310.0,3420.0,3310.0,3370.0,81901000
2021-06-24,TLKM,3330.0,3360.0,3240.0,3250.0,101334200
2021-06-25,TLKM,3250.0,3300.0,3240.0,3250.0,58330700
2021-06-28,TLKM,3250.0,3260.0,3170.0,3170.0,66338900
2021-06-29,TLKM,3190.0,3260.0,3150.0,3160.0,123411200
2021-06-30,TLKM,3150.0,3180.0,3130.0,3150.0,142204500
2021-07-01,TLKM,3160.0,3170.0,3090.0,3110.0,143665900
2021-07-02,TLKM,3110.0,3130.0,3060.0,3070.0,161855700
2021-07-05,TLKM,3070.0,3090.0,3010.0,3040.0,133815000
2021-07-06,TLKM,3050.0,3070.0,3000.0,3010.0,151573500
2021-07-07,TLKM,3030.0,3070.0,3010.0,3030.0,110215500
2021-07-08,TLKM,3060.0,3060.0,3000.0,3010.0,132576600
2021-07-09,TLKM,3040.0,3170.0,3030.0,3160.0,222916400
2021-07-12,TLKM,3190.0,3190.0,3110.0,3130.0,86268000
2021-07-13,TLKM,3160.0,3160.0,3050.0,3070.0,82856600
2021-07-14,TLKM,3050.0,3070.0,3020.0,3060.0,84993400
2021-07-15,TLKM,3110.0,3140.0,3080.0,3130.0,88092800
2021-07-16,TLKM,3140.0,3170.0,3110.0,3170.0,63626300
2021-07-19,TLKM,3160.0,3230.0,3150.0,3220.0,116219500
2021-07-21,TLKM,3190.0,3240.0,3180.0,3210.0,115099400
2021-07-22,TLKM,3210.0,3260.0,3210.0,3260.0,48865700
2021-07-23,TLKM,3250.0,3250.0,3150.0,3170.0,67128400
2021-07-26,TLKM,3140.0,3200.0,3140.0,3190.0,55525800
2021-07-27,TLKM,3210.0,3270.0,3160.0,3270.0,62673400
2021-07-28,TLKM,3250.0,3250.0,3150.0,3190.0,103282300
2021-07-29,TLKM,3210.0,3290.0,3200.0,3230.0,126542400
2021-07-30,TLKM,3200.0,3290.0,3200.0,3240.0,95143100
2021-08-02,TLKM,3240.0,3310.0,3210.0,3310.0,60368200
2021-08-03,TLKM,3310.0,3360.0,3290.0,3330.0,89712500
2021-08-04,TLKM,3330.0,3370.0,3310.0,3370.0,63108600
2021-08-05,TLKM,3360.0,3400.0,3320.0,3340.0,89742800
2021-08-06,TLKM,3360.0,3380.0,3310.0,3320.0,31664200
2021-08-09,TLKM,3260.0,3300.0,3220.0,3250.0,70299500
2021-08-10,TLKM,3240.0,3270.0,3190.0,3230.0,57658000
2021-08-12,TLKM,3260.0,3350.0,3240.0,3350.0,93133400
2021-08-13,TLKM,3370.0,3380.0,3260.0,3300.0,59903600
2021-08-16,TLKM,3300.0,3340.0,3290.0,3340.0,38661800
2021-08-18,TLKM,3360.0,3440.0,3350.0,3420.0,162921300
2021-08-19,TLKM,3410.0,3430.0,3360.0,3390.0,100851800
2021-08-20,TLKM,3390.0,3430.0,3370.0,3400.0,113411000
2021-08-23,TLKM,3420.0,3440.0,3400.0,3440.0,64122400
2021-08-24,TLKM,3410.0,3420.0,3310.0,3400.0,69338100
2021-08-25,TLKM,3390.0,3390.0,3330.0,3370.0,66618200
2021-08-26,TLKM,3330.0,3360.0,3320.0,3360.0,55756100
2021-08-27,TLKM,3370.0,3370.0,3310.0,3320.0,62419000
2021-08-30,TLKM,3330.0,3400.0,3330.0,3400.0,64177700
2021-08-31,TLKM,3400.0,3420.0,3360.0,3400.0,130019000
2021-09-01,TLKM,3420.0,3420.0,3330.0,3340.0,85135200
2021-09-02,TLKM,3350.0,3390.0,3350.0,3370.0,51633800
2021-09-03,TLKM,3400.0,3420.0,3370.0,3390.0,65479800
2021-09-06,TLKM,3410.0,3410.0,3380.0,3390.0,52640400
2021-09-07,TLKM,3410.0,3410.0,3360.0,3380.0,42617400
2021-09-08,TLKM,3400.0,3400.0,3310.0,3330.0,80636800
2021-09-09,TLKM,3360.0,3390.0,3330.0,3390.0,82214400
2021-09-10,TLKM,3380.0,3390.0,3320.0,3330.0,52115300
2021-09-13,TLKM,3310.0,3350.0,3300.0,3350.0,45547200
2021-09-14,TLKM,3380.0,3450.0,3350.0,3440.0,166002100
2021-09-15,TLKM,3430.0,3450.0,3410.0,3450.0,73158300
2021-09-16,TLKM,3470.0,3470.0,3400.0,3440.0,58318700
2021-09-17,TLKM,3400.0,3530.0,3390.0,3530.0,117573100
2021-09-20,TLKM,3500.0,3520.0,3460.0,3520.0,83985100
2021-09-21,TLKM,3500.0,3560.0,3480.0,3530.0,95848100
2021-09-22,TLKM,3530.0,3590.0,3520.0,3590.0,66835200
2021-09-23,TLKM,3600.0,3610.0,3550.0,3560.0,104737500
2021-09-24,TLKM,3560.0,3580.0,3540.0,3560.0,72224500
2021-09-27,TLKM,3530.0,3560.0,3480.0,3520.0,87303000
2021-09-28,TLKM,3510.0,3540.0,3490.0,3530.0,54671700
2021-09-29,TLKM,3490.0,3540.0,3490.0,3530.0,53170100
2021-09-30,TLKM,3550.0,3690.0,3540.0,3690.0,153853900
2021-10-01,TLKM,3680.0,3690.0,3610.0,3660.0,109898400
2021-10-04,TLKM,3620.0,3670.0,3600.0,3670.0,82205100
2021-10-05,TLKM,3670.0,3680.0,3620.0,3670.0,140488300
2021-10-06,TLKM,3690.0,3770.0,3650.0,3760.0,153535700
2021-10-07,TLKM,3720.0,3740.0,3690.0,3720.0,56837600
2021-10-08,TLKM,3730.0,3800.0,3720.0,3800.0,91361800
2021-10-11,TLKM,3800.0,3850.0,3770.0,3810.0,78865000
2021-10-12,TLKM,3780.0,3840.0,3770.0,3780.0,69866300
2021-10-13,TLKM,3750.0,3820.0,3750.0,3770.0,87143900
2021-10-14,TLKM,3770.0,3830.0,3770.0,3830.0,95817900
2021-10-15,TLKM,3840.0,3840.0,3750.0,3810.0,69707700
2021-10-18,TLKM,3840.0,3840.0,3790.0,3790.0,78580700
2021-10-19,TLKM,3750.0,3800.0,3720.0,3740.0,61095700
2021-10-21,TLKM,3780.0,3880.0,3760.0,3850.0,169659500
2021-10-22,TLKM,3860.0,3880.0,3820.0,3870.0,59640700
2021-10-25,TLKM,3800.0,3840.0,3780.0,3780.0,58246300
2021-10-26,TLKM,3800.0,3830.0,3780.0,3800.0,58615100
2021-10-27,TLKM,3820.0,3830.0,3770.0,3790.0,52210100
2021-10-28,TLKM,3820.0,3820.0,3710.0,3750.0,61151100
2021-10-29,TLKM,3750.0,3810.0,3730.0,3800.0,70430900
2021-11-01,TLKM,3810.0,3820.0,3700.0,3700.0,65447100
2021-11-02,TLKM,3700.0,3710.0,3640.0,3660.0,170260000
2021-11-03,TLKM,3620.0,3740.0,3620.0,3720.0,48810500
2021-11-04,TLKM,3750.0,3780.0,3720.0,3770.0,53494200
2021-11-05,TLKM,3760.0,3770.0,3710.0,3770.0,43133000
2021-11-08,TLKM,3780.0,3780.0,3710.0,3750.0,58758600
2021-11-09,TLKM,3730.0,3740.0,3680.0,3710.0,92427800
2021-11-10,TLKM,3670.0,3720.0,3670.0,3700.0,53511200
2021-11-11,TLKM,3700.0,3730.0,3640.0,3650.0,95789600
2021-11-12,TLKM,3660.0,3660.0,3600.0,3600.0,115142400
2021-11-15,TLKM,3600.0,3650.0,3600.0,3600.0,91001800
2021-11-16,TLKM,3590.0,3680.0,3590.0,3670.0,99590700
2021-11-17,TLKM,3690.0,3690.0,3600.0,3630.0,82023300
2021-11-18,TLKM,3630.0,3640.0,3600.0,3630.0,53290400
2021-11-19,TLKM,3660.0,3920.0,3660.0,3900.0,310615000
2021-11-22,TLKM,3920.0,3930.0,3780.0,3800.0,206683100
2021-11-23,TLKM,3800.0,3850.0,3780.0,3800.0,67778800
2021-11-24,TLKM,3840.0,3840.0,3790.0,3800.0,67303800
2021-11-25,TLKM,3880.0,4090.0,3850.0,4000.0,264897100
2021-11-26,TLKM,4040.0,4050.0,3970.0,4010.0,231870300
2021-11-29,TLKM,4010.0,4170.0,3980.0,4140.0,228774600
2021-11-30,TLKM,4150.0,4170.0,3990.0,3990.0,435800600
2021-12-01,TLKM,4040.0,4150.0,4020.0,4080.0,200699200
2021-12-02,TLKM,4140.0,4190.0,4100.0,4160.0,116093100
2021-12-03,TLKM,4130.0,4180.0,4050.0,4070.0,96760700
2021-12-06,TLKM,4060.0,4250.0,4050.0,4170.0,106756900
2021-12-07,TLKM,4180.0,4200.0,4120.0,4150.0,121543400
2021-12-08,TLKM,4100.0,4120.0,4010.0,4090.0,113845600
2021-12-09,TLKM,4090.0,4150.0,4080.0,4150.0,86985800
2021-12-10,TLKM,4070.0,4150.0,4070.0,4150.0,90725000
2021-12-13,TLKM,4150.0,4150.0,4080.0,4080.0,65533000
2021-12-14,TLKM,4120.0,4120.0,4070.0,4100.0,75736900
2021-12-15,TLKM,4060.0,4140.0,4060.0,4080.0,84424500
2021-12-16,TLKM,4110.0,4150.0,4060.0,4100.0,98164300
2021-12-17,TLKM,4010.0,4100.0,4010.0,4100.0,149615800
2021-12-20,TLKM,4070.0,4110.0,4040.0,4080.0,72794200
2021-12-21,TLKM,4110.0,4190.0,4100.0,4160.0,98039300
2021-12-22,TLKM,4160.0,4170.0,4110.0,4110.0,50574500
2021-12-23,TLKM,4110.0,4160.0,4100.0,4160.0,54508200
2021-12-24,TLKM,4160.0,4170.0,4100.0,4110.0,29075600
2021-12-27,TLKM,4150.0,4150.0,4070.0,4080.0,30748000
2021-12-28,TLKM,4080.0,4130.0,4050.0,4090.0,39443300
2021-12-29,TLKM,4100.0,4130.0,4080.0,4080.0,25596100
2021-12-30,TLKM,4130.0,4130.0,4040.0,4040.0,50575100
2022-01-03,TLKM,4060.0,4180.0,4050.0,4180.0,65937900
2022-01-04,TLKM,4180.0,4200.0,4150.0,4170.0,42984700
2022-01-05,TLKM,4150.0,4190.0,4030.0,4050.0,119584700
2022-01-06,TLKM,4090.0,4120.0,4030.0,4120.0,89197500
2022-01-07,TLKM,4120.0,4190.0,4090.0,4170.0,68415100
2022-01-10,TLKM,4180.0,4190.0,4100.0,4100.0,44921200
2022-01-11,TLKM,4120.0,4160.0,4090.0,4090.0,61890200
2022-01-12,TLKM,4110.0,4140.0,4070.0,4110.0,45132700
2022-01-13,TLKM,4170.0,4180.0,4110.0,4180.0,84148400
2022-01-14,TLKM,4140.0,4190.0,4130.0,4190.0,28193100
2022-01-17,TLKM,4200.0,4200.0,4140.0,4180.0,39816300
2022-01-18,TLKM,4200.0,4250.0,4160.0,4250.0,112212200
2022-01-19,TLKM,4260.0,4260.0,4230.0,4250.0,88713900
2022-01-20,TLKM,4300.0,4300.0,4190.0,4220.0,100014500
2022-01-21,TLKM,4240.0,4330.0,4190.0,4330.0,75534800
2022-01-24,TLKM,4260.0,4310.0,4250.0,4300.0,70404500
2022-01-25,TLKM,4310.0,4320.0,4250.0,4290.0,116353600
2022-01-26,TLKM,4380.0,4390.0,4290.0,4390.0,127641400
2022-01-27,TLKM,4400.0,4400.0,4260.0,4270.0,98613900
2022-01-28,TLKM,4260.0,4300.0,4230.0,4260.0,61686700
2022-01-31,TLKM,4210.0,4250.0,4190.0,4190.0,88735900
2022-02-02,TLKM,4170.0,4200.0,4150.0,4170.0,144006000
2022-02-03,TLKM,4200.0,4210.0,4160.0,4200.0,58212400
2022-02-04,TLKM,4260.0,4260.0,4180.0,4230.0,98728700
2022-02-07,TLKM,4230.0,4290.0,4210.0,4290.0,90285800
2022-02-08,TLKM,4280.0,4280.0,4230.0,4230.0,71210400
2022-02-09,TLKM,4280.0,4280.0,4210.0,4280.0,95375000
2022-02-10,TLKM,4400.0,4470.0,4340.0,4460.0,233984700
2022-02-11,TLKM,4500.0,4550.0,4410.0,4450.0,130081900
2022-02-14,TLKM,4380.0,4400.0,4310.0,4400.0,104903700
2022-02-15,TLKM,4400.0,4440.0,4360.0,4410.0,75305900
2022-02-16,TLKM,4420.0,4460.0,4380.0,4400.0,90121200
2022-02-17,TLKM,4400.0,4440.0,4360.0,4410.0,72970200
2022-02-18,TLKM,4420.0,4440.0,4370.0,4400.0,71111300
2022-02-21,TLKM,4370.0,4420.0,4340.0,4370.0,58883000
2022-02-22,TLKM,4320.0,4360.0,4250.0,4300.0,106985800
2022-02-23,TLKM,4280.0,4370.0,4270.0,4350.0,110562400
2022-02-24,TLKM,4280.0,4320.0,4200.0,4240.0,126158600
2022-02-25,TLKM,4240.0,4350.0,4240.0,4340.0,208757000
2022-03-01,TLKM,4640.0,4650.0,4350.0,4350.0,206416900
2022-03-02,TLKM,4400.0,4400.0,4270.0,4290.0,152165300
2022-03-04,TLKM,4440.0,4440.0,4300.0,4400.0,155369100
2022-03-07,TLKM,4400.0,4530.0,4370.0,4510.0,177360400
2022-03-08,TLKM,4600.0,4700.0,4540.0,4620.0,234086000
2022-03-09,TLKM,4550.0,4620.0,4420.0,4440.0,145145900
2022-03-10,TLKM,4500.0,4500.0,4380.0,4410.0,130830800
2022-03-11,TLKM,4410.0,4590.0,4400.0,4590.0,143446200
2022-03-14,TLKM,4650.0,4670.0,4540.0,4580.0,166572700
2022-03-15,TLKM,4630.0,4630.0,4570.0,4620.0,231077800
2022-03-16,TLKM,4660.0,4660.0,4550.0,4630.0,109961900
2022-03-17,TLKM,4550.0,4580.0,4450.0,4480.0,246300800
2022-03-18,TLKM,4490.0,4540.0,4470.0,4540.0,210266100
2022-03-21,TLKM,4550.0,4570.0,4520.0,4550.0,79691600
2022-03-22,TLKM,4550.0,4580.0,4540.0,4550.0,98699900
2022-03-23,TLKM,4550.0,4570.0,4500.0,4550.0,78299500
2022-03-24,TLKM,4500.0,4570.0,4500.0,4560.0,89578400
2022-03-25,TLKM,4510.0,4540.0,4480.0,4520.0,90053700
2022-03-28,TLKM,4510.0,4600.0,4500.0,4600.0,184131000
2022-03-29,TLKM,4600.0,4620.0,4560.0,4560.0,77920800
2022-03-30,TLKM,4620.0,4620.0,4560.0,4580.0,118749100
2022-03-31,TLKM,4620.0,4640.0,4560.0,4580.0,108109700
2022-04-01,TLKM,4550.0,4580.0,4530.0,4580.0,86590300
2022-04-04,TLKM,4560.0,4570.0,4490.0,4540.0,103480300
2022-04-05,TLKM,4550.0,4550.0,4500.0,4520.0,52172300
2022-04-06,TLKM,4490.0,4500.0,4420.0,4430.0,108368800
2022-04-07,TLKM,4450.0,4540.0,4440.0,4540.0,143921800
2022-04-08,TLKM,4580.0,4610.0,4560.0,4580.0,161974500
2022-04-11,TLKM,4610.0,4610.0,4550.0,4590.0,90521500
2022-04-12,TLKM,4620.0,4630.0,4580.0,4630.0,187948000
2022-04-13,TLKM,4700.0,4720.0,4650.0,4690.0,196864200
2022-04-14,TLKM,4700.0,4730.0,4660.0,4680.0,112735200
2022-04-18,TLKM,4720.0,4730.0,4690.0,4710.0,120778200
2022-04-19,TLKM,4740.0,4750.0,4680.0,4680.0,92268300
2022-04-20,TLKM,4680.0,4690.0,4620.0,4630.0,88360900
2022-04-21,TLKM,4620.0,4670.0,4600.0,4620.0,97575800
2022-04-22,TLKM,4620.0,4680.0,4580.0,4620.0,101299100
2022-04-25,TLKM,4610.0,4720.0,4580.0,4710.0,92045500
2022-04-26,TLKM,4680.0,4760.0,4670.0,4760.0,85945800
2022-04-27,TLKM,4720.0,4790.0,4720.0,4770.0,136485600
2022-04-28,TLKM,4850.0,4850.0,4620.0,4620.0,198484800
2022-05-09,TLKM,4560.0,4560.0,4300.0,4310.0,343682000
2022-05-10,TLKM,4120.0,4380.0,4120.0,4340.0,281386300
2022-05-11,TLKM,4400.0,4480.0,4330.0,4330.0,154455400
2022-05-12,TLKM,4340.0,4390.0,4250.0,4300.0,233518500
2022-05-13,TLKM,4250.0,4350.0,4230.0,4260.0,190889200
2022-05-17,TLKM,4250.0,4290.0,4180.0,4180.0,170880700
2022-05-18,TLKM,4230.0,4290.0,4190.0,4250.0,185359500
2022-05-19,TLKM,4180.0,4230.0,4150.0,4210.0,112679300
2022-05-20,TLKM,4220.0,4230.0,4170.0,4170.0,141701800
2022-05-23,TLKM,4160.0,4180.0,4070.0,4110.0,196569900
2022-05-24,TLKM,4120.0,4200.0,4120.0,4150.0,151693700
2022-05-25,TLKM,4200.0,4210.0,4150.0,4200.0,166595400
2022-05-27,TLKM,4260.0,4300.0,4210.0,4300.0,186513500
2022-05-30,TLKM,4340.0,4340.0,4200.0,4250.0,107614100
2022-05-31,TLKM,4270.0,4330.0,4230.0,4310.0,469620300
2022-06-02,TLKM,4390.0,4390.0,4270.0,4290.0,164481100
2022-06-03,TLKM,4310.0,4390.0,4300.0,4310.0,108852800
2022-06-06,TLKM,4310.0,4340.0,4270.0,4340.0,79319400
2022-06-07,TLKM,4340.0,4340.0,4250.0,4250.0,142504000
2022-06-08,TLKM,4150.0,4170.0,4080.0,4100.0,202555900
2022-06-09,TLKM,4080.0,4130.0,4050.0,4050.0,148580200
2022-06-10,TLKM,4040.0,4080.0,4000.0,4020.0,189186700
2022-06-13,TLKM,3950.0,4100.0,3930.0,4080.0,156054900
2022-06-14,TLKM,4050.0,4120.0,4020.0,4110.0,117325600
2022-06-15,TLKM,4060.0,4080.0,4030.0,4060.0,94848800
2022-06-16,TLKM,4120.0,4120.0,4030.0,4040.0,96042200
2022-06-17,TLKM,4010.0,4120.0,3980.0,4120.0,169375800
2022-06-20,TLKM,4050.0,4060.0,4000.0,4040.0,82101200
2022-06-21,TLKM,4060.0,4120.0,4030.0,4110.0,77489000
2022-06-22,TLKM,4090.0,4090.0,4040.0,4050.0,60907800
2022-06-23,TLKM,4030.0,4160.0,4030.0,4160.0,101065400
2022-06-24,TLKM,4230.0,4230.0,4100.0,4150.0,81050700
2022-06-27,TLKM,4110.0,4120.0,4040.0,4070.0,71574300
2022-06-28,TLKM,4010.0,4050.0,4000.0,4030.0,128618800
2022-06-29,TLKM,4000.0,4080.0,4000.0,4040.0,72888100
2022-06-30,TLKM,4110.0,4110.0,4000.0,4000.0,116718900
2022-07-01,TLKM,4010.0,4040.0,4000.0,4020.0,39572500
2022-07-04,TLKM,4020.0,4040.0,3840.0,3990.0,115885200
2022-07-05,TLKM,4010.0,4070.0,3950.0,3990.0,72329600
2022-07-06,TLKM,4050.0,4050.0,3970.0,4020.0,62679000
2022-07-07,TLKM,4040.0,4050.0,4010.0,4040.0,42393800
2022-07-08,TLKM,4050.0,4060.0,4000.0,4010.0,64049000
2022-07-11,TLKM,4100.0,4100.0,4000.0,4040.0,42258000
2022-07-12,TLKM,4060.0,4060.0,4010.0,4010.0,43399800
2022-07-13,TLKM,4010.0,4030.0,3930.0,3940.0,96218200
2022-07-14,TLKM,3940.0,4020.0,3900.0,4020.0,68708500
2022-07-15,TLKM,4040.0,4210.0,4010.0,4150.0,146093800
2022-07-18,TLKM,4110.0,4190.0,4070.0,4190.0,84009400
2022-07-19,TLKM,4190.0,4190.0,4130.0,4160.0,91367900
2022-07-20,TLKM,4140.0,4220.0,4140.0,4210.0,82344000
2022-07-21,TLKM,4210.0,4260.0,4180.0,4260.0,107234600
2022-07-22,TLKM,4240.0,4240.0,4190.0,4230.0,59792300
2022-07-25,TLKM,4240.0,4260.0,4220.0,4240.0,37218000
2022-07-26,TLKM,4240.0,4250.0,4190.0,4250.0,49786900
2022-07-27,TLKM,4230.0,4300.0,4210.0,4300.0,60672300
2022-07-28,TLKM,4310.0,4320.0,4190.0,4240.0,110767300
2022-07-29,TLKM,4280.0,4300.0,4210.0,4230.0,108823600
2022-08-01,TLKM,4230.0,4300.0,4230.0,4300.0,104724300
2022-08-02,TLKM,4350.0,4450.0,4250.0,4450.0,112228800
2022-08-03,TLKM,4450.0,4590.0,4410.0,4500.0,251825000
2022-08-04,TLKM,4450.0,4550.0,4450.0,4550.0,186881500
2022-08-05,TLKM,4590.0,4650.0,4530.0,4650.0,268967200
2022-08-08,TLKM,4700.0,4700.0,4650.0,4700.0,191023500
2022-08-09,TLKM,4700.0,4700.0,4630.0,4640.0,164453900
2022-08-10,TLKM,4530.0,4590.0,4490.0,4560.0,162061400
2022-08-11,TLKM,4550.0,4610.0,4520.0,4570.0,123629000
2022-08-12,TLKM,4570.0,4600.0,4530.0,4550.0,124552500
2022-08-15,TLKM,4540.0,4570.0,4440.0,4450.0,136882800
2022-08-16,TLKM,4530.0,4580.0,4410.0,4410.0,127710800
2022-08-18,TLKM,4360.0,4550.0,4350.0,4550.0,182044300
2022-08-19,TLKM,4560.0,4610.0,4460.0,4600.0,177623900
2022-08-22,TLKM,4550.0,4660.0,4530.0,4650.0,202320400
2022-08-23,TLKM,4680.0,4710.0,4610.0,4660.0,229431400
2022-08-24,TLKM,4660.0,4770.0,4600.0,4750.0,189007900
2022-08-25,TLKM,4680.0,4700.0,4560.0,4570.0,179495700
2022-08-26,TLKM,4510.0,4540.0,4480.0,4490.0,184317100
2022-08-29,TLKM,4370.0,4550.0,4360.0,4520.0,101529800
2022-08-30,TLKM,4580.0,4620.0,4480.0,4480.0,118884300
2022-08-31,TLKM,4420.0,4600.0,4420.0,4560.0,175300400
2022-09-01,TLKM,4560.0,4650.0,4530.0,4580.0,120871700
2022-09-02,TLKM,4540.0,4620.0,4540.0,4600.0,106985000
2022-09-05,TLKM,4560.0,4630.0,4550.0,4620.0,77323800
2022-09-06,TLKM,4610.0,4620.0,4510.0,4510.0,61970100
2022-09-07,TLKM,4500.0,4560.0,4480.0,4490.0,106145700
2022-09-08,TLKM,4500.0,4640.0,4500.0,4560.0,123389200
2022-09-09,TLKM,4550.0,4600.0,4530.0,4600.0,50307800
2022-09-12,TLKM,4600.0,4600.0,4530.0,4540.0,74820600
2022-09-13,TLKM,4540.0,4560.0,4520.0,4520.0,91510200
2022-09-14,TLKM,4490.0,4530.0,4460.0,4480.0,97919200
2022-09-15,TLKM,4540.0,4600.0,4500.0,4500.0,125599900
2022-09-16,TLKM,4500.0,4500.0,4410.0,4410.0,210277300
2022-09-19,TLKM,4460.0,4560.0,4440.0,4500.0,116164500
2022-09-20,TLKM,4530.0,4540.0,4480.0,4480.0,100743700
2022-09-21,TLKM,4450.0,4470.0,4410.0,4430.0,91363200
2022-09-22,TLKM,4400.0,4450.0,4380.0,4430.0,89922900
2022-09-23,TLKM,4400.0,4430.0,4380.0,4380.0,95911400
2022-09-26,TLKM,4390.0,4510.0,4300.0,4460.0,132185400
2022-09-27,TLKM,4450.0,4470.0,4380.0,4440.0,123113800
2022-09-28,TLKM,4430.0,4530.0,4400.0,4470.0,104385500
2022-09-29,TLKM,4460.0,4500.0,4420.0,4440.0,90290400
2022-09-30,TLKM,4400.0,4500.0,4390.0,4460.0,111482000
2022-10-03,TLKM,4460.0,4470.0,4380.0,4460.0,77569100
2022-10-04,TLKM,4460.0,4510.0,4430.0,4440.0,87832800
2022-10-05,TLKM,4490.0,4540.0,4460.0,4460.0,61888400
2022-10-06,TLKM,4460.0,4480.0,4420.0,4430.0,60464300
2022-10-07,TLKM,4400.0,4430.0,4350.0,4350.0,102570000
2022-10-10,TLKM,4340.0,4420.0,4330.0,4420.0,72389100
2022-10-11,TLKM,4360.0,4380.0,4310.0,4310.0,108794500
2022-10-12,TLKM,4300.0,4350.0,4280.0,4340.0,107938600
2022-10-13,TLKM,4330.0,4350.0,4290.0,4300.0,70034500
2022-10-14,TLKM,4360.0,4360.0,4290.0,4290.0,68096300
2022-10-17,TLKM,4200.0,4330.0,4200.0,4330.0,90321700
2022-10-18,TLKM,4310.0,4340.0,4250.0,4250.0,72516000
2022-10-19,TLKM,4220.0,4300.0,4200.0,4200.0,65848300
2022-10-20,TLKM,4200.0,4350.0,4200.0,4350.0,165391500
2022-10-21,TLKM,4300.0,4390.0,4300.0,4360.0,79825700
2022-10-24,TLKM,4380.0,4450.0,4380.0,4410.0,76777200
2022-10-25,TLKM,4430.0,4470.0,4390.0,4390.0,109154300
2022-10-26,TLKM,4420.0,4430.0,4330.0,4370.0,97320500
2022-10-27,TLKM,4390.0,4410.0,4340.0,4370.0,80270300
2022-10-28,TLKM,4420.0,4450.0,4380.0,4450.0,91101500
2022-10-31,TLKM,4460.0,4460.0,4360.0,4390.0,162753500
2022-11-01,TLKM,4420.0,4420.0,4360.0,4420.0,108592900
2022-11-02,TLKM,4400.0,4420.0,4220.0,4220.0,217855200
2022-11-03,TLKM,4140.0,4170.0,4050.0,4130.0,231475000
2022-11-04,TLKM,4070.0,4210.0,4070.0,4210.0,201183100
2022-11-07,TLKM,4250.0,4280.0,4160.0,4280.0,129868800
2022-11-08,TLKM,4270.0,4280.0,4200.0,4220.0,110546800
2022-11-09,TLKM,4200.0,4230.0,4180.0,4190.0,145833200
2022-11-10,TLKM,4110.0,4210.0,4110.0,4170.0,81249200
2022-11-11,TLKM,4160.0,4180.0,4140.0,4150.0,227799300
2022-11-14,TLKM,4090.0,4120.0,4030.0,4050.0,188771200
2022-11-15,TLKM,4050.0,4080.0,4030.0,4050.0,88570400
2022-11-16,TLKM,4000.0,4070.0,3960.0,4050.0,149512300
2022-11-17,TLKM,4020.0,4070.0,4020.0,4040.0,68616700
2022-11-18,TLKM,4070.0,4080.0,4010.0,4010.0,115907900
2022-11-21,TLKM,4020.0,4060.0,4010.0,4030.0,45277400
2022-11-22,TLKM,4020.0,4040.0,4000.0,4000.0,83888300
2022-11-23,TLKM,3990.0,4030.0,3970.0,3970.0,95750400
2022-11-24,TLKM,3980.0,4040.0,3980.0,4030.0,50741600
2022-11-25,TLKM,4010.0,4040.0,3980.0,4030.0,73305800
2022-11-28,TLKM,4030.0,4040.0,3980.0,3980.0,94063100
2022-11-29,TLKM,3980.0,4020.0,3980.0,3980.0,94389800
2022-11-30,TLKM,3970.0,4050.0,3970.0,4040.0,585687400
2022-12-01,TLKM,4020.0,4040.0,3960.0,3960.0,230066600
2022-12-02,TLKM,3950.0,4020.0,3930.0,4000.0,113336600
2022-12-05,TLKM,3980.0,3990.0,3820.0,3840.0,148751200
2022-12-06,TLKM,3640.0,3720.0,3580.0,3600.0,416468700
2022-12-07,TLKM,3600.0,3700.0,3570.0,3680.0,278572200
2022-12-08,TLKM,3700.0,3780.0,3620.0,3740.0,245646400
2022-12-09,TLKM,3680.0,3720.0,3630.0,3650.0,164606100
2022-12-12,TLKM,3670.0,3710.0,3640.0,3700.0,170545000
2022-12-13,TLKM,3690.0,3790.0,3680.0,3750.0,231127000
2022-12-14,TLKM,3820.0,3820.0,3740.0,3750.0,107175700
2022-12-15,TLKM,3680.0,3720.0,3670.0,3670.0,143233600
2022-12-16,TLKM,3610.0,3740.0,3610.0,3680.0,310944500
2022-12-19,TLKM,3740.0,3790.0,3680.0,3720.0,119137700
2022-12-20,TLKM,3730.0,3750.0,3700.0,3720.0,55351300
2022-12-21,TLKM,3690.0,3790.0,3670.0,3790.0,98741000
2022-12-22,TLKM,3800.0,3810.0,3740.0,3750.0,68702100
2022-12-23,TLKM,3710.0,3780.0,3700.0,3780.0,45179400
2022-12-26,TLKM,3780.0,3800.0,3730.0,3750.0,19216700
2022-12-27,TLKM,3770.0,3840.0,3750.0,3810.0,49816500
2022-12-28,TLKM,3800.0,3810.0,3710.0,3730.0,65006300
2022-12-29,TLKM,3720.0,3790.0,3710.0,3780.0,51703500
2022-12-30,TLKM,3760.0,3800.0,3750.0,3750.0,79677300
2023-01-02,TLKM,3750.0,3800.0,3750.0,3800.0,7959900
2023-01-03,TLKM,3790.0,3890.0,3770.0,3860.0,64235000
2023-01-04,TLKM,3840.0,3860.0,3810.0,3820.0,56785600
2023-01-05,TLKM,3800.0,3820.0,3720.0,3770.0,135167000
2023-01-06,TLKM,3750.0,3770.0,3710.0,3710.0,65207400
2023-01-09,TLKM,3730.0,3790.0,3730.0,3790.0,46616400
2023-01-10,TLKM,3810.0,3850.0,3750.0,3830.0,80009900
2023-01-11,TLKM,3820.0,3900.0,3790.0,3870.0,75139300
2023-01-12,TLKM,3790.0,3900.0,3780.0,3860.0,105775500
2023-01-13,TLKM,3820.0,3860.0,3770.0,3780.0,85780600
2023-01-16,TLKM,3780.0,3850.0,3780.0,3850.0,58918700
2023-01-17,TLKM,3870.0,3990.0,3860.0,3950.0,132256600
2023-01-18,TLKM,4010.0,4010.0,3900.0,3930.0,94772000
2023-01-19,TLKM,3900.0,3980.0,3880.0,3890.0,109555200
2023-01-20,TLKM,3910.0,3920.0,3850.0,3870.0,88457800
2023-01-24,TLKM,3890.0,3910.0,3850.0,3850.0,45504900
2023-01-25,TLKM,3850.0,3880.0,3810.0,3840.0,80575100
2023-01-26,TLKM,3850.0,4000.0,3850.0,3970.0,117238000
2023-01-27,TLKM,3970.0,3990.0,3950.0,3960.0,100769500
2023-01-30,TLKM,3960.0,3970.0,3910.0,3960.0,59425300
2023-01-31,TLKM,3940.0,3950.0,3850.0,3850.0,179726700
2023-02-01,TLKM,3850.0,3900.0,3840.0,3870.0,70997300
2023-02-02,TLKM,3850.0,3900.0,3840.0,3890.0,78852300
2023-02-03,TLKM,3910.0,3920.0,3870.0,3880.0,55154800
2023-02-06,TLKM,3860.0,3910.0,3850.0,3880.0,58861300
2023-02-07,TLKM,3880.0,3880.0,3800.0,3800.0,76254900
2023-02-08,TLKM,3800.0,3850.0,3790.0,3840.0,65856500
2023-02-09,TLKM,3840.0,3840.0,3760.0,3770.0,91337300
2023-02-10,TLKM,3750.0,3800.0,3690.0,3800.0,88759600
2023-02-13,TLKM,3800.0,3810.0,3750.0,3790.0,69004400
2023-02-14,TLKM,3830.0,3830.0,3760.0,3800.0,80331100
2023-02-15,TLKM,3810.0,3820.0,3730.0,3790.0,59028200
2023-02-16,TLKM,3800.0,3800.0,3750.0,3770.0,49869900
2023-02-17,TLKM,3770.0,3770.0,3720.0,3760.0,50369000
2023-02-20,TLKM,3760.0,3820.0,3760.0,3820.0,57438900
2023-02-21,TLKM,3850.0,3870.0,3830.0,3840.0,63880300
2023-02-22,TLKM,3850.0,3870.0,3800.0,3860.0,48505600
2023-02-23,TLKM,3950.0,3970.0,3890.0,3970.0,109147100
2023-02-24,TLKM,4000.0,4040.0,3950.0,4040.0,142165700
2023-02-27,TLKM,3990.0,4000.0,3920.0,3960.0,66461600
2023-02-28,TLKM,3930.0,3970.0,3880.0,3880.0,115766900
2023-03-01,TLKM,3930.0,3990.0,3910.0,3930.0,47395200
2023-03-02,TLKM,3900.0,3930.0,3880.0,3880.0,43208800
2023-03-03,TLKM,3880.0,3920.0,3870.0,3900.0,49796000
2023-03-06,TLKM,3940.0,3950.0,3870.0,3880.0,50103800
2023-03-07,TLKM,3890.0,3910.0,3850.0,3880.0,59086800
2023-03-08,TLKM,3850.0,3940.0,3850.0,3940.0,78551000
2023-03-09,TLKM,3970.0,4000.0,3960.0,3970.0,68725500
2023-03-10,TLKM,3960.0,4020.0,3930.0,4010.0,76136200
2023-03-13,TLKM,4020.0,4090.0,3980.0,4070.0,104663300
2023-03-14,TLKM,4030.0,4090.0,4000.0,4020.0,111430100
2023-03-15,TLKM,4050.0,4050.0,3990.0,4010.0,65025400
2023-03-16,TLKM,4040.0,4060.0,3980.0,4050.0,96707900
2023-03-17,TLKM,4090.0,4100.0,4030.0,4050.0,232270900
2023-03-20,TLKM,4050.0,4050.0,3940.0,3990.0,105982700
2023-03-21,TLKM,4000.0,4120.0,4000.0,4120.0,88808200
2023-03-24,TLKM,4100.0,4120.0,4060.0,4070.0,96214700
2023-03-27,TLKM,4100.0,4120.0,4030.0,4050.0,71556400
2023-03-28,TLKM,4100.0,4100.0,4030.0,4050.0,87955300
2023-03-29,TLKM,4090.0,4120.0,4070.0,4100.0,113504700
2023-03-30,TLKM,4050.0,4130.0,4040.0,4090.0,87690800
2023-03-31,TLKM,4110.0,4120.0,4040.0,4060.0,93699000
2023-04-03,TLKM,4100.0,4100.0,4070.0,4080.0,56896200
2023-04-04,TLKM,4080.0,4100.0,4040.0,4060.0,82969200
2023-04-05,TLKM,4100.0,4170.0,4080.0,4150.0,70419100
2023-04-06,TLKM,4200.0,4270.0,4170.0,4250.0,125329700
2023-04-10,TLKM,4250.0,4300.0,4190.0,4300.0,85757900
2023-04-11,TLKM,4290.0,4300.0,4250.0,4300.0,84322900
2023-04-12,TLKM,4320.0,4350.0,4260.0,4310.0,178923700
2023-04-13,TLKM,4340.0,4350.0,4290.0,4340.0,119431600
2023-04-14,TLKM,4340.0,4360.0,4320.0,4340.0,117305500
2023-04-17,TLKM,4340.0,4340.0,4250.0,4270.0,59688000
2023-04-18,TLKM,4240.0,4280.0,4230.0,4270.0,65644600
2023-04-26,TLKM,4480.0,4500.0,4330.0,4400.0,198984100
2023-04-27,TLKM,4450.0,4450.0,4300.0,4320.0,58407000
2023-04-28,TLKM,4270.0,4320.0,4220.0,4250.0,112116900
2023-05-02,TLKM,4210.0,4220.0,4130.0,4190.0,117097400
2023-05-03,TLKM,4200.0,4200.0,4080.0,4150.0,158597800
2023-05-04,TLKM,4170.0,4190.0,4140.0,4150.0,98421300
2023-05-05,TLKM,4160.0,4170.0,4080.0,4170.0,113408100
2023-05-08,TLKM,4170.0,4180.0,4040.0,4060.0,121002600
2023-05-09,TLKM,4050.0,4090.0,4030.0,4070.0,105907900
2023-05-10,TLKM,4050.0,4130.0,4040.0,4130.0,84306600
2023-05-11,TLKM,4100.0,4120.0,4060.0,4090.0,74171300
2023-05-12,TLKM,4050.0,4050.0,3950.0,3980.0,236777600
2023-05-15,TLKM,3990.0,3990.0,3930.0,3980.0,113329300
2023-05-16,TLKM,4020.0,4020.0,3940.0,3980.0,68777200
2023-05-17,TLKM,3980.0,4020.0,3960.0,3990.0,83183300
2023-05-19,TLKM,3990.0,4060.0,3970.0,4020.0,95986000
2023-05-22,TLKM,4000.0,4080.0,3980.0,4040.0,115578100
2023-05-23,TLKM,4030.0,4080.0,4030.0,4040.0,132751000
2023-05-24,TLKM,4020.0,4200.0,4020.0,4160.0,194127500
2023-05-25,TLKM,4190.0,4220.0,4120.0,4120.0,122121000
2023-05-26,TLKM,4140.0,4160.0,4110.0,4130.0,62211800
2023-05-29,TLKM,4120.0,4200.0,4090.0,4200.0,77540300
2023-05-30,TLKM,4140.0,4190.0,4120.0,4120.0,78924700
2023-05-31,TLKM,4120.0,4160.0,4040.0,4040.0,1155861400
2023-06-05,TLKM,4060.0,4130.0,4020.0,4080.0,189129300
2023-06-06,TLKM,4090.0,4130.0,4050.0,4090.0,95792700
2023-06-07,TLKM,4100.0,4150.0,4080.0,4150.0,127707400
2023-06-08,TLKM,4160.0,4180.0,4120.0,4170.0,78989700
2023-06-09,TLKM,4170.0,4170.0,4140.0,4150.0,83014700
2023-06-12,TLKM,4040.0,4050.0,4010.0,4050.0,94687300
2023-06-13,TLKM,4040.0,4060.0,4030.0,4030.0,69609000
2023-06-14,TLKM,4020.0,4040.0,3990.0,4000.0,110730800
2023-06-15,TLKM,3990.0,4040.0,3980.0,4020.0,85391800
2023-06-16,TLKM,4020.0,4030.0,3960.0,3970.0,160978900
2023-06-19,TLKM,3960.0,3990.0,3950.0,3960.0,54934100
2023-06-20,TLKM,3980.0,3990.0,3950.0,3990.0,55155600
2023-06-21,TLKM,3970.0,3980.0,3950.0,3980.0,60191300
2023-06-22,TLKM,3980.0,3990.0,3940.0,3940.0,56150900
2023-06-23,TLKM,3940.0,3960.0,3940.0,3950.0,41812400
2023-06-26,TLKM,3940.0,3990.0,3940.0,3990.0,36011500
2023-06-27,TLKM,4030.0,4030.0,3990.0,4000.0,64879900
2023-07-03,TLKM,4030.0,4030.0,3970.0,4000.0,75193200
2023-07-04,TLKM,4000.0,4010.0,3970.0,3970.0,33974300
2023-07-05,TLKM,3970.0,3980.0,3950.0,3980.0,43303000
2023-07-06,TLKM,3970.0,3990.0,3960.0,3960.0,68088900
2023-07-07,TLKM,3960.0,3980.0,3950.0,3960.0,50474800
2023-07-10,TLKM,3960.0,3980.0,3940.0,3950.0,65643300
2023-07-11,TLKM,3950.0,3990.0,3950.0,3980.0,89768500
2023-07-12,TLKM,3980.0,4010.0,3970.0,3980.0,73770400
2023-07-13,TLKM,3960.0,3970.0,3910.0,3920.0,83009900
2023-07-14,TLKM,3960.0,3960.0,3920.0,3930.0,64886900
2023-07-17,TLKM,3950.0,3970.0,3910.0,3910.0,81399700
2023-07-18,TLKM,3930.0,3930.0,3820.0,3850.0,135860500
2023-07-20,TLKM,3820.0,3860.0,3810.0,3850.0,88907600
2023-07-21,TLKM,3840.0,3870.0,3840.0,3860.0,53955100
2023-07-24,TLKM,3880.0,3930.0,3870.0,3900.0,80710100
2023-07-25,TLKM,3920.0,3920.0,3880.0,3880.0,66434400
2023-07-26,TLKM,3890.0,3900.0,3830.0,3880.0,86732900
2023-07-27,TLKM,3840.0,3860.0,3720.0,3720.0,235026400
2023-07-28,TLKM,3710.0,3750.0,3690.0,3720.0,181626700
2023-07-31,TLKM,3700.0,3750.0,3670.0,3720.0,153583300
2023-08-01,TLKM,3700.0,3780.0,3700.0,3750.0,97680500
2023-08-02,TLKM,3740.0,3740.0,3680.0,3690.0,121333500
2023-08-03,TLKM,3670.0,3760.0,3670.0,3720.0,82013300
2023-08-04,TLKM,3720.0,3730.0,3690.0,3690.0,67746800
2023-08-07,TLKM,3700.0,3720.0,3680.0,3680.0,94909700
2023-08-08,TLKM,3680.0,3760.0,3680.0,3730.0,116329400
2023-08-09,TLKM,3750.0,3800.0,3740.0,3770.0,129416100
2023-08-10,TLKM,3800.0,3830.0,3800.0,3800.0,140158900
2023-08-11,TLKM,3830.0,3840.0,3790.0,3810.0,109714400
2023-08-14,TLKM,3810.0,3830.0,3760.0,3830.0,86871800
2023-08-15,TLKM,3800.0,3830.0,3800.0,3820.0,80015200
2023-08-16,TLKM,3790.0,3830.0,3750.0,3830.0,81507800
2023-08-18,TLKM,3790.0,3800.0,3760.0,3760.0,108780100
2023-08-21,TLKM,3760.0,3780.0,3720.0,3740.0,64449000
2023-08-22,TLKM,3740.0,3780.0,3730.0,3750.0,98059600
2023-08-23,TLKM,3750.0,3770.0,3730.0,3740.0,84842500
2023-08-24,TLKM,3730.0,3770.0,3720.0,3720.0,82789700
2023-08-25,TLKM,3700.0,3730.0,3700.0,3720.0,42049200
2023-08-28,TLKM,3730.0,3740.0,3700.0,3700.0,37727500
2023-08-29,TLKM,3700.0,3720.0,3700.0,3720.0,53453600
2023-08-30,TLKM,3730.0,3850.0,3720.0,3810.0,130027200
2023-08-31,TLKM,3810.0,3820.0,3700.0,3730.0,227635800
2023-09-01,TLKM,3710.0,3740.0,3710.0,3720.0,82253200
2023-09-04,TLKM,3720.0,3750.0,3710.0,3730.0,55881900
2023-09-05,TLKM,3730.0,3750.0,3710.0,3740.0,62933300
2023-09-06,TLKM,3750.0,3810.0,3740.0,3790.0,98673400
2023-09-07,TLKM,3780.0,3790.0,3730.0,3760.0,63054500
2023-09-08,TLKM,3770.0,3770.0,3670.0,3690.0,143090100
2023-09-11,TLKM,3710.0,3710.0,3680.0,3700.0,76577500
2023-09-12,TLKM,3700.0,3740.0,3700.0,3710.0,72170600
2023-09-13,TLKM,3720.0,3720.0,3670.0,3710.0,82635900
2023-09-14,TLKM,3710.0,3720.0,3680.0,3680.0,55532900
2023-09-15,TLKM,3680.0,3780.0,3670.0,3720.0,147757300
2023-09-18,TLKM,3700.0,3720.0,3680.0,3680.0,40645900
2023-09-19,TLKM,3690.0,3740.0,3690.0,3730.0,38375000
2023-09-20,TLKM,3740.0,3850.0,3740.0,3810.0,171751900
2023-09-21,TLKM,3810.0,3840.0,3790.0,3810.0,94880700
2023-09-22,TLKM,3830.0,3880.0,3810.0,3860.0,101185700
2023-09-25,TLKM,3810.0,3830.0,3770.0,3770.0,125817700
2023-09-26,TLKM,3770.0,3800.0,3750.0,3760.0,74734500
2023-09-27,TLKM,3750.0,3780.0,3720.0,3720.0,83337700
2023-09-29,TLKM,3730.0,3800.0,3730.0,3750.0,66219300
2023-10-02,TLKM,3750.0,3780.0,3730.0,3750.0,71945000
2023-10-03,TLKM,3750.0,3800.0,3740.0,3770.0,61155100
2023-10-04,TLKM,3800.0,3800.0,3740.0,3780.0,77527700
2023-10-05,TLKM,3790.0,3800.0,3720.0,3720.0,81258900
2023-10-06,TLKM,3780.0,3800.0,3770.0,3780.0,60156100
2023-10-09,TLKM,3770.0,3780.0,3750.0,3760.0,37711400
2023-10-10,TLKM,3780.0,3820.0,3770.0,3810.0,51167900
2023-10-11,TLKM,3780.0,3810.0,3780.0,3780.0,83154300
2023-10-12,TLKM,3820.0,3870.0,3800.0,3830.0,101645100
2023-10-13,TLKM,3820.0,3850.0,3810.0,3850.0,48856500
2023-10-16,TLKM,3850.0,3850.0,3740.0,3760.0,117472800
2023-10-17,TLKM,3780.0,3810.0,3770.0,3790.0,57046900
2023-10-18,TLKM,3770.0,3780.0,3730.0,3750.0,64910600
2023-10-19,TLKM,3730.0,3760.0,3720.0,3730.0,62296900
2023-10-20,TLKM,3720.0,3730.0,3690.0,3700.0,38978200
2023-10-23,TLKM,3710.0,3720.0,3610.0,3610.0,69428400
2023-10-24,TLKM,3640.0,3670.0,3600.0,3650.0,67041700
2023-10-25,TLKM,3650.0,3680.0,3580.0,3600.0,89567900
2023-10-26,TLKM,3600.0,3610.0,3460.0,3480.0,141139700
2023-10-27,TLKM,3480.0,3530.0,3440.0,3500.0,99607000
2023-10-30,TLKM,3500.0,3500.0,3390.0,3420.0,82945500
2023-10-31,TLKM,3400.0,3510.0,3400.0,3490.0,66801600
2023-11-01,TLKM,3600.0,3700.0,3600.0,3620.0,154441100
2023-11-02,TLKM,3690.0,3690.0,3620.0,3620.0,69582500
2023-11-03,TLKM,3590.0,3630.0,3540.0,3570.0,85146800
2023-11-06,TLKM,3610.0,3650.0,3600.0,3650.0,66902400
2023-11-07,TLKM,3600.0,3610.0,3550.0,3570.0,103642200
2023-11-08,TLKM,3520.0,3540.0,3500.0,3520.0,103415400
2023-11-09,TLKM,3500.0,3570.0,3500.0,3530.0,96594900
2023-11-10,TLKM,3520.0,3550.0,3490.0,3550.0,48619500
2023-11-13,TLKM,3570.0,3570.0,3510.0,3520.0,37975400
2023-11-14,TLKM,3500.0,3540.0,3500.0,3500.0,45987000
2023-11-15,TLKM,3520.0,3570.0,3520.0,3550.0,114104500
2023-11-16,TLKM,3550.0,3550.0,3510.0,3540.0,41789400
2023-11-17,TLKM,3530.0,3550.0,3480.0,3550.0,55585600
2023-11-20,TLKM,3560.0,3600.0,3540.0,3590.0,39932700
2023-11-21,TLKM,3590.0,3620.0,3580.0,3620.0,68255800
2023-11-22,TLKM,3610.0,3630.0,3590.0,3610.0,34555300
2023-11-23,TLKM,3610.0,3630.0,3590.0,3600.0,57385100
2023-11-24,TLKM,3600.0,3620.0,3570.0,3620.0,34583700
2023-11-27,TLKM,3640.0,3730.0,3640.0,3680.0,73888700
2023-11-28,TLKM,3680.0,3800.0,3680.0,3770.0,106829100
2023-11-29,TLKM,3750.0,3770.0,3700.0,3720.0,56467400
2023-11-30,TLKM,3750.0,3820.0,3740.0,3760.0,258522400
2023-12-01,TLKM,3790.0,3840.0,3790.0,3830.0,81037200
2023-12-04,TLKM,3840.0,3860.0,3780.0,3810.0,118483900
2023-12-05,TLKM,3830.0,3850.0,3800.0,3850.0,74608900
2023-12-06,TLKM,3900.0,3950.0,3870.0,3920.0,149345100
2023-12-07,TLKM,3950.0,3950.0,3880.0,3910.0,91076200
2023-12-08,TLKM,3940.0,3940.0,3900.0,3940.0,61476300
2023-12-11,TLKM,3870.0,3980.0,3850.0,3980.0,99365500
2023-12-12,TLKM,3940.0,3950.0,3890.0,3910.0,58707700
2023-12-13,TLKM,3870.0,3920.0,3870.0,3920.0,54386800
2023-12-14,TLKM,3880.0,3960.0,3880.0,3940.0,70705300
2023-12-15,TLKM,3940.0,3980.0,3900.0,3980.0,109064200
2023-12-18,TLKM,3940.0,3970.0,3930.0,3970.0,60940400
2023-12-19,TLKM,3950.0,3970.0,3940.0,3970.0,32984500
2023-12-20,TLKM,3960.0,3990.0,3960.0,3960.0,59574800
2023-12-21,TLKM,3960.0,3970.0,3930.0,3950.0,48242100
2023-12-22,TLKM,3980.0,3980.0,3950.0,3960.0,28222700
2023-12-27,TLKM,3990.0,4000.0,3920.0,3940.0,73157200
2023-12-28,TLKM,3960.0,3970.0,3940.0,3960.0,34024400
2023-12-29,TLKM,3960.0,3980.0,3940.0,3950.0,27497600
2024-01-02,TLKM,3950.0,3990.0,3940.0,3990.0,23774100
2024-01-03,TLKM,3990.0,3990.0,3950.0,3960.0,22018500
2024-01-04,TLKM,3980.0,3990.0,3960.0,3970.0,33922400
2024-01-05,TLKM,3950.0,3970.0,3880.0,3890.0,69268000
2024-01-08,TLKM,3890.0,3920.0,3860.0,3890.0,61064100
2024-01-09,TLKM,3930.0,3980.0,3920.0,3960.0,64015400
2024-01-10,TLKM,4000.0,4030.0,3980.0,4000.0,99083600
2024-01-11,TLKM,4040.0,4040.0,3990.0,3990.0,36333300
2024-01-12,TLKM,3970.0,4010.0,3970.0,4010.0,53685600
2024-01-15,TLKM,4040.0,4040.0,3980.0,4000.0,38339500
2024-01-16,TLKM,4020.0,4030.0,3980.0,4010.0,44782300
2024-01-17,TLKM,4000.0,4010.0,3970.0,3990.0,62728400
2024-01-18,TLKM,3990.0,4010.0,3930.0,3950.0,73029300
2024-01-19,TLKM,3950.0,3960.0,3890.0,3940.0,67016100
2024-01-22,TLKM,3980.0,4010.0,3960.0,3980.0,50643700
2024-01-23,TLKM,4000.0,4010.0,3910.0,3950.0,72595400
2024-01-24,TLKM,3950.0,3980.0,3930.0,3970.0,38732000
2024-01-25,TLKM,3980.0,4000.0,3960.0,3980.0,58541300
2024-01-26,TLKM,3940.0,3990.0,3930.0,3980.0,65272600
2024-01-29,TLKM,4000.0,4010.0,3970.0,4010.0,59150000
2024-01-30,TLKM,4000.0,4020.0,3980.0,4000.0,66906900
2024-01-31,TLKM,4000.0,4020.0,3960.0,3960.0,100403700
2024-02-01,TLKM,3970.0,4050.0,3970.0,4040.0,105414400
2024-02-02,TLKM,4030.0,4030.0,3930.0,3990.0,96180000
2024-02-05,TLKM,4010.0,4010.0,3970.0,3980.0,57789500
2024-02-06,TLKM,3970.0,4000.0,3970.0,3980.0,65167500
2024-02-07,TLKM,4010.0,4020.0,3980.0,3980.0,53084600
2024-02-12,TLKM,4000.0,4020.0,3970.0,4000.0,85763200
2024-02-13,TLKM,4010.0,4010.0,3980.0,3980.0,52020300
2024-02-15,TLKM,4040.0,4080.0,3980.0,4030.0,129347900
2024-02-16,TLKM,4050.0,4160.0,4050.0,4160.0,244064200
2024-02-19,TLKM,4130.0,4170.0,4130.0,4160.0,82867500
2024-02-20,TLKM,4200.0,4210.0,4160.0,4210.0,267636700
2024-02-21,TLKM,4190.0,4240.0,4070.0,4180.0,152787100
2024-02-22,TLKM,4130.0,4150.0,4070.0,4090.0,93555100
2024-02-23,TLKM,4070.0,4100.0,4040.0,4100.0,87665800
2024-02-26,TLKM,4060.0,4100.0,4050.0,4090.0,55761700
2024-02-27,TLKM,4050.0,4060.0,3990.0,3990.0,119637000
2024-02-28,TLKM,3980.0,4020.0,3950.0,3990.0,77255300
2024-02-29,TLKM,4020.0,4040.0,3950.0,4000.0,157431900
2024-03-01,TLKM,3950.0,3990.0,3860.0,3920.0,139582000
2024-03-04,TLKM,3960.0,3960.0,3900.0,3940.0,81580800
2024-03-05,TLKM,3880.0,3900.0,3860.0,3870.0,100671500
2024-03-06,TLKM,3870.0,3920.0,3860.0,3900.0,83251500
2024-03-07,TLKM,3900.0,3930.0,3900.0,3900.0,86888100
2024-03-08,TLKM,3900.0,3910.0,3840.0,3860.0,101556500
2024-03-13,TLKM,3910.0,3910.0,3890.0,3900.0,106191400
2024-03-14,TLKM,3930.0,3980.0,3920.0,3960.0,122570700
2024-03-15,TLKM,4000.0,4000.0,3900.0,3970.0,184885900
2024-03-18,TLKM,3960.0,3970.0,3920.0,3920.0,57508300
2024-03-19,TLKM,3980.0,3980.0,3940.0,3940.0,51629700
2024-03-20,TLKM,3910.0,3940.0,3910.0,3930.0,84777400
2024-03-21,TLKM,3930.0,3960.0,3890.0,3890.0,81520900
2024-03-22,TLKM,3900.0,3920.0,3890.0,3900.0,44501700
2024-03-25,TLKM,3890.0,3890.0,3700.0,3730.0,313394400
2024-03-26,TLKM,3680.0,3680.0,3610.0,3620.0,354086400
2024-03-27,TLKM,3610.0,3630.0,3490.0,3490.0,496202800
2024-03-28,TLKM,3470.0,3520.0,3430.0,3470.0,258985200
2024-04-01,TLKM,3480.0,3520.0,3420.0,3510.0,248116300
2024-04-02,TLKM,3460.0,3500.0,3410.0,3490.0,233017700
2024-04-03,TLKM,3450.0,3490.0,3420.0,3420.0,150265700
2024-04-04,TLKM,3410.0,3460.0,3410.0,3450.0,205184000
2024-04-05,TLKM,3440.0,3450.0,3420.0,3430.0,116051700
2024-04-16,TLKM,3260.0,3280.0,3150.0,3220.0,490658200
2024-04-17,TLKM,3220.0,3240.0,3200.0,3200.0,187876400
2024-04-18,TLKM,3190.0,3310.0,3110.0,3250.0,337490100
2024-04-19,TLKM,3230.0,3230.0,3130.0,3150.0,149997000
2024-04-22,TLKM,3150.0,3200.0,3130.0,3170.0,140971800
2024-04-23,TLKM,3180.0,3190.0,3080.0,3100.0,312052300
2024-04-24,TLKM,3100.0,3110.0,3040.0,3040.0,327330800
2024-04-25,TLKM,3010.0,3060.0,2990.0,3040.0,369525200
2024-04-26,TLKM,2980.0,3060.0,2960.0,3030.0,442527900
2024-04-29,TLKM,3030.0,3090.0,3010.0,3080.0,172773600
2024-04-30,TLKM,3120.0,3200.0,3110.0,3170.0,273121800
2024-05-02,TLKM,3170.0,3200.0,3120.0,3120.0,157637100
2024-05-03,TLKM,3180.0,3180.0,3120.0,3160.0,127945300
2024-05-06,TLKM,3180.0,3200.0,3040.0,3050.0,221330900
2024-05-07,TLKM,3070.0,3110.0,3060.0,3090.0,124914600
2024-05-08,TLKM,3130.0,3150.0,3050.0,3080.0,120622600
2024-05-13,TLKM,3070.0,3100.0,3040.0,3090.0,133048300
2024-05-14,TLKM,3100.0,3120.0,3080.0,3120.0,104126800
2024-05-15,TLKM,3120.0,3130.0,3070.0,3100.0,149143600
2024-05-16,TLKM,2960.0,3050.0,2960.0,3010.0,196239200
2024-05-17,TLKM,3050.0,3050.0,2980.0,2990.0,120345300
2024-05-20,TLKM,2950.0,3000.0,2950.0,2990.0,215877500
2024-05-21,TLKM,2990.0,2990.0,2920.0,2950.0,138864400
2024-05-22,TLKM,2980.0,2980.0,2910.0,2940.0,145109200
2024-05-27,TLKM,2900.0,2920.0,2780.0,2810.0,246979600
2024-05-28,TLKM,2810.0,2880.0,2810.0,2860.0,113093300
2024-05-29,TLKM,2850.0,2860.0,2810.0,2810.0,148952900
2024-05-30,TLKM,2810.0,2870.0,2720.0,2810.0,253471800
2024-05-31,TLKM,2840.0,2920.0,2810.0,2900.0,411324600
2024-06-03,TLKM,2930.0,2970.0,2900.0,2930.0,124570400
2024-06-04,TLKM,2980.0,3060.0,2940.0,3000.0,130203100
2024-06-05,TLKM,3000.0,3080.0,3000.0,3060.0,141157300
2024-06-06,TLKM,3100.0,3100.0,3030.0,3050.0,107996900
2024-06-07,TLKM,3050.0,3090.0,3050.0,3050.0,67191100
2024-06-10,TLKM,3050.0,3050.0,2980.0,3010.0,66983900
2024-06-11,TLKM,2960.0,2980.0,2880.0,2880.0,172688100
2024-06-12,TLKM,2890.0,2970.0,2890.0,2920.0,91584500
2024-06-13,TLKM,2940.0,2940.0,2830.0,2840.0,95740000
2024-06-14,TLKM,2820.0,2830.0,2700.0,2720.0,202750500
2024-06-19,TLKM,2780.0,2850.0,2760.0,2830.0,128843500
2024-06-20,TLKM,2850.0,2850.0,2800.0,2840.0,55434800
2024-06-21,TLKM,2850.0,2960.0,2840.0,2950.0,184918000
2024-06-24,TLKM,2930.0,2980.0,2910.0,2950.0,111618800
2024-06-25,TLKM,2950.0,2990.0,2930.0,2990.0,89913400
2024-06-26,TLKM,2990.0,3020.0,2980.0,3000.0,73994000
2024-06-27,TLKM,3030.0,3030.0,2990.0,3030.0,70154600
2024-06-28,TLKM,3030.0,3140.0,3030.0,3130.0,213539300
2024-07-01,TLKM,3130.0,3130.0,3080.0,3090.0,134082800
2024-07-02,TLKM,3070.0,3090.0,3030.0,3040.0,79024200
2024-07-03,TLKM,3040.0,3050.0,3020.0,3030.0,51977100
2024-07-04,TLKM,3000.0,3050.0,2960.0,2960.0,93100500
2024-07-05,TLKM,2970.0,3020.0,2960.0,3020.0,69339200
2024-07-08,TLKM,3040.0,3090.0,3000.0,3080.0,125004600
2024-07-09,TLKM,3050.0,3120.0,3040.0,3080.0,118245600
2024-07-10,TLKM,3090.0,3180.0,3090.0,3160.0,120007400
2024-07-11,TLKM,3200.0,3200.0,3160.0,3180.0,126490000
2024-07-12,TLKM,3230.0,3270.0,3210.0,3220.0,135830300
2024-07-15,TLKM,3220.0,3220.0,3130.0,3160.0,100918500
2024-07-16,TLKM,3180.0,3180.0,3090.0,3100.0,78769700
2024-07-17,TLKM,3190.0,3270.0,3160.0,3250.0,167149300
2024-07-18,TLKM,3260.0,3280.0,3190.0,3210.0,98903500
2024-07-19,TLKM,3200.0,3210.0,3120.0,3140.0,138117200
2024-07-22,TLKM,3180.0,3210.0,3090.0,3100.0,139383000
2024-07-23,TLKM,3140.0,3160.0,3100.0,3160.0,74338000
2024-07-24,TLKM,3140.0,3150.0,3040.0,3060.0,98752100
2024-07-25,TLKM,3080.0,3090.0,3030.0,3090.0,67060000
2024-07-26,TLKM,3110.0,3110.0,3060.0,3100.0,94900300
2024-07-29,TLKM,3090.0,3120.0,3040.0,3050.0,90885600
2024-07-30,TLKM,3000.0,3000.0,2880.0,2880.0,321472800
2024-07-31,TLKM,2880.0,2920.0,2840.0,2880.0,207440800
2024-08-01,TLKM,2890.0,2930.0,2880.0,2880.0,121021800
2024-08-02,TLKM,2880.0,2880.0,2820.0,2850.0,105816800
2024-08-05,TLKM,2820.0,2830.0,2760.0,2790.0,105246400
2024-08-06,TLKM,2800.0,2840.0,2790.0,2790.0,98524200
2024-08-07,TLKM,2800.0,2840.0,2790.0,2820.0,77263000
2024-08-08,TLKM,2800.0,2880.0,2800.0,2850.0,99533000
2024-08-09,TLKM,2860.0,2880.0,2830.0,2830.0,80800300
2024-08-12,TLKM,2850.0,2910.0,2840.0,2870.0,62746600
2024-08-13,TLKM,2900.0,2900.0,2840.0,2850.0,82063600
2024-08-14,TLKM,2850.0,2890.0,2850.0,2860.0,70188800
2024-08-15,TLKM,2870.0,2880.0,2820.0,2870.0,79724100
2024-08-16,TLKM,2910.0,2990.0,2900.0,2960.0,207060000
2024-08-19,TLKM,2960.0,2970.0,2910.0,2930.0,68692700
2024-08-20,TLKM,2990.0,3000.0,2960.0,2980.0,100434600
2024-08-21,TLKM,2980.0,3010.0,2960.0,2970.0,111842200
2024-08-22,TLKM,2940.0,2970.0,2920.0,2920.0,90336300
2024-08-23,TLKM,2970.0,3010.0,2950.0,2950.0,86092500
2024-08-26,TLKM,2940.0,2990.0,2930.0,2980.0,88941900
2024-08-27,TLKM,2990.0,3000.0,2950.0,2990.0,71223800
2024-08-28,TLKM,3000.0,3000.0,2960.0,2980.0,68736300
2024-08-29,TLKM,2980.0,3080.0,2980.0,3030.0,160714800
2024-08-30,TLKM,3030.0,3070.0,3010.0,3060.0,195809000
2024-09-02,TLKM,3090.0,3150.0,3080.0,3140.0,118928500
2024-09-03,TLKM,3140.0,3150.0,3080.0,3080.0,82172000
2024-09-04,TLKM,3060.0,3100.0,3040.0,3080.0,81041700
2024-09-05,TLKM,3080.0,3090.0,3020.0,3020.0,78989400
2024-09-06,TLKM,3010.0,3050.0,3010.0,3040.0,82391200
2024-09-09,TLKM,3050.0,3080.0,3000.0,3030.0,69264400
2024-09-10,TLKM,3060.0,3060.0,3020.0,3030.0,46436100
2024-09-11,TLKM,3030.0,3050.0,3020.0,3040.0,62899600
2024-09-12,TLKM,3060.0,3070.0,3050.0,3050.0,85785000
2024-09-13,TLKM,3080.0,3120.0,3070.0,3110.0,125032200
2024-09-17,TLKM,3120.0,3130.0,3080.0,3090.0,56181000
2024-09-18,TLKM,3120.0,3130.0,3100.0,3120.0,87120700
2024-09-19,TLKM,3140.0,3150.0,3120.0,3140.0,130418300
2024-09-20,TLKM,3150.0,3170.0,3120.0,3150.0,152477400
2024-09-23,TLKM,3150.0,3180.0,3130.0,3170.0,82274400
2024-09-24,TLKM,3180.0,3180.0,3150.0,3160.0,92256900
2024-09-25,TLKM,3100.0,3190.0,3060.0,3190.0,215241700
2024-09-26,TLKM,3170.0,3180.0,3120.0,3170.0,120042500
2024-09-27,TLKM,3130.0,3140.0,3010.0,3050.0,291217300
2024-09-30,TLKM,3030.0,3030.0,2990.0,2990.0,150844800
2024-10-01,TLKM,2990.0,3040.0,2990.0,3020.0,77208500
2024-10-02,TLKM,2950.0,2980.0,2920.0,2920.0,124629400
2024-10-03,TLKM,2950.0,2950.0,2890.0,2890.0,92510900
2024-10-04,TLKM,2900.0,2930.0,2860.0,2880.0,76757200
2024-10-07,TLKM,2910.0,2910.0,2870.0,2900.0,84507100
2024-10-08,TLKM,2890.0,2990.0,2870.0,2990.0,135357200
2024-10-09,TLKM,2980.0,3010.0,2960.0,2960.0,69435900
2024-10-10,TLKM,2960.0,2980.0,2940.0,2950.0,57867000
2024-10-11,TLKM,3000.0,3000.0,2920.0,2940.0,40454300
2024-10-14,TLKM,2930.0,2970.0,2900.0,2900.0,66631500
2024-10-15,TLKM,2920.0,2970.0,2910.0,2940.0,74529600
2024-10-16,TLKM,2970.0,3000.0,2930.0,3000.0,163988000
2024-10-17,TLKM,3000.0,3060.0,2980.0,3040.0,107040100
2024-10-18,TLKM,3050.0,3130.0,3040.0,3100.0,138783600
2024-10-21,TLKM,3100.0,3130.0,3060.0,3100.0,92240300
2024-10-22,TLKM,3060.0,3070.0,3010.0,3010.0,93662500
2024-10-23,TLKM,2940.0,2980.0,2930.0,2940.0,99423700
2024-10-24,TLKM,2940.0,2960.0,2900.0,2900.0,72559000
2024-10-25,TLKM,2900.0,2950.0,2900.0,2910.0,50694200
2024-10-28,TLKM,2920.0,2940.0,2900.0,2920.0,38720700
2024-10-29,TLKM,2910.0,2930.0,2880.0,2900.0,67727500
2024-10-30,TLKM,2880.0,2900.0,2850.0,2900.0,123573100
2024-10-31,TLKM,2860.0,2870.0,2820.0,2820.0,139590300
2024-11-01,TLKM,2820.0,2840.0,2760.0,2780.0,99364500
2024-11-04,TLKM,2780.0,2810.0,2750.0,2800.0,63112300
2024-11-05,TLKM,2800.0,2810.0,2730.0,2770.0,96721100
2024-11-06,TLKM,2780.0,2800.0,2740.0,2740.0,66808900
2024-11-07,TLKM,2760.0,2790.0,2740.0,2760.0,79485800
2024-11-08,TLKM,2760.0,2780.0,2750.0,2750.0,66113200
2024-11-11,TLKM,2720.0,2730.0,2650.0,2690.0,108153500
2024-11-12,TLKM,2660.0,2670.0,2600.0,2600.0,215910600
2024-11-13,TLKM,2610.0,2630.0,2570.0,2580.0,142812600
2024-11-14,TLKM,2550.0,2590.0,2530.0,2530.0,185269500
2024-11-15,TLKM,2500.0,2580.0,2500.0,2540.0,103680400
2024-11-18,TLKM,2540.0,2610.0,2520.0,2590.0,119481300
2024-11-19,TLKM,2610.0,2850.0,2590.0,2780.0,275670300
2024-11-20,TLKM,2740.0,2750.0,2640.0,2680.0,150242900
2024-11-21,TLKM,2680.0,2810.0,2680.0,2770.0,128294600
2024-11-22,TLKM,2750.0,2790.0,2720.0,2750.0,135265300
2024-11-25,TLKM,2740.0,2780.0,2720.0,2740.0,358617100
2024-11-26,TLKM,2770.0,2800.0,2680.0,2710.0,106721000
2024-11-28,TLKM,2680.0,2750.0,2680.0,2720.0,102808400
2024-11-29,TLKM,2700.0,2760.0,2700.0,2710.0,103162000
2024-12-02,TLKM,2720.0,2730.0,2680.0,2680.0,66025900
2024-12-03,TLKM,2760.0,2830.0,2710.0,2820.0,167603900
2024-12-04,TLKM,2820.0,2850.0,2800.0,2840.0,83412800
2024-12-05,TLKM,2840.0,2840.0,2730.0,2770.0,96025400
2024-12-06,TLKM,2740.0,2780.0,2740.0,2760.0,48179800
2024-12-09,TLKM,2760.0,2770.0,2730.0,2740.0,63671900
2024-12-10,TLKM,2770.0,2830.0,2750.0,2770.0,124138200
2024-12-11,TLKM,2770.0,2880.0,2770.0,2860.0,140611400
2024-12-12,TLKM,2830.0,2850.0,2780.0,2820.0,66977700
2024-12-13,TLKM,2770.0,2790.0,2750.0,2790.0,77540100
2024-12-16,TLKM,2760.0,2760.0,2650.0,2660.0,147655600
2024-12-17,TLKM,2630.0,2650.0,2600.0,2620.0,113785500
2024-12-18,TLKM,2620.0,2660.0,2570.0,2570.0,79565300
2024-12-19,TLKM,2510.0,2560.0,2500.0,2530.0,123504200
2024-12-20,TLKM,2530.0,2570.0,2520.0,2550.0,110308800
2024-12-23,TLKM,2580.0,2670.0,2580.0,2650.0,72113700
2024-12-24,TLKM,2680.0,2750.0,2620.0,2740.0,117582400
2024-12-27,TLKM,2770.0,2800.0,2710.0,2750.0,92727600
2024-12-30,TLKM,2720.0,2760.0,2700.0,2710.0,74279200
2025-01-02,TLKM,2710.0,2740.0,2680.0,2700.0,38776700
2025-01-03,TLKM,2740.0,2770.0,2730.0,2750.0,49907500
2025-01-06,TLKM,2760.0,2770.0,2660.0,2690.0,54087800
2025-01-07,TLKM,2670.0,2680.0,2570.0,2570.0,109758000
2025-01-08,TLKM,2590.0,2700.0,2590.0,2650.0,100688500
2025-01-09,TLKM,2690.0,2700.0,2620.0,2620.0,55206700
2025-01-10,TLKM,2640.0,2690.0,2630.0,2680.0,54496800
2025-01-13,TLKM,2670.0,2740.0,2650.0,2670.0,90816500
2025-01-14,TLKM,2670.0,2690.0,2610.0,2620.0,53116800
2025-01-15,TLKM,2640.0,2670.0,2620.0,2630.0,52867900
2025-01-16,TLKM,2660.0,2660.0,2590.0,2590.0,118890200
2025-01-17,TLKM,2630.0,2680.0,2610.0,2660.0,107245400
2025-01-20,TLKM,2670.0,2690.0,2610.0,2610.0,49752300
2025-01-21,TLKM,2630.0,2660.0,2600.0,2630.0,86549000
2025-01-22,TLKM,2680.0,2750.0,2650.0,2730.0,128617700
2025-01-23,TLKM,2730.0,2750.0,2710.0,2710.0,63216100
2025-01-24,TLKM,2740.0,2750.0,2690.0,2690.0,49844700
2025-01-30,TLKM,2690.0,2710.0,2610.0,2640.0,89736900
2025-01-31,TLKM,2660.0,2710.0,2660.0,2660.0,83736900
2025-02-03,TLKM,2620.0,2630.0,2560.0,2630.0,91801900
2025-02-04,TLKM,2640.0,2660.0,2590.0,2640.0,95311100
2025-02-05,TLKM,2600.0,2640.0,2590.0,2620.0,110400300
2025-02-06,TLKM,2630.0,2630.0,2520.0,2560.0,90471900
2025-02-07,TLKM,2550.0,2590.0,2510.0,2590.0,105020200
2025-02-10,TLKM,2520.0,2550.0,2440.0,2440.0,153328500
2025-02-11,TLKM,2430.0,2450.0,2300.0,2320.0,254907800
2025-02-12,TLKM,2360.0,2480.0,2350.0,2480.0,173407600
2025-02-13,TLKM,2370.0,2420.0,2310.0,2420.0,219425500
2025-02-14,TLKM,2460.0,2530.0,2440.0,2530.0,156474300
2025-02-17,TLKM,2570.0,2650.0,2530.0,2650.0,113998200
2025-02-18,TLKM,2660.0,2710.0,2630.0,2680.0,115881200
2025-02-19,TLKM,2680.0,2690.0,2600.0,2670.0,119388200
2025-02-20,TLKM,2650.0,2680.0,2620.0,2670.0,90411700
2025-02-21,TLKM,2670.0,2680.0,2630.0,2650.0,75110600
2025-02-24,TLKM,2630.0,2640.0,2570.0,2600.0,42327600
2025-02-25,TLKM,2560.0,2580.0,2460.0,2460.0,111687700
2025-02-26,TLKM,2500.0,2520.0,2460.0,2520.0,65752000
2025-02-27,TLKM,2520.0,2560.0,2430.0,2490.0,88741400
2025-02-28,TLKM,2470.0,2470.0,2350.0,2350.0,249795300
2025-03-03,TLKM,2400.0,2420.0,2370.0,2400.0,178833400
2025-03-04,TLKM,2400.0,2440.0,2350.0,2380.0,131347800
2025-03-05,TLKM,2420.0,2470.0,2410.0,2450.0,167407400
2025-03-06,TLKM,2490.0,2510.0,2400.0,2400.0,131136100
2025-03-07,TLKM,2430.0,2470.0,2350.0,2410.0,182407000
2025-03-10,TLKM,2430.0,2430.0,2370.0,2390.0,88949400
2025-03-11,TLKM,2380.0,2390.0,2350.0,2370.0,102235600
2025-03-12,TLKM,2410.0,2490.0,2400.0,2450.0,98938700
2025-03-13,TLKM,2470.0,2490.0,2420.0,2430.0,66706500
2025-03-14,TLKM,2450.0,2480.0,2410.0,2420.0,107627100
2025-03-17,TLKM,2420.0,2450.0,2410.0,2420.0,58129400
2025-03-18,TLKM,2450.0,2470.0,2300.0,2420.0,139758600
2025-03-19,TLKM,2420.0,2440.0,2380.0,2430.0,96825800
2025-03-20,TLKM,2440.0,2440.0,2350.0,2390.0,94823100
2025-03-21,TLKM,2370.0,2380.0,2300.0,2310.0,204534000
2025-03-24,TLKM,2320.0,2360.0,2240.0,2330.0,105865000
2025-03-25,TLKM,2340.0,2360.0,2300.0,2340.0,107964200
2025-03-26,TLKM,2360.0,2460.0,2350.0,2440.0,215856700
2025-03-27,TLKM,2430.0,2430.0,2390.0,2410.0,120411200
2025-04-08,TLKM,2050.0,2300.0,2050.0,2290.0,409973200
2025-04-09,TLKM,2440.0,2440.0,2300.0,2320.0,120363300
2025-04-10,TLKM,2450.0,2470.0,2320.0,2350.0,139327100
2025-04-11,TLKM,2320.0,2350.0,2300.0,2330.0,60214100
2025-04-14,TLKM,2320.0,2430.0,2310.0,2430.0,116968600
2025-04-15,TLKM,2460.0,2470.0,2420.0,2450.0,99064500
2025-04-16,TLKM,2490.0,2510.0,2450.0,2480.0,121853000
2025-04-17,TLKM,2500.0,2660.0,2490.0,2550.0,195577900
2025-04-21,TLKM,2600.0,2610.0,2510.0,2570.0,84209300
2025-04-22,TLKM,2570.0,2570.0,2520.0,2550.0,44958000
2025-04-23,TLKM,2580.0,2640.0,2570.0,2630.0,128704200
2025-04-24,TLKM,2630.0,2650.0,2600.0,2630.0,75733400
2025-04-25,TLKM,2630.0,2650.0,2570.0,2600.0,93439600
2025-04-28,TLKM,2600.0,2610.0,2560.0,2560.0,51086400
2025-04-29,TLKM,2570.0,2600.0,2560.0,2590.0,56546100
2025-04-30,TLKM,2600.0,2640.0,2600.0,2640.0,96333300
2025-05-02,TLKM,2640.0,2720.0,2620.0,2680.0,132357600
2025-05-05,TLKM,2710.0,2710.0,2670.0,2700.0,85592500
2025-05-06,TLKM,2720.0,2730.0,2680.0,2680.0,76948300
2025-05-07,TLKM,2680.0,2690.0,2620.0,2620.0,100293700
2025-05-08,TLKM,2630.0,2640.0,2570.0,2570.0,122965300
2025-05-09,TLKM,2570.0,2630.0,2570.0,2600.0,59433500
2025-05-14,TLKM,2530.0,2620.0,2530.0,2590.0,132760900
2025-05-15,TLKM,2580.0,2690.0,2580.0,2660.0,120039700
2025-05-16,TLKM,2710.0,2750.0,2680.0,2740.0,101569600
2025-05-19,TLKM,2760.0,2860.0,2740.0,2820.0,164194700
2025-05-20,TLKM,2830.0,2840.0,2740.0,2740.0,129805200
2025-05-21,TLKM,2710.0,2780.0,2690.0,2750.0,120242100
2025-05-22,TLKM,2750.0,2850.0,2750.0,2800.0,131277300
2025-05-23,TLKM,2710.0,2720.0,2690.0,2690.0,141199500
2025-05-26,TLKM,2720.0,2820.0,2700.0,2800.0,186806300
2025-05-27,TLKM,2840.0,2880.0,2790.0,2830.0,279180500
2025-05-28,TLKM,2860.0,2870.0,2800.0,2820.0,531309500
2025-06-02,TLKM,2780.0,2820.0,2750.0,2780.0,211393400
2025-06-03,TLKM,2780.0,2830.0,2730.0,2800.0,142896600
2025-06-04,TLKM,2810.0,2860.0,2810.0,2820.0,125006700
2025-06-05,TLKM,2850.0,2850.0,2820.0,2840.0,95008500
2025-06-10,TLKM,2920.0,2920.0,2880.0,2910.0,213564000
2025-06-11,TLKM,2750.0,2810.0,2730.0,2800.0,200609800
2025-06-12,TLKM,2830.0,2830.0,2750.0,2780.0,97099100
2025-06-13,TLKM,2770.0,2770.0,2720.0,2740.0,81111300
2025-06-16,TLKM,2740.0,2770.0,2730.0,2740.0,46641000
2025-06-17,TLKM,2800.0,2800.0,2760.0,2760.0,59643500
2025-06-18,TLKM,2770.0,2800.0,2760.0,2770.0,70757600
2025-06-19,TLKM,2740.0,2780.0,2630.0,2690.0,98911200
2025-06-20,TLKM,2700.0,2710.0,2640.0,2640.0,243027500
2025-06-23,TLKM,2610.0,2610.0,2560.0,2580.0,73554200
2025-06-24,TLKM,2600.0,2670.0,2580.0,2590.0,107300200
2025-06-25,TLKM,2650.0,2650.0,2560.0,2620.0,79958900
2025-06-26,TLKM,2620.0,2710.0,2590.0,2710.0,132868200
2025-06-30,TLKM,2780.0,2790.0,2730.0,2780.0,124299500
2025-07-01,TLKM,2800.0,2810.0,2760.0,2810.0,73006700
2025-07-02,TLKM,2820.0,2820.0,2730.0,2780.0,92321600
2025-07-03,TLKM,2780.0,2810.0,2690.0,2710.0,69094400
2025-07-04,TLKM,2710.0,2720.0,2620.0,2630.0,53587300
2025-07-07,TLKM,2630.0,2700.0,2610.0,2700.0,33446600
2025-07-08,TLKM,2680.0,2700.0,2640.0,2650.0,45926000
2025-07-09,TLKM,2650.0,2680.0,2640.0,2670.0,44897100
2025-07-10,TLKM,2690.0,2710.0,2650.0,2690.0,41108700
2025-07-11,TLKM,2710.0,2730.0,2690.0,2730.0,47851300
2025-07-14,TLKM,2700.0,2710.0,2640.0,2690.0,60458400
2025-07-15,TLKM,2690.0,2690.0,2640.0,2640.0,35309100
2025-07-16,TLKM,2660.0,2680.0,2650.0,2650.0,43385900
2025-07-17,TLKM,2700.0,2770.0,2660.0,2770.0,102642100
2025-07-18,TLKM,2800.0,2800.0,2750.0,2770.0,83762800
2025-07-21,TLKM,2800.0,2800.0,2750.0,2800.0,52553200
2025-07-22,TLKM,2800.0,2850.0,2800.0,2850.0,108243300
2025-07-23,TLKM,2870.0,2870.0,2840.0,2850.0,86077600
2025-07-24,TLKM,2860.0,2870.0,2800.0,2840.0,74224200
2025-07-25,TLKM,2810.0,2830.0,2780.0,2820.0,41296200
2025-07-28,TLKM,2870.0,2870.0,2830.0,2860.0,40193800
2025-07-29,TLKM,2870.0,2880.0,2840.0,2880.0,46357400
2025-07-30,TLKM,2890.0,2890.0,2850.0,2880.0,99062400
2025-07-31,TLKM,2890.0,2930.0,2860.0,2880.0,201065700
2025-08-01,TLKM,2960.0,2990.0,2910.0,2980.0,130977000
2025-08-04,TLKM,3000.0,3030.0,2990.0,3030.0,96385300
2025-08-05,TLKM,3050.0,3050.0,2990.0,3030.0,99396900
2025-08-06,TLKM,3000.0,3010.0,2960.0,2990.0,86215200
2025-08-07,TLKM,2990.0,2990.0,2930.0,2950.0,46506200
2025-08-08,TLKM,2950.0,2960.0,2930.0,2940.0,46945800
2025-08-11,TLKM,2990.0,3010.0,2970.0,2990.0,74978300
2025-08-12,TLKM,3050.0,3200.0,3010.0,3180.0,217607800
2025-08-13,TLKM,3220.0,3420.0,3210.0,3360.0,465722400
2025-08-14,TLKM,3370.0,3490.0,3370.0,3420.0,232557200
2025-08-15,TLKM,3360.0,3410.0,3310.0,3310.0,182893900
2025-08-19,TLKM,3260.0,3330.0,3240.0,3250.0,164921000
2025-08-20,TLKM,3220.0,3290.0,3220.0,3220.0,80084600
2025-08-21,TLKM,3210.0,3270.0,3210.0,3250.0,63861900
2025-08-22,TLKM,3270.0,3290.0,3220.0,3240.0,61351700
2025-08-25,TLKM,3280.0,3350.0,3250.0,3310.0,93221500
2025-08-26,TLKM,3310.0,3320.0,3230.0,3260.0,227364800
2025-08-27,TLKM,3200.0,3250.0,3100.0,3170.0,118158900
2025-08-28,TLKM,3160.0,3220.0,3150.0,3180.0,55940600
2025-08-29,TLKM,3180.0,3210.0,3100.0,3130.0,72585500
2025-09-01,TLKM,3080.0,3110.0,2960.0,3110.0,130027900
2025-09-02,TLKM,3120.0,3140.0,3050.0,3070.0,64402900
2025-09-03,TLKM,3080.0,3170.0,3070.0,3110.0,113875700
2025-09-04,TLKM,3090.0,3170.0,3090.0,3150.0,37223800
2025-09-08,TLKM,3300.0,3300.0,3090.0,3090.0,93725000
2025-09-09,TLKM,3100.0,3130.0,3000.0,3050.0,104463400
2025-09-10,TLKM,3070.0,3180.0,3050.0,3150.0,49840200
2025-09-11,TLKM,3180.0,3190.0,3070.0,3080.0,71919900
2025-09-12,TLKM,3090.0,3110.0,3050.0,3100.0,61521400
2025-09-15,TLKM,3150.0,3260.0,3130.0,3260.0,115361300
2025-09-16,TLKM,3300.0,3300.0,3260.0,3300.0,80642900
2025-09-17,TLKM,3300.0,3340.0,3210.0,3340.0,73539700
2025-09-18,TLKM,3400.0,3400.0,3230.0,3250.0,99501600
2025-09-19,TLKM,3210.0,3300.0,3160.0,3230.0,113834400
2025-09-22,TLKM,3300.0,3300.0,3190.0,3220.0,53704700
2025-09-23,TLKM,3240.0,3260.0,3130.0,3190.0,40100300
2025-09-24,TLKM,3190.0,3190.0,3150.0,3160.0,37086500
2025-09-25,TLKM,3160.0,3200.0,3110.0,3120.0,37627500
2025-09-26,TLKM,3100.0,3160.0,3090.0,3110.0,66789300
2025-09-29,TLKM,3110.0,3130.0,3050.0,3080.0,85911300
2025-09-30,TLKM,3090.0,3140.0,3060.0,3060.0,117025800
2025-10-01,TLKM,3060.0,3100.0,3060.0,3060.0,59779700
2025-10-02,TLKM,3070.0,3200.0,3060.0,3130.0,113431700
2025-10-03,TLKM,3110.0,3130.0,3050.0,3070.0,59116700
2025-10-06,TLKM,3080.0,3090.0,2960.0,3010.0,59707600
2025-10-07,TLKM,3030.0,3050.0,3000.0,3010.0,30353000
2025-10-08,TLKM,3030.0,3040.0,2940.0,2990.0,66090700
2025-10-09,TLKM,2950.0,3020.0,2950.0,3010.0,54769300
2025-10-10,TLKM,3030.0,3080.0,3000.0,3040.0,62254500
2025-10-13,TLKM,3020.0,3070.0,2980.0,3020.0,46978500
2025-10-14,TLKM,3050.0,3070.0,2960.0,2960.0,38518800
2025-10-15,TLKM,3000.0,3090.0,2950.0,3080.0,67503700
2025-10-16,TLKM,2970.0,3020.0,2900.0,2950.0,103687000
2025-10-17,TLKM,2950.0,2960.0,2850.0,2880.0,82482200
2025-10-20,TLKM,2930.0,2970.0,2900.0,2940.0,96029300
2025-10-21,TLKM,2970.0,3290.0,2970.0,3280.0,223104600
2025-10-22,TLKM,3220.0,3220.0,3120.0,3150.0,128796800
2025-10-23,TLKM,3180.0,3400.0,3170.0,3360.0,218967200
2025-10-24,TLKM,3370.0,3440.0,3290.0,3290.0,115104000
2025-10-27,TLKM,3320.0,3360.0,3280.0,3330.0,105683900
2025-10-28,TLKM,3330.0,3480.0,3270.0,3400.0,143082100
2025-10-29,TLKM,3390.0,3390.0,3270.0,3290.0,93073800
2025-10-30,TLKM,3290.0,3310.0,3200.0,3250.0,83523100
2025-10-31,TLKM,3200.0,3250.0,3150.0,3210.0,126790400
2025-11-03,TLKM,3210.0,3380.0,3210.0,3350.0,107151300
2025-11-04,TLKM,3360.0,3590.0,3360.0,3500.0,227450800
2025-11-05,TLKM,3600.0,3630.0,3510.0,3540.0,182624300
2025-11-06,TLKM,3540.0,3550.0,3470.0,3480.0,71766000
2025-11-07,TLKM,3460.0,3490.0,3420.0,3470.0,58917900
2025-11-10,TLKM,3490.0,3550.0,3440.0,3440.0,88941900
2025-11-11,TLKM,3500.0,3530.0,3470.0,3520.0,63130300
2025-11-12,TLKM,3540.0,3590.0,3510.0,3560.0,61339600
2025-11-13,TLKM,3570.0,3570.0,3480.0,3500.0,57467900
2025-11-14,TLKM,3530.0,3560.0,3510.0,3550.0,55079600
2025-11-17,TLKM,3570.0,3630.0,3560.0,3610.0,76833800
2025-11-18,TLKM,3610.0,3630.0,3540.0,3620.0,97747000
2025-11-19,TLKM,3620.0,3690.0,3620.0,3650.0,109911100
2025-11-20,TLKM,3650.0,3660.0,3620.0,3640.0,52200700
2025-11-21,TLKM,3590.0,3610.0,3460.0,3500.0,93181600
2025-11-24,TLKM,3560.0,3700.0,3540.0,3700.0,241304000
2025-11-25,TLKM,3690.0,3690.0,3560.0,3650.0,84816600
2025-11-26,TLKM,3600.0,3720.0,3600.0,3720.0,111114600
2025-11-27,TLKM,3700.0,3700.0,3560.0,3570.0,48436500
2025-11-28,TLKM,3600.0,3630.0,3500.0,3510.0,70943000
2025-12-01,TLKM,3530.0,3650.0,3520.0,3650.0,89045500
2025-12-02,TLKM,3660.0,3670.0,3560.0,3560.0,62155900
2025-12-03,TLKM,3590.0,3650.0,3580.0,3580.0,60429900
2025-12-04,TLKM,3660.0,3660.0,3580.0,3630.0,38947500
2025-12-05,TLKM,3630.0,3700.0,3610.0,3700.0,50641400
2025-12-08,TLKM,3700.0,3700.0,3600.0,3630.0,64911000
2025-12-09,TLKM,3650.0,3650.0,3520.0,3570.0,94381800
2025-12-10,TLKM,3620.0,3700.0,3590.0,3640.0,68644900
2025-12-11,TLKM,3670.0,3690.0,3500.0,3570.0,84823100
2025-12-12,TLKM,3630.0,3630.0,3500.0,3550.0,67076200
2025-12-15,TLKM,3550.0,3560.0,3460.0,3470.0,121707400
2025-12-16,TLKM,3490.0,3550.0,3470.0,3520.0,120576700
2025-12-17,TLKM,3540.0,3590.0,3490.0,3500.0,118452300
2025-12-18,TLKM,3540.0,3580.0,3460.0,3460.0,111042200
2025-12-19,TLKM,3520.0,3520.0,3390.0,3410.0,236770700
2025-12-22,TLKM,3440.0,3490.0,3420.0,3470.0,113720300
2025-12-23,TLKM,3470.0,3470.0,3420.0,3470.0,39083700
2025-12-24,TLKM,3480.0,3500.0,3440.0,3460.0,30919800
2025-12-29,TLKM,3480.0,3530.0,3460.0,3490.0,53079900
2025-12-30,TLKM,3490.0,3510.0,3480.0,3480.0,48019100
2026-01-02,TLKM,3510.0,3510.0,3450.0,3470.0,34812500
2026-01-05,TLKM,3490.0,3590.0,3480.0,3580.0,77224000
2026-01-06,TLKM,3600.0,3600.0,3490.0,3520.0,77477100
2026-01-07,TLKM,3540.0,3550.0,3500.0,3540.0,60466200
2026-01-08,TLKM,3540.0,3580.0,3520.0,3530.0,61219400
2026-01-09,TLKM,3550.0,3560.0,3450.0,3450.0,82708700
2026-01-12,TLKM,3470.0,3530.0,3460.0,3520.0,89165400
2026-01-13,TLKM,3600.0,3660.0,3550.0,3620.0,129812000
2026-01-14,TLKM,3690.0,3700.0,3610.0,3650.0,98179400
2026-01-15,TLKM,3650.0,3680.0,3610.0,3660.0,83981800
2026-01-19,TLKM,3590.0,3630.0,3490.0,3620.0,147127900
2026-01-20,TLKM,3550.0,3680.0,3550.0,3600.0,89987800
2026-01-21,TLKM,3670.0,3700.0,3570.0,3600.0,104120400
2026-01-22,TLKM,3670.0,3790.0,3660.0,3740.0,149259700
2026-01-23,TLKM,3790.0,3800.0,3730.0,3770.0,109079700
2026-01-26,TLKM,3780.0,3850.0,3750.0,3850.0,91258600
2026-01-27,TLKM,3850.0,3990.0,3730.0,3940.0,161704800
2026-01-28,TLKM,3800.0,3800.0,3390.0,3470.0,439277400
2026-01-29,TLKM,3420.0,3500.0,3100.0,3450.0,582049700
2026-01-30,TLKM,3550.0,3740.0,3540.0,3600.0,332372800
2026-02-02,TLKM,3670.0,3700.0,3430.0,3500.0,157041400
2026-02-03,TLKM,3540.0,3550.0,3420.0,3450.0,155611200
2026-02-04,TLKM,3420.0,3440.0,3260.0,3330.0,215692700
2026-02-05,TLKM,3350.0,3360.0,3260.0,3290.0,148908600
2026-02-06,TLKM,3310.0,3390.0,3270.0,3380.0,137552600
2026-02-09,TLKM,3430.0,3430.0,3340.0,3350.0,109053400
2026-02-10,TLKM,3380.0,3430.0,3360.0,3400.0,129254100
2026-02-11,TLKM,3430.0,3530.0,3420.0,3530.0,151785400
2026-02-12,TLKM,3500.0,3560.0,3470.0,3560.0,114656400
2026-02-13,TLKM,3540.0,3550.0,3440.0,3450.0,102244000
2026-02-18,TLKM,3470.0,3510.0,3460.0,3490.0,82797000
2026-02-19,TLKM,3500.0,3500.0,3460.0,3480.0,70690600
2026-02-20,TLKM,3490.0,3510.0,3430.0,3480.0,75231500
2026-02-23,TLKM,3480.0,3550.0,3480.0,3550.0,59621900
2026-02-24,TLKM,3600.0,3600.0,3510.0,3580.0,119024300
2026-02-25,TLKM,3580.0,3660.0,3580.0,3600.0,66237300
2026-02-26,TLKM,3560.0,3650.0,3510.0,3650.0,111136200
2026-02-27,TLKM,3630.0,3630.0,3530.0,3540.0,140862100
2026-03-02,TLKM,3440.0,3490.0,3410.0,3450.0,80022100
2026-03-03,TLKM,3520.0,3530.0,3440.0,3450.0,125403800
2026-03-04,TLKM,3430.0,3450.0,3110.0,3200.0,206478300
2026-03-05,TLKM,3300.0,3350.0,3210.0,3260.0,137853600
2026-03-06,TLKM,3270.0,3290.0,3180.0,3190.0,84932600
2026-03-09,TLKM,3160.0,3160.0,3000.0,3100.0,126776600
2026-03-10,TLKM,3120.0,3150.0,2930.0,2960.0,288339600
2026-03-11,TLKM,3000.0,3020.0,2930.0,3000.0,209073500
2026-03-12,TLKM,3020.0,3060.0,2980.0,3020.0,100856000
2026-03-13,TLKM,3030.0,3050.0,2920.0,2970.0,102546800
2026-03-16,TLKM,2970.0,2980.0,2830.0,2960.0,95426400
2026-03-17,TLKM,3050.0,3050.0,2960.0,3050.0,164842700
2026-03-25,TLKM,3140.0,3300.0,3130.0,3300.0,228354400
2026-03-26,TLKM,3240.0,3260.0,3130.0,3170.0,130477500
2026-03-27,TLKM,3150.0,3160.0,3050.0,3050.0,72337500
2026-03-30,TLKM,3050.0,3110.0,3030.0,3040.0,115529200
2026-03-31,TLKM,3130.0,3130.0,3040.0,3060.0,95463800
2026-04-01,TLKM,3150.0,3150.0,3100.0,3150.0,68303100
2026-04-02,TLKM,3150.0,3160.0,3080.0,3130.0,56283200
2026-04-06,TLKM,3200.0,3200.0,3100.0,3160.0,37192400
2026-04-07,TLKM,3150.0,3160.0,3060.0,3100.0,49528200
2026-04-08,TLKM,3150.0,3180.0,3110.0,3160.0,78411200
2026-04-09,TLKM,3170.0,3190.0,3120.0,3190.0,58857300
2026-04-10,TLKM,3190.0,3220.0,3170.0,3210.0,70335700
2026-04-13,TLKM,3130.0,3200.0,3130.0,3190.0,77410000
2026-04-14,TLKM,3190.0,3200.0,3110.0,3120.0,92852900
2026-04-15,TLKM,3120.0,3150.0,3060.0,3090.0,89181500
2026-04-16,TLKM,3100.0,3150.0,3100.0,3120.0,57013000
2026-04-17,TLKM,3120.0,3150.0,3080.0,3100.0,96349500
2026-04-20,TLKM,3130.0,3160.0,3050.0,3100.0,142308900
2026-04-21,TLKM,3050.0,3070.0,2980.0,3010.0,137586500
2026-04-22,TLKM,3010.0,3030.0,2990.0,3000.0,57088500
2026-04-23,TLKM,3010.0,3020.0,2880.0,2880.0,164145000
2026-04-24,TLKM,2880.0,2940.0,2750.0,2810.0,254588000
2026-04-27,TLKM,2850.0,2850.0,2810.0,2830.0,77838700
2026-04-28,TLKM,2790.0,2820.0,2750.0,2820.0,146311100
2026-04-29,TLKM,2820.0,2880.0,2800.0,2870.0,144598700
2026-04-30,TLKM,2860.0,2870.0,2810.0,2810.0,134260800
2026-05-04,TLKM,2840.0,2890.0,2840.0,2890.0,81120300
2026-05-05,TLKM,2910.0,2940.0,2870.0,2880.0,71127200
2026-05-06,TLKM,2890.0,2910.0,2870.0,2900.0,82205900
2026-05-07,TLKM,2950.0,2980.0,2920.0,2930.0,102205600
2026-05-08,TLKM,2930.0,3000.0,2900.0,2960.0,102107300
2026-05-11,TLKM,2990.0,3010.0,2920.0,2960.0,58491000
2026-05-12,TLKM,3000.0,3000.0,2860.0,2950.0,91619700
2026-05-13,TLKM,2950.0,2970.0,2920.0,2960.0,62623700
2026-05-18,TLKM,2910.0,3080.0,2860.0,3080.0,148994300
2026-05-19,TLKM,3080.0,3130.0,3030.0,3080.0,147808100
2026-05-20,TLKM,3130.0,3190.0,3100.0,3100.0,191400600
2026-05-21,TLKM,3100.0,3120.0,2950.0,3000.0,141907000
2026-05-22,TLKM,3000.0,3010.0,2850.0,2920.0,138085300
2026-05-25,TLKM,2880.0,2960.0,2870.0,2930.0,88999600
2026-05-26,TLKM,2950.0,3100.0,2940.0,3090.0,136083800
2026-05-29,TLKM,2900.0,3170.0,2900.0,3030.0,835364400
2026-06-02,TLKM,2990.0,3020.0,2910.0,2950.0,242446000
2026-06-03,TLKM,2900.0,2950.0,2850.0,2850.0,168085400
2026-06-04,TLKM,2900.0,2950.0,2680.0,2900.0,197151900
2026-06-05,TLKM,2900.0,2930.0,2760.0,2760.0,105040300
2026-06-08,TLKM,2620.0,2650.0,2350.0,2350.0,331947700
2026-06-09,TLKM,2510.0,2620.0,2510.0,2620.0,371055600
2026-06-10,TLKM,2500.0,2810.0,2500.0,2810.0,391732600
2026-06-11,TLKM,2870.0,2970.0,2810.0,2870.0,274793100
2026-06-12,TLKM,2910.0,2980.0,2860.0,2860.0,181531900
2026-06-15,TLKM,2900.0,2970.0,2890.0,2930.0,156789000
2026-06-17,TLKM,2950.0,3030.0,2940.0,2960.0,200799700
2026-06-18,TLKM,2800.0,2800.0,2670.0,2780.0,210813900
2026-06-19,TLKM,2700.0,2710.0,2580.0,2580.0,374544500
2026-06-22,TLKM,2580.0,2590.0,2500.0,2510.0,194270900
2026-06-23,TLKM,2500.0,2610.0,2500.0,2540.0,173184800
2026-06-24,TLKM,2570.0,2590.0,2480.0,2500.0,173348900
2026-06-25,TLKM,2530.0,2540.0,2500.0,2500.0,94937900
2026-06-26,TLKM,2420.0,2480.0,2370.0,2480.0,220918000
2026-06-29,TLKM,2470.0,2470.0,2410.0,2410.0,124858100
2026-06-30,TLKM,2390.0,2400.0,2350.0,2350.0,318664200
2026-07-01,TLKM,2380.0,2450.0,2350.0,2440.0,111997100
2026-07-02,TLKM,2470.0,2490.0,2420.0,2450.0,112046100
2026-07-03,TLKM,2480.0,2540.0,2470.0,2520.0,83587600
2026-07-06,TLKM,2520.0,2530.0,2470.0,2480.0,48614200
2026-07-07,TLKM,2460.0,2480.0,2420.0,2480.0,119404100
2026-07-08,TLKM,2480.0,2540.0,2470.0,2510.0,98228500
2026-07-09,TLKM,2500.0,2510.0,2450.0,2510.0,68742100
2026-07-10,TLKM,2480.0,2500.0,2440.0,2480.0,129033800
2026-07-13,TLKM,2480.0,2520.0,2460.0,2510.0,80358400
2026-07-14,TLKM,2500.0,2600.0,2490.0,2560.0,118565500
2026-07-15,TLKM,2560.0,2570.0,2490.0,2520.0,142706600
2026-07-16,TLKM,2520.0,2560.0,2510.0,2530.0,56858100
2026-07-17,TLKM,2550.0,2670.0,2540.0,2660.0,143963900
2026-07-20,TLKM,2670.0,2750.0,2660.0,2710.0,146905500
2026-07-21,TLKM,2770.0,2770.0,2700.0,2750.0,140279600
2026-07-22,TLKM,2730.0,2730.0,2670.0,2700.0,122114100
2026-07-23,TLKM,2710.0,2710.0,2650.0,2650.0,91296700
2026-07-24,TLKM,2600.0,2630.0,2580.0,2630.0,92442500
2026-07-27,TLKM,2670.0,2670.0,2560.0,2590.0,60467000
2026-07-28,TLKM,2580.0,2620.0,2560.0,2560.0,69694800
2026-07-29,TLKM,2560.0,2610.0,2540.0,2560.0,76414900
2026-07-30,TLKM,2600.0,2670.0,2590.0,2670.0,103302600
2026-07-31,TLKM,2670.0,2680.0,2600.0,2630.0,91987400
2026-08-03,TLKM,2600.0,2740.0,2600.0,2740.0,112278700
2026-08-04,TLKM,2740.0,2790.0,2710.0,2790.0,90753600
2026-08-05,TLKM,2780.0,2780.0,2700.0,2710.0,109494500
2026-08-06,TLKM,2710.0,2720.0,2650.0,2650.0,138223900
2026-08-07,TLKM,2650.0,2720.0,2650.0,2710.0,66412400
2026-08-10,TLKM,2720.0,2730.0,2620.0,2620.0,93974000
2026-08-11,TLKM,2640.0,2650.0,2570.0,2610.0,84124100
2026-08-12,TLKM,2610.0,2620.0,2570.0,2590.0,120373100
2026-08-13,TLKM,2600.0,2610.0,2570.0,2590.0,76115000
2026-08-14,TLKM,2600.0,2630.0,2590.0,2620.0,80799200
2026-08-18,TLKM,2640.0,2640.0,2600.0,2600.0,80089000
2026-08-19,TLKM,2600.0,2610.0,2580.0,2600.0,45580300
2026-08-20,TLKM,2610.0,2620.0,2590.0,2610.0,86747700
2026-08-21,TLKM,2610.0,2640.0,2610.0,2610.0,72276500
2026-08-24,TLKM,2620.0,2640.0,2600.0,2620.0,46321100
2026-08-26,TLKM,2630.0,2630.0,2590.0,2600.0,82579200
2026-08-27,TLKM,2590.0,2610.0,2550.0,2610.0,115845900
2026-08-28,TLKM,2620.0,2620.0,2570.0,2570.0,78958600
2026-08-31,TLKM,2570.0,2600.0,2560.0,2600.0,204591800
2026-09-01,TLKM,2600.0,2630.0,2590.0,2610.0,82430900
2026-09-02,TLKM,2600.0,2610.0,2560.0,2590.0,105899600
2026-09-03,TLKM,2600.0,2610.0,2580.0,2600.0,76989700
2026-09-04,TLKM,2610.0,2630.0,2590.0,2610.0,84953700
2026-09-07,TLKM,2610.0,2620.0,2600.0,2610.0,42030200
2026-09-08,TLKM,2620.0,2670.0,2600.0,2650.0,173160300
2026-09-09,TLKM,2650.0,2680.0,2630.0,2660.0,119056300
2026-09-10,TLKM,2680.0,2680.0,2620.0,2630.0,87447500
2026-09-11,TLKM,2620.0,2630.0,2590.0,2600.0,88455300
2026-09-14,TLKM,2610.0,2690.0,2600.0,2690.0,139730300
2026-09-15,TLKM,2720.0,2720.0,2670.0,2700.0,142432700
2026-09-16,TLKM,2700.0,2710.0,2650.0,2660.0,72687900
2026-09-17,TLKM,2630.0,2640.0,2590.0,2590.0,90206300
2026-09-18,TLKM,2590.0,2600.0,2520.0,2560.0,212768300
2026-09-21,TLKM,2540.0,2550.0,2500.0,2500.0,73848400
2026-09-22,TLKM,2500.0,2540.0,2450.0,2470.0,111856600
2026-09-23,TLKM,2470.0,2470.0,2420.0,2440.0,140225800
2026-09-24,TLKM,2420.0,2430.0,2380.0,2410.0,114511100
2026-09-25,TLKM,2400.0,2420.0,2380.0,2410.0,170051400
2026-09-28,TLKM,2400.0,2410.0,2350.0,2370.0,131894200
2026-09-29,TLKM,2350.0,2390.0,2300.0,2370.0,228706200
2026-09-30,TLKM,2350.0,2380.0,2270.0,2290.0,346746900
2026-10-01,TLKM,2250.0,2300.0,2200.0,2250.0,224735400
2026-10-02,TLKM,2260.0,2290.0,2220.0,2250.0,145636900
2026-10-05,TLKM,2270.0,2300.0,2250.0,2290.0,108268400
2026-10-06,TLKM,2290.0,2290.0,2260.0,2280.0,162461500
2026-10-07,TLKM,2280.0,2340.0,2270.0,2310.0,173346600
2026-10-08,TLKM,2320.0,2340.0,2260.0,2260.0,126548900
2026-10-09,TLKM,2270.0,2340.0,2270.0,2320.0,166319300
