date,ticker,raw_close,adjusted_close,raw_to_adjusted_ratio,close_difference_pct
2015-01-02,BBRI,2118.145263671875,1220.73,1.7351463990168792,0.7351463990168792
2015-01-05,BBRI,2109.054443359375,1215.5,1.7351332318875976,0.7351332318875976
2015-01-06,BBRI,2095.41845703125,1207.64,1.7351350212242471,0.7351350212242471
2015-01-07,BBRI,2140.8720703125,1233.83,1.735143472206463,0.7351434722064629
2015-01-08,BBRI,2177.235107421875,1254.79,1.7351390331624217,0.7351390331624217
2015-01-09,BBRI,2186.325927734375,1260.03,1.7351379949162917,0.7351379949162917
2015-01-12,BBRI,2136.32666015625,1231.21,1.7351440129273235,0.7351440129273235
2015-01-13,BBRI,2149.962890625,1239.07,1.7351423976248317,0.7351423976248317
2015-01-14,BBRI,2136.32666015625,1231.21,1.7351440129273235,0.7351440129273235
2015-01-15,BBRI,2127.236083984375,1225.97,1.7351453004432205,0.7351453004432205
2015-01-16,BBRI,2104.509033203125,1212.88,1.7351337586596571,0.7351337586596571
2015-01-19,BBRI,2109.054443359375,1215.5,1.7351332318875976,0.7351332318875976
2015-01-20,BBRI,2090.873046875,1205.02,1.7351355553227332,0.7351355553227332
2015-01-21,BBRI,2077.23681640625,1197.16,1.7351371716447674,0.7351371716447674
2015-01-22,BBRI,2086.32763671875,1202.4,1.735136091748794,0.7351360917487939
2015-01-23,BBRI,2159.0537109375,1244.31,1.7351413320936906,0.7351413320936906
2015-01-26,BBRI,2159.0537109375,1244.31,1.7351413320936906,0.7351413320936906
2015-01-27,BBRI,2168.144287109375,1249.55,1.735140080116342,0.7351400801163419
2015-01-28,BBRI,2127.236083984375,1225.97,1.7351453004432205,0.7351453004432205
2015-01-29,BBRI,2127.236083984375,1225.97,1.7351453004432205,0.7351453004432205
2015-01-30,BBRI,2122.690673828125,1223.35,1.7351458485536642,0.7351458485536642
2015-02-02,BBRI,2131.78125,1228.59,1.7351445559543868,0.7351445559543868
2015-02-03,BBRI,2136.32666015625,1231.21,1.7351440129273235,0.7351440129273235
2015-02-04,BBRI,2140.8720703125,1233.83,1.735143472206463,0.7351434722064629
2015-02-05,BBRI,2127.236083984375,1225.97,1.7351453004432205,0.7351453004432205
2015-02-06,BBRI,2118.145263671875,1220.73,1.7351463990168792,0.7351463990168792
2015-02-09,BBRI,2122.690673828125,1223.35,1.7351458485536642,0.7351458485536642
2015-02-10,BBRI,2118.145263671875,1220.73,1.7351463990168792,0.7351463990168792
2015-02-11,BBRI,2127.236083984375,1225.97,1.7351453004432205,0.7351453004432205
2015-02-12,BBRI,2159.0537109375,1244.31,1.7351413320936906,0.7351413320936906
2015-02-13,BBRI,2181.780517578125,1257.41,1.7351385129576866,0.7351385129576866
2015-02-16,BBRI,2186.325927734375,1260.03,1.7351379949162917,0.7351379949162917
2015-02-17,BBRI,2181.780517578125,1257.41,1.7351385129576866,0.7351385129576866
2015-02-18,BBRI,2268.142578125,1307.18,1.735141738800318,0.7351417388003181
2015-02-20,BBRI,2313.596435546875,1333.38,1.7351365968792654,0.7351365968792654
2015-02-23,BBRI,2309.051025390625,1330.76,1.7351370836143445,0.7351370836143445
2015-02-24,BBRI,2327.232421875,1341.24,1.7351349660575288,0.7351349660575288
2015-02-25,BBRI,2349.95947265625,1354.33,1.7351454022699417,0.7351454022699417
2015-02-26,BBRI,2354.5048828125,1356.95,1.7351449079277055,0.7351449079277055
2015-02-27,BBRI,2340.86865234375,1349.1,1.735133535204025,0.7351335352040249
2015-03-02,BBRI,2354.5048828125,1356.95,1.7351449079277055,0.7351449079277055
2015-03-03,BBRI,2340.86865234375,1349.1,1.735133535204025,0.7351335352040249
2015-03-04,BBRI,2331.77783203125,1343.86,1.7351344872466254,0.7351344872466254
2015-03-05,BBRI,2336.3232421875,1346.48,1.735134010299076,0.735134010299076
2015-03-06,BBRI,2377.231689453125,1370.05,1.7351422863786907,0.7351422863786907
2015-03-09,BBRI,2349.95947265625,1354.33,1.7351454022699417,0.7351454022699417
2015-03-10,BBRI,2340.86865234375,1349.1,1.735133535204025,0.7351335352040249
2015-03-11,BBRI,2336.3232421875,1346.48,1.735134010299076,0.735134010299076
2015-03-12,BBRI,2345.4140625,1351.71,1.7351458985285304,0.7351458985285304
2015-03-13,BBRI,2318.141845703125,1336.0,1.7351361120532374,0.7351361120532374
2015-03-16,BBRI,2345.4140625,1351.71,1.7351458985285304,0.7351458985285304
2015-03-17,BBRI,2349.95947265625,1354.33,1.7351454022699417,0.7351454022699417
2015-03-18,BBRI,2359.050048828125,1359.57,1.7351442359188016,0.7351442359188016
2015-03-19,BBRI,2372.686279296875,1367.43,1.7351427709622247,0.7351427709622247
2015-03-20,BBRI,2345.4140625,1351.71,1.7351458985285304,0.7351458985285304
2015-03-23,BBRI,2345.4140625,1351.71,1.7351458985285304,0.7351458985285304
2015-03-24,BBRI,2363.595458984375,1362.19,1.7351437457215035,0.7351437457215035
2015-03-25,BBRI,2390.86767578125,1377.91,1.7351406665030733,0.7351406665030733
2015-03-26,BBRI,2386.322509765625,1375.29,1.7351413227505654,0.7351413227505654
2015-03-27,BBRI,2377.231689453125,1401.53,1.6961689649548173,0.6961689649548173
2015-03-30,BBRI,2368.140869140625,1396.17,1.6961694271762213,0.6961694271762213
2015-03-31,BBRI,2413.5947265625,1422.97,1.6961669793196623,0.6961669793196623
2015-04-01,BBRI,2363.595458984375,1393.49,1.6961696596203597,0.6961696596203597
2015-04-02,BBRI,2363.595458984375,1393.49,1.6961696596203597,0.6961696596203597
2015-04-06,BBRI,2368.140869140625,1396.17,1.6961694271762213,0.6961694271762213
2015-04-07,BBRI,2395.4130859375,1412.25,1.6961678781642768,0.6961678781642768
2015-04-08,BBRI,2381.777099609375,1404.21,1.6961687351673715,0.6961687351673715
2015-04-09,BBRI,2377.231689453125,1401.53,1.6961689649548173,0.6961689649548173
2015-04-10,BBRI,2368.140869140625,1396.17,1.6961694271762213,0.6961694271762213
2015-04-13,BBRI,2363.595458984375,1393.49,1.6961696596203597,0.6961696596203597
2015-04-14,BBRI,2363.595458984375,1393.49,1.6961696596203597,0.6961696596203597
2015-04-15,BBRI,2377.231689453125,1401.53,1.6961689649548173,0.6961689649548173
2015-04-16,BBRI,2386.322509765625,1406.89,1.6961685062553753,0.6961685062553753
2015-04-17,BBRI,2363.595458984375,1393.49,1.6961696596203597,0.6961696596203597
2015-04-20,BBRI,2390.86767578125,1409.57,1.6961681050116348,0.6961681050116348
2015-04-21,BBRI,2399.95849609375,1414.93,1.696167652176256,0.6961676521762561
2015-04-22,BBRI,2395.4130859375,1412.25,1.6961678781642768,0.6961678781642768
2015-04-23,BBRI,2372.686279296875,1398.85,1.6961691956227438,0.6961691956227438
2015-04-24,BBRI,2354.5048828125,1388.13,1.696170303078602,0.696170303078602
2015-04-27,BBRI,2186.325927734375,1288.98,1.6961674562323503,0.6961674562323503
2015-04-28,BBRI,2159.0537109375,1272.9,1.696169149923403,0.6961691499234031
2015-04-29,BBRI,2113.599853515625,1246.1,1.6961719392630006,0.6961719392630006
2015-04-30,BBRI,2113.599853515625,1246.1,1.6961719392630006,0.6961719392630006
2015-05-04,BBRI,2113.599853515625,1246.1,1.6961719392630006,0.6961719392630006
2015-05-05,BBRI,2127.236083984375,1254.14,1.696171148344184,0.6961711483441839
2015-05-06,BBRI,2136.32666015625,1259.5,1.6961704328354505,0.6961704328354505
2015-05-07,BBRI,2113.599853515625,1246.1,1.6961719392630006,0.6961719392630006
2015-05-08,BBRI,2118.145263671875,1248.78,1.696171674491804,0.6961716744918041
2015-05-11,BBRI,2140.8720703125,1262.18,1.6961701740738246,0.6961701740738246
2015-05-12,BBRI,2186.325927734375,1288.98,1.6961674562323503,0.6961674562323503
2015-05-13,BBRI,2213.59814453125,1305.06,1.6961658042781558,0.6961658042781558
2015-05-15,BBRI,2145.41748046875,1264.86,1.6961699164087332,0.6961699164087332
2015-05-18,BBRI,2181.780517578125,1286.3,1.6961677039400802,0.6961677039400802
2015-05-19,BBRI,2231.779541015625,1315.78,1.6961646635574525,0.6961646635574525
2015-05-20,BBRI,2268.142578125,1337.22,1.696162619557739,0.6961626195577391
2015-05-21,BBRI,2318.141845703125,1366.69,1.6961723914736515,0.6961723914736515
2015-05-22,BBRI,2290.86962890625,1350.62,1.696161487987924,0.6961614879879241
2015-05-25,BBRI,2245.415771484375,1323.82,1.696163958456871,0.6961639584568711
2015-05-26,BBRI,2249.961181640625,1326.5,1.6961637253227477,0.6961637253227477
2015-05-27,BBRI,2172.689697265625,1280.94,1.6961682024650842,0.6961682024650842
2015-05-28,BBRI,2149.962890625,1267.54,1.6961696598332203,0.6961696598332203
2015-05-29,BBRI,2140.8720703125,1262.18,1.6961701740738246,0.6961701740738246
2015-06-01,BBRI,2131.78125,1256.82,1.6961706927006255,0.6961706927006255
2015-06-03,BBRI,2045.419189453125,1205.91,1.6961623914331292,0.6961623914331292
2015-06-04,BBRI,2022.6923828125,1192.51,1.6961638751981116,0.6961638751981116
2015-06-05,BBRI,2054.510009765625,1211.27,1.6961618877423077,0.6961618877423077
2015-06-08,BBRI,1999.9654541015625,1179.11,1.6961652891600976,0.6961652891600976
2015-06-09,BBRI,1904.5125732421875,1122.83,1.6961717920274553,0.6961717920274553
2015-06-10,BBRI,1890.87646484375,1114.79,1.6961727902508545,0.6961727902508545
2015-06-11,BBRI,1840.8773193359375,1085.32,1.6961608736003553,0.6961608736003553
2015-06-12,BBRI,1886.3310546875,1112.11,1.6961730896111897,0.6961730896111897
2015-06-15,BBRI,1845.4227294921875,1088.0,1.696160596959731,0.6961605969597311
2015-06-16,BBRI,1918.148681640625,1130.87,1.6961708079979354,0.6961708079979354
2015-06-17,BBRI,1999.9654541015625,1179.11,1.6961652891600976,0.6961652891600976
2015-06-18,BBRI,1959.05712890625,1154.99,1.6961680437979982,0.6961680437979982
2015-06-19,BBRI,2009.05615234375,1184.47,1.696164657900791,0.696164657900791
2015-06-22,BBRI,1990.874755859375,1173.75,1.696165926184771,0.696165926184771
2015-06-23,BBRI,1963.6024169921875,1157.67,1.6961676617621493,0.6961676617621493
2015-06-24,BBRI,1872.6949462890625,1104.07,1.6961741069760636,0.6961741069760636
2015-06-25,BBRI,1854.513427734375,1093.36,1.6961599361000723,0.6961599361000723
2015-06-26,BBRI,1904.5125732421875,1122.83,1.6961717920274553,0.6961717920274553
2015-06-29,BBRI,1886.3310546875,1112.11,1.6961730896111897,0.6961730896111897
2015-06-30,BBRI,1881.78564453125,1109.43,1.696173390417827,0.6961733904178271
2015-07-01,BBRI,1918.148681640625,1130.87,1.6961708079979354,0.6961708079979354
2015-07-02,BBRI,1977.238525390625,1165.71,1.696166735629466,0.6961667356294661
2015-07-03,BBRI,1968.1478271484375,1160.35,1.6961673866923235,0.6961673866923235
2015-07-06,BBRI,1890.87646484375,1114.79,1.6961727902508545,0.6961727902508545
2015-07-07,BBRI,1904.5125732421875,1122.83,1.6961717920274553,0.6961717920274553
2015-07-08,BBRI,1859.058837890625,1096.04,1.6961596637810892,0.6961596637810892
2015-07-09,BBRI,1872.6949462890625,1104.07,1.6961741069760636,0.6961741069760636
2015-07-10,BBRI,1904.5125732421875,1122.83,1.6961717920274553,0.6961717920274553
2015-07-13,BBRI,1904.5125732421875,1122.83,1.6961717920274553,0.6961717920274553
2015-07-14,BBRI,1909.0579833984375,1125.51,1.696171498608131,0.6961714986081311
2015-07-15,BBRI,1840.8773193359375,1085.32,1.6961608736003553,0.6961608736003553
2015-07-22,BBRI,1881.78564453125,1109.43,1.696173390417827,0.6961733904178271
2015-07-23,BBRI,1863.6041259765625,1098.72,1.696159281688294,0.696159281688294
2015-07-24,BBRI,1836.3319091796875,1082.64,1.6961611516105883,0.6961611516105883
2015-07-27,BBRI,1777.2420654296875,1047.8,1.6961653611659548,0.6961653611659548
2015-07-28,BBRI,1709.0614013671875,1007.6,1.6961705055251959,0.6961705055251959
2015-07-29,BBRI,1727.242919921875,1018.32,1.6961691019737164,0.6961691019737164
2015-07-30,BBRI,1699.9705810546875,1002.24,1.6961711576615257,0.6961711576615257
2015-07-31,BBRI,1818.150390625,1071.92,1.6961623914331292,0.6961623914331292
2015-08-03,BBRI,1899.9671630859375,1120.15,1.6961720868508123,0.6961720868508123
2015-08-04,BBRI,1890.87646484375,1114.79,1.6961727902508545,0.6961727902508545
2015-08-05,BBRI,1963.6024169921875,1157.67,1.6961676617621493,0.6961676617621493
2015-08-06,BBRI,1959.05712890625,1154.99,1.6961680437979982,0.6961680437979982
2015-08-07,BBRI,1918.148681640625,1130.87,1.6961708079979354,0.6961708079979354
2015-08-10,BBRI,1922.694091796875,1133.55,1.6961705189862601,0.6961705189862601
2015-08-11,BBRI,1845.4227294921875,1088.0,1.696160596959731,0.6961605969597311
2015-08-12,BBRI,1763.60595703125,1039.76,1.6961663816950547,0.6961663816950547
2015-08-13,BBRI,1822.69580078125,1074.6,1.6961621075574633,0.6961621075574633
2015-08-14,BBRI,1859.058837890625,1096.04,1.6961596637810892,0.6961596637810892
2015-08-18,BBRI,1781.787353515625,1050.48,1.6961649469914943,0.6961649469914943
2015-08-19,BBRI,1799.9688720703125,1061.2,1.6961636563044784,0.6961636563044784
2015-08-20,BBRI,1768.1512451171875,1042.44,1.696165961702532,0.696165961702532
2015-08-21,BBRI,1727.242919921875,1018.32,1.6961691019737164,0.6961691019737164
2015-08-24,BBRI,1663.607666015625,980.8,1.6961742108642182,0.6961742108642182
2015-08-25,BBRI,1727.242919921875,1018.32,1.6961691019737164,0.6961691019737164
2015-08-26,BBRI,1772.6966552734375,1045.12,1.696165660664266,0.6961656606642661
2015-08-27,BBRI,1909.0579833984375,1125.51,1.696171498608131,0.6961714986081311
2015-08-28,BBRI,1890.87646484375,1114.79,1.6961727902508545,0.6961727902508545
2015-08-31,BBRI,1931.7847900390625,1138.91,1.6961698378616943,0.6961698378616943
2015-09-01,BBRI,1836.3319091796875,1082.64,1.6961611516105883,0.6961611516105883
2015-09-02,BBRI,1854.513427734375,1093.36,1.6961599361000723,0.6961599361000723
2015-09-03,BBRI,1845.4227294921875,1088.0,1.696160596959731,0.6961605969597311
2015-09-04,BBRI,1831.7864990234375,1079.96,1.6961614310006272,0.6961614310006272
2015-09-07,BBRI,1777.2420654296875,1047.8,1.6961653611659548,0.6961653611659548
2015-09-08,BBRI,1804.5142822265625,1063.88,1.6961633663820754,0.6961633663820754
2015-09-09,BBRI,1804.5142822265625,1063.88,1.6961633663820754,0.6961633663820754
2015-09-10,BBRI,1754.51513671875,1034.4,1.6961669921874998,0.6961669921874998
2015-09-11,BBRI,1745.4244384765625,1029.04,1.696167727665166,0.6961677276651661
2015-09-14,BBRI,1749.9697265625,1031.72,1.696167299812449,0.6961672998124491
2015-09-15,BBRI,1749.9697265625,1031.72,1.696167299812449,0.6961672998124491
2015-09-16,BBRI,1745.4244384765625,1029.04,1.696167727665166,0.6961677276651661
2015-09-17,BBRI,1822.69580078125,1074.6,1.6961621075574633,0.6961621075574633
2015-09-18,BBRI,1777.2420654296875,1047.8,1.6961653611659548,0.6961653611659548
2015-09-21,BBRI,1731.7882080078125,1021.0,1.696168666021364,0.696168666021364
2015-09-22,BBRI,1699.9705810546875,1002.24,1.6961711576615257,0.6961711576615257
2015-09-23,BBRI,1599.972412109375,943.29,1.696161744648385,0.696161744648385
2015-09-25,BBRI,1554.5185546875,916.49,1.6961653206117906,0.6961653206117906
2015-09-28,BBRI,1509.0648193359375,889.69,1.6961692492170728,0.6961692492170728
2015-09-29,BBRI,1518.1556396484375,895.05,1.6961685265051534,0.6961685265051534
2015-09-30,BBRI,1572.7000732421875,927.21,1.696163839089513,0.6961638390895131
2015-10-01,BBRI,1586.336181640625,935.25,1.6961627176055867,0.6961627176055867
2015-10-02,BBRI,1577.2454833984375,929.89,1.6961635068647232,0.6961635068647232
2015-10-05,BBRI,1659.062255859375,978.12,1.6961745551255214,0.6961745551255214
2015-10-06,BBRI,1718.152099609375,1012.96,1.6961697397818027,0.6961697397818027
2015-10-07,BBRI,1790.878173828125,1055.84,1.6961643561790851,0.6961643561790851
2015-10-08,BBRI,1813.60498046875,1069.24,1.6961626767318376,0.6961626767318376
2015-10-09,BBRI,1918.148681640625,1130.87,1.6961708079979354,0.6961708079979354
2015-10-12,BBRI,1963.6024169921875,1157.67,1.6961676617621493,0.6961676617621493
2015-10-13,BBRI,1822.69580078125,1074.6,1.6961621075574633,0.6961621075574633
2015-10-15,BBRI,1840.8773193359375,1085.32,1.6961608736003553,0.6961608736003553
2015-10-16,BBRI,1872.6949462890625,1104.07,1.6961741069760636,0.6961741069760636
2015-10-19,BBRI,1895.4217529296875,1117.47,1.6961723830883044,0.6961723830883044
2015-10-20,BBRI,1931.7847900390625,1138.91,1.6961698378616943,0.6961698378616943
2015-10-21,BBRI,1918.148681640625,1130.87,1.6961708079979354,0.6961708079979354
2015-10-22,BBRI,1945.4208984375,1146.95,1.6961688813265616,0.6961688813265616
2015-10-23,BBRI,2036.3284912109375,1200.55,1.6961630013001854,0.6961630013001854
2015-10-26,BBRI,2109.054443359375,1243.42,1.696172205175544,0.6961722051755439
2015-10-27,BBRI,2109.054443359375,1243.42,1.696172205175544,0.6961722051755439
2015-10-28,BBRI,2018.14697265625,1189.83,1.6961641349236867,0.6961641349236867
2015-10-29,BBRI,1954.51171875,1152.31,1.696168321675591,0.696168321675591
2015-10-30,BBRI,1913.603271484375,1128.19,1.696171098382697,0.696171098382697
2015-11-02,BBRI,1868.1495361328125,1101.4,1.6961590122869188,0.6961590122869188
2015-11-03,BBRI,1945.4208984375,1146.95,1.6961688813265616,0.6961688813265616
2015-11-04,BBRI,2009.05615234375,1184.47,1.696164657900791,0.696164657900791
2015-11-05,BBRI,1949.96630859375,1149.63,1.696168600848751,0.6961686008487511
2015-11-06,BBRI,1945.4208984375,1146.95,1.6961688813265616,0.6961688813265616
2015-11-09,BBRI,1922.694091796875,1133.55,1.6961705189862601,0.6961705189862601
2015-11-10,BBRI,1899.9671630859375,1120.15,1.6961720868508123,0.6961720868508123
2015-11-11,BBRI,1904.5125732421875,1122.83,1.6961717920274553,0.6961717920274553
2015-11-12,BBRI,1913.603271484375,1128.19,1.696171098382697,0.696171098382697
2015-11-13,BBRI,1913.603271484375,1128.19,1.696171098382697,0.696171098382697
2015-11-16,BBRI,1913.603271484375,1128.19,1.696171098382697,0.696171098382697
2015-11-17,BBRI,1981.783935546875,1168.39,1.6961664645767893,0.6961664645767893
2015-11-18,BBRI,1990.874755859375,1173.75,1.696165926184771,0.696165926184771
2015-11-19,BBRI,1995.4200439453125,1176.43,1.6961655550651653,0.6961655550651653
2015-11-20,BBRI,1999.9654541015625,1179.11,1.6961652891600976,0.6961652891600976
2015-11-23,BBRI,1999.9654541015625,1179.11,1.6961652891600976,0.6961652891600976
2015-11-24,BBRI,2009.05615234375,1184.47,1.696164657900791,0.696164657900791
2015-11-25,BBRI,2086.32763671875,1230.03,1.6961599609105062,0.6961599609105062
2015-11-26,BBRI,2086.32763671875,1230.03,1.6961599609105062,0.6961599609105062
2015-11-27,BBRI,2054.510009765625,1211.27,1.6961618877423077,0.6961618877423077
2015-11-30,BBRI,1959.05712890625,1154.99,1.6961680437979982,0.6961680437979982
2015-12-01,BBRI,2045.419189453125,1205.91,1.6961623914331292,0.6961623914331292
2015-12-02,BBRI,2049.964599609375,1208.59,1.6961621390292614,0.6961621390292614
2015-12-03,BBRI,2049.964599609375,1208.59,1.6961621390292614,0.6961621390292614
2015-12-04,BBRI,2054.510009765625,1211.27,1.6961618877423077,0.6961618877423077
2015-12-07,BBRI,2009.05615234375,1184.47,1.696164657900791,0.696164657900791
2015-12-08,BBRI,1981.783935546875,1168.39,1.6961664645767893,0.6961664645767893
2015-12-09,BBRI,1981.783935546875,1168.39,1.6961664645767893,0.6961664645767893
2015-12-10,BBRI,1977.238525390625,1165.71,1.696166735629466,0.6961667356294661
2015-12-11,BBRI,1968.1478271484375,1160.35,1.6961673866923235,0.6961673866923235
2015-12-14,BBRI,1940.8756103515625,1144.27,1.6961692697978297,0.6961692697978297
2015-12-15,BBRI,1954.51171875,1152.31,1.696168321675591,0.696168321675591
2015-12-16,BBRI,2063.600830078125,1216.63,1.6961613884896187,0.6961613884896187
2015-12-17,BBRI,2099.963623046875,1238.06,1.6961727404543196,0.6961727404543196
2015-12-18,BBRI,1977.238525390625,1165.71,1.696166735629466,0.6961667356294661
2015-12-21,BBRI,2018.14697265625,1189.83,1.6961641349236867,0.6961641349236867
2015-12-22,BBRI,2009.05615234375,1184.47,1.696164657900791,0.696164657900791
2015-12-23,BBRI,2018.14697265625,1189.83,1.6961641349236867,0.6961641349236867
2015-12-28,BBRI,2072.69140625,1221.99,1.6961606938272817,0.6961606938272817
2015-12-29,BBRI,2072.69140625,1221.99,1.6961606938272817,0.6961606938272817
2015-12-30,BBRI,2077.23681640625,1224.67,1.6961604484524402,0.6961604484524402
2016-01-04,BBRI,2086.32763671875,1230.03,1.6961599609105062,0.6961599609105062
2016-01-05,BBRI,2104.509033203125,1240.74,1.6961724722368303,0.6961724722368303
2016-01-06,BBRI,2095.41845703125,1235.38,1.6961732074594456,0.6961732074594456
2016-01-07,BBRI,2045.419189453125,1205.91,1.6961623914331292,0.6961623914331292
2016-01-08,BBRI,2109.054443359375,1243.42,1.696172205175544,0.6961722051755439
2016-01-11,BBRI,2068.14599609375,1219.31,1.6961609402807736,0.6961609402807736
2016-01-12,BBRI,2109.054443359375,1243.42,1.696172205175544,0.6961722051755439
2016-01-13,BBRI,2109.054443359375,1243.42,1.696172205175544,0.6961722051755439
2016-01-14,BBRI,2131.78125,1256.82,1.6961706927006255,0.6961706927006255
2016-01-15,BBRI,2081.7822265625,1227.35,1.6961602041491832,0.6961602041491832
2016-01-18,BBRI,2072.69140625,1221.99,1.6961606938272817,0.6961606938272817
2016-01-19,BBRI,2090.873046875,1232.7,1.696173478441632,0.696173478441632
2016-01-20,BBRI,1999.9654541015625,1179.11,1.6961652891600976,0.6961652891600976
2016-01-21,BBRI,1968.1478271484375,1160.35,1.6961673866923235,0.6961673866923235
2016-01-22,BBRI,2049.964599609375,1208.59,1.6961621390292614,0.6961621390292614
2016-01-25,BBRI,2077.23681640625,1224.67,1.6961604484524402,0.6961604484524402
2016-01-26,BBRI,2054.510009765625,1211.27,1.6961618877423077,0.6961618877423077
2016-01-27,BBRI,2068.14599609375,1219.31,1.6961609402807736,0.6961609402807736
2016-01-28,BBRI,2045.419189453125,1205.91,1.6961623914331292,0.6961623914331292
2016-01-29,BBRI,2040.873779296875,1203.23,1.6961626449613747,0.6961626449613747
2016-02-01,BBRI,2040.873779296875,1203.23,1.6961626449613747,0.6961626449613747
2016-02-02,BBRI,2004.5108642578125,1181.79,1.69616502446104,0.69616502446104
2016-02-03,BBRI,1986.329345703125,1171.07,1.6961661947647237,0.6961661947647237
2016-02-04,BBRI,2072.69140625,1221.99,1.6961606938272817,0.6961606938272817
2016-02-05,BBRI,2236.324951171875,1318.46,1.696164427568432,0.696164427568432
2016-02-09,BBRI,2177.235107421875,1283.62,1.6961679526821607,0.6961679526821607
2016-02-10,BBRI,2140.8720703125,1262.18,1.6961701740738246,0.6961701740738246
2016-02-11,BBRI,2159.0537109375,1272.9,1.696169149923403,0.6961691499234031
2016-02-12,BBRI,2145.41748046875,1264.86,1.6961699164087332,0.6961699164087332
2016-02-15,BBRI,2159.0537109375,1272.9,1.696169149923403,0.6961691499234031
2016-02-16,BBRI,2168.144287109375,1278.26,1.6961684532953976,0.6961684532953976
2016-02-17,BBRI,2172.689697265625,1280.94,1.6961682024650842,0.6961682024650842
2016-02-18,BBRI,2181.780517578125,1286.3,1.6961677039400802,0.6961677039400802
2016-02-19,BBRI,2081.7822265625,1227.35,1.6961602041491832,0.6961602041491832
2016-02-22,BBRI,1995.4200439453125,1176.43,1.6961655550651653,0.6961655550651653
2016-02-23,BBRI,1927.2393798828125,1136.23,1.6961701239034461,0.6961701239034461
2016-02-24,BBRI,1940.8756103515625,1144.27,1.6961692697978297,0.6961692697978297
2016-02-25,BBRI,1899.9671630859375,1120.15,1.6961720868508123,0.6961720868508123
2016-02-26,BBRI,1972.6932373046875,1163.03,1.6961671128901985,0.6961671128901985
2016-02-29,BBRI,2013.6015625,1187.15,1.6961643958219264,0.6961643958219264
2016-03-01,BBRI,1945.4208984375,1146.95,1.6961688813265616,0.6961688813265616
2016-03-02,BBRI,1995.4200439453125,1176.43,1.6961655550651653,0.6961655550651653
2016-03-03,BBRI,2027.2376708984375,1195.19,1.6961635145026628,0.6961635145026628
2016-03-04,BBRI,2068.14599609375,1219.31,1.6961609402807736,0.6961609402807736
2016-03-07,BBRI,2072.69140625,1221.99,1.6961606938272817,0.6961606938272817
2016-03-08,BBRI,2059.055419921875,1213.95,1.6961616375648707,0.6961616375648707
2016-03-10,BBRI,1999.9654541015625,1179.11,1.6961652891600976,0.6961652891600976
2016-03-11,BBRI,1999.9654541015625,1179.11,1.6961652891600976,0.6961652891600976
2016-03-14,BBRI,1999.9654541015625,1179.11,1.6961652891600976,0.6961652891600976
2016-03-15,BBRI,2013.6015625,1187.15,1.6961643958219264,0.6961643958219264
2016-03-16,BBRI,2009.05615234375,1184.47,1.696164657900791,0.696164657900791
2016-03-17,BBRI,1999.9654541015625,1179.11,1.6961652891600976,0.6961652891600976
2016-03-18,BBRI,2022.6923828125,1192.51,1.6961638751981116,0.6961638751981116
2016-03-21,BBRI,2027.2376708984375,1195.19,1.6961635145026628,0.6961635145026628
2016-03-22,BBRI,2031.7830810546875,1197.87,1.696163257327329,0.6961632573273291
2016-03-23,BBRI,2049.964599609375,1208.59,1.6961621390292614,0.6961621390292614
2016-03-24,BBRI,2049.964599609375,1208.59,1.6961621390292614,0.6961621390292614
2016-03-28,BBRI,2018.14697265625,1189.83,1.6961641349236867,0.6961641349236867
2016-03-29,BBRI,1995.4200439453125,1176.43,1.6961655550651653,0.6961655550651653
2016-03-30,BBRI,2027.2376708984375,1195.19,1.6961635145026628,0.6961635145026628
2016-03-31,BBRI,2077.23681640625,1224.67,1.6961604484524402,0.6961604484524402
2016-04-01,BBRI,2018.14697265625,1223.2,1.6498912464488635,0.6498912464488635
2016-04-04,BBRI,2018.14697265625,1223.2,1.6498912464488635,0.6498912464488635
2016-04-05,BBRI,2018.14697265625,1223.2,1.6498912464488635,0.6498912464488635
2016-04-06,BBRI,2027.2376708984375,1228.71,1.6498910816209174,0.6498910816209174
2016-04-07,BBRI,2018.14697265625,1223.2,1.6498912464488635,0.6498912464488635
2016-04-08,BBRI,1963.6024169921875,1190.14,1.6498919597628745,0.6498919597628745
2016-04-11,BBRI,1963.6024169921875,1190.14,1.6498919597628745,0.6498919597628745
2016-04-12,BBRI,1931.7847900390625,1170.85,1.649899466233132,0.6498994662331321
2016-04-13,BBRI,1931.7847900390625,1170.85,1.649899466233132,0.6498994662331321
2016-04-14,BBRI,1931.7847900390625,1170.85,1.649899466233132,0.6498994662331321
2016-04-15,BBRI,1931.7847900390625,1170.85,1.649899466233132,0.6498994662331321
2016-04-18,BBRI,1931.7847900390625,1170.85,1.649899466233132,0.6498994662331321
2016-04-19,BBRI,1931.7847900390625,1170.85,1.649899466233132,0.6498994662331321
2016-04-20,BBRI,1904.5125732421875,1154.32,1.6499000045413643,0.6499000045413643
2016-04-21,BBRI,1945.4208984375,1179.12,1.6498922064230106,0.6498922064230106
2016-04-22,BBRI,1981.783935546875,1201.16,1.649891717628688,0.649891717628688
2016-04-25,BBRI,1909.0579833984375,1157.08,1.6498928193369842,0.6498928193369842
2016-04-26,BBRI,1854.513427734375,1124.02,1.6498936208736277,0.6498936208736277
2016-04-27,BBRI,1854.513427734375,1124.02,1.6498936208736277,0.6498936208736277
2016-04-28,BBRI,1886.3310546875,1143.3,1.64990033647118,0.64990033647118
2016-04-29,BBRI,1881.78564453125,1140.55,1.6498931607831748,0.6498931607831748
2016-05-02,BBRI,1868.1495361328125,1132.28,1.6499006748620593,0.6499006748620593
2016-05-03,BBRI,1913.603271484375,1159.83,1.6498997883175768,0.6498997883175768
2016-05-04,BBRI,1881.78564453125,1140.55,1.6498931607831748,0.6498931607831748
2016-05-09,BBRI,1822.69580078125,1104.73,1.6499016056242248,0.6499016056242248
2016-05-10,BBRI,1827.2412109375,1107.49,1.649894094698372,0.649894094698372
2016-05-11,BBRI,1818.150390625,1101.98,1.6498941819497632,0.6498941819497632
2016-05-12,BBRI,1799.9688720703125,1090.96,1.6498944709891403,0.6498944709891403
2016-05-13,BBRI,1795.423583984375,1088.2,1.6499022091383706,0.6499022091383706
2016-05-16,BBRI,1809.0596923828125,1096.47,1.649894381408349,0.6498943814083491
2016-05-17,BBRI,1763.60595703125,1068.92,1.6498951811466245,0.6498951811466245
2016-05-18,BBRI,1731.7882080078125,1049.63,1.6499034974303444,0.6499034974303444
2016-05-19,BBRI,1759.060546875,1066.16,1.6499029666044496,0.6499029666044496
2016-05-20,BBRI,1781.787353515625,1079.94,1.6498947659273895,0.6498947659273895
2016-05-23,BBRI,1804.5142822265625,1093.71,1.6499019687362853,0.6499019687362853
2016-05-24,BBRI,1786.332763671875,1082.69,1.6499023392401102,0.6499023392401102
2016-05-25,BBRI,1804.5142822265625,1093.71,1.6499019687362853,0.6499019687362853
2016-05-26,BBRI,1872.6949462890625,1135.04,1.6498933485067158,0.6498933485067158
2016-05-27,BBRI,1890.87646484375,1146.06,1.6498930813777202,0.6498930813777202
2016-05-30,BBRI,1931.7847900390625,1170.85,1.649899466233132,0.6498994662331321
2016-05-31,BBRI,1881.78564453125,1140.55,1.6498931607831748,0.6498931607831748
2016-06-01,BBRI,1899.9671630859375,1151.57,1.6498928967287596,0.6498928967287596
2016-06-02,BBRI,1868.1495361328125,1132.28,1.6499006748620593,0.6499006748620593
2016-06-03,BBRI,1890.87646484375,1146.06,1.6498930813777202,0.6498930813777202
2016-06-06,BBRI,1927.2393798828125,1168.1,1.649892457737191,0.649892457737191
2016-06-07,BBRI,1936.3302001953125,1173.61,1.6498923834964874,0.6498923834964874
2016-06-08,BBRI,1936.3302001953125,1173.61,1.6498923834964874,0.6498923834964874
2016-06-09,BBRI,1886.3310546875,1143.3,1.64990033647118,0.64990033647118
2016-06-10,BBRI,1877.2403564453125,1137.79,1.6499005584908573,0.6499005584908573
2016-06-13,BBRI,1836.3319091796875,1113.0,1.6498938986340408,0.6498938986340408
2016-06-14,BBRI,1813.60498046875,1099.22,1.6499017307443005,0.6499017307443005
2016-06-15,BBRI,1827.2412109375,1107.49,1.649894094698372,0.649894094698372
2016-06-16,BBRI,1854.513427734375,1124.02,1.6498936208736277,0.6498936208736277
2016-06-17,BBRI,1863.6041259765625,1129.53,1.6498934299899626,0.6498934299899626
2016-06-20,BBRI,1877.2403564453125,1137.79,1.6499005584908573,0.6499005584908573
2016-06-21,BBRI,1890.87646484375,1146.06,1.6498930813777202,0.6498930813777202
2016-06-22,BBRI,1909.0579833984375,1157.08,1.6498928193369842,0.6498928193369842
2016-06-23,BBRI,1895.4217529296875,1148.81,1.6499001165812341,0.6499001165812341
2016-06-24,BBRI,1872.6949462890625,1135.04,1.6498933485067158,0.6498933485067158
2016-06-27,BBRI,1859.058837890625,1126.77,1.6499009007078862,0.6499009007078862
2016-06-28,BBRI,1886.3310546875,1143.3,1.64990033647118,0.64990033647118
2016-06-29,BBRI,1940.8756103515625,1176.36,1.649899359338606,0.649899359338606
2016-06-30,BBRI,1963.6024169921875,1190.14,1.6498919597628745,0.6498919597628745
2016-07-01,BBRI,1954.51171875,1184.63,1.6498921340418526,0.6498921340418526
2016-07-11,BBRI,2063.600830078125,1250.75,1.6498907296247252,0.6498907296247252
2016-07-12,BBRI,2090.873046875,1267.28,1.649890353256581,0.649890353256581
2016-07-13,BBRI,2099.963623046875,1272.78,1.6499030649812811,0.6499030649812811
2016-07-14,BBRI,2068.14599609375,1253.5,1.6498970850368966,0.6498970850368966
2016-07-15,BBRI,2090.873046875,1267.28,1.649890353256581,0.649890353256581
2016-07-18,BBRI,2086.32763671875,1264.52,1.6498969069043985,0.6498969069043985
2016-07-19,BBRI,2145.41748046875,1300.33,1.6499023174646053,0.6499023174646053
2016-07-20,BBRI,2159.0537109375,1308.6,1.6498958512436956,0.6498958512436956
2016-07-21,BBRI,2090.873046875,1267.28,1.649890353256581,0.649890353256581
2016-07-22,BBRI,2077.23681640625,1259.01,1.6498969955808531,0.6498969955808531
2016-07-25,BBRI,2063.600830078125,1250.75,1.6498907296247252,0.6498907296247252
2016-07-26,BBRI,2099.963623046875,1272.78,1.6499030649812811,0.6499030649812811
2016-07-27,BBRI,2109.054443359375,1278.29,1.6499029510982446,0.6499029510982446
2016-07-28,BBRI,2072.69140625,1256.26,1.6498904735086686,0.6498904735086686
2016-07-29,BBRI,2095.41845703125,1270.03,1.649896818997386,0.6498968189973859
2016-08-01,BBRI,2131.78125,1292.07,1.649896096960691,0.6498960969606911
2016-08-02,BBRI,2136.32666015625,1294.82,1.6499024267127864,0.6499024267127864
2016-08-03,BBRI,2118.145263671875,1283.8,1.6499028381927676,0.6499028381927676
2016-08-04,BBRI,2145.41748046875,1300.33,1.6499023174646053,0.6499023174646053
2016-08-05,BBRI,2177.235107421875,1319.62,1.6498955058440121,0.6498955058440121
2016-08-08,BBRI,2209.052734375,1338.9,1.6499012132160729,0.6499012132160729
2016-08-09,BBRI,2181.780517578125,1322.37,1.6499017049525664,0.6499017049525664
2016-08-10,BBRI,2181.780517578125,1322.37,1.6499017049525664,0.6499017049525664
2016-08-11,BBRI,2163.598876953125,1311.35,1.6499019155474322,0.6499019155474322
2016-08-12,BBRI,2172.689697265625,1316.86,1.6499018098094143,0.6499018098094143
2016-08-15,BBRI,2181.780517578125,1322.37,1.6499017049525664,0.6499017049525664
2016-08-16,BBRI,2199.9619140625,1333.39,1.6499013147409984,0.6499013147409984
2016-08-18,BBRI,2199.9619140625,1333.39,1.6499013147409984,0.6499013147409984
2016-08-19,BBRI,2181.780517578125,1322.37,1.6499017049525664,0.6499017049525664
2016-08-22,BBRI,2154.50830078125,1305.84,1.6499022091383708,0.6499022091383708
2016-08-23,BBRI,2099.963623046875,1272.78,1.6499030649812811,0.6499030649812811
2016-08-24,BBRI,2118.145263671875,1283.8,1.6499028381927676,0.6499028381927676
2016-08-25,BBRI,2154.50830078125,1305.84,1.6499022091383708,0.6499022091383708
2016-08-26,BBRI,2136.32666015625,1294.82,1.6499024267127864,0.6499024267127864
2016-08-29,BBRI,2090.873046875,1267.28,1.649890353256581,0.649890353256581
2016-08-30,BBRI,2095.41845703125,1270.03,1.649896818997386,0.6498968189973859
2016-08-31,BBRI,2118.145263671875,1283.8,1.6499028381927676,0.6499028381927676
2016-09-01,BBRI,2127.236083984375,1289.31,1.6499027262523172,0.6499027262523172
2016-09-02,BBRI,2113.599853515625,1281.05,1.6498964548734436,0.6498964548734436
2016-09-05,BBRI,2145.41748046875,1300.33,1.6499023174646053,0.6499023174646053
2016-09-06,BBRI,2159.0537109375,1308.6,1.6498958512436956,0.6498958512436956
2016-09-07,BBRI,2177.235107421875,1319.62,1.6498955058440121,0.6498955058440121
2016-09-08,BBRI,2177.235107421875,1319.62,1.6498955058440121,0.6498955058440121
2016-09-09,BBRI,2136.32666015625,1294.82,1.6499024267127864,0.6499024267127864
2016-09-13,BBRI,2122.690673828125,1286.56,1.6498963700318097,0.6498963700318097
2016-09-14,BBRI,2127.236083984375,1289.31,1.6499027262523172,0.6499027262523172
2016-09-15,BBRI,2177.235107421875,1319.62,1.6498955058440121,0.6498955058440121
2016-09-16,BBRI,2168.144287109375,1314.11,1.6498955849277268,0.6498955849277268
2016-09-19,BBRI,2154.50830078125,1305.84,1.6499022091383708,0.6499022091383708
2016-09-20,BBRI,2181.780517578125,1322.37,1.6499017049525664,0.6499017049525664
2016-09-21,BBRI,2181.780517578125,1322.37,1.6499017049525664,0.6499017049525664
2016-09-22,BBRI,2195.41650390625,1330.64,1.6498951661653414,0.6498951661653414
2016-09-23,BBRI,2195.41650390625,1330.64,1.6498951661653414,0.6498951661653414
2016-09-26,BBRI,2186.325927734375,1325.13,1.6498954274179702,0.6498954274179702
2016-09-27,BBRI,2199.9619140625,1333.39,1.6499013147409984,0.6499013147409984
2016-09-28,BBRI,2199.9619140625,1333.39,1.6499013147409984,0.6499013147409984
2016-09-29,BBRI,2222.68896484375,1347.17,1.6498949389043327,0.6498949389043327
2016-09-30,BBRI,2218.1435546875,1344.41,1.6499011125233374,0.6499011125233374
2016-10-03,BBRI,2231.779541015625,1352.68,1.6498946838983535,0.6498946838983535
2016-10-04,BBRI,2231.779541015625,1352.68,1.6498946838983535,0.6498946838983535
2016-10-05,BBRI,2236.324951171875,1355.43,1.649900733473418,0.6499007334734179
2016-10-06,BBRI,2254.506591796875,1366.45,1.6499005392051482,0.6499005392051482
2016-10-07,BBRI,2177.235107421875,1319.62,1.6498955058440121,0.6498955058440121
2016-10-10,BBRI,2154.50830078125,1305.84,1.6499022091383708,0.6499022091383708
2016-10-11,BBRI,2172.689697265625,1316.86,1.6499018098094143,0.6499018098094143
2016-10-12,BBRI,2181.780517578125,1322.37,1.6499017049525664,0.6499017049525664
2016-10-13,BBRI,2177.235107421875,1319.62,1.6498955058440121,0.6498955058440121
2016-10-14,BBRI,2222.68896484375,1347.17,1.6498949389043327,0.6498949389043327
2016-10-17,BBRI,2209.052734375,1338.9,1.6499012132160729,0.6499012132160729
2016-10-18,BBRI,2218.1435546875,1344.41,1.6499011125233374,0.6499011125233374
2016-10-19,BBRI,2209.052734375,1338.9,1.6499012132160729,0.6499012132160729
2016-10-20,BBRI,2204.50732421875,1336.15,1.6498950897868876,0.6498950897868876
2016-10-21,BBRI,2222.68896484375,1347.17,1.6498949389043327,0.6498949389043327
2016-10-24,BBRI,2218.1435546875,1344.41,1.6499011125233374,0.6499011125233374
2016-10-25,BBRI,2209.052734375,1338.9,1.6499012132160729,0.6499012132160729
2016-10-26,BBRI,2195.41650390625,1330.64,1.6498951661653414,0.6498951661653414
2016-10-27,BBRI,2218.1435546875,1344.41,1.6499011125233374,0.6499011125233374
2016-10-28,BBRI,2218.1435546875,1344.41,1.6499011125233374,0.6499011125233374
2016-10-31,BBRI,2218.1435546875,1344.41,1.6499011125233374,0.6499011125233374
2016-11-01,BBRI,2222.68896484375,1347.17,1.6498949389043327,0.6498949389043327
2016-11-02,BBRI,2254.506591796875,1366.45,1.6499005392051482,0.6499005392051482
2016-11-03,BBRI,2240.870361328125,1358.19,1.6498946107158239,0.6498946107158239
2016-11-04,BBRI,2254.506591796875,1366.45,1.6499005392051482,0.6499005392051482
2016-11-07,BBRI,2263.59716796875,1371.96,1.64990026529108,0.6499002652910799
2016-11-08,BBRI,2340.86865234375,1418.8,1.6498933269972864,0.6498933269972864
2016-11-09,BBRI,2290.86962890625,1388.49,1.64989998408793,0.64989998408793
2016-11-10,BBRI,2309.051025390625,1399.51,1.6498996258623555,0.6498996258623555
2016-11-11,BBRI,2177.235107421875,1319.62,1.6498955058440121,0.6498955058440121
2016-11-14,BBRI,2022.6923828125,1225.95,1.6498979426669114,0.6498979426669114
2016-11-15,BBRI,2004.5108642578125,1214.93,1.6498982363245722,0.6498982363245722
2016-11-16,BBRI,2090.873046875,1267.28,1.649890353256581,0.649890353256581
2016-11-17,BBRI,2090.873046875,1267.28,1.649890353256581,0.649890353256581
2016-11-18,BBRI,2090.873046875,1267.28,1.649890353256581,0.649890353256581
2016-11-21,BBRI,2081.7822265625,1261.76,1.6499034892233864,0.6499034892233864
2016-11-22,BBRI,2086.32763671875,1264.52,1.6498969069043985,0.6498969069043985
2016-11-23,BBRI,2090.873046875,1267.28,1.649890353256581,0.649890353256581
2016-11-24,BBRI,2054.510009765625,1245.24,1.6498907919482388,0.6498907919482388
2016-11-25,BBRI,1986.329345703125,1203.91,1.6498985353582285,0.6498985353582285
2016-11-28,BBRI,1904.5125732421875,1154.32,1.6499000045413643,0.6499000045413643
2016-11-29,BBRI,1918.148681640625,1162.59,1.6498926376802012,0.6498926376802012
2016-11-30,BBRI,1981.783935546875,1201.16,1.649891717628688,0.649891717628688
2016-12-01,BBRI,2009.05615234375,1217.69,1.649891312521044,0.6498913125210439
2016-12-02,BBRI,2054.510009765625,1245.24,1.6498907919482388,0.6498907919482388
2016-12-05,BBRI,2022.6923828125,1225.95,1.6498979426669114,0.6498979426669114
2016-12-06,BBRI,2059.055419921875,1247.99,1.6498973709099232,0.6498973709099232
2016-12-07,BBRI,2077.23681640625,1259.01,1.6498969955808531,0.6498969955808531
2016-12-08,BBRI,2090.873046875,1267.28,1.649890353256581,0.649890353256581
2016-12-09,BBRI,2086.32763671875,1264.52,1.6498969069043985,0.6498969069043985
2016-12-13,BBRI,2131.78125,1292.07,1.649896096960691,0.6498960969606911
2016-12-14,BBRI,2090.873046875,1267.28,1.649890353256581,0.649890353256581
2016-12-15,BBRI,2072.69140625,1256.26,1.6498904735086686,0.6498904735086686
2016-12-16,BBRI,2049.964599609375,1242.48,1.6498974628238483,0.6498974628238483
2016-12-19,BBRI,2045.419189453125,1239.73,1.6498908548257483,0.6498908548257483
2016-12-20,BBRI,2040.873779296875,1236.97,1.6498975555566222,0.6498975555566222
2016-12-21,BBRI,1999.9654541015625,1212.18,1.649891479897014,0.6498914798970139
2016-12-22,BBRI,1977.238525390625,1198.4,1.6498986360068633,0.6498986360068633
2016-12-23,BBRI,1977.238525390625,1198.4,1.6498986360068633,0.6498986360068633
2016-12-27,BBRI,1999.9654541015625,1212.18,1.649891479897014,0.6498914798970139
2016-12-28,BBRI,2068.14599609375,1253.5,1.6498970850368966,0.6498970850368966
2016-12-29,BBRI,2118.145263671875,1283.8,1.6499028381927676,0.6499028381927676
2016-12-30,BBRI,2122.690673828125,1286.56,1.6498963700318097,0.6498963700318097
2017-01-02,BBRI,2122.690673828125,1286.56,1.6498963700318097,0.6498963700318097
2017-01-03,BBRI,2163.598876953125,1311.35,1.6499019155474322,0.6499019155474322
2017-01-04,BBRI,2218.1435546875,1344.41,1.6499011125233374,0.6499011125233374
2017-01-05,BBRI,2199.9619140625,1333.39,1.6499013147409984,0.6499013147409984
2017-01-06,BBRI,2199.9619140625,1333.39,1.6499013147409984,0.6499013147409984
2017-01-09,BBRI,2136.32666015625,1294.82,1.6499024267127864,0.6499024267127864
2017-01-10,BBRI,2145.41748046875,1300.33,1.6499023174646053,0.6499023174646053
2017-01-11,BBRI,2145.41748046875,1300.33,1.6499023174646053,0.6499023174646053
2017-01-12,BBRI,2159.0537109375,1308.6,1.6498958512436956,0.6498958512436956
2017-01-13,BBRI,2172.689697265625,1316.86,1.6499018098094143,0.6499018098094143
2017-01-16,BBRI,2163.598876953125,1311.35,1.6499019155474322,0.6499019155474322
2017-01-17,BBRI,2168.144287109375,1314.11,1.6498955849277268,0.6498955849277268
2017-01-18,BBRI,2172.689697265625,1316.86,1.6499018098094143,0.6499018098094143
2017-01-19,BBRI,2181.780517578125,1322.37,1.6499017049525664,0.6499017049525664
2017-01-20,BBRI,2145.41748046875,1300.33,1.6499023174646053,0.6499023174646053
2017-01-23,BBRI,2145.41748046875,1300.33,1.6499023174646053,0.6499023174646053
2017-01-24,BBRI,2149.962890625,1303.09,1.649895932456699,0.6498959324566991
2017-01-25,BBRI,2127.236083984375,1289.31,1.6499027262523172,0.6499027262523172
2017-01-26,BBRI,2136.32666015625,1294.82,1.6499024267127864,0.6499024267127864
2017-01-27,BBRI,2131.78125,1292.07,1.649896096960691,0.6498960969606911
2017-01-30,BBRI,2136.32666015625,1294.82,1.6499024267127864,0.6499024267127864
2017-01-31,BBRI,2131.78125,1292.07,1.649896096960691,0.6498960969606911
2017-02-01,BBRI,2172.689697265625,1316.86,1.6499018098094143,0.6499018098094143
2017-02-02,BBRI,2177.235107421875,1319.62,1.6498955058440121,0.6498955058440121
2017-02-03,BBRI,2181.780517578125,1322.37,1.6499017049525664,0.6499017049525664
2017-02-06,BBRI,2190.871337890625,1327.88,1.6499016009659193,0.6499016009659193
2017-02-07,BBRI,2186.325927734375,1325.13,1.6498954274179702,0.6498954274179702
2017-02-08,BBRI,2172.689697265625,1316.86,1.6499018098094143,0.6499018098094143
2017-02-09,BBRI,2177.235107421875,1319.62,1.6498955058440121,0.6498955058440121
2017-02-10,BBRI,2186.325927734375,1325.13,1.6498954274179702,0.6498954274179702
2017-02-13,BBRI,2195.41650390625,1330.64,1.6498951661653414,0.6498951661653414
2017-02-14,BBRI,2181.780517578125,1322.37,1.6499017049525664,0.6499017049525664
2017-02-15,BBRI,2181.780517578125,1322.37,1.6499017049525664,0.6499017049525664
2017-02-16,BBRI,2181.780517578125,1322.37,1.6499017049525664,0.6499017049525664
2017-02-17,BBRI,2127.236083984375,1289.31,1.6499027262523172,0.6499027262523172
2017-02-20,BBRI,2136.32666015625,1294.82,1.6499024267127864,0.6499024267127864
2017-02-21,BBRI,2163.598876953125,1311.35,1.6499019155474322,0.6499019155474322
2017-02-22,BBRI,2181.780517578125,1322.37,1.6499017049525664,0.6499017049525664
2017-02-23,BBRI,2168.144287109375,1314.11,1.6498955849277268,0.6498955849277268
2017-02-24,BBRI,2172.689697265625,1316.86,1.6499018098094143,0.6499018098094143
2017-02-27,BBRI,2159.0537109375,1308.6,1.6498958512436956,0.6498958512436956
2017-02-28,BBRI,2172.689697265625,1316.86,1.6499018098094143,0.6499018098094143
2017-03-01,BBRI,2172.689697265625,1316.86,1.6499018098094143,0.6499018098094143
2017-03-02,BBRI,2154.50830078125,1305.84,1.6499022091383708,0.6499022091383708
2017-03-03,BBRI,2154.50830078125,1305.84,1.6499022091383708,0.6499022091383708
2017-03-06,BBRI,2172.689697265625,1316.86,1.6499018098094143,0.6499018098094143
2017-03-07,BBRI,2181.780517578125,1322.37,1.6499017049525664,0.6499017049525664
2017-03-08,BBRI,2181.780517578125,1322.37,1.6499017049525664,0.6499017049525664
2017-03-09,BBRI,2195.41650390625,1330.64,1.6498951661653414,0.6498951661653414
2017-03-10,BBRI,2195.41650390625,1330.64,1.6498951661653414,0.6498951661653414
2017-03-13,BBRI,2195.41650390625,1330.64,1.6498951661653414,0.6498951661653414
2017-03-14,BBRI,2190.871337890625,1327.88,1.6499016009659193,0.6499016009659193
2017-03-15,BBRI,2209.052734375,1338.9,1.6499012132160729,0.6499012132160729
2017-03-16,BBRI,2277.2333984375,1380.23,1.6498941469447121,0.6498941469447121
2017-03-17,BBRI,2363.595458984375,1432.57,1.649898754674728,0.6498987546747279
2017-03-20,BBRI,2363.595458984375,1432.57,1.649898754674728,0.6498987546747279
2017-03-21,BBRI,2363.595458984375,1432.57,1.649898754674728,0.6498987546747279
2017-03-22,BBRI,2399.95849609375,1454.61,1.6498982518295282,0.6498982518295282
2017-03-23,BBRI,2390.86767578125,1497.73,1.596327559560969,0.596327559560969
2017-03-24,BBRI,2390.86767578125,1497.73,1.596327559560969,0.596327559560969
2017-03-27,BBRI,2322.687255859375,1455.02,1.5963266868217447,0.5963266868217447
2017-03-29,BBRI,2331.77783203125,1460.72,1.5963208773969344,0.5963208773969344
2017-03-30,BBRI,2354.5048828125,1474.95,1.5963286096562594,0.5963286096562594
2017-03-31,BBRI,2359.050048828125,1477.8,1.5963256522047131,0.5963256522047131
2017-04-03,BBRI,2368.140869140625,1483.5,1.5963201005329457,0.5963201005329457
2017-04-04,BBRI,2368.140869140625,1483.5,1.5963201005329457,0.5963201005329457
2017-04-05,BBRI,2368.140869140625,1483.5,1.5963201005329457,0.5963201005329457
2017-04-06,BBRI,2395.4130859375,1500.58,1.5963248116978102,0.5963248116978102
2017-04-07,BBRI,2372.686279296875,1486.34,1.5963280805851119,0.5963280805851119
2017-04-10,BBRI,2381.777099609375,1492.04,1.596322551412412,0.596322551412412
2017-04-11,BBRI,2345.4140625,1469.26,1.5963233617603418,0.5963233617603418
2017-04-12,BBRI,2322.687255859375,1455.02,1.5963266868217447,0.5963266868217447
2017-04-13,BBRI,2309.051025390625,1446.48,1.5963241976319238,0.5963241976319238
2017-04-17,BBRI,2259.052001953125,1415.16,1.5963226786745843,0.5963226786745843
2017-04-18,BBRI,2340.86865234375,1466.41,1.5963261654951548,0.5963261654951548
2017-04-19,BBRI,2340.86865234375,1466.41,1.5963261654951548,0.5963261654951548
2017-04-20,BBRI,2318.141845703125,1452.17,1.5963295245757212,0.5963295245757212
2017-04-21,BBRI,2349.95947265625,1472.11,1.5963205688815714,0.5963205688815714
2017-04-25,BBRI,2386.322509765625,1494.89,1.5963198026380703,0.5963198026380703
2017-04-26,BBRI,2404.50390625,1506.28,1.5963193471665296,0.5963193471665296
2017-04-27,BBRI,2363.595458984375,1480.65,1.5963228710258162,0.5963228710258162
2017-04-28,BBRI,2345.4140625,1469.26,1.5963233617603418,0.5963233617603418
2017-05-02,BBRI,2372.686279296875,1486.34,1.5963280805851119,0.5963280805851119
2017-05-03,BBRI,2399.95849609375,1503.43,1.5963220742527087,0.5963220742527087
2017-05-04,BBRI,2531.7744140625,1586.0,1.5963268688918664,0.5963268688918664
2017-05-05,BBRI,2531.7744140625,1586.0,1.5963268688918664,0.5963268688918664
2017-05-08,BBRI,2563.592041015625,1605.93,1.5963286326400434,0.5963286326400434
2017-05-09,BBRI,2545.41064453125,1594.54,1.596329125974419,0.596329125974419
2017-05-10,BBRI,2540.865234375,1591.7,1.59632169025256,0.5963216902525601
2017-05-12,BBRI,2549.9560546875,1597.39,1.596326541851082,0.5963265418510819
2017-05-15,BBRI,2599.955078125,1628.71,1.596327816569555,0.5963278165695549
2017-05-16,BBRI,2549.9560546875,1597.39,1.596326541851082,0.5963265418510819
2017-05-17,BBRI,2563.592041015625,1605.93,1.5963286326400434,0.5963286326400434
2017-05-18,BBRI,2563.592041015625,1605.93,1.5963286326400434,0.5963286326400434
2017-05-19,BBRI,2636.318115234375,1651.49,1.5963270230121738,0.5963270230121738
2017-05-22,BBRI,2659.044921875,1665.73,1.5963240872620412,0.5963240872620412
2017-05-23,BBRI,2631.772705078125,1648.65,1.5963198405229277,0.5963198405229277
2017-05-24,BBRI,2572.682861328125,1611.63,1.5963235118036552,0.5963235118036552
2017-05-26,BBRI,2586.31884765625,1620.17,1.5963256001877888,0.5963256001877888
2017-05-29,BBRI,2581.773681640625,1617.32,1.5963282972081128,0.5963282972081128
2017-05-30,BBRI,2581.773681640625,1617.32,1.5963282972081128,0.5963282972081128
2017-05-31,BBRI,2631.772705078125,1648.65,1.5963198405229277,0.5963198405229277
2017-06-01,BBRI,2631.772705078125,1648.65,1.5963198405229277,0.5963198405229277
2017-06-02,BBRI,2681.77197265625,1679.97,1.5963213466051478,0.5963213466051478
2017-06-05,BBRI,2731.77099609375,1711.29,1.596322654894115,0.596322654894115
2017-06-06,BBRI,2668.1357421875,1671.42,1.5963287158149955,0.5963287158149955
2017-06-07,BBRI,2713.589599609375,1699.9,1.5963230775983146,0.5963230775983146
2017-06-08,BBRI,2663.59033203125,1668.58,1.5963216219966978,0.5963216219966978
2017-06-09,BBRI,2613.59130859375,1637.26,1.5963202598205233,0.5963202598205233
2017-06-12,BBRI,2659.044921875,1665.73,1.5963240872620412,0.5963240872620412
2017-06-13,BBRI,2631.772705078125,1648.65,1.5963198405229277,0.5963198405229277
2017-06-14,BBRI,2699.953369140625,1691.36,1.596320930576947,0.596320930576947
2017-06-15,BBRI,2668.1357421875,1671.42,1.5963287158149955,0.5963287158149955
2017-06-16,BBRI,2668.1357421875,1671.42,1.5963287158149955,0.5963287158149955
2017-06-19,BBRI,2690.862548828125,1685.66,1.5963258004746657,0.5963258004746657
2017-06-20,BBRI,2722.68017578125,1705.59,1.596327473649148,0.596327473649148
2017-06-21,BBRI,2781.77001953125,1742.61,1.5963239161552212,0.5963239161552212
2017-06-22,BBRI,2772.679443359375,1736.91,1.596328792717743,0.596328792717743
2017-06-23,BBRI,2772.679443359375,1736.91,1.596328792717743,0.596328792717743
2017-06-26,BBRI,2772.679443359375,1736.91,1.596328792717743,0.596328792717743
2017-06-27,BBRI,2772.679443359375,1736.91,1.596328792717743,0.596328792717743
2017-06-28,BBRI,2772.679443359375,1736.91,1.596328792717743,0.596328792717743
2017-06-29,BBRI,2772.679443359375,1736.91,1.596328792717743,0.596328792717743
2017-06-30,BBRI,2772.679443359375,1736.91,1.596328792717743,0.596328792717743
2017-07-03,BBRI,2818.133056640625,1765.39,1.5963232241264678,0.5963232241264678
2017-07-04,BBRI,2781.77001953125,1742.61,1.5963239161552212,0.5963239161552212
2017-07-05,BBRI,2763.588623046875,1731.22,1.5963243395102154,0.5963243395102154
2017-07-06,BBRI,2736.31640625,1714.14,1.5963202575343904,0.5963202575343904
2017-07-07,BBRI,2736.31640625,1714.14,1.5963202575343904,0.5963202575343904
2017-07-10,BBRI,2677.2265625,1677.12,1.5963237946598932,0.5963237946598932
2017-07-11,BBRI,2659.044921875,1665.73,1.5963240872620412,0.5963240872620412
2017-07-12,BBRI,2695.407958984375,1688.51,1.596323361415908,0.596323361415908
2017-07-13,BBRI,2709.044189453125,1697.05,1.5963254998103327,0.5963254998103327
2017-07-14,BBRI,2690.862548828125,1685.66,1.5963258004746657,0.5963258004746657
2017-07-17,BBRI,2727.2255859375,1708.44,1.5963250602523353,0.5963250602523353
2017-07-18,BBRI,2709.044189453125,1697.05,1.5963254998103327,0.5963254998103327
2017-07-19,BBRI,2677.2265625,1677.12,1.5963237946598932,0.5963237946598932
2017-07-20,BBRI,2677.2265625,1677.12,1.5963237946598932,0.5963237946598932
2017-07-21,BBRI,2668.1357421875,1671.42,1.5963287158149955,0.5963287158149955
2017-07-24,BBRI,2668.1357421875,1671.42,1.5963287158149955,0.5963287158149955
2017-07-25,BBRI,2690.862548828125,1685.66,1.5963258004746657,0.5963258004746657
2017-07-26,BBRI,2686.317138671875,1682.81,1.596328247794983,0.596328247794983
2017-07-27,BBRI,2672.68115234375,1674.27,1.5963262510489646,0.5963262510489646
2017-07-28,BBRI,2636.318115234375,1651.49,1.5963270230121738,0.5963270230121738
2017-07-31,BBRI,2686.317138671875,1682.81,1.596328247794983,0.596328247794983
2017-08-01,BBRI,2690.862548828125,1685.66,1.5963258004746657,0.5963258004746657
2017-08-02,BBRI,2718.134765625,1702.75,1.5963205201145205,0.5963205201145205
2017-08-03,BBRI,2699.953369140625,1691.36,1.596320930576947,0.596320930576947
2017-08-04,BBRI,2713.589599609375,1699.9,1.5963230775983146,0.5963230775983146
2017-08-07,BBRI,2709.044189453125,1697.05,1.5963254998103327,0.5963254998103327
2017-08-08,BBRI,2718.134765625,1702.75,1.5963205201145205,0.5963205201145205
2017-08-09,BBRI,2731.77099609375,1711.29,1.596322654894115,0.596322654894115
2017-08-10,BBRI,2727.2255859375,1708.44,1.5963250602523353,0.5963250602523353
2017-08-11,BBRI,2727.2255859375,1708.44,1.5963250602523353,0.5963250602523353
2017-08-14,BBRI,2740.86181640625,1716.98,1.5963271653753974,0.5963271653753974
2017-08-15,BBRI,2736.31640625,1714.14,1.5963202575343904,0.5963202575343904
2017-08-16,BBRI,2772.679443359375,1736.91,1.596328792717743,0.596328792717743
2017-08-17,BBRI,2772.679443359375,1736.91,1.596328792717743,0.596328792717743
2017-08-18,BBRI,2754.497802734375,1725.53,1.5963198569334494,0.5963198569334494
2017-08-21,BBRI,2777.224853515625,1739.76,1.5963264206072245,0.5963264206072245
2017-08-22,BBRI,2781.77001953125,1742.61,1.5963239161552212,0.5963239161552212
2017-08-23,BBRI,2781.77001953125,1742.61,1.5963239161552212,0.5963239161552212
2017-08-24,BBRI,2768.134033203125,1734.07,1.5963219669350863,0.5963219669350863
2017-08-25,BBRI,2781.77001953125,1742.61,1.5963239161552212,0.5963239161552212
2017-08-28,BBRI,2768.134033203125,1734.07,1.5963219669350863,0.5963219669350863
2017-08-29,BBRI,2722.68017578125,1705.59,1.596327473649148,0.596327473649148
2017-08-30,BBRI,2740.86181640625,1716.98,1.5963271653753974,0.5963271653753974
2017-08-31,BBRI,2749.952392578125,1722.68,1.596322237779579,0.5963222377795789
2017-09-01,BBRI,2749.952392578125,1722.68,1.596322237779579,0.5963222377795789
2017-09-04,BBRI,2704.498779296875,1694.2,1.5963279301716886,0.5963279301716886
2017-09-05,BBRI,2727.2255859375,1708.44,1.5963250602523353,0.5963250602523353
2017-09-06,BBRI,2699.953369140625,1691.36,1.596320930576947,0.596320930576947
2017-09-07,BBRI,2727.2255859375,1708.44,1.5963250602523353,0.5963250602523353
2017-09-08,BBRI,2727.2255859375,1708.44,1.5963250602523353,0.5963250602523353
2017-09-11,BBRI,2718.134765625,1702.75,1.5963205201145205,0.5963205201145205
2017-09-12,BBRI,2713.589599609375,1699.9,1.5963230775983146,0.5963230775983146
2017-09-13,BBRI,2709.044189453125,1697.05,1.5963254998103327,0.5963254998103327
2017-09-14,BBRI,2695.407958984375,1688.51,1.596323361415908,0.596323361415908
2017-09-15,BBRI,2699.953369140625,1691.36,1.596320930576947,0.596320930576947
2017-09-18,BBRI,2727.2255859375,1708.44,1.5963250602523353,0.5963250602523353
2017-09-19,BBRI,2731.77099609375,1711.29,1.596322654894115,0.596322654894115
2017-09-20,BBRI,2731.77099609375,1711.29,1.596322654894115,0.596322654894115
2017-09-21,BBRI,2731.77099609375,1711.29,1.596322654894115,0.596322654894115
2017-09-22,BBRI,2849.95068359375,1785.32,1.596324851339676,0.5963248513396759
2017-09-25,BBRI,2849.95068359375,1785.32,1.596324851339676,0.5963248513396759
2017-09-26,BBRI,2827.223876953125,1771.08,1.5963275950002964,0.5963275950002964
2017-09-27,BBRI,2772.679443359375,1736.91,1.596328792717743,0.596328792717743
2017-09-28,BBRI,2672.68115234375,1674.27,1.5963262510489646,0.5963262510489646
2017-09-29,BBRI,2777.224853515625,1739.76,1.5963264206072245,0.5963264206072245
2017-10-02,BBRI,2772.679443359375,1736.91,1.596328792717743,0.596328792717743
2017-10-03,BBRI,2786.3154296875,1745.46,1.5963215597535894,0.5963215597535894
2017-10-04,BBRI,2777.224853515625,1739.76,1.5963264206072245,0.5963264206072245
2017-10-05,BBRI,2786.3154296875,1745.46,1.5963215597535894,0.5963215597535894
2017-10-06,BBRI,2795.40625,1751.15,1.5963259857807726,0.5963259857807726
2017-10-09,BBRI,2795.40625,1751.15,1.5963259857807726,0.5963259857807726
2017-10-10,BBRI,2777.224853515625,1739.76,1.5963264206072245,0.5963264206072245
2017-10-11,BBRI,2777.224853515625,1739.76,1.5963264206072245,0.5963264206072245
2017-10-12,BBRI,2795.40625,1751.15,1.5963259857807726,0.5963259857807726
2017-10-13,BBRI,2790.86083984375,1748.3,1.5963283417283933,0.5963283417283933
2017-10-16,BBRI,2790.86083984375,1748.3,1.5963283417283933,0.5963283417283933
2017-10-17,BBRI,2799.95166015625,1754.0,1.5963236374893102,0.5963236374893102
2017-10-18,BBRI,2799.95166015625,1754.0,1.5963236374893102,0.5963236374893102
2017-10-19,BBRI,2818.133056640625,1765.39,1.5963232241264678,0.5963232241264678
2017-10-20,BBRI,2840.860107421875,1779.63,1.5963206438539892,0.5963206438539892
2017-10-23,BBRI,2840.860107421875,1779.63,1.5963206438539892,0.5963206438539892
2017-10-24,BBRI,2813.587646484375,1762.54,1.596325556574248,0.596325556574248
2017-10-25,BBRI,2836.314697265625,1776.78,1.5963229534695489,0.5963229534695489
2017-10-26,BBRI,2840.860107421875,1779.63,1.5963206438539892,0.5963206438539892
2017-10-27,BBRI,2836.314697265625,1776.78,1.5963229534695489,0.5963229534695489
2017-10-30,BBRI,2827.223876953125,1771.08,1.5963275950002964,0.5963275950002964
2017-10-31,BBRI,2836.314697265625,1776.78,1.5963229534695489,0.5963229534695489
2017-11-01,BBRI,2854.49609375,1788.17,1.5963225497296119,0.5963225497296119
2017-11-02,BBRI,2899.949951171875,1816.64,1.596326157726283,0.5963261577262831
2017-11-03,BBRI,2909.040771484375,1822.34,1.5963216367331976,0.5963216367331976
2017-11-06,BBRI,2954.494384765625,1850.81,1.5963250602523356,0.5963250602523356
2017-11-07,BBRI,2945.403564453125,1845.12,1.5963208704328853,0.5963208704328853
2017-11-08,BBRI,2990.857421875,1873.59,1.5963243942778302,0.5963243942778302
2017-11-09,BBRI,2990.857421875,1873.59,1.5963243942778302,0.5963243942778302
2017-11-10,BBRI,2981.7666015625,1867.89,1.596328799641574,0.596328799641574
2017-11-13,BBRI,2963.585205078125,1856.51,1.5963206258399496,0.5963206258399496
2017-11-14,BBRI,2881.768310546875,1805.25,1.596326442623944,0.5963264426239441
2017-11-15,BBRI,2854.49609375,1788.17,1.5963225497296119,0.5963225497296119
2017-11-16,BBRI,2918.13134765625,1828.03,1.5963257428249262,0.5963257428249262
2017-11-17,BBRI,2990.857421875,1873.59,1.5963243942778302,0.5963243942778302
2017-11-20,BBRI,3036.311279296875,1902.06,1.5963278126330795,0.5963278126330795
2017-11-21,BBRI,2981.7666015625,1867.89,1.596328799641574,0.596328799641574
2017-11-22,BBRI,3090.855712890625,1936.23,1.596326734370723,0.596326734370723
2017-11-23,BBRI,3054.49267578125,1913.45,1.596327406402702,0.596327406402702
2017-11-24,BBRI,3045.40185546875,1907.76,1.5963233611506427,0.5963233611506427
2017-11-27,BBRI,2999.9482421875,1879.28,1.5963285099546103,0.5963285099546103
2017-11-28,BBRI,3072.67431640625,1924.84,1.5963271318168004,0.5963271318168004
2017-11-29,BBRI,2999.9482421875,1879.28,1.5963285099546103,0.5963285099546103
2017-11-30,BBRI,2918.13134765625,1828.03,1.5963257428249262,0.5963257428249262
2017-12-01,BBRI,2918.13134765625,1828.03,1.5963257428249262,0.5963257428249262
2017-12-04,BBRI,2999.9482421875,1879.28,1.5963285099546103,0.5963285099546103
2017-12-05,BBRI,3045.40185546875,1907.76,1.5963233611506427,0.5963233611506427
2017-12-06,BBRI,3145.400146484375,1970.4,1.5963256935060774,0.5963256935060774
2017-12-07,BBRI,3072.67431640625,1924.84,1.5963271318168004,0.5963271318168004
2017-12-08,BBRI,3063.58349609375,1919.15,1.5963231097588775,0.5963231097588775
2017-12-11,BBRI,3127.21875,1959.01,1.5963260779679531,0.5963260779679531
2017-12-12,BBRI,3136.3095703125,1964.71,1.5963218848137892,0.5963218848137892
2017-12-13,BBRI,3136.3095703125,1964.71,1.5963218848137892,0.5963218848137892
2017-12-14,BBRI,3145.400146484375,1970.4,1.5963256935060774,0.5963256935060774
2017-12-15,BBRI,3081.764892578125,1930.54,1.596322734871137,0.5963227348711371
2017-12-18,BBRI,3081.764892578125,1930.54,1.596322734871137,0.5963227348711371
2017-12-19,BBRI,3127.21875,1959.01,1.5963260779679531,0.5963260779679531
2017-12-20,BBRI,3090.855712890625,1936.23,1.596326734370723,0.596326734370723
2017-12-21,BBRI,3109.037109375,1947.62,1.5963263415733049,0.5963263415733049
2017-12-22,BBRI,3145.400146484375,1970.4,1.5963256935060774,0.5963256935060774
2017-12-25,BBRI,3145.400146484375,1970.4,1.5963256935060774,0.5963256935060774
2017-12-26,BBRI,3145.400146484375,1970.4,1.5963256935060774,0.5963256935060774
2017-12-27,BBRI,3227.217041015625,2021.65,1.5963282670173495,0.5963282670173495
2017-12-28,BBRI,3299.943115234375,2067.21,1.5963269891469056,0.5963269891469056
2017-12-29,BBRI,3309.03369140625,2072.91,1.5963228945811687,0.5963228945811687
2018-01-01,BBRI,3309.03369140625,2072.91,1.5963228945811687,0.5963228945811687
2018-01-02,BBRI,3299.943115234375,2067.21,1.5963269891469056,0.5963269891469056
2018-01-03,BBRI,3281.761474609375,2055.82,1.5963272439266933,0.5963272439266933
2018-01-04,BBRI,3227.217041015625,2021.65,1.5963282670173495,0.5963282670173495
2018-01-05,BBRI,3263.580078125,2044.43,1.596327620962811,0.596327620962811
2018-01-08,BBRI,3263.580078125,2044.43,1.596327620962811,0.596327620962811
2018-01-09,BBRI,3245.3984375,2033.04,1.5963278821370952,0.5963278821370952
2018-01-10,BBRI,3209.035400390625,2010.26,1.5963285348117284,0.5963285348117284
2018-01-11,BBRI,3218.126220703125,2015.96,1.5963244413099094,0.5963244413099094
2018-01-12,BBRI,3218.126220703125,2015.96,1.5963244413099094,0.5963244413099094
2018-01-15,BBRI,3227.217041015625,2021.65,1.5963282670173495,0.5963282670173495
2018-01-16,BBRI,3281.761474609375,2055.82,1.5963272439266933,0.5963272439266933
2018-01-17,BBRI,3299.943115234375,2067.21,1.5963269891469056,0.5963269891469056
2018-01-18,BBRI,3290.852294921875,2061.52,1.5963232444613078,0.5963232444613078
2018-01-19,BBRI,3290.852294921875,2061.52,1.5963232444613078,0.5963232444613078
2018-01-22,BBRI,3318.12451171875,2078.6,1.5963266197049697,0.5963266197049697
2018-01-23,BBRI,3563.57470703125,2232.36,1.5963261781393905,0.5963261781393905
2018-01-24,BBRI,3481.758056640625,2181.11,1.5963239160980531,0.5963239160980531
2018-01-25,BBRI,3427.213623046875,2146.94,1.5963248265190806,0.5963248265190806
2018-01-26,BBRI,3499.939453125,2192.5,1.5963235818129988,0.5963235818129988
2018-01-29,BBRI,3454.48583984375,2164.02,1.5963280560455773,0.5963280560455773
2018-01-30,BBRI,3381.759765625,2118.47,1.5963217631710622,0.5963217631710622
2018-01-31,BBRI,3363.578369140625,2107.08,1.5963220993700407,0.5963220993700407
2018-02-01,BBRI,3363.578369140625,2107.08,1.5963220993700407,0.5963220993700407
2018-02-02,BBRI,3399.941162109375,2129.86,1.5963214305679128,0.5963214305679128
2018-02-05,BBRI,3436.30419921875,2152.63,1.596328305012357,0.5963283050123569
2018-02-06,BBRI,3345.396728515625,2095.69,1.5963223227269419,0.5963223227269419
2018-02-07,BBRI,3363.578369140625,2107.08,1.5963220993700407,0.5963220993700407
2018-02-08,BBRI,3381.759765625,2118.47,1.5963217631710622,0.5963217631710622
2018-02-09,BBRI,3372.6689453125,2112.77,1.5963256508339763,0.5963256508339763
2018-02-12,BBRI,3454.48583984375,2164.02,1.5963280560455773,0.5963280560455773
2018-02-13,BBRI,3527.2119140625,2209.58,1.5963268648623268,0.5963268648623268
2018-02-14,BBRI,3509.0302734375,2198.19,1.5963271024968269,0.5963271024968269
2018-02-15,BBRI,3490.848876953125,2186.8,1.5963274542496455,0.5963274542496455
2018-02-16,BBRI,3490.848876953125,2186.8,1.5963274542496455,0.5963274542496455
2018-02-19,BBRI,3509.0302734375,2198.19,1.5963271024968269,0.5963271024968269
2018-02-20,BBRI,3454.48583984375,2164.02,1.5963280560455773,0.5963280560455773
2018-02-21,BBRI,3454.48583984375,2164.02,1.5963280560455773,0.5963280560455773
2018-02-22,BBRI,3427.213623046875,2146.94,1.5963248265190806,0.5963248265190806
2018-02-23,BBRI,3445.39501953125,2158.33,1.596324482137231,0.5963244821372311
2018-02-26,BBRI,3399.941162109375,2129.86,1.5963214305679128,0.5963214305679128
2018-02-27,BBRI,3427.213623046875,2146.94,1.5963248265190806,0.5963248265190806
2018-02-28,BBRI,3436.30419921875,2152.63,1.596328305012357,0.5963283050123569
2018-03-01,BBRI,3445.39501953125,2158.33,1.596324482137231,0.5963244821372311
2018-03-02,BBRI,3445.39501953125,2158.33,1.596324482137231,0.5963244821372311
2018-03-05,BBRI,3427.213623046875,2146.94,1.5963248265190806,0.5963248265190806
2018-03-06,BBRI,3390.8505859375,2124.16,1.5963254114273409,0.5963254114273409
2018-03-07,BBRI,3327.21533203125,2084.3,1.5963226656581344,0.5963226656581344
2018-03-08,BBRI,3427.213623046875,2146.94,1.5963248265190806,0.5963248265190806
2018-03-09,BBRI,3354.487548828125,2101.38,1.596326009016991,0.5963260090169911
2018-03-12,BBRI,3418.122802734375,2141.25,1.5963212155210158,0.5963212155210158
2018-03-13,BBRI,3418.122802734375,2141.25,1.5963212155210158,0.5963212155210158
2018-03-14,BBRI,3409.031982421875,2135.55,1.5963250602523353,0.5963250602523353
2018-03-15,BBRI,3309.03369140625,2072.91,1.5963228945811687,0.5963228945811687
2018-03-16,BBRI,3345.396728515625,2095.69,1.5963223227269419,0.5963223227269419
2018-03-19,BBRI,3354.487548828125,2101.38,1.596326009016991,0.5963260090169911
2018-03-20,BBRI,3399.941162109375,2129.86,1.5963214305679128,0.5963214305679128
2018-03-21,BBRI,3463.576416015625,2169.72,1.5963241413710643,0.5963241413710643
2018-03-22,BBRI,3336.305908203125,2089.99,1.5963262542897934,0.5963262542897934
2018-03-23,BBRI,3272.670654296875,2050.13,1.5963234791437007,0.5963234791437007
2018-03-26,BBRI,3272.670654296875,2050.13,1.5963234791437007,0.5963234791437007
2018-03-27,BBRI,3272.670654296875,2050.13,1.5963234791437007,0.5963234791437007
2018-03-28,BBRI,3227.217041015625,2021.65,1.5963282670173495,0.5963282670173495
2018-03-29,BBRI,3272.670654296875,2050.13,1.5963234791437007,0.5963234791437007
2018-03-30,BBRI,3272.670654296875,2050.13,1.5963234791437007,0.5963234791437007
2018-04-02,BBRI,3272.670654296875,2112.78,1.5489878994958655,0.5489878994958655
2018-04-03,BBRI,3272.670654296875,2112.78,1.5489878994958655,0.5489878994958655
2018-04-04,BBRI,3172.67236328125,2048.22,1.5489900319698324,0.5489900319698324
2018-04-05,BBRI,3154.490966796875,2036.48,1.5489918716593705,0.5489918716593705
2018-04-06,BBRI,3163.581787109375,2042.35,1.5489910089403751,0.5489910089403751
2018-04-09,BBRI,3209.035400390625,2071.69,1.5489940099100854,0.5489940099100854
2018-04-10,BBRI,3254.4892578125,2101.04,1.548989670740443,0.5489896707404429
2018-04-11,BBRI,3318.12451171875,2142.12,1.5489909583584254,0.5489909583584254
2018-04-12,BBRI,3263.580078125,2106.91,1.5489888405888246,0.5489888405888246
2018-04-13,BBRI,3227.217041015625,2083.43,1.548992306444481,0.548992306444481
2018-04-16,BBRI,3227.217041015625,2083.43,1.548992306444481,0.548992306444481
2018-04-17,BBRI,3227.217041015625,2083.43,1.548992306444481,0.548992306444481
2018-04-18,BBRI,3327.21533203125,2147.99,1.5489901405645512,0.5489901405645512
2018-04-19,BBRI,3327.21533203125,2147.99,1.5489901405645512,0.5489901405645512
2018-04-20,BBRI,3327.21533203125,2147.99,1.5489901405645512,0.5489901405645512
2018-04-23,BBRI,3254.4892578125,2101.04,1.548989670740443,0.5489896707404429
2018-04-24,BBRI,3172.67236328125,2048.22,1.5489900319698324,0.5489900319698324
2018-04-25,BBRI,3172.67236328125,2048.22,1.5489900319698324,0.5489900319698324
2018-04-26,BBRI,3172.67236328125,2048.22,1.5489900319698324,0.5489900319698324
2018-04-27,BBRI,3172.67236328125,2048.22,1.5489900319698324,0.5489900319698324
2018-04-30,BBRI,2927.22216796875,1889.76,1.5489914951997872,0.5489914951997872
2018-05-01,BBRI,2927.22216796875,1889.76,1.5489914951997872,0.5489914951997872
2018-05-02,BBRI,2936.31298828125,1895.63,1.5489905668728865,0.5489905668728865
2018-05-03,BBRI,2863.5869140625,1848.68,1.548990043740669,0.548990043740669
2018-05-04,BBRI,2754.497802734375,1778.25,1.5489935626230142,0.5489935626230142
2018-05-07,BBRI,2772.679443359375,1789.99,1.5489915828353091,0.5489915828353091
2018-05-08,BBRI,2790.86083984375,1801.73,1.548989493344591,0.5489894933445909
2018-05-09,BBRI,2918.13134765625,1883.89,1.548992429311823,0.5489924293118229
2018-05-10,BBRI,2918.13134765625,1883.89,1.548992429311823,0.5489924293118229
2018-05-11,BBRI,2872.677734375,1854.55,1.5489890994446092,0.5489890994446092
2018-05-14,BBRI,2899.949951171875,1872.15,1.548994445515517,0.5489944455155169
2018-05-15,BBRI,2790.86083984375,1801.73,1.548989493344591,0.5489894933445909
2018-05-16,BBRI,2790.86083984375,1801.73,1.548989493344591,0.5489894933445909
2018-05-17,BBRI,2718.134765625,1754.78,1.5489889134962787,0.5489889134962787
2018-05-18,BBRI,2672.68115234375,1725.43,1.548994252066876,0.548994252066876
2018-05-21,BBRI,2509.047607421875,1619.8,1.548986052242175,0.548986052242175
2018-05-22,BBRI,2472.6845703125,1596.32,1.5489905346750652,0.5489905346750652
2018-05-23,BBRI,2618.136474609375,1690.22,1.5489915363735933,0.5489915363735933
2018-05-24,BBRI,2781.77001953125,1795.86,1.5489904667018866,0.5489904667018866
2018-05-25,BBRI,2836.314697265625,1831.07,1.548993046287485,0.548993046287485
2018-05-28,BBRI,2954.494384765625,1907.37,1.5489885993622765,0.5489885993622765
2018-05-29,BBRI,2954.494384765625,1907.37,1.5489885993622765,0.5489885993622765
2018-05-30,BBRI,2854.49609375,1842.81,1.548990994052561,0.548990994052561
2018-05-31,BBRI,2799.95166015625,1807.6,1.5489885263090564,0.5489885263090564
2018-06-01,BBRI,2799.95166015625,1807.6,1.5489885263090564,0.5489885263090564
2018-06-04,BBRI,2845.405517578125,1836.94,1.5489920833441075,0.5489920833441075
2018-06-05,BBRI,2827.223876953125,1825.2,1.5489940154246795,0.5489940154246795
2018-06-06,BBRI,2863.5869140625,1848.68,1.548990043740669,0.548990043740669
2018-06-07,BBRI,2972.676025390625,1919.11,1.548986783139385,0.5489867831393851
2018-06-08,BBRI,2854.49609375,1842.81,1.548990994052561,0.548990994052561
2018-06-11,BBRI,2854.49609375,1842.81,1.548990994052561,0.548990994052561
2018-06-12,BBRI,2854.49609375,1842.81,1.548990994052561,0.548990994052561
2018-06-13,BBRI,2854.49609375,1842.81,1.548990994052561,0.548990994052561
2018-06-14,BBRI,2854.49609375,1842.81,1.548990994052561,0.548990994052561
2018-06-15,BBRI,2854.49609375,1842.81,1.548990994052561,0.548990994052561
2018-06-18,BBRI,2854.49609375,1842.81,1.548990994052561,0.548990994052561
2018-06-19,BBRI,2854.49609375,1842.81,1.548990994052561,0.548990994052561
2018-06-20,BBRI,2690.862548828125,1737.17,1.5489920668835664,0.5489920668835664
2018-06-21,BBRI,2645.408935546875,1707.83,1.54898844472042,0.5489884447204201
2018-06-22,BBRI,2709.044189453125,1748.91,1.548990050633323,0.548990050633323
2018-06-25,BBRI,2627.227294921875,1696.09,1.5489904986892649,0.5489904986892649
2018-06-26,BBRI,2563.592041015625,1655.01,1.5489888526447726,0.5489888526447726
2018-06-27,BBRI,2581.773681640625,1666.75,1.5489867596463927,0.5489867596463927
2018-06-28,BBRI,2499.956787109375,1613.93,1.5489871228054346,0.5489871228054346
2018-06-29,BBRI,2581.773681640625,1666.75,1.5489867596463927,0.5489867596463927
2018-07-02,BBRI,2590.8642578125,1672.61,1.5489948390913004,0.5489948390913004
2018-07-03,BBRI,2572.682861328125,1660.88,1.5489878024469708,0.5489878024469708
2018-07-04,BBRI,2663.59033203125,1719.57,1.5489862768199318,0.5489862768199318
2018-07-05,BBRI,2645.408935546875,1707.83,1.54898844472042,0.5489884447204201
2018-07-06,BBRI,2581.773681640625,1666.75,1.5489867596463927,0.5489867596463927
2018-07-09,BBRI,2736.31640625,1766.52,1.548986938302425,0.5489869383024251
2018-07-10,BBRI,2772.679443359375,1789.99,1.5489915828353091,0.5489915828353091
2018-07-11,BBRI,2718.134765625,1754.78,1.5489889134962787,0.5489889134962787
2018-07-12,BBRI,2699.953369140625,1743.04,1.5489910553634025,0.5489910553634025
2018-07-13,BBRI,2699.953369140625,1743.04,1.5489910553634025,0.5489910553634025
2018-07-16,BBRI,2699.953369140625,1743.04,1.5489910553634025,0.5489910553634025
2018-07-17,BBRI,2609.0458984375,1684.35,1.5489927262371241,0.5489927262371241
2018-07-18,BBRI,2590.8642578125,1672.61,1.5489948390913004,0.5489948390913004
2018-07-19,BBRI,2627.227294921875,1696.09,1.5489904986892649,0.5489904986892649
2018-07-20,BBRI,2709.044189453125,1748.91,1.548990050633323,0.548990050633323
2018-07-23,BBRI,2763.588623046875,1784.12,1.548992569472275,0.548992569472275
2018-07-24,BBRI,2736.31640625,1766.52,1.548986938302425,0.5489869383024251
2018-07-25,BBRI,2718.134765625,1754.78,1.5489889134962787,0.5489889134962787
2018-07-26,BBRI,2763.588623046875,1784.12,1.548992569472275,0.548992569472275
2018-07-27,BBRI,2809.04248046875,1813.47,1.5489875655338936,0.5489875655338936
2018-07-30,BBRI,2799.95166015625,1807.6,1.5489885263090564,0.5489885263090564
2018-07-31,BBRI,2790.86083984375,1801.73,1.548989493344591,0.5489894933445909
2018-08-01,BBRI,2899.949951171875,1872.15,1.548994445515517,0.5489944455155169
2018-08-02,BBRI,2954.494384765625,1907.37,1.5489885993622765,0.5489885993622765
2018-08-03,BBRI,3027.220458984375,1954.32,1.5489891414836747,0.5489891414836747
2018-08-06,BBRI,3099.946533203125,2001.27,1.5489896581686253,0.5489896581686253
2018-08-07,BBRI,3045.40185546875,1966.06,1.5489872412178418,0.5489872412178418
2018-08-08,BBRI,3027.220458984375,1954.32,1.5489891414836747,0.5489891414836747
2018-08-09,BBRI,3027.220458984375,1954.32,1.5489891414836747,0.5489891414836747
2018-08-10,BBRI,3081.764892578125,1989.53,1.548991416353674,0.548991416353674
2018-08-13,BBRI,2854.49609375,1842.81,1.548990994052561,0.548990994052561
2018-08-14,BBRI,2845.405517578125,1836.94,1.5489920833441075,0.5489920833441075
2018-08-15,BBRI,2918.13134765625,1883.89,1.548992429311823,0.5489924293118229
2018-08-16,BBRI,2772.679443359375,1789.99,1.5489915828353091,0.5489915828353091
2018-08-17,BBRI,2772.679443359375,1789.99,1.5489915828353091,0.5489915828353091
2018-08-20,BBRI,2890.859130859375,1866.29,1.5489870978569114,0.5489870978569114
2018-08-21,BBRI,2863.5869140625,1848.68,1.548990043740669,0.548990043740669
2018-08-22,BBRI,2863.5869140625,1848.68,1.548990043740669,0.548990043740669
2018-08-23,BBRI,2972.676025390625,1919.11,1.548986783139385,0.5489867831393851
2018-08-24,BBRI,2972.676025390625,1919.11,1.548986783139385,0.5489867831393851
2018-08-27,BBRI,3072.67431640625,1983.66,1.54899242632621,0.54899242632621
2018-08-28,BBRI,3027.220458984375,1954.32,1.5489891414836747,0.5489891414836747
2018-08-29,BBRI,2990.857421875,1930.84,1.548992884897247,0.548992884897247
2018-08-30,BBRI,2899.949951171875,1872.15,1.548994445515517,0.5489944455155169
2018-08-31,BBRI,2890.859130859375,1866.29,1.5489870978569114,0.5489870978569114
2018-09-03,BBRI,2881.768310546875,1860.42,1.5489880298786698,0.5489880298786698
2018-09-04,BBRI,2827.223876953125,1825.2,1.5489940154246795,0.5489940154246795
2018-09-05,BBRI,2663.59033203125,1719.57,1.5489862768199318,0.5489862768199318
2018-09-06,BBRI,2690.862548828125,1737.17,1.5489920668835664,0.5489920668835664
2018-09-07,BBRI,2754.497802734375,1778.25,1.5489935626230142,0.5489935626230142
2018-09-10,BBRI,2699.953369140625,1743.04,1.5489910553634025,0.5489910553634025
2018-09-11,BBRI,2699.953369140625,1743.04,1.5489910553634025,0.5489910553634025
2018-09-12,BBRI,2645.408935546875,1707.83,1.54898844472042,0.5489884447204201
2018-09-13,BBRI,2727.2255859375,1760.65,1.5489879226067076,0.5489879226067076
2018-09-14,BBRI,2790.86083984375,1801.73,1.548989493344591,0.5489894933445909
2018-09-17,BBRI,2699.953369140625,1743.04,1.5489910553634025,0.5489910553634025
2018-09-18,BBRI,2672.68115234375,1725.43,1.548994252066876,0.548994252066876
2018-09-19,BBRI,2727.2255859375,1760.65,1.5489879226067076,0.5489879226067076
2018-09-20,BBRI,2809.04248046875,1813.47,1.5489875655338936,0.5489875655338936
2018-09-21,BBRI,2836.314697265625,1831.07,1.548993046287485,0.548993046287485
2018-09-24,BBRI,2736.31640625,1766.52,1.548986938302425,0.5489869383024251
2018-09-25,BBRI,2754.497802734375,1778.25,1.5489935626230142,0.5489935626230142
2018-09-26,BBRI,2718.134765625,1754.78,1.5489889134962787,0.5489889134962787
2018-09-27,BBRI,2790.86083984375,1801.73,1.548989493344591,0.5489894933445909
2018-09-28,BBRI,2863.5869140625,1848.68,1.548990043740669,0.548990043740669
2018-10-01,BBRI,2890.859130859375,1866.29,1.5489870978569114,0.5489870978569114
2018-10-02,BBRI,2827.223876953125,1825.2,1.5489940154246795,0.5489940154246795
2018-10-03,BBRI,2818.133056640625,1819.33,1.5489949908156437,0.5489949908156437
2018-10-04,BBRI,2727.2255859375,1760.65,1.5489879226067076,0.5489879226067076
2018-10-05,BBRI,2709.044189453125,1748.91,1.548990050633323,0.548990050633323
2018-10-08,BBRI,2699.953369140625,1743.04,1.5489910553634025,0.5489910553634025
2018-10-09,BBRI,2745.4072265625,1772.38,1.5489947000995836,0.5489947000995836
2018-10-10,BBRI,2736.31640625,1766.52,1.548986938302425,0.5489869383024251
2018-10-11,BBRI,2645.408935546875,1707.83,1.54898844472042,0.5489884447204201
2018-10-12,BBRI,2681.77197265625,1731.3,1.5489932262786634,0.5489932262786634
2018-10-15,BBRI,2727.2255859375,1760.65,1.5489879226067076,0.5489879226067076
2018-10-16,BBRI,2727.2255859375,1760.65,1.5489879226067076,0.5489879226067076
2018-10-17,BBRI,2790.86083984375,1801.73,1.548989493344591,0.5489894933445909
2018-10-18,BBRI,2809.04248046875,1813.47,1.5489875655338936,0.5489875655338936
2018-10-19,BBRI,2745.4072265625,1772.38,1.5489947000995836,0.5489947000995836
2018-10-22,BBRI,2772.679443359375,1789.99,1.5489915828353091,0.5489915828353091
2018-10-23,BBRI,2745.4072265625,1772.38,1.5489947000995836,0.5489947000995836
2018-10-24,BBRI,2681.77197265625,1731.3,1.5489932262786634,0.5489932262786634
2018-10-25,BBRI,2727.2255859375,1760.65,1.5489879226067076,0.5489879226067076
2018-10-26,BBRI,2718.134765625,1754.78,1.5489889134962787,0.5489889134962787
2018-10-29,BBRI,2681.77197265625,1731.3,1.5489932262786634,0.5489932262786634
2018-10-30,BBRI,2754.497802734375,1778.25,1.5489935626230142,0.5489935626230142
2018-10-31,BBRI,2863.5869140625,1848.68,1.548990043740669,0.548990043740669
2018-11-01,BBRI,2909.040771484375,1878.02,1.5489934992621883,0.5489934992621883
2018-11-02,BBRI,2981.7666015625,1924.97,1.5489938033125192,0.5489938033125192
2018-11-05,BBRI,2972.676025390625,1919.11,1.548986783139385,0.5489867831393851
2018-11-06,BBRI,3027.220458984375,1954.32,1.5489891414836747,0.5489891414836747
2018-11-07,BBRI,3063.58349609375,1977.79,1.5489933188527347,0.5489933188527347
2018-11-08,BBRI,3136.3095703125,2024.74,1.5489937326829617,0.5489937326829617
2018-11-09,BBRI,3036.311279296875,1960.19,1.5489882507802177,0.5489882507802177
2018-11-12,BBRI,2981.7666015625,1924.97,1.5489938033125192,0.5489938033125192
2018-11-13,BBRI,3045.40185546875,1966.06,1.5489872412178418,0.5489872412178418
2018-11-14,BBRI,3045.40185546875,1966.06,1.5489872412178418,0.5489872412178418
2018-11-15,BBRI,3099.946533203125,2001.27,1.5489896581686253,0.5489896581686253
2018-11-16,BBRI,3172.67236328125,2048.22,1.5489900319698324,0.5489900319698324
2018-11-19,BBRI,3199.94482421875,2065.83,1.5489874889118418,0.5489874889118418
2018-11-20,BBRI,3199.94482421875,2065.83,1.5489874889118418,0.5489874889118418
2018-11-21,BBRI,3118.1279296875,2013.01,1.5489877992098897,0.5489877992098897
2018-11-22,BBRI,3227.217041015625,2083.43,1.548992306444481,0.548992306444481
2018-11-23,BBRI,3163.581787109375,2042.35,1.5489910089403751,0.5489910089403751
2018-11-26,BBRI,3218.126220703125,2077.56,1.548993155770772,0.5489931557707719
2018-11-27,BBRI,3272.670654296875,2112.78,1.5489878994958655,0.5489878994958655
2018-11-28,BBRI,3318.12451171875,2142.12,1.5489909583584254,0.5489909583584254
2018-11-29,BBRI,3372.6689453125,2177.33,1.5489930076343503,0.5489930076343503
2018-11-30,BBRI,3290.852294921875,2124.51,1.5489935537709283,0.5489935537709283
2018-12-03,BBRI,3354.487548828125,2165.6,1.5489876010473427,0.5489876010473427
2018-12-04,BBRI,3372.6689453125,2177.33,1.5489930076343503,0.5489930076343503
2018-12-05,BBRI,3318.12451171875,2142.12,1.5489909583584254,0.5489909583584254
2018-12-06,BBRI,3318.12451171875,2142.12,1.5489909583584254,0.5489909583584254
2018-12-07,BBRI,3290.852294921875,2124.51,1.5489935537709283,0.5489935537709283
2018-12-10,BBRI,3281.761474609375,2118.65,1.548987078851804,0.5489870788518041
2018-12-11,BBRI,3290.852294921875,2124.51,1.5489935537709283,0.5489935537709283
2018-12-12,BBRI,3290.852294921875,2124.51,1.5489935537709283,0.5489935537709283
2018-12-13,BBRI,3345.396728515625,2159.73,1.5489884052708556,0.5489884052708556
2018-12-14,BBRI,3345.396728515625,2159.73,1.5489884052708556,0.5489884052708556
2018-12-17,BBRI,3272.670654296875,2112.78,1.5489878994958655,0.5489878994958655
2018-12-18,BBRI,3299.943115234375,2130.38,1.548992722065723,0.5489927220657229
2018-12-19,BBRI,3336.305908203125,2153.86,1.548989213877933,0.5489892138779331
2018-12-20,BBRI,3318.12451171875,2142.12,1.5489909583584254,0.5489909583584254
2018-12-21,BBRI,3290.852294921875,2124.51,1.5489935537709283,0.5489935537709283
2018-12-24,BBRI,3290.852294921875,2124.51,1.5489935537709283,0.5489935537709283
2018-12-25,BBRI,3290.852294921875,2124.51,1.5489935537709283,0.5489935537709283
2018-12-26,BBRI,3272.670654296875,2112.78,1.5489878994958655,0.5489878994958655
2018-12-27,BBRI,3327.21533203125,2147.99,1.5489901405645512,0.5489901405645512
2018-12-28,BBRI,3327.21533203125,2147.99,1.5489901405645512,0.5489901405645512
2018-12-31,BBRI,3327.21533203125,2147.99,1.5489901405645512,0.5489901405645512
2019-01-01,BBRI,3327.21533203125,2147.99,1.5489901405645512,0.5489901405645512
2019-01-02,BBRI,3281.761474609375,2118.65,1.548987078851804,0.5489870788518041
2019-01-03,BBRI,3290.852294921875,2124.51,1.5489935537709283,0.5489935537709283
2019-01-04,BBRI,3327.21533203125,2147.99,1.5489901405645512,0.5489901405645512
2019-01-07,BBRI,3327.21533203125,2147.99,1.5489901405645512,0.5489901405645512
2019-01-08,BBRI,3345.396728515625,2159.73,1.5489884052708556,0.5489884052708556
2019-01-09,BBRI,3381.759765625,2183.2,1.548992197519696,0.5489921975196961
2019-01-10,BBRI,3409.031982421875,2200.81,1.548989682172416,0.5489896821724161
2019-01-11,BBRI,3390.8505859375,2189.07,1.5489913917496927,0.5489913917496927
2019-01-14,BBRI,3445.39501953125,2224.28,1.5489933909090805,0.5489933909090805
2019-01-15,BBRI,3436.30419921875,2218.42,1.5489872067592025,0.5489872067592025
2019-01-16,BBRI,3436.30419921875,2218.42,1.5489872067592025,0.5489872067592025
2019-01-17,BBRI,3463.576416015625,2236.02,1.5489916977556664,0.5489916977556664
2019-01-18,BBRI,3472.667236328125,2241.89,1.5489909122785352,0.5489909122785352
2019-01-21,BBRI,3454.48583984375,2230.15,1.5489925968404592,0.5489925968404592
2019-01-22,BBRI,3427.213623046875,2212.55,1.548988101081049,0.5489881010810489
2019-01-23,BBRI,3427.213623046875,2212.55,1.548988101081049,0.5489881010810489
2019-01-24,BBRI,3445.39501953125,2224.28,1.5489933909090805,0.5489933909090805
2019-01-25,BBRI,3436.30419921875,2218.42,1.5489872067592025,0.5489872067592025
2019-01-28,BBRI,3436.30419921875,2218.42,1.5489872067592025,0.5489872067592025
2019-01-29,BBRI,3354.487548828125,2165.6,1.5489876010473427,0.5489876010473427
2019-01-30,BBRI,3409.031982421875,2200.81,1.548989682172416,0.5489896821724161
2019-01-31,BBRI,3499.939453125,2259.5,1.548988472283691,0.5489884722836911
2019-02-01,BBRI,3563.57470703125,2300.58,1.5489896926128413,0.5489896926128413
2019-02-04,BBRI,3545.393310546875,2288.84,1.5489913277235956,0.5489913277235956
2019-02-05,BBRI,3545.393310546875,2288.84,1.5489913277235956,0.5489913277235956
2019-02-06,BBRI,3563.57470703125,2300.58,1.5489896926128413,0.5489896926128413
2019-02-07,BBRI,3572.66552734375,2306.45,1.5489889342252163,0.5489889342252163
2019-02-08,BBRI,3536.302490234375,2282.97,1.548992098115339,0.5489920981153389
2019-02-11,BBRI,3518.12109375,2271.23,1.5489937583379931,0.5489937583379931
2019-02-12,BBRI,3499.939453125,2259.5,1.548988472283691,0.5489884722836911
2019-02-13,BBRI,3445.39501953125,2224.28,1.5489933909090805,0.5489933909090805
2019-02-14,BBRI,3454.48583984375,2230.15,1.5489925968404592,0.5489925968404592
2019-02-15,BBRI,3427.213623046875,2212.55,1.548988101081049,0.5489881010810489
2019-02-18,BBRI,3490.848876953125,2253.63,1.5489893535998034,0.5489893535998034
2019-02-19,BBRI,3554.484130859375,2294.71,1.5489905612732655,0.5489905612732655
2019-02-20,BBRI,3536.302490234375,2282.97,1.548992098115339,0.5489920981153389
2019-02-21,BBRI,3554.484130859375,2294.71,1.5489905612732655,0.5489905612732655
2019-02-22,BBRI,3545.393310546875,2288.84,1.5489913277235956,0.5489913277235956
2019-02-25,BBRI,3599.937744140625,2324.05,1.5489932420303456,0.5489932420303456
2019-02-26,BBRI,3581.75634765625,2312.32,1.5489881796880405,0.5489881796880405
2019-02-27,BBRI,3518.12109375,2271.23,1.5489937583379931,0.5489937583379931
2019-02-28,BBRI,3499.939453125,2259.5,1.548988472283691,0.5489884722836911
2019-03-01,BBRI,3518.12109375,2271.23,1.5489937583379931,0.5489937583379931
2019-03-04,BBRI,3527.2119140625,2277.1,1.5489929796945676,0.5489929796945676
2019-03-05,BBRI,3509.0302734375,2265.37,1.5489877033056412,0.5489877033056412
2019-03-06,BBRI,3545.393310546875,2288.84,1.5489913277235956,0.5489913277235956
2019-03-07,BBRI,3545.393310546875,2288.84,1.5489913277235956,0.5489913277235956
2019-03-08,BBRI,3499.939453125,2259.5,1.548988472283691,0.5489884722836911
2019-03-11,BBRI,3509.0302734375,2265.37,1.5489877033056412,0.5489877033056412
2019-03-12,BBRI,3490.848876953125,2253.63,1.5489893535998034,0.5489893535998034
2019-03-13,BBRI,3445.39501953125,2224.28,1.5489933909090805,0.5489933909090805
2019-03-14,BBRI,3490.848876953125,2253.63,1.5489893535998034,0.5489893535998034
2019-03-15,BBRI,3590.84716796875,2318.19,1.5489874289720644,0.5489874289720644
2019-03-18,BBRI,3636.30078125,2347.53,1.5489901220644677,0.5489901220644677
2019-03-19,BBRI,3618.119384765625,2335.79,1.5489917264675441,0.5489917264675441
2019-03-20,BBRI,3627.2099609375,2341.66,1.548990870125253,0.548990870125253
2019-03-21,BBRI,3627.2099609375,2341.66,1.548990870125253,0.548990870125253
2019-03-22,BBRI,3681.754638671875,2376.87,1.5489928513851725,0.5489928513851725
2019-03-25,BBRI,3645.3916015625,2353.4,1.548989377735404,0.548989377735404
2019-03-26,BBRI,3690.845458984375,2382.74,1.548992109497627,0.5489921094976269
2019-03-27,BBRI,3681.754638671875,2376.87,1.5489928513851725,0.5489928513851725
2019-03-28,BBRI,3699.93603515625,2388.61,1.5489912690461187,0.5489912690461187
2019-03-29,BBRI,3736.299072265625,2412.09,1.5489882517922735,0.5489882517922735
2019-04-01,BBRI,3772.662109375,2435.56,1.5489916525870848,0.5489916525870848
2019-04-02,BBRI,3772.662109375,2435.56,1.5489916525870848,0.5489916525870848
2019-04-03,BBRI,3772.662109375,2435.56,1.5489916525870848,0.5489916525870848
2019-04-04,BBRI,3836.29736328125,2476.64,1.548992733413516,0.5489927334135161
2019-04-05,BBRI,3881.751220703125,2505.99,1.5489891103727969,0.5489891103727969
2019-04-08,BBRI,3863.569580078125,2494.25,1.5489905102047208,0.5489905102047208
2019-04-09,BBRI,3909.0234375,2523.59,1.5489930763317337,0.5489930763317337
2019-04-10,BBRI,3918.1142578125,2529.46,1.5489923769549627,0.5489923769549627
2019-04-11,BBRI,3909.0234375,2523.59,1.5489930763317337,0.5489930763317337
2019-04-12,BBRI,3918.1142578125,2529.46,1.5489923769549627,0.5489923769549627
2019-04-15,BBRI,3954.47705078125,2552.94,1.548989420347227,0.548989420347227
2019-04-16,BBRI,3945.386474609375,2547.07,1.5489902023145712,0.5489902023145712
2019-04-17,BBRI,3945.386474609375,2547.07,1.5489902023145712,0.5489902023145712
2019-04-18,BBRI,4054.475341796875,2617.5,1.548987714153534,0.548987714153534
2019-04-19,BBRI,4054.475341796875,2617.5,1.548987714153534,0.548987714153534
2019-04-22,BBRI,4036.2939453125,2605.76,1.5489891414836745,0.5489891414836745
2019-04-23,BBRI,4027.203125,2599.89,1.5489898130305513,0.5489898130305513
2019-04-24,BBRI,3999.930908203125,2582.28,1.5489919405343824,0.5489919405343824
2019-04-25,BBRI,3936.295654296875,2541.2,1.5489908918215314,0.5489908918215314
2019-04-26,BBRI,3936.295654296875,2541.2,1.5489908918215314,0.5489908918215314
2019-04-29,BBRI,3945.386474609375,2547.07,1.5489902023145712,0.5489902023145712
2019-04-30,BBRI,3972.65869140625,2564.68,1.54898805753788,0.54898805753788
2019-05-01,BBRI,3972.65869140625,2564.68,1.54898805753788,0.54898805753788
2019-05-02,BBRI,3972.65869140625,2564.68,1.54898805753788,0.54898805753788
2019-05-03,BBRI,3981.74951171875,2570.54,1.5489934067233928,0.5489934067233928
2019-05-06,BBRI,3845.38818359375,2482.51,1.5489920216207587,0.5489920216207587
2019-05-07,BBRI,3863.569580078125,2494.25,1.5489905102047208,0.5489905102047208
2019-05-08,BBRI,3836.29736328125,2476.64,1.548992733413516,0.5489927334135161
2019-05-09,BBRI,3745.389892578125,2417.96,1.5489875318773367,0.5489875318773367
2019-05-10,BBRI,3745.389892578125,2417.96,1.5489875318773367,0.5489875318773367
2019-05-13,BBRI,3727.208251953125,2406.22,1.5489889752196913,0.5489889752196913
2019-05-14,BBRI,3681.754638671875,2376.87,1.5489928513851725,0.5489928513851725
2019-05-15,BBRI,3536.302490234375,2282.97,1.548992098115339,0.5489920981153389
2019-05-16,BBRI,3509.0302734375,2265.37,1.5489877033056412,0.5489877033056412
2019-05-17,BBRI,3445.39501953125,2224.28,1.5489933909090805,0.5489933909090805
2019-05-20,BBRI,3409.031982421875,2200.81,1.548989682172416,0.5489896821724161
2019-05-21,BBRI,3409.031982421875,2200.81,1.548989682172416,0.5489896821724161
2019-05-22,BBRI,3427.213623046875,2212.55,1.548988101081049,0.5489881010810489
2019-05-23,BBRI,3499.939453125,2259.5,1.548988472283691,0.5489884722836911
2019-05-24,BBRI,3499.939453125,2339.83,1.4958092908993388,0.4958092908993388
2019-05-27,BBRI,3563.57470703125,2382.37,1.4958107712199407,0.49581077121994066
2019-05-28,BBRI,3463.576416015625,2315.52,1.495809328364957,0.49580932836495695
2019-05-29,BBRI,3581.75634765625,2394.52,1.495813919974045,0.495813919974045
2019-05-30,BBRI,3581.75634765625,2394.52,1.495813919974045,0.495813919974045
2019-05-31,BBRI,3727.208251953125,2491.76,1.4958135020841192,0.49581350208411923
2019-06-03,BBRI,3727.208251953125,2491.76,1.4958135020841192,0.49581350208411923
2019-06-04,BBRI,3727.208251953125,2491.76,1.4958135020841192,0.49581350208411923
2019-06-05,BBRI,3727.208251953125,2491.76,1.4958135020841192,0.49581350208411923
2019-06-06,BBRI,3727.208251953125,2491.76,1.4958135020841192,0.49581350208411923
2019-06-07,BBRI,3727.208251953125,2491.76,1.4958135020841192,0.49581350208411923
2019-06-10,BBRI,3845.38818359375,2570.77,1.495811832094567,0.49581183209456703
2019-06-11,BBRI,3845.38818359375,2570.77,1.495811832094567,0.49581183209456703
2019-06-12,BBRI,3827.20654296875,2558.61,1.4958147365048795,0.4958147365048795
2019-06-13,BBRI,3818.115966796875,2552.54,1.4958104346246779,0.4958104346246779
2019-06-14,BBRI,3845.38818359375,2570.77,1.495811832094567,0.49581183209456703
2019-06-17,BBRI,3818.115966796875,2552.54,1.4958104346246779,0.4958104346246779
2019-06-18,BBRI,3872.660400390625,2589.0,1.4958132098843666,0.4958132098843666
2019-06-19,BBRI,3899.9326171875,2607.23,1.4958145684068915,0.49581456840689153
2019-06-20,BBRI,3918.1142578125,2619.39,1.4958117186873663,0.4958117186873663
2019-06-21,BBRI,3963.56787109375,2649.78,1.495810169558888,0.4958101695588879
2019-06-24,BBRI,3918.1142578125,2619.39,1.4958117186873663,0.4958117186873663
2019-06-25,BBRI,3936.295654296875,2631.54,1.4958144866872154,0.4958144866872154
2019-06-26,BBRI,3963.56787109375,2649.78,1.495810169558888,0.4958101695588879
2019-06-27,BBRI,3981.74951171875,2661.93,1.4958130047442082,0.4958130047442082
2019-06-28,BBRI,3963.56787109375,2649.78,1.495810169558888,0.4958101695588879
2019-07-01,BBRI,4018.1123046875,2686.24,1.4958128479538315,0.4958128479538315
2019-07-02,BBRI,4009.021728515625,2680.16,1.4958143276952216,0.4958143276952216
2019-07-03,BBRI,3999.930908203125,2674.09,1.4958101291292083,0.4958101291292083
2019-07-04,BBRI,3990.840087890625,2668.01,1.4958115179068388,0.49581151790683875
2019-07-05,BBRI,3999.930908203125,2674.09,1.4958101291292083,0.4958101291292083
2019-07-08,BBRI,3999.930908203125,2674.09,1.4958101291292083,0.4958101291292083
2019-07-09,BBRI,4009.021728515625,2680.16,1.4958143276952216,0.4958143276952216
2019-07-10,BBRI,4063.566162109375,2716.63,1.495811414182047,0.4958114141820471
2019-07-11,BBRI,4099.92919921875,2740.94,1.4958113636995884,0.49581136369958845
2019-07-12,BBRI,4099.92919921875,2740.94,1.4958113636995884,0.49581136369958845
2019-07-15,BBRI,4118.11083984375,2753.09,1.4958140997365688,0.49581409973656876
2019-07-16,BBRI,4136.2919921875,2765.25,1.4958112258159297,0.49581122581592973
2019-07-17,BBRI,4109.02001953125,2747.02,1.4958100121336029,0.4958100121336029
2019-07-18,BBRI,4045.384765625,2704.47,1.4958142503429508,0.4958142503429508
2019-07-19,BBRI,4072.656982421875,2722.71,1.4958100504357332,0.49581005043573323
2019-07-22,BBRI,4090.83837890625,2734.86,1.4958127212750378,0.49581272127503784
2019-07-23,BBRI,4081.74755859375,2728.78,1.49581408490012,0.49581408490012
2019-07-24,BBRI,4045.384765625,2704.47,1.4958142503429508,0.4958142503429508
2019-07-25,BBRI,4054.475341796875,2710.55,1.495812784046365,0.4958127840463651
2019-07-26,BBRI,4036.2939453125,2698.4,1.4958100894279944,0.4958100894279944
2019-07-29,BBRI,4054.475341796875,2710.55,1.495812784046365,0.4958127840463651
2019-07-30,BBRI,4090.83837890625,2734.86,1.4958127212750378,0.49581272127503784
2019-07-31,BBRI,4072.656982421875,2722.71,1.4958100504357332,0.49581005043573323
2019-08-01,BBRI,4045.384765625,2704.47,1.4958142503429508,0.4958142503429508
2019-08-02,BBRI,4045.384765625,2704.47,1.4958142503429508,0.4958142503429508
2019-08-05,BBRI,3881.751220703125,2595.08,1.4958117748597828,0.4958117748597828
2019-08-06,BBRI,3727.208251953125,2491.76,1.4958135020841192,0.49581350208411923
2019-08-07,BBRI,3863.569580078125,2582.92,1.4958146516648307,0.49581465166483074
2019-08-08,BBRI,3899.9326171875,2607.23,1.4958145684068915,0.49581456840689153
2019-08-09,BBRI,3936.295654296875,2631.54,1.4958144866872154,0.4958144866872154
2019-08-12,BBRI,3909.0234375,2613.31,1.4958131402321195,0.49581314023211953
2019-08-13,BBRI,3890.841796875,2601.16,1.4958102526853405,0.4958102526853405
2019-08-14,BBRI,3936.295654296875,2631.54,1.4958144866872154,0.4958144866872154
2019-08-15,BBRI,3863.569580078125,2582.92,1.4958146516648307,0.49581465166483074
2019-08-16,BBRI,3827.20654296875,2558.61,1.4958147365048795,0.4958147365048795
2019-08-19,BBRI,3799.934326171875,2540.38,1.4958133531880564,0.4958133531880564
2019-08-20,BBRI,3727.208251953125,2491.76,1.4958135020841192,0.49581350208411923
2019-08-21,BBRI,3681.754638671875,2461.38,1.4958091146722061,0.4958091146722061
2019-08-22,BBRI,3699.93603515625,2473.53,1.4958120722838413,0.4958120722838413
2019-08-23,BBRI,3709.02685546875,2479.61,1.4958105732227043,0.4958105732227043
2019-08-26,BBRI,3699.93603515625,2473.53,1.4958120722838413,0.4958120722838413
2019-08-27,BBRI,3818.115966796875,2552.54,1.4958104346246779,0.4958104346246779
2019-08-28,BBRI,3809.025146484375,2546.46,1.495811890422145,0.4958118904221449
2019-08-29,BBRI,3818.115966796875,2552.54,1.4958104346246779,0.4958104346246779
2019-08-30,BBRI,3881.751220703125,2595.08,1.4958117748597828,0.4958117748597828
2019-09-02,BBRI,3836.29736328125,2564.69,1.495813280857043,0.495813280857043
2019-09-03,BBRI,3772.662109375,2522.15,1.4958119498741154,0.49581194987411537
2019-09-04,BBRI,3781.7529296875,2528.23,1.4958104799355676,0.4958104799355676
2019-09-05,BBRI,3836.29736328125,2564.69,1.495813280857043,0.495813280857043
2019-09-06,BBRI,3881.751220703125,2595.08,1.4958117748597828,0.4958117748597828
2019-09-09,BBRI,3790.843505859375,2534.3,1.4958148229725663,0.4958148229725663
2019-09-10,BBRI,3809.025146484375,2546.46,1.495811890422145,0.4958118904221449
2019-09-11,BBRI,3863.569580078125,2582.92,1.4958146516648307,0.49581465166483074
2019-09-12,BBRI,3890.841796875,2601.16,1.4958102526853405,0.4958102526853405
2019-09-13,BBRI,3918.1142578125,2619.39,1.4958117186873663,0.4958117186873663
2019-09-16,BBRI,3809.025146484375,2546.46,1.495811890422145,0.4958118904221449
2019-09-17,BBRI,3863.569580078125,2582.92,1.4958146516648307,0.49581465166483074
2019-09-18,BBRI,3854.478759765625,2576.85,1.4958102954248889,0.49581029542488886
2019-09-19,BBRI,3836.29736328125,2564.69,1.495813280857043,0.495813280857043
2019-09-20,BBRI,3781.7529296875,2528.23,1.4958104799355676,0.4958104799355676
2019-09-23,BBRI,3799.934326171875,2540.38,1.4958133531880564,0.4958133531880564
2019-09-24,BBRI,3736.299072265625,2497.84,1.4958120104833075,0.4958120104833075
2019-09-25,BBRI,3709.02685546875,2479.61,1.4958105732227043,0.4958105732227043
2019-09-26,BBRI,3827.20654296875,2558.61,1.4958147365048795,0.4958147365048795
2019-09-27,BBRI,3799.934326171875,2540.38,1.4958133531880564,0.4958133531880564
2019-09-30,BBRI,3745.389892578125,2503.92,1.495810526126284,0.49581052612628396
2019-10-01,BBRI,3699.93603515625,2473.53,1.4958120722838413,0.4958120722838413
2019-10-02,BBRI,3572.66552734375,2388.45,1.4958092182560867,0.4958092182560867
2019-10-03,BBRI,3463.576416015625,2315.52,1.495809328364957,0.49580932836495695
2019-10-04,BBRI,3590.84716796875,2400.6,1.4958123668952554,0.49581236689525543
2019-10-07,BBRI,3545.393310546875,2370.21,1.4958140040531747,0.49581400405317466
2019-10-08,BBRI,3572.66552734375,2388.45,1.4958092182560867,0.4958092182560867
2019-10-09,BBRI,3599.937744140625,2406.68,1.4958107202206463,0.4958107202206463
2019-10-10,BBRI,3536.302490234375,2364.14,1.4958092542042245,0.4958092542042245
2019-10-11,BBRI,3563.57470703125,2382.37,1.4958107712199407,0.49581077121994066
2019-10-14,BBRI,3563.57470703125,2382.37,1.4958107712199407,0.49581077121994066
2019-10-15,BBRI,3581.75634765625,2394.52,1.495813919974045,0.495813919974045
2019-10-16,BBRI,3627.2099609375,2424.91,1.4958121996022533,0.4958121996022533
2019-10-17,BBRI,3681.754638671875,2461.38,1.4958091146722061,0.4958091146722061
2019-10-18,BBRI,3790.843505859375,2534.3,1.4958148229725663,0.4958148229725663
2019-10-21,BBRI,3745.389892578125,2503.92,1.495810526126284,0.49581052612628396
2019-10-22,BBRI,3763.5712890625,2516.07,1.4958134269167789,0.4958134269167789
2019-10-23,BBRI,3799.934326171875,2540.38,1.4958133531880564,0.4958133531880564
2019-10-24,BBRI,3909.0234375,2613.31,1.4958131402321195,0.49581314023211953
2019-10-25,BBRI,3845.38818359375,2570.77,1.495811832094567,0.49581183209456703
2019-10-28,BBRI,3845.38818359375,2570.77,1.495811832094567,0.49581183209456703
2019-10-29,BBRI,3845.38818359375,2570.77,1.495811832094567,0.49581183209456703
2019-10-30,BBRI,3863.569580078125,2582.92,1.4958146516648307,0.49581465166483074
2019-10-31,BBRI,3827.20654296875,2558.61,1.4958147365048795,0.4958147365048795
2019-11-01,BBRI,3799.934326171875,2540.38,1.4958133531880564,0.4958133531880564
2019-11-04,BBRI,3781.7529296875,2528.23,1.4958104799355676,0.4958104799355676
2019-11-05,BBRI,3909.0234375,2613.31,1.4958131402321195,0.49581314023211953
2019-11-06,BBRI,3781.7529296875,2528.23,1.4958104799355676,0.4958104799355676
2019-11-07,BBRI,3636.30078125,2430.99,1.495810670241342,0.49581067024134207
2019-11-08,BBRI,3627.2099609375,2424.91,1.4958121996022533,0.4958121996022533
2019-11-11,BBRI,3636.30078125,2430.99,1.495810670241342,0.49581067024134207
2019-11-12,BBRI,3636.30078125,2430.99,1.495810670241342,0.49581067024134207
2019-11-13,BBRI,3599.937744140625,2406.68,1.4958107202206463,0.4958107202206463
2019-11-14,BBRI,3581.75634765625,2394.52,1.495813919974045,0.495813919974045
2019-11-15,BBRI,3718.11767578125,2485.68,1.4958150992007218,0.49581509920072175
2019-11-18,BBRI,3745.389892578125,2503.92,1.495810526126284,0.49581052612628396
2019-11-19,BBRI,3809.025146484375,2546.46,1.495811890422145,0.4958118904221449
2019-11-20,BBRI,3836.29736328125,2564.69,1.495813280857043,0.495813280857043
2019-11-21,BBRI,3836.29736328125,2564.69,1.495813280857043,0.495813280857043
2019-11-22,BBRI,3827.20654296875,2558.61,1.4958147365048795,0.4958147365048795
2019-11-25,BBRI,3754.480712890625,2509.99,1.4958150083827526,0.4958150083827526
2019-11-26,BBRI,3772.662109375,2522.15,1.4958119498741154,0.49581194987411537
2019-11-27,BBRI,3790.843505859375,2534.3,1.4958148229725663,0.4958148229725663
2019-11-28,BBRI,3681.754638671875,2461.38,1.4958091146722061,0.4958091146722061
2019-11-29,BBRI,3718.11767578125,2485.68,1.4958150992007218,0.49581509920072175
2019-12-02,BBRI,3827.20654296875,2558.61,1.4958147365048795,0.4958147365048795
2019-12-03,BBRI,3790.843505859375,2534.3,1.4958148229725663,0.4958148229725663
2019-12-04,BBRI,3754.480712890625,2509.99,1.4958150083827526,0.4958150083827526
2019-12-05,BBRI,3836.29736328125,2564.69,1.495813280857043,0.495813280857043
2019-12-06,BBRI,3790.843505859375,2534.3,1.4958148229725663,0.4958148229725663
2019-12-09,BBRI,3799.934326171875,2540.38,1.4958133531880564,0.4958133531880564
2019-12-10,BBRI,3790.843505859375,2534.3,1.4958148229725663,0.4958148229725663
2019-12-11,BBRI,3827.20654296875,2558.61,1.4958147365048795,0.4958147365048795
2019-12-12,BBRI,3863.569580078125,2582.92,1.4958146516648307,0.49581465166483074
2019-12-13,BBRI,3890.841796875,2601.16,1.4958102526853405,0.4958102526853405
2019-12-16,BBRI,3936.295654296875,2631.54,1.4958144866872154,0.4958144866872154
2019-12-17,BBRI,3954.47705078125,2643.7,1.4958115711999282,0.49581157119992825
2019-12-18,BBRI,3999.930908203125,2674.09,1.4958101291292083,0.4958101291292083
2019-12-19,BBRI,3954.47705078125,2643.7,1.4958115711999282,0.49581157119992825
2019-12-20,BBRI,3963.56787109375,2649.78,1.495810169558888,0.4958101695588879
2019-12-23,BBRI,4045.384765625,2704.47,1.4958142503429508,0.4958142503429508
2019-12-26,BBRI,4009.021728515625,2680.16,1.4958143276952216,0.4958143276952216
2019-12-27,BBRI,4027.203125,2692.32,1.4958114655761572,0.4958114655761572
2019-12-30,BBRI,3999.930908203125,2674.09,1.4958101291292083,0.4958101291292083
2020-01-02,BBRI,4009.021728515625,2680.16,1.4958143276952216,0.4958143276952216
2020-01-03,BBRI,4018.1123046875,2686.24,1.4958128479538315,0.4958128479538315
2020-01-06,BBRI,3972.65869140625,2655.85,1.4958144064635617,0.4958144064635617
2020-01-07,BBRI,3999.930908203125,2674.09,1.4958101291292083,0.4958101291292083
2020-01-08,BBRI,3981.74951171875,2661.93,1.4958130047442082,0.4958130047442082
2020-01-09,BBRI,3999.930908203125,2674.09,1.4958101291292083,0.4958101291292083
2020-01-10,BBRI,4009.021728515625,2680.16,1.4958143276952216,0.4958143276952216
2020-01-13,BBRI,4099.92919921875,2740.94,1.4958113636995884,0.49581136369958845
2020-01-14,BBRI,4154.4736328125,2777.4,1.495813938508137,0.49581393850813704
2020-01-15,BBRI,4163.564453125,2783.48,1.4958125990217281,0.49581259902172814
2020-01-16,BBRI,4154.4736328125,2777.4,1.495813938508137,0.49581393850813704
2020-01-17,BBRI,4209.01806640625,2813.87,1.495811130722546,0.4958111307225459
2020-01-20,BBRI,4236.29052734375,2832.1,1.4958124809659794,0.4958124809659794
2020-01-21,BBRI,4245.38134765625,2838.18,1.4958111704177501,0.49581117041775014
2020-01-22,BBRI,4281.744140625,2862.49,1.4958110388595245,0.4958110388595245
2020-01-23,BBRI,4309.0166015625,2880.72,1.4958123668952554,0.49581236689525543
2020-01-24,BBRI,4309.0166015625,2880.72,1.4958123668952554,0.49581236689525543
2020-01-27,BBRI,4227.19970703125,2826.02,1.4958137971533287,0.49581379715332874
2020-01-28,BBRI,4199.92724609375,2807.79,1.4958124525316174,0.49581245253161743
2020-01-29,BBRI,4199.92724609375,2807.79,1.4958124525316174,0.49581245253161743
2020-01-30,BBRI,4163.564453125,2783.48,1.4958125990217281,0.49581259902172814
2020-01-31,BBRI,4054.475341796875,2710.55,1.495812784046365,0.4958127840463651
2020-02-03,BBRI,4054.475341796875,2710.55,1.495812784046365,0.4958127840463651
2020-02-04,BBRI,4145.3828125,2771.33,1.4958098864083311,0.4958098864083311
2020-02-05,BBRI,4145.3828125,2771.33,1.4958098864083311,0.4958098864083311
2020-02-06,BBRI,4136.2919921875,2765.25,1.4958112258159297,0.49581122581592973
2020-02-07,BBRI,4136.2919921875,2765.25,1.4958112258159297,0.49581122581592973
2020-02-10,BBRI,4090.83837890625,2734.86,1.4958127212750378,0.49581272127503784
2020-02-11,BBRI,4099.92919921875,2740.94,1.4958113636995884,0.49581136369958845
2020-02-12,BBRI,4118.11083984375,2753.09,1.4958140997365688,0.49581409973656876
2020-02-13,BBRI,4154.4736328125,2777.4,1.495813938508137,0.49581393850813704
2020-02-14,BBRI,4136.2919921875,2765.25,1.4958112258159297,0.49581122581592973
2020-02-17,BBRI,4063.566162109375,2716.63,1.495811414182047,0.4958114141820471
2020-02-18,BBRI,3999.930908203125,2674.09,1.4958101291292083,0.4958101291292083
2020-02-19,BBRI,4072.656982421875,2722.71,1.4958100504357332,0.49581005043573323
2020-02-20,BBRI,4145.3828125,2771.33,1.4958098864083311,0.4958098864083311
2020-02-21,BBRI,4099.92919921875,2740.94,1.4958113636995884,0.49581136369958845
2020-02-24,BBRI,4081.74755859375,2728.78,1.49581408490012,0.49581408490012
2020-02-25,BBRI,4090.83837890625,2734.86,1.4958127212750378,0.49581272127503784
2020-02-26,BBRI,4072.656982421875,2722.71,1.4958100504357332,0.49581005043573323
2020-02-27,BBRI,3754.480712890625,2607.91,1.4396511815555848,0.4396511815555848
2020-02-28,BBRI,3809.025146484375,2645.8,1.4396496887460786,0.43964968874607857
2020-03-02,BBRI,3618.119384765625,2513.19,1.4396521491672436,0.4396521491672436
2020-03-03,BBRI,3727.208251953125,2588.96,1.4396546304126463,0.4396546304126463
2020-03-04,BBRI,3836.29736328125,2664.74,1.439651659554497,0.43965165955449703
2020-03-05,BBRI,3772.662109375,2620.54,1.4396506481011548,0.43965064810115484
2020-03-06,BBRI,3645.3916015625,2532.13,1.4396542047851018,0.43965420478510175
2020-03-09,BBRI,3409.031982421875,2367.96,1.4396493109773285,0.4396493109773285
2020-03-10,BBRI,3554.484130859375,2468.99,1.4396510843945804,0.43965108439458045
2020-03-11,BBRI,3554.484130859375,2468.99,1.4396510843945804,0.43965108439458045
2020-03-12,BBRI,3281.761474609375,2279.55,1.439653209892029,0.43965320989202894
2020-03-13,BBRI,3381.759765625,2349.01,1.4396532009761558,0.4396532009761558
2020-03-16,BBRI,3181.76318359375,2210.09,1.439653219368329,0.4396532193683289
2020-03-17,BBRI,2963.585205078125,2058.54,1.4396539319508608,0.4396539319508608
2020-03-18,BBRI,2854.49609375,1982.77,1.4396506371137348,0.43965063711373475
2020-03-19,BBRI,2663.59033203125,1850.16,1.4396540472344284,0.43965404723442836
2020-03-20,BBRI,2554.501220703125,1774.39,1.439650370382568,0.43965037038256805
2020-03-23,BBRI,2381.777099609375,1654.41,1.4396534713942584,0.43965347139425837
2020-03-24,BBRI,2218.1435546875,1540.75,1.4396518284520525,0.43965182845205253
2020-03-26,BBRI,2672.68115234375,1856.48,1.4396498493620993,0.4396498493620993
2020-03-27,BBRI,2936.31298828125,2039.6,1.4396513964901207,0.43965139649012075
2020-03-30,BBRI,2736.31640625,1900.68,1.4396512859871204,0.43965128598712044
2020-03-31,BBRI,2745.4072265625,1906.99,1.4396547577923848,0.43965475779238483
2020-04-01,BBRI,2663.59033203125,1850.16,1.4396540472344284,0.43965404723442836
2020-04-02,BBRI,2609.0458984375,1812.28,1.4396483426609024,0.43964834266090236
2020-04-03,BBRI,2627.227294921875,1824.9,1.439655485189257,0.4396554851892569
2020-04-06,BBRI,2745.4072265625,1906.99,1.4396547577923848,0.43965475779238483
2020-04-07,BBRI,2754.497802734375,1913.31,1.4396505546588765,0.4396505546588765
2020-04-08,BBRI,2563.592041015625,1780.7,1.439654091658126,0.43965409165812597
2020-04-09,BBRI,2536.31982421875,1761.76,1.4396511580571418,0.43965115805714183
2020-04-13,BBRI,2518.138427734375,1749.13,1.4396519571068902,0.4396519571068902
2020-04-14,BBRI,2636.318115234375,1831.22,1.4396512244483868,0.4396512244483868
2020-04-15,BBRI,2509.047607421875,1742.82,1.4396481606946645,0.4396481606946645
2020-04-16,BBRI,2372.686279296875,1648.1,1.4396494625913931,0.43964946259139315
2020-04-17,BBRI,2572.682861328125,1787.02,1.439649730460837,0.4396497304608371
2020-04-20,BBRI,2527.22900390625,1755.44,1.439655587149803,0.4396555871498029
2020-04-21,BBRI,2472.6845703125,1717.56,1.4396496019425813,0.4396496019425813
2020-04-22,BBRI,2536.31982421875,1761.76,1.4396511580571418,0.43965115805714183
2020-04-23,BBRI,2545.41064453125,1768.07,1.439654903104091,0.43965490310409105
2020-04-24,BBRI,2390.86767578125,1660.73,1.4396486339027115,0.43964863390271147
2020-04-27,BBRI,2418.14013671875,1679.67,1.4396519177688176,0.4396519177688176
2020-04-28,BBRI,2354.5048828125,1635.47,1.4396503040792554,0.4396503040792554
2020-04-29,BBRI,2345.4140625,1629.15,1.4396550731976796,0.4396550731976796
2020-04-30,BBRI,2481.775390625,1723.87,1.4396534487084294,0.4396534487084294
2020-05-04,BBRI,2390.86767578125,1660.73,1.4396486339027115,0.43964863390271147
2020-05-05,BBRI,2390.86767578125,1660.73,1.4396486339027115,0.43964863390271147
2020-05-06,BBRI,2381.777099609375,1654.41,1.4396534713942584,0.43965347139425837
2020-05-08,BBRI,2354.5048828125,1635.47,1.4396503040792554,0.4396503040792554
2020-05-11,BBRI,2381.777099609375,1654.41,1.4396534713942584,0.43965347139425837
2020-05-12,BBRI,2263.59716796875,1572.32,1.4396542484791583,0.43965424847915835
2020-05-13,BBRI,2245.415771484375,1559.69,1.4396551696070212,0.4396551696070212
2020-05-14,BBRI,2136.32666015625,1483.92,1.4396508303387312,0.4396508303387312
2020-05-15,BBRI,2036.3284912109375,1414.46,1.439650814594218,0.43965081459421795
2020-05-18,BBRI,1972.6932373046875,1370.26,1.439648852994824,0.4396488529948239
2020-05-19,BBRI,2154.50830078125,1496.55,1.439650062330861,0.439650062330861
2020-05-20,BBRI,2254.506591796875,1566.01,1.4396501885664044,0.43965018856640437
2020-05-26,BBRI,2290.86962890625,1591.27,1.4396486007442169,0.43964860074421686
2020-05-27,BBRI,2390.86767578125,1660.73,1.4396486339027115,0.43964863390271147
2020-05-28,BBRI,2481.775390625,1723.87,1.4396534487084294,0.4396534487084294
2020-05-29,BBRI,2681.77197265625,1862.79,1.4396534084122472,0.4396534084122472
2020-06-02,BBRI,2890.859130859375,2008.03,1.4396493731963043,0.43964937319630426
2020-06-03,BBRI,2818.133056640625,1957.51,1.439651933650722,0.4396519336507221
2020-06-04,BBRI,2781.77001953125,1932.25,1.4396532640865571,0.43965326408655714
2020-06-05,BBRI,2827.223876953125,1963.82,1.4396553029061345,0.4396553029061345
2020-06-08,BBRI,2999.9482421875,2083.8,1.4396526740510125,0.4396526740510125
2020-06-09,BBRI,2918.13134765625,2026.97,1.439651967052423,0.43965196705242304
2020-06-10,BBRI,2754.497802734375,1913.31,1.4396505546588765,0.4396505546588765
2020-06-11,BBRI,2699.953369140625,1875.42,1.439652648015178,0.4396526480151779
2020-06-12,BBRI,2754.497802734375,1913.31,1.4396505546588765,0.4396505546588765
2020-06-15,BBRI,2636.318115234375,1831.22,1.4396512244483868,0.4396512244483868
2020-06-16,BBRI,2845.405517578125,1976.45,1.4396546927967442,0.4396546927967442
2020-06-17,BBRI,2818.133056640625,1957.51,1.439651933650722,0.4396519336507221
2020-06-18,BBRI,2772.679443359375,1925.94,1.439649959686893,0.439649959686893
2020-06-19,BBRI,2818.133056640625,1957.51,1.439651933650722,0.4396519336507221
2020-06-22,BBRI,2781.77001953125,1932.25,1.4396532640865571,0.43965326408655714
2020-06-23,BBRI,2736.31640625,1900.68,1.4396512859871204,0.43965128598712044
2020-06-24,BBRI,2836.314697265625,1970.14,1.4396513431865883,0.4396513431865883
2020-06-25,BBRI,2781.77001953125,1932.25,1.4396532640865571,0.43965326408655714
2020-06-26,BBRI,2754.497802734375,1913.31,1.4396505546588765,0.4396505546588765
2020-06-29,BBRI,2763.588623046875,1919.62,1.4396540060256067,0.43965400602560667
2020-06-30,BBRI,2754.497802734375,1913.31,1.4396505546588765,0.4396505546588765
2020-07-01,BBRI,2781.77001953125,1932.25,1.4396532640865571,0.43965326408655714
2020-07-02,BBRI,2781.77001953125,1932.25,1.4396532640865571,0.43965326408655714
2020-07-03,BBRI,2772.679443359375,1925.94,1.439649959686893,0.439649959686893
2020-07-06,BBRI,2763.588623046875,1919.62,1.4396540060256067,0.43965400602560667
2020-07-07,BBRI,2754.497802734375,1913.31,1.4396505546588765,0.4396505546588765
2020-07-08,BBRI,2899.949951171875,2014.34,1.4396526659709261,0.4396526659709261
2020-07-09,BBRI,2854.49609375,1982.77,1.4396506371137348,0.43965063711373475
2020-07-10,BBRI,2827.223876953125,1963.82,1.4396553029061345,0.4396553029061345
2020-07-13,BBRI,2872.677734375,1995.4,1.439650062330861,0.439650062330861
2020-07-14,BBRI,2881.768310546875,2001.71,1.439653251743197,0.439653251743197
2020-07-15,BBRI,2845.405517578125,1976.45,1.4396546927967442,0.4396546927967442
2020-07-16,BBRI,2854.49609375,1982.77,1.4396506371137348,0.43965063711373475
2020-07-17,BBRI,2818.133056640625,1957.51,1.439651933650722,0.4396519336507221
2020-07-20,BBRI,2772.679443359375,1925.94,1.439649959686893,0.439649959686893
2020-07-21,BBRI,2863.5869140625,1989.08,1.439653967694864,0.4396539676948641
2020-07-22,BBRI,2818.133056640625,1957.51,1.439651933650722,0.4396519336507221
2020-07-23,BBRI,2854.49609375,1982.77,1.4396506371137348,0.43965063711373475
2020-07-24,BBRI,2809.04248046875,1951.2,1.4396486677269116,0.4396486677269116
2020-07-27,BBRI,2863.5869140625,1989.08,1.439653967694864,0.4396539676948641
2020-07-28,BBRI,2854.49609375,1982.77,1.4396506371137348,0.43965063711373475
2020-07-29,BBRI,2836.314697265625,1970.14,1.4396513431865883,0.4396513431865883
2020-07-30,BBRI,2872.677734375,1995.4,1.439650062330861,0.439650062330861
2020-08-03,BBRI,2718.134765625,1888.05,1.4396518977913721,0.43965189779137215
2020-08-04,BBRI,2799.95166015625,1944.88,1.4396526573136903,0.4396526573136903
2020-08-05,BBRI,2799.95166015625,1944.88,1.4396526573136903,0.4396526573136903
2020-08-06,BBRI,2827.223876953125,1963.82,1.4396553029061345,0.4396553029061345
2020-08-07,BBRI,2827.223876953125,1963.82,1.4396553029061345,0.4396553029061345
2020-08-10,BBRI,2845.405517578125,1976.45,1.4396546927967442,0.4396546927967442
2020-08-11,BBRI,2899.949951171875,2014.34,1.4396526659709261,0.4396526659709261
2020-08-12,BBRI,3045.40185546875,2115.37,1.4396544601978614,0.43965446019786136
2020-08-13,BBRI,3027.220458984375,2102.74,1.4396551447085115,0.4396551447085115
2020-08-14,BBRI,3036.311279296875,2109.06,1.4396514462826449,0.43965144628264485
2020-08-18,BBRI,3199.94482421875,2222.72,1.4396526886961696,0.4396526886961696
2020-08-19,BBRI,3236.3076171875,2247.98,1.4396514280320554,0.43965142803205537
2020-08-24,BBRI,3309.03369140625,2298.5,1.4396492022650642,0.4396492022650642
2020-08-25,BBRI,3454.48583984375,2399.53,1.4396510315952498,0.43965103159524976
2020-08-26,BBRI,3399.941162109375,2361.64,1.4396525982407882,0.4396525982407882
2020-08-27,BBRI,3363.578369140625,2336.38,1.4396538102280558,0.43965381022805583
2020-08-28,BBRI,3354.487548828125,2330.07,1.4396509756479954,0.4396509756479954
2020-08-31,BBRI,3190.85400390625,2216.41,1.4396497055627118,0.43964970556271177
2020-09-01,BBRI,3281.761474609375,2279.55,1.439653209892029,0.43965320989202894
2020-09-02,BBRI,3327.21533203125,2311.12,1.439654943071433,0.43965494307143294
2020-09-03,BBRI,3254.4892578125,2260.61,1.4396509162626459,0.43965091626264585
2020-09-04,BBRI,3227.217041015625,2241.67,1.439648583875247,0.4396485838752471
2020-09-07,BBRI,3190.85400390625,2216.41,1.4396497055627118,0.43964970556271177
2020-09-08,BBRI,3199.94482421875,2222.72,1.4396526886961696,0.4396526886961696
2020-09-09,BBRI,3099.946533203125,2153.26,1.4396526816098032,0.4396526816098032
2020-09-10,BBRI,2890.859130859375,2008.03,1.4396493731963043,0.43964937319630426
2020-09-11,BBRI,2954.494384765625,2052.23,1.439650713987041,0.4396507139870409
2020-09-14,BBRI,3127.21875,2172.21,1.439648445592277,0.4396484455922769
2020-09-15,BBRI,3027.220458984375,2102.74,1.4396551447085115,0.4396551447085115
2020-09-16,BBRI,2963.585205078125,2058.54,1.4396539319508608,0.4396539319508608
2020-09-17,BBRI,2909.040771484375,2020.66,1.4396488134987453,0.4396488134987453
2020-09-18,BBRI,2927.22216796875,2033.28,1.4396552211051847,0.43965522110518473
2020-09-21,BBRI,2899.949951171875,2014.34,1.4396526659709261,0.4396526659709261
2020-09-22,BBRI,2845.405517578125,1976.45,1.4396546927967442,0.4396546927967442
2020-09-23,BBRI,2799.95166015625,1944.88,1.4396526573136903,0.4396526573136903
2020-09-24,BBRI,2754.497802734375,1913.31,1.4396505546588765,0.4396505546588765
2020-09-25,BBRI,2872.677734375,1995.4,1.439650062330861,0.439650062330861
2020-09-28,BBRI,2809.04248046875,1951.2,1.4396486677269116,0.4396486677269116
2020-09-29,BBRI,2763.588623046875,1919.62,1.4396540060256067,0.43965400602560667
2020-09-30,BBRI,2763.588623046875,1919.62,1.4396540060256067,0.43965400602560667
2020-10-01,BBRI,2872.677734375,1995.4,1.439650062330861,0.439650062330861
2020-10-02,BBRI,2818.133056640625,1957.51,1.439651933650722,0.4396519336507221
2020-10-05,BBRI,2872.677734375,1995.4,1.439650062330861,0.439650062330861
2020-10-06,BBRI,2899.949951171875,2014.34,1.4396526659709261,0.4396526659709261
2020-10-07,BBRI,2836.314697265625,1970.14,1.4396513431865883,0.4396513431865883
2020-10-08,BBRI,2863.5869140625,1989.08,1.439653967694864,0.4396539676948641
2020-10-09,BBRI,2863.5869140625,1989.08,1.439653967694864,0.4396539676948641
2020-10-12,BBRI,2899.949951171875,2014.34,1.4396526659709261,0.4396526659709261
2020-10-13,BBRI,2981.7666015625,2071.17,1.4396532402277455,0.43965324022774555
2020-10-14,BBRI,3054.49267578125,2121.69,1.4396507858269822,0.43965078582698225
2020-10-15,BBRI,3009.038818359375,2090.12,1.4396488327748527,0.43964883277485267
2020-10-16,BBRI,2954.494384765625,2052.23,1.439650713987041,0.4396507139870409
2020-10-19,BBRI,2981.7666015625,2071.17,1.4396532402277455,0.43965324022774555
2020-10-20,BBRI,2954.494384765625,2052.23,1.439650713987041,0.4396507139870409
2020-10-21,BBRI,2945.403564453125,2045.91,1.4396545128833258,0.4396545128833258
2020-10-22,BBRI,2999.9482421875,2083.8,1.4396526740510125,0.4396526740510125
2020-10-23,BBRI,2990.857421875,2077.49,1.4396494913934605,0.43964949139346055
2020-10-26,BBRI,3036.311279296875,2109.06,1.4396514462826449,0.43965144628264485
2020-10-27,BBRI,3054.49267578125,2121.69,1.4396507858269822,0.43965078582698225
2020-11-02,BBRI,3072.67431640625,2134.32,1.4396502475759256,0.43965024757592563
2020-11-03,BBRI,3072.67431640625,2134.32,1.4396502475759256,0.43965024757592563
2020-11-04,BBRI,2990.857421875,2077.49,1.4396494913934605,0.43964949139346055
2020-11-05,BBRI,3172.67236328125,2203.78,1.4396502206578015,0.43965022065780146
2020-11-06,BBRI,3236.3076171875,2247.98,1.4396514280320554,0.43965142803205537
2020-11-09,BBRI,3354.487548828125,2330.07,1.4396509756479954,0.4396509756479954
2020-11-10,BBRI,3636.30078125,2525.82,1.4396515908694998,0.4396515908694998
2020-11-11,BBRI,3745.389892578125,2601.59,1.439654170172135,0.43965417017213504
2020-11-12,BBRI,3590.84716796875,2494.25,1.439650062330861,0.439650062330861
2020-11-13,BBRI,3636.30078125,2525.82,1.4396515908694998,0.4396515908694998
2020-11-16,BBRI,3599.937744140625,2500.56,1.4396526154703846,0.4396526154703846
2020-11-17,BBRI,3599.937744140625,2500.56,1.4396526154703846,0.4396526154703846
2020-11-18,BBRI,3672.663818359375,2551.08,1.439650586559173,0.4396505865591731
2020-11-19,BBRI,3672.663818359375,2551.08,1.439650586559173,0.4396505865591731
2020-11-20,BBRI,3654.482421875,2538.45,1.4396511343043985,0.4396511343043985
2020-11-23,BBRI,3709.02685546875,2576.34,1.4396496019425813,0.4396496019425813
2020-11-24,BBRI,3818.115966796875,2652.11,1.4396521889351779,0.4396521889351779
2020-11-25,BBRI,3927.204833984375,2727.89,1.4396492651772526,0.43964926517725256
2020-11-26,BBRI,3899.9326171875,2708.94,1.4396526380013954,0.4396526380013954
2020-11-27,BBRI,3881.751220703125,2696.31,1.4396531632872798,0.43965316328727977
2020-11-30,BBRI,3718.11767578125,2582.65,1.4396521695859872,0.4396521695859872
2020-12-01,BBRI,3854.478759765625,2677.37,1.4396511351683277,0.43965113516832766
2020-12-02,BBRI,3909.0234375,2715.26,1.4396497711084757,0.4396497711084757
2020-12-03,BBRI,3999.930908203125,2778.4,1.4396526447606985,0.43965264476069854
2020-12-04,BBRI,3909.0234375,2715.26,1.4396497711084757,0.4396497711084757
2020-12-07,BBRI,3999.930908203125,2778.4,1.4396526447606985,0.43965264476069854
2020-12-08,BBRI,3999.930908203125,2778.4,1.4396526447606985,0.43965264476069854
2020-12-10,BBRI,3936.295654296875,2734.2,1.4396516912796706,0.43965169127967063
2020-12-11,BBRI,3890.841796875,2702.63,1.4396501914338995,0.4396501914338995
2020-12-14,BBRI,3890.841796875,2702.63,1.4396501914338995,0.4396501914338995
2020-12-15,BBRI,3890.841796875,2702.63,1.4396501914338995,0.4396501914338995
2020-12-16,BBRI,3927.204833984375,2727.89,1.4396492651772526,0.43964926517725256
2020-12-17,BBRI,3936.295654296875,2734.2,1.4396516912796706,0.43965169127967063
2020-12-18,BBRI,3890.841796875,2702.63,1.4396501914338995,0.4396501914338995
2020-12-21,BBRI,3827.20654296875,2658.43,1.439649169987079,0.43964916998707904
2020-12-22,BBRI,3754.480712890625,2607.91,1.4396511815555848,0.4396511815555848
2020-12-23,BBRI,3781.7529296875,2626.85,1.43965317002779,0.4396531700277899
2020-12-28,BBRI,3863.569580078125,2683.68,1.4396536025450595,0.4396536025450595
2020-12-29,BBRI,3799.934326171875,2639.48,1.4396526308863393,0.4396526308863393
2020-12-30,BBRI,3790.843505859375,2633.17,1.4396501197641531,0.43965011976415314
2021-01-04,BBRI,3918.1142578125,2721.57,1.4396522072967073,0.4396522072967073
2021-01-05,BBRI,3881.751220703125,2696.31,1.4396531632872798,0.43965316328727977
2021-01-06,BBRI,3818.115966796875,2652.11,1.4396521889351779,0.4396521889351779
2021-01-07,BBRI,3890.841796875,2702.63,1.4396501914338995,0.4396501914338995
2021-01-08,BBRI,3990.840087890625,2772.09,1.4396502595120018,0.43965025951200176
2021-01-11,BBRI,4227.19970703125,2936.27,1.4396495237261049,0.4396495237261049
2021-01-12,BBRI,4290.8349609375,2980.47,1.4396504447075462,0.4396504447075462
2021-01-13,BBRI,4354.47021484375,3024.67,1.4396513387720808,0.43965133877208085
2021-01-14,BBRI,4336.28857421875,3012.04,1.4396517224933103,0.4396517224933103
2021-01-15,BBRI,4163.564453125,2892.06,1.4396535525283016,0.4396535525283016
2021-01-18,BBRI,4199.92724609375,2917.32,1.4396525736270789,0.4396525736270789
2021-01-19,BBRI,4199.92724609375,2917.32,1.4396525736270789,0.4396525736270789
2021-01-20,BBRI,4445.3779296875,3087.81,1.4396539714838348,0.4396539714838348
2021-01-21,BBRI,4354.47021484375,3024.67,1.4396513387720808,0.43965133877208085
2021-01-22,BBRI,4290.8349609375,2980.47,1.4396504447075462,0.4396504447075462
2021-01-25,BBRI,4345.37939453125,3018.35,1.4396539150632797,0.43965391506327967
2021-01-26,BBRI,4227.19970703125,2936.27,1.4396495237261049,0.4396495237261049
2021-01-27,BBRI,4199.92724609375,2917.32,1.4396525736270789,0.4396525736270789
2021-01-28,BBRI,4063.566162109375,2822.6,1.4396535683799954,0.43965356837999536
2021-01-29,BBRI,3799.934326171875,2639.48,1.4396526308863393,0.4396526308863393
2021-02-01,BBRI,3999.930908203125,2778.4,1.4396526447606985,0.43965264476069854
2021-02-02,BBRI,3963.56787109375,2753.14,1.439653585031546,0.43965358503154595
2021-02-03,BBRI,3981.74951171875,2765.77,1.439653156885334,0.4396531568853339
2021-02-04,BBRI,4081.74755859375,2835.23,1.4396530646874328,0.4396530646874328
2021-02-05,BBRI,4063.566162109375,2822.6,1.4396535683799954,0.43965356837999536
2021-02-08,BBRI,4054.475341796875,2816.29,1.4396512226357638,0.43965122263576384
2021-02-09,BBRI,4199.92724609375,2917.32,1.4396525736270789,0.4396525736270789
2021-02-10,BBRI,4227.19970703125,2936.27,1.4396495237261049,0.4396495237261049
2021-02-11,BBRI,4254.47216796875,2955.21,1.4396513844934031,0.43965138449340313
2021-02-15,BBRI,4281.744140625,2974.15,1.439653057386144,0.4396530573861439
2021-02-16,BBRI,4245.38134765625,2948.89,1.4396540215661657,0.43965402156616573
2021-02-17,BBRI,4209.01806640625,2923.64,1.439649911208716,0.439649911208716
2021-02-18,BBRI,4245.38134765625,2948.89,1.4396540215661657,0.43965402156616573
2021-02-19,BBRI,4354.47021484375,3024.67,1.4396513387720808,0.43965133877208085
2021-02-22,BBRI,4354.47021484375,3024.67,1.4396513387720808,0.43965133877208085
2021-02-23,BBRI,4354.47021484375,3024.67,1.4396513387720808,0.43965133877208085
2021-02-24,BBRI,4299.92578125,2986.78,1.439652663152291,0.439652663152291
2021-02-25,BBRI,4299.92578125,2986.78,1.439652663152291,0.439652663152291
2021-02-26,BBRI,4281.744140625,2974.15,1.439653057386144,0.4396530573861439
2021-03-01,BBRI,4390.8330078125,3049.93,1.4396504207678538,0.43965042076785377
2021-03-02,BBRI,4363.56103515625,3030.98,1.4396535230045233,0.4396535230045233
2021-03-03,BBRI,4409.0146484375,3062.56,1.4396500471623412,0.43965004716234124
2021-03-04,BBRI,4327.19775390625,3005.73,1.4396495207175128,0.43964952071751284
2021-03-05,BBRI,4336.28857421875,3012.04,1.4396517224933103,0.4396517224933103
2021-03-08,BBRI,4299.92578125,2986.78,1.439652663152291,0.439652663152291
2021-03-09,BBRI,4163.564453125,2892.06,1.4396535525283016,0.4396535525283016
2021-03-10,BBRI,4209.01806640625,2923.64,1.439649911208716,0.439649911208716
2021-03-12,BBRI,4163.564453125,2892.06,1.4396535525283016,0.4396535525283016
2021-03-15,BBRI,4154.4736328125,2885.75,1.4396512632114702,0.4396512632114702
2021-03-16,BBRI,4290.8349609375,2980.47,1.4396504447075462,0.4396504447075462
2021-03-17,BBRI,4245.38134765625,2948.89,1.4396540215661657,0.43965402156616573
2021-03-18,BBRI,4327.19775390625,3005.73,1.4396495207175128,0.43964952071751284
2021-03-19,BBRI,4245.38134765625,2948.89,1.4396540215661657,0.43965402156616573
2021-03-22,BBRI,4209.01806640625,2923.64,1.439649911208716,0.439649911208716
2021-03-23,BBRI,4245.38134765625,2948.89,1.4396540215661657,0.43965402156616573
2021-03-24,BBRI,4245.38134765625,2948.89,1.4396540215661657,0.43965402156616573
2021-03-25,BBRI,4199.92724609375,2917.32,1.4396525736270789,0.4396525736270789
2021-03-26,BBRI,4290.8349609375,2980.47,1.4396504447075462,0.4396504447075462
2021-03-29,BBRI,4290.8349609375,2980.47,1.4396504447075462,0.4396504447075462
2021-03-30,BBRI,4090.83837890625,2841.55,1.4396503242618464,0.43965032426184636
2021-03-31,BBRI,3999.930908203125,2778.4,1.4396526447606985,0.43965264476069854
2021-04-01,BBRI,3899.9326171875,2708.94,1.4396526380013954,0.4396526380013954
2021-04-05,BBRI,3818.115966796875,2652.11,1.4396521889351779,0.4396521889351779
2021-04-06,BBRI,3818.115966796875,2716.07,1.4057502077622723,0.40575020776227233
2021-04-07,BBRI,3818.115966796875,2716.07,1.4057502077622723,0.40575020776227233
2021-04-08,BBRI,3954.47705078125,2813.07,1.405751385774705,0.40575138577470504
2021-04-09,BBRI,3954.47705078125,2813.07,1.405751385774705,0.40575138577470504
2021-04-12,BBRI,3827.20654296875,2722.54,1.4057485079994234,0.4057485079994234
2021-04-13,BBRI,3781.7529296875,2690.2,1.4057515908436176,0.40575159084361756
2021-04-14,BBRI,3954.47705078125,2813.07,1.405751385774705,0.40575138577470504
2021-04-15,BBRI,4009.021728515625,2851.88,1.405746990937776,0.405746990937776
2021-04-16,BBRI,3945.386474609375,2806.61,1.4057480286214952,0.40574802862149517
2021-04-19,BBRI,3981.74951171875,2832.47,1.4057516978886804,0.4057516978886804
2021-04-20,BBRI,3918.1142578125,2787.21,1.4057477756654504,0.4057477756654504
2021-04-21,BBRI,3845.38818359375,2735.47,1.4057504500483464,0.4057504500483464
2021-04-22,BBRI,3818.115966796875,2716.07,1.4057502077622723,0.40575020776227233
2021-04-23,BBRI,3863.569580078125,2748.41,1.405747170210458,0.40574717021045803
2021-04-26,BBRI,3763.5712890625,2677.27,1.405749621466083,0.40574962146608295
2021-04-27,BBRI,3790.843505859375,2696.67,1.4057498714560457,0.4057498714560457
2021-04-28,BBRI,3754.480712890625,2670.8,1.4057513527372416,0.4057513527372416
2021-04-29,BBRI,3781.7529296875,2690.2,1.4057515908436176,0.40575159084361756
2021-04-30,BBRI,3681.754638671875,2619.07,1.4057488492754584,0.4057488492754584
2021-05-03,BBRI,3645.3916015625,2593.2,1.4057502705392952,0.40575027053929524
2021-05-04,BBRI,3690.845458984375,2625.54,1.405747183049725,0.405747183049725
2021-05-05,BBRI,3718.11767578125,2644.94,1.4057474558142151,0.4057474558142151
2021-05-06,BBRI,3736.299072265625,2657.87,1.4057493678267279,0.4057493678267279
2021-05-07,BBRI,3681.754638671875,2619.07,1.4057488492754584,0.4057488492754584
2021-05-10,BBRI,3681.754638671875,2619.07,1.4057488492754584,0.4057488492754584
2021-05-11,BBRI,3627.2099609375,2580.27,1.405748220510838,0.40574822051083803
2021-05-17,BBRI,3545.393310546875,2522.07,1.4057473862925591,0.40574738629255913
2021-05-18,BBRI,3545.393310546875,2522.07,1.4057473862925591,0.40574738629255913
2021-05-19,BBRI,3518.12109375,2502.67,1.4057470995976298,0.4057470995976298
2021-05-20,BBRI,3527.2119140625,2509.13,1.4057509631077305,0.4057509631077305
2021-05-21,BBRI,3536.302490234375,2515.6,1.4057491215751212,0.4057491215751212
2021-05-24,BBRI,3672.663818359375,2612.6,1.4057505237538754,0.40575052375387544
2021-05-25,BBRI,3690.845458984375,2625.54,1.405747183049725,0.405747183049725
2021-05-27,BBRI,3590.84716796875,2554.4,1.4057497525715432,0.4057497525715432
2021-05-28,BBRI,3699.93603515625,2632.0,1.4057507732356573,0.40575077323565734
2021-05-31,BBRI,3872.660400390625,2754.87,1.4057506889220273,0.40575068892202726
2021-06-02,BBRI,3872.660400390625,2754.87,1.4057506889220273,0.40575068892202726
2021-06-03,BBRI,3963.56787109375,2819.54,1.4057498283740433,0.4057498283740433
2021-06-04,BBRI,3945.386474609375,2806.61,1.4057480286214952,0.40574802862149517
2021-06-07,BBRI,3863.569580078125,2748.41,1.405747170210458,0.40574717021045803
2021-06-08,BBRI,3818.115966796875,2716.07,1.4057502077622723,0.40575020776227233
2021-06-09,BBRI,3836.29736328125,2729.01,1.4057469057574907,0.40574690575749073
2021-06-10,BBRI,3909.0234375,2780.74,1.4057493463970023,0.40574934639700233
2021-06-11,BBRI,3890.841796875,2767.81,1.4057474309562434,0.40574743095624344
2021-06-14,BBRI,3954.47705078125,2813.07,1.405751385774705,0.40575138577470504
2021-06-15,BBRI,3845.38818359375,2735.47,1.4057504500483464,0.4057504500483464
2021-06-16,BBRI,3645.3916015625,2593.2,1.4057502705392952,0.40575027053929524
2021-06-17,BBRI,3663.572998046875,2606.14,1.4057468125453256,0.40574681254532563
2021-06-18,BBRI,3554.484130859375,2528.53,1.4057512194276416,0.4057512194276416
2021-06-21,BBRI,3581.75634765625,2547.93,1.4057514718443012,0.40575147184430116
2021-06-22,BBRI,3672.663818359375,2612.6,1.4057505237538754,0.40575052375387544
2021-06-23,BBRI,3581.75634765625,2547.93,1.4057514718443012,0.40575147184430116
2021-06-24,BBRI,3627.2099609375,2580.27,1.405748220510838,0.40574822051083803
2021-06-25,BBRI,3627.2099609375,2580.27,1.405748220510838,0.40574822051083803
2021-06-28,BBRI,3572.66552734375,2541.47,1.4057476686105876,0.40574766861058764
2021-06-29,BBRI,3545.393310546875,2522.07,1.4057473862925591,0.40574738629255913
2021-06-30,BBRI,3581.75634765625,2547.93,1.4057514718443012,0.40575147184430116
2021-07-01,BBRI,3581.75634765625,2547.93,1.4057514718443012,0.40575147184430116
2021-07-02,BBRI,3627.2099609375,2580.27,1.405748220510838,0.40574822051083803
2021-07-05,BBRI,3545.393310546875,2522.07,1.4057473862925591,0.40574738629255913
2021-07-06,BBRI,3536.302490234375,2515.6,1.4057491215751212,0.4057491215751212
2021-07-07,BBRI,3472.667236328125,2470.33,1.405750339561162,0.4057503395611619
2021-07-08,BBRI,3518.12109375,2502.67,1.4057470995976298,0.4057470995976298
2021-07-09,BBRI,3454.48583984375,2457.4,1.405748286743611,0.4057482867436111
2021-07-12,BBRI,3418.122802734375,2431.53,1.4057497965208632,0.4057497965208632
2021-07-13,BBRI,3436.30419921875,2444.46,1.4057518630776327,0.40575186307763267
2021-07-14,BBRI,3372.6689453125,2399.2,1.4057473096500919,0.40574730965009187
2021-07-15,BBRI,3463.576416015625,2463.86,1.405752119039079,0.40575211903907893
2021-07-16,BBRI,3490.848876953125,2483.27,1.405746808423218,0.4057468084232181
2021-07-19,BBRI,3436.30419921875,2444.46,1.4057518630776327,0.40575186307763267
2021-07-21,BBRI,3472.667236328125,2470.33,1.405750339561162,0.4057503395611619
2021-07-22,BBRI,3545.393310546875,2522.07,1.4057473862925591,0.40574738629255913
2021-07-23,BBRI,3518.12109375,2502.67,1.4057470995976298,0.4057470995976298
2021-07-26,BBRI,3481.758056640625,2476.8,1.4057485693800973,0.4057485693800973
2021-07-27,BBRI,3454.48583984375,2457.4,1.405748286743611,0.4057482867436111
2021-07-28,BBRI,3390.8505859375,2412.13,1.4057495184494617,0.4057495184494617
2021-07-29,BBRI,3427.213623046875,2438.0,1.4057479996090545,0.4057479996090545
2021-07-30,BBRI,3372.6689453125,2399.2,1.4057473096500919,0.40574730965009187
2021-08-02,BBRI,3399.941162109375,2418.6,1.4057476069252357,0.4057476069252357
2021-08-03,BBRI,3409.031982421875,2425.06,1.4057516030209047,0.40575160302090474
2021-08-04,BBRI,3499.939453125,2489.73,1.4057506047342483,0.4057506047342483
2021-08-05,BBRI,3681.754638671875,2619.07,1.4057488492754584,0.4057488492754584
2021-08-06,BBRI,3572.66552734375,2541.47,1.4057476686105876,0.40574766861058764
2021-08-09,BBRI,3499.939453125,2489.73,1.4057506047342483,0.4057506047342483
2021-08-10,BBRI,3472.667236328125,2470.33,1.405750339561162,0.4057503395611619
2021-08-12,BBRI,3463.576416015625,2463.86,1.405752119039079,0.40575211903907893
2021-08-13,BBRI,3518.12109375,2502.67,1.4057470995976298,0.4057470995976298
2021-08-16,BBRI,3572.66552734375,2541.47,1.4057476686105876,0.40574766861058764
2021-08-18,BBRI,3699.93603515625,2632.0,1.4057507732356573,0.40575077323565734
2021-08-19,BBRI,3527.2119140625,2509.13,1.4057509631077305,0.4057509631077305
2021-08-20,BBRI,3572.66552734375,2541.47,1.4057476686105876,0.40574766861058764
2021-08-23,BBRI,3599.937744140625,2560.87,1.4057479466511869,0.40574794665118685
2021-08-24,BBRI,3536.302490234375,2515.6,1.4057491215751212,0.4057491215751212
2021-08-25,BBRI,3536.302490234375,2515.6,1.4057491215751212,0.4057491215751212
2021-08-26,BBRI,3518.12109375,2502.67,1.4057470995976298,0.4057470995976298
2021-08-27,BBRI,3490.848876953125,2483.27,1.405746808423218,0.4057468084232181
2021-08-30,BBRI,3581.75634765625,2547.93,1.4057514718443012,0.40575147184430116
2021-08-31,BBRI,3572.66552734375,2541.47,1.4057476686105876,0.40574766861058764
2021-09-01,BBRI,3536.302490234375,2515.6,1.4057491215751212,0.4057491215751212
2021-09-02,BBRI,3518.12109375,2502.67,1.4057470995976298,0.4057470995976298
2021-09-03,BBRI,3572.66552734375,2541.47,1.4057476686105876,0.40574766861058764
2021-09-06,BBRI,3499.939453125,2489.73,1.4057506047342483,0.4057506047342483
2021-09-07,BBRI,3554.484130859375,2528.53,1.4057512194276416,0.4057512194276416
2021-09-08,BBRI,3730.0,2653.39,1.4057488721974531,0.40574887219745315
2021-09-09,BBRI,3730.0,2653.39,1.4057488721974531,0.40574887219745315
2021-09-10,BBRI,3780.0,2688.96,1.405747947161728,0.405747947161728
2021-09-13,BBRI,3700.0,2632.05,1.4057483710415835,0.40574837104158346
2021-09-14,BBRI,3700.0,2632.05,1.4057483710415835,0.40574837104158346
2021-09-15,BBRI,3660.0,2603.59,1.4057512895655613,0.4057512895655613
2021-09-16,BBRI,3640.0,2589.37,1.4057473439485282,0.4057473439485282
2021-09-17,BBRI,3610.0,2568.03,1.4057468175994827,0.4057468175994827
2021-09-20,BBRI,3590.0,2553.8,1.4057482966559636,0.40574829665596357
2021-09-21,BBRI,3570.0,2539.57,1.4057497922876707,0.4057497922876707
2021-09-22,BBRI,3610.0,2568.03,1.4057468175994827,0.4057468175994827
2021-09-23,BBRI,3770.0,2681.84,1.4057512752438623,0.40575127524386234
2021-09-24,BBRI,3820.0,2717.41,1.4057503284377404,0.4057503284377404
2021-09-27,BBRI,3750.0,2667.62,1.4057474452883094,0.4057474452883094
2021-09-28,BBRI,3720.0,2646.28,1.4057469353205254,0.4057469353205254
2021-09-29,BBRI,3740.0,2660.5,1.4057507987220448,0.4057507987220448
2021-09-30,BBRI,3850.0,2738.75,1.4057507987220448,0.4057507987220448
2021-10-01,BBRI,3900.0,2774.32,1.4057498774474464,0.4057498774474464
2021-10-04,BBRI,3970.0,2824.12,1.4057476311204906,0.4057476311204906
2021-10-05,BBRI,3930.0,2795.66,1.40575034160091,0.40575034160091006
2021-10-06,BBRI,4120.0,2930.82,1.4057499266416906,0.40574992664169063
2021-10-07,BBRI,4120.0,2930.82,1.4057499266416906,0.40574992664169063
2021-10-08,BBRI,4160.0,2959.28,1.405747343948528,0.40574734394852796
2021-10-11,BBRI,4180.0,2973.5,1.4057507987220448,0.4057507987220448
2021-10-12,BBRI,4220.0,3001.96,1.405748244480273,0.4057482444802729
2021-10-13,BBRI,4280.0,3044.64,1.40574911976457,0.40574911976456995
2021-10-14,BBRI,4250.0,3023.3,1.4057486852115237,0.40574868521152374
2021-10-15,BBRI,4320.0,3073.09,1.4057512145755575,0.4057512145755575
2021-10-18,BBRI,4410.0,3137.12,1.405747947161728,0.405747947161728
2021-10-19,BBRI,4400.0,3130.0,1.4057507987220448,0.4057507987220448
2021-10-21,BBRI,4360.0,3101.55,1.4057487385339587,0.40574873853395865
2021-10-22,BBRI,4400.0,3130.0,1.4057507987220448,0.4057507987220448
2021-10-25,BBRI,4300.0,3058.87,1.405747874214988,0.40574787421498804
2021-10-26,BBRI,4350.0,3094.43,1.4057516246934008,0.40575162469340076
2021-10-27,BBRI,4290.0,3051.75,1.4057507987220448,0.4057507987220448
2021-10-28,BBRI,4240.0,3016.18,1.405751646121916,0.40575164612191594
2021-10-29,BBRI,4250.0,3023.3,1.4057486852115237,0.40574868521152374
2021-11-01,BBRI,4230.0,3009.07,1.4057499493198895,0.4057499493198895
2021-11-02,BBRI,4210.0,2994.84,1.405751225441092,0.405751225441092
2021-11-03,BBRI,4290.0,3051.75,1.4057507987220448,0.4057507987220448
2021-11-04,BBRI,4250.0,3023.3,1.4057486852115237,0.40574868521152374
2021-11-05,BBRI,4240.0,3016.18,1.405751646121916,0.40575164612191594
2021-11-08,BBRI,4230.0,3009.07,1.4057499493198895,0.4057499493198895
2021-11-09,BBRI,4250.0,3023.3,1.4057486852115237,0.40574868521152374
2021-11-10,BBRI,4250.0,3023.3,1.4057486852115237,0.40574868521152374
2021-11-11,BBRI,4250.0,3023.3,1.4057486852115237,0.40574868521152374
2021-11-12,BBRI,4220.0,3001.96,1.405748244480273,0.4057482444802729
2021-11-15,BBRI,4160.0,2959.28,1.405747343948528,0.40574734394852796
2021-11-16,BBRI,4130.0,2937.93,1.4057516686919023,0.40575166869190227
2021-11-17,BBRI,4200.0,2987.73,1.4057495155184705,0.4057495155184705
2021-11-18,BBRI,4180.0,2973.5,1.4057507987220448,0.4057507987220448
2021-11-19,BBRI,4280.0,3044.64,1.40574911976457,0.40574911976456995
2021-11-22,BBRI,4280.0,3044.64,1.40574911976457,0.40574911976456995
2021-11-23,BBRI,4210.0,2994.84,1.405751225441092,0.405751225441092
2021-11-24,BBRI,4210.0,2994.84,1.405751225441092,0.405751225441092
2021-11-25,BBRI,4220.0,3001.96,1.405748244480273,0.4057482444802729
2021-11-26,BBRI,4160.0,2959.28,1.405747343948528,0.40574734394852796
2021-11-29,BBRI,4170.0,2966.39,1.4057490754755781,0.40574907547557815
2021-11-30,BBRI,4090.0,2909.48,1.4057494810069153,0.4057494810069153
2021-12-01,BBRI,4080.0,2902.37,1.4057477165213257,0.4057477165213257
2021-12-02,BBRI,4200.0,2987.73,1.4057495155184705,0.4057495155184705
2021-12-03,BBRI,4170.0,2966.39,1.4057490754755781,0.40574907547557815
2021-12-06,BBRI,4110.0,2923.71,1.4057481761186985,0.4057481761186985
2021-12-07,BBRI,4230.0,3009.07,1.4057499493198895,0.4057499493198895
2021-12-08,BBRI,4210.0,2994.84,1.405751225441092,0.405751225441092
2021-12-09,BBRI,4190.0,2980.62,1.405747797438117,0.40574779743811695
2021-12-10,BBRI,4130.0,2937.93,1.4057516686919023,0.40575166869190227
2021-12-13,BBRI,4160.0,2959.28,1.405747343948528,0.40574734394852796
2021-12-14,BBRI,4130.0,2937.93,1.4057516686919023,0.40575166869190227
2021-12-15,BBRI,4200.0,2987.73,1.4057495155184705,0.4057495155184705
2021-12-16,BBRI,4140.0,2945.05,1.4057486290555339,0.4057486290555339
2021-12-17,BBRI,4110.0,2923.71,1.4057481761186985,0.4057481761186985
2021-12-20,BBRI,4120.0,2930.82,1.4057499266416906,0.40574992664169063
2021-12-21,BBRI,4080.0,2902.37,1.4057477165213257,0.4057477165213257
2021-12-22,BBRI,4050.0,2881.03,1.40574725011541,0.40574725011541
2021-12-23,BBRI,4100.0,2916.59,1.4057512368896554,0.4057512368896554
2021-12-24,BBRI,4070.0,2895.25,1.4057507987220448,0.4057507987220448
2021-12-27,BBRI,4060.0,2888.14,1.4057490287866932,0.40574902878669317
2021-12-28,BBRI,4090.0,2909.48,1.4057494810069153,0.4057494810069153
2021-12-29,BBRI,4080.0,2902.37,1.4057477165213257,0.4057477165213257
2021-12-30,BBRI,4110.0,2923.71,1.4057481761186985,0.4057481761186985
2022-01-03,BBRI,4180.0,2973.5,1.4057507987220448,0.4057507987220448
2022-01-04,BBRI,4160.0,2959.28,1.405747343948528,0.40574734394852796
2022-01-05,BBRI,4210.0,2994.84,1.405751225441092,0.405751225441092
2022-01-06,BBRI,4160.0,2959.28,1.405747343948528,0.40574734394852796
2022-01-07,BBRI,4190.0,2980.62,1.405747797438117,0.40574779743811695
2022-01-10,BBRI,4180.0,2973.5,1.4057507987220448,0.4057507987220448
2022-01-11,BBRI,4150.0,2952.16,1.4057503658338302,0.4057503658338302
2022-01-12,BBRI,4160.0,2959.28,1.405747343948528,0.40574734394852796
2022-01-13,BBRI,4190.0,2980.62,1.405747797438117,0.40574779743811695
2022-01-14,BBRI,4180.0,2973.5,1.4057507987220448,0.4057507987220448
2022-01-17,BBRI,4210.0,2994.84,1.405751225441092,0.405751225441092
2022-01-18,BBRI,4190.0,2980.62,1.405747797438117,0.40574779743811695
2022-01-19,BBRI,4130.0,2937.93,1.4057516686919023,0.40575166869190227
2022-01-20,BBRI,4130.0,2937.93,1.4057516686919023,0.40575166869190227
2022-01-21,BBRI,4170.0,2966.39,1.4057490754755781,0.40574907547557815
2022-01-24,BBRI,4120.0,2930.82,1.4057499266416906,0.40574992664169063
2022-01-25,BBRI,4070.0,2895.25,1.4057507987220448,0.4057507987220448
2022-01-26,BBRI,4090.0,2909.48,1.4057494810069153,0.4057494810069153
2022-01-27,BBRI,4140.0,2945.05,1.4057486290555339,0.4057486290555339
2022-01-28,BBRI,4140.0,2945.05,1.4057486290555339,0.4057486290555339
2022-01-31,BBRI,4070.0,2895.25,1.4057507987220448,0.4057507987220448
2022-02-02,BBRI,4070.0,2895.25,1.4057507987220448,0.4057507987220448
2022-02-03,BBRI,4130.0,2937.93,1.4057516686919023,0.40575166869190227
2022-02-04,BBRI,4210.0,2994.84,1.405751225441092,0.405751225441092
2022-02-07,BBRI,4400.0,3130.0,1.4057507987220448,0.4057507987220448
2022-02-08,BBRI,4440.0,3158.46,1.4057483710415835,0.40574837104158346
2022-02-09,BBRI,4450.0,3165.57,1.4057499913127809,0.4057499913127809
2022-02-10,BBRI,4470.0,3179.8,1.405748789232027,0.40574878923202706
2022-02-11,BBRI,4450.0,3165.57,1.4057499913127809,0.4057499913127809
2022-02-14,BBRI,4410.0,3137.12,1.405747947161728,0.405747947161728
2022-02-15,BBRI,4430.0,3151.34,1.4057512042496207,0.40575120424962074
2022-02-16,BBRI,4420.0,3144.23,1.4057495793882764,0.4057495793882764
2022-02-17,BBRI,4400.0,3130.0,1.4057507987220448,0.4057507987220448
2022-02-18,BBRI,4430.0,3151.34,1.4057512042496207,0.40575120424962074
2022-02-21,BBRI,4490.0,3194.03,1.4057475978622618,0.4057475978622618
2022-02-22,BBRI,4430.0,3151.34,1.4057512042496207,0.40575120424962074
2022-02-23,BBRI,4480.0,3186.91,1.4057503977206762,0.4057503977206762
2022-02-24,BBRI,4390.0,3122.89,1.4057491618340705,0.4057491618340705
2022-02-25,BBRI,4550.0,3236.71,1.4057484297326606,0.40574842973266056
2022-03-01,BBRI,4630.0,3293.62,1.4057480826567728,0.40574808265677276
2022-03-02,BBRI,4560.0,3243.82,1.4057500107897478,0.4057500107897478
2022-03-04,BBRI,4670.0,3322.07,1.4057500293491707,0.4057500293491707
2022-03-07,BBRI,4520.0,3215.37,1.40574801655797,0.4057480165579701
2022-03-08,BBRI,4430.0,3151.34,1.4057512042496207,0.40575120424962074
2022-03-09,BBRI,4570.0,3250.94,1.4057472607922632,0.4057472607922632
2022-03-10,BBRI,4570.0,3250.94,1.4057472607922632,0.4057472607922632
2022-03-11,BBRI,4400.0,3254.08,1.3521486871865473,0.35214868718654735
2022-03-14,BBRI,4520.0,3342.83,1.3521477311140562,0.3521477311140562
2022-03-15,BBRI,4610.0,3409.39,1.3521480382121143,0.35214803821211427
2022-03-16,BBRI,4650.0,3438.97,1.3521490446267344,0.35214904462673435
2022-03-17,BBRI,4650.0,3438.97,1.3521490446267344,0.35214904462673435
2022-03-18,BBRI,4580.0,3387.2,1.3521492678318376,0.35214926783183764
2022-03-21,BBRI,4590.0,3394.6,1.3521475284275026,0.35214752842750263
2022-03-22,BBRI,4640.0,3431.57,1.3521507648102762,0.3521507648102762
2022-03-23,BBRI,4650.0,3438.97,1.3521490446267344,0.35214904462673435
2022-03-24,BBRI,4730.0,3498.14,1.352147141052102,0.352147141052102
2022-03-25,BBRI,4710.0,3483.34,1.3521505221999575,0.35215052219995746
2022-03-28,BBRI,4730.0,3498.14,1.352147141052102,0.352147141052102
2022-03-29,BBRI,4690.0,3468.55,1.352150033875827,0.352150033875827
2022-03-30,BBRI,4710.0,3483.34,1.3521505221999575,0.35215052219995746
2022-03-31,BBRI,4660.0,3446.37,1.3521473318303026,0.35214733183030256
2022-04-01,BBRI,4730.0,3498.14,1.352147141052102,0.352147141052102
2022-04-04,BBRI,4700.0,3475.95,1.3521483335491018,0.3521483335491018
2022-04-05,BBRI,4700.0,3475.95,1.3521483335491018,0.3521483335491018
2022-04-06,BBRI,4600.0,3401.99,1.3521497711633486,0.35214977116334856
2022-04-07,BBRI,4630.0,3424.18,1.3521485435929186,0.3521485435929186
2022-04-08,BBRI,4610.0,3409.39,1.3521480382121143,0.35214803821211427
2022-04-11,BBRI,4570.0,3379.81,1.3521470141812706,0.3521470141812706
2022-04-12,BBRI,4610.0,3409.39,1.3521480382121143,0.35214803821211427
2022-04-13,BBRI,4610.0,3409.39,1.3521480382121143,0.35214803821211427
2022-04-14,BBRI,4540.0,3357.62,1.352148247866048,0.35214824786604804
2022-04-18,BBRI,4550.0,3365.01,1.3521505136686072,0.35215051366860717
2022-04-19,BBRI,4570.0,3379.81,1.3521470141812706,0.3521470141812706
2022-04-20,BBRI,4850.0,3586.88,1.352150057989116,0.3521500579891159
2022-04-21,BBRI,4800.0,3549.9,1.3521507648102764,0.3521507648102764
2022-04-22,BBRI,4750.0,3512.93,1.3521476374422492,0.3521476374422492
2022-04-25,BBRI,4840.0,3579.49,1.3521479316885925,0.3521479316885925
2022-04-26,BBRI,4940.0,3653.44,1.3521503021809582,0.3521503021809582
2022-04-27,BBRI,4850.0,3586.88,1.352150057989116,0.3521500579891159
2022-04-28,BBRI,4870.0,3601.67,1.3521505301707264,0.3521505301707264
2022-05-09,BBRI,4530.0,3350.22,1.3521500080591724,0.3521500080591724
2022-05-10,BBRI,4530.0,3350.22,1.3521500080591724,0.3521500080591724
2022-05-11,BBRI,4490.0,3320.64,1.352148983328515,0.35214898332851496
2022-05-12,BBRI,4320.0,3194.91,1.3521507648102764,0.3521507648102764
2022-05-13,BBRI,4250.0,3143.14,1.3521510336796962,0.35215103367969625
2022-05-17,BBRI,4450.0,3291.06,1.3521479401773289,0.35214794017732887
2022-05-18,BBRI,4450.0,3291.06,1.3521479401773289,0.35214794017732887
2022-05-19,BBRI,4440.0,3283.66,1.3521497353562792,0.35214973535627925
2022-05-20,BBRI,4430.0,3276.27,1.3521474115381211,0.3521474115381211
2022-05-23,BBRI,4330.0,3202.31,1.3521489175001795,0.3521489175001795
2022-05-24,BBRI,4460.0,3298.45,1.3521502523912747,0.35215025239127473
2022-05-25,BBRI,4350.0,3217.1,1.3521494513692456,0.3521494513692456
2022-05-27,BBRI,4540.0,3357.62,1.352148247866048,0.35214824786604804
2022-05-30,BBRI,4430.0,3276.27,1.3521474115381211,0.3521474115381211
2022-05-31,BBRI,4630.0,3424.18,1.3521485435929186,0.3521485435929186
2022-06-02,BBRI,4480.0,3313.24,1.3521507648102764,0.3521507648102764
2022-06-03,BBRI,4520.0,3342.83,1.3521477311140562,0.3521477311140562
2022-06-06,BBRI,4430.0,3276.27,1.3521474115381211,0.3521474115381211
2022-06-07,BBRI,4400.0,3254.08,1.3521486871865473,0.35214868718654735
2022-06-08,BBRI,4470.0,3305.85,1.3521484640863923,0.35214846408639233
2022-06-09,BBRI,4490.0,3320.64,1.352148983328515,0.35214898332851496
2022-06-10,BBRI,4400.0,3254.08,1.3521486871865473,0.35214868718654735
2022-06-13,BBRI,4340.0,3209.71,1.3521470787080452,0.3521470787080452
2022-06-14,BBRI,4360.0,3224.5,1.3521476197860134,0.3521476197860134
2022-06-15,BBRI,4450.0,3291.06,1.3521479401773289,0.35214794017732887
2022-06-16,BBRI,4430.0,3276.27,1.3521474115381211,0.3521474115381211
2022-06-17,BBRI,4370.0,3231.89,1.352149980352054,0.352149980352054
2022-06-20,BBRI,4400.0,3254.08,1.3521486871865473,0.35214868718654735
2022-06-21,BBRI,4380.0,3239.29,1.3521481559230573,0.35214815592305726
2022-06-22,BBRI,4320.0,3194.91,1.3521507648102764,0.3521507648102764
2022-06-23,BBRI,4310.0,3187.52,1.3521483786768398,0.3521483786768398
2022-06-24,BBRI,4340.0,3209.71,1.3521470787080452,0.3521470787080452
2022-06-27,BBRI,4280.0,3165.33,1.3521496968720481,0.3521496968720481
2022-06-28,BBRI,4300.0,3180.12,1.3521502333245288,0.35215023332452877
2022-06-29,BBRI,4180.0,3091.38,1.3521469376136224,0.35214693761362237
2022-06-30,BBRI,4150.0,3069.19,1.3521482866815022,0.3521482866815022
2022-07-01,BBRI,4140.0,3061.79,1.352150212784025,0.35215021278402503
2022-07-04,BBRI,4040.0,2987.84,1.3521473706758058,0.3521473706758058
2022-07-05,BBRI,4090.0,3024.81,1.3521510441978175,0.3521510441978175
2022-07-06,BBRI,4080.0,3017.42,1.3521485242359366,0.35214852423593657
2022-07-07,BBRI,4050.0,2995.23,1.3521499183702086,0.3521499183702086
2022-07-08,BBRI,4200.0,3106.17,1.3521474999758545,0.3521474999758545
2022-07-11,BBRI,4120.0,3047.0,1.3521496553987529,0.35214965539875287
2022-07-12,BBRI,4110.0,3039.61,1.352147150456802,0.3521471504568019
2022-07-13,BBRI,4060.0,3002.63,1.3521479502969063,0.35214795029690626
2022-07-14,BBRI,4070.0,3010.02,1.3521504840499399,0.35215048404993987
2022-07-15,BBRI,4110.0,3039.61,1.352147150456802,0.3521471504568019
2022-07-18,BBRI,4140.0,3061.79,1.352150212784025,0.35215021278402503
2022-07-19,BBRI,4110.0,3039.61,1.352147150456802,0.3521471504568019
2022-07-20,BBRI,4300.0,3180.12,1.3521502333245288,0.35215023332452877
2022-07-21,BBRI,4310.0,3187.52,1.3521483786768398,0.3521483786768398
2022-07-22,BBRI,4270.0,3157.94,1.3521472858889023,0.3521472858889023
2022-07-25,BBRI,4250.0,3143.14,1.3521510336796962,0.35215103367969625
2022-07-26,BBRI,4330.0,3202.31,1.3521489175001795,0.3521489175001795
2022-07-27,BBRI,4320.0,3194.91,1.3521507648102764,0.3521507648102764
2022-07-28,BBRI,4360.0,3224.5,1.3521476197860134,0.3521476197860134
2022-07-29,BBRI,4360.0,3224.5,1.3521476197860134,0.3521476197860134
2022-08-01,BBRI,4360.0,3224.5,1.3521476197860134,0.3521476197860134
2022-08-02,BBRI,4400.0,3254.08,1.3521486871865473,0.35214868718654735
2022-08-03,BBRI,4380.0,3239.29,1.3521481559230573,0.35214815592305726
2022-08-04,BBRI,4360.0,3224.5,1.3521476197860134,0.3521476197860134
2022-08-05,BBRI,4360.0,3224.5,1.3521476197860134,0.3521476197860134
2022-08-08,BBRI,4370.0,3231.89,1.352149980352054,0.352149980352054
2022-08-09,BBRI,4410.0,3261.47,1.3521510239247947,0.3521510239247947
2022-08-10,BBRI,4310.0,3187.52,1.3521483786768398,0.3521483786768398
2022-08-11,BBRI,4350.0,3217.1,1.3521494513692456,0.3521494513692456
2022-08-12,BBRI,4320.0,3194.91,1.3521507648102764,0.3521507648102764
2022-08-15,BBRI,4300.0,3180.12,1.3521502333245288,0.35215023332452877
2022-08-16,BBRI,4280.0,3165.33,1.3521496968720481,0.3521496968720481
2022-08-18,BBRI,4330.0,3202.31,1.3521489175001795,0.3521489175001795
2022-08-19,BBRI,4300.0,3180.12,1.3521502333245288,0.35215023332452877
2022-08-22,BBRI,4270.0,3157.94,1.3521472858889023,0.3521472858889023
2022-08-23,BBRI,4300.0,3180.12,1.3521502333245288,0.35215023332452877
2022-08-24,BBRI,4290.0,3172.73,1.3521478348299414,0.3521478348299414
2022-08-25,BBRI,4270.0,3157.94,1.3521472858889023,0.3521472858889023
2022-08-26,BBRI,4270.0,3157.94,1.3521472858889023,0.3521472858889023
2022-08-29,BBRI,4250.0,3143.14,1.3521510336796962,0.35215103367969625
2022-08-30,BBRI,4260.0,3150.54,1.3521491553828868,0.3521491553828868
2022-08-31,BBRI,4340.0,3209.71,1.3521470787080452,0.3521470787080452
2022-09-01,BBRI,4390.0,3246.68,1.3521505045153819,0.3521505045153819
2022-09-02,BBRI,4450.0,3291.06,1.3521479401773289,0.35214794017732887
2022-09-05,BBRI,4590.0,3394.6,1.3521475284275026,0.35214752842750263
2022-09-06,BBRI,4560.0,3372.41,1.3521487600855175,0.35214876008551754
2022-09-07,BBRI,4460.0,3298.45,1.3521502523912747,0.35215025239127473
2022-09-08,BBRI,4600.0,3401.99,1.3521497711633486,0.35214977116334856
2022-09-09,BBRI,4610.0,3409.39,1.3521480382121143,0.35214803821211427
2022-09-12,BBRI,4560.0,3372.41,1.3521487600855175,0.35214876008551754
2022-09-13,BBRI,4580.0,3387.2,1.3521492678318376,0.35214926783183764
2022-09-14,BBRI,4580.0,3387.2,1.3521492678318376,0.35214926783183764
2022-09-15,BBRI,4610.0,3409.39,1.3521480382121143,0.35214803821211427
2022-09-16,BBRI,4500.0,3328.04,1.3521472097691134,0.3521472097691134
2022-09-19,BBRI,4570.0,3379.81,1.3521470141812706,0.3521470141812706
2022-09-20,BBRI,4490.0,3320.64,1.352148983328515,0.35214898332851496
2022-09-21,BBRI,4550.0,3365.01,1.3521505136686072,0.35215051366860717
2022-09-22,BBRI,4560.0,3372.41,1.3521487600855175,0.35214876008551754
2022-09-23,BBRI,4480.0,3313.24,1.3521507648102764,0.3521507648102764
2022-09-26,BBRI,4540.0,3357.62,1.352148247866048,0.35214824786604804
2022-09-27,BBRI,4530.0,3350.22,1.3521500080591724,0.3521500080591724
2022-09-28,BBRI,4520.0,3342.83,1.3521477311140562,0.3521477311140562
2022-09-29,BBRI,4480.0,3313.24,1.3521507648102764,0.3521507648102764
2022-09-30,BBRI,4490.0,3320.64,1.352148983328515,0.35214898332851496
2022-10-03,BBRI,4530.0,3350.22,1.3521500080591724,0.3521500080591724
2022-10-04,BBRI,4640.0,3431.57,1.3521507648102762,0.3521507648102762
2022-10-05,BBRI,4540.0,3357.62,1.352148247866048,0.35214824786604804
2022-10-06,BBRI,4510.0,3335.43,1.3521494979657795,0.35214949796577955
2022-10-07,BBRI,4440.0,3283.66,1.3521497353562792,0.35214973535627925
2022-10-10,BBRI,4370.0,3231.89,1.352149980352054,0.352149980352054
2022-10-11,BBRI,4430.0,3276.27,1.3521474115381211,0.3521474115381211
2022-10-12,BBRI,4400.0,3254.08,1.3521486871865473,0.35214868718654735
2022-10-13,BBRI,4350.0,3217.1,1.3521494513692456,0.3521494513692456
2022-10-14,BBRI,4270.0,3157.94,1.3521472858889023,0.3521472858889023
2022-10-17,BBRI,4300.0,3180.12,1.3521502333245288,0.35215023332452877
2022-10-18,BBRI,4290.0,3172.73,1.3521478348299414,0.3521478348299414
2022-10-19,BBRI,4300.0,3180.12,1.3521502333245288,0.35215023332452877
2022-10-20,BBRI,4390.0,3246.68,1.3521505045153819,0.3521505045153819
2022-10-21,BBRI,4430.0,3276.27,1.3521474115381211,0.3521474115381211
2022-10-24,BBRI,4500.0,3328.04,1.3521472097691134,0.3521472097691134
2022-10-25,BBRI,4590.0,3394.6,1.3521475284275026,0.35214752842750263
2022-10-26,BBRI,4530.0,3350.22,1.3521500080591724,0.3521500080591724
2022-10-27,BBRI,4600.0,3401.99,1.3521497711633486,0.35214977116334856
2022-10-28,BBRI,4630.0,3424.18,1.3521485435929186,0.3521485435929186
2022-10-31,BBRI,4650.0,3438.97,1.3521490446267344,0.35214904462673435
2022-11-01,BBRI,4660.0,3446.37,1.3521473318303026,0.35214733183030256
2022-11-02,BBRI,4610.0,3409.39,1.3521480382121143,0.35214803821211427
2022-11-03,BBRI,4650.0,3438.97,1.3521490446267344,0.35214904462673435
2022-11-04,BBRI,4650.0,3438.97,1.3521490446267344,0.35214904462673435
2022-11-07,BBRI,4690.0,3468.55,1.352150033875827,0.352150033875827
2022-11-08,BBRI,4620.0,3416.78,1.3521502701373806,0.35215027013738065
2022-11-09,BBRI,4650.0,3438.97,1.3521490446267344,0.35214904462673435
2022-11-10,BBRI,4530.0,3350.22,1.3521500080591724,0.3521500080591724
2022-11-11,BBRI,4650.0,3438.97,1.3521490446267344,0.35214904462673435
2022-11-14,BBRI,4580.0,3387.2,1.3521492678318376,0.35214926783183764
2022-11-15,BBRI,4580.0,3387.2,1.3521492678318376,0.35214926783183764
2022-11-16,BBRI,4520.0,3342.83,1.3521477311140562,0.3521477311140562
2022-11-17,BBRI,4670.0,3453.76,1.352149541369406,0.352149541369406
2022-11-18,BBRI,4610.0,3409.39,1.3521480382121143,0.35214803821211427
2022-11-21,BBRI,4590.0,3394.6,1.3521475284275026,0.35214752842750263
2022-11-22,BBRI,4590.0,3394.6,1.3521475284275026,0.35214752842750263
2022-11-23,BBRI,4670.0,3453.76,1.352149541369406,0.352149541369406
2022-11-24,BBRI,4720.0,3490.74,1.3521488280421916,0.3521488280421916
2022-11-25,BBRI,4750.0,3512.93,1.3521476374422492,0.3521476374422492
2022-11-28,BBRI,4820.0,3564.7,1.3521474457878644,0.3521474457878644
2022-11-29,BBRI,4850.0,3586.88,1.352150057989116,0.3521500579891159
2022-11-30,BBRI,4980.0,3683.03,1.3521475524228692,0.3521475524228692
2022-12-01,BBRI,4940.0,3653.44,1.3521503021809582,0.3521503021809582
2022-12-02,BBRI,4890.0,3616.47,1.3521472596205693,0.35214725962056925
2022-12-05,BBRI,4890.0,3616.47,1.3521472596205693,0.35214725962056925
2022-12-06,BBRI,4860.0,3594.28,1.3521484135904827,0.35214841359048266
2022-12-07,BBRI,4760.0,3520.32,1.3521498045632214,0.3521498045632214
2022-12-08,BBRI,4840.0,3579.49,1.3521479316885925,0.3521479316885925
2022-12-09,BBRI,4800.0,3549.9,1.3521507648102764,0.3521507648102764
2022-12-12,BBRI,4850.0,3586.88,1.352150057989116,0.3521500579891159
2022-12-13,BBRI,4970.0,3675.63,1.3521491553828866,0.3521491553828866
2022-12-14,BBRI,4980.0,3683.03,1.3521475524228692,0.3521475524228692
2022-12-15,BBRI,4910.0,3631.26,1.3521477393521808,0.3521477393521808
2022-12-16,BBRI,4980.0,3683.03,1.3521475524228692,0.3521475524228692
2022-12-19,BBRI,4970.0,3675.63,1.3521491553828866,0.3521491553828866
2022-12-20,BBRI,4910.0,3631.26,1.3521477393521808,0.3521477393521808
2022-12-21,BBRI,4890.0,3616.47,1.3521472596205693,0.35214725962056925
2022-12-22,BBRI,4960.0,3668.24,1.3521470787080454,0.3521470787080454
2022-12-23,BBRI,4880.0,3609.07,1.3521488915426965,0.35214889154269646
2022-12-26,BBRI,4930.0,3646.05,1.3521482151917827,0.35214821519178274
2022-12-27,BBRI,4870.0,3601.67,1.3521505301707264,0.3521505301707264
2022-12-28,BBRI,4820.0,3564.7,1.3521474457878644,0.3521474457878644
2022-12-29,BBRI,4870.0,3601.67,1.3521505301707264,0.3521505301707264
2022-12-30,BBRI,4940.0,3653.44,1.3521503021809582,0.3521503021809582
2023-01-02,BBRI,4870.0,3601.67,1.3521505301707264,0.3521505301707264
2023-01-03,BBRI,4850.0,3586.88,1.352150057989116,0.3521500579891159
2023-01-04,BBRI,4770.0,3527.72,1.3521481296701554,0.3521481296701554
2023-01-05,BBRI,4640.0,3431.57,1.3521507648102762,0.3521507648102762
2023-01-06,BBRI,4620.0,3416.78,1.3521502701373806,0.35215027013738065
2023-01-09,BBRI,4590.0,3394.6,1.3521475284275026,0.35214752842750263
2023-01-10,BBRI,4430.0,3317.46,1.3353589794601894,0.33535897946018944
2023-01-11,BBRI,4380.0,3280.02,1.335357711233468,0.335357711233468
2023-01-12,BBRI,4500.0,3369.88,1.3353591225800325,0.33535912258003253
2023-01-13,BBRI,4480.0,3354.91,1.3353562390645353,0.33535623906453527
2023-01-16,BBRI,4520.0,3384.86,1.3353580354874353,0.33535803548743526
2023-01-17,BBRI,4560.0,3414.82,1.3353558899151345,0.33535588991513454
2023-01-18,BBRI,4600.0,3444.77,1.3353576581310218,0.3353576581310218
2023-01-19,BBRI,4610.0,3452.26,1.3353571283738768,0.33535712837387677
2023-01-20,BBRI,4650.0,3482.21,1.3353588669264633,0.33535886692646333
2023-01-24,BBRI,4620.0,3459.75,1.3353566009104705,0.3353566009104705
2023-01-25,BBRI,4560.0,3414.82,1.3353558899151345,0.33535588991513454
2023-01-26,BBRI,4590.0,3437.28,1.3353581901968998,0.33535819019689983
2023-01-27,BBRI,4640.0,3474.72,1.3353593958649905,0.33535939586499053
2023-01-30,BBRI,4610.0,3452.26,1.3353571283738768,0.33535712837387677
2023-01-31,BBRI,4580.0,3429.79,1.3353587245866365,0.3353587245866365
2023-02-01,BBRI,4680.0,3504.68,1.3353572936758848,0.33535729367588485
2023-02-02,BBRI,4600.0,3444.77,1.3353576581310218,0.3353576581310218
2023-02-03,BBRI,4750.0,3557.1,1.3353574541058728,0.3353574541058728
2023-02-06,BBRI,4740.0,3549.61,1.335357968903626,0.3353579689036259
2023-02-07,BBRI,4750.0,3557.1,1.3353574541058728,0.3353574541058728
2023-02-08,BBRI,4790.0,3587.05,1.3353591391254651,0.3353591391254651
2023-02-09,BBRI,4810.0,3602.03,1.335358117505962,0.3353581175059619
2023-02-10,BBRI,4860.0,3639.47,1.3353592693441627,0.3353592693441627
2023-02-13,BBRI,4800.0,3594.54,1.3353586272513311,0.33535862725133114
2023-02-14,BBRI,4870.0,3646.96,1.335358764560072,0.33535876456007196
2023-02-15,BBRI,4870.0,3646.96,1.335358764560072,0.33535876456007196
2023-02-16,BBRI,4870.0,3646.96,1.335358764560072,0.33535876456007196
2023-02-17,BBRI,4880.0,3654.45,1.3353582618451478,0.33535826184514783
2023-02-20,BBRI,4880.0,3654.45,1.3353582618451478,0.33535826184514783
2023-02-21,BBRI,4820.0,3609.52,1.3353576098761055,0.3353576098761055
2023-02-22,BBRI,4760.0,3564.59,1.3353569414715296,0.3353569414715296
2023-02-23,BBRI,4800.0,3594.54,1.3353586272513311,0.33535862725133114
2023-02-24,BBRI,4760.0,3564.59,1.3353569414715296,0.3353569414715296
2023-02-27,BBRI,4810.0,3602.03,1.335358117505962,0.3353581175059619
2023-02-28,BBRI,4670.0,3497.19,1.3353578158464368,0.33535781584643676
2023-03-01,BBRI,4720.0,3534.63,1.335359005044375,0.3353590050443751
2023-03-02,BBRI,4780.0,3579.57,1.3353559226387526,0.3353559226387526
2023-03-03,BBRI,4760.0,3564.59,1.3353569414715296,0.3353569414715296
2023-03-06,BBRI,4790.0,3587.05,1.3353591391254651,0.3353591391254651
2023-03-07,BBRI,4840.0,3624.5,1.3353566009104705,0.3353566009104705
2023-03-08,BBRI,4840.0,3624.5,1.3353566009104705,0.3353566009104705
2023-03-09,BBRI,4810.0,3602.03,1.335358117505962,0.3353581175059619
2023-03-10,BBRI,4820.0,3609.52,1.3353576098761055,0.3353576098761055
2023-03-13,BBRI,4830.0,3617.01,1.3353571043486194,0.33535710434861943
2023-03-14,BBRI,4710.0,3527.15,1.3353557404703513,0.3353557404703513
2023-03-15,BBRI,4700.0,3519.66,1.3353562560020003,0.33535625600200025
2023-03-16,BBRI,4730.0,3542.12,1.3353584858785135,0.33535848587851347
2023-03-17,BBRI,4900.0,3669.43,1.3353572625721162,0.3353572625721162
2023-03-20,BBRI,4880.0,3654.45,1.3353582618451478,0.33535826184514783
2023-03-21,BBRI,4900.0,3669.43,1.3353572625721162,0.3353572625721162
2023-03-24,BBRI,4770.0,3748.98,1.2723460781332523,0.2723460781332523
2023-03-27,BBRI,4740.0,3725.41,1.2723431783347336,0.27234317833473365
2023-03-28,BBRI,4770.0,3748.98,1.2723460781332523,0.2723460781332523
2023-03-29,BBRI,4810.0,3780.42,1.2723454007755752,0.27234540077557523
2023-03-30,BBRI,4750.0,3733.27,1.272343012961827,0.27234301296182695
2023-03-31,BBRI,4730.0,3717.55,1.2723433444069345,0.27234334440693453
2023-04-03,BBRI,4800.0,3772.56,1.2723455690565557,0.2723455690565557
2023-04-04,BBRI,4820.0,3788.28,1.2723452331929002,0.27234523319290016
2023-04-05,BBRI,4830.0,3796.14,1.2723450663041933,0.2723450663041933
2023-04-06,BBRI,4840.0,3804.0,1.2723449001051526,0.27234490010515255
2023-04-10,BBRI,4860.0,3819.72,1.27234456975904,0.2723445697590401
2023-04-11,BBRI,4880.0,3835.44,1.2723442421208517,0.27234424212085173
2023-04-12,BBRI,4930.0,3874.74,1.272343434656261,0.272343434656261
2023-04-13,BBRI,4980.0,3914.03,1.27234589412958,0.27234589412958
2023-04-14,BBRI,5075.0,3988.7,1.2723443728533106,0.2723443728533106
2023-04-17,BBRI,4990.0,3921.89,1.2723457312673228,0.27234573126732275
2023-04-18,BBRI,4950.0,3890.46,1.2723431162381826,0.27234311623818264
2023-04-26,BBRI,5025.0,3949.4,1.272345166354383,0.272345166354383
2023-04-27,BBRI,5150.0,4047.65,1.2723432114930886,0.2723432114930886
2023-04-28,BBRI,5100.0,4008.35,1.2723439819377051,0.27234398193770515
2023-05-02,BBRI,5150.0,4047.65,1.2723432114930886,0.2723432114930886
2023-05-03,BBRI,5100.0,4008.35,1.2723439819377051,0.27234398193770515
2023-05-04,BBRI,5150.0,4047.65,1.2723432114930886,0.2723432114930886
2023-05-05,BBRI,5225.0,4106.59,1.2723451817688154,0.2723451817688154
2023-05-08,BBRI,5100.0,4008.35,1.2723439819377051,0.27234398193770515
2023-05-09,BBRI,5125.0,4028.0,1.272343594836147,0.272343594836147
2023-05-10,BBRI,5150.0,4047.65,1.2723432114930886,0.2723432114930886
2023-05-11,BBRI,5150.0,4047.65,1.2723432114930886,0.2723432114930886
2023-05-12,BBRI,5150.0,4047.65,1.2723432114930886,0.2723432114930886
2023-05-15,BBRI,5150.0,4047.65,1.2723432114930886,0.2723432114930886
2023-05-16,BBRI,5200.0,4086.94,1.2723455690565557,0.2723455690565557
2023-05-17,BBRI,5200.0,4086.94,1.2723455690565557,0.2723455690565557
2023-05-19,BBRI,5400.0,4244.13,1.2723455690565557,0.2723455690565557
2023-05-22,BBRI,5425.0,4263.78,1.2723451960467005,0.2723451960467005
2023-05-23,BBRI,5500.0,4322.73,1.2723440973643971,0.27234409736439713
2023-05-24,BBRI,5600.0,4401.32,1.272345569056556,0.27234556905655594
2023-05-25,BBRI,5475.0,4303.08,1.2723444602470788,0.2723444602470788
2023-05-26,BBRI,5600.0,4401.32,1.272345569056556,0.27234556905655594
2023-05-29,BBRI,5550.0,4362.03,1.2723433814072806,0.27234338140728065
2023-05-30,BBRI,5500.0,4322.73,1.2723440973643971,0.27234409736439713
2023-05-31,BBRI,5575.0,4381.67,1.2723459320304815,0.2723459320304815
2023-06-05,BBRI,5425.0,4263.78,1.2723451960467005,0.2723451960467005
2023-06-06,BBRI,5450.0,4283.43,1.2723448264591692,0.27234482645916924
2023-06-07,BBRI,5400.0,4244.13,1.2723455690565557,0.2723455690565557
2023-06-08,BBRI,5475.0,4303.08,1.2723444602470788,0.2723444602470788
2023-06-09,BBRI,5425.0,4263.78,1.2723451960467005,0.2723451960467005
2023-06-12,BBRI,5400.0,4244.13,1.2723455690565557,0.2723455690565557
2023-06-13,BBRI,5550.0,4362.03,1.2723433814072806,0.27234338140728065
2023-06-14,BBRI,5550.0,4362.03,1.2723433814072806,0.27234338140728065
2023-06-15,BBRI,5525.0,4342.38,1.2723437377659255,0.27234373776592546
2023-06-16,BBRI,5550.0,4362.03,1.2723433814072806,0.27234338140728065
2023-06-19,BBRI,5525.0,4342.38,1.2723437377659255,0.27234373776592546
2023-06-20,BBRI,5550.0,4362.03,1.2723433814072806,0.27234338140728065
2023-06-21,BBRI,5575.0,4381.67,1.2723459320304815,0.2723459320304815
2023-06-22,BBRI,5475.0,4303.08,1.2723444602470788,0.2723444602470788
2023-06-23,BBRI,5400.0,4244.13,1.2723455690565557,0.2723455690565557
2023-06-26,BBRI,5450.0,4283.43,1.2723448264591692,0.27234482645916924
2023-06-27,BBRI,5425.0,4263.78,1.2723451960467005,0.2723451960467005
2023-07-03,BBRI,5475.0,4303.08,1.2723444602470788,0.2723444602470788
2023-07-04,BBRI,5450.0,4283.43,1.2723448264591692,0.27234482645916924
2023-07-05,BBRI,5450.0,4283.43,1.2723448264591692,0.27234482645916924
2023-07-06,BBRI,5425.0,4263.78,1.2723451960467005,0.2723451960467005
2023-07-07,BBRI,5375.0,4224.48,1.2723459455364923,0.2723459455364923
2023-07-10,BBRI,5400.0,4244.13,1.2723455690565557,0.2723455690565557
2023-07-11,BBRI,5425.0,4263.78,1.2723451960467005,0.2723451960467005
2023-07-12,BBRI,5450.0,4283.43,1.2723448264591692,0.27234482645916924
2023-07-13,BBRI,5450.0,4283.43,1.2723448264591692,0.27234482645916924
2023-07-14,BBRI,5525.0,4342.38,1.2723437377659255,0.27234373776592546
2023-07-17,BBRI,5575.0,4381.67,1.2723459320304815,0.2723459320304815
2023-07-18,BBRI,5625.0,4420.97,1.272345209309269,0.2723452093092691
2023-07-20,BBRI,5625.0,4420.97,1.272345209309269,0.2723452093092691
2023-07-21,BBRI,5625.0,4420.97,1.272345209309269,0.2723452093092691
2023-07-24,BBRI,5600.0,4401.32,1.272345569056556,0.27234556905655594
2023-07-25,BBRI,5650.0,4440.62,1.2723448527457877,0.2723448527457877
2023-07-26,BBRI,5675.0,4460.27,1.2723444993240318,0.2723444993240318
2023-07-27,BBRI,5650.0,4440.62,1.2723448527457877,0.2723448527457877
2023-07-28,BBRI,5700.0,4479.92,1.2723441490026608,0.2723441490026608
2023-07-31,BBRI,5650.0,4440.62,1.2723448527457877,0.2723448527457877
2023-08-01,BBRI,5700.0,4479.92,1.2723441490026608,0.2723441490026608
2023-08-02,BBRI,5700.0,4479.92,1.2723441490026608,0.2723441490026608
2023-08-03,BBRI,5700.0,4479.92,1.2723441490026608,0.2723441490026608
2023-08-04,BBRI,5575.0,4381.67,1.2723459320304815,0.2723459320304815
2023-08-07,BBRI,5700.0,4479.92,1.2723441490026608,0.2723441490026608
2023-08-08,BBRI,5625.0,4420.97,1.272345209309269,0.2723452093092691
2023-08-09,BBRI,5700.0,4479.92,1.2723441490026608,0.2723441490026608
2023-08-10,BBRI,5700.0,4479.92,1.2723441490026608,0.2723441490026608
2023-08-11,BBRI,5650.0,4440.62,1.2723448527457877,0.2723448527457877
2023-08-14,BBRI,5650.0,4440.62,1.2723448527457877,0.2723448527457877
2023-08-15,BBRI,5575.0,4381.67,1.2723459320304815,0.2723459320304815
2023-08-16,BBRI,5525.0,4342.38,1.2723437377659255,0.27234373776592546
2023-08-18,BBRI,5575.0,4381.67,1.2723459320304815,0.2723459320304815
2023-08-21,BBRI,5500.0,4322.73,1.2723440973643971,0.27234409736439713
2023-08-22,BBRI,5575.0,4381.67,1.2723459320304815,0.2723459320304815
2023-08-23,BBRI,5600.0,4401.32,1.272345569056556,0.27234556905655594
2023-08-24,BBRI,5550.0,4362.03,1.2723433814072806,0.27234338140728065
2023-08-25,BBRI,5600.0,4401.32,1.272345569056556,0.27234556905655594
2023-08-28,BBRI,5550.0,4362.03,1.2723433814072806,0.27234338140728065
2023-08-29,BBRI,5600.0,4401.32,1.272345569056556,0.27234556905655594
2023-08-30,BBRI,5525.0,4342.38,1.2723437377659255,0.27234373776592546
2023-08-31,BBRI,5550.0,4362.03,1.2723433814072806,0.27234338140728065
2023-09-01,BBRI,5575.0,4381.67,1.2723459320304815,0.2723459320304815
2023-09-04,BBRI,5625.0,4420.97,1.272345209309269,0.2723452093092691
2023-09-05,BBRI,5625.0,4420.97,1.272345209309269,0.2723452093092691
2023-09-06,BBRI,5575.0,4381.67,1.2723459320304815,0.2723459320304815
2023-09-07,BBRI,5450.0,4283.43,1.2723448264591692,0.27234482645916924
2023-09-08,BBRI,5350.0,4204.84,1.272343299626145,0.272343299626145
2023-09-11,BBRI,5425.0,4263.78,1.2723451960467005,0.2723451960467005
2023-09-12,BBRI,5375.0,4224.48,1.2723459455364923,0.2723459455364923
2023-09-13,BBRI,5400.0,4244.13,1.2723455690565557,0.2723455690565557
2023-09-14,BBRI,5425.0,4263.78,1.2723451960467005,0.2723451960467005
2023-09-15,BBRI,5375.0,4224.48,1.2723459455364923,0.2723459455364923
2023-09-18,BBRI,5325.0,4185.19,1.2723436689851597,0.2723436689851597
2023-09-19,BBRI,5375.0,4224.48,1.2723459455364923,0.2723459455364923
2023-09-20,BBRI,5375.0,4224.48,1.2723459455364923,0.2723459455364923
2023-09-21,BBRI,5350.0,4204.84,1.272343299626145,0.272343299626145
2023-09-22,BBRI,5350.0,4204.84,1.272343299626145,0.272343299626145
2023-09-25,BBRI,5300.0,4165.54,1.2723440418289105,0.2723440418289105
2023-09-26,BBRI,5200.0,4086.94,1.2723455690565557,0.2723455690565557
2023-09-27,BBRI,5225.0,4106.59,1.2723451817688154,0.2723451817688154
2023-09-29,BBRI,5225.0,4106.59,1.2723451817688154,0.2723451817688154
2023-10-02,BBRI,5250.0,4126.24,1.2723447981697624,0.2723447981697624
2023-10-03,BBRI,5275.0,4145.89,1.272344418206947,0.272344418206947
2023-10-04,BBRI,5250.0,4126.24,1.2723447981697624,0.2723447981697624
2023-10-05,BBRI,5175.0,4067.29,1.2723459600864457,0.27234596008644574
2023-10-06,BBRI,5175.0,4067.29,1.2723459600864457,0.27234596008644574
2023-10-09,BBRI,5125.0,4028.0,1.272343594836147,0.272343594836147
2023-10-10,BBRI,5175.0,4067.29,1.2723459600864457,0.27234596008644574
2023-10-11,BBRI,5250.0,4126.24,1.2723447981697624,0.2723447981697624
2023-10-12,BBRI,5300.0,4165.54,1.2723440418289105,0.2723440418289105
2023-10-13,BBRI,5275.0,4145.89,1.272344418206947,0.272344418206947
2023-10-16,BBRI,5250.0,4126.24,1.2723447981697624,0.2723447981697624
2023-10-17,BBRI,5150.0,4047.65,1.2723432114930886,0.2723432114930886
2023-10-18,BBRI,5150.0,4047.65,1.2723432114930886,0.2723432114930886
2023-10-19,BBRI,5000.0,3929.75,1.2723455690565557,0.2723455690565557
2023-10-20,BBRI,5050.0,3969.05,1.2723447676396114,0.27234476763961135
2023-10-23,BBRI,5000.0,3929.75,1.2723455690565557,0.2723455690565557
2023-10-24,BBRI,5100.0,4008.35,1.2723439819377051,0.27234398193770515
2023-10-25,BBRI,5175.0,4067.29,1.2723459600864457,0.27234596008644574
2023-10-26,BBRI,4920.0,3866.88,1.272343594836147,0.272343594836147
2023-10-27,BBRI,5000.0,3929.75,1.2723455690565557,0.2723455690565557
2023-10-30,BBRI,5000.0,3929.75,1.2723455690565557,0.2723455690565557
2023-10-31,BBRI,4960.0,3898.31,1.272346221824329,0.2723462218243291
2023-11-01,BBRI,4830.0,3796.14,1.2723450663041933,0.2723450663041933
2023-11-02,BBRI,5000.0,3929.75,1.2723455690565557,0.2723455690565557
2023-11-03,BBRI,5100.0,4008.35,1.2723439819377051,0.27234398193770515
2023-11-06,BBRI,5200.0,4086.94,1.2723455690565557,0.2723455690565557
2023-11-07,BBRI,5250.0,4126.24,1.2723447981697624,0.2723447981697624
2023-11-08,BBRI,5225.0,4106.59,1.2723451817688154,0.2723451817688154
2023-11-09,BBRI,5200.0,4086.94,1.2723455690565557,0.2723455690565557
2023-11-10,BBRI,5075.0,3988.7,1.2723443728533106,0.2723443728533106
2023-11-13,BBRI,5025.0,3949.4,1.272345166354383,0.272345166354383
2023-11-14,BBRI,5075.0,3988.7,1.2723443728533106,0.2723443728533106
2023-11-15,BBRI,5250.0,4126.24,1.2723447981697624,0.2723447981697624
2023-11-16,BBRI,5250.0,4126.24,1.2723447981697624,0.2723447981697624
2023-11-17,BBRI,5225.0,4106.59,1.2723451817688154,0.2723451817688154
2023-11-20,BBRI,5250.0,4126.24,1.2723447981697624,0.2723447981697624
2023-11-21,BBRI,5200.0,4086.94,1.2723455690565557,0.2723455690565557
2023-11-22,BBRI,5275.0,4145.89,1.272344418206947,0.272344418206947
2023-11-23,BBRI,5350.0,4204.84,1.272343299626145,0.272343299626145
2023-11-24,BBRI,5400.0,4244.13,1.2723455690565557,0.2723455690565557
2023-11-27,BBRI,5350.0,4204.84,1.272343299626145,0.272343299626145
2023-11-28,BBRI,5350.0,4204.84,1.272343299626145,0.272343299626145
2023-11-29,BBRI,5300.0,4165.54,1.2723440418289105,0.2723440418289105
2023-11-30,BBRI,5275.0,4145.89,1.272344418206947,0.272344418206947
2023-12-01,BBRI,5350.0,4204.84,1.272343299626145,0.272343299626145
2023-12-04,BBRI,5500.0,4322.73,1.2723440973643971,0.27234409736439713
2023-12-05,BBRI,5450.0,4283.43,1.2723448264591692,0.27234482645916924
2023-12-06,BBRI,5425.0,4263.78,1.2723451960467005,0.2723451960467005
2023-12-07,BBRI,5475.0,4303.08,1.2723444602470788,0.2723444602470788
2023-12-08,BBRI,5375.0,4224.48,1.2723459455364923,0.2723459455364923
2023-12-11,BBRI,5300.0,4165.54,1.2723440418289105,0.2723440418289105
2023-12-12,BBRI,5325.0,4185.19,1.2723436689851597,0.2723436689851597
2023-12-13,BBRI,5300.0,4165.54,1.2723440418289105,0.2723440418289105
2023-12-14,BBRI,5550.0,4362.03,1.2723433814072806,0.27234338140728065
2023-12-15,BBRI,5550.0,4362.03,1.2723433814072806,0.27234338140728065
2023-12-18,BBRI,5500.0,4322.73,1.2723440973643971,0.27234409736439713
2023-12-19,BBRI,5550.0,4362.03,1.2723433814072806,0.27234338140728065
2023-12-20,BBRI,5550.0,4362.03,1.2723433814072806,0.27234338140728065
2023-12-21,BBRI,5575.0,4381.67,1.2723459320304815,0.2723459320304815
2023-12-22,BBRI,5675.0,4460.27,1.2723444993240318,0.2723444993240318
2023-12-27,BBRI,5625.0,4420.97,1.272345209309269,0.2723452093092691
2023-12-28,BBRI,5725.0,4499.57,1.2723438017410553,0.2723438017410553
2023-12-29,BBRI,5725.0,4499.57,1.2723438017410553,0.2723438017410553
2024-01-02,BBRI,5675.0,4526.69,1.2536754228807363,0.2536754228807363
2024-01-03,BBRI,5600.0,4466.86,1.2536770796487915,0.2536770796487915
2024-01-04,BBRI,5700.0,4546.63,1.2536757994382652,0.25367579943826524
2024-01-05,BBRI,5750.0,4586.51,1.2536765427307472,0.25367654273074725
2024-01-08,BBRI,5625.0,4486.8,1.2536774538646696,0.25367745386466956
2024-01-09,BBRI,5700.0,4546.63,1.2536757994382652,0.25367579943826524
2024-01-10,BBRI,5700.0,4546.63,1.2536757994382652,0.25367579943826524
2024-01-11,BBRI,5750.0,4586.51,1.2536765427307472,0.25367654273074725
2024-01-12,BBRI,5850.0,4666.28,1.2536753045252322,0.25367530452523224
2024-01-15,BBRI,5825.0,4646.34,1.253674935540662,0.253674935540662
2024-01-16,BBRI,5825.0,4646.34,1.253674935540662,0.253674935540662
2024-01-17,BBRI,5775.0,4606.45,1.2536769095507387,0.25367690955073874
2024-01-18,BBRI,5750.0,4586.51,1.2536765427307472,0.25367654273074725
2024-01-19,BBRI,5800.0,4626.39,1.2536772732087005,0.2536772732087005
2024-01-22,BBRI,5775.0,4606.45,1.2536769095507387,0.25367690955073874
2024-01-23,BBRI,5700.0,4546.63,1.2536757994382652,0.25367579943826524
2024-01-24,BBRI,5650.0,4506.75,1.253675042991069,0.253675042991069
2024-01-25,BBRI,5525.0,4407.04,1.2536759366831252,0.25367593668312516
2024-01-26,BBRI,5425.0,4327.27,1.2536772607209625,0.2536772607209625
2024-01-29,BBRI,5575.0,4446.92,1.253676702076943,0.25367670207694304
2024-01-30,BBRI,5625.0,4486.8,1.2536774538646696,0.25367745386466956
2024-01-31,BBRI,5700.0,4546.63,1.2536757994382652,0.25367579943826524
2024-02-01,BBRI,5750.0,4586.51,1.2536765427307472,0.25367654273074725
2024-02-02,BBRI,5850.0,4666.28,1.2536753045252322,0.25367530452523224
2024-02-05,BBRI,5775.0,4606.45,1.2536769095507387,0.25367690955073874
2024-02-06,BBRI,5825.0,4646.34,1.253674935540662,0.253674935540662
2024-02-07,BBRI,5850.0,4666.28,1.2536753045252322,0.25367530452523224
2024-02-12,BBRI,6025.0,4805.87,1.253675193045172,0.25367519304517194
2024-02-13,BBRI,6000.0,4785.92,1.2536774538646698,0.2536774538646698
2024-02-15,BBRI,6125.0,4885.63,1.2536765985144187,0.2536765985144187
2024-02-16,BBRI,6150.0,4905.57,1.253676942740599,0.25367694274059893
2024-02-19,BBRI,6100.0,4865.69,1.253676251466904,0.253676251466904
2024-02-20,BBRI,6300.0,5025.22,1.253676455956157,0.25367645595615707
2024-02-21,BBRI,6300.0,5025.22,1.253676455956157,0.25367645595615707
2024-02-22,BBRI,6250.0,4985.34,1.253675777379276,0.25367577737927594
2024-02-23,BBRI,6125.0,4885.63,1.2536765985144187,0.2536765985144187
2024-02-26,BBRI,6175.0,4925.51,1.2536772841797093,0.25367728417970925
2024-02-27,BBRI,6125.0,4885.63,1.2536765985144187,0.2536765985144187
2024-02-28,BBRI,6225.0,4965.4,1.253675434003303,0.25367543400330295
2024-02-29,BBRI,6125.0,4885.63,1.2536765985144187,0.2536765985144187
2024-03-01,BBRI,6125.0,4885.63,1.2536765985144187,0.2536765985144187
2024-03-04,BBRI,6050.0,4825.81,1.2536755487679787,0.2536755487679787
2024-03-05,BBRI,6125.0,4885.63,1.2536765985144187,0.2536765985144187
2024-03-06,BBRI,6200.0,4945.46,1.253675087858359,0.2536750878583589
2024-03-07,BBRI,6225.0,4965.4,1.253675434003303,0.25367543400330295
2024-03-08,BBRI,6350.0,5065.1,1.2536771238475053,0.2536771238475053
2024-03-13,BBRI,6400.0,5104.99,1.2536753255148394,0.2536753255148394
2024-03-14,BBRI,6150.0,5092.57,1.2076417211741812,0.20764172117418123
2024-03-15,BBRI,5975.0,4947.65,1.20764403302578,0.20764403302578005
2024-03-18,BBRI,6000.0,4968.36,1.2076419583121998,0.20764195831219978
2024-03-19,BBRI,6000.0,4968.36,1.2076419583121998,0.20764195831219978
2024-03-20,BBRI,6100.0,5051.16,1.2076433928048211,0.20764339280482114
2024-03-21,BBRI,6100.0,5051.16,1.2076433928048211,0.20764339280482114
2024-03-22,BBRI,6125.0,5071.86,1.2076437441096561,0.20764374410965614
2024-03-25,BBRI,6250.0,5175.37,1.2076431250326063,0.2076431250326063
2024-03-26,BBRI,6300.0,5216.77,1.207643810250404,0.2076438102504039
2024-03-27,BBRI,6250.0,5175.37,1.2076431250326063,0.2076431250326063
2024-03-28,BBRI,6050.0,5009.76,1.2076426814857397,0.20764268148573972
2024-04-01,BBRI,5925.0,4906.25,1.2076433121019108,0.20764331210191078
2024-04-02,BBRI,5675.0,4699.24,1.207642086805526,0.20764208680552598
2024-04-03,BBRI,5625.0,4657.83,1.2076439028474633,0.20764390284746326
2024-04-04,BBRI,5700.0,4719.94,1.2076424700313988,0.2076424700313988
2024-04-05,BBRI,5650.0,4678.54,1.2076417001885205,0.20764170018852046
2024-04-16,BBRI,5350.0,4430.12,1.2076422309102237,0.2076422309102237
2024-04-17,BBRI,5300.0,4388.72,1.2076414079731674,0.20764140797316744
2024-04-18,BBRI,5475.0,4533.63,1.2076415587509346,0.2076415587509346
2024-04-19,BBRI,5275.0,4368.01,1.2076437553943329,0.20764375539433289
2024-04-22,BBRI,5300.0,4388.72,1.2076414079731674,0.20764140797316744
2024-04-23,BBRI,5300.0,4388.72,1.2076414079731674,0.20764140797316744
2024-04-24,BBRI,5225.0,4326.61,1.207642935231047,0.20764293523104693
2024-04-25,BBRI,5150.0,4264.51,1.2076416751279748,0.20764167512797482
2024-04-26,BBRI,4830.0,3999.53,1.207641897923006,0.2076418979230059
2024-04-29,BBRI,4770.0,3949.84,1.2076438539282603,0.20764385392826035
2024-04-30,BBRI,4940.0,4090.61,1.2076438477390903,0.20764384773909028
2024-05-02,BBRI,4760.0,3941.56,1.2076436740782837,0.20764367407828366
2024-05-03,BBRI,4750.0,3933.28,1.2076434934710978,0.20764349347109778
2024-05-06,BBRI,4790.0,3966.4,1.2076442113755546,0.20764421137555455
2024-05-07,BBRI,4670.0,3867.04,1.2076420207704084,0.2076420207704084
2024-05-08,BBRI,4680.0,3875.32,1.2076422076112423,0.2076422076112423
2024-05-13,BBRI,4680.0,3875.32,1.2076422076112423,0.2076422076112423
2024-05-14,BBRI,4730.0,3916.72,1.2076431299658898,0.20764312996588985
2024-05-15,BBRI,4820.0,3991.25,1.2076417162543063,0.20764171625430627
2024-05-16,BBRI,4840.0,4007.81,1.207642078841063,0.2076420788410629
2024-05-17,BBRI,4920.0,4074.05,1.2076434997115892,0.20764349971158924
2024-05-20,BBRI,4820.0,3991.25,1.2076417162543063,0.20764171625430627
2024-05-21,BBRI,4680.0,3875.32,1.2076422076112423,0.2076422076112423
2024-05-22,BBRI,4720.0,3908.44,1.2076429470581613,0.20764294705816133
2024-05-27,BBRI,4550.0,3767.67,1.2076429198947891,0.2076429198947891
2024-05-28,BBRI,4530.0,3751.11,1.2076425378088085,0.20764253780880848
2024-05-29,BBRI,4410.0,3651.74,1.2076434795467368,0.2076434795467368
2024-05-30,BBRI,4380.0,3626.9,1.207642890622846,0.20764289062284602
2024-05-31,BBRI,4340.0,3593.78,1.207642092726878,0.20764209272687806
2024-06-03,BBRI,4530.0,3751.11,1.2076425378088085,0.20764253780880848
2024-06-04,BBRI,4450.0,3684.86,1.2076442524275006,0.20764425242750062
2024-06-05,BBRI,4400.0,3643.46,1.2076432841310183,0.2076432841310183
2024-06-06,BBRI,4500.0,3726.27,1.2076419583121996,0.20764195831219956
2024-06-07,BBRI,4350.0,3602.06,1.2076422935764535,0.20764229357645347
2024-06-10,BBRI,4400.0,3643.46,1.2076432841310183,0.2076432841310183
2024-06-11,BBRI,4340.0,3593.78,1.207642092726878,0.20764209272687806
2024-06-12,BBRI,4350.0,3602.06,1.2076422935764535,0.20764229357645347
2024-06-13,BBRI,4310.0,3568.94,1.2076414845864598,0.2076414845864598
2024-06-14,BBRI,4180.0,3461.29,1.207642237431709,0.20764223743170906
2024-06-19,BBRI,4100.0,3395.04,1.207644092558556,0.2076440925585561
2024-06-20,BBRI,4270.0,3535.81,1.2076440758977434,0.20764407589774336
2024-06-21,BBRI,4440.0,3676.58,1.2076440605127592,0.2076440605127592
2024-06-24,BBRI,4400.0,3643.46,1.2076432841310183,0.2076432841310183
2024-06-25,BBRI,4380.0,3626.9,1.207642890622846,0.20764289062284602
2024-06-26,BBRI,4370.0,3618.62,1.2076426925181423,0.20764269251814227
2024-06-27,BBRI,4460.0,3693.15,1.2076411735239565,0.2076411735239565
2024-06-28,BBRI,4600.0,3809.07,1.207643860574891,0.20764386057489093
2024-07-01,BBRI,4630.0,3833.92,1.2076412653367832,0.20764126533678318
2024-07-02,BBRI,4570.0,3784.23,1.2076432986367107,0.20764329863671072
2024-07-03,BBRI,4600.0,3809.07,1.207643860574891,0.20764386057489093
2024-07-04,BBRI,4790.0,3966.4,1.2076442113755546,0.20764421137555455
2024-07-05,BBRI,4800.0,3974.69,1.2076413506462138,0.2076413506462138
2024-07-08,BBRI,4750.0,3933.28,1.2076434934710978,0.20764349347109778
2024-07-09,BBRI,4870.0,4032.65,1.2076426171376142,0.20764261713761423
2024-07-10,BBRI,4850.0,4016.09,1.2076422590131197,0.20764225901311972
2024-07-11,BBRI,4840.0,4007.81,1.207642078841063,0.2076420788410629
2024-07-12,BBRI,4900.0,4057.49,1.2076431488432504,0.2076431488432504
2024-07-15,BBRI,4820.0,3991.25,1.2076417162543063,0.20764171625430627
2024-07-16,BBRI,4730.0,3916.72,1.2076431299658898,0.20764312996588985
2024-07-17,BBRI,4760.0,3941.56,1.2076436740782837,0.20764367407828366
2024-07-18,BBRI,4890.0,4049.21,1.2076429723328748,0.20764297233287476
2024-07-19,BBRI,4900.0,4057.49,1.2076431488432504,0.2076431488432504
2024-07-22,BBRI,4910.0,4065.77,1.207643324634694,0.20764332463469404
2024-07-23,BBRI,4790.0,3966.4,1.2076442113755546,0.20764421137555455
2024-07-24,BBRI,4780.0,3958.12,1.20764403302578,0.20764403302578005
2024-07-25,BBRI,4700.0,3891.88,1.20764257890788,0.20764257890787996
2024-07-26,BBRI,4760.0,3941.56,1.2076436740782837,0.20764367407828366
2024-07-29,BBRI,4780.0,3958.12,1.20764403302578,0.20764403302578005
2024-07-30,BBRI,4670.0,3867.04,1.2076420207704084,0.2076420207704084
2024-07-31,BBRI,4670.0,3867.04,1.2076420207704084,0.2076420207704084
2024-08-01,BBRI,4750.0,3933.28,1.2076434934710978,0.20764349347109778
2024-08-02,BBRI,4710.0,3900.16,1.2076427633738103,0.20764276337381027
2024-08-05,BBRI,4530.0,3751.11,1.2076425378088085,0.20764253780880848
2024-08-06,BBRI,4600.0,3809.07,1.207643860574891,0.20764386057489093
2024-08-07,BBRI,4620.0,3825.63,1.2076442311462425,0.20764423114624253
2024-08-08,BBRI,4660.0,3858.76,1.2076418331277405,0.20764183312774054
2024-08-09,BBRI,4670.0,3867.04,1.2076420207704084,0.2076420207704084
2024-08-12,BBRI,4680.0,3875.32,1.2076422076112423,0.2076422076112423
2024-08-13,BBRI,4720.0,3908.44,1.2076429470581613,0.20764294705816133
2024-08-14,BBRI,4820.0,3991.25,1.2076417162543063,0.20764171625430627
2024-08-15,BBRI,4830.0,3999.53,1.207641897923006,0.2076418979230059
2024-08-16,BBRI,4830.0,3999.53,1.207641897923006,0.2076418979230059
2024-08-19,BBRI,4820.0,3991.25,1.2076417162543063,0.20764171625430627
2024-08-20,BBRI,4950.0,4098.89,1.2076440206982866,0.20764402069828658
2024-08-21,BBRI,5100.0,4223.1,1.2076436740782837,0.20764367407828366
2024-08-22,BBRI,5050.0,4181.7,1.2076428246885238,0.2076428246885238
2024-08-23,BBRI,5150.0,4264.51,1.2076416751279748,0.20764167512797482
2024-08-26,BBRI,5300.0,4388.72,1.2076414079731674,0.20764140797316744
2024-08-27,BBRI,5175.0,4285.21,1.2076420992203416,0.2076420992203416
2024-08-28,BBRI,5150.0,4264.51,1.2076416751279748,0.20764167512797482
2024-08-29,BBRI,5125.0,4243.8,1.2076440925585559,0.20764409255855587
2024-08-30,BBRI,5150.0,4264.51,1.2076416751279748,0.20764167512797482
2024-09-02,BBRI,5175.0,4285.21,1.2076420992203416,0.2076420992203416
2024-09-03,BBRI,5175.0,4285.21,1.2076420992203416,0.2076420992203416
2024-09-04,BBRI,5100.0,4223.1,1.2076436740782837,0.20764367407828366
2024-09-05,BBRI,5150.0,4264.51,1.2076416751279748,0.20764167512797482
2024-09-06,BBRI,5225.0,4326.61,1.207642935231047,0.20764293523104693
2024-09-09,BBRI,5175.0,4285.21,1.2076420992203416,0.2076420992203416
2024-09-10,BBRI,5250.0,4347.31,1.2076433472653203,0.2076433472653203
2024-09-11,BBRI,5175.0,4285.21,1.2076420992203416,0.2076420992203416
2024-09-12,BBRI,5175.0,4285.21,1.2076420992203416,0.2076420992203416
2024-09-13,BBRI,5300.0,4388.72,1.2076414079731674,0.20764140797316744
2024-09-17,BBRI,5300.0,4388.72,1.2076414079731674,0.20764140797316744
2024-09-18,BBRI,5350.0,4430.12,1.2076422309102237,0.2076422309102237
2024-09-19,BBRI,5400.0,4471.52,1.207643038608795,0.20764303860879507
2024-09-20,BBRI,5375.0,4450.82,1.2076426366377433,0.2076426366377433
2024-09-23,BBRI,5500.0,4554.33,1.2076419583121996,0.20764195831219956
2024-09-24,BBRI,5525.0,4575.03,1.2076423542577863,0.20764235425778632
2024-09-25,BBRI,5325.0,4409.42,1.2076418213733324,0.20764182137333242
2024-09-26,BBRI,5050.0,4181.7,1.2076428246885238,0.2076428246885238
2024-09-27,BBRI,5100.0,4223.1,1.2076436740782837,0.20764367407828366
2024-09-30,BBRI,4950.0,4098.89,1.2076440206982866,0.20764402069828658
2024-10-01,BBRI,5075.0,4202.4,1.2076432514753475,0.20764325147534746
2024-10-02,BBRI,4940.0,4090.61,1.2076438477390903,0.20764384773909028
2024-10-03,BBRI,4920.0,4074.05,1.2076434997115892,0.20764349971158924
2024-10-04,BBRI,4860.0,4024.37,1.2076424384437814,0.20764243844378139
2024-10-07,BBRI,4820.0,3991.25,1.2076417162543063,0.20764171625430627
2024-10-08,BBRI,5000.0,4140.3,1.2076419583121996,0.20764195831219956
2024-10-09,BBRI,4930.0,4082.33,1.2076436740782837,0.20764367407828366
2024-10-10,BBRI,4860.0,4024.37,1.2076424384437814,0.20764243844378139
2024-10-11,BBRI,4900.0,4057.49,1.2076431488432504,0.2076431488432504
2024-10-14,BBRI,4900.0,4057.49,1.2076431488432504,0.2076431488432504
2024-10-15,BBRI,4920.0,4074.05,1.2076434997115892,0.20764349971158924
2024-10-16,BBRI,4950.0,4098.89,1.2076440206982866,0.20764402069828658
2024-10-17,BBRI,4980.0,4123.74,1.2076416068908322,0.20764160689083222
2024-10-18,BBRI,4970.0,4115.46,1.207641430119598,0.2076414301195979
2024-10-21,BBRI,4990.0,4132.02,1.2076417829536157,0.20764178295361568
2024-10-22,BBRI,4900.0,4057.49,1.2076431488432504,0.2076431488432504
2024-10-23,BBRI,4860.0,4024.37,1.2076424384437814,0.20764243844378139
2024-10-24,BBRI,4820.0,3991.25,1.2076417162543063,0.20764171625430627
2024-10-25,BBRI,4770.0,3949.84,1.2076438539282603,0.20764385392826035
2024-10-28,BBRI,4760.0,3941.56,1.2076436740782837,0.20764367407828366
2024-10-29,BBRI,4700.0,3891.88,1.20764257890788,0.20764257890787996
2024-10-30,BBRI,4710.0,3900.16,1.2076427633738103,0.20764276337381027
2024-10-31,BBRI,4800.0,3974.69,1.2076413506462138,0.2076413506462138
2024-11-01,BBRI,4700.0,3891.88,1.20764257890788,0.20764257890787996
2024-11-04,BBRI,4720.0,3908.44,1.2076429470581613,0.20764294705816133
2024-11-05,BBRI,4710.0,3900.16,1.2076427633738103,0.20764276337381027
2024-11-06,BBRI,4600.0,3809.07,1.207643860574891,0.20764386057489093
2024-11-07,BBRI,4550.0,3767.67,1.2076429198947891,0.2076429198947891
2024-11-08,BBRI,4520.0,3742.83,1.2076423454979255,0.20764234549792548
2024-11-11,BBRI,4460.0,3693.15,1.2076411735239565,0.2076411735239565
2024-11-12,BBRI,4500.0,3726.27,1.2076419583121996,0.20764195831219956
2024-11-13,BBRI,4580.0,3792.51,1.2076434867673387,0.20764348676733868
2024-11-14,BBRI,4500.0,3726.27,1.2076419583121996,0.20764195831219956
2024-11-15,BBRI,4470.0,3701.43,1.20764137103768,0.2076413710376801
2024-11-18,BBRI,4350.0,3602.06,1.2076422935764535,0.20764229357645347
2024-11-19,BBRI,4360.0,3610.34,1.2076424935047667,0.2076424935047667
2024-11-20,BBRI,4330.0,3585.5,1.2076418909496582,0.20764189094965824
2024-11-21,BBRI,4250.0,3519.25,1.2076436740782837,0.20764367407828366
2024-11-22,BBRI,4400.0,3643.46,1.2076432841310183,0.2076432841310183
2024-11-25,BBRI,4470.0,3701.43,1.20764137103768,0.2076413710376801
2024-11-26,BBRI,4400.0,3643.46,1.2076432841310183,0.2076432841310183
2024-11-28,BBRI,4330.0,3585.5,1.2076418909496582,0.20764189094965824
2024-11-29,BBRI,4250.0,3519.25,1.2076436740782837,0.20764367407828366
2024-12-02,BBRI,4170.0,3453.01,1.2076420282594027,0.2076420282594027
2024-12-03,BBRI,4240.0,3510.97,1.207643471747124,0.20764347174712405
2024-12-04,BBRI,4350.0,3602.06,1.2076422935764535,0.20764229357645347
2024-12-05,BBRI,4260.0,3527.53,1.207643875459599,0.20764387545959906
2024-12-06,BBRI,4310.0,3568.94,1.2076414845864598,0.2076414845864598
2024-12-09,BBRI,4390.0,3635.18,1.2076430878250872,0.20764308782508722
2024-12-10,BBRI,4360.0,3610.34,1.2076424935047667,0.2076424935047667
2024-12-11,BBRI,4380.0,3626.9,1.207642890622846,0.20764289062284602
2024-12-12,BBRI,4260.0,3527.53,1.207643875459599,0.20764387545959906
2024-12-13,BBRI,4170.0,3453.01,1.2076420282594027,0.2076420282594027
2024-12-16,BBRI,4250.0,3519.25,1.2076436740782837,0.20764367407828366
2024-12-17,BBRI,4150.0,3436.45,1.2076416068908322,0.20764160689083222
2024-12-18,BBRI,4150.0,3436.45,1.2076416068908322,0.20764160689083222
2024-12-19,BBRI,4090.0,3386.76,1.207643883829973,0.207643883829973
2024-12-20,BBRI,4060.0,3361.92,1.2076432514753475,0.20764325147534746
2024-12-23,BBRI,4210.0,3486.13,1.2076428589868995,0.2076428589868995
2024-12-24,BBRI,4200.0,3477.85,1.2076426527883606,0.20764265278836058
2024-12-27,BBRI,4100.0,3507.79,1.1688270962628893,0.16882709626288928
2024-12-30,BBRI,4080.0,3490.68,1.1688267042524667,0.1688267042524667
2025-01-02,BBRI,4210.0,3601.91,1.1688243182089504,0.16882431820895039
2025-01-03,BBRI,4150.0,3550.57,1.168826413787082,0.16882641378708207
2025-01-06,BBRI,4100.0,3507.79,1.1688270962628893,0.16882709626288928
2025-01-07,BBRI,4030.0,3447.91,1.1688240122276974,0.16882401222769738
2025-01-08,BBRI,4080.0,3490.68,1.1688267042524667,0.1688267042524667
2025-01-09,BBRI,4030.0,3447.91,1.1688240122276974,0.16882401222769738
2025-01-10,BBRI,4010.0,3430.79,1.1688270048589393,0.1688270048589393
2025-01-13,BBRI,3850.0,3293.9,1.1688272260845805,0.16882722608458045
2025-01-14,BBRI,3800.0,3251.13,1.1688243779855003,0.16882437798550032
2025-01-15,BBRI,4090.0,3499.24,1.1688252306215066,0.16882523062150656
2025-01-16,BBRI,4160.0,3559.13,1.1688249656517182,0.16882496565171823
2025-01-17,BBRI,4090.0,3499.24,1.1688252306215066,0.16882523062150656
2025-01-20,BBRI,4220.0,3610.46,1.1688261329581273,0.16882613295812732
2025-01-21,BBRI,4260.0,3644.68,1.168826892895947,0.1688268928959471
2025-01-22,BBRI,4260.0,3644.68,1.168826892895947,0.1688268928959471
2025-01-23,BBRI,4300.0,3678.91,1.1688244615932437,0.1688244615932437
2025-01-24,BBRI,4190.0,3584.79,1.1688271837401911,0.16882718374019112
2025-01-30,BBRI,4120.0,3524.91,1.168824168560332,0.168824168560332
2025-01-31,BBRI,4220.0,3610.46,1.1688261329581273,0.16882613295812732
2025-02-03,BBRI,4250.0,3636.13,1.168825097012483,0.16882509701248294
2025-02-04,BBRI,4260.0,3644.68,1.168826892895947,0.1688268928959471
2025-02-05,BBRI,4140.0,3542.02,1.1688245690312307,0.16882456903123066
2025-02-06,BBRI,3970.0,3396.57,1.1688261981940604,0.16882619819406042
2025-02-07,BBRI,4030.0,3447.91,1.1688240122276974,0.16882401222769738
2025-02-10,BBRI,3970.0,3396.57,1.1688261981940604,0.16882619819406042
2025-02-11,BBRI,4010.0,3430.79,1.1688270048589393,0.1688270048589393
2025-02-12,BBRI,4030.0,3447.91,1.1688240122276974,0.16882401222769738
2025-02-13,BBRI,3990.0,3413.68,1.1688266035480772,0.16882660354807721
2025-02-14,BBRI,3860.0,3302.46,1.1688256632934237,0.16882566329342374
2025-02-17,BBRI,4030.0,3447.91,1.1688240122276974,0.16882401222769738
2025-02-18,BBRI,4150.0,3550.57,1.168826413787082,0.16882641378708207
2025-02-19,BBRI,4020.0,3439.35,1.1688255048192246,0.16882550481922465
2025-02-20,BBRI,3910.0,3345.24,1.1688249572526934,0.16882495725269342
2025-02-21,BBRI,3890.0,3328.13,1.1688245350992899,0.16882453509928985
2025-02-24,BBRI,3920.0,3353.79,1.1688269092578845,0.16882690925788446
2025-02-25,BBRI,3800.0,3251.13,1.1688243779855003,0.16882437798550032
2025-02-26,BBRI,3820.0,3268.24,1.1688248109073998,0.16882481090739976
2025-02-27,BBRI,3630.0,3105.68,1.1688261507946731,0.1688261507946731
2025-02-28,BBRI,3360.0,2874.68,1.1688257475614678,0.16882574756146784
2025-03-03,BBRI,3670.0,3139.9,1.1688270327080479,0.16882703270804789
2025-03-04,BBRI,3670.0,3139.9,1.1688270327080479,0.16882703270804789
2025-03-05,BBRI,3840.0,3285.35,1.1688252393200116,0.1688252393200116
2025-03-06,BBRI,3950.0,3379.46,1.1688257887354785,0.1688257887354785
2025-03-07,BBRI,3810.0,3259.68,1.1688263878662937,0.16882638786629367
2025-03-10,BBRI,3760.0,3216.9,1.1688271317106531,0.1688271317106531
2025-03-11,BBRI,3790.0,3242.57,1.1688259621226373,0.16882596212263734
2025-03-12,BBRI,3890.0,3328.13,1.1688245350992899,0.16882453509928985
2025-03-13,BBRI,3800.0,3251.13,1.1688243779855003,0.16882437798550032
2025-03-14,BBRI,3750.0,3208.35,1.1688250970124832,0.16882509701248316
2025-03-17,BBRI,3830.0,3276.79,1.1688268091638463,0.1688268091638463
2025-03-18,BBRI,3680.0,3148.46,1.1688253940021471,0.16882539400214713
2025-03-19,BBRI,3710.0,3174.13,1.1688242132489848,0.16882421324898478
2025-03-20,BBRI,3660.0,3131.35,1.1688249477062609,0.16882494770626089
2025-03-21,BBRI,3700.0,3165.57,1.1688258354735481,0.16882583547354812
2025-03-24,BBRI,3610.0,3088.57,1.1688257025095756,0.16882570250957563
2025-03-25,BBRI,3800.0,3251.13,1.1688243779855003,0.16882437798550032
2025-03-26,BBRI,4000.0,3422.24,1.1688250970124832,0.16882509701248316
2025-03-27,BBRI,4050.0,3465.02,1.1688244223698565,0.1688244223698565
2025-04-08,BBRI,3640.0,3114.24,1.1688244965063708,0.16882449650637077
2025-04-09,BBRI,3630.0,3105.68,1.1688261507946731,0.1688261507946731
2025-04-10,BBRI,3800.0,3251.13,1.1688243779855003,0.16882437798550032
2025-04-11,BBRI,3630.0,3285.89,1.104723530002526,0.10472353000252599
2025-04-14,BBRI,3690.0,3340.2,1.1047242680079037,0.10472426800790369
2025-04-15,BBRI,3690.0,3340.2,1.1047242680079037,0.10472426800790369
2025-04-16,BBRI,3650.0,3303.99,1.104724893235149,0.104724893235149
2025-04-17,BBRI,3640.0,3294.94,1.1047242134909891,0.10472421349098915
2025-04-21,BBRI,3620.0,3276.83,1.1047262140544367,0.10472621405443672
2025-04-22,BBRI,3630.0,3285.89,1.104723530002526,0.10472353000252599
2025-04-23,BBRI,3760.0,3403.56,1.1047256402120134,0.10472564021201336
2025-04-24,BBRI,3730.0,3376.41,1.1047236561910432,0.10472365619104318
2025-04-25,BBRI,3740.0,3385.46,1.1047243210671518,0.1047243210671518
2025-04-28,BBRI,3840.0,3475.98,1.1047244230404087,0.10472442304040874
2025-04-29,BBRI,3850.0,3485.03,1.1047250669291224,0.10472506692912242
2025-04-30,BBRI,3850.0,3485.03,1.1047250669291224,0.10472506692912242
2025-05-02,BBRI,3880.0,3512.19,1.1047238332778124,0.10472383327781243
2025-05-05,BBRI,3860.0,3494.08,1.1047257074823702,0.1047257074823702
2025-05-06,BBRI,3880.0,3512.19,1.1047238332778124,0.10472383327781243
2025-05-07,BBRI,3910.0,3539.34,1.1047257398271995,0.10472573982719946
2025-05-08,BBRI,3790.0,3430.72,1.1047243727264249,0.10472437272642487
2025-05-09,BBRI,3840.0,3475.98,1.1047244230404087,0.10472442304040874
2025-05-14,BBRI,4090.0,3702.28,1.104724656157827,0.104724656157827
2025-05-15,BBRI,4270.0,3865.22,1.1047236638535454,0.10472366385354537
2025-05-16,BBRI,4250.0,3847.11,1.1047253652741928,0.10472536527419285
2025-05-19,BBRI,4230.0,3829.01,1.104724197638554,0.104724197638554
2025-05-20,BBRI,4210.0,3810.9,1.1047259177622084,0.10472591776220841
2025-05-21,BBRI,4260.0,3856.16,1.104725944981536,0.10472594498153609
2025-05-22,BBRI,4300.0,3892.37,1.1047253986645669,0.10472539866456687
2025-05-23,BBRI,4350.0,3937.63,1.104725431287348,0.10472543128734801
2025-05-26,BBRI,4320.0,3910.48,1.1047237167815716,0.10472371678157155
2025-05-27,BBRI,4370.0,3955.74,1.1047237684984352,0.10472376849843523
2025-05-28,BBRI,4450.0,4028.15,1.104725494333627,0.1047254943336271
2025-06-02,BBRI,4200.0,3801.85,1.104725331088812,0.1047253310888121
2025-06-03,BBRI,4200.0,3801.85,1.104725331088812,0.1047253310888121
2025-06-04,BBRI,4080.0,3693.23,1.1047240491385588,0.10472404913855882
2025-06-05,BBRI,4100.0,3711.33,1.104725260216688,0.10472526021668793
2025-06-10,BBRI,4150.0,3756.59,1.1047252960796892,0.10472529607968917
2025-06-11,BBRI,4070.0,3684.18,1.1047234391370673,0.10472343913706728
2025-06-12,BBRI,4070.0,3684.18,1.1047234391370673,0.10472343913706728
2025-06-13,BBRI,4000.0,3620.81,1.1047251858009672,0.10472518580096724
2025-06-16,BBRI,3990.0,3611.76,1.1047245664163732,0.10472456641637318
2025-06-17,BBRI,3960.0,3584.6,1.1047257713552419,0.10472577135524186
2025-06-18,BBRI,3940.0,3566.5,1.1047245198373756,0.10472451983737563
2025-06-19,BBRI,3800.0,3439.77,1.1047250252197094,0.10472502521970939
2025-06-20,BBRI,3790.0,3430.72,1.1047243727264249,0.10472437272642487
2025-06-23,BBRI,3720.0,3367.35,1.1047262684306651,0.10472626843066513
2025-06-24,BBRI,3780.0,3421.67,1.1047237167815716,0.10472371678157155
2025-06-25,BBRI,3760.0,3403.56,1.1047256402120134,0.10472564021201336
2025-06-26,BBRI,3830.0,3466.93,1.1047237757901083,0.10472377579010828
2025-06-30,BBRI,3740.0,3385.46,1.1047243210671518,0.1047243210671518
2025-07-01,BBRI,3700.0,3349.25,1.104724938419049,0.10472493841904895
2025-07-02,BBRI,3680.0,3331.15,1.1047235939540399,0.10472359395403985
2025-07-03,BBRI,3680.0,3331.15,1.1047235939540399,0.10472359395403985
2025-07-04,BBRI,3670.0,3322.09,1.1047262416129604,0.1047262416129604
2025-07-07,BBRI,3700.0,3349.25,1.104724938419049,0.10472493841904895
2025-07-08,BBRI,3670.0,3322.09,1.1047262416129604,0.1047262416129604
2025-07-09,BBRI,3680.0,3331.15,1.1047235939540399,0.10472359395403985
2025-07-10,BBRI,3870.0,3503.13,1.104726344726002,0.10472634472600206
2025-07-11,BBRI,3880.0,3512.19,1.1047238332778124,0.10472383327781243
2025-07-14,BBRI,3780.0,3421.67,1.1047237167815716,0.10472371678157155
2025-07-15,BBRI,3880.0,3512.19,1.1047238332778124,0.10472383327781243
2025-07-16,BBRI,3880.0,3512.19,1.1047238332778124,0.10472383327781243
2025-07-17,BBRI,3890.0,3521.24,1.1047244720609786,0.10472447206097857
2025-07-18,BBRI,3860.0,3494.08,1.1047257074823702,0.1047257074823702
2025-07-21,BBRI,3830.0,3466.93,1.1047237757901083,0.10472377579010828
2025-07-22,BBRI,3840.0,3475.98,1.1047244230404087,0.10472442304040874
2025-07-23,BBRI,3800.0,3439.77,1.1047250252197094,0.10472502521970939
2025-07-24,BBRI,3950.0,3575.55,1.104725147180154,0.10472514718015402
2025-07-25,BBRI,3880.0,3512.19,1.1047238332778124,0.10472383327781243
2025-07-28,BBRI,3940.0,3566.5,1.1047245198373756,0.10472451983737563
2025-07-29,BBRI,3920.0,3548.4,1.104723255551798,0.10472325555179807
2025-07-30,BBRI,3780.0,3421.67,1.1047237167815716,0.10472371678157155
2025-07-31,BBRI,3710.0,3358.3,1.1047256052169252,0.1047256052169252
2025-08-01,BBRI,3740.0,3385.46,1.1047243210671518,0.1047243210671518
2025-08-04,BBRI,3710.0,3358.3,1.1047256052169252,0.1047256052169252
2025-08-05,BBRI,3740.0,3385.46,1.1047243210671518,0.1047243210671518
2025-08-06,BBRI,3710.0,3358.3,1.1047256052169252,0.1047256052169252
2025-08-07,BBRI,3710.0,3358.3,1.1047256052169252,0.1047256052169252
2025-08-08,BBRI,3700.0,3349.25,1.104724938419049,0.10472493841904895
2025-08-11,BBRI,3810.0,3448.82,1.1047256742885971,0.10472567428859714
2025-08-12,BBRI,4050.0,3666.07,1.1047252234681826,0.10472522346818258
2025-08-13,BBRI,4080.0,3693.23,1.1047240491385588,0.10472404913855882
2025-08-14,BBRI,4060.0,3675.12,1.1047258320816735,0.10472583208167352
2025-08-15,BBRI,4120.0,3729.44,1.104723497361534,0.10472349736153408
2025-08-19,BBRI,4040.0,3657.02,1.104724611842429,0.10472461184242898
2025-08-20,BBRI,4150.0,3756.59,1.1047252960796892,0.10472529607968917
2025-08-21,BBRI,4150.0,3756.59,1.1047252960796892,0.10472529607968917
2025-08-22,BBRI,4100.0,3711.33,1.104725260216688,0.10472526021668793
2025-08-25,BBRI,4210.0,3810.9,1.1047259177622084,0.10472591776220841
2025-08-26,BBRI,4170.0,3774.7,1.104723554189737,0.10472355418973689
2025-08-27,BBRI,4130.0,3738.49,1.1047240998371,0.10472409983709996
2025-08-28,BBRI,4140.0,3747.54,1.1047246994028082,0.10472469940280815
2025-08-29,BBRI,4050.0,3666.07,1.1047252234681826,0.10472522346818258
2025-09-01,BBRI,3980.0,3602.71,1.1047239439199936,0.10472394391999362
2025-09-02,BBRI,3960.0,3584.6,1.1047257713552419,0.10472577135524186
2025-09-03,BBRI,4030.0,3647.97,1.1047239971819944,0.10472399718199443
2025-09-04,BBRI,4000.0,3620.81,1.1047251858009672,0.10472518580096724
2025-09-08,BBRI,3900.0,3530.29,1.1047251075690665,0.1047251075690665
2025-09-09,BBRI,3790.0,3430.72,1.1047243727264249,0.10472437272642487
2025-09-10,BBRI,3880.0,3512.19,1.1047238332778124,0.10472383327781243
2025-09-11,BBRI,4080.0,3693.23,1.1047240491385588,0.10472404913855882
2025-09-12,BBRI,4180.0,3783.75,1.1047241493227618,0.10472414932276175
2025-09-15,BBRI,4140.0,3747.54,1.1047246994028082,0.10472469940280815
2025-09-16,BBRI,4130.0,3738.49,1.1047240998371,0.10472409983709996
2025-09-17,BBRI,4220.0,3819.96,1.1047236096713053,0.10472360967130534
2025-09-18,BBRI,4250.0,3847.11,1.1047253652741928,0.10472536527419285
2025-09-19,BBRI,4250.0,3847.11,1.1047253652741928,0.10472536527419285
2025-09-22,BBRI,4160.0,3765.64,1.1047258898885715,0.10472588988857146
2025-09-23,BBRI,4140.0,3747.54,1.1047246994028082,0.10472469940280815
2025-09-24,BBRI,4170.0,3774.7,1.104723554189737,0.10472355418973689
2025-09-25,BBRI,4070.0,3684.18,1.1047234391370673,0.10472343913706728
2025-09-26,BBRI,4040.0,3657.02,1.104724611842429,0.10472461184242898
2025-09-29,BBRI,3980.0,3602.71,1.1047239439199936,0.10472394391999362
2025-09-30,BBRI,3900.0,3530.29,1.1047251075690665,0.1047251075690665
2025-10-01,BBRI,3810.0,3448.82,1.1047256742885971,0.10472567428859714
2025-10-02,BBRI,3710.0,3358.3,1.1047256052169252,0.1047256052169252
2025-10-03,BBRI,3690.0,3340.2,1.1047242680079037,0.10472426800790369
2025-10-06,BBRI,3660.0,3313.04,1.1047255692656894,0.10472556926568943
2025-10-07,BBRI,3710.0,3358.3,1.1047256052169252,0.1047256052169252
2025-10-08,BBRI,3720.0,3367.35,1.1047262684306651,0.10472626843066513
2025-10-09,BBRI,3860.0,3494.08,1.1047257074823702,0.1047257074823702
2025-10-10,BBRI,3730.0,3376.41,1.1047236561910432,0.10472365619104318
2025-10-13,BBRI,3660.0,3313.04,1.1047255692656894,0.10472556926568943
2025-10-14,BBRI,3550.0,3213.47,1.1047247990490032,0.10472479904900323
2025-10-15,BBRI,3500.0,3168.21,1.104724749937662,0.10472474993766201
2025-10-16,BBRI,3530.0,3195.37,1.104723396664549,0.1047233966645491
2025-10-17,BBRI,3500.0,3168.21,1.104724749937662,0.10472474993766201
2025-10-20,BBRI,3680.0,3331.15,1.1047235939540399,0.10472359395403985
2025-10-21,BBRI,3760.0,3403.56,1.1047256402120134,0.10472564021201336
2025-10-22,BBRI,3700.0,3349.25,1.104724938419049,0.10472493841904895
2025-10-23,BBRI,3820.0,3457.87,1.1047263199599755,0.1047263199599755
2025-10-24,BBRI,3850.0,3485.03,1.1047250669291224,0.10472506692912242
2025-10-27,BBRI,3860.0,3494.08,1.1047257074823702,0.1047257074823702
2025-10-28,BBRI,3850.0,3485.03,1.1047250669291224,0.10472506692912242
2025-10-29,BBRI,3890.0,3521.24,1.1047244720609786,0.10472447206097857
2025-10-30,BBRI,3910.0,3539.34,1.1047257398271995,0.10472573982719946
2025-10-31,BBRI,3980.0,3602.71,1.1047239439199936,0.10472394391999362
2025-11-03,BBRI,4040.0,3657.02,1.104724611842429,0.10472461184242898
2025-11-04,BBRI,3970.0,3593.66,1.104723318288319,0.10472331828831893
2025-11-05,BBRI,3980.0,3602.71,1.1047239439199936,0.10472394391999362
2025-11-06,BBRI,4000.0,3620.81,1.1047251858009672,0.10472518580096724
2025-11-07,BBRI,3980.0,3602.71,1.1047239439199936,0.10472394391999362
2025-11-10,BBRI,3930.0,3557.45,1.104723889302731,0.10472388930273091
2025-11-11,BBRI,3890.0,3521.24,1.1047244720609786,0.10472447206097857
2025-11-12,BBRI,3900.0,3530.29,1.1047251075690665,0.1047251075690665
2025-11-13,BBRI,3870.0,3503.13,1.104726344726002,0.10472634472600206
2025-11-14,BBRI,3900.0,3530.29,1.1047251075690665,0.1047251075690665
2025-11-17,BBRI,3940.0,3566.5,1.1047245198373756,0.10472451983737563
2025-11-18,BBRI,3970.0,3593.66,1.104723318288319,0.10472331828831893
2025-11-19,BBRI,4000.0,3620.81,1.1047251858009672,0.10472518580096724
2025-11-20,BBRI,3990.0,3611.76,1.1047245664163732,0.10472456641637318
2025-11-21,BBRI,3960.0,3584.6,1.1047257713552419,0.10472577135524186
2025-11-24,BBRI,3980.0,3602.71,1.1047239439199936,0.10472394391999362
2025-11-25,BBRI,3830.0,3466.93,1.1047237757901083,0.10472377579010828
2025-11-26,BBRI,3790.0,3430.72,1.1047243727264249,0.10472437272642487
2025-11-27,BBRI,3740.0,3385.46,1.1047243210671518,0.1047243210671518
2025-11-28,BBRI,3680.0,3331.15,1.1047235939540399,0.10472359395403985
2025-12-01,BBRI,3670.0,3322.09,1.1047262416129604,0.1047262416129604
2025-12-02,BBRI,3710.0,3358.3,1.1047256052169252,0.1047256052169252
2025-12-03,BBRI,3660.0,3313.04,1.1047255692656894,0.10472556926568943
2025-12-04,BBRI,3690.0,3340.2,1.1047242680079037,0.10472426800790369
2025-12-05,BBRI,3650.0,3303.99,1.104724893235149,0.104724893235149
2025-12-08,BBRI,3670.0,3322.09,1.1047262416129604,0.1047262416129604
2025-12-09,BBRI,3680.0,3331.15,1.1047235939540399,0.10472359395403985
2025-12-10,BBRI,3660.0,3313.04,1.1047255692656894,0.10472556926568943
2025-12-11,BBRI,3620.0,3276.83,1.1047262140544367,0.10472621405443672
2025-12-12,BBRI,3630.0,3285.89,1.104723530002526,0.10472353000252599
2025-12-15,BBRI,3780.0,3421.67,1.1047237167815716,0.10472371678157155
2025-12-16,BBRI,3690.0,3340.2,1.1047242680079037,0.10472426800790369
2025-12-17,BBRI,3750.0,3394.51,1.1047249823980485,0.1047249823980485
2025-12-18,BBRI,3780.0,3421.67,1.1047237167815716,0.10472371678157155
2025-12-19,BBRI,3770.0,3412.61,1.104726294537026,0.10472629453702598
2025-12-22,BBRI,3760.0,3403.56,1.1047256402120134,0.10472564021201336
2025-12-23,BBRI,3770.0,3412.61,1.104726294537026,0.10472629453702598
2025-12-24,BBRI,3770.0,3412.61,1.104726294537026,0.10472629453702598
2025-12-29,BBRI,3780.0,3421.67,1.1047237167815716,0.10472371678157155
2025-12-30,BBRI,3660.0,3437.63,1.0646870082004172,0.06468700820041717
2026-01-02,BBRI,3640.0,3418.85,1.0646854936601489,0.06468549366014886
2026-01-05,BBRI,3630.0,3409.46,1.0646847301332176,0.06468473013321763
2026-01-06,BBRI,3680.0,3456.42,1.0646854259609653,0.06468542596096527
2026-01-07,BBRI,3700.0,3475.2,1.0646869244935544,0.0646869244935544
2026-01-08,BBRI,3710.0,3484.6,1.064684612294094,0.06468461229409406
2026-01-09,BBRI,3680.0,3456.42,1.0646854259609653,0.06468542596096527
2026-01-12,BBRI,3700.0,3475.2,1.0646869244935544,0.0646869244935544
2026-01-13,BBRI,3720.0,3493.99,1.0646853597176866,0.06468535971768663
2026-01-14,BBRI,3720.0,3493.99,1.0646853597176866,0.06468535971768663
2026-01-15,BBRI,3820.0,3587.91,1.064686683891179,0.06468668389117904
2026-01-19,BBRI,3840.0,3606.7,1.0646851692683064,0.06468516926830636
2026-01-20,BBRI,3850.0,3616.09,1.0646858900082685,0.06468589000826852
2026-01-21,BBRI,3820.0,3587.91,1.064686683891179,0.06468668389117904
2026-01-22,BBRI,3810.0,3578.52,1.0646859595587002,0.06468595955870016
2026-01-23,BBRI,3850.0,3616.09,1.0646858900082685,0.06468589000826852
2026-01-26,BBRI,3850.0,3616.09,1.0646858900082685,0.06468589000826852
2026-01-27,BBRI,3820.0,3587.91,1.064686683891179,0.06468668389117904
2026-01-28,BBRI,3590.0,3371.89,1.0646847910222457,0.06468479102224567
2026-01-29,BBRI,3780.0,3550.34,1.0646867623945875,0.06468676239458748
2026-01-30,BBRI,3810.0,3578.52,1.0646859595587002,0.06468595955870016
2026-02-02,BBRI,3830.0,3597.31,1.064684444765672,0.06468444476567203
2026-02-03,BBRI,3800.0,3569.13,1.0646852314149386,0.06468523141493865
2026-02-04,BBRI,3870.0,3634.88,1.0646843912316224,0.0646843912316224
2026-02-05,BBRI,3850.0,3616.09,1.0646858900082685,0.06468589000826852
2026-02-06,BBRI,3780.0,3550.34,1.0646867623945875,0.06468676239458748
2026-02-09,BBRI,3770.0,3540.95,1.0646860305850125,0.06468603058501254
2026-02-10,BBRI,3780.0,3550.34,1.0646867623945875,0.06468676239458748
2026-02-11,BBRI,3800.0,3569.13,1.0646852314149386,0.06468523141493865
2026-02-12,BBRI,3790.0,3559.74,1.0646844994297338,0.06468449942973375
2026-02-13,BBRI,3780.0,3550.34,1.0646867623945875,0.06468676239458748
2026-02-18,BBRI,3830.0,3597.31,1.064684444765672,0.06468444476567203
2026-02-19,BBRI,3770.0,3540.95,1.0646860305850125,0.06468603058501254
2026-02-20,BBRI,3840.0,3606.7,1.0646851692683064,0.06468516926830636
2026-02-23,BBRI,3900.0,3663.05,1.0646865317153738,0.06468653171537375
2026-02-24,BBRI,3870.0,3634.88,1.0646843912316224,0.0646843912316224
2026-02-25,BBRI,3970.0,3728.8,1.0646856897661445,0.06468568976614453
2026-02-26,BBRI,3950.0,3710.01,1.0646871571774739,0.06468715717747386
2026-02-27,BBRI,3910.0,3672.44,1.0646872379126684,0.0646872379126684
2026-03-02,BBRI,3820.0,3587.91,1.064686683891179,0.06468668389117904
2026-03-03,BBRI,3770.0,3540.95,1.0646860305850125,0.06468603058501254
2026-03-04,BBRI,3690.0,3465.81,1.0646861772572644,0.06468617725726444
2026-03-05,BBRI,3750.0,3522.17,1.0646845552599675,0.06468455525996752
2026-03-06,BBRI,3670.0,3447.03,1.0646846705714774,0.06468467057147742
2026-03-09,BBRI,3570.0,3353.1,1.0646864095911246,0.0646864095911246
2026-03-10,BBRI,3560.0,3343.71,1.064685633622533,0.06468563362253299
2026-03-11,BBRI,3580.0,3362.49,1.0646871812258178,0.06468718122581785
2026-03-12,BBRI,3570.0,3353.1,1.0646864095911246,0.0646864095911246
2026-03-13,BBRI,3510.0,3296.75,1.0646849169636763,0.06468491696367629
2026-03-16,BBRI,3480.0,3268.57,1.0646857800200087,0.06468578002000869
2026-03-17,BBRI,3480.0,3268.57,1.0646857800200087,0.06468578002000869
2026-03-25,BBRI,3540.0,3324.92,1.064687270671174,0.06468727067117408
2026-03-26,BBRI,3490.0,3277.96,1.0646865733565998,0.06468657335659977
2026-03-27,BBRI,3420.0,3212.22,1.0646842370696903,0.06468423706969029
2026-03-30,BBRI,3360.0,3155.86,1.0646860126875082,0.06468601268750818
2026-03-31,BBRI,3330.0,3127.68,1.0646869244935544,0.0646869244935544
2026-04-01,BBRI,3350.0,3146.47,1.0646851868919773,0.06468518689197733
2026-04-02,BBRI,3320.0,3118.29,1.0646860939809961,0.06468609398099612
2026-04-06,BBRI,3310.0,3108.9,1.0646852584515423,0.06468525845154227
2026-04-07,BBRI,3230.0,3033.76,1.0646854068878222,0.0646854068878222
2026-04-08,BBRI,3340.0,3137.08,1.0646843561528556,0.06468435615285562
2026-04-09,BBRI,3280.0,3080.72,1.0646861772572647,0.06468617725726467
2026-04-10,BBRI,3390.0,3184.04,1.0646851170211429,0.06468511702114288
2026-04-13,BBRI,3370.0,3165.25,1.0646868335834452,0.06468683358344518
2026-04-14,BBRI,3460.0,3249.78,1.0646874557662365,0.06468745576623647
2026-04-15,BBRI,3400.0,3193.43,1.0646859333068206,0.0646859333068206
2026-04-16,BBRI,3410.0,3202.82,1.0646867448061395,0.06468674480613945
2026-04-17,BBRI,3430.0,3221.61,1.0646850487799577,0.06468504877995773
2026-04-20,BBRI,3440.0,3231.0,1.0646858557722068,0.06468585577220676
2026-04-21,BBRI,3270.0,3270.0,1.0,0.0
2026-04-22,BBRI,3240.0,3240.0,1.0,0.0
2026-04-23,BBRI,3160.0,3160.0,1.0,0.0
2026-04-24,BBRI,3070.0,3070.0,1.0,0.0
2026-04-27,BBRI,3050.0,3050.0,1.0,0.0
2026-04-28,BBRI,3070.0,3070.0,1.0,0.0
2026-04-29,BBRI,3070.0,3070.0,1.0,0.0
2026-04-30,BBRI,2990.0,2990.0,1.0,0.0
2026-05-04,BBRI,3040.0,3040.0,1.0,0.0
2026-05-05,BBRI,3150.0,3150.0,1.0,0.0
2026-05-06,BBRI,3160.0,3160.0,1.0,0.0
2026-05-07,BBRI,3310.0,3310.0,1.0,0.0
2026-05-08,BBRI,3260.0,3260.0,1.0,0.0
2026-05-11,BBRI,3200.0,3200.0,1.0,0.0
2026-05-12,BBRI,3220.0,3220.0,1.0,0.0
2026-05-13,BBRI,3120.0,3120.0,1.0,0.0
2026-05-18,BBRI,3060.0,3060.0,1.0,0.0
2026-05-19,BBRI,3040.0,3040.0,1.0,0.0
2026-05-20,BBRI,3040.0,3040.0,1.0,0.0
2026-05-21,BBRI,3020.0,3020.0,1.0,0.0
2026-05-22,BBRI,3050.0,3050.0,1.0,0.0
2026-05-25,BBRI,3170.0,3170.0,1.0,0.0
2026-05-26,BBRI,3070.0,3070.0,1.0,0.0
2026-05-29,BBRI,2950.0,2950.0,1.0,0.0
2026-06-02,BBRI,3040.0,3040.0,1.0,0.0
2026-06-03,BBRI,2900.0,2900.0,1.0,0.0
2026-06-04,BBRI,2810.0,2810.0,1.0,0.0
2026-06-05,BBRI,2740.0,2740.0,1.0,0.0
2026-06-08,BBRI,2590.0,2590.0,1.0,0.0
2026-06-09,BBRI,2790.0,2790.0,1.0,0.0
2026-06-10,BBRI,2880.0,2880.0,1.0,0.0
2026-06-11,BBRI,2850.0,2850.0,1.0,0.0
2026-06-12,BBRI,2850.0,2850.0,1.0,0.0
2026-06-15,BBRI,2990.0,2990.0,1.0,0.0
2026-06-17,BBRI,3080.0,3080.0,1.0,0.0
2026-06-18,BBRI,2960.0,2960.0,1.0,0.0
2026-06-19,BBRI,2930.0,2930.0,1.0,0.0
2026-06-22,BBRI,2870.0,2870.0,1.0,0.0
2026-06-23,BBRI,2910.0,2910.0,1.0,0.0
2026-06-24,BBRI,2810.0,2810.0,1.0,0.0
2026-06-25,BBRI,2850.0,2850.0,1.0,0.0
2026-06-26,BBRI,2870.0,2870.0,1.0,0.0
2026-06-29,BBRI,2840.0,2840.0,1.0,0.0
2026-06-30,BBRI,2730.0,2730.0,1.0,0.0
2026-07-01,BBRI,2670.0,2670.0,1.0,0.0
2026-07-02,BBRI,2690.0,2690.0,1.0,0.0
2026-07-03,BBRI,2710.0,2710.0,1.0,0.0
2026-07-06,BBRI,2790.0,2790.0,1.0,0.0
2026-07-07,BBRI,2860.0,2860.0,1.0,0.0
2026-07-08,BBRI,2790.0,2790.0,1.0,0.0
2026-07-09,BBRI,2780.0,2780.0,1.0,0.0
2026-07-10,BBRI,2790.0,2790.0,1.0,0.0
2026-07-13,BBRI,2870.0,2870.0,1.0,0.0
2026-07-14,BBRI,2800.0,2800.0,1.0,0.0
2026-07-15,BBRI,2830.0,2830.0,1.0,0.0
2026-07-16,BBRI,2860.0,2860.0,1.0,0.0
2026-07-17,BBRI,2970.0,2970.0,1.0,0.0
2026-07-20,BBRI,3020.0,3020.0,1.0,0.0
2026-07-21,BBRI,3070.0,3070.0,1.0,0.0
2026-07-22,BBRI,3020.0,3020.0,1.0,0.0
2026-07-23,BBRI,2990.0,2990.0,1.0,0.0
2026-07-24,BBRI,2960.0,2960.0,1.0,0.0
2026-07-27,BBRI,2950.0,2950.0,1.0,0.0
2026-07-28,BBRI,2930.0,2930.0,1.0,0.0
2026-07-29,BBRI,2920.0,2920.0,1.0,0.0
2026-07-30,BBRI,2990.0,2990.0,1.0,0.0
2026-07-31,BBRI,3040.0,3040.0,1.0,0.0
2026-08-03,BBRI,3020.0,3020.0,1.0,0.0
2026-08-04,BBRI,3060.0,3060.0,1.0,0.0
2026-08-05,BBRI,3020.0,3020.0,1.0,0.0
2026-08-06,BBRI,3040.0,3040.0,1.0,0.0
2026-08-07,BBRI,3130.0,3130.0,1.0,0.0
2026-08-10,BBRI,3090.0,3090.0,1.0,0.0
2026-08-11,BBRI,3090.0,3090.0,1.0,0.0
2026-08-12,BBRI,3130.0,3130.0,1.0,0.0
2026-08-13,BBRI,3110.0,3110.0,1.0,0.0
2026-08-14,BBRI,3120.0,3120.0,1.0,0.0
2026-08-18,BBRI,3080.0,3080.0,1.0,0.0
2026-08-19,BBRI,3080.0,3080.0,1.0,0.0
2026-08-20,BBRI,3140.0,3140.0,1.0,0.0
2026-08-21,BBRI,3230.0,3230.0,1.0,0.0
2026-08-24,BBRI,3180.0,3180.0,1.0,0.0
2026-08-26,BBRI,3130.0,3130.0,1.0,0.0
2026-08-27,BBRI,3150.0,3150.0,1.0,0.0
2026-08-28,BBRI,3190.0,3190.0,1.0,0.0
2026-08-31,BBRI,3250.0,3250.0,1.0,0.0
2026-09-01,BBRI,3380.0,3380.0,1.0,0.0
2026-09-02,BBRI,3390.0,3390.0,1.0,0.0
2026-09-03,BBRI,3410.0,3410.0,1.0,0.0
2026-09-04,BBRI,3390.0,3390.0,1.0,0.0
2026-09-07,BBRI,3370.0,3370.0,1.0,0.0
2026-09-08,BBRI,3410.0,3410.0,1.0,0.0
2026-09-09,BBRI,3420.0,3420.0,1.0,0.0
2026-09-10,BBRI,3320.0,3320.0,1.0,0.0
2026-09-11,BBRI,3270.0,3270.0,1.0,0.0
2026-09-14,BBRI,3400.0,3400.0,1.0,0.0
2026-09-15,BBRI,3320.0,3320.0,1.0,0.0
2026-09-16,BBRI,3330.0,3330.0,1.0,0.0
2026-09-17,BBRI,3330.0,3330.0,1.0,0.0
2026-09-18,BBRI,3310.0,3310.0,1.0,0.0
2026-09-21,BBRI,3300.0,3300.0,1.0,0.0
2026-09-22,BBRI,3180.0,3180.0,1.0,0.0
2026-09-23,BBRI,3190.0,3190.0,1.0,0.0
2026-09-24,BBRI,3140.0,3140.0,1.0,0.0
2026-09-25,BBRI,3150.0,3150.0,1.0,0.0
2026-09-28,BBRI,3140.0,3140.0,1.0,0.0
2026-09-29,BBRI,3170.0,3170.0,1.0,0.0
2026-09-30,BBRI,3140.0,3140.0,1.0,0.0
2026-10-01,BBRI,3100.0,3100.0,1.0,0.0
2026-10-02,BBRI,3080.0,3080.0,1.0,0.0
2026-10-05,BBRI,3120.0,3120.0,1.0,0.0
2026-10-06,BBRI,3110.0,3110.0,1.0,0.0
2026-10-07,BBRI,3140.0,3140.0,1.0,0.0
2026-10-08,BBRI,3030.0,3030.0,1.0,0.0
2026-10-09,BBRI,3100.0,3100.0,1.0,0.0
2015-01-02,PTBA,2475.0,690.11,3.5863847792380925,2.5863847792380925
2015-01-05,PTBA,2470.0,688.71,3.5864151820069403,2.5864151820069403
2015-01-06,PTBA,2415.0,673.38,3.586385102022632,2.586385102022632
2015-01-07,PTBA,2420.0,674.77,3.5864072202380073,2.5864072202380073
2015-01-08,PTBA,2360.0,658.04,3.586408121086864,2.586408121086864
2015-01-09,PTBA,2360.0,658.04,3.586408121086864,2.586408121086864
2015-01-12,PTBA,2305.0,642.7,3.5864322389917533,2.5864322389917533
2015-01-13,PTBA,2240.0,624.58,3.586410067565404,2.586410067565404
2015-01-14,PTBA,2240.0,624.58,3.586410067565404,2.586410067565404
2015-01-15,PTBA,2240.0,624.58,3.586410067565404,2.586410067565404
2015-01-16,PTBA,2145.0,598.09,3.586416760019395,2.586416760019395
2015-01-19,PTBA,2080.0,579.97,3.586392399606876,2.586392399606876
2015-01-20,PTBA,2145.0,598.09,3.586416760019395,2.586416760019395
2015-01-21,PTBA,2230.0,621.79,3.58641985236173,2.58641985236173
2015-01-22,PTBA,2350.0,655.25,3.5864173979397176,2.5864173979397176
2015-01-23,PTBA,2325.0,648.28,3.5864132782131177,2.5864132782131177
2015-01-26,PTBA,2245.0,625.97,3.5864338546575714,2.5864338546575714
2015-01-27,PTBA,2280.0,635.73,3.58642820065122,2.58642820065122
2015-01-28,PTBA,2305.0,642.7,3.5864322389917533,2.5864322389917533
2015-01-29,PTBA,2265.0,631.55,3.5864143773256276,2.5864143773256276
2015-01-30,PTBA,2275.0,634.34,3.5864047671595674,2.5864047671595674
2015-02-02,PTBA,2275.0,634.34,3.5864047671595674,2.5864047671595674
2015-02-03,PTBA,2285.0,637.13,3.586395241159575,2.586395241159575
2015-02-04,PTBA,2300.0,641.31,3.58640906893702,2.58640906893702
2015-02-05,PTBA,2275.0,634.34,3.5864047671595674,2.5864047671595674
2015-02-06,PTBA,2320.0,646.89,3.5863902672788264,2.5863902672788264
2015-02-09,PTBA,2280.0,635.73,3.58642820065122,2.58642820065122
2015-02-10,PTBA,2235.0,623.19,3.586386174360949,2.586386174360949
2015-02-11,PTBA,2205.0,614.82,3.5864155362545134,2.5864155362545134
2015-02-12,PTBA,2245.0,625.97,3.5864338546575714,2.5864338546575714
2015-02-13,PTBA,2295.0,639.92,3.586385798224778,2.586385798224778
2015-02-16,PTBA,2230.0,621.79,3.58641985236173,2.58641985236173
2015-02-17,PTBA,2215.0,617.61,3.586405660530108,2.586405660530108
2015-02-18,PTBA,2175.0,606.46,3.5863865712495464,2.5863865712495464
2015-02-20,PTBA,2120.0,591.12,3.58641223440249,2.58641223440249
2015-02-23,PTBA,2095.0,584.15,3.586407600787469,2.586407600787469
2015-02-24,PTBA,2080.0,579.97,3.586392399606876,2.586392399606876
2015-02-25,PTBA,2085.0,581.36,3.586418054217696,2.586418054217696
2015-02-26,PTBA,2085.0,581.36,3.586418054217696,2.586418054217696
2015-02-27,PTBA,2135.0,595.3,3.586427011590795,2.586427011590795
2015-03-02,PTBA,2200.0,613.43,3.5863912752881344,2.5863912752881344
2015-03-03,PTBA,2205.0,614.82,3.5864155362545134,2.5864155362545134
2015-03-04,PTBA,2160.0,602.27,3.586431334783403,2.586431334783403
2015-03-05,PTBA,2165.0,603.67,3.5863965411565926,2.5863965411565926
2015-03-06,PTBA,2185.0,609.24,3.586435559057186,2.586435559057186
2015-03-09,PTBA,2155.0,600.88,3.586406603647983,2.586406603647983
2015-03-10,PTBA,2120.0,591.12,3.58641223440249,2.58641223440249
2015-03-11,PTBA,2045.0,570.21,3.586397993721611,2.586397993721611
2015-03-12,PTBA,2130.0,593.91,3.5864019800979947,2.5864019800979947
2015-03-13,PTBA,2085.0,581.36,3.586418054217696,2.586418054217696
2015-03-16,PTBA,2045.0,570.21,3.586397993721611,2.586397993721611
2015-03-17,PTBA,2065.0,575.78,3.586439264997048,2.586439264997048
2015-03-18,PTBA,2070.0,577.18,3.5864028552617904,2.5864028552617904
2015-03-19,PTBA,2090.0,582.76,3.586382044066168,2.586382044066168
2015-03-20,PTBA,2070.0,577.18,3.5864028552617904,2.5864028552617904
2015-03-23,PTBA,2095.0,584.15,3.586407600787469,2.586407600787469
2015-03-24,PTBA,2110.0,588.33,3.5864225859636596,2.5864225859636596
2015-03-25,PTBA,2060.0,574.39,3.586413412489772,2.586413412489772
2015-03-26,PTBA,2050.0,571.6,3.586424072778166,2.586424072778166
2015-03-27,PTBA,2100.0,585.54,3.586433036171739,2.586433036171739
2015-03-30,PTBA,2140.0,596.7,3.586391821685939,2.586391821685939
2015-03-31,PTBA,2150.0,599.49,3.586381757827487,2.586381757827487
2015-04-01,PTBA,2140.0,596.7,3.586391821685939,2.586391821685939
2015-04-02,PTBA,2180.0,607.85,3.586411121164761,2.586411121164761
2015-04-06,PTBA,2220.0,619.0,3.5864297253634896,2.5864297253634896
2015-04-07,PTBA,2215.0,617.61,3.586405660530108,2.586405660530108
2015-04-08,PTBA,2155.0,619.02,3.4813091661012567,2.4813091661012567
2015-04-09,PTBA,2150.0,617.58,3.4813303539622393,2.4813303539622393
2015-04-10,PTBA,2140.0,614.71,3.481316393095931,2.481316393095931
2015-04-13,PTBA,2090.0,600.35,3.4813025734987924,2.4813025734987924
2015-04-14,PTBA,2080.0,597.48,3.4812880765883376,2.4812880765883376
2015-04-15,PTBA,2130.0,611.84,3.48130230125523,2.48130230125523
2015-04-16,PTBA,2150.0,617.58,3.4813303539622393,2.4813303539622393
2015-04-17,PTBA,2150.0,617.58,3.4813303539622393,2.4813303539622393
2015-04-20,PTBA,2120.0,608.97,3.4812880765883376,2.4812880765883376
2015-04-21,PTBA,2110.0,606.09,3.481331155438961,2.481331155438961
2015-04-22,PTBA,2125.0,610.4,3.48132372214941,2.48132372214941
2015-04-23,PTBA,2080.0,597.48,3.4812880765883376,2.4812880765883376
2015-04-24,PTBA,2105.0,604.66,3.481295273376774,2.481295273376774
2015-04-27,PTBA,2000.0,574.5,3.4812880765883376,2.4812880765883376
2015-04-28,PTBA,2015.0,578.81,3.4812805583870357,2.4812805583870357
2015-04-29,PTBA,1945.0,558.7,3.4812958654018256,2.4812958654018256
2015-04-30,PTBA,1870.0,537.16,3.4812718743018842,2.4812718743018842
2015-05-04,PTBA,1870.0,537.16,3.4812718743018842,2.4812718743018842
2015-05-05,PTBA,1880.0,540.03,3.481288076588338,2.481288076588338
2015-05-06,PTBA,1870.0,537.16,3.4812718743018842,2.4812718743018842
2015-05-07,PTBA,1840.0,528.54,3.481288076588338,2.481288076588338
2015-05-08,PTBA,1930.0,554.39,3.481303775320623,2.481303775320623
2015-05-11,PTBA,1990.0,571.62,3.4813337531926805,2.4813337531926805
2015-05-12,PTBA,2000.0,574.5,3.4812880765883376,2.4812880765883376
2015-05-13,PTBA,2060.0,591.73,3.481317492775421,2.481317492775421
2015-05-15,PTBA,2110.0,606.09,3.481331155438961,2.481331155438961
2015-05-18,PTBA,2090.0,600.35,3.4813025734987924,2.4813025734987924
2015-05-19,PTBA,2085.0,598.91,3.481324406004241,2.481324406004241
2015-05-20,PTBA,2160.0,620.46,3.4812880765883376,2.4812880765883376
2015-05-21,PTBA,2165.0,621.89,3.481323063564296,2.481323063564296
2015-05-22,PTBA,2110.0,606.09,3.481331155438961,2.481331155438961
2015-05-25,PTBA,2075.0,596.04,3.4813099791960274,2.4813099791960274
2015-05-26,PTBA,2110.0,606.09,3.481331155438961,2.481331155438961
2015-05-27,PTBA,2055.0,590.3,3.4812807047264105,2.4812807047264105
2015-05-28,PTBA,2025.0,581.68,3.4812955576949527,2.4812955576949527
2015-05-29,PTBA,1965.0,564.44,3.4813266246190913,2.4813266246190913
2015-06-01,PTBA,1945.0,558.7,3.4812958654018256,2.4812958654018256
2015-06-03,PTBA,1935.0,555.83,3.4812802475577063,2.4812802475577063
2015-06-04,PTBA,1925.0,552.95,3.4813274256261866,2.4813274256261866
2015-06-05,PTBA,1885.0,541.46,3.48132826062867,2.48132826062867
2015-06-08,PTBA,1885.0,541.46,3.48132826062867,2.48132826062867
2015-06-09,PTBA,1825.0,524.23,3.4812963775442074,2.4812963775442074
2015-06-10,PTBA,1810.0,519.92,3.481304816125558,2.481304816125558
2015-06-11,PTBA,1820.0,522.79,3.4813213718701586,2.4813213718701586
2015-06-12,PTBA,1830.0,525.67,3.481271520155231,2.481271520155231
2015-06-15,PTBA,1815.0,521.36,3.4812797299370875,2.4812797299370875
2015-06-16,PTBA,1850.0,531.41,3.4813044541879155,2.4813044541879155
2015-06-17,PTBA,1830.0,525.67,3.481271520155231,2.481271520155231
2015-06-18,PTBA,1810.0,519.92,3.481304816125558,2.481304816125558
2015-06-19,PTBA,1805.0,518.48,3.4813300416602373,2.4813300416602373
2015-06-22,PTBA,1800.0,517.05,3.481288076588338,2.481288076588338
2015-06-23,PTBA,1790.0,514.18,3.481271150180871,2.481271150180871
2015-06-24,PTBA,1805.0,518.48,3.4813300416602373,2.4813300416602373
2015-06-25,PTBA,1740.0,499.81,3.481322902703027,2.481322902703027
2015-06-26,PTBA,1700.0,488.32,3.48132372214941,2.48132372214941
2015-06-29,PTBA,1675.0,481.14,3.4813152097102718,2.4813152097102718
2015-06-30,PTBA,1680.0,482.58,3.4812880765883376,2.4812880765883376
2015-07-01,PTBA,1660.0,476.83,3.4813245810875997,2.4813245810875997
2015-07-02,PTBA,1650.0,473.96,3.4813064393619717,2.4813064393619717
2015-07-03,PTBA,1655.0,475.4,3.4812789230122005,2.4812789230122005
2015-07-06,PTBA,1640.0,471.09,3.481288076588338,2.481288076588338
2015-07-07,PTBA,1595.0,458.16,3.4813165706303475,2.4813165706303475
2015-07-08,PTBA,1510.0,433.75,3.4812680115273773,2.4812680115273773
2015-07-09,PTBA,1425.0,409.33,3.481298707644199,2.481298707644199
2015-07-10,PTBA,1450.0,416.51,3.4813089721735375,2.4813089721735375
2015-07-13,PTBA,1410.0,405.02,3.4813095649597554,2.4813095649597554
2015-07-14,PTBA,1350.0,387.79,3.481265633461409,2.481265633461409
2015-07-15,PTBA,1295.0,371.99,3.4812763783972684,2.4812763783972684
2015-07-22,PTBA,1300.0,373.42,3.4813346901612126,2.4813346901612126
2015-07-23,PTBA,1320.0,379.17,3.4812880765883376,2.4812880765883376
2015-07-24,PTBA,1265.0,363.37,3.4813000522883013,2.4813000522883013
2015-07-27,PTBA,1255.0,360.5,3.48127600554785,2.48127600554785
2015-07-28,PTBA,1285.0,369.11,3.481347023922408,2.481347023922408
2015-07-29,PTBA,1250.0,359.06,3.481312315490447,2.481312315490447
2015-07-30,PTBA,1240.0,356.19,3.4812880765883376,2.4812880765883376
2015-07-31,PTBA,1200.0,344.7,3.4812880765883376,2.4812880765883376
2015-08-03,PTBA,1190.0,341.83,3.4812626159201945,2.4812626159201945
2015-08-04,PTBA,1250.0,359.06,3.481312315490447,2.481312315490447
2015-08-05,PTBA,1310.0,376.3,3.4812649481796436,2.4812649481796436
2015-08-06,PTBA,1250.0,359.06,3.481312315490447,2.481312315490447
2015-08-07,PTBA,1240.0,356.19,3.4812880765883376,2.4812880765883376
2015-08-10,PTBA,1200.0,344.7,3.4812880765883376,2.4812880765883376
2015-08-11,PTBA,1125.0,323.15,3.4813554077054003,2.4813554077054003
2015-08-12,PTBA,1040.0,298.74,3.4812880765883376,2.4812880765883376
2015-08-13,PTBA,1060.0,304.48,3.4813452443510244,2.4813452443510244
2015-08-14,PTBA,1035.0,297.3,3.481331987891019,2.481331987891019
2015-08-18,PTBA,1050.0,301.61,3.4813169324624513,2.4813169324624513
2015-08-19,PTBA,1055.0,303.05,3.4812737172083814,2.4812737172083814
2015-08-20,PTBA,1060.0,304.48,3.4813452443510244,2.4813452443510244
2015-08-21,PTBA,1115.0,320.28,3.4813288372673914,2.4813288372673914
2015-08-24,PTBA,1065.0,305.92,3.48130230125523,2.48130230125523
2015-08-25,PTBA,1095.0,314.54,3.4812742417498566,2.4812742417498566
2015-08-26,PTBA,1110.0,318.85,3.481260780931472,2.481260780931472
2015-08-27,PTBA,1145.0,328.9,3.481301307388264,2.481301307388264
2015-08-28,PTBA,1190.0,341.83,3.4812626159201945,2.4812626159201945
2015-08-31,PTBA,1170.0,336.08,3.481313972863604,2.481313972863604
2015-09-01,PTBA,1230.0,353.32,3.4812634439035435,2.4812634439035435
2015-09-02,PTBA,1200.0,344.7,3.4812880765883376,2.4812880765883376
2015-09-03,PTBA,1215.0,349.01,3.481275608148764,2.481275608148764
2015-09-04,PTBA,1200.0,344.7,3.4812880765883376,2.4812880765883376
2015-09-07,PTBA,1170.0,336.08,3.481313972863604,2.481313972863604
2015-09-08,PTBA,1165.0,334.64,3.4813530958642125,2.4813530958642125
2015-09-09,PTBA,1160.0,333.21,3.481288076588338,2.481288076588338
2015-09-10,PTBA,1115.0,320.28,3.4813288372673914,2.4813288372673914
2015-09-11,PTBA,1130.0,324.59,3.4813148895529746,2.4813148895529746
2015-09-14,PTBA,1125.0,323.15,3.4813554077054003,2.4813554077054003
2015-09-15,PTBA,1125.0,323.15,3.4813554077054003,2.4813554077054003
2015-09-16,PTBA,1130.0,324.59,3.4813148895529746,2.4813148895529746
2015-09-17,PTBA,1135.0,326.03,3.481274729319388,2.481274729319388
2015-09-18,PTBA,1150.0,330.34,3.4812617303384394,2.4812617303384394
2015-09-21,PTBA,1125.0,323.15,3.4813554077054003,2.4813554077054003
2015-09-22,PTBA,1115.0,320.28,3.4813288372673914,2.4813288372673914
2015-09-23,PTBA,1115.0,320.28,3.4813288372673914,2.4813288372673914
2015-09-25,PTBA,1110.0,318.85,3.481260780931472,2.481260780931472
2015-09-28,PTBA,1115.0,320.28,3.4813288372673914,2.4813288372673914
2015-09-29,PTBA,1120.0,321.72,3.4812880765883376,2.4812880765883376
2015-09-30,PTBA,1125.0,323.15,3.4813554077054003,2.4813554077054003
2015-10-01,PTBA,1125.0,323.15,3.4813554077054003,2.4813554077054003
2015-10-02,PTBA,1115.0,320.28,3.4813288372673914,2.4813288372673914
2015-10-05,PTBA,1140.0,327.46,3.481341232516949,2.481341232516949
2015-10-06,PTBA,1120.0,321.72,3.4812880765883376,2.4812880765883376
2015-10-07,PTBA,1195.0,343.26,3.481326108489192,2.481326108489192
2015-10-08,PTBA,1200.0,344.7,3.4812880765883376,2.4812880765883376
2015-10-09,PTBA,1290.0,370.55,3.4813115638915124,2.4813115638915124
2015-10-12,PTBA,1325.0,380.6,3.4813452443510244,2.4813452443510244
2015-10-13,PTBA,1255.0,360.5,3.48127600554785,2.48127600554785
2015-10-15,PTBA,1320.0,379.17,3.4812880765883376,2.4812880765883376
2015-10-16,PTBA,1290.0,370.55,3.4813115638915124,2.4813115638915124
2015-10-19,PTBA,1325.0,380.6,3.4813452443510244,2.4813452443510244
2015-10-20,PTBA,1460.0,419.38,3.4813295817635557,2.4813295817635557
2015-10-21,PTBA,1445.0,415.07,3.481340496783675,2.481340496783675
2015-10-22,PTBA,1400.0,402.15,3.481288076588338,2.481288076588338
2015-10-23,PTBA,1450.0,416.51,3.4813089721735375,2.4813089721735375
2015-10-26,PTBA,1465.0,420.82,3.4812984173756,2.4812984173756
2015-10-27,PTBA,1490.0,428.0,3.4813084112149535,2.4813084112149535
2015-10-28,PTBA,1470.0,422.26,3.481267465542557,2.481267465542557
2015-10-29,PTBA,1455.0,417.95,3.4812776647924393,2.4812776647924393
2015-10-30,PTBA,1460.0,419.38,3.4813295817635557,2.4813295817635557
2015-11-02,PTBA,1455.0,417.95,3.4812776647924393,2.4812776647924393
2015-11-03,PTBA,1490.0,428.0,3.4813084112149535,2.4813084112149535
2015-11-04,PTBA,1555.0,446.67,3.4813173036022116,2.4813173036022116
2015-11-05,PTBA,1530.0,439.49,3.4813078795877037,2.4813078795877037
2015-11-06,PTBA,1495.0,429.44,3.481277943368107,2.481277943368107
2015-11-09,PTBA,1500.0,430.87,3.4813284749460394,2.4813284749460394
2015-11-10,PTBA,1465.0,420.82,3.4812984173756,2.4812984173756
2015-11-11,PTBA,1385.0,397.84,3.4812990146792684,2.4812990146792684
2015-11-12,PTBA,1395.0,400.71,3.4813206558358916,2.4813206558358916
2015-11-13,PTBA,1275.0,366.24,3.48132372214941,2.48132372214941
2015-11-16,PTBA,1205.0,346.13,3.4813509375090286,2.4813509375090286
2015-11-17,PTBA,1185.0,340.39,3.4813008607773437,2.4813008607773437
2015-11-18,PTBA,1225.0,351.88,3.4813004433329544,2.4813004433329544
2015-11-19,PTBA,1220.0,350.44,3.4813377468325535,2.4813377468325535
2015-11-20,PTBA,1205.0,346.13,3.4813509375090286,2.4813509375090286
2015-11-23,PTBA,1190.0,341.83,3.4812626159201945,2.4812626159201945
2015-11-24,PTBA,1155.0,331.77,3.481327425626187,2.481327425626187
2015-11-25,PTBA,1180.0,338.95,3.481339430594483,2.481339430594483
2015-11-26,PTBA,1180.0,338.95,3.481339430594483,2.481339430594483
2015-11-27,PTBA,1175.0,337.52,3.4812751836928184,2.4812751836928184
2015-11-30,PTBA,1120.0,321.72,3.4812880765883376,2.4812880765883376
2015-12-01,PTBA,1145.0,328.9,3.481301307388264,2.481301307388264
2015-12-02,PTBA,1110.0,318.85,3.481260780931472,2.481260780931472
2015-12-03,PTBA,1040.0,298.74,3.4812880765883376,2.4812880765883376
2015-12-04,PTBA,1035.0,297.3,3.481331987891019,2.481331987891019
2015-12-07,PTBA,1025.0,294.43,3.4813028563665385,2.4813028563665385
2015-12-08,PTBA,966.0,277.48,3.481331987891019,2.481331987891019
2015-12-09,PTBA,966.0,277.48,3.481331987891019,2.481331987891019
2015-12-10,PTBA,928.0,266.57,3.481261957459579,2.481261957459579
2015-12-11,PTBA,901.0,258.81,3.4813183416405855,2.4813183416405855
2015-12-14,PTBA,863.0,247.9,3.481242436466317,2.481242436466317
2015-12-15,PTBA,926.0,265.99,3.481333884732509,2.481333884732509
2015-12-16,PTBA,942.0,270.59,3.481281643815367,2.481281643815367
2015-12-17,PTBA,948.0,272.31,3.4813264294370385,2.4813264294370385
2015-12-18,PTBA,956.0,274.61,3.4813007537962926,2.4813007537962926
2015-12-21,PTBA,920.0,264.27,3.481288076588338,2.481288076588338
2015-12-22,PTBA,930.0,267.14,3.4813206558358916,2.4813206558358916
2015-12-23,PTBA,915.0,262.83,3.4813377468325535,2.4813377468325535
2015-12-28,PTBA,912.0,261.97,3.481314654349734,2.481314654349734
2015-12-29,PTBA,916.0,263.12,3.481301307388264,2.481301307388264
2015-12-30,PTBA,905.0,259.96,3.481304816125558,2.481304816125558
2016-01-04,PTBA,867.0,249.04,3.481368454866688,2.481368454866688
2016-01-05,PTBA,902.0,259.1,3.4812813585488227,2.4812813585488227
2016-01-06,PTBA,902.0,259.1,3.4812813585488227,2.4812813585488227
2016-01-07,PTBA,869.0,249.62,3.4812915631760273,2.4812915631760273
2016-01-08,PTBA,861.0,247.32,3.4813197476952937,2.4813197476952937
2016-01-11,PTBA,881.0,253.07,3.4812502469672424,2.4812502469672424
2016-01-12,PTBA,882.0,253.35,3.4813499111900534,2.4813499111900534
2016-01-13,PTBA,905.0,259.96,3.481304816125558,2.481304816125558
2016-01-14,PTBA,899.0,258.24,3.481257744733581,2.481257744733581
2016-01-15,PTBA,893.0,256.51,3.4813457565007213,2.4813457565007213
2016-01-18,PTBA,877.0,251.92,3.4812638932994604,2.4812638932994604
2016-01-19,PTBA,860.0,247.03,3.48135853944865,2.48135853944865
2016-01-20,PTBA,852.0,244.74,3.4812454032851186,2.4812454032851186
2016-01-21,PTBA,833.0,239.28,3.4812771648278167,2.4812771648278167
2016-01-22,PTBA,887.0,254.79,3.4812983241100515,2.4812983241100515
2016-01-25,PTBA,894.0,256.8,3.481308411214953,2.481308411214953
2016-01-26,PTBA,855.0,245.6,3.481270358306189,2.481270358306189
2016-01-27,PTBA,847.0,243.3,3.481298808055898,2.481298808055898
2016-01-28,PTBA,864.0,248.18,3.48134418567169,2.48134418567169
2016-01-29,PTBA,890.0,255.65,3.481322120086055,2.481322120086055
2016-02-01,PTBA,874.0,251.06,3.4812395443320323,2.4812395443320323
2016-02-02,PTBA,880.0,252.78,3.4812880765883376,2.4812880765883376
2016-02-03,PTBA,880.0,252.78,3.4812880765883376,2.4812880765883376
2016-02-04,PTBA,894.0,256.8,3.481308411214953,2.481308411214953
2016-02-05,PTBA,902.0,259.1,3.4812813585488227,2.4812813585488227
2016-02-09,PTBA,888.0,255.08,3.481260780931472,2.481260780931472
2016-02-10,PTBA,877.0,251.92,3.4812638932994604,2.4812638932994604
2016-02-11,PTBA,889.0,255.36,3.481359649122807,2.481359649122807
2016-02-12,PTBA,881.0,253.07,3.4812502469672424,2.4812502469672424
2016-02-15,PTBA,894.0,256.8,3.481308411214953,2.481308411214953
2016-02-16,PTBA,882.0,253.35,3.4813499111900534,2.4813499111900534
2016-02-17,PTBA,872.0,250.48,3.4813158735228362,2.4813158735228362
2016-02-18,PTBA,917.0,263.41,3.4812649481796436,2.4812649481796436
2016-02-19,PTBA,934.0,268.29,3.4813075403481304,2.4813075403481304
2016-02-22,PTBA,1065.0,305.92,3.48130230125523,2.48130230125523
2016-02-23,PTBA,1040.0,298.74,3.4812880765883376,2.4812880765883376
2016-02-24,PTBA,983.0,282.37,3.481248007932854,2.481248007932854
2016-02-25,PTBA,953.0,273.75,3.4812785388127856,2.4812785388127856
2016-02-26,PTBA,1020.0,292.99,3.4813474862623295,2.4813474862623295
2016-02-29,PTBA,1015.0,291.56,3.481273151323913,2.481273151323913
2016-03-01,PTBA,1045.0,300.17,3.4813605623480024,2.4813605623480024
2016-03-02,PTBA,1105.0,317.41,3.4813017863331335,2.4813017863331335
2016-03-03,PTBA,1145.0,328.9,3.481301307388264,2.481301307388264
2016-03-04,PTBA,1160.0,333.21,3.481288076588338,2.481288076588338
2016-03-07,PTBA,1295.0,371.99,3.4812763783972684,2.4812763783972684
2016-03-08,PTBA,1325.0,380.6,3.4813452443510244,2.4813452443510244
2016-03-10,PTBA,1255.0,360.5,3.48127600554785,2.48127600554785
2016-03-11,PTBA,1255.0,360.5,3.48127600554785,2.48127600554785
2016-03-14,PTBA,1255.0,360.5,3.48127600554785,2.48127600554785
2016-03-15,PTBA,1230.0,353.32,3.4812634439035435,2.4812634439035435
2016-03-16,PTBA,1270.0,364.81,3.481264219730819,2.481264219730819
2016-03-17,PTBA,1400.0,402.15,3.481288076588338,2.481288076588338
2016-03-18,PTBA,1315.0,377.73,3.4813226378630238,2.4813226378630238
2016-03-21,PTBA,1365.0,392.09,3.481343569078528,2.481343569078528
2016-03-22,PTBA,1360.0,390.66,3.4812880765883376,2.4812880765883376
2016-03-23,PTBA,1350.0,387.79,3.481265633461409,2.481265633461409
2016-03-24,PTBA,1300.0,373.42,3.4813346901612126,2.4813346901612126
2016-03-28,PTBA,1310.0,376.3,3.4812649481796436,2.4812649481796436
2016-03-29,PTBA,1275.0,366.24,3.48132372214941,2.48132372214941
2016-03-30,PTBA,1285.0,369.11,3.481347023922408,2.481347023922408
2016-03-31,PTBA,1255.0,360.5,3.48127600554785,2.48127600554785
2016-04-01,PTBA,1240.0,356.19,3.4812880765883376,2.4812880765883376
2016-04-04,PTBA,1290.0,370.55,3.4813115638915124,2.4813115638915124
2016-04-05,PTBA,1245.0,357.62,3.481348917845758,2.481348917845758
2016-04-06,PTBA,1330.0,382.04,3.481310857501832,2.481310857501832
2016-04-07,PTBA,1310.0,376.3,3.4812649481796436,2.4812649481796436
2016-04-08,PTBA,1310.0,376.3,3.4812649481796436,2.4812649481796436
2016-04-11,PTBA,1310.0,376.3,3.4812649481796436,2.4812649481796436
2016-04-12,PTBA,1385.0,397.84,3.4812990146792684,2.4812990146792684
2016-04-13,PTBA,1385.0,397.84,3.4812990146792684,2.4812990146792684
2016-04-14,PTBA,1385.0,397.84,3.4812990146792684,2.4812990146792684
2016-04-15,PTBA,1385.0,397.84,3.4812990146792684,2.4812990146792684
2016-04-18,PTBA,1385.0,397.84,3.4812990146792684,2.4812990146792684
2016-04-19,PTBA,1385.0,397.84,3.4812990146792684,2.4812990146792684
2016-04-20,PTBA,1520.0,436.62,3.4812880765883376,2.4812880765883376
2016-04-21,PTBA,1540.0,442.36,3.4813274256261866,2.4813274256261866
2016-04-22,PTBA,1500.0,447.72,3.3503082283570085,2.3503082283570085
2016-04-25,PTBA,1500.0,447.72,3.3503082283570085,2.3503082283570085
2016-04-26,PTBA,1465.0,437.27,3.3503327463580854,2.3503327463580854
2016-04-27,PTBA,1475.0,440.26,3.350293008676691,2.350293008676691
2016-04-28,PTBA,1430.0,426.83,3.3502799709486215,2.3502799709486215
2016-04-29,PTBA,1410.0,420.86,3.3502827543601197,2.3502827543601197
2016-05-02,PTBA,1410.0,420.86,3.3502827543601197,2.3502827543601197
2016-05-03,PTBA,1375.0,410.41,3.3503082283570085,2.3503082283570085
2016-05-04,PTBA,1320.0,393.99,3.3503388410873374,2.3503388410873374
2016-05-09,PTBA,1300.0,388.02,3.3503427658368126,2.3503427658368126
2016-05-10,PTBA,1260.0,376.08,3.3503509891512446,2.3503509891512446
2016-05-11,PTBA,1310.0,391.01,3.3502979463440834,2.3502979463440834
2016-05-12,PTBA,1310.0,391.01,3.3502979463440834,2.3502979463440834
2016-05-13,PTBA,1265.0,377.58,3.3502833836537955,2.3502833836537955
2016-05-16,PTBA,1275.0,380.56,3.350325835610679,2.350325835610679
2016-05-17,PTBA,1315.0,392.5,3.3503184713375798,2.3503184713375798
2016-05-18,PTBA,1300.0,388.02,3.3503427658368126,2.3503427658368126
2016-05-19,PTBA,1265.0,377.58,3.3502833836537955,2.3502833836537955
2016-05-20,PTBA,1260.0,376.08,3.3503509891512446,2.3503509891512446
2016-05-23,PTBA,1285.0,383.55,3.3502802763655324,2.3502802763655324
2016-05-24,PTBA,1255.0,374.59,3.350329693798553,2.350329693798553
2016-05-25,PTBA,1295.0,386.53,3.3503220966031098,2.3503220966031098
2016-05-26,PTBA,1330.0,396.98,3.3502947251750714,2.3502947251750714
2016-05-27,PTBA,1335.0,398.47,3.3503149547017337,2.3503149547017337
2016-05-30,PTBA,1335.0,398.47,3.3503149547017337,2.3503149547017337
2016-05-31,PTBA,1275.0,380.56,3.350325835610679,2.350325835610679
2016-06-01,PTBA,1310.0,391.01,3.3502979463440834,2.3502979463440834
2016-06-02,PTBA,1395.0,416.38,3.3503050098467746,2.3503050098467746
2016-06-03,PTBA,1425.0,425.33,3.3503397362048295,2.3503397362048295
2016-06-06,PTBA,1480.0,441.75,3.350311262026033,2.350311262026033
2016-06-07,PTBA,1565.0,467.12,3.350316835074499,2.350316835074499
2016-06-08,PTBA,1530.0,456.67,3.3503405084634417,2.3503405084634417
2016-06-09,PTBA,1595.0,476.08,3.3502772643253236,2.3502772643253236
2016-06-10,PTBA,1560.0,465.63,3.3502995940983182,2.3502995940983182
2016-06-13,PTBA,1525.0,455.18,3.3503229491629685,2.3503229491629685
2016-06-14,PTBA,1480.0,441.75,3.350311262026033,2.350311262026033
2016-06-15,PTBA,1525.0,455.18,3.3503229491629685,2.3503229491629685
2016-06-16,PTBA,1485.0,443.24,3.3503293926540927,2.3503293926540927
2016-06-17,PTBA,1505.0,449.21,3.3503261280915386,2.3503261280915386
2016-06-20,PTBA,1600.0,477.57,3.3502941977092364,2.3502941977092364
2016-06-21,PTBA,1640.0,489.51,3.350289064574779,2.350289064574779
2016-06-22,PTBA,1610.0,480.55,3.3503277494537507,2.3503277494537507
2016-06-23,PTBA,1590.0,474.58,3.350330818829281,2.350330818829281
2016-06-24,PTBA,1565.0,467.12,3.350316835074499,2.350316835074499
2016-06-27,PTBA,1550.0,462.64,3.350337195227391,2.350337195227391
2016-06-28,PTBA,1535.0,458.17,3.350284828775345,2.350284828775345
2016-06-29,PTBA,1555.0,464.14,3.350282242426854,2.350282242426854
2016-06-30,PTBA,1540.0,459.66,3.350302397424183,2.350302397424183
2016-07-01,PTBA,1580.0,471.6,3.350296861747243,2.350296861747243
2016-07-11,PTBA,1655.0,493.98,3.350338070367221,2.350338070367221
2016-07-12,PTBA,1725.0,514.88,3.3502952144188938,2.3502952144188938
2016-07-13,PTBA,1930.0,576.07,3.350287291474994,2.350287291474994
2016-07-14,PTBA,1865.0,556.66,3.350339525024252,2.350339525024252
2016-07-15,PTBA,1925.0,574.57,3.350331552291278,2.350331552291278
2016-07-18,PTBA,2000.0,596.96,3.3503082283570085,2.3503082283570085
2016-07-19,PTBA,1960.0,585.02,3.350312809818468,2.350312809818468
2016-07-20,PTBA,2000.0,596.96,3.3503082283570085,2.3503082283570085
2016-07-21,PTBA,1945.0,580.54,3.3503290040307303,2.3503290040307303
2016-07-22,PTBA,1935.0,577.56,3.35030126740079,2.35030126740079
2016-07-25,PTBA,2010.0,599.94,3.35033503350335,2.35033503350335
2016-07-26,PTBA,1975.0,589.5,3.3502968617472435,2.3502968617472435
2016-07-27,PTBA,1980.0,590.99,3.350310495947478,2.350310495947478
2016-07-28,PTBA,2045.0,610.39,3.3503170104359508,2.3503170104359508
2016-07-29,PTBA,1970.0,588.0,3.3503401360544216,2.3503401360544216
2016-08-01,PTBA,1965.0,586.51,3.3503265076469284,2.3503265076469284
2016-08-02,PTBA,2000.0,596.96,3.3503082283570085,2.3503082283570085
2016-08-03,PTBA,2060.0,614.87,3.3503016897880853,2.3503016897880853
2016-08-04,PTBA,2135.0,637.25,3.3503334641035702,2.3503334641035702
2016-08-05,PTBA,2070.0,617.85,3.3503277494537507,2.3503277494537507
2016-08-08,PTBA,2050.0,611.88,3.3503301300908674,2.3503301300908674
2016-08-09,PTBA,2075.0,619.35,3.350286590780657,2.350286590780657
2016-08-10,PTBA,2030.0,605.91,3.350332557640574,2.350332557640574
2016-08-11,PTBA,2000.0,596.96,3.3503082283570085,2.3503082283570085
2016-08-12,PTBA,2000.0,596.96,3.3503082283570085,2.3503082283570085
2016-08-15,PTBA,1970.0,588.0,3.3503401360544216,2.3503401360544216
2016-08-16,PTBA,2015.0,601.44,3.350292631018888,2.350292631018888
2016-08-18,PTBA,2075.0,619.35,3.350286590780657,2.350286590780657
2016-08-19,PTBA,2015.0,601.44,3.350292631018888,2.350292631018888
2016-08-22,PTBA,1985.0,592.48,3.3503240615716985,2.3503240615716985
2016-08-23,PTBA,1980.0,590.99,3.350310495947478,2.350310495947478
2016-08-24,PTBA,1960.0,585.02,3.350312809818468,2.350312809818468
2016-08-25,PTBA,1955.0,583.53,3.350299042037256,2.350299042037256
2016-08-26,PTBA,1935.0,577.56,3.35030126740079,2.35030126740079
2016-08-29,PTBA,1870.0,558.16,3.3502938225598395,2.3502938225598395
2016-08-30,PTBA,1895.0,565.62,3.350305859057318,2.350305859057318
2016-08-31,PTBA,1985.0,592.48,3.3503240615716985,2.3503240615716985
2016-09-01,PTBA,1960.0,585.02,3.350312809818468,2.350312809818468
2016-09-02,PTBA,1940.0,579.05,3.3503151714014336,2.3503151714014336
2016-09-05,PTBA,2000.0,596.96,3.3503082283570085,2.3503082283570085
2016-09-06,PTBA,2020.0,602.93,3.3503060056723006,2.3503060056723006
2016-09-07,PTBA,2075.0,619.35,3.350286590780657,2.350286590780657
2016-09-08,PTBA,2020.0,602.93,3.3503060056723006,2.3503060056723006
2016-09-09,PTBA,2025.0,604.42,3.3503193143840377,2.3503193143840377
2016-09-13,PTBA,1905.0,568.6,3.35033415406261,2.35033415406261
2016-09-14,PTBA,1850.0,552.19,3.3502960937358512,2.3502960937358512
2016-09-15,PTBA,1930.0,576.07,3.350287291474994,2.350287291474994
2016-09-16,PTBA,1920.0,573.08,3.3503175821874778,2.3503175821874778
2016-09-19,PTBA,1935.0,577.56,3.35030126740079,2.35030126740079
2016-09-20,PTBA,1895.0,565.62,3.350305859057318,2.350305859057318
2016-09-21,PTBA,1955.0,583.53,3.350299042037256,2.350299042037256
2016-09-22,PTBA,1970.0,588.0,3.3503401360544216,2.3503401360544216
2016-09-23,PTBA,2005.0,598.45,3.35032166429944,2.35032166429944
2016-09-26,PTBA,1970.0,588.0,3.3503401360544216,2.3503401360544216
2016-09-27,PTBA,1960.0,585.02,3.350312809818468,2.350312809818468
2016-09-28,PTBA,1940.0,579.05,3.3503151714014336,2.3503151714014336
2016-09-29,PTBA,2005.0,598.45,3.35032166429944,2.35032166429944
2016-09-30,PTBA,1925.0,574.57,3.350331552291278,2.350331552291278
2016-10-03,PTBA,1990.0,593.97,3.350337559135983,2.350337559135983
2016-10-04,PTBA,2055.0,613.38,3.350288565000489,2.350288565000489
2016-10-05,PTBA,2050.0,611.88,3.3503301300908674,2.3503301300908674
2016-10-06,PTBA,2130.0,635.76,3.3503208758021894,2.3503208758021894
2016-10-07,PTBA,2170.0,647.7,3.3503165045545775,2.3503165045545775
2016-10-10,PTBA,2240.0,668.59,3.350334285586084,2.350334285586084
2016-10-11,PTBA,2335.0,696.95,3.3503120740368746,2.3503120740368746
2016-10-12,PTBA,2325.0,693.97,3.3502889173883594,2.3502889173883594
2016-10-13,PTBA,2320.0,692.47,3.3503256458763557,2.3503256458763557
2016-10-14,PTBA,2340.0,698.44,3.3503235782601224,2.3503235782601224
2016-10-17,PTBA,2485.0,741.72,3.3503208758021894,2.3503208758021894
2016-10-18,PTBA,2440.0,728.29,3.3503137486440844,2.3503137486440844
2016-10-19,PTBA,2505.0,747.69,3.350318982465995,2.350318982465995
2016-10-20,PTBA,2500.0,746.2,3.3503082283570085,2.3503082283570085
2016-10-21,PTBA,2400.0,716.35,3.350317582187478,2.350317582187478
2016-10-24,PTBA,2435.0,726.8,3.3503026967528897,2.3503026967528897
2016-10-25,PTBA,2455.0,732.77,3.3503009129740575,2.3503009129740575
2016-10-26,PTBA,2535.0,756.65,3.350294059340514,2.350294059340514
2016-10-27,PTBA,2500.0,746.2,3.3503082283570085,2.3503082283570085
2016-10-28,PTBA,2405.0,717.84,3.3503287640699875,2.3503287640699875
2016-10-31,PTBA,2380.0,710.38,3.350319547284552,2.350319547284552
2016-11-01,PTBA,2535.0,756.65,3.350294059340514,2.350294059340514
2016-11-02,PTBA,2535.0,756.65,3.350294059340514,2.350294059340514
2016-11-03,PTBA,2360.0,704.41,3.35032154569072,2.35032154569072
2016-11-04,PTBA,2495.0,744.71,3.3502974312148353,2.3502974312148353
2016-11-07,PTBA,2610.0,779.03,3.350320270079458,2.350320270079458
2016-11-08,PTBA,2575.0,768.59,3.350290792229927,2.350290792229927
2016-11-09,PTBA,2575.0,768.59,3.350290792229927,2.350290792229927
2016-11-10,PTBA,2680.0,799.93,3.3502931506506823,2.3502931506506823
2016-11-11,PTBA,2720.0,811.86,3.3503313379154043,2.3503313379154043
2016-11-14,PTBA,2565.0,765.6,3.3503134796238245,2.3503134796238245
2016-11-15,PTBA,2295.0,685.01,3.350316053780237,2.350316053780237
2016-11-16,PTBA,2505.0,747.69,3.350318982465995,2.350318982465995
2016-11-17,PTBA,2385.0,711.87,3.3503308188292804,2.3503308188292804
2016-11-18,PTBA,2225.0,664.12,3.3502981388905617,2.3502981388905617
2016-11-21,PTBA,2225.0,664.12,3.3502981388905617,2.3502981388905617
2016-11-22,PTBA,2310.0,689.49,3.350302397424183,2.350302397424183
2016-11-23,PTBA,2380.0,710.38,3.350319547284552,2.350319547284552
2016-11-24,PTBA,2285.0,682.03,3.3502925091271645,2.3502925091271645
2016-11-25,PTBA,2360.0,704.41,3.35032154569072,2.35032154569072
2016-11-28,PTBA,2310.0,689.49,3.350302397424183,2.350302397424183
2016-11-29,PTBA,2310.0,689.49,3.350302397424183,2.350302397424183
2016-11-30,PTBA,2360.0,704.41,3.35032154569072,2.35032154569072
2016-12-01,PTBA,2425.0,723.81,3.3503267432060904,2.3503267432060904
2016-12-02,PTBA,2460.0,734.26,3.3503118786261,2.3503118786261
2016-12-05,PTBA,2695.0,804.4,3.350323222277474,2.350323222277474
2016-12-06,PTBA,2610.0,779.03,3.350320270079458,2.350320270079458
2016-12-07,PTBA,2555.0,762.62,3.3502924129972986,2.3502924129972986
2016-12-08,PTBA,2520.0,752.17,3.3503064466809365,2.3503064466809365
2016-12-09,PTBA,2540.0,758.14,3.3503046930646057,2.3503046930646057
2016-12-13,PTBA,2525.0,753.66,3.3503171191253354,2.3503171191253354
2016-12-14,PTBA,2520.0,752.17,3.3503064466809365,2.3503064466809365
2016-12-15,PTBA,2540.0,758.14,3.3503046930646057,2.3503046930646057
2016-12-16,PTBA,2500.0,746.2,3.3503082283570085,2.3503082283570085
2016-12-19,PTBA,2460.0,734.26,3.3503118786261,2.3503118786261
2016-12-20,PTBA,2420.0,722.32,3.350315649573596,2.350315649573596
2016-12-21,PTBA,2435.0,726.8,3.3503026967528897,2.3503026967528897
2016-12-22,PTBA,2435.0,726.8,3.3503026967528897,2.3503026967528897
2016-12-23,PTBA,2360.0,704.41,3.35032154569072,2.35032154569072
2016-12-27,PTBA,2420.0,722.32,3.350315649573596,2.350315649573596
2016-12-28,PTBA,2430.0,725.31,3.3502915994540268,2.3502915994540268
2016-12-29,PTBA,2500.0,746.2,3.3503082283570085,2.3503082283570085
2016-12-30,PTBA,2500.0,746.2,3.3503082283570085,2.3503082283570085
2017-01-02,PTBA,2500.0,746.2,3.3503082283570085,2.3503082283570085
2017-01-03,PTBA,2555.0,762.62,3.3502924129972986,2.3502924129972986
2017-01-04,PTBA,2475.0,738.74,3.3502991580258277,2.3502991580258277
2017-01-05,PTBA,2410.0,719.34,3.3502933244362887,2.3502933244362887
2017-01-06,PTBA,2455.0,732.77,3.3503009129740575,2.3503009129740575
2017-01-09,PTBA,2405.0,717.84,3.3503287640699875,2.3503287640699875
2017-01-10,PTBA,2410.0,719.34,3.3502933244362887,2.3502933244362887
2017-01-11,PTBA,2420.0,722.32,3.350315649573596,2.350315649573596
2017-01-12,PTBA,2440.0,728.29,3.3503137486440844,2.3503137486440844
2017-01-13,PTBA,2455.0,732.77,3.3503009129740575,2.3503009129740575
2017-01-16,PTBA,2440.0,728.29,3.3503137486440844,2.3503137486440844
2017-01-17,PTBA,2415.0,720.83,3.3503045100786593,2.3503045100786593
2017-01-18,PTBA,2410.0,719.34,3.3502933244362887,2.3502933244362887
2017-01-19,PTBA,2405.0,717.84,3.3503287640699875,2.3503287640699875
2017-01-20,PTBA,2360.0,704.41,3.35032154569072,2.35032154569072
2017-01-23,PTBA,2340.0,698.44,3.3503235782601224,2.3503235782601224
2017-01-24,PTBA,2260.0,674.56,3.3503320683111957,2.3503320683111957
2017-01-25,PTBA,2195.0,655.16,3.3503266377678735,2.3503266377678735
2017-01-26,PTBA,2160.0,644.72,3.3502915994540263,2.3502915994540263
2017-01-27,PTBA,2165.0,646.21,3.3503040807167945,2.3503040807167945
2017-01-30,PTBA,2265.0,676.06,3.350294352572257,2.350294352572257
2017-01-31,PTBA,2320.0,692.47,3.3503256458763557,2.3503256458763557
2017-02-01,PTBA,2340.0,698.44,3.3503235782601224,2.3503235782601224
2017-02-02,PTBA,2320.0,692.47,3.3503256458763557,2.3503256458763557
2017-02-03,PTBA,2350.0,701.43,3.350298675562779,2.350298675562779
2017-02-06,PTBA,2240.0,668.59,3.350334285586084,2.350334285586084
2017-02-07,PTBA,2200.0,656.66,3.350287820180916,2.350287820180916
2017-02-08,PTBA,2280.0,680.53,3.3503298899387244,2.3503298899387244
2017-02-09,PTBA,2215.0,661.13,3.3503244445116693,2.3503244445116693
2017-02-10,PTBA,2200.0,656.66,3.350287820180916,2.350287820180916
2017-02-13,PTBA,2215.0,661.13,3.3503244445116693,2.3503244445116693
2017-02-14,PTBA,2185.0,652.18,3.3503020638474044,2.3503020638474044
2017-02-15,PTBA,2185.0,652.18,3.3503020638474044,2.3503020638474044
2017-02-16,PTBA,2150.0,641.73,3.350318669845574,2.350318669845574
2017-02-17,PTBA,2135.0,637.25,3.3503334641035702,2.3503334641035702
2017-02-20,PTBA,2220.0,662.62,3.3503365428148864,2.3503365428148864
2017-02-21,PTBA,2250.0,671.58,3.3503082283570085,2.3503082283570085
2017-02-22,PTBA,2240.0,668.59,3.350334285586084,2.350334285586084
2017-02-23,PTBA,2260.0,674.56,3.3503320683111957,2.3503320683111957
2017-02-24,PTBA,2230.0,665.61,3.350310241733147,2.350310241733147
2017-02-27,PTBA,2205.0,658.15,3.350300083567576,2.350300083567576
2017-02-28,PTBA,2235.0,667.1,3.350322290511168,2.350322290511168
2017-03-01,PTBA,2225.0,664.12,3.3502981388905617,2.3502981388905617
2017-03-02,PTBA,2240.0,668.59,3.350334285586084,2.350334285586084
2017-03-03,PTBA,2195.0,655.16,3.3503266377678735,2.3503266377678735
2017-03-06,PTBA,2150.0,641.73,3.350318669845574,2.350318669845574
2017-03-07,PTBA,2190.0,653.67,3.3503143788149985,2.3503143788149985
2017-03-08,PTBA,2160.0,644.72,3.3502915994540263,2.3502915994540263
2017-03-09,PTBA,2170.0,647.7,3.3503165045545775,2.3503165045545775
2017-03-10,PTBA,2075.0,619.35,3.350286590780657,2.350286590780657
2017-03-13,PTBA,2080.0,620.84,3.3502995940983182,2.3502995940983182
2017-03-14,PTBA,2160.0,644.72,3.3502915994540263,2.3502915994540263
2017-03-15,PTBA,2190.0,653.67,3.3503143788149985,2.3503143788149985
2017-03-16,PTBA,2280.0,680.53,3.3503298899387244,2.3503298899387244
2017-03-17,PTBA,2285.0,682.03,3.3502925091271645,2.3502925091271645
2017-03-20,PTBA,2265.0,676.06,3.350294352572257,2.350294352572257
2017-03-21,PTBA,2295.0,685.01,3.350316053780237,2.350316053780237
2017-03-22,PTBA,2315.0,690.98,3.350314046716258,2.350314046716258
2017-03-23,PTBA,2325.0,693.97,3.3502889173883594,2.3502889173883594
2017-03-24,PTBA,2365.0,705.9,3.350332908343958,2.350332908343958
2017-03-27,PTBA,2350.0,701.43,3.350298675562779,2.350298675562779
2017-03-29,PTBA,2450.0,731.28,3.350289902636473,2.350289902636473
2017-03-30,PTBA,2585.0,771.57,3.3503117021138715,2.3503117021138715
2017-03-31,PTBA,2640.0,787.99,3.3502963235574055,2.3502963235574055
2017-04-03,PTBA,2640.0,787.99,3.3502963235574055,2.3502963235574055
2017-04-04,PTBA,2770.0,826.79,3.3503066074819485,2.3503066074819485
2017-04-05,PTBA,2770.0,826.79,3.3503066074819485,2.3503066074819485
2017-04-06,PTBA,2570.0,767.09,3.3503239515571837,2.3503239515571837
2017-04-07,PTBA,2620.0,782.02,3.3502979463440834,2.3502979463440834
2017-04-10,PTBA,2605.0,777.54,3.3503099518995807,2.3503099518995807
2017-04-11,PTBA,2595.0,774.55,3.3503324511006394,2.3503324511006394
2017-04-12,PTBA,2395.0,714.86,3.3503063536916318,2.3503063536916318
2017-04-13,PTBA,2500.0,746.2,3.3503082283570085,2.3503082283570085
2017-04-17,PTBA,2565.0,765.6,3.3503134796238245,2.3503134796238245
2017-04-18,PTBA,2520.0,752.17,3.3503064466809365,2.3503064466809365
2017-04-19,PTBA,2520.0,752.17,3.3503064466809365,2.3503064466809365
2017-04-20,PTBA,2520.0,752.17,3.3503064466809365,2.3503064466809365
2017-04-21,PTBA,2490.0,743.21,3.3503316693801213,2.3503316693801213
2017-04-25,PTBA,2535.0,756.65,3.350294059340514,2.350294059340514
2017-04-26,PTBA,2535.0,756.65,3.350294059340514,2.350294059340514
2017-04-27,PTBA,2570.0,767.09,3.3503239515571837,2.3503239515571837
2017-04-28,PTBA,2535.0,756.65,3.350294059340514,2.350294059340514
2017-05-02,PTBA,2470.0,754.23,3.2748631054187713,2.2748631054187713
2017-05-03,PTBA,2475.0,755.76,3.274849158463004,2.274849158463004
2017-05-04,PTBA,2375.0,725.22,3.2748683158214056,2.2748683158214056
2017-05-05,PTBA,2300.0,702.32,3.274860462467251,2.274860462467251
2017-05-08,PTBA,2330.0,711.48,3.274863664474054,2.274863664474054
2017-05-09,PTBA,2275.0,694.69,3.2748420158631903,2.2748420158631903
2017-05-10,PTBA,2170.0,662.63,3.2748290901408024,2.2748290901408024
2017-05-12,PTBA,2195.0,670.26,3.274848566228031,2.274848566228031
2017-05-15,PTBA,2175.0,664.15,3.2748626063389294,2.2748626063389294
2017-05-16,PTBA,2170.0,662.63,3.2748290901408024,2.2748290901408024
2017-05-17,PTBA,2115.0,645.83,3.274855612157998,2.274855612157998
2017-05-18,PTBA,2120.0,647.36,3.274839347503707,2.274839347503707
2017-05-19,PTBA,2160.0,659.57,3.2748608942189605,2.2748608942189605
2017-05-22,PTBA,2150.0,656.52,3.2748431121671846,2.2748431121671846
2017-05-23,PTBA,2155.0,658.05,3.2748271407947724,2.2748271407947724
2017-05-24,PTBA,2150.0,656.52,3.2748431121671846,2.2748431121671846
2017-05-26,PTBA,2150.0,656.52,3.2748431121671846,2.2748431121671846
2017-05-29,PTBA,2145.0,654.99,3.274859158155086,2.274859158155086
2017-05-30,PTBA,2130.0,650.41,3.2748573976414876,2.2748573976414876
2017-05-31,PTBA,2180.0,665.68,3.2748467732243722,2.2748467732243722
2017-06-01,PTBA,2180.0,665.68,3.2748467732243722,2.2748467732243722
2017-06-02,PTBA,2160.0,659.57,3.2748608942189605,2.2748608942189605
2017-06-05,PTBA,2165.0,661.1,3.274844955377401,2.274844955377401
2017-06-06,PTBA,2210.0,674.84,3.274850334894197,2.274850334894197
2017-06-07,PTBA,2275.0,694.69,3.2748420158631903,2.2748420158631903
2017-06-08,PTBA,2240.0,684.0,3.2748538011695905,2.2748538011695905
2017-06-09,PTBA,2250.0,687.05,3.274870824539699,2.274870824539699
2017-06-12,PTBA,2210.0,674.84,3.274850334894197,2.274850334894197
2017-06-13,PTBA,2240.0,684.0,3.2748538011695905,2.2748538011695905
2017-06-14,PTBA,2310.0,705.38,3.274830587768295,2.274830587768295
2017-06-15,PTBA,2280.0,696.22,3.2748269225244893,2.2748269225244893
2017-06-16,PTBA,2280.0,696.22,3.2748269225244893,2.2748269225244893
2017-06-19,PTBA,2285.0,697.74,3.274858829936653,2.274858829936653
2017-06-20,PTBA,2370.0,723.7,3.274837639906038,2.274837639906038
2017-06-21,PTBA,2370.0,723.7,3.274837639906038,2.274837639906038
2017-06-22,PTBA,2390.0,729.8,3.274869827349959,2.274869827349959
2017-06-23,PTBA,2390.0,729.8,3.274869827349959,2.274869827349959
2017-06-26,PTBA,2390.0,729.8,3.274869827349959,2.274869827349959
2017-06-27,PTBA,2390.0,729.8,3.274869827349959,2.274869827349959
2017-06-28,PTBA,2390.0,729.8,3.274869827349959,2.274869827349959
2017-06-29,PTBA,2390.0,729.8,3.274869827349959,2.274869827349959
2017-06-30,PTBA,2390.0,729.8,3.274869827349959,2.274869827349959
2017-07-03,PTBA,2410.0,735.91,3.274856979793725,2.274856979793725
2017-07-04,PTBA,2480.0,757.29,3.274835267863038,2.274835267863038
2017-07-05,PTBA,2420.0,738.97,3.274828477475405,2.274828477475405
2017-07-06,PTBA,2450.0,748.13,3.274831914239504,2.274831914239504
2017-07-07,PTBA,2480.0,757.29,3.274835267863038,2.274835267863038
2017-07-10,PTBA,2480.0,757.29,3.274835267863038,2.274835267863038
2017-07-11,PTBA,2410.0,735.91,3.274856979793725,2.274856979793725
2017-07-12,PTBA,2500.0,763.39,3.2748660579782287,2.2748660579782287
2017-07-13,PTBA,2480.0,757.29,3.274835267863038,2.274835267863038
2017-07-14,PTBA,2500.0,763.39,3.2748660579782287,2.2748660579782287
2017-07-17,PTBA,2590.0,790.88,3.2748330973093265,2.2748330973093265
2017-07-18,PTBA,2575.0,786.3,3.2748314892534656,2.2748314892534656
2017-07-19,PTBA,2640.0,806.14,3.274865407993649,2.274865407993649
2017-07-20,PTBA,2660.0,812.25,3.2748538011695905,2.2748538011695905
2017-07-21,PTBA,2630.0,803.09,3.274850888443387,2.274850888443387
2017-07-24,PTBA,2600.0,793.93,3.2748479085057878,2.2748479085057878
2017-07-25,PTBA,2620.0,800.04,3.274836258187091,2.274836258187091
2017-07-26,PTBA,2590.0,790.88,3.2748330973093265,2.2748330973093265
2017-07-27,PTBA,2595.0,792.4,3.2748611812216053,2.2748611812216053
2017-07-28,PTBA,2635.0,804.62,3.274837811637792,2.274837811637792
2017-07-31,PTBA,2620.0,800.04,3.274836258187091,2.274836258187091
2017-08-01,PTBA,2675.0,816.83,3.2748552330350256,2.2748552330350256
2017-08-02,PTBA,2690.0,821.41,3.2748566489329325,2.2748566489329325
2017-08-03,PTBA,2665.0,813.78,3.274840866081742,2.274840866081742
2017-08-04,PTBA,2705.0,825.99,3.274858049128924,2.274858049128924
2017-08-07,PTBA,2750.0,839.73,3.2748621580746193,2.2748621580746193
2017-08-08,PTBA,2710.0,827.52,3.27484532095901,2.27484532095901
2017-08-09,PTBA,2620.0,800.04,3.274836258187091,2.274836258187091
2017-08-10,PTBA,2695.0,822.94,3.274843852528738,2.274843852528738
2017-08-11,PTBA,2660.0,812.25,3.2748538011695905,2.2748538011695905
2017-08-14,PTBA,2645.0,807.67,3.27485235306499,2.27485235306499
2017-08-15,PTBA,2630.0,803.09,3.274850888443387,2.274850888443387
2017-08-16,PTBA,2630.0,803.09,3.274850888443387,2.274850888443387
2017-08-17,PTBA,2630.0,803.09,3.274850888443387,2.274850888443387
2017-08-18,PTBA,2630.0,803.09,3.274850888443387,2.274850888443387
2017-08-21,PTBA,2580.0,787.82,3.2748597395344112,2.2748597395344112
2017-08-22,PTBA,2620.0,800.04,3.274836258187091,2.274836258187091
2017-08-23,PTBA,2630.0,803.09,3.274850888443387,2.274850888443387
2017-08-24,PTBA,2640.0,806.14,3.274865407993649,2.274865407993649
2017-08-25,PTBA,2620.0,800.04,3.274836258187091,2.274836258187091
2017-08-28,PTBA,2575.0,786.3,3.2748314892534656,2.2748314892534656
2017-08-29,PTBA,2595.0,792.4,3.2748611812216053,2.2748611812216053
2017-08-30,PTBA,2485.0,758.81,3.27486459060898,2.27486459060898
2017-08-31,PTBA,2475.0,755.76,3.274849158463004,2.274849158463004
2017-09-01,PTBA,2475.0,755.76,3.274849158463004,2.274849158463004
2017-09-04,PTBA,2340.0,714.54,3.2748341590393824,2.2748341590393824
2017-09-05,PTBA,2430.0,742.02,3.274844343818226,2.274844343818226
2017-09-06,PTBA,2455.0,749.65,3.2748616020809713,2.2748616020809713
2017-09-07,PTBA,2420.0,738.97,3.274828477475405,2.274828477475405
2017-09-08,PTBA,2475.0,755.76,3.274849158463004,2.274849158463004
2017-09-11,PTBA,2470.0,754.23,3.2748631054187713,2.2748631054187713
2017-09-12,PTBA,2435.0,743.55,3.2748302064420685,2.2748302064420685
2017-09-13,PTBA,2015.0,615.3,3.274825288477166,2.274825288477166
2017-09-14,PTBA,1995.0,609.19,3.2748403617918873,2.2748403617918873
2017-09-15,PTBA,1925.0,587.81,3.2748677293683337,2.2748677293683337
2017-09-18,PTBA,2075.0,633.62,3.274833496417411,2.274833496417411
2017-09-19,PTBA,2090.0,638.2,3.2748354747727983,2.2748354747727983
2017-09-20,PTBA,2085.0,636.67,3.2748519641258427,2.2748519641258427
2017-09-21,PTBA,2085.0,636.67,3.2748519641258427,2.2748519641258427
2017-09-22,PTBA,2055.0,627.51,3.2748482095902856,2.2748482095902856
2017-09-25,PTBA,1995.0,609.19,3.2748403617918873,2.2748403617918873
2017-09-26,PTBA,1980.0,604.61,3.274838325532161,2.274838325532161
2017-09-27,PTBA,1845.0,563.39,3.2748185093807134,2.2748185093807134
2017-09-28,PTBA,2000.0,610.72,3.274823159549384,2.274823159549384
2017-09-29,PTBA,2090.0,638.2,3.2748354747727983,2.2748354747727983
2017-10-02,PTBA,2010.0,613.77,3.2748423676621536,2.2748423676621536
2017-10-03,PTBA,2120.0,647.36,3.274839347503707,2.274839347503707
2017-10-04,PTBA,2130.0,650.41,3.2748573976414876,2.2748573976414876
2017-10-05,PTBA,2165.0,661.1,3.274844955377401,2.274844955377401
2017-10-06,PTBA,2220.0,677.89,3.2748676038885365,2.2748676038885365
2017-10-09,PTBA,2200.0,671.79,3.274832909093616,2.274832909093616
2017-10-10,PTBA,2170.0,662.63,3.2748290901408024,2.2748290901408024
2017-10-11,PTBA,2255.0,688.58,3.2748554997240698,2.2748554997240698
2017-10-12,PTBA,2240.0,684.0,3.2748538011695905,2.2748538011695905
2017-10-13,PTBA,2215.0,676.37,3.274834779780298,2.274834779780298
2017-10-16,PTBA,2130.0,650.41,3.2748573976414876,2.2748573976414876
2017-10-17,PTBA,2150.0,656.52,3.2748431121671846,2.2748431121671846
2017-10-18,PTBA,2185.0,667.21,3.274831012724629,2.274831012724629
2017-10-19,PTBA,2200.0,671.79,3.274832909093616,2.274832909093616
2017-10-20,PTBA,2120.0,647.36,3.274839347503707,2.274839347503707
2017-10-23,PTBA,2140.0,653.47,3.2748251641238313,2.2748251641238313
2017-10-24,PTBA,2160.0,659.57,3.2748608942189605,2.2748608942189605
2017-10-25,PTBA,2145.0,654.99,3.274859158155086,2.274859158155086
2017-10-26,PTBA,2205.0,673.31,3.2748659607016086,2.2748659607016086
2017-10-27,PTBA,2185.0,667.21,3.274831012724629,2.274831012724629
2017-10-30,PTBA,2285.0,697.74,3.274858829936653,2.274858829936653
2017-10-31,PTBA,2295.0,700.8,3.274828767123288,2.274828767123288
2017-11-01,PTBA,2335.0,713.01,3.2748488800998583,2.2748488800998583
2017-11-02,PTBA,2315.0,706.9,3.2748620738435426,2.2748620738435426
2017-11-03,PTBA,2310.0,705.38,3.274830587768295,2.274830587768295
2017-11-06,PTBA,2280.0,696.22,3.2748269225244893,2.2748269225244893
2017-11-07,PTBA,2410.0,735.91,3.274856979793725,2.274856979793725
2017-11-08,PTBA,2350.0,717.59,3.2748505413955042,2.2748505413955042
2017-11-09,PTBA,2360.0,720.64,3.274866785079929,2.274866785079929
2017-11-10,PTBA,2375.0,725.22,3.2748683158214056,2.2748683158214056
2017-11-13,PTBA,2400.0,732.86,3.274841033758153,2.274841033758153
2017-11-14,PTBA,2360.0,720.64,3.274866785079929,2.274866785079929
2017-11-15,PTBA,2245.0,685.53,3.2748384461657407,2.2748384461657407
2017-11-16,PTBA,2225.0,679.42,3.274852079715051,2.274852079715051
2017-11-17,PTBA,2240.0,684.0,3.2748538011695905,2.2748538011695905
2017-11-20,PTBA,2235.0,682.47,3.27486922502088,2.27486922502088
2017-11-21,PTBA,2155.0,658.05,3.2748271407947724,2.2748271407947724
2017-11-22,PTBA,2210.0,674.84,3.274850334894197,2.274850334894197
2017-11-23,PTBA,2180.0,665.68,3.2748467732243722,2.2748467732243722
2017-11-24,PTBA,2160.0,659.57,3.2748608942189605,2.2748608942189605
2017-11-27,PTBA,2180.0,665.68,3.2748467732243722,2.2748467732243722
2017-11-28,PTBA,2170.0,662.63,3.2748290901408024,2.2748290901408024
2017-11-29,PTBA,2250.0,687.05,3.274870824539699,2.274870824539699
2017-11-30,PTBA,2250.0,687.05,3.274870824539699,2.274870824539699
2017-12-01,PTBA,2250.0,687.05,3.274870824539699,2.274870824539699
2017-12-04,PTBA,2295.0,700.8,3.274828767123288,2.274828767123288
2017-12-05,PTBA,2240.0,684.0,3.2748538011695905,2.2748538011695905
2017-12-06,PTBA,2220.0,677.89,3.2748676038885365,2.2748676038885365
2017-12-07,PTBA,2190.0,668.73,3.2748642950069535,2.2748642950069535
2017-12-08,PTBA,2210.0,674.84,3.274850334894197,2.274850334894197
2017-12-11,PTBA,2185.0,667.21,3.274831012724629,2.274831012724629
2017-12-12,PTBA,2200.0,671.79,3.274832909093616,2.274832909093616
2017-12-13,PTBA,2240.0,684.0,3.2748538011695905,2.2748538011695905
2017-12-14,PTBA,2240.0,684.0,3.2748538011695905,2.2748538011695905
2017-12-15,PTBA,2280.0,696.22,3.2748269225244893,2.2748269225244893
2017-12-18,PTBA,2260.0,690.11,3.2748402428598338,2.2748402428598338
2017-12-19,PTBA,2460.0,751.18,3.274847573151575,2.274847573151575
2017-12-20,PTBA,2460.0,751.18,3.274847573151575,2.274847573151575
2017-12-21,PTBA,2550.0,778.66,3.274856805280867,2.274856805280867
2017-12-22,PTBA,2520.0,769.5,3.2748538011695905,2.2748538011695905
2017-12-25,PTBA,2520.0,769.5,3.2748538011695905,2.2748538011695905
2017-12-26,PTBA,2520.0,769.5,3.2748538011695905,2.2748538011695905
2017-12-27,PTBA,2510.0,766.45,3.2748385413268966,2.2748385413268966
2017-12-28,PTBA,2500.0,763.39,3.2748660579782287,2.2748660579782287
2017-12-29,PTBA,2460.0,751.18,3.274847573151575,2.274847573151575
2018-01-01,PTBA,2460.0,751.18,3.274847573151575,2.274847573151575
2018-01-02,PTBA,2500.0,763.39,3.2748660579782287,2.2748660579782287
2018-01-03,PTBA,2440.0,745.07,3.2748600802609147,2.2748600802609147
2018-01-04,PTBA,2480.0,757.29,3.274835267863038,2.274835267863038
2018-01-05,PTBA,2610.0,796.98,3.2748626063389294,2.2748626063389294
2018-01-08,PTBA,2670.0,815.31,3.2748279795415245,2.2748279795415245
2018-01-09,PTBA,2730.0,833.63,3.274834159039382,2.274834159039382
2018-01-10,PTBA,2720.0,830.57,3.274859433882755,2.274859433882755
2018-01-11,PTBA,2800.0,855.0,3.2748538011695905,2.2748538011695905
2018-01-12,PTBA,2890.0,882.48,3.2748617532408666,2.2748617532408666
2018-01-15,PTBA,3030.0,925.23,3.2748613858175806,2.2748613858175806
2018-01-16,PTBA,3060.0,934.39,3.274863814895279,2.274863814895279
2018-01-17,PTBA,3020.0,922.18,3.274848728014054,2.274848728014054
2018-01-18,PTBA,3040.0,928.29,3.274838681877431,2.274838681877431
2018-01-19,PTBA,3120.0,952.72,3.274834159039382,2.274834159039382
2018-01-22,PTBA,3300.0,1007.68,3.274849158463004,2.274849158463004
2018-01-23,PTBA,3320.0,1013.79,3.2748399569930657,2.2748399569930657
2018-01-24,PTBA,3330.0,1016.84,3.2748515007277446,2.2748515007277446
2018-01-25,PTBA,3340.0,1019.9,3.274830865771154,2.274830865771154
2018-01-26,PTBA,3330.0,1016.84,3.2748515007277446,2.2748515007277446
2018-01-29,PTBA,3430.0,1047.38,3.274838167618247,2.274838167618247
2018-01-30,PTBA,3400.0,1038.22,3.2748357766176723,2.2748357766176723
2018-01-31,PTBA,3400.0,1038.22,3.2748357766176723,2.2748357766176723
2018-02-01,PTBA,3340.0,1019.9,3.274830865771154,2.274830865771154
2018-02-02,PTBA,3300.0,1007.68,3.274849158463004,2.274849158463004
2018-02-05,PTBA,3300.0,1007.68,3.274849158463004,2.274849158463004
2018-02-06,PTBA,3170.0,967.98,3.274861050848158,2.274861050848158
2018-02-07,PTBA,3170.0,967.98,3.274861050848158,2.274861050848158
2018-02-08,PTBA,3130.0,955.77,3.2748464588760897,2.2748464588760897
2018-02-09,PTBA,3050.0,931.34,3.2748512895398028,2.2748512895398028
2018-02-12,PTBA,3090.0,943.56,3.2748314892534656,2.2748314892534656
2018-02-13,PTBA,3270.0,998.52,3.2748467732243722,2.2748467732243722
2018-02-14,PTBA,3230.0,986.31,3.2748324563271183,2.2748324563271183
2018-02-15,PTBA,3240.0,989.36,3.2748443438182258,2.2748443438182258
2018-02-16,PTBA,3240.0,989.36,3.2748443438182258,2.2748443438182258
2018-02-19,PTBA,3320.0,1013.79,3.2748399569930657,2.2748399569930657
2018-02-20,PTBA,3330.0,1016.84,3.2748515007277446,2.2748515007277446
2018-02-21,PTBA,3380.0,1032.11,3.2748447355417545,2.2748447355417545
2018-02-22,PTBA,3360.0,1026.0,3.2748538011695905,2.2748538011695905
2018-02-23,PTBA,3400.0,1038.22,3.2748357766176723,2.2748357766176723
2018-02-26,PTBA,3240.0,989.36,3.2748443438182258,2.2748443438182258
2018-02-27,PTBA,3110.0,949.66,3.2748562643472403,2.2748562643472403
2018-02-28,PTBA,3170.0,967.98,3.274861050848158,2.274861050848158
2018-03-01,PTBA,3170.0,967.98,3.274861050848158,2.274861050848158
2018-03-02,PTBA,3070.0,937.45,3.2748413248706596,2.2748413248706596
2018-03-05,PTBA,3090.0,943.56,3.2748314892534656,2.2748314892534656
2018-03-06,PTBA,3050.0,931.34,3.2748512895398028,2.2748512895398028
2018-03-07,PTBA,2930.0,894.7,3.274840728735889,2.274840728735889
2018-03-08,PTBA,2800.0,855.0,3.2748538011695905,2.2748538011695905
2018-03-09,PTBA,2890.0,882.48,3.2748617532408666,2.2748617532408666
2018-03-12,PTBA,3000.0,916.07,3.27485890816204,2.27485890816204
2018-03-13,PTBA,2930.0,894.7,3.274840728735889,2.274840728735889
2018-03-14,PTBA,2850.0,870.27,3.2748457375297324,2.2748457375297324
2018-03-15,PTBA,2790.0,851.95,3.2748400727742237,2.2748400727742237
2018-03-16,PTBA,2810.0,858.06,3.2748292660186937,2.2748292660186937
2018-03-19,PTBA,2840.0,867.22,3.2748322225040933,2.2748322225040933
2018-03-20,PTBA,2870.0,876.38,3.2748351171866084,2.2748351171866084
2018-03-21,PTBA,2880.0,879.43,3.274848481402727,2.274848481402727
2018-03-22,PTBA,2890.0,882.48,3.2748617532408666,2.2748617532408666
2018-03-23,PTBA,2890.0,882.48,3.2748617532408666,2.2748617532408666
2018-03-26,PTBA,2930.0,894.7,3.274840728735889,2.274840728735889
2018-03-27,PTBA,2950.0,900.81,3.2748304303904265,2.2748304303904265
2018-03-28,PTBA,2910.0,888.59,3.274851168705477,2.274851168705477
2018-03-29,PTBA,2940.0,897.75,3.2748538011695905,2.2748538011695905
2018-03-30,PTBA,2940.0,897.75,3.2748538011695905,2.2748538011695905
2018-04-02,PTBA,3060.0,934.39,3.274863814895279,2.274863814895279
2018-04-03,PTBA,3090.0,943.56,3.2748314892534656,2.2748314892534656
2018-04-04,PTBA,3050.0,931.34,3.2748512895398028,2.2748512895398028
2018-04-05,PTBA,3230.0,986.31,3.2748324563271183,2.2748324563271183
2018-04-06,PTBA,3180.0,971.04,3.2748393475037076,2.2748393475037076
2018-04-09,PTBA,3210.0,980.2,3.274841869006325,2.274841869006325
2018-04-10,PTBA,3300.0,1007.68,3.274849158463004,2.274849158463004
2018-04-11,PTBA,3420.0,1044.32,3.274858280986671,2.274858280986671
2018-04-12,PTBA,3420.0,1044.32,3.274858280986671,2.274858280986671
2018-04-13,PTBA,3430.0,1047.38,3.274838167618247,2.274838167618247
2018-04-16,PTBA,3430.0,1047.38,3.274838167618247,2.274838167618247
2018-04-17,PTBA,3430.0,1047.38,3.274838167618247,2.274838167618247
2018-04-18,PTBA,3480.0,1062.65,3.2748317884533944,2.2748317884533944
2018-04-19,PTBA,3480.0,1169.71,2.975096391413256,1.9750963914132562
2018-04-20,PTBA,3480.0,1169.71,2.975096391413256,1.9750963914132562
2018-04-23,PTBA,3350.0,1126.01,2.9751067930124955,1.9751067930124955
2018-04-24,PTBA,3330.0,1119.29,2.9751002867889467,1.9751002867889467
2018-04-25,PTBA,3330.0,1119.29,2.9751002867889467,1.9751002867889467
2018-04-26,PTBA,3330.0,1119.29,2.9751002867889467,1.9751002867889467
2018-04-27,PTBA,3330.0,1119.29,2.9751002867889467,1.9751002867889467
2018-04-30,PTBA,3240.0,1089.04,2.975097333431279,1.975097333431279
2018-05-01,PTBA,3240.0,1089.04,2.975097333431279,1.975097333431279
2018-05-02,PTBA,3430.0,1152.9,2.9751062537947783,1.9751062537947783
2018-05-03,PTBA,3280.0,1102.48,2.975110659603802,1.9751106596038022
2018-05-04,PTBA,3350.0,1126.01,2.9751067930124955,1.9751067930124955
2018-05-07,PTBA,3270.0,1099.12,2.9751073586141645,1.9751073586141645
2018-05-08,PTBA,3260.0,1095.76,2.9751040373804485,1.9751040373804485
2018-05-09,PTBA,3430.0,1152.9,2.9751062537947783,1.9751062537947783
2018-05-10,PTBA,3430.0,1152.9,2.9751062537947783,1.9751062537947783
2018-05-11,PTBA,3450.0,1159.62,2.975112536865525,1.9751125368655251
2018-05-14,PTBA,3560.0,1196.6,2.975096105632626,1.975096105632626
2018-05-15,PTBA,3530.0,1186.51,2.975111882748565,1.975111882748565
2018-05-16,PTBA,3500.0,1176.43,2.975102641041116,1.9751026410411159
2018-05-17,PTBA,3550.0,1193.24,2.975093024035399,1.9750930240353992
2018-05-18,PTBA,3690.0,1240.29,2.9751106596038026,1.9751106596038026
2018-05-21,PTBA,3830.0,1287.35,2.9751038955994877,1.9751038955994877
2018-05-22,PTBA,3790.0,1273.91,2.9750924319614414,1.9750924319614414
2018-05-23,PTBA,3770.0,1267.18,2.975110086964756,1.9751100869647562
2018-05-24,PTBA,3760.0,1263.82,2.9751072146349955,1.9751072146349955
2018-05-25,PTBA,3750.0,1260.46,2.975104326991733,1.9751043269917332
2018-05-28,PTBA,3660.0,1230.21,2.9751018118857755,1.9751018118857755
2018-05-29,PTBA,3660.0,1230.21,2.9751018118857755,1.9751018118857755
2018-05-30,PTBA,3780.0,1270.54,2.9751129441025075,1.9751129441025075
2018-05-31,PTBA,3800.0,1277.27,2.975095320488229,1.975095320488229
2018-06-01,PTBA,3800.0,1277.27,2.975095320488229,1.975095320488229
2018-06-04,PTBA,3960.0,1331.05,2.975094849930506,1.9750948499305059
2018-06-05,PTBA,4000.0,1344.49,2.975105802200091,1.975105802200091
2018-06-06,PTBA,3910.0,1314.24,2.9751034818602387,1.9751034818602387
2018-06-07,PTBA,3940.0,1324.32,2.9751117554669566,1.9751117554669566
2018-06-08,PTBA,4070.0,1368.02,2.975102703176854,1.9751027031768542
2018-06-11,PTBA,4070.0,1368.02,2.975102703176854,1.9751027031768542
2018-06-12,PTBA,4070.0,1368.02,2.975102703176854,1.9751027031768542
2018-06-13,PTBA,4070.0,1368.02,2.975102703176854,1.9751027031768542
2018-06-14,PTBA,4070.0,1368.02,2.975102703176854,1.9751027031768542
2018-06-15,PTBA,4070.0,1368.02,2.975102703176854,1.9751027031768542
2018-06-18,PTBA,4070.0,1368.02,2.975102703176854,1.9751027031768542
2018-06-19,PTBA,4070.0,1368.02,2.975102703176854,1.9751027031768542
2018-06-20,PTBA,4240.0,1425.16,2.9751045496645987,1.9751045496645987
2018-06-21,PTBA,4100.0,1378.1,2.9751106596038026,1.9751106596038026
2018-06-22,PTBA,4150.0,1394.91,2.975102336351449,1.975102336351449
2018-06-25,PTBA,4130.0,1388.19,2.975097068845043,1.9750970688450429
2018-06-26,PTBA,4100.0,1378.1,2.9751106596038026,1.9751106596038026
2018-06-27,PTBA,4040.0,1357.94,2.975094628628658,1.975094628628658
2018-06-28,PTBA,3840.0,1290.71,2.975106724206057,1.9751067242060572
2018-06-29,PTBA,3970.0,1334.41,2.97509760868099,1.97509760868099
2018-07-02,PTBA,4000.0,1344.49,2.975105802200091,1.975105802200091
2018-07-03,PTBA,4000.0,1344.49,2.975105802200091,1.975105802200091
2018-07-04,PTBA,4000.0,1344.49,2.975105802200091,1.975105802200091
2018-07-05,PTBA,4000.0,1344.49,2.975105802200091,1.975105802200091
2018-07-06,PTBA,3950.0,1327.68,2.975114485418173,1.9751144854181728
2018-07-09,PTBA,4000.0,1344.49,2.975105802200091,1.975105802200091
2018-07-10,PTBA,3990.0,1341.13,2.9751030847121456,1.9751030847121456
2018-07-11,PTBA,4070.0,1368.02,2.975102703176854,1.9751027031768542
2018-07-12,PTBA,4230.0,1421.8,2.975101983401322,1.9751019834013221
2018-07-13,PTBA,4170.0,1401.63,2.975107553348601,1.975107553348601
2018-07-16,PTBA,4240.0,1425.16,2.9751045496645987,1.9751045496645987
2018-07-17,PTBA,4380.0,1472.22,2.975098830337857,1.9750988303378572
2018-07-18,PTBA,4330.0,1455.41,2.9751066709724405,1.9751066709724405
2018-07-19,PTBA,4400.0,1478.94,2.975103790552693,1.975103790552693
2018-07-20,PTBA,4260.0,1431.88,2.9751096460597255,1.9751096460597255
2018-07-23,PTBA,4310.0,1448.69,2.975101643553831,1.975101643553831
2018-07-24,PTBA,4240.0,1425.16,2.9751045496645987,1.9751045496645987
2018-07-25,PTBA,4320.0,1452.05,2.975104163079784,1.9751041630797839
2018-07-26,PTBA,4430.0,1489.02,2.9751111469288527,1.9751111469288527
2018-07-27,PTBA,4600.0,1546.16,2.9751125368655247,1.9751125368655247
2018-07-30,PTBA,4360.0,1465.5,2.975093824633231,1.9750938246332308
2018-07-31,PTBA,4480.0,1505.83,2.97510343133023,1.97510343133023
2018-08-01,PTBA,4540.0,1526.0,2.9750982961992136,1.9750982961992136
2018-08-02,PTBA,4490.0,1509.19,2.975105851483246,1.9751058514832458
2018-08-03,PTBA,4500.0,1512.55,2.9751082608839376,1.9751082608839376
2018-08-06,PTBA,4580.0,1539.44,2.9751078314192174,1.9751078314192174
2018-08-07,PTBA,4780.0,1606.67,2.9750975620382527,1.9750975620382527
2018-08-08,PTBA,4810.0,1616.75,2.9751043760630895,1.9751043760630895
2018-08-09,PTBA,4800.0,1613.39,2.9751021141819396,1.9751021141819396
2018-08-10,PTBA,4890.0,1643.64,2.975104037380448,1.975104037380448
2018-08-13,PTBA,4850.0,1630.2,2.9750950803582383,1.9750950803582383
2018-08-14,PTBA,4160.0,1398.27,2.9751049511181673,1.9751049511181673
2018-08-15,PTBA,4030.0,1354.57,2.9751138737754417,1.9751138737754417
2018-08-16,PTBA,4120.0,1384.83,2.975094415921088,1.9750944159210881
2018-08-17,PTBA,4120.0,1384.83,2.975094415921088,1.9750944159210881
2018-08-20,PTBA,4260.0,1431.88,2.9751096460597255,1.9751096460597255
2018-08-21,PTBA,4120.0,1384.83,2.975094415921088,1.9750944159210881
2018-08-22,PTBA,4120.0,1384.83,2.975094415921088,1.9750944159210881
2018-08-23,PTBA,4040.0,1357.94,2.975094628628658,1.975094628628658
2018-08-24,PTBA,4070.0,1368.02,2.975102703176854,1.9751027031768542
2018-08-27,PTBA,4060.0,1364.66,2.9751000249146307,1.9751000249146307
2018-08-28,PTBA,4140.0,1391.55,2.975099708957637,1.9750997089576372
2018-08-29,PTBA,4150.0,1394.91,2.975102336351449,1.975102336351449
2018-08-30,PTBA,4160.0,1398.27,2.9751049511181673,1.9751049511181673
2018-08-31,PTBA,4050.0,1361.3,2.975097333431279,1.975097333431279
2018-09-03,PTBA,4100.0,1378.1,2.9751106596038026,1.9751106596038026
2018-09-04,PTBA,4000.0,1344.49,2.975105802200091,1.975105802200091
2018-09-05,PTBA,3790.0,1273.91,2.9750924319614414,1.9750924319614414
2018-09-06,PTBA,3810.0,1280.63,2.9750981938577103,1.9750981938577103
2018-09-07,PTBA,3770.0,1267.18,2.975110086964756,1.9751100869647562
2018-09-10,PTBA,3720.0,1250.38,2.975095570946432,1.975095570946432
2018-09-11,PTBA,3720.0,1250.38,2.975095570946432,1.975095570946432
2018-09-12,PTBA,3940.0,1324.32,2.9751117554669566,1.9751117554669566
2018-09-13,PTBA,3970.0,1334.41,2.97509760868099,1.97509760868099
2018-09-14,PTBA,3970.0,1334.41,2.97509760868099,1.97509760868099
2018-09-17,PTBA,3930.0,1320.96,2.975109011627907,1.9751090116279069
2018-09-18,PTBA,4130.0,1388.19,2.975097068845043,1.9750970688450429
2018-09-19,PTBA,4140.0,1391.55,2.975099708957637,1.9750997089576372
2018-09-20,PTBA,4160.0,1398.27,2.9751049511181673,1.9751049511181673
2018-09-21,PTBA,4170.0,1401.63,2.975107553348601,1.975107553348601
2018-09-24,PTBA,4120.0,1384.83,2.975094415921088,1.9750944159210881
2018-09-25,PTBA,4130.0,1388.19,2.975097068845043,1.9750970688450429
2018-09-26,PTBA,4110.0,1381.46,2.9751132859438565,1.9751132859438565
2018-09-27,PTBA,4160.0,1398.27,2.9751049511181673,1.9751049511181673
2018-09-28,PTBA,4320.0,1452.05,2.975104163079784,1.9751041630797839
2018-10-01,PTBA,4400.0,1478.94,2.975103790552693,1.975103790552693
2018-10-02,PTBA,4590.0,1542.8,2.9751101892662692,1.9751101892662692
2018-10-03,PTBA,4660.0,1566.33,2.9751074167001845,1.9751074167001845
2018-10-04,PTBA,4710.0,1583.14,2.97510011748803,1.9751001174880298
2018-10-05,PTBA,4740.0,1593.22,2.975107015980216,1.9751070159802162
2018-10-08,PTBA,4690.0,1576.42,2.975095469481483,1.975095469481483
2018-10-09,PTBA,4500.0,1512.55,2.9751082608839376,1.9751082608839376
2018-10-10,PTBA,4540.0,1526.0,2.9750982961992136,1.9750982961992136
2018-10-11,PTBA,4470.0,1502.47,2.9751010003527525,1.9751010003527525
2018-10-12,PTBA,4560.0,1532.72,2.9751030847121456,1.9751030847121456
2018-10-15,PTBA,4440.0,1492.39,2.97509364174244,1.9750936417424398
2018-10-16,PTBA,4390.0,1475.58,2.975101316092655,1.9751013160926552
2018-10-17,PTBA,4500.0,1512.55,2.9751082608839376,1.9751082608839376
2018-10-18,PTBA,4490.0,1509.19,2.975105851483246,1.9751058514832458
2018-10-19,PTBA,4540.0,1526.0,2.9750982961992136,1.9750982961992136
2018-10-22,PTBA,4610.0,1549.53,2.9750956741721684,1.9750956741721684
2018-10-23,PTBA,4510.0,1515.91,2.975110659603802,1.9751106596038022
2018-10-24,PTBA,4300.0,1445.33,2.975099112313451,1.9750991123134511
2018-10-25,PTBA,4490.0,1509.19,2.975105851483246,1.9751058514832458
2018-10-26,PTBA,4250.0,1428.52,2.975107103855739,1.975107103855739
2018-10-29,PTBA,4190.0,1408.35,2.9751127205595203,1.9751127205595203
2018-10-30,PTBA,4190.0,1408.35,2.9751127205595203,1.9751127205595203
2018-10-31,PTBA,4250.0,1428.52,2.975107103855739,1.975107103855739
2018-11-01,PTBA,4230.0,1421.8,2.975101983401322,1.9751019834013221
2018-11-02,PTBA,4200.0,1411.72,2.9750942113166916,1.9750942113166916
2018-11-05,PTBA,4390.0,1475.58,2.975101316092655,1.9751013160926552
2018-11-06,PTBA,4450.0,1495.75,2.975096105632626,1.975096105632626
2018-11-07,PTBA,4470.0,1502.47,2.9751010003527525,1.9751010003527525
2018-11-08,PTBA,4470.0,1502.47,2.9751010003527525,1.9751010003527525
2018-11-09,PTBA,4330.0,1455.41,2.9751066709724405,1.9751066709724405
2018-11-12,PTBA,4420.0,1485.66,2.975108705895023,1.975108705895023
2018-11-13,PTBA,4650.0,1562.97,2.9751050883894123,1.9751050883894123
2018-11-14,PTBA,4880.0,1640.28,2.9751018118857755,1.9751018118857755
2018-11-15,PTBA,4700.0,1579.78,2.9750977984276292,1.9750977984276292
2018-11-16,PTBA,4740.0,1593.22,2.975107015980216,1.9751070159802162
2018-11-19,PTBA,4660.0,1566.33,2.9751074167001845,1.9751074167001845
2018-11-20,PTBA,4660.0,1566.33,2.9751074167001845,1.9751074167001845
2018-11-21,PTBA,4350.0,1462.13,2.9751116521786707,1.9751116521786707
2018-11-22,PTBA,4220.0,1418.44,2.975099404980119,1.975099404980119
2018-11-23,PTBA,4310.0,1448.69,2.975101643553831,1.975101643553831
2018-11-26,PTBA,3940.0,1324.32,2.9751117554669566,1.9751117554669566
2018-11-27,PTBA,3870.0,1300.79,2.9751151223487264,1.9751151223487264
2018-11-28,PTBA,3990.0,1341.13,2.9751030847121456,1.9751030847121456
2018-11-29,PTBA,4140.0,1391.55,2.975099708957637,1.9750997089576372
2018-11-30,PTBA,4020.0,1351.21,2.9751111966311674,1.9751111966311674
2018-12-03,PTBA,3960.0,1331.05,2.975094849930506,1.9750948499305059
2018-12-04,PTBA,4000.0,1344.49,2.975105802200091,1.975105802200091
2018-12-05,PTBA,3950.0,1327.68,2.975114485418173,1.9751144854181728
2018-12-06,PTBA,4080.0,1371.38,2.9751053683151274,1.9751053683151274
2018-12-07,PTBA,3990.0,1341.13,2.9751030847121456,1.9751030847121456
2018-12-10,PTBA,4020.0,1351.21,2.9751111966311674,1.9751111966311674
2018-12-11,PTBA,4280.0,1438.61,2.9750940143610847,1.9750940143610847
2018-12-12,PTBA,4310.0,1448.69,2.975101643553831,1.975101643553831
2018-12-13,PTBA,4500.0,1512.55,2.9751082608839376,1.9751082608839376
2018-12-14,PTBA,4460.0,1499.11,2.9750985584780305,1.9750985584780305
2018-12-17,PTBA,4390.0,1475.58,2.975101316092655,1.9751013160926552
2018-12-18,PTBA,4230.0,1421.8,2.975101983401322,1.9751019834013221
2018-12-19,PTBA,4220.0,1418.44,2.975099404980119,1.975099404980119
2018-12-20,PTBA,4270.0,1435.24,2.975112176360748,1.975112176360748
2018-12-21,PTBA,4230.0,1421.8,2.975101983401322,1.9751019834013221
2018-12-24,PTBA,4230.0,1421.8,2.975101983401322,1.9751019834013221
2018-12-25,PTBA,4230.0,1421.8,2.975101983401322,1.9751019834013221
2018-12-26,PTBA,4290.0,1441.97,2.9750965692767535,1.9750965692767535
2018-12-27,PTBA,4290.0,1441.97,2.9750965692767535,1.9750965692767535
2018-12-28,PTBA,4300.0,1445.33,2.975099112313451,1.9750991123134511
2018-12-31,PTBA,4300.0,1445.33,2.975099112313451,1.9750991123134511
2019-01-01,PTBA,4300.0,1445.33,2.975099112313451,1.9750991123134511
2019-01-02,PTBA,4240.0,1425.16,2.9751045496645987,1.9751045496645987
2019-01-03,PTBA,4160.0,1398.27,2.9751049511181673,1.9751049511181673
2019-01-04,PTBA,4380.0,1472.22,2.975098830337857,1.9750988303378572
2019-01-07,PTBA,4400.0,1478.94,2.975103790552693,1.975103790552693
2019-01-08,PTBA,4370.0,1468.86,2.9750963332107894,1.9750963332107894
2019-01-09,PTBA,4330.0,1455.41,2.9751066709724405,1.9751066709724405
2019-01-10,PTBA,4290.0,1441.97,2.9750965692767535,1.9750965692767535
2019-01-11,PTBA,4330.0,1455.41,2.9751066709724405,1.9751066709724405
2019-01-14,PTBA,4390.0,1475.58,2.975101316092655,1.9751013160926552
2019-01-15,PTBA,4380.0,1472.22,2.975098830337857,1.9750988303378572
2019-01-16,PTBA,4380.0,1472.22,2.975098830337857,1.9750988303378572
2019-01-17,PTBA,4450.0,1495.75,2.975096105632626,1.975096105632626
2019-01-18,PTBA,4470.0,1502.47,2.9751010003527525,1.9751010003527525
2019-01-21,PTBA,4470.0,1502.47,2.9751010003527525,1.9751010003527525
2019-01-22,PTBA,4420.0,1485.66,2.975108705895023,1.975108705895023
2019-01-23,PTBA,4390.0,1475.58,2.975101316092655,1.9751013160926552
2019-01-24,PTBA,4390.0,1475.58,2.975101316092655,1.9751013160926552
2019-01-25,PTBA,4370.0,1468.86,2.9750963332107894,1.9750963332107894
2019-01-28,PTBA,4350.0,1462.13,2.9751116521786707,1.9751116521786707
2019-01-29,PTBA,4380.0,1472.22,2.975098830337857,1.9750988303378572
2019-01-30,PTBA,4300.0,1445.33,2.975099112313451,1.9750991123134511
2019-01-31,PTBA,4310.0,1448.69,2.975101643553831,1.975101643553831
2019-02-01,PTBA,4320.0,1452.05,2.975104163079784,1.9751041630797839
2019-02-04,PTBA,4240.0,1425.16,2.9751045496645987,1.9751045496645987
2019-02-05,PTBA,4240.0,1425.16,2.9751045496645987,1.9751045496645987
2019-02-06,PTBA,4290.0,1441.97,2.9750965692767535,1.9750965692767535
2019-02-07,PTBA,4310.0,1448.69,2.975101643553831,1.975101643553831
2019-02-08,PTBA,4300.0,1445.33,2.975099112313451,1.9750991123134511
2019-02-11,PTBA,4260.0,1431.88,2.9751096460597255,1.9751096460597255
2019-02-12,PTBA,4190.0,1408.35,2.9751127205595203,1.9751127205595203
2019-02-13,PTBA,4120.0,1384.83,2.975094415921088,1.9750944159210881
2019-02-14,PTBA,4050.0,1361.3,2.975097333431279,1.975097333431279
2019-02-15,PTBA,3980.0,1337.77,2.975100353573484,1.9751003535734841
2019-02-18,PTBA,3980.0,1337.77,2.975100353573484,1.9751003535734841
2019-02-19,PTBA,4200.0,1411.72,2.9750942113166916,1.9750942113166916
2019-02-20,PTBA,4160.0,1398.27,2.9751049511181673,1.9751049511181673
2019-02-21,PTBA,4200.0,1411.72,2.9750942113166916,1.9750942113166916
2019-02-22,PTBA,4130.0,1388.19,2.975097068845043,1.9750970688450429
2019-02-25,PTBA,4130.0,1388.19,2.975097068845043,1.9750970688450429
2019-02-26,PTBA,4150.0,1394.91,2.975102336351449,1.975102336351449
2019-02-27,PTBA,4100.0,1378.1,2.9751106596038026,1.9751106596038026
2019-02-28,PTBA,3980.0,1337.77,2.975100353573484,1.9751003535734841
2019-03-01,PTBA,4040.0,1357.94,2.975094628628658,1.975094628628658
2019-03-04,PTBA,4060.0,1364.66,2.9751000249146307,1.9751000249146307
2019-03-05,PTBA,3970.0,1334.41,2.97509760868099,1.97509760868099
2019-03-06,PTBA,4040.0,1357.94,2.975094628628658,1.975094628628658
2019-03-07,PTBA,4040.0,1357.94,2.975094628628658,1.975094628628658
2019-03-08,PTBA,4000.0,1344.49,2.975105802200091,1.975105802200091
2019-03-11,PTBA,4020.0,1351.21,2.9751111966311674,1.9751111966311674
2019-03-12,PTBA,3990.0,1341.13,2.9751030847121456,1.9751030847121456
2019-03-13,PTBA,4020.0,1351.21,2.9751111966311674,1.9751111966311674
2019-03-14,PTBA,4020.0,1351.21,2.9751111966311674,1.9751111966311674
2019-03-15,PTBA,4050.0,1361.3,2.975097333431279,1.975097333431279
2019-03-18,PTBA,4050.0,1361.3,2.975097333431279,1.975097333431279
2019-03-19,PTBA,4020.0,1351.21,2.9751111966311674,1.9751111966311674
2019-03-20,PTBA,4020.0,1351.21,2.9751111966311674,1.9751111966311674
2019-03-21,PTBA,4040.0,1357.94,2.975094628628658,1.975094628628658
2019-03-22,PTBA,4080.0,1371.38,2.9751053683151274,1.9751053683151274
2019-03-25,PTBA,4140.0,1391.55,2.975099708957637,1.9750997089576372
2019-03-26,PTBA,4240.0,1425.16,2.9751045496645987,1.9751045496645987
2019-03-27,PTBA,4120.0,1384.83,2.975094415921088,1.9750944159210881
2019-03-28,PTBA,4160.0,1398.27,2.9751049511181673,1.9751049511181673
2019-03-29,PTBA,4210.0,1415.08,2.975096814314385,1.975096814314385
2019-04-01,PTBA,4200.0,1411.72,2.9750942113166916,1.9750942113166916
2019-04-02,PTBA,4170.0,1401.63,2.975107553348601,1.975107553348601
2019-04-03,PTBA,4170.0,1401.63,2.975107553348601,1.975107553348601
2019-04-04,PTBA,4040.0,1357.94,2.975094628628658,1.975094628628658
2019-04-05,PTBA,4020.0,1351.21,2.9751111966311674,1.9751111966311674
2019-04-08,PTBA,4040.0,1357.94,2.975094628628658,1.975094628628658
2019-04-09,PTBA,4070.0,1368.02,2.975102703176854,1.9751027031768542
2019-04-10,PTBA,4010.0,1347.85,2.9751085061394074,1.9751085061394074
2019-04-11,PTBA,4010.0,1347.85,2.9751085061394074,1.9751085061394074
2019-04-12,PTBA,4030.0,1354.57,2.9751138737754417,1.9751138737754417
2019-04-15,PTBA,3970.0,1334.41,2.97509760868099,1.97509760868099
2019-04-16,PTBA,3980.0,1337.77,2.975100353573484,1.9751003535734841
2019-04-17,PTBA,3980.0,1337.77,2.975100353573484,1.9751003535734841
2019-04-18,PTBA,3950.0,1327.68,2.975114485418173,1.9751144854181728
2019-04-19,PTBA,3950.0,1327.68,2.975114485418173,1.9751144854181728
2019-04-22,PTBA,4050.0,1361.3,2.975097333431279,1.975097333431279
2019-04-23,PTBA,4050.0,1361.3,2.975097333431279,1.975097333431279
2019-04-24,PTBA,4130.0,1388.19,2.975097068845043,1.9750970688450429
2019-04-25,PTBA,4030.0,1354.57,2.9751138737754417,1.9751138737754417
2019-04-26,PTBA,4020.0,1351.21,2.9751111966311674,1.9751111966311674
2019-04-29,PTBA,3950.0,1327.68,2.975114485418173,1.9751144854181728
2019-04-30,PTBA,3960.0,1331.05,2.975094849930506,1.9750948499305059
2019-05-01,PTBA,3960.0,1331.05,2.975094849930506,1.9750948499305059
2019-05-02,PTBA,3940.0,1324.32,2.9751117554669566,1.9751117554669566
2019-05-03,PTBA,3790.0,1273.91,2.9750924319614414,1.9750924319614414
2019-05-06,PTBA,3790.0,1273.91,2.9750924319614414,1.9750924319614414
2019-05-07,PTBA,3400.0,1255.31,2.708494316145016,1.708494316145016
2019-05-08,PTBA,3190.0,1177.77,2.7085084524143084,1.7085084524143084
2019-05-09,PTBA,3110.0,1148.24,2.7084929979795165,1.7084929979795165
2019-05-10,PTBA,3080.0,1137.16,2.7085018818811775,1.7085018818811775
2019-05-13,PTBA,2940.0,1085.47,2.708504150275917,1.708504150275917
2019-05-14,PTBA,3050.0,1126.09,2.7084868882593756,1.7084868882593756
2019-05-15,PTBA,2900.0,1070.7,2.7085084524143084,1.7085084524143084
2019-05-16,PTBA,2810.0,1037.48,2.7084859467170452,1.7084859467170452
2019-05-17,PTBA,2750.0,1015.32,2.7085056927865105,1.7085056927865105
2019-05-20,PTBA,2810.0,1037.48,2.7084859467170452,1.7084859467170452
2019-05-21,PTBA,2810.0,1037.48,2.7084859467170452,1.7084859467170452
2019-05-22,PTBA,2850.0,1052.24,2.708507564814111,1.708507564814111
2019-05-23,PTBA,2880.0,1063.32,2.708497912199526,1.708497912199526
2019-05-24,PTBA,2880.0,1063.32,2.708497912199526,1.708497912199526
2019-05-27,PTBA,2880.0,1063.32,2.708497912199526,1.708497912199526
2019-05-28,PTBA,3000.0,1107.63,2.708485685653151,1.7084856856531512
2019-05-29,PTBA,3000.0,1107.63,2.708485685653151,1.7084856856531512
2019-05-30,PTBA,3000.0,1107.63,2.708485685653151,1.7084856856531512
2019-05-31,PTBA,3060.0,1129.78,2.7084919187806475,1.7084919187806475
2019-06-03,PTBA,3060.0,1129.78,2.7084919187806475,1.7084919187806475
2019-06-04,PTBA,3060.0,1129.78,2.7084919187806475,1.7084919187806475
2019-06-05,PTBA,3060.0,1129.78,2.7084919187806475,1.7084919187806475
2019-06-06,PTBA,3060.0,1129.78,2.7084919187806475,1.7084919187806475
2019-06-07,PTBA,3060.0,1129.78,2.7084919187806475,1.7084919187806475
2019-06-10,PTBA,2940.0,1085.47,2.708504150275917,1.708504150275917
2019-06-11,PTBA,2930.0,1081.78,2.7084989554253176,1.7084989554253176
2019-06-12,PTBA,2880.0,1063.32,2.708497912199526,1.708497912199526
2019-06-13,PTBA,2840.0,1048.55,2.708502217347766,1.7085022173477662
2019-06-14,PTBA,2830.0,1044.86,2.7084968321114795,1.7084968321114795
2019-06-17,PTBA,2820.0,1041.17,2.7084914087036696,1.7084914087036696
2019-06-18,PTBA,2880.0,1063.32,2.708497912199526,1.708497912199526
2019-06-20,PTBA,2920.0,1078.09,2.708493725013682,1.7084937250136818
2019-06-21,PTBA,2900.0,1070.7,2.7085084524143084,1.7085084524143084
2019-06-24,PTBA,2880.0,1063.32,2.708497912199526,1.708497912199526
2019-06-25,PTBA,3060.0,1129.78,2.7084919187806475,1.7084919187806475
2019-06-26,PTBA,2990.0,1103.93,2.708505068256139,1.7085050682561391
2019-06-27,PTBA,2960.0,1092.86,2.7084896510074485,1.7084896510074485
2019-06-28,PTBA,2960.0,1092.86,2.7084896510074485,1.7084896510074485
2019-07-01,PTBA,3060.0,1129.78,2.7084919187806475,1.7084919187806475
2019-07-02,PTBA,3020.0,1115.01,2.7084958879292564,1.7084958879292564
2019-07-03,PTBA,3000.0,1107.63,2.708485685653151,1.7084856856531512
2019-07-04,PTBA,3050.0,1126.09,2.7084868882593756,1.7084868882593756
2019-07-05,PTBA,3050.0,1126.09,2.7084868882593756,1.7084868882593756
2019-07-08,PTBA,2980.0,1100.24,2.7084999636442957,1.7084999636442957
2019-07-09,PTBA,2930.0,1081.78,2.7084989554253176,1.7084989554253176
2019-07-10,PTBA,2940.0,1085.47,2.708504150275917,1.708504150275917
2019-07-11,PTBA,2910.0,1074.4,2.708488458674609,1.708488458674609
2019-07-12,PTBA,2840.0,1048.55,2.708502217347766,1.7085022173477662
2019-07-15,PTBA,2840.0,1048.55,2.708502217347766,1.7085022173477662
2019-07-16,PTBA,2840.0,1048.55,2.708502217347766,1.7085022173477662
2019-07-17,PTBA,2820.0,1041.17,2.7084914087036696,1.7084914087036696
2019-07-18,PTBA,2870.0,1059.63,2.708492587035097,1.708492587035097
2019-07-19,PTBA,2880.0,1063.32,2.708497912199526,1.708497912199526
2019-07-22,PTBA,2840.0,1048.55,2.708502217347766,1.7085022173477662
2019-07-23,PTBA,2830.0,1044.86,2.7084968321114795,1.7084968321114795
2019-07-24,PTBA,2780.0,1026.4,2.7084957131722525,1.7084957131722525
2019-07-25,PTBA,2790.0,1030.09,2.708501198924366,1.708501198924366
2019-07-26,PTBA,2750.0,1015.32,2.7085056927865105,1.7085056927865105
2019-07-29,PTBA,2700.0,996.86,2.708504704772987,1.708504704772987
2019-07-30,PTBA,2730.0,1007.94,2.708494553247217,1.7084945532472169
2019-07-31,PTBA,2740.0,1011.63,2.708500143333037,1.708500143333037
2019-08-01,PTBA,2730.0,1007.94,2.708494553247217,1.7084945532472169
2019-08-02,PTBA,2690.0,993.17,2.7084990485012637,1.7084990485012637
2019-08-05,PTBA,2620.0,967.33,2.7084862456452297,1.7084862456452297
2019-08-06,PTBA,2550.0,941.48,2.708501508263585,1.708501508263585
2019-08-07,PTBA,2560.0,945.17,2.7085074642656877,1.7085074642656877
2019-08-08,PTBA,2570.0,948.87,2.7084848293233,1.7084848293233001
2019-08-09,PTBA,2540.0,937.79,2.708495505390333,1.7084955053903328
2019-08-12,PTBA,2480.0,915.64,2.708488052072867,1.708488052072867
2019-08-13,PTBA,2420.0,893.48,2.7085105430451715,1.7085105430451715
2019-08-14,PTBA,2430.0,897.18,2.708486591319468,1.7084865913194678
2019-08-15,PTBA,2380.0,878.72,2.708485069191551,1.7084850691915512
2019-08-16,PTBA,2440.0,900.87,2.708492901306515,1.7084929013065149
2019-08-19,PTBA,2450.0,904.56,2.7084991598125057,1.7084991598125057
2019-08-20,PTBA,2460.0,908.25,2.708505367464905,1.708505367464905
2019-08-21,PTBA,2420.0,893.48,2.7085105430451715,1.7085105430451715
2019-08-22,PTBA,2420.0,893.48,2.7085105430451715,1.7085105430451715
2019-08-23,PTBA,2490.0,919.33,2.7084942294932177,1.7084942294932177
2019-08-26,PTBA,2410.0,889.79,2.7085042538126975,1.7085042538126975
2019-08-27,PTBA,2420.0,893.48,2.7085105430451715,1.7085105430451715
2019-08-28,PTBA,2410.0,889.79,2.7085042538126975,1.7085042538126975
2019-08-29,PTBA,2410.0,889.79,2.7085042538126975,1.7085042538126975
2019-08-30,PTBA,2470.0,911.94,2.7085115248810228,1.7085115248810228
2019-09-02,PTBA,2420.0,893.48,2.7085105430451715,1.7085105430451715
2019-09-03,PTBA,2440.0,900.87,2.708492901306515,1.7084929013065149
2019-09-04,PTBA,2440.0,900.87,2.708492901306515,1.7084929013065149
2019-09-05,PTBA,2470.0,911.94,2.7085115248810228,1.7085115248810228
2019-09-06,PTBA,2600.0,959.94,2.708502614746755,1.708502614746755
2019-09-09,PTBA,2700.0,996.86,2.708504704772987,1.708504704772987
2019-09-10,PTBA,2650.0,978.4,2.7085036794766966,1.7085036794766966
2019-09-11,PTBA,2690.0,993.17,2.7084990485012637,1.7084990485012637
2019-09-12,PTBA,2620.0,967.33,2.7084862456452297,1.7084862456452297
2019-09-13,PTBA,2560.0,945.17,2.7085074642656877,1.7085074642656877
2019-09-16,PTBA,2580.0,952.56,2.7084908037288993,1.7084908037288993
2019-09-17,PTBA,2570.0,948.87,2.7084848293233,1.7084848293233001
2019-09-18,PTBA,2550.0,941.48,2.708501508263585,1.708501508263585
2019-09-19,PTBA,2460.0,908.25,2.708505367464905,1.708505367464905
2019-09-20,PTBA,2470.0,911.94,2.7085115248810228,1.7085115248810228
2019-09-23,PTBA,2400.0,886.1,2.708497912199526,1.708497912199526
2019-09-24,PTBA,2320.0,856.56,2.7085084524143084,1.7085084524143084
2019-09-25,PTBA,2300.0,849.18,2.708495254245272,1.708495254245272
2019-09-26,PTBA,2300.0,849.18,2.708495254245272,1.708495254245272
2019-09-27,PTBA,2300.0,849.18,2.708495254245272,1.708495254245272
2019-09-30,PTBA,2260.0,834.41,2.7085006172025743,1.7085006172025743
2019-10-01,PTBA,2280.0,841.8,2.70848182466144,1.70848182466144
2019-10-02,PTBA,2240.0,827.03,2.708486995634983,1.708486995634983
2019-10-03,PTBA,2240.0,827.03,2.708486995634983,1.708486995634983
2019-10-04,PTBA,2200.0,812.26,2.7084923546647626,1.7084923546647626
2019-10-07,PTBA,2150.0,793.8,2.7084908037288993,1.7084908037288993
2019-10-08,PTBA,2230.0,823.33,2.7085129899311333,1.7085129899311333
2019-10-09,PTBA,2240.0,827.03,2.708486995634983,1.708486995634983
2019-10-10,PTBA,2260.0,834.41,2.7085006172025743,1.7085006172025743
2019-10-11,PTBA,2270.0,838.1,2.7085073380264886,1.7085073380264886
2019-10-14,PTBA,2250.0,830.72,2.7084938366718028,1.7084938366718028
2019-10-15,PTBA,2260.0,834.41,2.7085006172025743,1.7085006172025743
2019-10-16,PTBA,2260.0,834.41,2.7085006172025743,1.7085006172025743
2019-10-17,PTBA,2220.0,819.64,2.708506173441999,1.7085061734419988
2019-10-18,PTBA,2350.0,867.64,2.708496611497856,1.7084966114978561
2019-10-21,PTBA,2350.0,867.64,2.708496611497856,1.7084966114978561
2019-10-22,PTBA,2360.0,871.33,2.7085030929728116,1.7085030929728116
2019-10-23,PTBA,2450.0,904.56,2.7084991598125057,1.7084991598125057
2019-10-24,PTBA,2410.0,889.79,2.7085042538126975,1.7085042538126975
2019-10-25,PTBA,2350.0,867.64,2.708496611497856,1.7084966114978561
2019-10-28,PTBA,2370.0,875.02,2.708509519782405,1.708509519782405
2019-10-29,PTBA,2350.0,867.64,2.708496611497856,1.7084966114978561
2019-10-30,PTBA,2340.0,863.95,2.708490074657098,1.7084900746570981
2019-10-31,PTBA,2250.0,830.72,2.7084938366718028,1.7084938366718028
2019-11-01,PTBA,2190.0,808.57,2.7084853506808315,1.7084853506808315
2019-11-04,PTBA,2300.0,849.18,2.708495254245272,1.708495254245272
2019-11-05,PTBA,2430.0,897.18,2.708486591319468,1.7084865913194678
2019-11-06,PTBA,2460.0,908.25,2.708505367464905,1.708505367464905
2019-11-07,PTBA,2390.0,882.41,2.708491517548532,1.708491517548532
2019-11-08,PTBA,2580.0,952.56,2.7084908037288993,1.7084908037288993
2019-11-11,PTBA,2600.0,959.94,2.708502614746755,1.708502614746755
2019-11-12,PTBA,2620.0,967.33,2.7084862456452297,1.7084862456452297
2019-11-13,PTBA,2550.0,941.48,2.708501508263585,1.708501508263585
2019-11-14,PTBA,2460.0,908.25,2.708505367464905,1.708505367464905
2019-11-15,PTBA,2510.0,926.71,2.7085064367493605,1.7085064367493605
2019-11-18,PTBA,2510.0,926.71,2.7085064367493605,1.7085064367493605
2019-11-19,PTBA,2480.0,915.64,2.708488052072867,1.708488052072867
2019-11-20,PTBA,2450.0,904.56,2.7084991598125057,1.7084991598125057
2019-11-21,PTBA,2380.0,878.72,2.708485069191551,1.7084850691915512
2019-11-22,PTBA,2430.0,897.18,2.708486591319468,1.7084865913194678
2019-11-25,PTBA,2500.0,923.02,2.7085003575220474,1.7085003575220474
2019-11-26,PTBA,2630.0,971.02,2.708492101089576,1.708492101089576
2019-11-27,PTBA,2580.0,952.56,2.7084908037288993,1.7084908037288993
2019-11-28,PTBA,2470.0,911.94,2.7085115248810228,1.7085115248810228
2019-11-29,PTBA,2420.0,893.48,2.7085105430451715,1.7085105430451715
2019-12-02,PTBA,2530.0,934.1,2.7084894550904615,1.7084894550904615
2019-12-03,PTBA,2500.0,923.02,2.7085003575220474,1.7085003575220474
2019-12-04,PTBA,2460.0,908.25,2.708505367464905,1.708505367464905
2019-12-05,PTBA,2560.0,945.17,2.7085074642656877,1.7085074642656877
2019-12-06,PTBA,2550.0,941.48,2.708501508263585,1.708501508263585
2019-12-09,PTBA,2590.0,956.25,2.708496732026144,1.708496732026144
2019-12-10,PTBA,2550.0,941.48,2.708501508263585,1.708501508263585
2019-12-11,PTBA,2520.0,930.41,2.7084833567996904,1.7084833567996904
2019-12-12,PTBA,2470.0,911.94,2.7085115248810228,1.7085115248810228
2019-12-13,PTBA,2580.0,952.56,2.7084908037288993,1.7084908037288993
2019-12-16,PTBA,2690.0,993.17,2.7084990485012637,1.7084990485012637
2019-12-17,PTBA,2650.0,978.4,2.7085036794766966,1.7085036794766966
2019-12-18,PTBA,2670.0,985.79,2.708487608922793,1.708487608922793
2019-12-19,PTBA,2650.0,978.4,2.7085036794766966,1.7085036794766966
2019-12-20,PTBA,2600.0,959.94,2.708502614746755,1.708502614746755
2019-12-23,PTBA,2610.0,963.63,2.7085084524143084,1.7085084524143084
2019-12-26,PTBA,2640.0,974.71,2.708497912199526,1.708497912199526
2019-12-27,PTBA,2650.0,978.4,2.7085036794766966,1.7085036794766966
2019-12-30,PTBA,2660.0,982.09,2.7085094034151656,1.7085094034151656
2020-01-02,PTBA,2630.0,971.02,2.708492101089576,1.708492101089576
2020-01-03,PTBA,2670.0,985.79,2.708487608922793,1.708487608922793
2020-01-06,PTBA,2730.0,1007.94,2.708494553247217,1.7084945532472169
2020-01-07,PTBA,2710.0,1000.55,2.708510319324372,1.7085103193243718
2020-01-08,PTBA,2670.0,985.79,2.708487608922793,1.708487608922793
2020-01-09,PTBA,2670.0,985.79,2.708487608922793,1.708487608922793
2020-01-10,PTBA,2780.0,1026.4,2.7084957131722525,1.7084957131722525
2020-01-13,PTBA,2830.0,1044.86,2.7084968321114795,1.7084968321114795
2020-01-14,PTBA,2790.0,1030.09,2.708501198924366,1.708501198924366
2020-01-15,PTBA,2690.0,993.17,2.7084990485012637,1.7084990485012637
2020-01-16,PTBA,2680.0,989.48,2.7084933500424464,1.7084933500424464
2020-01-17,PTBA,2670.0,985.79,2.708487608922793,1.708487608922793
2020-01-20,PTBA,2590.0,956.25,2.708496732026144,1.708496732026144
2020-01-21,PTBA,2560.0,945.17,2.7085074642656877,1.7085074642656877
2020-01-22,PTBA,2480.0,915.64,2.708488052072867,1.708488052072867
2020-01-23,PTBA,2410.0,889.79,2.7085042538126975,1.7085042538126975
2020-01-24,PTBA,2370.0,875.02,2.708509519782405,1.708509519782405
2020-01-27,PTBA,2240.0,827.03,2.708486995634983,1.708486995634983
2020-01-28,PTBA,2330.0,860.26,2.7084834817380794,1.7084834817380794
2020-01-29,PTBA,2330.0,860.26,2.7084834817380794,1.7084834817380794
2020-01-30,PTBA,2240.0,827.03,2.708486995634983,1.708486995634983
2020-01-31,PTBA,2210.0,815.95,2.708499295299957,1.7084992952999571
2020-02-03,PTBA,2170.0,801.18,2.7085049551910934,1.7085049551910934
2020-02-04,PTBA,2230.0,823.33,2.7085129899311333,1.7085129899311333
2020-02-05,PTBA,2320.0,856.56,2.7085084524143084,1.7085084524143084
2020-02-06,PTBA,2290.0,845.49,2.7084885687589444,1.7084885687589444
2020-02-07,PTBA,2320.0,856.56,2.7085084524143084,1.7085084524143084
2020-02-10,PTBA,2250.0,830.72,2.7084938366718028,1.7084938366718028
2020-02-11,PTBA,2310.0,852.87,2.7085018818811775,1.7085018818811775
2020-02-12,PTBA,2280.0,841.8,2.70848182466144,1.70848182466144
2020-02-13,PTBA,2280.0,841.8,2.70848182466144,1.70848182466144
2020-02-14,PTBA,2330.0,860.26,2.7084834817380794,1.7084834817380794
2020-02-17,PTBA,2340.0,863.95,2.708490074657098,1.7084900746570981
2020-02-18,PTBA,2380.0,878.72,2.708485069191551,1.7084850691915512
2020-02-19,PTBA,2400.0,886.1,2.708497912199526,1.708497912199526
2020-02-20,PTBA,2490.0,919.33,2.7084942294932177,1.7084942294932177
2020-02-21,PTBA,2410.0,889.79,2.7085042538126975,1.7085042538126975
2020-02-24,PTBA,2350.0,867.64,2.708496611497856,1.7084966114978561
2020-02-25,PTBA,2410.0,889.79,2.7085042538126975,1.7085042538126975
2020-02-26,PTBA,2360.0,871.33,2.7085030929728116,1.7085030929728116
2020-02-27,PTBA,2290.0,845.49,2.7084885687589444,1.7084885687589444
2020-02-28,PTBA,2240.0,827.03,2.708486995634983,1.708486995634983
2020-03-02,PTBA,2200.0,812.26,2.7084923546647626,1.7084923546647626
2020-03-03,PTBA,2370.0,875.02,2.708509519782405,1.708509519782405
2020-03-04,PTBA,2470.0,911.94,2.7085115248810228,1.7085115248810228
2020-03-05,PTBA,2460.0,908.25,2.708505367464905,1.708505367464905
2020-03-06,PTBA,2450.0,904.56,2.7084991598125057,1.7084991598125057
2020-03-09,PTBA,2210.0,815.95,2.708499295299957,1.7084992952999571
2020-03-10,PTBA,2310.0,852.87,2.7085018818811775,1.7085018818811775
2020-03-11,PTBA,2200.0,812.26,2.7084923546647626,1.7084923546647626
2020-03-12,PTBA,2060.0,760.57,2.708494944581038,1.7084949445810378
2020-03-13,PTBA,2060.0,760.57,2.708494944581038,1.7084949445810378
2020-03-16,PTBA,2060.0,760.57,2.708494944581038,1.7084949445810378
2020-03-17,PTBA,1710.0,631.35,2.7084818246614395,1.7084818246614395
2020-03-18,PTBA,1595.0,588.89,2.7084854556878195,1.7084854556878195
2020-03-19,PTBA,1485.0,548.27,2.7085195250515257,1.7085195250515257
2020-03-20,PTBA,1800.0,664.58,2.7084775346835595,1.7084775346835595
2020-03-23,PTBA,1675.0,618.42,2.7085152485365933,1.7085152485365933
2020-03-24,PTBA,1790.0,660.88,2.7085098656337006,1.7085098656337006
2020-03-26,PTBA,2020.0,745.8,2.7085009385894345,1.7085009385894345
2020-03-27,PTBA,2040.0,753.19,2.708479932022464,1.7084799320224642
2020-03-30,PTBA,1900.0,701.5,2.70848182466144,1.70848182466144
2020-03-31,PTBA,2180.0,804.87,2.7085119336041843,1.7085119336041843
2020-04-01,PTBA,2050.0,756.88,2.708487474896945,1.7084874748969452
2020-04-02,PTBA,2030.0,749.49,2.7085084524143084,1.7085084524143084
2020-04-03,PTBA,2110.0,779.03,2.708496463550826,1.708496463550826
2020-04-06,PTBA,2160.0,797.49,2.708497912199526,1.708497912199526
2020-04-07,PTBA,2100.0,775.34,2.7084891789408516,1.7084891789408516
2020-04-08,PTBA,1995.0,736.57,2.7085002104348535,1.7085002104348535
2020-04-09,PTBA,1980.0,731.03,2.7085071748081475,1.7085071748081475
2020-04-13,PTBA,2000.0,738.42,2.7084856856531516,1.7084856856531516
2020-04-14,PTBA,2080.0,767.95,2.7085096685982157,1.7085096685982157
2020-04-15,PTBA,1960.0,723.65,2.708491674151869,1.708491674151869
2020-04-16,PTBA,1905.0,703.34,2.708505132652771,1.7085051326527712
2020-04-17,PTBA,1980.0,731.03,2.7085071748081475,1.7085071748081475
2020-04-20,PTBA,1935.0,714.42,2.7084908037288993,1.7084908037288993
2020-04-21,PTBA,1825.0,673.81,2.708478651251837,1.7084786512518368
2020-04-22,PTBA,1855.0,684.88,2.7085036794766966,1.7085036794766966
2020-04-23,PTBA,1890.0,697.8,2.708512467755804,1.7085124677558041
2020-04-24,PTBA,1850.0,683.04,2.708479737643476,1.7084797376434762
2020-04-27,PTBA,1825.0,673.81,2.708478651251837,1.7084786512518368
2020-04-28,PTBA,1780.0,657.19,2.708501346642523,1.7085013466425232
2020-04-29,PTBA,1790.0,660.88,2.7085098656337006,1.7085098656337006
2020-04-30,PTBA,1875.0,692.27,2.708480795065509,1.7084807950655092
2020-05-04,PTBA,1815.0,670.11,2.7085105430451715,1.7085105430451715
2020-05-05,PTBA,1815.0,670.11,2.7085105430451715,1.7085105430451715
2020-05-06,PTBA,1895.0,699.65,2.708497105695705,1.708497105695705
2020-05-08,PTBA,2060.0,760.57,2.708494944581038,1.7084949445810378
2020-05-11,PTBA,2050.0,756.88,2.708487474896945,1.7084874748969452
2020-05-12,PTBA,1990.0,734.72,2.708514808362369,1.7085148083623691
2020-05-13,PTBA,1905.0,703.34,2.708505132652771,1.7085051326527712
2020-05-14,PTBA,1865.0,688.57,2.708511843385567,1.7085118433855668
2020-05-15,PTBA,1815.0,670.11,2.7085105430451715,1.7085105430451715
2020-05-18,PTBA,1900.0,701.5,2.70848182466144,1.70848182466144
2020-05-19,PTBA,1915.0,707.03,2.7085130758242224,1.7085130758242224
2020-05-20,PTBA,1920.0,708.88,2.708497912199526,1.708497912199526
2020-05-26,PTBA,2040.0,753.19,2.708479932022464,1.7084799320224642
2020-05-27,PTBA,2090.0,771.65,2.70848182466144,1.70848182466144
2020-05-28,PTBA,2090.0,771.65,2.70848182466144,1.70848182466144
2020-05-29,PTBA,1945.0,718.11,2.708498697971063,1.7084986979710628
2020-06-02,PTBA,2080.0,767.95,2.7085096685982157,1.7085096685982157
2020-06-03,PTBA,2110.0,779.03,2.708496463550826,1.708496463550826
2020-06-04,PTBA,2180.0,804.87,2.7085119336041843,1.7085119336041843
2020-06-05,PTBA,2210.0,815.95,2.708499295299957,1.7084992952999571
2020-06-08,PTBA,2300.0,849.18,2.708495254245272,1.708495254245272
2020-06-09,PTBA,2390.0,882.41,2.708491517548532,1.708491517548532
2020-06-10,PTBA,2370.0,875.02,2.708509519782405,1.708509519782405
2020-06-11,PTBA,2280.0,841.8,2.70848182466144,1.70848182466144
2020-06-12,PTBA,2390.0,882.41,2.708491517548532,1.708491517548532
2020-06-15,PTBA,2360.0,871.33,2.7085030929728116,1.7085030929728116
2020-06-16,PTBA,2440.0,900.87,2.708492901306515,1.7084929013065149
2020-06-17,PTBA,2470.0,911.94,2.7085115248810228,1.7085115248810228
2020-06-18,PTBA,2450.0,904.56,2.7084991598125057,1.7084991598125057
2020-06-19,PTBA,2280.0,971.21,2.347587030611299,1.3475870306112991
2020-06-22,PTBA,2130.0,907.31,2.347598946335872,1.347598946335872
2020-06-23,PTBA,2080.0,886.02,2.347576804135347,1.3475768041353469
2020-06-24,PTBA,2120.0,903.05,2.347599800675489,1.3475998006754888
2020-06-25,PTBA,2060.0,877.5,2.3475783475783474,1.3475783475783474
2020-06-26,PTBA,2060.0,877.5,2.3475783475783474,1.3475783475783474
2020-06-29,PTBA,2030.0,864.72,2.3475807197705616,1.3475807197705616
2020-06-30,PTBA,2020.0,860.46,2.347581526160426,1.3475815261604258
2020-07-01,PTBA,2090.0,890.28,2.347576043491935,1.347576043491935
2020-07-02,PTBA,2070.0,881.76,2.34757757212847,1.3475775721284702
2020-07-03,PTBA,2050.0,873.24,2.3475791305941094,1.3475791305941094
2020-07-06,PTBA,2070.0,881.76,2.34757757212847,1.3475775721284702
2020-07-07,PTBA,2050.0,873.24,2.3475791305941094,1.3475791305941094
2020-07-08,PTBA,2080.0,886.02,2.347576804135347,1.3475768041353469
2020-07-09,PTBA,2100.0,894.54,2.3475752900932325,1.3475752900932325
2020-07-10,PTBA,2070.0,881.76,2.34757757212847,1.3475775721284702
2020-07-13,PTBA,2170.0,924.35,2.347595607724347,1.347595607724347
2020-07-14,PTBA,2140.0,911.57,2.347598099981351,1.3475980999813508
2020-07-15,PTBA,2150.0,915.83,2.3475972615004967,1.3475972615004967
2020-07-16,PTBA,2120.0,903.05,2.347599800675489,1.3475998006754888
2020-07-17,PTBA,2140.0,911.57,2.347598099981351,1.3475980999813508
2020-07-20,PTBA,2080.0,886.02,2.347576804135347,1.3475768041353469
2020-07-21,PTBA,2110.0,898.79,2.347600663113742,1.347600663113742
2020-07-22,PTBA,2080.0,886.02,2.347576804135347,1.3475768041353469
2020-07-23,PTBA,2110.0,898.79,2.347600663113742,1.347600663113742
2020-07-24,PTBA,2070.0,881.76,2.34757757212847,1.3475775721284702
2020-07-27,PTBA,2080.0,886.02,2.347576804135347,1.3475768041353469
2020-07-28,PTBA,2080.0,886.02,2.347576804135347,1.3475768041353469
2020-07-29,PTBA,2070.0,881.76,2.34757757212847,1.3475775721284702
2020-07-30,PTBA,2030.0,864.72,2.3475807197705616,1.3475807197705616
2020-08-03,PTBA,1975.0,841.29,2.347585255975942,1.3475852559759418
2020-08-04,PTBA,2010.0,856.2,2.347582340574632,1.347582340574632
2020-08-05,PTBA,2040.0,868.98,2.3475799212870263,1.3475799212870263
2020-08-06,PTBA,2080.0,886.02,2.347576804135347,1.3475768041353469
2020-08-07,PTBA,2050.0,873.24,2.3475791305941094,1.3475791305941094
2020-08-10,PTBA,2120.0,903.05,2.347599800675489,1.3475998006754888
2020-08-11,PTBA,2100.0,894.54,2.3475752900932325,1.3475752900932325
2020-08-12,PTBA,2060.0,877.5,2.3475783475783474,1.3475783475783474
2020-08-13,PTBA,2070.0,881.76,2.34757757212847,1.3475775721284702
2020-08-14,PTBA,2060.0,877.5,2.3475783475783474,1.3475783475783474
2020-08-18,PTBA,2080.0,886.02,2.347576804135347,1.3475768041353469
2020-08-19,PTBA,2110.0,898.79,2.347600663113742,1.347600663113742
2020-08-24,PTBA,2100.0,894.54,2.3475752900932325,1.3475752900932325
2020-08-25,PTBA,2120.0,903.05,2.347599800675489,1.3475998006754888
2020-08-26,PTBA,2130.0,907.31,2.347598946335872,1.347598946335872
2020-08-27,PTBA,2130.0,907.31,2.347598946335872,1.347598946335872
2020-08-28,PTBA,2130.0,907.31,2.347598946335872,1.347598946335872
2020-08-31,PTBA,2040.0,868.98,2.3475799212870263,1.3475799212870263
2020-09-01,PTBA,2100.0,894.54,2.3475752900932325,1.3475752900932325
2020-09-02,PTBA,2150.0,915.83,2.3475972615004967,1.3475972615004967
2020-09-03,PTBA,2140.0,911.57,2.347598099981351,1.3475980999813508
2020-09-04,PTBA,2100.0,894.54,2.3475752900932325,1.3475752900932325
2020-09-07,PTBA,2110.0,898.79,2.347600663113742,1.347600663113742
2020-09-08,PTBA,2080.0,886.02,2.347576804135347,1.3475768041353469
2020-09-09,PTBA,2040.0,868.98,2.3475799212870263,1.3475799212870263
2020-09-10,PTBA,1900.0,809.34,2.3475918649764003,1.3475918649764003
2020-09-11,PTBA,1970.0,839.16,2.3475856809190145,1.3475856809190145
2020-09-14,PTBA,2050.0,873.24,2.3475791305941094,1.3475791305941094
2020-09-15,PTBA,2050.0,873.24,2.3475791305941094,1.3475791305941094
2020-09-16,PTBA,2040.0,868.98,2.3475799212870263,1.3475799212870263
2020-09-17,PTBA,2010.0,856.2,2.347582340574632,1.347582340574632
2020-09-18,PTBA,2000.0,851.94,2.347583163133554,1.347583163133554
2020-09-21,PTBA,2000.0,851.94,2.347583163133554,1.347583163133554
2020-09-22,PTBA,2000.0,851.94,2.347583163133554,1.347583163133554
2020-09-23,PTBA,1980.0,843.42,2.3475848331791993,1.3475848331791993
2020-09-24,PTBA,1950.0,830.64,2.347587402484831,1.347587402484831
2020-09-25,PTBA,1990.0,847.68,2.347583993959985,1.3475839939599852
2020-09-28,PTBA,1970.0,839.16,2.3475856809190145,1.3475856809190145
2020-09-29,PTBA,1985.0,845.55,2.3475844125125658,1.3475844125125658
2020-09-30,PTBA,1970.0,839.16,2.3475856809190145,1.3475856809190145
2020-10-01,PTBA,2000.0,851.94,2.347583163133554,1.347583163133554
2020-10-02,PTBA,1970.0,839.16,2.3475856809190145,1.3475856809190145
2020-10-05,PTBA,1950.0,830.64,2.347587402484831,1.347587402484831
2020-10-06,PTBA,1970.0,839.16,2.3475856809190145,1.3475856809190145
2020-10-07,PTBA,1965.0,837.03,2.347586108024802,1.3475861080248022
2020-10-08,PTBA,1990.0,847.68,2.347583993959985,1.3475839939599852
2020-10-09,PTBA,1985.0,845.55,2.3475844125125658,1.3475844125125658
2020-10-12,PTBA,2020.0,860.46,2.347581526160426,1.3475815261604258
2020-10-13,PTBA,2030.0,864.72,2.3475807197705616,1.3475807197705616
2020-10-14,PTBA,2050.0,873.24,2.3475791305941094,1.3475791305941094
2020-10-15,PTBA,2010.0,856.2,2.347582340574632,1.347582340574632
2020-10-16,PTBA,2050.0,873.24,2.3475791305941094,1.3475791305941094
2020-10-19,PTBA,2050.0,873.24,2.3475791305941094,1.3475791305941094
2020-10-20,PTBA,2010.0,856.2,2.347582340574632,1.347582340574632
2020-10-21,PTBA,2000.0,851.94,2.347583163133554,1.347583163133554
2020-10-22,PTBA,1965.0,837.03,2.347586108024802,1.3475861080248022
2020-10-23,PTBA,1960.0,834.9,2.3475865373098577,1.3475865373098577
2020-10-26,PTBA,1970.0,839.16,2.3475856809190145,1.3475856809190145
2020-10-27,PTBA,1960.0,834.9,2.3475865373098577,1.3475865373098577
2020-11-02,PTBA,1940.0,826.38,2.3475882765797818,1.3475882765797818
2020-11-03,PTBA,1950.0,830.64,2.347587402484831,1.347587402484831
2020-11-04,PTBA,1935.0,824.25,2.347588717015469,1.3475887170154688
2020-11-05,PTBA,1970.0,839.16,2.3475856809190145,1.3475856809190145
2020-11-06,PTBA,1990.0,847.68,2.347583993959985,1.3475839939599852
2020-11-09,PTBA,2010.0,856.2,2.347582340574632,1.347582340574632
2020-11-10,PTBA,2020.0,860.46,2.347581526160426,1.3475815261604258
2020-11-11,PTBA,2070.0,881.76,2.34757757212847,1.3475775721284702
2020-11-12,PTBA,2040.0,868.98,2.3475799212870263,1.3475799212870263
2020-11-13,PTBA,2040.0,868.98,2.3475799212870263,1.3475799212870263
2020-11-16,PTBA,2130.0,907.31,2.347598946335872,1.347598946335872
2020-11-17,PTBA,2110.0,898.79,2.347600663113742,1.347600663113742
2020-11-18,PTBA,2110.0,898.79,2.347600663113742,1.347600663113742
2020-11-19,PTBA,2230.0,949.91,2.34759082439389,1.3475908243938899
2020-11-20,PTBA,2190.0,932.87,2.3475939841564206,1.3475939841564206
2020-11-23,PTBA,2280.0,971.21,2.347587030611299,1.3475870306112991
2020-11-24,PTBA,2280.0,971.21,2.347587030611299,1.3475870306112991
2020-11-25,PTBA,2280.0,971.21,2.347587030611299,1.3475870306112991
2020-11-26,PTBA,2360.0,1005.29,2.347581294949716,1.3475812949497161
2020-11-27,PTBA,2410.0,1026.59,2.3475779035447455,1.3475779035447455
2020-11-30,PTBA,2360.0,1005.29,2.347581294949716,1.3475812949497161
2020-12-01,PTBA,2430.0,1035.1,2.3475992657714233,1.3475992657714233
2020-12-02,PTBA,2450.0,1043.62,2.347597784634254,1.347597784634254
2020-12-03,PTBA,2440.0,1039.36,2.347598522167488,1.347598522167488
2020-12-04,PTBA,2480.0,1056.4,2.3475956077243465,1.3475956077243465
2020-12-07,PTBA,2680.0,1141.6,2.347582340574632,1.347582340574632
2020-12-08,PTBA,2820.0,1201.23,2.3475937164406484,1.3475937164406484
2020-12-10,PTBA,2800.0,1192.71,2.347594972793051,1.347594972793051
2020-12-11,PTBA,2810.0,1196.97,2.347594342381179,1.347594342381179
2020-12-14,PTBA,3050.0,1299.21,2.347580452736663,1.347580452736663
2020-12-15,PTBA,3070.0,1307.73,2.3475793932998403,1.3475793932998403
2020-12-16,PTBA,3170.0,1350.32,2.347591681971681,1.3475916819716809
2020-12-17,PTBA,3040.0,1294.95,2.347580987682922,1.347580987682922
2020-12-18,PTBA,2980.0,1269.39,2.3475842727609324,1.3475842727609324
2020-12-21,PTBA,3040.0,1294.95,2.347580987682922,1.347580987682922
2020-12-22,PTBA,2880.0,1226.79,2.3475900520871544,1.3475900520871544
2020-12-23,PTBA,2820.0,1201.23,2.3475937164406484,1.3475937164406484
2020-12-28,PTBA,2850.0,1214.01,2.3475918649764007,1.3475918649764007
2020-12-29,PTBA,2890.0,1231.05,2.3475894561553146,1.3475894561553146
2020-12-30,PTBA,2810.0,1196.97,2.347594342381179,1.347594342381179
2021-01-04,PTBA,2790.0,1188.45,2.347595607724347,1.347595607724347
2021-01-05,PTBA,2770.0,1179.93,2.3475968913410115,1.3475968913410115
2021-01-06,PTBA,2680.0,1141.6,2.347582340574632,1.347582340574632
2021-01-07,PTBA,2820.0,1201.23,2.3475937164406484,1.3475937164406484
2021-01-08,PTBA,2850.0,1214.01,2.3475918649764007,1.3475918649764007
2021-01-11,PTBA,2910.0,1239.57,2.3475882765797818,1.3475882765797818
2021-01-12,PTBA,2860.0,1218.27,2.347591256453824,1.347591256453824
2021-01-13,PTBA,3040.0,1294.95,2.347580987682922,1.347580987682922
2021-01-14,PTBA,3000.0,1277.91,2.347583163133554,1.347583163133554
2021-01-15,PTBA,2940.0,1252.35,2.3475865373098577,1.3475865373098577
2021-01-18,PTBA,2950.0,1256.61,2.3475859654148863,1.3475859654148863
2021-01-19,PTBA,2850.0,1214.01,2.3475918649764007,1.3475918649764007
2021-01-20,PTBA,2880.0,1226.79,2.3475900520871544,1.3475900520871544
2021-01-21,PTBA,2860.0,1218.27,2.347591256453824,1.347591256453824
2021-01-22,PTBA,2770.0,1179.93,2.3475968913410115,1.3475968913410115
2021-01-25,PTBA,2700.0,1150.12,2.3475811219698817,1.3475811219698817
2021-01-26,PTBA,2760.0,1175.67,2.347597540126056,1.3475975401260558
2021-01-27,PTBA,2680.0,1141.6,2.347582340574632,1.347582340574632
2021-01-28,PTBA,2590.0,1103.26,2.347588057212262,1.347588057212262
2021-01-29,PTBA,2580.0,1099.0,2.347588717015469,1.3475887170154688
2021-02-01,PTBA,2610.0,1111.78,2.3475867527748298,1.3475867527748298
2021-02-02,PTBA,2490.0,1060.66,2.3475948937454034,1.3475948937454034
2021-02-03,PTBA,2410.0,1026.59,2.3475779035447455,1.3475779035447455
2021-02-04,PTBA,2480.0,1056.4,2.3475956077243465,1.3475956077243465
2021-02-05,PTBA,2560.0,1090.48,2.3475900520871544,1.3475900520871544
2021-02-08,PTBA,2610.0,1111.78,2.3475867527748298,1.3475867527748298
2021-02-09,PTBA,2590.0,1103.26,2.347588057212262,1.347588057212262
2021-02-10,PTBA,2550.0,1086.22,2.3475907274769385,1.3475907274769385
2021-02-11,PTBA,2590.0,1103.26,2.347588057212262,1.347588057212262
2021-02-15,PTBA,2600.0,1107.52,2.347587402484831,1.347587402484831
2021-02-16,PTBA,2600.0,1107.52,2.347587402484831,1.347587402484831
2021-02-17,PTBA,2560.0,1090.48,2.3475900520871544,1.3475900520871544
2021-02-18,PTBA,2560.0,1090.48,2.3475900520871544,1.3475900520871544
2021-02-19,PTBA,2550.0,1086.22,2.3475907274769385,1.3475907274769385
2021-02-22,PTBA,2740.0,1167.16,2.347578738133589,1.3475787381335889
2021-02-23,PTBA,2720.0,1158.64,2.347579921287026,1.3475799212870259
2021-02-24,PTBA,2630.0,1120.3,2.3475854681781665,1.3475854681781665
2021-02-25,PTBA,2680.0,1141.6,2.347582340574632,1.347582340574632
2021-02-26,PTBA,2710.0,1154.38,2.347580519413018,1.3475805194130182
2021-03-01,PTBA,2720.0,1158.64,2.347579921287026,1.3475799212870259
2021-03-02,PTBA,2730.0,1162.9,2.347579327543211,1.3475793275432109
2021-03-03,PTBA,2710.0,1154.38,2.347580519413018,1.3475805194130182
2021-03-04,PTBA,2710.0,1154.38,2.347580519413018,1.3475805194130182
2021-03-05,PTBA,2710.0,1154.38,2.347580519413018,1.3475805194130182
2021-03-08,PTBA,2680.0,1141.6,2.347582340574632,1.347582340574632
2021-03-09,PTBA,2610.0,1111.78,2.3475867527748298,1.3475867527748298
2021-03-10,PTBA,2600.0,1107.52,2.347587402484831,1.347587402484831
2021-03-12,PTBA,2730.0,1162.9,2.347579327543211,1.3475793275432109
2021-03-15,PTBA,2740.0,1167.16,2.347578738133589,1.3475787381335889
2021-03-16,PTBA,2710.0,1154.38,2.347580519413018,1.3475805194130182
2021-03-17,PTBA,2710.0,1154.38,2.347580519413018,1.3475805194130182
2021-03-18,PTBA,2750.0,1171.42,2.3475781530108755,1.3475781530108755
2021-03-19,PTBA,2760.0,1175.67,2.347597540126056,1.3475975401260558
2021-03-22,PTBA,2770.0,1179.93,2.3475968913410115,1.3475968913410115
2021-03-23,PTBA,2800.0,1192.71,2.347594972793051,1.347594972793051
2021-03-24,PTBA,2740.0,1167.16,2.347578738133589,1.3475787381335889
2021-03-25,PTBA,2690.0,1145.86,2.347581729007034,1.3475817290070342
2021-03-26,PTBA,2700.0,1150.12,2.3475811219698817,1.3475811219698817
2021-03-29,PTBA,2680.0,1141.6,2.347582340574632,1.347582340574632
2021-03-30,PTBA,2630.0,1120.3,2.3475854681781665,1.3475854681781665
2021-03-31,PTBA,2620.0,1116.04,2.347586108024802,1.3475861080248022
2021-04-01,PTBA,2650.0,1128.82,2.347584202973016,1.347584202973016
2021-04-05,PTBA,2540.0,1081.96,2.3475914081851452,1.3475914081851452
2021-04-06,PTBA,2520.0,1073.44,2.3475927858101056,1.3475927858101056
2021-04-07,PTBA,2520.0,1073.44,2.3475927858101056,1.3475927858101056
2021-04-08,PTBA,2540.0,1081.96,2.3475914081851452,1.3475914081851452
2021-04-09,PTBA,2540.0,1081.96,2.3475914081851452,1.3475914081851452
2021-04-12,PTBA,2460.0,1047.88,2.3475970530976826,1.3475970530976826
2021-04-13,PTBA,2460.0,1047.88,2.3475970530976826,1.3475970530976826
2021-04-14,PTBA,2420.0,1063.13,2.2762973483957745,1.2762973483957745
2021-04-15,PTBA,2370.0,1041.16,2.2763071958200465,1.2763071958200465
2021-04-16,PTBA,2380.0,1045.55,2.276313901774186,1.276313901774186
2021-04-19,PTBA,2420.0,1063.13,2.2762973483957745,1.2762973483957745
2021-04-20,PTBA,2420.0,1063.13,2.2762973483957745,1.2762973483957745
2021-04-21,PTBA,2390.0,1049.95,2.276298871374827,1.2762988713748271
2021-04-22,PTBA,2360.0,1036.77,2.2763004330758028,1.2763004330758028
2021-04-23,PTBA,2390.0,1049.95,2.276298871374827,1.2762988713748271
2021-04-26,PTBA,2390.0,1049.95,2.276298871374827,1.2762988713748271
2021-04-27,PTBA,2390.0,1049.95,2.276298871374827,1.2762988713748271
2021-04-28,PTBA,2400.0,1054.34,2.2763055560824785,1.2763055560824785
2021-04-29,PTBA,2420.0,1063.13,2.2762973483957745,1.2762973483957745
2021-04-30,PTBA,2370.0,1041.16,2.2763071958200465,1.2763071958200465
2021-05-03,PTBA,2280.0,1001.62,2.276312373954194,1.2763123739541942
2021-05-04,PTBA,2300.0,1010.41,2.2763036787046844,1.2763036787046844
2021-05-05,PTBA,2290.0,1006.02,2.276296693902706,1.2762966939027058
2021-05-06,PTBA,2290.0,1006.02,2.276296693902706,1.2762966939027058
2021-05-07,PTBA,2280.0,1001.62,2.276312373954194,1.2763123739541942
2021-05-10,PTBA,2280.0,1001.62,2.276312373954194,1.2763123739541942
2021-05-11,PTBA,2280.0,1001.62,2.276312373954194,1.2763123739541942
2021-05-17,PTBA,2260.0,992.84,2.276298295797913,1.276298295797913
2021-05-18,PTBA,2260.0,992.84,2.276298295797913,1.276298295797913
2021-05-19,PTBA,2230.0,979.66,2.2762999407957865,1.2762999407957865
2021-05-20,PTBA,2160.0,948.91,2.2762959606285107,1.2762959606285107
2021-05-21,PTBA,2150.0,944.51,2.276312585361722,1.276312585361722
2021-05-24,PTBA,2120.0,931.33,2.2763145179474513,1.2763145179474513
2021-05-25,PTBA,2190.0,962.08,2.276317977714951,1.276317977714951
2021-05-27,PTBA,2180.0,957.69,2.2763107059695726,1.2763107059695726
2021-05-28,PTBA,2190.0,962.08,2.276317977714951,1.276317977714951
2021-05-31,PTBA,2210.0,970.87,2.2763088776046225,1.2763088776046225
2021-06-02,PTBA,2350.0,1032.37,2.2763156620203997,1.2763156620203997
2021-06-03,PTBA,2320.0,1019.19,2.276317467793051,1.276317467793051
2021-06-04,PTBA,2280.0,1001.62,2.276312373954194,1.2763123739541942
2021-06-07,PTBA,2220.0,975.26,2.2763160593072618,1.2763160593072618
2021-06-08,PTBA,2190.0,962.08,2.276317977714951,1.276317977714951
2021-06-09,PTBA,2220.0,975.26,2.2763160593072618,1.2763160593072618
2021-06-10,PTBA,2200.0,966.48,2.2763016306597135,1.2763016306597135
2021-06-11,PTBA,2290.0,1006.02,2.276296693902706,1.2762966939027058
2021-06-14,PTBA,2290.0,1006.02,2.276296693902706,1.2762966939027058
2021-06-15,PTBA,2240.0,984.05,2.276307098216554,1.276307098216554
2021-06-16,PTBA,2260.0,992.84,2.276298295797913,1.276298295797913
2021-06-17,PTBA,2200.0,966.48,2.2763016306597135,1.2763016306597135
2021-06-18,PTBA,2120.0,931.33,2.2763145179474513,1.2763145179474513
2021-06-21,PTBA,2080.0,913.76,2.2763088776046225,1.2763088776046225
2021-06-22,PTBA,2100.0,922.55,2.27629938756707,1.2762993875670698
2021-06-23,PTBA,2050.0,900.58,2.276310821914766,1.276310821914766
2021-06-24,PTBA,2030.0,891.8,2.2762951334379906,1.2762951334379906
2021-06-25,PTBA,2030.0,891.8,2.2762951334379906,1.2762951334379906
2021-06-28,PTBA,2010.0,883.01,2.276304911609155,1.276304911609155
2021-06-29,PTBA,2000.0,878.62,2.276296920170267,1.276296920170267
2021-06-30,PTBA,2000.0,878.62,2.276296920170267,1.276296920170267
2021-07-01,PTBA,2010.0,883.01,2.276304911609155,1.276304911609155
2021-07-02,PTBA,2100.0,922.55,2.27629938756707,1.2762993875670698
2021-07-05,PTBA,2060.0,904.97,2.276318551996199,1.2763185519961988
2021-07-06,PTBA,2150.0,944.51,2.276312585361722,1.276312585361722
2021-07-07,PTBA,2100.0,922.55,2.27629938756707,1.2762993875670698
2021-07-08,PTBA,2070.0,909.37,2.2763011755391096,1.2763011755391096
2021-07-09,PTBA,2130.0,935.73,2.2762976499631304,1.2762976499631304
2021-07-12,PTBA,2120.0,931.33,2.2763145179474513,1.2763145179474513
2021-07-13,PTBA,2080.0,913.76,2.2763088776046225,1.2763088776046225
2021-07-14,PTBA,2070.0,909.37,2.2763011755391096,1.2763011755391096
2021-07-15,PTBA,2100.0,922.55,2.27629938756707,1.2762993875670698
2021-07-16,PTBA,2130.0,935.73,2.2762976499631304,1.2762976499631304
2021-07-19,PTBA,2140.0,940.12,2.2763051525337192,1.2763051525337192
2021-07-21,PTBA,2130.0,935.73,2.2762976499631304,1.2762976499631304
2021-07-22,PTBA,2250.0,988.44,2.276314192060216,1.276314192060216
2021-07-23,PTBA,2220.0,975.26,2.2763160593072618,1.2763160593072618
2021-07-26,PTBA,2240.0,984.05,2.276307098216554,1.276307098216554
2021-07-27,PTBA,2230.0,979.66,2.2762999407957865,1.2762999407957865
2021-07-28,PTBA,2210.0,970.87,2.2763088776046225,1.2763088776046225
2021-07-29,PTBA,2240.0,984.05,2.276307098216554,1.276307098216554
2021-07-30,PTBA,2230.0,979.66,2.2762999407957865,1.2762999407957865
2021-08-02,PTBA,2240.0,984.05,2.276307098216554,1.276307098216554
2021-08-03,PTBA,2220.0,975.26,2.2763160593072618,1.2763160593072618
2021-08-04,PTBA,2260.0,992.84,2.276298295797913,1.276298295797913
2021-08-05,PTBA,2190.0,962.08,2.276317977714951,1.276317977714951
2021-08-06,PTBA,2220.0,975.26,2.2763160593072618,1.2763160593072618
2021-08-09,PTBA,2210.0,970.87,2.2763088776046225,1.2763088776046225
2021-08-10,PTBA,2250.0,988.44,2.276314192060216,1.276314192060216
2021-08-12,PTBA,2370.0,1041.16,2.2763071958200465,1.2763071958200465
2021-08-13,PTBA,2340.0,1027.98,2.2763088776046225,1.2763088776046225
2021-08-16,PTBA,2330.0,1023.59,2.27630203499448,1.27630203499448
2021-08-18,PTBA,2250.0,988.44,2.276314192060216,1.276314192060216
2021-08-19,PTBA,2150.0,944.51,2.276312585361722,1.276312585361722
2021-08-20,PTBA,2110.0,926.94,2.2763069885861005,1.2763069885861005
2021-08-23,PTBA,2100.0,922.55,2.27629938756707,1.2762993875670698
2021-08-24,PTBA,2080.0,913.76,2.2763088776046225,1.2763088776046225
2021-08-25,PTBA,2090.0,918.15,2.2763165060175354,1.2763165060175354
2021-08-26,PTBA,2100.0,922.55,2.27629938756707,1.2762993875670698
2021-08-27,PTBA,2080.0,913.76,2.2763088776046225,1.2763088776046225
2021-08-30,PTBA,2110.0,926.94,2.2763069885861005,1.2763069885861005
2021-08-31,PTBA,2110.0,926.94,2.2763069885861005,1.2763069885861005
2021-09-01,PTBA,2180.0,957.69,2.2763107059695726,1.2763107059695726
2021-09-02,PTBA,2190.0,962.08,2.276317977714951,1.276317977714951
2021-09-03,PTBA,2290.0,1006.02,2.276296693902706,1.2762966939027058
2021-09-06,PTBA,2310.0,1014.8,2.2763106030744975,1.2763106030744975
2021-09-07,PTBA,2280.0,1001.62,2.276312373954194,1.2763123739541942
2021-09-08,PTBA,2300.0,1010.41,2.2763036787046844,1.2763036787046844
2021-09-09,PTBA,2340.0,1027.98,2.2763088776046225,1.2763088776046225
2021-09-10,PTBA,2350.0,1032.37,2.2763156620203997,1.2763156620203997
2021-09-13,PTBA,2330.0,1023.59,2.27630203499448,1.27630203499448
2021-09-14,PTBA,2370.0,1041.16,2.2763071958200465,1.2763071958200465
2021-09-15,PTBA,2410.0,1058.73,2.2763121853541506,1.2763121853541506
2021-09-16,PTBA,2410.0,1058.73,2.2763121853541506,1.2763121853541506
2021-09-17,PTBA,2320.0,1019.19,2.276317467793051,1.276317467793051
2021-09-20,PTBA,2290.0,1006.02,2.276296693902706,1.2762966939027058
2021-09-21,PTBA,2280.0,1001.62,2.276312373954194,1.2763123739541942
2021-09-22,PTBA,2350.0,1032.37,2.2763156620203997,1.2763156620203997
2021-09-23,PTBA,2420.0,1063.13,2.2762973483957745,1.2762973483957745
2021-09-24,PTBA,2450.0,1076.3,2.276317011985506,1.276317011985506
2021-09-27,PTBA,2460.0,1080.7,2.2763023965947995,1.2763023965947995
2021-09-28,PTBA,2630.0,1155.38,2.2763073620800083,1.2763073620800083
2021-09-29,PTBA,2640.0,1159.77,2.2763134069686233,1.2763134069686233
2021-09-30,PTBA,2760.0,1212.49,2.276307433463369,1.2763074334633688
2021-10-01,PTBA,2720.0,1194.92,2.276303016101496,1.276303016101496
2021-10-04,PTBA,2890.0,1269.6,2.2763074984247007,1.2763074984247007
2021-10-05,PTBA,2840.0,1247.64,2.27629764996313,1.27629764996313
2021-10-06,PTBA,2840.0,1247.64,2.27629764996313,1.27629764996313
2021-10-07,PTBA,2680.0,1177.35,2.2762984668959954,1.2762984668959954
2021-10-08,PTBA,2780.0,1221.28,2.2763002751211845,1.2763002751211845
2021-10-11,PTBA,2840.0,1247.64,2.27629764996313,1.27629764996313
2021-10-12,PTBA,2830.0,1243.24,2.276310286026833,1.276310286026833
2021-10-13,PTBA,2790.0,1225.67,2.2763060203806895,1.2763060203806895
2021-10-14,PTBA,2820.0,1238.85,2.2763046373652984,1.2763046373652984
2021-10-15,PTBA,2830.0,1243.24,2.276310286026833,1.276310286026833
2021-10-18,PTBA,2860.0,1256.42,2.2763088776046225,1.2763088776046225
2021-10-19,PTBA,2820.0,1238.85,2.2763046373652984,1.2763046373652984
2021-10-21,PTBA,2720.0,1194.92,2.276303016101496,1.276303016101496
2021-10-22,PTBA,2670.0,1172.95,2.2763118632507777,1.2763118632507777
2021-10-25,PTBA,2740.0,1203.7,2.276314696352912,1.276314696352912
2021-10-26,PTBA,2800.0,1230.06,2.2763117246313187,1.2763117246313187
2021-10-27,PTBA,2780.0,1221.28,2.2763002751211845,1.2763002751211845
2021-10-28,PTBA,2640.0,1159.77,2.2763134069686233,1.2763134069686233
2021-10-29,PTBA,2680.0,1177.35,2.2762984668959954,1.2762984668959954
2021-11-01,PTBA,2670.0,1172.95,2.2763118632507777,1.2763118632507777
2021-11-02,PTBA,2600.0,1142.2,2.2763088776046225,1.2763088776046225
2021-11-03,PTBA,2640.0,1159.77,2.2763134069686233,1.2763134069686233
2021-11-04,PTBA,2680.0,1177.35,2.2762984668959954,1.2762984668959954
2021-11-05,PTBA,2650.0,1164.17,2.2762998531142355,1.2762998531142355
2021-11-08,PTBA,2680.0,1177.35,2.2762984668959954,1.2762984668959954
2021-11-09,PTBA,2680.0,1177.35,2.2762984668959954,1.2762984668959954
2021-11-10,PTBA,2680.0,1177.35,2.2762984668959954,1.2762984668959954
2021-11-11,PTBA,2680.0,1177.35,2.2762984668959954,1.2762984668959954
2021-11-12,PTBA,2660.0,1168.56,2.27630588074211,1.2763058807421102
2021-11-15,PTBA,2510.0,1102.66,2.2763136415576875,1.2763136415576875
2021-11-16,PTBA,2510.0,1102.66,2.2763136415576875,1.2763136415576875
2021-11-17,PTBA,2550.0,1120.24,2.276297936156538,1.276297936156538
2021-11-18,PTBA,2540.0,1115.84,2.2763120160596504,1.2763120160596504
2021-11-19,PTBA,2620.0,1150.99,2.2763012710796793,1.2763012710796793
2021-11-22,PTBA,2600.0,1142.2,2.2763088776046225,1.2763088776046225
2021-11-23,PTBA,2640.0,1159.77,2.2763134069686233,1.2763134069686233
2021-11-24,PTBA,2660.0,1168.56,2.27630588074211,1.2763058807421102
2021-11-25,PTBA,2700.0,1186.13,2.276310353839798,1.276310353839798
2021-11-26,PTBA,2600.0,1142.2,2.2763088776046225,1.2763088776046225
2021-11-29,PTBA,2660.0,1168.56,2.27630588074211,1.2763058807421102
2021-11-30,PTBA,2600.0,1142.2,2.2763088776046225,1.2763088776046225
2021-12-01,PTBA,2600.0,1142.2,2.2763088776046225,1.2763088776046225
2021-12-02,PTBA,2740.0,1203.7,2.276314696352912,1.276314696352912
2021-12-03,PTBA,2710.0,1190.53,2.276297111370566,1.2762971113705661
2021-12-06,PTBA,2750.0,1208.1,2.276301630659714,1.276301630659714
2021-12-07,PTBA,2750.0,1208.1,2.276301630659714,1.276301630659714
2021-12-08,PTBA,2720.0,1194.92,2.276303016101496,1.276303016101496
2021-12-09,PTBA,2720.0,1194.92,2.276303016101496,1.276303016101496
2021-12-10,PTBA,2740.0,1203.7,2.276314696352912,1.276314696352912
2021-12-13,PTBA,2710.0,1190.53,2.276297111370566,1.2762971113705661
2021-12-14,PTBA,2730.0,1199.31,2.276308877604623,1.276308877604623
2021-12-15,PTBA,2700.0,1186.13,2.276310353839798,1.276310353839798
2021-12-16,PTBA,2680.0,1177.35,2.2762984668959954,1.2762984668959954
2021-12-17,PTBA,2730.0,1199.31,2.276308877604623,1.276308877604623
2021-12-20,PTBA,2650.0,1164.17,2.2762998531142355,1.2762998531142355
2021-12-21,PTBA,2690.0,1181.74,2.2763044324470694,1.2763044324470694
2021-12-22,PTBA,2700.0,1186.13,2.276310353839798,1.276310353839798
2021-12-23,PTBA,2700.0,1186.13,2.276310353839798,1.276310353839798
2021-12-24,PTBA,2710.0,1190.53,2.276297111370566,1.2762971113705661
2021-12-27,PTBA,2700.0,1186.13,2.276310353839798,1.276310353839798
2021-12-28,PTBA,2800.0,1230.06,2.2763117246313187,1.2763117246313187
2021-12-29,PTBA,2790.0,1225.67,2.2763060203806895,1.2763060203806895
2021-12-30,PTBA,2710.0,1190.53,2.276297111370566,1.2762971113705661
2022-01-03,PTBA,2670.0,1172.95,2.2763118632507777,1.2763118632507777
2022-01-04,PTBA,2700.0,1186.13,2.276310353839798,1.276310353839798
2022-01-05,PTBA,2730.0,1199.31,2.276308877604623,1.276308877604623
2022-01-06,PTBA,2700.0,1186.13,2.276310353839798,1.276310353839798
2022-01-07,PTBA,2790.0,1225.67,2.2763060203806895,1.2763060203806895
2022-01-10,PTBA,2780.0,1221.28,2.2763002751211845,1.2763002751211845
2022-01-11,PTBA,2830.0,1243.24,2.276310286026833,1.276310286026833
2022-01-12,PTBA,2760.0,1212.49,2.276307433463369,1.2763074334633688
2022-01-13,PTBA,2810.0,1234.46,2.276298948528101,1.276298948528101
2022-01-14,PTBA,2830.0,1243.24,2.276310286026833,1.276310286026833
2022-01-17,PTBA,2810.0,1234.46,2.276298948528101,1.276298948528101
2022-01-18,PTBA,2820.0,1238.85,2.2763046373652984,1.2763046373652984
2022-01-19,PTBA,2810.0,1234.46,2.276298948528101,1.276298948528101
2022-01-20,PTBA,2820.0,1238.85,2.2763046373652984,1.2763046373652984
2022-01-21,PTBA,2830.0,1243.24,2.276310286026833,1.276310286026833
2022-01-24,PTBA,2870.0,1260.81,2.276314432785273,1.2763144327852731
2022-01-25,PTBA,2810.0,1234.46,2.276298948528101,1.276298948528101
2022-01-26,PTBA,2870.0,1260.81,2.276314432785273,1.2763144327852731
2022-01-27,PTBA,2900.0,1273.99,2.276313000886977,1.2763130008869772
2022-01-28,PTBA,2880.0,1265.21,2.2763019577777603,1.2763019577777603
2022-01-31,PTBA,2850.0,1252.03,2.2763032834676484,1.2763032834676484
2022-02-02,PTBA,2810.0,1234.46,2.276298948528101,1.276298948528101
2022-02-03,PTBA,2820.0,1238.85,2.2763046373652984,1.2763046373652984
2022-02-04,PTBA,2790.0,1225.67,2.2763060203806895,1.2763060203806895
2022-02-07,PTBA,2820.0,1238.85,2.2763046373652984,1.2763046373652984
2022-02-08,PTBA,2840.0,1247.64,2.27629764996313,1.27629764996313
2022-02-09,PTBA,2870.0,1260.81,2.276314432785273,1.2763144327852731
2022-02-10,PTBA,2840.0,1247.64,2.27629764996313,1.27629764996313
2022-02-11,PTBA,2880.0,1265.21,2.2763019577777603,1.2763019577777603
2022-02-14,PTBA,2910.0,1278.39,2.2763006594231805,1.2763006594231805
2022-02-15,PTBA,2910.0,1278.39,2.2763006594231805,1.2763006594231805
2022-02-16,PTBA,2900.0,1273.99,2.276313000886977,1.2763130008869772
2022-02-17,PTBA,2900.0,1273.99,2.276313000886977,1.2763130008869772
2022-02-18,PTBA,2930.0,1287.17,2.276311598312577,1.276311598312577
2022-02-21,PTBA,2940.0,1291.57,2.27629938756707,1.2762993875670698
2022-02-22,PTBA,2940.0,1291.57,2.27629938756707,1.2762993875670698
2022-02-23,PTBA,3010.0,1322.32,2.276302256639845,1.2763022566398452
2022-02-24,PTBA,3170.0,1392.61,2.2763013334673743,1.2763013334673743
2022-02-25,PTBA,3140.0,1379.43,2.2763025307554567,1.2763025307554567
2022-03-01,PTBA,3190.0,1401.39,2.276311376561842,1.276311376561842
2022-03-02,PTBA,3250.0,1427.75,2.2763088776046225,1.2763088776046225
2022-03-04,PTBA,3540.0,1555.15,2.2763077516638264,1.2763077516638264
2022-03-07,PTBA,3620.0,1590.3,2.276300069169339,1.2763000691693391
2022-03-08,PTBA,3480.0,1528.79,2.276310022959334,1.276310022959334
2022-03-09,PTBA,3540.0,1555.15,2.2763077516638264,1.2763077516638264
2022-03-10,PTBA,3470.0,1524.4,2.276305431645237,1.2763054316452371
2022-03-11,PTBA,3480.0,1528.79,2.276310022959334,1.276310022959334
2022-03-14,PTBA,3310.0,1454.11,2.276306469249232,1.2763064692492319
2022-03-15,PTBA,3300.0,1449.72,2.2763016306597135,1.2763016306597135
2022-03-16,PTBA,3380.0,1484.86,2.276308877604623,1.276308877604623
2022-03-17,PTBA,3320.0,1458.5,2.2763112787110042,1.2763112787110042
2022-03-18,PTBA,3190.0,1401.39,2.276311376561842,1.276311376561842
2022-03-21,PTBA,3220.0,1414.57,2.276310115441442,1.2763101154414418
2022-03-22,PTBA,3300.0,1449.72,2.2763016306597135,1.2763016306597135
2022-03-23,PTBA,3330.0,1462.9,2.276300499008818,1.2763004990088178
2022-03-24,PTBA,3350.0,1471.68,2.2763100674059578,1.2763100674059578
2022-03-25,PTBA,3320.0,1458.5,2.2763112787110042,1.2763112787110042
2022-03-28,PTBA,3430.0,1506.83,2.276301905324423,1.2763019053244231
2022-03-29,PTBA,3370.0,1480.47,2.2763041466561296,1.2763041466561296
2022-03-30,PTBA,3280.0,1440.93,2.27630766241247,1.2763076624124698
2022-03-31,PTBA,3290.0,1445.32,2.276312512108045,1.2763125121080452
2022-04-01,PTBA,3330.0,1462.9,2.276300499008818,1.2763004990088178
2022-04-04,PTBA,3360.0,1476.08,2.27629938756707,1.2762993875670698
2022-04-05,PTBA,3480.0,1528.79,2.276310022959334,1.276310022959334
2022-04-06,PTBA,3490.0,1533.19,2.2762997410627515,1.2762997410627515
2022-04-07,PTBA,3500.0,1537.58,2.276304322376722,1.2763043223767219
2022-04-08,PTBA,3600.0,1581.51,2.276305556082478,1.276305556082478
2022-04-11,PTBA,3550.0,1559.54,2.2763122459186684,1.2763122459186684
2022-04-12,PTBA,3510.0,1541.97,2.2763088776046225,1.2763088776046225
2022-04-13,PTBA,3760.0,1651.8,2.2763046373652984,1.2763046373652984
2022-04-14,PTBA,3770.0,1656.19,2.2763088776046225,1.2763088776046225
2022-04-18,PTBA,3760.0,1651.8,2.2763046373652984,1.2763046373652984
2022-04-19,PTBA,3750.0,1647.41,2.2763003745272883,1.2763003745272883
2022-04-20,PTBA,3700.0,1625.44,2.2763067231026675,1.2763067231026675
2022-04-21,PTBA,3720.0,1634.23,2.276301377407097,1.2763013774070968
2022-04-22,PTBA,3690.0,1621.05,2.2763023965948,1.2763023965948
2022-04-25,PTBA,3700.0,1625.44,2.2763067231026675,1.2763067231026675
2022-04-26,PTBA,3640.0,1599.08,2.276308877604623,1.276308877604623
2022-04-27,PTBA,3700.0,1625.44,2.2763067231026675,1.2763067231026675
2022-04-28,PTBA,3820.0,1678.16,2.276302617152119,1.276302617152119
2022-05-09,PTBA,3770.0,1656.19,2.2763088776046225,1.2763088776046225
2022-05-10,PTBA,3660.0,1607.87,2.276303432491433,1.2763034324914329
2022-05-11,PTBA,3710.0,1629.83,2.276311026303357,1.276311026303357
2022-05-12,PTBA,3650.0,1603.47,2.2763132456485,1.2763132456484998
2022-05-13,PTBA,3800.0,1669.37,2.276307828701846,1.276307828701846
2022-05-17,PTBA,4100.0,1801.16,2.276310821914766,1.276310821914766
2022-05-18,PTBA,4000.0,1757.23,2.276309874063156,1.276309874063156
2022-05-19,PTBA,3950.0,1735.27,2.27630282319178,1.27630282319178
2022-05-20,PTBA,4050.0,1779.2,2.2763039568345325,1.2763039568345325
2022-05-23,PTBA,4100.0,1801.16,2.276310821914766,1.276310821914766
2022-05-24,PTBA,4400.0,1932.96,2.2763016306597135,1.2763016306597135
2022-05-25,PTBA,4390.0,1928.56,2.27630978553947,1.2763097855394698
2022-05-27,PTBA,4420.0,1941.74,2.2763088776046225,1.2763088776046225
2022-05-30,PTBA,4430.0,1946.13,2.2763124765560367,1.2763124765560367
2022-05-31,PTBA,4530.0,1990.07,2.276301838628792,1.2763018386287919
2022-06-02,PTBA,4550.0,1998.85,2.276308877604623,1.276308877604623
2022-06-03,PTBA,4630.0,2034.0,2.2763028515240906,1.2763028515240906
2022-06-06,PTBA,4310.0,2224.17,1.9378015169703755,0.9378015169703755
2022-06-07,PTBA,4070.0,2100.32,1.9377999542926791,0.9377999542926791
2022-06-08,PTBA,4050.0,2090.0,1.937799043062201,0.937799043062201
2022-06-09,PTBA,4070.0,2100.32,1.9377999542926791,0.9377999542926791
2022-06-10,PTBA,3920.0,2022.91,1.937802472675502,0.9378024726755021
2022-06-13,PTBA,3870.0,1997.11,1.9378001211750981,0.9378001211750981
2022-06-14,PTBA,3880.0,2002.27,1.9378005963231733,0.9378005963231733
2022-06-15,PTBA,3680.0,1899.06,1.937800806714901,0.9378008067149011
2022-06-16,PTBA,3820.0,1971.3,1.9378075381727795,0.9378075381727795
2022-06-17,PTBA,3730.0,1924.86,1.9378032688091602,0.9378032688091602
2022-06-20,PTBA,3730.0,1924.86,1.9378032688091602,0.9378032688091602
2022-06-21,PTBA,4030.0,2079.67,1.9378074406035573,0.9378074406035573
2022-06-22,PTBA,4120.0,2126.12,1.9378021936673377,0.9378021936673377
2022-06-23,PTBA,4090.0,2110.64,1.9378008566122125,0.9378008566122125
2022-06-24,PTBA,4090.0,2110.64,1.9378008566122125,0.9378008566122125
2022-06-27,PTBA,3970.0,2048.71,1.9378047649496513,0.9378047649496513
2022-06-28,PTBA,4030.0,2079.67,1.9378074406035573,0.9378074406035573
2022-06-29,PTBA,3990.0,2059.03,1.9378056657746607,0.9378056657746607
2022-06-30,PTBA,3820.0,1971.3,1.9378075381727795,0.9378075381727795
2022-07-01,PTBA,3720.0,1919.7,1.9378027816846382,0.9378027816846382
2022-07-04,PTBA,3680.0,1899.06,1.937800806714901,0.9378008067149011
2022-07-05,PTBA,3950.0,2038.39,1.9378038550032133,0.9378038550032133
2022-07-06,PTBA,3860.0,1991.95,1.9377996435653504,0.9377996435653504
2022-07-07,PTBA,3850.0,1986.79,1.9377991634747507,0.9377991634747507
2022-07-08,PTBA,3930.0,2028.07,1.9378029357961017,0.9378029357961017
2022-07-11,PTBA,3870.0,1997.11,1.9378001211750981,0.9378001211750981
2022-07-12,PTBA,3980.0,2053.87,1.9378052164937412,0.9378052164937412
2022-07-13,PTBA,4030.0,2079.67,1.9378074406035573,0.9378074406035573
2022-07-14,PTBA,4060.0,2095.16,1.937799499799538,0.937799499799538
2022-07-15,PTBA,3940.0,2033.23,1.937803396566055,0.937803396566055
2022-07-18,PTBA,3890.0,2007.43,1.9378010690285588,0.9378010690285588
2022-07-19,PTBA,3980.0,2053.87,1.9378052164937412,0.9378052164937412
2022-07-20,PTBA,4030.0,2079.67,1.9378074406035573,0.9378074406035573
2022-07-21,PTBA,4020.0,2074.51,1.9378070002072776,0.9378070002072776
2022-07-22,PTBA,4050.0,2090.0,1.937799043062201,0.937799043062201
2022-07-25,PTBA,4060.0,2095.16,1.937799499799538,0.937799499799538
2022-07-26,PTBA,4090.0,2110.64,1.9378008566122125,0.9378008566122125
2022-07-27,PTBA,4270.0,2203.53,1.9377998030432986,0.9377998030432986
2022-07-28,PTBA,4270.0,2203.53,1.9377998030432986,0.9377998030432986
2022-07-29,PTBA,4300.0,2219.01,1.9378010914777308,0.9378010914777308
2022-08-01,PTBA,4280.0,2208.69,1.937800234528159,0.9378002345281591
2022-08-02,PTBA,4190.0,2162.24,1.9378052390113958,0.9378052390113958
2022-08-03,PTBA,4230.0,2182.88,1.9378069339588067,0.9378069339588067
2022-08-04,PTBA,4110.0,2120.96,1.937801750150875,0.9378017501508751
2022-08-05,PTBA,4120.0,2126.12,1.9378021936673377,0.9378021936673377
2022-08-08,PTBA,4040.0,2084.83,1.9378078788198558,0.9378078788198558
2022-08-09,PTBA,4070.0,2100.32,1.9377999542926791,0.9377999542926791
2022-08-10,PTBA,4170.0,2151.92,1.937804379344957,0.9378043793449571
2022-08-11,PTBA,4150.0,2141.6,1.937803511393351,0.9378035113933509
2022-08-12,PTBA,4150.0,2141.6,1.937803511393351,0.9378035113933509
2022-08-15,PTBA,4130.0,2131.28,1.937802635036222,0.9378026350362221
2022-08-16,PTBA,4080.0,2105.48,1.9378004065581245,0.9378004065581245
2022-08-18,PTBA,4130.0,2131.28,1.937802635036222,0.9378026350362221
2022-08-19,PTBA,4210.0,2172.56,1.937806090510734,0.9378060905107339
2022-08-22,PTBA,4100.0,2115.8,1.937801304471122,0.937801304471122
2022-08-23,PTBA,4250.0,2193.21,1.9377989339826098,0.9377989339826098
2022-08-24,PTBA,4330.0,2234.49,1.9378023620602467,0.9378023620602467
2022-08-25,PTBA,4360.0,2249.97,1.9378036151593134,0.9378036151593134
2022-08-26,PTBA,4360.0,2249.97,1.9378036151593134,0.9378036151593134
2022-08-29,PTBA,4360.0,2249.97,1.9378036151593134,0.9378036151593134
2022-08-30,PTBA,4340.0,2239.65,1.9378027816846382,0.9378027816846382
2022-08-31,PTBA,4250.0,2193.21,1.9377989339826098,0.9377989339826098
2022-09-01,PTBA,4240.0,2188.04,1.9378073526992194,0.9378073526992194
2022-09-02,PTBA,4260.0,2198.37,1.9377993695328812,0.9377993695328812
2022-09-05,PTBA,4450.0,2296.41,1.9378072730914777,0.9378072730914777
2022-09-06,PTBA,4470.0,2306.74,1.9377996653285592,0.9377996653285592
2022-09-07,PTBA,4430.0,2286.09,1.9378064730609905,0.9378064730609905
2022-09-08,PTBA,4330.0,2234.49,1.9378023620602467,0.9378023620602467
2022-09-09,PTBA,4310.0,2224.17,1.9378015169703755,0.9378015169703755
2022-09-12,PTBA,4340.0,2239.65,1.9378027816846382,0.9378027816846382
2022-09-13,PTBA,4370.0,2255.13,1.93780402903602,0.9378040290360199
2022-09-14,PTBA,4360.0,2249.97,1.9378036151593134,0.9378036151593134
2022-09-15,PTBA,4410.0,2275.77,1.937805665774661,0.937805665774661
2022-09-16,PTBA,4320.0,2229.33,1.9378019404933322,0.9378019404933322
2022-09-19,PTBA,4220.0,2177.72,1.9378065132340248,0.9378065132340248
2022-09-20,PTBA,4200.0,2167.4,1.9378056657746607,0.9378056657746607
2022-09-21,PTBA,4210.0,2172.56,1.937806090510734,0.9378060905107339
2022-09-22,PTBA,4340.0,2239.65,1.9378027816846382,0.9378027816846382
2022-09-23,PTBA,4300.0,2219.01,1.9378010914777308,0.9378010914777308
2022-09-26,PTBA,4150.0,2141.6,1.937803511393351,0.9378035113933509
2022-09-27,PTBA,4170.0,2151.92,1.937804379344957,0.9378043793449571
2022-09-28,PTBA,4150.0,2141.6,1.937803511393351,0.9378035113933509
2022-09-29,PTBA,4140.0,2136.44,1.9378030742730898,0.9378030742730898
2022-09-30,PTBA,4170.0,2151.92,1.937804379344957,0.9378043793449571
2022-10-03,PTBA,4160.0,2146.76,1.9378039464122676,0.9378039464122676
2022-10-04,PTBA,4240.0,2188.04,1.9378073526992194,0.9378073526992194
2022-10-05,PTBA,4210.0,2172.56,1.937806090510734,0.9378060905107339
2022-10-06,PTBA,4230.0,2182.88,1.9378069339588067,0.9378069339588067
2022-10-07,PTBA,4290.0,2213.85,1.9378006640016263,0.9378006640016263
2022-10-10,PTBA,4150.0,2141.6,1.937803511393351,0.9378035113933509
2022-10-11,PTBA,4220.0,2177.72,1.9378065132340248,0.9378065132340248
2022-10-12,PTBA,4260.0,2198.37,1.9377993695328812,0.9377993695328812
2022-10-13,PTBA,4250.0,2193.21,1.9377989339826098,0.9377989339826098
2022-10-14,PTBA,4230.0,2182.88,1.9378069339588067,0.9378069339588067
2022-10-17,PTBA,4250.0,2193.21,1.9377989339826098,0.9377989339826098
2022-10-18,PTBA,3960.0,2043.55,1.9378043111252479,0.9378043111252479
2022-10-19,PTBA,3730.0,1924.86,1.9378032688091602,0.9378032688091602
2022-10-20,PTBA,3830.0,1976.46,1.9378080001619056,0.9378080001619056
2022-10-21,PTBA,3830.0,1976.46,1.9378080001619056,0.9378080001619056
2022-10-24,PTBA,3780.0,1950.66,1.9378056657746607,0.9378056657746607
2022-10-25,PTBA,3750.0,1935.18,1.9378042352649365,0.9378042352649365
2022-10-26,PTBA,3810.0,1966.14,1.9378070737587354,0.9378070737587354
2022-10-27,PTBA,3790.0,1955.82,1.937806137579123,0.9378061375791229
2022-10-28,PTBA,3790.0,1955.82,1.937806137579123,0.9378061375791229
2022-10-31,PTBA,3910.0,2017.75,1.9378020071862223,0.9378020071862223
2022-11-01,PTBA,3750.0,1935.18,1.9378042352649365,0.9378042352649365
2022-11-02,PTBA,3740.0,1930.02,1.9378037533289811,0.9378037533289811
2022-11-03,PTBA,3750.0,1935.18,1.9378042352649365,0.9378042352649365
2022-11-04,PTBA,3750.0,1935.18,1.9378042352649365,0.9378042352649365
2022-11-07,PTBA,3830.0,1976.46,1.9378080001619056,0.9378080001619056
2022-11-08,PTBA,3790.0,1955.82,1.937806137579123,0.9378061375791229
2022-11-09,PTBA,3660.0,1888.74,1.9377998030432988,0.9377998030432988
2022-11-10,PTBA,3470.0,1790.69,1.9378005126515476,0.9378005126515476
2022-11-11,PTBA,3480.0,1795.85,1.93780104128964,0.93780104128964
2022-11-14,PTBA,3480.0,1795.85,1.93780104128964,0.93780104128964
2022-11-15,PTBA,3500.0,1806.17,1.9378020895043102,0.9378020895043102
2022-11-16,PTBA,3500.0,1806.17,1.9378020895043102,0.9378020895043102
2022-11-17,PTBA,3550.0,1831.97,1.9378046583732267,0.9378046583732267
2022-11-18,PTBA,3550.0,1831.97,1.9378046583732267,0.9378046583732267
2022-11-21,PTBA,3650.0,1883.58,1.9377992970832139,0.9377992970832139
2022-11-22,PTBA,3690.0,1904.22,1.937801304471122,0.937801304471122
2022-11-23,PTBA,3700.0,1909.38,1.9378017995370225,0.9378017995370225
2022-11-24,PTBA,3690.0,1904.22,1.937801304471122,0.937801304471122
2022-11-25,PTBA,3640.0,1878.42,1.937798788343395,0.9377987883433949
2022-11-28,PTBA,3680.0,1899.06,1.937800806714901,0.9378008067149011
2022-11-29,PTBA,3750.0,1935.18,1.9378042352649365,0.9378042352649365
2022-11-30,PTBA,3800.0,1960.98,1.9378066069006312,0.9378066069006312
2022-12-01,PTBA,3810.0,1966.14,1.9378070737587354,0.9378070737587354
2022-12-02,PTBA,3770.0,1945.5,1.937805191467489,0.937805191467489
2022-12-05,PTBA,3690.0,1904.22,1.937801304471122,0.937801304471122
2022-12-06,PTBA,3660.0,1888.74,1.9377998030432988,0.9377998030432988
2022-12-07,PTBA,3690.0,1904.22,1.937801304471122,0.937801304471122
2022-12-08,PTBA,3700.0,1909.38,1.9378017995370225,0.9378017995370225
2022-12-09,PTBA,3620.0,1868.09,1.937808135582333,0.9378081355823329
2022-12-12,PTBA,3800.0,1960.98,1.9378066069006312,0.9378066069006312
2022-12-13,PTBA,3720.0,1919.7,1.9378027816846382,0.9378027816846382
2022-12-14,PTBA,3790.0,1955.82,1.937806137579123,0.9378061375791229
2022-12-15,PTBA,3770.0,1945.5,1.937805191467489,0.937805191467489
2022-12-16,PTBA,3800.0,1960.98,1.9378066069006312,0.9378066069006312
2022-12-19,PTBA,3820.0,1971.3,1.9378075381727795,0.9378075381727795
2022-12-20,PTBA,3770.0,1945.5,1.937805191467489,0.937805191467489
2022-12-21,PTBA,3760.0,1940.34,1.937804714637641,0.9378047146376409
2022-12-22,PTBA,3760.0,1940.34,1.937804714637641,0.9378047146376409
2022-12-23,PTBA,3740.0,1930.02,1.9378037533289811,0.9378037533289811
2022-12-26,PTBA,3700.0,1909.38,1.9378017995370225,0.9378017995370225
2022-12-27,PTBA,3690.0,1904.22,1.937801304471122,0.937801304471122
2022-12-28,PTBA,3670.0,1893.9,1.9378003062463698,0.9378003062463698
2022-12-29,PTBA,3670.0,1893.9,1.9378003062463698,0.9378003062463698
2022-12-30,PTBA,3690.0,1904.22,1.937801304471122,0.937801304471122
2023-01-02,PTBA,3690.0,1904.22,1.937801304471122,0.937801304471122
2023-01-03,PTBA,3730.0,1924.86,1.9378032688091602,0.9378032688091602
2023-01-04,PTBA,3620.0,1868.09,1.937808135582333,0.9378081355823329
2023-01-05,PTBA,3410.0,1759.72,1.9378082876821312,0.9378082876821312
2023-01-06,PTBA,3430.0,1770.05,1.9377983672777606,0.9377983672777606
2023-01-09,PTBA,3280.0,1692.64,1.937801304471122,0.937801304471122
2023-01-10,PTBA,3360.0,1733.92,1.9378056657746607,0.9378056657746607
2023-01-11,PTBA,3400.0,1754.56,1.9378077694692688,0.9378077694692688
2023-01-12,PTBA,3330.0,1718.44,1.9378040548404367,0.9378040548404367
2023-01-13,PTBA,3330.0,1718.44,1.9378040548404367,0.9378040548404367
2023-01-16,PTBA,3320.0,1713.28,1.9378035113933507,0.9378035113933507
2023-01-17,PTBA,3350.0,1728.76,1.9378051320021288,0.9378051320021288
2023-01-18,PTBA,3410.0,1759.72,1.9378082876821312,0.9378082876821312
2023-01-19,PTBA,3490.0,1801.01,1.9378015668985735,0.9378015668985735
2023-01-20,PTBA,3570.0,1842.29,1.937805665774661,0.937805665774661
2023-01-24,PTBA,3540.0,1826.81,1.9378041504042567,0.9378041504042567
2023-01-25,PTBA,3480.0,1795.85,1.93780104128964,0.93780104128964
2023-01-26,PTBA,3390.0,1749.4,1.9378072481993824,0.9378072481993824
2023-01-27,PTBA,3470.0,1790.69,1.9378005126515476,0.9378005126515476
2023-01-30,PTBA,3450.0,1780.37,1.9377994461825352,0.9377994461825352
2023-01-31,PTBA,3400.0,1754.56,1.9378077694692688,0.9378077694692688
2023-02-01,PTBA,3380.0,1744.24,1.9378067238453425,0.9378067238453425
2023-02-02,PTBA,3420.0,1764.89,1.9377978230937905,0.9377978230937905
2023-02-03,PTBA,3330.0,1718.44,1.9378040548404367,0.9378040548404367
2023-02-06,PTBA,3260.0,1682.32,1.937800180702839,0.9378001807028391
2023-02-07,PTBA,3470.0,1790.69,1.9378005126515476,0.9378005126515476
2023-02-08,PTBA,3490.0,1801.01,1.9378015668985735,0.9378015668985735
2023-02-09,PTBA,3480.0,1795.85,1.93780104128964,0.93780104128964
2023-02-10,PTBA,3370.0,1739.08,1.937806196379695,0.9378061963796951
2023-02-13,PTBA,3370.0,1739.08,1.937806196379695,0.9378061963796951
2023-02-14,PTBA,3400.0,1754.56,1.9378077694692688,0.9378077694692688
2023-02-15,PTBA,3440.0,1775.21,1.937798908298173,0.937798908298173
2023-02-16,PTBA,3510.0,1811.33,1.937802609132516,0.937802609132516
2023-02-17,PTBA,3490.0,1801.01,1.9378015668985735,0.9378015668985735
2023-02-20,PTBA,3570.0,1842.29,1.937805665774661,0.937805665774661
2023-02-21,PTBA,3520.0,1816.49,1.9378031258085648,0.9378031258085648
2023-02-22,PTBA,3540.0,1826.81,1.9378041504042567,0.9378041504042567
2023-02-23,PTBA,3560.0,1837.13,1.9378051634887024,0.9378051634887024
2023-02-24,PTBA,3660.0,1888.74,1.9377998030432988,0.9377998030432988
2023-02-27,PTBA,3730.0,1924.86,1.9378032688091602,0.9378032688091602
2023-02-28,PTBA,3860.0,1991.95,1.9377996435653504,0.9377996435653504
2023-03-01,PTBA,3880.0,2002.27,1.9378005963231733,0.9378005963231733
2023-03-02,PTBA,4000.0,2064.19,1.9378061128093829,0.9378061128093829
2023-03-03,PTBA,4010.0,2069.35,1.93780655761471,0.9378065576147101
2023-03-06,PTBA,3990.0,2059.03,1.9378056657746607,0.9378056657746607
2023-03-07,PTBA,3830.0,1976.46,1.9378080001619056,0.9378080001619056
2023-03-08,PTBA,3860.0,1991.95,1.9377996435653504,0.9377996435653504
2023-03-09,PTBA,3940.0,2033.23,1.937803396566055,0.937803396566055
2023-03-10,PTBA,3890.0,2007.43,1.9378010690285588,0.9378010690285588
2023-03-13,PTBA,3930.0,2028.07,1.9378029357961017,0.9378029357961017
2023-03-14,PTBA,3830.0,1976.46,1.9378080001619056,0.9378080001619056
2023-03-15,PTBA,3810.0,1966.14,1.9378070737587354,0.9378070737587354
2023-03-16,PTBA,3650.0,1883.58,1.9377992970832139,0.9377992970832139
2023-03-17,PTBA,3880.0,2002.27,1.9378005963231733,0.9378005963231733
2023-03-20,PTBA,3830.0,1976.46,1.9378080001619056,0.9378080001619056
2023-03-21,PTBA,3750.0,1935.18,1.9378042352649365,0.9378042352649365
2023-03-24,PTBA,3710.0,1914.54,1.937802291934355,0.9378022919343549
2023-03-27,PTBA,3700.0,1909.38,1.9378017995370225,0.9378017995370225
2023-03-28,PTBA,3810.0,1966.14,1.9378070737587354,0.9378070737587354
2023-03-29,PTBA,3910.0,2017.75,1.9378020071862223,0.9378020071862223
2023-03-30,PTBA,3870.0,1997.11,1.9378001211750981,0.9378001211750981
2023-03-31,PTBA,3990.0,2059.03,1.9378056657746607,0.9378056657746607
2023-04-03,PTBA,4040.0,2084.83,1.9378078788198558,0.9378078788198558
2023-04-04,PTBA,4100.0,2115.8,1.937801304471122,0.937801304471122
2023-04-05,PTBA,4070.0,2100.32,1.9377999542926791,0.9377999542926791
2023-04-06,PTBA,4030.0,2079.67,1.9378074406035573,0.9378074406035573
2023-04-10,PTBA,3960.0,2043.55,1.9378043111252479,0.9378043111252479
2023-04-11,PTBA,3980.0,2053.87,1.9378052164937412,0.9378052164937412
2023-04-12,PTBA,3920.0,2022.91,1.937802472675502,0.9378024726755021
2023-04-13,PTBA,3980.0,2053.87,1.9378052164937412,0.9378052164937412
2023-04-14,PTBA,3970.0,2048.71,1.9378047649496513,0.9378047649496513
2023-04-17,PTBA,3950.0,2038.39,1.9378038550032133,0.9378038550032133
2023-04-18,PTBA,4040.0,2084.83,1.9378078788198558,0.9378078788198558
2023-04-26,PTBA,4140.0,2136.44,1.9378030742730898,0.9378030742730898
2023-04-27,PTBA,4130.0,2131.28,1.937802635036222,0.9378026350362221
2023-04-28,PTBA,4140.0,2136.44,1.9378030742730898,0.9378030742730898
2023-05-02,PTBA,3860.0,1991.95,1.9377996435653504,0.9377996435653504
2023-05-03,PTBA,3590.0,1852.61,1.9378066619525967,0.9378066619525967
2023-05-04,PTBA,3410.0,1759.72,1.9378082876821312,0.9378082876821312
2023-05-05,PTBA,3360.0,1733.92,1.9378056657746607,0.9378056657746607
2023-05-08,PTBA,3490.0,1801.01,1.9378015668985735,0.9378015668985735
2023-05-09,PTBA,3490.0,1801.01,1.9378015668985735,0.9378015668985735
2023-05-10,PTBA,3490.0,1801.01,1.9378015668985735,0.9378015668985735
2023-05-11,PTBA,3440.0,1775.21,1.937798908298173,0.937798908298173
2023-05-12,PTBA,3400.0,1754.56,1.9378077694692688,0.9378077694692688
2023-05-15,PTBA,3410.0,1759.72,1.9378082876821312,0.9378082876821312
2023-05-16,PTBA,3370.0,1739.08,1.937806196379695,0.9378061963796951
2023-05-17,PTBA,3270.0,1687.48,1.9378007443051177,0.9378007443051177
2023-05-19,PTBA,3120.0,1610.07,1.9378039464122678,0.9378039464122678
2023-05-22,PTBA,3160.0,1630.71,1.9378062316414322,0.9378062316414322
2023-05-23,PTBA,3150.0,1625.55,1.937805665774661,0.937805665774661
2023-05-24,PTBA,3110.0,1604.91,1.9378033659208302,0.9378033659208302
2023-05-25,PTBA,3010.0,1553.31,1.937797348887215,0.9377973488872151
2023-05-26,PTBA,2940.0,1517.18,1.9378056657746607,0.9378056657746607
2023-05-29,PTBA,2960.0,1527.5,1.9378068739770868,0.9378068739770868
2023-05-30,PTBA,3090.0,1594.59,1.9378021936673377,0.9378021936673377
2023-05-31,PTBA,3060.0,1579.11,1.9378004065581247,0.9378004065581247
2023-06-05,PTBA,3150.0,1625.55,1.937805665774661,0.937805665774661
2023-06-06,PTBA,3280.0,1692.64,1.937801304471122,0.937801304471122
2023-06-07,PTBA,3190.0,1646.19,1.9378079079571617,0.9378079079571617
2023-06-08,PTBA,3300.0,1702.96,1.9378024146192512,0.9378024146192512
2023-06-09,PTBA,3380.0,1744.24,1.9378067238453425,0.9378067238453425
2023-06-12,PTBA,3530.0,1821.65,1.937803639557544,0.937803639557544
2023-06-13,PTBA,3490.0,1801.01,1.9378015668985735,0.9378015668985735
2023-06-14,PTBA,3480.0,1795.85,1.93780104128964,0.93780104128964
2023-06-15,PTBA,3630.0,1873.26,1.9377982768008712,0.9377982768008712
2023-06-16,PTBA,3820.0,1971.3,1.9378075381727795,0.9378075381727795
2023-06-19,PTBA,3790.0,1955.82,1.937806137579123,0.9378061375791229
2023-06-20,PTBA,3850.0,1986.79,1.9377991634747507,0.9377991634747507
2023-06-21,PTBA,3850.0,1986.79,1.9377991634747507,0.9377991634747507
2023-06-22,PTBA,3780.0,1950.66,1.9378056657746607,0.9378056657746607
2023-06-23,PTBA,3700.0,1909.38,1.9378017995370225,0.9378017995370225
2023-06-26,PTBA,3150.0,2308.0,1.3648180242634316,0.3648180242634316
2023-06-27,PTBA,2680.0,1963.64,1.3648122873846529,0.3648122873846529
2023-07-03,PTBA,2720.0,1992.94,1.3648178068582095,0.3648178068582095
2023-07-04,PTBA,2730.0,2000.27,1.364815749873767,0.36481574987376697
2023-07-05,PTBA,2780.0,2036.91,1.3648123873907045,0.36481238739070454
2023-07-06,PTBA,2810.0,2058.89,1.3648130788920245,0.3648130788920245
2023-07-07,PTBA,2770.0,2029.58,1.3648143950965226,0.3648143950965226
2023-07-10,PTBA,2780.0,2036.91,1.3648123873907045,0.36481238739070454
2023-07-11,PTBA,2760.0,2022.25,1.3648164173569044,0.3648164173569044
2023-07-12,PTBA,2730.0,2000.27,1.364815749873767,0.36481574987376697
2023-07-13,PTBA,2740.0,2007.6,1.3648137079099423,0.3648137079099423
2023-07-14,PTBA,2770.0,2029.58,1.3648143950965226,0.3648143950965226
2023-07-17,PTBA,2790.0,2044.23,1.3648170704861977,0.3648170704861977
2023-07-18,PTBA,2750.0,2014.92,1.364818454330693,0.36481845433069293
2023-07-20,PTBA,2770.0,2029.58,1.3648143950965226,0.3648143950965226
2023-07-21,PTBA,2790.0,2044.23,1.3648170704861977,0.3648170704861977
2023-07-24,PTBA,2880.0,2110.18,1.3648124804519046,0.3648124804519046
2023-07-25,PTBA,2850.0,2088.19,1.364818335496291,0.36481833549629106
2023-07-26,PTBA,2880.0,2110.18,1.3648124804519046,0.3648124804519046
2023-07-27,PTBA,2830.0,2073.54,1.36481572576367,0.36481572576366994
2023-07-28,PTBA,2800.0,2051.56,1.364815067558346,0.3648150675583459
2023-07-31,PTBA,2770.0,2029.58,1.3648143950965226,0.3648143950965226
2023-08-01,PTBA,2730.0,2000.27,1.364815749873767,0.36481574987376697
2023-08-02,PTBA,2740.0,2007.6,1.3648137079099423,0.3648137079099423
2023-08-03,PTBA,2740.0,2007.6,1.3648137079099423,0.3648137079099423
2023-08-04,PTBA,2780.0,2036.91,1.3648123873907045,0.36481238739070454
2023-08-07,PTBA,2770.0,2029.58,1.3648143950965226,0.3648143950965226
2023-08-08,PTBA,2770.0,2029.58,1.3648143950965226,0.3648143950965226
2023-08-09,PTBA,2780.0,2036.91,1.3648123873907045,0.36481238739070454
2023-08-10,PTBA,2790.0,2044.23,1.3648170704861977,0.3648170704861977
2023-08-11,PTBA,2770.0,2029.58,1.3648143950965226,0.3648143950965226
2023-08-14,PTBA,2780.0,2036.91,1.3648123873907045,0.36481238739070454
2023-08-15,PTBA,2790.0,2044.23,1.3648170704861977,0.3648170704861977
2023-08-16,PTBA,2770.0,2029.58,1.3648143950965226,0.3648143950965226
2023-08-18,PTBA,2790.0,2044.23,1.3648170704861977,0.3648170704861977
2023-08-21,PTBA,2800.0,2051.56,1.364815067558346,0.3648150675583459
2023-08-22,PTBA,2990.0,2190.77,1.364816936510907,0.3648169365109071
2023-08-23,PTBA,3020.0,2212.75,1.364817534741837,0.364817534741837
2023-08-24,PTBA,2950.0,2161.46,1.3648182247184772,0.36481822471847725
2023-08-25,PTBA,2910.0,2132.16,1.364813147230977,0.364813147230977
2023-08-28,PTBA,2970.0,2176.12,1.3648144403801261,0.3648144403801261
2023-08-29,PTBA,2960.0,2168.79,1.364816326154215,0.364816326154215
2023-08-30,PTBA,2910.0,2132.16,1.364813147230977,0.364813147230977
2023-08-31,PTBA,2860.0,2095.52,1.3648163701611056,0.3648163701611056
2023-09-01,PTBA,2880.0,2110.18,1.3648124804519046,0.3648124804519046
2023-09-04,PTBA,2920.0,2139.48,1.3648176192345804,0.36481761923458045
2023-09-05,PTBA,2930.0,2146.81,1.364815703299314,0.364815703299314
2023-09-06,PTBA,2990.0,2190.77,1.364816936510907,0.3648169365109071
2023-09-07,PTBA,2920.0,2139.48,1.3648176192345804,0.36481761923458045
2023-09-08,PTBA,2930.0,2146.81,1.364815703299314,0.364815703299314
2023-09-11,PTBA,2880.0,2110.18,1.3648124804519046,0.3648124804519046
2023-09-12,PTBA,2870.0,2102.85,1.3648144185272368,0.36481441852723684
2023-09-13,PTBA,2830.0,2073.54,1.36481572576367,0.36481572576366994
2023-09-14,PTBA,2890.0,2117.5,1.3648170011806375,0.36481700118063753
2023-09-15,PTBA,2850.0,2088.19,1.364818335496291,0.36481833549629106
2023-09-18,PTBA,2840.0,2080.87,1.36481375578484,0.3648137557848401
2023-09-19,PTBA,2880.0,2110.18,1.3648124804519046,0.3648124804519046
2023-09-20,PTBA,2870.0,2102.85,1.3648144185272368,0.36481441852723684
2023-09-21,PTBA,2820.0,2066.21,1.3648177097197283,0.36481770971972827
2023-09-22,PTBA,2860.0,2095.52,1.3648163701611056,0.3648163701611056
2023-09-25,PTBA,2850.0,2088.19,1.364818335496291,0.36481833549629106
2023-09-26,PTBA,2810.0,2058.89,1.3648130788920245,0.3648130788920245
2023-09-27,PTBA,2800.0,2051.56,1.364815067558346,0.3648150675583459
2023-09-29,PTBA,2800.0,2051.56,1.364815067558346,0.3648150675583459
2023-10-02,PTBA,2800.0,2051.56,1.364815067558346,0.3648150675583459
2023-10-03,PTBA,2740.0,2007.6,1.3648137079099423,0.3648137079099423
2023-10-04,PTBA,2690.0,1970.96,1.3648171449445956,0.3648171449445956
2023-10-05,PTBA,2660.0,1948.98,1.3648164681012631,0.3648164681012631
2023-10-06,PTBA,2660.0,1948.98,1.3648164681012631,0.3648164681012631
2023-10-09,PTBA,2720.0,1992.94,1.3648178068582095,0.3648178068582095
2023-10-10,PTBA,2750.0,2014.92,1.364818454330693,0.36481845433069293
2023-10-11,PTBA,2740.0,2007.6,1.3648137079099423,0.3648137079099423
2023-10-12,PTBA,2710.0,1985.62,1.3648130055096142,0.36481300550961415
2023-10-13,PTBA,2690.0,1970.96,1.3648171449445956,0.3648171449445956
2023-10-16,PTBA,2710.0,1985.62,1.3648130055096142,0.36481300550961415
2023-10-17,PTBA,2720.0,1992.94,1.3648178068582095,0.3648178068582095
2023-10-18,PTBA,2720.0,1992.94,1.3648178068582095,0.3648178068582095
2023-10-19,PTBA,2690.0,1970.96,1.3648171449445956,0.3648171449445956
2023-10-20,PTBA,2720.0,1992.94,1.3648178068582095,0.3648178068582095
2023-10-23,PTBA,2660.0,1948.98,1.3648164681012631,0.3648164681012631
2023-10-24,PTBA,2670.0,1956.31,1.3648143699106992,0.36481436991069915
2023-10-25,PTBA,2690.0,1970.96,1.3648171449445956,0.3648171449445956
2023-10-26,PTBA,2660.0,1948.98,1.3648164681012631,0.3648164681012631
2023-10-27,PTBA,2660.0,1948.98,1.3648164681012631,0.3648164681012631
2023-10-30,PTBA,2590.0,1897.69,1.3648172251526856,0.36481722515268555
2023-10-31,PTBA,2480.0,1817.1,1.3648120631775906,0.36481206317759063
2023-11-01,PTBA,2360.0,1729.17,1.3648166461365856,0.3648166461365856
2023-11-02,PTBA,2380.0,1743.83,1.3648119369433949,0.36481193694339487
2023-11-03,PTBA,2390.0,1751.15,1.3648174057048226,0.3648174057048226
2023-11-06,PTBA,2400.0,1758.48,1.364815067558346,0.3648150675583459
2023-11-07,PTBA,2360.0,1729.17,1.3648166461365856,0.3648166461365856
2023-11-08,PTBA,2330.0,1707.19,1.3648158670095303,0.3648158670095303
2023-11-09,PTBA,2350.0,1721.84,1.364819030804256,0.36481903080425604
2023-11-10,PTBA,2340.0,1714.52,1.3648134754916827,0.36481347549168275
2023-11-13,PTBA,2360.0,1729.17,1.3648166461365856,0.3648166461365856
2023-11-14,PTBA,2390.0,1751.15,1.3648174057048226,0.3648174057048226
2023-11-15,PTBA,2400.0,1758.48,1.364815067558346,0.3648150675583459
2023-11-16,PTBA,2380.0,1743.83,1.3648119369433949,0.36481193694339487
2023-11-17,PTBA,2400.0,1758.48,1.364815067558346,0.3648150675583459
2023-11-20,PTBA,2420.0,1773.13,1.3648181464416032,0.36481814644160315
2023-11-21,PTBA,2430.0,1780.46,1.364815834110286,0.36481583411028606
2023-11-22,PTBA,2420.0,1773.13,1.3648181464416032,0.36481814644160315
2023-11-23,PTBA,2430.0,1780.46,1.364815834110286,0.36481583411028606
2023-11-24,PTBA,2460.0,1802.44,1.3648165819666673,0.36481658196666733
2023-11-27,PTBA,2440.0,1787.79,1.3648135407402435,0.3648135407402435
2023-11-28,PTBA,2440.0,1787.79,1.3648135407402435,0.3648135407402435
2023-11-29,PTBA,2420.0,1773.13,1.3648181464416032,0.36481814644160315
2023-11-30,PTBA,2420.0,1773.13,1.3648181464416032,0.36481814644160315
2023-12-01,PTBA,2430.0,1780.46,1.364815834110286,0.36481583411028606
2023-12-04,PTBA,2460.0,1802.44,1.3648165819666673,0.36481658196666733
2023-12-05,PTBA,2420.0,1773.13,1.3648181464416032,0.36481814644160315
2023-12-06,PTBA,2410.0,1765.81,1.3648127488234862,0.36481274882348624
2023-12-07,PTBA,2420.0,1773.13,1.3648181464416032,0.36481814644160315
2023-12-08,PTBA,2410.0,1765.81,1.3648127488234862,0.36481274882348624
2023-12-11,PTBA,2370.0,1736.5,1.3648142816009214,0.36481428160092144
2023-12-12,PTBA,2350.0,1721.84,1.364819030804256,0.36481903080425604
2023-12-13,PTBA,2300.0,1685.21,1.364815067558346,0.3648150675583459
2023-12-14,PTBA,2310.0,1692.54,1.3648126484455316,0.36481264844553163
2023-12-15,PTBA,2310.0,1692.54,1.3648126484455316,0.36481264844553163
2023-12-18,PTBA,2330.0,1707.19,1.3648158670095303,0.3648158670095303
2023-12-19,PTBA,2370.0,1736.5,1.3648142816009214,0.36481428160092144
2023-12-20,PTBA,2360.0,1729.17,1.3648166461365856,0.3648166461365856
2023-12-21,PTBA,2380.0,1743.83,1.3648119369433949,0.36481193694339487
2023-12-22,PTBA,2400.0,1758.48,1.364815067558346,0.3648150675583459
2023-12-27,PTBA,2440.0,1787.79,1.3648135407402435,0.3648135407402435
2023-12-28,PTBA,2460.0,1802.44,1.3648165819666673,0.36481658196666733
2023-12-29,PTBA,2440.0,1787.79,1.3648135407402435,0.3648135407402435
2024-01-02,PTBA,2530.0,1853.73,1.3648158038117741,0.36481580381177414
2024-01-03,PTBA,2530.0,1853.73,1.3648158038117741,0.36481580381177414
2024-01-04,PTBA,2650.0,1941.65,1.3648185821337522,0.3648185821337522
2024-01-05,PTBA,2660.0,1948.98,1.3648164681012631,0.3648164681012631
2024-01-08,PTBA,2630.0,1927.0,1.3648157758173327,0.3648157758173327
2024-01-09,PTBA,2630.0,1927.0,1.3648157758173327,0.3648157758173327
2024-01-10,PTBA,2650.0,1941.65,1.3648185821337522,0.3648185821337522
2024-01-11,PTBA,2620.0,1919.67,1.3648179114118573,0.36481791141185727
2024-01-12,PTBA,2640.0,1934.33,1.364813656408162,0.3648136564081621
2024-01-15,PTBA,2710.0,1985.62,1.3648130055096142,0.36481300550961415
2024-01-16,PTBA,2700.0,1978.29,1.364815067558346,0.3648150675583459
2024-01-17,PTBA,2660.0,1948.98,1.3648164681012631,0.3648164681012631
2024-01-18,PTBA,2640.0,1934.33,1.364813656408162,0.3648136564081621
2024-01-19,PTBA,2620.0,1919.67,1.3648179114118573,0.36481791141185727
2024-01-22,PTBA,2550.0,1868.38,1.3648187199606074,0.36481871996060744
2024-01-23,PTBA,2540.0,1861.06,1.3648136008511278,0.3648136008511278
2024-01-24,PTBA,2510.0,1839.08,1.3648128412032103,0.36481284120321034
2024-01-25,PTBA,2570.0,1883.04,1.3648143427648909,0.3648143427648909
2024-01-26,PTBA,2570.0,1883.04,1.3648143427648909,0.3648143427648909
2024-01-29,PTBA,2570.0,1883.04,1.3648143427648909,0.3648143427648909
2024-01-30,PTBA,2590.0,1897.69,1.3648172251526856,0.36481722515268555
2024-01-31,PTBA,2610.0,1912.35,1.3648129265040396,0.3648129265040396
2024-02-01,PTBA,2560.0,1875.71,1.3648165228100293,0.3648165228100293
2024-02-02,PTBA,2540.0,1861.06,1.3648136008511278,0.3648136008511278
2024-02-05,PTBA,2540.0,1861.06,1.3648136008511278,0.3648136008511278
2024-02-06,PTBA,2560.0,1875.71,1.3648165228100293,0.3648165228100293
2024-02-07,PTBA,2610.0,1912.35,1.3648129265040396,0.3648129265040396
2024-02-12,PTBA,2650.0,1941.65,1.3648185821337522,0.3648185821337522
2024-02-13,PTBA,2640.0,1934.33,1.364813656408162,0.3648136564081621
2024-02-15,PTBA,2660.0,1948.98,1.3648164681012631,0.3648164681012631
2024-02-16,PTBA,2680.0,1963.64,1.3648122873846529,0.3648122873846529
2024-02-19,PTBA,2690.0,1970.96,1.3648171449445956,0.3648171449445956
2024-02-20,PTBA,2640.0,1934.33,1.364813656408162,0.3648136564081621
2024-02-21,PTBA,2610.0,1912.35,1.3648129265040396,0.3648129265040396
2024-02-22,PTBA,2630.0,1927.0,1.3648157758173327,0.3648157758173327
2024-02-23,PTBA,2630.0,1927.0,1.3648157758173327,0.3648157758173327
2024-02-26,PTBA,2580.0,1890.36,1.3648193994794644,0.3648193994794644
2024-02-27,PTBA,2590.0,1897.69,1.3648172251526856,0.36481722515268555
2024-02-28,PTBA,2620.0,1919.67,1.3648179114118573,0.36481791141185727
2024-02-29,PTBA,2560.0,1875.71,1.3648165228100293,0.3648165228100293
2024-03-01,PTBA,2580.0,1890.36,1.3648193994794644,0.3648193994794644
2024-03-04,PTBA,2690.0,1970.96,1.3648171449445956,0.3648171449445956
2024-03-05,PTBA,2740.0,2007.6,1.3648137079099423,0.3648137079099423
2024-03-06,PTBA,2780.0,2036.91,1.3648123873907045,0.36481238739070454
2024-03-07,PTBA,2840.0,2080.87,1.36481375578484,0.3648137557848401
2024-03-08,PTBA,2900.0,2124.83,1.364815067558346,0.3648150675583459
2024-03-13,PTBA,2800.0,2051.56,1.364815067558346,0.3648150675583459
2024-03-14,PTBA,2880.0,2110.18,1.3648124804519046,0.3648124804519046
2024-03-15,PTBA,2840.0,2080.87,1.36481375578484,0.3648137557848401
2024-03-18,PTBA,2850.0,2088.19,1.364818335496291,0.36481833549629106
2024-03-19,PTBA,2930.0,2146.81,1.364815703299314,0.364815703299314
2024-03-20,PTBA,2890.0,2117.5,1.3648170011806375,0.36481700118063753
2024-03-21,PTBA,2950.0,2161.46,1.3648182247184772,0.36481822471847725
2024-03-22,PTBA,2940.0,2154.14,1.364813800402945,0.3648138004029451
2024-03-25,PTBA,2930.0,2146.81,1.364815703299314,0.364815703299314
2024-03-26,PTBA,2940.0,2154.14,1.364813800402945,0.3648138004029451
2024-03-27,PTBA,2950.0,2161.46,1.3648182247184772,0.36481822471847725
2024-03-28,PTBA,2970.0,2176.12,1.3648144403801261,0.3648144403801261
2024-04-01,PTBA,2890.0,2117.5,1.3648170011806375,0.36481700118063753
2024-04-02,PTBA,2920.0,2139.48,1.3648176192345804,0.36481761923458045
2024-04-03,PTBA,2920.0,2139.48,1.3648176192345804,0.36481761923458045
2024-04-04,PTBA,2930.0,2146.81,1.364815703299314,0.364815703299314
2024-04-05,PTBA,2930.0,2146.81,1.364815703299314,0.364815703299314
2024-04-16,PTBA,3100.0,2271.37,1.364815067558346,0.3648150675583459
2024-04-17,PTBA,3090.0,2264.04,1.3648168760269253,0.36481687602692525
2024-04-18,PTBA,3130.0,2293.35,1.3648156626768702,0.36481566267687016
2024-04-19,PTBA,3140.0,2300.68,1.36481388111341,0.36481388111341007
2024-04-22,PTBA,3080.0,2256.72,1.3648126484455316,0.36481264844553163
2024-04-23,PTBA,3060.0,2242.06,1.3648162850235943,0.3648162850235943
2024-04-24,PTBA,2960.0,2168.79,1.364816326154215,0.364816326154215
2024-04-25,PTBA,2890.0,2117.5,1.3648170011806375,0.36481700118063753
2024-04-26,PTBA,2880.0,2110.18,1.3648124804519046,0.3648124804519046
2024-04-29,PTBA,3000.0,2198.1,1.364815067558346,0.3648150675583459
2024-04-30,PTBA,3030.0,2220.08,1.3648156823177544,0.3648156823177544
2024-05-02,PTBA,2890.0,2117.5,1.3648170011806375,0.36481700118063753
2024-05-03,PTBA,2930.0,2146.81,1.364815703299314,0.364815703299314
2024-05-06,PTBA,2930.0,2146.81,1.364815703299314,0.364815703299314
2024-05-07,PTBA,2880.0,2110.18,1.3648124804519046,0.3648124804519046
2024-05-08,PTBA,2930.0,2146.81,1.364815703299314,0.364815703299314
2024-05-13,PTBA,2930.0,2146.81,1.364815703299314,0.364815703299314
2024-05-14,PTBA,2920.0,2139.48,1.3648176192345804,0.36481761923458045
2024-05-15,PTBA,2910.0,2132.16,1.364813147230977,0.364813147230977
2024-05-16,PTBA,2930.0,2146.81,1.364815703299314,0.364815703299314
2024-05-17,PTBA,2920.0,2139.48,1.3648176192345804,0.36481761923458045
2024-05-20,PTBA,2930.0,2146.81,1.364815703299314,0.364815703299314
2024-05-21,PTBA,2570.0,2178.78,1.1795592028566444,0.1795592028566444
2024-05-22,PTBA,2590.0,2195.74,1.1795567781249148,0.17955677812491477
2024-05-27,PTBA,2520.0,2136.39,1.1795599118138542,0.17955991181385422
2024-05-28,PTBA,2510.0,2127.91,1.179561165650803,0.17956116565080293
2024-05-29,PTBA,2470.0,2094.0,1.1795606494746895,0.17956064947468953
2024-05-30,PTBA,2490.0,2110.96,1.1795581157388109,0.17955811573881086
2024-05-31,PTBA,2490.0,2110.96,1.1795581157388109,0.17955811573881086
2024-06-03,PTBA,2580.0,2187.26,1.1795579857904408,0.1795579857904408
2024-06-04,PTBA,2570.0,2178.78,1.1795592028566444,0.1795592028566444
2024-06-05,PTBA,2530.0,2144.87,1.1795586678912942,0.17955866789129415
2024-06-06,PTBA,2510.0,2127.91,1.179561165650803,0.17956116565080293
2024-06-07,PTBA,2530.0,2144.87,1.1795586678912942,0.17955866789129415
2024-06-10,PTBA,2480.0,2102.48,1.1795593774970512,0.1795593774970512
2024-06-11,PTBA,2440.0,2068.57,1.1795588256621723,0.1795588256621723
2024-06-12,PTBA,2430.0,2060.09,1.1795601163055982,0.1795601163055982
2024-06-13,PTBA,2520.0,2136.39,1.1795599118138542,0.17955991181385422
2024-06-14,PTBA,2460.0,2085.53,1.1795562758627303,0.17955627586273026
2024-06-19,PTBA,2430.0,2060.09,1.1795601163055982,0.1795601163055982
2024-06-20,PTBA,2420.0,2051.62,1.1795556682036634,0.17955566820366342
2024-06-21,PTBA,2420.0,2051.62,1.1795556682036634,0.17955566820366342
2024-06-24,PTBA,2430.0,2060.09,1.1795601163055982,0.1795601163055982
2024-06-25,PTBA,2410.0,2043.14,1.1795569564493866,0.17955695644938663
2024-06-26,PTBA,2440.0,2068.57,1.1795588256621723,0.1795588256621723
2024-06-27,PTBA,2430.0,2060.09,1.1795601163055982,0.1795601163055982
2024-06-28,PTBA,2450.0,2077.05,1.179557545557401,0.179557545557401
2024-07-01,PTBA,2500.0,2119.44,1.1795568640773033,0.1795568640773033
2024-07-02,PTBA,2490.0,2110.96,1.1795581157388109,0.17955811573881086
2024-07-03,PTBA,2500.0,2119.44,1.1795568640773033,0.1795568640773033
2024-07-04,PTBA,2530.0,2144.87,1.1795586678912942,0.17955866789129415
2024-07-05,PTBA,2540.0,2153.35,1.1795574337659926,0.17955743376599265
2024-07-08,PTBA,2550.0,2161.83,1.1795562093226573,0.17955620932265726
2024-07-09,PTBA,2530.0,2144.87,1.1795586678912942,0.17955866789129415
2024-07-10,PTBA,2540.0,2153.35,1.1795574337659926,0.17955743376599265
2024-07-11,PTBA,2550.0,2161.83,1.1795562093226573,0.17955620932265726
2024-07-12,PTBA,2530.0,2144.87,1.1795586678912942,0.17955866789129415
2024-07-15,PTBA,2520.0,2136.39,1.1795599118138542,0.17955991181385422
2024-07-16,PTBA,2530.0,2144.87,1.1795586678912942,0.17955866789129415
2024-07-17,PTBA,2540.0,2153.35,1.1795574337659926,0.17955743376599265
2024-07-18,PTBA,2620.0,2221.17,1.1795585209596744,0.1795585209596744
2024-07-19,PTBA,2630.0,2229.65,1.179557329625726,0.17955732962572601
2024-07-22,PTBA,2680.0,2272.04,1.1795566979454588,0.1795566979454588
2024-07-23,PTBA,2650.0,2246.6,1.179560224339001,0.1795602243390011
2024-07-24,PTBA,2620.0,2221.17,1.1795585209596744,0.1795585209596744
2024-07-25,PTBA,2610.0,2212.69,1.1795597214250528,0.17955972142505283
2024-07-26,PTBA,2660.0,2255.08,1.1795590400340565,0.17955904003405654
2024-07-29,PTBA,2670.0,2263.56,1.1795578646026614,0.17955786460266143
2024-07-30,PTBA,2640.0,2238.13,1.1795561473194138,0.17955614731941383
2024-07-31,PTBA,2680.0,2272.04,1.1795566979454588,0.1795566979454588
2024-08-01,PTBA,2670.0,2263.56,1.1795578646026614,0.17955786460266143
2024-08-02,PTBA,2720.0,2305.95,1.1795572323771115,0.17955723237711152
2024-08-05,PTBA,2560.0,2170.3,1.1795604294337187,0.17956042943371875
2024-08-06,PTBA,2590.0,2195.74,1.1795567781249148,0.17955677812491477
2024-08-07,PTBA,2610.0,2212.69,1.1795597214250528,0.17955972142505283
2024-08-08,PTBA,2590.0,2195.74,1.1795567781249148,0.17955677812491477
2024-08-09,PTBA,2580.0,2187.26,1.1795579857904408,0.1795579857904408
2024-08-12,PTBA,2650.0,2246.6,1.179560224339001,0.1795602243390011
2024-08-13,PTBA,2660.0,2255.08,1.1795590400340565,0.17955904003405654
2024-08-14,PTBA,2720.0,2305.95,1.1795572323771115,0.17955723237711152
2024-08-15,PTBA,2700.0,2288.99,1.1795595437288937,0.1795595437288937
2024-08-16,PTBA,2730.0,2314.43,1.1795560894043027,0.17955608940430268
2024-08-19,PTBA,2710.0,2297.47,1.1795583837873835,0.17955838378738354
2024-08-20,PTBA,2720.0,2305.95,1.1795572323771115,0.17955723237711152
2024-08-21,PTBA,2710.0,2297.47,1.1795583837873835,0.17955838378738354
2024-08-22,PTBA,2720.0,2305.95,1.1795572323771115,0.17955723237711152
2024-08-23,PTBA,2760.0,2339.86,1.179557751318455,0.17955775131845497
2024-08-26,PTBA,2770.0,2348.34,1.17955662297623,0.17955662297622998
2024-08-27,PTBA,2780.0,2356.81,1.1795605076353206,0.1795605076353206
2024-08-28,PTBA,2780.0,2356.81,1.1795605076353206,0.1795605076353206
2024-08-29,PTBA,2780.0,2356.81,1.1795605076353206,0.1795605076353206
2024-08-30,PTBA,2730.0,2314.43,1.1795560894043027,0.17955608940430268
2024-09-02,PTBA,2820.0,2390.72,1.1795609690804445,0.1795609690804445
2024-09-03,PTBA,2800.0,2373.77,1.1795582554333401,0.17955825543334014
2024-09-04,PTBA,2760.0,2339.86,1.179557751318455,0.17955775131845497
2024-09-05,PTBA,2750.0,2331.38,1.1795588878689873,0.17955888786898733
2024-09-06,PTBA,2710.0,2297.47,1.1795583837873835,0.17955838378738354
2024-09-09,PTBA,2680.0,2272.04,1.1795566979454588,0.1795566979454588
2024-09-10,PTBA,2670.0,2263.56,1.1795578646026614,0.17955786460266143
2024-09-11,PTBA,2660.0,2255.08,1.1795590400340565,0.17955904003405654
2024-09-12,PTBA,2720.0,2305.95,1.1795572323771115,0.17955723237711152
2024-09-13,PTBA,2730.0,2314.43,1.1795560894043027,0.17955608940430268
2024-09-17,PTBA,2800.0,2373.77,1.1795582554333401,0.17955825543334014
2024-09-18,PTBA,2780.0,2356.81,1.1795605076353206,0.1795605076353206
2024-09-19,PTBA,2780.0,2356.81,1.1795605076353206,0.1795605076353206
2024-09-20,PTBA,2950.0,2500.94,1.1795564867609778,0.1795564867609778
2024-09-23,PTBA,3120.0,2645.06,1.1795573635380672,0.17955736353806717
2024-09-24,PTBA,3100.0,2628.1,1.1795593774970512,0.1795593774970512
2024-09-25,PTBA,3080.0,2611.15,1.1795569002163797,0.1795569002163797
2024-09-26,PTBA,3110.0,2636.58,1.1795583672788235,0.17955836727882346
2024-09-27,PTBA,3140.0,2662.01,1.1795598063117718,0.17955980631177182
2024-09-30,PTBA,3080.0,2611.15,1.1795569002163797,0.1795569002163797
2024-10-01,PTBA,3070.0,2602.67,1.1795579155252107,0.17955791552521072
2024-10-02,PTBA,3050.0,2585.71,1.1795599661214908,0.17955996612149083
2024-10-03,PTBA,3060.0,2594.19,1.179558937471812,0.17955893747181206
2024-10-04,PTBA,2990.0,2534.85,1.1795569757579345,0.1795569757579345
2024-10-07,PTBA,3100.0,2628.1,1.1795593774970512,0.1795593774970512
2024-10-08,PTBA,3080.0,2611.15,1.1795569002163797,0.1795569002163797
2024-10-09,PTBA,3050.0,2585.71,1.1795599661214908,0.17955996612149083
2024-10-10,PTBA,3020.0,2560.28,1.1795584857906165,0.1795584857906165
2024-10-11,PTBA,3030.0,2568.76,1.1795574518444696,0.17955745184446958
2024-10-14,PTBA,3100.0,2628.1,1.1795593774970512,0.1795593774970512
2024-10-15,PTBA,3100.0,2628.1,1.1795593774970512,0.1795593774970512
2024-10-16,PTBA,3080.0,2611.15,1.1795569002163797,0.1795569002163797
2024-10-17,PTBA,3060.0,2594.19,1.179558937471812,0.17955893747181206
2024-10-18,PTBA,3050.0,2585.71,1.1795599661214908,0.17955996612149083
2024-10-21,PTBA,3020.0,2560.28,1.1795584857906165,0.1795584857906165
2024-10-22,PTBA,3040.0,2577.24,1.1795564247023949,0.17955642470239486
2024-10-23,PTBA,2950.0,2500.94,1.1795564867609778,0.1795564867609778
2024-10-24,PTBA,2920.0,2475.5,1.179559684912139,0.17955968491213903
2024-10-25,PTBA,2880.0,2441.59,1.1795592216547413,0.17955922165474125
2024-10-28,PTBA,2870.0,2433.11,1.1795603158098071,0.17956031580980714
2024-10-29,PTBA,2850.0,2416.16,1.1795576451890604,0.17955764518906037
2024-10-30,PTBA,2840.0,2407.68,1.179558745348219,0.17955874534821903
2024-10-31,PTBA,2960.0,2509.41,1.1795601356494156,0.17956013564941564
2024-11-01,PTBA,2920.0,2475.5,1.179559684912139,0.17955968491213903
2024-11-04,PTBA,2870.0,2433.11,1.1795603158098071,0.17956031580980714
2024-11-05,PTBA,2890.0,2450.07,1.1795581350736917,0.17955813507369167
2024-11-06,PTBA,2860.0,2424.64,1.179556552725353,0.1795565527253531
2024-11-07,PTBA,2830.0,2399.2,1.1795598532844283,0.17955985328442825
2024-11-08,PTBA,2800.0,2373.77,1.1795582554333401,0.17955825543334014
2024-11-11,PTBA,2770.0,2348.34,1.17955662297623,0.17955662297622998
2024-11-12,PTBA,2870.0,2433.11,1.1795603158098071,0.17956031580980714
2024-11-13,PTBA,2810.0,2382.25,1.17955714135796,0.17955714135795997
2024-11-14,PTBA,2770.0,2348.34,1.17955662297623,0.17955662297622998
2024-11-15,PTBA,2750.0,2331.38,1.1795588878689873,0.17955888786898733
2024-11-18,PTBA,2720.0,2305.95,1.1795572323771115,0.17955723237711152
2024-11-19,PTBA,2770.0,2348.34,1.17955662297623,0.17955662297622998
2024-11-20,PTBA,2740.0,2322.9,1.1795600327177236,0.17956003271772358
2024-11-21,PTBA,2720.0,2305.95,1.1795572323771115,0.17955723237711152
2024-11-22,PTBA,2770.0,2348.34,1.17955662297623,0.17955662297622998
2024-11-25,PTBA,2800.0,2373.77,1.1795582554333401,0.17955825543334014
2024-11-26,PTBA,2760.0,2339.86,1.179557751318455,0.17955775131845497
2024-11-28,PTBA,2790.0,2365.29,1.1795593774970512,0.1795593774970512
2024-11-29,PTBA,2700.0,2288.99,1.1795595437288937,0.1795595437288937
2024-12-02,PTBA,2670.0,2263.56,1.1795578646026614,0.17955786460266143
2024-12-03,PTBA,2700.0,2288.99,1.1795595437288937,0.1795595437288937
2024-12-04,PTBA,2710.0,2297.47,1.1795583837873835,0.17955838378738354
2024-12-05,PTBA,2740.0,2322.9,1.1795600327177236,0.17956003271772358
2024-12-06,PTBA,2730.0,2314.43,1.1795560894043027,0.17955608940430268
2024-12-09,PTBA,2750.0,2331.38,1.1795588878689873,0.17955888786898733
2024-12-10,PTBA,2830.0,2399.2,1.1795598532844283,0.17955985328442825
2024-12-11,PTBA,2800.0,2373.77,1.1795582554333401,0.17955825543334014
2024-12-12,PTBA,2800.0,2373.77,1.1795582554333401,0.17955825543334014
2024-12-13,PTBA,2780.0,2356.81,1.1795605076353206,0.1795605076353206
2024-12-16,PTBA,2740.0,2322.9,1.1795600327177236,0.17956003271772358
2024-12-17,PTBA,2670.0,2263.56,1.1795578646026614,0.17955786460266143
2024-12-18,PTBA,2680.0,2272.04,1.1795566979454588,0.1795566979454588
2024-12-19,PTBA,2580.0,2187.26,1.1795579857904408,0.1795579857904408
2024-12-20,PTBA,2590.0,2195.74,1.1795567781249148,0.17955677812491477
2024-12-23,PTBA,2590.0,2195.74,1.1795567781249148,0.17955677812491477
2024-12-24,PTBA,2590.0,2195.74,1.1795567781249148,0.17955677812491477
2024-12-27,PTBA,2620.0,2221.17,1.1795585209596744,0.1795585209596744
2024-12-30,PTBA,2750.0,2331.38,1.1795588878689873,0.17955888786898733
2025-01-02,PTBA,2680.0,2272.04,1.1795566979454588,0.1795566979454588
2025-01-03,PTBA,2700.0,2288.99,1.1795595437288937,0.1795595437288937
2025-01-06,PTBA,2650.0,2246.6,1.179560224339001,0.1795602243390011
2025-01-07,PTBA,2640.0,2238.13,1.1795561473194138,0.17955614731941383
2025-01-08,PTBA,2640.0,2238.13,1.1795561473194138,0.17955614731941383
2025-01-09,PTBA,2620.0,2221.17,1.1795585209596744,0.1795585209596744
2025-01-10,PTBA,2690.0,2280.51,1.1795607122968106,0.1795607122968106
2025-01-13,PTBA,2610.0,2212.69,1.1795597214250528,0.17955972142505283
2025-01-14,PTBA,2620.0,2221.17,1.1795585209596744,0.1795585209596744
2025-01-15,PTBA,2670.0,2263.56,1.1795578646026614,0.17955786460266143
2025-01-16,PTBA,2690.0,2280.51,1.1795607122968106,0.1795607122968106
2025-01-17,PTBA,2680.0,2272.04,1.1795566979454588,0.1795566979454588
2025-01-20,PTBA,2660.0,2255.08,1.1795590400340565,0.17955904003405654
2025-01-21,PTBA,2690.0,2280.51,1.1795607122968106,0.1795607122968106
2025-01-22,PTBA,2710.0,2297.47,1.1795583837873835,0.17955838378738354
2025-01-23,PTBA,2700.0,2288.99,1.1795595437288937,0.1795595437288937
2025-01-24,PTBA,2700.0,2288.99,1.1795595437288937,0.1795595437288937
2025-01-30,PTBA,2680.0,2272.04,1.1795566979454588,0.1795566979454588
2025-01-31,PTBA,2690.0,2280.51,1.1795607122968106,0.1795607122968106
2025-02-03,PTBA,2670.0,2263.56,1.1795578646026614,0.17955786460266143
2025-02-04,PTBA,2690.0,2280.51,1.1795607122968106,0.1795607122968106
2025-02-05,PTBA,2720.0,2305.95,1.1795572323771115,0.17955723237711152
2025-02-06,PTBA,2650.0,2246.6,1.179560224339001,0.1795602243390011
2025-02-07,PTBA,2670.0,2263.56,1.1795578646026614,0.17955786460266143
2025-02-10,PTBA,2620.0,2221.17,1.1795585209596744,0.1795585209596744
2025-02-11,PTBA,2620.0,2221.17,1.1795585209596744,0.1795585209596744
2025-02-12,PTBA,2640.0,2238.13,1.1795561473194138,0.17955614731941383
2025-02-13,PTBA,2690.0,2280.51,1.1795607122968106,0.1795607122968106
2025-02-14,PTBA,2710.0,2297.47,1.1795583837873835,0.17955838378738354
2025-02-17,PTBA,2710.0,2297.47,1.1795583837873835,0.17955838378738354
2025-02-18,PTBA,2690.0,2280.51,1.1795607122968106,0.1795607122968106
2025-02-19,PTBA,2660.0,2255.08,1.1795590400340565,0.17955904003405654
2025-02-20,PTBA,2670.0,2263.56,1.1795578646026614,0.17955786460266143
2025-02-21,PTBA,2660.0,2255.08,1.1795590400340565,0.17955904003405654
2025-02-24,PTBA,2640.0,2238.13,1.1795561473194138,0.17955614731941383
2025-02-25,PTBA,2620.0,2221.17,1.1795585209596744,0.1795585209596744
2025-02-26,PTBA,2610.0,2212.69,1.1795597214250528,0.17955972142505283
2025-02-27,PTBA,2620.0,2221.17,1.1795585209596744,0.1795585209596744
2025-02-28,PTBA,2590.0,2195.74,1.1795567781249148,0.17955677812491477
2025-03-03,PTBA,2580.0,2187.26,1.1795579857904408,0.1795579857904408
2025-03-04,PTBA,2510.0,2127.91,1.179561165650803,0.17956116565080293
2025-03-05,PTBA,2580.0,2187.26,1.1795579857904408,0.1795579857904408
2025-03-06,PTBA,2580.0,2187.26,1.1795579857904408,0.1795579857904408
2025-03-07,PTBA,2550.0,2161.83,1.1795562093226573,0.17955620932265726
2025-03-10,PTBA,2510.0,2127.91,1.179561165650803,0.17956116565080293
2025-03-11,PTBA,2490.0,2110.96,1.1795581157388109,0.17955811573881086
2025-03-12,PTBA,2480.0,2102.48,1.1795593774970512,0.1795593774970512
2025-03-13,PTBA,2450.0,2077.05,1.179557545557401,0.179557545557401
2025-03-14,PTBA,2450.0,2077.05,1.179557545557401,0.179557545557401
2025-03-17,PTBA,2450.0,2077.05,1.179557545557401,0.179557545557401
2025-03-18,PTBA,2420.0,2051.62,1.1795556682036634,0.17955566820366342
2025-03-19,PTBA,2430.0,2060.09,1.1795601163055982,0.1795601163055982
2025-03-20,PTBA,2410.0,2043.14,1.1795569564493866,0.17955695644938663
2025-03-21,PTBA,2320.0,1966.84,1.1795570559882858,0.17955705598828575
2025-03-24,PTBA,2300.0,1949.88,1.1795597677805814,0.17955976778058136
2025-03-25,PTBA,2450.0,2077.05,1.179557545557401,0.179557545557401
2025-03-26,PTBA,2510.0,2127.91,1.179561165650803,0.17956116565080293
2025-03-27,PTBA,2520.0,2136.39,1.1795599118138542,0.17955991181385422
2025-04-08,PTBA,2420.0,2051.62,1.1795556682036634,0.17955566820366342
2025-04-09,PTBA,2460.0,2085.53,1.1795562758627303,0.17955627586273026
2025-04-10,PTBA,2680.0,2272.04,1.1795566979454588,0.1795566979454588
2025-04-11,PTBA,2680.0,2272.04,1.1795566979454588,0.1795566979454588
2025-04-14,PTBA,2740.0,2322.9,1.1795600327177236,0.17956003271772358
2025-04-15,PTBA,2760.0,2339.86,1.179557751318455,0.17955775131845497
2025-04-16,PTBA,2710.0,2297.47,1.1795583837873835,0.17955838378738354
2025-04-17,PTBA,2730.0,2314.43,1.1795560894043027,0.17955608940430268
2025-04-21,PTBA,2730.0,2314.43,1.1795560894043027,0.17955608940430268
2025-04-22,PTBA,2760.0,2339.86,1.179557751318455,0.17955775131845497
2025-04-23,PTBA,2780.0,2356.81,1.1795605076353206,0.1795605076353206
2025-04-24,PTBA,2780.0,2356.81,1.1795605076353206,0.1795605076353206
2025-04-25,PTBA,2780.0,2356.81,1.1795605076353206,0.1795605076353206
2025-04-28,PTBA,2770.0,2348.34,1.17955662297623,0.17955662297622998
2025-04-29,PTBA,2790.0,2365.29,1.1795593774970512,0.1795593774970512
2025-04-30,PTBA,2760.0,2339.86,1.179557751318455,0.17955775131845497
2025-05-02,PTBA,2740.0,2322.9,1.1795600327177236,0.17956003271772358
2025-05-05,PTBA,2720.0,2305.95,1.1795572323771115,0.17955723237711152
2025-05-06,PTBA,2710.0,2297.47,1.1795583837873835,0.17955838378738354
2025-05-07,PTBA,2760.0,2339.86,1.179557751318455,0.17955775131845497
2025-05-08,PTBA,2720.0,2305.95,1.1795572323771115,0.17955723237711152
2025-05-09,PTBA,2710.0,2297.47,1.1795583837873835,0.17955838378738354
2025-05-14,PTBA,2790.0,2365.29,1.1795593774970512,0.1795593774970512
2025-05-15,PTBA,2770.0,2348.34,1.17955662297623,0.17955662297622998
2025-05-16,PTBA,2860.0,2424.64,1.179556552725353,0.1795565527253531
2025-05-19,PTBA,2900.0,2458.55,1.1795570559882858,0.17955705598828575
2025-05-20,PTBA,2820.0,2390.72,1.1795609690804445,0.1795609690804445
2025-05-21,PTBA,2790.0,2365.29,1.1795593774970512,0.1795593774970512
2025-05-22,PTBA,2820.0,2390.72,1.1795609690804445,0.1795609690804445
2025-05-23,PTBA,2840.0,2407.68,1.179558745348219,0.17955874534821903
2025-05-26,PTBA,2830.0,2399.2,1.1795598532844283,0.17955985328442825
2025-05-27,PTBA,2850.0,2416.16,1.1795576451890604,0.17955764518906037
2025-05-28,PTBA,2890.0,2450.07,1.1795581350736917,0.17955813507369167
2025-06-02,PTBA,2860.0,2424.64,1.179556552725353,0.1795565527253531
2025-06-03,PTBA,2860.0,2424.64,1.179556552725353,0.1795565527253531
2025-06-04,PTBA,2850.0,2416.16,1.1795576451890604,0.17955764518906037
2025-06-05,PTBA,2870.0,2433.11,1.1795603158098071,0.17956031580980714
2025-06-10,PTBA,2960.0,2509.41,1.1795601356494156,0.17956013564941564
2025-06-11,PTBA,3010.0,2551.8,1.1795595266086683,0.17955952660866825
2025-06-12,PTBA,2980.0,2526.37,1.1795580219841117,0.17955802198411175
2025-06-13,PTBA,2970.0,2517.89,1.1795590752574576,0.17955907525745762
2025-06-16,PTBA,3010.0,2551.8,1.1795595266086683,0.17955952660866825
2025-06-17,PTBA,3030.0,2568.76,1.1795574518444696,0.17955745184446958
2025-06-18,PTBA,3020.0,2560.28,1.1795584857906165,0.1795584857906165
2025-06-19,PTBA,2990.0,2534.85,1.1795569757579345,0.1795569757579345
2025-06-20,PTBA,2950.0,2500.94,1.1795564867609778,0.1795564867609778
2025-06-23,PTBA,2510.0,2398.17,1.0466313897680315,0.046631389768031495
2025-06-24,PTBA,2440.0,2331.28,1.0466353248001097,0.04663532480010968
2025-06-25,PTBA,2420.0,2312.18,1.0466313176309803,0.046631317630980273
2025-06-26,PTBA,2400.0,2293.07,1.0466318080128385,0.046631808012838505
2025-06-30,PTBA,2460.0,2350.39,1.0466348137968593,0.0466348137968593
2025-07-01,PTBA,2460.0,2350.39,1.0466348137968593,0.0466348137968593
2025-07-02,PTBA,2440.0,2331.28,1.0466353248001097,0.04663532480010968
2025-07-03,PTBA,2420.0,2312.18,1.0466313176309803,0.046631317630980273
2025-07-04,PTBA,2430.0,2321.73,1.0466333294569137,0.046633329456913675
2025-07-07,PTBA,2440.0,2331.28,1.0466353248001097,0.04663532480010968
2025-07-08,PTBA,2400.0,2293.07,1.0466318080128385,0.046631808012838505
2025-07-09,PTBA,2390.0,2283.51,1.0466343479993518,0.046634347999351844
2025-07-10,PTBA,2430.0,2321.73,1.0466333294569137,0.046633329456913675
2025-07-11,PTBA,2480.0,2369.5,1.0466343110360836,0.04663431103608362
2025-07-14,PTBA,2490.0,2379.06,1.0466318630047162,0.04663186300471622
2025-07-15,PTBA,2470.0,2359.95,1.0466323439055913,0.046632343905591345
2025-07-16,PTBA,2460.0,2350.39,1.0466348137968593,0.0466348137968593
2025-07-17,PTBA,2440.0,2331.28,1.0466353248001097,0.04663532480010968
2025-07-18,PTBA,2450.0,2340.84,1.0466328326583618,0.04663283265836182
2025-07-21,PTBA,2420.0,2312.18,1.0466313176309803,0.046631317630980273
2025-07-22,PTBA,2420.0,2312.18,1.0466313176309803,0.046631317630980273
2025-07-23,PTBA,2440.0,2331.28,1.0466353248001097,0.04663532480010968
2025-07-24,PTBA,2470.0,2359.95,1.0466323439055913,0.046632343905591345
2025-07-25,PTBA,2450.0,2340.84,1.0466328326583618,0.04663283265836182
2025-07-28,PTBA,2460.0,2350.39,1.0466348137968593,0.0466348137968593
2025-07-29,PTBA,2460.0,2350.39,1.0466348137968593,0.0466348137968593
2025-07-30,PTBA,2450.0,2340.84,1.0466328326583618,0.04663283265836182
2025-07-31,PTBA,2420.0,2312.18,1.0466313176309803,0.046631317630980273
2025-08-01,PTBA,2420.0,2312.18,1.0466313176309803,0.046631317630980273
2025-08-04,PTBA,2400.0,2293.07,1.0466318080128385,0.046631808012838505
2025-08-05,PTBA,2400.0,2293.07,1.0466318080128385,0.046631808012838505
2025-08-06,PTBA,2420.0,2312.18,1.0466313176309803,0.046631317630980273
2025-08-07,PTBA,2400.0,2293.07,1.0466318080128385,0.046631808012838505
2025-08-08,PTBA,2400.0,2293.07,1.0466318080128385,0.046631808012838505
2025-08-11,PTBA,2410.0,2302.62,1.0466338345015678,0.04663383450156777
2025-08-12,PTBA,2440.0,2331.28,1.0466353248001097,0.04663532480010968
2025-08-13,PTBA,2450.0,2340.84,1.0466328326583618,0.04663283265836182
2025-08-14,PTBA,2420.0,2312.18,1.0466313176309803,0.046631317630980273
2025-08-15,PTBA,2420.0,2312.18,1.0466313176309803,0.046631317630980273
2025-08-19,PTBA,2400.0,2293.07,1.0466318080128385,0.046631808012838505
2025-08-20,PTBA,2430.0,2321.73,1.0466333294569137,0.046633329456913675
2025-08-21,PTBA,2430.0,2321.73,1.0466333294569137,0.046633329456913675
2025-08-22,PTBA,2420.0,2312.18,1.0466313176309803,0.046631317630980273
2025-08-25,PTBA,2420.0,2312.18,1.0466313176309803,0.046631317630980273
2025-08-26,PTBA,2500.0,2388.61,1.0466338163199518,0.04663381631995178
2025-08-27,PTBA,2450.0,2340.84,1.0466328326583618,0.04663283265836182
2025-08-28,PTBA,2430.0,2321.73,1.0466333294569137,0.046633329456913675
2025-08-29,PTBA,2400.0,2293.07,1.0466318080128385,0.046631808012838505
2025-09-01,PTBA,2400.0,2293.07,1.0466318080128385,0.046631808012838505
2025-09-02,PTBA,2420.0,2312.18,1.0466313176309803,0.046631317630980273
2025-09-03,PTBA,2420.0,2312.18,1.0466313176309803,0.046631317630980273
2025-09-04,PTBA,2410.0,2302.62,1.0466338345015678,0.04663383450156777
2025-09-08,PTBA,2410.0,2302.62,1.0466338345015678,0.04663383450156777
2025-09-09,PTBA,2400.0,2293.07,1.0466318080128385,0.046631808012838505
2025-09-10,PTBA,2380.0,2273.96,1.0466323066368801,0.046632306636880116
2025-09-11,PTBA,2370.0,2264.4,1.0466348701642818,0.046634870164281805
2025-09-12,PTBA,2390.0,2283.51,1.0466343479993518,0.046634347999351844
2025-09-15,PTBA,2380.0,2273.96,1.0466323066368801,0.046632306636880116
2025-09-16,PTBA,2380.0,2273.96,1.0466323066368801,0.046632306636880116
2025-09-17,PTBA,2380.0,2273.96,1.0466323066368801,0.046632306636880116
2025-09-18,PTBA,2360.0,2254.85,1.046632813712664,0.04663281371266392
2025-09-19,PTBA,2380.0,2273.96,1.0466323066368801,0.046632306636880116
2025-09-22,PTBA,2370.0,2264.4,1.0466348701642818,0.046634870164281805
2025-09-23,PTBA,2380.0,2273.96,1.0466323066368801,0.046632306636880116
2025-09-24,PTBA,2380.0,2273.96,1.0466323066368801,0.046632306636880116
2025-09-25,PTBA,2350.0,2245.29,1.0466354012176602,0.04663540121766019
2025-09-26,PTBA,2350.0,2245.29,1.0466354012176602,0.04663540121766019
2025-09-29,PTBA,2330.0,2226.19,1.0466312399211208,0.04663123992112084
2025-09-30,PTBA,2350.0,2245.29,1.0466354012176602,0.04663540121766019
2025-10-01,PTBA,2330.0,2226.19,1.0466312399211208,0.04663123992112084
2025-10-02,PTBA,2310.0,2207.08,1.0466317487358863,0.04663174873588627
2025-10-03,PTBA,2320.0,2216.63,1.0466338540938271,0.04663385409382714
2025-10-06,PTBA,2310.0,2207.08,1.0466317487358863,0.04663174873588627
2025-10-07,PTBA,2270.0,2168.86,1.0466327932646644,0.04663279326466441
2025-10-08,PTBA,2270.0,2168.86,1.0466327932646644,0.04663279326466441
2025-10-09,PTBA,2340.0,2235.74,1.0466333294569137,0.046633329456913675
2025-10-10,PTBA,2380.0,2273.96,1.0466323066368801,0.046632306636880116
2025-10-13,PTBA,2340.0,2235.74,1.0466333294569137,0.046633329456913675
2025-10-14,PTBA,2300.0,2197.52,1.0466343878554007,0.04663438785540075
2025-10-15,PTBA,2170.0,2073.31,1.0466355730691503,0.04663557306915034
2025-10-16,PTBA,2210.0,2111.53,1.0466344309576467,0.046634430957646744
2025-10-17,PTBA,2210.0,2111.53,1.0466344309576467,0.046634430957646744
2025-10-20,PTBA,2270.0,2168.86,1.0466327932646644,0.04663279326466441
2025-10-21,PTBA,2340.0,2235.74,1.0466333294569137,0.046633329456913675
2025-10-22,PTBA,2290.0,2187.97,1.0466322664387537,0.04663226643875373
2025-10-23,PTBA,2320.0,2216.63,1.0466338540938271,0.04663385409382714
2025-10-24,PTBA,2350.0,2245.29,1.0466354012176602,0.04663540121766019
2025-10-27,PTBA,2340.0,2235.74,1.0466333294569137,0.046633329456913675
2025-10-28,PTBA,2350.0,2245.29,1.0466354012176602,0.04663540121766019
2025-10-29,PTBA,2370.0,2264.4,1.0466348701642818,0.046634870164281805
2025-10-30,PTBA,2430.0,2321.73,1.0466333294569137,0.046633329456913675
2025-10-31,PTBA,2400.0,2293.07,1.0466318080128385,0.046631808012838505
2025-11-03,PTBA,2400.0,2293.07,1.0466318080128385,0.046631808012838505
2025-11-04,PTBA,2400.0,2293.07,1.0466318080128385,0.046631808012838505
2025-11-05,PTBA,2380.0,2273.96,1.0466323066368801,0.046632306636880116
2025-11-06,PTBA,2400.0,2293.07,1.0466318080128385,0.046631808012838505
2025-11-07,PTBA,2390.0,2283.51,1.0466343479993518,0.046634347999351844
2025-11-10,PTBA,2390.0,2283.51,1.0466343479993518,0.046634347999351844
2025-11-11,PTBA,2390.0,2283.51,1.0466343479993518,0.046634347999351844
2025-11-12,PTBA,2380.0,2273.96,1.0466323066368801,0.046632306636880116
2025-11-13,PTBA,2360.0,2254.85,1.046632813712664,0.04663281371266392
2025-11-14,PTBA,2340.0,2235.74,1.0466333294569137,0.046633329456913675
2025-11-17,PTBA,2350.0,2245.29,1.0466354012176602,0.04663540121766019
2025-11-18,PTBA,2310.0,2207.08,1.0466317487358863,0.04663174873588627
2025-11-19,PTBA,2320.0,2216.63,1.0466338540938271,0.04663385409382714
2025-11-20,PTBA,2330.0,2226.19,1.0466312399211208,0.04663123992112084
2025-11-21,PTBA,2320.0,2216.63,1.0466338540938271,0.04663385409382714
2025-11-24,PTBA,2330.0,2226.19,1.0466312399211208,0.04663123992112084
2025-11-25,PTBA,2310.0,2207.08,1.0466317487358863,0.04663174873588627
2025-11-26,PTBA,2320.0,2216.63,1.0466338540938271,0.04663385409382714
2025-11-27,PTBA,2300.0,2197.52,1.0466343878554007,0.04663438785540075
2025-11-28,PTBA,2310.0,2207.08,1.0466317487358863,0.04663174873588627
2025-12-01,PTBA,2290.0,2187.97,1.0466322664387537,0.04663226643875373
2025-12-02,PTBA,2310.0,2207.08,1.0466317487358863,0.04663174873588627
2025-12-03,PTBA,2310.0,2207.08,1.0466317487358863,0.04663174873588627
2025-12-04,PTBA,2300.0,2197.52,1.0466343878554007,0.04663438785540075
2025-12-05,PTBA,2300.0,2197.52,1.0466343878554007,0.04663438785540075
2025-12-08,PTBA,2300.0,2197.52,1.0466343878554007,0.04663438785540075
2025-12-09,PTBA,2290.0,2187.97,1.0466322664387537,0.04663226643875373
2025-12-10,PTBA,2290.0,2187.97,1.0466322664387537,0.04663226643875373
2025-12-11,PTBA,2260.0,2159.3,1.0466354837215763,0.04663548372157633
2025-12-12,PTBA,2260.0,2159.3,1.0466354837215763,0.04663548372157633
2025-12-15,PTBA,2260.0,2159.3,1.0466354837215763,0.04663548372157633
2025-12-16,PTBA,2280.0,2178.41,1.046634930981771,0.04663493098177107
2025-12-17,PTBA,2270.0,2168.86,1.0466327932646644,0.04663279326466441
2025-12-18,PTBA,2260.0,2159.3,1.0466354837215763,0.04663548372157633
2025-12-19,PTBA,2270.0,2168.86,1.0466327932646644,0.04663279326466441
2025-12-22,PTBA,2280.0,2178.41,1.046634930981771,0.04663493098177107
2025-12-23,PTBA,2280.0,2178.41,1.046634930981771,0.04663493098177107
2025-12-24,PTBA,2280.0,2178.41,1.046634930981771,0.04663493098177107
2025-12-29,PTBA,2320.0,2216.63,1.0466338540938271,0.04663385409382714
2025-12-30,PTBA,2310.0,2207.08,1.0466317487358863,0.04663174873588627
2026-01-02,PTBA,2320.0,2216.63,1.0466338540938271,0.04663385409382714
2026-01-05,PTBA,2340.0,2235.74,1.0466333294569137,0.046633329456913675
2026-01-06,PTBA,2370.0,2264.4,1.0466348701642818,0.046634870164281805
2026-01-07,PTBA,2420.0,2312.18,1.0466313176309803,0.046631317630980273
2026-01-08,PTBA,2390.0,2283.51,1.0466343479993518,0.046634347999351844
2026-01-09,PTBA,2390.0,2283.51,1.0466343479993518,0.046634347999351844
2026-01-12,PTBA,2380.0,2273.96,1.0466323066368801,0.046632306636880116
2026-01-13,PTBA,2420.0,2312.18,1.0466313176309803,0.046631317630980273
2026-01-14,PTBA,2440.0,2331.28,1.0466353248001097,0.04663532480010968
2026-01-15,PTBA,2450.0,2340.84,1.0466328326583618,0.04663283265836182
2026-01-19,PTBA,2460.0,2350.39,1.0466348137968593,0.0466348137968593
2026-01-20,PTBA,2470.0,2359.95,1.0466323439055913,0.046632343905591345
2026-01-21,PTBA,2480.0,2369.5,1.0466343110360836,0.04663431103608362
2026-01-22,PTBA,2530.0,2417.27,1.0466352538193913,0.046635253819391265
2026-01-23,PTBA,2560.0,2445.94,1.0466323785538485,0.0466323785538485
2026-01-26,PTBA,2590.0,2474.6,1.0466337994019237,0.04663379940192369
2026-01-27,PTBA,2590.0,2474.6,1.0466337994019237,0.04663379940192369
2026-01-28,PTBA,2450.0,2340.84,1.0466328326583618,0.04663283265836182
2026-01-29,PTBA,2440.0,2331.28,1.0466353248001097,0.04663532480010968
2026-01-30,PTBA,2480.0,2369.5,1.0466343110360836,0.04663431103608362
2026-02-02,PTBA,2540.0,2426.83,1.0466328502614521,0.04663285026145214
2026-02-03,PTBA,2520.0,2407.72,1.0466333294569137,0.046633329456913675
2026-02-04,PTBA,2550.0,2436.38,1.046634761408319,0.0466347614083189
2026-02-05,PTBA,2590.0,2474.6,1.0466337994019237,0.04663379940192369
2026-02-06,PTBA,2550.0,2436.38,1.046634761408319,0.0466347614083189
2026-02-09,PTBA,2580.0,2465.05,1.046631914159956,0.046631914159956045
2026-02-10,PTBA,2580.0,2465.05,1.046631914159956,0.046631914159956045
2026-02-11,PTBA,2550.0,2436.38,1.046634761408319,0.0466347614083189
2026-02-12,PTBA,2550.0,2436.38,1.046634761408319,0.0466347614083189
2026-02-13,PTBA,2550.0,2436.38,1.046634761408319,0.0466347614083189
2026-02-18,PTBA,2620.0,2503.26,1.0466351877152194,0.04663518771521935
2026-02-19,PTBA,2640.0,2522.37,1.0466347125917292,0.046634712591729244
2026-02-20,PTBA,2620.0,2503.26,1.0466351877152194,0.04663518771521935
2026-02-23,PTBA,2630.0,2512.82,1.0466328666597686,0.046632866659768624
2026-02-24,PTBA,2590.0,2474.6,1.0466337994019237,0.04663379940192369
2026-02-25,PTBA,2630.0,2512.82,1.0466328666597686,0.046632866659768624
2026-02-26,PTBA,2610.0,2493.71,1.0466333294569137,0.046633329456913675
2026-02-27,PTBA,2600.0,2484.16,1.046631456910988,0.04663145691098802
2026-03-02,PTBA,2750.0,2627.47,1.0466342146627745,0.04663421466277451
2026-03-03,PTBA,2920.0,2789.9,1.0466324957883795,0.04663249578837947
2026-03-04,PTBA,2860.0,2732.57,1.0466337550364675,0.046633755036467495
2026-03-05,PTBA,2970.0,2837.67,1.0466333294569137,0.046633329456913675
2026-03-06,PTBA,2980.0,2847.22,1.0466349632272884,0.04663496322728844
2026-03-09,PTBA,2950.0,2818.56,1.0466337420526794,0.04663374205267945
2026-03-10,PTBA,2950.0,2818.56,1.0466337420526794,0.04663374205267945
2026-03-11,PTBA,2870.0,2742.13,1.0466316330735597,0.046631633073559664
2026-03-12,PTBA,2910.0,2780.34,1.046634584259479,0.046634584259479084
2026-03-13,PTBA,2910.0,2780.34,1.046634584259479,0.046634584259479084
2026-03-16,PTBA,2920.0,2789.9,1.0466324957883795,0.04663249578837947
2026-03-17,PTBA,2910.0,2780.34,1.046634584259479,0.046634584259479084
2026-03-25,PTBA,3160.0,3019.2,1.046634870164282,0.04663487016428203
2026-03-26,PTBA,3130.0,2990.54,1.0466337183251186,0.046633718325118645
2026-03-27,PTBA,3100.0,2961.88,1.0466325441949031,0.04663254419490315
2026-03-30,PTBA,3150.0,3009.65,1.0466333294569135,0.04663332945691345
2026-03-31,PTBA,3180.0,3038.31,1.0466344777195218,0.04663447771952178
2026-04-01,PTBA,2980.0,2847.22,1.0466349632272884,0.04663496322728844
2026-04-02,PTBA,2910.0,2780.34,1.046634584259479,0.046634584259479084
2026-04-06,PTBA,2980.0,2847.22,1.0466349632272884,0.04663496322728844
2026-04-07,PTBA,2930.0,2799.45,1.046634160281484,0.04663416028148393
2026-04-08,PTBA,2860.0,2732.57,1.0466337550364675,0.046633755036467495
2026-04-09,PTBA,2880.0,2751.68,1.0466333294569137,0.046633329456913675
2026-04-10,PTBA,2890.0,2761.23,1.0466350141060325,0.046635014106032546
2026-04-13,PTBA,2920.0,2789.9,1.0466324957883795,0.04663249578837947
2026-04-14,PTBA,2930.0,2799.45,1.046634160281484,0.04663416028148393
2026-04-15,PTBA,2900.0,2770.79,1.0466329097477616,0.046632909747761575
2026-04-16,PTBA,2870.0,2742.13,1.0466316330735597,0.046631633073559664
2026-04-17,PTBA,2900.0,2770.79,1.0466329097477616,0.046632909747761575
2026-04-20,PTBA,2870.0,2742.13,1.0466316330735597,0.046631633073559664
2026-04-21,PTBA,2910.0,2780.34,1.046634584259479,0.046634584259479084
2026-04-22,PTBA,3000.0,2866.33,1.0466345466153584,0.046634546615358374
2026-04-23,PTBA,2960.0,2828.12,1.0466316846527022,0.04663168465270218
2026-04-24,PTBA,2900.0,2770.79,1.0466329097477616,0.046632909747761575
2026-04-27,PTBA,2910.0,2780.34,1.046634584259479,0.046634584259479084
2026-04-28,PTBA,2890.0,2761.23,1.0466350141060325,0.046635014106032546
2026-04-29,PTBA,2910.0,2780.34,1.046634584259479,0.046634584259479084
2026-04-30,PTBA,2870.0,2742.13,1.0466316330735597,0.046631633073559664
2026-05-04,PTBA,2950.0,2818.56,1.0466337420526794,0.04663374205267945
2026-05-05,PTBA,2950.0,2818.56,1.0466337420526794,0.04663374205267945
2026-05-06,PTBA,2930.0,2799.45,1.046634160281484,0.04663416028148393
2026-05-07,PTBA,2880.0,2751.68,1.0466333294569137,0.046633329456913675
2026-05-08,PTBA,2860.0,2732.57,1.0466337550364675,0.046633755036467495
2026-05-11,PTBA,2870.0,2742.13,1.0466316330735597,0.046631633073559664
2026-05-12,PTBA,2860.0,2732.57,1.0466337550364675,0.046633755036467495
2026-05-13,PTBA,2830.0,2703.91,1.0466324692759745,0.04663246927597453
2026-05-18,PTBA,2850.0,2723.02,1.0466320482405564,0.046632048240556445
2026-05-19,PTBA,2650.0,2531.93,1.0466324108486411,0.046632410848641115
2026-05-20,PTBA,2820.0,2694.35,1.046634624306419,0.04663462430641907
2026-05-21,PTBA,2710.0,2589.25,1.046635126001738,0.046635126001737914
2026-05-22,PTBA,2720.0,2598.81,1.046632881972903,0.04663288197290294
2026-05-25,PTBA,2800.0,2675.24,1.0466350682555585,0.04663506825555852
2026-05-26,PTBA,2840.0,2713.46,1.0466341866104532,0.046634186610453154
2026-05-29,PTBA,2780.0,2656.14,1.046631578154766,0.04663157815476593
2026-06-02,PTBA,2760.0,2637.03,1.0466320064618149,0.04663200646181487
2026-06-03,PTBA,2620.0,2503.26,1.0466351877152194,0.04663518771521935
2026-06-04,PTBA,2660.0,2541.48,1.046634244613375,0.04663424461337495
2026-06-05,PTBA,2590.0,2474.6,1.0466337994019237,0.04663379940192369
2026-06-08,PTBA,2500.0,2388.61,1.0466338163199518,0.04663381631995178
2026-06-09,PTBA,2640.0,2522.37,1.0466347125917292,0.046634712591729244
2026-06-10,PTBA,2740.0,2617.92,1.04663244102188,0.04663244102187991
2026-06-11,PTBA,2630.0,2512.82,1.0466328666597686,0.046632866659768624
2026-06-12,PTBA,2620.0,2503.26,1.0466351877152194,0.04663518771521935
2026-06-15,PTBA,2620.0,2503.26,1.0466351877152194,0.04663518771521935
2026-06-17,PTBA,2590.0,2474.6,1.0466337994019237,0.04663379940192369
2026-06-18,PTBA,2580.0,2465.05,1.046631914159956,0.046631914159956045
2026-06-19,PTBA,2530.0,2417.27,1.0466352538193913,0.046635253819391265
2026-06-22,PTBA,2570.0,2455.49,1.0466342766616847,0.04663427666168474
2026-06-23,PTBA,2480.0,2480.0,1.0,0.0
2026-06-24,PTBA,2420.0,2420.0,1.0,0.0
2026-06-25,PTBA,2370.0,2370.0,1.0,0.0
2026-06-26,PTBA,2360.0,2360.0,1.0,0.0
2026-06-29,PTBA,2320.0,2320.0,1.0,0.0
2026-06-30,PTBA,2290.0,2290.0,1.0,0.0
2026-07-01,PTBA,2290.0,2290.0,1.0,0.0
2026-07-02,PTBA,2270.0,2270.0,1.0,0.0
2026-07-03,PTBA,2310.0,2310.0,1.0,0.0
2026-07-06,PTBA,2330.0,2330.0,1.0,0.0
2026-07-07,PTBA,2370.0,2370.0,1.0,0.0
2026-07-08,PTBA,2350.0,2350.0,1.0,0.0
2026-07-09,PTBA,2360.0,2360.0,1.0,0.0
2026-07-10,PTBA,2380.0,2380.0,1.0,0.0
2026-07-13,PTBA,2410.0,2410.0,1.0,0.0
2026-07-14,PTBA,2420.0,2420.0,1.0,0.0
2026-07-15,PTBA,2420.0,2420.0,1.0,0.0
2026-07-16,PTBA,2420.0,2420.0,1.0,0.0
2026-07-17,PTBA,2410.0,2410.0,1.0,0.0
2026-07-20,PTBA,2440.0,2440.0,1.0,0.0
2026-07-21,PTBA,2420.0,2420.0,1.0,0.0
2026-07-22,PTBA,2430.0,2430.0,1.0,0.0
2026-07-23,PTBA,2440.0,2440.0,1.0,0.0
2026-07-24,PTBA,2390.0,2390.0,1.0,0.0
2026-07-27,PTBA,2360.0,2360.0,1.0,0.0
2026-07-28,PTBA,2330.0,2330.0,1.0,0.0
2026-07-29,PTBA,2330.0,2330.0,1.0,0.0
2026-07-30,PTBA,2350.0,2350.0,1.0,0.0
2026-07-31,PTBA,2320.0,2320.0,1.0,0.0
2026-08-03,PTBA,2320.0,2320.0,1.0,0.0
2026-08-04,PTBA,2360.0,2360.0,1.0,0.0
2026-08-05,PTBA,2360.0,2360.0,1.0,0.0
2026-08-06,PTBA,2350.0,2350.0,1.0,0.0
2026-08-07,PTBA,2370.0,2370.0,1.0,0.0
2026-08-10,PTBA,2390.0,2390.0,1.0,0.0
2026-08-11,PTBA,2350.0,2350.0,1.0,0.0
2026-08-12,PTBA,2350.0,2350.0,1.0,0.0
2026-08-13,PTBA,2340.0,2340.0,1.0,0.0
2026-08-14,PTBA,2360.0,2360.0,1.0,0.0
2026-08-18,PTBA,2370.0,2370.0,1.0,0.0
2026-08-19,PTBA,2370.0,2370.0,1.0,0.0
2026-08-20,PTBA,2400.0,2400.0,1.0,0.0
2026-08-21,PTBA,2400.0,2400.0,1.0,0.0
2026-08-24,PTBA,2480.0,2480.0,1.0,0.0
2026-08-26,PTBA,2420.0,2420.0,1.0,0.0
2026-08-27,PTBA,2500.0,2500.0,1.0,0.0
2026-08-28,PTBA,2530.0,2530.0,1.0,0.0
2026-08-31,PTBA,2560.0,2560.0,1.0,0.0
2026-09-01,PTBA,2670.0,2670.0,1.0,0.0
2026-09-02,PTBA,2720.0,2720.0,1.0,0.0
2026-09-03,PTBA,2890.0,2890.0,1.0,0.0
2026-09-04,PTBA,2880.0,2880.0,1.0,0.0
2026-09-07,PTBA,3010.0,3010.0,1.0,0.0
2026-09-08,PTBA,3000.0,3000.0,1.0,0.0
2026-09-09,PTBA,3100.0,3100.0,1.0,0.0
2026-09-10,PTBA,3100.0,3100.0,1.0,0.0
2026-09-11,PTBA,3100.0,3100.0,1.0,0.0
2026-09-14,PTBA,3080.0,3080.0,1.0,0.0
2026-09-15,PTBA,3020.0,3020.0,1.0,0.0
2026-09-16,PTBA,3000.0,3000.0,1.0,0.0
2026-09-17,PTBA,3140.0,3140.0,1.0,0.0
2026-09-18,PTBA,3090.0,3090.0,1.0,0.0
2026-09-21,PTBA,3080.0,3080.0,1.0,0.0
2026-09-22,PTBA,3010.0,3010.0,1.0,0.0
2026-09-23,PTBA,3050.0,3050.0,1.0,0.0
2026-09-24,PTBA,3050.0,3050.0,1.0,0.0
2026-09-25,PTBA,3090.0,3090.0,1.0,0.0
2026-09-28,PTBA,3180.0,3180.0,1.0,0.0
2026-09-29,PTBA,3110.0,3110.0,1.0,0.0
2026-09-30,PTBA,3120.0,3120.0,1.0,0.0
2026-10-01,PTBA,3050.0,3050.0,1.0,0.0
2026-10-02,PTBA,3180.0,3180.0,1.0,0.0
2026-10-05,PTBA,3270.0,3270.0,1.0,0.0
2026-10-06,PTBA,3400.0,3400.0,1.0,0.0
2026-10-07,PTBA,3380.0,3380.0,1.0,0.0
2026-10-08,PTBA,3320.0,3320.0,1.0,0.0
2026-10-09,PTBA,3300.0,3300.0,1.0,0.0
2015-01-02,TLKM,2860.0,1623.12,1.762038543052886,0.762038543052886
2015-01-05,TLKM,2835.0,1608.93,1.762040610840745,0.7620406108407449
2015-01-06,TLKM,2815.0,1597.58,1.7620400856295146,0.7620400856295146
2015-01-07,TLKM,2810.0,1594.74,1.7620427154269662,0.7620427154269662
2015-01-08,TLKM,2835.0,1608.93,1.762040610840745,0.7620406108407449
2015-01-09,TLKM,2860.0,1623.12,1.762038543052886,0.762038543052886
2015-01-12,TLKM,2835.0,1608.93,1.762040610840745,0.7620406108407449
2015-01-13,TLKM,2840.0,1611.77,1.7620380079043536,0.7620380079043536
2015-01-14,TLKM,2825.0,1603.26,1.7620348539850055,0.7620348539850055
2015-01-15,TLKM,2830.0,1606.1,1.762032252039101,0.762032252039101
2015-01-16,TLKM,2845.0,1614.61,1.7620354141247734,0.7620354141247734
2015-01-19,TLKM,2855.0,1620.28,1.762041128693806,0.762041128693806
2015-01-20,TLKM,2900.0,1645.82,1.762039591206815,0.762039591206815
2015-01-21,TLKM,2915.0,1654.34,1.762031988587594,0.7620319885875939
2015-01-22,TLKM,2880.0,1634.47,1.7620390707691178,0.7620390707691178
2015-01-23,TLKM,2890.0,1640.15,1.7620339603085082,0.7620339603085082
2015-01-26,TLKM,2820.0,1600.42,1.762037465165394,0.7620374651653941
2015-01-27,TLKM,2830.0,1606.1,1.762032252039101,0.762032252039101
2015-01-28,TLKM,2845.0,1614.61,1.7620354141247734,0.7620354141247734
2015-01-29,TLKM,2860.0,1623.12,1.762038543052886,0.762038543052886
2015-01-30,TLKM,2830.0,1606.1,1.762032252039101,0.762032252039101
2015-02-02,TLKM,2805.0,1591.91,1.7620342858578688,0.7620342858578688
2015-02-03,TLKM,2825.0,1603.26,1.7620348539850055,0.7620348539850055
2015-02-04,TLKM,2845.0,1614.61,1.7620354141247734,0.7620354141247734
2015-02-05,TLKM,2815.0,1597.58,1.7620400856295146,0.7620400856295146
2015-02-06,TLKM,2830.0,1606.1,1.762032252039101,0.762032252039101
2015-02-09,TLKM,2860.0,1623.12,1.762038543052886,0.762038543052886
2015-02-10,TLKM,2845.0,1614.61,1.7620354141247734,0.7620354141247734
2015-02-11,TLKM,2860.0,1623.12,1.762038543052886,0.762038543052886
2015-02-12,TLKM,2895.0,1642.98,1.7620421429353978,0.7620421429353978
2015-02-13,TLKM,2980.0,1691.22,1.7620416031030852,0.7620416031030852
2015-02-16,TLKM,2890.0,1640.15,1.7620339603085082,0.7620339603085082
2015-02-17,TLKM,2895.0,1642.98,1.7620421429353978,0.7620421429353978
2015-02-18,TLKM,2895.0,1642.98,1.7620421429353978,0.7620421429353978
2015-02-20,TLKM,2890.0,1640.15,1.7620339603085082,0.7620339603085082
2015-02-23,TLKM,2910.0,1651.5,1.7620345140781108,0.7620345140781108
2015-02-24,TLKM,2905.0,1648.66,1.7620370482695036,0.7620370482695036
2015-02-25,TLKM,2970.0,1685.55,1.7620361306398507,0.7620361306398507
2015-02-26,TLKM,2975.0,1688.39,1.7620336533620786,0.7620336533620786
2015-02-27,TLKM,2935.0,1665.69,1.76203255107493,0.76203255107493
2015-03-02,TLKM,2950.0,1674.2,1.7620355990921037,0.7620355990921037
2015-03-03,TLKM,2945.0,1671.36,1.7620381007084052,0.7620381007084052
2015-03-04,TLKM,2910.0,1651.5,1.7620345140781108,0.7620345140781108
2015-03-05,TLKM,2910.0,1651.5,1.7620345140781108,0.7620345140781108
2015-03-06,TLKM,2985.0,1694.06,1.762039124942446,0.7620391249424461
2015-03-09,TLKM,2945.0,1671.36,1.7620381007084052,0.7620381007084052
2015-03-10,TLKM,2945.0,1671.36,1.7620381007084052,0.7620381007084052
2015-03-11,TLKM,2940.0,1668.52,1.7620406108407451,0.7620406108407451
2015-03-12,TLKM,2925.0,1660.01,1.762037578086879,0.7620375780868791
2015-03-13,TLKM,2955.0,1677.04,1.762033105948576,0.7620331059485761
2015-03-16,TLKM,2975.0,1688.39,1.7620336533620786,0.7620336533620786
2015-03-17,TLKM,2955.0,1677.04,1.762033105948576,0.7620331059485761
2015-03-18,TLKM,2950.0,1674.2,1.7620355990921037,0.7620355990921037
2015-03-19,TLKM,2950.0,1674.2,1.7620355990921037,0.7620355990921037
2015-03-20,TLKM,2920.0,1657.17,1.7620401045155294,0.7620401045155294
2015-03-23,TLKM,2920.0,1657.17,1.7620401045155294,0.7620401045155294
2015-03-24,TLKM,2920.0,1657.17,1.7620401045155294,0.7620401045155294
2015-03-25,TLKM,2880.0,1634.47,1.7620390707691178,0.7620390707691178
2015-03-26,TLKM,2810.0,1594.74,1.7620427154269662,0.7620427154269662
2015-03-27,TLKM,2810.0,1594.74,1.7620427154269662,0.7620427154269662
2015-03-30,TLKM,2865.0,1625.96,1.762035966444439,0.7620359664444389
2015-03-31,TLKM,2890.0,1640.15,1.7620339603085082,0.7620339603085082
2015-04-01,TLKM,2835.0,1608.93,1.762040610840745,0.7620406108407449
2015-04-02,TLKM,2825.0,1603.26,1.7620348539850055,0.7620348539850055
2015-04-06,TLKM,2835.0,1608.93,1.762040610840745,0.7620406108407449
2015-04-07,TLKM,2855.0,1620.28,1.762041128693806,0.762041128693806
2015-04-08,TLKM,2860.0,1623.12,1.762038543052886,0.762038543052886
2015-04-09,TLKM,2840.0,1611.77,1.7620380079043536,0.7620380079043536
2015-04-10,TLKM,2825.0,1603.26,1.7620348539850055,0.7620348539850055
2015-04-13,TLKM,2795.0,1586.23,1.7620395529021642,0.7620395529021642
2015-04-14,TLKM,2795.0,1586.23,1.7620395529021642,0.7620395529021642
2015-04-15,TLKM,2805.0,1591.91,1.7620342858578688,0.7620342858578688
2015-04-16,TLKM,2810.0,1594.74,1.7620427154269662,0.7620427154269662
2015-04-17,TLKM,2805.0,1591.91,1.7620342858578688,0.7620342858578688
2015-04-20,TLKM,2835.0,1608.93,1.762040610840745,0.7620406108407449
2015-04-21,TLKM,2835.0,1608.93,1.762040610840745,0.7620406108407449
2015-04-22,TLKM,2830.0,1606.1,1.762032252039101,0.762032252039101
2015-04-23,TLKM,2855.0,1620.28,1.762041128693806,0.762041128693806
2015-04-24,TLKM,2905.0,1648.66,1.7620370482695036,0.7620370482695036
2015-04-27,TLKM,2810.0,1645.42,1.707770660378505,0.707770660378505
2015-04-28,TLKM,2790.0,1633.7,1.7077798861480076,0.7077798861480076
2015-04-29,TLKM,2700.0,1581.0,1.7077798861480076,0.7077798861480076
2015-04-30,TLKM,2615.0,1531.23,1.707777407704917,0.707777407704917
2015-05-04,TLKM,2765.0,1619.07,1.7077705102311822,0.7077705102311822
2015-05-05,TLKM,2750.0,1610.28,1.7077775293737736,0.7077775293737736
2015-05-06,TLKM,2770.0,1621.99,1.7077787162682878,0.7077787162682878
2015-05-07,TLKM,2830.0,1657.13,1.7077718706438239,0.7077718706438239
2015-05-08,TLKM,2860.0,1674.69,1.70777875308266,0.70777875308266
2015-05-11,TLKM,2845.0,1665.91,1.7077753299998197,0.7077753299998197
2015-05-12,TLKM,2800.0,1639.56,1.7077752567762083,0.7077752567762083
2015-05-13,TLKM,2835.0,1660.05,1.7077798861480076,0.7077798861480076
2015-05-15,TLKM,2840.0,1662.98,1.707777604060181,0.7077776040601811
2015-05-18,TLKM,2830.0,1657.13,1.7077718706438239,0.7077718706438239
2015-05-19,TLKM,2830.0,1657.13,1.7077718706438239,0.7077718706438239
2015-05-20,TLKM,2835.0,1660.05,1.7077798861480076,0.7077798861480076
2015-05-21,TLKM,2850.0,1668.84,1.7077730639246425,0.7077730639246425
2015-05-22,TLKM,2870.0,1680.55,1.707774240576002,0.7077742405760019
2015-05-25,TLKM,2830.0,1657.13,1.7077718706438239,0.7077718706438239
2015-05-26,TLKM,2870.0,1680.55,1.707774240576002,0.7077742405760019
2015-05-27,TLKM,2830.0,1657.13,1.7077718706438239,0.7077718706438239
2015-05-28,TLKM,2855.0,1671.77,1.7077708057926628,0.7077708057926628
2015-05-29,TLKM,2845.0,1665.91,1.7077753299998197,0.7077753299998197
2015-06-01,TLKM,2845.0,1665.91,1.7077753299998197,0.7077753299998197
2015-06-03,TLKM,2875.0,1683.48,1.7077719961033098,0.7077719961033098
2015-06-04,TLKM,2825.0,1654.2,1.7077741506468382,0.7077741506468382
2015-06-05,TLKM,2855.0,1671.77,1.7077708057926628,0.7077708057926628
2015-06-08,TLKM,2855.0,1671.77,1.7077708057926628,0.7077708057926628
2015-06-09,TLKM,2830.0,1657.13,1.7077718706438239,0.7077718706438239
2015-06-10,TLKM,2860.0,1674.69,1.70777875308266,0.70777875308266
2015-06-11,TLKM,2870.0,1680.55,1.707774240576002,0.7077742405760019
2015-06-12,TLKM,2850.0,1668.84,1.7077730639246425,0.7077730639246425
2015-06-15,TLKM,2810.0,1645.42,1.707770660378505,0.707770660378505
2015-06-16,TLKM,2870.0,1680.55,1.707774240576002,0.7077742405760019
2015-06-17,TLKM,2875.0,1683.48,1.7077719961033098,0.7077719961033098
2015-06-18,TLKM,2880.0,1686.41,1.7077697594297945,0.7077697594297945
2015-06-19,TLKM,2890.0,1692.26,1.7077754009431174,0.7077754009431174
2015-06-22,TLKM,2835.0,1660.05,1.7077798861480076,0.7077798861480076
2015-06-23,TLKM,2850.0,1668.84,1.7077730639246425,0.7077730639246425
2015-06-24,TLKM,2880.0,1686.41,1.7077697594297945,0.7077697594297945
2015-06-25,TLKM,2905.0,1701.04,1.7077787706344354,0.7077787706344354
2015-06-26,TLKM,2935.0,1718.61,1.7077754697109875,0.7077754697109875
2015-06-29,TLKM,2905.0,1701.04,1.7077787706344354,0.7077787706344354
2015-06-30,TLKM,2930.0,1715.68,1.7077776741583512,0.7077776741583512
2015-07-01,TLKM,2920.0,1709.83,1.7077721176959113,0.7077721176959113
2015-07-02,TLKM,2930.0,1715.68,1.7077776741583512,0.7077776741583512
2015-07-03,TLKM,2930.0,1715.68,1.7077776741583512,0.7077776741583512
2015-07-06,TLKM,2930.0,1715.68,1.7077776741583512,0.7077776741583512
2015-07-07,TLKM,2870.0,1680.55,1.707774240576002,0.7077742405760019
2015-07-08,TLKM,2900.0,1698.12,1.7077709466939912,0.7077709466939912
2015-07-09,TLKM,2875.0,1683.48,1.7077719961033098,0.7077719961033098
2015-07-10,TLKM,2875.0,1683.48,1.7077719961033098,0.7077719961033098
2015-07-13,TLKM,2890.0,1692.26,1.7077754009431174,0.7077754009431174
2015-07-14,TLKM,2880.0,1686.41,1.7077697594297945,0.7077697594297945
2015-07-15,TLKM,2825.0,1654.2,1.7077741506468382,0.7077741506468382
2015-07-22,TLKM,2865.0,1677.62,1.7077764928887353,0.7077764928887353
2015-07-23,TLKM,2845.0,1665.91,1.7077753299998197,0.7077753299998197
2015-07-24,TLKM,2855.0,1671.77,1.7077708057926628,0.7077708057926628
2015-07-27,TLKM,2825.0,1654.2,1.7077741506468382,0.7077741506468382
2015-07-28,TLKM,2845.0,1665.91,1.7077753299998197,0.7077753299998197
2015-07-29,TLKM,2855.0,1671.77,1.7077708057926628,0.7077708057926628
2015-07-30,TLKM,2870.0,1680.55,1.707774240576002,0.7077742405760019
2015-07-31,TLKM,2940.0,1721.54,1.707773272767406,0.707773272767406
2015-08-03,TLKM,2920.0,1709.83,1.7077721176959113,0.7077721176959113
2015-08-04,TLKM,2875.0,1683.48,1.7077719961033098,0.7077719961033098
2015-08-05,TLKM,2940.0,1721.54,1.707773272767406,0.707773272767406
2015-08-06,TLKM,2930.0,1715.68,1.7077776741583512,0.7077776741583512
2015-08-07,TLKM,2955.0,1730.32,1.7077765962365343,0.7077765962365343
2015-08-10,TLKM,2965.0,1736.18,1.7077722355976914,0.7077722355976914
2015-08-11,TLKM,2940.0,1721.54,1.707773272767406,0.707773272767406
2015-08-12,TLKM,2800.0,1639.56,1.7077752567762083,0.7077752567762083
2015-08-13,TLKM,2825.0,1654.2,1.7077741506468382,0.7077741506468382
2015-08-14,TLKM,2875.0,1683.48,1.7077719961033098,0.7077719961033098
2015-08-18,TLKM,2875.0,1683.48,1.7077719961033098,0.7077719961033098
2015-08-19,TLKM,2880.0,1686.41,1.7077697594297945,0.7077697594297945
2015-08-20,TLKM,2870.0,1680.55,1.707774240576002,0.7077742405760019
2015-08-21,TLKM,2730.0,1598.57,1.7077763250905498,0.7077763250905498
2015-08-24,TLKM,2660.0,1557.58,1.7077774496334057,0.7077774496334057
2015-08-25,TLKM,2705.0,1583.93,1.7077774901668634,0.7077774901668634
2015-08-26,TLKM,2690.0,1575.15,1.7077738628067167,0.7077738628067167
2015-08-27,TLKM,2830.0,1657.13,1.7077718706438239,0.7077718706438239
2015-08-28,TLKM,2865.0,1677.62,1.7077764928887353,0.7077764928887353
2015-08-31,TLKM,2870.0,1680.55,1.707774240576002,0.7077742405760019
2015-09-01,TLKM,2830.0,1657.13,1.7077718706438239,0.7077718706438239
2015-09-02,TLKM,2775.0,1624.92,1.707776382837309,0.7077763828373089
2015-09-03,TLKM,2800.0,1639.56,1.7077752567762083,0.7077752567762083
2015-09-04,TLKM,2810.0,1645.42,1.707770660378505,0.707770660378505
2015-09-07,TLKM,2700.0,1581.0,1.7077798861480076,0.7077798861480076
2015-09-08,TLKM,2730.0,1598.57,1.7077763250905498,0.7077763250905498
2015-09-09,TLKM,2730.0,1598.57,1.7077763250905498,0.7077763250905498
2015-09-10,TLKM,2765.0,1619.07,1.7077705102311822,0.7077705102311822
2015-09-11,TLKM,2760.0,1616.14,1.7077728414617543,0.7077728414617543
2015-09-14,TLKM,2785.0,1630.78,1.7077717411300115,0.7077717411300115
2015-09-15,TLKM,2710.0,1586.86,1.707775103033664,0.7077751030336641
2015-09-16,TLKM,2720.0,1592.72,1.7077703551157768,0.7077703551157768
2015-09-17,TLKM,2680.0,1569.29,1.7077786769813101,0.7077786769813101
2015-09-18,TLKM,2690.0,1575.15,1.7077738628067167,0.7077738628067167
2015-09-21,TLKM,2730.0,1598.57,1.7077763250905498,0.7077763250905498
2015-09-22,TLKM,2700.0,1581.0,1.7077798861480076,0.7077798861480076
2015-09-23,TLKM,2655.0,1554.65,1.7077798861480076,0.7077798861480076
2015-09-25,TLKM,2655.0,1554.65,1.7077798861480076,0.7077798861480076
2015-09-28,TLKM,2600.0,1522.45,1.7077736543072022,0.7077736543072022
2015-09-29,TLKM,2605.0,1525.38,1.7077711783293341,0.7077711783293341
2015-09-30,TLKM,2645.0,1548.8,1.7077737603305785,0.7077737603305785
2015-10-01,TLKM,2630.0,1540.02,1.7077700289606628,0.7077700289606628
2015-10-02,TLKM,2620.0,1534.16,1.7077749387286854,0.7077749387286854
2015-10-05,TLKM,2720.0,1592.72,1.7077703551157768,0.7077703551157768
2015-10-06,TLKM,2790.0,1633.7,1.7077798861480076,0.7077798861480076
2015-10-07,TLKM,2740.0,1604.43,1.707771607362116,0.7077716073621161
2015-10-08,TLKM,2710.0,1586.86,1.707775103033664,0.7077751030336641
2015-10-09,TLKM,2700.0,1581.0,1.7077798861480076,0.7077798861480076
2015-10-12,TLKM,2695.0,1578.08,1.7077714691270405,0.7077714691270405
2015-10-13,TLKM,2640.0,1545.87,1.7077762036911255,0.7077762036911255
2015-10-15,TLKM,2685.0,1572.22,1.707776265408149,0.707776265408149
2015-10-16,TLKM,2680.0,1569.29,1.7077786769813101,0.7077786769813101
2015-10-19,TLKM,2720.0,1592.72,1.7077703551157768,0.7077703551157768
2015-10-20,TLKM,2710.0,1586.86,1.707775103033664,0.7077751030336641
2015-10-21,TLKM,2730.0,1598.57,1.7077763250905498,0.7077763250905498
2015-10-22,TLKM,2740.0,1604.43,1.707771607362116,0.7077716073621161
2015-10-23,TLKM,2760.0,1616.14,1.7077728414617543,0.7077728414617543
2015-10-26,TLKM,2805.0,1642.49,1.7077729544776528,0.7077729544776528
2015-10-27,TLKM,2795.0,1636.63,1.7077775673182087,0.7077775673182087
2015-10-28,TLKM,2795.0,1636.63,1.7077775673182087,0.7077775673182087
2015-10-29,TLKM,2730.0,1598.57,1.7077763250905498,0.7077763250905498
2015-10-30,TLKM,2680.0,1569.29,1.7077786769813101,0.7077786769813101
2015-11-02,TLKM,2740.0,1604.43,1.707771607362116,0.7077716073621161
2015-11-03,TLKM,2740.0,1604.43,1.707771607362116,0.7077716073621161
2015-11-04,TLKM,2730.0,1598.57,1.7077763250905498,0.7077763250905498
2015-11-05,TLKM,2705.0,1583.93,1.7077774901668634,0.7077774901668634
2015-11-06,TLKM,2735.0,1601.5,1.7077739619107086,0.7077739619107086
2015-11-09,TLKM,2730.0,1598.57,1.7077763250905498,0.7077763250905498
2015-11-10,TLKM,2695.0,1578.08,1.7077714691270405,0.7077714691270405
2015-11-11,TLKM,2665.0,1560.51,1.707775022268361,0.707775022268361
2015-11-12,TLKM,2715.0,1589.79,1.7077727246994887,0.7077727246994887
2015-11-13,TLKM,2755.0,1613.21,1.7077751811605433,0.7077751811605433
2015-11-16,TLKM,2720.0,1592.72,1.7077703551157768,0.7077703551157768
2015-11-17,TLKM,2815.0,1648.34,1.707778734969727,0.7077787349697271
2015-11-18,TLKM,2850.0,1668.84,1.7077730639246425,0.7077730639246425
2015-11-19,TLKM,2815.0,1648.34,1.707778734969727,0.7077787349697271
2015-11-20,TLKM,2915.0,1706.9,1.7077743277286308,0.7077743277286308
2015-11-23,TLKM,2800.0,1639.56,1.7077752567762083,0.7077752567762083
2015-11-24,TLKM,2870.0,1680.55,1.707774240576002,0.7077742405760019
2015-11-25,TLKM,2900.0,1698.12,1.7077709466939912,0.7077709466939912
2015-11-26,TLKM,2950.0,1727.39,1.707778787650733,0.7077787876507331
2015-11-27,TLKM,2960.0,1733.25,1.7077744122313572,0.7077744122313572
2015-11-30,TLKM,2930.0,1715.68,1.7077776741583512,0.7077776741583512
2015-12-01,TLKM,2940.0,1721.54,1.707773272767406,0.707773272767406
2015-12-02,TLKM,2970.0,1739.11,1.707770066298279,0.7077700662982791
2015-12-03,TLKM,3035.0,1777.17,1.7077713443283422,0.7077713443283422
2015-12-04,TLKM,3000.0,1756.67,1.7077766455851127,0.7077766455851127
2015-12-07,TLKM,3030.0,1774.24,1.7077734692037154,0.7077734692037154
2015-12-08,TLKM,3015.0,1765.46,1.7077702128623702,0.7077702128623702
2015-12-09,TLKM,3015.0,1765.46,1.7077702128623702,0.7077702128623702
2015-12-10,TLKM,3010.0,1762.53,1.7077723499741848,0.7077723499741848
2015-12-11,TLKM,2950.0,1727.39,1.707778787650733,0.7077787876507331
2015-12-14,TLKM,2930.0,1715.68,1.7077776741583512,0.7077776741583512
2015-12-15,TLKM,2940.0,1721.54,1.707773272767406,0.707773272767406
2015-12-16,TLKM,3040.0,1780.09,1.7077788201720139,0.7077788201720139
2015-12-17,TLKM,3125.0,1829.87,1.7077715903315538,0.7077715903315538
2015-12-18,TLKM,3060.0,1791.8,1.7077798861480076,0.7077798861480076
2015-12-21,TLKM,3110.0,1821.08,1.7077778021833199,0.7077778021833199
2015-12-22,TLKM,3135.0,1835.72,1.70777678513063,0.70777678513063
2015-12-23,TLKM,3110.0,1821.08,1.7077778021833199,0.7077778021833199
2015-12-28,TLKM,3120.0,1826.94,1.7077736543072022,0.7077736543072022
2015-12-29,TLKM,3095.0,1812.3,1.707774650995972,0.7077746509959719
2015-12-30,TLKM,3105.0,1818.16,1.7077704932459188,0.7077704932459188
2016-01-04,TLKM,3140.0,1838.65,1.7077747260218095,0.7077747260218095
2016-01-05,TLKM,3195.0,1870.86,1.707770757833296,0.7077707578332959
2016-01-06,TLKM,3250.0,1903.06,1.7077758977646527,0.7077758977646527
2016-01-07,TLKM,3210.0,1879.64,1.7077738290310909,0.7077738290310909
2016-01-08,TLKM,3145.0,1841.58,1.7077726734651768,0.7077726734651768
2016-01-11,TLKM,3060.0,1791.8,1.7077798861480076,0.7077798861480076
2016-01-12,TLKM,3145.0,1841.58,1.7077726734651768,0.7077726734651768
2016-01-13,TLKM,3190.0,1867.93,1.7077727752110625,0.7077727752110625
2016-01-14,TLKM,3135.0,1835.72,1.70777678513063,0.70777678513063
2016-01-15,TLKM,3085.0,1806.44,1.7077788357210868,0.7077788357210868
2016-01-18,TLKM,3085.0,1806.44,1.7077788357210868,0.7077788357210868
2016-01-19,TLKM,3110.0,1821.08,1.7077778021833199,0.7077778021833199
2016-01-20,TLKM,3090.0,1809.37,1.707776739970266,0.7077767399702659
2016-01-21,TLKM,3095.0,1812.3,1.707774650995972,0.7077746509959719
2016-01-22,TLKM,3185.0,1865.0,1.707774798927614,0.707774798927614
2016-01-25,TLKM,3205.0,1876.71,1.707775841765643,0.707775841765643
2016-01-26,TLKM,3225.0,1888.42,1.7077768716704969,0.7077768716704969
2016-01-27,TLKM,3270.0,1914.77,1.7077769131540603,0.7077769131540603
2016-01-28,TLKM,3260.0,1908.92,1.7077719338683652,0.7077719338683652
2016-01-29,TLKM,3340.0,1955.76,1.7077760052358162,0.7077760052358162
2016-02-01,TLKM,3330.0,1949.91,1.7077711278982106,0.7077711278982106
2016-02-02,TLKM,3235.0,1894.28,1.7077728741263172,0.7077728741263172
2016-02-03,TLKM,3275.0,1917.7,1.7077749387286854,0.7077749387286854
2016-02-04,TLKM,3350.0,1961.62,1.707772147510731,0.707772147510731
2016-02-05,TLKM,3500.0,2049.45,1.7077752567762083,0.7077752567762083
2016-02-09,TLKM,3375.0,1976.26,1.7077712446742837,0.7077712446742837
2016-02-10,TLKM,3385.0,1982.11,1.7077760568283296,0.7077760568283296
2016-02-11,TLKM,3430.0,2008.46,1.707776107067106,0.707776107067106
2016-02-12,TLKM,3285.0,1923.56,1.70777100792281,0.7077710079228099
2016-02-15,TLKM,3325.0,1946.98,1.7077730639246422,0.7077730639246422
2016-02-16,TLKM,3335.0,1952.83,1.7077779427804776,0.7077779427804776
2016-02-17,TLKM,3335.0,1952.83,1.7077779427804776,0.7077779427804776
2016-02-18,TLKM,3315.0,1941.12,1.707776953511375,0.7077769535113749
2016-02-19,TLKM,3195.0,1870.86,1.707770757833296,0.7077707578332959
2016-02-22,TLKM,3180.0,1862.07,1.7077768290128728,0.7077768290128728
2016-02-23,TLKM,3220.0,1885.49,1.7077788797606988,0.7077788797606988
2016-02-24,TLKM,3230.0,1891.35,1.7077748698019934,0.7077748698019934
2016-02-25,TLKM,3300.0,1932.34,1.7077739942246188,0.7077739942246188
2016-02-26,TLKM,3310.0,1938.2,1.7077700959653286,0.7077700959653286
2016-02-29,TLKM,3250.0,1903.06,1.7077758977646527,0.7077758977646527
2016-03-01,TLKM,3295.0,1929.41,1.7077759522341025,0.7077759522341025
2016-03-02,TLKM,3340.0,1955.76,1.7077760052358162,0.7077760052358162
2016-03-03,TLKM,3430.0,2008.46,1.707776107067106,0.707776107067106
2016-03-04,TLKM,3415.0,1999.68,1.707773243718995,0.707773243718995
2016-03-07,TLKM,3395.0,1987.97,1.7077722500842567,0.7077722500842567
2016-03-08,TLKM,3390.0,1985.04,1.7077741506468385,0.7077741506468385
2016-03-10,TLKM,3315.0,1941.12,1.707776953511375,0.7077769535113749
2016-03-11,TLKM,3315.0,1941.12,1.707776953511375,0.7077769535113749
2016-03-14,TLKM,3315.0,1941.12,1.707776953511375,0.7077769535113749
2016-03-15,TLKM,3380.0,1979.18,1.7077779686536847,0.7077779686536847
2016-03-16,TLKM,3440.0,2014.32,1.7077723499741848,0.7077723499741848
2016-03-17,TLKM,3455.0,2023.1,1.7077751964806487,0.7077751964806487
2016-03-18,TLKM,3460.0,2026.03,1.7077733301086362,0.7077733301086362
2016-03-21,TLKM,3470.0,2031.88,1.7077780183869125,0.7077780183869125
2016-03-22,TLKM,3420.0,2002.61,1.7077713583773177,0.7077713583773177
2016-03-23,TLKM,3305.0,1935.27,1.7077720421439904,0.7077720421439904
2016-03-24,TLKM,3325.0,1946.98,1.7077730639246422,0.7077730639246422
2016-03-28,TLKM,3305.0,1935.27,1.7077720421439904,0.7077720421439904
2016-03-29,TLKM,3300.0,1932.34,1.7077739942246188,0.7077739942246188
2016-03-30,TLKM,3345.0,1958.69,1.7077740734878923,0.7077740734878923
2016-03-31,TLKM,3325.0,1946.98,1.7077730639246422,0.7077730639246422
2016-04-01,TLKM,3350.0,1961.62,1.707772147510731,0.707772147510731
2016-04-04,TLKM,3380.0,1979.18,1.7077779686536847,0.7077779686536847
2016-04-05,TLKM,3375.0,1976.26,1.7077712446742837,0.7077712446742837
2016-04-06,TLKM,3405.0,1993.82,1.70777703102587,0.70777703102587
2016-04-07,TLKM,3400.0,1990.89,1.707778933039997,0.7077789330399971
2016-04-08,TLKM,3445.0,2017.24,1.7077789454898773,0.7077789454898773
2016-04-11,TLKM,3445.0,2017.24,1.7077789454898773,0.7077789454898773
2016-04-12,TLKM,3400.0,1990.89,1.707778933039997,0.7077789330399971
2016-04-13,TLKM,3400.0,1990.89,1.707778933039997,0.7077789330399971
2016-04-14,TLKM,3400.0,1990.89,1.707778933039997,0.7077789330399971
2016-04-15,TLKM,3400.0,1990.89,1.707778933039997,0.7077789330399971
2016-04-18,TLKM,3400.0,1990.89,1.707778933039997,0.7077789330399971
2016-04-19,TLKM,3400.0,1990.89,1.707778933039997,0.7077789330399971
2016-04-20,TLKM,3585.0,2099.22,1.7077771743790553,0.7077771743790553
2016-04-21,TLKM,3630.0,2125.57,1.7077772079959728,0.7077772079959728
2016-04-22,TLKM,3685.0,2157.78,1.7077737304081044,0.7077737304081044
2016-04-25,TLKM,3780.0,2213.41,1.7077721705422855,0.7077721705422855
2016-04-26,TLKM,3645.0,2134.36,1.7077718847804493,0.7077718847804493
2016-04-27,TLKM,3700.0,2166.56,1.707776382837309,0.7077763828373089
2016-04-28,TLKM,3595.0,2105.08,1.7077735763011384,0.7077735763011384
2016-04-29,TLKM,3550.0,2078.73,1.7077734963174631,0.7077734963174631
2016-05-02,TLKM,3450.0,2075.5,1.6622500602264514,0.6622500602264514
2016-05-03,TLKM,3440.0,2069.49,1.662245287486289,0.662245287486289
2016-05-04,TLKM,3490.0,2099.57,1.6622451263830211,0.6622451263830211
2016-05-09,TLKM,3610.0,2171.76,1.6622462887243525,0.6622462887243525
2016-05-10,TLKM,3700.0,2225.9,1.6622489779415068,0.6622489779415068
2016-05-11,TLKM,3720.0,2237.93,1.6622503831665871,0.6622503831665871
2016-05-12,TLKM,3760.0,2262.0,1.6622458001768348,0.6622458001768348
2016-05-13,TLKM,3690.0,2219.88,1.662252013622358,0.662252013622358
2016-05-16,TLKM,3720.0,2237.93,1.6622503831665871,0.6622503831665871
2016-05-17,TLKM,3720.0,2237.93,1.6622503831665871,0.6622503831665871
2016-05-18,TLKM,3740.0,2249.96,1.6622517733648599,0.6622517733648599
2016-05-19,TLKM,3630.0,2183.79,1.66224774360172,0.66224774360172
2016-05-20,TLKM,3640.0,2189.8,1.662252260480409,0.6622522604804091
2016-05-23,TLKM,3710.0,2231.92,1.6622459586365101,0.6622459586365101
2016-05-24,TLKM,3730.0,2243.95,1.6622473762784378,0.6622473762784378
2016-05-25,TLKM,3780.0,2274.03,1.6622471999050143,0.6622471999050143
2016-05-26,TLKM,3770.0,2268.01,1.662250166445474,0.6622501664454741
2016-05-27,TLKM,3760.0,2262.0,1.6622458001768348,0.6622458001768348
2016-05-30,TLKM,3700.0,2225.9,1.6622489779415068,0.6622489779415068
2016-05-31,TLKM,3700.0,2225.9,1.6622489779415068,0.6622489779415068
2016-06-01,TLKM,3720.0,2237.93,1.6622503831665871,0.6622503831665871
2016-06-02,TLKM,3770.0,2268.01,1.662250166445474,0.6622501664454741
2016-06-03,TLKM,3800.0,2286.06,1.6622485849015336,0.6622485849015336
2016-06-06,TLKM,3880.0,2334.19,1.6622468607953937,0.6622468607953937
2016-06-07,TLKM,3910.0,2352.24,1.662245349114036,0.6622453491140361
2016-06-08,TLKM,3790.0,2280.04,1.6622515394466764,0.6622515394466764
2016-06-09,TLKM,3770.0,2268.01,1.662250166445474,0.6622501664454741
2016-06-10,TLKM,3750.0,2255.98,1.6622487788012306,0.6622487788012306
2016-06-13,TLKM,3760.0,2262.0,1.6622458001768348,0.6622458001768348
2016-06-14,TLKM,3770.0,2268.01,1.662250166445474,0.6622501664454741
2016-06-15,TLKM,3810.0,2292.08,1.6622456458762347,0.6622456458762347
2016-06-16,TLKM,3880.0,2334.19,1.6622468607953937,0.6622468607953937
2016-06-17,TLKM,3890.0,2340.2,1.6622510896504574,0.6622510896504574
2016-06-20,TLKM,3850.0,2316.14,1.6622483960382362,0.6622483960382362
2016-06-21,TLKM,3870.0,2328.17,1.6622497498034936,0.6622497498034936
2016-06-22,TLKM,3870.0,2328.17,1.6622497498034936,0.6622497498034936
2016-06-23,TLKM,3860.0,2322.16,1.6622454955730872,0.6622454955730872
2016-06-24,TLKM,3820.0,2298.09,1.6622499553977432,0.6622499553977432
2016-06-27,TLKM,3840.0,2310.12,1.6622513116201756,0.6622513116201756
2016-06-28,TLKM,3820.0,2298.09,1.6622499553977432,0.6622499553977432
2016-06-29,TLKM,3970.0,2388.33,1.662249354151227,0.6622493541512271
2016-06-30,TLKM,3980.0,2394.35,1.6622465387265857,0.6622465387265857
2016-07-01,TLKM,3970.0,2388.33,1.662249354151227,0.6622493541512271
2016-07-11,TLKM,4070.0,2448.49,1.662248977941507,0.662248977941507
2016-07-12,TLKM,4100.0,2466.54,1.6622475208186367,0.6622475208186367
2016-07-13,TLKM,4260.0,2562.79,1.6622509062389037,0.6622509062389037
2016-07-14,TLKM,4110.0,2472.55,1.6622515217083575,0.6622515217083575
2016-07-15,TLKM,4200.0,2526.7,1.6622471999050146,0.6622471999050146
2016-07-18,TLKM,4140.0,2490.6,1.6622500602264516,0.6622500602264516
2016-07-19,TLKM,4160.0,2502.63,1.6622513116201756,0.6622513116201756
2016-07-20,TLKM,4190.0,2520.68,1.662249869082946,0.6622498690829459
2016-07-21,TLKM,4120.0,2478.57,1.6622487966851853,0.6622487966851853
2016-07-22,TLKM,4110.0,2472.55,1.6622515217083575,0.6622515217083575
2016-07-25,TLKM,4180.0,2514.67,1.6622459408192725,0.6622459408192725
2016-07-26,TLKM,4250.0,2556.78,1.662247045111429,0.6622470451114291
2016-07-27,TLKM,4340.0,2610.92,1.6622493220780414,0.6622493220780414
2016-07-28,TLKM,4340.0,2610.92,1.6622493220780414,0.6622493220780414
2016-07-29,TLKM,4230.0,2544.75,1.6622458001768348,0.6622458001768348
2016-08-01,TLKM,4550.0,2737.26,1.662246187793633,0.662246187793633
2016-08-02,TLKM,4370.0,2628.97,1.6622479526202278,0.6622479526202278
2016-08-03,TLKM,4270.0,2568.81,1.6622482783857118,0.6622482783857118
2016-08-04,TLKM,4320.0,2598.89,1.662248113617737,0.6622481136177369
2016-08-05,TLKM,4350.0,2616.94,1.66224674619976,0.6622467461997601
2016-08-08,TLKM,4400.0,2647.02,1.6622466018390492,0.6622466018390492
2016-08-09,TLKM,4370.0,2628.97,1.6622479526202278,0.6622479526202278
2016-08-10,TLKM,4320.0,2598.89,1.662248113617737,0.6622481136177369
2016-08-11,TLKM,4280.0,2574.83,1.662245662820458,0.662245662820458
2016-08-12,TLKM,4230.0,2544.75,1.6622458001768348,0.6622458001768348
2016-08-15,TLKM,4090.0,2460.52,1.662250256043438,0.662250256043438
2016-08-16,TLKM,4140.0,2490.6,1.6622500602264516,0.6622500602264516
2016-08-18,TLKM,4250.0,2556.78,1.662247045111429,0.6622470451114291
2016-08-19,TLKM,4140.0,2490.6,1.6622500602264516,0.6622500602264516
2016-08-22,TLKM,4160.0,2502.63,1.6622513116201756,0.6622513116201756
2016-08-23,TLKM,4220.0,2538.73,1.6622484470581746,0.6622484470581746
2016-08-24,TLKM,4220.0,2538.73,1.6622484470581746,0.6622484470581746
2016-08-25,TLKM,4220.0,2538.73,1.6622484470581746,0.6622484470581746
2016-08-26,TLKM,4210.0,2532.71,1.6622511065222627,0.6622511065222627
2016-08-29,TLKM,4140.0,2490.6,1.6622500602264516,0.6622500602264516
2016-08-30,TLKM,4170.0,2508.65,1.6622486197755764,0.6622486197755764
2016-08-31,TLKM,4210.0,2532.71,1.6622511065222627,0.6622511065222627
2016-09-01,TLKM,4160.0,2502.63,1.6622513116201756,0.6622513116201756
2016-09-02,TLKM,4200.0,2526.7,1.6622471999050146,0.6622471999050146
2016-09-05,TLKM,4200.0,2526.7,1.6622471999050146,0.6622471999050146
2016-09-06,TLKM,4240.0,2550.76,1.662249682447584,0.6622496824475841
2016-09-07,TLKM,4210.0,2532.71,1.6622511065222627,0.6622511065222627
2016-09-08,TLKM,4160.0,2502.63,1.6622513116201756,0.6622513116201756
2016-09-09,TLKM,4050.0,2436.46,1.6622476872183414,0.6622476872183414
2016-09-13,TLKM,4050.0,2436.46,1.6622476872183414,0.6622476872183414
2016-09-14,TLKM,3970.0,2388.33,1.662249354151227,0.6622493541512271
2016-09-15,TLKM,4140.0,2490.6,1.6622500602264516,0.6622500602264516
2016-09-16,TLKM,4090.0,2460.52,1.662250256043438,0.662250256043438
2016-09-19,TLKM,4200.0,2526.7,1.6622471999050146,0.6622471999050146
2016-09-20,TLKM,4160.0,2502.63,1.6622513116201756,0.6622513116201756
2016-09-21,TLKM,4200.0,2526.7,1.6622471999050146,0.6622471999050146
2016-09-22,TLKM,4230.0,2544.75,1.6622458001768348,0.6622458001768348
2016-09-23,TLKM,4230.0,2544.75,1.6622458001768348,0.6622458001768348
2016-09-26,TLKM,4240.0,2550.76,1.662249682447584,0.6622496824475841
2016-09-27,TLKM,4280.0,2574.83,1.662245662820458,0.662245662820458
2016-09-28,TLKM,4250.0,2556.78,1.662247045111429,0.6622470451114291
2016-09-29,TLKM,4290.0,2580.84,1.6622495001627375,0.6622495001627375
2016-09-30,TLKM,4310.0,2592.87,1.662250710602537,0.662250710602537
2016-10-03,TLKM,4380.0,2634.98,1.6622517058953008,0.6622517058953008
2016-10-04,TLKM,4360.0,2622.95,1.6622505194532875,0.6622505194532875
2016-10-05,TLKM,4300.0,2586.86,1.6622468939177226,0.6622468939177226
2016-10-06,TLKM,4210.0,2532.71,1.6622511065222627,0.6622511065222627
2016-10-07,TLKM,4200.0,2526.7,1.6622471999050146,0.6622471999050146
2016-10-10,TLKM,4160.0,2502.63,1.6622513116201756,0.6622513116201756
2016-10-11,TLKM,4160.0,2502.63,1.6622513116201756,0.6622513116201756
2016-10-12,TLKM,4140.0,2490.6,1.6622500602264516,0.6622500602264516
2016-10-13,TLKM,4180.0,2514.67,1.6622459408192725,0.6622459408192725
2016-10-14,TLKM,4210.0,2532.71,1.6622511065222627,0.6622511065222627
2016-10-17,TLKM,4240.0,2550.76,1.662249682447584,0.6622496824475841
2016-10-18,TLKM,4230.0,2544.75,1.6622458001768348,0.6622458001768348
2016-10-19,TLKM,4200.0,2526.7,1.6622471999050146,0.6622471999050146
2016-10-20,TLKM,4200.0,2526.7,1.6622471999050146,0.6622471999050146
2016-10-21,TLKM,4210.0,2532.71,1.6622511065222627,0.6622511065222627
2016-10-24,TLKM,4220.0,2538.73,1.6622484470581746,0.6622484470581746
2016-10-25,TLKM,4200.0,2526.7,1.6622471999050146,0.6622471999050146
2016-10-26,TLKM,4190.0,2520.68,1.662249869082946,0.6622498690829459
2016-10-27,TLKM,4240.0,2550.76,1.662249682447584,0.6622496824475841
2016-10-28,TLKM,4230.0,2544.75,1.6622458001768348,0.6622458001768348
2016-10-31,TLKM,4220.0,2538.73,1.6622484470581746,0.6622484470581746
2016-11-01,TLKM,4200.0,2526.7,1.6622471999050146,0.6622471999050146
2016-11-02,TLKM,4200.0,2526.7,1.6622471999050146,0.6622471999050146
2016-11-03,TLKM,4150.0,2496.62,1.6622473584285955,0.6622473584285955
2016-11-04,TLKM,4150.0,2496.62,1.6622473584285955,0.6622473584285955
2016-11-07,TLKM,4150.0,2496.62,1.6622473584285955,0.6622473584285955
2016-11-08,TLKM,4280.0,2574.83,1.662245662820458,0.662245662820458
2016-11-09,TLKM,4120.0,2478.57,1.6622487966851853,0.6622487966851853
2016-11-10,TLKM,4190.0,2520.68,1.662249869082946,0.6622498690829459
2016-11-11,TLKM,3960.0,2382.32,1.6622452063534705,0.6622452063534705
2016-11-14,TLKM,3790.0,2280.04,1.6622515394466764,0.6622515394466764
2016-11-15,TLKM,3840.0,2310.12,1.6622513116201756,0.6622513116201756
2016-11-16,TLKM,4000.0,2406.38,1.6622478577780733,0.6622478577780733
2016-11-17,TLKM,4000.0,2406.38,1.6622478577780733,0.6622478577780733
2016-11-18,TLKM,3970.0,2388.33,1.662249354151227,0.6622493541512271
2016-11-21,TLKM,3930.0,2364.27,1.6622466977121901,0.6622466977121901
2016-11-22,TLKM,3950.0,2376.3,1.6622480326558093,0.6622480326558093
2016-11-23,TLKM,3940.0,2370.28,1.662250873314545,0.6622508733145449
2016-11-24,TLKM,3810.0,2292.08,1.6622456458762347,0.6622456458762347
2016-11-25,TLKM,3830.0,2304.11,1.6622470281366775,0.6622470281366775
2016-11-28,TLKM,3840.0,2310.12,1.6622513116201756,0.6622513116201756
2016-11-29,TLKM,3840.0,2310.12,1.6622513116201756,0.6622513116201756
2016-11-30,TLKM,3780.0,2274.03,1.6622471999050143,0.6622471999050143
2016-12-01,TLKM,3860.0,2322.16,1.6622454955730872,0.6622454955730872
2016-12-02,TLKM,3910.0,2352.24,1.662245349114036,0.6622453491140361
2016-12-05,TLKM,3960.0,2382.32,1.6622452063534705,0.6622452063534705
2016-12-06,TLKM,3910.0,2352.24,1.662245349114036,0.6622453491140361
2016-12-07,TLKM,3850.0,2316.14,1.6622483960382362,0.6622483960382362
2016-12-08,TLKM,3940.0,2370.28,1.662250873314545,0.6622508733145449
2016-12-09,TLKM,3960.0,2382.32,1.6622452063534705,0.6622452063534705
2016-12-13,TLKM,3970.0,2388.33,1.662249354151227,0.6622493541512271
2016-12-14,TLKM,3920.0,2358.25,1.6622495494540444,0.6622495494540444
2016-12-15,TLKM,3910.0,2363.92,1.6540322853565264,0.6540322853565264
2016-12-16,TLKM,3820.0,2309.51,1.654030508636031,0.654030508636031
2016-12-19,TLKM,3800.0,2297.42,1.654029302434905,0.6540293024349051
2016-12-20,TLKM,3730.0,2255.1,1.6540286461797704,0.6540286461797704
2016-12-21,TLKM,3780.0,2285.33,1.6540280834715337,0.6540280834715337
2016-12-22,TLKM,3750.0,2267.19,1.6540298783957232,0.6540298783957232
2016-12-23,TLKM,3690.0,2230.91,1.654033555813547,0.654033555813547
2016-12-27,TLKM,3730.0,2255.1,1.6540286461797704,0.6540286461797704
2016-12-28,TLKM,3830.0,2315.56,1.654027535455786,0.6540275354557861
2016-12-29,TLKM,3940.0,2382.06,1.6540305449904704,0.6540305449904704
2016-12-30,TLKM,3980.0,2406.24,1.6540328479287187,0.6540328479287187
2017-01-02,TLKM,3980.0,2406.24,1.6540328479287187,0.6540328479287187
2017-01-03,TLKM,3950.0,2388.1,1.6540345881663248,0.6540345881663248
2017-01-04,TLKM,3950.0,2388.1,1.6540345881663248,0.6540345881663248
2017-01-05,TLKM,3950.0,2388.1,1.6540345881663248,0.6540345881663248
2017-01-06,TLKM,4000.0,2418.33,1.6540339821281629,0.6540339821281629
2017-01-09,TLKM,4020.0,2430.43,1.6540282995190152,0.6540282995190152
2017-01-10,TLKM,4000.0,2418.33,1.6540339821281629,0.6540339821281629
2017-01-11,TLKM,3960.0,2394.15,1.6540317022742936,0.6540317022742936
2017-01-12,TLKM,3960.0,2394.15,1.6540317022742936,0.6540317022742936
2017-01-13,TLKM,3950.0,2388.1,1.6540345881663248,0.6540345881663248
2017-01-16,TLKM,3950.0,2388.1,1.6540345881663248,0.6540345881663248
2017-01-17,TLKM,3970.0,2400.2,1.6540288309307558,0.6540288309307558
2017-01-18,TLKM,3960.0,2394.15,1.6540317022742936,0.6540317022742936
2017-01-19,TLKM,3970.0,2400.2,1.6540288309307558,0.6540288309307558
2017-01-20,TLKM,3830.0,2315.56,1.654027535455786,0.6540275354557861
2017-01-23,TLKM,3840.0,2321.6,1.6540317022742936,0.6540317022742936
2017-01-24,TLKM,3910.0,2363.92,1.6540322853565264,0.6540322853565264
2017-01-25,TLKM,3900.0,2357.88,1.6540281948190747,0.6540281948190747
2017-01-26,TLKM,3940.0,2382.06,1.6540305449904704,0.6540305449904704
2017-01-27,TLKM,3890.0,2351.83,1.654031116194623,0.6540311161946231
2017-01-30,TLKM,3860.0,2333.69,1.6540328835449438,0.6540328835449438
2017-01-31,TLKM,3870.0,2339.74,1.6540299349500374,0.6540299349500374
2017-02-01,TLKM,3940.0,2382.06,1.6540305449904704,0.6540305449904704
2017-02-02,TLKM,3950.0,2388.1,1.6540345881663248,0.6540345881663248
2017-02-03,TLKM,3950.0,2388.1,1.6540345881663248,0.6540345881663248
2017-02-06,TLKM,3960.0,2394.15,1.6540317022742936,0.6540317022742936
2017-02-07,TLKM,3920.0,2369.97,1.6540293758992732,0.6540293758992732
2017-02-08,TLKM,3870.0,2339.74,1.6540299349500374,0.6540299349500374
2017-02-09,TLKM,3870.0,2339.74,1.6540299349500374,0.6540299349500374
2017-02-10,TLKM,3890.0,2351.83,1.654031116194623,0.6540311161946231
2017-02-13,TLKM,3920.0,2369.97,1.6540293758992732,0.6540293758992732
2017-02-14,TLKM,3860.0,2333.69,1.6540328835449438,0.6540328835449438
2017-02-15,TLKM,3860.0,2333.69,1.6540328835449438,0.6540328835449438
2017-02-16,TLKM,3870.0,2339.74,1.6540299349500374,0.6540299349500374
2017-02-17,TLKM,3870.0,2339.74,1.6540299349500374,0.6540299349500374
2017-02-20,TLKM,3870.0,2339.74,1.6540299349500374,0.6540299349500374
2017-02-21,TLKM,3880.0,2345.78,1.6540340526392072,0.6540340526392072
2017-02-22,TLKM,3880.0,2345.78,1.6540340526392072,0.6540340526392072
2017-02-23,TLKM,3840.0,2321.6,1.6540317022742936,0.6540317022742936
2017-02-24,TLKM,3840.0,2321.6,1.6540317022742936,0.6540317022742936
2017-02-27,TLKM,3870.0,2339.74,1.6540299349500374,0.6540299349500374
2017-02-28,TLKM,3850.0,2327.65,1.6540287414344939,0.6540287414344939
2017-03-01,TLKM,3850.0,2327.65,1.6540287414344939,0.6540287414344939
2017-03-02,TLKM,3830.0,2315.56,1.654027535455786,0.6540275354557861
2017-03-03,TLKM,3850.0,2327.65,1.6540287414344939,0.6540287414344939
2017-03-06,TLKM,3920.0,2369.97,1.6540293758992732,0.6540293758992732
2017-03-07,TLKM,3950.0,2388.1,1.6540345881663248,0.6540345881663248
2017-03-08,TLKM,3880.0,2345.78,1.6540340526392072,0.6540340526392072
2017-03-09,TLKM,3960.0,2394.15,1.6540317022742936,0.6540317022742936
2017-03-10,TLKM,3950.0,2388.1,1.6540345881663248,0.6540345881663248
2017-03-13,TLKM,3950.0,2388.1,1.6540345881663248,0.6540345881663248
2017-03-14,TLKM,4050.0,2448.56,1.6540333910543341,0.6540333910543341
2017-03-15,TLKM,4040.0,2442.52,1.6540294449994268,0.6540294449994268
2017-03-16,TLKM,4140.0,2502.98,1.654028398149406,0.6540283981494059
2017-03-17,TLKM,4110.0,2484.84,1.6540300381513497,0.6540300381513497
2017-03-20,TLKM,4100.0,2478.79,1.654032814397347,0.6540328143973471
2017-03-21,TLKM,4090.0,2472.75,1.654028915175412,0.654028915175412
2017-03-22,TLKM,4070.0,2460.66,1.654027781164403,0.6540277811644031
2017-03-23,TLKM,4090.0,2472.75,1.654028915175412,0.654028915175412
2017-03-24,TLKM,4080.0,2466.7,1.6540317022742936,0.6540317022742936
2017-03-27,TLKM,4080.0,2466.7,1.6540317022742936,0.6540317022742936
2017-03-29,TLKM,4150.0,2509.02,1.654032251636097,0.654032251636097
2017-03-30,TLKM,4140.0,2502.98,1.654028398149406,0.6540283981494059
2017-03-31,TLKM,4130.0,2496.93,1.6540311502525102,0.6540311502525102
2017-04-03,TLKM,4170.0,2521.11,1.654033342456299,0.654033342456299
2017-04-04,TLKM,4250.0,2569.48,1.6540311658390023,0.6540311658390023
2017-04-05,TLKM,4250.0,2569.48,1.6540311658390023,0.6540311658390023
2017-04-06,TLKM,4170.0,2521.11,1.654033342456299,0.654033342456299
2017-04-07,TLKM,4130.0,2496.93,1.6540311502525102,0.6540311502525102
2017-04-10,TLKM,4100.0,2478.79,1.654032814397347,0.6540328143973471
2017-04-11,TLKM,4150.0,2509.02,1.654032251636097,0.654032251636097
2017-04-12,TLKM,4150.0,2509.02,1.654032251636097,0.654032251636097
2017-04-13,TLKM,4090.0,2472.75,1.654028915175412,0.654028915175412
2017-04-17,TLKM,4010.0,2424.38,1.6540311337331606,0.6540311337331606
2017-04-18,TLKM,4070.0,2460.66,1.654027781164403,0.6540277811644031
2017-04-19,TLKM,4070.0,2460.66,1.654027781164403,0.6540277811644031
2017-04-20,TLKM,4110.0,2484.84,1.6540300381513497,0.6540300381513497
2017-04-21,TLKM,4420.0,2672.26,1.6540306706682733,0.6540306706682733
2017-04-25,TLKM,4420.0,2672.26,1.6540306706682733,0.6540306706682733
2017-04-26,TLKM,4400.0,2660.17,1.6540296296853207,0.6540296296853207
2017-04-27,TLKM,4370.0,2642.03,1.6540311805694863,0.6540311805694863
2017-04-28,TLKM,4370.0,2642.03,1.6540311805694863,0.6540311805694863
2017-05-02,TLKM,4410.0,2666.21,1.6540332531946096,0.6540332531946096
2017-05-03,TLKM,4340.0,2695.63,1.610013243657327,0.6100132436573269
2017-05-04,TLKM,4370.0,2714.27,1.6100093211065958,0.6100093211065958
2017-05-05,TLKM,4340.0,2695.63,1.610013243657327,0.6100132436573269
2017-05-08,TLKM,4340.0,2695.63,1.610013243657327,0.6100132436573269
2017-05-09,TLKM,4340.0,2695.63,1.610013243657327,0.6100132436573269
2017-05-10,TLKM,4370.0,2714.27,1.6100093211065958,0.6100093211065958
2017-05-12,TLKM,4400.0,2732.9,1.6100113432617367,0.6100113432617367
2017-05-15,TLKM,4360.0,2708.06,1.6100086408720635,0.6100086408720635
2017-05-16,TLKM,4340.0,2695.63,1.610013243657327,0.6100132436573269
2017-05-17,TLKM,4340.0,2695.63,1.610013243657327,0.6100132436573269
2017-05-18,TLKM,4310.0,2677.0,1.6100112065745238,0.6100112065745238
2017-05-19,TLKM,4530.0,2813.65,1.610008352140458,0.610008352140458
2017-05-22,TLKM,4470.0,2776.38,1.6100101571110583,0.6100101571110583
2017-05-23,TLKM,4400.0,2732.9,1.6100113432617367,0.6100113432617367
2017-05-24,TLKM,4360.0,2708.06,1.6100086408720635,0.6100086408720635
2017-05-26,TLKM,4470.0,2776.38,1.6100101571110583,0.6100101571110583
2017-05-29,TLKM,4390.0,2726.69,1.6100106722803105,0.6100106722803105
2017-05-30,TLKM,4330.0,2689.42,1.6100125677655406,0.6100125677655406
2017-05-31,TLKM,4350.0,2701.85,1.6100079575105946,0.6100079575105946
2017-06-01,TLKM,4350.0,2701.85,1.6100079575105946,0.6100079575105946
2017-06-02,TLKM,4380.0,2720.48,1.6100099982356055,0.6100099982356055
2017-06-05,TLKM,4340.0,2695.63,1.610013243657327,0.6100132436573269
2017-06-06,TLKM,4310.0,2677.0,1.6100112065745238,0.6100112065745238
2017-06-07,TLKM,4320.0,2683.21,1.610011888745197,0.6100118887451971
2017-06-08,TLKM,4300.0,2670.79,1.6100105212315456,0.6100105212315456
2017-06-09,TLKM,4330.0,2689.42,1.6100125677655406,0.6100125677655406
2017-06-12,TLKM,4330.0,2689.42,1.6100125677655406,0.6100125677655406
2017-06-13,TLKM,4360.0,2708.06,1.6100086408720635,0.6100086408720635
2017-06-14,TLKM,4360.0,2708.06,1.6100086408720635,0.6100086408720635
2017-06-15,TLKM,4360.0,2708.06,1.6100086408720635,0.6100086408720635
2017-06-16,TLKM,4370.0,2714.27,1.6100093211065958,0.6100093211065958
2017-06-19,TLKM,4400.0,2732.9,1.6100113432617367,0.6100113432617367
2017-06-20,TLKM,4490.0,2788.8,1.6100114744693057,0.6100114744693057
2017-06-21,TLKM,4520.0,2807.43,1.6100134286518275,0.6100134286518275
2017-06-22,TLKM,4520.0,2807.43,1.6100134286518275,0.6100134286518275
2017-06-23,TLKM,4520.0,2807.43,1.6100134286518275,0.6100134286518275
2017-06-26,TLKM,4520.0,2807.43,1.6100134286518275,0.6100134286518275
2017-06-27,TLKM,4520.0,2807.43,1.6100134286518275,0.6100134286518275
2017-06-28,TLKM,4520.0,2807.43,1.6100134286518275,0.6100134286518275
2017-06-29,TLKM,4520.0,2807.43,1.6100134286518275,0.6100134286518275
2017-06-30,TLKM,4520.0,2807.43,1.6100134286518275,0.6100134286518275
2017-07-03,TLKM,4790.0,2975.14,1.6100082685184562,0.6100082685184562
2017-07-04,TLKM,4590.0,2850.91,1.6100122417052802,0.6100122417052802
2017-07-05,TLKM,4580.0,2844.7,1.6100116005202658,0.6100116005202658
2017-07-06,TLKM,4650.0,2888.18,1.6100104564119966,0.6100104564119966
2017-07-07,TLKM,4630.0,2875.76,1.6100091801819343,0.6100091801819343
2017-07-10,TLKM,4570.0,2838.49,1.6100109565297043,0.6100109565297043
2017-07-11,TLKM,4600.0,2857.12,1.6100128801030409,0.6100128801030409
2017-07-12,TLKM,4620.0,2869.55,1.6100085379240647,0.6100085379240647
2017-07-13,TLKM,4600.0,2857.12,1.6100128801030409,0.6100128801030409
2017-07-14,TLKM,4600.0,2857.12,1.6100128801030409,0.6100128801030409
2017-07-17,TLKM,4650.0,2888.18,1.6100104564119966,0.6100104564119966
2017-07-18,TLKM,4630.0,2875.76,1.6100091801819343,0.6100091801819343
2017-07-19,TLKM,4600.0,2857.12,1.6100128801030409,0.6100128801030409
2017-07-20,TLKM,4630.0,2875.76,1.6100091801819343,0.6100091801819343
2017-07-21,TLKM,4560.0,2832.28,1.610010309715141,0.610010309715141
2017-07-24,TLKM,4650.0,2888.18,1.6100104564119966,0.6100104564119966
2017-07-25,TLKM,4720.0,2931.66,1.6100093462406966,0.6100093462406966
2017-07-26,TLKM,4700.0,2919.24,1.6100080842959128,0.6100080842959128
2017-07-27,TLKM,4650.0,2888.18,1.6100104564119966,0.6100104564119966
2017-07-28,TLKM,4700.0,2919.24,1.6100080842959128,0.6100080842959128
2017-07-31,TLKM,4690.0,2913.02,1.6100129762239874,0.6100129762239874
2017-08-01,TLKM,4770.0,2962.71,1.6100124548133297,0.6100124548133297
2017-08-02,TLKM,4800.0,2981.35,1.610008888590739,0.6100088885907391
2017-08-03,TLKM,4700.0,2919.24,1.6100080842959128,0.6100080842959128
2017-08-04,TLKM,4670.0,2900.6,1.6100117217127492,0.6100117217127492
2017-08-07,TLKM,4670.0,2900.6,1.6100117217127492,0.6100117217127492
2017-08-08,TLKM,4690.0,2913.02,1.6100129762239874,0.6100129762239874
2017-08-09,TLKM,4710.0,2925.45,1.6100087166077015,0.6100087166077015
2017-08-10,TLKM,4710.0,2925.45,1.6100087166077015,0.6100087166077015
2017-08-11,TLKM,4680.0,2906.81,1.6100123503084138,0.6100123503084138
2017-08-14,TLKM,4710.0,2925.45,1.6100087166077015,0.6100087166077015
2017-08-15,TLKM,4730.0,2937.87,1.6100099732118849,0.6100099732118849
2017-08-16,TLKM,4770.0,2962.71,1.6100124548133297,0.6100124548133297
2017-08-17,TLKM,4770.0,2962.71,1.6100124548133297,0.6100124548133297
2017-08-18,TLKM,4780.0,2968.92,1.6100130687253278,0.6100130687253278
2017-08-21,TLKM,4770.0,2962.71,1.6100124548133297,0.6100124548133297
2017-08-22,TLKM,4790.0,2975.14,1.6100082685184562,0.6100082685184562
2017-08-23,TLKM,4800.0,2981.35,1.610008888590739,0.6100088885907391
2017-08-24,TLKM,4780.0,2968.92,1.6100130687253278,0.6100130687253278
2017-08-25,TLKM,4770.0,2962.71,1.6100124548133297,0.6100124548133297
2017-08-28,TLKM,4750.0,2950.29,1.6100112192360752,0.6100112192360752
2017-08-29,TLKM,4730.0,2937.87,1.6100099732118849,0.6100099732118849
2017-08-30,TLKM,4740.0,2944.08,1.6100105975381105,0.6100105975381105
2017-08-31,TLKM,4690.0,2913.02,1.6100129762239874,0.6100129762239874
2017-09-01,TLKM,4690.0,2913.02,1.6100129762239874,0.6100129762239874
2017-09-04,TLKM,4680.0,2906.81,1.6100123503084138,0.6100123503084138
2017-09-05,TLKM,4650.0,2888.18,1.6100104564119966,0.6100104564119966
2017-09-06,TLKM,4710.0,2925.45,1.6100087166077015,0.6100087166077015
2017-09-07,TLKM,4700.0,2919.24,1.6100080842959128,0.6100080842959128
2017-09-08,TLKM,4720.0,2931.66,1.6100093462406966,0.6100093462406966
2017-09-11,TLKM,4710.0,2925.45,1.6100087166077015,0.6100087166077015
2017-09-12,TLKM,4720.0,2931.66,1.6100093462406966,0.6100093462406966
2017-09-13,TLKM,4690.0,2913.02,1.6100129762239874,0.6100129762239874
2017-09-14,TLKM,4670.0,2900.6,1.6100117217127492,0.6100117217127492
2017-09-15,TLKM,4690.0,2913.02,1.6100129762239874,0.6100129762239874
2017-09-18,TLKM,4710.0,2925.45,1.6100087166077015,0.6100087166077015
2017-09-19,TLKM,4710.0,2925.45,1.6100087166077015,0.6100087166077015
2017-09-20,TLKM,4690.0,2913.02,1.6100129762239874,0.6100129762239874
2017-09-21,TLKM,4690.0,2913.02,1.6100129762239874,0.6100129762239874
2017-09-22,TLKM,4640.0,2881.97,1.6100098196719606,0.6100098196719606
2017-09-25,TLKM,4650.0,2888.18,1.6100104564119966,0.6100104564119966
2017-09-26,TLKM,4690.0,2913.02,1.6100129762239874,0.6100129762239874
2017-09-27,TLKM,4700.0,2919.24,1.6100080842959128,0.6100080842959128
2017-09-28,TLKM,4710.0,2925.45,1.6100087166077015,0.6100087166077015
2017-09-29,TLKM,4680.0,2906.81,1.6100123503084138,0.6100123503084138
2017-10-02,TLKM,4680.0,2906.81,1.6100123503084138,0.6100123503084138
2017-10-03,TLKM,4690.0,2913.02,1.6100129762239874,0.6100129762239874
2017-10-04,TLKM,4690.0,2913.02,1.6100129762239874,0.6100129762239874
2017-10-05,TLKM,4660.0,2894.39,1.610011090419743,0.6100110904197431
2017-10-06,TLKM,4660.0,2894.39,1.610011090419743,0.6100110904197431
2017-10-09,TLKM,4620.0,2869.55,1.6100085379240647,0.6100085379240647
2017-10-10,TLKM,4530.0,2813.65,1.610008352140458,0.610008352140458
2017-10-11,TLKM,4400.0,2732.9,1.6100113432617367,0.6100113432617367
2017-10-12,TLKM,4440.0,2757.75,1.6100081588251292,0.6100081588251292
2017-10-13,TLKM,4430.0,2751.53,1.6100133380337485,0.6100133380337485
2017-10-16,TLKM,4450.0,2763.96,1.6100088279135734,0.6100088279135734
2017-10-17,TLKM,4400.0,2732.9,1.6100113432617367,0.6100113432617367
2017-10-18,TLKM,4300.0,2670.79,1.6100105212315456,0.6100105212315456
2017-10-19,TLKM,4210.0,2614.89,1.6100103637246692,0.6100103637246692
2017-10-20,TLKM,4270.0,2652.16,1.610008445945946,0.610008445945946
2017-10-23,TLKM,4250.0,2639.73,1.610013145283798,0.610013145283798
2017-10-24,TLKM,4230.0,2627.31,1.610011761078822,0.610011761078822
2017-10-25,TLKM,4090.0,2540.36,1.6100080303579019,0.6100080303579019
2017-10-26,TLKM,4160.0,2583.83,1.610013042653735,0.6100130426537349
2017-10-27,TLKM,4150.0,2577.62,1.6100123369620039,0.6100123369620039
2017-10-30,TLKM,4080.0,2534.15,1.6100073002781998,0.6100073002781998
2017-10-31,TLKM,4030.0,2503.09,1.610010027605879,0.6100100276058791
2017-11-01,TLKM,3950.0,2453.4,1.6100105975381103,0.6100105975381103
2017-11-02,TLKM,4030.0,2503.09,1.610010027605879,0.6100100276058791
2017-11-03,TLKM,4090.0,2540.36,1.6100080303579019,0.6100080303579019
2017-11-06,TLKM,4190.0,2602.47,1.6100089530330803,0.6100089530330803
2017-11-07,TLKM,4190.0,2602.47,1.6100089530330803,0.6100089530330803
2017-11-08,TLKM,4100.0,2546.57,1.610008756876897,0.610008756876897
2017-11-09,TLKM,4160.0,2583.83,1.610013042653735,0.6100130426537349
2017-11-10,TLKM,4120.0,2558.99,1.610010199336457,0.6100101993364571
2017-11-13,TLKM,4100.0,2546.57,1.610008756876897,0.610008756876897
2017-11-14,TLKM,4080.0,2534.15,1.6100073002781998,0.6100073002781998
2017-11-15,TLKM,4130.0,2565.2,1.6100109153282396,0.6100109153282396
2017-11-16,TLKM,4200.0,2608.68,1.6100096600579605,0.6100096600579605
2017-11-17,TLKM,4200.0,2608.68,1.6100096600579605,0.6100096600579605
2017-11-20,TLKM,4150.0,2577.62,1.6100123369620039,0.6100123369620039
2017-11-21,TLKM,4200.0,2608.68,1.6100096600579605,0.6100096600579605
2017-11-22,TLKM,4200.0,2608.68,1.6100096600579605,0.6100096600579605
2017-11-23,TLKM,4250.0,2639.73,1.610013145283798,0.610013145283798
2017-11-24,TLKM,4320.0,2683.21,1.610011888745197,0.6100118887451971
2017-11-27,TLKM,4300.0,2670.79,1.6100105212315456,0.6100105212315456
2017-11-28,TLKM,4240.0,2633.52,1.6100124548133297,0.6100124548133297
2017-11-29,TLKM,4200.0,2608.68,1.6100096600579605,0.6100096600579605
2017-11-30,TLKM,4150.0,2577.62,1.6100123369620039,0.6100123369620039
2017-12-01,TLKM,4150.0,2577.62,1.6100123369620039,0.6100123369620039
2017-12-04,TLKM,4200.0,2608.68,1.6100096600579605,0.6100096600579605
2017-12-05,TLKM,4200.0,2608.68,1.6100096600579605,0.6100096600579605
2017-12-06,TLKM,4200.0,2608.68,1.6100096600579605,0.6100096600579605
2017-12-07,TLKM,4200.0,2608.68,1.6100096600579605,0.6100096600579605
2017-12-08,TLKM,4140.0,2571.41,1.6100116278617569,0.6100116278617569
2017-12-11,TLKM,4140.0,2571.41,1.6100116278617569,0.6100116278617569
2017-12-12,TLKM,4170.0,2590.04,1.6100137449614678,0.6100137449614678
2017-12-13,TLKM,4200.0,2608.68,1.6100096600579605,0.6100096600579605
2017-12-14,TLKM,4250.0,2639.73,1.610013145283798,0.610013145283798
2017-12-15,TLKM,4230.0,2627.31,1.610011761078822,0.610011761078822
2017-12-18,TLKM,4240.0,2633.52,1.6100124548133297,0.6100124548133297
2017-12-19,TLKM,4190.0,2602.47,1.6100089530330803,0.6100089530330803
2017-12-20,TLKM,4160.0,2583.83,1.610013042653735,0.6100130426537349
2017-12-21,TLKM,4250.0,2639.73,1.610013145283798,0.610013145283798
2017-12-22,TLKM,4300.0,2670.79,1.6100105212315456,0.6100105212315456
2017-12-25,TLKM,4300.0,2670.79,1.6100105212315456,0.6100105212315456
2017-12-26,TLKM,4300.0,2670.79,1.6100105212315456,0.6100105212315456
2017-12-27,TLKM,4300.0,2670.79,1.6100105212315456,0.6100105212315456
2017-12-28,TLKM,4390.0,2726.69,1.6100106722803105,0.6100106722803105
2017-12-29,TLKM,4440.0,2757.75,1.6100081588251292,0.6100081588251292
2018-01-01,TLKM,4440.0,2757.75,1.6100081588251292,0.6100081588251292
2018-01-02,TLKM,4410.0,2739.11,1.6100120112007184,0.6100120112007184
2018-01-03,TLKM,4230.0,2627.31,1.610011761078822,0.610011761078822
2018-01-04,TLKM,4220.0,2621.1,1.6100110640570753,0.6100110640570753
2018-01-05,TLKM,4280.0,2658.37,1.6100091409397488,0.6100091409397488
2018-01-08,TLKM,4260.0,2645.95,1.6100077476898658,0.6100077476898658
2018-01-09,TLKM,4200.0,2608.68,1.6100096600579605,0.6100096600579605
2018-01-10,TLKM,4190.0,2602.47,1.6100089530330803,0.6100089530330803
2018-01-11,TLKM,4170.0,2590.04,1.6100137449614678,0.6100137449614678
2018-01-12,TLKM,4130.0,2565.2,1.6100109153282396,0.6100109153282396
2018-01-15,TLKM,4120.0,2558.99,1.610010199336457,0.6100101993364571
2018-01-16,TLKM,4210.0,2614.89,1.6100103637246692,0.6100103637246692
2018-01-17,TLKM,4200.0,2608.68,1.6100096600579605,0.6100096600579605
2018-01-18,TLKM,4170.0,2590.04,1.6100137449614678,0.6100137449614678
2018-01-19,TLKM,4160.0,2583.83,1.610013042653735,0.6100130426537349
2018-01-22,TLKM,4130.0,2565.2,1.6100109153282396,0.6100109153282396
2018-01-23,TLKM,4090.0,2540.36,1.6100080303579019,0.6100080303579019
2018-01-24,TLKM,3980.0,2472.03,1.6100128234689708,0.6100128234689708
2018-01-25,TLKM,3970.0,2465.82,1.6100120852292543,0.6100120852292543
2018-01-26,TLKM,4150.0,2577.62,1.6100123369620039,0.6100123369620039
2018-01-29,TLKM,4070.0,2527.93,1.6100129354847643,0.6100129354847643
2018-01-30,TLKM,3970.0,2465.82,1.6100120852292543,0.6100120852292543
2018-01-31,TLKM,3990.0,2478.24,1.6100135580089097,0.6100135580089097
2018-02-01,TLKM,3980.0,2472.03,1.6100128234689708,0.6100128234689708
2018-02-02,TLKM,4000.0,2484.46,1.6100078085378713,0.6100078085378713
2018-02-05,TLKM,4010.0,2490.67,1.6100085519157494,0.6100085519157494
2018-02-06,TLKM,3940.0,2447.19,1.610009848029781,0.6100098480297811
2018-02-07,TLKM,3980.0,2472.03,1.6100128234689708,0.6100128234689708
2018-02-08,TLKM,4020.0,2496.88,1.6100092915959117,0.6100092915959117
2018-02-09,TLKM,3950.0,2453.4,1.6100105975381103,0.6100105975381103
2018-02-12,TLKM,3960.0,2459.61,1.6100113432617364,0.6100113432617364
2018-02-13,TLKM,4040.0,2509.3,1.6100107599729008,0.6100107599729008
2018-02-14,TLKM,4040.0,2509.3,1.6100107599729008,0.6100107599729008
2018-02-15,TLKM,4010.0,2490.67,1.6100085519157494,0.6100085519157494
2018-02-16,TLKM,4010.0,2490.67,1.6100085519157494,0.6100085519157494
2018-02-19,TLKM,4050.0,2515.51,1.6100114887239565,0.6100114887239565
2018-02-20,TLKM,4070.0,2527.93,1.6100129354847643,0.6100129354847643
2018-02-21,TLKM,4070.0,2527.93,1.6100129354847643,0.6100129354847643
2018-02-22,TLKM,4010.0,2490.67,1.6100085519157494,0.6100085519157494
2018-02-23,TLKM,4030.0,2503.09,1.610010027605879,0.6100100276058791
2018-02-26,TLKM,4030.0,2503.09,1.610010027605879,0.6100100276058791
2018-02-27,TLKM,4020.0,2496.88,1.6100092915959117,0.6100092915959117
2018-02-28,TLKM,4000.0,2484.46,1.6100078085378713,0.6100078085378713
2018-03-01,TLKM,4060.0,2521.72,1.6100122138857607,0.6100122138857607
2018-03-02,TLKM,4070.0,2527.93,1.6100129354847643,0.6100129354847643
2018-03-05,TLKM,4020.0,2496.88,1.6100092915959117,0.6100092915959117
2018-03-06,TLKM,4020.0,2496.88,1.6100092915959117,0.6100092915959117
2018-03-07,TLKM,4000.0,2484.46,1.6100078085378713,0.6100078085378713
2018-03-08,TLKM,4140.0,2571.41,1.6100116278617569,0.6100116278617569
2018-03-09,TLKM,4150.0,2577.62,1.6100123369620039,0.6100123369620039
2018-03-12,TLKM,4200.0,2608.68,1.6100096600579605,0.6100096600579605
2018-03-13,TLKM,4090.0,2540.36,1.6100080303579019,0.6100080303579019
2018-03-14,TLKM,4060.0,2521.72,1.6100122138857607,0.6100122138857607
2018-03-15,TLKM,3930.0,2440.98,1.6100090947078631,0.6100090947078631
2018-03-16,TLKM,3820.0,2372.66,1.6100073335412577,0.6100073335412577
2018-03-19,TLKM,3820.0,2372.66,1.6100073335412577,0.6100073335412577
2018-03-20,TLKM,3660.0,2273.28,1.6100084459459458,0.6100084459459458
2018-03-21,TLKM,3710.0,2304.33,1.6100124548133297,0.6100124548133297
2018-03-22,TLKM,3700.0,2298.12,1.6100116617060902,0.6100116617060902
2018-03-23,TLKM,3660.0,2273.28,1.6100084459459458,0.6100084459459458
2018-03-26,TLKM,3590.0,2229.8,1.6100098663557267,0.6100098663557267
2018-03-27,TLKM,3560.0,2211.17,1.6100073716629657,0.6100073716629657
2018-03-28,TLKM,3570.0,2217.38,1.6100082078849813,0.6100082078849813
2018-03-29,TLKM,3600.0,2236.01,1.610010688682072,0.610010688682072
2018-03-30,TLKM,3600.0,2236.01,1.610010688682072,0.610010688682072
2018-04-02,TLKM,3670.0,2279.49,1.6100092564564883,0.6100092564564883
2018-04-03,TLKM,3630.0,2254.64,1.610013128481709,0.610013128481709
2018-04-04,TLKM,3600.0,2236.01,1.610010688682072,0.610010688682072
2018-04-05,TLKM,3680.0,2285.7,1.6100100625628913,0.6100100625628913
2018-04-06,TLKM,3650.0,2267.07,1.6100076309950728,0.6100076309950728
2018-04-09,TLKM,3770.0,2341.6,1.6100102494021182,0.6100102494021182
2018-04-10,TLKM,3860.0,2397.5,1.6100104275286757,0.6100104275286757
2018-04-11,TLKM,3870.0,2403.71,1.6100111910338601,0.6100111910338601
2018-04-12,TLKM,3750.0,2329.18,1.6100086725800498,0.6100086725800498
2018-04-13,TLKM,3660.0,2273.28,1.6100084459459458,0.6100084459459458
2018-04-16,TLKM,3660.0,2273.28,1.6100084459459458,0.6100084459459458
2018-04-17,TLKM,3660.0,2273.28,1.6100084459459458,0.6100084459459458
2018-04-18,TLKM,3770.0,2341.6,1.6100102494021182,0.6100102494021182
2018-04-19,TLKM,3770.0,2341.6,1.6100102494021182,0.6100102494021182
2018-04-20,TLKM,3770.0,2341.6,1.6100102494021182,0.6100102494021182
2018-04-23,TLKM,3750.0,2329.18,1.6100086725800498,0.6100086725800498
2018-04-24,TLKM,3830.0,2378.87,1.6100081130957136,0.6100081130957136
2018-04-25,TLKM,3830.0,2378.87,1.6100081130957136,0.6100081130957136
2018-04-26,TLKM,3830.0,2378.87,1.6100081130957136,0.6100081130957136
2018-04-27,TLKM,3830.0,2378.87,1.6100081130957136,0.6100081130957136
2018-04-30,TLKM,3830.0,2378.87,1.6100081130957136,0.6100081130957136
2018-05-01,TLKM,3830.0,2378.87,1.6100081130957136,0.6100081130957136
2018-05-02,TLKM,3870.0,2403.71,1.6100111910338601,0.6100111910338601
2018-05-03,TLKM,3740.0,2322.97,1.6100078778460334,0.6100078778460334
2018-05-04,TLKM,3730.0,2316.75,1.6100140282723643,0.6100140282723643
2018-05-07,TLKM,3800.0,2360.23,1.6100125835194028,0.6100125835194028
2018-05-08,TLKM,3620.0,2352.21,1.5389782374872991,0.5389782374872991
2018-05-09,TLKM,3700.0,2404.2,1.5389734631062308,0.5389734631062308
2018-05-10,TLKM,3700.0,2404.2,1.5389734631062308,0.5389734631062308
2018-05-11,TLKM,3630.0,2358.71,1.5389768135972628,0.5389768135972628
2018-05-14,TLKM,3540.0,2300.23,1.5389765371288957,0.5389765371288957
2018-05-15,TLKM,3370.0,2189.77,1.538974412837878,0.538974412837878
2018-05-16,TLKM,3480.0,2261.24,1.5389786135040953,0.5389786135040953
2018-05-17,TLKM,3490.0,2267.74,1.538977131417182,0.5389771314171821
2018-05-18,TLKM,3490.0,2267.74,1.538977131417182,0.5389771314171821
2018-05-21,TLKM,3420.0,2222.26,1.5389738374447632,0.5389738374447632
2018-05-22,TLKM,3470.0,2254.75,1.538973278633995,0.5389732786339949
2018-05-23,TLKM,3470.0,2254.75,1.538973278633995,0.5389732786339949
2018-05-24,TLKM,3560.0,2313.23,1.5389736429148853,0.5389736429148853
2018-05-25,TLKM,3560.0,2313.23,1.5389736429148853,0.5389736429148853
2018-05-28,TLKM,3690.0,2397.7,1.5389748508987782,0.5389748508987782
2018-05-29,TLKM,3690.0,2397.7,1.5389748508987782,0.5389748508987782
2018-05-30,TLKM,3600.0,2339.22,1.5389745299715292,0.5389745299715292
2018-05-31,TLKM,3520.0,2287.24,1.5389727356989211,0.5389727356989211
2018-06-01,TLKM,3520.0,2287.24,1.5389727356989211,0.5389727356989211
2018-06-04,TLKM,3640.0,2365.21,1.5389753975334113,0.5389753975334113
2018-06-05,TLKM,3830.0,2488.67,1.5389746330369234,0.5389746330369234
2018-06-06,TLKM,3790.0,2462.68,1.5389738008998328,0.5389738008998328
2018-06-07,TLKM,3770.0,2449.68,1.5389765193821234,0.5389765193821234
2018-06-08,TLKM,3610.0,2345.72,1.5389731084698943,0.5389731084698943
2018-06-11,TLKM,3610.0,2345.72,1.5389731084698943,0.5389731084698943
2018-06-12,TLKM,3610.0,2345.72,1.5389731084698943,0.5389731084698943
2018-06-13,TLKM,3610.0,2345.72,1.5389731084698943,0.5389731084698943
2018-06-14,TLKM,3610.0,2345.72,1.5389731084698943,0.5389731084698943
2018-06-15,TLKM,3610.0,2345.72,1.5389731084698943,0.5389731084698943
2018-06-18,TLKM,3610.0,2345.72,1.5389731084698943,0.5389731084698943
2018-06-19,TLKM,3610.0,2345.72,1.5389731084698943,0.5389731084698943
2018-06-20,TLKM,3710.0,2410.69,1.5389784667460353,0.5389784667460353
2018-06-21,TLKM,3610.0,2345.72,1.5389731084698943,0.5389731084698943
2018-06-22,TLKM,3580.0,2326.22,1.538977396806837,0.538977396806837
2018-06-25,TLKM,3660.0,2378.21,1.5389725886275811,0.5389725886275811
2018-06-26,TLKM,3690.0,2397.7,1.5389748508987782,0.5389748508987782
2018-06-27,TLKM,3710.0,2410.69,1.5389784667460353,0.5389784667460353
2018-06-28,TLKM,3660.0,2378.21,1.5389725886275811,0.5389725886275811
2018-06-29,TLKM,3750.0,2436.69,1.538972951011413,0.538972951011413
2018-07-02,TLKM,3750.0,2436.69,1.538972951011413,0.538972951011413
2018-07-03,TLKM,3700.0,2404.2,1.5389734631062308,0.5389734631062308
2018-07-04,TLKM,3760.0,2443.18,1.538977889471918,0.5389778894719179
2018-07-05,TLKM,3830.0,2488.67,1.5389746330369234,0.5389746330369234
2018-07-06,TLKM,3860.0,2508.16,1.538976779790763,0.538976779790763
2018-07-09,TLKM,3980.0,2586.14,1.5389731414385919,0.5389731414385919
2018-07-10,TLKM,4030.0,2618.63,1.5389726689146614,0.5389726689146614
2018-07-11,TLKM,4060.0,2638.12,1.5389747244249694,0.5389747244249694
2018-07-12,TLKM,4100.0,2664.11,1.5389754927536776,0.5389754927536776
2018-07-13,TLKM,4020.0,2612.13,1.5389739408069276,0.5389739408069276
2018-07-16,TLKM,3940.0,2560.14,1.5389783371221888,0.5389783371221888
2018-07-17,TLKM,3940.0,2560.14,1.5389783371221888,0.5389783371221888
2018-07-18,TLKM,4010.0,2605.63,1.5389752190449142,0.5389752190449142
2018-07-19,TLKM,3910.0,2540.65,1.5389762462361993,0.5389762462361993
2018-07-20,TLKM,3990.0,2592.63,1.5389777947489613,0.5389777947489613
2018-07-23,TLKM,4060.0,2638.12,1.5389747244249694,0.5389747244249694
2018-07-24,TLKM,4030.0,2618.63,1.5389726689146614,0.5389726689146614
2018-07-25,TLKM,3900.0,2534.15,1.5389775664423968,0.5389775664423968
2018-07-26,TLKM,3930.0,2553.65,1.5389736259863331,0.5389736259863331
2018-07-27,TLKM,3940.0,2560.14,1.5389783371221888,0.5389783371221888
2018-07-30,TLKM,3910.0,2540.65,1.5389762462361993,0.5389762462361993
2018-07-31,TLKM,3570.0,2319.73,1.5389722079724795,0.5389722079724795
2018-08-01,TLKM,3550.0,2306.73,1.538975085944172,0.538975085944172
2018-08-02,TLKM,3500.0,2274.24,1.538975657802167,0.5389756578021669
2018-08-03,TLKM,3460.0,2248.25,1.538974758145224,0.538974758145224
2018-08-06,TLKM,3650.0,2371.71,1.5389739892313985,0.5389739892313985
2018-08-07,TLKM,3580.0,2326.22,1.538977396806837,0.538977396806837
2018-08-08,TLKM,3550.0,2306.73,1.538975085944172,0.538975085944172
2018-08-09,TLKM,3490.0,2267.74,1.538977131417182,0.5389771314171821
2018-08-10,TLKM,3500.0,2274.24,1.538975657802167,0.5389756578021669
2018-08-13,TLKM,3370.0,2189.77,1.538974412837878,0.538974412837878
2018-08-14,TLKM,3350.0,2176.77,1.538977475801302,0.538977475801302
2018-08-15,TLKM,3430.0,2228.76,1.5389723433658176,0.5389723433658176
2018-08-16,TLKM,3350.0,2176.77,1.538977475801302,0.538977475801302
2018-08-17,TLKM,3350.0,2176.77,1.538977475801302,0.538977475801302
2018-08-20,TLKM,3390.0,2202.76,1.5389783725871178,0.5389783725871178
2018-08-21,TLKM,3350.0,2176.77,1.538977475801302,0.538977475801302
2018-08-22,TLKM,3350.0,2176.77,1.538977475801302,0.538977475801302
2018-08-23,TLKM,3300.0,2144.28,1.5389781185292963,0.5389781185292963
2018-08-24,TLKM,3290.0,2137.79,1.5389724902820203,0.5389724902820203
2018-08-27,TLKM,3460.0,2248.25,1.538974758145224,0.538974758145224
2018-08-28,TLKM,3580.0,2326.22,1.538977396806837,0.538977396806837
2018-08-29,TLKM,3580.0,2326.22,1.538977396806837,0.538977396806837
2018-08-30,TLKM,3510.0,2280.74,1.5389741925866167,0.5389741925866167
2018-08-31,TLKM,3490.0,2267.74,1.538977131417182,0.5389771314171821
2018-09-03,TLKM,3490.0,2267.74,1.538977131417182,0.5389771314171821
2018-09-04,TLKM,3420.0,2222.26,1.5389738374447632,0.5389738374447632
2018-09-05,TLKM,3270.0,2124.79,1.5389756164138575,0.5389756164138575
2018-09-06,TLKM,3360.0,2183.27,1.5389759397600846,0.5389759397600846
2018-09-07,TLKM,3390.0,2202.76,1.5389783725871178,0.5389783725871178
2018-09-10,TLKM,3380.0,2196.27,1.538972894953717,0.5389728949537169
2018-09-11,TLKM,3380.0,2196.27,1.538972894953717,0.5389728949537169
2018-09-12,TLKM,3320.0,2157.28,1.5389750055625602,0.5389750055625602
2018-09-13,TLKM,3450.0,2241.75,1.5389762462361993,0.5389762462361993
2018-09-14,TLKM,3590.0,2332.72,1.5389759593950412,0.5389759593950412
2018-09-17,TLKM,3470.0,2254.75,1.538973278633995,0.5389732786339949
2018-09-18,TLKM,3570.0,2319.73,1.5389722079724795,0.5389722079724795
2018-09-19,TLKM,3550.0,2306.73,1.538975085944172,0.538975085944172
2018-09-20,TLKM,3600.0,2339.22,1.5389745299715292,0.5389745299715292
2018-09-21,TLKM,3600.0,2339.22,1.5389745299715292,0.5389745299715292
2018-09-24,TLKM,3540.0,2300.23,1.5389765371288957,0.5389765371288957
2018-09-25,TLKM,3560.0,2313.23,1.5389736429148853,0.5389736429148853
2018-09-26,TLKM,3540.0,2300.23,1.5389765371288957,0.5389765371288957
2018-09-27,TLKM,3580.0,2326.22,1.538977396806837,0.538977396806837
2018-09-28,TLKM,3640.0,2365.21,1.5389753975334113,0.5389753975334113
2018-10-01,TLKM,3670.0,2384.7,1.5389776491801905,0.5389776491801905
2018-10-02,TLKM,3620.0,2352.21,1.5389782374872991,0.5389782374872991
2018-10-03,TLKM,3600.0,2339.22,1.5389745299715292,0.5389745299715292
2018-10-04,TLKM,3600.0,2339.22,1.5389745299715292,0.5389745299715292
2018-10-05,TLKM,3530.0,2293.73,1.5389779965383894,0.5389779965383894
2018-10-08,TLKM,3520.0,2287.24,1.5389727356989211,0.5389727356989211
2018-10-09,TLKM,3590.0,2332.72,1.5389759593950412,0.5389759593950412
2018-10-10,TLKM,3600.0,2339.22,1.5389745299715292,0.5389745299715292
2018-10-11,TLKM,3570.0,2319.73,1.5389722079724795,0.5389722079724795
2018-10-12,TLKM,3680.0,2391.2,1.5389762462361996,0.5389762462361996
2018-10-15,TLKM,3660.0,2378.21,1.5389725886275811,0.5389725886275811
2018-10-16,TLKM,3780.0,2456.18,1.5389751565439016,0.5389751565439016
2018-10-17,TLKM,3900.0,2534.15,1.5389775664423968,0.5389775664423968
2018-10-18,TLKM,3760.0,2443.18,1.538977889471918,0.5389778894719179
2018-10-19,TLKM,3730.0,2423.69,1.53897569408629,0.53897569408629
2018-10-22,TLKM,3800.0,2469.18,1.5389724523931023,0.5389724523931023
2018-10-23,TLKM,3700.0,2404.2,1.5389734631062308,0.5389734631062308
2018-10-24,TLKM,3520.0,2287.24,1.5389727356989211,0.5389727356989211
2018-10-25,TLKM,3550.0,2306.73,1.538975085944172,0.538975085944172
2018-10-26,TLKM,3630.0,2358.71,1.5389768135972628,0.5389768135972628
2018-10-29,TLKM,3660.0,2378.21,1.5389725886275811,0.5389725886275811
2018-10-30,TLKM,3800.0,2469.18,1.5389724523931023,0.5389724523931023
2018-10-31,TLKM,3850.0,2501.66,1.5389781185292966,0.5389781185292966
2018-11-01,TLKM,3880.0,2521.16,1.5389741230227356,0.5389741230227356
2018-11-02,TLKM,3940.0,2560.14,1.5389783371221888,0.5389783371221888
2018-11-05,TLKM,3890.0,2527.66,1.5389728048867333,0.5389728048867333
2018-11-06,TLKM,3890.0,2527.66,1.5389728048867333,0.5389728048867333
2018-11-07,TLKM,3950.0,2566.64,1.538977028332762,0.538977028332762
2018-11-08,TLKM,4000.0,2599.13,1.53897650367623,0.53897650367623
2018-11-09,TLKM,3920.0,2547.15,1.5389749327679956,0.5389749327679956
2018-11-12,TLKM,3860.0,2508.16,1.538976779790763,0.538976779790763
2018-11-13,TLKM,3830.0,2488.67,1.5389746330369234,0.5389746330369234
2018-11-14,TLKM,3750.0,2436.69,1.538972951011413,0.538972951011413
2018-11-15,TLKM,3910.0,2540.65,1.5389762462361993,0.5389762462361993
2018-11-16,TLKM,4050.0,2631.62,1.5389759919745252,0.5389759919745252
2018-11-19,TLKM,3950.0,2566.64,1.538977028332762,0.538977028332762
2018-11-20,TLKM,3950.0,2566.64,1.538977028332762,0.538977028332762
2018-11-21,TLKM,3960.0,2573.14,1.538975726155592,0.5389757261555921
2018-11-22,TLKM,3980.0,2586.14,1.5389731414385919,0.5389731414385919
2018-11-23,TLKM,3990.0,2592.63,1.5389777947489613,0.5389777947489613
2018-11-26,TLKM,3990.0,2592.63,1.5389777947489613,0.5389777947489613
2018-11-27,TLKM,3880.0,2521.16,1.5389741230227356,0.5389741230227356
2018-11-28,TLKM,3720.0,2417.19,1.5389770766882205,0.5389770766882205
2018-11-29,TLKM,3740.0,2430.19,1.5389743188804168,0.5389743188804168
2018-11-30,TLKM,3680.0,2391.2,1.5389762462361996,0.5389762462361996
2018-12-03,TLKM,3700.0,2404.2,1.5389734631062308,0.5389734631062308
2018-12-04,TLKM,3780.0,2456.18,1.5389751565439016,0.5389751565439016
2018-12-05,TLKM,3770.0,2449.68,1.5389765193821234,0.5389765193821234
2018-12-06,TLKM,3710.0,2410.69,1.5389784667460353,0.5389784667460353
2018-12-07,TLKM,3670.0,2384.7,1.5389776491801905,0.5389776491801905
2018-12-10,TLKM,3680.0,2391.2,1.5389762462361996,0.5389762462361996
2018-12-11,TLKM,3620.0,2352.21,1.5389782374872991,0.5389782374872991
2018-12-12,TLKM,3650.0,2371.71,1.5389739892313985,0.5389739892313985
2018-12-13,TLKM,3750.0,2436.69,1.538972951011413,0.538972951011413
2018-12-14,TLKM,3730.0,2423.69,1.53897569408629,0.53897569408629
2018-12-17,TLKM,3710.0,2410.69,1.5389784667460353,0.5389784667460353
2018-12-18,TLKM,3740.0,2430.19,1.5389743188804168,0.5389743188804168
2018-12-19,TLKM,3810.0,2475.67,1.538977327349768,0.538977327349768
2018-12-20,TLKM,3740.0,2430.19,1.5389743188804168,0.5389743188804168
2018-12-21,TLKM,3760.0,2443.18,1.538977889471918,0.5389778894719179
2018-12-24,TLKM,3760.0,2443.18,1.538977889471918,0.5389778894719179
2018-12-25,TLKM,3760.0,2443.18,1.538977889471918,0.5389778894719179
2018-12-26,TLKM,3730.0,2423.69,1.53897569408629,0.53897569408629
2018-12-27,TLKM,3750.0,2436.69,1.538972951011413,0.538972951011413
2018-12-28,TLKM,3750.0,2436.69,1.538972951011413,0.538972951011413
2018-12-31,TLKM,3750.0,2436.69,1.538972951011413,0.538972951011413
2019-01-01,TLKM,3750.0,2436.69,1.538972951011413,0.538972951011413
2019-01-02,TLKM,3730.0,2423.69,1.53897569408629,0.53897569408629
2019-01-03,TLKM,3740.0,2430.19,1.5389743188804168,0.5389743188804168
2019-01-04,TLKM,3710.0,2410.69,1.5389784667460353,0.5389784667460353
2019-01-07,TLKM,3770.0,2449.68,1.5389765193821234,0.5389765193821234
2019-01-08,TLKM,3800.0,2469.18,1.5389724523931023,0.5389724523931023
2019-01-09,TLKM,3730.0,2423.69,1.53897569408629,0.53897569408629
2019-01-10,TLKM,3800.0,2469.18,1.5389724523931023,0.5389724523931023
2019-01-11,TLKM,3860.0,2508.16,1.538976779790763,0.538976779790763
2019-01-14,TLKM,3850.0,2501.66,1.5389781185292966,0.5389781185292966
2019-01-15,TLKM,3930.0,2553.65,1.5389736259863331,0.5389736259863331
2019-01-16,TLKM,3990.0,2592.63,1.5389777947489613,0.5389777947489613
2019-01-17,TLKM,3990.0,2592.63,1.5389777947489613,0.5389777947489613
2019-01-18,TLKM,4020.0,2612.13,1.5389739408069276,0.5389739408069276
2019-01-21,TLKM,4030.0,2618.63,1.5389726689146614,0.5389726689146614
2019-01-22,TLKM,4000.0,2599.13,1.53897650367623,0.53897650367623
2019-01-23,TLKM,3920.0,2547.15,1.5389749327679956,0.5389749327679956
2019-01-24,TLKM,3860.0,2508.16,1.538976779790763,0.538976779790763
2019-01-25,TLKM,3880.0,2521.16,1.5389741230227356,0.5389741230227356
2019-01-28,TLKM,3780.0,2456.18,1.5389751565439016,0.5389751565439016
2019-01-29,TLKM,3840.0,2495.17,1.5389732964086615,0.5389732964086615
2019-01-30,TLKM,3860.0,2508.16,1.538976779790763,0.538976779790763
2019-01-31,TLKM,3900.0,2534.15,1.5389775664423968,0.5389775664423968
2019-02-01,TLKM,3870.0,2514.66,1.538975447973086,0.5389754479730859
2019-02-04,TLKM,3780.0,2456.18,1.5389751565439016,0.5389751565439016
2019-02-05,TLKM,3780.0,2456.18,1.5389751565439016,0.5389751565439016
2019-02-06,TLKM,3860.0,2508.16,1.538976779790763,0.538976779790763
2019-02-07,TLKM,3860.0,2508.16,1.538976779790763,0.538976779790763
2019-02-08,TLKM,3850.0,2501.66,1.5389781185292966,0.5389781185292966
2019-02-11,TLKM,3930.0,2553.65,1.5389736259863331,0.5389736259863331
2019-02-12,TLKM,3820.0,2482.17,1.5389759766655788,0.5389759766655788
2019-02-13,TLKM,3790.0,2462.68,1.5389738008998328,0.5389738008998328
2019-02-14,TLKM,3740.0,2430.19,1.5389743188804168,0.5389743188804168
2019-02-15,TLKM,3790.0,2462.68,1.5389738008998328,0.5389738008998328
2019-02-18,TLKM,3900.0,2534.15,1.5389775664423968,0.5389775664423968
2019-02-19,TLKM,3920.0,2547.15,1.5389749327679956,0.5389749327679956
2019-02-20,TLKM,3870.0,2514.66,1.538975447973086,0.5389754479730859
2019-02-21,TLKM,3870.0,2514.66,1.538975447973086,0.5389754479730859
2019-02-22,TLKM,3840.0,2495.17,1.5389732964086615,0.5389732964086615
2019-02-25,TLKM,3910.0,2540.65,1.5389762462361993,0.5389762462361993
2019-02-26,TLKM,3930.0,2553.65,1.5389736259863331,0.5389736259863331
2019-02-27,TLKM,3910.0,2540.65,1.5389762462361993,0.5389762462361993
2019-02-28,TLKM,3860.0,2508.16,1.538976779790763,0.538976779790763
2019-03-01,TLKM,3910.0,2540.65,1.5389762462361993,0.5389762462361993
2019-03-04,TLKM,3850.0,2501.66,1.5389781185292966,0.5389781185292966
2019-03-05,TLKM,3870.0,2514.66,1.538975447973086,0.5389754479730859
2019-03-06,TLKM,3820.0,2482.17,1.5389759766655788,0.5389759766655788
2019-03-07,TLKM,3820.0,2482.17,1.5389759766655788,0.5389759766655788
2019-03-08,TLKM,3740.0,2430.19,1.5389743188804168,0.5389743188804168
2019-03-11,TLKM,3800.0,2469.18,1.5389724523931023,0.5389724523931023
2019-03-12,TLKM,3760.0,2443.18,1.538977889471918,0.5389778894719179
2019-03-13,TLKM,3720.0,2417.19,1.5389770766882205,0.5389770766882205
2019-03-14,TLKM,3740.0,2430.19,1.5389743188804168,0.5389743188804168
2019-03-15,TLKM,3750.0,2436.69,1.538972951011413,0.538972951011413
2019-03-18,TLKM,3820.0,2482.17,1.5389759766655788,0.5389759766655788
2019-03-19,TLKM,3780.0,2456.18,1.5389751565439016,0.5389751565439016
2019-03-20,TLKM,3760.0,2443.18,1.538977889471918,0.5389778894719179
2019-03-21,TLKM,3790.0,2462.68,1.5389738008998328,0.5389738008998328
2019-03-22,TLKM,3800.0,2469.18,1.5389724523931023,0.5389724523931023
2019-03-25,TLKM,3790.0,2462.68,1.5389738008998328,0.5389738008998328
2019-03-26,TLKM,3820.0,2482.17,1.5389759766655788,0.5389759766655788
2019-03-27,TLKM,3820.0,2482.17,1.5389759766655788,0.5389759766655788
2019-03-28,TLKM,3880.0,2521.16,1.5389741230227356,0.5389741230227356
2019-03-29,TLKM,3960.0,2573.14,1.538975726155592,0.5389757261555921
2019-04-01,TLKM,3930.0,2553.65,1.5389736259863331,0.5389736259863331
2019-04-02,TLKM,3930.0,2553.65,1.5389736259863331,0.5389736259863331
2019-04-03,TLKM,3930.0,2553.65,1.5389736259863331,0.5389736259863331
2019-04-04,TLKM,4030.0,2618.63,1.5389726689146614,0.5389726689146614
2019-04-05,TLKM,4060.0,2638.12,1.5389747244249694,0.5389747244249694
2019-04-08,TLKM,3950.0,2566.64,1.538977028332762,0.538977028332762
2019-04-09,TLKM,3950.0,2566.64,1.538977028332762,0.538977028332762
2019-04-10,TLKM,3930.0,2553.65,1.5389736259863331,0.5389736259863331
2019-04-11,TLKM,3890.0,2527.66,1.5389728048867333,0.5389728048867333
2019-04-12,TLKM,3830.0,2488.67,1.5389746330369234,0.5389746330369234
2019-04-15,TLKM,3830.0,2488.67,1.5389746330369234,0.5389746330369234
2019-04-16,TLKM,3870.0,2514.66,1.538975447973086,0.5389754479730859
2019-04-17,TLKM,3870.0,2514.66,1.538975447973086,0.5389754479730859
2019-04-18,TLKM,3860.0,2508.16,1.538976779790763,0.538976779790763
2019-04-19,TLKM,3860.0,2508.16,1.538976779790763,0.538976779790763
2019-04-22,TLKM,3780.0,2456.18,1.5389751565439016,0.5389751565439016
2019-04-23,TLKM,3850.0,2501.66,1.5389781185292966,0.5389781185292966
2019-04-24,TLKM,3840.0,2495.17,1.5389732964086615,0.5389732964086615
2019-04-25,TLKM,3830.0,2488.67,1.5389746330369234,0.5389746330369234
2019-04-26,TLKM,3910.0,2540.65,1.5389762462361993,0.5389762462361993
2019-04-29,TLKM,3860.0,2508.16,1.538976779790763,0.538976779790763
2019-04-30,TLKM,3790.0,2462.68,1.5389738008998328,0.5389738008998328
2019-05-01,TLKM,3790.0,2462.68,1.5389738008998328,0.5389738008998328
2019-05-02,TLKM,3830.0,2488.67,1.5389746330369234,0.5389746330369234
2019-05-03,TLKM,3820.0,2482.17,1.5389759766655788,0.5389759766655788
2019-05-06,TLKM,3840.0,2495.17,1.5389732964086615,0.5389732964086615
2019-05-07,TLKM,3900.0,2534.15,1.5389775664423968,0.5389775664423968
2019-05-08,TLKM,3900.0,2534.15,1.5389775664423968,0.5389775664423968
2019-05-09,TLKM,3800.0,2469.18,1.5389724523931023,0.5389724523931023
2019-05-10,TLKM,3790.0,2462.68,1.5389738008998328,0.5389738008998328
2019-05-13,TLKM,3770.0,2449.68,1.5389765193821234,0.5389765193821234
2019-05-14,TLKM,3760.0,2443.18,1.538977889471918,0.5389778894719179
2019-05-15,TLKM,3660.0,2378.21,1.5389725886275811,0.5389725886275811
2019-05-16,TLKM,3600.0,2339.22,1.5389745299715292,0.5389745299715292
2019-05-17,TLKM,3510.0,2280.74,1.5389741925866167,0.5389741925866167
2019-05-20,TLKM,3600.0,2339.22,1.5389745299715292,0.5389745299715292
2019-05-21,TLKM,3600.0,2339.22,1.5389745299715292,0.5389745299715292
2019-05-22,TLKM,3540.0,2300.23,1.5389765371288957,0.5389765371288957
2019-05-23,TLKM,3660.0,2378.21,1.5389725886275811,0.5389725886275811
2019-05-24,TLKM,3750.0,2436.69,1.538972951011413,0.538972951011413
2019-05-27,TLKM,3820.0,2482.17,1.5389759766655788,0.5389759766655788
2019-05-28,TLKM,3690.0,2397.7,1.5389748508987782,0.5389748508987782
2019-05-29,TLKM,3780.0,2456.18,1.5389751565439016,0.5389751565439016
2019-05-30,TLKM,3780.0,2456.18,1.5389751565439016,0.5389751565439016
2019-05-31,TLKM,3900.0,2534.15,1.5389775664423968,0.5389775664423968
2019-06-03,TLKM,3900.0,2534.15,1.5389775664423968,0.5389775664423968
2019-06-04,TLKM,3900.0,2534.15,1.5389775664423968,0.5389775664423968
2019-06-05,TLKM,3900.0,2534.15,1.5389775664423968,0.5389775664423968
2019-06-06,TLKM,3900.0,2534.15,1.5389775664423968,0.5389775664423968
2019-06-07,TLKM,3900.0,2534.15,1.5389775664423968,0.5389775664423968
2019-06-10,TLKM,4040.0,2625.12,1.5389772658011824,0.5389772658011824
2019-06-11,TLKM,4020.0,2612.13,1.5389739408069276,0.5389739408069276
2019-06-12,TLKM,3940.0,2668.91,1.4762580978751625,0.4762580978751625
2019-06-13,TLKM,3990.0,2702.78,1.4762577790275198,0.47625777902751976
2019-06-14,TLKM,3990.0,2702.78,1.4762577790275198,0.47625777902751976
2019-06-17,TLKM,3900.0,2641.81,1.4762605940624043,0.4762605940624043
2019-06-18,TLKM,3980.0,2696.0,1.4762611275964392,0.47626112759643924
2019-06-20,TLKM,4040.0,2736.65,1.4762574680722782,0.4762574680722782
2019-06-21,TLKM,4040.0,2736.65,1.4762574680722782,0.4762574680722782
2019-06-24,TLKM,3980.0,2696.0,1.4762611275964392,0.47626112759643924
2019-06-25,TLKM,4010.0,2716.33,1.4762565667647156,0.4762565667647156
2019-06-26,TLKM,3980.0,2696.0,1.4762611275964392,0.47626112759643924
2019-06-27,TLKM,4090.0,2770.52,1.4762571647199805,0.4762571647199805
2019-06-28,TLKM,4140.0,2804.39,1.476256868695153,0.47625686869515294
2019-07-01,TLKM,4220.0,2858.58,1.4762574425064192,0.4762574425064192
2019-07-02,TLKM,4250.0,2878.9,1.4762582930980583,0.47625829309805834
2019-07-03,TLKM,4240.0,2872.12,1.4762614375443923,0.4762614375443923
2019-07-04,TLKM,4250.0,2878.9,1.4762582930980583,0.47625829309805834
2019-07-05,TLKM,4280.0,2899.22,1.4762591317664753,0.4762591317664753
2019-07-08,TLKM,4270.0,2892.45,1.4762571522411798,0.4762571522411798
2019-07-09,TLKM,4350.0,2946.64,1.4762577036896263,0.4762577036896263
2019-07-10,TLKM,4290.0,2905.99,1.4762611020684862,0.47626110206848615
2019-07-11,TLKM,4270.0,2892.45,1.4762571522411798,0.4762571522411798
2019-07-12,TLKM,4180.0,2831.48,1.4762597652111262,0.47625976521112623
2019-07-15,TLKM,4280.0,2899.22,1.4762591317664753,0.4762591317664753
2019-07-16,TLKM,4240.0,2872.12,1.4762614375443923,0.4762614375443923
2019-07-17,TLKM,4230.0,2865.35,1.4762594447449702,0.4762594447449702
2019-07-18,TLKM,4240.0,2872.12,1.4762614375443923,0.4762614375443923
2019-07-19,TLKM,4270.0,2892.45,1.4762571522411798,0.4762571522411798
2019-07-22,TLKM,4260.0,2885.67,1.476260279241909,0.47626027924190906
2019-07-23,TLKM,4250.0,2878.9,1.4762582930980583,0.47625829309805834
2019-07-24,TLKM,4190.0,2838.25,1.4762617810270413,0.4762617810270413
2019-07-25,TLKM,4210.0,2851.8,1.4762606073357176,0.4762606073357176
2019-07-26,TLKM,4160.0,2817.93,1.4762609433165481,0.4762609433165481
2019-07-29,TLKM,4200.0,2845.03,1.4762585983276098,0.47625859832760975
2019-07-30,TLKM,4270.0,2892.45,1.4762571522411798,0.4762571522411798
2019-07-31,TLKM,4300.0,2912.77,1.4762579949669903,0.4762579949669903
2019-08-01,TLKM,4280.0,2899.22,1.4762591317664753,0.4762591317664753
2019-08-02,TLKM,4280.0,2899.22,1.4762591317664753,0.4762591317664753
2019-08-05,TLKM,4080.0,2763.74,1.4762604297075703,0.4762604297075703
2019-08-06,TLKM,4130.0,2797.61,1.476260093436898,0.4762600934368979
2019-08-07,TLKM,4210.0,2851.8,1.4762606073357176,0.4762606073357176
2019-08-08,TLKM,4260.0,2885.67,1.476260279241909,0.47626027924190906
2019-08-09,TLKM,4260.0,2885.67,1.476260279241909,0.47626027924190906
2019-08-12,TLKM,4260.0,2885.67,1.476260279241909,0.47626027924190906
2019-08-13,TLKM,4250.0,2878.9,1.4762582930980583,0.47625829309805834
2019-08-14,TLKM,4290.0,2905.99,1.4762611020684862,0.47626110206848615
2019-08-15,TLKM,4290.0,2905.99,1.4762611020684862,0.47626110206848615
2019-08-16,TLKM,4280.0,2899.22,1.4762591317664753,0.4762591317664753
2019-08-19,TLKM,4340.0,2939.86,1.4762607743225866,0.4762607743225866
2019-08-20,TLKM,4470.0,3027.92,1.4762609315966075,0.47626093159660754
2019-08-21,TLKM,4410.0,2987.28,1.4762593395999035,0.4762593395999035
2019-08-22,TLKM,4450.0,3014.38,1.4762571407719,0.47625714077190007
2019-08-23,TLKM,4380.0,2966.96,1.4762585272467441,0.4762585272467441
2019-08-26,TLKM,4330.0,2933.09,1.476258826016249,0.476258826016249
2019-08-27,TLKM,4380.0,2966.96,1.4762585272467441,0.4762585272467441
2019-08-28,TLKM,4370.0,2960.19,1.4762565916376988,0.47625659163769885
2019-08-29,TLKM,4380.0,2966.96,1.4762585272467441,0.4762585272467441
2019-08-30,TLKM,4450.0,3014.38,1.4762571407719,0.47625714077190007
2019-09-02,TLKM,4410.0,2987.28,1.4762593395999035,0.4762593395999035
2019-09-03,TLKM,4350.0,2946.64,1.4762577036896263,0.4762577036896263
2019-09-04,TLKM,4290.0,2905.99,1.4762611020684862,0.47626110206848615
2019-09-05,TLKM,4320.0,2926.32,1.476256868695153,0.47625686869515294
2019-09-06,TLKM,4210.0,2851.8,1.4762606073357176,0.4762606073357176
2019-09-09,TLKM,4270.0,2892.45,1.4762571522411798,0.4762571522411798
2019-09-10,TLKM,4270.0,2892.45,1.4762571522411798,0.4762571522411798
2019-09-11,TLKM,4250.0,2878.9,1.4762582930980583,0.47625829309805834
2019-09-12,TLKM,4170.0,2824.71,1.4762577397325742,0.47625773973257424
2019-09-13,TLKM,4160.0,2817.93,1.4762609433165481,0.4762609433165481
2019-09-16,TLKM,4220.0,2858.58,1.4762574425064192,0.4762574425064192
2019-09-17,TLKM,4270.0,2892.45,1.4762571522411798,0.4762571522411798
2019-09-18,TLKM,4250.0,2878.9,1.4762582930980583,0.47625829309805834
2019-09-19,TLKM,4210.0,2851.8,1.4762606073357176,0.4762606073357176
2019-09-20,TLKM,4290.0,2905.99,1.4762611020684862,0.47626110206848615
2019-09-23,TLKM,4250.0,2878.9,1.4762582930980583,0.47625829309805834
2019-09-24,TLKM,4210.0,2851.8,1.4762606073357176,0.4762606073357176
2019-09-25,TLKM,4220.0,2858.58,1.4762574425064192,0.4762574425064192
2019-09-26,TLKM,4360.0,2953.41,1.4762596456299668,0.4762596456299668
2019-09-27,TLKM,4310.0,2919.54,1.4762599587606267,0.47625995876062666
2019-09-30,TLKM,4310.0,2919.54,1.4762599587606267,0.47625995876062666
2019-10-01,TLKM,4250.0,2878.9,1.4762582930980583,0.47625829309805834
2019-10-02,TLKM,4200.0,2845.03,1.4762585983276098,0.47625859832760975
2019-10-03,TLKM,4200.0,2845.03,1.4762585983276098,0.47625859832760975
2019-10-04,TLKM,4190.0,2838.25,1.4762617810270413,0.4762617810270413
2019-10-07,TLKM,4110.0,2784.06,1.4762612874722527,0.4762612874722527
2019-10-08,TLKM,4090.0,2770.52,1.4762571647199805,0.4762571647199805
2019-10-09,TLKM,4120.0,2790.84,1.4762580441730804,0.4762580441730804
2019-10-10,TLKM,4110.0,2784.06,1.4762612874722527,0.4762612874722527
2019-10-11,TLKM,4170.0,2824.71,1.4762577397325742,0.47625773973257424
2019-10-14,TLKM,4190.0,2838.25,1.4762617810270413,0.4762617810270413
2019-10-15,TLKM,4170.0,2824.71,1.4762577397325742,0.47625773973257424
2019-10-16,TLKM,4170.0,2824.71,1.4762577397325742,0.47625773973257424
2019-10-17,TLKM,4170.0,2824.71,1.4762577397325742,0.47625773973257424
2019-10-18,TLKM,4190.0,2838.25,1.4762617810270413,0.4762617810270413
2019-10-21,TLKM,4200.0,2845.03,1.4762585983276098,0.47625859832760975
2019-10-22,TLKM,4230.0,2865.35,1.4762594447449702,0.4762594447449702
2019-10-23,TLKM,4260.0,2885.67,1.476260279241909,0.47626027924190906
2019-10-24,TLKM,4350.0,2946.64,1.4762577036896263,0.4762577036896263
2019-10-25,TLKM,4280.0,2899.22,1.4762591317664753,0.4762591317664753
2019-10-28,TLKM,4260.0,2885.67,1.476260279241909,0.47626027924190906
2019-10-29,TLKM,4330.0,2933.09,1.476258826016249,0.476258826016249
2019-10-30,TLKM,4270.0,2892.45,1.4762571522411798,0.4762571522411798
2019-10-31,TLKM,4110.0,2784.06,1.4762612874722527,0.4762612874722527
2019-11-01,TLKM,4080.0,2763.74,1.4762604297075703,0.4762604297075703
2019-11-04,TLKM,4150.0,2811.16,1.4762589109122213,0.4762589109122213
2019-11-05,TLKM,4200.0,2845.03,1.4762585983276098,0.47625859832760975
2019-11-06,TLKM,4120.0,2790.84,1.4762580441730804,0.4762580441730804
2019-11-07,TLKM,4070.0,2756.97,1.4762583560938278,0.47625835609382783
2019-11-08,TLKM,4110.0,2784.06,1.4762612874722527,0.4762612874722527
2019-11-11,TLKM,4100.0,2777.29,1.4762592311209848,0.4762592311209848
2019-11-12,TLKM,4180.0,2831.48,1.4762597652111262,0.47625976521112623
2019-11-13,TLKM,4150.0,2811.16,1.4762589109122213,0.4762589109122213
2019-11-14,TLKM,4050.0,2743.42,1.4762595592362817,0.4762595592362817
2019-11-15,TLKM,4080.0,2763.74,1.4762604297075703,0.4762604297075703
2019-11-18,TLKM,4000.0,2709.55,1.4762598955546122,0.47625989555461223
2019-11-19,TLKM,4020.0,2723.1,1.4762586757739342,0.4762586757739342
2019-11-20,TLKM,4090.0,2770.52,1.4762571647199805,0.4762571647199805
2019-11-21,TLKM,4020.0,2723.1,1.4762586757739342,0.4762586757739342
2019-11-22,TLKM,4050.0,2743.42,1.4762595592362817,0.4762595592362817
2019-11-25,TLKM,3950.0,2675.68,1.4762602403874903,0.47626024038749026
2019-11-26,TLKM,3860.0,2614.72,1.4762574960225188,0.47625749602251877
2019-11-27,TLKM,3880.0,2628.26,1.4762618614596728,0.47626186145967275
2019-11-28,TLKM,3820.0,2587.62,1.4762600381818043,0.4762600381818043
2019-11-29,TLKM,3930.0,2662.13,1.4762614898596236,0.4762614898596236
2019-12-02,TLKM,3950.0,2675.68,1.4762602403874903,0.47626024038749026
2019-12-03,TLKM,3920.0,2655.36,1.4762593395999035,0.4762593395999035
2019-12-04,TLKM,3990.0,2702.78,1.4762577790275198,0.47625777902751976
2019-12-05,TLKM,4060.0,2750.19,1.4762616401048654,0.4762616401048654
2019-12-06,TLKM,4100.0,2777.29,1.4762592311209848,0.4762592311209848
2019-12-09,TLKM,4070.0,2756.97,1.4762583560938278,0.47625835609382783
2019-12-10,TLKM,4040.0,2736.65,1.4762574680722782,0.4762574680722782
2019-12-11,TLKM,4050.0,2743.42,1.4762595592362817,0.4762595592362817
2019-12-12,TLKM,3950.0,2675.68,1.4762602403874903,0.47626024038749026
2019-12-13,TLKM,3990.0,2702.78,1.4762577790275198,0.47625777902751976
2019-12-16,TLKM,3970.0,2689.23,1.47625900350658,0.4762590035065799
2019-12-17,TLKM,3980.0,2696.0,1.4762611275964392,0.47626112759643924
2019-12-18,TLKM,3990.0,2702.78,1.4762577790275198,0.47625777902751976
2019-12-19,TLKM,3900.0,2641.81,1.4762605940624043,0.4762605940624043
2019-12-20,TLKM,4020.0,2723.1,1.4762586757739342,0.4762586757739342
2019-12-23,TLKM,4020.0,2723.1,1.4762586757739342,0.4762586757739342
2019-12-26,TLKM,4000.0,2709.55,1.4762598955546122,0.47625989555461223
2019-12-27,TLKM,3990.0,2702.78,1.4762577790275198,0.47625777902751976
2019-12-30,TLKM,3970.0,2689.23,1.47625900350658,0.4762590035065799
2020-01-02,TLKM,3910.0,2648.59,1.4762571783477245,0.4762571783477245
2020-01-03,TLKM,3980.0,2696.0,1.4762611275964392,0.47626112759643924
2020-01-06,TLKM,3960.0,2682.46,1.476256868695153,0.47625686869515294
2020-01-07,TLKM,3940.0,2668.91,1.4762580978751625,0.4762580978751625
2020-01-08,TLKM,3900.0,2641.81,1.4762605940624043,0.4762605940624043
2020-01-09,TLKM,3960.0,2682.46,1.476256868695153,0.47625686869515294
2020-01-10,TLKM,3980.0,2696.0,1.4762611275964392,0.47626112759643924
2020-01-13,TLKM,4030.0,2729.87,1.4762607743225868,0.47626077432258684
2020-01-14,TLKM,3950.0,2675.68,1.4762602403874903,0.47626024038749026
2020-01-15,TLKM,3880.0,2628.26,1.4762618614596728,0.47626186145967275
2020-01-16,TLKM,3850.0,2607.94,1.4762609569238556,0.4762609569238556
2020-01-17,TLKM,3810.0,2580.85,1.476257822035376,0.4762578220353759
2020-01-20,TLKM,3810.0,2580.85,1.476257822035376,0.4762578220353759
2020-01-21,TLKM,3890.0,2635.04,1.4762584249195458,0.47625842491954584
2020-01-22,TLKM,3860.0,2614.72,1.4762574960225188,0.47625749602251877
2020-01-23,TLKM,3880.0,2628.26,1.4762618614596728,0.47626186145967275
2020-01-24,TLKM,3920.0,2655.36,1.4762593395999035,0.4762593395999035
2020-01-27,TLKM,3840.0,2601.17,1.4762587604808606,0.4762587604808606
2020-01-28,TLKM,3830.0,2594.4,1.4762565525747764,0.4762565525747764
2020-01-29,TLKM,3900.0,2641.81,1.4762605940624043,0.4762605940624043
2020-01-30,TLKM,3860.0,2614.72,1.4762574960225188,0.47625749602251877
2020-01-31,TLKM,3800.0,2574.07,1.476261329334478,0.47626132933447796
2020-02-03,TLKM,3740.0,2533.43,1.4762594585206619,0.47625945852066187
2020-02-04,TLKM,3760.0,2546.98,1.4762581567189377,0.4762581567189377
2020-02-05,TLKM,3770.0,2553.75,1.4762604013705336,0.4762604013705336
2020-02-06,TLKM,3760.0,2546.98,1.4762581567189377,0.4762581567189377
2020-02-07,TLKM,3790.0,2567.3,1.4762591048961944,0.4762591048961944
2020-02-10,TLKM,3810.0,2580.85,1.476257822035376,0.4762578220353759
2020-02-11,TLKM,3790.0,2567.3,1.4762591048961944,0.4762591048961944
2020-02-12,TLKM,3820.0,2587.62,1.4762600381818043,0.4762600381818043
2020-02-13,TLKM,3730.0,2526.66,1.4762571932907476,0.47625719329074756
2020-02-14,TLKM,3640.0,2465.69,1.4762601949150136,0.4762601949150136
2020-02-17,TLKM,3610.0,2445.37,1.4762592163967008,0.47625921639670077
2020-02-18,TLKM,3620.0,2452.14,1.476261551134927,0.4762615511349271
2020-02-19,TLKM,3620.0,2452.14,1.476261551134927,0.4762615511349271
2020-02-20,TLKM,3630.0,2458.92,1.476257869308477,0.4762578693084769
2020-02-21,TLKM,3690.0,2499.56,1.4762598217286242,0.47625982172862424
2020-02-24,TLKM,3640.0,2465.69,1.4762601949150136,0.4762601949150136
2020-02-25,TLKM,3590.0,2431.82,1.4762605784967637,0.47626057849676373
2020-02-26,TLKM,3510.0,2377.63,1.4762599731665564,0.47625997316655644
2020-02-27,TLKM,3470.0,2350.54,1.4762565197784339,0.47625651977843386
2020-02-28,TLKM,3490.0,2364.08,1.4762613786335488,0.4762613786335488
2020-03-02,TLKM,3440.0,2330.21,1.4762617961471283,0.47626179614712827
2020-03-03,TLKM,3620.0,2452.14,1.476261551134927,0.4762615511349271
2020-03-04,TLKM,3830.0,2594.4,1.4762565525747764,0.4762565525747764
2020-03-05,TLKM,3830.0,2594.4,1.4762565525747764,0.4762565525747764
2020-03-06,TLKM,3750.0,2540.2,1.476261711676246,0.476261711676246
2020-03-09,TLKM,3500.0,2370.86,1.4762575605476493,0.47625756054764934
2020-03-10,TLKM,3490.0,2364.08,1.4762613786335488,0.4762613786335488
2020-03-11,TLKM,3400.0,2303.12,1.4762582930980583,0.47625829309805834
2020-03-12,TLKM,3310.0,2242.15,1.4762616238877861,0.47626162388778615
2020-03-13,TLKM,3310.0,2242.15,1.4762616238877861,0.47626162388778615
2020-03-16,TLKM,3160.0,2140.55,1.4762561024035878,0.47625610240358784
2020-03-17,TLKM,2940.0,1991.52,1.4762593395999035,0.4762593395999035
2020-03-18,TLKM,2810.0,1903.46,1.4762590230422494,0.47625902304224943
2020-03-19,TLKM,2620.0,1774.76,1.4762559444657306,0.4762559444657306
2020-03-20,TLKM,2880.0,1950.88,1.476256868695153,0.47625686869515294
2020-03-23,TLKM,2680.0,1815.4,1.476258675773934,0.476258675773934
2020-03-24,TLKM,2620.0,1774.76,1.4762559444657306,0.4762559444657306
2020-03-26,TLKM,2980.0,2018.62,1.4762560561175457,0.47625605611754573
2020-03-27,TLKM,3090.0,2093.13,1.4762580441730804,0.4762580441730804
2020-03-30,TLKM,3140.0,2127.0,1.4762576398683591,0.4762576398683591
2020-03-31,TLKM,3160.0,2140.55,1.4762561024035878,0.47625610240358784
2020-04-01,TLKM,3100.0,2099.9,1.4762607743225866,0.4762607743225866
2020-04-02,TLKM,3130.0,2120.22,1.476261897350275,0.476261897350275
2020-04-03,TLKM,3200.0,2167.64,1.4762598955546125,0.47625989555461246
2020-04-06,TLKM,3330.0,2255.7,1.4762601409761937,0.47626014097619374
2020-04-07,TLKM,3220.0,2181.19,1.4762583727231464,0.4762583727231464
2020-04-08,TLKM,3110.0,2106.68,1.476256479389371,0.4762564793893711
2020-04-09,TLKM,3120.0,2113.45,1.4762591970474817,0.47625919704748165
2020-04-13,TLKM,3180.0,2154.09,1.476261437544392,0.4762614375443921
2020-04-14,TLKM,3240.0,2194.74,1.4762568686951532,0.47625686869515316
2020-04-15,TLKM,3110.0,2106.68,1.476256479389371,0.4762564793893711
2020-04-16,TLKM,3000.0,2032.16,1.476261711676246,0.476261711676246
2020-04-17,TLKM,3230.0,2187.96,1.476260991974259,0.4762609919742591
2020-04-20,TLKM,3120.0,2113.45,1.4762591970474817,0.47625919704748165
2020-04-21,TLKM,3070.0,2079.58,1.4762596293482337,0.47625962934823374
2020-04-22,TLKM,3160.0,2140.55,1.4762561024035878,0.47625610240358784
2020-04-23,TLKM,3070.0,2079.58,1.4762596293482337,0.47625962934823374
2020-04-24,TLKM,3090.0,2093.13,1.4762580441730804,0.4762580441730804
2020-04-27,TLKM,3150.0,2133.77,1.4762603279641198,0.47626032796411977
2020-04-28,TLKM,3160.0,2140.55,1.4762561024035878,0.47625610240358784
2020-04-29,TLKM,3350.0,2269.25,1.4762586757739342,0.4762586757739342
2020-04-30,TLKM,3500.0,2370.86,1.4762575605476493,0.47625756054764934
2020-05-04,TLKM,3320.0,2248.93,1.476257598057743,0.47625759805774304
2020-05-05,TLKM,3320.0,2248.93,1.476257598057743,0.47625759805774304
2020-05-06,TLKM,3240.0,2194.74,1.4762568686951532,0.47625686869515316
2020-05-08,TLKM,3190.0,2160.87,1.4762572482379783,0.4762572482379783
2020-05-11,TLKM,3220.0,2181.19,1.4762583727231464,0.4762583727231464
2020-05-12,TLKM,3150.0,2133.77,1.4762603279641198,0.47626032796411977
2020-05-13,TLKM,3160.0,2140.55,1.4762561024035878,0.47625610240358784
2020-05-14,TLKM,3070.0,2079.58,1.4762596293482337,0.47625962934823374
2020-05-15,TLKM,3100.0,2099.9,1.4762607743225866,0.4762607743225866
2020-05-18,TLKM,3220.0,2181.19,1.4762583727231464,0.4762583727231464
2020-05-19,TLKM,3270.0,2215.06,1.4762579794678248,0.4762579794678248
2020-05-20,TLKM,3180.0,2154.09,1.476261437544392,0.4762614375443921
2020-05-26,TLKM,3250.0,2201.51,1.4762594764502543,0.47625947645025435
2020-05-27,TLKM,3170.0,2147.32,1.4762587783842183,0.47625877838421826
2020-05-28,TLKM,3130.0,2120.22,1.476261897350275,0.476261897350275
2020-05-29,TLKM,3150.0,2133.77,1.4762603279641198,0.47626032796411977
2020-06-02,TLKM,3250.0,2201.51,1.4762594764502543,0.47625947645025435
2020-06-03,TLKM,3290.0,2228.61,1.47625650068877,0.47625650068877
2020-06-04,TLKM,3300.0,2235.38,1.4762590700462561,0.4762590700462561
2020-06-05,TLKM,3230.0,2187.96,1.476260991974259,0.4762609919742591
2020-06-08,TLKM,3230.0,2187.96,1.476260991974259,0.4762609919742591
2020-06-09,TLKM,3140.0,2127.0,1.4762576398683591,0.4762576398683591
2020-06-10,TLKM,3110.0,2106.68,1.476256479389371,0.4762564793893711
2020-06-11,TLKM,3080.0,2086.35,1.4762623720852206,0.4762623720852206
2020-06-12,TLKM,3030.0,2052.48,1.4762628624883067,0.47626286248830674
2020-06-15,TLKM,3090.0,2093.13,1.4762580441730804,0.4762580441730804
2020-06-16,TLKM,3200.0,2167.64,1.4762598955546125,0.47625989555461246
2020-06-17,TLKM,3210.0,2174.42,1.4762557371620937,0.4762557371620937
2020-06-18,TLKM,3280.0,2221.83,1.476260559988838,0.4762605599888381
2020-06-19,TLKM,3280.0,2221.83,1.476260559988838,0.4762605599888381
2020-06-22,TLKM,3200.0,2167.64,1.4762598955546125,0.47625989555461246
2020-06-23,TLKM,3130.0,2120.22,1.476261897350275,0.476261897350275
2020-06-24,TLKM,3180.0,2154.09,1.476261437544392,0.4762614375443921
2020-06-25,TLKM,3160.0,2140.55,1.4762561024035878,0.47625610240358784
2020-06-26,TLKM,3190.0,2160.87,1.4762572482379783,0.4762572482379783
2020-06-29,TLKM,3180.0,2154.09,1.476261437544392,0.4762614375443921
2020-06-30,TLKM,3050.0,2171.23,1.4047337223601368,0.4047337223601368
2020-07-01,TLKM,3040.0,2164.11,1.4047345097984851,0.40473450979848513
2020-07-02,TLKM,3140.0,2235.3,1.4047331454390908,0.4047331454390908
2020-07-03,TLKM,3120.0,2221.06,1.4047346762356714,0.4047346762356714
2020-07-06,TLKM,3050.0,2171.23,1.4047337223601368,0.4047337223601368
2020-07-07,TLKM,3120.0,2221.06,1.4047346762356714,0.4047346762356714
2020-07-08,TLKM,3150.0,2242.41,1.4047386517184637,0.4047386517184637
2020-07-09,TLKM,3110.0,2213.94,1.4047354490184918,0.4047354490184918
2020-07-10,TLKM,3110.0,2213.94,1.4047354490184918,0.4047354490184918
2020-07-13,TLKM,3090.0,2199.7,1.4047370095922171,0.40473700959221715
2020-07-14,TLKM,3080.0,2192.58,1.4047377974805937,0.4047377974805937
2020-07-15,TLKM,3090.0,2199.7,1.4047370095922171,0.40473700959221715
2020-07-16,TLKM,3100.0,2206.82,1.4047362267878667,0.4047362267878667
2020-07-17,TLKM,3060.0,2178.35,1.4047329400693185,0.4047329400693185
2020-07-20,TLKM,3060.0,2178.35,1.4047329400693185,0.4047329400693185
2020-07-21,TLKM,3060.0,2178.35,1.4047329400693185,0.4047329400693185
2020-07-22,TLKM,3070.0,2185.46,1.404738590502686,0.4047385905026859
2020-07-23,TLKM,3070.0,2185.46,1.404738590502686,0.4047385905026859
2020-07-24,TLKM,3020.0,2149.87,1.404736100322345,0.4047361003223451
2020-07-27,TLKM,3040.0,2164.11,1.4047345097984851,0.40473450979848513
2020-07-28,TLKM,3020.0,2149.87,1.404736100322345,0.4047361003223451
2020-07-29,TLKM,3000.0,2135.63,1.4047377120568638,0.4047377120568638
2020-07-30,TLKM,3050.0,2171.23,1.4047337223601368,0.4047337223601368
2020-08-03,TLKM,2920.0,2078.68,1.404737621952393,0.40473762195239305
2020-08-04,TLKM,2950.0,2100.04,1.4047351479019448,0.40473514790194476
2020-08-05,TLKM,3020.0,2149.87,1.404736100322345,0.4047361003223451
2020-08-06,TLKM,3020.0,2149.87,1.404736100322345,0.4047361003223451
2020-08-07,TLKM,2980.0,2121.4,1.404732723673046,0.404732723673046
2020-08-10,TLKM,2970.0,2114.28,1.4047335263068277,0.4047335263068277
2020-08-11,TLKM,2930.0,2085.8,1.4047367916386997,0.4047367916386997
2020-08-12,TLKM,2950.0,2100.04,1.4047351479019448,0.40473514790194476
2020-08-13,TLKM,3010.0,2142.75,1.4047369035118422,0.4047369035118422
2020-08-14,TLKM,3030.0,2156.99,1.4047353024353382,0.4047353024353382
2020-08-18,TLKM,3050.0,2171.23,1.4047337223601368,0.4047337223601368
2020-08-19,TLKM,3000.0,2135.63,1.4047377120568638,0.4047377120568638
2020-08-24,TLKM,3000.0,2135.63,1.4047377120568638,0.4047377120568638
2020-08-25,TLKM,2980.0,2121.4,1.404732723673046,0.404732723673046
2020-08-26,TLKM,3020.0,2149.87,1.404736100322345,0.4047361003223451
2020-08-27,TLKM,2990.0,2128.51,1.4047385260111531,0.4047385260111531
2020-08-28,TLKM,2960.0,2107.16,1.4047343343647374,0.4047343343647374
2020-08-31,TLKM,2860.0,2035.97,1.4047358261663974,0.40473582616639736
2020-09-01,TLKM,2900.0,2064.45,1.4047324953377414,0.40473249533774136
2020-09-02,TLKM,2950.0,2100.04,1.4047351479019448,0.40473514790194476
2020-09-03,TLKM,2900.0,2064.45,1.4047324953377414,0.40473249533774136
2020-09-04,TLKM,2860.0,2035.97,1.4047358261663974,0.40473582616639736
2020-09-07,TLKM,2900.0,2064.45,1.4047324953377414,0.40473249533774136
2020-09-08,TLKM,2860.0,2035.97,1.4047358261663974,0.40473582616639736
2020-09-09,TLKM,2800.0,1993.26,1.4047339534230356,0.40473395342303564
2020-09-10,TLKM,2700.0,1922.07,1.4047355195180198,0.4047355195180198
2020-09-11,TLKM,2810.0,2000.38,1.4047331007108648,0.40473310071086477
2020-09-14,TLKM,2890.0,2057.33,1.4047333193994158,0.4047333193994158
2020-09-15,TLKM,2830.0,2014.61,1.4047383860896154,0.40473838608961543
2020-09-16,TLKM,2790.0,1986.14,1.4047348122488847,0.40473481224888475
2020-09-17,TLKM,2820.0,2007.49,1.4047392515031207,0.40473925150312073
2020-09-18,TLKM,2890.0,2057.33,1.4047333193994158,0.4047333193994158
2020-09-21,TLKM,2810.0,2000.38,1.4047331007108648,0.40473310071086477
2020-09-22,TLKM,2780.0,1979.02,1.4047356772543986,0.40473567725439863
2020-09-23,TLKM,2800.0,1993.26,1.4047339534230356,0.40473395342303564
2020-09-24,TLKM,2730.0,1943.43,1.4047328692054768,0.4047328692054768
2020-09-25,TLKM,2690.0,1914.95,1.404736416094415,0.4047364160944149
2020-09-28,TLKM,2660.0,1893.59,1.4047391462777055,0.40473914627770546
2020-09-29,TLKM,2630.0,1872.24,1.4047344357560996,0.4047344357560996
2020-09-30,TLKM,2560.0,1822.41,1.4047332927277616,0.4047332927277616
2020-10-01,TLKM,2750.0,1957.66,1.404738310023191,0.40473831002319094
2020-10-02,TLKM,2680.0,1907.83,1.4047373193628363,0.4047373193628363
2020-10-05,TLKM,2650.0,1886.48,1.4047326237224884,0.4047326237224884
2020-10-06,TLKM,2650.0,1886.48,1.4047326237224884,0.4047326237224884
2020-10-07,TLKM,2660.0,1893.59,1.4047391462777055,0.40473914627770546
2020-10-08,TLKM,2700.0,1922.07,1.4047355195180198,0.4047355195180198
2020-10-09,TLKM,2730.0,1943.43,1.4047328692054768,0.4047328692054768
2020-10-12,TLKM,2730.0,1943.43,1.4047328692054768,0.4047328692054768
2020-10-13,TLKM,2730.0,1943.43,1.4047328692054768,0.4047328692054768
2020-10-14,TLKM,2810.0,2000.38,1.4047331007108648,0.40473310071086477
2020-10-15,TLKM,2780.0,1979.02,1.4047356772543986,0.40473567725439863
2020-10-16,TLKM,2750.0,1957.66,1.404738310023191,0.40473831002319094
2020-10-19,TLKM,2710.0,1929.19,1.404734629559556,0.40473462955955597
2020-10-20,TLKM,2670.0,1900.71,1.4047382293984878,0.4047382293984878
2020-10-21,TLKM,2680.0,1907.83,1.4047373193628363,0.4047373193628363
2020-10-22,TLKM,2700.0,1922.07,1.4047355195180198,0.4047355195180198
2020-10-23,TLKM,2630.0,1872.24,1.4047344357560996,0.4047344357560996
2020-10-26,TLKM,2650.0,1886.48,1.4047326237224884,0.4047326237224884
2020-10-27,TLKM,2620.0,1865.12,1.4047353521489234,0.4047353521489234
2020-11-02,TLKM,2560.0,1822.41,1.4047332927277616,0.4047332927277616
2020-11-03,TLKM,2580.0,1836.64,1.4047390887707987,0.40473908877079867
2020-11-04,TLKM,2580.0,1836.64,1.4047390887707987,0.40473908877079867
2020-11-05,TLKM,2770.0,1971.9,1.4047365485065164,0.4047365485065164
2020-11-06,TLKM,2830.0,2014.61,1.4047383860896154,0.40473838608961543
2020-11-09,TLKM,2880.0,2050.21,1.4047341491847176,0.4047341491847176
2020-11-10,TLKM,2860.0,2035.97,1.4047358261663974,0.40473582616639736
2020-11-11,TLKM,3080.0,2192.58,1.4047377974805937,0.4047377974805937
2020-11-12,TLKM,3040.0,2164.11,1.4047345097984851,0.40473450979848513
2020-11-13,TLKM,2990.0,2128.51,1.4047385260111531,0.4047385260111531
2020-11-16,TLKM,3070.0,2185.46,1.404738590502686,0.4047385905026859
2020-11-17,TLKM,3220.0,2292.25,1.4047333406042097,0.40473334060420973
2020-11-18,TLKM,3180.0,2263.77,1.4047363468903644,0.4047363468903644
2020-11-19,TLKM,3170.0,2256.65,1.4047371103183923,0.4047371103183923
2020-11-20,TLKM,3220.0,2292.25,1.4047333406042097,0.40473334060420973
2020-11-23,TLKM,3320.0,2363.43,1.404738029050998,0.4047380290509981
2020-11-24,TLKM,3350.0,2384.79,1.4047358467621887,0.40473584676218866
2020-11-25,TLKM,3280.0,2334.96,1.404734984753486,0.404734984753486
2020-11-26,TLKM,3470.0,2470.22,1.4047331816599333,0.4047331816599333
2020-11-27,TLKM,3460.0,2463.1,1.4047338719499818,0.4047338719499818
2020-11-30,TLKM,3230.0,2299.36,1.4047387099018858,0.40473870990188576
2020-12-01,TLKM,3240.0,2306.48,1.4047379556727133,0.4047379556727133
2020-12-02,TLKM,3330.0,2370.55,1.4047372972516925,0.4047372972516925
2020-12-03,TLKM,3300.0,2349.2,1.404733526306828,0.4047335263068279
2020-12-04,TLKM,3250.0,2313.6,1.404737206085754,0.4047372060857539
2020-12-07,TLKM,3330.0,2370.55,1.4047372972516925,0.4047372972516925
2020-12-08,TLKM,3300.0,2349.2,1.404733526306828,0.4047335263068279
2020-12-10,TLKM,3260.0,2320.72,1.40473646109828,0.40473646109828
2020-12-11,TLKM,3280.0,2334.96,1.404734984753486,0.404734984753486
2020-12-14,TLKM,3320.0,2363.43,1.404738029050998,0.4047380290509981
2020-12-15,TLKM,3450.0,2455.98,1.404734566242396,0.404734566242396
2020-12-16,TLKM,3610.0,2569.88,1.4047348514327516,0.40473485143275156
2020-12-17,TLKM,3540.0,2520.05,1.4047340330548996,0.40473403305489963
2020-12-18,TLKM,3510.0,2498.69,1.4047360817068144,0.4047360817068144
2020-12-21,TLKM,3520.0,2505.81,1.4047353949421544,0.4047353949421544
2020-12-22,TLKM,3360.0,2391.91,1.4047351279939464,0.4047351279939464
2020-12-23,TLKM,3320.0,2363.43,1.404738029050998,0.4047380290509981
2020-12-28,TLKM,3430.0,2441.74,1.4047359669743709,0.40473596697437086
2020-12-29,TLKM,3420.0,2434.62,1.4047366734849793,0.4047366734849793
2020-12-30,TLKM,3310.0,2356.32,1.4047328036938955,0.4047328036938955
2021-01-04,TLKM,3490.0,2484.45,1.4047374670450201,0.4047374670450201
2021-01-05,TLKM,3470.0,2470.22,1.4047331816599333,0.4047331816599333
2021-01-06,TLKM,3370.0,2399.03,1.4047344134921196,0.4047344134921196
2021-01-07,TLKM,3390.0,2413.27,1.404732997136665,0.4047329971366651
2021-01-08,TLKM,3570.0,2541.4,1.404737546234359,0.404737546234359
2021-01-11,TLKM,3600.0,2562.76,1.4047355195180196,0.40473551951801956
2021-01-12,TLKM,3510.0,2498.69,1.4047360817068144,0.4047360817068144
2021-01-13,TLKM,3480.0,2477.33,1.4047381656864448,0.40473816568644483
2021-01-14,TLKM,3500.0,2491.57,1.404736772396521,0.40473677239652095
2021-01-15,TLKM,3480.0,2477.33,1.4047381656864448,0.40473816568644483
2021-01-18,TLKM,3450.0,2455.98,1.404734566242396,0.404734566242396
2021-01-19,TLKM,3410.0,2427.5,1.4047373841400619,0.4047373841400619
2021-01-20,TLKM,3470.0,2470.22,1.4047331816599333,0.4047331816599333
2021-01-21,TLKM,3480.0,2477.33,1.4047381656864448,0.40473816568644483
2021-01-22,TLKM,3390.0,2413.27,1.404732997136665,0.4047329971366651
2021-01-25,TLKM,3370.0,2399.03,1.4047344134921196,0.4047344134921196
2021-01-26,TLKM,3260.0,2320.72,1.40473646109828,0.40473646109828
2021-01-27,TLKM,3380.0,2406.15,1.404733703218835,0.40473370321883495
2021-01-28,TLKM,3240.0,2306.48,1.4047379556727133,0.4047379556727133
2021-01-29,TLKM,3110.0,2213.94,1.4047354490184918,0.4047354490184918
2021-02-01,TLKM,3230.0,2299.36,1.4047387099018858,0.40473870990188576
2021-02-02,TLKM,3270.0,2327.84,1.404735720668087,0.40473572066808705
2021-02-03,TLKM,3240.0,2306.48,1.4047379556727133,0.4047379556727133
2021-02-04,TLKM,3290.0,2342.08,1.4047342533132943,0.40473425331329427
2021-02-05,TLKM,3290.0,2342.08,1.4047342533132943,0.40473425331329427
2021-02-08,TLKM,3280.0,2334.96,1.404734984753486,0.404734984753486
2021-02-09,TLKM,3200.0,2278.01,1.4047348343510344,0.4047348343510344
2021-02-10,TLKM,3190.0,2270.89,1.404735588249541,0.4047355882495409
2021-02-11,TLKM,3190.0,2270.89,1.404735588249541,0.4047355882495409
2021-02-15,TLKM,3220.0,2292.25,1.4047333406042097,0.40473334060420973
2021-02-16,TLKM,3210.0,2285.13,1.4047340851505166,0.40473408515051656
2021-02-17,TLKM,3150.0,2242.41,1.4047386517184637,0.4047386517184637
2021-02-18,TLKM,3180.0,2263.77,1.4047363468903644,0.4047363468903644
2021-02-19,TLKM,3210.0,2285.13,1.4047340851505166,0.40473408515051656
2021-02-22,TLKM,3170.0,2256.65,1.4047371103183923,0.4047371103183923
2021-02-23,TLKM,3470.0,2470.22,1.4047331816599333,0.4047331816599333
2021-02-24,TLKM,3480.0,2477.33,1.4047381656864448,0.40473816568644483
2021-02-25,TLKM,3490.0,2484.45,1.4047374670450201,0.4047374670450201
2021-02-26,TLKM,3490.0,2484.45,1.4047374670450201,0.4047374670450201
2021-03-01,TLKM,3490.0,2484.45,1.4047374670450201,0.4047374670450201
2021-03-02,TLKM,3460.0,2463.1,1.4047338719499818,0.4047338719499818
2021-03-03,TLKM,3440.0,2448.86,1.4047352645720865,0.40473526457208653
2021-03-04,TLKM,3360.0,2391.91,1.4047351279939464,0.4047351279939464
2021-03-05,TLKM,3320.0,2363.43,1.404738029050998,0.4047380290509981
2021-03-08,TLKM,3340.0,2377.67,1.4047365698351748,0.4047365698351748
2021-03-09,TLKM,3290.0,2342.08,1.4047342533132943,0.40473425331329427
2021-03-10,TLKM,3400.0,2420.38,1.4047380989761937,0.4047380989761937
2021-03-12,TLKM,3450.0,2455.98,1.404734566242396,0.404734566242396
2021-03-15,TLKM,3380.0,2406.15,1.404733703218835,0.40473370321883495
2021-03-16,TLKM,3360.0,2391.91,1.4047351279939464,0.4047351279939464
2021-03-17,TLKM,3390.0,2413.27,1.404732997136665,0.4047329971366651
2021-03-18,TLKM,3450.0,2455.98,1.404734566242396,0.404734566242396
2021-03-19,TLKM,3440.0,2448.86,1.4047352645720865,0.40473526457208653
2021-03-22,TLKM,3380.0,2406.15,1.404733703218835,0.40473370321883495
2021-03-23,TLKM,3360.0,2391.91,1.4047351279939464,0.4047351279939464
2021-03-24,TLKM,3370.0,2399.03,1.4047344134921196,0.4047344134921196
2021-03-25,TLKM,3410.0,2427.5,1.4047373841400619,0.4047373841400619
2021-03-26,TLKM,3490.0,2484.45,1.4047374670450201,0.4047374670450201
2021-03-29,TLKM,3410.0,2427.5,1.4047373841400619,0.4047373841400619
2021-03-30,TLKM,3380.0,2406.15,1.404733703218835,0.40473370321883495
2021-03-31,TLKM,3420.0,2434.62,1.4047366734849793,0.4047366734849793
2021-04-01,TLKM,3390.0,2413.27,1.404732997136665,0.4047329971366651
2021-04-05,TLKM,3380.0,2406.15,1.404733703218835,0.40473370321883495
2021-04-06,TLKM,3370.0,2399.03,1.4047344134921196,0.4047344134921196
2021-04-07,TLKM,3400.0,2420.38,1.4047380989761937,0.4047380989761937
2021-04-08,TLKM,3390.0,2413.27,1.404732997136665,0.4047329971366651
2021-04-09,TLKM,3360.0,2391.91,1.4047351279939464,0.4047351279939464
2021-04-12,TLKM,3310.0,2356.32,1.4047328036938955,0.4047328036938955
2021-04-13,TLKM,3330.0,2370.55,1.4047372972516925,0.4047372972516925
2021-04-14,TLKM,3340.0,2377.67,1.4047365698351748,0.4047365698351748
2021-04-15,TLKM,3360.0,2391.91,1.4047351279939464,0.4047351279939464
2021-04-16,TLKM,3360.0,2391.91,1.4047351279939464,0.4047351279939464
2021-04-19,TLKM,3340.0,2377.67,1.4047365698351748,0.4047365698351748
2021-04-20,TLKM,3320.0,2363.43,1.404738029050998,0.4047380290509981
2021-04-21,TLKM,3280.0,2334.96,1.404734984753486,0.404734984753486
2021-04-22,TLKM,3330.0,2370.55,1.4047372972516925,0.4047372972516925
2021-04-23,TLKM,3310.0,2356.32,1.4047328036938955,0.4047328036938955
2021-04-26,TLKM,3250.0,2313.6,1.404737206085754,0.4047372060857539
2021-04-27,TLKM,3160.0,2249.53,1.404737878579081,0.40473787857908095
2021-04-28,TLKM,3140.0,2235.3,1.4047331454390908,0.4047331454390908
2021-04-29,TLKM,3200.0,2278.01,1.4047348343510344,0.4047348343510344
2021-04-30,TLKM,3200.0,2278.01,1.4047348343510344,0.4047348343510344
2021-05-03,TLKM,3170.0,2256.65,1.4047371103183923,0.4047371103183923
2021-05-04,TLKM,3210.0,2285.13,1.4047340851505166,0.40473408515051656
2021-05-05,TLKM,3200.0,2278.01,1.4047348343510344,0.4047348343510344
2021-05-06,TLKM,3190.0,2270.89,1.404735588249541,0.4047355882495409
2021-05-07,TLKM,3190.0,2270.89,1.404735588249541,0.4047355882495409
2021-05-10,TLKM,3170.0,2256.65,1.4047371103183923,0.4047371103183923
2021-05-11,TLKM,3180.0,2263.77,1.4047363468903644,0.4047363468903644
2021-05-17,TLKM,3190.0,2270.89,1.404735588249541,0.4047355882495409
2021-05-18,TLKM,3180.0,2263.77,1.4047363468903644,0.4047363468903644
2021-05-19,TLKM,3160.0,2249.53,1.404737878579081,0.40473787857908095
2021-05-20,TLKM,3310.0,2356.32,1.4047328036938955,0.4047328036938955
2021-05-21,TLKM,3270.0,2327.84,1.404735720668087,0.40473572066808705
2021-05-24,TLKM,3260.0,2320.72,1.40473646109828,0.40473646109828
2021-05-25,TLKM,3300.0,2349.2,1.404733526306828,0.4047335263068279
2021-05-27,TLKM,3380.0,2406.15,1.404733703218835,0.40473370321883495
2021-05-28,TLKM,3270.0,2327.84,1.404735720668087,0.40473572066808705
2021-05-31,TLKM,3440.0,2448.86,1.4047352645720865,0.40473526457208653
2021-06-02,TLKM,3450.0,2455.98,1.404734566242396,0.404734566242396
2021-06-03,TLKM,3490.0,2484.45,1.4047374670450201,0.4047374670450201
2021-06-04,TLKM,3500.0,2491.57,1.404736772396521,0.40473677239652095
2021-06-07,TLKM,3550.0,2527.17,1.4047333578667047,0.4047333578667047
2021-06-08,TLKM,3500.0,2491.57,1.404736772396521,0.40473677239652095
2021-06-09,TLKM,3390.0,2534.95,1.3373044833231427,0.33730448332314267
2021-06-10,TLKM,3480.0,2602.25,1.3373042559323662,0.33730425593236624
2021-06-11,TLKM,3470.0,2594.77,1.3373054259144357,0.3373054259144357
2021-06-14,TLKM,3410.0,2549.91,1.3373021008584618,0.3373021008584618
2021-06-15,TLKM,3440.0,2572.34,1.3373037778831725,0.33730377788317245
2021-06-16,TLKM,3410.0,2549.91,1.3373021008584618,0.3373021008584618
2021-06-17,TLKM,3350.0,2505.04,1.3373039951457861,0.33730399514578613
2021-06-18,TLKM,3350.0,2505.04,1.3373039951457861,0.33730399514578613
2021-06-21,TLKM,3300.0,2467.65,1.3373047231171358,0.3373047231171358
2021-06-22,TLKM,3300.0,2467.65,1.3373047231171358,0.3373047231171358
2021-06-23,TLKM,3370.0,2519.99,1.3373068940749766,0.3373068940749766
2021-06-24,TLKM,3250.0,2430.26,1.3373054734884333,0.3373054734884333
2021-06-25,TLKM,3250.0,2430.26,1.3373054734884333,0.3373054734884333
2021-06-28,TLKM,3170.0,2370.44,1.3373044666812912,0.3373044666812912
2021-06-29,TLKM,3160.0,2362.96,1.3373057521075262,0.3373057521075262
2021-06-30,TLKM,3150.0,2355.48,1.337307045697692,0.3373070456976921
2021-07-01,TLKM,3110.0,2325.57,1.3373065528021086,0.33730655280210864
2021-07-02,TLKM,3070.0,2295.66,1.3373060470627185,0.3373060470627185
2021-07-05,TLKM,3040.0,2273.23,1.337304188313545,0.33730418831354503
2021-07-06,TLKM,3010.0,2250.8,1.3373022925182156,0.33730229251821564
2021-07-07,TLKM,3030.0,2265.75,1.3373055279708705,0.33730552797087054
2021-07-08,TLKM,3010.0,2250.8,1.3373022925182156,0.33730229251821564
2021-07-09,TLKM,3160.0,2362.96,1.3373057521075262,0.3373057521075262
2021-07-12,TLKM,3130.0,2340.53,1.3373039439785004,0.3373039439785004
2021-07-13,TLKM,3070.0,2295.66,1.3373060470627185,0.3373060470627185
2021-07-14,TLKM,3060.0,2288.19,1.3373015352746056,0.3373015352746056
2021-07-15,TLKM,3130.0,2340.53,1.3373039439785004,0.3373039439785004
2021-07-16,TLKM,3170.0,2370.44,1.3373044666812912,0.3373044666812912
2021-07-19,TLKM,3220.0,2407.83,1.337303713302019,0.3373037133020189
2021-07-21,TLKM,3210.0,2400.35,1.3373049763576146,0.3373049763576146
2021-07-22,TLKM,3260.0,2437.74,1.3373042244045716,0.33730422440457164
2021-07-23,TLKM,3170.0,2370.44,1.3373044666812912,0.3373044666812912
2021-07-26,TLKM,3190.0,2385.4,1.3373019200134149,0.33730192001341486
2021-07-27,TLKM,3270.0,2445.22,1.3373029829626784,0.33730298296267835
2021-07-28,TLKM,3190.0,2385.4,1.3373019200134149,0.33730192001341486
2021-07-29,TLKM,3230.0,2415.31,1.3373024580695645,0.3373024580695645
2021-07-30,TLKM,3240.0,2422.78,1.3373067302850443,0.3373067302850443
2021-08-02,TLKM,3310.0,2475.13,1.3373034951699505,0.3373034951699505
2021-08-03,TLKM,3330.0,2490.08,1.337306431921866,0.33730643192186593
2021-08-04,TLKM,3370.0,2519.99,1.3373068940749766,0.3373068940749766
2021-08-05,TLKM,3340.0,2497.56,1.3373052098848477,0.3373052098848477
2021-08-06,TLKM,3320.0,2482.61,1.3373022746222725,0.33730227462227247
2021-08-09,TLKM,3250.0,2430.26,1.3373054734884333,0.3373054734884333
2021-08-10,TLKM,3230.0,2415.31,1.3373024580695645,0.3373024580695645
2021-08-12,TLKM,3350.0,2505.04,1.3373039951457861,0.33730399514578613
2021-08-13,TLKM,3300.0,2467.65,1.3373047231171358,0.3373047231171358
2021-08-16,TLKM,3340.0,2497.56,1.3373052098848477,0.3373052098848477
2021-08-18,TLKM,3420.0,2557.38,1.3373061492621354,0.3373061492621354
2021-08-19,TLKM,3390.0,2534.95,1.3373044833231427,0.33730448332314267
2021-08-20,TLKM,3400.0,2542.43,1.3373032885861165,0.33730328858611647
2021-08-23,TLKM,3440.0,2572.34,1.3373037778831725,0.33730377788317245
2021-08-24,TLKM,3400.0,2542.43,1.3373032885861165,0.33730328858611647
2021-08-25,TLKM,3370.0,2519.99,1.3373068940749766,0.3373068940749766
2021-08-26,TLKM,3360.0,2512.52,1.3373027876395014,0.3373027876395014
2021-08-27,TLKM,3320.0,2482.61,1.3373022746222725,0.33730227462227247
2021-08-30,TLKM,3400.0,2542.43,1.3373032885861165,0.33730328858611647
2021-08-31,TLKM,3400.0,2542.43,1.3373032885861165,0.33730328858611647
2021-09-01,TLKM,3340.0,2497.56,1.3373052098848477,0.3373052098848477
2021-09-02,TLKM,3370.0,2519.99,1.3373068940749766,0.3373068940749766
2021-09-03,TLKM,3390.0,2534.95,1.3373044833231427,0.33730448332314267
2021-09-06,TLKM,3390.0,2534.95,1.3373044833231427,0.33730448332314267
2021-09-07,TLKM,3380.0,2527.47,1.3373056851317722,0.33730568513177217
2021-09-08,TLKM,3330.0,2490.08,1.337306431921866,0.33730643192186593
2021-09-09,TLKM,3390.0,2534.95,1.3373044833231427,0.33730448332314267
2021-09-10,TLKM,3330.0,2490.08,1.337306431921866,0.33730643192186593
2021-09-13,TLKM,3350.0,2505.04,1.3373039951457861,0.33730399514578613
2021-09-14,TLKM,3440.0,2572.34,1.3373037778831725,0.33730377788317245
2021-09-15,TLKM,3450.0,2579.82,1.3373026025071515,0.3373026025071515
2021-09-16,TLKM,3440.0,2572.34,1.3373037778831725,0.33730377788317245
2021-09-17,TLKM,3530.0,2639.64,1.3373035716991712,0.33730357169917125
2021-09-20,TLKM,3520.0,2632.16,1.3373047231171358,0.3373047231171358
2021-09-21,TLKM,3530.0,2639.64,1.3373035716991712,0.33730357169917125
2021-09-22,TLKM,3590.0,2684.5,1.3373067610355747,0.33730676103557466
2021-09-23,TLKM,3560.0,2662.07,1.3373051798036866,0.3373051798036866
2021-09-24,TLKM,3560.0,2662.07,1.3373051798036866,0.3373051798036866
2021-09-27,TLKM,3520.0,2632.16,1.3373047231171358,0.3373047231171358
2021-09-28,TLKM,3530.0,2639.64,1.3373035716991712,0.33730357169917125
2021-09-29,TLKM,3530.0,2639.64,1.3373035716991712,0.33730357169917125
2021-09-30,TLKM,3690.0,2759.28,1.3373053840132207,0.33730538401322074
2021-10-01,TLKM,3660.0,2736.85,1.3373038347004769,0.33730383470047687
2021-10-04,TLKM,3670.0,2744.33,1.3373027296279967,0.3373027296279967
2021-10-05,TLKM,3670.0,2744.33,1.3373027296279967,0.3373027296279967
2021-10-06,TLKM,3760.0,2811.63,1.337302561147804,0.337302561147804
2021-10-07,TLKM,3720.0,2781.72,1.3373021008584618,0.3373021008584618
2021-10-08,TLKM,3800.0,2841.54,1.3373030117471512,0.33730301174715116
2021-10-11,TLKM,3810.0,2849.01,1.3373066433603251,0.3373066433603251
2021-10-12,TLKM,3780.0,2826.58,1.3373051532240376,0.33730515322403765
2021-10-13,TLKM,3770.0,2819.1,1.3373062324855451,0.33730623248554514
2021-10-14,TLKM,3830.0,2863.97,1.3373045108712731,0.3373045108712731
2021-10-15,TLKM,3810.0,2849.01,1.3373066433603251,0.3373066433603251
2021-10-18,TLKM,3790.0,2834.06,1.3373040796595697,0.33730407965956966
2021-10-19,TLKM,3740.0,2796.67,1.3373047231171358,0.3373047231171358
2021-10-21,TLKM,3850.0,2878.93,1.3373024005446468,0.3373024005446468
2021-10-22,TLKM,3870.0,2893.88,1.337304933169309,0.337304933169309
2021-10-25,TLKM,3780.0,2826.58,1.3373051532240376,0.33730515322403765
2021-10-26,TLKM,3800.0,2841.54,1.3373030117471512,0.33730301174715116
2021-10-27,TLKM,3790.0,2834.06,1.3373040796595697,0.33730407965956966
2021-10-28,TLKM,3750.0,2804.15,1.3373036392489703,0.33730363924897033
2021-10-29,TLKM,3800.0,2841.54,1.3373030117471512,0.33730301174715116
2021-11-01,TLKM,3700.0,2766.76,1.3373042837109108,0.3373042837109108
2021-11-02,TLKM,3660.0,2736.85,1.3373038347004769,0.33730383470047687
2021-11-03,TLKM,3720.0,2781.72,1.3373021008584618,0.3373021008584618
2021-11-04,TLKM,3770.0,2819.1,1.3373062324855451,0.33730623248554514
2021-11-05,TLKM,3770.0,2819.1,1.3373062324855451,0.33730623248554514
2021-11-08,TLKM,3750.0,2804.15,1.3373036392489703,0.33730363924897033
2021-11-09,TLKM,3710.0,2774.24,1.337303189341946,0.33730318934194603
2021-11-10,TLKM,3700.0,2766.76,1.3373042837109108,0.3373042837109108
2021-11-11,TLKM,3650.0,2729.37,1.3373049458299902,0.33730494582999015
2021-11-12,TLKM,3600.0,2691.98,1.337305626341949,0.33730562634194894
2021-11-15,TLKM,3600.0,2691.98,1.337305626341949,0.33730562634194894
2021-11-16,TLKM,3670.0,2744.33,1.3373027296279967,0.3373027296279967
2021-11-17,TLKM,3630.0,2714.42,1.337302259782937,0.33730225978293693
2021-11-18,TLKM,3630.0,2714.42,1.337302259782937,0.33730225978293693
2021-11-19,TLKM,3900.0,2916.31,1.3373063906100517,0.33730639061005174
2021-11-22,TLKM,3800.0,2841.54,1.3373030117471512,0.33730301174715116
2021-11-23,TLKM,3800.0,2841.54,1.3373030117471512,0.33730301174715116
2021-11-24,TLKM,3800.0,2841.54,1.3373030117471512,0.33730301174715116
2021-11-25,TLKM,4000.0,2991.09,1.3373051295681506,0.3373051295681506
2021-11-26,TLKM,4010.0,2998.57,1.3373041149614648,0.33730411496146484
2021-11-29,TLKM,4140.0,3095.78,1.3373043304110757,0.33730433041107566
2021-11-30,TLKM,3990.0,2983.61,1.3373061492621354,0.3373061492621354
2021-12-01,TLKM,4080.0,3050.91,1.3373059185620029,0.33730591856200287
2021-12-02,TLKM,4160.0,3110.73,1.3373066772108155,0.33730667721081553
2021-12-03,TLKM,4070.0,3043.44,1.3373025260888993,0.3373025260888993
2021-12-06,TLKM,4170.0,3118.21,1.3373056978202238,0.3373056978202238
2021-12-07,TLKM,4150.0,3103.26,1.3373033519589077,0.3373033519589077
2021-12-08,TLKM,4090.0,3058.39,1.3373049218706574,0.3373049218706574
2021-12-09,TLKM,4150.0,3103.26,1.3373033519589077,0.3373033519589077
2021-12-10,TLKM,4150.0,3103.26,1.3373033519589077,0.3373033519589077
2021-12-13,TLKM,4080.0,3050.91,1.3373059185620029,0.33730591856200287
2021-12-14,TLKM,4100.0,3065.87,1.3373039300426959,0.3373039300426959
2021-12-15,TLKM,4080.0,3050.91,1.3373059185620029,0.33730591856200287
2021-12-16,TLKM,4100.0,3065.87,1.3373039300426959,0.3373039300426959
2021-12-17,TLKM,4100.0,3065.87,1.3373039300426959,0.3373039300426959
2021-12-20,TLKM,4080.0,3050.91,1.3373059185620029,0.33730591856200287
2021-12-21,TLKM,4160.0,3110.73,1.3373066772108155,0.33730667721081553
2021-12-22,TLKM,4110.0,3073.35,1.3373029430426082,0.3373029430426082
2021-12-23,TLKM,4160.0,3110.73,1.3373066772108155,0.33730667721081553
2021-12-24,TLKM,4110.0,3073.35,1.3373029430426082,0.3373029430426082
2021-12-27,TLKM,4080.0,3050.91,1.3373059185620029,0.33730591856200287
2021-12-28,TLKM,4090.0,3058.39,1.3373049218706574,0.3373049218706574
2021-12-29,TLKM,4080.0,3050.91,1.3373059185620029,0.33730591856200287
2021-12-30,TLKM,4040.0,3021.0,1.3373055279708705,0.33730552797087054
2022-01-03,TLKM,4180.0,3125.69,1.3373047231171358,0.3373047231171358
2022-01-04,TLKM,4170.0,3118.21,1.3373056978202238,0.3373056978202238
2022-01-05,TLKM,4050.0,3028.48,1.3373045224006763,0.3373045224006763
2022-01-06,TLKM,4120.0,3080.82,1.3373063015690627,0.3373063015690627
2022-01-07,TLKM,4170.0,3118.21,1.3373056978202238,0.3373056978202238
2022-01-10,TLKM,4100.0,3065.87,1.3373039300426959,0.3373039300426959
2022-01-11,TLKM,4090.0,3058.39,1.3373049218706574,0.3373049218706574
2022-01-12,TLKM,4110.0,3073.35,1.3373029430426082,0.3373029430426082
2022-01-13,TLKM,4180.0,3125.69,1.3373047231171358,0.3373047231171358
2022-01-14,TLKM,4190.0,3133.17,1.337303753067979,0.337303753067979
2022-01-17,TLKM,4180.0,3125.69,1.3373047231171358,0.3373047231171358
2022-01-18,TLKM,4250.0,3178.03,1.3373064445584213,0.3373064445584213
2022-01-19,TLKM,4250.0,3178.03,1.3373064445584213,0.3373064445584213
2022-01-20,TLKM,4220.0,3155.6,1.3373051083787553,0.33730510837875527
2022-01-21,TLKM,4330.0,3237.86,1.3373030334850795,0.3373030334850795
2022-01-24,TLKM,4300.0,3215.42,1.3373058573996555,0.33730585739965546
2022-01-25,TLKM,4290.0,3207.95,1.3373026387568385,0.3373026387568385
2022-01-26,TLKM,4390.0,3282.72,1.3373056489740216,0.3373056489740216
2022-01-27,TLKM,4270.0,3192.99,1.337304532742038,0.3373045327420381
2022-01-28,TLKM,4260.0,3185.51,1.3373054864056304,0.3373054864056304
2022-01-31,TLKM,4190.0,3133.17,1.337303753067979,0.337303753067979
2022-02-02,TLKM,4170.0,3118.21,1.3373056978202238,0.3373056978202238
2022-02-03,TLKM,4200.0,3140.65,1.3373027876395014,0.3373027876395014
2022-02-04,TLKM,4230.0,3163.08,1.3373041465912971,0.33730414659129715
2022-02-07,TLKM,4290.0,3207.95,1.3373026387568385,0.3373026387568385
2022-02-08,TLKM,4230.0,3163.08,1.3373041465912971,0.33730414659129715
2022-02-09,TLKM,4280.0,3200.47,1.3373035835361682,0.3373035835361682
2022-02-10,TLKM,4460.0,3335.07,1.3373032649989356,0.3373032649989356
2022-02-11,TLKM,4450.0,3327.59,1.3373041750936863,0.33730417509368626
2022-02-14,TLKM,4400.0,3290.2,1.3373047231171358,0.3373047231171358
2022-02-15,TLKM,4410.0,3297.68,1.3373038014604208,0.3373038014604208
2022-02-16,TLKM,4400.0,3290.2,1.3373047231171358,0.3373047231171358
2022-02-17,TLKM,4410.0,3297.68,1.3373038014604208,0.3373038014604208
2022-02-18,TLKM,4400.0,3290.2,1.3373047231171358,0.3373047231171358
2022-02-21,TLKM,4370.0,3267.77,1.3373034209874013,0.3373034209874013
2022-02-22,TLKM,4300.0,3215.42,1.3373058573996555,0.33730585739965546
2022-02-23,TLKM,4350.0,3252.81,1.33730528373929,0.33730528373929003
2022-02-24,TLKM,4240.0,3170.56,1.337303189341946,0.33730318934194603
2022-02-25,TLKM,4340.0,3245.33,1.337306221555281,0.3373062215552809
2022-03-01,TLKM,4350.0,3252.81,1.33730528373929,0.33730528373929003
2022-03-02,TLKM,4290.0,3207.95,1.3373026387568385,0.3373026387568385
2022-03-04,TLKM,4400.0,3290.2,1.3373047231171358,0.3373047231171358
2022-03-07,TLKM,4510.0,3372.46,1.3373027404327997,0.33730274043279973
2022-03-08,TLKM,4620.0,3454.71,1.3373047231171358,0.3373047231171358
2022-03-09,TLKM,4440.0,3320.11,1.3373050892892102,0.3373050892892102
2022-03-10,TLKM,4410.0,3297.68,1.3373038014604208,0.3373038014604208
2022-03-11,TLKM,4590.0,3432.28,1.3373034833987902,0.33730348339879024
2022-03-14,TLKM,4580.0,3424.8,1.3373043681382855,0.33730436813828546
2022-03-15,TLKM,4620.0,3454.71,1.3373047231171358,0.3373047231171358
2022-03-16,TLKM,4630.0,3462.19,1.3373038452540156,0.3373038452540156
2022-03-17,TLKM,4480.0,3350.02,1.337305448922693,0.337305448922693
2022-03-18,TLKM,4540.0,3394.89,1.3373040069044948,0.3373040069044948
2022-03-21,TLKM,4550.0,3402.37,1.3373031151814765,0.3373031151814765
2022-03-22,TLKM,4550.0,3402.37,1.3373031151814765,0.3373031151814765
2022-03-23,TLKM,4550.0,3402.37,1.3373031151814765,0.3373031151814765
2022-03-24,TLKM,4560.0,3409.84,1.3373061492621354,0.3373061492621354
2022-03-25,TLKM,4520.0,3379.93,1.3373058021911697,0.3373058021911697
2022-03-28,TLKM,4600.0,3439.76,1.3373026025071515,0.3373026025071515
2022-03-29,TLKM,4560.0,3409.84,1.3373061492621354,0.3373061492621354
2022-03-30,TLKM,4580.0,3424.8,1.3373043681382855,0.33730436813828546
2022-03-31,TLKM,4580.0,3424.8,1.3373043681382855,0.33730436813828546
2022-04-01,TLKM,4580.0,3424.8,1.3373043681382855,0.33730436813828546
2022-04-04,TLKM,4540.0,3394.89,1.3373040069044948,0.3373040069044948
2022-04-05,TLKM,4520.0,3379.93,1.3373058021911697,0.3373058021911697
2022-04-06,TLKM,4430.0,3312.63,1.337306007613286,0.3373060076132861
2022-04-07,TLKM,4540.0,3394.89,1.3373040069044948,0.3373040069044948
2022-04-08,TLKM,4580.0,3424.8,1.3373043681382855,0.33730436813828546
2022-04-11,TLKM,4590.0,3432.28,1.3373034833987902,0.33730348339879024
2022-04-12,TLKM,4630.0,3462.19,1.3373038452540156,0.3373038452540156
2022-04-13,TLKM,4690.0,3507.05,1.3373062830584108,0.3373062830584108
2022-04-14,TLKM,4680.0,3499.58,1.3373033335428823,0.33730333354288233
2022-04-18,TLKM,4710.0,3522.01,1.3373045505265457,0.33730455052654573
2022-04-19,TLKM,4680.0,3499.58,1.3373033335428823,0.33730333354288233
2022-04-20,TLKM,4630.0,3462.19,1.3373038452540156,0.3373038452540156
2022-04-21,TLKM,4620.0,3454.71,1.3373047231171358,0.3373047231171358
2022-04-22,TLKM,4620.0,3454.71,1.3373047231171358,0.3373047231171358
2022-04-25,TLKM,4710.0,3522.01,1.3373045505265457,0.33730455052654573
2022-04-26,TLKM,4760.0,3559.4,1.3373040400067426,0.33730404000674263
2022-04-27,TLKM,4770.0,3566.88,1.3373031893419458,0.3373031893419458
2022-04-28,TLKM,4620.0,3454.71,1.3373047231171358,0.3373047231171358
2022-05-09,TLKM,4310.0,3222.9,1.3373049117254645,0.3373049117254645
2022-05-10,TLKM,4340.0,3245.33,1.337306221555281,0.3373062215552809
2022-05-11,TLKM,4330.0,3237.86,1.3373030334850795,0.3373030334850795
2022-05-12,TLKM,4300.0,3215.42,1.3373058573996555,0.33730585739965546
2022-05-13,TLKM,4260.0,3185.51,1.3373054864056304,0.3373054864056304
2022-05-17,TLKM,4180.0,3125.69,1.3373047231171358,0.3373047231171358
2022-05-18,TLKM,4250.0,3178.03,1.3373064445584213,0.3373064445584213
2022-05-19,TLKM,4210.0,3148.12,1.3373060747366683,0.3373060747366683
2022-05-20,TLKM,4170.0,3118.21,1.3373056978202238,0.3373056978202238
2022-05-23,TLKM,4110.0,3073.35,1.3373029430426082,0.3373029430426082
2022-05-24,TLKM,4150.0,3103.26,1.3373033519589077,0.3373033519589077
2022-05-25,TLKM,4200.0,3140.65,1.3373027876395014,0.3373027876395014
2022-05-27,TLKM,4300.0,3215.42,1.3373058573996555,0.33730585739965546
2022-05-30,TLKM,4250.0,3178.03,1.3373064445584213,0.3373064445584213
2022-05-31,TLKM,4310.0,3222.9,1.3373049117254645,0.3373049117254645
2022-06-02,TLKM,4290.0,3207.95,1.3373026387568385,0.3373026387568385
2022-06-03,TLKM,4310.0,3222.9,1.3373049117254645,0.3373049117254645
2022-06-06,TLKM,4340.0,3245.33,1.337306221555281,0.3373062215552809
2022-06-07,TLKM,4250.0,3178.03,1.3373064445584213,0.3373064445584213
2022-06-08,TLKM,4100.0,3178.01,1.2901155125377202,0.29011551253772017
2022-06-09,TLKM,4050.0,3139.25,1.2901170661782273,0.2901170661782273
2022-06-10,TLKM,4020.0,3116.0,1.2901155327342748,0.2901155327342748
2022-06-13,TLKM,4080.0,3162.51,1.2901144976616674,0.2901144976616674
2022-06-14,TLKM,4110.0,3185.76,1.2901160162724121,0.2901160162724121
2022-06-15,TLKM,4060.0,3147.0,1.290117572291071,0.29011757229107094
2022-06-16,TLKM,4040.0,3131.5,1.2901165575602747,0.29011655756027466
2022-06-17,TLKM,4120.0,3193.51,1.2901165175621807,0.2901165175621807
2022-06-20,TLKM,4040.0,3131.5,1.2901165575602747,0.29011655756027466
2022-06-21,TLKM,4110.0,3185.76,1.2901160162724121,0.2901160162724121
2022-06-22,TLKM,4050.0,3139.25,1.2901170661782273,0.2901170661782273
2022-06-23,TLKM,4160.0,3224.52,1.2901144976616674,0.2901144976616674
2022-06-24,TLKM,4150.0,3216.76,1.2901180069386586,0.29011800693865863
2022-06-27,TLKM,4070.0,3154.75,1.2901180759172677,0.2901180759172677
2022-06-28,TLKM,4030.0,3123.75,1.2901160464185675,0.2901160464185675
2022-06-29,TLKM,4040.0,3131.5,1.2901165575602747,0.29011655756027466
2022-06-30,TLKM,4000.0,3100.5,1.2901144976616674,0.2901144976616674
2022-07-01,TLKM,4020.0,3116.0,1.2901155327342748,0.2901155327342748
2022-07-04,TLKM,3990.0,3092.74,1.2901181476619439,0.2901181476619439
2022-07-05,TLKM,3990.0,3092.74,1.2901181476619439,0.2901181476619439
2022-07-06,TLKM,4020.0,3116.0,1.2901155327342748,0.2901155327342748
2022-07-07,TLKM,4040.0,3131.5,1.2901165575602747,0.29011655756027466
2022-07-08,TLKM,4010.0,3108.25,1.2901150164883777,0.2901150164883777
2022-07-11,TLKM,4040.0,3131.5,1.2901165575602747,0.29011655756027466
2022-07-12,TLKM,4010.0,3108.25,1.2901150164883777,0.2901150164883777
2022-07-13,TLKM,3940.0,3053.99,1.2901155537509947,0.29011555375099474
2022-07-14,TLKM,4020.0,3116.0,1.2901155327342748,0.2901155327342748
2022-07-15,TLKM,4150.0,3216.76,1.2901180069386586,0.29011800693865863
2022-07-18,TLKM,4190.0,3247.77,1.2901159872774242,0.29011598727742416
2022-07-19,TLKM,4160.0,3224.52,1.2901144976616674,0.2901144976616674
2022-07-20,TLKM,4210.0,3263.27,1.2901169685622091,0.29011696856220914
2022-07-21,TLKM,4260.0,3302.03,1.2901154744202807,0.29011547442028074
2022-07-22,TLKM,4230.0,3278.77,1.290117940569177,0.29011794056917695
2022-07-25,TLKM,4240.0,3286.53,1.2901144976616674,0.2901144976616674
2022-07-26,TLKM,4250.0,3294.28,1.290114987189917,0.2901149871899169
2022-07-27,TLKM,4300.0,3333.03,1.2901174006834621,0.29011740068346215
2022-07-28,TLKM,4240.0,3286.53,1.2901144976616674,0.2901144976616674
2022-07-29,TLKM,4230.0,3278.77,1.290117940569177,0.29011794056917695
2022-08-01,TLKM,4300.0,3333.03,1.2901174006834621,0.29011740068346215
2022-08-02,TLKM,4450.0,3449.3,1.290116835299916,0.29011683529991594
2022-08-03,TLKM,4500.0,3488.06,1.2901154223264508,0.2901154223264508
2022-08-04,TLKM,4550.0,3526.81,1.290117698430026,0.290117698430026
2022-08-05,TLKM,4650.0,3604.33,1.2901149450799456,0.2901149450799456
2022-08-08,TLKM,4700.0,3643.08,1.2901171536172689,0.29011715361726886
2022-08-09,TLKM,4640.0,3596.57,1.2901180847307294,0.2901180847307294
2022-08-10,TLKM,4560.0,3534.56,1.2901181476619439,0.2901181476619439
2022-08-11,TLKM,4570.0,3542.32,1.2901149529122156,0.29011495291221556
2022-08-12,TLKM,4550.0,3526.81,1.290117698430026,0.290117698430026
2022-08-15,TLKM,4450.0,3449.3,1.290116835299916,0.29011683529991594
2022-08-16,TLKM,4410.0,3418.3,1.2901149694292484,0.2901149694292484
2022-08-18,TLKM,4550.0,3526.81,1.290117698430026,0.290117698430026
2022-08-19,TLKM,4600.0,3565.57,1.2901163067896577,0.2901163067896577
2022-08-22,TLKM,4650.0,3604.33,1.2901149450799456,0.2901149450799456
2022-08-23,TLKM,4660.0,3612.08,1.2901153905782818,0.29011539057828184
2022-08-24,TLKM,4750.0,3681.84,1.2901158116593876,0.2901158116593876
2022-08-25,TLKM,4570.0,3542.32,1.2901149529122156,0.29011495291221556
2022-08-26,TLKM,4490.0,3480.31,1.290114961023587,0.2901149610235869
2022-08-29,TLKM,4520.0,3503.56,1.290116338809668,0.2901163388096679
2022-08-30,TLKM,4480.0,3472.55,1.2901182128407078,0.2901182128407078
2022-08-31,TLKM,4560.0,3534.56,1.2901181476619439,0.2901181476619439
2022-09-01,TLKM,4580.0,3550.07,1.2901154061750895,0.29011540617508946
2022-09-02,TLKM,4600.0,3565.57,1.2901163067896577,0.2901163067896577
2022-09-05,TLKM,4620.0,3581.07,1.2901171996079384,0.29011719960793836
2022-09-06,TLKM,4510.0,3495.81,1.2901158815839533,0.2901158815839533
2022-09-07,TLKM,4490.0,3480.31,1.290114961023587,0.2901149610235869
2022-09-08,TLKM,4560.0,3534.56,1.2901181476619439,0.2901181476619439
2022-09-09,TLKM,4600.0,3565.57,1.2901163067896577,0.2901163067896577
2022-09-12,TLKM,4540.0,3519.06,1.290117247219428,0.290117247219428
2022-09-13,TLKM,4520.0,3503.56,1.290116338809668,0.2901163388096679
2022-09-14,TLKM,4480.0,3472.55,1.2901182128407078,0.2901182128407078
2022-09-15,TLKM,4500.0,3488.06,1.2901154223264508,0.2901154223264508
2022-09-16,TLKM,4410.0,3418.3,1.2901149694292484,0.2901149694292484
2022-09-19,TLKM,4500.0,3488.06,1.2901154223264508,0.2901154223264508
2022-09-20,TLKM,4480.0,3472.55,1.2901182128407078,0.2901182128407078
2022-09-21,TLKM,4430.0,3433.8,1.2901159065758052,0.2901159065758052
2022-09-22,TLKM,4430.0,3433.8,1.2901159065758052,0.2901159065758052
2022-09-23,TLKM,4380.0,3395.04,1.290117347660116,0.290117347660116
2022-09-26,TLKM,4460.0,3457.05,1.2901172965389565,0.29011729653895646
2022-09-27,TLKM,4440.0,3441.55,1.2901163719835538,0.2901163719835538
2022-09-28,TLKM,4470.0,3464.8,1.2901177557146155,0.2901177557146155
2022-09-29,TLKM,4440.0,3441.55,1.2901163719835538,0.2901163719835538
2022-09-30,TLKM,4460.0,3457.05,1.2901172965389565,0.29011729653895646
2022-10-03,TLKM,4460.0,3457.05,1.2901172965389565,0.29011729653895646
2022-10-04,TLKM,4440.0,3441.55,1.2901163719835538,0.2901163719835538
2022-10-05,TLKM,4460.0,3457.05,1.2901172965389565,0.29011729653895646
2022-10-06,TLKM,4430.0,3433.8,1.2901159065758052,0.2901159065758052
2022-10-07,TLKM,4350.0,3371.79,1.2901159324868987,0.2901159324868987
2022-10-10,TLKM,4420.0,3426.05,1.2901154390624772,0.29011543906247717
2022-10-11,TLKM,4310.0,3340.78,1.2901178766635335,0.2901178766635335
2022-10-12,TLKM,4340.0,3364.04,1.2901154564155004,0.2901154564155004
2022-10-13,TLKM,4300.0,3333.03,1.2901174006834621,0.29011740068346215
2022-10-14,TLKM,4290.0,3325.28,1.290116922484723,0.2901169224847231
2022-10-17,TLKM,4330.0,3356.29,1.290114978145512,0.2901149781455119
2022-10-18,TLKM,4250.0,3294.28,1.290114987189917,0.2901149871899169
2022-10-19,TLKM,4200.0,3255.52,1.2901164790878261,0.2901164790878261
2022-10-20,TLKM,4350.0,3371.79,1.2901159324868987,0.2901159324868987
2022-10-21,TLKM,4360.0,3379.54,1.290116406374832,0.29011640637483205
2022-10-24,TLKM,4410.0,3418.3,1.2901149694292484,0.2901149694292484
2022-10-25,TLKM,4390.0,3402.79,1.2901178150870316,0.2901178150870316
2022-10-26,TLKM,4370.0,3387.29,1.2901168780942878,0.29011687809428777
2022-10-27,TLKM,4370.0,3387.29,1.2901168780942878,0.29011687809428777
2022-10-28,TLKM,4450.0,3449.3,1.290116835299916,0.29011683529991594
2022-10-31,TLKM,4390.0,3402.79,1.2901178150870316,0.2901178150870316
2022-11-01,TLKM,4420.0,3426.05,1.2901154390624772,0.29011543906247717
2022-11-02,TLKM,4220.0,3271.02,1.2901174557171768,0.29011745571717684
2022-11-03,TLKM,4130.0,3201.26,1.2901170164247826,0.2901170164247826
2022-11-04,TLKM,4210.0,3263.27,1.2901169685622091,0.29011696856220914
2022-11-07,TLKM,4280.0,3317.53,1.2901164420517675,0.29011644205176745
2022-11-08,TLKM,4220.0,3271.02,1.2901174557171768,0.29011745571717684
2022-11-09,TLKM,4190.0,3247.77,1.2901159872774242,0.29011598727742416
2022-11-10,TLKM,4170.0,3232.27,1.2901149965813499,0.29011499658134987
2022-11-11,TLKM,4150.0,3216.76,1.2901180069386586,0.29011800693865863
2022-11-14,TLKM,4050.0,3139.25,1.2901170661782273,0.2901170661782273
2022-11-15,TLKM,4050.0,3139.25,1.2901170661782273,0.2901170661782273
2022-11-16,TLKM,4050.0,3139.25,1.2901170661782273,0.2901170661782273
2022-11-17,TLKM,4040.0,3131.5,1.2901165575602747,0.29011655756027466
2022-11-18,TLKM,4010.0,3108.25,1.2901150164883777,0.2901150164883777
2022-11-21,TLKM,4030.0,3123.75,1.2901160464185675,0.2901160464185675
2022-11-22,TLKM,4000.0,3100.5,1.2901144976616674,0.2901144976616674
2022-11-23,TLKM,3970.0,3077.24,1.2901171179368527,0.2901171179368527
2022-11-24,TLKM,4030.0,3123.75,1.2901160464185675,0.2901160464185675
2022-11-25,TLKM,4030.0,3123.75,1.2901160464185675,0.2901160464185675
2022-11-28,TLKM,3980.0,3084.99,1.2901176340928173,0.2901176340928173
2022-11-29,TLKM,3980.0,3084.99,1.2901176340928173,0.2901176340928173
2022-11-30,TLKM,4040.0,3131.5,1.2901165575602747,0.29011655756027466
2022-12-01,TLKM,3960.0,3069.49,1.2901165991744559,0.29011659917445587
2022-12-02,TLKM,4000.0,3100.5,1.2901144976616674,0.2901144976616674
2022-12-05,TLKM,3840.0,2976.48,1.2901144976616674,0.2901144976616674
2022-12-06,TLKM,3600.0,2790.45,1.2901144976616676,0.29011449766166764
2022-12-07,TLKM,3680.0,2852.46,1.2901144976616674,0.2901144976616674
2022-12-08,TLKM,3740.0,2898.96,1.290117835361647,0.2901178353616469
2022-12-09,TLKM,3650.0,2829.2,1.290117347660116,0.290117347660116
2022-12-12,TLKM,3700.0,2867.96,1.2901156222541459,0.2901156222541459
2022-12-13,TLKM,3750.0,2906.71,1.2901183812626646,0.29011838126266465
2022-12-14,TLKM,3750.0,2906.71,1.2901183812626646,0.29011838126266465
2022-12-15,TLKM,3670.0,2844.7,1.2901184659190776,0.29011846591907764
2022-12-16,TLKM,3680.0,2852.46,1.2901144976616674,0.2901144976616674
2022-12-19,TLKM,3720.0,2883.46,1.290116734756161,0.29011673475616107
2022-12-20,TLKM,3720.0,2883.46,1.290116734756161,0.29011673475616107
2022-12-21,TLKM,3790.0,2937.72,1.2901161444930083,0.29011614449300827
2022-12-22,TLKM,3750.0,2906.71,1.2901183812626646,0.29011838126266465
2022-12-23,TLKM,3780.0,2929.97,1.2901155984532267,0.29011559845322665
2022-12-26,TLKM,3750.0,2906.71,1.2901183812626646,0.29011838126266465
2022-12-27,TLKM,3810.0,2953.22,1.2901172279748885,0.2901172279748885
2022-12-28,TLKM,3730.0,2891.21,1.2901172865340116,0.2901172865340116
2022-12-29,TLKM,3780.0,2929.97,1.2901155984532267,0.29011559845322665
2022-12-30,TLKM,3750.0,2906.71,1.2901183812626646,0.29011838126266465
2023-01-02,TLKM,3800.0,2945.47,1.290116687659355,0.29011668765935505
2023-01-03,TLKM,3860.0,2991.98,1.2901155756388747,0.2901155756388747
2023-01-04,TLKM,3820.0,2960.97,1.290117765461994,0.29011776546199397
2023-01-05,TLKM,3770.0,2922.22,1.290115049517148,0.29011504951714806
2023-01-06,TLKM,3710.0,2875.71,1.2901161800042424,0.29011618000424244
2023-01-09,TLKM,3790.0,2937.72,1.2901161444930083,0.29011614449300827
2023-01-10,TLKM,3830.0,2968.72,1.2901183001428227,0.2901183001428227
2023-01-11,TLKM,3870.0,2999.73,1.2901161104499406,0.29011611044994057
2023-01-12,TLKM,3860.0,2991.98,1.2901155756388747,0.2901155756388747
2023-01-13,TLKM,3780.0,2929.97,1.2901155984532267,0.29011559845322665
2023-01-16,TLKM,3850.0,2984.23,1.2901150380500161,0.29011503805001615
2023-01-17,TLKM,3950.0,3061.74,1.2901160777858343,0.29011607778583426
2023-01-18,TLKM,3930.0,3046.24,1.2901150270497401,0.2901150270497401
2023-01-19,TLKM,3890.0,3015.23,1.2901171718243716,0.2901171718243716
2023-01-20,TLKM,3870.0,2999.73,1.2901161104499406,0.29011611044994057
2023-01-24,TLKM,3850.0,2984.23,1.2901150380500161,0.29011503805001615
2023-01-25,TLKM,3840.0,2976.48,1.2901144976616674,0.2901144976616674
2023-01-26,TLKM,3970.0,3077.24,1.2901171179368527,0.2901171179368527
2023-01-27,TLKM,3960.0,3069.49,1.2901165991744559,0.29011659917445587
2023-01-30,TLKM,3960.0,3069.49,1.2901165991744559,0.29011659917445587
2023-01-31,TLKM,3850.0,2984.23,1.2901150380500161,0.29011503805001615
2023-02-01,TLKM,3870.0,2999.73,1.2901161104499406,0.29011611044994057
2023-02-02,TLKM,3890.0,3015.23,1.2901171718243716,0.2901171718243716
2023-02-03,TLKM,3880.0,3007.48,1.2901166425046884,0.2901166425046884
2023-02-06,TLKM,3880.0,3007.48,1.2901166425046884,0.2901166425046884
2023-02-07,TLKM,3800.0,2945.47,1.290116687659355,0.29011668765935505
2023-02-08,TLKM,3840.0,2976.48,1.2901144976616674,0.2901144976616674
2023-02-09,TLKM,3770.0,2922.22,1.290115049517148,0.29011504951714806
2023-02-10,TLKM,3800.0,2945.47,1.290116687659355,0.29011668765935505
2023-02-13,TLKM,3790.0,2937.72,1.2901161444930083,0.29011614449300827
2023-02-14,TLKM,3800.0,2945.47,1.290116687659355,0.29011668765935505
2023-02-15,TLKM,3790.0,2937.72,1.2901161444930083,0.29011614449300827
2023-02-16,TLKM,3770.0,2922.22,1.290115049517148,0.29011504951714806
2023-02-17,TLKM,3760.0,2914.47,1.2901144976616676,0.29011449766166764
2023-02-20,TLKM,3820.0,2960.97,1.290117765461994,0.29011776546199397
2023-02-21,TLKM,3840.0,2976.48,1.2901144976616674,0.2901144976616674
2023-02-22,TLKM,3860.0,2991.98,1.2901155756388747,0.2901155756388747
2023-02-23,TLKM,3970.0,3077.24,1.2901171179368527,0.2901171179368527
2023-02-24,TLKM,4040.0,3131.5,1.2901165575602747,0.29011655756027466
2023-02-27,TLKM,3960.0,3069.49,1.2901165991744559,0.29011659917445587
2023-02-28,TLKM,3880.0,3007.48,1.2901166425046884,0.2901166425046884
2023-03-01,TLKM,3930.0,3046.24,1.2901150270497401,0.2901150270497401
2023-03-02,TLKM,3880.0,3007.48,1.2901166425046884,0.2901166425046884
2023-03-03,TLKM,3900.0,3022.98,1.290117698430026,0.290117698430026
2023-03-06,TLKM,3880.0,3007.48,1.2901166425046884,0.2901166425046884
2023-03-07,TLKM,3880.0,3007.48,1.2901166425046884,0.2901166425046884
2023-03-08,TLKM,3940.0,3053.99,1.2901155537509947,0.29011555375099474
2023-03-09,TLKM,3970.0,3077.24,1.2901171179368527,0.2901171179368527
2023-03-10,TLKM,4010.0,3108.25,1.2901150164883777,0.2901150164883777
2023-03-13,TLKM,4070.0,3154.75,1.2901180759172677,0.2901180759172677
2023-03-14,TLKM,4020.0,3116.0,1.2901155327342748,0.2901155327342748
2023-03-15,TLKM,4010.0,3108.25,1.2901150164883777,0.2901150164883777
2023-03-16,TLKM,4050.0,3139.25,1.2901170661782273,0.2901170661782273
2023-03-17,TLKM,4050.0,3139.25,1.2901170661782273,0.2901170661782273
2023-03-20,TLKM,3990.0,3092.74,1.2901181476619439,0.2901181476619439
2023-03-21,TLKM,4120.0,3193.51,1.2901165175621807,0.2901165175621807
2023-03-24,TLKM,4070.0,3154.75,1.2901180759172677,0.2901180759172677
2023-03-27,TLKM,4050.0,3139.25,1.2901170661782273,0.2901170661782273
2023-03-28,TLKM,4050.0,3139.25,1.2901170661782273,0.2901170661782273
2023-03-29,TLKM,4100.0,3178.01,1.2901155125377202,0.29011551253772017
2023-03-30,TLKM,4090.0,3170.26,1.2901150063401738,0.29011500634017384
2023-03-31,TLKM,4060.0,3147.0,1.290117572291071,0.29011757229107094
2023-04-03,TLKM,4080.0,3162.51,1.2901144976616674,0.2901144976616674
2023-04-04,TLKM,4060.0,3147.0,1.290117572291071,0.29011757229107094
2023-04-05,TLKM,4150.0,3216.76,1.2901180069386586,0.29011800693865863
2023-04-06,TLKM,4250.0,3294.28,1.290114987189917,0.2901149871899169
2023-04-10,TLKM,4300.0,3333.03,1.2901174006834621,0.29011740068346215
2023-04-11,TLKM,4300.0,3333.03,1.2901174006834621,0.29011740068346215
2023-04-12,TLKM,4310.0,3340.78,1.2901178766635335,0.2901178766635335
2023-04-13,TLKM,4340.0,3364.04,1.2901154564155004,0.2901154564155004
2023-04-14,TLKM,4340.0,3364.04,1.2901154564155004,0.2901154564155004
2023-04-17,TLKM,4270.0,3309.78,1.2901159593689007,0.29011595936890067
2023-04-18,TLKM,4270.0,3309.78,1.2901159593689007,0.29011595936890067
2023-04-26,TLKM,4400.0,3410.55,1.2901144976616674,0.2901144976616674
2023-04-27,TLKM,4320.0,3348.54,1.2901144976616674,0.2901144976616674
2023-04-28,TLKM,4250.0,3294.28,1.290114987189917,0.2901149871899169
2023-05-02,TLKM,4190.0,3247.77,1.2901159872774242,0.29011598727742416
2023-05-03,TLKM,4150.0,3216.76,1.2901180069386586,0.29011800693865863
2023-05-04,TLKM,4150.0,3216.76,1.2901180069386586,0.29011800693865863
2023-05-05,TLKM,4170.0,3232.27,1.2901149965813499,0.29011499658134987
2023-05-08,TLKM,4060.0,3147.0,1.290117572291071,0.29011757229107094
2023-05-09,TLKM,4070.0,3154.75,1.2901180759172677,0.2901180759172677
2023-05-10,TLKM,4130.0,3201.26,1.2901170164247826,0.2901170164247826
2023-05-11,TLKM,4090.0,3170.26,1.2901150063401738,0.29011500634017384
2023-05-12,TLKM,3980.0,3084.99,1.2901176340928173,0.2901176340928173
2023-05-15,TLKM,3980.0,3084.99,1.2901176340928173,0.2901176340928173
2023-05-16,TLKM,3980.0,3084.99,1.2901176340928173,0.2901176340928173
2023-05-17,TLKM,3990.0,3092.74,1.2901181476619439,0.2901181476619439
2023-05-19,TLKM,4020.0,3116.0,1.2901155327342748,0.2901155327342748
2023-05-22,TLKM,4040.0,3131.5,1.2901165575602747,0.29011655756027466
2023-05-23,TLKM,4040.0,3131.5,1.2901165575602747,0.29011655756027466
2023-05-24,TLKM,4160.0,3224.52,1.2901144976616674,0.2901144976616674
2023-05-25,TLKM,4120.0,3193.51,1.2901165175621807,0.2901165175621807
2023-05-26,TLKM,4130.0,3201.26,1.2901170164247826,0.2901170164247826
2023-05-29,TLKM,4200.0,3255.52,1.2901164790878261,0.2901164790878261
2023-05-30,TLKM,4120.0,3193.51,1.2901165175621807,0.2901165175621807
2023-05-31,TLKM,4040.0,3131.5,1.2901165575602747,0.29011655756027466
2023-06-05,TLKM,4080.0,3162.51,1.2901144976616674,0.2901144976616674
2023-06-06,TLKM,4090.0,3170.26,1.2901150063401738,0.29011500634017384
2023-06-07,TLKM,4150.0,3216.76,1.2901180069386586,0.29011800693865863
2023-06-08,TLKM,4170.0,3232.27,1.2901149965813499,0.29011499658134987
2023-06-09,TLKM,4150.0,3216.76,1.2901180069386586,0.29011800693865863
2023-06-12,TLKM,4050.0,3271.37,1.2380134316815279,0.2380134316815279
2023-06-13,TLKM,4030.0,3255.21,1.2380153661361326,0.2380153661361326
2023-06-14,TLKM,4000.0,3230.98,1.2380144723891822,0.23801447238918216
2023-06-15,TLKM,4020.0,3247.13,1.2380163405838387,0.2380163405838387
2023-06-16,TLKM,3970.0,3206.75,1.238013565136041,0.2380135651360411
2023-06-19,TLKM,3960.0,3198.67,1.2380145497972594,0.23801454979725944
2023-06-20,TLKM,3990.0,3222.9,1.2380154519221818,0.23801545192218176
2023-06-21,TLKM,3980.0,3214.82,1.2380164363790196,0.2380164363790196
2023-06-22,TLKM,3940.0,3182.51,1.2380165341192957,0.2380165341192957
2023-06-23,TLKM,3950.0,3190.59,1.2380155394456824,0.23801553944568243
2023-06-26,TLKM,3990.0,3222.9,1.2380154519221818,0.23801545192218176
2023-06-27,TLKM,4000.0,3230.98,1.2380144723891822,0.23801447238918216
2023-07-03,TLKM,4000.0,3230.98,1.2380144723891822,0.23801447238918216
2023-07-04,TLKM,3970.0,3206.75,1.238013565136041,0.2380135651360411
2023-07-05,TLKM,3980.0,3214.82,1.2380164363790196,0.2380164363790196
2023-07-06,TLKM,3960.0,3198.67,1.2380145497972594,0.23801454979725944
2023-07-07,TLKM,3960.0,3198.67,1.2380145497972594,0.23801454979725944
2023-07-10,TLKM,3950.0,3190.59,1.2380155394456824,0.23801553944568243
2023-07-11,TLKM,3980.0,3214.82,1.2380164363790196,0.2380164363790196
2023-07-12,TLKM,3980.0,3214.82,1.2380164363790196,0.2380164363790196
2023-07-13,TLKM,3920.0,3166.36,1.2380146287851033,0.23801462878510327
2023-07-14,TLKM,3930.0,3174.44,1.2380136339007826,0.23801363390078256
2023-07-17,TLKM,3910.0,3158.28,1.238015628759958,0.23801562875995796
2023-07-18,TLKM,3850.0,3109.82,1.2380137757169225,0.2380137757169225
2023-07-20,TLKM,3850.0,3109.82,1.2380137757169225,0.2380137757169225
2023-07-21,TLKM,3860.0,3117.9,1.2380127650020847,0.23801276500208468
2023-07-24,TLKM,3900.0,3150.21,1.238012703914977,0.2380127039149771
2023-07-25,TLKM,3880.0,3134.05,1.238014709401573,0.238014709401573
2023-07-26,TLKM,3880.0,3134.05,1.238014709401573,0.238014709401573
2023-07-27,TLKM,3720.0,3004.81,1.2380150492044422,0.23801504920444216
2023-07-28,TLKM,3720.0,3004.81,1.2380150492044422,0.23801504920444216
2023-07-31,TLKM,3720.0,3004.81,1.2380150492044422,0.23801504920444216
2023-08-01,TLKM,3750.0,3029.04,1.2380160050709135,0.23801600507091347
2023-08-02,TLKM,3690.0,2980.58,1.2380140777969388,0.23801407779693884
2023-08-03,TLKM,3720.0,3004.81,1.2380150492044422,0.23801504920444216
2023-08-04,TLKM,3690.0,2980.58,1.2380140777969388,0.23801407779693884
2023-08-07,TLKM,3680.0,2972.5,1.2380151387720775,0.23801513877207747
2023-08-08,TLKM,3730.0,3012.89,1.2380139998473227,0.23801399984732274
2023-08-09,TLKM,3770.0,3045.2,1.2380139235518193,0.23801392355181927
2023-08-10,TLKM,3800.0,3069.43,1.238014875726112,0.23801487572611202
2023-08-11,TLKM,3810.0,3077.51,1.23801384885833,0.2380138488583301
2023-08-14,TLKM,3830.0,3093.66,1.2380158129852668,0.23801581298526675
2023-08-15,TLKM,3820.0,3085.59,1.2380128273685096,0.2380128273685096
2023-08-16,TLKM,3830.0,3093.66,1.2380158129852668,0.23801581298526675
2023-08-18,TLKM,3760.0,3037.12,1.238014961542514,0.238014961542514
2023-08-21,TLKM,3740.0,3020.97,1.2380129561035034,0.23801295610350337
2023-08-22,TLKM,3750.0,3029.04,1.2380160050709135,0.23801600507091347
2023-08-23,TLKM,3740.0,3020.97,1.2380129561035034,0.23801295610350337
2023-08-24,TLKM,3720.0,3004.81,1.2380150492044422,0.23801504920444216
2023-08-25,TLKM,3720.0,3004.81,1.2380150492044422,0.23801504920444216
2023-08-28,TLKM,3700.0,2988.66,1.238013022558605,0.23801302255860501
2023-08-29,TLKM,3720.0,3004.81,1.2380150492044422,0.23801504920444216
2023-08-30,TLKM,3810.0,3077.51,1.23801384885833,0.2380138488583301
2023-08-31,TLKM,3730.0,3012.89,1.2380139998473227,0.23801399984732274
2023-09-01,TLKM,3720.0,3004.81,1.2380150492044422,0.23801504920444216
2023-09-04,TLKM,3730.0,3012.89,1.2380139998473227,0.23801399984732274
2023-09-05,TLKM,3740.0,3020.97,1.2380129561035034,0.23801295610350337
2023-09-06,TLKM,3790.0,3061.35,1.2380159080144382,0.23801590801443817
2023-09-07,TLKM,3760.0,3037.12,1.238014961542514,0.238014961542514
2023-09-08,TLKM,3690.0,2980.58,1.2380140777969388,0.23801407779693884
2023-09-11,TLKM,3700.0,2988.66,1.238013022558605,0.23801302255860501
2023-09-12,TLKM,3710.0,2996.73,1.2380161042202666,0.23801610422026664
2023-09-13,TLKM,3710.0,2996.73,1.2380161042202666,0.23801610422026664
2023-09-14,TLKM,3680.0,2972.5,1.2380151387720775,0.23801513877207747
2023-09-15,TLKM,3720.0,3004.81,1.2380150492044422,0.23801504920444216
2023-09-18,TLKM,3680.0,2972.5,1.2380151387720775,0.23801513877207747
2023-09-19,TLKM,3730.0,3012.89,1.2380139998473227,0.23801399984732274
2023-09-20,TLKM,3810.0,3077.51,1.23801384885833,0.2380138488583301
2023-09-21,TLKM,3810.0,3077.51,1.23801384885833,0.2380138488583301
2023-09-22,TLKM,3860.0,3117.9,1.2380127650020847,0.23801276500208468
2023-09-25,TLKM,3770.0,3045.2,1.2380139235518193,0.23801392355181927
2023-09-26,TLKM,3760.0,3037.12,1.238014961542514,0.238014961542514
2023-09-27,TLKM,3720.0,3004.81,1.2380150492044422,0.23801504920444216
2023-09-29,TLKM,3750.0,3029.04,1.2380160050709135,0.23801600507091347
2023-10-02,TLKM,3750.0,3029.04,1.2380160050709135,0.23801600507091347
2023-10-03,TLKM,3770.0,3045.2,1.2380139235518193,0.23801392355181927
2023-10-04,TLKM,3780.0,3053.28,1.2380128910548656,0.23801289105486556
2023-10-05,TLKM,3720.0,3004.81,1.2380150492044422,0.23801504920444216
2023-10-06,TLKM,3780.0,3053.28,1.2380128910548656,0.23801289105486556
2023-10-09,TLKM,3760.0,3037.12,1.238014961542514,0.238014961542514
2023-10-10,TLKM,3810.0,3077.51,1.23801384885833,0.2380138488583301
2023-10-11,TLKM,3780.0,3053.28,1.2380128910548656,0.23801289105486556
2023-10-12,TLKM,3830.0,3093.66,1.2380158129852668,0.23801581298526675
2023-10-13,TLKM,3850.0,3109.82,1.2380137757169225,0.2380137757169225
2023-10-16,TLKM,3760.0,3037.12,1.238014961542514,0.238014961542514
2023-10-17,TLKM,3790.0,3061.35,1.2380159080144382,0.23801590801443817
2023-10-18,TLKM,3750.0,3029.04,1.2380160050709135,0.23801600507091347
2023-10-19,TLKM,3730.0,3012.89,1.2380139998473227,0.23801399984732274
2023-10-20,TLKM,3700.0,2988.66,1.238013022558605,0.23801302255860501
2023-10-23,TLKM,3610.0,2915.96,1.2380142388784483,0.2380142388784483
2023-10-24,TLKM,3650.0,2948.27,1.2380141574550498,0.23801415745504984
2023-10-25,TLKM,3600.0,2907.88,1.2380153238785645,0.2380153238785645
2023-10-26,TLKM,3480.0,2810.95,1.2380156174958645,0.23801561749586453
2023-10-27,TLKM,3500.0,2827.11,1.2380133776188404,0.23801337761884045
2023-10-30,TLKM,3420.0,2762.49,1.2380135312707015,0.23801353127070146
2023-10-31,TLKM,3490.0,2819.03,1.2380144943473463,0.23801449434734634
2023-11-01,TLKM,3620.0,2924.04,1.238013159874694,0.23801315987469396
2023-11-02,TLKM,3620.0,2924.04,1.238013159874694,0.23801315987469396
2023-11-03,TLKM,3570.0,2883.65,1.2380143221264717,0.23801432212647167
2023-11-06,TLKM,3650.0,2948.27,1.2380141574550498,0.23801415745504984
2023-11-07,TLKM,3570.0,2883.65,1.2380143221264717,0.23801432212647167
2023-11-08,TLKM,3520.0,2843.26,1.238015517399042,0.23801551739904192
2023-11-09,TLKM,3530.0,2851.34,1.2380144072611474,0.23801440726114742
2023-11-10,TLKM,3550.0,2867.49,1.2380165231613711,0.23801652316137112
2023-11-13,TLKM,3520.0,2843.26,1.238015517399042,0.23801551739904192
2023-11-14,TLKM,3500.0,2827.11,1.2380133776188404,0.23801337761884045
2023-11-15,TLKM,3550.0,2867.49,1.2380165231613711,0.23801652316137112
2023-11-16,TLKM,3540.0,2859.42,1.2380133033971925,0.2380133033971925
2023-11-17,TLKM,3550.0,2867.49,1.2380165231613711,0.23801652316137112
2023-11-20,TLKM,3590.0,2899.8,1.2380164149251671,0.23801641492516712
2023-11-21,TLKM,3620.0,2924.04,1.238013159874694,0.23801315987469396
2023-11-22,TLKM,3610.0,2915.96,1.2380142388784483,0.2380142388784483
2023-11-23,TLKM,3600.0,2907.88,1.2380153238785645,0.2380153238785645
2023-11-24,TLKM,3620.0,2924.04,1.238013159874694,0.23801315987469396
2023-11-27,TLKM,3680.0,2972.5,1.2380151387720775,0.23801513877207747
2023-11-28,TLKM,3770.0,3045.2,1.2380139235518193,0.23801392355181927
2023-11-29,TLKM,3720.0,3004.81,1.2380150492044422,0.23801504920444216
2023-11-30,TLKM,3760.0,3037.12,1.238014961542514,0.238014961542514
2023-12-01,TLKM,3830.0,3093.66,1.2380158129852668,0.23801581298526675
2023-12-04,TLKM,3810.0,3077.51,1.23801384885833,0.2380138488583301
2023-12-05,TLKM,3850.0,3109.82,1.2380137757169225,0.2380137757169225
2023-12-06,TLKM,3920.0,3166.36,1.2380146287851033,0.23801462878510327
2023-12-07,TLKM,3910.0,3158.28,1.238015628759958,0.23801562875995796
2023-12-08,TLKM,3940.0,3182.51,1.2380165341192957,0.2380165341192957
2023-12-11,TLKM,3980.0,3214.82,1.2380164363790196,0.2380164363790196
2023-12-12,TLKM,3910.0,3158.28,1.238015628759958,0.23801562875995796
2023-12-13,TLKM,3920.0,3166.36,1.2380146287851033,0.23801462878510327
2023-12-14,TLKM,3940.0,3182.51,1.2380165341192957,0.2380165341192957
2023-12-15,TLKM,3980.0,3214.82,1.2380164363790196,0.2380164363790196
2023-12-18,TLKM,3970.0,3206.75,1.238013565136041,0.2380135651360411
2023-12-19,TLKM,3970.0,3206.75,1.238013565136041,0.2380135651360411
2023-12-20,TLKM,3960.0,3198.67,1.2380145497972594,0.23801454979725944
2023-12-21,TLKM,3950.0,3190.59,1.2380155394456824,0.23801553944568243
2023-12-22,TLKM,3960.0,3198.67,1.2380145497972594,0.23801454979725944
2023-12-27,TLKM,3940.0,3182.51,1.2380165341192957,0.2380165341192957
2023-12-28,TLKM,3960.0,3198.67,1.2380145497972594,0.23801454979725944
2023-12-29,TLKM,3950.0,3190.59,1.2380155394456824,0.23801553944568243
2024-01-02,TLKM,3990.0,3222.9,1.2380154519221818,0.23801545192218176
2024-01-03,TLKM,3960.0,3198.67,1.2380145497972594,0.23801454979725944
2024-01-04,TLKM,3970.0,3206.75,1.238013565136041,0.2380135651360411
2024-01-05,TLKM,3890.0,3142.13,1.2380137040797166,0.23801370407971656
2024-01-08,TLKM,3890.0,3142.13,1.2380137040797166,0.23801370407971656
2024-01-09,TLKM,3960.0,3198.67,1.2380145497972594,0.23801454979725944
2024-01-10,TLKM,4000.0,3230.98,1.2380144723891822,0.23801447238918216
2024-01-11,TLKM,3990.0,3222.9,1.2380154519221818,0.23801545192218176
2024-01-12,TLKM,4010.0,3239.06,1.2380134977431725,0.2380134977431725
2024-01-15,TLKM,4000.0,3230.98,1.2380144723891822,0.23801447238918216
2024-01-16,TLKM,4010.0,3239.06,1.2380134977431725,0.2380134977431725
2024-01-17,TLKM,3990.0,3222.9,1.2380154519221818,0.23801545192218176
2024-01-18,TLKM,3950.0,3190.59,1.2380155394456824,0.23801553944568243
2024-01-19,TLKM,3940.0,3182.51,1.2380165341192957,0.2380165341192957
2024-01-22,TLKM,3980.0,3214.82,1.2380164363790196,0.2380164363790196
2024-01-23,TLKM,3950.0,3190.59,1.2380155394456824,0.23801553944568243
2024-01-24,TLKM,3970.0,3206.75,1.238013565136041,0.2380135651360411
2024-01-25,TLKM,3980.0,3214.82,1.2380164363790196,0.2380164363790196
2024-01-26,TLKM,3980.0,3214.82,1.2380164363790196,0.2380164363790196
2024-01-29,TLKM,4010.0,3239.06,1.2380134977431725,0.2380134977431725
2024-01-30,TLKM,4000.0,3230.98,1.2380144723891822,0.23801447238918216
2024-01-31,TLKM,3960.0,3198.67,1.2380145497972594,0.23801454979725944
2024-02-01,TLKM,4040.0,3263.29,1.2380143965139476,0.23801439651394762
2024-02-02,TLKM,3990.0,3222.9,1.2380154519221818,0.23801545192218176
2024-02-05,TLKM,3980.0,3214.82,1.2380164363790196,0.2380164363790196
2024-02-06,TLKM,3980.0,3214.82,1.2380164363790196,0.2380164363790196
2024-02-07,TLKM,3980.0,3214.82,1.2380164363790196,0.2380164363790196
2024-02-12,TLKM,4000.0,3230.98,1.2380144723891822,0.23801447238918216
2024-02-13,TLKM,3980.0,3214.82,1.2380164363790196,0.2380164363790196
2024-02-15,TLKM,4030.0,3255.21,1.2380153661361326,0.2380153661361326
2024-02-16,TLKM,4160.0,3360.22,1.2380141776431306,0.2380141776431306
2024-02-19,TLKM,4160.0,3360.22,1.2380141776431306,0.2380141776431306
2024-02-20,TLKM,4210.0,3400.61,1.238013179988296,0.23801317998829608
2024-02-21,TLKM,4180.0,3376.37,1.2380159757372564,0.2380159757372564
2024-02-22,TLKM,4090.0,3303.68,1.2380133669120497,0.23801336691204966
2024-02-23,TLKM,4100.0,3311.75,1.2380161546010418,0.23801615460104175
2024-02-26,TLKM,4090.0,3303.68,1.2380133669120497,0.23801336691204966
2024-02-27,TLKM,3990.0,3222.9,1.2380154519221818,0.23801545192218176
2024-02-28,TLKM,3990.0,3222.9,1.2380154519221818,0.23801545192218176
2024-02-29,TLKM,4000.0,3230.98,1.2380144723891822,0.23801447238918216
2024-03-01,TLKM,3920.0,3166.36,1.2380146287851033,0.23801462878510327
2024-03-04,TLKM,3940.0,3182.51,1.2380165341192957,0.2380165341192957
2024-03-05,TLKM,3870.0,3125.97,1.2380157199205368,0.23801571992053683
2024-03-06,TLKM,3900.0,3150.21,1.238012703914977,0.2380127039149771
2024-03-07,TLKM,3900.0,3150.21,1.238012703914977,0.2380127039149771
2024-03-08,TLKM,3860.0,3117.9,1.2380127650020847,0.23801276500208468
2024-03-13,TLKM,3900.0,3150.21,1.238012703914977,0.2380127039149771
2024-03-14,TLKM,3960.0,3198.67,1.2380145497972594,0.23801454979725944
2024-03-15,TLKM,3970.0,3206.75,1.238013565136041,0.2380135651360411
2024-03-18,TLKM,3920.0,3166.36,1.2380146287851033,0.23801462878510327
2024-03-19,TLKM,3940.0,3182.51,1.2380165341192957,0.2380165341192957
2024-03-20,TLKM,3930.0,3174.44,1.2380136339007826,0.23801363390078256
2024-03-21,TLKM,3890.0,3142.13,1.2380137040797166,0.23801370407971656
2024-03-22,TLKM,3900.0,3150.21,1.238012703914977,0.2380127039149771
2024-03-25,TLKM,3730.0,3012.89,1.2380139998473227,0.23801399984732274
2024-03-26,TLKM,3620.0,2924.04,1.238013159874694,0.23801315987469396
2024-03-27,TLKM,3490.0,2819.03,1.2380144943473463,0.23801449434734634
2024-03-28,TLKM,3470.0,2802.87,1.2380167471199164,0.23801674711991638
2024-04-01,TLKM,3510.0,2835.18,1.2380166338645167,0.23801663386451666
2024-04-02,TLKM,3490.0,2819.03,1.2380144943473463,0.23801449434734634
2024-04-03,TLKM,3420.0,2762.49,1.2380135312707015,0.23801353127070146
2024-04-04,TLKM,3450.0,2786.72,1.2380145834529483,0.23801458345294835
2024-04-05,TLKM,3430.0,2770.56,1.238016863016863,0.2380168630168631
2024-04-16,TLKM,3220.0,2600.94,1.238013948803125,0.238013948803125
2024-04-17,TLKM,3200.0,2584.78,1.2380163882419393,0.23801638824193927
2024-04-18,TLKM,3250.0,2625.17,1.2380150618817067,0.23801506188170674
2024-04-19,TLKM,3150.0,2544.4,1.2380128910548656,0.23801289105486556
2024-04-22,TLKM,3170.0,2560.55,1.2380152701568021,0.23801527015680213
2024-04-23,TLKM,3100.0,2504.01,1.2380142251828066,0.23801422518280657
2024-04-24,TLKM,3040.0,2455.54,1.238016892414703,0.23801689241470303
2024-04-25,TLKM,3040.0,2455.54,1.238016892414703,0.23801689241470303
2024-04-26,TLKM,3030.0,2447.47,1.2380131319280727,0.23801313192807272
2024-04-29,TLKM,3080.0,2487.85,1.238016761460699,0.23801676146069894
2024-04-30,TLKM,3170.0,2560.55,1.2380152701568021,0.23801527015680213
2024-05-02,TLKM,3120.0,2520.16,1.2380166338645167,0.23801663386451666
2024-05-03,TLKM,3160.0,2552.47,1.2380165094986426,0.23801650949864261
2024-05-06,TLKM,3050.0,2463.62,1.2380156030556662,0.23801560305566616
2024-05-07,TLKM,3090.0,2495.93,1.2380154892164446,0.23801548921644455
2024-05-08,TLKM,3080.0,2487.85,1.238016761460699,0.23801676146069894
2024-05-13,TLKM,3090.0,2495.93,1.2380154892164446,0.23801548921644455
2024-05-14,TLKM,3120.0,2520.16,1.2380166338645167,0.23801663386451666
2024-05-15,TLKM,3100.0,2504.01,1.2380142251828066,0.23801422518280657
2024-05-16,TLKM,3010.0,2579.87,1.1667254551585933,0.16672545515859327
2024-05-17,TLKM,2990.0,2562.72,1.1667291003308986,0.1667291003308986
2024-05-20,TLKM,2990.0,2562.72,1.1667291003308986,0.1667291003308986
2024-05-21,TLKM,2950.0,2528.44,1.166727310120074,0.1667273101200739
2024-05-22,TLKM,2940.0,2519.87,1.1667268549568033,0.16672685495680328
2024-05-27,TLKM,2810.0,2408.45,1.1667254873466337,0.16672548734663373
2024-05-28,TLKM,2860.0,2451.3,1.1667278586872272,0.16672785868722717
2024-05-29,TLKM,2810.0,2408.45,1.1667254873466337,0.16672548734663373
2024-05-30,TLKM,2810.0,2408.45,1.1667254873466337,0.16672548734663373
2024-05-31,TLKM,2900.0,2485.59,1.1667250029168124,0.16672500291681236
2024-06-03,TLKM,2930.0,2511.3,1.1667263966869748,0.16672639668697475
2024-06-04,TLKM,3000.0,2571.29,1.166729540425234,0.16672954042523402
2024-06-05,TLKM,3060.0,2622.72,1.1667276720351392,0.16672767203513916
2024-06-06,TLKM,3050.0,2614.15,1.1667272344739208,0.1667272344739208
2024-06-07,TLKM,3050.0,2614.15,1.1667272344739208,0.1667272344739208
2024-06-10,TLKM,3010.0,2579.87,1.1667254551585933,0.16672545515859327
2024-06-11,TLKM,2880.0,2468.44,1.1667287841713794,0.16672878417137937
2024-06-12,TLKM,2920.0,2502.73,1.1667259352786756,0.16672593527867563
2024-06-13,TLKM,2840.0,2434.16,1.1667269201695862,0.16672692016958623
2024-06-14,TLKM,2720.0,2331.31,1.1667260038347538,0.16672600383475378
2024-06-19,TLKM,2830.0,2425.59,1.1667264459368647,0.1667264459368647
2024-06-20,TLKM,2840.0,2434.16,1.1667269201695862,0.16672692016958623
2024-06-21,TLKM,2950.0,2528.44,1.166727310120074,0.1667273101200739
2024-06-24,TLKM,2950.0,2528.44,1.166727310120074,0.1667273101200739
2024-06-25,TLKM,2990.0,2562.72,1.1667291003308986,0.1667291003308986
2024-06-26,TLKM,3000.0,2571.29,1.166729540425234,0.16672954042523402
2024-06-27,TLKM,3030.0,2597.01,1.1667263506879064,0.16672635068790642
2024-06-28,TLKM,3130.0,2682.72,1.1667263076280792,0.16672630762807916
2024-07-01,TLKM,3090.0,2648.43,1.1667289677280503,0.16672896772805035
2024-07-02,TLKM,3040.0,2605.58,1.1667267940343418,0.16672679403434176
2024-07-03,TLKM,3030.0,2597.01,1.1667263506879064,0.16672635068790642
2024-07-04,TLKM,2960.0,2537.01,1.1667277622082688,0.1667277622082688
2024-07-05,TLKM,3020.0,2588.44,1.1667259044057425,0.16672590440574253
2024-07-08,TLKM,3080.0,2639.86,1.1667285386346244,0.16672853863462445
2024-07-09,TLKM,3080.0,2639.86,1.1667285386346244,0.16672853863462445
2024-07-10,TLKM,3160.0,2708.43,1.1667275875691823,0.16672758756918227
2024-07-11,TLKM,3180.0,2725.57,1.1667284274482035,0.1667284274482035
2024-07-12,TLKM,3220.0,2759.86,1.1667258484126006,0.16672584841260063
2024-07-15,TLKM,3160.0,2708.43,1.1667275875691823,0.16672758756918227
2024-07-16,TLKM,3100.0,2657.0,1.1667293940534438,0.16672939405344378
2024-07-17,TLKM,3250.0,2785.57,1.166727097147083,0.1667270971470829
2024-07-18,TLKM,3210.0,2751.29,1.166725426981525,0.16672542698152504
2024-07-19,TLKM,3140.0,2691.29,1.1667267369922973,0.16672673699229734
2024-07-22,TLKM,3100.0,2657.0,1.1667293940534438,0.16672939405344378
2024-07-23,TLKM,3160.0,2708.43,1.1667275875691823,0.16672758756918227
2024-07-24,TLKM,3060.0,2622.72,1.1667276720351392,0.16672767203513916
2024-07-25,TLKM,3090.0,2648.43,1.1667289677280503,0.16672896772805035
2024-07-26,TLKM,3100.0,2657.0,1.1667293940534438,0.16672939405344378
2024-07-29,TLKM,3050.0,2614.15,1.1667272344739208,0.1667272344739208
2024-07-30,TLKM,2880.0,2468.44,1.1667287841713794,0.16672878417137937
2024-07-31,TLKM,2880.0,2468.44,1.1667287841713794,0.16672878417137937
2024-08-01,TLKM,2880.0,2468.44,1.1667287841713794,0.16672878417137937
2024-08-02,TLKM,2850.0,2442.73,1.1667273910747402,0.16672739107474022
2024-08-05,TLKM,2790.0,2391.3,1.1667293940534436,0.16672939405344356
2024-08-06,TLKM,2790.0,2391.3,1.1667293940534436,0.16672939405344356
2024-08-07,TLKM,2820.0,2417.02,1.1667259683411804,0.16672596834118036
2024-08-08,TLKM,2850.0,2442.73,1.1667273910747402,0.16672739107474022
2024-08-09,TLKM,2830.0,2425.59,1.1667264459368647,0.1667264459368647
2024-08-12,TLKM,2870.0,2459.87,1.1667283230414616,0.16672832304146157
2024-08-13,TLKM,2850.0,2442.73,1.1667273910747402,0.16672739107474022
2024-08-14,TLKM,2860.0,2451.3,1.1667278586872272,0.16672785868722717
2024-08-15,TLKM,2870.0,2459.87,1.1667283230414616,0.16672832304146157
2024-08-16,TLKM,2960.0,2537.01,1.1667277622082688,0.1667277622082688
2024-08-19,TLKM,2930.0,2511.3,1.1667263966869748,0.16672639668697475
2024-08-20,TLKM,2980.0,2554.15,1.166728657283245,0.16672865728324493
2024-08-21,TLKM,2970.0,2545.58,1.1667282112524455,0.16672821125244552
2024-08-22,TLKM,2920.0,2502.73,1.1667259352786756,0.16672593527867563
2024-08-23,TLKM,2950.0,2528.44,1.166727310120074,0.1667273101200739
2024-08-26,TLKM,2980.0,2554.15,1.166728657283245,0.16672865728324493
2024-08-27,TLKM,2990.0,2562.72,1.1667291003308986,0.1667291003308986
2024-08-28,TLKM,2980.0,2554.15,1.166728657283245,0.16672865728324493
2024-08-29,TLKM,3030.0,2597.01,1.1667263506879064,0.16672635068790642
2024-08-30,TLKM,3060.0,2622.72,1.1667276720351392,0.16672767203513916
2024-09-02,TLKM,3140.0,2691.29,1.1667267369922973,0.16672673699229734
2024-09-03,TLKM,3080.0,2639.86,1.1667285386346244,0.16672853863462445
2024-09-04,TLKM,3080.0,2639.86,1.1667285386346244,0.16672853863462445
2024-09-05,TLKM,3020.0,2588.44,1.1667259044057425,0.16672590440574253
2024-09-06,TLKM,3040.0,2605.58,1.1667267940343418,0.16672679403434176
2024-09-09,TLKM,3030.0,2597.01,1.1667263506879064,0.16672635068790642
2024-09-10,TLKM,3030.0,2597.01,1.1667263506879064,0.16672635068790642
2024-09-11,TLKM,3040.0,2605.58,1.1667267940343418,0.16672679403434176
2024-09-12,TLKM,3050.0,2614.15,1.1667272344739208,0.1667272344739208
2024-09-13,TLKM,3110.0,2665.58,1.1667254406170515,0.16672544061705152
2024-09-17,TLKM,3090.0,2648.43,1.1667289677280503,0.16672896772805035
2024-09-18,TLKM,3120.0,2674.15,1.1667258755118448,0.1667258755118448
2024-09-19,TLKM,3140.0,2691.29,1.1667267369922973,0.16672673699229734
2024-09-20,TLKM,3150.0,2699.86,1.1667271636307068,0.16672716363070683
2024-09-23,TLKM,3170.0,2717.0,1.166728008833272,0.1667280088332721
2024-09-24,TLKM,3160.0,2708.43,1.1667275875691823,0.16672758756918227
2024-09-25,TLKM,3190.0,2734.14,1.1667288434388876,0.1667288434388876
2024-09-26,TLKM,3170.0,2717.0,1.166728008833272,0.1667280088332721
2024-09-27,TLKM,3050.0,2614.15,1.1667272344739208,0.1667272344739208
2024-09-30,TLKM,2990.0,2562.72,1.1667291003308986,0.1667291003308986
2024-10-01,TLKM,3020.0,2588.44,1.1667259044057425,0.16672590440574253
2024-10-02,TLKM,2920.0,2502.73,1.1667259352786756,0.16672593527867563
2024-10-03,TLKM,2890.0,2477.01,1.1667292421104476,0.1667292421104476
2024-10-04,TLKM,2880.0,2468.44,1.1667287841713794,0.16672878417137937
2024-10-07,TLKM,2900.0,2485.59,1.1667250029168124,0.16672500291681236
2024-10-08,TLKM,2990.0,2562.72,1.1667291003308986,0.1667291003308986
2024-10-09,TLKM,2960.0,2537.01,1.1667277622082688,0.1667277622082688
2024-10-10,TLKM,2950.0,2528.44,1.166727310120074,0.1667273101200739
2024-10-11,TLKM,2940.0,2519.87,1.1667268549568033,0.16672685495680328
2024-10-14,TLKM,2900.0,2485.59,1.1667250029168124,0.16672500291681236
2024-10-15,TLKM,2940.0,2519.87,1.1667268549568033,0.16672685495680328
2024-10-16,TLKM,3000.0,2571.29,1.166729540425234,0.16672954042523402
2024-10-17,TLKM,3040.0,2605.58,1.1667267940343418,0.16672679403434176
2024-10-18,TLKM,3100.0,2657.0,1.1667293940534438,0.16672939405344378
2024-10-21,TLKM,3100.0,2657.0,1.1667293940534438,0.16672939405344378
2024-10-22,TLKM,3010.0,2579.87,1.1667254551585933,0.16672545515859327
2024-10-23,TLKM,2940.0,2519.87,1.1667268549568033,0.16672685495680328
2024-10-24,TLKM,2900.0,2485.59,1.1667250029168124,0.16672500291681236
2024-10-25,TLKM,2910.0,2494.16,1.1667254706995542,0.16672547069955423
2024-10-28,TLKM,2920.0,2502.73,1.1667259352786756,0.16672593527867563
2024-10-29,TLKM,2900.0,2485.59,1.1667250029168124,0.16672500291681236
2024-10-30,TLKM,2900.0,2485.59,1.1667250029168124,0.16672500291681236
2024-10-31,TLKM,2820.0,2417.02,1.1667259683411804,0.16672596834118036
2024-11-01,TLKM,2780.0,2382.73,1.1667289201881874,0.1667289201881874
2024-11-04,TLKM,2800.0,2399.88,1.1667250029168124,0.16672500291681236
2024-11-05,TLKM,2770.0,2374.16,1.1667284429019107,0.1667284429019107
2024-11-06,TLKM,2740.0,2348.45,1.1667269901424344,0.16672699014243442
2024-11-07,TLKM,2760.0,2365.59,1.166727962157432,0.16672796215743202
2024-11-08,TLKM,2750.0,2357.02,1.166727477917031,0.1667274779170309
2024-11-11,TLKM,2690.0,2305.59,1.166729557293361,0.16672955729336092
2024-11-12,TLKM,2600.0,2228.46,1.1667250029168126,0.16672500291681258
2024-11-13,TLKM,2580.0,2211.31,1.166729223853734,0.1667292238537339
2024-11-14,TLKM,2530.0,2168.46,1.1667266170461987,0.16672661704619873
2024-11-15,TLKM,2540.0,2177.03,1.1667271466171802,0.16672714661718024
2024-11-18,TLKM,2590.0,2219.88,1.166729733138728,0.16672973313872808
2024-11-19,TLKM,2780.0,2382.73,1.1667289201881874,0.1667289201881874
2024-11-20,TLKM,2680.0,2297.02,1.166729066355539,0.16672906635553897
2024-11-21,TLKM,2770.0,2374.16,1.1667284429019107,0.1667284429019107
2024-11-22,TLKM,2750.0,2357.02,1.166727477917031,0.1667274779170309
2024-11-25,TLKM,2740.0,2348.45,1.1667269901424344,0.16672699014243442
2024-11-26,TLKM,2710.0,2322.74,1.1667255052222807,0.1667255052222807
2024-11-28,TLKM,2720.0,2331.31,1.1667260038347538,0.16672600383475378
2024-11-29,TLKM,2710.0,2322.74,1.1667255052222807,0.1667255052222807
2024-12-02,TLKM,2680.0,2297.02,1.166729066355539,0.16672906635553897
2024-12-03,TLKM,2820.0,2417.02,1.1667259683411804,0.16672596834118036
2024-12-04,TLKM,2840.0,2434.16,1.1667269201695862,0.16672692016958623
2024-12-05,TLKM,2770.0,2374.16,1.1667284429019107,0.1667284429019107
2024-12-06,TLKM,2760.0,2365.59,1.166727962157432,0.16672796215743202
2024-12-09,TLKM,2740.0,2348.45,1.1667269901424344,0.16672699014243442
2024-12-10,TLKM,2770.0,2374.16,1.1667284429019107,0.1667284429019107
2024-12-11,TLKM,2860.0,2451.3,1.1667278586872272,0.16672785868722717
2024-12-12,TLKM,2820.0,2417.02,1.1667259683411804,0.16672596834118036
2024-12-13,TLKM,2790.0,2391.3,1.1667293940534436,0.16672939405344356
2024-12-16,TLKM,2660.0,2279.88,1.1667280734073722,0.16672807340737217
2024-12-17,TLKM,2620.0,2245.6,1.1667260420377628,0.16672604203776276
2024-12-18,TLKM,2570.0,2202.74,1.166728710605882,0.1667287106058819
2024-12-19,TLKM,2530.0,2168.46,1.1667266170461987,0.16672661704619873
2024-12-20,TLKM,2550.0,2185.6,1.1667276720351392,0.16672767203513916
2024-12-23,TLKM,2650.0,2271.31,1.166727571313471,0.16672757131347105
2024-12-24,TLKM,2740.0,2348.45,1.1667269901424344,0.16672699014243442
2024-12-27,TLKM,2750.0,2357.02,1.166727477917031,0.1667274779170309
2024-12-30,TLKM,2710.0,2322.74,1.1667255052222807,0.1667255052222807
2025-01-02,TLKM,2700.0,2314.17,1.1667250029168126,0.16672500291681258
2025-01-03,TLKM,2750.0,2357.02,1.166727477917031,0.1667274779170309
2025-01-06,TLKM,2690.0,2305.59,1.166729557293361,0.16672955729336092
2025-01-07,TLKM,2570.0,2202.74,1.166728710605882,0.1667287106058819
2025-01-08,TLKM,2650.0,2271.31,1.166727571313471,0.16672757131347105
2025-01-09,TLKM,2620.0,2245.6,1.1667260420377628,0.16672604203776276
2025-01-10,TLKM,2680.0,2297.02,1.166729066355539,0.16672906635553897
2025-01-13,TLKM,2670.0,2288.45,1.1667285717406979,0.16672857174069788
2025-01-14,TLKM,2620.0,2245.6,1.1667260420377628,0.16672604203776276
2025-01-15,TLKM,2630.0,2254.17,1.166726555672376,0.16672655567237604
2025-01-16,TLKM,2590.0,2219.88,1.166729733138728,0.16672973313872808
2025-01-17,TLKM,2660.0,2279.88,1.1667280734073722,0.16672807340737217
2025-01-20,TLKM,2610.0,2237.03,1.1667255244677093,0.16672552446770927
2025-01-21,TLKM,2630.0,2254.17,1.166726555672376,0.16672655567237604
2025-01-22,TLKM,2730.0,2339.88,1.1667264987948098,0.16672649879480983
2025-01-23,TLKM,2710.0,2322.74,1.1667255052222807,0.1667255052222807
2025-01-24,TLKM,2690.0,2305.59,1.166729557293361,0.16672955729336092
2025-01-30,TLKM,2640.0,2262.74,1.1667270654162654,0.16672706541626536
2025-01-31,TLKM,2660.0,2279.88,1.1667280734073722,0.16672807340737217
2025-02-03,TLKM,2630.0,2254.17,1.166726555672376,0.16672655567237604
2025-02-04,TLKM,2640.0,2262.74,1.1667270654162654,0.16672706541626536
2025-02-05,TLKM,2620.0,2245.6,1.1667260420377628,0.16672604203776276
2025-02-06,TLKM,2560.0,2194.17,1.1667281933487377,0.16672819334873767
2025-02-07,TLKM,2590.0,2219.88,1.166729733138728,0.16672973313872808
2025-02-10,TLKM,2440.0,2091.32,1.1667272344739208,0.1667272344739208
2025-02-11,TLKM,2320.0,1988.47,1.1667261764069863,0.16672617640698628
2025-02-12,TLKM,2480.0,2125.6,1.1667293940534438,0.16672939405344378
2025-02-13,TLKM,2420.0,2074.18,1.16672612791561,0.16672612791561003
2025-02-14,TLKM,2530.0,2168.46,1.1667266170461987,0.16672661704619873
2025-02-17,TLKM,2650.0,2271.31,1.166727571313471,0.16672757131347105
2025-02-18,TLKM,2680.0,2297.02,1.166729066355539,0.16672906635553897
2025-02-19,TLKM,2670.0,2288.45,1.1667285717406979,0.16672857174069788
2025-02-20,TLKM,2670.0,2288.45,1.1667285717406979,0.16672857174069788
2025-02-21,TLKM,2650.0,2271.31,1.166727571313471,0.16672757131347105
2025-02-24,TLKM,2600.0,2228.46,1.1667250029168126,0.16672500291681258
2025-02-25,TLKM,2460.0,2108.46,1.1667283230414616,0.16672832304146157
2025-02-26,TLKM,2520.0,2159.89,1.1667260832727593,0.16672608327275928
2025-02-27,TLKM,2490.0,2134.17,1.1667299231082808,0.16672992310828083
2025-02-28,TLKM,2350.0,2014.18,1.1667278991947094,0.16672789919470943
2025-03-03,TLKM,2400.0,2057.04,1.1667250029168126,0.16672500291681258
2025-03-04,TLKM,2380.0,2039.89,1.1667295785557064,0.16672957855570636
2025-03-05,TLKM,2450.0,2099.89,1.1667277809790038,0.16672778097900376
2025-03-06,TLKM,2400.0,2057.04,1.1667250029168126,0.16672500291681258
2025-03-07,TLKM,2410.0,2065.61,1.1667255677499624,0.1667255677499624
2025-03-10,TLKM,2390.0,2048.46,1.1667301289749372,0.16673012897493722
2025-03-11,TLKM,2370.0,2031.32,1.1667290234921135,0.1667290234921135
2025-03-12,TLKM,2450.0,2099.89,1.1667277809790038,0.16672778097900376
2025-03-13,TLKM,2430.0,2082.75,1.166726683471372,0.1667266834713721
2025-03-14,TLKM,2420.0,2074.18,1.16672612791561,0.16672612791561003
2025-03-17,TLKM,2420.0,2074.18,1.16672612791561,0.16672612791561003
2025-03-18,TLKM,2420.0,2074.18,1.16672612791561,0.16672612791561003
2025-03-19,TLKM,2430.0,2082.75,1.166726683471372,0.1667266834713721
2025-03-20,TLKM,2390.0,2048.46,1.1667301289749372,0.16673012897493722
2025-03-21,TLKM,2310.0,1979.9,1.1667255922016262,0.1667255922016262
2025-03-24,TLKM,2330.0,1997.04,1.1667267555982854,0.16672675559828543
2025-03-25,TLKM,2340.0,2005.61,1.1667273298397993,0.16672732983979932
2025-03-26,TLKM,2440.0,2091.32,1.1667272344739208,0.1667272344739208
2025-03-27,TLKM,2410.0,2065.61,1.1667255677499624,0.1667255677499624
2025-04-08,TLKM,2290.0,1962.76,1.1667244084860096,0.16672440848600956
2025-04-09,TLKM,2320.0,1988.47,1.1667261764069863,0.16672617640698628
2025-04-10,TLKM,2350.0,2014.18,1.1667278991947094,0.16672789919470943
2025-04-11,TLKM,2330.0,1997.04,1.1667267555982854,0.16672675559828543
2025-04-14,TLKM,2430.0,2082.75,1.166726683471372,0.1667266834713721
2025-04-15,TLKM,2450.0,2099.89,1.1667277809790038,0.16672778097900376
2025-04-16,TLKM,2480.0,2125.6,1.1667293940534438,0.16672939405344378
2025-04-17,TLKM,2550.0,2185.6,1.1667276720351392,0.16672767203513916
2025-04-21,TLKM,2570.0,2202.74,1.166728710605882,0.1667287106058819
2025-04-22,TLKM,2550.0,2185.6,1.1667276720351392,0.16672767203513916
2025-04-23,TLKM,2630.0,2254.17,1.166726555672376,0.16672655567237604
2025-04-24,TLKM,2630.0,2254.17,1.166726555672376,0.16672655567237604
2025-04-25,TLKM,2600.0,2228.46,1.1667250029168126,0.16672500291681258
2025-04-28,TLKM,2560.0,2194.17,1.1667281933487377,0.16672819334873767
2025-04-29,TLKM,2590.0,2219.88,1.166729733138728,0.16672973313872808
2025-04-30,TLKM,2640.0,2262.74,1.1667270654162654,0.16672706541626536
2025-05-02,TLKM,2680.0,2297.02,1.166729066355539,0.16672906635553897
2025-05-05,TLKM,2700.0,2314.17,1.1667250029168126,0.16672500291681258
2025-05-06,TLKM,2680.0,2297.02,1.166729066355539,0.16672906635553897
2025-05-07,TLKM,2620.0,2245.6,1.1667260420377628,0.16672604203776276
2025-05-08,TLKM,2570.0,2202.74,1.166728710605882,0.1667287106058819
2025-05-09,TLKM,2600.0,2228.46,1.1667250029168126,0.16672500291681258
2025-05-14,TLKM,2590.0,2219.88,1.166729733138728,0.16672973313872808
2025-05-15,TLKM,2660.0,2279.88,1.1667280734073722,0.16672807340737217
2025-05-16,TLKM,2740.0,2348.45,1.1667269901424344,0.16672699014243442
2025-05-19,TLKM,2820.0,2417.02,1.1667259683411804,0.16672596834118036
2025-05-20,TLKM,2740.0,2348.45,1.1667269901424344,0.16672699014243442
2025-05-21,TLKM,2750.0,2357.02,1.166727477917031,0.1667274779170309
2025-05-22,TLKM,2800.0,2399.88,1.1667250029168124,0.16672500291681236
2025-05-23,TLKM,2690.0,2305.59,1.166729557293361,0.16672955729336092
2025-05-26,TLKM,2800.0,2399.88,1.1667250029168124,0.16672500291681236
2025-05-27,TLKM,2830.0,2425.59,1.1667264459368647,0.1667264459368647
2025-05-28,TLKM,2820.0,2417.02,1.1667259683411804,0.16672596834118036
2025-06-02,TLKM,2780.0,2382.73,1.1667289201881874,0.1667289201881874
2025-06-03,TLKM,2800.0,2399.88,1.1667250029168124,0.16672500291681236
2025-06-04,TLKM,2820.0,2417.02,1.1667259683411804,0.16672596834118036
2025-06-05,TLKM,2840.0,2434.16,1.1667269201695862,0.16672692016958623
2025-06-10,TLKM,2910.0,2494.16,1.1667254706995542,0.16672547069955423
2025-06-11,TLKM,2800.0,2588.9,1.0815404225732936,0.08154042257329364
2025-06-12,TLKM,2780.0,2570.41,1.0815395209324583,0.08153952093245831
2025-06-13,TLKM,2740.0,2533.42,1.081541947249173,0.08154194724917296
2025-06-16,TLKM,2740.0,2533.42,1.081541947249173,0.08154194724917296
2025-06-17,TLKM,2760.0,2551.91,1.081542844379308,0.08154284437930803
2025-06-18,TLKM,2770.0,2561.16,1.0815411766543286,0.08154117665432858
2025-06-19,TLKM,2690.0,2487.19,1.0815418202871514,0.0815418202871514
2025-06-20,TLKM,2640.0,2440.96,1.0815416885159936,0.08154168851599364
2025-06-23,TLKM,2580.0,2385.48,1.0815433371899994,0.0815433371899994
2025-06-24,TLKM,2590.0,2394.73,1.0815415516571805,0.08154155165718047
2025-06-25,TLKM,2620.0,2422.47,1.0815407414746108,0.08154074147461077
2025-06-26,TLKM,2710.0,2505.68,1.081542734906293,0.08154273490629294
2025-06-30,TLKM,2780.0,2570.41,1.0815395209324583,0.08153952093245831
2025-07-01,TLKM,2810.0,2598.14,1.0815429499565075,0.08154294995650746
2025-07-02,TLKM,2780.0,2570.41,1.0815395209324583,0.08153952093245831
2025-07-03,TLKM,2710.0,2505.68,1.081542734906293,0.08154273490629294
2025-07-04,TLKM,2630.0,2431.71,1.0815434406240876,0.08154344062408758
2025-07-07,TLKM,2700.0,2496.44,1.0815401131210844,0.08154011312108445
2025-07-08,TLKM,2650.0,2450.21,1.08153994963697,0.08153994963696998
2025-07-09,TLKM,2670.0,2468.7,1.0815408919674323,0.0815408919674323
2025-07-10,TLKM,2690.0,2487.19,1.0815418202871514,0.0815418202871514
2025-07-11,TLKM,2730.0,2524.17,1.0815436361259345,0.08154363612593452
2025-07-14,TLKM,2690.0,2487.19,1.0815418202871514,0.0815418202871514
2025-07-15,TLKM,2640.0,2440.96,1.0815416885159936,0.08154168851599364
2025-07-16,TLKM,2650.0,2450.21,1.08153994963697,0.08153994963696998
2025-07-17,TLKM,2770.0,2561.16,1.0815411766543286,0.08154117665432858
2025-07-18,TLKM,2770.0,2561.16,1.0815411766543286,0.08154117665432858
2025-07-21,TLKM,2800.0,2588.9,1.0815404225732936,0.08154042257329364
2025-07-22,TLKM,2850.0,2635.13,1.081540569155981,0.08154056915598096
2025-07-23,TLKM,2850.0,2635.13,1.081540569155981,0.08154056915598096
2025-07-24,TLKM,2840.0,2625.88,1.081542187761817,0.08154218776181699
2025-07-25,TLKM,2820.0,2607.39,1.081541311426369,0.081541311426369
2025-07-28,TLKM,2860.0,2644.37,1.0815430518422158,0.08154305184221577
2025-07-29,TLKM,2880.0,2662.87,1.0815398423505467,0.08153984235054668
2025-07-30,TLKM,2880.0,2662.87,1.0815398423505467,0.08153984235054668
2025-07-31,TLKM,2880.0,2662.87,1.0815398423505467,0.08153984235054668
2025-08-01,TLKM,2980.0,2755.33,1.0815401421971234,0.08154014219712336
2025-08-04,TLKM,3030.0,2801.56,1.0815402846985251,0.08154028469852515
2025-08-05,TLKM,3030.0,2801.56,1.0815402846985251,0.08154028469852515
2025-08-06,TLKM,2990.0,2764.57,1.081542518366328,0.08154251836632809
2025-08-07,TLKM,2950.0,2727.59,1.0815408474147508,0.08154084741475076
2025-08-08,TLKM,2940.0,2718.34,1.081542411913153,0.08154241191315292
2025-08-11,TLKM,2990.0,2764.57,1.081542518366328,0.08154251836632809
2025-08-12,TLKM,3180.0,2940.25,1.0815406853158744,0.08154068531587444
2025-08-13,TLKM,3360.0,3106.68,1.0815404225732936,0.08154042257329364
2025-08-14,TLKM,3420.0,3162.15,1.0815426213177743,0.08154262131777434
2025-08-15,TLKM,3310.0,3060.45,1.0815402963616463,0.08154029636164628
2025-08-19,TLKM,3250.0,3004.97,1.0815415794500445,0.08154157945004448
2025-08-20,TLKM,3220.0,2977.23,1.0815422389267877,0.08154223892678769
2025-08-21,TLKM,3250.0,3004.97,1.0815415794500445,0.08154157945004448
2025-08-22,TLKM,3240.0,2995.72,1.0815430013485907,0.08154300134859072
2025-08-25,TLKM,3310.0,3060.45,1.0815402963616463,0.08154029636164628
2025-08-26,TLKM,3260.0,3014.22,1.0815401662785067,0.08154016627850669
2025-08-27,TLKM,3170.0,2931.0,1.0815421357898327,0.08154213578983271
2025-08-28,TLKM,3180.0,2940.25,1.0815406853158744,0.08154068531587444
2025-08-29,TLKM,3130.0,2894.02,1.081540556043151,0.08154055604315102
2025-09-01,TLKM,3110.0,2875.53,1.0815397509328715,0.08153975093287147
2025-09-02,TLKM,3070.0,2838.54,1.0815419194374574,0.08154191943745737
2025-09-03,TLKM,3110.0,2875.53,1.0815397509328715,0.08153975093287147
2025-09-04,TLKM,3150.0,2912.51,1.081541350930984,0.08154135093098391
2025-09-08,TLKM,3090.0,2857.03,1.081542720937477,0.08154272093747705
2025-09-09,TLKM,3050.0,2820.05,1.0815411074271732,0.08154110742717324
2025-09-10,TLKM,3150.0,2912.51,1.081541350930984,0.08154135093098391
2025-09-11,TLKM,3080.0,2847.79,1.0815404225732936,0.08154042257329364
2025-09-12,TLKM,3100.0,2866.28,1.0815412311428052,0.0815412311428052
2025-09-15,TLKM,3260.0,3014.22,1.0815401662785067,0.08154016627850669
2025-09-16,TLKM,3300.0,3051.2,1.0815416885159939,0.08154168851599386
2025-09-17,TLKM,3340.0,3088.18,1.081543174296835,0.08154317429683511
2025-09-18,TLKM,3250.0,3004.97,1.0815415794500445,0.08154157945004448
2025-09-19,TLKM,3230.0,2986.48,1.081540810586376,0.08154081058637597
2025-09-22,TLKM,3220.0,2977.23,1.0815422389267877,0.08154223892678769
2025-09-23,TLKM,3190.0,2949.49,1.0815429108083092,0.08154291080830922
2025-09-24,TLKM,3160.0,2921.76,1.0815398937626635,0.08153989376266346
2025-09-25,TLKM,3120.0,2884.77,1.081542029347227,0.0815420293472271
2025-09-26,TLKM,3110.0,2875.53,1.0815397509328715,0.08153975093287147
2025-09-29,TLKM,3080.0,2847.79,1.0815404225732936,0.08154042257329364
2025-09-30,TLKM,3060.0,2829.29,1.081543426089231,0.08154342608923093
2025-10-01,TLKM,3060.0,2829.29,1.081543426089231,0.08154342608923093
2025-10-02,TLKM,3130.0,2894.02,1.081540556043151,0.08154055604315102
2025-10-03,TLKM,3070.0,2838.54,1.0815419194374574,0.08154191943745737
2025-10-06,TLKM,3010.0,2783.06,1.0815433371899996,0.08154333718999962
2025-10-07,TLKM,3010.0,2783.06,1.0815433371899996,0.08154333718999962
2025-10-08,TLKM,2990.0,2764.57,1.081542518366328,0.08154251836632809
2025-10-09,TLKM,3010.0,2783.06,1.0815433371899996,0.08154333718999962
2025-10-10,TLKM,3040.0,2810.8,1.0815426213177741,0.08154262131777412
2025-10-13,TLKM,3020.0,2792.31,1.0815418058883146,0.08154180588831461
2025-10-14,TLKM,2960.0,2736.83,1.0815432452874312,0.08154324528743118
2025-10-15,TLKM,3080.0,2847.79,1.0815404225732936,0.08154042257329364
2025-10-16,TLKM,2950.0,2727.59,1.0815408474147508,0.08154084741475076
2025-10-17,TLKM,2880.0,2662.87,1.0815398423505467,0.08153984235054668
2025-10-20,TLKM,2940.0,2718.34,1.081542411913153,0.08154241191315292
2025-10-21,TLKM,3280.0,3032.71,1.0815409320376825,0.08154093203768253
2025-10-22,TLKM,3150.0,2912.51,1.081541350930984,0.08154135093098391
2025-10-23,TLKM,3360.0,3106.68,1.0815404225732936,0.08154042257329364
2025-10-24,TLKM,3290.0,3041.95,1.0815430891369024,0.08154308913690245
2025-10-27,TLKM,3330.0,3078.94,1.0815410498418287,0.08154104984182875
2025-10-28,TLKM,3400.0,3143.66,1.0815418970244874,0.08154189702448744
2025-10-29,TLKM,3290.0,3041.95,1.0815430891369024,0.08154308913690245
2025-10-30,TLKM,3250.0,3004.97,1.0815415794500445,0.08154157945004448
2025-10-31,TLKM,3210.0,2967.99,1.0815400321429656,0.08154003214296557
2025-11-03,TLKM,3350.0,3097.43,1.0815417943262642,0.08154179432626418
2025-11-04,TLKM,3500.0,3236.12,1.0815420936182836,0.08154209361828357
2025-11-05,TLKM,3540.0,3273.11,1.0815401865504062,0.08154018655040618
2025-11-06,TLKM,3480.0,3217.63,1.0815413829433465,0.08154138294334645
2025-11-07,TLKM,3470.0,3208.38,1.0815427100281139,0.08154271002811386
2025-11-10,TLKM,3440.0,3180.65,1.08153993680537,0.08153993680536997
2025-11-11,TLKM,3520.0,3254.61,1.0815427962182873,0.0815427962182873
2025-11-12,TLKM,3560.0,3291.6,1.0815408919674323,0.0815408919674323
2025-11-13,TLKM,3500.0,3236.12,1.0815420936182836,0.08154209361828357
2025-11-14,TLKM,3550.0,3282.35,1.081542187761817,0.08154218776181699
2025-11-17,TLKM,3610.0,3337.83,1.0815410011893956,0.08154100118939556
2025-11-18,TLKM,3620.0,3347.07,1.0815429614558405,0.0815429614558405
2025-11-19,TLKM,3650.0,3374.81,1.081542368311105,0.08154236831110495
2025-11-20,TLKM,3640.0,3365.57,1.0815404225732936,0.08154042257329364
2025-11-21,TLKM,3500.0,3236.12,1.0815420936182836,0.08154209361828357
2025-11-24,TLKM,3700.0,3421.04,1.0815424549259873,0.08154245492598733
2025-11-25,TLKM,3650.0,3374.81,1.081542368311105,0.08154236831110495
2025-11-26,TLKM,3720.0,3439.53,1.0815431178097006,0.08154311780970058
2025-11-27,TLKM,3570.0,3300.84,1.0815428799941833,0.0815428799941833
2025-11-28,TLKM,3510.0,3245.37,1.0815407796337553,0.08154077963375528
2025-12-01,TLKM,3650.0,3374.81,1.081542368311105,0.08154236831110495
2025-12-02,TLKM,3560.0,3291.6,1.0815408919674323,0.0815408919674323
2025-12-03,TLKM,3580.0,3310.09,1.0815415895036087,0.08154158950360868
2025-12-04,TLKM,3630.0,3356.32,1.0815416885159936,0.08154168851599364
2025-12-05,TLKM,3700.0,3421.04,1.0815424549259873,0.08154245492598733
2025-12-08,TLKM,3630.0,3356.32,1.0815416885159936,0.08154168851599364
2025-12-09,TLKM,3570.0,3300.84,1.0815428799941833,0.0815428799941833
2025-12-10,TLKM,3640.0,3365.57,1.0815404225732936,0.08154042257329364
2025-12-11,TLKM,3570.0,3300.84,1.0815428799941833,0.0815428799941833
2025-12-12,TLKM,3550.0,3282.35,1.081542187761817,0.08154218776181699
2025-12-15,TLKM,3470.0,3208.38,1.0815427100281139,0.08154271002811386
2025-12-16,TLKM,3520.0,3254.61,1.0815427962182873,0.0815427962182873
2025-12-17,TLKM,3500.0,3236.12,1.0815420936182836,0.08154209361828357
2025-12-18,TLKM,3460.0,3199.14,1.0815406640534644,0.08154066405346438
2025-12-19,TLKM,3410.0,3152.91,1.081540545083748,0.08154054508374808
2025-12-22,TLKM,3470.0,3208.38,1.0815427100281139,0.08154271002811386
2025-12-23,TLKM,3470.0,3208.38,1.0815427100281139,0.08154271002811386
2025-12-24,TLKM,3460.0,3199.14,1.0815406640534644,0.08154066405346438
2025-12-29,TLKM,3490.0,3226.88,1.0815400634668781,0.08154006346687814
2025-12-30,TLKM,3480.0,3217.63,1.0815413829433465,0.08154138294334645
2026-01-02,TLKM,3470.0,3208.38,1.0815427100281139,0.08154271002811386
2026-01-05,TLKM,3580.0,3310.09,1.0815415895036087,0.08154158950360868
2026-01-06,TLKM,3520.0,3254.61,1.0815427962182873,0.0815427962182873
2026-01-07,TLKM,3540.0,3273.11,1.0815401865504062,0.08154018655040618
2026-01-08,TLKM,3530.0,3263.86,1.0815414876863592,0.08154148768635916
2026-01-09,TLKM,3450.0,3189.89,1.0815419967459694,0.0815419967459694
2026-01-12,TLKM,3520.0,3254.61,1.0815427962182873,0.0815427962182873
2026-01-13,TLKM,3620.0,3347.07,1.0815429614558405,0.0815429614558405
2026-01-14,TLKM,3650.0,3374.81,1.081542368311105,0.08154236831110495
2026-01-15,TLKM,3660.0,3384.06,1.0815411074271732,0.08154110742717324
2026-01-19,TLKM,3620.0,3347.07,1.0815429614558405,0.0815429614558405
2026-01-20,TLKM,3600.0,3328.58,1.081542279290268,0.08154227929026803
2026-01-21,TLKM,3600.0,3328.58,1.081542279290268,0.08154227929026803
2026-01-22,TLKM,3740.0,3458.03,1.0815406459747312,0.08154064597473121
2026-01-23,TLKM,3770.0,3485.77,1.0815400901379035,0.08154009013790353
2026-01-26,TLKM,3850.0,3559.73,1.0815427012722876,0.08154270127228758
2026-01-27,TLKM,3940.0,3642.95,1.0815410587573258,0.08154105875732576
2026-01-28,TLKM,3470.0,3208.38,1.0815427100281139,0.08154271002811386
2026-01-29,TLKM,3450.0,3189.89,1.0815419967459694,0.0815419967459694
2026-01-30,TLKM,3600.0,3328.58,1.081542279290268,0.08154227929026803
2026-02-02,TLKM,3500.0,3236.12,1.0815420936182836,0.08154209361828357
2026-02-03,TLKM,3450.0,3189.89,1.0815419967459694,0.0815419967459694
2026-02-04,TLKM,3330.0,3078.94,1.0815410498418287,0.08154104984182875
2026-02-05,TLKM,3290.0,3041.95,1.0815430891369024,0.08154308913690245
2026-02-06,TLKM,3380.0,3125.17,1.0815411641606696,0.08154116416066959
2026-02-09,TLKM,3350.0,3097.43,1.0815417943262642,0.08154179432626418
2026-02-10,TLKM,3400.0,3143.66,1.0815418970244874,0.08154189702448744
2026-02-11,TLKM,3530.0,3263.86,1.0815414876863592,0.08154148768635916
2026-02-12,TLKM,3560.0,3291.6,1.0815408919674323,0.0815408919674323
2026-02-13,TLKM,3450.0,3189.89,1.0815419967459694,0.0815419967459694
2026-02-18,TLKM,3490.0,3226.88,1.0815400634668781,0.08154006346687814
2026-02-19,TLKM,3480.0,3217.63,1.0815413829433465,0.08154138294334645
2026-02-20,TLKM,3480.0,3217.63,1.0815413829433465,0.08154138294334645
2026-02-23,TLKM,3550.0,3282.35,1.081542187761817,0.08154218776181699
2026-02-24,TLKM,3580.0,3310.09,1.0815415895036087,0.08154158950360868
2026-02-25,TLKM,3600.0,3328.58,1.081542279290268,0.08154227929026803
2026-02-26,TLKM,3650.0,3374.81,1.081542368311105,0.08154236831110495
2026-02-27,TLKM,3540.0,3273.11,1.0815401865504062,0.08154018655040618
2026-03-02,TLKM,3450.0,3189.89,1.0815419967459694,0.0815419967459694
2026-03-03,TLKM,3450.0,3189.89,1.0815419967459694,0.0815419967459694
2026-03-04,TLKM,3200.0,2958.74,1.0815414669758074,0.08154146697580744
2026-03-05,TLKM,3260.0,3014.22,1.0815401662785067,0.08154016627850669
2026-03-06,TLKM,3190.0,2949.49,1.0815429108083092,0.08154291080830922
2026-03-09,TLKM,3100.0,2866.28,1.0815412311428052,0.0815412311428052
2026-03-10,TLKM,2960.0,2736.83,1.0815432452874312,0.08154324528743118
2026-03-11,TLKM,3000.0,2773.82,1.0815409795877164,0.08154097958771644
2026-03-12,TLKM,3020.0,2792.31,1.0815418058883146,0.08154180588831461
2026-03-13,TLKM,2970.0,2746.08,1.0815416885159936,0.08154168851599364
2026-03-16,TLKM,2960.0,2736.83,1.0815432452874312,0.08154324528743118
2026-03-17,TLKM,3050.0,2820.05,1.0815411074271732,0.08154110742717324
2026-03-25,TLKM,3300.0,3051.2,1.0815416885159939,0.08154168851599386
2026-03-26,TLKM,3170.0,2931.0,1.0815421357898327,0.08154213578983271
2026-03-27,TLKM,3050.0,2820.05,1.0815411074271732,0.08154110742717324
2026-03-30,TLKM,3040.0,2810.8,1.0815426213177741,0.08154262131777412
2026-03-31,TLKM,3060.0,2829.29,1.081543426089231,0.08154342608923093
2026-04-01,TLKM,3150.0,2912.51,1.081541350930984,0.08154135093098391
2026-04-02,TLKM,3130.0,2894.02,1.081540556043151,0.08154055604315102
2026-04-06,TLKM,3160.0,2921.76,1.0815398937626635,0.08153989376266346
2026-04-07,TLKM,3100.0,2866.28,1.0815412311428052,0.0815412311428052
2026-04-08,TLKM,3160.0,2921.76,1.0815398937626635,0.08153989376266346
2026-04-09,TLKM,3190.0,2949.49,1.0815429108083092,0.08154291080830922
2026-04-10,TLKM,3210.0,2967.99,1.0815400321429656,0.08154003214296557
2026-04-13,TLKM,3190.0,2949.49,1.0815429108083092,0.08154291080830922
2026-04-14,TLKM,3120.0,2884.77,1.081542029347227,0.0815420293472271
2026-04-15,TLKM,3090.0,2857.03,1.081542720937477,0.08154272093747705
2026-04-16,TLKM,3120.0,2884.77,1.081542029347227,0.0815420293472271
2026-04-17,TLKM,3100.0,2866.28,1.0815412311428052,0.0815412311428052
2026-04-20,TLKM,3100.0,2866.28,1.0815412311428052,0.0815412311428052
2026-04-21,TLKM,3010.0,2783.06,1.0815433371899996,0.08154333718999962
2026-04-22,TLKM,3000.0,2773.82,1.0815409795877164,0.08154097958771644
2026-04-23,TLKM,2880.0,2662.87,1.0815398423505467,0.08153984235054668
2026-04-24,TLKM,2810.0,2598.14,1.0815429499565075,0.08154294995650746
2026-04-27,TLKM,2830.0,2616.64,1.081539684480861,0.08153968448086091
2026-04-28,TLKM,2820.0,2607.39,1.081541311426369,0.081541311426369
2026-04-29,TLKM,2870.0,2653.62,1.0815414415025513,0.08154144150255127
2026-04-30,TLKM,2810.0,2598.14,1.0815429499565075,0.08154294995650746
2026-05-04,TLKM,2890.0,2672.11,1.0815423017764987,0.08154230177649868
2026-05-05,TLKM,2880.0,2662.87,1.0815398423505467,0.08153984235054668
2026-05-06,TLKM,2900.0,2681.36,1.0815407106841304,0.08154071068413038
2026-05-07,TLKM,2930.0,2709.1,1.0815399948322322,0.08153999483223218
2026-05-08,TLKM,2960.0,2736.83,1.0815432452874312,0.08154324528743118
2026-05-11,TLKM,2960.0,2736.83,1.0815432452874312,0.08154324528743118
2026-05-12,TLKM,2950.0,2727.59,1.0815408474147508,0.08154084741475076
2026-05-13,TLKM,2960.0,2736.83,1.0815432452874312,0.08154324528743118
2026-05-18,TLKM,3080.0,2847.79,1.0815404225732936,0.08154042257329364
2026-05-19,TLKM,3080.0,2847.79,1.0815404225732936,0.08154042257329364
2026-05-20,TLKM,3100.0,2866.28,1.0815412311428052,0.0815412311428052
2026-05-21,TLKM,3000.0,2773.82,1.0815409795877164,0.08154097958771644
2026-05-22,TLKM,2920.0,2699.85,1.0815415671240995,0.08154156712409955
2026-05-25,TLKM,2930.0,2709.1,1.0815399948322322,0.08153999483223218
2026-05-26,TLKM,3090.0,2857.03,1.081542720937477,0.08154272093747705
2026-05-29,TLKM,3030.0,2801.56,1.0815402846985251,0.08154028469852515
2026-06-02,TLKM,2950.0,2727.59,1.0815408474147508,0.08154084741475076
2026-06-03,TLKM,2850.0,2635.13,1.081540569155981,0.08154056915598096
2026-06-04,TLKM,2900.0,2681.36,1.0815407106841304,0.08154071068413038
2026-06-05,TLKM,2760.0,2551.91,1.081542844379308,0.08154284437930803
2026-06-08,TLKM,2350.0,2172.82,1.081543800222752,0.08154380022275198
2026-06-09,TLKM,2620.0,2422.47,1.0815407414746108,0.08154074147461077
2026-06-10,TLKM,2810.0,2598.14,1.0815429499565075,0.08154294995650746
2026-06-11,TLKM,2870.0,2653.62,1.0815414415025513,0.08154144150255127
2026-06-12,TLKM,2860.0,2644.37,1.0815430518422158,0.08154305184221577
2026-06-15,TLKM,2930.0,2709.1,1.0815399948322322,0.08153999483223218
2026-06-17,TLKM,2960.0,2736.83,1.0815432452874312,0.08154324528743118
2026-06-18,TLKM,2780.0,2780.0,1.0,0.0
2026-06-19,TLKM,2580.0,2580.0,1.0,0.0
2026-06-22,TLKM,2510.0,2510.0,1.0,0.0
2026-06-23,TLKM,2540.0,2540.0,1.0,0.0
2026-06-24,TLKM,2500.0,2500.0,1.0,0.0
2026-06-25,TLKM,2500.0,2500.0,1.0,0.0
2026-06-26,TLKM,2480.0,2480.0,1.0,0.0
2026-06-29,TLKM,2410.0,2410.0,1.0,0.0
2026-06-30,TLKM,2350.0,2350.0,1.0,0.0
2026-07-01,TLKM,2440.0,2440.0,1.0,0.0
2026-07-02,TLKM,2450.0,2450.0,1.0,0.0
2026-07-03,TLKM,2520.0,2520.0,1.0,0.0
2026-07-06,TLKM,2480.0,2480.0,1.0,0.0
2026-07-07,TLKM,2480.0,2480.0,1.0,0.0
2026-07-08,TLKM,2510.0,2510.0,1.0,0.0
2026-07-09,TLKM,2510.0,2510.0,1.0,0.0
2026-07-10,TLKM,2480.0,2480.0,1.0,0.0
2026-07-13,TLKM,2510.0,2510.0,1.0,0.0
2026-07-14,TLKM,2560.0,2560.0,1.0,0.0
2026-07-15,TLKM,2520.0,2520.0,1.0,0.0
2026-07-16,TLKM,2530.0,2530.0,1.0,0.0
2026-07-17,TLKM,2660.0,2660.0,1.0,0.0
2026-07-20,TLKM,2710.0,2710.0,1.0,0.0
2026-07-21,TLKM,2750.0,2750.0,1.0,0.0
2026-07-22,TLKM,2700.0,2700.0,1.0,0.0
2026-07-23,TLKM,2650.0,2650.0,1.0,0.0
2026-07-24,TLKM,2630.0,2630.0,1.0,0.0
2026-07-27,TLKM,2590.0,2590.0,1.0,0.0
2026-07-28,TLKM,2560.0,2560.0,1.0,0.0
2026-07-29,TLKM,2560.0,2560.0,1.0,0.0
2026-07-30,TLKM,2670.0,2670.0,1.0,0.0
2026-07-31,TLKM,2630.0,2630.0,1.0,0.0
2026-08-03,TLKM,2740.0,2740.0,1.0,0.0
2026-08-04,TLKM,2790.0,2790.0,1.0,0.0
2026-08-05,TLKM,2710.0,2710.0,1.0,0.0
2026-08-06,TLKM,2650.0,2650.0,1.0,0.0
2026-08-07,TLKM,2710.0,2710.0,1.0,0.0
2026-08-10,TLKM,2620.0,2620.0,1.0,0.0
2026-08-11,TLKM,2610.0,2610.0,1.0,0.0
2026-08-12,TLKM,2590.0,2590.0,1.0,0.0
2026-08-13,TLKM,2590.0,2590.0,1.0,0.0
2026-08-14,TLKM,2620.0,2620.0,1.0,0.0
2026-08-18,TLKM,2600.0,2600.0,1.0,0.0
2026-08-19,TLKM,2600.0,2600.0,1.0,0.0
2026-08-20,TLKM,2610.0,2610.0,1.0,0.0
2026-08-21,TLKM,2610.0,2610.0,1.0,0.0
2026-08-24,TLKM,2620.0,2620.0,1.0,0.0
2026-08-26,TLKM,2600.0,2600.0,1.0,0.0
2026-08-27,TLKM,2610.0,2610.0,1.0,0.0
2026-08-28,TLKM,2570.0,2570.0,1.0,0.0
2026-08-31,TLKM,2600.0,2600.0,1.0,0.0
2026-09-01,TLKM,2610.0,2610.0,1.0,0.0
2026-09-02,TLKM,2590.0,2590.0,1.0,0.0
2026-09-03,TLKM,2600.0,2600.0,1.0,0.0
2026-09-04,TLKM,2610.0,2610.0,1.0,0.0
2026-09-07,TLKM,2610.0,2610.0,1.0,0.0
2026-09-08,TLKM,2650.0,2650.0,1.0,0.0
2026-09-09,TLKM,2660.0,2660.0,1.0,0.0
2026-09-10,TLKM,2630.0,2630.0,1.0,0.0
2026-09-11,TLKM,2600.0,2600.0,1.0,0.0
2026-09-14,TLKM,2690.0,2690.0,1.0,0.0
2026-09-15,TLKM,2700.0,2700.0,1.0,0.0
2026-09-16,TLKM,2660.0,2660.0,1.0,0.0
2026-09-17,TLKM,2590.0,2590.0,1.0,0.0
2026-09-18,TLKM,2560.0,2560.0,1.0,0.0
2026-09-21,TLKM,2500.0,2500.0,1.0,0.0
2026-09-22,TLKM,2470.0,2470.0,1.0,0.0
2026-09-23,TLKM,2440.0,2440.0,1.0,0.0
2026-09-24,TLKM,2410.0,2410.0,1.0,0.0
2026-09-25,TLKM,2410.0,2410.0,1.0,0.0
2026-09-28,TLKM,2370.0,2370.0,1.0,0.0
2026-09-29,TLKM,2370.0,2370.0,1.0,0.0
2026-09-30,TLKM,2290.0,2290.0,1.0,0.0
2026-10-01,TLKM,2250.0,2250.0,1.0,0.0
2026-10-02,TLKM,2250.0,2250.0,1.0,0.0
2026-10-05,TLKM,2290.0,2290.0,1.0,0.0
2026-10-06,TLKM,2280.0,2280.0,1.0,0.0
2026-10-07,TLKM,2310.0,2310.0,1.0,0.0
2026-10-08,TLKM,2260.0,2260.0,1.0,0.0
2026-10-09,TLKM,2320.0,2320.0,1.0,0.0
