ticker,company_name,listed_date,delisted_date,suspension_start,suspension_end,board,sector,trade_status,in_official_current_universe,in_daily_snapshot,in_local_price_data,effective_from,effective_to,source,source_date,confidence,evidence_listing_date,evidence_delisting_date,listing_evidence_confidence,delisting_evidence_confidence,suspension_event_count,open_suspension_events
AADI,,,,,,RG,,OBSERVED_IN_DAILY_SNAPSHOT,False,True,False,2026-10-02,,daily_all_stock_snapshot,2026-10-02,MEDIUM,,,UNKNOWN,UNKNOWN,0,0
AALI,,,,,,RG,,OBSERVED_IN_DAILY_SNAPSHOT,False,True,False,2026-10-02,,daily_all_stock_snapshot,2026-10-02,MEDIUM,,,UNKNOWN,UNKNOWN,0,0
ABBA,,,,,,RG,,OBSERVED_IN_DAILY_SNAPSHOT,False,True,False,2026-10-02,,daily_all_stock_snapshot,2026-10-02,MEDIUM,,,UNKNOWN,UNKNOWN,0,0
ABDA,,,,,,RG,,OBSERVED_IN_DAILY_SNAPSHOT,False,True,False,2026-10-02,,daily_all_stock_snapshot,2026-10-02,MEDIUM,,,UNKNOWN,UNKNOWN,0,0
ABMM,,,,,,RG,,OBSERVED_IN_DAILY_SNAPSHOT,False,True,False,2026-10-02,,daily_all_stock_snapshot,2026-10-02,MEDIUM,,,UNKNOWN,UNKNOWN,0,0
ACES,,,,,,RG,,OBSERVED_IN_DAILY_SNAPSHOT,False,True,False,2026-10-02,,daily_all_stock_snapshot,2026-10-02,MEDIUM,,,UNKNOWN,UNKNOWN,0,0
ACRO,,,,,,RG,,OBSERVED_IN_DAILY_SNAPSHOT,False,True,False,2026-10-02,,daily_all_stock_snapshot,2026-10-02,MEDIUM,,,UNKNOWN,UNKNOWN,0,0
ACST,,,,,,RG,,OBSERVED_IN_DAILY_SNAPSHOT,False,True,True,2026-10-02,,daily_all_stock_snapshot,2026-10-02,MEDIUM,,,UNKNOWN,UNKNOWN,0,0
ADCP,,,,,,RG,,OBSERVED_IN_DAILY_SNAPSHOT,False,True,False,2026-10-02,,daily_all_stock_snapshot,2026-10-02,MEDIUM,,,UNKNOWN,UNKNOWN,0,0
ADES,,,,,,RG,,OBSERVED_IN_DAILY_SNAPSHOT,False,True,True,2026-10-02,,daily_all_stock_snapshot,2026-10-02,MEDIUM,,,UNKNOWN,UNKNOWN,0,0
ADHI,,,,,,RG,,OBSERVED_IN_DAILY_SNAPSHOT,False,True,True,2026-10-02,,daily_all_stock_snapshot,2026-10-02,MEDIUM,,,UNKNOWN,UNKNOWN,0,0
ADMF,,,,,,RG,,OBSERVED_IN_DAILY_SNAPSHOT,False,True,False,2026-10-02,,daily_all_stock_snapshot,2026-10-02,MEDIUM,,,UNKNOWN,UNKNOWN,0,0
ADMG,,,,,,RG,,OBSERVED_IN_DAILY_SNAPSHOT,False,True,False,2026-10-02,,daily_all_stock_snapshot,2026-10-02,MEDIUM,,,UNKNOWN,UNKNOWN,0,0
ADMR,,,,,,RG,,OBSERVED_IN_DAILY_SNAPSHOT,False,True,False,2026-10-02,,daily_all_stock_snapshot,2026-10-02,MEDIUM,,,UNKNOWN,UNKNOWN,0,0
ADRO,,,,,,RG,,OBSERVED_IN_DAILY_SNAPSHOT,False,True,True,2026-10-02,,daily_all_stock_snapshot,2026-10-02,MEDIUM,,,UNKNOWN,UNKNOWN,0,0
AGAR,,,,,,RG,,OBSERVED_IN_DAILY_SNAPSHOT,False,True,False,2026-10-02,,daily_all_stock_snapshot,2026-10-02,MEDIUM,,,UNKNOWN,UNKNOWN,0,0
AGII,,,,,,RG,,OBSERVED_IN_DAILY_SNAPSHOT,False,True,False,2026-10-02,,daily_all_stock_snapshot,2026-10-02,MEDIUM,,,UNKNOWN,UNKNOWN,0,0
AGRO,,,,,,RG,,OBSERVED_IN_DAILY_SNAPSHOT,False,True,True,2026-10-02,,daily_all_stock_snapshot,2026-10-02,MEDIUM,,,UNKNOWN,UNKNOWN,0,0
AGRS,,,,,,RG,,OBSERVED_IN_DAILY_SNAPSHOT,False,True,False,2026-10-02,,daily_all_stock_snapshot,2026-10-02,MEDIUM,,,UNKNOWN,UNKNOWN,0,0
AHAP,,,,,,RG,,OBSERVED_IN_DAILY_SNAPSHOT,False,True,False,2026-10-02,,daily_all_stock_snapshot,2026-10-02,MEDIUM,,,UNKNOWN,UNKNOWN,0,0
AIMS,,,,,,RG,,OBSERVED_IN_DAILY_SNAPSHOT,False,True,False,2026-10-02,,daily_all_stock_snapshot,2026-10-02,MEDIUM,,,UNKNOWN,UNKNOWN,0,0
AISA,,,,,,RG,,OBSERVED_IN_DAILY_SNAPSHOT,False,True,False,2026-10-02,,daily_all_stock_snapshot,2026-10-02,MEDIUM,,,UNKNOWN,UNKNOWN,0,0
AKKU,,,,,,RG,,OBSERVED_IN_DAILY_SNAPSHOT,False,True,False,2026-10-02,,daily_all_stock_snapshot,2026-10-02,MEDIUM,,,UNKNOWN,UNKNOWN,0,0
AKPI,,,,,,RG,,OBSERVED_IN_DAILY_SNAPSHOT,False,True,False,2026-10-02,,daily_all_stock_snapshot,2026-10-02,MEDIUM,,,UNKNOWN,UNKNOWN,0,0
AKRA,,,,,,RG,,OBSERVED_IN_DAILY_SNAPSHOT,False,True,False,2026-10-02,,daily_all_stock_snapshot,2026-10-02,MEDIUM,,,UNKNOWN,UNKNOWN,0,0
AKSI,,,,,,RG,,OBSERVED_IN_DAILY_SNAPSHOT,False,True,False,2026-10-02,,daily_all_stock_snapshot,2026-10-02,MEDIUM,,,UNKNOWN,UNKNOWN,0,0
ALDO,,,,,,RG,,OBSERVED_IN_DAILY_SNAPSHOT,False,True,False,2026-10-02,,daily_all_stock_snapshot,2026-10-02,MEDIUM,,,UNKNOWN,UNKNOWN,0,0
ALKA,,,,,,RG,,OBSERVED_IN_DAILY_SNAPSHOT,False,True,False,2026-10-02,,daily_all_stock_snapshot,2026-10-02,MEDIUM,,,UNKNOWN,UNKNOWN,0,0
ALMI,,,,,,RG,,OBSERVED_IN_DAILY_SNAPSHOT,False,True,False,2026-10-02,,daily_all_stock_snapshot,2026-10-02,MEDIUM,,,UNKNOWN,UNKNOWN,0,0
ALTO,,,,,,RG,,OBSERVED_IN_DAILY_SNAPSHOT,False,True,True,2026-10-02,,daily_all_stock_snapshot,2026-10-02,MEDIUM,,,UNKNOWN,UNKNOWN,0,0
AMAG,,,,,,RG,,OBSERVED_IN_DAILY_SNAPSHOT,False,True,False,2026-10-02,,daily_all_stock_snapshot,2026-10-02,MEDIUM,,,UNKNOWN,UNKNOWN,0,0
AMAN,,,,,,RG,,OBSERVED_IN_DAILY_SNAPSHOT,False,True,False,2026-10-02,,daily_all_stock_snapshot,2026-10-02,MEDIUM,,,UNKNOWN,UNKNOWN,0,0
AMAR,,,,,,RG,,OBSERVED_IN_DAILY_SNAPSHOT,False,True,False,2026-10-02,,daily_all_stock_snapshot,2026-10-02,MEDIUM,,,UNKNOWN,UNKNOWN,0,0
AMFG,,,,,,RG,,OBSERVED_IN_DAILY_SNAPSHOT,False,True,False,2026-10-02,,daily_all_stock_snapshot,2026-10-02,MEDIUM,,,UNKNOWN,UNKNOWN,0,0
AMIN,,,,,,RG,,OBSERVED_IN_DAILY_SNAPSHOT,False,True,False,2026-10-02,,daily_all_stock_snapshot,2026-10-02,MEDIUM,,,UNKNOWN,UNKNOWN,0,0
AMMN,,,,,,RG,,OBSERVED_IN_DAILY_SNAPSHOT,False,True,False,2026-10-02,,daily_all_stock_snapshot,2026-10-02,MEDIUM,,,UNKNOWN,UNKNOWN,0,0
AMMS,,,,,,RG,,OBSERVED_IN_DAILY_SNAPSHOT,False,True,False,2026-10-02,,daily_all_stock_snapshot,2026-10-02,MEDIUM,,,UNKNOWN,UNKNOWN,0,0
AMOR,,,,,,RG,,OBSERVED_IN_DAILY_SNAPSHOT,False,True,False,2026-10-02,,daily_all_stock_snapshot,2026-10-02,MEDIUM,,,UNKNOWN,UNKNOWN,0,0
AMRT,,,,,,RG,,OBSERVED_IN_DAILY_SNAPSHOT,False,True,False,2026-10-02,,daily_all_stock_snapshot,2026-10-02,MEDIUM,,,UNKNOWN,UNKNOWN,0,0
ANDI,,,,,,RG,,OBSERVED_IN_DAILY_SNAPSHOT,False,True,False,2026-10-02,,daily_all_stock_snapshot,2026-10-02,MEDIUM,,,UNKNOWN,UNKNOWN,0,0
ANJT,,,,,,RG,,OBSERVED_IN_DAILY_SNAPSHOT,False,True,False,2026-10-02,,daily_all_stock_snapshot,2026-10-02,MEDIUM,,,UNKNOWN,UNKNOWN,0,0
ANTM,,,,,,RG,,OBSERVED_IN_DAILY_SNAPSHOT,False,True,True,2026-10-02,,daily_all_stock_snapshot,2026-10-02,MEDIUM,,,UNKNOWN,UNKNOWN,0,0
APEX,,,,,,RG,,OBSERVED_IN_DAILY_SNAPSHOT,False,True,False,2026-10-02,,daily_all_stock_snapshot,2026-10-02,MEDIUM,,,UNKNOWN,UNKNOWN,0,0
APIC,,,,,,RG,,OBSERVED_IN_DAILY_SNAPSHOT,False,True,False,2026-10-02,,daily_all_stock_snapshot,2026-10-02,MEDIUM,,,UNKNOWN,UNKNOWN,0,0
APII,,,,,,RG,,OBSERVED_IN_DAILY_SNAPSHOT,False,True,False,2026-10-02,,daily_all_stock_snapshot,2026-10-02,MEDIUM,,,UNKNOWN,UNKNOWN,0,0
APLI,,,,,,RG,,OBSERVED_IN_DAILY_SNAPSHOT,False,True,False,2026-10-02,,daily_all_stock_snapshot,2026-10-02,MEDIUM,,,UNKNOWN,UNKNOWN,0,0
APLN,,,,,,RG,,OBSERVED_IN_DAILY_SNAPSHOT,False,True,False,2026-10-02,,daily_all_stock_snapshot,2026-10-02,MEDIUM,,,UNKNOWN,UNKNOWN,0,0
ARCI,,,,,,RG,,OBSERVED_IN_DAILY_SNAPSHOT,False,True,False,2026-10-02,,daily_all_stock_snapshot,2026-10-02,MEDIUM,,,UNKNOWN,UNKNOWN,0,0
AREA,,,,,,RG,,OBSERVED_IN_DAILY_SNAPSHOT,False,True,False,2026-10-02,,daily_all_stock_snapshot,2026-10-02,MEDIUM,,,UNKNOWN,UNKNOWN,0,0
ARGO,,,,,,RG,,OBSERVED_IN_DAILY_SNAPSHOT,False,True,False,2026-10-02,,daily_all_stock_snapshot,2026-10-02,MEDIUM,,,UNKNOWN,UNKNOWN,0,0
ARII,,,,,,RG,,OBSERVED_IN_DAILY_SNAPSHOT,False,True,False,2026-10-02,,daily_all_stock_snapshot,2026-10-02,MEDIUM,,,UNKNOWN,UNKNOWN,0,0
ARKA,,,,,,RG,,OBSERVED_IN_DAILY_SNAPSHOT,False,True,False,2026-10-02,,daily_all_stock_snapshot,2026-10-02,MEDIUM,,,UNKNOWN,UNKNOWN,0,0
ARKO,,,,,,RG,,OBSERVED_IN_DAILY_SNAPSHOT,False,True,False,2026-10-02,,daily_all_stock_snapshot,2026-10-02,MEDIUM,,,UNKNOWN,UNKNOWN,0,0
ARMY,,,,,,RG,,OBSERVED_IN_DAILY_SNAPSHOT,False,True,False,2026-10-02,,daily_all_stock_snapshot,2026-10-02,MEDIUM,,,UNKNOWN,UNKNOWN,0,0
ARNA,,,,,,RG,,OBSERVED_IN_DAILY_SNAPSHOT,False,True,False,2026-10-02,,daily_all_stock_snapshot,2026-10-02,MEDIUM,,,UNKNOWN,UNKNOWN,0,0
ARTA,,,,,,RG,,OBSERVED_IN_DAILY_SNAPSHOT,False,True,False,2026-10-02,,daily_all_stock_snapshot,2026-10-02,MEDIUM,,,UNKNOWN,UNKNOWN,0,0
ARTI,,,,,,RG,,OBSERVED_IN_DAILY_SNAPSHOT,False,True,False,2026-10-02,,daily_all_stock_snapshot,2026-10-02,MEDIUM,,,UNKNOWN,UNKNOWN,0,0
ARTO,,,,,,RG,,OBSERVED_IN_DAILY_SNAPSHOT,False,True,False,2026-10-02,,daily_all_stock_snapshot,2026-10-02,MEDIUM,,,UNKNOWN,UNKNOWN,0,0
ASBI,,,,,,RG,,OBSERVED_IN_DAILY_SNAPSHOT,False,True,False,2026-10-02,,daily_all_stock_snapshot,2026-10-02,MEDIUM,,,UNKNOWN,UNKNOWN,0,0
ASDM,,,,,,RG,,OBSERVED_IN_DAILY_SNAPSHOT,False,True,False,2026-10-02,,daily_all_stock_snapshot,2026-10-02,MEDIUM,,,UNKNOWN,UNKNOWN,0,0
ASGR,,,,,,RG,,OBSERVED_IN_DAILY_SNAPSHOT,False,True,False,2026-10-02,,daily_all_stock_snapshot,2026-10-02,MEDIUM,,,UNKNOWN,UNKNOWN,0,0
ASHA,,,,,,RG,,OBSERVED_IN_DAILY_SNAPSHOT,False,True,False,2026-10-02,,daily_all_stock_snapshot,2026-10-02,MEDIUM,,,UNKNOWN,UNKNOWN,0,0
ASII,,,,,,RG,,OBSERVED_IN_DAILY_SNAPSHOT,False,True,True,2026-10-02,,daily_all_stock_snapshot,2026-10-02,MEDIUM,,,UNKNOWN,UNKNOWN,0,0
ASJT,,,,,,RG,,OBSERVED_IN_DAILY_SNAPSHOT,False,True,False,2026-10-02,,daily_all_stock_snapshot,2026-10-02,MEDIUM,,,UNKNOWN,UNKNOWN,0,0
ASLC,,,,,,RG,,OBSERVED_IN_DAILY_SNAPSHOT,False,True,False,2026-10-02,,daily_all_stock_snapshot,2026-10-02,MEDIUM,,,UNKNOWN,UNKNOWN,0,0
ASLI,,,,,,RG,,OBSERVED_IN_DAILY_SNAPSHOT,False,True,False,2026-10-02,,daily_all_stock_snapshot,2026-10-02,MEDIUM,,,UNKNOWN,UNKNOWN,0,0
ASMI,,,,,,RG,,OBSERVED_IN_DAILY_SNAPSHOT,False,True,False,2026-10-02,,daily_all_stock_snapshot,2026-10-02,MEDIUM,,,UNKNOWN,UNKNOWN,0,0
ASPI,,,,,,RG,,OBSERVED_IN_DAILY_SNAPSHOT,False,True,False,2026-10-02,,daily_all_stock_snapshot,2026-10-02,MEDIUM,,,UNKNOWN,UNKNOWN,0,0
ASPR,,,,,,RG,,OBSERVED_IN_DAILY_SNAPSHOT,False,True,False,2026-10-02,,daily_all_stock_snapshot,2026-10-02,MEDIUM,,,UNKNOWN,UNKNOWN,0,0
ASRI,,,,,,RG,,OBSERVED_IN_DAILY_SNAPSHOT,False,True,False,2026-10-02,,daily_all_stock_snapshot,2026-10-02,MEDIUM,,,UNKNOWN,UNKNOWN,0,0
ASRM,,,,,,RG,,OBSERVED_IN_DAILY_SNAPSHOT,False,True,False,2026-10-02,,daily_all_stock_snapshot,2026-10-02,MEDIUM,,,UNKNOWN,UNKNOWN,0,0
ASSA,,,,,,RG,,OBSERVED_IN_DAILY_SNAPSHOT,False,True,False,2026-10-02,,daily_all_stock_snapshot,2026-10-02,MEDIUM,,,UNKNOWN,UNKNOWN,0,0
ATAP,,,,,,RG,,OBSERVED_IN_DAILY_SNAPSHOT,False,True,False,2026-10-02,,daily_all_stock_snapshot,2026-10-02,MEDIUM,,,UNKNOWN,UNKNOWN,0,0
ATIC,,,,,,RG,,OBSERVED_IN_DAILY_SNAPSHOT,False,True,False,2026-10-02,,daily_all_stock_snapshot,2026-10-02,MEDIUM,,,UNKNOWN,UNKNOWN,0,0
ATLA,,,,,,RG,,OBSERVED_IN_DAILY_SNAPSHOT,False,True,False,2026-10-02,,daily_all_stock_snapshot,2026-10-02,MEDIUM,,,UNKNOWN,UNKNOWN,0,0
AUTO,,,,,,RG,,OBSERVED_IN_DAILY_SNAPSHOT,False,True,False,2026-10-02,,daily_all_stock_snapshot,2026-10-02,MEDIUM,,,UNKNOWN,UNKNOWN,0,0
AVIA,,,,,,RG,,OBSERVED_IN_DAILY_SNAPSHOT,False,True,False,2026-10-02,,daily_all_stock_snapshot,2026-10-02,MEDIUM,,,UNKNOWN,UNKNOWN,0,0
AWAN,,,,,,RG,,OBSERVED_IN_DAILY_SNAPSHOT,False,True,False,2026-10-02,,daily_all_stock_snapshot,2026-10-02,MEDIUM,,,UNKNOWN,UNKNOWN,0,0
AXIO,,,,,,RG,,OBSERVED_IN_DAILY_SNAPSHOT,False,True,False,2026-10-02,,daily_all_stock_snapshot,2026-10-02,MEDIUM,,,UNKNOWN,UNKNOWN,0,0
AYLS,,,,,,RG,,OBSERVED_IN_DAILY_SNAPSHOT,False,True,False,2026-10-02,,daily_all_stock_snapshot,2026-10-02,MEDIUM,,,UNKNOWN,UNKNOWN,0,0
BABP,,,,,,RG,,OBSERVED_IN_DAILY_SNAPSHOT,False,True,False,2026-10-02,,daily_all_stock_snapshot,2026-10-02,MEDIUM,,,UNKNOWN,UNKNOWN,0,0
BABY,,,,,,RG,,OBSERVED_IN_DAILY_SNAPSHOT,False,True,False,2026-10-02,,daily_all_stock_snapshot,2026-10-02,MEDIUM,,,UNKNOWN,UNKNOWN,0,0
BACA,,,,,,RG,,OBSERVED_IN_DAILY_SNAPSHOT,False,True,False,2026-10-02,,daily_all_stock_snapshot,2026-10-02,MEDIUM,,,UNKNOWN,UNKNOWN,0,0
BACH,,,,,,RG,,OBSERVED_IN_DAILY_SNAPSHOT,False,True,False,2026-10-02,,daily_all_stock_snapshot,2026-10-02,MEDIUM,,,UNKNOWN,UNKNOWN,0,0
BAIK,,,,,,RG,,OBSERVED_IN_DAILY_SNAPSHOT,False,True,False,2026-10-02,,daily_all_stock_snapshot,2026-10-02,MEDIUM,,,UNKNOWN,UNKNOWN,0,0
BAJA,,,,,,RG,,OBSERVED_IN_DAILY_SNAPSHOT,False,True,False,2026-10-02,,daily_all_stock_snapshot,2026-10-02,MEDIUM,,,UNKNOWN,UNKNOWN,0,0
BALI,,,,,,RG,,OBSERVED_IN_DAILY_SNAPSHOT,False,True,True,2026-10-02,,daily_all_stock_snapshot,2026-10-02,MEDIUM,,,UNKNOWN,UNKNOWN,0,0
BANK,,,,,,RG,,OBSERVED_IN_DAILY_SNAPSHOT,False,True,False,2026-10-02,,daily_all_stock_snapshot,2026-10-02,MEDIUM,,,UNKNOWN,UNKNOWN,0,0
BAPA,,,,,,RG,,OBSERVED_IN_DAILY_SNAPSHOT,False,True,False,2026-10-02,,daily_all_stock_snapshot,2026-10-02,MEDIUM,,,UNKNOWN,UNKNOWN,0,0
BAPI,,,,,,RG,,OBSERVED_IN_DAILY_SNAPSHOT,False,True,False,2026-10-02,,daily_all_stock_snapshot,2026-10-02,MEDIUM,,,UNKNOWN,UNKNOWN,0,0
BATA,,,,,,RG,,OBSERVED_IN_DAILY_SNAPSHOT,False,True,False,2026-10-02,,daily_all_stock_snapshot,2026-10-02,MEDIUM,,,UNKNOWN,UNKNOWN,0,0
BATR,,,,,,RG,,OBSERVED_IN_DAILY_SNAPSHOT,False,True,False,2026-10-02,,daily_all_stock_snapshot,2026-10-02,MEDIUM,,,UNKNOWN,UNKNOWN,0,0
BAUT,,,,,,RG,,OBSERVED_IN_DAILY_SNAPSHOT,False,True,False,2026-10-02,,daily_all_stock_snapshot,2026-10-02,MEDIUM,,,UNKNOWN,UNKNOWN,0,0
BAYU,,,,,,RG,,OBSERVED_IN_DAILY_SNAPSHOT,False,True,False,2026-10-02,,daily_all_stock_snapshot,2026-10-02,MEDIUM,,,UNKNOWN,UNKNOWN,0,0
BBCA,,,,,,RG,,OBSERVED_IN_DAILY_SNAPSHOT,False,True,True,2026-10-02,,daily_all_stock_snapshot,2026-10-02,MEDIUM,,,UNKNOWN,UNKNOWN,0,0
BBHI,,,,,,RG,,OBSERVED_IN_DAILY_SNAPSHOT,False,True,False,2026-10-02,,daily_all_stock_snapshot,2026-10-02,MEDIUM,,,UNKNOWN,UNKNOWN,0,0
BBKP,,,,,,RG,,OBSERVED_IN_DAILY_SNAPSHOT,False,True,False,2026-10-02,,daily_all_stock_snapshot,2026-10-02,MEDIUM,,,UNKNOWN,UNKNOWN,0,0
BBLD,,,,,,RG,,OBSERVED_IN_DAILY_SNAPSHOT,False,True,False,2026-10-02,,daily_all_stock_snapshot,2026-10-02,MEDIUM,,,UNKNOWN,UNKNOWN,0,0
BBMD,,,,,,RG,,OBSERVED_IN_DAILY_SNAPSHOT,False,True,False,2026-10-02,,daily_all_stock_snapshot,2026-10-02,MEDIUM,,,UNKNOWN,UNKNOWN,0,0
BBNI,,,,,,RG,,OBSERVED_IN_DAILY_SNAPSHOT,False,True,True,2026-10-02,,daily_all_stock_snapshot,2026-10-02,MEDIUM,,,UNKNOWN,UNKNOWN,0,0
BBRI,,,,,,RG,,OBSERVED_IN_DAILY_SNAPSHOT,False,True,True,2026-10-02,,daily_all_stock_snapshot,2026-10-02,MEDIUM,,,UNKNOWN,UNKNOWN,0,0
BBRM,,,,,,RG,,OBSERVED_IN_DAILY_SNAPSHOT,False,True,False,2026-10-02,,daily_all_stock_snapshot,2026-10-02,MEDIUM,,,UNKNOWN,UNKNOWN,0,0
BBSI,,,,,,RG,,OBSERVED_IN_DAILY_SNAPSHOT,False,True,False,2026-10-02,,daily_all_stock_snapshot,2026-10-02,MEDIUM,,,UNKNOWN,UNKNOWN,0,0
BBSS,,,,,,RG,,OBSERVED_IN_DAILY_SNAPSHOT,False,True,False,2026-10-02,,daily_all_stock_snapshot,2026-10-02,MEDIUM,,,UNKNOWN,UNKNOWN,0,0
BBTN,,,,,,RG,,OBSERVED_IN_DAILY_SNAPSHOT,False,True,False,2026-10-02,,daily_all_stock_snapshot,2026-10-02,MEDIUM,,,UNKNOWN,UNKNOWN,0,0
BBYB,,,,,,RG,,OBSERVED_IN_DAILY_SNAPSHOT,False,True,False,2026-10-02,,daily_all_stock_snapshot,2026-10-02,MEDIUM,,,UNKNOWN,UNKNOWN,0,0
BCAP,,,,,,RG,,OBSERVED_IN_DAILY_SNAPSHOT,False,True,False,2026-10-02,,daily_all_stock_snapshot,2026-10-02,MEDIUM,,,UNKNOWN,UNKNOWN,0,0
BCIC,,,,,,RG,,OBSERVED_IN_DAILY_SNAPSHOT,False,True,False,2026-10-02,,daily_all_stock_snapshot,2026-10-02,MEDIUM,,,UNKNOWN,UNKNOWN,0,0
BCIP,,,,,,RG,,OBSERVED_IN_DAILY_SNAPSHOT,False,True,False,2026-10-02,,daily_all_stock_snapshot,2026-10-02,MEDIUM,,,UNKNOWN,UNKNOWN,0,0
BDKR,,,,,,RG,,OBSERVED_IN_DAILY_SNAPSHOT,False,True,False,2026-10-02,,daily_all_stock_snapshot,2026-10-02,MEDIUM,,,UNKNOWN,UNKNOWN,0,0
BDMN,,,,,,RG,,OBSERVED_IN_DAILY_SNAPSHOT,False,True,True,2026-10-02,,daily_all_stock_snapshot,2026-10-02,MEDIUM,,,UNKNOWN,UNKNOWN,0,0
BEBS,,,,,,RG,,OBSERVED_IN_DAILY_SNAPSHOT,False,True,False,2026-10-02,,daily_all_stock_snapshot,2026-10-02,MEDIUM,,,UNKNOWN,UNKNOWN,0,0
BEEF,,,,,,RG,,OBSERVED_IN_DAILY_SNAPSHOT,False,True,False,2026-10-02,,daily_all_stock_snapshot,2026-10-02,MEDIUM,,,UNKNOWN,UNKNOWN,0,0
BEER,,,,,,RG,,OBSERVED_IN_DAILY_SNAPSHOT,False,True,False,2026-10-02,,daily_all_stock_snapshot,2026-10-02,MEDIUM,,,UNKNOWN,UNKNOWN,0,0
BEKS,,,,,,RG,,OBSERVED_IN_DAILY_SNAPSHOT,False,True,False,2026-10-02,,daily_all_stock_snapshot,2026-10-02,MEDIUM,,,UNKNOWN,UNKNOWN,0,0
BELI,,,,,,RG,,OBSERVED_IN_DAILY_SNAPSHOT,False,True,False,2026-10-02,,daily_all_stock_snapshot,2026-10-02,MEDIUM,,,UNKNOWN,UNKNOWN,0,0
BELL,,,,,,RG,,OBSERVED_IN_DAILY_SNAPSHOT,False,True,False,2026-10-02,,daily_all_stock_snapshot,2026-10-02,MEDIUM,,,UNKNOWN,UNKNOWN,0,0
BESS,,,,,,RG,,OBSERVED_IN_DAILY_SNAPSHOT,False,True,False,2026-10-02,,daily_all_stock_snapshot,2026-10-02,MEDIUM,,,UNKNOWN,UNKNOWN,0,0
BEST,,,,,,RG,,OBSERVED_IN_DAILY_SNAPSHOT,False,True,False,2026-10-02,,daily_all_stock_snapshot,2026-10-02,MEDIUM,,,UNKNOWN,UNKNOWN,0,0
BFIN,,,,,,RG,,OBSERVED_IN_DAILY_SNAPSHOT,False,True,False,2026-10-02,,daily_all_stock_snapshot,2026-10-02,MEDIUM,,,UNKNOWN,UNKNOWN,0,0
BGTG,,,,,,RG,,OBSERVED_IN_DAILY_SNAPSHOT,False,True,False,2026-10-02,,daily_all_stock_snapshot,2026-10-02,MEDIUM,,,UNKNOWN,UNKNOWN,0,0
BHAT,,,,,,RG,,OBSERVED_IN_DAILY_SNAPSHOT,False,True,False,2026-10-02,,daily_all_stock_snapshot,2026-10-02,MEDIUM,,,UNKNOWN,UNKNOWN,0,0
BHIT,,,,,,RG,,OBSERVED_IN_DAILY_SNAPSHOT,False,True,False,2026-10-02,,daily_all_stock_snapshot,2026-10-02,MEDIUM,,,UNKNOWN,UNKNOWN,0,0
BIKA,,,,,,RG,,OBSERVED_IN_DAILY_SNAPSHOT,False,True,False,2026-10-02,,daily_all_stock_snapshot,2026-10-02,MEDIUM,,,UNKNOWN,UNKNOWN,0,0
BIKE,,,,,,RG,,OBSERVED_IN_DAILY_SNAPSHOT,False,True,False,2026-10-02,,daily_all_stock_snapshot,2026-10-02,MEDIUM,,,UNKNOWN,UNKNOWN,0,0
BIMA,,,,,,RG,,OBSERVED_IN_DAILY_SNAPSHOT,False,True,False,2026-10-02,,daily_all_stock_snapshot,2026-10-02,MEDIUM,,,UNKNOWN,UNKNOWN,0,0
BINA,,,,,,RG,,OBSERVED_IN_DAILY_SNAPSHOT,False,True,False,2026-10-02,,daily_all_stock_snapshot,2026-10-02,MEDIUM,,,UNKNOWN,UNKNOWN,0,0
BINO,,,,,,RG,,OBSERVED_IN_DAILY_SNAPSHOT,False,True,False,2026-10-02,,daily_all_stock_snapshot,2026-10-02,MEDIUM,,,UNKNOWN,UNKNOWN,0,0
BIPI,,,,,,RG,,OBSERVED_IN_DAILY_SNAPSHOT,False,True,False,2026-10-02,,daily_all_stock_snapshot,2026-10-02,MEDIUM,,,UNKNOWN,UNKNOWN,0,0
BIPP,,,,,,RG,,OBSERVED_IN_DAILY_SNAPSHOT,False,True,False,2026-10-02,,daily_all_stock_snapshot,2026-10-02,MEDIUM,,,UNKNOWN,UNKNOWN,0,0
BIRD,,,,,,RG,,OBSERVED_IN_DAILY_SNAPSHOT,False,True,False,2026-10-02,,daily_all_stock_snapshot,2026-10-02,MEDIUM,,,UNKNOWN,UNKNOWN,0,0
BISI,,,,,,RG,,OBSERVED_IN_DAILY_SNAPSHOT,False,True,False,2026-10-02,,daily_all_stock_snapshot,2026-10-02,MEDIUM,,,UNKNOWN,UNKNOWN,0,0
BJBR,,,,,,RG,,OBSERVED_IN_DAILY_SNAPSHOT,False,True,True,2026-10-02,,daily_all_stock_snapshot,2026-10-02,MEDIUM,,,UNKNOWN,UNKNOWN,0,0
BJTM,,,,,,RG,,OBSERVED_IN_DAILY_SNAPSHOT,False,True,True,2026-10-02,,daily_all_stock_snapshot,2026-10-02,MEDIUM,,,UNKNOWN,UNKNOWN,0,0
BKDP,,,,,,RG,,OBSERVED_IN_DAILY_SNAPSHOT,False,True,False,2026-10-02,,daily_all_stock_snapshot,2026-10-02,MEDIUM,,,UNKNOWN,UNKNOWN,0,0
BKSL,,,,,,RG,,OBSERVED_IN_DAILY_SNAPSHOT,False,True,True,2026-10-02,,daily_all_stock_snapshot,2026-10-02,MEDIUM,,,UNKNOWN,UNKNOWN,0,0
BKSW,,,,,,RG,,OBSERVED_IN_DAILY_SNAPSHOT,False,True,False,2026-10-02,,daily_all_stock_snapshot,2026-10-02,MEDIUM,,,UNKNOWN,UNKNOWN,0,0
BLES,,,,,,RG,,OBSERVED_IN_DAILY_SNAPSHOT,False,True,False,2026-10-02,,daily_all_stock_snapshot,2026-10-02,MEDIUM,,,UNKNOWN,UNKNOWN,0,0
BLOG,,,,,,RG,,OBSERVED_IN_DAILY_SNAPSHOT,False,True,False,2026-10-02,,daily_all_stock_snapshot,2026-10-02,MEDIUM,,,UNKNOWN,UNKNOWN,0,0
BLTA,,,,,,RG,,OBSERVED_IN_DAILY_SNAPSHOT,False,True,False,2026-10-02,,daily_all_stock_snapshot,2026-10-02,MEDIUM,,,UNKNOWN,UNKNOWN,0,0
BLTZ,,,,,,RG,,OBSERVED_IN_DAILY_SNAPSHOT,False,True,False,2026-10-02,,daily_all_stock_snapshot,2026-10-02,MEDIUM,,,UNKNOWN,UNKNOWN,0,0
BLUE,,,,,,RG,,OBSERVED_IN_DAILY_SNAPSHOT,False,True,False,2026-10-02,,daily_all_stock_snapshot,2026-10-02,MEDIUM,,,UNKNOWN,UNKNOWN,0,0
BMAS,,,,,,RG,,OBSERVED_IN_DAILY_SNAPSHOT,False,True,False,2026-10-02,,daily_all_stock_snapshot,2026-10-02,MEDIUM,,,UNKNOWN,UNKNOWN,0,0
BMBL,,,,,,RG,,OBSERVED_IN_DAILY_SNAPSHOT,False,True,False,2026-10-02,,daily_all_stock_snapshot,2026-10-02,MEDIUM,,,UNKNOWN,UNKNOWN,0,0
BMHS,,,,,,RG,,OBSERVED_IN_DAILY_SNAPSHOT,False,True,False,2026-10-02,,daily_all_stock_snapshot,2026-10-02,MEDIUM,,,UNKNOWN,UNKNOWN,0,0
BMRI,,,,,,RG,,OBSERVED_IN_DAILY_SNAPSHOT,False,True,True,2026-10-02,,daily_all_stock_snapshot,2026-10-02,MEDIUM,,,UNKNOWN,UNKNOWN,0,0
BMSR,,,,,,RG,,OBSERVED_IN_DAILY_SNAPSHOT,False,True,False,2026-10-02,,daily_all_stock_snapshot,2026-10-02,MEDIUM,,,UNKNOWN,UNKNOWN,0,0
BMTR,,,,,,RG,,OBSERVED_IN_DAILY_SNAPSHOT,False,True,False,2026-10-02,,daily_all_stock_snapshot,2026-10-02,MEDIUM,,,UNKNOWN,UNKNOWN,0,0
BNBA,,,,,,RG,,OBSERVED_IN_DAILY_SNAPSHOT,False,True,False,2026-10-02,,daily_all_stock_snapshot,2026-10-02,MEDIUM,,,UNKNOWN,UNKNOWN,0,0
BNBR,,,,,,RG,,OBSERVED_IN_DAILY_SNAPSHOT,False,True,False,2026-10-02,,daily_all_stock_snapshot,2026-10-02,MEDIUM,,,UNKNOWN,UNKNOWN,0,0
BNGA,,,,,,RG,,OBSERVED_IN_DAILY_SNAPSHOT,False,True,True,2026-10-02,,daily_all_stock_snapshot,2026-10-02,MEDIUM,,,UNKNOWN,UNKNOWN,0,0
BNII,,,,,,RG,,OBSERVED_IN_DAILY_SNAPSHOT,False,True,True,2026-10-02,,daily_all_stock_snapshot,2026-10-02,MEDIUM,,,UNKNOWN,UNKNOWN,0,0
BNLI,,,,,,RG,,OBSERVED_IN_DAILY_SNAPSHOT,False,True,True,2026-10-02,,daily_all_stock_snapshot,2026-10-02,MEDIUM,,,UNKNOWN,UNKNOWN,0,0
BOAT,,,,,,RG,,OBSERVED_IN_DAILY_SNAPSHOT,False,True,False,2026-10-02,,daily_all_stock_snapshot,2026-10-02,MEDIUM,,,UNKNOWN,UNKNOWN,0,0
BOBA,,,,,,RG,,OBSERVED_IN_DAILY_SNAPSHOT,False,True,False,2026-10-02,,daily_all_stock_snapshot,2026-10-02,MEDIUM,,,UNKNOWN,UNKNOWN,0,0
BOGA,,,,,,RG,,OBSERVED_IN_DAILY_SNAPSHOT,False,True,False,2026-10-02,,daily_all_stock_snapshot,2026-10-02,MEDIUM,,,UNKNOWN,UNKNOWN,0,0
BOLA,,,,,,RG,,OBSERVED_IN_DAILY_SNAPSHOT,False,True,False,2026-10-02,,daily_all_stock_snapshot,2026-10-02,MEDIUM,,,UNKNOWN,UNKNOWN,0,0
BOLT,,,,,,RG,,OBSERVED_IN_DAILY_SNAPSHOT,False,True,True,2026-10-02,,daily_all_stock_snapshot,2026-10-02,MEDIUM,,,UNKNOWN,UNKNOWN,0,0
BOSS,,,,,,RG,,OBSERVED_IN_DAILY_SNAPSHOT,False,True,False,2026-10-02,,daily_all_stock_snapshot,2026-10-02,MEDIUM,,,UNKNOWN,UNKNOWN,0,0
BPFI,,,,,,RG,,OBSERVED_IN_DAILY_SNAPSHOT,False,True,False,2026-10-02,,daily_all_stock_snapshot,2026-10-02,MEDIUM,,,UNKNOWN,UNKNOWN,0,0
BPII,,,,,,RG,,OBSERVED_IN_DAILY_SNAPSHOT,False,True,False,2026-10-02,,daily_all_stock_snapshot,2026-10-02,MEDIUM,,,UNKNOWN,UNKNOWN,0,0
BPTR,,,,,,RG,,OBSERVED_IN_DAILY_SNAPSHOT,False,True,False,2026-10-02,,daily_all_stock_snapshot,2026-10-02,MEDIUM,,,UNKNOWN,UNKNOWN,0,0
BRAM,,,,,,RG,,OBSERVED_IN_DAILY_SNAPSHOT,False,True,False,2026-10-02,,daily_all_stock_snapshot,2026-10-02,MEDIUM,,,UNKNOWN,UNKNOWN,0,0
BREN,,,,,,RG,,OBSERVED_IN_DAILY_SNAPSHOT,False,True,False,2026-10-02,,daily_all_stock_snapshot,2026-10-02,MEDIUM,,,UNKNOWN,UNKNOWN,0,0
BRIS,,,,,,RG,,OBSERVED_IN_DAILY_SNAPSHOT,False,True,False,2026-10-02,,daily_all_stock_snapshot,2026-10-02,MEDIUM,,,UNKNOWN,UNKNOWN,0,0
BRMS,,,,,,RG,,OBSERVED_IN_DAILY_SNAPSHOT,False,True,True,2026-10-02,,daily_all_stock_snapshot,2026-10-02,MEDIUM,,,UNKNOWN,UNKNOWN,0,0
BRNA,,,,,,RG,,OBSERVED_IN_DAILY_SNAPSHOT,False,True,False,2026-10-02,,daily_all_stock_snapshot,2026-10-02,MEDIUM,,,UNKNOWN,UNKNOWN,0,0
BRPT,,,,,,RG,,OBSERVED_IN_DAILY_SNAPSHOT,False,True,False,2026-10-02,,daily_all_stock_snapshot,2026-10-02,MEDIUM,,,UNKNOWN,UNKNOWN,0,0
BSBK,,,,,,RG,,OBSERVED_IN_DAILY_SNAPSHOT,False,True,False,2026-10-02,,daily_all_stock_snapshot,2026-10-02,MEDIUM,,,UNKNOWN,UNKNOWN,0,0
BSDE,,,,,,RG,,OBSERVED_IN_DAILY_SNAPSHOT,False,True,True,2026-10-02,,daily_all_stock_snapshot,2026-10-02,MEDIUM,,,UNKNOWN,UNKNOWN,0,0
BSIM,,,,,,RG,,OBSERVED_IN_DAILY_SNAPSHOT,False,True,True,2026-10-02,,daily_all_stock_snapshot,2026-10-02,MEDIUM,,,UNKNOWN,UNKNOWN,0,0
BSML,,,,,,RG,,OBSERVED_IN_DAILY_SNAPSHOT,False,True,False,2026-10-02,,daily_all_stock_snapshot,2026-10-02,MEDIUM,,,UNKNOWN,UNKNOWN,0,0
BSSR,,,,,,RG,,OBSERVED_IN_DAILY_SNAPSHOT,False,True,False,2026-10-02,,daily_all_stock_snapshot,2026-10-02,MEDIUM,,,UNKNOWN,UNKNOWN,0,0
BSWD,,,,,,RG,,OBSERVED_IN_DAILY_SNAPSHOT,False,True,False,2026-10-02,,daily_all_stock_snapshot,2026-10-02,MEDIUM,,,UNKNOWN,UNKNOWN,0,0
BTEK,,,,,,RG,,OBSERVED_IN_DAILY_SNAPSHOT,False,True,False,2026-10-02,,daily_all_stock_snapshot,2026-10-02,MEDIUM,,,UNKNOWN,UNKNOWN,0,0
BTEL,,,,,,RG,,OBSERVED_IN_DAILY_SNAPSHOT,False,True,False,2026-10-02,,daily_all_stock_snapshot,2026-10-02,MEDIUM,,,UNKNOWN,UNKNOWN,0,0
BTON,,,,,,RG,,OBSERVED_IN_DAILY_SNAPSHOT,False,True,False,2026-10-02,,daily_all_stock_snapshot,2026-10-02,MEDIUM,,,UNKNOWN,UNKNOWN,0,0
BTPN,,,,,,RG,,OBSERVED_IN_DAILY_SNAPSHOT,False,True,True,2026-10-02,,daily_all_stock_snapshot,2026-10-02,MEDIUM,,,UNKNOWN,UNKNOWN,0,0
BTPS,,,,,,RG,,OBSERVED_IN_DAILY_SNAPSHOT,False,True,False,2026-10-02,,daily_all_stock_snapshot,2026-10-02,MEDIUM,,,UNKNOWN,UNKNOWN,0,0
BUAH,,,,,,RG,,OBSERVED_IN_DAILY_SNAPSHOT,False,True,False,2026-10-02,,daily_all_stock_snapshot,2026-10-02,MEDIUM,,,UNKNOWN,UNKNOWN,0,0
BUDI,,,,,,RG,,OBSERVED_IN_DAILY_SNAPSHOT,False,True,True,2026-10-02,,daily_all_stock_snapshot,2026-10-02,MEDIUM,,,UNKNOWN,UNKNOWN,0,0
BUKA,,,,,,RG,,OBSERVED_IN_DAILY_SNAPSHOT,False,True,True,2026-10-02,,daily_all_stock_snapshot,2026-10-02,MEDIUM,,,UNKNOWN,UNKNOWN,0,0
BUKK,,,,,,RG,,OBSERVED_IN_DAILY_SNAPSHOT,False,True,False,2026-10-02,,daily_all_stock_snapshot,2026-10-02,MEDIUM,,,UNKNOWN,UNKNOWN,0,0
BULL,,,,,,RG,,OBSERVED_IN_DAILY_SNAPSHOT,False,True,False,2026-10-02,,daily_all_stock_snapshot,2026-10-02,MEDIUM,,,UNKNOWN,UNKNOWN,0,0
BUMI,,,,,,RG,,OBSERVED_IN_DAILY_SNAPSHOT,False,True,False,2026-10-02,,daily_all_stock_snapshot,2026-10-02,MEDIUM,,,UNKNOWN,UNKNOWN,0,0
BUVA,,,,,,RG,,OBSERVED_IN_DAILY_SNAPSHOT,False,True,False,2026-10-02,,daily_all_stock_snapshot,2026-10-02,MEDIUM,,,UNKNOWN,UNKNOWN,0,0
BVIC,,,,,,RG,,OBSERVED_IN_DAILY_SNAPSHOT,False,True,False,2026-10-02,,daily_all_stock_snapshot,2026-10-02,MEDIUM,,,UNKNOWN,UNKNOWN,0,0
BWPT,,,,,,RG,,OBSERVED_IN_DAILY_SNAPSHOT,False,True,False,2026-10-02,,daily_all_stock_snapshot,2026-10-02,MEDIUM,,,UNKNOWN,UNKNOWN,0,0
BYAN,,,,,,RG,,OBSERVED_IN_DAILY_SNAPSHOT,False,True,False,2026-10-02,,daily_all_stock_snapshot,2026-10-02,MEDIUM,,,UNKNOWN,UNKNOWN,0,0
CAKK,,,,,,RG,,OBSERVED_IN_DAILY_SNAPSHOT,False,True,False,2026-10-02,,daily_all_stock_snapshot,2026-10-02,MEDIUM,,,UNKNOWN,UNKNOWN,0,0
CAMP,,,,,,RG,,OBSERVED_IN_DAILY_SNAPSHOT,False,True,False,2026-10-02,,daily_all_stock_snapshot,2026-10-02,MEDIUM,,,UNKNOWN,UNKNOWN,0,0
CANI,,,,,,RG,,OBSERVED_IN_DAILY_SNAPSHOT,False,True,False,2026-10-02,,daily_all_stock_snapshot,2026-10-02,MEDIUM,,,UNKNOWN,UNKNOWN,0,0
CARE,,,,,,RG,,OBSERVED_IN_DAILY_SNAPSHOT,False,True,False,2026-10-02,,daily_all_stock_snapshot,2026-10-02,MEDIUM,,,UNKNOWN,UNKNOWN,0,0
CARS,,,,,,RG,,OBSERVED_IN_DAILY_SNAPSHOT,False,True,False,2026-10-02,,daily_all_stock_snapshot,2026-10-02,MEDIUM,,,UNKNOWN,UNKNOWN,0,0
CASA,,,,,,RG,,OBSERVED_IN_DAILY_SNAPSHOT,False,True,False,2026-10-02,,daily_all_stock_snapshot,2026-10-02,MEDIUM,,,UNKNOWN,UNKNOWN,0,0
CASH,,,,,,RG,,OBSERVED_IN_DAILY_SNAPSHOT,False,True,False,2026-10-02,,daily_all_stock_snapshot,2026-10-02,MEDIUM,,,UNKNOWN,UNKNOWN,0,0
CASS,,,,,,RG,,OBSERVED_IN_DAILY_SNAPSHOT,False,True,False,2026-10-02,,daily_all_stock_snapshot,2026-10-02,MEDIUM,,,UNKNOWN,UNKNOWN,0,0
CBDK,,,,,,RG,,OBSERVED_IN_DAILY_SNAPSHOT,False,True,False,2026-10-02,,daily_all_stock_snapshot,2026-10-02,MEDIUM,,,UNKNOWN,UNKNOWN,0,0
CBMF,,,,,,RG,,OBSERVED_IN_DAILY_SNAPSHOT,False,True,False,2026-10-02,,daily_all_stock_snapshot,2026-10-02,MEDIUM,,,UNKNOWN,UNKNOWN,0,0
CBPE,,,,,,RG,,OBSERVED_IN_DAILY_SNAPSHOT,False,True,False,2026-10-02,,daily_all_stock_snapshot,2026-10-02,MEDIUM,,,UNKNOWN,UNKNOWN,0,0
CBRE,,,,,,RG,,OBSERVED_IN_DAILY_SNAPSHOT,False,True,False,2026-10-02,,daily_all_stock_snapshot,2026-10-02,MEDIUM,,,UNKNOWN,UNKNOWN,0,0
CBUT,,,,,,RG,,OBSERVED_IN_DAILY_SNAPSHOT,False,True,False,2026-10-02,,daily_all_stock_snapshot,2026-10-02,MEDIUM,,,UNKNOWN,UNKNOWN,0,0
CCSI,,,,,,RG,,OBSERVED_IN_DAILY_SNAPSHOT,False,True,False,2026-10-02,,daily_all_stock_snapshot,2026-10-02,MEDIUM,,,UNKNOWN,UNKNOWN,0,0
CDIA,,,,,,RG,,OBSERVED_IN_DAILY_SNAPSHOT,False,True,False,2026-10-02,,daily_all_stock_snapshot,2026-10-02,MEDIUM,,,UNKNOWN,UNKNOWN,0,0
CEKA,,,,,,RG,,OBSERVED_IN_DAILY_SNAPSHOT,False,True,True,2026-10-02,,daily_all_stock_snapshot,2026-10-02,MEDIUM,,,UNKNOWN,UNKNOWN,0,0
CENT,,,,,,RG,,OBSERVED_IN_DAILY_SNAPSHOT,False,True,False,2026-10-02,,daily_all_stock_snapshot,2026-10-02,MEDIUM,,,UNKNOWN,UNKNOWN,0,0
CFIN,,,,,,RG,,OBSERVED_IN_DAILY_SNAPSHOT,False,True,False,2026-10-02,,daily_all_stock_snapshot,2026-10-02,MEDIUM,,,UNKNOWN,UNKNOWN,0,0
CGAS,,,,,,RG,,OBSERVED_IN_DAILY_SNAPSHOT,False,True,False,2026-10-02,,daily_all_stock_snapshot,2026-10-02,MEDIUM,,,UNKNOWN,UNKNOWN,0,0
CHEK,,,,,,RG,,OBSERVED_IN_DAILY_SNAPSHOT,False,True,False,2026-10-02,,daily_all_stock_snapshot,2026-10-02,MEDIUM,,,UNKNOWN,UNKNOWN,0,0
CHEM,,,,,,RG,,OBSERVED_IN_DAILY_SNAPSHOT,False,True,False,2026-10-02,,daily_all_stock_snapshot,2026-10-02,MEDIUM,,,UNKNOWN,UNKNOWN,0,0
CHIP,,,,,,RG,,OBSERVED_IN_DAILY_SNAPSHOT,False,True,False,2026-10-02,,daily_all_stock_snapshot,2026-10-02,MEDIUM,,,UNKNOWN,UNKNOWN,0,0
CINT,,,,,,RG,,OBSERVED_IN_DAILY_SNAPSHOT,False,True,False,2026-10-02,,daily_all_stock_snapshot,2026-10-02,MEDIUM,,,UNKNOWN,UNKNOWN,0,0
CITA,,,,,,RG,,OBSERVED_IN_DAILY_SNAPSHOT,False,True,False,2026-10-02,,daily_all_stock_snapshot,2026-10-02,MEDIUM,,,UNKNOWN,UNKNOWN,0,0
CITY,,,,,,RG,,OBSERVED_IN_DAILY_SNAPSHOT,False,True,False,2026-10-02,,daily_all_stock_snapshot,2026-10-02,MEDIUM,,,UNKNOWN,UNKNOWN,0,0
CLAY,,,,,,RG,,OBSERVED_IN_DAILY_SNAPSHOT,False,True,False,2026-10-02,,daily_all_stock_snapshot,2026-10-02,MEDIUM,,,UNKNOWN,UNKNOWN,0,0
CLEO,,,,,,RG,,OBSERVED_IN_DAILY_SNAPSHOT,False,True,True,2026-10-02,,daily_all_stock_snapshot,2026-10-02,MEDIUM,,,UNKNOWN,UNKNOWN,0,0
CLPI,,,,,,RG,,OBSERVED_IN_DAILY_SNAPSHOT,False,True,False,2026-10-02,,daily_all_stock_snapshot,2026-10-02,MEDIUM,,,UNKNOWN,UNKNOWN,0,0
CMNP,,,,,,RG,,OBSERVED_IN_DAILY_SNAPSHOT,False,True,False,2026-10-02,,daily_all_stock_snapshot,2026-10-02,MEDIUM,,,UNKNOWN,UNKNOWN,0,0
CMNT,,,,,,RG,,OBSERVED_IN_DAILY_SNAPSHOT,False,True,False,2026-10-02,,daily_all_stock_snapshot,2026-10-02,MEDIUM,,,UNKNOWN,UNKNOWN,0,0
CMPP,,,,,,RG,,OBSERVED_IN_DAILY_SNAPSHOT,False,True,False,2026-10-02,,daily_all_stock_snapshot,2026-10-02,MEDIUM,,,UNKNOWN,UNKNOWN,0,0
CMRY,,,,,,RG,,OBSERVED_IN_DAILY_SNAPSHOT,False,True,False,2026-10-02,,daily_all_stock_snapshot,2026-10-02,MEDIUM,,,UNKNOWN,UNKNOWN,0,0
CNKO,,,,,,RG,,OBSERVED_IN_DAILY_SNAPSHOT,False,True,False,2026-10-02,,daily_all_stock_snapshot,2026-10-02,MEDIUM,,,UNKNOWN,UNKNOWN,0,0
CNMA,,,,,,RG,,OBSERVED_IN_DAILY_SNAPSHOT,False,True,False,2026-10-02,,daily_all_stock_snapshot,2026-10-02,MEDIUM,,,UNKNOWN,UNKNOWN,0,0
COAL,,,,,,RG,,OBSERVED_IN_DAILY_SNAPSHOT,False,True,False,2026-10-02,,daily_all_stock_snapshot,2026-10-02,MEDIUM,,,UNKNOWN,UNKNOWN,0,0
COCO,,,,,,RG,,OBSERVED_IN_DAILY_SNAPSHOT,False,True,False,2026-10-02,,daily_all_stock_snapshot,2026-10-02,MEDIUM,,,UNKNOWN,UNKNOWN,0,0
COIN,,,,,,RG,,OBSERVED_IN_DAILY_SNAPSHOT,False,True,False,2026-10-02,,daily_all_stock_snapshot,2026-10-02,MEDIUM,,,UNKNOWN,UNKNOWN,0,0
COWL,,,,,,RG,,OBSERVED_IN_DAILY_SNAPSHOT,False,True,False,2026-10-02,,daily_all_stock_snapshot,2026-10-02,MEDIUM,,,UNKNOWN,UNKNOWN,0,0
CPIN,,,,,,RG,,OBSERVED_IN_DAILY_SNAPSHOT,False,True,False,2026-10-02,,daily_all_stock_snapshot,2026-10-02,MEDIUM,,,UNKNOWN,UNKNOWN,0,0
CPRI,,,,,,RG,,OBSERVED_IN_DAILY_SNAPSHOT,False,True,False,2026-10-02,,daily_all_stock_snapshot,2026-10-02,MEDIUM,,,UNKNOWN,UNKNOWN,0,0
CPRO,,,,,,RG,,OBSERVED_IN_DAILY_SNAPSHOT,False,True,False,2026-10-02,,daily_all_stock_snapshot,2026-10-02,MEDIUM,,,UNKNOWN,UNKNOWN,0,0
CRAB,,,,,,RG,,OBSERVED_IN_DAILY_SNAPSHOT,False,True,False,2026-10-02,,daily_all_stock_snapshot,2026-10-02,MEDIUM,,,UNKNOWN,UNKNOWN,0,0
CRSN,,,,,,RG,,OBSERVED_IN_DAILY_SNAPSHOT,False,True,False,2026-10-02,,daily_all_stock_snapshot,2026-10-02,MEDIUM,,,UNKNOWN,UNKNOWN,0,0
CSAP,,,,,,RG,,OBSERVED_IN_DAILY_SNAPSHOT,False,True,False,2026-10-02,,daily_all_stock_snapshot,2026-10-02,MEDIUM,,,UNKNOWN,UNKNOWN,0,0
CSIS,,,,,,RG,,OBSERVED_IN_DAILY_SNAPSHOT,False,True,False,2026-10-02,,daily_all_stock_snapshot,2026-10-02,MEDIUM,,,UNKNOWN,UNKNOWN,0,0
CSMI,,,,,,RG,,OBSERVED_IN_DAILY_SNAPSHOT,False,True,False,2026-10-02,,daily_all_stock_snapshot,2026-10-02,MEDIUM,,,UNKNOWN,UNKNOWN,0,0
CSRA,,,,,,RG,,OBSERVED_IN_DAILY_SNAPSHOT,False,True,False,2026-10-02,,daily_all_stock_snapshot,2026-10-02,MEDIUM,,,UNKNOWN,UNKNOWN,0,0
CTBN,,,,,,RG,,OBSERVED_IN_DAILY_SNAPSHOT,False,True,False,2026-10-02,,daily_all_stock_snapshot,2026-10-02,MEDIUM,,,UNKNOWN,UNKNOWN,0,0
CTRA,,,,,,RG,,OBSERVED_IN_DAILY_SNAPSHOT,False,True,True,2026-10-02,,daily_all_stock_snapshot,2026-10-02,MEDIUM,,,UNKNOWN,UNKNOWN,0,0
CTTH,,,,,,RG,,OBSERVED_IN_DAILY_SNAPSHOT,False,True,False,2026-10-02,,daily_all_stock_snapshot,2026-10-02,MEDIUM,,,UNKNOWN,UNKNOWN,0,0
CUAN,,,,,,RG,,OBSERVED_IN_DAILY_SNAPSHOT,False,True,False,2026-10-02,,daily_all_stock_snapshot,2026-10-02,MEDIUM,,,UNKNOWN,UNKNOWN,0,0
CYBR,,,,,,RG,,OBSERVED_IN_DAILY_SNAPSHOT,False,True,False,2026-10-02,,daily_all_stock_snapshot,2026-10-02,MEDIUM,,,UNKNOWN,UNKNOWN,0,0
DAAZ,,,,,,RG,,OBSERVED_IN_DAILY_SNAPSHOT,False,True,False,2026-10-02,,daily_all_stock_snapshot,2026-10-02,MEDIUM,,,UNKNOWN,UNKNOWN,0,0
DADA,,,,,,RG,,OBSERVED_IN_DAILY_SNAPSHOT,False,True,False,2026-10-02,,daily_all_stock_snapshot,2026-10-02,MEDIUM,,,UNKNOWN,UNKNOWN,0,0
DART,,,,,,RG,,OBSERVED_IN_DAILY_SNAPSHOT,False,True,False,2026-10-02,,daily_all_stock_snapshot,2026-10-02,MEDIUM,,,UNKNOWN,UNKNOWN,0,0
DATA,,,,,,RG,,OBSERVED_IN_DAILY_SNAPSHOT,False,True,False,2026-10-02,,daily_all_stock_snapshot,2026-10-02,MEDIUM,,,UNKNOWN,UNKNOWN,0,0
DAYA,,,,,,RG,,OBSERVED_IN_DAILY_SNAPSHOT,False,True,False,2026-10-02,,daily_all_stock_snapshot,2026-10-02,MEDIUM,,,UNKNOWN,UNKNOWN,0,0
DCII,,,,,,RG,,OBSERVED_IN_DAILY_SNAPSHOT,False,True,False,2026-10-02,,daily_all_stock_snapshot,2026-10-02,MEDIUM,,,UNKNOWN,UNKNOWN,0,0
DEAL,,,,,,RG,,OBSERVED_IN_DAILY_SNAPSHOT,False,True,False,2026-10-02,,daily_all_stock_snapshot,2026-10-02,MEDIUM,,,UNKNOWN,UNKNOWN,0,0
DEFI,,,,,,RG,,OBSERVED_IN_DAILY_SNAPSHOT,False,True,False,2026-10-02,,daily_all_stock_snapshot,2026-10-02,MEDIUM,,,UNKNOWN,UNKNOWN,0,0
DEPO,,,,,,RG,,OBSERVED_IN_DAILY_SNAPSHOT,False,True,False,2026-10-02,,daily_all_stock_snapshot,2026-10-02,MEDIUM,,,UNKNOWN,UNKNOWN,0,0
DEWA,,,,,,RG,,OBSERVED_IN_DAILY_SNAPSHOT,False,True,False,2026-10-02,,daily_all_stock_snapshot,2026-10-02,MEDIUM,,,UNKNOWN,UNKNOWN,0,0
DEWI,,,,,,RG,,OBSERVED_IN_DAILY_SNAPSHOT,False,True,False,2026-10-02,,daily_all_stock_snapshot,2026-10-02,MEDIUM,,,UNKNOWN,UNKNOWN,0,0
DFAM,,,,,,RG,,OBSERVED_IN_DAILY_SNAPSHOT,False,True,False,2026-10-02,,daily_all_stock_snapshot,2026-10-02,MEDIUM,,,UNKNOWN,UNKNOWN,0,0
DGIK,,,,,,RG,,OBSERVED_IN_DAILY_SNAPSHOT,False,True,False,2026-10-02,,daily_all_stock_snapshot,2026-10-02,MEDIUM,,,UNKNOWN,UNKNOWN,0,0
DGNS,,,,,,RG,,OBSERVED_IN_DAILY_SNAPSHOT,False,True,False,2026-10-02,,daily_all_stock_snapshot,2026-10-02,MEDIUM,,,UNKNOWN,UNKNOWN,0,0
DGWG,,,,,,RG,,OBSERVED_IN_DAILY_SNAPSHOT,False,True,False,2026-10-02,,daily_all_stock_snapshot,2026-10-02,MEDIUM,,,UNKNOWN,UNKNOWN,0,0
DIGI,,,,,,RG,,OBSERVED_IN_DAILY_SNAPSHOT,False,True,False,2026-10-02,,daily_all_stock_snapshot,2026-10-02,MEDIUM,,,UNKNOWN,UNKNOWN,0,0
DILD,,,,,,RG,,OBSERVED_IN_DAILY_SNAPSHOT,False,True,False,2026-10-02,,daily_all_stock_snapshot,2026-10-02,MEDIUM,,,UNKNOWN,UNKNOWN,0,0
DIVA,,,,,,RG,,OBSERVED_IN_DAILY_SNAPSHOT,False,True,False,2026-10-02,,daily_all_stock_snapshot,2026-10-02,MEDIUM,,,UNKNOWN,UNKNOWN,0,0
DKFT,,,,,,RG,,OBSERVED_IN_DAILY_SNAPSHOT,False,True,False,2026-10-02,,daily_all_stock_snapshot,2026-10-02,MEDIUM,,,UNKNOWN,UNKNOWN,0,0
DKHH,,,,,,RG,,OBSERVED_IN_DAILY_SNAPSHOT,False,True,False,2026-10-02,,daily_all_stock_snapshot,2026-10-02,MEDIUM,,,UNKNOWN,UNKNOWN,0,0
DLTA,,,,,,RG,,OBSERVED_IN_DAILY_SNAPSHOT,False,True,True,2026-10-02,,daily_all_stock_snapshot,2026-10-02,MEDIUM,,,UNKNOWN,UNKNOWN,0,0
DMAS,,,,,,RG,,OBSERVED_IN_DAILY_SNAPSHOT,False,True,False,2026-10-02,,daily_all_stock_snapshot,2026-10-02,MEDIUM,,,UNKNOWN,UNKNOWN,0,0
DMMX,,,,,,RG,,OBSERVED_IN_DAILY_SNAPSHOT,False,True,False,2026-10-02,,daily_all_stock_snapshot,2026-10-02,MEDIUM,,,UNKNOWN,UNKNOWN,0,0
DMND,,,,,,RG,,OBSERVED_IN_DAILY_SNAPSHOT,False,True,False,2026-10-02,,daily_all_stock_snapshot,2026-10-02,MEDIUM,,,UNKNOWN,UNKNOWN,0,0
DNAR,,,,,,RG,,OBSERVED_IN_DAILY_SNAPSHOT,False,True,False,2026-10-02,,daily_all_stock_snapshot,2026-10-02,MEDIUM,,,UNKNOWN,UNKNOWN,0,0
DNET,,,,,,RG,,OBSERVED_IN_DAILY_SNAPSHOT,False,True,False,2026-10-02,,daily_all_stock_snapshot,2026-10-02,MEDIUM,,,UNKNOWN,UNKNOWN,0,0
DOID,,,,,,RG,,OBSERVED_IN_DAILY_SNAPSHOT,False,True,False,2026-10-02,,daily_all_stock_snapshot,2026-10-02,MEDIUM,,,UNKNOWN,UNKNOWN,0,0
DOOH,,,,,,RG,,OBSERVED_IN_DAILY_SNAPSHOT,False,True,False,2026-10-02,,daily_all_stock_snapshot,2026-10-02,MEDIUM,,,UNKNOWN,UNKNOWN,0,0
DOSS,,,,,,RG,,OBSERVED_IN_DAILY_SNAPSHOT,False,True,False,2026-10-02,,daily_all_stock_snapshot,2026-10-02,MEDIUM,,,UNKNOWN,UNKNOWN,0,0
DPNS,,,,,,RG,,OBSERVED_IN_DAILY_SNAPSHOT,False,True,False,2026-10-02,,daily_all_stock_snapshot,2026-10-02,MEDIUM,,,UNKNOWN,UNKNOWN,0,0
DPUM,,,,,,RG,,OBSERVED_IN_DAILY_SNAPSHOT,False,True,False,2026-10-02,,daily_all_stock_snapshot,2026-10-02,MEDIUM,,,UNKNOWN,UNKNOWN,0,0
DRMA,,,,,,RG,,OBSERVED_IN_DAILY_SNAPSHOT,False,True,False,2026-10-02,,daily_all_stock_snapshot,2026-10-02,MEDIUM,,,UNKNOWN,UNKNOWN,0,0
DSFI,,,,,,RG,,OBSERVED_IN_DAILY_SNAPSHOT,False,True,False,2026-10-02,,daily_all_stock_snapshot,2026-10-02,MEDIUM,,,UNKNOWN,UNKNOWN,0,0
DSNG,,,,,,RG,,OBSERVED_IN_DAILY_SNAPSHOT,False,True,False,2026-10-02,,daily_all_stock_snapshot,2026-10-02,MEDIUM,,,UNKNOWN,UNKNOWN,0,0
DSSA,,,,,,RG,,OBSERVED_IN_DAILY_SNAPSHOT,False,True,False,2026-10-02,,daily_all_stock_snapshot,2026-10-02,MEDIUM,,,UNKNOWN,UNKNOWN,0,0
DUCK,,,,,,RG,,OBSERVED_IN_DAILY_SNAPSHOT,False,True,False,2026-10-02,,daily_all_stock_snapshot,2026-10-02,MEDIUM,,,UNKNOWN,UNKNOWN,0,0
DUTI,,,,,,RG,,OBSERVED_IN_DAILY_SNAPSHOT,False,True,False,2026-10-02,,daily_all_stock_snapshot,2026-10-02,MEDIUM,,,UNKNOWN,UNKNOWN,0,0
DVLA,,,,,,RG,,OBSERVED_IN_DAILY_SNAPSHOT,False,True,True,2026-10-02,,daily_all_stock_snapshot,2026-10-02,MEDIUM,,,UNKNOWN,UNKNOWN,0,0
DWGL,,,,,,RG,,OBSERVED_IN_DAILY_SNAPSHOT,False,True,False,2026-10-02,,daily_all_stock_snapshot,2026-10-02,MEDIUM,,,UNKNOWN,UNKNOWN,0,0
DYAN,,,,,,RG,,OBSERVED_IN_DAILY_SNAPSHOT,False,True,False,2026-10-02,,daily_all_stock_snapshot,2026-10-02,MEDIUM,,,UNKNOWN,UNKNOWN,0,0
EAST,,,,,,RG,,OBSERVED_IN_DAILY_SNAPSHOT,False,True,False,2026-10-02,,daily_all_stock_snapshot,2026-10-02,MEDIUM,,,UNKNOWN,UNKNOWN,0,0
ECII,,,,,,RG,,OBSERVED_IN_DAILY_SNAPSHOT,False,True,False,2026-10-02,,daily_all_stock_snapshot,2026-10-02,MEDIUM,,,UNKNOWN,UNKNOWN,0,0
EDGE,,,,,,RG,,OBSERVED_IN_DAILY_SNAPSHOT,False,True,False,2026-10-02,,daily_all_stock_snapshot,2026-10-02,MEDIUM,,,UNKNOWN,UNKNOWN,0,0
EKAD,,,,,,RG,,OBSERVED_IN_DAILY_SNAPSHOT,False,True,False,2026-10-02,,daily_all_stock_snapshot,2026-10-02,MEDIUM,,,UNKNOWN,UNKNOWN,0,0
ELIT,,,,,,RG,,OBSERVED_IN_DAILY_SNAPSHOT,False,True,False,2026-10-02,,daily_all_stock_snapshot,2026-10-02,MEDIUM,,,UNKNOWN,UNKNOWN,0,0
ELPI,,,,,,RG,,OBSERVED_IN_DAILY_SNAPSHOT,False,True,False,2026-10-02,,daily_all_stock_snapshot,2026-10-02,MEDIUM,,,UNKNOWN,UNKNOWN,0,0
ELSA,,,,,,RG,,OBSERVED_IN_DAILY_SNAPSHOT,False,True,True,2026-10-02,,daily_all_stock_snapshot,2026-10-02,MEDIUM,,,UNKNOWN,UNKNOWN,0,0
ELTY,,,,,,RG,,OBSERVED_IN_DAILY_SNAPSHOT,False,True,False,2026-10-02,,daily_all_stock_snapshot,2026-10-02,MEDIUM,,,UNKNOWN,UNKNOWN,0,0
EMAS,,,,,,RG,,OBSERVED_IN_DAILY_SNAPSHOT,False,True,False,2026-10-02,,daily_all_stock_snapshot,2026-10-02,MEDIUM,,,UNKNOWN,UNKNOWN,0,0
EMDE,,,,,,RG,,OBSERVED_IN_DAILY_SNAPSHOT,False,True,False,2026-10-02,,daily_all_stock_snapshot,2026-10-02,MEDIUM,,,UNKNOWN,UNKNOWN,0,0
EMMI,,,,,,RG,,OBSERVED_IN_DAILY_SNAPSHOT,False,True,False,2026-10-02,,daily_all_stock_snapshot,2026-10-02,MEDIUM,,,UNKNOWN,UNKNOWN,0,0
EMTK,,,,,,RG,,OBSERVED_IN_DAILY_SNAPSHOT,False,True,True,2026-10-02,,daily_all_stock_snapshot,2026-10-02,MEDIUM,,,UNKNOWN,UNKNOWN,0,0
ENAK,,,,,,RG,,OBSERVED_IN_DAILY_SNAPSHOT,False,True,False,2026-10-02,,daily_all_stock_snapshot,2026-10-02,MEDIUM,,,UNKNOWN,UNKNOWN,0,0
ENRG,,,,,,RG,,OBSERVED_IN_DAILY_SNAPSHOT,False,True,False,2026-10-02,,daily_all_stock_snapshot,2026-10-02,MEDIUM,,,UNKNOWN,UNKNOWN,0,0
ENVY,,,,,,RG,,OBSERVED_IN_DAILY_SNAPSHOT,False,True,False,2026-10-02,,daily_all_stock_snapshot,2026-10-02,MEDIUM,,,UNKNOWN,UNKNOWN,0,0
ENZO,,,,,,RG,,OBSERVED_IN_DAILY_SNAPSHOT,False,True,False,2026-10-02,,daily_all_stock_snapshot,2026-10-02,MEDIUM,,,UNKNOWN,UNKNOWN,0,0
EPAC,,,,,,RG,,OBSERVED_IN_DAILY_SNAPSHOT,False,True,False,2026-10-02,,daily_all_stock_snapshot,2026-10-02,MEDIUM,,,UNKNOWN,UNKNOWN,0,0
EPMT,,,,,,RG,,OBSERVED_IN_DAILY_SNAPSHOT,False,True,False,2026-10-02,,daily_all_stock_snapshot,2026-10-02,MEDIUM,,,UNKNOWN,UNKNOWN,0,0
ERAA,,,,,,RG,,OBSERVED_IN_DAILY_SNAPSHOT,False,True,False,2026-10-02,,daily_all_stock_snapshot,2026-10-02,MEDIUM,,,UNKNOWN,UNKNOWN,0,0
ERAL,,,,,,RG,,OBSERVED_IN_DAILY_SNAPSHOT,False,True,False,2026-10-02,,daily_all_stock_snapshot,2026-10-02,MEDIUM,,,UNKNOWN,UNKNOWN,0,0
ERTX,,,,,,RG,,OBSERVED_IN_DAILY_SNAPSHOT,False,True,False,2026-10-02,,daily_all_stock_snapshot,2026-10-02,MEDIUM,,,UNKNOWN,UNKNOWN,0,0
ESIP,,,,,,RG,,OBSERVED_IN_DAILY_SNAPSHOT,False,True,False,2026-10-02,,daily_all_stock_snapshot,2026-10-02,MEDIUM,,,UNKNOWN,UNKNOWN,0,0
ESSA,,,,,,RG,,OBSERVED_IN_DAILY_SNAPSHOT,False,True,False,2026-10-02,,daily_all_stock_snapshot,2026-10-02,MEDIUM,,,UNKNOWN,UNKNOWN,0,0
ESTA,,,,,,RG,,OBSERVED_IN_DAILY_SNAPSHOT,False,True,False,2026-10-02,,daily_all_stock_snapshot,2026-10-02,MEDIUM,,,UNKNOWN,UNKNOWN,0,0
ESTI,,,,,,RG,,OBSERVED_IN_DAILY_SNAPSHOT,False,True,False,2026-10-02,,daily_all_stock_snapshot,2026-10-02,MEDIUM,,,UNKNOWN,UNKNOWN,0,0
ETWA,,,,,,RG,,OBSERVED_IN_DAILY_SNAPSHOT,False,True,False,2026-10-02,,daily_all_stock_snapshot,2026-10-02,MEDIUM,,,UNKNOWN,UNKNOWN,0,0
EURO,,,,,,RG,,OBSERVED_IN_DAILY_SNAPSHOT,False,True,False,2026-10-02,,daily_all_stock_snapshot,2026-10-02,MEDIUM,,,UNKNOWN,UNKNOWN,0,0
EXCL,,,,,,RG,,OBSERVED_IN_DAILY_SNAPSHOT,False,True,True,2026-10-02,,daily_all_stock_snapshot,2026-10-02,MEDIUM,,,UNKNOWN,UNKNOWN,0,0
FAPA,,,,,,RG,,OBSERVED_IN_DAILY_SNAPSHOT,False,True,False,2026-10-02,,daily_all_stock_snapshot,2026-10-02,MEDIUM,,,UNKNOWN,UNKNOWN,0,0
FAST,,,,,,RG,,OBSERVED_IN_DAILY_SNAPSHOT,False,True,False,2026-10-02,,daily_all_stock_snapshot,2026-10-02,MEDIUM,,,UNKNOWN,UNKNOWN,0,0
FASW,,,,,,RG,,OBSERVED_IN_DAILY_SNAPSHOT,False,True,False,2026-10-02,,daily_all_stock_snapshot,2026-10-02,MEDIUM,,,UNKNOWN,UNKNOWN,0,0
FILM,,,,,,RG,,OBSERVED_IN_DAILY_SNAPSHOT,False,True,False,2026-10-02,,daily_all_stock_snapshot,2026-10-02,MEDIUM,,,UNKNOWN,UNKNOWN,0,0
FIMP,,,,,,RG,,OBSERVED_IN_DAILY_SNAPSHOT,False,True,False,2026-10-02,,daily_all_stock_snapshot,2026-10-02,MEDIUM,,,UNKNOWN,UNKNOWN,0,0
FIRE,,,,,,RG,,OBSERVED_IN_DAILY_SNAPSHOT,False,True,False,2026-10-02,,daily_all_stock_snapshot,2026-10-02,MEDIUM,,,UNKNOWN,UNKNOWN,0,0
FISH,,,,,,RG,,OBSERVED_IN_DAILY_SNAPSHOT,False,True,False,2026-10-02,,daily_all_stock_snapshot,2026-10-02,MEDIUM,,,UNKNOWN,UNKNOWN,0,0
FITT,,,,,,RG,,OBSERVED_IN_DAILY_SNAPSHOT,False,True,False,2026-10-02,,daily_all_stock_snapshot,2026-10-02,MEDIUM,,,UNKNOWN,UNKNOWN,0,0
FLMC,,,,,,RG,,OBSERVED_IN_DAILY_SNAPSHOT,False,True,False,2026-10-02,,daily_all_stock_snapshot,2026-10-02,MEDIUM,,,UNKNOWN,UNKNOWN,0,0
FMII,,,,,,RG,,OBSERVED_IN_DAILY_SNAPSHOT,False,True,False,2026-10-02,,daily_all_stock_snapshot,2026-10-02,MEDIUM,,,UNKNOWN,UNKNOWN,0,0
FOLK,,,,,,RG,,OBSERVED_IN_DAILY_SNAPSHOT,False,True,False,2026-10-02,,daily_all_stock_snapshot,2026-10-02,MEDIUM,,,UNKNOWN,UNKNOWN,0,0
FOOD,,,,,,RG,,OBSERVED_IN_DAILY_SNAPSHOT,False,True,False,2026-10-02,,daily_all_stock_snapshot,2026-10-02,MEDIUM,,,UNKNOWN,UNKNOWN,0,0
FORE,,,,,,RG,,OBSERVED_IN_DAILY_SNAPSHOT,False,True,False,2026-10-02,,daily_all_stock_snapshot,2026-10-02,MEDIUM,,,UNKNOWN,UNKNOWN,0,0
FORU,,,,,,RG,,OBSERVED_IN_DAILY_SNAPSHOT,False,True,False,2026-10-02,,daily_all_stock_snapshot,2026-10-02,MEDIUM,,,UNKNOWN,UNKNOWN,0,0
FPNI,,,,,,RG,,OBSERVED_IN_DAILY_SNAPSHOT,False,True,False,2026-10-02,,daily_all_stock_snapshot,2026-10-02,MEDIUM,,,UNKNOWN,UNKNOWN,0,0
FUJI,,,,,,RG,,OBSERVED_IN_DAILY_SNAPSHOT,False,True,False,2026-10-02,,daily_all_stock_snapshot,2026-10-02,MEDIUM,,,UNKNOWN,UNKNOWN,0,0
FUTR,,,,,,RG,,OBSERVED_IN_DAILY_SNAPSHOT,False,True,False,2026-10-02,,daily_all_stock_snapshot,2026-10-02,MEDIUM,,,UNKNOWN,UNKNOWN,0,0
FWCT,,,,,,RG,,OBSERVED_IN_DAILY_SNAPSHOT,False,True,False,2026-10-02,,daily_all_stock_snapshot,2026-10-02,MEDIUM,,,UNKNOWN,UNKNOWN,0,0
GAMA,,,,,,RG,,OBSERVED_IN_DAILY_SNAPSHOT,False,True,False,2026-10-02,,daily_all_stock_snapshot,2026-10-02,MEDIUM,,,UNKNOWN,UNKNOWN,0,0
GDST,,,,,,RG,,OBSERVED_IN_DAILY_SNAPSHOT,False,True,False,2026-10-02,,daily_all_stock_snapshot,2026-10-02,MEDIUM,,,UNKNOWN,UNKNOWN,0,0
GDYR,,,,,,RG,,OBSERVED_IN_DAILY_SNAPSHOT,False,True,False,2026-10-02,,daily_all_stock_snapshot,2026-10-02,MEDIUM,,,UNKNOWN,UNKNOWN,0,0
GEMA,,,,,,RG,,OBSERVED_IN_DAILY_SNAPSHOT,False,True,False,2026-10-02,,daily_all_stock_snapshot,2026-10-02,MEDIUM,,,UNKNOWN,UNKNOWN,0,0
GEMS,,,,,,RG,,OBSERVED_IN_DAILY_SNAPSHOT,False,True,False,2026-10-02,,daily_all_stock_snapshot,2026-10-02,MEDIUM,,,UNKNOWN,UNKNOWN,0,0
GGRM,,,,,,RG,,OBSERVED_IN_DAILY_SNAPSHOT,False,True,True,2026-10-02,,daily_all_stock_snapshot,2026-10-02,MEDIUM,,,UNKNOWN,UNKNOWN,0,0
GGRP,,,,,,RG,,OBSERVED_IN_DAILY_SNAPSHOT,False,True,False,2026-10-02,,daily_all_stock_snapshot,2026-10-02,MEDIUM,,,UNKNOWN,UNKNOWN,0,0
GHON,,,,,,RG,,OBSERVED_IN_DAILY_SNAPSHOT,False,True,False,2026-10-02,,daily_all_stock_snapshot,2026-10-02,MEDIUM,,,UNKNOWN,UNKNOWN,0,0
GIAA,,,,,,RG,,OBSERVED_IN_DAILY_SNAPSHOT,False,True,False,2026-10-02,,daily_all_stock_snapshot,2026-10-02,MEDIUM,,,UNKNOWN,UNKNOWN,0,0
GJTL,,,,,,RG,,OBSERVED_IN_DAILY_SNAPSHOT,False,True,True,2026-10-02,,daily_all_stock_snapshot,2026-10-02,MEDIUM,,,UNKNOWN,UNKNOWN,0,0
GLOB,,,,,,RG,,OBSERVED_IN_DAILY_SNAPSHOT,False,True,False,2026-10-02,,daily_all_stock_snapshot,2026-10-02,MEDIUM,,,UNKNOWN,UNKNOWN,0,0
GLVA,,,,,,RG,,OBSERVED_IN_DAILY_SNAPSHOT,False,True,False,2026-10-02,,daily_all_stock_snapshot,2026-10-02,MEDIUM,,,UNKNOWN,UNKNOWN,0,0
GMFI,,,,,,RG,,OBSERVED_IN_DAILY_SNAPSHOT,False,True,False,2026-10-02,,daily_all_stock_snapshot,2026-10-02,MEDIUM,,,UNKNOWN,UNKNOWN,0,0
GMTD,,,,,,RG,,OBSERVED_IN_DAILY_SNAPSHOT,False,True,False,2026-10-02,,daily_all_stock_snapshot,2026-10-02,MEDIUM,,,UNKNOWN,UNKNOWN,0,0
GOLD,,,,,,RG,,OBSERVED_IN_DAILY_SNAPSHOT,False,True,False,2026-10-02,,daily_all_stock_snapshot,2026-10-02,MEDIUM,,,UNKNOWN,UNKNOWN,0,0
GOLF,,,,,,RG,,OBSERVED_IN_DAILY_SNAPSHOT,False,True,False,2026-10-02,,daily_all_stock_snapshot,2026-10-02,MEDIUM,,,UNKNOWN,UNKNOWN,0,0
GOLL,,,,,,RG,,OBSERVED_IN_DAILY_SNAPSHOT,False,True,False,2026-10-02,,daily_all_stock_snapshot,2026-10-02,MEDIUM,,,UNKNOWN,UNKNOWN,0,0
GOOD,,,,,,RG,,OBSERVED_IN_DAILY_SNAPSHOT,False,True,False,2026-10-02,,daily_all_stock_snapshot,2026-10-02,MEDIUM,,,UNKNOWN,UNKNOWN,0,0
GOTO,,,,,,RG,,OBSERVED_IN_DAILY_SNAPSHOT,False,True,True,2026-10-02,,daily_all_stock_snapshot,2026-10-02,MEDIUM,,,UNKNOWN,UNKNOWN,0,0
GPRA,,,,,,RG,,OBSERVED_IN_DAILY_SNAPSHOT,False,True,False,2026-10-02,,daily_all_stock_snapshot,2026-10-02,MEDIUM,,,UNKNOWN,UNKNOWN,0,0
GPSO,,,,,,RG,,OBSERVED_IN_DAILY_SNAPSHOT,False,True,False,2026-10-02,,daily_all_stock_snapshot,2026-10-02,MEDIUM,,,UNKNOWN,UNKNOWN,0,0
GRIA,,,,,,RG,,OBSERVED_IN_DAILY_SNAPSHOT,False,True,False,2026-10-02,,daily_all_stock_snapshot,2026-10-02,MEDIUM,,,UNKNOWN,UNKNOWN,0,0
GRPH,,,,,,RG,,OBSERVED_IN_DAILY_SNAPSHOT,False,True,False,2026-10-02,,daily_all_stock_snapshot,2026-10-02,MEDIUM,,,UNKNOWN,UNKNOWN,0,0
GRPM,,,,,,RG,,OBSERVED_IN_DAILY_SNAPSHOT,False,True,False,2026-10-02,,daily_all_stock_snapshot,2026-10-02,MEDIUM,,,UNKNOWN,UNKNOWN,0,0
GSMF,,,,,,RG,,OBSERVED_IN_DAILY_SNAPSHOT,False,True,False,2026-10-02,,daily_all_stock_snapshot,2026-10-02,MEDIUM,,,UNKNOWN,UNKNOWN,0,0
GTBO,,,,,,RG,,OBSERVED_IN_DAILY_SNAPSHOT,False,True,False,2026-10-02,,daily_all_stock_snapshot,2026-10-02,MEDIUM,,,UNKNOWN,UNKNOWN,0,0
GTRA,,,,,,RG,,OBSERVED_IN_DAILY_SNAPSHOT,False,True,False,2026-10-02,,daily_all_stock_snapshot,2026-10-02,MEDIUM,,,UNKNOWN,UNKNOWN,0,0
GTSI,,,,,,RG,,OBSERVED_IN_DAILY_SNAPSHOT,False,True,False,2026-10-02,,daily_all_stock_snapshot,2026-10-02,MEDIUM,,,UNKNOWN,UNKNOWN,0,0
GULA,,,,,,RG,,OBSERVED_IN_DAILY_SNAPSHOT,False,True,False,2026-10-02,,daily_all_stock_snapshot,2026-10-02,MEDIUM,,,UNKNOWN,UNKNOWN,0,0
GUNA,,,,,,RG,,OBSERVED_IN_DAILY_SNAPSHOT,False,True,False,2026-10-02,,daily_all_stock_snapshot,2026-10-02,MEDIUM,,,UNKNOWN,UNKNOWN,0,0
GWSA,,,,,,RG,,OBSERVED_IN_DAILY_SNAPSHOT,False,True,False,2026-10-02,,daily_all_stock_snapshot,2026-10-02,MEDIUM,,,UNKNOWN,UNKNOWN,0,0
GZCO,,,,,,RG,,OBSERVED_IN_DAILY_SNAPSHOT,False,True,False,2026-10-02,,daily_all_stock_snapshot,2026-10-02,MEDIUM,,,UNKNOWN,UNKNOWN,0,0
HADE,,,,,,RG,,OBSERVED_IN_DAILY_SNAPSHOT,False,True,False,2026-10-02,,daily_all_stock_snapshot,2026-10-02,MEDIUM,,,UNKNOWN,UNKNOWN,0,0
HAIS,,,,,,RG,,OBSERVED_IN_DAILY_SNAPSHOT,False,True,False,2026-10-02,,daily_all_stock_snapshot,2026-10-02,MEDIUM,,,UNKNOWN,UNKNOWN,0,0
HAJJ,,,,,,RG,,OBSERVED_IN_DAILY_SNAPSHOT,False,True,False,2026-10-02,,daily_all_stock_snapshot,2026-10-02,MEDIUM,,,UNKNOWN,UNKNOWN,0,0
HALO,,,,,,RG,,OBSERVED_IN_DAILY_SNAPSHOT,False,True,False,2026-10-02,,daily_all_stock_snapshot,2026-10-02,MEDIUM,,,UNKNOWN,UNKNOWN,0,0
HATM,,,,,,RG,,OBSERVED_IN_DAILY_SNAPSHOT,False,True,False,2026-10-02,,daily_all_stock_snapshot,2026-10-02,MEDIUM,,,UNKNOWN,UNKNOWN,0,0
HBAT,,,,,,RG,,OBSERVED_IN_DAILY_SNAPSHOT,False,True,False,2026-10-02,,daily_all_stock_snapshot,2026-10-02,MEDIUM,,,UNKNOWN,UNKNOWN,0,0
HDFA,,,,,,RG,,OBSERVED_IN_DAILY_SNAPSHOT,False,True,False,2026-10-02,,daily_all_stock_snapshot,2026-10-02,MEDIUM,,,UNKNOWN,UNKNOWN,0,0
HDIT,,,,,,RG,,OBSERVED_IN_DAILY_SNAPSHOT,False,True,False,2026-10-02,,daily_all_stock_snapshot,2026-10-02,MEDIUM,,,UNKNOWN,UNKNOWN,0,0
HEAL,,,,,,RG,,OBSERVED_IN_DAILY_SNAPSHOT,False,True,False,2026-10-02,,daily_all_stock_snapshot,2026-10-02,MEDIUM,,,UNKNOWN,UNKNOWN,0,0
HELI,,,,,,RG,,OBSERVED_IN_DAILY_SNAPSHOT,False,True,False,2026-10-02,,daily_all_stock_snapshot,2026-10-02,MEDIUM,,,UNKNOWN,UNKNOWN,0,0
HERO,,,,,,RG,,OBSERVED_IN_DAILY_SNAPSHOT,False,True,False,2026-10-02,,daily_all_stock_snapshot,2026-10-02,MEDIUM,,,UNKNOWN,UNKNOWN,0,0
HEXA,,,,,,RG,,OBSERVED_IN_DAILY_SNAPSHOT,False,True,False,2026-10-02,,daily_all_stock_snapshot,2026-10-02,MEDIUM,,,UNKNOWN,UNKNOWN,0,0
HGII,,,,,,RG,,OBSERVED_IN_DAILY_SNAPSHOT,False,True,False,2026-10-02,,daily_all_stock_snapshot,2026-10-02,MEDIUM,,,UNKNOWN,UNKNOWN,0,0
HILL,,,,,,RG,,OBSERVED_IN_DAILY_SNAPSHOT,False,True,False,2026-10-02,,daily_all_stock_snapshot,2026-10-02,MEDIUM,,,UNKNOWN,UNKNOWN,0,0
HITS,,,,,,RG,,OBSERVED_IN_DAILY_SNAPSHOT,False,True,False,2026-10-02,,daily_all_stock_snapshot,2026-10-02,MEDIUM,,,UNKNOWN,UNKNOWN,0,0
HKMU,,,,,,RG,,OBSERVED_IN_DAILY_SNAPSHOT,False,True,False,2026-10-02,,daily_all_stock_snapshot,2026-10-02,MEDIUM,,,UNKNOWN,UNKNOWN,0,0
HMSP,,,,,,RG,,OBSERVED_IN_DAILY_SNAPSHOT,False,True,True,2026-10-02,,daily_all_stock_snapshot,2026-10-02,MEDIUM,,,UNKNOWN,UNKNOWN,0,0
HOKI,,,,,,RG,,OBSERVED_IN_DAILY_SNAPSHOT,False,True,False,2026-10-02,,daily_all_stock_snapshot,2026-10-02,MEDIUM,,,UNKNOWN,UNKNOWN,0,0
HOME,,,,,,RG,,OBSERVED_IN_DAILY_SNAPSHOT,False,True,False,2026-10-02,,daily_all_stock_snapshot,2026-10-02,MEDIUM,,,UNKNOWN,UNKNOWN,0,0
HOMI,,,,,,RG,,OBSERVED_IN_DAILY_SNAPSHOT,False,True,False,2026-10-02,,daily_all_stock_snapshot,2026-10-02,MEDIUM,,,UNKNOWN,UNKNOWN,0,0
HOPE,,,,,,RG,,OBSERVED_IN_DAILY_SNAPSHOT,False,True,False,2026-10-02,,daily_all_stock_snapshot,2026-10-02,MEDIUM,,,UNKNOWN,UNKNOWN,0,0
HOTL,,,,,,RG,,OBSERVED_IN_DAILY_SNAPSHOT,False,True,False,2026-10-02,,daily_all_stock_snapshot,2026-10-02,MEDIUM,,,UNKNOWN,UNKNOWN,0,0
HRME,,,,,,RG,,OBSERVED_IN_DAILY_SNAPSHOT,False,True,False,2026-10-02,,daily_all_stock_snapshot,2026-10-02,MEDIUM,,,UNKNOWN,UNKNOWN,0,0
HRTA,,,,,,RG,,OBSERVED_IN_DAILY_SNAPSHOT,False,True,False,2026-10-02,,daily_all_stock_snapshot,2026-10-02,MEDIUM,,,UNKNOWN,UNKNOWN,0,0
HRUM,,,,,,RG,,OBSERVED_IN_DAILY_SNAPSHOT,False,True,True,2026-10-02,,daily_all_stock_snapshot,2026-10-02,MEDIUM,,,UNKNOWN,UNKNOWN,0,0
HUMI,,,,,,RG,,OBSERVED_IN_DAILY_SNAPSHOT,False,True,False,2026-10-02,,daily_all_stock_snapshot,2026-10-02,MEDIUM,,,UNKNOWN,UNKNOWN,0,0
HYGN,,,,,,RG,,OBSERVED_IN_DAILY_SNAPSHOT,False,True,False,2026-10-02,,daily_all_stock_snapshot,2026-10-02,MEDIUM,,,UNKNOWN,UNKNOWN,0,0
IATA,,,,,,RG,,OBSERVED_IN_DAILY_SNAPSHOT,False,True,False,2026-10-02,,daily_all_stock_snapshot,2026-10-02,MEDIUM,,,UNKNOWN,UNKNOWN,0,0
IBFN,,,,,,RG,,OBSERVED_IN_DAILY_SNAPSHOT,False,True,False,2026-10-02,,daily_all_stock_snapshot,2026-10-02,MEDIUM,,,UNKNOWN,UNKNOWN,0,0
IBOS,,,,,,RG,,OBSERVED_IN_DAILY_SNAPSHOT,False,True,False,2026-10-02,,daily_all_stock_snapshot,2026-10-02,MEDIUM,,,UNKNOWN,UNKNOWN,0,0
IBST,,,,,,RG,,OBSERVED_IN_DAILY_SNAPSHOT,False,True,False,2026-10-02,,daily_all_stock_snapshot,2026-10-02,MEDIUM,,,UNKNOWN,UNKNOWN,0,0
ICBP,,,,,,RG,,OBSERVED_IN_DAILY_SNAPSHOT,False,True,True,2026-10-02,,daily_all_stock_snapshot,2026-10-02,MEDIUM,,,UNKNOWN,UNKNOWN,0,0
ICON,,,,,,RG,,OBSERVED_IN_DAILY_SNAPSHOT,False,True,False,2026-10-02,,daily_all_stock_snapshot,2026-10-02,MEDIUM,,,UNKNOWN,UNKNOWN,0,0
IDEA,,,,,,RG,,OBSERVED_IN_DAILY_SNAPSHOT,False,True,False,2026-10-02,,daily_all_stock_snapshot,2026-10-02,MEDIUM,,,UNKNOWN,UNKNOWN,0,0
IDPR,,,,,,RG,,OBSERVED_IN_DAILY_SNAPSHOT,False,True,False,2026-10-02,,daily_all_stock_snapshot,2026-10-02,MEDIUM,,,UNKNOWN,UNKNOWN,0,0
IFII,,,,,,RG,,OBSERVED_IN_DAILY_SNAPSHOT,False,True,False,2026-10-02,,daily_all_stock_snapshot,2026-10-02,MEDIUM,,,UNKNOWN,UNKNOWN,0,0
IFSH,,,,,,RG,,OBSERVED_IN_DAILY_SNAPSHOT,False,True,False,2026-10-02,,daily_all_stock_snapshot,2026-10-02,MEDIUM,,,UNKNOWN,UNKNOWN,0,0
IGAR,,,,,,RG,,OBSERVED_IN_DAILY_SNAPSHOT,False,True,False,2026-10-02,,daily_all_stock_snapshot,2026-10-02,MEDIUM,,,UNKNOWN,UNKNOWN,0,0
IIKP,,,,,,RG,,OBSERVED_IN_DAILY_SNAPSHOT,False,True,False,2026-10-02,,daily_all_stock_snapshot,2026-10-02,MEDIUM,,,UNKNOWN,UNKNOWN,0,0
IKAI,,,,,,RG,,OBSERVED_IN_DAILY_SNAPSHOT,False,True,False,2026-10-02,,daily_all_stock_snapshot,2026-10-02,MEDIUM,,,UNKNOWN,UNKNOWN,0,0
IKAN,,,,,,RG,,OBSERVED_IN_DAILY_SNAPSHOT,False,True,False,2026-10-02,,daily_all_stock_snapshot,2026-10-02,MEDIUM,,,UNKNOWN,UNKNOWN,0,0
IKBI,,,,,,RG,,OBSERVED_IN_DAILY_SNAPSHOT,False,True,False,2026-10-02,,daily_all_stock_snapshot,2026-10-02,MEDIUM,,,UNKNOWN,UNKNOWN,0,0
IKPM,,,,,,RG,,OBSERVED_IN_DAILY_SNAPSHOT,False,True,False,2026-10-02,,daily_all_stock_snapshot,2026-10-02,MEDIUM,,,UNKNOWN,UNKNOWN,0,0
IMAS,,,,,,RG,,OBSERVED_IN_DAILY_SNAPSHOT,False,True,False,2026-10-02,,daily_all_stock_snapshot,2026-10-02,MEDIUM,,,UNKNOWN,UNKNOWN,0,0
IMJS,,,,,,RG,,OBSERVED_IN_DAILY_SNAPSHOT,False,True,False,2026-10-02,,daily_all_stock_snapshot,2026-10-02,MEDIUM,,,UNKNOWN,UNKNOWN,0,0
IMPC,,,,,,RG,,OBSERVED_IN_DAILY_SNAPSHOT,False,True,False,2026-10-02,,daily_all_stock_snapshot,2026-10-02,MEDIUM,,,UNKNOWN,UNKNOWN,0,0
INAF,,,,,,RG,,OBSERVED_IN_DAILY_SNAPSHOT,False,True,False,2026-10-02,,daily_all_stock_snapshot,2026-10-02,MEDIUM,,,UNKNOWN,UNKNOWN,0,0
INAI,,,,,,RG,,OBSERVED_IN_DAILY_SNAPSHOT,False,True,False,2026-10-02,,daily_all_stock_snapshot,2026-10-02,MEDIUM,,,UNKNOWN,UNKNOWN,0,0
INCF,,,,,,RG,,OBSERVED_IN_DAILY_SNAPSHOT,False,True,False,2026-10-02,,daily_all_stock_snapshot,2026-10-02,MEDIUM,,,UNKNOWN,UNKNOWN,0,0
INCI,,,,,,RG,,OBSERVED_IN_DAILY_SNAPSHOT,False,True,False,2026-10-02,,daily_all_stock_snapshot,2026-10-02,MEDIUM,,,UNKNOWN,UNKNOWN,0,0
INCO,,,,,,RG,,OBSERVED_IN_DAILY_SNAPSHOT,False,True,False,2026-10-02,,daily_all_stock_snapshot,2026-10-02,MEDIUM,,,UNKNOWN,UNKNOWN,0,0
INDF,,,,,,RG,,OBSERVED_IN_DAILY_SNAPSHOT,False,True,True,2026-10-02,,daily_all_stock_snapshot,2026-10-02,MEDIUM,,,UNKNOWN,UNKNOWN,0,0
INDO,,,,,,RG,,OBSERVED_IN_DAILY_SNAPSHOT,False,True,False,2026-10-02,,daily_all_stock_snapshot,2026-10-02,MEDIUM,,,UNKNOWN,UNKNOWN,0,0
INDR,,,,,,RG,,OBSERVED_IN_DAILY_SNAPSHOT,False,True,False,2026-10-02,,daily_all_stock_snapshot,2026-10-02,MEDIUM,,,UNKNOWN,UNKNOWN,0,0
INDS,,,,,,RG,,OBSERVED_IN_DAILY_SNAPSHOT,False,True,True,2026-10-02,,daily_all_stock_snapshot,2026-10-02,MEDIUM,,,UNKNOWN,UNKNOWN,0,0
INDX,,,,,,RG,,OBSERVED_IN_DAILY_SNAPSHOT,False,True,False,2026-10-02,,daily_all_stock_snapshot,2026-10-02,MEDIUM,,,UNKNOWN,UNKNOWN,0,0
INDY,,,,,,RG,,OBSERVED_IN_DAILY_SNAPSHOT,False,True,True,2026-10-02,,daily_all_stock_snapshot,2026-10-02,MEDIUM,,,UNKNOWN,UNKNOWN,0,0
INET,,,,,,RG,,OBSERVED_IN_DAILY_SNAPSHOT,False,True,False,2026-10-02,,daily_all_stock_snapshot,2026-10-02,MEDIUM,,,UNKNOWN,UNKNOWN,0,0
INKP,,,,,,RG,,OBSERVED_IN_DAILY_SNAPSHOT,False,True,True,2026-10-02,,daily_all_stock_snapshot,2026-10-02,MEDIUM,,,UNKNOWN,UNKNOWN,0,0
INOV,,,,,,RG,,OBSERVED_IN_DAILY_SNAPSHOT,False,True,False,2026-10-02,,daily_all_stock_snapshot,2026-10-02,MEDIUM,,,UNKNOWN,UNKNOWN,0,0
INPC,,,,,,RG,,OBSERVED_IN_DAILY_SNAPSHOT,False,True,True,2026-10-02,,daily_all_stock_snapshot,2026-10-02,MEDIUM,,,UNKNOWN,UNKNOWN,0,0
INPP,,,,,,RG,,OBSERVED_IN_DAILY_SNAPSHOT,False,True,False,2026-10-02,,daily_all_stock_snapshot,2026-10-02,MEDIUM,,,UNKNOWN,UNKNOWN,0,0
INPS,,,,,,RG,,OBSERVED_IN_DAILY_SNAPSHOT,False,True,False,2026-10-02,,daily_all_stock_snapshot,2026-10-02,MEDIUM,,,UNKNOWN,UNKNOWN,0,0
INRU,,,,,,RG,,OBSERVED_IN_DAILY_SNAPSHOT,False,True,True,2026-10-02,,daily_all_stock_snapshot,2026-10-02,MEDIUM,,,UNKNOWN,UNKNOWN,0,0
INTA,,,,,,RG,,OBSERVED_IN_DAILY_SNAPSHOT,False,True,False,2026-10-02,,daily_all_stock_snapshot,2026-10-02,MEDIUM,,,UNKNOWN,UNKNOWN,0,0
INTD,,,,,,RG,,OBSERVED_IN_DAILY_SNAPSHOT,False,True,False,2026-10-02,,daily_all_stock_snapshot,2026-10-02,MEDIUM,,,UNKNOWN,UNKNOWN,0,0
INTP,,,,,,RG,,OBSERVED_IN_DAILY_SNAPSHOT,False,True,False,2026-10-02,,daily_all_stock_snapshot,2026-10-02,MEDIUM,,,UNKNOWN,UNKNOWN,0,0
IOTF,,,,,,RG,,OBSERVED_IN_DAILY_SNAPSHOT,False,True,False,2026-10-02,,daily_all_stock_snapshot,2026-10-02,MEDIUM,,,UNKNOWN,UNKNOWN,0,0
IPAC,,,,,,RG,,OBSERVED_IN_DAILY_SNAPSHOT,False,True,False,2026-10-02,,daily_all_stock_snapshot,2026-10-02,MEDIUM,,,UNKNOWN,UNKNOWN,0,0
IPCC,,,,,,RG,,OBSERVED_IN_DAILY_SNAPSHOT,False,True,False,2026-10-02,,daily_all_stock_snapshot,2026-10-02,MEDIUM,,,UNKNOWN,UNKNOWN,0,0
IPCM,,,,,,RG,,OBSERVED_IN_DAILY_SNAPSHOT,False,True,False,2026-10-02,,daily_all_stock_snapshot,2026-10-02,MEDIUM,,,UNKNOWN,UNKNOWN,0,0
IPOL,,,,,,RG,,OBSERVED_IN_DAILY_SNAPSHOT,False,True,False,2026-10-02,,daily_all_stock_snapshot,2026-10-02,MEDIUM,,,UNKNOWN,UNKNOWN,0,0
IPPE,,,,,,RG,,OBSERVED_IN_DAILY_SNAPSHOT,False,True,False,2026-10-02,,daily_all_stock_snapshot,2026-10-02,MEDIUM,,,UNKNOWN,UNKNOWN,0,0
IPTV,,,,,,RG,,OBSERVED_IN_DAILY_SNAPSHOT,False,True,False,2026-10-02,,daily_all_stock_snapshot,2026-10-02,MEDIUM,,,UNKNOWN,UNKNOWN,0,0
IRRA,,,,,,RG,,OBSERVED_IN_DAILY_SNAPSHOT,False,True,False,2026-10-02,,daily_all_stock_snapshot,2026-10-02,MEDIUM,,,UNKNOWN,UNKNOWN,0,0
IRSX,,,,,,RG,,OBSERVED_IN_DAILY_SNAPSHOT,False,True,False,2026-10-02,,daily_all_stock_snapshot,2026-10-02,MEDIUM,,,UNKNOWN,UNKNOWN,0,0
ISAP,,,,,,RG,,OBSERVED_IN_DAILY_SNAPSHOT,False,True,False,2026-10-02,,daily_all_stock_snapshot,2026-10-02,MEDIUM,,,UNKNOWN,UNKNOWN,0,0
ISAT,,,,,,RG,,OBSERVED_IN_DAILY_SNAPSHOT,False,True,True,2026-10-02,,daily_all_stock_snapshot,2026-10-02,MEDIUM,,,UNKNOWN,UNKNOWN,0,0
ISEA,,,,,,RG,,OBSERVED_IN_DAILY_SNAPSHOT,False,True,False,2026-10-02,,daily_all_stock_snapshot,2026-10-02,MEDIUM,,,UNKNOWN,UNKNOWN,0,0
ISSP,,,,,,RG,,OBSERVED_IN_DAILY_SNAPSHOT,False,True,False,2026-10-02,,daily_all_stock_snapshot,2026-10-02,MEDIUM,,,UNKNOWN,UNKNOWN,0,0
ITIC,,,,,,RG,,OBSERVED_IN_DAILY_SNAPSHOT,False,True,False,2026-10-02,,daily_all_stock_snapshot,2026-10-02,MEDIUM,,,UNKNOWN,UNKNOWN,0,0
ITMA,,,,,,RG,,OBSERVED_IN_DAILY_SNAPSHOT,False,True,False,2026-10-02,,daily_all_stock_snapshot,2026-10-02,MEDIUM,,,UNKNOWN,UNKNOWN,0,0
ITMG,,,,,,RG,,OBSERVED_IN_DAILY_SNAPSHOT,False,True,True,2026-10-02,,daily_all_stock_snapshot,2026-10-02,MEDIUM,,,UNKNOWN,UNKNOWN,0,0
JARR,,,,,,RG,,OBSERVED_IN_DAILY_SNAPSHOT,False,True,False,2026-10-02,,daily_all_stock_snapshot,2026-10-02,MEDIUM,,,UNKNOWN,UNKNOWN,0,0
JAST,,,,,,RG,,OBSERVED_IN_DAILY_SNAPSHOT,False,True,False,2026-10-02,,daily_all_stock_snapshot,2026-10-02,MEDIUM,,,UNKNOWN,UNKNOWN,0,0
JATI,,,,,,RG,,OBSERVED_IN_DAILY_SNAPSHOT,False,True,False,2026-10-02,,daily_all_stock_snapshot,2026-10-02,MEDIUM,,,UNKNOWN,UNKNOWN,0,0
JAWA,,,,,,RG,,OBSERVED_IN_DAILY_SNAPSHOT,False,True,False,2026-10-02,,daily_all_stock_snapshot,2026-10-02,MEDIUM,,,UNKNOWN,UNKNOWN,0,0
JAYA,,,,,,RG,,OBSERVED_IN_DAILY_SNAPSHOT,False,True,False,2026-10-02,,daily_all_stock_snapshot,2026-10-02,MEDIUM,,,UNKNOWN,UNKNOWN,0,0
JECC,,,,,,RG,,OBSERVED_IN_DAILY_SNAPSHOT,False,True,False,2026-10-02,,daily_all_stock_snapshot,2026-10-02,MEDIUM,,,UNKNOWN,UNKNOWN,0,0
JELI,,,,,,RG,,OBSERVED_IN_DAILY_SNAPSHOT,False,True,False,2026-10-02,,daily_all_stock_snapshot,2026-10-02,MEDIUM,,,UNKNOWN,UNKNOWN,0,0
JGLE,,,,,,RG,,OBSERVED_IN_DAILY_SNAPSHOT,False,True,False,2026-10-02,,daily_all_stock_snapshot,2026-10-02,MEDIUM,,,UNKNOWN,UNKNOWN,0,0
JIHD,,,,,,RG,,OBSERVED_IN_DAILY_SNAPSHOT,False,True,False,2026-10-02,,daily_all_stock_snapshot,2026-10-02,MEDIUM,,,UNKNOWN,UNKNOWN,0,0
JKON,,,,,,RG,,OBSERVED_IN_DAILY_SNAPSHOT,False,True,False,2026-10-02,,daily_all_stock_snapshot,2026-10-02,MEDIUM,,,UNKNOWN,UNKNOWN,0,0
JMAS,,,,,,RG,,OBSERVED_IN_DAILY_SNAPSHOT,False,True,False,2026-10-02,,daily_all_stock_snapshot,2026-10-02,MEDIUM,,,UNKNOWN,UNKNOWN,0,0
JPFA,,,,,,RG,,OBSERVED_IN_DAILY_SNAPSHOT,False,True,False,2026-10-02,,daily_all_stock_snapshot,2026-10-02,MEDIUM,,,UNKNOWN,UNKNOWN,0,0
JRPT,,,,,,RG,,OBSERVED_IN_DAILY_SNAPSHOT,False,True,False,2026-10-02,,daily_all_stock_snapshot,2026-10-02,MEDIUM,,,UNKNOWN,UNKNOWN,0,0
JSKY,,,,,,RG,,OBSERVED_IN_DAILY_SNAPSHOT,False,True,False,2026-10-02,,daily_all_stock_snapshot,2026-10-02,MEDIUM,,,UNKNOWN,UNKNOWN,0,0
JSMR,,,,,,RG,,OBSERVED_IN_DAILY_SNAPSHOT,False,True,True,2026-10-02,,daily_all_stock_snapshot,2026-10-02,MEDIUM,,,UNKNOWN,UNKNOWN,0,0
JSPT,,,,,,RG,,OBSERVED_IN_DAILY_SNAPSHOT,False,True,False,2026-10-02,,daily_all_stock_snapshot,2026-10-02,MEDIUM,,,UNKNOWN,UNKNOWN,0,0
JTPE,,,,,,RG,,OBSERVED_IN_DAILY_SNAPSHOT,False,True,False,2026-10-02,,daily_all_stock_snapshot,2026-10-02,MEDIUM,,,UNKNOWN,UNKNOWN,0,0
KAEF,,,,,,RG,,OBSERVED_IN_DAILY_SNAPSHOT,False,True,True,2026-10-02,,daily_all_stock_snapshot,2026-10-02,MEDIUM,,,UNKNOWN,UNKNOWN,0,0
KAQI,,,,,,RG,,OBSERVED_IN_DAILY_SNAPSHOT,False,True,False,2026-10-02,,daily_all_stock_snapshot,2026-10-02,MEDIUM,,,UNKNOWN,UNKNOWN,0,0
KARW,,,,,,RG,,OBSERVED_IN_DAILY_SNAPSHOT,False,True,False,2026-10-02,,daily_all_stock_snapshot,2026-10-02,MEDIUM,,,UNKNOWN,UNKNOWN,0,0
KAYU,,,,,,RG,,OBSERVED_IN_DAILY_SNAPSHOT,False,True,False,2026-10-02,,daily_all_stock_snapshot,2026-10-02,MEDIUM,,,UNKNOWN,UNKNOWN,0,0
KBAG,,,,,,RG,,OBSERVED_IN_DAILY_SNAPSHOT,False,True,False,2026-10-02,,daily_all_stock_snapshot,2026-10-02,MEDIUM,,,UNKNOWN,UNKNOWN,0,0
KBLI,,,,,,RG,,OBSERVED_IN_DAILY_SNAPSHOT,False,True,False,2026-10-02,,daily_all_stock_snapshot,2026-10-02,MEDIUM,,,UNKNOWN,UNKNOWN,0,0
KBLM,,,,,,RG,,OBSERVED_IN_DAILY_SNAPSHOT,False,True,True,2026-10-02,,daily_all_stock_snapshot,2026-10-02,MEDIUM,,,UNKNOWN,UNKNOWN,0,0
KBLV,,,,,,RG,,OBSERVED_IN_DAILY_SNAPSHOT,False,True,False,2026-10-02,,daily_all_stock_snapshot,2026-10-02,MEDIUM,,,UNKNOWN,UNKNOWN,0,0
KBRI,,,,,,RG,,OBSERVED_IN_DAILY_SNAPSHOT,False,True,False,2026-10-02,,daily_all_stock_snapshot,2026-10-02,MEDIUM,,,UNKNOWN,UNKNOWN,0,0
KDSI,,,,,,RG,,OBSERVED_IN_DAILY_SNAPSHOT,False,True,False,2026-10-02,,daily_all_stock_snapshot,2026-10-02,MEDIUM,,,UNKNOWN,UNKNOWN,0,0
KDTN,,,,,,RG,,OBSERVED_IN_DAILY_SNAPSHOT,False,True,False,2026-10-02,,daily_all_stock_snapshot,2026-10-02,MEDIUM,,,UNKNOWN,UNKNOWN,0,0
KEEN,,,,,,RG,,OBSERVED_IN_DAILY_SNAPSHOT,False,True,False,2026-10-02,,daily_all_stock_snapshot,2026-10-02,MEDIUM,,,UNKNOWN,UNKNOWN,0,0
KEJU,,,,,,RG,,OBSERVED_IN_DAILY_SNAPSHOT,False,True,False,2026-10-02,,daily_all_stock_snapshot,2026-10-02,MEDIUM,,,UNKNOWN,UNKNOWN,0,0
KETR,,,,,,RG,,OBSERVED_IN_DAILY_SNAPSHOT,False,True,False,2026-10-02,,daily_all_stock_snapshot,2026-10-02,MEDIUM,,,UNKNOWN,UNKNOWN,0,0
KIAS,,,,,,RG,,OBSERVED_IN_DAILY_SNAPSHOT,False,True,False,2026-10-02,,daily_all_stock_snapshot,2026-10-02,MEDIUM,,,UNKNOWN,UNKNOWN,0,0
KICI,,,,,,RG,,OBSERVED_IN_DAILY_SNAPSHOT,False,True,False,2026-10-02,,daily_all_stock_snapshot,2026-10-02,MEDIUM,,,UNKNOWN,UNKNOWN,0,0
KIJA,,,,,,RG,,OBSERVED_IN_DAILY_SNAPSHOT,False,True,False,2026-10-02,,daily_all_stock_snapshot,2026-10-02,MEDIUM,,,UNKNOWN,UNKNOWN,0,0
KINO,,,,,,RG,,OBSERVED_IN_DAILY_SNAPSHOT,False,True,False,2026-10-02,,daily_all_stock_snapshot,2026-10-02,MEDIUM,,,UNKNOWN,UNKNOWN,0,0
KIOS,,,,,,RG,,OBSERVED_IN_DAILY_SNAPSHOT,False,True,False,2026-10-02,,daily_all_stock_snapshot,2026-10-02,MEDIUM,,,UNKNOWN,UNKNOWN,0,0
KJEN,,,,,,RG,,OBSERVED_IN_DAILY_SNAPSHOT,False,True,False,2026-10-02,,daily_all_stock_snapshot,2026-10-02,MEDIUM,,,UNKNOWN,UNKNOWN,0,0
KKES,,,,,,RG,,OBSERVED_IN_DAILY_SNAPSHOT,False,True,False,2026-10-02,,daily_all_stock_snapshot,2026-10-02,MEDIUM,,,UNKNOWN,UNKNOWN,0,0
KKGI,,,,,,RG,,OBSERVED_IN_DAILY_SNAPSHOT,False,True,False,2026-10-02,,daily_all_stock_snapshot,2026-10-02,MEDIUM,,,UNKNOWN,UNKNOWN,0,0
KLAS,,,,,,RG,,OBSERVED_IN_DAILY_SNAPSHOT,False,True,False,2026-10-02,,daily_all_stock_snapshot,2026-10-02,MEDIUM,,,UNKNOWN,UNKNOWN,0,0
KLBF,,,,,,RG,,OBSERVED_IN_DAILY_SNAPSHOT,False,True,True,2026-10-02,,daily_all_stock_snapshot,2026-10-02,MEDIUM,,,UNKNOWN,UNKNOWN,0,0
KLIN,,,,,,RG,,OBSERVED_IN_DAILY_SNAPSHOT,False,True,False,2026-10-02,,daily_all_stock_snapshot,2026-10-02,MEDIUM,,,UNKNOWN,UNKNOWN,0,0
KMDS,,,,,,RG,,OBSERVED_IN_DAILY_SNAPSHOT,False,True,False,2026-10-02,,daily_all_stock_snapshot,2026-10-02,MEDIUM,,,UNKNOWN,UNKNOWN,0,0
KMTR,,,,,,RG,,OBSERVED_IN_DAILY_SNAPSHOT,False,True,False,2026-10-02,,daily_all_stock_snapshot,2026-10-02,MEDIUM,,,UNKNOWN,UNKNOWN,0,0
KOBX,,,,,,RG,,OBSERVED_IN_DAILY_SNAPSHOT,False,True,False,2026-10-02,,daily_all_stock_snapshot,2026-10-02,MEDIUM,,,UNKNOWN,UNKNOWN,0,0
KOCI,,,,,,RG,,OBSERVED_IN_DAILY_SNAPSHOT,False,True,False,2026-10-02,,daily_all_stock_snapshot,2026-10-02,MEDIUM,,,UNKNOWN,UNKNOWN,0,0
KOIN,,,,,,RG,,OBSERVED_IN_DAILY_SNAPSHOT,False,True,False,2026-10-02,,daily_all_stock_snapshot,2026-10-02,MEDIUM,,,UNKNOWN,UNKNOWN,0,0
KOKA,,,,,,RG,,OBSERVED_IN_DAILY_SNAPSHOT,False,True,False,2026-10-02,,daily_all_stock_snapshot,2026-10-02,MEDIUM,,,UNKNOWN,UNKNOWN,0,0
KONI,,,,,,RG,,OBSERVED_IN_DAILY_SNAPSHOT,False,True,False,2026-10-02,,daily_all_stock_snapshot,2026-10-02,MEDIUM,,,UNKNOWN,UNKNOWN,0,0
KOPI,,,,,,RG,,OBSERVED_IN_DAILY_SNAPSHOT,False,True,False,2026-10-02,,daily_all_stock_snapshot,2026-10-02,MEDIUM,,,UNKNOWN,UNKNOWN,0,0
KOTA,,,,,,RG,,OBSERVED_IN_DAILY_SNAPSHOT,False,True,False,2026-10-02,,daily_all_stock_snapshot,2026-10-02,MEDIUM,,,UNKNOWN,UNKNOWN,0,0
KPIG,,,,,,RG,,OBSERVED_IN_DAILY_SNAPSHOT,False,True,False,2026-10-02,,daily_all_stock_snapshot,2026-10-02,MEDIUM,,,UNKNOWN,UNKNOWN,0,0
KRAS,,,,,,RG,,OBSERVED_IN_DAILY_SNAPSHOT,False,True,False,2026-10-02,,daily_all_stock_snapshot,2026-10-02,MEDIUM,,,UNKNOWN,UNKNOWN,0,0
KREN,,,,,,RG,,OBSERVED_IN_DAILY_SNAPSHOT,False,True,False,2026-10-02,,daily_all_stock_snapshot,2026-10-02,MEDIUM,,,UNKNOWN,UNKNOWN,0,0
KRYA,,,,,,RG,,OBSERVED_IN_DAILY_SNAPSHOT,False,True,False,2026-10-02,,daily_all_stock_snapshot,2026-10-02,MEDIUM,,,UNKNOWN,UNKNOWN,0,0
KSIX,,,,,,RG,,OBSERVED_IN_DAILY_SNAPSHOT,False,True,False,2026-10-02,,daily_all_stock_snapshot,2026-10-02,MEDIUM,,,UNKNOWN,UNKNOWN,0,0
KUAS,,,,,,RG,,OBSERVED_IN_DAILY_SNAPSHOT,False,True,False,2026-10-02,,daily_all_stock_snapshot,2026-10-02,MEDIUM,,,UNKNOWN,UNKNOWN,0,0
LABA,,,,,,RG,,OBSERVED_IN_DAILY_SNAPSHOT,False,True,False,2026-10-02,,daily_all_stock_snapshot,2026-10-02,MEDIUM,,,UNKNOWN,UNKNOWN,0,0
LABS,,,,,,RG,,OBSERVED_IN_DAILY_SNAPSHOT,False,True,False,2026-10-02,,daily_all_stock_snapshot,2026-10-02,MEDIUM,,,UNKNOWN,UNKNOWN,0,0
LAJU,,,,,,RG,,OBSERVED_IN_DAILY_SNAPSHOT,False,True,False,2026-10-02,,daily_all_stock_snapshot,2026-10-02,MEDIUM,,,UNKNOWN,UNKNOWN,0,0
LAND,,,,,,RG,,OBSERVED_IN_DAILY_SNAPSHOT,False,True,False,2026-10-02,,daily_all_stock_snapshot,2026-10-02,MEDIUM,,,UNKNOWN,UNKNOWN,0,0
LAPD,,,,,,RG,,OBSERVED_IN_DAILY_SNAPSHOT,False,True,False,2026-10-02,,daily_all_stock_snapshot,2026-10-02,MEDIUM,,,UNKNOWN,UNKNOWN,0,0
LCGP,,,,,,RG,,OBSERVED_IN_DAILY_SNAPSHOT,False,True,False,2026-10-02,,daily_all_stock_snapshot,2026-10-02,MEDIUM,,,UNKNOWN,UNKNOWN,0,0
LCKM,,,,,,RG,,OBSERVED_IN_DAILY_SNAPSHOT,False,True,False,2026-10-02,,daily_all_stock_snapshot,2026-10-02,MEDIUM,,,UNKNOWN,UNKNOWN,0,0
LEAD,,,,,,RG,,OBSERVED_IN_DAILY_SNAPSHOT,False,True,False,2026-10-02,,daily_all_stock_snapshot,2026-10-02,MEDIUM,,,UNKNOWN,UNKNOWN,0,0
LFLO,,,,,,RG,,OBSERVED_IN_DAILY_SNAPSHOT,False,True,False,2026-10-02,,daily_all_stock_snapshot,2026-10-02,MEDIUM,,,UNKNOWN,UNKNOWN,0,0
LIFE,,,,,,RG,,OBSERVED_IN_DAILY_SNAPSHOT,False,True,False,2026-10-02,,daily_all_stock_snapshot,2026-10-02,MEDIUM,,,UNKNOWN,UNKNOWN,0,0
LINK,,,,,,RG,,OBSERVED_IN_DAILY_SNAPSHOT,False,True,False,2026-10-02,,daily_all_stock_snapshot,2026-10-02,MEDIUM,,,UNKNOWN,UNKNOWN,0,0
LION,,,,,,RG,,OBSERVED_IN_DAILY_SNAPSHOT,False,True,False,2026-10-02,,daily_all_stock_snapshot,2026-10-02,MEDIUM,,,UNKNOWN,UNKNOWN,0,0
LIVE,,,,,,RG,,OBSERVED_IN_DAILY_SNAPSHOT,False,True,False,2026-10-02,,daily_all_stock_snapshot,2026-10-02,MEDIUM,,,UNKNOWN,UNKNOWN,0,0
LMAS,,,,,,RG,,OBSERVED_IN_DAILY_SNAPSHOT,False,True,False,2026-10-02,,daily_all_stock_snapshot,2026-10-02,MEDIUM,,,UNKNOWN,UNKNOWN,0,0
LMAX,,,,,,RG,,OBSERVED_IN_DAILY_SNAPSHOT,False,True,False,2026-10-02,,daily_all_stock_snapshot,2026-10-02,MEDIUM,,,UNKNOWN,UNKNOWN,0,0
LMPI,,,,,,RG,,OBSERVED_IN_DAILY_SNAPSHOT,False,True,False,2026-10-02,,daily_all_stock_snapshot,2026-10-02,MEDIUM,,,UNKNOWN,UNKNOWN,0,0
LMSH,,,,,,RG,,OBSERVED_IN_DAILY_SNAPSHOT,False,True,False,2026-10-02,,daily_all_stock_snapshot,2026-10-02,MEDIUM,,,UNKNOWN,UNKNOWN,0,0
LOPI,,,,,,RG,,OBSERVED_IN_DAILY_SNAPSHOT,False,True,False,2026-10-02,,daily_all_stock_snapshot,2026-10-02,MEDIUM,,,UNKNOWN,UNKNOWN,0,0
LPCK,,,,,,RG,,OBSERVED_IN_DAILY_SNAPSHOT,False,True,True,2026-10-02,,daily_all_stock_snapshot,2026-10-02,MEDIUM,,,UNKNOWN,UNKNOWN,0,0
LPGI,,,,,,RG,,OBSERVED_IN_DAILY_SNAPSHOT,False,True,False,2026-10-02,,daily_all_stock_snapshot,2026-10-02,MEDIUM,,,UNKNOWN,UNKNOWN,0,0
LPIN,,,,,,RG,,OBSERVED_IN_DAILY_SNAPSHOT,False,True,False,2026-10-02,,daily_all_stock_snapshot,2026-10-02,MEDIUM,,,UNKNOWN,UNKNOWN,0,0
LPKR,,,,,,RG,,OBSERVED_IN_DAILY_SNAPSHOT,False,True,True,2026-10-02,,daily_all_stock_snapshot,2026-10-02,MEDIUM,,,UNKNOWN,UNKNOWN,0,0
LPLI,,,,,,RG,,OBSERVED_IN_DAILY_SNAPSHOT,False,True,False,2026-10-02,,daily_all_stock_snapshot,2026-10-02,MEDIUM,,,UNKNOWN,UNKNOWN,0,0
LPPF,,,,,,RG,,OBSERVED_IN_DAILY_SNAPSHOT,False,True,False,2026-10-02,,daily_all_stock_snapshot,2026-10-02,MEDIUM,,,UNKNOWN,UNKNOWN,0,0
LPPS,,,,,,RG,,OBSERVED_IN_DAILY_SNAPSHOT,False,True,False,2026-10-02,,daily_all_stock_snapshot,2026-10-02,MEDIUM,,,UNKNOWN,UNKNOWN,0,0
LRNA,,,,,,RG,,OBSERVED_IN_DAILY_SNAPSHOT,False,True,False,2026-10-02,,daily_all_stock_snapshot,2026-10-02,MEDIUM,,,UNKNOWN,UNKNOWN,0,0
LSIP,,,,,,RG,,OBSERVED_IN_DAILY_SNAPSHOT,False,True,False,2026-10-02,,daily_all_stock_snapshot,2026-10-02,MEDIUM,,,UNKNOWN,UNKNOWN,0,0
LTLS,,,,,,RG,,OBSERVED_IN_DAILY_SNAPSHOT,False,True,False,2026-10-02,,daily_all_stock_snapshot,2026-10-02,MEDIUM,,,UNKNOWN,UNKNOWN,0,0
LUCK,,,,,,RG,,OBSERVED_IN_DAILY_SNAPSHOT,False,True,False,2026-10-02,,daily_all_stock_snapshot,2026-10-02,MEDIUM,,,UNKNOWN,UNKNOWN,0,0
LUCY,,,,,,RG,,OBSERVED_IN_DAILY_SNAPSHOT,False,True,False,2026-10-02,,daily_all_stock_snapshot,2026-10-02,MEDIUM,,,UNKNOWN,UNKNOWN,0,0
MABA,,,,,,RG,,OBSERVED_IN_DAILY_SNAPSHOT,False,True,False,2026-10-02,,daily_all_stock_snapshot,2026-10-02,MEDIUM,,,UNKNOWN,UNKNOWN,0,0
MAGP,,,,,,RG,,OBSERVED_IN_DAILY_SNAPSHOT,False,True,False,2026-10-02,,daily_all_stock_snapshot,2026-10-02,MEDIUM,,,UNKNOWN,UNKNOWN,0,0
MAHA,,,,,,RG,,OBSERVED_IN_DAILY_SNAPSHOT,False,True,False,2026-10-02,,daily_all_stock_snapshot,2026-10-02,MEDIUM,,,UNKNOWN,UNKNOWN,0,0
MAIN,,,,,,RG,,OBSERVED_IN_DAILY_SNAPSHOT,False,True,False,2026-10-02,,daily_all_stock_snapshot,2026-10-02,MEDIUM,,,UNKNOWN,UNKNOWN,0,0
MANG,,,,,,RG,,OBSERVED_IN_DAILY_SNAPSHOT,False,True,False,2026-10-02,,daily_all_stock_snapshot,2026-10-02,MEDIUM,,,UNKNOWN,UNKNOWN,0,0
MAPA,,,,,,RG,,OBSERVED_IN_DAILY_SNAPSHOT,False,True,False,2026-10-02,,daily_all_stock_snapshot,2026-10-02,MEDIUM,,,UNKNOWN,UNKNOWN,0,0
MAPB,,,,,,RG,,OBSERVED_IN_DAILY_SNAPSHOT,False,True,False,2026-10-02,,daily_all_stock_snapshot,2026-10-02,MEDIUM,,,UNKNOWN,UNKNOWN,0,0
MAPI,,,,,,RG,,OBSERVED_IN_DAILY_SNAPSHOT,False,True,False,2026-10-02,,daily_all_stock_snapshot,2026-10-02,MEDIUM,,,UNKNOWN,UNKNOWN,0,0
MARI,,,,,,RG,,OBSERVED_IN_DAILY_SNAPSHOT,False,True,False,2026-10-02,,daily_all_stock_snapshot,2026-10-02,MEDIUM,,,UNKNOWN,UNKNOWN,0,0
MARK,,,,,,RG,,OBSERVED_IN_DAILY_SNAPSHOT,False,True,False,2026-10-02,,daily_all_stock_snapshot,2026-10-02,MEDIUM,,,UNKNOWN,UNKNOWN,0,0
MASB,,,,,,RG,,OBSERVED_IN_DAILY_SNAPSHOT,False,True,False,2026-10-02,,daily_all_stock_snapshot,2026-10-02,MEDIUM,,,UNKNOWN,UNKNOWN,0,0
MAXI,,,,,,RG,,OBSERVED_IN_DAILY_SNAPSHOT,False,True,False,2026-10-02,,daily_all_stock_snapshot,2026-10-02,MEDIUM,,,UNKNOWN,UNKNOWN,0,0
MAYA,,,,,,RG,,OBSERVED_IN_DAILY_SNAPSHOT,False,True,True,2026-10-02,,daily_all_stock_snapshot,2026-10-02,MEDIUM,,,UNKNOWN,UNKNOWN,0,0
MBAP,,,,,,RG,,OBSERVED_IN_DAILY_SNAPSHOT,False,True,False,2026-10-02,,daily_all_stock_snapshot,2026-10-02,MEDIUM,,,UNKNOWN,UNKNOWN,0,0
MBMA,,,,,,RG,,OBSERVED_IN_DAILY_SNAPSHOT,False,True,False,2026-10-02,,daily_all_stock_snapshot,2026-10-02,MEDIUM,,,UNKNOWN,UNKNOWN,0,0
MBSS,,,,,,RG,,OBSERVED_IN_DAILY_SNAPSHOT,False,True,False,2026-10-02,,daily_all_stock_snapshot,2026-10-02,MEDIUM,,,UNKNOWN,UNKNOWN,0,0
MBTO,,,,,,RG,,OBSERVED_IN_DAILY_SNAPSHOT,False,True,False,2026-10-02,,daily_all_stock_snapshot,2026-10-02,MEDIUM,,,UNKNOWN,UNKNOWN,0,0
MCAS,,,,,,RG,,OBSERVED_IN_DAILY_SNAPSHOT,False,True,False,2026-10-02,,daily_all_stock_snapshot,2026-10-02,MEDIUM,,,UNKNOWN,UNKNOWN,0,0
MCOL,,,,,,RG,,OBSERVED_IN_DAILY_SNAPSHOT,False,True,False,2026-10-02,,daily_all_stock_snapshot,2026-10-02,MEDIUM,,,UNKNOWN,UNKNOWN,0,0
MCOR,,,,,,RG,,OBSERVED_IN_DAILY_SNAPSHOT,False,True,False,2026-10-02,,daily_all_stock_snapshot,2026-10-02,MEDIUM,,,UNKNOWN,UNKNOWN,0,0
MDIA,,,,,,RG,,OBSERVED_IN_DAILY_SNAPSHOT,False,True,False,2026-10-02,,daily_all_stock_snapshot,2026-10-02,MEDIUM,,,UNKNOWN,UNKNOWN,0,0
MDIY,,,,,,RG,,OBSERVED_IN_DAILY_SNAPSHOT,False,True,False,2026-10-02,,daily_all_stock_snapshot,2026-10-02,MEDIUM,,,UNKNOWN,UNKNOWN,0,0
MDKA,,,,,,RG,,OBSERVED_IN_DAILY_SNAPSHOT,False,True,False,2026-10-02,,daily_all_stock_snapshot,2026-10-02,MEDIUM,,,UNKNOWN,UNKNOWN,0,0
MDKI,,,,,,RG,,OBSERVED_IN_DAILY_SNAPSHOT,False,True,False,2026-10-02,,daily_all_stock_snapshot,2026-10-02,MEDIUM,,,UNKNOWN,UNKNOWN,0,0
MDLA,,,,,,RG,,OBSERVED_IN_DAILY_SNAPSHOT,False,True,False,2026-10-02,,daily_all_stock_snapshot,2026-10-02,MEDIUM,,,UNKNOWN,UNKNOWN,0,0
MDLN,,,,,,RG,,OBSERVED_IN_DAILY_SNAPSHOT,False,True,False,2026-10-02,,daily_all_stock_snapshot,2026-10-02,MEDIUM,,,UNKNOWN,UNKNOWN,0,0
MDRN,,,,,,RG,,OBSERVED_IN_DAILY_SNAPSHOT,False,True,False,2026-10-02,,daily_all_stock_snapshot,2026-10-02,MEDIUM,,,UNKNOWN,UNKNOWN,0,0
MEDC,,,,,,RG,,OBSERVED_IN_DAILY_SNAPSHOT,False,True,True,2026-10-02,,daily_all_stock_snapshot,2026-10-02,MEDIUM,,,UNKNOWN,UNKNOWN,0,0
MEDS,,,,,,RG,,OBSERVED_IN_DAILY_SNAPSHOT,False,True,False,2026-10-02,,daily_all_stock_snapshot,2026-10-02,MEDIUM,,,UNKNOWN,UNKNOWN,0,0
MEGA,,,,,,RG,,OBSERVED_IN_DAILY_SNAPSHOT,False,True,True,2026-10-02,,daily_all_stock_snapshot,2026-10-02,MEDIUM,,,UNKNOWN,UNKNOWN,0,0
MEJA,,,,,,RG,,OBSERVED_IN_DAILY_SNAPSHOT,False,True,False,2026-10-02,,daily_all_stock_snapshot,2026-10-02,MEDIUM,,,UNKNOWN,UNKNOWN,0,0
MENN,,,,,,RG,,OBSERVED_IN_DAILY_SNAPSHOT,False,True,False,2026-10-02,,daily_all_stock_snapshot,2026-10-02,MEDIUM,,,UNKNOWN,UNKNOWN,0,0
MERI,,,,,,RG,,OBSERVED_IN_DAILY_SNAPSHOT,False,True,False,2026-10-02,,daily_all_stock_snapshot,2026-10-02,MEDIUM,,,UNKNOWN,UNKNOWN,0,0
MERK,,,,,,RG,,OBSERVED_IN_DAILY_SNAPSHOT,False,True,True,2026-10-02,,daily_all_stock_snapshot,2026-10-02,MEDIUM,,,UNKNOWN,UNKNOWN,0,0
META,,,,,,RG,,OBSERVED_IN_DAILY_SNAPSHOT,False,True,False,2026-10-02,,daily_all_stock_snapshot,2026-10-02,MEDIUM,,,UNKNOWN,UNKNOWN,0,0
MFMI,,,,,,RG,,OBSERVED_IN_DAILY_SNAPSHOT,False,True,False,2026-10-02,,daily_all_stock_snapshot,2026-10-02,MEDIUM,,,UNKNOWN,UNKNOWN,0,0
MGLV,,,,,,RG,,OBSERVED_IN_DAILY_SNAPSHOT,False,True,False,2026-10-02,,daily_all_stock_snapshot,2026-10-02,MEDIUM,,,UNKNOWN,UNKNOWN,0,0
MGNA,,,,,,RG,,OBSERVED_IN_DAILY_SNAPSHOT,False,True,False,2026-10-02,,daily_all_stock_snapshot,2026-10-02,MEDIUM,,,UNKNOWN,UNKNOWN,0,0
MGRO,,,,,,RG,,OBSERVED_IN_DAILY_SNAPSHOT,False,True,False,2026-10-02,,daily_all_stock_snapshot,2026-10-02,MEDIUM,,,UNKNOWN,UNKNOWN,0,0
MHKI,,,,,,RG,,OBSERVED_IN_DAILY_SNAPSHOT,False,True,False,2026-10-02,,daily_all_stock_snapshot,2026-10-02,MEDIUM,,,UNKNOWN,UNKNOWN,0,0
MICE,,,,,,RG,,OBSERVED_IN_DAILY_SNAPSHOT,False,True,False,2026-10-02,,daily_all_stock_snapshot,2026-10-02,MEDIUM,,,UNKNOWN,UNKNOWN,0,0
MIDI,,,,,,RG,,OBSERVED_IN_DAILY_SNAPSHOT,False,True,False,2026-10-02,,daily_all_stock_snapshot,2026-10-02,MEDIUM,,,UNKNOWN,UNKNOWN,0,0
MIKA,,,,,,RG,,OBSERVED_IN_DAILY_SNAPSHOT,False,True,False,2026-10-02,,daily_all_stock_snapshot,2026-10-02,MEDIUM,,,UNKNOWN,UNKNOWN,0,0
MINA,,,,,,RG,,OBSERVED_IN_DAILY_SNAPSHOT,False,True,False,2026-10-02,,daily_all_stock_snapshot,2026-10-02,MEDIUM,,,UNKNOWN,UNKNOWN,0,0
MINE,,,,,,RG,,OBSERVED_IN_DAILY_SNAPSHOT,False,True,False,2026-10-02,,daily_all_stock_snapshot,2026-10-02,MEDIUM,,,UNKNOWN,UNKNOWN,0,0
MIRA,,,,,,RG,,OBSERVED_IN_DAILY_SNAPSHOT,False,True,False,2026-10-02,,daily_all_stock_snapshot,2026-10-02,MEDIUM,,,UNKNOWN,UNKNOWN,0,0
MITI,,,,,,RG,,OBSERVED_IN_DAILY_SNAPSHOT,False,True,False,2026-10-02,,daily_all_stock_snapshot,2026-10-02,MEDIUM,,,UNKNOWN,UNKNOWN,0,0
MKAP,,,,,,RG,,OBSERVED_IN_DAILY_SNAPSHOT,False,True,False,2026-10-02,,daily_all_stock_snapshot,2026-10-02,MEDIUM,,,UNKNOWN,UNKNOWN,0,0
MKNT,,,,,,RG,,OBSERVED_IN_DAILY_SNAPSHOT,False,True,False,2026-10-02,,daily_all_stock_snapshot,2026-10-02,MEDIUM,,,UNKNOWN,UNKNOWN,0,0
MKPI,,,,,,RG,,OBSERVED_IN_DAILY_SNAPSHOT,False,True,False,2026-10-02,,daily_all_stock_snapshot,2026-10-02,MEDIUM,,,UNKNOWN,UNKNOWN,0,0
MKTR,,,,,,RG,,OBSERVED_IN_DAILY_SNAPSHOT,False,True,False,2026-10-02,,daily_all_stock_snapshot,2026-10-02,MEDIUM,,,UNKNOWN,UNKNOWN,0,0
MLBI,,,,,,RG,,OBSERVED_IN_DAILY_SNAPSHOT,False,True,True,2026-10-02,,daily_all_stock_snapshot,2026-10-02,MEDIUM,,,UNKNOWN,UNKNOWN,0,0
MLIA,,,,,,RG,,OBSERVED_IN_DAILY_SNAPSHOT,False,True,False,2026-10-02,,daily_all_stock_snapshot,2026-10-02,MEDIUM,,,UNKNOWN,UNKNOWN,0,0
MLPL,,,,,,RG,,OBSERVED_IN_DAILY_SNAPSHOT,False,True,False,2026-10-02,,daily_all_stock_snapshot,2026-10-02,MEDIUM,,,UNKNOWN,UNKNOWN,0,0
MLPT,,,,,,RG,,OBSERVED_IN_DAILY_SNAPSHOT,False,True,True,2026-10-02,,daily_all_stock_snapshot,2026-10-02,MEDIUM,,,UNKNOWN,UNKNOWN,0,0
MMIX,,,,,,RG,,OBSERVED_IN_DAILY_SNAPSHOT,False,True,False,2026-10-02,,daily_all_stock_snapshot,2026-10-02,MEDIUM,,,UNKNOWN,UNKNOWN,0,0
MMLP,,,,,,RG,,OBSERVED_IN_DAILY_SNAPSHOT,False,True,False,2026-10-02,,daily_all_stock_snapshot,2026-10-02,MEDIUM,,,UNKNOWN,UNKNOWN,0,0
MNCN,,,,,,RG,,OBSERVED_IN_DAILY_SNAPSHOT,False,True,False,2026-10-02,,daily_all_stock_snapshot,2026-10-02,MEDIUM,,,UNKNOWN,UNKNOWN,0,0
MOLI,,,,,,RG,,OBSERVED_IN_DAILY_SNAPSHOT,False,True,False,2026-10-02,,daily_all_stock_snapshot,2026-10-02,MEDIUM,,,UNKNOWN,UNKNOWN,0,0
MORA,,,,,,RG,,OBSERVED_IN_DAILY_SNAPSHOT,False,True,False,2026-10-02,,daily_all_stock_snapshot,2026-10-02,MEDIUM,,,UNKNOWN,UNKNOWN,0,0
MPMX,,,,,,RG,,OBSERVED_IN_DAILY_SNAPSHOT,False,True,False,2026-10-02,,daily_all_stock_snapshot,2026-10-02,MEDIUM,,,UNKNOWN,UNKNOWN,0,0
MPOW,,,,,,RG,,OBSERVED_IN_DAILY_SNAPSHOT,False,True,False,2026-10-02,,daily_all_stock_snapshot,2026-10-02,MEDIUM,,,UNKNOWN,UNKNOWN,0,0
MPPA,,,,,,RG,,OBSERVED_IN_DAILY_SNAPSHOT,False,True,False,2026-10-02,,daily_all_stock_snapshot,2026-10-02,MEDIUM,,,UNKNOWN,UNKNOWN,0,0
MPRO,,,,,,RG,,OBSERVED_IN_DAILY_SNAPSHOT,False,True,False,2026-10-02,,daily_all_stock_snapshot,2026-10-02,MEDIUM,,,UNKNOWN,UNKNOWN,0,0
MPXL,,,,,,RG,,OBSERVED_IN_DAILY_SNAPSHOT,False,True,False,2026-10-02,,daily_all_stock_snapshot,2026-10-02,MEDIUM,,,UNKNOWN,UNKNOWN,0,0
MRAT,,,,,,RG,,OBSERVED_IN_DAILY_SNAPSHOT,False,True,False,2026-10-02,,daily_all_stock_snapshot,2026-10-02,MEDIUM,,,UNKNOWN,UNKNOWN,0,0
MREI,,,,,,RG,,OBSERVED_IN_DAILY_SNAPSHOT,False,True,False,2026-10-02,,daily_all_stock_snapshot,2026-10-02,MEDIUM,,,UNKNOWN,UNKNOWN,0,0
MSIE,,,,,,RG,,OBSERVED_IN_DAILY_SNAPSHOT,False,True,False,2026-10-02,,daily_all_stock_snapshot,2026-10-02,MEDIUM,,,UNKNOWN,UNKNOWN,0,0
MSIN,,,,,,RG,,OBSERVED_IN_DAILY_SNAPSHOT,False,True,False,2026-10-02,,daily_all_stock_snapshot,2026-10-02,MEDIUM,,,UNKNOWN,UNKNOWN,0,0
MSJA,,,,,,RG,,OBSERVED_IN_DAILY_SNAPSHOT,False,True,False,2026-10-02,,daily_all_stock_snapshot,2026-10-02,MEDIUM,,,UNKNOWN,UNKNOWN,0,0
MSKY,,,,,,RG,,OBSERVED_IN_DAILY_SNAPSHOT,False,True,False,2026-10-02,,daily_all_stock_snapshot,2026-10-02,MEDIUM,,,UNKNOWN,UNKNOWN,0,0
MSTI,,,,,,RG,,OBSERVED_IN_DAILY_SNAPSHOT,False,True,False,2026-10-02,,daily_all_stock_snapshot,2026-10-02,MEDIUM,,,UNKNOWN,UNKNOWN,0,0
MTDL,,,,,,RG,,OBSERVED_IN_DAILY_SNAPSHOT,False,True,True,2026-10-02,,daily_all_stock_snapshot,2026-10-02,MEDIUM,,,UNKNOWN,UNKNOWN,0,0
MTEL,,,,,,RG,,OBSERVED_IN_DAILY_SNAPSHOT,False,True,False,2026-10-02,,daily_all_stock_snapshot,2026-10-02,MEDIUM,,,UNKNOWN,UNKNOWN,0,0
MTFN,,,,,,RG,,OBSERVED_IN_DAILY_SNAPSHOT,False,True,False,2026-10-02,,daily_all_stock_snapshot,2026-10-02,MEDIUM,,,UNKNOWN,UNKNOWN,0,0
MTLA,,,,,,RG,,OBSERVED_IN_DAILY_SNAPSHOT,False,True,False,2026-10-02,,daily_all_stock_snapshot,2026-10-02,MEDIUM,,,UNKNOWN,UNKNOWN,0,0
MTMH,,,,,,RG,,OBSERVED_IN_DAILY_SNAPSHOT,False,True,False,2026-10-02,,daily_all_stock_snapshot,2026-10-02,MEDIUM,,,UNKNOWN,UNKNOWN,0,0
MTPS,,,,,,RG,,OBSERVED_IN_DAILY_SNAPSHOT,False,True,False,2026-10-02,,daily_all_stock_snapshot,2026-10-02,MEDIUM,,,UNKNOWN,UNKNOWN,0,0
MTRA,,,,,,RG,,OBSERVED_IN_DAILY_SNAPSHOT,False,True,False,2026-10-02,,daily_all_stock_snapshot,2026-10-02,MEDIUM,,,UNKNOWN,UNKNOWN,0,0
MTSM,,,,,,RG,,OBSERVED_IN_DAILY_SNAPSHOT,False,True,False,2026-10-02,,daily_all_stock_snapshot,2026-10-02,MEDIUM,,,UNKNOWN,UNKNOWN,0,0
MTWI,,,,,,RG,,OBSERVED_IN_DAILY_SNAPSHOT,False,True,False,2026-10-02,,daily_all_stock_snapshot,2026-10-02,MEDIUM,,,UNKNOWN,UNKNOWN,0,0
MUTU,,,,,,RG,,OBSERVED_IN_DAILY_SNAPSHOT,False,True,False,2026-10-02,,daily_all_stock_snapshot,2026-10-02,MEDIUM,,,UNKNOWN,UNKNOWN,0,0
MYOH,,,,,,RG,,OBSERVED_IN_DAILY_SNAPSHOT,False,True,False,2026-10-02,,daily_all_stock_snapshot,2026-10-02,MEDIUM,,,UNKNOWN,UNKNOWN,0,0
MYOR,,,,,,RG,,OBSERVED_IN_DAILY_SNAPSHOT,False,True,True,2026-10-02,,daily_all_stock_snapshot,2026-10-02,MEDIUM,,,UNKNOWN,UNKNOWN,0,0
MYTX,,,,,,RG,,OBSERVED_IN_DAILY_SNAPSHOT,False,True,False,2026-10-02,,daily_all_stock_snapshot,2026-10-02,MEDIUM,,,UNKNOWN,UNKNOWN,0,0
NAIK,,,,,,RG,,OBSERVED_IN_DAILY_SNAPSHOT,False,True,False,2026-10-02,,daily_all_stock_snapshot,2026-10-02,MEDIUM,,,UNKNOWN,UNKNOWN,0,0
NANO,,,,,,RG,,OBSERVED_IN_DAILY_SNAPSHOT,False,True,False,2026-10-02,,daily_all_stock_snapshot,2026-10-02,MEDIUM,,,UNKNOWN,UNKNOWN,0,0
NASA,,,,,,RG,,OBSERVED_IN_DAILY_SNAPSHOT,False,True,False,2026-10-02,,daily_all_stock_snapshot,2026-10-02,MEDIUM,,,UNKNOWN,UNKNOWN,0,0
NASI,,,,,,RG,,OBSERVED_IN_DAILY_SNAPSHOT,False,True,False,2026-10-02,,daily_all_stock_snapshot,2026-10-02,MEDIUM,,,UNKNOWN,UNKNOWN,0,0
NATO,,,,,,RG,,OBSERVED_IN_DAILY_SNAPSHOT,False,True,False,2026-10-02,,daily_all_stock_snapshot,2026-10-02,MEDIUM,,,UNKNOWN,UNKNOWN,0,0
NAYZ,,,,,,RG,,OBSERVED_IN_DAILY_SNAPSHOT,False,True,False,2026-10-02,,daily_all_stock_snapshot,2026-10-02,MEDIUM,,,UNKNOWN,UNKNOWN,0,0
NCKL,,,,,,RG,,OBSERVED_IN_DAILY_SNAPSHOT,False,True,False,2026-10-02,,daily_all_stock_snapshot,2026-10-02,MEDIUM,,,UNKNOWN,UNKNOWN,0,0
NELY,,,,,,RG,,OBSERVED_IN_DAILY_SNAPSHOT,False,True,False,2026-10-02,,daily_all_stock_snapshot,2026-10-02,MEDIUM,,,UNKNOWN,UNKNOWN,0,0
NEST,,,,,,RG,,OBSERVED_IN_DAILY_SNAPSHOT,False,True,False,2026-10-02,,daily_all_stock_snapshot,2026-10-02,MEDIUM,,,UNKNOWN,UNKNOWN,0,0
NETV,,,,,,RG,,OBSERVED_IN_DAILY_SNAPSHOT,False,True,False,2026-10-02,,daily_all_stock_snapshot,2026-10-02,MEDIUM,,,UNKNOWN,UNKNOWN,0,0
NFCX,,,,,,RG,,OBSERVED_IN_DAILY_SNAPSHOT,False,True,False,2026-10-02,,daily_all_stock_snapshot,2026-10-02,MEDIUM,,,UNKNOWN,UNKNOWN,0,0
NICE,,,,,,RG,,OBSERVED_IN_DAILY_SNAPSHOT,False,True,False,2026-10-02,,daily_all_stock_snapshot,2026-10-02,MEDIUM,,,UNKNOWN,UNKNOWN,0,0
NICK,,,,,,RG,,OBSERVED_IN_DAILY_SNAPSHOT,False,True,False,2026-10-02,,daily_all_stock_snapshot,2026-10-02,MEDIUM,,,UNKNOWN,UNKNOWN,0,0
NICL,,,,,,RG,,OBSERVED_IN_DAILY_SNAPSHOT,False,True,False,2026-10-02,,daily_all_stock_snapshot,2026-10-02,MEDIUM,,,UNKNOWN,UNKNOWN,0,0
NIKL,,,,,,RG,,OBSERVED_IN_DAILY_SNAPSHOT,False,True,False,2026-10-02,,daily_all_stock_snapshot,2026-10-02,MEDIUM,,,UNKNOWN,UNKNOWN,0,0
NINE,,,,,,RG,,OBSERVED_IN_DAILY_SNAPSHOT,False,True,False,2026-10-02,,daily_all_stock_snapshot,2026-10-02,MEDIUM,,,UNKNOWN,UNKNOWN,0,0
NIRO,,,,,,RG,,OBSERVED_IN_DAILY_SNAPSHOT,False,True,False,2026-10-02,,daily_all_stock_snapshot,2026-10-02,MEDIUM,,,UNKNOWN,UNKNOWN,0,0
NISP,,,,,,RG,,OBSERVED_IN_DAILY_SNAPSHOT,False,True,True,2026-10-02,,daily_all_stock_snapshot,2026-10-02,MEDIUM,,,UNKNOWN,UNKNOWN,0,0
NOBU,,,,,,RG,,OBSERVED_IN_DAILY_SNAPSHOT,False,True,True,2026-10-02,,daily_all_stock_snapshot,2026-10-02,MEDIUM,,,UNKNOWN,UNKNOWN,0,0
NPGF,,,,,,RG,,OBSERVED_IN_DAILY_SNAPSHOT,False,True,False,2026-10-02,,daily_all_stock_snapshot,2026-10-02,MEDIUM,,,UNKNOWN,UNKNOWN,0,0
NRCA,,,,,,RG,,OBSERVED_IN_DAILY_SNAPSHOT,False,True,False,2026-10-02,,daily_all_stock_snapshot,2026-10-02,MEDIUM,,,UNKNOWN,UNKNOWN,0,0
NSSS,,,,,,RG,,OBSERVED_IN_DAILY_SNAPSHOT,False,True,False,2026-10-02,,daily_all_stock_snapshot,2026-10-02,MEDIUM,,,UNKNOWN,UNKNOWN,0,0
NTBK,,,,,,RG,,OBSERVED_IN_DAILY_SNAPSHOT,False,True,False,2026-10-02,,daily_all_stock_snapshot,2026-10-02,MEDIUM,,,UNKNOWN,UNKNOWN,0,0
NUSA,,,,,,RG,,OBSERVED_IN_DAILY_SNAPSHOT,False,True,False,2026-10-02,,daily_all_stock_snapshot,2026-10-02,MEDIUM,,,UNKNOWN,UNKNOWN,0,0
NZIA,,,,,,RG,,OBSERVED_IN_DAILY_SNAPSHOT,False,True,False,2026-10-02,,daily_all_stock_snapshot,2026-10-02,MEDIUM,,,UNKNOWN,UNKNOWN,0,0
OASA,,,,,,RG,,OBSERVED_IN_DAILY_SNAPSHOT,False,True,False,2026-10-02,,daily_all_stock_snapshot,2026-10-02,MEDIUM,,,UNKNOWN,UNKNOWN,0,0
OBAT,,,,,,RG,,OBSERVED_IN_DAILY_SNAPSHOT,False,True,False,2026-10-02,,daily_all_stock_snapshot,2026-10-02,MEDIUM,,,UNKNOWN,UNKNOWN,0,0
OBMD,,,,,,RG,,OBSERVED_IN_DAILY_SNAPSHOT,False,True,False,2026-10-02,,daily_all_stock_snapshot,2026-10-02,MEDIUM,,,UNKNOWN,UNKNOWN,0,0
OCAP,,,,,,RG,,OBSERVED_IN_DAILY_SNAPSHOT,False,True,False,2026-10-02,,daily_all_stock_snapshot,2026-10-02,MEDIUM,,,UNKNOWN,UNKNOWN,0,0
OILS,,,,,,RG,,OBSERVED_IN_DAILY_SNAPSHOT,False,True,False,2026-10-02,,daily_all_stock_snapshot,2026-10-02,MEDIUM,,,UNKNOWN,UNKNOWN,0,0
OKAS,,,,,,RG,,OBSERVED_IN_DAILY_SNAPSHOT,False,True,False,2026-10-02,,daily_all_stock_snapshot,2026-10-02,MEDIUM,,,UNKNOWN,UNKNOWN,0,0
OLIV,,,,,,RG,,OBSERVED_IN_DAILY_SNAPSHOT,False,True,False,2026-10-02,,daily_all_stock_snapshot,2026-10-02,MEDIUM,,,UNKNOWN,UNKNOWN,0,0
OMED,,,,,,RG,,OBSERVED_IN_DAILY_SNAPSHOT,False,True,False,2026-10-02,,daily_all_stock_snapshot,2026-10-02,MEDIUM,,,UNKNOWN,UNKNOWN,0,0
OMRE,,,,,,RG,,OBSERVED_IN_DAILY_SNAPSHOT,False,True,False,2026-10-02,,daily_all_stock_snapshot,2026-10-02,MEDIUM,,,UNKNOWN,UNKNOWN,0,0
OPMS,,,,,,RG,,OBSERVED_IN_DAILY_SNAPSHOT,False,True,False,2026-10-02,,daily_all_stock_snapshot,2026-10-02,MEDIUM,,,UNKNOWN,UNKNOWN,0,0
PACK,,,,,,RG,,OBSERVED_IN_DAILY_SNAPSHOT,False,True,False,2026-10-02,,daily_all_stock_snapshot,2026-10-02,MEDIUM,,,UNKNOWN,UNKNOWN,0,0
PADA,,,,,,RG,,OBSERVED_IN_DAILY_SNAPSHOT,False,True,False,2026-10-02,,daily_all_stock_snapshot,2026-10-02,MEDIUM,,,UNKNOWN,UNKNOWN,0,0
PADI,,,,,,RG,,OBSERVED_IN_DAILY_SNAPSHOT,False,True,False,2026-10-02,,daily_all_stock_snapshot,2026-10-02,MEDIUM,,,UNKNOWN,UNKNOWN,0,0
PALM,,,,,,RG,,OBSERVED_IN_DAILY_SNAPSHOT,False,True,False,2026-10-02,,daily_all_stock_snapshot,2026-10-02,MEDIUM,,,UNKNOWN,UNKNOWN,0,0
PAMG,,,,,,RG,,OBSERVED_IN_DAILY_SNAPSHOT,False,True,False,2026-10-02,,daily_all_stock_snapshot,2026-10-02,MEDIUM,,,UNKNOWN,UNKNOWN,0,0
PANI,,,,,,RG,,OBSERVED_IN_DAILY_SNAPSHOT,False,True,True,2026-10-02,,daily_all_stock_snapshot,2026-10-02,MEDIUM,,,UNKNOWN,UNKNOWN,0,0
PANR,,,,,,RG,,OBSERVED_IN_DAILY_SNAPSHOT,False,True,False,2026-10-02,,daily_all_stock_snapshot,2026-10-02,MEDIUM,,,UNKNOWN,UNKNOWN,0,0
PANS,,,,,,RG,,OBSERVED_IN_DAILY_SNAPSHOT,False,True,False,2026-10-02,,daily_all_stock_snapshot,2026-10-02,MEDIUM,,,UNKNOWN,UNKNOWN,0,0
PART,,,,,,RG,,OBSERVED_IN_DAILY_SNAPSHOT,False,True,False,2026-10-02,,daily_all_stock_snapshot,2026-10-02,MEDIUM,,,UNKNOWN,UNKNOWN,0,0
PBID,,,,,,RG,,OBSERVED_IN_DAILY_SNAPSHOT,False,True,False,2026-10-02,,daily_all_stock_snapshot,2026-10-02,MEDIUM,,,UNKNOWN,UNKNOWN,0,0
PBRX,,,,,,RG,,OBSERVED_IN_DAILY_SNAPSHOT,False,True,False,2026-10-02,,daily_all_stock_snapshot,2026-10-02,MEDIUM,,,UNKNOWN,UNKNOWN,0,0
PBSA,,,,,,RG,,OBSERVED_IN_DAILY_SNAPSHOT,False,True,False,2026-10-02,,daily_all_stock_snapshot,2026-10-02,MEDIUM,,,UNKNOWN,UNKNOWN,0,0
PCAR,,,,,,RG,,OBSERVED_IN_DAILY_SNAPSHOT,False,True,False,2026-10-02,,daily_all_stock_snapshot,2026-10-02,MEDIUM,,,UNKNOWN,UNKNOWN,0,0
PDES,,,,,,RG,,OBSERVED_IN_DAILY_SNAPSHOT,False,True,False,2026-10-02,,daily_all_stock_snapshot,2026-10-02,MEDIUM,,,UNKNOWN,UNKNOWN,0,0
PDPP,,,,,,RG,,OBSERVED_IN_DAILY_SNAPSHOT,False,True,False,2026-10-02,,daily_all_stock_snapshot,2026-10-02,MEDIUM,,,UNKNOWN,UNKNOWN,0,0
PEGE,,,,,,RG,,OBSERVED_IN_DAILY_SNAPSHOT,False,True,False,2026-10-02,,daily_all_stock_snapshot,2026-10-02,MEDIUM,,,UNKNOWN,UNKNOWN,0,0
PEHA,,,,,,RG,,OBSERVED_IN_DAILY_SNAPSHOT,False,True,False,2026-10-02,,daily_all_stock_snapshot,2026-10-02,MEDIUM,,,UNKNOWN,UNKNOWN,0,0
PEVE,,,,,,RG,,OBSERVED_IN_DAILY_SNAPSHOT,False,True,False,2026-10-02,,daily_all_stock_snapshot,2026-10-02,MEDIUM,,,UNKNOWN,UNKNOWN,0,0
PGAS,,,,,,RG,,OBSERVED_IN_DAILY_SNAPSHOT,False,True,True,2026-10-02,,daily_all_stock_snapshot,2026-10-02,MEDIUM,,,UNKNOWN,UNKNOWN,0,0
PGEO,,,,,,RG,,OBSERVED_IN_DAILY_SNAPSHOT,False,True,False,2026-10-02,,daily_all_stock_snapshot,2026-10-02,MEDIUM,,,UNKNOWN,UNKNOWN,0,0
PGJO,,,,,,RG,,OBSERVED_IN_DAILY_SNAPSHOT,False,True,False,2026-10-02,,daily_all_stock_snapshot,2026-10-02,MEDIUM,,,UNKNOWN,UNKNOWN,0,0
PGLI,,,,,,RG,,OBSERVED_IN_DAILY_SNAPSHOT,False,True,False,2026-10-02,,daily_all_stock_snapshot,2026-10-02,MEDIUM,,,UNKNOWN,UNKNOWN,0,0
PGUN,,,,,,RG,,OBSERVED_IN_DAILY_SNAPSHOT,False,True,False,2026-10-02,,daily_all_stock_snapshot,2026-10-02,MEDIUM,,,UNKNOWN,UNKNOWN,0,0
PICO,,,,,,RG,,OBSERVED_IN_DAILY_SNAPSHOT,False,True,False,2026-10-02,,daily_all_stock_snapshot,2026-10-02,MEDIUM,,,UNKNOWN,UNKNOWN,0,0
PIPA,,,,,,RG,,OBSERVED_IN_DAILY_SNAPSHOT,False,True,False,2026-10-02,,daily_all_stock_snapshot,2026-10-02,MEDIUM,,,UNKNOWN,UNKNOWN,0,0
PJAA,,,,,,RG,,OBSERVED_IN_DAILY_SNAPSHOT,False,True,False,2026-10-02,,daily_all_stock_snapshot,2026-10-02,MEDIUM,,,UNKNOWN,UNKNOWN,0,0
PJHB,,,,,,RG,,OBSERVED_IN_DAILY_SNAPSHOT,False,True,False,2026-10-02,,daily_all_stock_snapshot,2026-10-02,MEDIUM,,,UNKNOWN,UNKNOWN,0,0
PKPK,,,,,,RG,,OBSERVED_IN_DAILY_SNAPSHOT,False,True,False,2026-10-02,,daily_all_stock_snapshot,2026-10-02,MEDIUM,,,UNKNOWN,UNKNOWN,0,0
PLAN,,,,,,RG,,OBSERVED_IN_DAILY_SNAPSHOT,False,True,False,2026-10-02,,daily_all_stock_snapshot,2026-10-02,MEDIUM,,,UNKNOWN,UNKNOWN,0,0
PLAS,,,,,,RG,,OBSERVED_IN_DAILY_SNAPSHOT,False,True,False,2026-10-02,,daily_all_stock_snapshot,2026-10-02,MEDIUM,,,UNKNOWN,UNKNOWN,0,0
PLIN,,,,,,RG,,OBSERVED_IN_DAILY_SNAPSHOT,False,True,False,2026-10-02,,daily_all_stock_snapshot,2026-10-02,MEDIUM,,,UNKNOWN,UNKNOWN,0,0
PMJS,,,,,,RG,,OBSERVED_IN_DAILY_SNAPSHOT,False,True,False,2026-10-02,,daily_all_stock_snapshot,2026-10-02,MEDIUM,,,UNKNOWN,UNKNOWN,0,0
PMMP,,,,,,RG,,OBSERVED_IN_DAILY_SNAPSHOT,False,True,False,2026-10-02,,daily_all_stock_snapshot,2026-10-02,MEDIUM,,,UNKNOWN,UNKNOWN,0,0
PMUI,,,,,,RG,,OBSERVED_IN_DAILY_SNAPSHOT,False,True,False,2026-10-02,,daily_all_stock_snapshot,2026-10-02,MEDIUM,,,UNKNOWN,UNKNOWN,0,0
PNBN,,,,,,RG,,OBSERVED_IN_DAILY_SNAPSHOT,False,True,True,2026-10-02,,daily_all_stock_snapshot,2026-10-02,MEDIUM,,,UNKNOWN,UNKNOWN,0,0
PNBS,,,,,,RG,,OBSERVED_IN_DAILY_SNAPSHOT,False,True,False,2026-10-02,,daily_all_stock_snapshot,2026-10-02,MEDIUM,,,UNKNOWN,UNKNOWN,0,0
PNGO,,,,,,RG,,OBSERVED_IN_DAILY_SNAPSHOT,False,True,False,2026-10-02,,daily_all_stock_snapshot,2026-10-02,MEDIUM,,,UNKNOWN,UNKNOWN,0,0
PNIN,,,,,,RG,,OBSERVED_IN_DAILY_SNAPSHOT,False,True,False,2026-10-02,,daily_all_stock_snapshot,2026-10-02,MEDIUM,,,UNKNOWN,UNKNOWN,0,0
PNLF,,,,,,RG,,OBSERVED_IN_DAILY_SNAPSHOT,False,True,False,2026-10-02,,daily_all_stock_snapshot,2026-10-02,MEDIUM,,,UNKNOWN,UNKNOWN,0,0
PNSE,,,,,,RG,,OBSERVED_IN_DAILY_SNAPSHOT,False,True,False,2026-10-02,,daily_all_stock_snapshot,2026-10-02,MEDIUM,,,UNKNOWN,UNKNOWN,0,0
POLA,,,,,,RG,,OBSERVED_IN_DAILY_SNAPSHOT,False,True,False,2026-10-02,,daily_all_stock_snapshot,2026-10-02,MEDIUM,,,UNKNOWN,UNKNOWN,0,0
POLI,,,,,,RG,,OBSERVED_IN_DAILY_SNAPSHOT,False,True,False,2026-10-02,,daily_all_stock_snapshot,2026-10-02,MEDIUM,,,UNKNOWN,UNKNOWN,0,0
POLL,,,,,,RG,,OBSERVED_IN_DAILY_SNAPSHOT,False,True,False,2026-10-02,,daily_all_stock_snapshot,2026-10-02,MEDIUM,,,UNKNOWN,UNKNOWN,0,0
POLU,,,,,,RG,,OBSERVED_IN_DAILY_SNAPSHOT,False,True,False,2026-10-02,,daily_all_stock_snapshot,2026-10-02,MEDIUM,,,UNKNOWN,UNKNOWN,0,0
POLY,,,,,,RG,,OBSERVED_IN_DAILY_SNAPSHOT,False,True,False,2026-10-02,,daily_all_stock_snapshot,2026-10-02,MEDIUM,,,UNKNOWN,UNKNOWN,0,0
POOL,,,,,,RG,,OBSERVED_IN_DAILY_SNAPSHOT,False,True,False,2026-10-02,,daily_all_stock_snapshot,2026-10-02,MEDIUM,,,UNKNOWN,UNKNOWN,0,0
PORT,,,,,,RG,,OBSERVED_IN_DAILY_SNAPSHOT,False,True,False,2026-10-02,,daily_all_stock_snapshot,2026-10-02,MEDIUM,,,UNKNOWN,UNKNOWN,0,0
POSA,,,,,,RG,,OBSERVED_IN_DAILY_SNAPSHOT,False,True,False,2026-10-02,,daily_all_stock_snapshot,2026-10-02,MEDIUM,,,UNKNOWN,UNKNOWN,0,0
POWR,,,,,,RG,,OBSERVED_IN_DAILY_SNAPSHOT,False,True,True,2026-10-02,,daily_all_stock_snapshot,2026-10-02,MEDIUM,,,UNKNOWN,UNKNOWN,0,0
PPGL,,,,,,RG,,OBSERVED_IN_DAILY_SNAPSHOT,False,True,False,2026-10-02,,daily_all_stock_snapshot,2026-10-02,MEDIUM,,,UNKNOWN,UNKNOWN,0,0
PPRE,,,,,,RG,,OBSERVED_IN_DAILY_SNAPSHOT,False,True,False,2026-10-02,,daily_all_stock_snapshot,2026-10-02,MEDIUM,,,UNKNOWN,UNKNOWN,0,0
PPRI,,,,,,RG,,OBSERVED_IN_DAILY_SNAPSHOT,False,True,False,2026-10-02,,daily_all_stock_snapshot,2026-10-02,MEDIUM,,,UNKNOWN,UNKNOWN,0,0
PPRO,,,,,,RG,,OBSERVED_IN_DAILY_SNAPSHOT,False,True,False,2026-10-02,,daily_all_stock_snapshot,2026-10-02,MEDIUM,,,UNKNOWN,UNKNOWN,0,0
PRAY,,,,,,RG,,OBSERVED_IN_DAILY_SNAPSHOT,False,True,False,2026-10-02,,daily_all_stock_snapshot,2026-10-02,MEDIUM,,,UNKNOWN,UNKNOWN,0,0
PRDA,,,,,,RG,,OBSERVED_IN_DAILY_SNAPSHOT,False,True,False,2026-10-02,,daily_all_stock_snapshot,2026-10-02,MEDIUM,,,UNKNOWN,UNKNOWN,0,0
PRDL,,,,,,RG,,OBSERVED_IN_DAILY_SNAPSHOT,False,True,False,2026-10-02,,daily_all_stock_snapshot,2026-10-02,MEDIUM,,,UNKNOWN,UNKNOWN,0,0
PRIM,,,,,,RG,,OBSERVED_IN_DAILY_SNAPSHOT,False,True,False,2026-10-02,,daily_all_stock_snapshot,2026-10-02,MEDIUM,,,UNKNOWN,UNKNOWN,0,0
PSAB,,,,,,RG,,OBSERVED_IN_DAILY_SNAPSHOT,False,True,False,2026-10-02,,daily_all_stock_snapshot,2026-10-02,MEDIUM,,,UNKNOWN,UNKNOWN,0,0
PSAT,,,,,,RG,,OBSERVED_IN_DAILY_SNAPSHOT,False,True,False,2026-10-02,,daily_all_stock_snapshot,2026-10-02,MEDIUM,,,UNKNOWN,UNKNOWN,0,0
PSDN,,,,,,RG,,OBSERVED_IN_DAILY_SNAPSHOT,False,True,False,2026-10-02,,daily_all_stock_snapshot,2026-10-02,MEDIUM,,,UNKNOWN,UNKNOWN,0,0
PSGO,,,,,,RG,,OBSERVED_IN_DAILY_SNAPSHOT,False,True,False,2026-10-02,,daily_all_stock_snapshot,2026-10-02,MEDIUM,,,UNKNOWN,UNKNOWN,0,0
PSKT,,,,,,RG,,OBSERVED_IN_DAILY_SNAPSHOT,False,True,False,2026-10-02,,daily_all_stock_snapshot,2026-10-02,MEDIUM,,,UNKNOWN,UNKNOWN,0,0
PSSI,,,,,,RG,,OBSERVED_IN_DAILY_SNAPSHOT,False,True,False,2026-10-02,,daily_all_stock_snapshot,2026-10-02,MEDIUM,,,UNKNOWN,UNKNOWN,0,0
PTBA,,,,,,RG,,OBSERVED_IN_DAILY_SNAPSHOT,False,True,True,2026-10-02,,daily_all_stock_snapshot,2026-10-02,MEDIUM,,,UNKNOWN,UNKNOWN,0,0
PTDU,,,,,,RG,,OBSERVED_IN_DAILY_SNAPSHOT,False,True,False,2026-10-02,,daily_all_stock_snapshot,2026-10-02,MEDIUM,,,UNKNOWN,UNKNOWN,0,0
PTIS,,,,,,RG,,OBSERVED_IN_DAILY_SNAPSHOT,False,True,False,2026-10-02,,daily_all_stock_snapshot,2026-10-02,MEDIUM,,,UNKNOWN,UNKNOWN,0,0
PTMP,,,,,,RG,,OBSERVED_IN_DAILY_SNAPSHOT,False,True,False,2026-10-02,,daily_all_stock_snapshot,2026-10-02,MEDIUM,,,UNKNOWN,UNKNOWN,0,0
PTMR,,,,,,RG,,OBSERVED_IN_DAILY_SNAPSHOT,False,True,False,2026-10-02,,daily_all_stock_snapshot,2026-10-02,MEDIUM,,,UNKNOWN,UNKNOWN,0,0
PTPP,,,,,,RG,,OBSERVED_IN_DAILY_SNAPSHOT,False,True,True,2026-10-02,,daily_all_stock_snapshot,2026-10-02,MEDIUM,,,UNKNOWN,UNKNOWN,0,0
PTPS,,,,,,RG,,OBSERVED_IN_DAILY_SNAPSHOT,False,True,False,2026-10-02,,daily_all_stock_snapshot,2026-10-02,MEDIUM,,,UNKNOWN,UNKNOWN,0,0
PTPW,,,,,,RG,,OBSERVED_IN_DAILY_SNAPSHOT,False,True,False,2026-10-02,,daily_all_stock_snapshot,2026-10-02,MEDIUM,,,UNKNOWN,UNKNOWN,0,0
PTRO,,,,,,RG,,OBSERVED_IN_DAILY_SNAPSHOT,False,True,False,2026-10-02,,daily_all_stock_snapshot,2026-10-02,MEDIUM,,,UNKNOWN,UNKNOWN,0,0
PTSN,,,,,,RG,,OBSERVED_IN_DAILY_SNAPSHOT,False,True,False,2026-10-02,,daily_all_stock_snapshot,2026-10-02,MEDIUM,,,UNKNOWN,UNKNOWN,0,0
PTSP,,,,,,RG,,OBSERVED_IN_DAILY_SNAPSHOT,False,True,False,2026-10-02,,daily_all_stock_snapshot,2026-10-02,MEDIUM,,,UNKNOWN,UNKNOWN,0,0
PUDP,,,,,,RG,,OBSERVED_IN_DAILY_SNAPSHOT,False,True,False,2026-10-02,,daily_all_stock_snapshot,2026-10-02,MEDIUM,,,UNKNOWN,UNKNOWN,0,0
PURA,,,,,,RG,,OBSERVED_IN_DAILY_SNAPSHOT,False,True,False,2026-10-02,,daily_all_stock_snapshot,2026-10-02,MEDIUM,,,UNKNOWN,UNKNOWN,0,0
PURE,,,,,,RG,,OBSERVED_IN_DAILY_SNAPSHOT,False,True,False,2026-10-02,,daily_all_stock_snapshot,2026-10-02,MEDIUM,,,UNKNOWN,UNKNOWN,0,0
PURI,,,,,,RG,,OBSERVED_IN_DAILY_SNAPSHOT,False,True,False,2026-10-02,,daily_all_stock_snapshot,2026-10-02,MEDIUM,,,UNKNOWN,UNKNOWN,0,0
PWON,,,,,,RG,,OBSERVED_IN_DAILY_SNAPSHOT,False,True,True,2026-10-02,,daily_all_stock_snapshot,2026-10-02,MEDIUM,,,UNKNOWN,UNKNOWN,0,0
PYFA,,,,,,RG,,OBSERVED_IN_DAILY_SNAPSHOT,False,True,True,2026-10-02,,daily_all_stock_snapshot,2026-10-02,MEDIUM,,,UNKNOWN,UNKNOWN,0,0
PZZA,,,,,,RG,,OBSERVED_IN_DAILY_SNAPSHOT,False,True,False,2026-10-02,,daily_all_stock_snapshot,2026-10-02,MEDIUM,,,UNKNOWN,UNKNOWN,0,0
RAAM,,,,,,RG,,OBSERVED_IN_DAILY_SNAPSHOT,False,True,False,2026-10-02,,daily_all_stock_snapshot,2026-10-02,MEDIUM,,,UNKNOWN,UNKNOWN,0,0
RAFI,,,,,,RG,,OBSERVED_IN_DAILY_SNAPSHOT,False,True,False,2026-10-02,,daily_all_stock_snapshot,2026-10-02,MEDIUM,,,UNKNOWN,UNKNOWN,0,0
RAJA,,,,,,RG,,OBSERVED_IN_DAILY_SNAPSHOT,False,True,False,2026-10-02,,daily_all_stock_snapshot,2026-10-02,MEDIUM,,,UNKNOWN,UNKNOWN,0,0
RALS,,,,,,RG,,OBSERVED_IN_DAILY_SNAPSHOT,False,True,False,2026-10-02,,daily_all_stock_snapshot,2026-10-02,MEDIUM,,,UNKNOWN,UNKNOWN,0,0
RANC,,,,,,RG,,OBSERVED_IN_DAILY_SNAPSHOT,False,True,False,2026-10-02,,daily_all_stock_snapshot,2026-10-02,MEDIUM,,,UNKNOWN,UNKNOWN,0,0
RANS,,,,,,RG,,OBSERVED_IN_DAILY_SNAPSHOT,False,True,False,2026-10-02,,daily_all_stock_snapshot,2026-10-02,MEDIUM,,,UNKNOWN,UNKNOWN,0,0
RATU,,,,,,RG,,OBSERVED_IN_DAILY_SNAPSHOT,False,True,False,2026-10-02,,daily_all_stock_snapshot,2026-10-02,MEDIUM,,,UNKNOWN,UNKNOWN,0,0
RBMS,,,,,,RG,,OBSERVED_IN_DAILY_SNAPSHOT,False,True,False,2026-10-02,,daily_all_stock_snapshot,2026-10-02,MEDIUM,,,UNKNOWN,UNKNOWN,0,0
RCCC,,,,,,RG,,OBSERVED_IN_DAILY_SNAPSHOT,False,True,False,2026-10-02,,daily_all_stock_snapshot,2026-10-02,MEDIUM,,,UNKNOWN,UNKNOWN,0,0
RDTX,,,,,,RG,,OBSERVED_IN_DAILY_SNAPSHOT,False,True,False,2026-10-02,,daily_all_stock_snapshot,2026-10-02,MEDIUM,,,UNKNOWN,UNKNOWN,0,0
REAL,,,,,,RG,,OBSERVED_IN_DAILY_SNAPSHOT,False,True,False,2026-10-02,,daily_all_stock_snapshot,2026-10-02,MEDIUM,,,UNKNOWN,UNKNOWN,0,0
RELF,,,,,,RG,,OBSERVED_IN_DAILY_SNAPSHOT,False,True,False,2026-10-02,,daily_all_stock_snapshot,2026-10-02,MEDIUM,,,UNKNOWN,UNKNOWN,0,0
RELI,,,,,,RG,,OBSERVED_IN_DAILY_SNAPSHOT,False,True,False,2026-10-02,,daily_all_stock_snapshot,2026-10-02,MEDIUM,,,UNKNOWN,UNKNOWN,0,0
RGAS,,,,,,RG,,OBSERVED_IN_DAILY_SNAPSHOT,False,True,False,2026-10-02,,daily_all_stock_snapshot,2026-10-02,MEDIUM,,,UNKNOWN,UNKNOWN,0,0
RICY,,,,,,RG,,OBSERVED_IN_DAILY_SNAPSHOT,False,True,False,2026-10-02,,daily_all_stock_snapshot,2026-10-02,MEDIUM,,,UNKNOWN,UNKNOWN,0,0
RIGS,,,,,,RG,,OBSERVED_IN_DAILY_SNAPSHOT,False,True,False,2026-10-02,,daily_all_stock_snapshot,2026-10-02,MEDIUM,,,UNKNOWN,UNKNOWN,0,0
RIMO,,,,,,RG,,OBSERVED_IN_DAILY_SNAPSHOT,False,True,False,2026-10-02,,daily_all_stock_snapshot,2026-10-02,MEDIUM,,,UNKNOWN,UNKNOWN,0,0
RISE,,,,,,RG,,OBSERVED_IN_DAILY_SNAPSHOT,False,True,False,2026-10-02,,daily_all_stock_snapshot,2026-10-02,MEDIUM,,,UNKNOWN,UNKNOWN,0,0
RLCO,,,,,,RG,,OBSERVED_IN_DAILY_SNAPSHOT,False,True,False,2026-10-02,,daily_all_stock_snapshot,2026-10-02,MEDIUM,,,UNKNOWN,UNKNOWN,0,0
RMKE,,,,,,RG,,OBSERVED_IN_DAILY_SNAPSHOT,False,True,False,2026-10-02,,daily_all_stock_snapshot,2026-10-02,MEDIUM,,,UNKNOWN,UNKNOWN,0,0
RMKO,,,,,,RG,,OBSERVED_IN_DAILY_SNAPSHOT,False,True,False,2026-10-02,,daily_all_stock_snapshot,2026-10-02,MEDIUM,,,UNKNOWN,UNKNOWN,0,0
ROCK,,,,,,RG,,OBSERVED_IN_DAILY_SNAPSHOT,False,True,False,2026-10-02,,daily_all_stock_snapshot,2026-10-02,MEDIUM,,,UNKNOWN,UNKNOWN,0,0
RODA,,,,,,RG,,OBSERVED_IN_DAILY_SNAPSHOT,False,True,False,2026-10-02,,daily_all_stock_snapshot,2026-10-02,MEDIUM,,,UNKNOWN,UNKNOWN,0,0
RONY,,,,,,RG,,OBSERVED_IN_DAILY_SNAPSHOT,False,True,False,2026-10-02,,daily_all_stock_snapshot,2026-10-02,MEDIUM,,,UNKNOWN,UNKNOWN,0,0
ROTI,,,,,,RG,,OBSERVED_IN_DAILY_SNAPSHOT,False,True,True,2026-10-02,,daily_all_stock_snapshot,2026-10-02,MEDIUM,,,UNKNOWN,UNKNOWN,0,0
RSCH,,,,,,RG,,OBSERVED_IN_DAILY_SNAPSHOT,False,True,False,2026-10-02,,daily_all_stock_snapshot,2026-10-02,MEDIUM,,,UNKNOWN,UNKNOWN,0,0
RSGK,,,,,,RG,,OBSERVED_IN_DAILY_SNAPSHOT,False,True,False,2026-10-02,,daily_all_stock_snapshot,2026-10-02,MEDIUM,,,UNKNOWN,UNKNOWN,0,0
RUIS,,,,,,RG,,OBSERVED_IN_DAILY_SNAPSHOT,False,True,False,2026-10-02,,daily_all_stock_snapshot,2026-10-02,MEDIUM,,,UNKNOWN,UNKNOWN,0,0
RUNS,,,,,,RG,,OBSERVED_IN_DAILY_SNAPSHOT,False,True,False,2026-10-02,,daily_all_stock_snapshot,2026-10-02,MEDIUM,,,UNKNOWN,UNKNOWN,0,0
SAFE,,,,,,RG,,OBSERVED_IN_DAILY_SNAPSHOT,False,True,False,2026-10-02,,daily_all_stock_snapshot,2026-10-02,MEDIUM,,,UNKNOWN,UNKNOWN,0,0
SAGE,,,,,,RG,,OBSERVED_IN_DAILY_SNAPSHOT,False,True,False,2026-10-02,,daily_all_stock_snapshot,2026-10-02,MEDIUM,,,UNKNOWN,UNKNOWN,0,0
SAME,,,,,,RG,,OBSERVED_IN_DAILY_SNAPSHOT,False,True,False,2026-10-02,,daily_all_stock_snapshot,2026-10-02,MEDIUM,,,UNKNOWN,UNKNOWN,0,0
SAMF,,,,,,RG,,OBSERVED_IN_DAILY_SNAPSHOT,False,True,False,2026-10-02,,daily_all_stock_snapshot,2026-10-02,MEDIUM,,,UNKNOWN,UNKNOWN,0,0
SAPX,,,,,,RG,,OBSERVED_IN_DAILY_SNAPSHOT,False,True,False,2026-10-02,,daily_all_stock_snapshot,2026-10-02,MEDIUM,,,UNKNOWN,UNKNOWN,0,0
SATU,,,,,,RG,,OBSERVED_IN_DAILY_SNAPSHOT,False,True,False,2026-10-02,,daily_all_stock_snapshot,2026-10-02,MEDIUM,,,UNKNOWN,UNKNOWN,0,0
SBAT,,,,,,RG,,OBSERVED_IN_DAILY_SNAPSHOT,False,True,False,2026-10-02,,daily_all_stock_snapshot,2026-10-02,MEDIUM,,,UNKNOWN,UNKNOWN,0,0
SBMA,,,,,,RG,,OBSERVED_IN_DAILY_SNAPSHOT,False,True,False,2026-10-02,,daily_all_stock_snapshot,2026-10-02,MEDIUM,,,UNKNOWN,UNKNOWN,0,0
SCCO,,,,,,RG,,OBSERVED_IN_DAILY_SNAPSHOT,False,True,False,2026-10-02,,daily_all_stock_snapshot,2026-10-02,MEDIUM,,,UNKNOWN,UNKNOWN,0,0
SCMA,,,,,,RG,,OBSERVED_IN_DAILY_SNAPSHOT,False,True,False,2026-10-02,,daily_all_stock_snapshot,2026-10-02,MEDIUM,,,UNKNOWN,UNKNOWN,0,0
SCNP,,,,,,RG,,OBSERVED_IN_DAILY_SNAPSHOT,False,True,False,2026-10-02,,daily_all_stock_snapshot,2026-10-02,MEDIUM,,,UNKNOWN,UNKNOWN,0,0
SCPI,,,,,,RG,,OBSERVED_IN_DAILY_SNAPSHOT,False,True,False,2026-10-02,,daily_all_stock_snapshot,2026-10-02,MEDIUM,,,UNKNOWN,UNKNOWN,0,0
SDMU,,,,,,RG,,OBSERVED_IN_DAILY_SNAPSHOT,False,True,False,2026-10-02,,daily_all_stock_snapshot,2026-10-02,MEDIUM,,,UNKNOWN,UNKNOWN,0,0
SDPC,,,,,,RG,,OBSERVED_IN_DAILY_SNAPSHOT,False,True,False,2026-10-02,,daily_all_stock_snapshot,2026-10-02,MEDIUM,,,UNKNOWN,UNKNOWN,0,0
SDRA,,,,,,RG,,OBSERVED_IN_DAILY_SNAPSHOT,False,True,True,2026-10-02,,daily_all_stock_snapshot,2026-10-02,MEDIUM,,,UNKNOWN,UNKNOWN,0,0
SEMA,,,,,,RG,,OBSERVED_IN_DAILY_SNAPSHOT,False,True,False,2026-10-02,,daily_all_stock_snapshot,2026-10-02,MEDIUM,,,UNKNOWN,UNKNOWN,0,0
SFAN,,,,,,RG,,OBSERVED_IN_DAILY_SNAPSHOT,False,True,False,2026-10-02,,daily_all_stock_snapshot,2026-10-02,MEDIUM,,,UNKNOWN,UNKNOWN,0,0
SGER,,,,,,RG,,OBSERVED_IN_DAILY_SNAPSHOT,False,True,False,2026-10-02,,daily_all_stock_snapshot,2026-10-02,MEDIUM,,,UNKNOWN,UNKNOWN,0,0
SGRO,,,,,,RG,,OBSERVED_IN_DAILY_SNAPSHOT,False,True,False,2026-10-02,,daily_all_stock_snapshot,2026-10-02,MEDIUM,,,UNKNOWN,UNKNOWN,0,0
SHID,,,,,,RG,,OBSERVED_IN_DAILY_SNAPSHOT,False,True,False,2026-10-02,,daily_all_stock_snapshot,2026-10-02,MEDIUM,,,UNKNOWN,UNKNOWN,0,0
SHIP,,,,,,RG,,OBSERVED_IN_DAILY_SNAPSHOT,False,True,False,2026-10-02,,daily_all_stock_snapshot,2026-10-02,MEDIUM,,,UNKNOWN,UNKNOWN,0,0
SICO,,,,,,RG,,OBSERVED_IN_DAILY_SNAPSHOT,False,True,False,2026-10-02,,daily_all_stock_snapshot,2026-10-02,MEDIUM,,,UNKNOWN,UNKNOWN,0,0
SIDO,,,,,,RG,,OBSERVED_IN_DAILY_SNAPSHOT,False,True,True,2026-10-02,,daily_all_stock_snapshot,2026-10-02,MEDIUM,,,UNKNOWN,UNKNOWN,0,0
SILO,,,,,,RG,,OBSERVED_IN_DAILY_SNAPSHOT,False,True,False,2026-10-02,,daily_all_stock_snapshot,2026-10-02,MEDIUM,,,UNKNOWN,UNKNOWN,0,0
SIMA,,,,,,RG,,OBSERVED_IN_DAILY_SNAPSHOT,False,True,False,2026-10-02,,daily_all_stock_snapshot,2026-10-02,MEDIUM,,,UNKNOWN,UNKNOWN,0,0
SIMP,,,,,,RG,,OBSERVED_IN_DAILY_SNAPSHOT,False,True,False,2026-10-02,,daily_all_stock_snapshot,2026-10-02,MEDIUM,,,UNKNOWN,UNKNOWN,0,0
SINI,,,,,,RG,,OBSERVED_IN_DAILY_SNAPSHOT,False,True,False,2026-10-02,,daily_all_stock_snapshot,2026-10-02,MEDIUM,,,UNKNOWN,UNKNOWN,0,0
SIPD,,,,,,RG,,OBSERVED_IN_DAILY_SNAPSHOT,False,True,False,2026-10-02,,daily_all_stock_snapshot,2026-10-02,MEDIUM,,,UNKNOWN,UNKNOWN,0,0
SKBM,,,,,,RG,,OBSERVED_IN_DAILY_SNAPSHOT,False,True,False,2026-10-02,,daily_all_stock_snapshot,2026-10-02,MEDIUM,,,UNKNOWN,UNKNOWN,0,0
SKLT,,,,,,RG,,OBSERVED_IN_DAILY_SNAPSHOT,False,True,True,2026-10-02,,daily_all_stock_snapshot,2026-10-02,MEDIUM,,,UNKNOWN,UNKNOWN,0,0
SKRN,,,,,,RG,,OBSERVED_IN_DAILY_SNAPSHOT,False,True,False,2026-10-02,,daily_all_stock_snapshot,2026-10-02,MEDIUM,,,UNKNOWN,UNKNOWN,0,0
SKYB,,,,,,RG,,OBSERVED_IN_DAILY_SNAPSHOT,False,True,False,2026-10-02,,daily_all_stock_snapshot,2026-10-02,MEDIUM,,,UNKNOWN,UNKNOWN,0,0
SLIS,,,,,,RG,,OBSERVED_IN_DAILY_SNAPSHOT,False,True,False,2026-10-02,,daily_all_stock_snapshot,2026-10-02,MEDIUM,,,UNKNOWN,UNKNOWN,0,0
SMAR,,,,,,RG,,OBSERVED_IN_DAILY_SNAPSHOT,False,True,False,2026-10-02,,daily_all_stock_snapshot,2026-10-02,MEDIUM,,,UNKNOWN,UNKNOWN,0,0
SMBR,,,,,,RG,,OBSERVED_IN_DAILY_SNAPSHOT,False,True,False,2026-10-02,,daily_all_stock_snapshot,2026-10-02,MEDIUM,,,UNKNOWN,UNKNOWN,0,0
SMCB,,,,,,RG,,OBSERVED_IN_DAILY_SNAPSHOT,False,True,False,2026-10-02,,daily_all_stock_snapshot,2026-10-02,MEDIUM,,,UNKNOWN,UNKNOWN,0,0
SMDM,,,,,,RG,,OBSERVED_IN_DAILY_SNAPSHOT,False,True,False,2026-10-02,,daily_all_stock_snapshot,2026-10-02,MEDIUM,,,UNKNOWN,UNKNOWN,0,0
SMDR,,,,,,RG,,OBSERVED_IN_DAILY_SNAPSHOT,False,True,False,2026-10-02,,daily_all_stock_snapshot,2026-10-02,MEDIUM,,,UNKNOWN,UNKNOWN,0,0
SMGA,,,,,,RG,,OBSERVED_IN_DAILY_SNAPSHOT,False,True,False,2026-10-02,,daily_all_stock_snapshot,2026-10-02,MEDIUM,,,UNKNOWN,UNKNOWN,0,0
SMGR,,,,,,RG,,OBSERVED_IN_DAILY_SNAPSHOT,False,True,True,2026-10-02,,daily_all_stock_snapshot,2026-10-02,MEDIUM,,,UNKNOWN,UNKNOWN,0,0
SMIL,,,,,,RG,,OBSERVED_IN_DAILY_SNAPSHOT,False,True,False,2026-10-02,,daily_all_stock_snapshot,2026-10-02,MEDIUM,,,UNKNOWN,UNKNOWN,0,0
SMKL,,,,,,RG,,OBSERVED_IN_DAILY_SNAPSHOT,False,True,False,2026-10-02,,daily_all_stock_snapshot,2026-10-02,MEDIUM,,,UNKNOWN,UNKNOWN,0,0
SMKM,,,,,,RG,,OBSERVED_IN_DAILY_SNAPSHOT,False,True,False,2026-10-02,,daily_all_stock_snapshot,2026-10-02,MEDIUM,,,UNKNOWN,UNKNOWN,0,0
SMLE,,,,,,RG,,OBSERVED_IN_DAILY_SNAPSHOT,False,True,False,2026-10-02,,daily_all_stock_snapshot,2026-10-02,MEDIUM,,,UNKNOWN,UNKNOWN,0,0
SMMA,,,,,,RG,,OBSERVED_IN_DAILY_SNAPSHOT,False,True,False,2026-10-02,,daily_all_stock_snapshot,2026-10-02,MEDIUM,,,UNKNOWN,UNKNOWN,0,0
SMMT,,,,,,RG,,OBSERVED_IN_DAILY_SNAPSHOT,False,True,True,2026-10-02,,daily_all_stock_snapshot,2026-10-02,MEDIUM,,,UNKNOWN,UNKNOWN,0,0
SMRA,,,,,,RG,,OBSERVED_IN_DAILY_SNAPSHOT,False,True,True,2026-10-02,,daily_all_stock_snapshot,2026-10-02,MEDIUM,,,UNKNOWN,UNKNOWN,0,0
SMRU,,,,,,RG,,OBSERVED_IN_DAILY_SNAPSHOT,False,True,False,2026-10-02,,daily_all_stock_snapshot,2026-10-02,MEDIUM,,,UNKNOWN,UNKNOWN,0,0
SMSM,,,,,,RG,,OBSERVED_IN_DAILY_SNAPSHOT,False,True,False,2026-10-02,,daily_all_stock_snapshot,2026-10-02,MEDIUM,,,UNKNOWN,UNKNOWN,0,0
SNLK,,,,,,RG,,OBSERVED_IN_DAILY_SNAPSHOT,False,True,False,2026-10-02,,daily_all_stock_snapshot,2026-10-02,MEDIUM,,,UNKNOWN,UNKNOWN,0,0
SOCI,,,,,,RG,,OBSERVED_IN_DAILY_SNAPSHOT,False,True,False,2026-10-02,,daily_all_stock_snapshot,2026-10-02,MEDIUM,,,UNKNOWN,UNKNOWN,0,0
SOFA,,,,,,RG,,OBSERVED_IN_DAILY_SNAPSHOT,False,True,False,2026-10-02,,daily_all_stock_snapshot,2026-10-02,MEDIUM,,,UNKNOWN,UNKNOWN,0,0
SOHO,,,,,,RG,,OBSERVED_IN_DAILY_SNAPSHOT,False,True,False,2026-10-02,,daily_all_stock_snapshot,2026-10-02,MEDIUM,,,UNKNOWN,UNKNOWN,0,0
SOLA,,,,,,RG,,OBSERVED_IN_DAILY_SNAPSHOT,False,True,False,2026-10-02,,daily_all_stock_snapshot,2026-10-02,MEDIUM,,,UNKNOWN,UNKNOWN,0,0
SONA,,,,,,RG,,OBSERVED_IN_DAILY_SNAPSHOT,False,True,False,2026-10-02,,daily_all_stock_snapshot,2026-10-02,MEDIUM,,,UNKNOWN,UNKNOWN,0,0
SOSS,,,,,,RG,,OBSERVED_IN_DAILY_SNAPSHOT,False,True,False,2026-10-02,,daily_all_stock_snapshot,2026-10-02,MEDIUM,,,UNKNOWN,UNKNOWN,0,0
SOTS,,,,,,RG,,OBSERVED_IN_DAILY_SNAPSHOT,False,True,False,2026-10-02,,daily_all_stock_snapshot,2026-10-02,MEDIUM,,,UNKNOWN,UNKNOWN,0,0
SOUL,,,,,,RG,,OBSERVED_IN_DAILY_SNAPSHOT,False,True,False,2026-10-02,,daily_all_stock_snapshot,2026-10-02,MEDIUM,,,UNKNOWN,UNKNOWN,0,0
SPMA,,,,,,RG,,OBSERVED_IN_DAILY_SNAPSHOT,False,True,False,2026-10-02,,daily_all_stock_snapshot,2026-10-02,MEDIUM,,,UNKNOWN,UNKNOWN,0,0
SPRE,,,,,,RG,,OBSERVED_IN_DAILY_SNAPSHOT,False,True,False,2026-10-02,,daily_all_stock_snapshot,2026-10-02,MEDIUM,,,UNKNOWN,UNKNOWN,0,0
SPTO,,,,,,RG,,OBSERVED_IN_DAILY_SNAPSHOT,False,True,False,2026-10-02,,daily_all_stock_snapshot,2026-10-02,MEDIUM,,,UNKNOWN,UNKNOWN,0,0
SQMI,,,,,,RG,,OBSERVED_IN_DAILY_SNAPSHOT,False,True,False,2026-10-02,,daily_all_stock_snapshot,2026-10-02,MEDIUM,,,UNKNOWN,UNKNOWN,0,0
SRAJ,,,,,,RG,,OBSERVED_IN_DAILY_SNAPSHOT,False,True,False,2026-10-02,,daily_all_stock_snapshot,2026-10-02,MEDIUM,,,UNKNOWN,UNKNOWN,0,0
SRIL,,,,,,RG,,OBSERVED_IN_DAILY_SNAPSHOT,False,True,False,2026-10-02,,daily_all_stock_snapshot,2026-10-02,MEDIUM,,,UNKNOWN,UNKNOWN,0,0
SRSN,,,,,,RG,,OBSERVED_IN_DAILY_SNAPSHOT,False,True,False,2026-10-02,,daily_all_stock_snapshot,2026-10-02,MEDIUM,,,UNKNOWN,UNKNOWN,0,0
SRTG,,,,,,RG,,OBSERVED_IN_DAILY_SNAPSHOT,False,True,False,2026-10-02,,daily_all_stock_snapshot,2026-10-02,MEDIUM,,,UNKNOWN,UNKNOWN,0,0
SSIA,,,,,,RG,,OBSERVED_IN_DAILY_SNAPSHOT,False,True,False,2026-10-02,,daily_all_stock_snapshot,2026-10-02,MEDIUM,,,UNKNOWN,UNKNOWN,0,0
SSMS,,,,,,RG,,OBSERVED_IN_DAILY_SNAPSHOT,False,True,False,2026-10-02,,daily_all_stock_snapshot,2026-10-02,MEDIUM,,,UNKNOWN,UNKNOWN,0,0
SSTM,,,,,,RG,,OBSERVED_IN_DAILY_SNAPSHOT,False,True,False,2026-10-02,,daily_all_stock_snapshot,2026-10-02,MEDIUM,,,UNKNOWN,UNKNOWN,0,0
STAA,,,,,,RG,,OBSERVED_IN_DAILY_SNAPSHOT,False,True,False,2026-10-02,,daily_all_stock_snapshot,2026-10-02,MEDIUM,,,UNKNOWN,UNKNOWN,0,0
STAR,,,,,,RG,,OBSERVED_IN_DAILY_SNAPSHOT,False,True,False,2026-10-02,,daily_all_stock_snapshot,2026-10-02,MEDIUM,,,UNKNOWN,UNKNOWN,0,0
STRK,,,,,,RG,,OBSERVED_IN_DAILY_SNAPSHOT,False,True,False,2026-10-02,,daily_all_stock_snapshot,2026-10-02,MEDIUM,,,UNKNOWN,UNKNOWN,0,0
STTP,,,,,,RG,,OBSERVED_IN_DAILY_SNAPSHOT,False,True,True,2026-10-02,,daily_all_stock_snapshot,2026-10-02,MEDIUM,,,UNKNOWN,UNKNOWN,0,0
SUGI,,,,,,RG,,OBSERVED_IN_DAILY_SNAPSHOT,False,True,False,2026-10-02,,daily_all_stock_snapshot,2026-10-02,MEDIUM,,,UNKNOWN,UNKNOWN,0,0
SULI,,,,,,RG,,OBSERVED_IN_DAILY_SNAPSHOT,False,True,False,2026-10-02,,daily_all_stock_snapshot,2026-10-02,MEDIUM,,,UNKNOWN,UNKNOWN,0,0
SUNI,,,,,,RG,,OBSERVED_IN_DAILY_SNAPSHOT,False,True,False,2026-10-02,,daily_all_stock_snapshot,2026-10-02,MEDIUM,,,UNKNOWN,UNKNOWN,0,0
SUPA,,,,,,RG,,OBSERVED_IN_DAILY_SNAPSHOT,False,True,False,2026-10-02,,daily_all_stock_snapshot,2026-10-02,MEDIUM,,,UNKNOWN,UNKNOWN,0,0
SUPR,,,,,,RG,,OBSERVED_IN_DAILY_SNAPSHOT,False,True,False,2026-10-02,,daily_all_stock_snapshot,2026-10-02,MEDIUM,,,UNKNOWN,UNKNOWN,0,0
SURE,,,,,,RG,,OBSERVED_IN_DAILY_SNAPSHOT,False,True,False,2026-10-02,,daily_all_stock_snapshot,2026-10-02,MEDIUM,,,UNKNOWN,UNKNOWN,0,0
SWAT,,,,,,RG,,OBSERVED_IN_DAILY_SNAPSHOT,False,True,False,2026-10-02,,daily_all_stock_snapshot,2026-10-02,MEDIUM,,,UNKNOWN,UNKNOWN,0,0
SWID,,,,,,RG,,OBSERVED_IN_DAILY_SNAPSHOT,False,True,False,2026-10-02,,daily_all_stock_snapshot,2026-10-02,MEDIUM,,,UNKNOWN,UNKNOWN,0,0
TALF,,,,,,RG,,OBSERVED_IN_DAILY_SNAPSHOT,False,True,False,2026-10-02,,daily_all_stock_snapshot,2026-10-02,MEDIUM,,,UNKNOWN,UNKNOWN,0,0
TAMA,,,,,,RG,,OBSERVED_IN_DAILY_SNAPSHOT,False,True,False,2026-10-02,,daily_all_stock_snapshot,2026-10-02,MEDIUM,,,UNKNOWN,UNKNOWN,0,0
TAMU,,,,,,RG,,OBSERVED_IN_DAILY_SNAPSHOT,False,True,False,2026-10-02,,daily_all_stock_snapshot,2026-10-02,MEDIUM,,,UNKNOWN,UNKNOWN,0,0
TAPG,,,,,,RG,,OBSERVED_IN_DAILY_SNAPSHOT,False,True,False,2026-10-02,,daily_all_stock_snapshot,2026-10-02,MEDIUM,,,UNKNOWN,UNKNOWN,0,0
TARA,,,,,,RG,,OBSERVED_IN_DAILY_SNAPSHOT,False,True,False,2026-10-02,,daily_all_stock_snapshot,2026-10-02,MEDIUM,,,UNKNOWN,UNKNOWN,0,0
TAXI,,,,,,RG,,OBSERVED_IN_DAILY_SNAPSHOT,False,True,False,2026-10-02,,daily_all_stock_snapshot,2026-10-02,MEDIUM,,,UNKNOWN,UNKNOWN,0,0
TAYS,,,,,,RG,,OBSERVED_IN_DAILY_SNAPSHOT,False,True,False,2026-10-02,,daily_all_stock_snapshot,2026-10-02,MEDIUM,,,UNKNOWN,UNKNOWN,0,0
TBIG,,,,,,RG,,OBSERVED_IN_DAILY_SNAPSHOT,False,True,True,2026-10-02,,daily_all_stock_snapshot,2026-10-02,MEDIUM,,,UNKNOWN,UNKNOWN,0,0
TBLA,,,,,,RG,,OBSERVED_IN_DAILY_SNAPSHOT,False,True,False,2026-10-02,,daily_all_stock_snapshot,2026-10-02,MEDIUM,,,UNKNOWN,UNKNOWN,0,0
TBMS,,,,,,RG,,OBSERVED_IN_DAILY_SNAPSHOT,False,True,False,2026-10-02,,daily_all_stock_snapshot,2026-10-02,MEDIUM,,,UNKNOWN,UNKNOWN,0,0
TCID,,,,,,RG,,OBSERVED_IN_DAILY_SNAPSHOT,False,True,False,2026-10-02,,daily_all_stock_snapshot,2026-10-02,MEDIUM,,,UNKNOWN,UNKNOWN,0,0
TCPI,,,,,,RG,,OBSERVED_IN_DAILY_SNAPSHOT,False,True,False,2026-10-02,,daily_all_stock_snapshot,2026-10-02,MEDIUM,,,UNKNOWN,UNKNOWN,0,0
TDPM,,,,,,RG,,OBSERVED_IN_DAILY_SNAPSHOT,False,True,False,2026-10-02,,daily_all_stock_snapshot,2026-10-02,MEDIUM,,,UNKNOWN,UNKNOWN,0,0
TEBE,,,,,,RG,,OBSERVED_IN_DAILY_SNAPSHOT,False,True,False,2026-10-02,,daily_all_stock_snapshot,2026-10-02,MEDIUM,,,UNKNOWN,UNKNOWN,0,0
TECH,,,,,,RG,,OBSERVED_IN_DAILY_SNAPSHOT,False,True,False,2026-10-02,,daily_all_stock_snapshot,2026-10-02,MEDIUM,,,UNKNOWN,UNKNOWN,0,0
TELE,,,,,,RG,,OBSERVED_IN_DAILY_SNAPSHOT,False,True,False,2026-10-02,,daily_all_stock_snapshot,2026-10-02,MEDIUM,,,UNKNOWN,UNKNOWN,0,0
TFAS,,,,,,RG,,OBSERVED_IN_DAILY_SNAPSHOT,False,True,False,2026-10-02,,daily_all_stock_snapshot,2026-10-02,MEDIUM,,,UNKNOWN,UNKNOWN,0,0
TFCO,,,,,,RG,,OBSERVED_IN_DAILY_SNAPSHOT,False,True,False,2026-10-02,,daily_all_stock_snapshot,2026-10-02,MEDIUM,,,UNKNOWN,UNKNOWN,0,0
TGKA,,,,,,RG,,OBSERVED_IN_DAILY_SNAPSHOT,False,True,False,2026-10-02,,daily_all_stock_snapshot,2026-10-02,MEDIUM,,,UNKNOWN,UNKNOWN,0,0
TGRA,,,,,,RG,,OBSERVED_IN_DAILY_SNAPSHOT,False,True,False,2026-10-02,,daily_all_stock_snapshot,2026-10-02,MEDIUM,,,UNKNOWN,UNKNOWN,0,0
TGUK,,,,,,RG,,OBSERVED_IN_DAILY_SNAPSHOT,False,True,False,2026-10-02,,daily_all_stock_snapshot,2026-10-02,MEDIUM,,,UNKNOWN,UNKNOWN,0,0
TIFA,,,,,,RG,,OBSERVED_IN_DAILY_SNAPSHOT,False,True,True,2026-10-02,,daily_all_stock_snapshot,2026-10-02,MEDIUM,,,UNKNOWN,UNKNOWN,0,0
TINS,,,,,,RG,,OBSERVED_IN_DAILY_SNAPSHOT,False,True,True,2026-10-02,,daily_all_stock_snapshot,2026-10-02,MEDIUM,,,UNKNOWN,UNKNOWN,0,0
TIRA,,,,,,RG,,OBSERVED_IN_DAILY_SNAPSHOT,False,True,False,2026-10-02,,daily_all_stock_snapshot,2026-10-02,MEDIUM,,,UNKNOWN,UNKNOWN,0,0
TIRT,,,,,,RG,,OBSERVED_IN_DAILY_SNAPSHOT,False,True,False,2026-10-02,,daily_all_stock_snapshot,2026-10-02,MEDIUM,,,UNKNOWN,UNKNOWN,0,0
TKIM,,,,,,RG,,OBSERVED_IN_DAILY_SNAPSHOT,False,True,True,2026-10-02,,daily_all_stock_snapshot,2026-10-02,MEDIUM,,,UNKNOWN,UNKNOWN,0,0
TLDN,,,,,,RG,,OBSERVED_IN_DAILY_SNAPSHOT,False,True,False,2026-10-02,,daily_all_stock_snapshot,2026-10-02,MEDIUM,,,UNKNOWN,UNKNOWN,0,0
TLKM,,,,,,RG,,OBSERVED_IN_DAILY_SNAPSHOT,False,True,True,2026-10-02,,daily_all_stock_snapshot,2026-10-02,MEDIUM,,,UNKNOWN,UNKNOWN,0,0
TMAS,,,,,,RG,,OBSERVED_IN_DAILY_SNAPSHOT,False,True,False,2026-10-02,,daily_all_stock_snapshot,2026-10-02,MEDIUM,,,UNKNOWN,UNKNOWN,0,0
TMPO,,,,,,RG,,OBSERVED_IN_DAILY_SNAPSHOT,False,True,False,2026-10-02,,daily_all_stock_snapshot,2026-10-02,MEDIUM,,,UNKNOWN,UNKNOWN,0,0
TNCA,,,,,,RG,,OBSERVED_IN_DAILY_SNAPSHOT,False,True,False,2026-10-02,,daily_all_stock_snapshot,2026-10-02,MEDIUM,,,UNKNOWN,UNKNOWN,0,0
TOBA,,,,,,RG,,OBSERVED_IN_DAILY_SNAPSHOT,False,True,False,2026-10-02,,daily_all_stock_snapshot,2026-10-02,MEDIUM,,,UNKNOWN,UNKNOWN,0,0
TOOL,,,,,,RG,,OBSERVED_IN_DAILY_SNAPSHOT,False,True,False,2026-10-02,,daily_all_stock_snapshot,2026-10-02,MEDIUM,,,UNKNOWN,UNKNOWN,0,0
TOPS,,,,,,RG,,OBSERVED_IN_DAILY_SNAPSHOT,False,True,False,2026-10-02,,daily_all_stock_snapshot,2026-10-02,MEDIUM,,,UNKNOWN,UNKNOWN,0,0
TOTL,,,,,,RG,,OBSERVED_IN_DAILY_SNAPSHOT,False,True,True,2026-10-02,,daily_all_stock_snapshot,2026-10-02,MEDIUM,,,UNKNOWN,UNKNOWN,0,0
TOTO,,,,,,RG,,OBSERVED_IN_DAILY_SNAPSHOT,False,True,False,2026-10-02,,daily_all_stock_snapshot,2026-10-02,MEDIUM,,,UNKNOWN,UNKNOWN,0,0
TOWR,,,,,,RG,,OBSERVED_IN_DAILY_SNAPSHOT,False,True,True,2026-10-02,,daily_all_stock_snapshot,2026-10-02,MEDIUM,,,UNKNOWN,UNKNOWN,0,0
TOYS,,,,,,RG,,OBSERVED_IN_DAILY_SNAPSHOT,False,True,False,2026-10-02,,daily_all_stock_snapshot,2026-10-02,MEDIUM,,,UNKNOWN,UNKNOWN,0,0
TPIA,,,,,,RG,,OBSERVED_IN_DAILY_SNAPSHOT,False,True,False,2026-10-02,,daily_all_stock_snapshot,2026-10-02,MEDIUM,,,UNKNOWN,UNKNOWN,0,0
TPMA,,,,,,RG,,OBSERVED_IN_DAILY_SNAPSHOT,False,True,False,2026-10-02,,daily_all_stock_snapshot,2026-10-02,MEDIUM,,,UNKNOWN,UNKNOWN,0,0
TRAM,,,,,,RG,,OBSERVED_IN_DAILY_SNAPSHOT,False,True,False,2026-10-02,,daily_all_stock_snapshot,2026-10-02,MEDIUM,,,UNKNOWN,UNKNOWN,0,0
TRGU,,,,,,RG,,OBSERVED_IN_DAILY_SNAPSHOT,False,True,False,2026-10-02,,daily_all_stock_snapshot,2026-10-02,MEDIUM,,,UNKNOWN,UNKNOWN,0,0
TRIL,,,,,,RG,,OBSERVED_IN_DAILY_SNAPSHOT,False,True,False,2026-10-02,,daily_all_stock_snapshot,2026-10-02,MEDIUM,,,UNKNOWN,UNKNOWN,0,0
TRIM,,,,,,RG,,OBSERVED_IN_DAILY_SNAPSHOT,False,True,False,2026-10-02,,daily_all_stock_snapshot,2026-10-02,MEDIUM,,,UNKNOWN,UNKNOWN,0,0
TRIN,,,,,,RG,,OBSERVED_IN_DAILY_SNAPSHOT,False,True,False,2026-10-02,,daily_all_stock_snapshot,2026-10-02,MEDIUM,,,UNKNOWN,UNKNOWN,0,0
TRIO,,,,,,RG,,OBSERVED_IN_DAILY_SNAPSHOT,False,True,False,2026-10-02,,daily_all_stock_snapshot,2026-10-02,MEDIUM,,,UNKNOWN,UNKNOWN,0,0
TRIS,,,,,,RG,,OBSERVED_IN_DAILY_SNAPSHOT,False,True,False,2026-10-02,,daily_all_stock_snapshot,2026-10-02,MEDIUM,,,UNKNOWN,UNKNOWN,0,0
TRJA,,,,,,RG,,OBSERVED_IN_DAILY_SNAPSHOT,False,True,False,2026-10-02,,daily_all_stock_snapshot,2026-10-02,MEDIUM,,,UNKNOWN,UNKNOWN,0,0
TRON,,,,,,RG,,OBSERVED_IN_DAILY_SNAPSHOT,False,True,False,2026-10-02,,daily_all_stock_snapshot,2026-10-02,MEDIUM,,,UNKNOWN,UNKNOWN,0,0
TRST,,,,,,RG,,OBSERVED_IN_DAILY_SNAPSHOT,False,True,False,2026-10-02,,daily_all_stock_snapshot,2026-10-02,MEDIUM,,,UNKNOWN,UNKNOWN,0,0
TRUE,,,,,,RG,,OBSERVED_IN_DAILY_SNAPSHOT,False,True,False,2026-10-02,,daily_all_stock_snapshot,2026-10-02,MEDIUM,,,UNKNOWN,UNKNOWN,0,0
TRUK,,,,,,RG,,OBSERVED_IN_DAILY_SNAPSHOT,False,True,False,2026-10-02,,daily_all_stock_snapshot,2026-10-02,MEDIUM,,,UNKNOWN,UNKNOWN,0,0
TRUS,,,,,,RG,,OBSERVED_IN_DAILY_SNAPSHOT,False,True,False,2026-10-02,,daily_all_stock_snapshot,2026-10-02,MEDIUM,,,UNKNOWN,UNKNOWN,0,0
TSPC,,,,,,RG,,OBSERVED_IN_DAILY_SNAPSHOT,False,True,True,2026-10-02,,daily_all_stock_snapshot,2026-10-02,MEDIUM,,,UNKNOWN,UNKNOWN,0,0
TUGU,,,,,,RG,,OBSERVED_IN_DAILY_SNAPSHOT,False,True,False,2026-10-02,,daily_all_stock_snapshot,2026-10-02,MEDIUM,,,UNKNOWN,UNKNOWN,0,0
TYRE,,,,,,RG,,OBSERVED_IN_DAILY_SNAPSHOT,False,True,False,2026-10-02,,daily_all_stock_snapshot,2026-10-02,MEDIUM,,,UNKNOWN,UNKNOWN,0,0
UANG,,,,,,RG,,OBSERVED_IN_DAILY_SNAPSHOT,False,True,False,2026-10-02,,daily_all_stock_snapshot,2026-10-02,MEDIUM,,,UNKNOWN,UNKNOWN,0,0
UCID,,,,,,RG,,OBSERVED_IN_DAILY_SNAPSHOT,False,True,False,2026-10-02,,daily_all_stock_snapshot,2026-10-02,MEDIUM,,,UNKNOWN,UNKNOWN,0,0
UDNG,,,,,,RG,,OBSERVED_IN_DAILY_SNAPSHOT,False,True,False,2026-10-02,,daily_all_stock_snapshot,2026-10-02,MEDIUM,,,UNKNOWN,UNKNOWN,0,0
UFOE,,,,,,RG,,OBSERVED_IN_DAILY_SNAPSHOT,False,True,False,2026-10-02,,daily_all_stock_snapshot,2026-10-02,MEDIUM,,,UNKNOWN,UNKNOWN,0,0
ULTJ,,,,,,RG,,OBSERVED_IN_DAILY_SNAPSHOT,False,True,True,2026-10-02,,daily_all_stock_snapshot,2026-10-02,MEDIUM,,,UNKNOWN,UNKNOWN,0,0
UNIC,,,,,,RG,,OBSERVED_IN_DAILY_SNAPSHOT,False,True,False,2026-10-02,,daily_all_stock_snapshot,2026-10-02,MEDIUM,,,UNKNOWN,UNKNOWN,0,0
UNIQ,,,,,,RG,,OBSERVED_IN_DAILY_SNAPSHOT,False,True,False,2026-10-02,,daily_all_stock_snapshot,2026-10-02,MEDIUM,,,UNKNOWN,UNKNOWN,0,0
UNIT,,,,,,RG,,OBSERVED_IN_DAILY_SNAPSHOT,False,True,False,2026-10-02,,daily_all_stock_snapshot,2026-10-02,MEDIUM,,,UNKNOWN,UNKNOWN,0,0
UNSP,,,,,,RG,,OBSERVED_IN_DAILY_SNAPSHOT,False,True,False,2026-10-02,,daily_all_stock_snapshot,2026-10-02,MEDIUM,,,UNKNOWN,UNKNOWN,0,0
UNTR,,,,,,RG,,OBSERVED_IN_DAILY_SNAPSHOT,False,True,False,2026-10-02,,daily_all_stock_snapshot,2026-10-02,MEDIUM,,,UNKNOWN,UNKNOWN,0,0
UNVR,,,,,,RG,,OBSERVED_IN_DAILY_SNAPSHOT,False,True,True,2026-10-02,,daily_all_stock_snapshot,2026-10-02,MEDIUM,,,UNKNOWN,UNKNOWN,0,0
URBN,,,,,,RG,,OBSERVED_IN_DAILY_SNAPSHOT,False,True,False,2026-10-02,,daily_all_stock_snapshot,2026-10-02,MEDIUM,,,UNKNOWN,UNKNOWN,0,0
UVCR,,,,,,RG,,OBSERVED_IN_DAILY_SNAPSHOT,False,True,False,2026-10-02,,daily_all_stock_snapshot,2026-10-02,MEDIUM,,,UNKNOWN,UNKNOWN,0,0
VAST,,,,,,RG,,OBSERVED_IN_DAILY_SNAPSHOT,False,True,False,2026-10-02,,daily_all_stock_snapshot,2026-10-02,MEDIUM,,,UNKNOWN,UNKNOWN,0,0
VERN,,,,,,RG,,OBSERVED_IN_DAILY_SNAPSHOT,False,True,False,2026-10-02,,daily_all_stock_snapshot,2026-10-02,MEDIUM,,,UNKNOWN,UNKNOWN,0,0
VICI,,,,,,RG,,OBSERVED_IN_DAILY_SNAPSHOT,False,True,False,2026-10-02,,daily_all_stock_snapshot,2026-10-02,MEDIUM,,,UNKNOWN,UNKNOWN,0,0
VICO,,,,,,RG,,OBSERVED_IN_DAILY_SNAPSHOT,False,True,False,2026-10-02,,daily_all_stock_snapshot,2026-10-02,MEDIUM,,,UNKNOWN,UNKNOWN,0,0
VINS,,,,,,RG,,OBSERVED_IN_DAILY_SNAPSHOT,False,True,False,2026-10-02,,daily_all_stock_snapshot,2026-10-02,MEDIUM,,,UNKNOWN,UNKNOWN,0,0
VISI,,,,,,RG,,OBSERVED_IN_DAILY_SNAPSHOT,False,True,False,2026-10-02,,daily_all_stock_snapshot,2026-10-02,MEDIUM,,,UNKNOWN,UNKNOWN,0,0
VIVA,,,,,,RG,,OBSERVED_IN_DAILY_SNAPSHOT,False,True,False,2026-10-02,,daily_all_stock_snapshot,2026-10-02,MEDIUM,,,UNKNOWN,UNKNOWN,0,0
VKTR,,,,,,RG,,OBSERVED_IN_DAILY_SNAPSHOT,False,True,False,2026-10-02,,daily_all_stock_snapshot,2026-10-02,MEDIUM,,,UNKNOWN,UNKNOWN,0,0
VOKS,,,,,,RG,,OBSERVED_IN_DAILY_SNAPSHOT,False,True,False,2026-10-02,,daily_all_stock_snapshot,2026-10-02,MEDIUM,,,UNKNOWN,UNKNOWN,0,0
VRNA,,,,,,RG,,OBSERVED_IN_DAILY_SNAPSHOT,False,True,False,2026-10-02,,daily_all_stock_snapshot,2026-10-02,MEDIUM,,,UNKNOWN,UNKNOWN,0,0
VTNY,,,,,,RG,,OBSERVED_IN_DAILY_SNAPSHOT,False,True,False,2026-10-02,,daily_all_stock_snapshot,2026-10-02,MEDIUM,,,UNKNOWN,UNKNOWN,0,0
WAPO,,,,,,RG,,OBSERVED_IN_DAILY_SNAPSHOT,False,True,False,2026-10-02,,daily_all_stock_snapshot,2026-10-02,MEDIUM,,,UNKNOWN,UNKNOWN,0,0
WEGE,,,,,,RG,,OBSERVED_IN_DAILY_SNAPSHOT,False,True,False,2026-10-02,,daily_all_stock_snapshot,2026-10-02,MEDIUM,,,UNKNOWN,UNKNOWN,0,0
WEHA,,,,,,RG,,OBSERVED_IN_DAILY_SNAPSHOT,False,True,False,2026-10-02,,daily_all_stock_snapshot,2026-10-02,MEDIUM,,,UNKNOWN,UNKNOWN,0,0
WICO,,,,,,RG,,OBSERVED_IN_DAILY_SNAPSHOT,False,True,False,2026-10-02,,daily_all_stock_snapshot,2026-10-02,MEDIUM,,,UNKNOWN,UNKNOWN,0,0
WIFI,,,,,,RG,,OBSERVED_IN_DAILY_SNAPSHOT,False,True,False,2026-10-02,,daily_all_stock_snapshot,2026-10-02,MEDIUM,,,UNKNOWN,UNKNOWN,0,0
WIIM,,,,,,RG,,OBSERVED_IN_DAILY_SNAPSHOT,False,True,False,2026-10-02,,daily_all_stock_snapshot,2026-10-02,MEDIUM,,,UNKNOWN,UNKNOWN,0,0
WIKA,,,,,,RG,,OBSERVED_IN_DAILY_SNAPSHOT,False,True,True,2026-10-02,,daily_all_stock_snapshot,2026-10-02,MEDIUM,,,UNKNOWN,UNKNOWN,0,0
WINE,,,,,,RG,,OBSERVED_IN_DAILY_SNAPSHOT,False,True,False,2026-10-02,,daily_all_stock_snapshot,2026-10-02,MEDIUM,,,UNKNOWN,UNKNOWN,0,0
WINR,,,,,,RG,,OBSERVED_IN_DAILY_SNAPSHOT,False,True,False,2026-10-02,,daily_all_stock_snapshot,2026-10-02,MEDIUM,,,UNKNOWN,UNKNOWN,0,0
WINS,,,,,,RG,,OBSERVED_IN_DAILY_SNAPSHOT,False,True,False,2026-10-02,,daily_all_stock_snapshot,2026-10-02,MEDIUM,,,UNKNOWN,UNKNOWN,0,0
WIRG,,,,,,RG,,OBSERVED_IN_DAILY_SNAPSHOT,False,True,False,2026-10-02,,daily_all_stock_snapshot,2026-10-02,MEDIUM,,,UNKNOWN,UNKNOWN,0,0
WMPP,,,,,,RG,,OBSERVED_IN_DAILY_SNAPSHOT,False,True,False,2026-10-02,,daily_all_stock_snapshot,2026-10-02,MEDIUM,,,UNKNOWN,UNKNOWN,0,0
WMUU,,,,,,RG,,OBSERVED_IN_DAILY_SNAPSHOT,False,True,False,2026-10-02,,daily_all_stock_snapshot,2026-10-02,MEDIUM,,,UNKNOWN,UNKNOWN,0,0
WOMF,,,,,,RG,,OBSERVED_IN_DAILY_SNAPSHOT,False,True,False,2026-10-02,,daily_all_stock_snapshot,2026-10-02,MEDIUM,,,UNKNOWN,UNKNOWN,0,0
WOOD,,,,,,RG,,OBSERVED_IN_DAILY_SNAPSHOT,False,True,False,2026-10-02,,daily_all_stock_snapshot,2026-10-02,MEDIUM,,,UNKNOWN,UNKNOWN,0,0
WOWS,,,,,,RG,,OBSERVED_IN_DAILY_SNAPSHOT,False,True,False,2026-10-02,,daily_all_stock_snapshot,2026-10-02,MEDIUM,,,UNKNOWN,UNKNOWN,0,0
WSBP,,,,,,RG,,OBSERVED_IN_DAILY_SNAPSHOT,False,True,True,2026-10-02,,daily_all_stock_snapshot,2026-10-02,MEDIUM,,,UNKNOWN,UNKNOWN,0,0
WSKT,,,,,,RG,,OBSERVED_IN_DAILY_SNAPSHOT,False,True,True,2026-10-02,,daily_all_stock_snapshot,2026-10-02,MEDIUM,,,UNKNOWN,UNKNOWN,0,0
WTON,,,,,,RG,,OBSERVED_IN_DAILY_SNAPSHOT,False,True,True,2026-10-02,,daily_all_stock_snapshot,2026-10-02,MEDIUM,,,UNKNOWN,UNKNOWN,0,0
YELO,,,,,,RG,,OBSERVED_IN_DAILY_SNAPSHOT,False,True,False,2026-10-02,,daily_all_stock_snapshot,2026-10-02,MEDIUM,,,UNKNOWN,UNKNOWN,0,0
YOII,,,,,,RG,,OBSERVED_IN_DAILY_SNAPSHOT,False,True,False,2026-10-02,,daily_all_stock_snapshot,2026-10-02,MEDIUM,,,UNKNOWN,UNKNOWN,0,0
YPAS,,,,,,RG,,OBSERVED_IN_DAILY_SNAPSHOT,False,True,False,2026-10-02,,daily_all_stock_snapshot,2026-10-02,MEDIUM,,,UNKNOWN,UNKNOWN,0,0
YULE,,,,,,RG,,OBSERVED_IN_DAILY_SNAPSHOT,False,True,False,2026-10-02,,daily_all_stock_snapshot,2026-10-02,MEDIUM,,,UNKNOWN,UNKNOWN,0,0
YUPI,,,,,,RG,,OBSERVED_IN_DAILY_SNAPSHOT,False,True,False,2026-10-02,,daily_all_stock_snapshot,2026-10-02,MEDIUM,,,UNKNOWN,UNKNOWN,0,0
ZATA,,,,,,RG,,OBSERVED_IN_DAILY_SNAPSHOT,False,True,False,2026-10-02,,daily_all_stock_snapshot,2026-10-02,MEDIUM,,,UNKNOWN,UNKNOWN,0,0
ZBRA,,,,,,RG,,OBSERVED_IN_DAILY_SNAPSHOT,False,True,False,2026-10-02,,daily_all_stock_snapshot,2026-10-02,MEDIUM,,,UNKNOWN,UNKNOWN,0,0
ZINC,,,,,,RG,,OBSERVED_IN_DAILY_SNAPSHOT,False,True,False,2026-10-02,,daily_all_stock_snapshot,2026-10-02,MEDIUM,,,UNKNOWN,UNKNOWN,0,0
ZONE,,,,,,RG,,OBSERVED_IN_DAILY_SNAPSHOT,False,True,False,2026-10-02,,daily_all_stock_snapshot,2026-10-02,MEDIUM,,,UNKNOWN,UNKNOWN,0,0
ZYRX,,,,,,RG,,OBSERVED_IN_DAILY_SNAPSHOT,False,True,False,2026-10-02,,daily_all_stock_snapshot,2026-10-02,MEDIUM,,,UNKNOWN,UNKNOWN,0,0
