ticker,listed_date,listed_date_source,listed_date_confidence,first_observed_price_date,last_observed_price_date,active_from,active_to,active_to_status,delisted_date,delisted_date_source,company_name,board,sector,subsector,trade_status,observed_rows,max_calendar_gap_days,gaps_over_45d,gaps_over_90d,possible_suspension_flag,possible_long_gap_flag,membership_basis,membership_confidence,pit_status,pit_eligibility_rule
AADI,,unknown,LOW,2024-12-05,2026-10-07,2024-12-05,2026-10-07,OPEN_ENDED_CURRENT_SNAPSHOT,,unknown,,,,,,437,12,0,0,False,False,price_observation,LOW,NOT_SOLVED,ELIGIBLE_ONLY_IF_DATE>=active_from AND DATE<=active_to AND NOT_IN_KNOWN_SUSPENSION_INTERVAL
AALI,,unknown,LOW,2023-10-09,2026-10-07,2023-10-09,2026-10-07,OPEN_ENDED_CURRENT_SNAPSHOT,,unknown,,,,,,717,12,0,0,False,False,price_observation,LOW,NOT_SOLVED,ELIGIBLE_ONLY_IF_DATE>=active_from AND DATE<=active_to AND NOT_IN_KNOWN_SUSPENSION_INTERVAL
ABBA,,unknown,LOW,2023-10-09,2026-10-06,2023-10-09,2026-10-07,OPEN_ENDED_CURRENT_SNAPSHOT,,unknown,,,,,,717,12,0,0,False,False,price_observation,LOW,NOT_SOLVED,ELIGIBLE_ONLY_IF_DATE>=active_from AND DATE<=active_to AND NOT_IN_KNOWN_SUSPENSION_INTERVAL
ABDA,,unknown,LOW,2023-10-09,2026-10-07,2023-10-09,2026-10-07,OPEN_ENDED_CURRENT_SNAPSHOT,,unknown,,,,,,716,12,0,0,False,False,price_observation,LOW,NOT_SOLVED,ELIGIBLE_ONLY_IF_DATE>=active_from AND DATE<=active_to AND NOT_IN_KNOWN_SUSPENSION_INTERVAL
ABMM,,unknown,LOW,2023-10-09,2026-10-07,2023-10-09,2026-10-07,OPEN_ENDED_CURRENT_SNAPSHOT,,unknown,,,,,,716,12,0,0,False,False,price_observation,LOW,NOT_SOLVED,ELIGIBLE_ONLY_IF_DATE>=active_from AND DATE<=active_to AND NOT_IN_KNOWN_SUSPENSION_INTERVAL
ACES,,unknown,LOW,2023-10-09,2026-10-07,2023-10-09,2026-10-07,OPEN_ENDED_CURRENT_SNAPSHOT,,unknown,,,,,,716,12,0,0,False,False,price_observation,LOW,NOT_SOLVED,ELIGIBLE_ONLY_IF_DATE>=active_from AND DATE<=active_to AND NOT_IN_KNOWN_SUSPENSION_INTERVAL
ACRO,,unknown,LOW,2024-01-11,2026-10-07,2024-01-11,2026-10-07,OPEN_ENDED_CURRENT_SNAPSHOT,,unknown,,,,,,651,12,0,0,False,False,price_observation,LOW,NOT_SOLVED,ELIGIBLE_ONLY_IF_DATE>=active_from AND DATE<=active_to AND NOT_IN_KNOWN_SUSPENSION_INTERVAL
ACST,,unknown,LOW,2013-06-24,2026-10-05,2013-06-24,2026-10-07,OPEN_ENDED_CURRENT_SNAPSHOT,,unknown,,,,,,3264,12,0,0,False,False,price_observation,LOW,NOT_SOLVED,ELIGIBLE_ONLY_IF_DATE>=active_from AND DATE<=active_to AND NOT_IN_KNOWN_SUSPENSION_INTERVAL
ADCP,,unknown,LOW,2023-10-09,2026-10-06,2023-10-09,2026-10-07,OPEN_ENDED_CURRENT_SNAPSHOT,,unknown,,,,,,718,12,0,0,False,False,price_observation,LOW,NOT_SOLVED,ELIGIBLE_ONLY_IF_DATE>=active_from AND DATE<=active_to AND NOT_IN_KNOWN_SUSPENSION_INTERVAL
ADES,,unknown,LOW,2010-01-04,2026-10-05,2010-01-04,2026-10-07,OPEN_ENDED_CURRENT_SNAPSHOT,,unknown,,,,,,4121,12,0,0,False,False,price_observation,LOW,NOT_SOLVED,ELIGIBLE_ONLY_IF_DATE>=active_from AND DATE<=active_to AND NOT_IN_KNOWN_SUSPENSION_INTERVAL
ADHI,,unknown,LOW,2010-01-04,2026-10-05,2010-01-04,2026-10-07,OPEN_ENDED_CURRENT_SNAPSHOT,,unknown,,,,,,4122,12,0,0,False,False,price_observation,LOW,NOT_SOLVED,ELIGIBLE_ONLY_IF_DATE>=active_from AND DATE<=active_to AND NOT_IN_KNOWN_SUSPENSION_INTERVAL
ADMF,,unknown,LOW,2023-10-09,2026-10-07,2023-10-09,2026-10-07,OPEN_ENDED_CURRENT_SNAPSHOT,,unknown,,,,,,717,12,0,0,False,False,price_observation,LOW,NOT_SOLVED,ELIGIBLE_ONLY_IF_DATE>=active_from AND DATE<=active_to AND NOT_IN_KNOWN_SUSPENSION_INTERVAL
ADMG,,unknown,LOW,2023-10-09,2026-10-07,2023-10-09,2026-10-07,OPEN_ENDED_CURRENT_SNAPSHOT,,unknown,,,,,,717,12,0,0,False,False,price_observation,LOW,NOT_SOLVED,ELIGIBLE_ONLY_IF_DATE>=active_from AND DATE<=active_to AND NOT_IN_KNOWN_SUSPENSION_INTERVAL
ADMR,,unknown,LOW,2023-10-09,2026-10-07,2023-10-09,2026-10-07,OPEN_ENDED_CURRENT_SNAPSHOT,,unknown,,,,,,716,12,0,0,False,False,price_observation,LOW,NOT_SOLVED,ELIGIBLE_ONLY_IF_DATE>=active_from AND DATE<=active_to AND NOT_IN_KNOWN_SUSPENSION_INTERVAL
ADRO,,unknown,LOW,2010-01-04,2026-10-05,2010-01-04,2026-10-07,OPEN_ENDED_CURRENT_SNAPSHOT,,unknown,,,,,,4119,12,0,0,False,False,price_observation,LOW,NOT_SOLVED,ELIGIBLE_ONLY_IF_DATE>=active_from AND DATE<=active_to AND NOT_IN_KNOWN_SUSPENSION_INTERVAL
AGAR,,unknown,LOW,2023-10-09,2026-10-07,2023-10-09,2026-10-07,OPEN_ENDED_CURRENT_SNAPSHOT,,unknown,,,,,,718,12,0,0,False,False,price_observation,LOW,NOT_SOLVED,ELIGIBLE_ONLY_IF_DATE>=active_from AND DATE<=active_to AND NOT_IN_KNOWN_SUSPENSION_INTERVAL
AGII,,unknown,LOW,2023-10-09,2026-10-07,2023-10-09,2026-10-07,OPEN_ENDED_CURRENT_SNAPSHOT,,unknown,,,,,,716,12,0,0,False,False,price_observation,LOW,NOT_SOLVED,ELIGIBLE_ONLY_IF_DATE>=active_from AND DATE<=active_to AND NOT_IN_KNOWN_SUSPENSION_INTERVAL
AGRO,,unknown,LOW,2010-01-04,2026-10-05,2010-01-04,2026-10-07,OPEN_ENDED_CURRENT_SNAPSHOT,,unknown,,,,,,4120,12,0,0,False,False,price_observation,LOW,NOT_SOLVED,ELIGIBLE_ONLY_IF_DATE>=active_from AND DATE<=active_to AND NOT_IN_KNOWN_SUSPENSION_INTERVAL
AGRS,,unknown,LOW,2023-10-09,2026-10-07,2023-10-09,2026-10-07,OPEN_ENDED_CURRENT_SNAPSHOT,,unknown,,,,,,716,12,0,0,False,False,price_observation,LOW,NOT_SOLVED,ELIGIBLE_ONLY_IF_DATE>=active_from AND DATE<=active_to AND NOT_IN_KNOWN_SUSPENSION_INTERVAL
AHAP,,unknown,LOW,2023-10-09,2026-10-07,2023-10-09,2026-10-07,OPEN_ENDED_CURRENT_SNAPSHOT,,unknown,,,,,,717,12,0,0,False,False,price_observation,LOW,NOT_SOLVED,ELIGIBLE_ONLY_IF_DATE>=active_from AND DATE<=active_to AND NOT_IN_KNOWN_SUSPENSION_INTERVAL
AIMS,,unknown,LOW,2023-10-09,2026-10-07,2023-10-09,2026-10-07,OPEN_ENDED_CURRENT_SNAPSHOT,,unknown,,,,,,717,12,0,0,False,False,price_observation,LOW,NOT_SOLVED,ELIGIBLE_ONLY_IF_DATE>=active_from AND DATE<=active_to AND NOT_IN_KNOWN_SUSPENSION_INTERVAL
AISA,,unknown,LOW,2023-10-09,2026-10-07,2023-10-09,2026-10-07,OPEN_ENDED_CURRENT_SNAPSHOT,,unknown,,,,,,716,12,0,0,False,False,price_observation,LOW,NOT_SOLVED,ELIGIBLE_ONLY_IF_DATE>=active_from AND DATE<=active_to AND NOT_IN_KNOWN_SUSPENSION_INTERVAL
AKKU,,unknown,LOW,2023-10-09,2026-10-07,2023-10-09,2026-10-07,OPEN_ENDED_CURRENT_SNAPSHOT,,unknown,,,,,,721,12,0,0,False,False,price_observation,LOW,NOT_SOLVED,ELIGIBLE_ONLY_IF_DATE>=active_from AND DATE<=active_to AND NOT_IN_KNOWN_SUSPENSION_INTERVAL
AKPI,,unknown,LOW,2023-10-09,2026-10-07,2023-10-09,2026-10-07,OPEN_ENDED_CURRENT_SNAPSHOT,,unknown,,,,,,717,12,0,0,False,False,price_observation,LOW,NOT_SOLVED,ELIGIBLE_ONLY_IF_DATE>=active_from AND DATE<=active_to AND NOT_IN_KNOWN_SUSPENSION_INTERVAL
AKRA,,unknown,LOW,2023-10-09,2026-10-07,2023-10-09,2026-10-07,OPEN_ENDED_CURRENT_SNAPSHOT,,unknown,,,,,,716,12,0,0,False,False,price_observation,LOW,NOT_SOLVED,ELIGIBLE_ONLY_IF_DATE>=active_from AND DATE<=active_to AND NOT_IN_KNOWN_SUSPENSION_INTERVAL
AKSI,,unknown,LOW,2023-10-09,2026-10-07,2023-10-09,2026-10-07,OPEN_ENDED_CURRENT_SNAPSHOT,,unknown,,,,,,717,12,0,0,False,False,price_observation,LOW,NOT_SOLVED,ELIGIBLE_ONLY_IF_DATE>=active_from AND DATE<=active_to AND NOT_IN_KNOWN_SUSPENSION_INTERVAL
ALDO,,unknown,LOW,2023-10-09,2026-10-07,2023-10-09,2026-10-07,OPEN_ENDED_CURRENT_SNAPSHOT,,unknown,,,,,,716,12,0,0,False,False,price_observation,LOW,NOT_SOLVED,ELIGIBLE_ONLY_IF_DATE>=active_from AND DATE<=active_to AND NOT_IN_KNOWN_SUSPENSION_INTERVAL
ALKA,,unknown,LOW,2023-10-09,2026-10-07,2023-10-09,2026-10-07,OPEN_ENDED_CURRENT_SNAPSHOT,,unknown,,,,,,718,12,0,0,False,False,price_observation,LOW,NOT_SOLVED,ELIGIBLE_ONLY_IF_DATE>=active_from AND DATE<=active_to AND NOT_IN_KNOWN_SUSPENSION_INTERVAL
ALMI,,unknown,LOW,2023-10-09,2026-10-06,2023-10-09,2026-10-07,OPEN_ENDED_CURRENT_SNAPSHOT,,unknown,,,,,,720,12,0,0,False,False,price_observation,LOW,NOT_SOLVED,ELIGIBLE_ONLY_IF_DATE>=active_from AND DATE<=active_to AND NOT_IN_KNOWN_SUSPENSION_INTERVAL
ALTO,,unknown,LOW,2012-07-10,2026-10-05,2012-07-10,2026-10-07,OPEN_ENDED_CURRENT_SNAPSHOT,,unknown,,,,,,3501,12,0,0,False,False,price_observation,LOW,NOT_SOLVED,ELIGIBLE_ONLY_IF_DATE>=active_from AND DATE<=active_to AND NOT_IN_KNOWN_SUSPENSION_INTERVAL
AMAG,,unknown,LOW,2023-10-09,2026-10-07,2023-10-09,2026-10-07,OPEN_ENDED_CURRENT_SNAPSHOT,,unknown,,,,,,716,12,0,0,False,False,price_observation,LOW,NOT_SOLVED,ELIGIBLE_ONLY_IF_DATE>=active_from AND DATE<=active_to AND NOT_IN_KNOWN_SUSPENSION_INTERVAL
AMAN,,unknown,LOW,2023-10-09,2026-10-07,2023-10-09,2026-10-07,OPEN_ENDED_CURRENT_SNAPSHOT,,unknown,,,,,,716,12,0,0,False,False,price_observation,LOW,NOT_SOLVED,ELIGIBLE_ONLY_IF_DATE>=active_from AND DATE<=active_to AND NOT_IN_KNOWN_SUSPENSION_INTERVAL
AMAR,,unknown,LOW,2023-10-09,2026-10-07,2023-10-09,2026-10-07,OPEN_ENDED_CURRENT_SNAPSHOT,,unknown,,,,,,716,12,0,0,False,False,price_observation,LOW,NOT_SOLVED,ELIGIBLE_ONLY_IF_DATE>=active_from AND DATE<=active_to AND NOT_IN_KNOWN_SUSPENSION_INTERVAL
AMFG,,unknown,LOW,2023-10-09,2026-10-07,2023-10-09,2026-10-07,OPEN_ENDED_CURRENT_SNAPSHOT,,unknown,,,,,,717,12,0,0,False,False,price_observation,LOW,NOT_SOLVED,ELIGIBLE_ONLY_IF_DATE>=active_from AND DATE<=active_to AND NOT_IN_KNOWN_SUSPENSION_INTERVAL
AMIN,,unknown,LOW,2023-10-09,2026-10-07,2023-10-09,2026-10-07,OPEN_ENDED_CURRENT_SNAPSHOT,,unknown,,,,,,716,12,0,0,False,False,price_observation,LOW,NOT_SOLVED,ELIGIBLE_ONLY_IF_DATE>=active_from AND DATE<=active_to AND NOT_IN_KNOWN_SUSPENSION_INTERVAL
AMMN,,unknown,LOW,2023-10-09,2026-10-07,2023-10-09,2026-10-07,OPEN_ENDED_CURRENT_SNAPSHOT,,unknown,,,,,,716,12,0,0,False,False,price_observation,LOW,NOT_SOLVED,ELIGIBLE_ONLY_IF_DATE>=active_from AND DATE<=active_to AND NOT_IN_KNOWN_SUSPENSION_INTERVAL
AMMS,,unknown,LOW,2023-10-09,2026-10-07,2023-10-09,2026-10-07,OPEN_ENDED_CURRENT_SNAPSHOT,,unknown,,,,,,716,12,0,0,False,False,price_observation,LOW,NOT_SOLVED,ELIGIBLE_ONLY_IF_DATE>=active_from AND DATE<=active_to AND NOT_IN_KNOWN_SUSPENSION_INTERVAL
AMOR,,unknown,LOW,2023-10-09,2026-10-07,2023-10-09,2026-10-07,OPEN_ENDED_CURRENT_SNAPSHOT,,unknown,,,,,,716,12,0,0,False,False,price_observation,LOW,NOT_SOLVED,ELIGIBLE_ONLY_IF_DATE>=active_from AND DATE<=active_to AND NOT_IN_KNOWN_SUSPENSION_INTERVAL
AMRT,,unknown,LOW,2023-10-09,2026-10-07,2023-10-09,2026-10-07,OPEN_ENDED_CURRENT_SNAPSHOT,,unknown,,,,,,716,12,0,0,False,False,price_observation,LOW,NOT_SOLVED,ELIGIBLE_ONLY_IF_DATE>=active_from AND DATE<=active_to AND NOT_IN_KNOWN_SUSPENSION_INTERVAL
ANDI,,unknown,LOW,2023-10-09,2026-10-07,2023-10-09,2026-10-07,OPEN_ENDED_CURRENT_SNAPSHOT,,unknown,,,,,,716,12,0,0,False,False,price_observation,LOW,NOT_SOLVED,ELIGIBLE_ONLY_IF_DATE>=active_from AND DATE<=active_to AND NOT_IN_KNOWN_SUSPENSION_INTERVAL
ANJT,,unknown,LOW,2023-10-09,2026-10-07,2023-10-09,2026-10-07,OPEN_ENDED_CURRENT_SNAPSHOT,,unknown,,,,,,716,12,0,0,False,False,price_observation,LOW,NOT_SOLVED,ELIGIBLE_ONLY_IF_DATE>=active_from AND DATE<=active_to AND NOT_IN_KNOWN_SUSPENSION_INTERVAL
ANTM,,unknown,LOW,2010-01-04,2026-10-05,2010-01-04,2026-10-07,OPEN_ENDED_CURRENT_SNAPSHOT,,unknown,,,,,,4121,12,0,0,False,False,price_observation,LOW,NOT_SOLVED,ELIGIBLE_ONLY_IF_DATE>=active_from AND DATE<=active_to AND NOT_IN_KNOWN_SUSPENSION_INTERVAL
APEX,,unknown,LOW,2023-10-09,2026-10-07,2023-10-09,2026-10-07,OPEN_ENDED_CURRENT_SNAPSHOT,,unknown,,,,,,717,12,0,0,False,False,price_observation,LOW,NOT_SOLVED,ELIGIBLE_ONLY_IF_DATE>=active_from AND DATE<=active_to AND NOT_IN_KNOWN_SUSPENSION_INTERVAL
APIC,,unknown,LOW,2023-10-09,2026-10-07,2023-10-09,2026-10-07,OPEN_ENDED_CURRENT_SNAPSHOT,,unknown,,,,,,716,12,0,0,False,False,price_observation,LOW,NOT_SOLVED,ELIGIBLE_ONLY_IF_DATE>=active_from AND DATE<=active_to AND NOT_IN_KNOWN_SUSPENSION_INTERVAL
APII,,unknown,LOW,2023-10-09,2026-10-07,2023-10-09,2026-10-07,OPEN_ENDED_CURRENT_SNAPSHOT,,unknown,,,,,,716,12,0,0,False,False,price_observation,LOW,NOT_SOLVED,ELIGIBLE_ONLY_IF_DATE>=active_from AND DATE<=active_to AND NOT_IN_KNOWN_SUSPENSION_INTERVAL
APLI,,unknown,LOW,2023-10-09,2026-10-07,2023-10-09,2026-10-07,OPEN_ENDED_CURRENT_SNAPSHOT,,unknown,,,,,,717,12,0,0,False,False,price_observation,LOW,NOT_SOLVED,ELIGIBLE_ONLY_IF_DATE>=active_from AND DATE<=active_to AND NOT_IN_KNOWN_SUSPENSION_INTERVAL
APLN,,unknown,LOW,2023-10-09,2026-10-07,2023-10-09,2026-10-07,OPEN_ENDED_CURRENT_SNAPSHOT,,unknown,,,,,,716,12,0,0,False,False,price_observation,LOW,NOT_SOLVED,ELIGIBLE_ONLY_IF_DATE>=active_from AND DATE<=active_to AND NOT_IN_KNOWN_SUSPENSION_INTERVAL
ARCI,,unknown,LOW,2023-10-09,2026-10-07,2023-10-09,2026-10-07,OPEN_ENDED_CURRENT_SNAPSHOT,,unknown,,,,,,716,12,0,0,False,False,price_observation,LOW,NOT_SOLVED,ELIGIBLE_ONLY_IF_DATE>=active_from AND DATE<=active_to AND NOT_IN_KNOWN_SUSPENSION_INTERVAL
AREA,,unknown,LOW,2024-04-01,2026-10-07,2024-04-01,2026-10-07,OPEN_ENDED_CURRENT_SNAPSHOT,,unknown,,,,,,600,12,0,0,False,False,price_observation,LOW,NOT_SOLVED,ELIGIBLE_ONLY_IF_DATE>=active_from AND DATE<=active_to AND NOT_IN_KNOWN_SUSPENSION_INTERVAL
ARGO,,unknown,LOW,2023-10-09,2026-10-07,2023-10-09,2026-10-07,OPEN_ENDED_CURRENT_SNAPSHOT,,unknown,,,,,,716,12,0,0,False,False,price_observation,LOW,NOT_SOLVED,ELIGIBLE_ONLY_IF_DATE>=active_from AND DATE<=active_to AND NOT_IN_KNOWN_SUSPENSION_INTERVAL
ARII,,unknown,LOW,2023-10-09,2026-10-07,2023-10-09,2026-10-07,OPEN_ENDED_CURRENT_SNAPSHOT,,unknown,,,,,,716,12,0,0,False,False,price_observation,LOW,NOT_SOLVED,ELIGIBLE_ONLY_IF_DATE>=active_from AND DATE<=active_to AND NOT_IN_KNOWN_SUSPENSION_INTERVAL
ARKA,,unknown,LOW,2023-10-09,2026-10-06,2023-10-09,2026-10-07,OPEN_ENDED_CURRENT_SNAPSHOT,,unknown,,,,,,717,12,0,0,False,False,price_observation,LOW,NOT_SOLVED,ELIGIBLE_ONLY_IF_DATE>=active_from AND DATE<=active_to AND NOT_IN_KNOWN_SUSPENSION_INTERVAL
ARKO,,unknown,LOW,2023-10-09,2026-10-07,2023-10-09,2026-10-07,OPEN_ENDED_CURRENT_SNAPSHOT,,unknown,,,,,,716,12,0,0,False,False,price_observation,LOW,NOT_SOLVED,ELIGIBLE_ONLY_IF_DATE>=active_from AND DATE<=active_to AND NOT_IN_KNOWN_SUSPENSION_INTERVAL
ARNA,,unknown,LOW,2023-10-09,2026-10-07,2023-10-09,2026-10-07,OPEN_ENDED_CURRENT_SNAPSHOT,,unknown,,,,,,717,12,0,0,False,False,price_observation,LOW,NOT_SOLVED,ELIGIBLE_ONLY_IF_DATE>=active_from AND DATE<=active_to AND NOT_IN_KNOWN_SUSPENSION_INTERVAL
ARTA,,unknown,LOW,2023-10-09,2026-10-07,2023-10-09,2026-10-07,OPEN_ENDED_CURRENT_SNAPSHOT,,unknown,,,,,,717,12,0,0,False,False,price_observation,LOW,NOT_SOLVED,ELIGIBLE_ONLY_IF_DATE>=active_from AND DATE<=active_to AND NOT_IN_KNOWN_SUSPENSION_INTERVAL
ARTI,,unknown,LOW,2023-10-09,2026-10-06,2023-10-09,2026-10-07,OPEN_ENDED_CURRENT_SNAPSHOT,,unknown,,,,,,720,12,0,0,False,False,price_observation,LOW,NOT_SOLVED,ELIGIBLE_ONLY_IF_DATE>=active_from AND DATE<=active_to AND NOT_IN_KNOWN_SUSPENSION_INTERVAL
ARTO,,unknown,LOW,2023-10-09,2026-10-07,2023-10-09,2026-10-07,OPEN_ENDED_CURRENT_SNAPSHOT,,unknown,,,,,,716,12,0,0,False,False,price_observation,LOW,NOT_SOLVED,ELIGIBLE_ONLY_IF_DATE>=active_from AND DATE<=active_to AND NOT_IN_KNOWN_SUSPENSION_INTERVAL
ASBI,,unknown,LOW,2023-10-09,2026-10-07,2023-10-09,2026-10-07,OPEN_ENDED_CURRENT_SNAPSHOT,,unknown,,,,,,717,12,0,0,False,False,price_observation,LOW,NOT_SOLVED,ELIGIBLE_ONLY_IF_DATE>=active_from AND DATE<=active_to AND NOT_IN_KNOWN_SUSPENSION_INTERVAL
ASDM,,unknown,LOW,2023-10-09,2026-10-07,2023-10-09,2026-10-07,OPEN_ENDED_CURRENT_SNAPSHOT,,unknown,,,,,,717,12,0,0,False,False,price_observation,LOW,NOT_SOLVED,ELIGIBLE_ONLY_IF_DATE>=active_from AND DATE<=active_to AND NOT_IN_KNOWN_SUSPENSION_INTERVAL
ASGR,,unknown,LOW,2023-10-09,2026-10-07,2023-10-09,2026-10-07,OPEN_ENDED_CURRENT_SNAPSHOT,,unknown,,,,,,717,12,0,0,False,False,price_observation,LOW,NOT_SOLVED,ELIGIBLE_ONLY_IF_DATE>=active_from AND DATE<=active_to AND NOT_IN_KNOWN_SUSPENSION_INTERVAL
ASHA,,unknown,LOW,2023-10-09,2026-10-07,2023-10-09,2026-10-07,OPEN_ENDED_CURRENT_SNAPSHOT,,unknown,,,,,,716,12,0,0,False,False,price_observation,LOW,NOT_SOLVED,ELIGIBLE_ONLY_IF_DATE>=active_from AND DATE<=active_to AND NOT_IN_KNOWN_SUSPENSION_INTERVAL
ASII,,unknown,LOW,2010-01-04,2026-10-05,2010-01-04,2026-10-07,OPEN_ENDED_CURRENT_SNAPSHOT,,unknown,,,,,,4120,12,0,0,False,False,price_observation,LOW,NOT_SOLVED,ELIGIBLE_ONLY_IF_DATE>=active_from AND DATE<=active_to AND NOT_IN_KNOWN_SUSPENSION_INTERVAL
ASJT,,unknown,LOW,2023-10-09,2026-10-07,2023-10-09,2026-10-07,OPEN_ENDED_CURRENT_SNAPSHOT,,unknown,,,,,,716,12,0,0,False,False,price_observation,LOW,NOT_SOLVED,ELIGIBLE_ONLY_IF_DATE>=active_from AND DATE<=active_to AND NOT_IN_KNOWN_SUSPENSION_INTERVAL
ASLC,,unknown,LOW,2023-10-09,2026-10-07,2023-10-09,2026-10-07,OPEN_ENDED_CURRENT_SNAPSHOT,,unknown,,,,,,716,12,0,0,False,False,price_observation,LOW,NOT_SOLVED,ELIGIBLE_ONLY_IF_DATE>=active_from AND DATE<=active_to AND NOT_IN_KNOWN_SUSPENSION_INTERVAL
ASLI,,unknown,LOW,2024-01-05,2026-10-07,2024-01-05,2026-10-07,OPEN_ENDED_CURRENT_SNAPSHOT,,unknown,,,,,,655,12,0,0,False,False,price_observation,LOW,NOT_SOLVED,ELIGIBLE_ONLY_IF_DATE>=active_from AND DATE<=active_to AND NOT_IN_KNOWN_SUSPENSION_INTERVAL
ASMI,,unknown,LOW,2023-10-09,2026-10-07,2023-10-09,2026-10-07,OPEN_ENDED_CURRENT_SNAPSHOT,,unknown,,,,,,716,12,0,0,False,False,price_observation,LOW,NOT_SOLVED,ELIGIBLE_ONLY_IF_DATE>=active_from AND DATE<=active_to AND NOT_IN_KNOWN_SUSPENSION_INTERVAL
ASPI,,unknown,LOW,2023-10-09,2026-10-06,2023-10-09,2026-10-07,OPEN_ENDED_CURRENT_SNAPSHOT,,unknown,,,,,,715,12,0,0,False,False,price_observation,LOW,NOT_SOLVED,ELIGIBLE_ONLY_IF_DATE>=active_from AND DATE<=active_to AND NOT_IN_KNOWN_SUSPENSION_INTERVAL
ASPR,,unknown,LOW,2025-07-08,2026-10-07,2025-07-08,2026-10-07,OPEN_ENDED_CURRENT_SNAPSHOT,,unknown,,,,,,307,8,0,0,False,False,price_observation,LOW,NOT_SOLVED,ELIGIBLE_ONLY_IF_DATE>=active_from AND DATE<=active_to AND NOT_IN_KNOWN_SUSPENSION_INTERVAL
ASRI,,unknown,LOW,2023-10-09,2026-10-07,2023-10-09,2026-10-07,OPEN_ENDED_CURRENT_SNAPSHOT,,unknown,,,,,,716,12,0,0,False,False,price_observation,LOW,NOT_SOLVED,ELIGIBLE_ONLY_IF_DATE>=active_from AND DATE<=active_to AND NOT_IN_KNOWN_SUSPENSION_INTERVAL
ASRM,,unknown,LOW,2023-10-09,2026-10-07,2023-10-09,2026-10-07,OPEN_ENDED_CURRENT_SNAPSHOT,,unknown,,,,,,717,12,0,0,False,False,price_observation,LOW,NOT_SOLVED,ELIGIBLE_ONLY_IF_DATE>=active_from AND DATE<=active_to AND NOT_IN_KNOWN_SUSPENSION_INTERVAL
ASSA,,unknown,LOW,2023-10-09,2026-10-07,2023-10-09,2026-10-07,OPEN_ENDED_CURRENT_SNAPSHOT,,unknown,,,,,,716,12,0,0,False,False,price_observation,LOW,NOT_SOLVED,ELIGIBLE_ONLY_IF_DATE>=active_from AND DATE<=active_to AND NOT_IN_KNOWN_SUSPENSION_INTERVAL
ATAP,,unknown,LOW,2023-10-09,2026-10-07,2023-10-09,2026-10-07,OPEN_ENDED_CURRENT_SNAPSHOT,,unknown,,,,,,716,12,0,0,False,False,price_observation,LOW,NOT_SOLVED,ELIGIBLE_ONLY_IF_DATE>=active_from AND DATE<=active_to AND NOT_IN_KNOWN_SUSPENSION_INTERVAL
ATIC,,unknown,LOW,2023-10-09,2026-10-07,2023-10-09,2026-10-07,OPEN_ENDED_CURRENT_SNAPSHOT,,unknown,,,,,,716,12,0,0,False,False,price_observation,LOW,NOT_SOLVED,ELIGIBLE_ONLY_IF_DATE>=active_from AND DATE<=active_to AND NOT_IN_KNOWN_SUSPENSION_INTERVAL
ATLA,,unknown,LOW,2024-04-16,2026-10-07,2024-04-16,2026-10-07,OPEN_ENDED_CURRENT_SNAPSHOT,,unknown,,,,,,595,12,0,0,False,False,price_observation,LOW,NOT_SOLVED,ELIGIBLE_ONLY_IF_DATE>=active_from AND DATE<=active_to AND NOT_IN_KNOWN_SUSPENSION_INTERVAL
AUTO,,unknown,LOW,2023-10-09,2026-10-07,2023-10-09,2026-10-07,OPEN_ENDED_CURRENT_SNAPSHOT,,unknown,,,,,,717,12,0,0,False,False,price_observation,LOW,NOT_SOLVED,ELIGIBLE_ONLY_IF_DATE>=active_from AND DATE<=active_to AND NOT_IN_KNOWN_SUSPENSION_INTERVAL
AVIA,,unknown,LOW,2023-10-09,2026-10-07,2023-10-09,2026-10-07,OPEN_ENDED_CURRENT_SNAPSHOT,,unknown,,,,,,716,12,0,0,False,False,price_observation,LOW,NOT_SOLVED,ELIGIBLE_ONLY_IF_DATE>=active_from AND DATE<=active_to AND NOT_IN_KNOWN_SUSPENSION_INTERVAL
AWAN,,unknown,LOW,2023-10-09,2026-10-07,2023-10-09,2026-10-07,OPEN_ENDED_CURRENT_SNAPSHOT,,unknown,,,,,,716,12,0,0,False,False,price_observation,LOW,NOT_SOLVED,ELIGIBLE_ONLY_IF_DATE>=active_from AND DATE<=active_to AND NOT_IN_KNOWN_SUSPENSION_INTERVAL
AXIO,,unknown,LOW,2023-10-09,2026-10-07,2023-10-09,2026-10-07,OPEN_ENDED_CURRENT_SNAPSHOT,,unknown,,,,,,716,12,0,0,False,False,price_observation,LOW,NOT_SOLVED,ELIGIBLE_ONLY_IF_DATE>=active_from AND DATE<=active_to AND NOT_IN_KNOWN_SUSPENSION_INTERVAL
AYLS,,unknown,LOW,2023-10-09,2026-10-07,2023-10-09,2026-10-07,OPEN_ENDED_CURRENT_SNAPSHOT,,unknown,,,,,,716,12,0,0,False,False,price_observation,LOW,NOT_SOLVED,ELIGIBLE_ONLY_IF_DATE>=active_from AND DATE<=active_to AND NOT_IN_KNOWN_SUSPENSION_INTERVAL
BABP,,unknown,LOW,2023-10-09,2026-10-07,2023-10-09,2026-10-07,OPEN_ENDED_CURRENT_SNAPSHOT,,unknown,,,,,,717,12,0,0,False,False,price_observation,LOW,NOT_SOLVED,ELIGIBLE_ONLY_IF_DATE>=active_from AND DATE<=active_to AND NOT_IN_KNOWN_SUSPENSION_INTERVAL
BABY,,unknown,LOW,2023-10-09,2026-10-07,2023-10-09,2026-10-07,OPEN_ENDED_CURRENT_SNAPSHOT,,unknown,,,,,,716,12,0,0,False,False,price_observation,LOW,NOT_SOLVED,ELIGIBLE_ONLY_IF_DATE>=active_from AND DATE<=active_to AND NOT_IN_KNOWN_SUSPENSION_INTERVAL
BACA,,unknown,LOW,2023-10-09,2026-10-07,2023-10-09,2026-10-07,OPEN_ENDED_CURRENT_SNAPSHOT,,unknown,,,,,,716,12,0,0,False,False,price_observation,LOW,NOT_SOLVED,ELIGIBLE_ONLY_IF_DATE>=active_from AND DATE<=active_to AND NOT_IN_KNOWN_SUSPENSION_INTERVAL
BAIK,,unknown,LOW,2024-02-15,2026-10-07,2024-02-15,2026-10-07,OPEN_ENDED_CURRENT_SNAPSHOT,,unknown,,,,,,632,12,0,0,False,False,price_observation,LOW,NOT_SOLVED,ELIGIBLE_ONLY_IF_DATE>=active_from AND DATE<=active_to AND NOT_IN_KNOWN_SUSPENSION_INTERVAL
BAJA,,unknown,LOW,2023-10-09,2026-10-07,2023-10-09,2026-10-07,OPEN_ENDED_CURRENT_SNAPSHOT,,unknown,,,,,,717,12,0,0,False,False,price_observation,LOW,NOT_SOLVED,ELIGIBLE_ONLY_IF_DATE>=active_from AND DATE<=active_to AND NOT_IN_KNOWN_SUSPENSION_INTERVAL
BALI,,unknown,LOW,2014-03-13,2026-10-05,2014-03-13,2026-10-07,OPEN_ENDED_CURRENT_SNAPSHOT,,unknown,,,,,,3081,12,0,0,False,False,price_observation,LOW,NOT_SOLVED,ELIGIBLE_ONLY_IF_DATE>=active_from AND DATE<=active_to AND NOT_IN_KNOWN_SUSPENSION_INTERVAL
BANK,,unknown,LOW,2023-10-09,2026-10-07,2023-10-09,2026-10-07,OPEN_ENDED_CURRENT_SNAPSHOT,,unknown,,,,,,716,12,0,0,False,False,price_observation,LOW,NOT_SOLVED,ELIGIBLE_ONLY_IF_DATE>=active_from AND DATE<=active_to AND NOT_IN_KNOWN_SUSPENSION_INTERVAL
BAPA,,unknown,LOW,2023-10-09,2026-10-07,2023-10-09,2026-10-07,OPEN_ENDED_CURRENT_SNAPSHOT,,unknown,,,,,,719,12,0,0,False,False,price_observation,LOW,NOT_SOLVED,ELIGIBLE_ONLY_IF_DATE>=active_from AND DATE<=active_to AND NOT_IN_KNOWN_SUSPENSION_INTERVAL
BAPI,,unknown,LOW,2023-10-09,2026-10-07,2023-10-09,2026-10-07,OPEN_ENDED_CURRENT_SNAPSHOT,,unknown,,,,,,716,12,0,0,False,False,price_observation,LOW,NOT_SOLVED,ELIGIBLE_ONLY_IF_DATE>=active_from AND DATE<=active_to AND NOT_IN_KNOWN_SUSPENSION_INTERVAL
BATA,,unknown,LOW,2023-10-09,2026-10-06,2023-10-09,2026-10-07,OPEN_ENDED_CURRENT_SNAPSHOT,,unknown,,,,,,717,12,0,0,False,False,price_observation,LOW,NOT_SOLVED,ELIGIBLE_ONLY_IF_DATE>=active_from AND DATE<=active_to AND NOT_IN_KNOWN_SUSPENSION_INTERVAL
BATR,,unknown,LOW,2024-06-10,2026-10-07,2024-06-10,2026-10-07,OPEN_ENDED_CURRENT_SNAPSHOT,,unknown,,,,,,561,12,0,0,False,False,price_observation,LOW,NOT_SOLVED,ELIGIBLE_ONLY_IF_DATE>=active_from AND DATE<=active_to AND NOT_IN_KNOWN_SUSPENSION_INTERVAL
BAUT,,unknown,LOW,2023-10-09,2026-10-07,2023-10-09,2026-10-07,OPEN_ENDED_CURRENT_SNAPSHOT,,unknown,,,,,,716,12,0,0,False,False,price_observation,LOW,NOT_SOLVED,ELIGIBLE_ONLY_IF_DATE>=active_from AND DATE<=active_to AND NOT_IN_KNOWN_SUSPENSION_INTERVAL
BAYU,,unknown,LOW,2023-10-09,2026-10-07,2023-10-09,2026-10-07,OPEN_ENDED_CURRENT_SNAPSHOT,,unknown,,,,,,717,12,0,0,False,False,price_observation,LOW,NOT_SOLVED,ELIGIBLE_ONLY_IF_DATE>=active_from AND DATE<=active_to AND NOT_IN_KNOWN_SUSPENSION_INTERVAL
BBCA,,unknown,LOW,2010-01-04,2026-10-05,2010-01-04,2026-10-07,OPEN_ENDED_CURRENT_SNAPSHOT,,unknown,,,,,,4120,12,0,0,False,False,price_observation,LOW,NOT_SOLVED,ELIGIBLE_ONLY_IF_DATE>=active_from AND DATE<=active_to AND NOT_IN_KNOWN_SUSPENSION_INTERVAL
BBHI,,unknown,LOW,2023-10-09,2026-10-07,2023-10-09,2026-10-07,OPEN_ENDED_CURRENT_SNAPSHOT,,unknown,,,,,,716,12,0,0,False,False,price_observation,LOW,NOT_SOLVED,ELIGIBLE_ONLY_IF_DATE>=active_from AND DATE<=active_to AND NOT_IN_KNOWN_SUSPENSION_INTERVAL
BBKP,,unknown,LOW,2023-10-09,2026-10-07,2023-10-09,2026-10-07,OPEN_ENDED_CURRENT_SNAPSHOT,,unknown,,,,,,717,12,0,0,False,False,price_observation,LOW,NOT_SOLVED,ELIGIBLE_ONLY_IF_DATE>=active_from AND DATE<=active_to AND NOT_IN_KNOWN_SUSPENSION_INTERVAL
BBLD,,unknown,LOW,2023-10-09,2026-10-07,2023-10-09,2026-10-07,OPEN_ENDED_CURRENT_SNAPSHOT,,unknown,,,,,,716,12,0,0,False,False,price_observation,LOW,NOT_SOLVED,ELIGIBLE_ONLY_IF_DATE>=active_from AND DATE<=active_to AND NOT_IN_KNOWN_SUSPENSION_INTERVAL
BBMD,,unknown,LOW,2023-10-09,2026-10-07,2023-10-09,2026-10-07,OPEN_ENDED_CURRENT_SNAPSHOT,,unknown,,,,,,717,12,0,0,False,False,price_observation,LOW,NOT_SOLVED,ELIGIBLE_ONLY_IF_DATE>=active_from AND DATE<=active_to AND NOT_IN_KNOWN_SUSPENSION_INTERVAL
BBNI,,unknown,LOW,2010-01-04,2026-10-05,2010-01-04,2026-10-07,OPEN_ENDED_CURRENT_SNAPSHOT,,unknown,,,,,,4121,12,0,0,False,False,price_observation,LOW,NOT_SOLVED,ELIGIBLE_ONLY_IF_DATE>=active_from AND DATE<=active_to AND NOT_IN_KNOWN_SUSPENSION_INTERVAL
BBRI,,unknown,LOW,2010-01-04,2026-10-05,2010-01-04,2026-10-07,OPEN_ENDED_CURRENT_SNAPSHOT,,unknown,,,,,,4121,12,0,0,False,False,price_observation,LOW,NOT_SOLVED,ELIGIBLE_ONLY_IF_DATE>=active_from AND DATE<=active_to AND NOT_IN_KNOWN_SUSPENSION_INTERVAL
BBRM,,unknown,LOW,2023-10-09,2026-10-07,2023-10-09,2026-10-07,OPEN_ENDED_CURRENT_SNAPSHOT,,unknown,,,,,,716,12,0,0,False,False,price_observation,LOW,NOT_SOLVED,ELIGIBLE_ONLY_IF_DATE>=active_from AND DATE<=active_to AND NOT_IN_KNOWN_SUSPENSION_INTERVAL
BBSI,,unknown,LOW,2023-10-09,2026-10-07,2023-10-09,2026-10-07,OPEN_ENDED_CURRENT_SNAPSHOT,,unknown,,,,,,716,12,0,0,False,False,price_observation,LOW,NOT_SOLVED,ELIGIBLE_ONLY_IF_DATE>=active_from AND DATE<=active_to AND NOT_IN_KNOWN_SUSPENSION_INTERVAL
BBSS,,unknown,LOW,2023-10-09,2026-10-07,2023-10-09,2026-10-07,OPEN_ENDED_CURRENT_SNAPSHOT,,unknown,,,,,,716,12,0,0,False,False,price_observation,LOW,NOT_SOLVED,ELIGIBLE_ONLY_IF_DATE>=active_from AND DATE<=active_to AND NOT_IN_KNOWN_SUSPENSION_INTERVAL
BBTN,,unknown,LOW,2023-10-09,2026-10-07,2023-10-09,2026-10-07,OPEN_ENDED_CURRENT_SNAPSHOT,,unknown,,,,,,716,12,0,0,False,False,price_observation,LOW,NOT_SOLVED,ELIGIBLE_ONLY_IF_DATE>=active_from AND DATE<=active_to AND NOT_IN_KNOWN_SUSPENSION_INTERVAL
BBYB,,unknown,LOW,2023-10-09,2026-10-07,2023-10-09,2026-10-07,OPEN_ENDED_CURRENT_SNAPSHOT,,unknown,,,,,,716,12,0,0,False,False,price_observation,LOW,NOT_SOLVED,ELIGIBLE_ONLY_IF_DATE>=active_from AND DATE<=active_to AND NOT_IN_KNOWN_SUSPENSION_INTERVAL
BCAP,,unknown,LOW,2023-10-09,2026-10-07,2023-10-09,2026-10-07,OPEN_ENDED_CURRENT_SNAPSHOT,,unknown,,,,,,717,12,0,0,False,False,price_observation,LOW,NOT_SOLVED,ELIGIBLE_ONLY_IF_DATE>=active_from AND DATE<=active_to AND NOT_IN_KNOWN_SUSPENSION_INTERVAL
BCIC,,unknown,LOW,2023-10-09,2026-10-07,2023-10-09,2026-10-07,OPEN_ENDED_CURRENT_SNAPSHOT,,unknown,,,,,,716,12,0,0,False,False,price_observation,LOW,NOT_SOLVED,ELIGIBLE_ONLY_IF_DATE>=active_from AND DATE<=active_to AND NOT_IN_KNOWN_SUSPENSION_INTERVAL
BCIP,,unknown,LOW,2023-10-09,2026-10-07,2023-10-09,2026-10-07,OPEN_ENDED_CURRENT_SNAPSHOT,,unknown,,,,,,716,12,0,0,False,False,price_observation,LOW,NOT_SOLVED,ELIGIBLE_ONLY_IF_DATE>=active_from AND DATE<=active_to AND NOT_IN_KNOWN_SUSPENSION_INTERVAL
BDKR,,unknown,LOW,2023-10-09,2026-10-07,2023-10-09,2026-10-07,OPEN_ENDED_CURRENT_SNAPSHOT,,unknown,,,,,,716,12,0,0,False,False,price_observation,LOW,NOT_SOLVED,ELIGIBLE_ONLY_IF_DATE>=active_from AND DATE<=active_to AND NOT_IN_KNOWN_SUSPENSION_INTERVAL
BDMN,,unknown,LOW,2010-01-04,2026-10-05,2010-01-04,2026-10-07,OPEN_ENDED_CURRENT_SNAPSHOT,,unknown,,,,,,4121,12,0,0,False,False,price_observation,LOW,NOT_SOLVED,ELIGIBLE_ONLY_IF_DATE>=active_from AND DATE<=active_to AND NOT_IN_KNOWN_SUSPENSION_INTERVAL
BEBS,,unknown,LOW,2023-10-09,2026-10-06,2023-10-09,2026-10-07,OPEN_ENDED_CURRENT_SNAPSHOT,,unknown,,,,,,720,12,0,0,False,False,price_observation,LOW,NOT_SOLVED,ELIGIBLE_ONLY_IF_DATE>=active_from AND DATE<=active_to AND NOT_IN_KNOWN_SUSPENSION_INTERVAL
BEEF,,unknown,LOW,2023-10-09,2026-10-07,2023-10-09,2026-10-07,OPEN_ENDED_CURRENT_SNAPSHOT,,unknown,,,,,,716,12,0,0,False,False,price_observation,LOW,NOT_SOLVED,ELIGIBLE_ONLY_IF_DATE>=active_from AND DATE<=active_to AND NOT_IN_KNOWN_SUSPENSION_INTERVAL
BEER,,unknown,LOW,2023-10-09,2026-10-07,2023-10-09,2026-10-07,OPEN_ENDED_CURRENT_SNAPSHOT,,unknown,,,,,,716,12,0,0,False,False,price_observation,LOW,NOT_SOLVED,ELIGIBLE_ONLY_IF_DATE>=active_from AND DATE<=active_to AND NOT_IN_KNOWN_SUSPENSION_INTERVAL
BEKS,,unknown,LOW,2023-10-09,2026-10-07,2023-10-09,2026-10-07,OPEN_ENDED_CURRENT_SNAPSHOT,,unknown,,,,,,716,12,0,0,False,False,price_observation,LOW,NOT_SOLVED,ELIGIBLE_ONLY_IF_DATE>=active_from AND DATE<=active_to AND NOT_IN_KNOWN_SUSPENSION_INTERVAL
BELI,,unknown,LOW,2023-10-09,2026-10-07,2023-10-09,2026-10-07,OPEN_ENDED_CURRENT_SNAPSHOT,,unknown,,,,,,716,12,0,0,False,False,price_observation,LOW,NOT_SOLVED,ELIGIBLE_ONLY_IF_DATE>=active_from AND DATE<=active_to AND NOT_IN_KNOWN_SUSPENSION_INTERVAL
BELL,,unknown,LOW,2023-10-09,2026-10-07,2023-10-09,2026-10-07,OPEN_ENDED_CURRENT_SNAPSHOT,,unknown,,,,,,716,12,0,0,False,False,price_observation,LOW,NOT_SOLVED,ELIGIBLE_ONLY_IF_DATE>=active_from AND DATE<=active_to AND NOT_IN_KNOWN_SUSPENSION_INTERVAL
BESS,,unknown,LOW,2023-10-09,2026-10-07,2023-10-09,2026-10-07,OPEN_ENDED_CURRENT_SNAPSHOT,,unknown,,,,,,716,12,0,0,False,False,price_observation,LOW,NOT_SOLVED,ELIGIBLE_ONLY_IF_DATE>=active_from AND DATE<=active_to AND NOT_IN_KNOWN_SUSPENSION_INTERVAL
BEST,,unknown,LOW,2023-10-09,2026-10-07,2023-10-09,2026-10-07,OPEN_ENDED_CURRENT_SNAPSHOT,,unknown,,,,,,716,12,0,0,False,False,price_observation,LOW,NOT_SOLVED,ELIGIBLE_ONLY_IF_DATE>=active_from AND DATE<=active_to AND NOT_IN_KNOWN_SUSPENSION_INTERVAL
BFIN,,unknown,LOW,2023-10-09,2026-10-07,2023-10-09,2026-10-07,OPEN_ENDED_CURRENT_SNAPSHOT,,unknown,,,,,,717,12,0,0,False,False,price_observation,LOW,NOT_SOLVED,ELIGIBLE_ONLY_IF_DATE>=active_from AND DATE<=active_to AND NOT_IN_KNOWN_SUSPENSION_INTERVAL
BGTG,,unknown,LOW,2023-10-09,2026-10-07,2023-10-09,2026-10-07,OPEN_ENDED_CURRENT_SNAPSHOT,,unknown,,,,,,716,12,0,0,False,False,price_observation,LOW,NOT_SOLVED,ELIGIBLE_ONLY_IF_DATE>=active_from AND DATE<=active_to AND NOT_IN_KNOWN_SUSPENSION_INTERVAL
BHAT,,unknown,LOW,2023-10-09,2026-10-06,2023-10-09,2026-10-07,OPEN_ENDED_CURRENT_SNAPSHOT,,unknown,,,,,,717,12,0,0,False,False,price_observation,LOW,NOT_SOLVED,ELIGIBLE_ONLY_IF_DATE>=active_from AND DATE<=active_to AND NOT_IN_KNOWN_SUSPENSION_INTERVAL
BHIT,,unknown,LOW,2023-10-09,2026-10-07,2023-10-09,2026-10-07,OPEN_ENDED_CURRENT_SNAPSHOT,,unknown,,,,,,717,12,0,0,False,False,price_observation,LOW,NOT_SOLVED,ELIGIBLE_ONLY_IF_DATE>=active_from AND DATE<=active_to AND NOT_IN_KNOWN_SUSPENSION_INTERVAL
BIKA,,unknown,LOW,2023-10-09,2026-10-06,2023-10-09,2026-10-07,OPEN_ENDED_CURRENT_SNAPSHOT,,unknown,,,,,,720,12,0,0,False,False,price_observation,LOW,NOT_SOLVED,ELIGIBLE_ONLY_IF_DATE>=active_from AND DATE<=active_to AND NOT_IN_KNOWN_SUSPENSION_INTERVAL
BIKE,,unknown,LOW,2023-10-09,2026-10-06,2023-10-09,2026-10-07,OPEN_ENDED_CURRENT_SNAPSHOT,,unknown,,,,,,719,12,0,0,False,False,price_observation,LOW,NOT_SOLVED,ELIGIBLE_ONLY_IF_DATE>=active_from AND DATE<=active_to AND NOT_IN_KNOWN_SUSPENSION_INTERVAL
BIMA,,unknown,LOW,2023-10-09,2026-10-06,2023-10-09,2026-10-07,OPEN_ENDED_CURRENT_SNAPSHOT,,unknown,,,,,,720,12,0,0,False,False,price_observation,LOW,NOT_SOLVED,ELIGIBLE_ONLY_IF_DATE>=active_from AND DATE<=active_to AND NOT_IN_KNOWN_SUSPENSION_INTERVAL
BINA,,unknown,LOW,2023-10-09,2026-10-07,2023-10-09,2026-10-07,OPEN_ENDED_CURRENT_SNAPSHOT,,unknown,,,,,,716,12,0,0,False,False,price_observation,LOW,NOT_SOLVED,ELIGIBLE_ONLY_IF_DATE>=active_from AND DATE<=active_to AND NOT_IN_KNOWN_SUSPENSION_INTERVAL
BINO,,unknown,LOW,2023-10-09,2026-10-07,2023-10-09,2026-10-07,OPEN_ENDED_CURRENT_SNAPSHOT,,unknown,,,,,,716,12,0,0,False,False,price_observation,LOW,NOT_SOLVED,ELIGIBLE_ONLY_IF_DATE>=active_from AND DATE<=active_to AND NOT_IN_KNOWN_SUSPENSION_INTERVAL
BIPI,,unknown,LOW,2023-10-09,2026-10-07,2023-10-09,2026-10-07,OPEN_ENDED_CURRENT_SNAPSHOT,,unknown,,,,,,716,12,0,0,False,False,price_observation,LOW,NOT_SOLVED,ELIGIBLE_ONLY_IF_DATE>=active_from AND DATE<=active_to AND NOT_IN_KNOWN_SUSPENSION_INTERVAL
BIPP,,unknown,LOW,2023-10-09,2026-10-07,2023-10-09,2026-10-07,OPEN_ENDED_CURRENT_SNAPSHOT,,unknown,,,,,,717,12,0,0,False,False,price_observation,LOW,NOT_SOLVED,ELIGIBLE_ONLY_IF_DATE>=active_from AND DATE<=active_to AND NOT_IN_KNOWN_SUSPENSION_INTERVAL
BIRD,,unknown,LOW,2023-10-09,2026-10-07,2023-10-09,2026-10-07,OPEN_ENDED_CURRENT_SNAPSHOT,,unknown,,,,,,716,12,0,0,False,False,price_observation,LOW,NOT_SOLVED,ELIGIBLE_ONLY_IF_DATE>=active_from AND DATE<=active_to AND NOT_IN_KNOWN_SUSPENSION_INTERVAL
BISI,,unknown,LOW,2023-10-09,2026-10-07,2023-10-09,2026-10-07,OPEN_ENDED_CURRENT_SNAPSHOT,,unknown,,,,,,716,12,0,0,False,False,price_observation,LOW,NOT_SOLVED,ELIGIBLE_ONLY_IF_DATE>=active_from AND DATE<=active_to AND NOT_IN_KNOWN_SUSPENSION_INTERVAL
BJBR,,unknown,LOW,2010-07-08,2026-10-05,2010-07-08,2026-10-07,OPEN_ENDED_CURRENT_SNAPSHOT,,unknown,,,,,,3992,12,0,0,False,False,price_observation,LOW,NOT_SOLVED,ELIGIBLE_ONLY_IF_DATE>=active_from AND DATE<=active_to AND NOT_IN_KNOWN_SUSPENSION_INTERVAL
BJTM,,unknown,LOW,2012-07-12,2026-10-05,2012-07-12,2026-10-07,OPEN_ENDED_CURRENT_SNAPSHOT,,unknown,,,,,,3494,12,0,0,False,False,price_observation,LOW,NOT_SOLVED,ELIGIBLE_ONLY_IF_DATE>=active_from AND DATE<=active_to AND NOT_IN_KNOWN_SUSPENSION_INTERVAL
BKDP,,unknown,LOW,2023-10-09,2026-10-07,2023-10-09,2026-10-07,OPEN_ENDED_CURRENT_SNAPSHOT,,unknown,,,,,,720,12,0,0,False,False,price_observation,LOW,NOT_SOLVED,ELIGIBLE_ONLY_IF_DATE>=active_from AND DATE<=active_to AND NOT_IN_KNOWN_SUSPENSION_INTERVAL
BKSL,,unknown,LOW,2010-01-04,2026-10-05,2010-01-04,2026-10-07,OPEN_ENDED_CURRENT_SNAPSHOT,,unknown,,,,,,4121,12,0,0,False,False,price_observation,LOW,NOT_SOLVED,ELIGIBLE_ONLY_IF_DATE>=active_from AND DATE<=active_to AND NOT_IN_KNOWN_SUSPENSION_INTERVAL
BKSW,,unknown,LOW,2023-10-09,2026-10-07,2023-10-09,2026-10-07,OPEN_ENDED_CURRENT_SNAPSHOT,,unknown,,,,,,717,12,0,0,False,False,price_observation,LOW,NOT_SOLVED,ELIGIBLE_ONLY_IF_DATE>=active_from AND DATE<=active_to AND NOT_IN_KNOWN_SUSPENSION_INTERVAL
BLES,,unknown,LOW,2024-07-08,2026-10-07,2024-07-08,2026-10-07,OPEN_ENDED_CURRENT_SNAPSHOT,,unknown,,,,,,543,12,0,0,False,False,price_observation,LOW,NOT_SOLVED,ELIGIBLE_ONLY_IF_DATE>=active_from AND DATE<=active_to AND NOT_IN_KNOWN_SUSPENSION_INTERVAL
BLOG,,unknown,LOW,2025-07-10,2026-10-07,2025-07-10,2026-10-07,OPEN_ENDED_CURRENT_SNAPSHOT,,unknown,,,,,,305,8,0,0,False,False,price_observation,LOW,NOT_SOLVED,ELIGIBLE_ONLY_IF_DATE>=active_from AND DATE<=active_to AND NOT_IN_KNOWN_SUSPENSION_INTERVAL
BLTA,,unknown,LOW,2023-10-09,2026-10-07,2023-10-09,2026-10-07,OPEN_ENDED_CURRENT_SNAPSHOT,,unknown,,,,,,717,12,0,0,False,False,price_observation,LOW,NOT_SOLVED,ELIGIBLE_ONLY_IF_DATE>=active_from AND DATE<=active_to AND NOT_IN_KNOWN_SUSPENSION_INTERVAL
BLTZ,,unknown,LOW,2023-10-09,2026-10-07,2023-10-09,2026-10-07,OPEN_ENDED_CURRENT_SNAPSHOT,,unknown,,,,,,718,12,0,0,False,False,price_observation,LOW,NOT_SOLVED,ELIGIBLE_ONLY_IF_DATE>=active_from AND DATE<=active_to AND NOT_IN_KNOWN_SUSPENSION_INTERVAL
BLUE,,unknown,LOW,2023-10-09,2026-10-07,2023-10-09,2026-10-07,OPEN_ENDED_CURRENT_SNAPSHOT,,unknown,,,,,,716,12,0,0,False,False,price_observation,LOW,NOT_SOLVED,ELIGIBLE_ONLY_IF_DATE>=active_from AND DATE<=active_to AND NOT_IN_KNOWN_SUSPENSION_INTERVAL
BMAS,,unknown,LOW,2023-10-09,2026-10-07,2023-10-09,2026-10-07,OPEN_ENDED_CURRENT_SNAPSHOT,,unknown,,,,,,716,12,0,0,False,False,price_observation,LOW,NOT_SOLVED,ELIGIBLE_ONLY_IF_DATE>=active_from AND DATE<=active_to AND NOT_IN_KNOWN_SUSPENSION_INTERVAL
BMBL,,unknown,LOW,2023-10-09,2026-10-07,2023-10-09,2026-10-07,OPEN_ENDED_CURRENT_SNAPSHOT,,unknown,,,,,,716,12,0,0,False,False,price_observation,LOW,NOT_SOLVED,ELIGIBLE_ONLY_IF_DATE>=active_from AND DATE<=active_to AND NOT_IN_KNOWN_SUSPENSION_INTERVAL
BMHS,,unknown,LOW,2023-10-09,2026-10-07,2023-10-09,2026-10-07,OPEN_ENDED_CURRENT_SNAPSHOT,,unknown,,,,,,716,12,0,0,False,False,price_observation,LOW,NOT_SOLVED,ELIGIBLE_ONLY_IF_DATE>=active_from AND DATE<=active_to AND NOT_IN_KNOWN_SUSPENSION_INTERVAL
BMRI,,unknown,LOW,2010-01-04,2026-10-05,2010-01-04,2026-10-07,OPEN_ENDED_CURRENT_SNAPSHOT,,unknown,,,,,,4121,12,0,0,False,False,price_observation,LOW,NOT_SOLVED,ELIGIBLE_ONLY_IF_DATE>=active_from AND DATE<=active_to AND NOT_IN_KNOWN_SUSPENSION_INTERVAL
BMSR,,unknown,LOW,2023-10-09,2026-10-07,2023-10-09,2026-10-07,OPEN_ENDED_CURRENT_SNAPSHOT,,unknown,,,,,,717,12,0,0,False,False,price_observation,LOW,NOT_SOLVED,ELIGIBLE_ONLY_IF_DATE>=active_from AND DATE<=active_to AND NOT_IN_KNOWN_SUSPENSION_INTERVAL
BMTR,,unknown,LOW,2023-10-09,2026-10-07,2023-10-09,2026-10-07,OPEN_ENDED_CURRENT_SNAPSHOT,,unknown,,,,,,717,12,0,0,False,False,price_observation,LOW,NOT_SOLVED,ELIGIBLE_ONLY_IF_DATE>=active_from AND DATE<=active_to AND NOT_IN_KNOWN_SUSPENSION_INTERVAL
BNBA,,unknown,LOW,2023-10-09,2026-10-07,2023-10-09,2026-10-07,OPEN_ENDED_CURRENT_SNAPSHOT,,unknown,,,,,,716,12,0,0,False,False,price_observation,LOW,NOT_SOLVED,ELIGIBLE_ONLY_IF_DATE>=active_from AND DATE<=active_to AND NOT_IN_KNOWN_SUSPENSION_INTERVAL
BNBR,,unknown,LOW,2023-10-09,2026-10-07,2023-10-09,2026-10-07,OPEN_ENDED_CURRENT_SNAPSHOT,,unknown,,,,,,720,12,0,0,False,False,price_observation,LOW,NOT_SOLVED,ELIGIBLE_ONLY_IF_DATE>=active_from AND DATE<=active_to AND NOT_IN_KNOWN_SUSPENSION_INTERVAL
BNGA,,unknown,LOW,2010-01-04,2026-10-05,2010-01-04,2026-10-07,OPEN_ENDED_CURRENT_SNAPSHOT,,unknown,,,,,,4120,12,0,0,False,False,price_observation,LOW,NOT_SOLVED,ELIGIBLE_ONLY_IF_DATE>=active_from AND DATE<=active_to AND NOT_IN_KNOWN_SUSPENSION_INTERVAL
BNII,,unknown,LOW,2010-01-04,2026-10-05,2010-01-04,2026-10-07,OPEN_ENDED_CURRENT_SNAPSHOT,,unknown,,,,,,4120,12,0,0,False,False,price_observation,LOW,NOT_SOLVED,ELIGIBLE_ONLY_IF_DATE>=active_from AND DATE<=active_to AND NOT_IN_KNOWN_SUSPENSION_INTERVAL
BNLI,,unknown,LOW,2010-01-04,2026-10-05,2010-01-04,2026-10-07,OPEN_ENDED_CURRENT_SNAPSHOT,,unknown,,,,,,4121,12,0,0,False,False,price_observation,LOW,NOT_SOLVED,ELIGIBLE_ONLY_IF_DATE>=active_from AND DATE<=active_to AND NOT_IN_KNOWN_SUSPENSION_INTERVAL
BOAT,,unknown,LOW,2024-11-12,2026-10-07,2024-11-12,2026-10-07,OPEN_ENDED_CURRENT_SNAPSHOT,,unknown,,,,,,453,12,0,0,False,False,price_observation,LOW,NOT_SOLVED,ELIGIBLE_ONLY_IF_DATE>=active_from AND DATE<=active_to AND NOT_IN_KNOWN_SUSPENSION_INTERVAL
BOBA,,unknown,LOW,2023-10-09,2026-10-07,2023-10-09,2026-10-07,OPEN_ENDED_CURRENT_SNAPSHOT,,unknown,,,,,,716,12,0,0,False,False,price_observation,LOW,NOT_SOLVED,ELIGIBLE_ONLY_IF_DATE>=active_from AND DATE<=active_to AND NOT_IN_KNOWN_SUSPENSION_INTERVAL
BOGA,,unknown,LOW,2023-10-09,2026-10-07,2023-10-09,2026-10-07,OPEN_ENDED_CURRENT_SNAPSHOT,,unknown,,,,,,717,12,0,0,False,False,price_observation,LOW,NOT_SOLVED,ELIGIBLE_ONLY_IF_DATE>=active_from AND DATE<=active_to AND NOT_IN_KNOWN_SUSPENSION_INTERVAL
BOLA,,unknown,LOW,2023-10-09,2026-10-07,2023-10-09,2026-10-07,OPEN_ENDED_CURRENT_SNAPSHOT,,unknown,,,,,,716,12,0,0,False,False,price_observation,LOW,NOT_SOLVED,ELIGIBLE_ONLY_IF_DATE>=active_from AND DATE<=active_to AND NOT_IN_KNOWN_SUSPENSION_INTERVAL
BOLT,,unknown,LOW,2015-07-07,2026-10-05,2015-07-07,2026-10-07,OPEN_ENDED_CURRENT_SNAPSHOT,,unknown,,,,,,2758,12,0,0,False,False,price_observation,LOW,NOT_SOLVED,ELIGIBLE_ONLY_IF_DATE>=active_from AND DATE<=active_to AND NOT_IN_KNOWN_SUSPENSION_INTERVAL
BOSS,,unknown,LOW,2023-10-09,2026-10-06,2023-10-09,2026-10-07,OPEN_ENDED_CURRENT_SNAPSHOT,,unknown,,,,,,720,12,0,0,False,False,price_observation,LOW,NOT_SOLVED,ELIGIBLE_ONLY_IF_DATE>=active_from AND DATE<=active_to AND NOT_IN_KNOWN_SUSPENSION_INTERVAL
BPFI,,unknown,LOW,2023-10-09,2026-10-07,2023-10-09,2026-10-07,OPEN_ENDED_CURRENT_SNAPSHOT,,unknown,,,,,,716,12,0,0,False,False,price_observation,LOW,NOT_SOLVED,ELIGIBLE_ONLY_IF_DATE>=active_from AND DATE<=active_to AND NOT_IN_KNOWN_SUSPENSION_INTERVAL
BPII,,unknown,LOW,2023-10-09,2026-10-06,2023-10-09,2026-10-07,OPEN_ENDED_CURRENT_SNAPSHOT,,unknown,,,,,,715,12,0,0,False,False,price_observation,LOW,NOT_SOLVED,ELIGIBLE_ONLY_IF_DATE>=active_from AND DATE<=active_to AND NOT_IN_KNOWN_SUSPENSION_INTERVAL
BPTR,,unknown,LOW,2023-10-09,2026-10-07,2023-10-09,2026-10-07,OPEN_ENDED_CURRENT_SNAPSHOT,,unknown,,,,,,716,12,0,0,False,False,price_observation,LOW,NOT_SOLVED,ELIGIBLE_ONLY_IF_DATE>=active_from AND DATE<=active_to AND NOT_IN_KNOWN_SUSPENSION_INTERVAL
BRAM,,unknown,LOW,2023-10-09,2026-10-06,2023-10-09,2026-10-07,OPEN_ENDED_CURRENT_SNAPSHOT,,unknown,,,,,,716,12,0,0,False,False,price_observation,LOW,NOT_SOLVED,ELIGIBLE_ONLY_IF_DATE>=active_from AND DATE<=active_to AND NOT_IN_KNOWN_SUSPENSION_INTERVAL
BREN,,unknown,LOW,2023-10-09,2026-10-07,2023-10-09,2026-10-07,OPEN_ENDED_CURRENT_SNAPSHOT,,unknown,,,,,,716,12,0,0,False,False,price_observation,LOW,NOT_SOLVED,ELIGIBLE_ONLY_IF_DATE>=active_from AND DATE<=active_to AND NOT_IN_KNOWN_SUSPENSION_INTERVAL
BRIS,,unknown,LOW,2023-10-09,2026-10-07,2023-10-09,2026-10-07,OPEN_ENDED_CURRENT_SNAPSHOT,,unknown,,,,,,716,12,0,0,False,False,price_observation,LOW,NOT_SOLVED,ELIGIBLE_ONLY_IF_DATE>=active_from AND DATE<=active_to AND NOT_IN_KNOWN_SUSPENSION_INTERVAL
BRMS,,unknown,LOW,2010-12-09,2026-10-05,2010-12-09,2026-10-07,OPEN_ENDED_CURRENT_SNAPSHOT,,unknown,,,,,,3890,12,0,0,False,False,price_observation,LOW,NOT_SOLVED,ELIGIBLE_ONLY_IF_DATE>=active_from AND DATE<=active_to AND NOT_IN_KNOWN_SUSPENSION_INTERVAL
BRNA,,unknown,LOW,2023-10-09,2026-10-07,2023-10-09,2026-10-07,OPEN_ENDED_CURRENT_SNAPSHOT,,unknown,,,,,,717,12,0,0,False,False,price_observation,LOW,NOT_SOLVED,ELIGIBLE_ONLY_IF_DATE>=active_from AND DATE<=active_to AND NOT_IN_KNOWN_SUSPENSION_INTERVAL
BRPT,,unknown,LOW,2023-10-09,2026-10-07,2023-10-09,2026-10-07,OPEN_ENDED_CURRENT_SNAPSHOT,,unknown,,,,,,717,12,0,0,False,False,price_observation,LOW,NOT_SOLVED,ELIGIBLE_ONLY_IF_DATE>=active_from AND DATE<=active_to AND NOT_IN_KNOWN_SUSPENSION_INTERVAL
BSBK,,unknown,LOW,2023-10-09,2026-10-07,2023-10-09,2026-10-07,OPEN_ENDED_CURRENT_SNAPSHOT,,unknown,,,,,,716,12,0,0,False,False,price_observation,LOW,NOT_SOLVED,ELIGIBLE_ONLY_IF_DATE>=active_from AND DATE<=active_to AND NOT_IN_KNOWN_SUSPENSION_INTERVAL
BSDE,,unknown,LOW,2010-01-04,2026-10-05,2010-01-04,2026-10-07,OPEN_ENDED_CURRENT_SNAPSHOT,,unknown,,,,,,4119,12,0,0,False,False,price_observation,LOW,NOT_SOLVED,ELIGIBLE_ONLY_IF_DATE>=active_from AND DATE<=active_to AND NOT_IN_KNOWN_SUSPENSION_INTERVAL
BSIM,,unknown,LOW,2011-02-08,2026-10-05,2011-02-08,2026-10-07,OPEN_ENDED_CURRENT_SNAPSHOT,,unknown,,,,,,3849,12,0,0,False,False,price_observation,LOW,NOT_SOLVED,ELIGIBLE_ONLY_IF_DATE>=active_from AND DATE<=active_to AND NOT_IN_KNOWN_SUSPENSION_INTERVAL
BSML,,unknown,LOW,2023-10-09,2026-10-07,2023-10-09,2026-10-07,OPEN_ENDED_CURRENT_SNAPSHOT,,unknown,,,,,,716,12,0,0,False,False,price_observation,LOW,NOT_SOLVED,ELIGIBLE_ONLY_IF_DATE>=active_from AND DATE<=active_to AND NOT_IN_KNOWN_SUSPENSION_INTERVAL
BSSR,,unknown,LOW,2023-10-09,2026-10-07,2023-10-09,2026-10-07,OPEN_ENDED_CURRENT_SNAPSHOT,,unknown,,,,,,716,12,0,0,False,False,price_observation,LOW,NOT_SOLVED,ELIGIBLE_ONLY_IF_DATE>=active_from AND DATE<=active_to AND NOT_IN_KNOWN_SUSPENSION_INTERVAL
BSWD,,unknown,LOW,2023-10-09,2026-10-06,2023-10-09,2026-10-07,OPEN_ENDED_CURRENT_SNAPSHOT,,unknown,,,,,,719,12,0,0,False,False,price_observation,LOW,NOT_SOLVED,ELIGIBLE_ONLY_IF_DATE>=active_from AND DATE<=active_to AND NOT_IN_KNOWN_SUSPENSION_INTERVAL
BTEK,,unknown,LOW,2023-10-09,2026-10-07,2023-10-09,2026-10-07,OPEN_ENDED_CURRENT_SNAPSHOT,,unknown,,,,,,716,12,0,0,False,False,price_observation,LOW,NOT_SOLVED,ELIGIBLE_ONLY_IF_DATE>=active_from AND DATE<=active_to AND NOT_IN_KNOWN_SUSPENSION_INTERVAL
BTON,,unknown,LOW,2023-10-09,2026-10-07,2023-10-09,2026-10-07,OPEN_ENDED_CURRENT_SNAPSHOT,,unknown,,,,,,717,12,0,0,False,False,price_observation,LOW,NOT_SOLVED,ELIGIBLE_ONLY_IF_DATE>=active_from AND DATE<=active_to AND NOT_IN_KNOWN_SUSPENSION_INTERVAL
BTPN,,unknown,LOW,2010-01-04,2026-10-05,2010-01-04,2026-10-07,OPEN_ENDED_CURRENT_SNAPSHOT,,unknown,,,,,,4119,12,0,0,False,False,price_observation,LOW,NOT_SOLVED,ELIGIBLE_ONLY_IF_DATE>=active_from AND DATE<=active_to AND NOT_IN_KNOWN_SUSPENSION_INTERVAL
BTPS,,unknown,LOW,2023-10-09,2026-10-07,2023-10-09,2026-10-07,OPEN_ENDED_CURRENT_SNAPSHOT,,unknown,,,,,,716,12,0,0,False,False,price_observation,LOW,NOT_SOLVED,ELIGIBLE_ONLY_IF_DATE>=active_from AND DATE<=active_to AND NOT_IN_KNOWN_SUSPENSION_INTERVAL
BUAH,,unknown,LOW,2023-10-09,2026-10-07,2023-10-09,2026-10-07,OPEN_ENDED_CURRENT_SNAPSHOT,,unknown,,,,,,716,12,0,0,False,False,price_observation,LOW,NOT_SOLVED,ELIGIBLE_ONLY_IF_DATE>=active_from AND DATE<=active_to AND NOT_IN_KNOWN_SUSPENSION_INTERVAL
BUDI,,unknown,LOW,2010-01-04,2026-10-05,2010-01-04,2026-10-07,OPEN_ENDED_CURRENT_SNAPSHOT,,unknown,,,,,,4120,12,0,0,False,False,price_observation,LOW,NOT_SOLVED,ELIGIBLE_ONLY_IF_DATE>=active_from AND DATE<=active_to AND NOT_IN_KNOWN_SUSPENSION_INTERVAL
BUKA,,unknown,LOW,2021-08-06,2026-10-05,2021-08-06,2026-10-07,OPEN_ENDED_CURRENT_SNAPSHOT,,unknown,,,,,,1243,12,0,0,False,False,price_observation,LOW,NOT_SOLVED,ELIGIBLE_ONLY_IF_DATE>=active_from AND DATE<=active_to AND NOT_IN_KNOWN_SUSPENSION_INTERVAL
BUKK,,unknown,LOW,2023-10-09,2026-10-07,2023-10-09,2026-10-07,OPEN_ENDED_CURRENT_SNAPSHOT,,unknown,,,,,,717,12,0,0,False,False,price_observation,LOW,NOT_SOLVED,ELIGIBLE_ONLY_IF_DATE>=active_from AND DATE<=active_to AND NOT_IN_KNOWN_SUSPENSION_INTERVAL
BULL,,unknown,LOW,2023-10-09,2026-10-07,2023-10-09,2026-10-07,OPEN_ENDED_CURRENT_SNAPSHOT,,unknown,,,,,,716,12,0,0,False,False,price_observation,LOW,NOT_SOLVED,ELIGIBLE_ONLY_IF_DATE>=active_from AND DATE<=active_to AND NOT_IN_KNOWN_SUSPENSION_INTERVAL
BUMI,,unknown,LOW,2023-10-09,2026-10-07,2023-10-09,2026-10-07,OPEN_ENDED_CURRENT_SNAPSHOT,,unknown,,,,,,717,12,0,0,False,False,price_observation,LOW,NOT_SOLVED,ELIGIBLE_ONLY_IF_DATE>=active_from AND DATE<=active_to AND NOT_IN_KNOWN_SUSPENSION_INTERVAL
BUVA,,unknown,LOW,2023-10-09,2026-10-07,2023-10-09,2026-10-07,OPEN_ENDED_CURRENT_SNAPSHOT,,unknown,,,,,,716,12,0,0,False,False,price_observation,LOW,NOT_SOLVED,ELIGIBLE_ONLY_IF_DATE>=active_from AND DATE<=active_to AND NOT_IN_KNOWN_SUSPENSION_INTERVAL
BVIC,,unknown,LOW,2023-10-09,2026-10-07,2023-10-09,2026-10-07,OPEN_ENDED_CURRENT_SNAPSHOT,,unknown,,,,,,716,12,0,0,False,False,price_observation,LOW,NOT_SOLVED,ELIGIBLE_ONLY_IF_DATE>=active_from AND DATE<=active_to AND NOT_IN_KNOWN_SUSPENSION_INTERVAL
BWPT,,unknown,LOW,2023-10-09,2026-10-07,2023-10-09,2026-10-07,OPEN_ENDED_CURRENT_SNAPSHOT,,unknown,,,,,,716,12,0,0,False,False,price_observation,LOW,NOT_SOLVED,ELIGIBLE_ONLY_IF_DATE>=active_from AND DATE<=active_to AND NOT_IN_KNOWN_SUSPENSION_INTERVAL
BYAN,,unknown,LOW,2023-10-09,2026-10-07,2023-10-09,2026-10-07,OPEN_ENDED_CURRENT_SNAPSHOT,,unknown,,,,,,716,12,0,0,False,False,price_observation,LOW,NOT_SOLVED,ELIGIBLE_ONLY_IF_DATE>=active_from AND DATE<=active_to AND NOT_IN_KNOWN_SUSPENSION_INTERVAL
CAKK,,unknown,LOW,2023-10-09,2026-10-07,2023-10-09,2026-10-07,OPEN_ENDED_CURRENT_SNAPSHOT,,unknown,,,,,,716,12,0,0,False,False,price_observation,LOW,NOT_SOLVED,ELIGIBLE_ONLY_IF_DATE>=active_from AND DATE<=active_to AND NOT_IN_KNOWN_SUSPENSION_INTERVAL
CAMP,,unknown,LOW,2023-10-09,2026-10-07,2023-10-09,2026-10-07,OPEN_ENDED_CURRENT_SNAPSHOT,,unknown,,,,,,716,12,0,0,False,False,price_observation,LOW,NOT_SOLVED,ELIGIBLE_ONLY_IF_DATE>=active_from AND DATE<=active_to AND NOT_IN_KNOWN_SUSPENSION_INTERVAL
CANI,,unknown,LOW,2023-10-09,2026-10-06,2023-10-09,2026-10-07,OPEN_ENDED_CURRENT_SNAPSHOT,,unknown,,,,,,717,12,0,0,False,False,price_observation,LOW,NOT_SOLVED,ELIGIBLE_ONLY_IF_DATE>=active_from AND DATE<=active_to AND NOT_IN_KNOWN_SUSPENSION_INTERVAL
CARE,,unknown,LOW,2023-10-09,2026-10-07,2023-10-09,2026-10-07,OPEN_ENDED_CURRENT_SNAPSHOT,,unknown,,,,,,716,12,0,0,False,False,price_observation,LOW,NOT_SOLVED,ELIGIBLE_ONLY_IF_DATE>=active_from AND DATE<=active_to AND NOT_IN_KNOWN_SUSPENSION_INTERVAL
CARS,,unknown,LOW,2023-10-09,2026-10-07,2023-10-09,2026-10-07,OPEN_ENDED_CURRENT_SNAPSHOT,,unknown,,,,,,716,12,0,0,False,False,price_observation,LOW,NOT_SOLVED,ELIGIBLE_ONLY_IF_DATE>=active_from AND DATE<=active_to AND NOT_IN_KNOWN_SUSPENSION_INTERVAL
CASA,,unknown,LOW,2023-10-09,2026-10-07,2023-10-09,2026-10-07,OPEN_ENDED_CURRENT_SNAPSHOT,,unknown,,,,,,716,12,0,0,False,False,price_observation,LOW,NOT_SOLVED,ELIGIBLE_ONLY_IF_DATE>=active_from AND DATE<=active_to AND NOT_IN_KNOWN_SUSPENSION_INTERVAL
CASH,,unknown,LOW,2023-10-09,2026-10-07,2023-10-09,2026-10-07,OPEN_ENDED_CURRENT_SNAPSHOT,,unknown,,,,,,716,12,0,0,False,False,price_observation,LOW,NOT_SOLVED,ELIGIBLE_ONLY_IF_DATE>=active_from AND DATE<=active_to AND NOT_IN_KNOWN_SUSPENSION_INTERVAL
CASS,,unknown,LOW,2023-10-09,2026-10-07,2023-10-09,2026-10-07,OPEN_ENDED_CURRENT_SNAPSHOT,,unknown,,,,,,716,12,0,0,False,False,price_observation,LOW,NOT_SOLVED,ELIGIBLE_ONLY_IF_DATE>=active_from AND DATE<=active_to AND NOT_IN_KNOWN_SUSPENSION_INTERVAL
CBDK,,unknown,LOW,2025-01-13,2026-10-07,2025-01-13,2026-10-07,OPEN_ENDED_CURRENT_SNAPSHOT,,unknown,,,,,,414,12,0,0,False,False,price_observation,LOW,NOT_SOLVED,ELIGIBLE_ONLY_IF_DATE>=active_from AND DATE<=active_to AND NOT_IN_KNOWN_SUSPENSION_INTERVAL
CBPE,,unknown,LOW,2023-10-09,2026-10-07,2023-10-09,2026-10-07,OPEN_ENDED_CURRENT_SNAPSHOT,,unknown,,,,,,716,12,0,0,False,False,price_observation,LOW,NOT_SOLVED,ELIGIBLE_ONLY_IF_DATE>=active_from AND DATE<=active_to AND NOT_IN_KNOWN_SUSPENSION_INTERVAL
CBRE,,unknown,LOW,2023-10-09,2026-10-07,2023-10-09,2026-10-07,OPEN_ENDED_CURRENT_SNAPSHOT,,unknown,,,,,,716,12,0,0,False,False,price_observation,LOW,NOT_SOLVED,ELIGIBLE_ONLY_IF_DATE>=active_from AND DATE<=active_to AND NOT_IN_KNOWN_SUSPENSION_INTERVAL
CBUT,,unknown,LOW,2023-10-09,2026-10-07,2023-10-09,2026-10-07,OPEN_ENDED_CURRENT_SNAPSHOT,,unknown,,,,,,716,12,0,0,False,False,price_observation,LOW,NOT_SOLVED,ELIGIBLE_ONLY_IF_DATE>=active_from AND DATE<=active_to AND NOT_IN_KNOWN_SUSPENSION_INTERVAL
CCSI,,unknown,LOW,2023-10-09,2026-10-07,2023-10-09,2026-10-07,OPEN_ENDED_CURRENT_SNAPSHOT,,unknown,,,,,,716,12,0,0,False,False,price_observation,LOW,NOT_SOLVED,ELIGIBLE_ONLY_IF_DATE>=active_from AND DATE<=active_to AND NOT_IN_KNOWN_SUSPENSION_INTERVAL
CDIA,,unknown,LOW,2025-07-09,2026-10-07,2025-07-09,2026-10-07,OPEN_ENDED_CURRENT_SNAPSHOT,,unknown,,,,,,306,8,0,0,False,False,price_observation,LOW,NOT_SOLVED,ELIGIBLE_ONLY_IF_DATE>=active_from AND DATE<=active_to AND NOT_IN_KNOWN_SUSPENSION_INTERVAL
CEKA,,unknown,LOW,2010-01-04,2026-10-05,2010-01-04,2026-10-07,OPEN_ENDED_CURRENT_SNAPSHOT,,unknown,,,,,,4120,12,0,0,False,False,price_observation,LOW,NOT_SOLVED,ELIGIBLE_ONLY_IF_DATE>=active_from AND DATE<=active_to AND NOT_IN_KNOWN_SUSPENSION_INTERVAL
CENT,,unknown,LOW,2023-10-09,2026-10-07,2023-10-09,2026-10-07,OPEN_ENDED_CURRENT_SNAPSHOT,,unknown,,,,,,717,12,0,0,False,False,price_observation,LOW,NOT_SOLVED,ELIGIBLE_ONLY_IF_DATE>=active_from AND DATE<=active_to AND NOT_IN_KNOWN_SUSPENSION_INTERVAL
CFIN,,unknown,LOW,2023-10-09,2026-10-07,2023-10-09,2026-10-07,OPEN_ENDED_CURRENT_SNAPSHOT,,unknown,,,,,,717,12,0,0,False,False,price_observation,LOW,NOT_SOLVED,ELIGIBLE_ONLY_IF_DATE>=active_from AND DATE<=active_to AND NOT_IN_KNOWN_SUSPENSION_INTERVAL
CGAS,,unknown,LOW,2024-01-08,2026-10-07,2024-01-08,2026-10-07,OPEN_ENDED_CURRENT_SNAPSHOT,,unknown,,,,,,654,12,0,0,False,False,price_observation,LOW,NOT_SOLVED,ELIGIBLE_ONLY_IF_DATE>=active_from AND DATE<=active_to AND NOT_IN_KNOWN_SUSPENSION_INTERVAL
CHEK,,unknown,LOW,2025-07-10,2026-10-07,2025-07-10,2026-10-07,OPEN_ENDED_CURRENT_SNAPSHOT,,unknown,,,,,,305,8,0,0,False,False,price_observation,LOW,NOT_SOLVED,ELIGIBLE_ONLY_IF_DATE>=active_from AND DATE<=active_to AND NOT_IN_KNOWN_SUSPENSION_INTERVAL
CHEM,,unknown,LOW,2023-10-09,2026-10-07,2023-10-09,2026-10-07,OPEN_ENDED_CURRENT_SNAPSHOT,,unknown,,,,,,716,12,0,0,False,False,price_observation,LOW,NOT_SOLVED,ELIGIBLE_ONLY_IF_DATE>=active_from AND DATE<=active_to AND NOT_IN_KNOWN_SUSPENSION_INTERVAL
CHIP,,unknown,LOW,2023-10-09,2026-10-07,2023-10-09,2026-10-07,OPEN_ENDED_CURRENT_SNAPSHOT,,unknown,,,,,,716,12,0,0,False,False,price_observation,LOW,NOT_SOLVED,ELIGIBLE_ONLY_IF_DATE>=active_from AND DATE<=active_to AND NOT_IN_KNOWN_SUSPENSION_INTERVAL
CINT,,unknown,LOW,2023-10-09,2026-10-07,2023-10-09,2026-10-07,OPEN_ENDED_CURRENT_SNAPSHOT,,unknown,,,,,,716,12,0,0,False,False,price_observation,LOW,NOT_SOLVED,ELIGIBLE_ONLY_IF_DATE>=active_from AND DATE<=active_to AND NOT_IN_KNOWN_SUSPENSION_INTERVAL
CITA,,unknown,LOW,2023-10-09,2026-10-07,2023-10-09,2026-10-07,OPEN_ENDED_CURRENT_SNAPSHOT,,unknown,,,,,,716,12,0,0,False,False,price_observation,LOW,NOT_SOLVED,ELIGIBLE_ONLY_IF_DATE>=active_from AND DATE<=active_to AND NOT_IN_KNOWN_SUSPENSION_INTERVAL
CITY,,unknown,LOW,2023-10-09,2026-10-07,2023-10-09,2026-10-07,OPEN_ENDED_CURRENT_SNAPSHOT,,unknown,,,,,,716,12,0,0,False,False,price_observation,LOW,NOT_SOLVED,ELIGIBLE_ONLY_IF_DATE>=active_from AND DATE<=active_to AND NOT_IN_KNOWN_SUSPENSION_INTERVAL
CLAY,,unknown,LOW,2023-10-09,2026-10-07,2023-10-09,2026-10-07,OPEN_ENDED_CURRENT_SNAPSHOT,,unknown,,,,,,716,12,0,0,False,False,price_observation,LOW,NOT_SOLVED,ELIGIBLE_ONLY_IF_DATE>=active_from AND DATE<=active_to AND NOT_IN_KNOWN_SUSPENSION_INTERVAL
CLEO,,unknown,LOW,2017-05-05,2026-10-05,2017-05-05,2026-10-07,OPEN_ENDED_CURRENT_SNAPSHOT,,unknown,,,,,,2318,12,0,0,False,False,price_observation,LOW,NOT_SOLVED,ELIGIBLE_ONLY_IF_DATE>=active_from AND DATE<=active_to AND NOT_IN_KNOWN_SUSPENSION_INTERVAL
CLPI,,unknown,LOW,2023-10-09,2026-10-07,2023-10-09,2026-10-07,OPEN_ENDED_CURRENT_SNAPSHOT,,unknown,,,,,,717,12,0,0,False,False,price_observation,LOW,NOT_SOLVED,ELIGIBLE_ONLY_IF_DATE>=active_from AND DATE<=active_to AND NOT_IN_KNOWN_SUSPENSION_INTERVAL
CMNP,,unknown,LOW,2023-10-09,2026-10-07,2023-10-09,2026-10-07,OPEN_ENDED_CURRENT_SNAPSHOT,,unknown,,,,,,717,12,0,0,False,False,price_observation,LOW,NOT_SOLVED,ELIGIBLE_ONLY_IF_DATE>=active_from AND DATE<=active_to AND NOT_IN_KNOWN_SUSPENSION_INTERVAL
CMNT,,unknown,LOW,2023-10-09,2026-10-07,2023-10-09,2026-10-07,OPEN_ENDED_CURRENT_SNAPSHOT,,unknown,,,,,,716,12,0,0,False,False,price_observation,LOW,NOT_SOLVED,ELIGIBLE_ONLY_IF_DATE>=active_from AND DATE<=active_to AND NOT_IN_KNOWN_SUSPENSION_INTERVAL
CMPP,,unknown,LOW,2023-10-09,2026-10-06,2023-10-09,2026-10-07,OPEN_ENDED_CURRENT_SNAPSHOT,,unknown,,,,,,717,12,0,0,False,False,price_observation,LOW,NOT_SOLVED,ELIGIBLE_ONLY_IF_DATE>=active_from AND DATE<=active_to AND NOT_IN_KNOWN_SUSPENSION_INTERVAL
CMRY,,unknown,LOW,2023-10-09,2026-10-07,2023-10-09,2026-10-07,OPEN_ENDED_CURRENT_SNAPSHOT,,unknown,,,,,,716,12,0,0,False,False,price_observation,LOW,NOT_SOLVED,ELIGIBLE_ONLY_IF_DATE>=active_from AND DATE<=active_to AND NOT_IN_KNOWN_SUSPENSION_INTERVAL
CNKO,,unknown,LOW,2023-10-09,2026-10-06,2023-10-09,2026-10-07,OPEN_ENDED_CURRENT_SNAPSHOT,,unknown,,,,,,717,12,0,0,False,False,price_observation,LOW,NOT_SOLVED,ELIGIBLE_ONLY_IF_DATE>=active_from AND DATE<=active_to AND NOT_IN_KNOWN_SUSPENSION_INTERVAL
CNMA,,unknown,LOW,2023-10-09,2026-10-07,2023-10-09,2026-10-07,OPEN_ENDED_CURRENT_SNAPSHOT,,unknown,,,,,,716,12,0,0,False,False,price_observation,LOW,NOT_SOLVED,ELIGIBLE_ONLY_IF_DATE>=active_from AND DATE<=active_to AND NOT_IN_KNOWN_SUSPENSION_INTERVAL
COAL,,unknown,LOW,2023-10-09,2026-10-06,2023-10-09,2026-10-07,OPEN_ENDED_CURRENT_SNAPSHOT,,unknown,,,,,,717,12,0,0,False,False,price_observation,LOW,NOT_SOLVED,ELIGIBLE_ONLY_IF_DATE>=active_from AND DATE<=active_to AND NOT_IN_KNOWN_SUSPENSION_INTERVAL
COCO,,unknown,LOW,2023-10-09,2026-10-07,2023-10-09,2026-10-07,OPEN_ENDED_CURRENT_SNAPSHOT,,unknown,,,,,,716,12,0,0,False,False,price_observation,LOW,NOT_SOLVED,ELIGIBLE_ONLY_IF_DATE>=active_from AND DATE<=active_to AND NOT_IN_KNOWN_SUSPENSION_INTERVAL
COIN,,unknown,LOW,2025-07-09,2026-10-07,2025-07-09,2026-10-07,OPEN_ENDED_CURRENT_SNAPSHOT,,unknown,,,,,,306,8,0,0,False,False,price_observation,LOW,NOT_SOLVED,ELIGIBLE_ONLY_IF_DATE>=active_from AND DATE<=active_to AND NOT_IN_KNOWN_SUSPENSION_INTERVAL
CPIN,,unknown,LOW,2023-10-09,2026-10-07,2023-10-09,2026-10-07,OPEN_ENDED_CURRENT_SNAPSHOT,,unknown,,,,,,716,12,0,0,False,False,price_observation,LOW,NOT_SOLVED,ELIGIBLE_ONLY_IF_DATE>=active_from AND DATE<=active_to AND NOT_IN_KNOWN_SUSPENSION_INTERVAL
CPRO,,unknown,LOW,2023-10-09,2026-10-07,2023-10-09,2026-10-07,OPEN_ENDED_CURRENT_SNAPSHOT,,unknown,,,,,,717,12,0,0,False,False,price_observation,LOW,NOT_SOLVED,ELIGIBLE_ONLY_IF_DATE>=active_from AND DATE<=active_to AND NOT_IN_KNOWN_SUSPENSION_INTERVAL
CRAB,,unknown,LOW,2023-10-09,2026-10-07,2023-10-09,2026-10-07,OPEN_ENDED_CURRENT_SNAPSHOT,,unknown,,,,,,718,12,0,0,False,False,price_observation,LOW,NOT_SOLVED,ELIGIBLE_ONLY_IF_DATE>=active_from AND DATE<=active_to AND NOT_IN_KNOWN_SUSPENSION_INTERVAL
CRSN,,unknown,LOW,2023-10-09,2026-10-07,2023-10-09,2026-10-07,OPEN_ENDED_CURRENT_SNAPSHOT,,unknown,,,,,,716,12,0,0,False,False,price_observation,LOW,NOT_SOLVED,ELIGIBLE_ONLY_IF_DATE>=active_from AND DATE<=active_to AND NOT_IN_KNOWN_SUSPENSION_INTERVAL
CSAP,,unknown,LOW,2023-10-09,2026-10-07,2023-10-09,2026-10-07,OPEN_ENDED_CURRENT_SNAPSHOT,,unknown,,,,,,716,12,0,0,False,False,price_observation,LOW,NOT_SOLVED,ELIGIBLE_ONLY_IF_DATE>=active_from AND DATE<=active_to AND NOT_IN_KNOWN_SUSPENSION_INTERVAL
CSIS,,unknown,LOW,2023-10-09,2026-10-07,2023-10-09,2026-10-07,OPEN_ENDED_CURRENT_SNAPSHOT,,unknown,,,,,,716,12,0,0,False,False,price_observation,LOW,NOT_SOLVED,ELIGIBLE_ONLY_IF_DATE>=active_from AND DATE<=active_to AND NOT_IN_KNOWN_SUSPENSION_INTERVAL
CSMI,,unknown,LOW,2023-10-09,2026-10-06,2023-10-09,2026-10-07,OPEN_ENDED_CURRENT_SNAPSHOT,,unknown,,,,,,717,12,0,0,False,False,price_observation,LOW,NOT_SOLVED,ELIGIBLE_ONLY_IF_DATE>=active_from AND DATE<=active_to AND NOT_IN_KNOWN_SUSPENSION_INTERVAL
CSRA,,unknown,LOW,2023-10-09,2026-10-07,2023-10-09,2026-10-07,OPEN_ENDED_CURRENT_SNAPSHOT,,unknown,,,,,,716,12,0,0,False,False,price_observation,LOW,NOT_SOLVED,ELIGIBLE_ONLY_IF_DATE>=active_from AND DATE<=active_to AND NOT_IN_KNOWN_SUSPENSION_INTERVAL
CTBN,,unknown,LOW,2023-10-09,2026-10-07,2023-10-09,2026-10-07,OPEN_ENDED_CURRENT_SNAPSHOT,,unknown,,,,,,717,12,0,0,False,False,price_observation,LOW,NOT_SOLVED,ELIGIBLE_ONLY_IF_DATE>=active_from AND DATE<=active_to AND NOT_IN_KNOWN_SUSPENSION_INTERVAL
CTRA,,unknown,LOW,2010-01-04,2026-10-05,2010-01-04,2026-10-07,OPEN_ENDED_CURRENT_SNAPSHOT,,unknown,,,,,,4120,12,0,0,False,False,price_observation,LOW,NOT_SOLVED,ELIGIBLE_ONLY_IF_DATE>=active_from AND DATE<=active_to AND NOT_IN_KNOWN_SUSPENSION_INTERVAL
CTTH,,unknown,LOW,2023-10-09,2026-10-07,2023-10-09,2026-10-07,OPEN_ENDED_CURRENT_SNAPSHOT,,unknown,,,,,,717,12,0,0,False,False,price_observation,LOW,NOT_SOLVED,ELIGIBLE_ONLY_IF_DATE>=active_from AND DATE<=active_to AND NOT_IN_KNOWN_SUSPENSION_INTERVAL
CUAN,,unknown,LOW,2023-10-09,2026-10-07,2023-10-09,2026-10-07,OPEN_ENDED_CURRENT_SNAPSHOT,,unknown,,,,,,716,12,0,0,False,False,price_observation,LOW,NOT_SOLVED,ELIGIBLE_ONLY_IF_DATE>=active_from AND DATE<=active_to AND NOT_IN_KNOWN_SUSPENSION_INTERVAL
CYBR,,unknown,LOW,2023-10-09,2026-10-07,2023-10-09,2026-10-07,OPEN_ENDED_CURRENT_SNAPSHOT,,unknown,,,,,,717,12,0,0,False,False,price_observation,LOW,NOT_SOLVED,ELIGIBLE_ONLY_IF_DATE>=active_from AND DATE<=active_to AND NOT_IN_KNOWN_SUSPENSION_INTERVAL
DAAZ,,unknown,LOW,2024-11-11,2026-10-07,2024-11-11,2026-10-07,OPEN_ENDED_CURRENT_SNAPSHOT,,unknown,,,,,,454,12,0,0,False,False,price_observation,LOW,NOT_SOLVED,ELIGIBLE_ONLY_IF_DATE>=active_from AND DATE<=active_to AND NOT_IN_KNOWN_SUSPENSION_INTERVAL
DADA,,unknown,LOW,2023-10-09,2026-10-07,2023-10-09,2026-10-07,OPEN_ENDED_CURRENT_SNAPSHOT,,unknown,,,,,,716,12,0,0,False,False,price_observation,LOW,NOT_SOLVED,ELIGIBLE_ONLY_IF_DATE>=active_from AND DATE<=active_to AND NOT_IN_KNOWN_SUSPENSION_INTERVAL
DART,,unknown,LOW,2023-10-09,2026-10-07,2023-10-09,2026-10-07,OPEN_ENDED_CURRENT_SNAPSHOT,,unknown,,,,,,717,12,0,0,False,False,price_observation,LOW,NOT_SOLVED,ELIGIBLE_ONLY_IF_DATE>=active_from AND DATE<=active_to AND NOT_IN_KNOWN_SUSPENSION_INTERVAL
DATA,,unknown,LOW,2024-05-07,2026-10-07,2024-05-07,2026-10-07,OPEN_ENDED_CURRENT_SNAPSHOT,,unknown,,,,,,581,12,0,0,False,False,price_observation,LOW,NOT_SOLVED,ELIGIBLE_ONLY_IF_DATE>=active_from AND DATE<=active_to AND NOT_IN_KNOWN_SUSPENSION_INTERVAL
DAYA,,unknown,LOW,2023-10-09,2026-10-07,2023-10-09,2026-10-07,OPEN_ENDED_CURRENT_SNAPSHOT,,unknown,,,,,,716,12,0,0,False,False,price_observation,LOW,NOT_SOLVED,ELIGIBLE_ONLY_IF_DATE>=active_from AND DATE<=active_to AND NOT_IN_KNOWN_SUSPENSION_INTERVAL
DCII,,unknown,LOW,2023-10-09,2026-10-07,2023-10-09,2026-10-07,OPEN_ENDED_CURRENT_SNAPSHOT,,unknown,,,,,,716,12,0,0,False,False,price_observation,LOW,NOT_SOLVED,ELIGIBLE_ONLY_IF_DATE>=active_from AND DATE<=active_to AND NOT_IN_KNOWN_SUSPENSION_INTERVAL
DEAL,,unknown,LOW,2023-10-09,2026-10-06,2023-10-09,2026-10-07,OPEN_ENDED_CURRENT_SNAPSHOT,,unknown,,,,,,720,12,0,0,False,False,price_observation,LOW,NOT_SOLVED,ELIGIBLE_ONLY_IF_DATE>=active_from AND DATE<=active_to AND NOT_IN_KNOWN_SUSPENSION_INTERVAL
DEFI,,unknown,LOW,2023-10-09,2026-10-07,2023-10-09,2026-10-07,OPEN_ENDED_CURRENT_SNAPSHOT,,unknown,,,,,,717,12,0,0,False,False,price_observation,LOW,NOT_SOLVED,ELIGIBLE_ONLY_IF_DATE>=active_from AND DATE<=active_to AND NOT_IN_KNOWN_SUSPENSION_INTERVAL
DEPO,,unknown,LOW,2023-10-09,2026-10-07,2023-10-09,2026-10-07,OPEN_ENDED_CURRENT_SNAPSHOT,,unknown,,,,,,716,12,0,0,False,False,price_observation,LOW,NOT_SOLVED,ELIGIBLE_ONLY_IF_DATE>=active_from AND DATE<=active_to AND NOT_IN_KNOWN_SUSPENSION_INTERVAL
DEWA,,unknown,LOW,2023-10-09,2026-10-07,2023-10-09,2026-10-07,OPEN_ENDED_CURRENT_SNAPSHOT,,unknown,,,,,,716,12,0,0,False,False,price_observation,LOW,NOT_SOLVED,ELIGIBLE_ONLY_IF_DATE>=active_from AND DATE<=active_to AND NOT_IN_KNOWN_SUSPENSION_INTERVAL
DEWI,,unknown,LOW,2023-10-09,2026-10-07,2023-10-09,2026-10-07,OPEN_ENDED_CURRENT_SNAPSHOT,,unknown,,,,,,716,12,0,0,False,False,price_observation,LOW,NOT_SOLVED,ELIGIBLE_ONLY_IF_DATE>=active_from AND DATE<=active_to AND NOT_IN_KNOWN_SUSPENSION_INTERVAL
DFAM,,unknown,LOW,2023-10-09,2026-10-07,2023-10-09,2026-10-07,OPEN_ENDED_CURRENT_SNAPSHOT,,unknown,,,,,,716,12,0,0,False,False,price_observation,LOW,NOT_SOLVED,ELIGIBLE_ONLY_IF_DATE>=active_from AND DATE<=active_to AND NOT_IN_KNOWN_SUSPENSION_INTERVAL
DGIK,,unknown,LOW,2023-10-09,2026-10-07,2023-10-09,2026-10-07,OPEN_ENDED_CURRENT_SNAPSHOT,,unknown,,,,,,717,12,0,0,False,False,price_observation,LOW,NOT_SOLVED,ELIGIBLE_ONLY_IF_DATE>=active_from AND DATE<=active_to AND NOT_IN_KNOWN_SUSPENSION_INTERVAL
DGNS,,unknown,LOW,2023-10-09,2026-10-07,2023-10-09,2026-10-07,OPEN_ENDED_CURRENT_SNAPSHOT,,unknown,,,,,,716,12,0,0,False,False,price_observation,LOW,NOT_SOLVED,ELIGIBLE_ONLY_IF_DATE>=active_from AND DATE<=active_to AND NOT_IN_KNOWN_SUSPENSION_INTERVAL
DGWG,,unknown,LOW,2025-01-13,2026-10-07,2025-01-13,2026-10-07,OPEN_ENDED_CURRENT_SNAPSHOT,,unknown,,,,,,414,12,0,0,False,False,price_observation,LOW,NOT_SOLVED,ELIGIBLE_ONLY_IF_DATE>=active_from AND DATE<=active_to AND NOT_IN_KNOWN_SUSPENSION_INTERVAL
DIGI,,unknown,LOW,2023-10-09,2026-10-06,2023-10-09,2026-10-07,OPEN_ENDED_CURRENT_SNAPSHOT,,unknown,,,,,,717,12,0,0,False,False,price_observation,LOW,NOT_SOLVED,ELIGIBLE_ONLY_IF_DATE>=active_from AND DATE<=active_to AND NOT_IN_KNOWN_SUSPENSION_INTERVAL
DILD,,unknown,LOW,2023-10-09,2026-10-07,2023-10-09,2026-10-07,OPEN_ENDED_CURRENT_SNAPSHOT,,unknown,,,,,,717,12,0,0,False,False,price_observation,LOW,NOT_SOLVED,ELIGIBLE_ONLY_IF_DATE>=active_from AND DATE<=active_to AND NOT_IN_KNOWN_SUSPENSION_INTERVAL
DIVA,,unknown,LOW,2023-10-09,2026-10-07,2023-10-09,2026-10-07,OPEN_ENDED_CURRENT_SNAPSHOT,,unknown,,,,,,716,12,0,0,False,False,price_observation,LOW,NOT_SOLVED,ELIGIBLE_ONLY_IF_DATE>=active_from AND DATE<=active_to AND NOT_IN_KNOWN_SUSPENSION_INTERVAL
DKFT,,unknown,LOW,2023-10-09,2026-10-07,2023-10-09,2026-10-07,OPEN_ENDED_CURRENT_SNAPSHOT,,unknown,,,,,,716,12,0,0,False,False,price_observation,LOW,NOT_SOLVED,ELIGIBLE_ONLY_IF_DATE>=active_from AND DATE<=active_to AND NOT_IN_KNOWN_SUSPENSION_INTERVAL
DKHH,,unknown,LOW,2025-05-08,2026-10-07,2025-05-08,2026-10-07,OPEN_ENDED_CURRENT_SNAPSHOT,,unknown,,,,,,343,8,0,0,False,False,price_observation,LOW,NOT_SOLVED,ELIGIBLE_ONLY_IF_DATE>=active_from AND DATE<=active_to AND NOT_IN_KNOWN_SUSPENSION_INTERVAL
DLTA,,unknown,LOW,2010-01-04,2026-10-05,2010-01-04,2026-10-07,OPEN_ENDED_CURRENT_SNAPSHOT,,unknown,,,,,,4120,12,0,0,False,False,price_observation,LOW,NOT_SOLVED,ELIGIBLE_ONLY_IF_DATE>=active_from AND DATE<=active_to AND NOT_IN_KNOWN_SUSPENSION_INTERVAL
DMAS,,unknown,LOW,2023-10-09,2026-10-07,2023-10-09,2026-10-07,OPEN_ENDED_CURRENT_SNAPSHOT,,unknown,,,,,,716,12,0,0,False,False,price_observation,LOW,NOT_SOLVED,ELIGIBLE_ONLY_IF_DATE>=active_from AND DATE<=active_to AND NOT_IN_KNOWN_SUSPENSION_INTERVAL
DMMX,,unknown,LOW,2023-10-09,2026-10-07,2023-10-09,2026-10-07,OPEN_ENDED_CURRENT_SNAPSHOT,,unknown,,,,,,716,12,0,0,False,False,price_observation,LOW,NOT_SOLVED,ELIGIBLE_ONLY_IF_DATE>=active_from AND DATE<=active_to AND NOT_IN_KNOWN_SUSPENSION_INTERVAL
DMND,,unknown,LOW,2023-10-09,2026-10-07,2023-10-09,2026-10-07,OPEN_ENDED_CURRENT_SNAPSHOT,,unknown,,,,,,716,12,0,0,False,False,price_observation,LOW,NOT_SOLVED,ELIGIBLE_ONLY_IF_DATE>=active_from AND DATE<=active_to AND NOT_IN_KNOWN_SUSPENSION_INTERVAL
DNAR,,unknown,LOW,2023-10-09,2026-10-07,2023-10-09,2026-10-07,OPEN_ENDED_CURRENT_SNAPSHOT,,unknown,,,,,,716,12,0,0,False,False,price_observation,LOW,NOT_SOLVED,ELIGIBLE_ONLY_IF_DATE>=active_from AND DATE<=active_to AND NOT_IN_KNOWN_SUSPENSION_INTERVAL
DNET,,unknown,LOW,2023-10-09,2026-10-07,2023-10-09,2026-10-07,OPEN_ENDED_CURRENT_SNAPSHOT,,unknown,,,,,,717,12,0,0,False,False,price_observation,LOW,NOT_SOLVED,ELIGIBLE_ONLY_IF_DATE>=active_from AND DATE<=active_to AND NOT_IN_KNOWN_SUSPENSION_INTERVAL
DOID,,unknown,LOW,2023-10-09,2026-10-07,2023-10-09,2026-10-07,OPEN_ENDED_CURRENT_SNAPSHOT,,unknown,,,,,,716,12,0,0,False,False,price_observation,LOW,NOT_SOLVED,ELIGIBLE_ONLY_IF_DATE>=active_from AND DATE<=active_to AND NOT_IN_KNOWN_SUSPENSION_INTERVAL
DOOH,,unknown,LOW,2023-10-09,2026-10-07,2023-10-09,2026-10-07,OPEN_ENDED_CURRENT_SNAPSHOT,,unknown,,,,,,718,12,0,0,False,False,price_observation,LOW,NOT_SOLVED,ELIGIBLE_ONLY_IF_DATE>=active_from AND DATE<=active_to AND NOT_IN_KNOWN_SUSPENSION_INTERVAL
DOSS,,unknown,LOW,2024-08-07,2026-10-07,2024-08-07,2026-10-07,OPEN_ENDED_CURRENT_SNAPSHOT,,unknown,,,,,,521,12,0,0,False,False,price_observation,LOW,NOT_SOLVED,ELIGIBLE_ONLY_IF_DATE>=active_from AND DATE<=active_to AND NOT_IN_KNOWN_SUSPENSION_INTERVAL
DPNS,,unknown,LOW,2023-10-09,2026-10-06,2023-10-09,2026-10-07,OPEN_ENDED_CURRENT_SNAPSHOT,,unknown,,,,,,720,12,0,0,False,False,price_observation,LOW,NOT_SOLVED,ELIGIBLE_ONLY_IF_DATE>=active_from AND DATE<=active_to AND NOT_IN_KNOWN_SUSPENSION_INTERVAL
DPUM,,unknown,LOW,2023-10-09,2026-10-07,2023-10-09,2026-10-07,OPEN_ENDED_CURRENT_SNAPSHOT,,unknown,,,,,,716,12,0,0,False,False,price_observation,LOW,NOT_SOLVED,ELIGIBLE_ONLY_IF_DATE>=active_from AND DATE<=active_to AND NOT_IN_KNOWN_SUSPENSION_INTERVAL
DRMA,,unknown,LOW,2023-10-09,2026-10-07,2023-10-09,2026-10-07,OPEN_ENDED_CURRENT_SNAPSHOT,,unknown,,,,,,716,12,0,0,False,False,price_observation,LOW,NOT_SOLVED,ELIGIBLE_ONLY_IF_DATE>=active_from AND DATE<=active_to AND NOT_IN_KNOWN_SUSPENSION_INTERVAL
DSFI,,unknown,LOW,2023-10-09,2026-10-07,2023-10-09,2026-10-07,OPEN_ENDED_CURRENT_SNAPSHOT,,unknown,,,,,,717,12,0,0,False,False,price_observation,LOW,NOT_SOLVED,ELIGIBLE_ONLY_IF_DATE>=active_from AND DATE<=active_to AND NOT_IN_KNOWN_SUSPENSION_INTERVAL
DSNG,,unknown,LOW,2023-10-09,2026-10-07,2023-10-09,2026-10-07,OPEN_ENDED_CURRENT_SNAPSHOT,,unknown,,,,,,716,12,0,0,False,False,price_observation,LOW,NOT_SOLVED,ELIGIBLE_ONLY_IF_DATE>=active_from AND DATE<=active_to AND NOT_IN_KNOWN_SUSPENSION_INTERVAL
DSSA,,unknown,LOW,2023-10-09,2026-10-07,2023-10-09,2026-10-07,OPEN_ENDED_CURRENT_SNAPSHOT,,unknown,,,,,,716,12,0,0,False,False,price_observation,LOW,NOT_SOLVED,ELIGIBLE_ONLY_IF_DATE>=active_from AND DATE<=active_to AND NOT_IN_KNOWN_SUSPENSION_INTERVAL
DUTI,,unknown,LOW,2023-10-09,2026-10-06,2023-10-09,2026-10-07,OPEN_ENDED_CURRENT_SNAPSHOT,,unknown,,,,,,716,12,0,0,False,False,price_observation,LOW,NOT_SOLVED,ELIGIBLE_ONLY_IF_DATE>=active_from AND DATE<=active_to AND NOT_IN_KNOWN_SUSPENSION_INTERVAL
DVLA,,unknown,LOW,2010-01-04,2026-10-05,2010-01-04,2026-10-07,OPEN_ENDED_CURRENT_SNAPSHOT,,unknown,,,,,,4120,12,0,0,False,False,price_observation,LOW,NOT_SOLVED,ELIGIBLE_ONLY_IF_DATE>=active_from AND DATE<=active_to AND NOT_IN_KNOWN_SUSPENSION_INTERVAL
DWGL,,unknown,LOW,2023-10-09,2026-10-07,2023-10-09,2026-10-07,OPEN_ENDED_CURRENT_SNAPSHOT,,unknown,,,,,,716,12,0,0,False,False,price_observation,LOW,NOT_SOLVED,ELIGIBLE_ONLY_IF_DATE>=active_from AND DATE<=active_to AND NOT_IN_KNOWN_SUSPENSION_INTERVAL
DYAN,,unknown,LOW,2023-10-09,2026-10-07,2023-10-09,2026-10-07,OPEN_ENDED_CURRENT_SNAPSHOT,,unknown,,,,,,716,12,0,0,False,False,price_observation,LOW,NOT_SOLVED,ELIGIBLE_ONLY_IF_DATE>=active_from AND DATE<=active_to AND NOT_IN_KNOWN_SUSPENSION_INTERVAL
EAST,,unknown,LOW,2023-10-09,2026-10-07,2023-10-09,2026-10-07,OPEN_ENDED_CURRENT_SNAPSHOT,,unknown,,,,,,716,12,0,0,False,False,price_observation,LOW,NOT_SOLVED,ELIGIBLE_ONLY_IF_DATE>=active_from AND DATE<=active_to AND NOT_IN_KNOWN_SUSPENSION_INTERVAL
ECII,,unknown,LOW,2023-10-09,2026-10-07,2023-10-09,2026-10-07,OPEN_ENDED_CURRENT_SNAPSHOT,,unknown,,,,,,716,12,0,0,False,False,price_observation,LOW,NOT_SOLVED,ELIGIBLE_ONLY_IF_DATE>=active_from AND DATE<=active_to AND NOT_IN_KNOWN_SUSPENSION_INTERVAL
EDGE,,unknown,LOW,2023-10-09,2026-10-06,2023-10-09,2026-10-07,OPEN_ENDED_CURRENT_SNAPSHOT,,unknown,,,,,,720,12,0,0,False,False,price_observation,LOW,NOT_SOLVED,ELIGIBLE_ONLY_IF_DATE>=active_from AND DATE<=active_to AND NOT_IN_KNOWN_SUSPENSION_INTERVAL
EKAD,,unknown,LOW,2023-10-09,2026-10-07,2023-10-09,2026-10-07,OPEN_ENDED_CURRENT_SNAPSHOT,,unknown,,,,,,716,12,0,0,False,False,price_observation,LOW,NOT_SOLVED,ELIGIBLE_ONLY_IF_DATE>=active_from AND DATE<=active_to AND NOT_IN_KNOWN_SUSPENSION_INTERVAL
ELIT,,unknown,LOW,2023-10-09,2026-10-07,2023-10-09,2026-10-07,OPEN_ENDED_CURRENT_SNAPSHOT,,unknown,,,,,,716,12,0,0,False,False,price_observation,LOW,NOT_SOLVED,ELIGIBLE_ONLY_IF_DATE>=active_from AND DATE<=active_to AND NOT_IN_KNOWN_SUSPENSION_INTERVAL
ELPI,,unknown,LOW,2023-10-09,2026-10-07,2023-10-09,2026-10-07,OPEN_ENDED_CURRENT_SNAPSHOT,,unknown,,,,,,717,12,0,0,False,False,price_observation,LOW,NOT_SOLVED,ELIGIBLE_ONLY_IF_DATE>=active_from AND DATE<=active_to AND NOT_IN_KNOWN_SUSPENSION_INTERVAL
ELSA,,unknown,LOW,2010-01-04,2026-10-05,2010-01-04,2026-10-07,OPEN_ENDED_CURRENT_SNAPSHOT,,unknown,,,,,,4120,12,0,0,False,False,price_observation,LOW,NOT_SOLVED,ELIGIBLE_ONLY_IF_DATE>=active_from AND DATE<=active_to AND NOT_IN_KNOWN_SUSPENSION_INTERVAL
ELTY,,unknown,LOW,2023-10-09,2026-10-07,2023-10-09,2026-10-07,OPEN_ENDED_CURRENT_SNAPSHOT,,unknown,,,,,,717,12,0,0,False,False,price_observation,LOW,NOT_SOLVED,ELIGIBLE_ONLY_IF_DATE>=active_from AND DATE<=active_to AND NOT_IN_KNOWN_SUSPENSION_INTERVAL
EMAS,,unknown,LOW,2025-09-23,2026-10-07,2025-09-23,2026-10-07,OPEN_ENDED_CURRENT_SNAPSHOT,,unknown,,,,,,254,8,0,0,False,False,price_observation,LOW,NOT_SOLVED,ELIGIBLE_ONLY_IF_DATE>=active_from AND DATE<=active_to AND NOT_IN_KNOWN_SUSPENSION_INTERVAL
EMDE,,unknown,LOW,2023-10-09,2026-10-07,2023-10-09,2026-10-07,OPEN_ENDED_CURRENT_SNAPSHOT,,unknown,,,,,,716,12,0,0,False,False,price_observation,LOW,NOT_SOLVED,ELIGIBLE_ONLY_IF_DATE>=active_from AND DATE<=active_to AND NOT_IN_KNOWN_SUSPENSION_INTERVAL
EMTK,,unknown,LOW,2010-01-12,2026-10-05,2010-01-12,2026-10-07,OPEN_ENDED_CURRENT_SNAPSHOT,,unknown,,,,,,4114,12,0,0,False,False,price_observation,LOW,NOT_SOLVED,ELIGIBLE_ONLY_IF_DATE>=active_from AND DATE<=active_to AND NOT_IN_KNOWN_SUSPENSION_INTERVAL
ENAK,,unknown,LOW,2023-10-09,2026-10-07,2023-10-09,2026-10-07,OPEN_ENDED_CURRENT_SNAPSHOT,,unknown,,,,,,716,12,0,0,False,False,price_observation,LOW,NOT_SOLVED,ELIGIBLE_ONLY_IF_DATE>=active_from AND DATE<=active_to AND NOT_IN_KNOWN_SUSPENSION_INTERVAL
ENRG,,unknown,LOW,2023-10-09,2026-10-07,2023-10-09,2026-10-07,OPEN_ENDED_CURRENT_SNAPSHOT,,unknown,,,,,,718,12,0,0,False,False,price_observation,LOW,NOT_SOLVED,ELIGIBLE_ONLY_IF_DATE>=active_from AND DATE<=active_to AND NOT_IN_KNOWN_SUSPENSION_INTERVAL
ENZO,,unknown,LOW,2023-10-09,2026-10-07,2023-10-09,2026-10-07,OPEN_ENDED_CURRENT_SNAPSHOT,,unknown,,,,,,716,12,0,0,False,False,price_observation,LOW,NOT_SOLVED,ELIGIBLE_ONLY_IF_DATE>=active_from AND DATE<=active_to AND NOT_IN_KNOWN_SUSPENSION_INTERVAL
EPAC,,unknown,LOW,2023-10-09,2026-10-07,2023-10-09,2026-10-07,OPEN_ENDED_CURRENT_SNAPSHOT,,unknown,,,,,,716,12,0,0,False,False,price_observation,LOW,NOT_SOLVED,ELIGIBLE_ONLY_IF_DATE>=active_from AND DATE<=active_to AND NOT_IN_KNOWN_SUSPENSION_INTERVAL
EPMT,,unknown,LOW,2023-10-09,2026-10-07,2023-10-09,2026-10-07,OPEN_ENDED_CURRENT_SNAPSHOT,,unknown,,,,,,717,12,0,0,False,False,price_observation,LOW,NOT_SOLVED,ELIGIBLE_ONLY_IF_DATE>=active_from AND DATE<=active_to AND NOT_IN_KNOWN_SUSPENSION_INTERVAL
ERAA,,unknown,LOW,2023-10-09,2026-10-07,2023-10-09,2026-10-07,OPEN_ENDED_CURRENT_SNAPSHOT,,unknown,,,,,,716,12,0,0,False,False,price_observation,LOW,NOT_SOLVED,ELIGIBLE_ONLY_IF_DATE>=active_from AND DATE<=active_to AND NOT_IN_KNOWN_SUSPENSION_INTERVAL
ERAL,,unknown,LOW,2023-10-09,2026-10-07,2023-10-09,2026-10-07,OPEN_ENDED_CURRENT_SNAPSHOT,,unknown,,,,,,716,12,0,0,False,False,price_observation,LOW,NOT_SOLVED,ELIGIBLE_ONLY_IF_DATE>=active_from AND DATE<=active_to AND NOT_IN_KNOWN_SUSPENSION_INTERVAL
ERTX,,unknown,LOW,2023-10-09,2026-10-07,2023-10-09,2026-10-07,OPEN_ENDED_CURRENT_SNAPSHOT,,unknown,,,,,,717,12,0,0,False,False,price_observation,LOW,NOT_SOLVED,ELIGIBLE_ONLY_IF_DATE>=active_from AND DATE<=active_to AND NOT_IN_KNOWN_SUSPENSION_INTERVAL
ESIP,,unknown,LOW,2023-10-09,2026-10-07,2023-10-09,2026-10-07,OPEN_ENDED_CURRENT_SNAPSHOT,,unknown,,,,,,716,12,0,0,False,False,price_observation,LOW,NOT_SOLVED,ELIGIBLE_ONLY_IF_DATE>=active_from AND DATE<=active_to AND NOT_IN_KNOWN_SUSPENSION_INTERVAL
ESSA,,unknown,LOW,2023-10-09,2026-10-07,2023-10-09,2026-10-07,OPEN_ENDED_CURRENT_SNAPSHOT,,unknown,,,,,,716,12,0,0,False,False,price_observation,LOW,NOT_SOLVED,ELIGIBLE_ONLY_IF_DATE>=active_from AND DATE<=active_to AND NOT_IN_KNOWN_SUSPENSION_INTERVAL
ESTA,,unknown,LOW,2023-10-09,2026-10-07,2023-10-09,2026-10-07,OPEN_ENDED_CURRENT_SNAPSHOT,,unknown,,,,,,716,12,0,0,False,False,price_observation,LOW,NOT_SOLVED,ELIGIBLE_ONLY_IF_DATE>=active_from AND DATE<=active_to AND NOT_IN_KNOWN_SUSPENSION_INTERVAL
ESTI,,unknown,LOW,2023-10-09,2026-10-07,2023-10-09,2026-10-07,OPEN_ENDED_CURRENT_SNAPSHOT,,unknown,,,,,,717,12,0,0,False,False,price_observation,LOW,NOT_SOLVED,ELIGIBLE_ONLY_IF_DATE>=active_from AND DATE<=active_to AND NOT_IN_KNOWN_SUSPENSION_INTERVAL
ETWA,,unknown,LOW,2023-10-09,2026-10-06,2023-10-09,2026-10-07,OPEN_ENDED_CURRENT_SNAPSHOT,,unknown,,,,,,720,12,0,0,False,False,price_observation,LOW,NOT_SOLVED,ELIGIBLE_ONLY_IF_DATE>=active_from AND DATE<=active_to AND NOT_IN_KNOWN_SUSPENSION_INTERVAL
EURO,,unknown,LOW,2023-10-09,2026-10-07,2023-10-09,2026-10-07,OPEN_ENDED_CURRENT_SNAPSHOT,,unknown,,,,,,716,12,0,0,False,False,price_observation,LOW,NOT_SOLVED,ELIGIBLE_ONLY_IF_DATE>=active_from AND DATE<=active_to AND NOT_IN_KNOWN_SUSPENSION_INTERVAL
EXCL,,unknown,LOW,2010-01-04,2026-10-05,2010-01-04,2026-10-07,OPEN_ENDED_CURRENT_SNAPSHOT,,unknown,,,,,,4120,12,0,0,False,False,price_observation,LOW,NOT_SOLVED,ELIGIBLE_ONLY_IF_DATE>=active_from AND DATE<=active_to AND NOT_IN_KNOWN_SUSPENSION_INTERVAL
FAPA,,unknown,LOW,2023-10-09,2026-10-06,2023-10-09,2026-10-07,OPEN_ENDED_CURRENT_SNAPSHOT,,unknown,,,,,,715,12,0,0,False,False,price_observation,LOW,NOT_SOLVED,ELIGIBLE_ONLY_IF_DATE>=active_from AND DATE<=active_to AND NOT_IN_KNOWN_SUSPENSION_INTERVAL
FAST,,unknown,LOW,2023-10-09,2026-10-07,2023-10-09,2026-10-07,OPEN_ENDED_CURRENT_SNAPSHOT,,unknown,,,,,,717,12,0,0,False,False,price_observation,LOW,NOT_SOLVED,ELIGIBLE_ONLY_IF_DATE>=active_from AND DATE<=active_to AND NOT_IN_KNOWN_SUSPENSION_INTERVAL
FASW,,unknown,LOW,2023-10-09,2026-10-06,2023-10-09,2026-10-07,OPEN_ENDED_CURRENT_SNAPSHOT,,unknown,,,,,,720,12,0,0,False,False,price_observation,LOW,NOT_SOLVED,ELIGIBLE_ONLY_IF_DATE>=active_from AND DATE<=active_to AND NOT_IN_KNOWN_SUSPENSION_INTERVAL
FILM,,unknown,LOW,2023-10-09,2026-10-07,2023-10-09,2026-10-07,OPEN_ENDED_CURRENT_SNAPSHOT,,unknown,,,,,,716,12,0,0,False,False,price_observation,LOW,NOT_SOLVED,ELIGIBLE_ONLY_IF_DATE>=active_from AND DATE<=active_to AND NOT_IN_KNOWN_SUSPENSION_INTERVAL
FIMP,,unknown,LOW,2023-10-09,2026-10-06,2023-10-09,2026-10-07,OPEN_ENDED_CURRENT_SNAPSHOT,,unknown,,,,,,720,12,0,0,False,False,price_observation,LOW,NOT_SOLVED,ELIGIBLE_ONLY_IF_DATE>=active_from AND DATE<=active_to AND NOT_IN_KNOWN_SUSPENSION_INTERVAL
FIRE,,unknown,LOW,2023-10-09,2026-10-07,2023-10-09,2026-10-07,OPEN_ENDED_CURRENT_SNAPSHOT,,unknown,,,,,,716,12,0,0,False,False,price_observation,LOW,NOT_SOLVED,ELIGIBLE_ONLY_IF_DATE>=active_from AND DATE<=active_to AND NOT_IN_KNOWN_SUSPENSION_INTERVAL
FISH,,unknown,LOW,2023-10-09,2026-10-07,2023-10-09,2026-10-07,OPEN_ENDED_CURRENT_SNAPSHOT,,unknown,,,,,,716,12,0,0,False,False,price_observation,LOW,NOT_SOLVED,ELIGIBLE_ONLY_IF_DATE>=active_from AND DATE<=active_to AND NOT_IN_KNOWN_SUSPENSION_INTERVAL
FITT,,unknown,LOW,2023-10-09,2026-10-07,2023-10-09,2026-10-07,OPEN_ENDED_CURRENT_SNAPSHOT,,unknown,,,,,,716,12,0,0,False,False,price_observation,LOW,NOT_SOLVED,ELIGIBLE_ONLY_IF_DATE>=active_from AND DATE<=active_to AND NOT_IN_KNOWN_SUSPENSION_INTERVAL
FLMC,,unknown,LOW,2023-10-09,2026-10-07,2023-10-09,2026-10-07,OPEN_ENDED_CURRENT_SNAPSHOT,,unknown,,,,,,716,12,0,0,False,False,price_observation,LOW,NOT_SOLVED,ELIGIBLE_ONLY_IF_DATE>=active_from AND DATE<=active_to AND NOT_IN_KNOWN_SUSPENSION_INTERVAL
FMII,,unknown,LOW,2023-10-09,2026-10-07,2023-10-09,2026-10-07,OPEN_ENDED_CURRENT_SNAPSHOT,,unknown,,,,,,717,12,0,0,False,False,price_observation,LOW,NOT_SOLVED,ELIGIBLE_ONLY_IF_DATE>=active_from AND DATE<=active_to AND NOT_IN_KNOWN_SUSPENSION_INTERVAL
FOLK,,unknown,LOW,2023-10-09,2026-10-07,2023-10-09,2026-10-07,OPEN_ENDED_CURRENT_SNAPSHOT,,unknown,,,,,,716,12,0,0,False,False,price_observation,LOW,NOT_SOLVED,ELIGIBLE_ONLY_IF_DATE>=active_from AND DATE<=active_to AND NOT_IN_KNOWN_SUSPENSION_INTERVAL
FOOD,,unknown,LOW,2023-10-09,2026-10-06,2023-10-09,2026-10-07,OPEN_ENDED_CURRENT_SNAPSHOT,,unknown,,,,,,717,12,0,0,False,False,price_observation,LOW,NOT_SOLVED,ELIGIBLE_ONLY_IF_DATE>=active_from AND DATE<=active_to AND NOT_IN_KNOWN_SUSPENSION_INTERVAL
FORE,,unknown,LOW,2025-04-14,2026-10-07,2025-04-14,2026-10-07,OPEN_ENDED_CURRENT_SNAPSHOT,,unknown,,,,,,359,8,0,0,False,False,price_observation,LOW,NOT_SOLVED,ELIGIBLE_ONLY_IF_DATE>=active_from AND DATE<=active_to AND NOT_IN_KNOWN_SUSPENSION_INTERVAL
FORU,,unknown,LOW,2023-10-09,2026-10-07,2023-10-09,2026-10-07,OPEN_ENDED_CURRENT_SNAPSHOT,,unknown,,,,,,718,12,0,0,False,False,price_observation,LOW,NOT_SOLVED,ELIGIBLE_ONLY_IF_DATE>=active_from AND DATE<=active_to AND NOT_IN_KNOWN_SUSPENSION_INTERVAL
FPNI,,unknown,LOW,2023-10-09,2026-10-07,2023-10-09,2026-10-07,OPEN_ENDED_CURRENT_SNAPSHOT,,unknown,,,,,,717,12,0,0,False,False,price_observation,LOW,NOT_SOLVED,ELIGIBLE_ONLY_IF_DATE>=active_from AND DATE<=active_to AND NOT_IN_KNOWN_SUSPENSION_INTERVAL
FUJI,,unknown,LOW,2023-10-09,2026-10-07,2023-10-09,2026-10-07,OPEN_ENDED_CURRENT_SNAPSHOT,,unknown,,,,,,716,12,0,0,False,False,price_observation,LOW,NOT_SOLVED,ELIGIBLE_ONLY_IF_DATE>=active_from AND DATE<=active_to AND NOT_IN_KNOWN_SUSPENSION_INTERVAL
FUTR,,unknown,LOW,2023-10-09,2026-10-07,2023-10-09,2026-10-07,OPEN_ENDED_CURRENT_SNAPSHOT,,unknown,,,,,,716,12,0,0,False,False,price_observation,LOW,NOT_SOLVED,ELIGIBLE_ONLY_IF_DATE>=active_from AND DATE<=active_to AND NOT_IN_KNOWN_SUSPENSION_INTERVAL
FWCT,,unknown,LOW,2023-10-09,2026-10-07,2023-10-09,2026-10-07,OPEN_ENDED_CURRENT_SNAPSHOT,,unknown,,,,,,716,12,0,0,False,False,price_observation,LOW,NOT_SOLVED,ELIGIBLE_ONLY_IF_DATE>=active_from AND DATE<=active_to AND NOT_IN_KNOWN_SUSPENSION_INTERVAL
GDST,,unknown,LOW,2023-10-09,2026-10-07,2023-10-09,2026-10-07,OPEN_ENDED_CURRENT_SNAPSHOT,,unknown,,,,,,716,12,0,0,False,False,price_observation,LOW,NOT_SOLVED,ELIGIBLE_ONLY_IF_DATE>=active_from AND DATE<=active_to AND NOT_IN_KNOWN_SUSPENSION_INTERVAL
GDYR,,unknown,LOW,2023-10-09,2026-10-07,2023-10-09,2026-10-07,OPEN_ENDED_CURRENT_SNAPSHOT,,unknown,,,,,,717,12,0,0,False,False,price_observation,LOW,NOT_SOLVED,ELIGIBLE_ONLY_IF_DATE>=active_from AND DATE<=active_to AND NOT_IN_KNOWN_SUSPENSION_INTERVAL
GEMA,,unknown,LOW,2023-10-09,2026-10-07,2023-10-09,2026-10-07,OPEN_ENDED_CURRENT_SNAPSHOT,,unknown,,,,,,717,12,0,0,False,False,price_observation,LOW,NOT_SOLVED,ELIGIBLE_ONLY_IF_DATE>=active_from AND DATE<=active_to AND NOT_IN_KNOWN_SUSPENSION_INTERVAL
GEMS,,unknown,LOW,2023-10-09,2026-10-07,2023-10-09,2026-10-07,OPEN_ENDED_CURRENT_SNAPSHOT,,unknown,,,,,,716,12,0,0,False,False,price_observation,LOW,NOT_SOLVED,ELIGIBLE_ONLY_IF_DATE>=active_from AND DATE<=active_to AND NOT_IN_KNOWN_SUSPENSION_INTERVAL
GGRM,,unknown,LOW,2010-01-04,2026-10-05,2010-01-04,2026-10-07,OPEN_ENDED_CURRENT_SNAPSHOT,,unknown,,,,,,4120,12,0,0,False,False,price_observation,LOW,NOT_SOLVED,ELIGIBLE_ONLY_IF_DATE>=active_from AND DATE<=active_to AND NOT_IN_KNOWN_SUSPENSION_INTERVAL
GGRP,,unknown,LOW,2023-10-09,2026-10-07,2023-10-09,2026-10-07,OPEN_ENDED_CURRENT_SNAPSHOT,,unknown,,,,,,716,12,0,0,False,False,price_observation,LOW,NOT_SOLVED,ELIGIBLE_ONLY_IF_DATE>=active_from AND DATE<=active_to AND NOT_IN_KNOWN_SUSPENSION_INTERVAL
GHON,,unknown,LOW,2023-10-09,2026-10-07,2023-10-09,2026-10-07,OPEN_ENDED_CURRENT_SNAPSHOT,,unknown,,,,,,716,12,0,0,False,False,price_observation,LOW,NOT_SOLVED,ELIGIBLE_ONLY_IF_DATE>=active_from AND DATE<=active_to AND NOT_IN_KNOWN_SUSPENSION_INTERVAL
GIAA,,unknown,LOW,2023-10-09,2026-10-07,2023-10-09,2026-10-07,OPEN_ENDED_CURRENT_SNAPSHOT,,unknown,,,,,,716,12,0,0,False,False,price_observation,LOW,NOT_SOLVED,ELIGIBLE_ONLY_IF_DATE>=active_from AND DATE<=active_to AND NOT_IN_KNOWN_SUSPENSION_INTERVAL
GJTL,,unknown,LOW,2010-01-04,2026-10-05,2010-01-04,2026-10-07,OPEN_ENDED_CURRENT_SNAPSHOT,,unknown,,,,,,4120,12,0,0,False,False,price_observation,LOW,NOT_SOLVED,ELIGIBLE_ONLY_IF_DATE>=active_from AND DATE<=active_to AND NOT_IN_KNOWN_SUSPENSION_INTERVAL
GLOB,,unknown,LOW,2023-10-09,2026-10-06,2023-10-09,2026-10-07,OPEN_ENDED_CURRENT_SNAPSHOT,,unknown,,,,,,720,12,0,0,False,False,price_observation,LOW,NOT_SOLVED,ELIGIBLE_ONLY_IF_DATE>=active_from AND DATE<=active_to AND NOT_IN_KNOWN_SUSPENSION_INTERVAL
GLVA,,unknown,LOW,2023-10-09,2026-10-07,2023-10-09,2026-10-07,OPEN_ENDED_CURRENT_SNAPSHOT,,unknown,,,,,,716,12,0,0,False,False,price_observation,LOW,NOT_SOLVED,ELIGIBLE_ONLY_IF_DATE>=active_from AND DATE<=active_to AND NOT_IN_KNOWN_SUSPENSION_INTERVAL
GMFI,,unknown,LOW,2023-10-09,2026-10-07,2023-10-09,2026-10-07,OPEN_ENDED_CURRENT_SNAPSHOT,,unknown,,,,,,716,12,0,0,False,False,price_observation,LOW,NOT_SOLVED,ELIGIBLE_ONLY_IF_DATE>=active_from AND DATE<=active_to AND NOT_IN_KNOWN_SUSPENSION_INTERVAL
GMTD,,unknown,LOW,2023-10-09,2026-10-07,2023-10-09,2026-10-07,OPEN_ENDED_CURRENT_SNAPSHOT,,unknown,,,,,,717,12,0,0,False,False,price_observation,LOW,NOT_SOLVED,ELIGIBLE_ONLY_IF_DATE>=active_from AND DATE<=active_to AND NOT_IN_KNOWN_SUSPENSION_INTERVAL
GOLD,,unknown,LOW,2023-10-09,2026-10-07,2023-10-09,2026-10-07,OPEN_ENDED_CURRENT_SNAPSHOT,,unknown,,,,,,716,12,0,0,False,False,price_observation,LOW,NOT_SOLVED,ELIGIBLE_ONLY_IF_DATE>=active_from AND DATE<=active_to AND NOT_IN_KNOWN_SUSPENSION_INTERVAL
GOLF,,unknown,LOW,2024-07-08,2026-10-07,2024-07-08,2026-10-07,OPEN_ENDED_CURRENT_SNAPSHOT,,unknown,,,,,,543,12,0,0,False,False,price_observation,LOW,NOT_SOLVED,ELIGIBLE_ONLY_IF_DATE>=active_from AND DATE<=active_to AND NOT_IN_KNOWN_SUSPENSION_INTERVAL
GOOD,,unknown,LOW,2023-10-09,2026-10-07,2023-10-09,2026-10-07,OPEN_ENDED_CURRENT_SNAPSHOT,,unknown,,,,,,716,12,0,0,False,False,price_observation,LOW,NOT_SOLVED,ELIGIBLE_ONLY_IF_DATE>=active_from AND DATE<=active_to AND NOT_IN_KNOWN_SUSPENSION_INTERVAL
GOTO,,unknown,LOW,2022-04-11,2026-10-05,2022-04-11,2026-10-07,OPEN_ENDED_CURRENT_SNAPSHOT,,unknown,,,,,,1074,12,0,0,False,False,price_observation,LOW,NOT_SOLVED,ELIGIBLE_ONLY_IF_DATE>=active_from AND DATE<=active_to AND NOT_IN_KNOWN_SUSPENSION_INTERVAL
GPRA,,unknown,LOW,2023-10-09,2026-10-07,2023-10-09,2026-10-07,OPEN_ENDED_CURRENT_SNAPSHOT,,unknown,,,,,,716,12,0,0,False,False,price_observation,LOW,NOT_SOLVED,ELIGIBLE_ONLY_IF_DATE>=active_from AND DATE<=active_to AND NOT_IN_KNOWN_SUSPENSION_INTERVAL
GPSO,,unknown,LOW,2023-10-09,2026-10-07,2023-10-09,2026-10-07,OPEN_ENDED_CURRENT_SNAPSHOT,,unknown,,,,,,716,12,0,0,False,False,price_observation,LOW,NOT_SOLVED,ELIGIBLE_ONLY_IF_DATE>=active_from AND DATE<=active_to AND NOT_IN_KNOWN_SUSPENSION_INTERVAL
GRIA,,unknown,LOW,2023-10-09,2026-10-07,2023-10-09,2026-10-07,OPEN_ENDED_CURRENT_SNAPSHOT,,unknown,,,,,,716,12,0,0,False,False,price_observation,LOW,NOT_SOLVED,ELIGIBLE_ONLY_IF_DATE>=active_from AND DATE<=active_to AND NOT_IN_KNOWN_SUSPENSION_INTERVAL
GRPH,,unknown,LOW,2024-01-18,2026-10-07,2024-01-18,2026-10-07,OPEN_ENDED_CURRENT_SNAPSHOT,,unknown,,,,,,646,12,0,0,False,False,price_observation,LOW,NOT_SOLVED,ELIGIBLE_ONLY_IF_DATE>=active_from AND DATE<=active_to AND NOT_IN_KNOWN_SUSPENSION_INTERVAL
GRPM,,unknown,LOW,2023-10-09,2026-10-07,2023-10-09,2026-10-07,OPEN_ENDED_CURRENT_SNAPSHOT,,unknown,,,,,,716,12,0,0,False,False,price_observation,LOW,NOT_SOLVED,ELIGIBLE_ONLY_IF_DATE>=active_from AND DATE<=active_to AND NOT_IN_KNOWN_SUSPENSION_INTERVAL
GSMF,,unknown,LOW,2023-10-09,2026-10-07,2023-10-09,2026-10-07,OPEN_ENDED_CURRENT_SNAPSHOT,,unknown,,,,,,717,12,0,0,False,False,price_observation,LOW,NOT_SOLVED,ELIGIBLE_ONLY_IF_DATE>=active_from AND DATE<=active_to AND NOT_IN_KNOWN_SUSPENSION_INTERVAL
GTBO,,unknown,LOW,2023-10-09,2026-10-07,2023-10-09,2026-10-07,OPEN_ENDED_CURRENT_SNAPSHOT,,unknown,,,,,,718,12,0,0,False,False,price_observation,LOW,NOT_SOLVED,ELIGIBLE_ONLY_IF_DATE>=active_from AND DATE<=active_to AND NOT_IN_KNOWN_SUSPENSION_INTERVAL
GTRA,,unknown,LOW,2023-10-09,2026-10-07,2023-10-09,2026-10-07,OPEN_ENDED_CURRENT_SNAPSHOT,,unknown,,,,,,716,12,0,0,False,False,price_observation,LOW,NOT_SOLVED,ELIGIBLE_ONLY_IF_DATE>=active_from AND DATE<=active_to AND NOT_IN_KNOWN_SUSPENSION_INTERVAL
GTSI,,unknown,LOW,2023-10-09,2026-10-07,2023-10-09,2026-10-07,OPEN_ENDED_CURRENT_SNAPSHOT,,unknown,,,,,,716,12,0,0,False,False,price_observation,LOW,NOT_SOLVED,ELIGIBLE_ONLY_IF_DATE>=active_from AND DATE<=active_to AND NOT_IN_KNOWN_SUSPENSION_INTERVAL
GULA,,unknown,LOW,2023-10-09,2026-10-07,2023-10-09,2026-10-07,OPEN_ENDED_CURRENT_SNAPSHOT,,unknown,,,,,,716,12,0,0,False,False,price_observation,LOW,NOT_SOLVED,ELIGIBLE_ONLY_IF_DATE>=active_from AND DATE<=active_to AND NOT_IN_KNOWN_SUSPENSION_INTERVAL
GUNA,,unknown,LOW,2024-07-09,2026-10-07,2024-07-09,2026-10-07,OPEN_ENDED_CURRENT_SNAPSHOT,,unknown,,,,,,542,12,0,0,False,False,price_observation,LOW,NOT_SOLVED,ELIGIBLE_ONLY_IF_DATE>=active_from AND DATE<=active_to AND NOT_IN_KNOWN_SUSPENSION_INTERVAL
GWSA,,unknown,LOW,2023-10-09,2026-10-07,2023-10-09,2026-10-07,OPEN_ENDED_CURRENT_SNAPSHOT,,unknown,,,,,,716,12,0,0,False,False,price_observation,LOW,NOT_SOLVED,ELIGIBLE_ONLY_IF_DATE>=active_from AND DATE<=active_to AND NOT_IN_KNOWN_SUSPENSION_INTERVAL
GZCO,,unknown,LOW,2023-10-09,2026-10-07,2023-10-09,2026-10-07,OPEN_ENDED_CURRENT_SNAPSHOT,,unknown,,,,,,716,12,0,0,False,False,price_observation,LOW,NOT_SOLVED,ELIGIBLE_ONLY_IF_DATE>=active_from AND DATE<=active_to AND NOT_IN_KNOWN_SUSPENSION_INTERVAL
HADE,,unknown,LOW,2023-10-09,2026-10-07,2023-10-09,2026-10-07,OPEN_ENDED_CURRENT_SNAPSHOT,,unknown,,,,,,716,12,0,0,False,False,price_observation,LOW,NOT_SOLVED,ELIGIBLE_ONLY_IF_DATE>=active_from AND DATE<=active_to AND NOT_IN_KNOWN_SUSPENSION_INTERVAL
HAIS,,unknown,LOW,2023-10-09,2026-10-07,2023-10-09,2026-10-07,OPEN_ENDED_CURRENT_SNAPSHOT,,unknown,,,,,,716,12,0,0,False,False,price_observation,LOW,NOT_SOLVED,ELIGIBLE_ONLY_IF_DATE>=active_from AND DATE<=active_to AND NOT_IN_KNOWN_SUSPENSION_INTERVAL
HAJJ,,unknown,LOW,2023-10-09,2026-10-07,2023-10-09,2026-10-07,OPEN_ENDED_CURRENT_SNAPSHOT,,unknown,,,,,,716,12,0,0,False,False,price_observation,LOW,NOT_SOLVED,ELIGIBLE_ONLY_IF_DATE>=active_from AND DATE<=active_to AND NOT_IN_KNOWN_SUSPENSION_INTERVAL
HALO,,unknown,LOW,2023-10-09,2026-10-07,2023-10-09,2026-10-07,OPEN_ENDED_CURRENT_SNAPSHOT,,unknown,,,,,,716,12,0,0,False,False,price_observation,LOW,NOT_SOLVED,ELIGIBLE_ONLY_IF_DATE>=active_from AND DATE<=active_to AND NOT_IN_KNOWN_SUSPENSION_INTERVAL
HATM,,unknown,LOW,2023-10-09,2026-10-07,2023-10-09,2026-10-07,OPEN_ENDED_CURRENT_SNAPSHOT,,unknown,,,,,,716,12,0,0,False,False,price_observation,LOW,NOT_SOLVED,ELIGIBLE_ONLY_IF_DATE>=active_from AND DATE<=active_to AND NOT_IN_KNOWN_SUSPENSION_INTERVAL
HBAT,,unknown,LOW,2023-10-09,2026-10-07,2023-10-09,2026-10-07,OPEN_ENDED_CURRENT_SNAPSHOT,,unknown,,,,,,716,12,0,0,False,False,price_observation,LOW,NOT_SOLVED,ELIGIBLE_ONLY_IF_DATE>=active_from AND DATE<=active_to AND NOT_IN_KNOWN_SUSPENSION_INTERVAL
HDFA,,unknown,LOW,2023-10-09,2026-10-07,2023-10-09,2026-10-07,OPEN_ENDED_CURRENT_SNAPSHOT,,unknown,,,,,,716,12,0,0,False,False,price_observation,LOW,NOT_SOLVED,ELIGIBLE_ONLY_IF_DATE>=active_from AND DATE<=active_to AND NOT_IN_KNOWN_SUSPENSION_INTERVAL
HDIT,,unknown,LOW,2023-10-09,2026-10-07,2023-10-09,2026-10-07,OPEN_ENDED_CURRENT_SNAPSHOT,,unknown,,,,,,716,12,0,0,False,False,price_observation,LOW,NOT_SOLVED,ELIGIBLE_ONLY_IF_DATE>=active_from AND DATE<=active_to AND NOT_IN_KNOWN_SUSPENSION_INTERVAL
HEAL,,unknown,LOW,2023-10-09,2026-10-07,2023-10-09,2026-10-07,OPEN_ENDED_CURRENT_SNAPSHOT,,unknown,,,,,,716,12,0,0,False,False,price_observation,LOW,NOT_SOLVED,ELIGIBLE_ONLY_IF_DATE>=active_from AND DATE<=active_to AND NOT_IN_KNOWN_SUSPENSION_INTERVAL
HELI,,unknown,LOW,2023-10-09,2026-10-07,2023-10-09,2026-10-07,OPEN_ENDED_CURRENT_SNAPSHOT,,unknown,,,,,,716,12,0,0,False,False,price_observation,LOW,NOT_SOLVED,ELIGIBLE_ONLY_IF_DATE>=active_from AND DATE<=active_to AND NOT_IN_KNOWN_SUSPENSION_INTERVAL
HERO,,unknown,LOW,2023-10-09,2026-10-07,2023-10-09,2026-10-07,OPEN_ENDED_CURRENT_SNAPSHOT,,unknown,,,,,,717,12,0,0,False,False,price_observation,LOW,NOT_SOLVED,ELIGIBLE_ONLY_IF_DATE>=active_from AND DATE<=active_to AND NOT_IN_KNOWN_SUSPENSION_INTERVAL
HEXA,,unknown,LOW,2023-10-09,2026-10-07,2023-10-09,2026-10-07,OPEN_ENDED_CURRENT_SNAPSHOT,,unknown,,,,,,717,12,0,0,False,False,price_observation,LOW,NOT_SOLVED,ELIGIBLE_ONLY_IF_DATE>=active_from AND DATE<=active_to AND NOT_IN_KNOWN_SUSPENSION_INTERVAL
HGII,,unknown,LOW,2025-01-09,2026-10-07,2025-01-09,2026-10-07,OPEN_ENDED_CURRENT_SNAPSHOT,,unknown,,,,,,416,12,0,0,False,False,price_observation,LOW,NOT_SOLVED,ELIGIBLE_ONLY_IF_DATE>=active_from AND DATE<=active_to AND NOT_IN_KNOWN_SUSPENSION_INTERVAL
HILL,,unknown,LOW,2023-10-09,2026-10-06,2023-10-09,2026-10-07,OPEN_ENDED_CURRENT_SNAPSHOT,,unknown,,,,,,717,12,0,0,False,False,price_observation,LOW,NOT_SOLVED,ELIGIBLE_ONLY_IF_DATE>=active_from AND DATE<=active_to AND NOT_IN_KNOWN_SUSPENSION_INTERVAL
HITS,,unknown,LOW,2023-10-09,2026-10-06,2023-10-09,2026-10-07,OPEN_ENDED_CURRENT_SNAPSHOT,,unknown,,,,,,720,12,0,0,False,False,price_observation,LOW,NOT_SOLVED,ELIGIBLE_ONLY_IF_DATE>=active_from AND DATE<=active_to AND NOT_IN_KNOWN_SUSPENSION_INTERVAL
HMSP,,unknown,LOW,2010-01-04,2026-10-05,2010-01-04,2026-10-07,OPEN_ENDED_CURRENT_SNAPSHOT,,unknown,,,,,,4121,12,0,0,False,False,price_observation,LOW,NOT_SOLVED,ELIGIBLE_ONLY_IF_DATE>=active_from AND DATE<=active_to AND NOT_IN_KNOWN_SUSPENSION_INTERVAL
HOKI,,unknown,LOW,2023-10-09,2026-10-07,2023-10-09,2026-10-07,OPEN_ENDED_CURRENT_SNAPSHOT,,unknown,,,,,,716,12,0,0,False,False,price_observation,LOW,NOT_SOLVED,ELIGIBLE_ONLY_IF_DATE>=active_from AND DATE<=active_to AND NOT_IN_KNOWN_SUSPENSION_INTERVAL
HOMI,,unknown,LOW,2023-10-09,2026-10-07,2023-10-09,2026-10-07,OPEN_ENDED_CURRENT_SNAPSHOT,,unknown,,,,,,716,12,0,0,False,False,price_observation,LOW,NOT_SOLVED,ELIGIBLE_ONLY_IF_DATE>=active_from AND DATE<=active_to AND NOT_IN_KNOWN_SUSPENSION_INTERVAL
HOPE,,unknown,LOW,2023-10-09,2026-10-07,2023-10-09,2026-10-07,OPEN_ENDED_CURRENT_SNAPSHOT,,unknown,,,,,,716,12,0,0,False,False,price_observation,LOW,NOT_SOLVED,ELIGIBLE_ONLY_IF_DATE>=active_from AND DATE<=active_to AND NOT_IN_KNOWN_SUSPENSION_INTERVAL
HRME,,unknown,LOW,2023-10-09,2026-10-07,2023-10-09,2026-10-07,OPEN_ENDED_CURRENT_SNAPSHOT,,unknown,,,,,,716,12,0,0,False,False,price_observation,LOW,NOT_SOLVED,ELIGIBLE_ONLY_IF_DATE>=active_from AND DATE<=active_to AND NOT_IN_KNOWN_SUSPENSION_INTERVAL
HRTA,,unknown,LOW,2023-10-09,2026-10-07,2023-10-09,2026-10-07,OPEN_ENDED_CURRENT_SNAPSHOT,,unknown,,,,,,716,12,0,0,False,False,price_observation,LOW,NOT_SOLVED,ELIGIBLE_ONLY_IF_DATE>=active_from AND DATE<=active_to AND NOT_IN_KNOWN_SUSPENSION_INTERVAL
HRUM,,unknown,LOW,2010-10-06,2026-10-05,2010-10-06,2026-10-07,OPEN_ENDED_CURRENT_SNAPSHOT,,unknown,,,,,,3934,12,0,0,False,False,price_observation,LOW,NOT_SOLVED,ELIGIBLE_ONLY_IF_DATE>=active_from AND DATE<=active_to AND NOT_IN_KNOWN_SUSPENSION_INTERVAL
HUMI,,unknown,LOW,2023-10-09,2026-10-07,2023-10-09,2026-10-07,OPEN_ENDED_CURRENT_SNAPSHOT,,unknown,,,,,,716,12,0,0,False,False,price_observation,LOW,NOT_SOLVED,ELIGIBLE_ONLY_IF_DATE>=active_from AND DATE<=active_to AND NOT_IN_KNOWN_SUSPENSION_INTERVAL
HYGN,,unknown,LOW,2024-02-13,2026-10-07,2024-02-13,2026-10-07,OPEN_ENDED_CURRENT_SNAPSHOT,,unknown,,,,,,630,12,0,0,False,False,price_observation,LOW,NOT_SOLVED,ELIGIBLE_ONLY_IF_DATE>=active_from AND DATE<=active_to AND NOT_IN_KNOWN_SUSPENSION_INTERVAL
IATA,,unknown,LOW,2023-10-09,2026-10-07,2023-10-09,2026-10-07,OPEN_ENDED_CURRENT_SNAPSHOT,,unknown,,,,,,716,12,0,0,False,False,price_observation,LOW,NOT_SOLVED,ELIGIBLE_ONLY_IF_DATE>=active_from AND DATE<=active_to AND NOT_IN_KNOWN_SUSPENSION_INTERVAL
IBFN,,unknown,LOW,2023-10-09,2026-10-06,2023-10-09,2026-10-07,OPEN_ENDED_CURRENT_SNAPSHOT,,unknown,,,,,,717,12,0,0,False,False,price_observation,LOW,NOT_SOLVED,ELIGIBLE_ONLY_IF_DATE>=active_from AND DATE<=active_to AND NOT_IN_KNOWN_SUSPENSION_INTERVAL
IBOS,,unknown,LOW,2023-10-09,2026-10-07,2023-10-09,2026-10-07,OPEN_ENDED_CURRENT_SNAPSHOT,,unknown,,,,,,716,12,0,0,False,False,price_observation,LOW,NOT_SOLVED,ELIGIBLE_ONLY_IF_DATE>=active_from AND DATE<=active_to AND NOT_IN_KNOWN_SUSPENSION_INTERVAL
IBST,,unknown,LOW,2023-10-09,2026-10-06,2023-10-09,2026-10-07,OPEN_ENDED_CURRENT_SNAPSHOT,,unknown,,,,,,720,12,0,0,False,False,price_observation,LOW,NOT_SOLVED,ELIGIBLE_ONLY_IF_DATE>=active_from AND DATE<=active_to AND NOT_IN_KNOWN_SUSPENSION_INTERVAL
ICBP,,unknown,LOW,2010-01-04,2026-10-05,2010-01-04,2026-10-07,OPEN_ENDED_CURRENT_SNAPSHOT,,unknown,,,,,,4119,12,0,0,False,False,price_observation,LOW,NOT_SOLVED,ELIGIBLE_ONLY_IF_DATE>=active_from AND DATE<=active_to AND NOT_IN_KNOWN_SUSPENSION_INTERVAL
ICON,,unknown,LOW,2023-10-09,2026-10-07,2023-10-09,2026-10-07,OPEN_ENDED_CURRENT_SNAPSHOT,,unknown,,,,,,716,12,0,0,False,False,price_observation,LOW,NOT_SOLVED,ELIGIBLE_ONLY_IF_DATE>=active_from AND DATE<=active_to AND NOT_IN_KNOWN_SUSPENSION_INTERVAL
IDEA,,unknown,LOW,2023-10-09,2026-10-07,2023-10-09,2026-10-07,OPEN_ENDED_CURRENT_SNAPSHOT,,unknown,,,,,,716,12,0,0,False,False,price_observation,LOW,NOT_SOLVED,ELIGIBLE_ONLY_IF_DATE>=active_from AND DATE<=active_to AND NOT_IN_KNOWN_SUSPENSION_INTERVAL
IDPR,,unknown,LOW,2023-10-09,2026-10-07,2023-10-09,2026-10-07,OPEN_ENDED_CURRENT_SNAPSHOT,,unknown,,,,,,716,12,0,0,False,False,price_observation,LOW,NOT_SOLVED,ELIGIBLE_ONLY_IF_DATE>=active_from AND DATE<=active_to AND NOT_IN_KNOWN_SUSPENSION_INTERVAL
IFII,,unknown,LOW,2023-10-09,2026-10-07,2023-10-09,2026-10-07,OPEN_ENDED_CURRENT_SNAPSHOT,,unknown,,,,,,716,12,0,0,False,False,price_observation,LOW,NOT_SOLVED,ELIGIBLE_ONLY_IF_DATE>=active_from AND DATE<=active_to AND NOT_IN_KNOWN_SUSPENSION_INTERVAL
IFSH,,unknown,LOW,2023-10-09,2026-10-07,2023-10-09,2026-10-07,OPEN_ENDED_CURRENT_SNAPSHOT,,unknown,,,,,,716,12,0,0,False,False,price_observation,LOW,NOT_SOLVED,ELIGIBLE_ONLY_IF_DATE>=active_from AND DATE<=active_to AND NOT_IN_KNOWN_SUSPENSION_INTERVAL
IGAR,,unknown,LOW,2023-10-09,2026-10-07,2023-10-09,2026-10-07,OPEN_ENDED_CURRENT_SNAPSHOT,,unknown,,,,,,717,12,0,0,False,False,price_observation,LOW,NOT_SOLVED,ELIGIBLE_ONLY_IF_DATE>=active_from AND DATE<=active_to AND NOT_IN_KNOWN_SUSPENSION_INTERVAL
IKAI,,unknown,LOW,2023-10-09,2026-10-07,2023-10-09,2026-10-07,OPEN_ENDED_CURRENT_SNAPSHOT,,unknown,,,,,,717,12,0,0,False,False,price_observation,LOW,NOT_SOLVED,ELIGIBLE_ONLY_IF_DATE>=active_from AND DATE<=active_to AND NOT_IN_KNOWN_SUSPENSION_INTERVAL
IKAN,,unknown,LOW,2023-10-09,2026-10-07,2023-10-09,2026-10-07,OPEN_ENDED_CURRENT_SNAPSHOT,,unknown,,,,,,716,12,0,0,False,False,price_observation,LOW,NOT_SOLVED,ELIGIBLE_ONLY_IF_DATE>=active_from AND DATE<=active_to AND NOT_IN_KNOWN_SUSPENSION_INTERVAL
IKBI,,unknown,LOW,2023-10-09,2026-10-07,2023-10-09,2026-10-07,OPEN_ENDED_CURRENT_SNAPSHOT,,unknown,,,,,,717,12,0,0,False,False,price_observation,LOW,NOT_SOLVED,ELIGIBLE_ONLY_IF_DATE>=active_from AND DATE<=active_to AND NOT_IN_KNOWN_SUSPENSION_INTERVAL
IKPM,,unknown,LOW,2023-11-08,2026-10-07,2023-11-08,2026-10-07,OPEN_ENDED_CURRENT_SNAPSHOT,,unknown,,,,,,694,12,0,0,False,False,price_observation,LOW,NOT_SOLVED,ELIGIBLE_ONLY_IF_DATE>=active_from AND DATE<=active_to AND NOT_IN_KNOWN_SUSPENSION_INTERVAL
IMAS,,unknown,LOW,2023-10-09,2026-10-07,2023-10-09,2026-10-07,OPEN_ENDED_CURRENT_SNAPSHOT,,unknown,,,,,,717,12,0,0,False,False,price_observation,LOW,NOT_SOLVED,ELIGIBLE_ONLY_IF_DATE>=active_from AND DATE<=active_to AND NOT_IN_KNOWN_SUSPENSION_INTERVAL
IMJS,,unknown,LOW,2023-10-09,2026-10-07,2023-10-09,2026-10-07,OPEN_ENDED_CURRENT_SNAPSHOT,,unknown,,,,,,716,12,0,0,False,False,price_observation,LOW,NOT_SOLVED,ELIGIBLE_ONLY_IF_DATE>=active_from AND DATE<=active_to AND NOT_IN_KNOWN_SUSPENSION_INTERVAL
IMPC,,unknown,LOW,2023-10-09,2026-10-07,2023-10-09,2026-10-07,OPEN_ENDED_CURRENT_SNAPSHOT,,unknown,,,,,,716,12,0,0,False,False,price_observation,LOW,NOT_SOLVED,ELIGIBLE_ONLY_IF_DATE>=active_from AND DATE<=active_to AND NOT_IN_KNOWN_SUSPENSION_INTERVAL
INAF,,unknown,LOW,2023-10-09,2026-10-06,2023-10-09,2026-10-07,OPEN_ENDED_CURRENT_SNAPSHOT,,unknown,,,,,,720,12,0,0,False,False,price_observation,LOW,NOT_SOLVED,ELIGIBLE_ONLY_IF_DATE>=active_from AND DATE<=active_to AND NOT_IN_KNOWN_SUSPENSION_INTERVAL
INAI,,unknown,LOW,2023-10-09,2026-10-07,2023-10-09,2026-10-07,OPEN_ENDED_CURRENT_SNAPSHOT,,unknown,,,,,,717,12,0,0,False,False,price_observation,LOW,NOT_SOLVED,ELIGIBLE_ONLY_IF_DATE>=active_from AND DATE<=active_to AND NOT_IN_KNOWN_SUSPENSION_INTERVAL
INCF,,unknown,LOW,2023-10-09,2026-10-06,2023-10-09,2026-10-07,OPEN_ENDED_CURRENT_SNAPSHOT,,unknown,,,,,,717,12,0,0,False,False,price_observation,LOW,NOT_SOLVED,ELIGIBLE_ONLY_IF_DATE>=active_from AND DATE<=active_to AND NOT_IN_KNOWN_SUSPENSION_INTERVAL
INCI,,unknown,LOW,2023-10-09,2026-10-07,2023-10-09,2026-10-07,OPEN_ENDED_CURRENT_SNAPSHOT,,unknown,,,,,,717,12,0,0,False,False,price_observation,LOW,NOT_SOLVED,ELIGIBLE_ONLY_IF_DATE>=active_from AND DATE<=active_to AND NOT_IN_KNOWN_SUSPENSION_INTERVAL
INCO,,unknown,LOW,2023-10-09,2026-10-07,2023-10-09,2026-10-07,OPEN_ENDED_CURRENT_SNAPSHOT,,unknown,,,,,,717,12,0,0,False,False,price_observation,LOW,NOT_SOLVED,ELIGIBLE_ONLY_IF_DATE>=active_from AND DATE<=active_to AND NOT_IN_KNOWN_SUSPENSION_INTERVAL
INDF,,unknown,LOW,2010-01-04,2026-10-05,2010-01-04,2026-10-07,OPEN_ENDED_CURRENT_SNAPSHOT,,unknown,,,,,,4121,12,0,0,False,False,price_observation,LOW,NOT_SOLVED,ELIGIBLE_ONLY_IF_DATE>=active_from AND DATE<=active_to AND NOT_IN_KNOWN_SUSPENSION_INTERVAL
INDO,,unknown,LOW,2023-10-09,2026-10-07,2023-10-09,2026-10-07,OPEN_ENDED_CURRENT_SNAPSHOT,,unknown,,,,,,716,12,0,0,False,False,price_observation,LOW,NOT_SOLVED,ELIGIBLE_ONLY_IF_DATE>=active_from AND DATE<=active_to AND NOT_IN_KNOWN_SUSPENSION_INTERVAL
INDR,,unknown,LOW,2023-10-09,2026-10-07,2023-10-09,2026-10-07,OPEN_ENDED_CURRENT_SNAPSHOT,,unknown,,,,,,717,12,0,0,False,False,price_observation,LOW,NOT_SOLVED,ELIGIBLE_ONLY_IF_DATE>=active_from AND DATE<=active_to AND NOT_IN_KNOWN_SUSPENSION_INTERVAL
INDS,,unknown,LOW,2010-01-04,2026-10-05,2010-01-04,2026-10-07,OPEN_ENDED_CURRENT_SNAPSHOT,,unknown,,,,,,4121,12,0,0,False,False,price_observation,LOW,NOT_SOLVED,ELIGIBLE_ONLY_IF_DATE>=active_from AND DATE<=active_to AND NOT_IN_KNOWN_SUSPENSION_INTERVAL
INDX,,unknown,LOW,2023-10-09,2026-10-06,2023-10-09,2026-10-07,OPEN_ENDED_CURRENT_SNAPSHOT,,unknown,,,,,,717,12,0,0,False,False,price_observation,LOW,NOT_SOLVED,ELIGIBLE_ONLY_IF_DATE>=active_from AND DATE<=active_to AND NOT_IN_KNOWN_SUSPENSION_INTERVAL
INDY,,unknown,LOW,2010-01-04,2026-10-05,2010-01-04,2026-10-07,OPEN_ENDED_CURRENT_SNAPSHOT,,unknown,,,,,,4120,12,0,0,False,False,price_observation,LOW,NOT_SOLVED,ELIGIBLE_ONLY_IF_DATE>=active_from AND DATE<=active_to AND NOT_IN_KNOWN_SUSPENSION_INTERVAL
INET,,unknown,LOW,2023-10-09,2026-10-07,2023-10-09,2026-10-07,OPEN_ENDED_CURRENT_SNAPSHOT,,unknown,,,,,,716,12,0,0,False,False,price_observation,LOW,NOT_SOLVED,ELIGIBLE_ONLY_IF_DATE>=active_from AND DATE<=active_to AND NOT_IN_KNOWN_SUSPENSION_INTERVAL
INKP,,unknown,LOW,2010-01-04,2026-10-05,2010-01-04,2026-10-07,OPEN_ENDED_CURRENT_SNAPSHOT,,unknown,,,,,,4120,12,0,0,False,False,price_observation,LOW,NOT_SOLVED,ELIGIBLE_ONLY_IF_DATE>=active_from AND DATE<=active_to AND NOT_IN_KNOWN_SUSPENSION_INTERVAL
INOV,,unknown,LOW,2023-10-09,2026-10-07,2023-10-09,2026-10-07,OPEN_ENDED_CURRENT_SNAPSHOT,,unknown,,,,,,716,12,0,0,False,False,price_observation,LOW,NOT_SOLVED,ELIGIBLE_ONLY_IF_DATE>=active_from AND DATE<=active_to AND NOT_IN_KNOWN_SUSPENSION_INTERVAL
INPC,,unknown,LOW,2010-01-04,2026-10-05,2010-01-04,2026-10-07,OPEN_ENDED_CURRENT_SNAPSHOT,,unknown,,,,,,4119,12,0,0,False,False,price_observation,LOW,NOT_SOLVED,ELIGIBLE_ONLY_IF_DATE>=active_from AND DATE<=active_to AND NOT_IN_KNOWN_SUSPENSION_INTERVAL
INPP,,unknown,LOW,2023-10-09,2026-10-07,2023-10-09,2026-10-07,OPEN_ENDED_CURRENT_SNAPSHOT,,unknown,,,,,,717,12,0,0,False,False,price_observation,LOW,NOT_SOLVED,ELIGIBLE_ONLY_IF_DATE>=active_from AND DATE<=active_to AND NOT_IN_KNOWN_SUSPENSION_INTERVAL
INPS,,unknown,LOW,2023-10-09,2026-10-06,2023-10-09,2026-10-07,OPEN_ENDED_CURRENT_SNAPSHOT,,unknown,,,,,,715,12,0,0,False,False,price_observation,LOW,NOT_SOLVED,ELIGIBLE_ONLY_IF_DATE>=active_from AND DATE<=active_to AND NOT_IN_KNOWN_SUSPENSION_INTERVAL
INRU,,unknown,LOW,2010-01-04,2026-10-05,2010-01-04,2026-10-07,OPEN_ENDED_CURRENT_SNAPSHOT,,unknown,,,,,,4125,12,0,0,False,False,price_observation,LOW,NOT_SOLVED,ELIGIBLE_ONLY_IF_DATE>=active_from AND DATE<=active_to AND NOT_IN_KNOWN_SUSPENSION_INTERVAL
INTA,,unknown,LOW,2023-10-09,2026-10-06,2023-10-09,2026-10-07,OPEN_ENDED_CURRENT_SNAPSHOT,,unknown,,,,,,717,12,0,0,False,False,price_observation,LOW,NOT_SOLVED,ELIGIBLE_ONLY_IF_DATE>=active_from AND DATE<=active_to AND NOT_IN_KNOWN_SUSPENSION_INTERVAL
INTD,,unknown,LOW,2023-10-09,2026-10-07,2023-10-09,2026-10-07,OPEN_ENDED_CURRENT_SNAPSHOT,,unknown,,,,,,717,12,0,0,False,False,price_observation,LOW,NOT_SOLVED,ELIGIBLE_ONLY_IF_DATE>=active_from AND DATE<=active_to AND NOT_IN_KNOWN_SUSPENSION_INTERVAL
INTP,,unknown,LOW,2023-10-09,2026-10-07,2023-10-09,2026-10-07,OPEN_ENDED_CURRENT_SNAPSHOT,,unknown,,,,,,717,12,0,0,False,False,price_observation,LOW,NOT_SOLVED,ELIGIBLE_ONLY_IF_DATE>=active_from AND DATE<=active_to AND NOT_IN_KNOWN_SUSPENSION_INTERVAL
IOTF,,unknown,LOW,2023-10-09,2026-10-07,2023-10-09,2026-10-07,OPEN_ENDED_CURRENT_SNAPSHOT,,unknown,,,,,,716,12,0,0,False,False,price_observation,LOW,NOT_SOLVED,ELIGIBLE_ONLY_IF_DATE>=active_from AND DATE<=active_to AND NOT_IN_KNOWN_SUSPENSION_INTERVAL
IPAC,,unknown,LOW,2023-10-09,2026-10-06,2023-10-09,2026-10-07,OPEN_ENDED_CURRENT_SNAPSHOT,,unknown,,,,,,715,12,0,0,False,False,price_observation,LOW,NOT_SOLVED,ELIGIBLE_ONLY_IF_DATE>=active_from AND DATE<=active_to AND NOT_IN_KNOWN_SUSPENSION_INTERVAL
IPCC,,unknown,LOW,2023-10-09,2026-10-07,2023-10-09,2026-10-07,OPEN_ENDED_CURRENT_SNAPSHOT,,unknown,,,,,,716,12,0,0,False,False,price_observation,LOW,NOT_SOLVED,ELIGIBLE_ONLY_IF_DATE>=active_from AND DATE<=active_to AND NOT_IN_KNOWN_SUSPENSION_INTERVAL
IPCM,,unknown,LOW,2023-10-09,2026-10-07,2023-10-09,2026-10-07,OPEN_ENDED_CURRENT_SNAPSHOT,,unknown,,,,,,716,12,0,0,False,False,price_observation,LOW,NOT_SOLVED,ELIGIBLE_ONLY_IF_DATE>=active_from AND DATE<=active_to AND NOT_IN_KNOWN_SUSPENSION_INTERVAL
IPOL,,unknown,LOW,2023-10-09,2026-10-07,2023-10-09,2026-10-07,OPEN_ENDED_CURRENT_SNAPSHOT,,unknown,,,,,,716,12,0,0,False,False,price_observation,LOW,NOT_SOLVED,ELIGIBLE_ONLY_IF_DATE>=active_from AND DATE<=active_to AND NOT_IN_KNOWN_SUSPENSION_INTERVAL
IPPE,,unknown,LOW,2023-10-09,2026-10-06,2023-10-09,2026-10-07,OPEN_ENDED_CURRENT_SNAPSHOT,,unknown,,,,,,720,12,0,0,False,False,price_observation,LOW,NOT_SOLVED,ELIGIBLE_ONLY_IF_DATE>=active_from AND DATE<=active_to AND NOT_IN_KNOWN_SUSPENSION_INTERVAL
IPTV,,unknown,LOW,2023-10-09,2026-10-07,2023-10-09,2026-10-07,OPEN_ENDED_CURRENT_SNAPSHOT,,unknown,,,,,,716,12,0,0,False,False,price_observation,LOW,NOT_SOLVED,ELIGIBLE_ONLY_IF_DATE>=active_from AND DATE<=active_to AND NOT_IN_KNOWN_SUSPENSION_INTERVAL
IRRA,,unknown,LOW,2023-10-09,2026-10-07,2023-10-09,2026-10-07,OPEN_ENDED_CURRENT_SNAPSHOT,,unknown,,,,,,716,12,0,0,False,False,price_observation,LOW,NOT_SOLVED,ELIGIBLE_ONLY_IF_DATE>=active_from AND DATE<=active_to AND NOT_IN_KNOWN_SUSPENSION_INTERVAL
IRSX,,unknown,LOW,2023-10-09,2026-10-07,2023-10-09,2026-10-07,OPEN_ENDED_CURRENT_SNAPSHOT,,unknown,,,,,,716,12,0,0,False,False,price_observation,LOW,NOT_SOLVED,ELIGIBLE_ONLY_IF_DATE>=active_from AND DATE<=active_to AND NOT_IN_KNOWN_SUSPENSION_INTERVAL
ISAP,,unknown,LOW,2023-10-09,2026-10-07,2023-10-09,2026-10-07,OPEN_ENDED_CURRENT_SNAPSHOT,,unknown,,,,,,716,12,0,0,False,False,price_observation,LOW,NOT_SOLVED,ELIGIBLE_ONLY_IF_DATE>=active_from AND DATE<=active_to AND NOT_IN_KNOWN_SUSPENSION_INTERVAL
ISAT,,unknown,LOW,2010-01-04,2026-10-05,2010-01-04,2026-10-07,OPEN_ENDED_CURRENT_SNAPSHOT,,unknown,,,,,,4121,12,0,0,False,False,price_observation,LOW,NOT_SOLVED,ELIGIBLE_ONLY_IF_DATE>=active_from AND DATE<=active_to AND NOT_IN_KNOWN_SUSPENSION_INTERVAL
ISEA,,unknown,LOW,2024-07-08,2026-10-07,2024-07-08,2026-10-07,OPEN_ENDED_CURRENT_SNAPSHOT,,unknown,,,,,,543,12,0,0,False,False,price_observation,LOW,NOT_SOLVED,ELIGIBLE_ONLY_IF_DATE>=active_from AND DATE<=active_to AND NOT_IN_KNOWN_SUSPENSION_INTERVAL
ISSP,,unknown,LOW,2023-10-09,2026-10-07,2023-10-09,2026-10-07,OPEN_ENDED_CURRENT_SNAPSHOT,,unknown,,,,,,716,12,0,0,False,False,price_observation,LOW,NOT_SOLVED,ELIGIBLE_ONLY_IF_DATE>=active_from AND DATE<=active_to AND NOT_IN_KNOWN_SUSPENSION_INTERVAL
ITIC,,unknown,LOW,2023-10-09,2026-10-07,2023-10-09,2026-10-07,OPEN_ENDED_CURRENT_SNAPSHOT,,unknown,,,,,,716,12,0,0,False,False,price_observation,LOW,NOT_SOLVED,ELIGIBLE_ONLY_IF_DATE>=active_from AND DATE<=active_to AND NOT_IN_KNOWN_SUSPENSION_INTERVAL
ITMA,,unknown,LOW,2023-10-09,2026-10-07,2023-10-09,2026-10-07,OPEN_ENDED_CURRENT_SNAPSHOT,,unknown,,,,,,716,12,0,0,False,False,price_observation,LOW,NOT_SOLVED,ELIGIBLE_ONLY_IF_DATE>=active_from AND DATE<=active_to AND NOT_IN_KNOWN_SUSPENSION_INTERVAL
ITMG,,unknown,LOW,2010-01-04,2026-10-05,2010-01-04,2026-10-07,OPEN_ENDED_CURRENT_SNAPSHOT,,unknown,,,,,,4121,12,0,0,False,False,price_observation,LOW,NOT_SOLVED,ELIGIBLE_ONLY_IF_DATE>=active_from AND DATE<=active_to AND NOT_IN_KNOWN_SUSPENSION_INTERVAL
JARR,,unknown,LOW,2023-10-09,2026-10-07,2023-10-09,2026-10-07,OPEN_ENDED_CURRENT_SNAPSHOT,,unknown,,,,,,716,12,0,0,False,False,price_observation,LOW,NOT_SOLVED,ELIGIBLE_ONLY_IF_DATE>=active_from AND DATE<=active_to AND NOT_IN_KNOWN_SUSPENSION_INTERVAL
JAST,,unknown,LOW,2023-10-09,2026-10-07,2023-10-09,2026-10-07,OPEN_ENDED_CURRENT_SNAPSHOT,,unknown,,,,,,716,12,0,0,False,False,price_observation,LOW,NOT_SOLVED,ELIGIBLE_ONLY_IF_DATE>=active_from AND DATE<=active_to AND NOT_IN_KNOWN_SUSPENSION_INTERVAL
JATI,,unknown,LOW,2023-10-09,2026-10-07,2023-10-09,2026-10-07,OPEN_ENDED_CURRENT_SNAPSHOT,,unknown,,,,,,716,12,0,0,False,False,price_observation,LOW,NOT_SOLVED,ELIGIBLE_ONLY_IF_DATE>=active_from AND DATE<=active_to AND NOT_IN_KNOWN_SUSPENSION_INTERVAL
JAWA,,unknown,LOW,2023-10-09,2026-10-07,2023-10-09,2026-10-07,OPEN_ENDED_CURRENT_SNAPSHOT,,unknown,,,,,,716,12,0,0,False,False,price_observation,LOW,NOT_SOLVED,ELIGIBLE_ONLY_IF_DATE>=active_from AND DATE<=active_to AND NOT_IN_KNOWN_SUSPENSION_INTERVAL
JAYA,,unknown,LOW,2023-10-09,2026-10-07,2023-10-09,2026-10-07,OPEN_ENDED_CURRENT_SNAPSHOT,,unknown,,,,,,716,12,0,0,False,False,price_observation,LOW,NOT_SOLVED,ELIGIBLE_ONLY_IF_DATE>=active_from AND DATE<=active_to AND NOT_IN_KNOWN_SUSPENSION_INTERVAL
JECC,,unknown,LOW,2023-10-09,2026-10-07,2023-10-09,2026-10-07,OPEN_ENDED_CURRENT_SNAPSHOT,,unknown,,,,,,717,12,0,0,False,False,price_observation,LOW,NOT_SOLVED,ELIGIBLE_ONLY_IF_DATE>=active_from AND DATE<=active_to AND NOT_IN_KNOWN_SUSPENSION_INTERVAL
JGLE,,unknown,LOW,2023-10-09,2026-10-07,2023-10-09,2026-10-07,OPEN_ENDED_CURRENT_SNAPSHOT,,unknown,,,,,,716,12,0,0,False,False,price_observation,LOW,NOT_SOLVED,ELIGIBLE_ONLY_IF_DATE>=active_from AND DATE<=active_to AND NOT_IN_KNOWN_SUSPENSION_INTERVAL
JIHD,,unknown,LOW,2023-10-09,2026-10-07,2023-10-09,2026-10-07,OPEN_ENDED_CURRENT_SNAPSHOT,,unknown,,,,,,717,12,0,0,False,False,price_observation,LOW,NOT_SOLVED,ELIGIBLE_ONLY_IF_DATE>=active_from AND DATE<=active_to AND NOT_IN_KNOWN_SUSPENSION_INTERVAL
JKON,,unknown,LOW,2023-10-09,2026-10-07,2023-10-09,2026-10-07,OPEN_ENDED_CURRENT_SNAPSHOT,,unknown,,,,,,717,12,0,0,False,False,price_observation,LOW,NOT_SOLVED,ELIGIBLE_ONLY_IF_DATE>=active_from AND DATE<=active_to AND NOT_IN_KNOWN_SUSPENSION_INTERVAL
JMAS,,unknown,LOW,2023-10-09,2026-10-06,2023-10-09,2026-10-07,OPEN_ENDED_CURRENT_SNAPSHOT,,unknown,,,,,,717,12,0,0,False,False,price_observation,LOW,NOT_SOLVED,ELIGIBLE_ONLY_IF_DATE>=active_from AND DATE<=active_to AND NOT_IN_KNOWN_SUSPENSION_INTERVAL
JPFA,,unknown,LOW,2023-10-09,2026-10-07,2023-10-09,2026-10-07,OPEN_ENDED_CURRENT_SNAPSHOT,,unknown,,,,,,717,12,0,0,False,False,price_observation,LOW,NOT_SOLVED,ELIGIBLE_ONLY_IF_DATE>=active_from AND DATE<=active_to AND NOT_IN_KNOWN_SUSPENSION_INTERVAL
JRPT,,unknown,LOW,2023-10-09,2026-10-07,2023-10-09,2026-10-07,OPEN_ENDED_CURRENT_SNAPSHOT,,unknown,,,,,,717,12,0,0,False,False,price_observation,LOW,NOT_SOLVED,ELIGIBLE_ONLY_IF_DATE>=active_from AND DATE<=active_to AND NOT_IN_KNOWN_SUSPENSION_INTERVAL
JSMR,,unknown,LOW,2010-01-04,2026-10-05,2010-01-04,2026-10-07,OPEN_ENDED_CURRENT_SNAPSHOT,,unknown,,,,,,4119,12,0,0,False,False,price_observation,LOW,NOT_SOLVED,ELIGIBLE_ONLY_IF_DATE>=active_from AND DATE<=active_to AND NOT_IN_KNOWN_SUSPENSION_INTERVAL
JSPT,,unknown,LOW,2023-10-09,2026-10-07,2023-10-09,2026-10-07,OPEN_ENDED_CURRENT_SNAPSHOT,,unknown,,,,,,717,12,0,0,False,False,price_observation,LOW,NOT_SOLVED,ELIGIBLE_ONLY_IF_DATE>=active_from AND DATE<=active_to AND NOT_IN_KNOWN_SUSPENSION_INTERVAL
JTPE,,unknown,LOW,2023-10-09,2026-10-07,2023-10-09,2026-10-07,OPEN_ENDED_CURRENT_SNAPSHOT,,unknown,,,,,,717,12,0,0,False,False,price_observation,LOW,NOT_SOLVED,ELIGIBLE_ONLY_IF_DATE>=active_from AND DATE<=active_to AND NOT_IN_KNOWN_SUSPENSION_INTERVAL
KAEF,,unknown,LOW,2010-01-04,2026-10-05,2010-01-04,2026-10-07,OPEN_ENDED_CURRENT_SNAPSHOT,,unknown,,,,,,4120,12,0,0,False,False,price_observation,LOW,NOT_SOLVED,ELIGIBLE_ONLY_IF_DATE>=active_from AND DATE<=active_to AND NOT_IN_KNOWN_SUSPENSION_INTERVAL
KAQI,,unknown,LOW,2025-03-10,2026-10-07,2025-03-10,2026-10-07,OPEN_ENDED_CURRENT_SNAPSHOT,,unknown,,,,,,377,12,0,0,False,False,price_observation,LOW,NOT_SOLVED,ELIGIBLE_ONLY_IF_DATE>=active_from AND DATE<=active_to AND NOT_IN_KNOWN_SUSPENSION_INTERVAL
KARW,,unknown,LOW,2023-10-09,2026-10-06,2023-10-09,2026-10-07,OPEN_ENDED_CURRENT_SNAPSHOT,,unknown,,,,,,717,12,0,0,False,False,price_observation,LOW,NOT_SOLVED,ELIGIBLE_ONLY_IF_DATE>=active_from AND DATE<=active_to AND NOT_IN_KNOWN_SUSPENSION_INTERVAL
KAYU,,unknown,LOW,2023-10-09,2026-10-06,2023-10-09,2026-10-07,OPEN_ENDED_CURRENT_SNAPSHOT,,unknown,,,,,,720,12,0,0,False,False,price_observation,LOW,NOT_SOLVED,ELIGIBLE_ONLY_IF_DATE>=active_from AND DATE<=active_to AND NOT_IN_KNOWN_SUSPENSION_INTERVAL
KBAG,,unknown,LOW,2023-10-09,2026-10-07,2023-10-09,2026-10-07,OPEN_ENDED_CURRENT_SNAPSHOT,,unknown,,,,,,716,12,0,0,False,False,price_observation,LOW,NOT_SOLVED,ELIGIBLE_ONLY_IF_DATE>=active_from AND DATE<=active_to AND NOT_IN_KNOWN_SUSPENSION_INTERVAL
KBLI,,unknown,LOW,2023-10-09,2026-10-07,2023-10-09,2026-10-07,OPEN_ENDED_CURRENT_SNAPSHOT,,unknown,,,,,,717,12,0,0,False,False,price_observation,LOW,NOT_SOLVED,ELIGIBLE_ONLY_IF_DATE>=active_from AND DATE<=active_to AND NOT_IN_KNOWN_SUSPENSION_INTERVAL
KBLM,,unknown,LOW,2010-01-04,2026-10-05,2010-01-04,2026-10-07,OPEN_ENDED_CURRENT_SNAPSHOT,,unknown,,,,,,4120,12,0,0,False,False,price_observation,LOW,NOT_SOLVED,ELIGIBLE_ONLY_IF_DATE>=active_from AND DATE<=active_to AND NOT_IN_KNOWN_SUSPENSION_INTERVAL
KBLV,,unknown,LOW,2023-10-09,2026-10-07,2023-10-09,2026-10-07,OPEN_ENDED_CURRENT_SNAPSHOT,,unknown,,,,,,716,12,0,0,False,False,price_observation,LOW,NOT_SOLVED,ELIGIBLE_ONLY_IF_DATE>=active_from AND DATE<=active_to AND NOT_IN_KNOWN_SUSPENSION_INTERVAL
KDSI,,unknown,LOW,2023-10-09,2026-10-07,2023-10-09,2026-10-07,OPEN_ENDED_CURRENT_SNAPSHOT,,unknown,,,,,,717,12,0,0,False,False,price_observation,LOW,NOT_SOLVED,ELIGIBLE_ONLY_IF_DATE>=active_from AND DATE<=active_to AND NOT_IN_KNOWN_SUSPENSION_INTERVAL
KDTN,,unknown,LOW,2023-10-09,2026-10-07,2023-10-09,2026-10-07,OPEN_ENDED_CURRENT_SNAPSHOT,,unknown,,,,,,716,12,0,0,False,False,price_observation,LOW,NOT_SOLVED,ELIGIBLE_ONLY_IF_DATE>=active_from AND DATE<=active_to AND NOT_IN_KNOWN_SUSPENSION_INTERVAL
KEEN,,unknown,LOW,2023-10-09,2026-10-07,2023-10-09,2026-10-07,OPEN_ENDED_CURRENT_SNAPSHOT,,unknown,,,,,,716,12,0,0,False,False,price_observation,LOW,NOT_SOLVED,ELIGIBLE_ONLY_IF_DATE>=active_from AND DATE<=active_to AND NOT_IN_KNOWN_SUSPENSION_INTERVAL
KEJU,,unknown,LOW,2023-10-09,2026-10-07,2023-10-09,2026-10-07,OPEN_ENDED_CURRENT_SNAPSHOT,,unknown,,,,,,716,12,0,0,False,False,price_observation,LOW,NOT_SOLVED,ELIGIBLE_ONLY_IF_DATE>=active_from AND DATE<=active_to AND NOT_IN_KNOWN_SUSPENSION_INTERVAL
KETR,,unknown,LOW,2023-10-09,2026-10-07,2023-10-09,2026-10-07,OPEN_ENDED_CURRENT_SNAPSHOT,,unknown,,,,,,716,12,0,0,False,False,price_observation,LOW,NOT_SOLVED,ELIGIBLE_ONLY_IF_DATE>=active_from AND DATE<=active_to AND NOT_IN_KNOWN_SUSPENSION_INTERVAL
KIAS,,unknown,LOW,2023-10-09,2026-10-06,2023-10-09,2026-10-07,OPEN_ENDED_CURRENT_SNAPSHOT,,unknown,,,,,,720,12,0,0,False,False,price_observation,LOW,NOT_SOLVED,ELIGIBLE_ONLY_IF_DATE>=active_from AND DATE<=active_to AND NOT_IN_KNOWN_SUSPENSION_INTERVAL
KICI,,unknown,LOW,2023-10-09,2026-10-07,2023-10-09,2026-10-07,OPEN_ENDED_CURRENT_SNAPSHOT,,unknown,,,,,,717,12,0,0,False,False,price_observation,LOW,NOT_SOLVED,ELIGIBLE_ONLY_IF_DATE>=active_from AND DATE<=active_to AND NOT_IN_KNOWN_SUSPENSION_INTERVAL
KIJA,,unknown,LOW,2023-10-09,2026-10-07,2023-10-09,2026-10-07,OPEN_ENDED_CURRENT_SNAPSHOT,,unknown,,,,,,717,12,0,0,False,False,price_observation,LOW,NOT_SOLVED,ELIGIBLE_ONLY_IF_DATE>=active_from AND DATE<=active_to AND NOT_IN_KNOWN_SUSPENSION_INTERVAL
KINO,,unknown,LOW,2023-10-09,2026-10-07,2023-10-09,2026-10-07,OPEN_ENDED_CURRENT_SNAPSHOT,,unknown,,,,,,716,12,0,0,False,False,price_observation,LOW,NOT_SOLVED,ELIGIBLE_ONLY_IF_DATE>=active_from AND DATE<=active_to AND NOT_IN_KNOWN_SUSPENSION_INTERVAL
KIOS,,unknown,LOW,2023-10-09,2026-10-07,2023-10-09,2026-10-07,OPEN_ENDED_CURRENT_SNAPSHOT,,unknown,,,,,,716,12,0,0,False,False,price_observation,LOW,NOT_SOLVED,ELIGIBLE_ONLY_IF_DATE>=active_from AND DATE<=active_to AND NOT_IN_KNOWN_SUSPENSION_INTERVAL
KJEN,,unknown,LOW,2023-10-09,2026-10-07,2023-10-09,2026-10-07,OPEN_ENDED_CURRENT_SNAPSHOT,,unknown,,,,,,716,12,0,0,False,False,price_observation,LOW,NOT_SOLVED,ELIGIBLE_ONLY_IF_DATE>=active_from AND DATE<=active_to AND NOT_IN_KNOWN_SUSPENSION_INTERVAL
KKES,,unknown,LOW,2023-10-09,2026-10-07,2023-10-09,2026-10-07,OPEN_ENDED_CURRENT_SNAPSHOT,,unknown,,,,,,716,12,0,0,False,False,price_observation,LOW,NOT_SOLVED,ELIGIBLE_ONLY_IF_DATE>=active_from AND DATE<=active_to AND NOT_IN_KNOWN_SUSPENSION_INTERVAL
KKGI,,unknown,LOW,2023-10-09,2026-10-07,2023-10-09,2026-10-07,OPEN_ENDED_CURRENT_SNAPSHOT,,unknown,,,,,,717,12,0,0,False,False,price_observation,LOW,NOT_SOLVED,ELIGIBLE_ONLY_IF_DATE>=active_from AND DATE<=active_to AND NOT_IN_KNOWN_SUSPENSION_INTERVAL
KLAS,,unknown,LOW,2023-10-09,2026-10-07,2023-10-09,2026-10-07,OPEN_ENDED_CURRENT_SNAPSHOT,,unknown,,,,,,716,12,0,0,False,False,price_observation,LOW,NOT_SOLVED,ELIGIBLE_ONLY_IF_DATE>=active_from AND DATE<=active_to AND NOT_IN_KNOWN_SUSPENSION_INTERVAL
KLBF,,unknown,LOW,2010-01-04,2026-10-05,2010-01-04,2026-10-07,OPEN_ENDED_CURRENT_SNAPSHOT,,unknown,,,,,,4121,12,0,0,False,False,price_observation,LOW,NOT_SOLVED,ELIGIBLE_ONLY_IF_DATE>=active_from AND DATE<=active_to AND NOT_IN_KNOWN_SUSPENSION_INTERVAL
KLIN,,unknown,LOW,2023-10-09,2026-10-07,2023-10-09,2026-10-07,OPEN_ENDED_CURRENT_SNAPSHOT,,unknown,,,,,,716,12,0,0,False,False,price_observation,LOW,NOT_SOLVED,ELIGIBLE_ONLY_IF_DATE>=active_from AND DATE<=active_to AND NOT_IN_KNOWN_SUSPENSION_INTERVAL
KMDS,,unknown,LOW,2023-10-09,2026-10-07,2023-10-09,2026-10-07,OPEN_ENDED_CURRENT_SNAPSHOT,,unknown,,,,,,716,12,0,0,False,False,price_observation,LOW,NOT_SOLVED,ELIGIBLE_ONLY_IF_DATE>=active_from AND DATE<=active_to AND NOT_IN_KNOWN_SUSPENSION_INTERVAL
KMTR,,unknown,LOW,2023-10-09,2026-10-07,2023-10-09,2026-10-07,OPEN_ENDED_CURRENT_SNAPSHOT,,unknown,,,,,,716,12,0,0,False,False,price_observation,LOW,NOT_SOLVED,ELIGIBLE_ONLY_IF_DATE>=active_from AND DATE<=active_to AND NOT_IN_KNOWN_SUSPENSION_INTERVAL
KOBX,,unknown,LOW,2023-10-09,2026-10-07,2023-10-09,2026-10-07,OPEN_ENDED_CURRENT_SNAPSHOT,,unknown,,,,,,716,12,0,0,False,False,price_observation,LOW,NOT_SOLVED,ELIGIBLE_ONLY_IF_DATE>=active_from AND DATE<=active_to AND NOT_IN_KNOWN_SUSPENSION_INTERVAL
KOCI,,unknown,LOW,2023-10-09,2026-10-07,2023-10-09,2026-10-07,OPEN_ENDED_CURRENT_SNAPSHOT,,unknown,,,,,,716,12,0,0,False,False,price_observation,LOW,NOT_SOLVED,ELIGIBLE_ONLY_IF_DATE>=active_from AND DATE<=active_to AND NOT_IN_KNOWN_SUSPENSION_INTERVAL
KOIN,,unknown,LOW,2023-10-09,2026-10-06,2023-10-09,2026-10-07,OPEN_ENDED_CURRENT_SNAPSHOT,,unknown,,,,,,717,12,0,0,False,False,price_observation,LOW,NOT_SOLVED,ELIGIBLE_ONLY_IF_DATE>=active_from AND DATE<=active_to AND NOT_IN_KNOWN_SUSPENSION_INTERVAL
KOKA,,unknown,LOW,2023-10-11,2026-10-07,2023-10-11,2026-10-07,OPEN_ENDED_CURRENT_SNAPSHOT,,unknown,,,,,,714,12,0,0,False,False,price_observation,LOW,NOT_SOLVED,ELIGIBLE_ONLY_IF_DATE>=active_from AND DATE<=active_to AND NOT_IN_KNOWN_SUSPENSION_INTERVAL
KONI,,unknown,LOW,2023-10-09,2026-10-07,2023-10-09,2026-10-07,OPEN_ENDED_CURRENT_SNAPSHOT,,unknown,,,,,,717,12,0,0,False,False,price_observation,LOW,NOT_SOLVED,ELIGIBLE_ONLY_IF_DATE>=active_from AND DATE<=active_to AND NOT_IN_KNOWN_SUSPENSION_INTERVAL
KOPI,,unknown,LOW,2023-10-09,2026-10-07,2023-10-09,2026-10-07,OPEN_ENDED_CURRENT_SNAPSHOT,,unknown,,,,,,716,12,0,0,False,False,price_observation,LOW,NOT_SOLVED,ELIGIBLE_ONLY_IF_DATE>=active_from AND DATE<=active_to AND NOT_IN_KNOWN_SUSPENSION_INTERVAL
KOTA,,unknown,LOW,2023-10-09,2026-10-07,2023-10-09,2026-10-07,OPEN_ENDED_CURRENT_SNAPSHOT,,unknown,,,,,,716,12,0,0,False,False,price_observation,LOW,NOT_SOLVED,ELIGIBLE_ONLY_IF_DATE>=active_from AND DATE<=active_to AND NOT_IN_KNOWN_SUSPENSION_INTERVAL
KPIG,,unknown,LOW,2023-10-09,2026-10-07,2023-10-09,2026-10-07,OPEN_ENDED_CURRENT_SNAPSHOT,,unknown,,,,,,717,12,0,0,False,False,price_observation,LOW,NOT_SOLVED,ELIGIBLE_ONLY_IF_DATE>=active_from AND DATE<=active_to AND NOT_IN_KNOWN_SUSPENSION_INTERVAL
KRAS,,unknown,LOW,2023-10-09,2026-10-07,2023-10-09,2026-10-07,OPEN_ENDED_CURRENT_SNAPSHOT,,unknown,,,,,,716,12,0,0,False,False,price_observation,LOW,NOT_SOLVED,ELIGIBLE_ONLY_IF_DATE>=active_from AND DATE<=active_to AND NOT_IN_KNOWN_SUSPENSION_INTERVAL
KREN,,unknown,LOW,2023-10-09,2026-10-07,2023-10-09,2026-10-07,OPEN_ENDED_CURRENT_SNAPSHOT,,unknown,,,,,,717,12,0,0,False,False,price_observation,LOW,NOT_SOLVED,ELIGIBLE_ONLY_IF_DATE>=active_from AND DATE<=active_to AND NOT_IN_KNOWN_SUSPENSION_INTERVAL
KRYA,,unknown,LOW,2023-10-09,2026-10-07,2023-10-09,2026-10-07,OPEN_ENDED_CURRENT_SNAPSHOT,,unknown,,,,,,716,12,0,0,False,False,price_observation,LOW,NOT_SOLVED,ELIGIBLE_ONLY_IF_DATE>=active_from AND DATE<=active_to AND NOT_IN_KNOWN_SUSPENSION_INTERVAL
KSIX,,unknown,LOW,2025-01-08,2026-10-07,2025-01-08,2026-10-07,OPEN_ENDED_CURRENT_SNAPSHOT,,unknown,,,,,,417,12,0,0,False,False,price_observation,LOW,NOT_SOLVED,ELIGIBLE_ONLY_IF_DATE>=active_from AND DATE<=active_to AND NOT_IN_KNOWN_SUSPENSION_INTERVAL
KUAS,,unknown,LOW,2023-10-09,2026-10-07,2023-10-09,2026-10-07,OPEN_ENDED_CURRENT_SNAPSHOT,,unknown,,,,,,716,12,0,0,False,False,price_observation,LOW,NOT_SOLVED,ELIGIBLE_ONLY_IF_DATE>=active_from AND DATE<=active_to AND NOT_IN_KNOWN_SUSPENSION_INTERVAL
LABA,,unknown,LOW,2023-10-09,2026-10-07,2023-10-09,2026-10-07,OPEN_ENDED_CURRENT_SNAPSHOT,,unknown,,,,,,716,12,0,0,False,False,price_observation,LOW,NOT_SOLVED,ELIGIBLE_ONLY_IF_DATE>=active_from AND DATE<=active_to AND NOT_IN_KNOWN_SUSPENSION_INTERVAL
LABS,,unknown,LOW,2024-07-10,2026-10-07,2024-07-10,2026-10-07,OPEN_ENDED_CURRENT_SNAPSHOT,,unknown,,,,,,541,12,0,0,False,False,price_observation,LOW,NOT_SOLVED,ELIGIBLE_ONLY_IF_DATE>=active_from AND DATE<=active_to AND NOT_IN_KNOWN_SUSPENSION_INTERVAL
LAJU,,unknown,LOW,2023-10-09,2026-10-07,2023-10-09,2026-10-07,OPEN_ENDED_CURRENT_SNAPSHOT,,unknown,,,,,,716,12,0,0,False,False,price_observation,LOW,NOT_SOLVED,ELIGIBLE_ONLY_IF_DATE>=active_from AND DATE<=active_to AND NOT_IN_KNOWN_SUSPENSION_INTERVAL
LAND,,unknown,LOW,2023-10-09,2026-10-07,2023-10-09,2026-10-07,OPEN_ENDED_CURRENT_SNAPSHOT,,unknown,,,,,,716,12,0,0,False,False,price_observation,LOW,NOT_SOLVED,ELIGIBLE_ONLY_IF_DATE>=active_from AND DATE<=active_to AND NOT_IN_KNOWN_SUSPENSION_INTERVAL
LAPD,,unknown,LOW,2023-10-09,2026-10-07,2023-10-09,2026-10-07,OPEN_ENDED_CURRENT_SNAPSHOT,,unknown,,,,,,716,12,0,0,False,False,price_observation,LOW,NOT_SOLVED,ELIGIBLE_ONLY_IF_DATE>=active_from AND DATE<=active_to AND NOT_IN_KNOWN_SUSPENSION_INTERVAL
LCKM,,unknown,LOW,2023-10-09,2026-10-06,2023-10-09,2026-10-07,OPEN_ENDED_CURRENT_SNAPSHOT,,unknown,,,,,,717,12,0,0,False,False,price_observation,LOW,NOT_SOLVED,ELIGIBLE_ONLY_IF_DATE>=active_from AND DATE<=active_to AND NOT_IN_KNOWN_SUSPENSION_INTERVAL
LEAD,,unknown,LOW,2023-10-09,2026-10-07,2023-10-09,2026-10-07,OPEN_ENDED_CURRENT_SNAPSHOT,,unknown,,,,,,716,12,0,0,False,False,price_observation,LOW,NOT_SOLVED,ELIGIBLE_ONLY_IF_DATE>=active_from AND DATE<=active_to AND NOT_IN_KNOWN_SUSPENSION_INTERVAL
LFLO,,unknown,LOW,2023-10-09,2026-10-07,2023-10-09,2026-10-07,OPEN_ENDED_CURRENT_SNAPSHOT,,unknown,,,,,,716,12,0,0,False,False,price_observation,LOW,NOT_SOLVED,ELIGIBLE_ONLY_IF_DATE>=active_from AND DATE<=active_to AND NOT_IN_KNOWN_SUSPENSION_INTERVAL
LIFE,,unknown,LOW,2023-10-09,2026-10-07,2023-10-09,2026-10-07,OPEN_ENDED_CURRENT_SNAPSHOT,,unknown,,,,,,716,12,0,0,False,False,price_observation,LOW,NOT_SOLVED,ELIGIBLE_ONLY_IF_DATE>=active_from AND DATE<=active_to AND NOT_IN_KNOWN_SUSPENSION_INTERVAL
LINK,,unknown,LOW,2023-10-09,2026-10-07,2023-10-09,2026-10-07,OPEN_ENDED_CURRENT_SNAPSHOT,,unknown,,,,,,716,12,0,0,False,False,price_observation,LOW,NOT_SOLVED,ELIGIBLE_ONLY_IF_DATE>=active_from AND DATE<=active_to AND NOT_IN_KNOWN_SUSPENSION_INTERVAL
LION,,unknown,LOW,2023-10-09,2026-10-07,2023-10-09,2026-10-07,OPEN_ENDED_CURRENT_SNAPSHOT,,unknown,,,,,,717,12,0,0,False,False,price_observation,LOW,NOT_SOLVED,ELIGIBLE_ONLY_IF_DATE>=active_from AND DATE<=active_to AND NOT_IN_KNOWN_SUSPENSION_INTERVAL
LIVE,,unknown,LOW,2024-02-12,2026-10-07,2024-02-12,2026-10-07,OPEN_ENDED_CURRENT_SNAPSHOT,,unknown,,,,,,631,12,0,0,False,False,price_observation,LOW,NOT_SOLVED,ELIGIBLE_ONLY_IF_DATE>=active_from AND DATE<=active_to AND NOT_IN_KNOWN_SUSPENSION_INTERVAL
LMAX,,unknown,LOW,2023-10-09,2026-10-07,2023-10-09,2026-10-07,OPEN_ENDED_CURRENT_SNAPSHOT,,unknown,,,,,,716,12,0,0,False,False,price_observation,LOW,NOT_SOLVED,ELIGIBLE_ONLY_IF_DATE>=active_from AND DATE<=active_to AND NOT_IN_KNOWN_SUSPENSION_INTERVAL
LMPI,,unknown,LOW,2023-10-09,2026-10-07,2023-10-09,2026-10-07,OPEN_ENDED_CURRENT_SNAPSHOT,,unknown,,,,,,717,12,0,0,False,False,price_observation,LOW,NOT_SOLVED,ELIGIBLE_ONLY_IF_DATE>=active_from AND DATE<=active_to AND NOT_IN_KNOWN_SUSPENSION_INTERVAL
LMSH,,unknown,LOW,2023-10-09,2026-10-06,2023-10-09,2026-10-07,OPEN_ENDED_CURRENT_SNAPSHOT,,unknown,,,,,,720,12,0,0,False,False,price_observation,LOW,NOT_SOLVED,ELIGIBLE_ONLY_IF_DATE>=active_from AND DATE<=active_to AND NOT_IN_KNOWN_SUSPENSION_INTERVAL
LOPI,,unknown,LOW,2023-10-11,2026-10-07,2023-10-11,2026-10-07,OPEN_ENDED_CURRENT_SNAPSHOT,,unknown,,,,,,714,12,0,0,False,False,price_observation,LOW,NOT_SOLVED,ELIGIBLE_ONLY_IF_DATE>=active_from AND DATE<=active_to AND NOT_IN_KNOWN_SUSPENSION_INTERVAL
LPCK,,unknown,LOW,2010-01-04,2026-10-05,2010-01-04,2026-10-07,OPEN_ENDED_CURRENT_SNAPSHOT,,unknown,,,,,,4121,12,0,0,False,False,price_observation,LOW,NOT_SOLVED,ELIGIBLE_ONLY_IF_DATE>=active_from AND DATE<=active_to AND NOT_IN_KNOWN_SUSPENSION_INTERVAL
LPGI,,unknown,LOW,2023-10-09,2026-10-07,2023-10-09,2026-10-07,OPEN_ENDED_CURRENT_SNAPSHOT,,unknown,,,,,,717,12,0,0,False,False,price_observation,LOW,NOT_SOLVED,ELIGIBLE_ONLY_IF_DATE>=active_from AND DATE<=active_to AND NOT_IN_KNOWN_SUSPENSION_INTERVAL
LPIN,,unknown,LOW,2023-10-09,2026-10-07,2023-10-09,2026-10-07,OPEN_ENDED_CURRENT_SNAPSHOT,,unknown,,,,,,717,12,0,0,False,False,price_observation,LOW,NOT_SOLVED,ELIGIBLE_ONLY_IF_DATE>=active_from AND DATE<=active_to AND NOT_IN_KNOWN_SUSPENSION_INTERVAL
LPKR,,unknown,LOW,2010-01-04,2026-10-05,2010-01-04,2026-10-07,OPEN_ENDED_CURRENT_SNAPSHOT,,unknown,,,,,,4120,12,0,0,False,False,price_observation,LOW,NOT_SOLVED,ELIGIBLE_ONLY_IF_DATE>=active_from AND DATE<=active_to AND NOT_IN_KNOWN_SUSPENSION_INTERVAL
LPLI,,unknown,LOW,2023-10-09,2026-10-07,2023-10-09,2026-10-07,OPEN_ENDED_CURRENT_SNAPSHOT,,unknown,,,,,,717,12,0,0,False,False,price_observation,LOW,NOT_SOLVED,ELIGIBLE_ONLY_IF_DATE>=active_from AND DATE<=active_to AND NOT_IN_KNOWN_SUSPENSION_INTERVAL
LPPF,,unknown,LOW,2023-10-09,2026-10-07,2023-10-09,2026-10-07,OPEN_ENDED_CURRENT_SNAPSHOT,,unknown,,,,,,717,12,0,0,False,False,price_observation,LOW,NOT_SOLVED,ELIGIBLE_ONLY_IF_DATE>=active_from AND DATE<=active_to AND NOT_IN_KNOWN_SUSPENSION_INTERVAL
LPPS,,unknown,LOW,2023-10-09,2026-10-07,2023-10-09,2026-10-07,OPEN_ENDED_CURRENT_SNAPSHOT,,unknown,,,,,,717,12,0,0,False,False,price_observation,LOW,NOT_SOLVED,ELIGIBLE_ONLY_IF_DATE>=active_from AND DATE<=active_to AND NOT_IN_KNOWN_SUSPENSION_INTERVAL
LRNA,,unknown,LOW,2023-10-09,2026-10-07,2023-10-09,2026-10-07,OPEN_ENDED_CURRENT_SNAPSHOT,,unknown,,,,,,716,12,0,0,False,False,price_observation,LOW,NOT_SOLVED,ELIGIBLE_ONLY_IF_DATE>=active_from AND DATE<=active_to AND NOT_IN_KNOWN_SUSPENSION_INTERVAL
LSIP,,unknown,LOW,2023-10-09,2026-10-07,2023-10-09,2026-10-07,OPEN_ENDED_CURRENT_SNAPSHOT,,unknown,,,,,,717,12,0,0,False,False,price_observation,LOW,NOT_SOLVED,ELIGIBLE_ONLY_IF_DATE>=active_from AND DATE<=active_to AND NOT_IN_KNOWN_SUSPENSION_INTERVAL
LTLS,,unknown,LOW,2023-10-09,2026-10-07,2023-10-09,2026-10-07,OPEN_ENDED_CURRENT_SNAPSHOT,,unknown,,,,,,717,12,0,0,False,False,price_observation,LOW,NOT_SOLVED,ELIGIBLE_ONLY_IF_DATE>=active_from AND DATE<=active_to AND NOT_IN_KNOWN_SUSPENSION_INTERVAL
LUCK,,unknown,LOW,2023-10-09,2026-10-07,2023-10-09,2026-10-07,OPEN_ENDED_CURRENT_SNAPSHOT,,unknown,,,,,,716,12,0,0,False,False,price_observation,LOW,NOT_SOLVED,ELIGIBLE_ONLY_IF_DATE>=active_from AND DATE<=active_to AND NOT_IN_KNOWN_SUSPENSION_INTERVAL
LUCY,,unknown,LOW,2023-10-09,2026-10-07,2023-10-09,2026-10-07,OPEN_ENDED_CURRENT_SNAPSHOT,,unknown,,,,,,716,12,0,0,False,False,price_observation,LOW,NOT_SOLVED,ELIGIBLE_ONLY_IF_DATE>=active_from AND DATE<=active_to AND NOT_IN_KNOWN_SUSPENSION_INTERVAL
MAHA,,unknown,LOW,2023-10-09,2026-10-07,2023-10-09,2026-10-07,OPEN_ENDED_CURRENT_SNAPSHOT,,unknown,,,,,,716,12,0,0,False,False,price_observation,LOW,NOT_SOLVED,ELIGIBLE_ONLY_IF_DATE>=active_from AND DATE<=active_to AND NOT_IN_KNOWN_SUSPENSION_INTERVAL
MAIN,,unknown,LOW,2023-10-09,2026-10-07,2023-10-09,2026-10-07,OPEN_ENDED_CURRENT_SNAPSHOT,,unknown,,,,,,717,12,0,0,False,False,price_observation,LOW,NOT_SOLVED,ELIGIBLE_ONLY_IF_DATE>=active_from AND DATE<=active_to AND NOT_IN_KNOWN_SUSPENSION_INTERVAL
MANG,,unknown,LOW,2024-01-11,2026-10-07,2024-01-11,2026-10-07,OPEN_ENDED_CURRENT_SNAPSHOT,,unknown,,,,,,651,12,0,0,False,False,price_observation,LOW,NOT_SOLVED,ELIGIBLE_ONLY_IF_DATE>=active_from AND DATE<=active_to AND NOT_IN_KNOWN_SUSPENSION_INTERVAL
MAPA,,unknown,LOW,2023-10-09,2026-10-07,2023-10-09,2026-10-07,OPEN_ENDED_CURRENT_SNAPSHOT,,unknown,,,,,,716,12,0,0,False,False,price_observation,LOW,NOT_SOLVED,ELIGIBLE_ONLY_IF_DATE>=active_from AND DATE<=active_to AND NOT_IN_KNOWN_SUSPENSION_INTERVAL
MAPB,,unknown,LOW,2023-10-09,2026-10-07,2023-10-09,2026-10-07,OPEN_ENDED_CURRENT_SNAPSHOT,,unknown,,,,,,716,12,0,0,False,False,price_observation,LOW,NOT_SOLVED,ELIGIBLE_ONLY_IF_DATE>=active_from AND DATE<=active_to AND NOT_IN_KNOWN_SUSPENSION_INTERVAL
MAPI,,unknown,LOW,2023-10-09,2026-10-07,2023-10-09,2026-10-07,OPEN_ENDED_CURRENT_SNAPSHOT,,unknown,,,,,,717,12,0,0,False,False,price_observation,LOW,NOT_SOLVED,ELIGIBLE_ONLY_IF_DATE>=active_from AND DATE<=active_to AND NOT_IN_KNOWN_SUSPENSION_INTERVAL
MARI,,unknown,LOW,2023-10-09,2026-10-06,2023-10-09,2026-10-07,OPEN_ENDED_CURRENT_SNAPSHOT,,unknown,,,,,,717,12,0,0,False,False,price_observation,LOW,NOT_SOLVED,ELIGIBLE_ONLY_IF_DATE>=active_from AND DATE<=active_to AND NOT_IN_KNOWN_SUSPENSION_INTERVAL
MARK,,unknown,LOW,2023-10-09,2026-10-07,2023-10-09,2026-10-07,OPEN_ENDED_CURRENT_SNAPSHOT,,unknown,,,,,,716,12,0,0,False,False,price_observation,LOW,NOT_SOLVED,ELIGIBLE_ONLY_IF_DATE>=active_from AND DATE<=active_to AND NOT_IN_KNOWN_SUSPENSION_INTERVAL
MASB,,unknown,LOW,2023-10-09,2026-10-07,2023-10-09,2026-10-07,OPEN_ENDED_CURRENT_SNAPSHOT,,unknown,,,,,,716,12,0,0,False,False,price_observation,LOW,NOT_SOLVED,ELIGIBLE_ONLY_IF_DATE>=active_from AND DATE<=active_to AND NOT_IN_KNOWN_SUSPENSION_INTERVAL
MAXI,,unknown,LOW,2023-10-09,2026-10-07,2023-10-09,2026-10-07,OPEN_ENDED_CURRENT_SNAPSHOT,,unknown,,,,,,716,12,0,0,False,False,price_observation,LOW,NOT_SOLVED,ELIGIBLE_ONLY_IF_DATE>=active_from AND DATE<=active_to AND NOT_IN_KNOWN_SUSPENSION_INTERVAL
MAYA,,unknown,LOW,2010-01-04,2026-10-05,2010-01-04,2026-10-07,OPEN_ENDED_CURRENT_SNAPSHOT,,unknown,,,,,,4120,12,0,0,False,False,price_observation,LOW,NOT_SOLVED,ELIGIBLE_ONLY_IF_DATE>=active_from AND DATE<=active_to AND NOT_IN_KNOWN_SUSPENSION_INTERVAL
MBAP,,unknown,LOW,2023-10-09,2026-10-07,2023-10-09,2026-10-07,OPEN_ENDED_CURRENT_SNAPSHOT,,unknown,,,,,,716,12,0,0,False,False,price_observation,LOW,NOT_SOLVED,ELIGIBLE_ONLY_IF_DATE>=active_from AND DATE<=active_to AND NOT_IN_KNOWN_SUSPENSION_INTERVAL
MBMA,,unknown,LOW,2023-10-09,2026-10-07,2023-10-09,2026-10-07,OPEN_ENDED_CURRENT_SNAPSHOT,,unknown,,,,,,716,12,0,0,False,False,price_observation,LOW,NOT_SOLVED,ELIGIBLE_ONLY_IF_DATE>=active_from AND DATE<=active_to AND NOT_IN_KNOWN_SUSPENSION_INTERVAL
MBSS,,unknown,LOW,2023-10-09,2026-10-07,2023-10-09,2026-10-07,OPEN_ENDED_CURRENT_SNAPSHOT,,unknown,,,,,,716,12,0,0,False,False,price_observation,LOW,NOT_SOLVED,ELIGIBLE_ONLY_IF_DATE>=active_from AND DATE<=active_to AND NOT_IN_KNOWN_SUSPENSION_INTERVAL
MBTO,,unknown,LOW,2023-10-09,2026-10-07,2023-10-09,2026-10-07,OPEN_ENDED_CURRENT_SNAPSHOT,,unknown,,,,,,716,12,0,0,False,False,price_observation,LOW,NOT_SOLVED,ELIGIBLE_ONLY_IF_DATE>=active_from AND DATE<=active_to AND NOT_IN_KNOWN_SUSPENSION_INTERVAL
MCAS,,unknown,LOW,2023-10-09,2026-10-07,2023-10-09,2026-10-07,OPEN_ENDED_CURRENT_SNAPSHOT,,unknown,,,,,,716,12,0,0,False,False,price_observation,LOW,NOT_SOLVED,ELIGIBLE_ONLY_IF_DATE>=active_from AND DATE<=active_to AND NOT_IN_KNOWN_SUSPENSION_INTERVAL
MCOL,,unknown,LOW,2023-10-09,2026-10-07,2023-10-09,2026-10-07,OPEN_ENDED_CURRENT_SNAPSHOT,,unknown,,,,,,716,12,0,0,False,False,price_observation,LOW,NOT_SOLVED,ELIGIBLE_ONLY_IF_DATE>=active_from AND DATE<=active_to AND NOT_IN_KNOWN_SUSPENSION_INTERVAL
MCOR,,unknown,LOW,2023-10-09,2026-10-07,2023-10-09,2026-10-07,OPEN_ENDED_CURRENT_SNAPSHOT,,unknown,,,,,,717,12,0,0,False,False,price_observation,LOW,NOT_SOLVED,ELIGIBLE_ONLY_IF_DATE>=active_from AND DATE<=active_to AND NOT_IN_KNOWN_SUSPENSION_INTERVAL
MDIA,,unknown,LOW,2023-10-09,2026-10-07,2023-10-09,2026-10-07,OPEN_ENDED_CURRENT_SNAPSHOT,,unknown,,,,,,717,12,0,0,False,False,price_observation,LOW,NOT_SOLVED,ELIGIBLE_ONLY_IF_DATE>=active_from AND DATE<=active_to AND NOT_IN_KNOWN_SUSPENSION_INTERVAL
MDIY,,unknown,LOW,2024-12-19,2026-10-07,2024-12-19,2026-10-07,OPEN_ENDED_CURRENT_SNAPSHOT,,unknown,,,,,,427,12,0,0,False,False,price_observation,LOW,NOT_SOLVED,ELIGIBLE_ONLY_IF_DATE>=active_from AND DATE<=active_to AND NOT_IN_KNOWN_SUSPENSION_INTERVAL
MDKA,,unknown,LOW,2023-10-09,2026-10-07,2023-10-09,2026-10-07,OPEN_ENDED_CURRENT_SNAPSHOT,,unknown,,,,,,716,12,0,0,False,False,price_observation,LOW,NOT_SOLVED,ELIGIBLE_ONLY_IF_DATE>=active_from AND DATE<=active_to AND NOT_IN_KNOWN_SUSPENSION_INTERVAL
MDKI,,unknown,LOW,2023-10-09,2026-10-07,2023-10-09,2026-10-07,OPEN_ENDED_CURRENT_SNAPSHOT,,unknown,,,,,,716,12,0,0,False,False,price_observation,LOW,NOT_SOLVED,ELIGIBLE_ONLY_IF_DATE>=active_from AND DATE<=active_to AND NOT_IN_KNOWN_SUSPENSION_INTERVAL
MDLA,,unknown,LOW,2025-04-15,2026-10-07,2025-04-15,2026-10-07,OPEN_ENDED_CURRENT_SNAPSHOT,,unknown,,,,,,358,8,0,0,False,False,price_observation,LOW,NOT_SOLVED,ELIGIBLE_ONLY_IF_DATE>=active_from AND DATE<=active_to AND NOT_IN_KNOWN_SUSPENSION_INTERVAL
MDLN,,unknown,LOW,2023-10-09,2026-10-07,2023-10-09,2026-10-07,OPEN_ENDED_CURRENT_SNAPSHOT,,unknown,,,,,,717,12,0,0,False,False,price_observation,LOW,NOT_SOLVED,ELIGIBLE_ONLY_IF_DATE>=active_from AND DATE<=active_to AND NOT_IN_KNOWN_SUSPENSION_INTERVAL
MDRN,,unknown,LOW,2023-10-09,2026-10-06,2023-10-09,2026-10-07,OPEN_ENDED_CURRENT_SNAPSHOT,,unknown,,,,,,717,12,0,0,False,False,price_observation,LOW,NOT_SOLVED,ELIGIBLE_ONLY_IF_DATE>=active_from AND DATE<=active_to AND NOT_IN_KNOWN_SUSPENSION_INTERVAL
MEDC,,unknown,LOW,2010-01-04,2026-10-05,2010-01-04,2026-10-07,OPEN_ENDED_CURRENT_SNAPSHOT,,unknown,,,,,,4121,12,0,0,False,False,price_observation,LOW,NOT_SOLVED,ELIGIBLE_ONLY_IF_DATE>=active_from AND DATE<=active_to AND NOT_IN_KNOWN_SUSPENSION_INTERVAL
MEDS,,unknown,LOW,2023-10-09,2026-10-07,2023-10-09,2026-10-07,OPEN_ENDED_CURRENT_SNAPSHOT,,unknown,,,,,,716,12,0,0,False,False,price_observation,LOW,NOT_SOLVED,ELIGIBLE_ONLY_IF_DATE>=active_from AND DATE<=active_to AND NOT_IN_KNOWN_SUSPENSION_INTERVAL
MEGA,,unknown,LOW,2010-01-04,2026-10-05,2010-01-04,2026-10-07,OPEN_ENDED_CURRENT_SNAPSHOT,,unknown,,,,,,4120,12,0,0,False,False,price_observation,LOW,NOT_SOLVED,ELIGIBLE_ONLY_IF_DATE>=active_from AND DATE<=active_to AND NOT_IN_KNOWN_SUSPENSION_INTERVAL
MEJA,,unknown,LOW,2024-02-12,2026-10-07,2024-02-12,2026-10-07,OPEN_ENDED_CURRENT_SNAPSHOT,,unknown,,,,,,631,12,0,0,False,False,price_observation,LOW,NOT_SOLVED,ELIGIBLE_ONLY_IF_DATE>=active_from AND DATE<=active_to AND NOT_IN_KNOWN_SUSPENSION_INTERVAL
MENN,,unknown,LOW,2023-10-09,2026-10-06,2023-10-09,2026-10-07,OPEN_ENDED_CURRENT_SNAPSHOT,,unknown,,,,,,720,12,0,0,False,False,price_observation,LOW,NOT_SOLVED,ELIGIBLE_ONLY_IF_DATE>=active_from AND DATE<=active_to AND NOT_IN_KNOWN_SUSPENSION_INTERVAL
MERI,,unknown,LOW,2025-07-10,2026-10-07,2025-07-10,2026-10-07,OPEN_ENDED_CURRENT_SNAPSHOT,,unknown,,,,,,305,8,0,0,False,False,price_observation,LOW,NOT_SOLVED,ELIGIBLE_ONLY_IF_DATE>=active_from AND DATE<=active_to AND NOT_IN_KNOWN_SUSPENSION_INTERVAL
MERK,,unknown,LOW,2010-01-04,2026-10-05,2010-01-04,2026-10-07,OPEN_ENDED_CURRENT_SNAPSHOT,,unknown,,,,,,4121,12,0,0,False,False,price_observation,LOW,NOT_SOLVED,ELIGIBLE_ONLY_IF_DATE>=active_from AND DATE<=active_to AND NOT_IN_KNOWN_SUSPENSION_INTERVAL
MFMI,,unknown,LOW,2023-10-09,2026-10-06,2023-10-09,2026-10-07,OPEN_ENDED_CURRENT_SNAPSHOT,,unknown,,,,,,720,12,0,0,False,False,price_observation,LOW,NOT_SOLVED,ELIGIBLE_ONLY_IF_DATE>=active_from AND DATE<=active_to AND NOT_IN_KNOWN_SUSPENSION_INTERVAL
MGLV,,unknown,LOW,2023-10-09,2026-10-07,2023-10-09,2026-10-07,OPEN_ENDED_CURRENT_SNAPSHOT,,unknown,,,,,,716,12,0,0,False,False,price_observation,LOW,NOT_SOLVED,ELIGIBLE_ONLY_IF_DATE>=active_from AND DATE<=active_to AND NOT_IN_KNOWN_SUSPENSION_INTERVAL
MGNA,,unknown,LOW,2023-10-09,2026-10-07,2023-10-09,2026-10-07,OPEN_ENDED_CURRENT_SNAPSHOT,,unknown,,,,,,716,12,0,0,False,False,price_observation,LOW,NOT_SOLVED,ELIGIBLE_ONLY_IF_DATE>=active_from AND DATE<=active_to AND NOT_IN_KNOWN_SUSPENSION_INTERVAL
MGRO,,unknown,LOW,2023-10-09,2026-10-07,2023-10-09,2026-10-07,OPEN_ENDED_CURRENT_SNAPSHOT,,unknown,,,,,,716,12,0,0,False,False,price_observation,LOW,NOT_SOLVED,ELIGIBLE_ONLY_IF_DATE>=active_from AND DATE<=active_to AND NOT_IN_KNOWN_SUSPENSION_INTERVAL
MHKI,,unknown,LOW,2024-04-16,2026-10-07,2024-04-16,2026-10-07,OPEN_ENDED_CURRENT_SNAPSHOT,,unknown,,,,,,595,12,0,0,False,False,price_observation,LOW,NOT_SOLVED,ELIGIBLE_ONLY_IF_DATE>=active_from AND DATE<=active_to AND NOT_IN_KNOWN_SUSPENSION_INTERVAL
MICE,,unknown,LOW,2023-10-09,2026-10-07,2023-10-09,2026-10-07,OPEN_ENDED_CURRENT_SNAPSHOT,,unknown,,,,,,718,12,0,0,False,False,price_observation,LOW,NOT_SOLVED,ELIGIBLE_ONLY_IF_DATE>=active_from AND DATE<=active_to AND NOT_IN_KNOWN_SUSPENSION_INTERVAL
MIDI,,unknown,LOW,2023-10-09,2026-10-07,2023-10-09,2026-10-07,OPEN_ENDED_CURRENT_SNAPSHOT,,unknown,,,,,,716,12,0,0,False,False,price_observation,LOW,NOT_SOLVED,ELIGIBLE_ONLY_IF_DATE>=active_from AND DATE<=active_to AND NOT_IN_KNOWN_SUSPENSION_INTERVAL
MIKA,,unknown,LOW,2023-10-09,2026-10-07,2023-10-09,2026-10-07,OPEN_ENDED_CURRENT_SNAPSHOT,,unknown,,,,,,716,12,0,0,False,False,price_observation,LOW,NOT_SOLVED,ELIGIBLE_ONLY_IF_DATE>=active_from AND DATE<=active_to AND NOT_IN_KNOWN_SUSPENSION_INTERVAL
MINA,,unknown,LOW,2023-10-09,2026-10-07,2023-10-09,2026-10-07,OPEN_ENDED_CURRENT_SNAPSHOT,,unknown,,,,,,716,12,0,0,False,False,price_observation,LOW,NOT_SOLVED,ELIGIBLE_ONLY_IF_DATE>=active_from AND DATE<=active_to AND NOT_IN_KNOWN_SUSPENSION_INTERVAL
MINE,,unknown,LOW,2025-03-10,2026-10-07,2025-03-10,2026-10-07,OPEN_ENDED_CURRENT_SNAPSHOT,,unknown,,,,,,377,12,0,0,False,False,price_observation,LOW,NOT_SOLVED,ELIGIBLE_ONLY_IF_DATE>=active_from AND DATE<=active_to AND NOT_IN_KNOWN_SUSPENSION_INTERVAL
MIRA,,unknown,LOW,2023-10-09,2026-10-07,2023-10-09,2026-10-07,OPEN_ENDED_CURRENT_SNAPSHOT,,unknown,,,,,,716,12,0,0,False,False,price_observation,LOW,NOT_SOLVED,ELIGIBLE_ONLY_IF_DATE>=active_from AND DATE<=active_to AND NOT_IN_KNOWN_SUSPENSION_INTERVAL
MITI,,unknown,LOW,2023-10-09,2026-10-07,2023-10-09,2026-10-07,OPEN_ENDED_CURRENT_SNAPSHOT,,unknown,,,,,,716,12,0,0,False,False,price_observation,LOW,NOT_SOLVED,ELIGIBLE_ONLY_IF_DATE>=active_from AND DATE<=active_to AND NOT_IN_KNOWN_SUSPENSION_INTERVAL
MKAP,,unknown,LOW,2024-02-12,2026-10-07,2024-02-12,2026-10-07,OPEN_ENDED_CURRENT_SNAPSHOT,,unknown,,,,,,631,12,0,0,False,False,price_observation,LOW,NOT_SOLVED,ELIGIBLE_ONLY_IF_DATE>=active_from AND DATE<=active_to AND NOT_IN_KNOWN_SUSPENSION_INTERVAL
MKNT,,unknown,LOW,2023-10-09,2026-10-06,2023-10-09,2026-10-07,OPEN_ENDED_CURRENT_SNAPSHOT,,unknown,,,,,,720,12,0,0,False,False,price_observation,LOW,NOT_SOLVED,ELIGIBLE_ONLY_IF_DATE>=active_from AND DATE<=active_to AND NOT_IN_KNOWN_SUSPENSION_INTERVAL
MKPI,,unknown,LOW,2023-10-09,2026-10-07,2023-10-09,2026-10-07,OPEN_ENDED_CURRENT_SNAPSHOT,,unknown,,,,,,716,12,0,0,False,False,price_observation,LOW,NOT_SOLVED,ELIGIBLE_ONLY_IF_DATE>=active_from AND DATE<=active_to AND NOT_IN_KNOWN_SUSPENSION_INTERVAL
MKTR,,unknown,LOW,2023-10-09,2026-10-07,2023-10-09,2026-10-07,OPEN_ENDED_CURRENT_SNAPSHOT,,unknown,,,,,,716,12,0,0,False,False,price_observation,LOW,NOT_SOLVED,ELIGIBLE_ONLY_IF_DATE>=active_from AND DATE<=active_to AND NOT_IN_KNOWN_SUSPENSION_INTERVAL
MLBI,,unknown,LOW,2010-01-04,2026-10-05,2010-01-04,2026-10-07,OPEN_ENDED_CURRENT_SNAPSHOT,,unknown,,,,,,4121,12,0,0,False,False,price_observation,LOW,NOT_SOLVED,ELIGIBLE_ONLY_IF_DATE>=active_from AND DATE<=active_to AND NOT_IN_KNOWN_SUSPENSION_INTERVAL
MLIA,,unknown,LOW,2023-10-09,2026-10-07,2023-10-09,2026-10-07,OPEN_ENDED_CURRENT_SNAPSHOT,,unknown,,,,,,717,12,0,0,False,False,price_observation,LOW,NOT_SOLVED,ELIGIBLE_ONLY_IF_DATE>=active_from AND DATE<=active_to AND NOT_IN_KNOWN_SUSPENSION_INTERVAL
MLPL,,unknown,LOW,2023-10-09,2026-10-07,2023-10-09,2026-10-07,OPEN_ENDED_CURRENT_SNAPSHOT,,unknown,,,,,,717,12,0,0,False,False,price_observation,LOW,NOT_SOLVED,ELIGIBLE_ONLY_IF_DATE>=active_from AND DATE<=active_to AND NOT_IN_KNOWN_SUSPENSION_INTERVAL
MLPT,,unknown,LOW,2013-07-08,2026-10-05,2013-07-08,2026-10-07,OPEN_ENDED_CURRENT_SNAPSHOT,,unknown,,,,,,3246,12,0,0,False,False,price_observation,LOW,NOT_SOLVED,ELIGIBLE_ONLY_IF_DATE>=active_from AND DATE<=active_to AND NOT_IN_KNOWN_SUSPENSION_INTERVAL
MMIX,,unknown,LOW,2023-10-09,2026-10-07,2023-10-09,2026-10-07,OPEN_ENDED_CURRENT_SNAPSHOT,,unknown,,,,,,717,12,0,0,False,False,price_observation,LOW,NOT_SOLVED,ELIGIBLE_ONLY_IF_DATE>=active_from AND DATE<=active_to AND NOT_IN_KNOWN_SUSPENSION_INTERVAL
MMLP,,unknown,LOW,2023-10-09,2026-10-07,2023-10-09,2026-10-07,OPEN_ENDED_CURRENT_SNAPSHOT,,unknown,,,,,,716,12,0,0,False,False,price_observation,LOW,NOT_SOLVED,ELIGIBLE_ONLY_IF_DATE>=active_from AND DATE<=active_to AND NOT_IN_KNOWN_SUSPENSION_INTERVAL
MNCN,,unknown,LOW,2023-10-09,2026-10-07,2023-10-09,2026-10-07,OPEN_ENDED_CURRENT_SNAPSHOT,,unknown,,,,,,717,12,0,0,False,False,price_observation,LOW,NOT_SOLVED,ELIGIBLE_ONLY_IF_DATE>=active_from AND DATE<=active_to AND NOT_IN_KNOWN_SUSPENSION_INTERVAL
MOLI,,unknown,LOW,2023-10-09,2026-10-07,2023-10-09,2026-10-07,OPEN_ENDED_CURRENT_SNAPSHOT,,unknown,,,,,,716,12,0,0,False,False,price_observation,LOW,NOT_SOLVED,ELIGIBLE_ONLY_IF_DATE>=active_from AND DATE<=active_to AND NOT_IN_KNOWN_SUSPENSION_INTERVAL
MORA,,unknown,LOW,2023-10-09,2026-10-07,2023-10-09,2026-10-07,OPEN_ENDED_CURRENT_SNAPSHOT,,unknown,,,,,,716,12,0,0,False,False,price_observation,LOW,NOT_SOLVED,ELIGIBLE_ONLY_IF_DATE>=active_from AND DATE<=active_to AND NOT_IN_KNOWN_SUSPENSION_INTERVAL
MPMX,,unknown,LOW,2023-10-09,2026-10-07,2023-10-09,2026-10-07,OPEN_ENDED_CURRENT_SNAPSHOT,,unknown,,,,,,716,12,0,0,False,False,price_observation,LOW,NOT_SOLVED,ELIGIBLE_ONLY_IF_DATE>=active_from AND DATE<=active_to AND NOT_IN_KNOWN_SUSPENSION_INTERVAL
MPOW,,unknown,LOW,2023-10-09,2026-10-07,2023-10-09,2026-10-07,OPEN_ENDED_CURRENT_SNAPSHOT,,unknown,,,,,,716,12,0,0,False,False,price_observation,LOW,NOT_SOLVED,ELIGIBLE_ONLY_IF_DATE>=active_from AND DATE<=active_to AND NOT_IN_KNOWN_SUSPENSION_INTERVAL
MPPA,,unknown,LOW,2023-10-09,2026-10-07,2023-10-09,2026-10-07,OPEN_ENDED_CURRENT_SNAPSHOT,,unknown,,,,,,717,12,0,0,False,False,price_observation,LOW,NOT_SOLVED,ELIGIBLE_ONLY_IF_DATE>=active_from AND DATE<=active_to AND NOT_IN_KNOWN_SUSPENSION_INTERVAL
MPRO,,unknown,LOW,2023-10-09,2026-10-07,2023-10-09,2026-10-07,OPEN_ENDED_CURRENT_SNAPSHOT,,unknown,,,,,,718,12,0,0,False,False,price_observation,LOW,NOT_SOLVED,ELIGIBLE_ONLY_IF_DATE>=active_from AND DATE<=active_to AND NOT_IN_KNOWN_SUSPENSION_INTERVAL
MPXL,,unknown,LOW,2023-10-09,2026-10-07,2023-10-09,2026-10-07,OPEN_ENDED_CURRENT_SNAPSHOT,,unknown,,,,,,716,12,0,0,False,False,price_observation,LOW,NOT_SOLVED,ELIGIBLE_ONLY_IF_DATE>=active_from AND DATE<=active_to AND NOT_IN_KNOWN_SUSPENSION_INTERVAL
MRAT,,unknown,LOW,2023-10-09,2026-10-07,2023-10-09,2026-10-07,OPEN_ENDED_CURRENT_SNAPSHOT,,unknown,,,,,,717,12,0,0,False,False,price_observation,LOW,NOT_SOLVED,ELIGIBLE_ONLY_IF_DATE>=active_from AND DATE<=active_to AND NOT_IN_KNOWN_SUSPENSION_INTERVAL
MREI,,unknown,LOW,2023-10-09,2026-10-06,2023-10-09,2026-10-07,OPEN_ENDED_CURRENT_SNAPSHOT,,unknown,,,,,,717,12,0,0,False,False,price_observation,LOW,NOT_SOLVED,ELIGIBLE_ONLY_IF_DATE>=active_from AND DATE<=active_to AND NOT_IN_KNOWN_SUSPENSION_INTERVAL
MSIE,,unknown,LOW,2023-10-09,2026-10-07,2023-10-09,2026-10-07,OPEN_ENDED_CURRENT_SNAPSHOT,,unknown,,,,,,717,12,0,0,False,False,price_observation,LOW,NOT_SOLVED,ELIGIBLE_ONLY_IF_DATE>=active_from AND DATE<=active_to AND NOT_IN_KNOWN_SUSPENSION_INTERVAL
MSIN,,unknown,LOW,2023-10-09,2026-10-07,2023-10-09,2026-10-07,OPEN_ENDED_CURRENT_SNAPSHOT,,unknown,,,,,,716,12,0,0,False,False,price_observation,LOW,NOT_SOLVED,ELIGIBLE_ONLY_IF_DATE>=active_from AND DATE<=active_to AND NOT_IN_KNOWN_SUSPENSION_INTERVAL
MSJA,,unknown,LOW,2024-01-10,2026-10-07,2024-01-10,2026-10-07,OPEN_ENDED_CURRENT_SNAPSHOT,,unknown,,,,,,652,12,0,0,False,False,price_observation,LOW,NOT_SOLVED,ELIGIBLE_ONLY_IF_DATE>=active_from AND DATE<=active_to AND NOT_IN_KNOWN_SUSPENSION_INTERVAL
MSKY,,unknown,LOW,2023-10-09,2026-10-07,2023-10-09,2026-10-07,OPEN_ENDED_CURRENT_SNAPSHOT,,unknown,,,,,,716,12,0,0,False,False,price_observation,LOW,NOT_SOLVED,ELIGIBLE_ONLY_IF_DATE>=active_from AND DATE<=active_to AND NOT_IN_KNOWN_SUSPENSION_INTERVAL
MSTI,,unknown,LOW,2023-11-08,2026-10-07,2023-11-08,2026-10-07,OPEN_ENDED_CURRENT_SNAPSHOT,,unknown,,,,,,694,12,0,0,False,False,price_observation,LOW,NOT_SOLVED,ELIGIBLE_ONLY_IF_DATE>=active_from AND DATE<=active_to AND NOT_IN_KNOWN_SUSPENSION_INTERVAL
MTDL,,unknown,LOW,2010-01-04,2026-10-05,2010-01-04,2026-10-07,OPEN_ENDED_CURRENT_SNAPSHOT,,unknown,,,,,,4121,12,0,0,False,False,price_observation,LOW,NOT_SOLVED,ELIGIBLE_ONLY_IF_DATE>=active_from AND DATE<=active_to AND NOT_IN_KNOWN_SUSPENSION_INTERVAL
MTEL,,unknown,LOW,2023-10-09,2026-10-07,2023-10-09,2026-10-07,OPEN_ENDED_CURRENT_SNAPSHOT,,unknown,,,,,,716,12,0,0,False,False,price_observation,LOW,NOT_SOLVED,ELIGIBLE_ONLY_IF_DATE>=active_from AND DATE<=active_to AND NOT_IN_KNOWN_SUSPENSION_INTERVAL
MTFN,,unknown,LOW,2023-10-09,2026-10-06,2023-10-09,2026-10-07,OPEN_ENDED_CURRENT_SNAPSHOT,,unknown,,,,,,717,12,0,0,False,False,price_observation,LOW,NOT_SOLVED,ELIGIBLE_ONLY_IF_DATE>=active_from AND DATE<=active_to AND NOT_IN_KNOWN_SUSPENSION_INTERVAL
MTLA,,unknown,LOW,2023-10-09,2026-10-07,2023-10-09,2026-10-07,OPEN_ENDED_CURRENT_SNAPSHOT,,unknown,,,,,,716,12,0,0,False,False,price_observation,LOW,NOT_SOLVED,ELIGIBLE_ONLY_IF_DATE>=active_from AND DATE<=active_to AND NOT_IN_KNOWN_SUSPENSION_INTERVAL
MTMH,,unknown,LOW,2023-10-09,2026-10-07,2023-10-09,2026-10-07,OPEN_ENDED_CURRENT_SNAPSHOT,,unknown,,,,,,716,12,0,0,False,False,price_observation,LOW,NOT_SOLVED,ELIGIBLE_ONLY_IF_DATE>=active_from AND DATE<=active_to AND NOT_IN_KNOWN_SUSPENSION_INTERVAL
MTPS,,unknown,LOW,2023-10-09,2026-10-06,2023-10-09,2026-10-07,OPEN_ENDED_CURRENT_SNAPSHOT,,unknown,,,,,,720,12,0,0,False,False,price_observation,LOW,NOT_SOLVED,ELIGIBLE_ONLY_IF_DATE>=active_from AND DATE<=active_to AND NOT_IN_KNOWN_SUSPENSION_INTERVAL
MTSM,,unknown,LOW,2023-10-09,2026-10-06,2023-10-09,2026-10-07,OPEN_ENDED_CURRENT_SNAPSHOT,,unknown,,,,,,720,12,0,0,False,False,price_observation,LOW,NOT_SOLVED,ELIGIBLE_ONLY_IF_DATE>=active_from AND DATE<=active_to AND NOT_IN_KNOWN_SUSPENSION_INTERVAL
MTWI,,unknown,LOW,2023-10-09,2026-10-07,2023-10-09,2026-10-07,OPEN_ENDED_CURRENT_SNAPSHOT,,unknown,,,,,,716,12,0,0,False,False,price_observation,LOW,NOT_SOLVED,ELIGIBLE_ONLY_IF_DATE>=active_from AND DATE<=active_to AND NOT_IN_KNOWN_SUSPENSION_INTERVAL
MUTU,,unknown,LOW,2023-10-09,2026-10-07,2023-10-09,2026-10-07,OPEN_ENDED_CURRENT_SNAPSHOT,,unknown,,,,,,716,12,0,0,False,False,price_observation,LOW,NOT_SOLVED,ELIGIBLE_ONLY_IF_DATE>=active_from AND DATE<=active_to AND NOT_IN_KNOWN_SUSPENSION_INTERVAL
MYOH,,unknown,LOW,2023-10-09,2026-10-07,2023-10-09,2026-10-07,OPEN_ENDED_CURRENT_SNAPSHOT,,unknown,,,,,,716,12,0,0,False,False,price_observation,LOW,NOT_SOLVED,ELIGIBLE_ONLY_IF_DATE>=active_from AND DATE<=active_to AND NOT_IN_KNOWN_SUSPENSION_INTERVAL
MYOR,,unknown,LOW,2010-01-04,2026-10-05,2010-01-04,2026-10-07,OPEN_ENDED_CURRENT_SNAPSHOT,,unknown,,,,,,4121,12,0,0,False,False,price_observation,LOW,NOT_SOLVED,ELIGIBLE_ONLY_IF_DATE>=active_from AND DATE<=active_to AND NOT_IN_KNOWN_SUSPENSION_INTERVAL
MYTX,,unknown,LOW,2023-10-09,2026-10-06,2023-10-09,2026-10-07,OPEN_ENDED_CURRENT_SNAPSHOT,,unknown,,,,,,717,12,0,0,False,False,price_observation,LOW,NOT_SOLVED,ELIGIBLE_ONLY_IF_DATE>=active_from AND DATE<=active_to AND NOT_IN_KNOWN_SUSPENSION_INTERVAL
NAIK,,unknown,LOW,2024-11-13,2026-10-07,2024-11-13,2026-10-07,OPEN_ENDED_CURRENT_SNAPSHOT,,unknown,,,,,,452,12,0,0,False,False,price_observation,LOW,NOT_SOLVED,ELIGIBLE_ONLY_IF_DATE>=active_from AND DATE<=active_to AND NOT_IN_KNOWN_SUSPENSION_INTERVAL
NANO,,unknown,LOW,2023-10-09,2026-10-07,2023-10-09,2026-10-07,OPEN_ENDED_CURRENT_SNAPSHOT,,unknown,,,,,,716,12,0,0,False,False,price_observation,LOW,NOT_SOLVED,ELIGIBLE_ONLY_IF_DATE>=active_from AND DATE<=active_to AND NOT_IN_KNOWN_SUSPENSION_INTERVAL
NASA,,unknown,LOW,2023-10-09,2026-10-07,2023-10-09,2026-10-07,OPEN_ENDED_CURRENT_SNAPSHOT,,unknown,,,,,,716,12,0,0,False,False,price_observation,LOW,NOT_SOLVED,ELIGIBLE_ONLY_IF_DATE>=active_from AND DATE<=active_to AND NOT_IN_KNOWN_SUSPENSION_INTERVAL
NASI,,unknown,LOW,2023-10-09,2026-10-07,2023-10-09,2026-10-07,OPEN_ENDED_CURRENT_SNAPSHOT,,unknown,,,,,,716,12,0,0,False,False,price_observation,LOW,NOT_SOLVED,ELIGIBLE_ONLY_IF_DATE>=active_from AND DATE<=active_to AND NOT_IN_KNOWN_SUSPENSION_INTERVAL
NATO,,unknown,LOW,2023-10-09,2026-10-07,2023-10-09,2026-10-07,OPEN_ENDED_CURRENT_SNAPSHOT,,unknown,,,,,,716,12,0,0,False,False,price_observation,LOW,NOT_SOLVED,ELIGIBLE_ONLY_IF_DATE>=active_from AND DATE<=active_to AND NOT_IN_KNOWN_SUSPENSION_INTERVAL
NAYZ,,unknown,LOW,2023-10-09,2026-10-07,2023-10-09,2026-10-07,OPEN_ENDED_CURRENT_SNAPSHOT,,unknown,,,,,,716,12,0,0,False,False,price_observation,LOW,NOT_SOLVED,ELIGIBLE_ONLY_IF_DATE>=active_from AND DATE<=active_to AND NOT_IN_KNOWN_SUSPENSION_INTERVAL
NCKL,,unknown,LOW,2023-10-09,2026-10-07,2023-10-09,2026-10-07,OPEN_ENDED_CURRENT_SNAPSHOT,,unknown,,,,,,716,12,0,0,False,False,price_observation,LOW,NOT_SOLVED,ELIGIBLE_ONLY_IF_DATE>=active_from AND DATE<=active_to AND NOT_IN_KNOWN_SUSPENSION_INTERVAL
NELY,,unknown,LOW,2023-10-09,2026-10-07,2023-10-09,2026-10-07,OPEN_ENDED_CURRENT_SNAPSHOT,,unknown,,,,,,716,12,0,0,False,False,price_observation,LOW,NOT_SOLVED,ELIGIBLE_ONLY_IF_DATE>=active_from AND DATE<=active_to AND NOT_IN_KNOWN_SUSPENSION_INTERVAL
NEST,,unknown,LOW,2024-08-08,2026-10-07,2024-08-08,2026-10-07,OPEN_ENDED_CURRENT_SNAPSHOT,,unknown,,,,,,520,12,0,0,False,False,price_observation,LOW,NOT_SOLVED,ELIGIBLE_ONLY_IF_DATE>=active_from AND DATE<=active_to AND NOT_IN_KNOWN_SUSPENSION_INTERVAL
NETV,,unknown,LOW,2023-10-09,2026-10-07,2023-10-09,2026-10-07,OPEN_ENDED_CURRENT_SNAPSHOT,,unknown,,,,,,716,12,0,0,False,False,price_observation,LOW,NOT_SOLVED,ELIGIBLE_ONLY_IF_DATE>=active_from AND DATE<=active_to AND NOT_IN_KNOWN_SUSPENSION_INTERVAL
NFCX,,unknown,LOW,2023-10-09,2026-10-07,2023-10-09,2026-10-07,OPEN_ENDED_CURRENT_SNAPSHOT,,unknown,,,,,,716,12,0,0,False,False,price_observation,LOW,NOT_SOLVED,ELIGIBLE_ONLY_IF_DATE>=active_from AND DATE<=active_to AND NOT_IN_KNOWN_SUSPENSION_INTERVAL
NICE,,unknown,LOW,2024-01-09,2026-10-07,2024-01-09,2026-10-07,OPEN_ENDED_CURRENT_SNAPSHOT,,unknown,,,,,,653,12,0,0,False,False,price_observation,LOW,NOT_SOLVED,ELIGIBLE_ONLY_IF_DATE>=active_from AND DATE<=active_to AND NOT_IN_KNOWN_SUSPENSION_INTERVAL
NICK,,unknown,LOW,2023-10-09,2026-10-06,2023-10-09,2026-10-07,OPEN_ENDED_CURRENT_SNAPSHOT,,unknown,,,,,,715,12,0,0,False,False,price_observation,LOW,NOT_SOLVED,ELIGIBLE_ONLY_IF_DATE>=active_from AND DATE<=active_to AND NOT_IN_KNOWN_SUSPENSION_INTERVAL
NICL,,unknown,LOW,2023-10-09,2026-10-07,2023-10-09,2026-10-07,OPEN_ENDED_CURRENT_SNAPSHOT,,unknown,,,,,,716,12,0,0,False,False,price_observation,LOW,NOT_SOLVED,ELIGIBLE_ONLY_IF_DATE>=active_from AND DATE<=active_to AND NOT_IN_KNOWN_SUSPENSION_INTERVAL
NIKL,,unknown,LOW,2023-10-09,2026-10-07,2023-10-09,2026-10-07,OPEN_ENDED_CURRENT_SNAPSHOT,,unknown,,,,,,716,12,0,0,False,False,price_observation,LOW,NOT_SOLVED,ELIGIBLE_ONLY_IF_DATE>=active_from AND DATE<=active_to AND NOT_IN_KNOWN_SUSPENSION_INTERVAL
NINE,,unknown,LOW,2023-10-09,2026-10-07,2023-10-09,2026-10-07,OPEN_ENDED_CURRENT_SNAPSHOT,,unknown,,,,,,716,12,0,0,False,False,price_observation,LOW,NOT_SOLVED,ELIGIBLE_ONLY_IF_DATE>=active_from AND DATE<=active_to AND NOT_IN_KNOWN_SUSPENSION_INTERVAL
NIRO,,unknown,LOW,2023-10-09,2026-10-07,2023-10-09,2026-10-07,OPEN_ENDED_CURRENT_SNAPSHOT,,unknown,,,,,,716,12,0,0,False,False,price_observation,LOW,NOT_SOLVED,ELIGIBLE_ONLY_IF_DATE>=active_from AND DATE<=active_to AND NOT_IN_KNOWN_SUSPENSION_INTERVAL
NISP,,unknown,LOW,2010-01-04,2026-10-05,2010-01-04,2026-10-07,OPEN_ENDED_CURRENT_SNAPSHOT,,unknown,,,,,,4121,12,0,0,False,False,price_observation,LOW,NOT_SOLVED,ELIGIBLE_ONLY_IF_DATE>=active_from AND DATE<=active_to AND NOT_IN_KNOWN_SUSPENSION_INTERVAL
NOBU,,unknown,LOW,2013-05-20,2026-10-05,2013-05-20,2026-10-07,OPEN_ENDED_CURRENT_SNAPSHOT,,unknown,,,,,,3287,12,0,0,False,False,price_observation,LOW,NOT_SOLVED,ELIGIBLE_ONLY_IF_DATE>=active_from AND DATE<=active_to AND NOT_IN_KNOWN_SUSPENSION_INTERVAL
NPGF,,unknown,LOW,2023-10-09,2026-10-07,2023-10-09,2026-10-07,OPEN_ENDED_CURRENT_SNAPSHOT,,unknown,,,,,,716,12,0,0,False,False,price_observation,LOW,NOT_SOLVED,ELIGIBLE_ONLY_IF_DATE>=active_from AND DATE<=active_to AND NOT_IN_KNOWN_SUSPENSION_INTERVAL
NRCA,,unknown,LOW,2023-10-09,2026-10-07,2023-10-09,2026-10-07,OPEN_ENDED_CURRENT_SNAPSHOT,,unknown,,,,,,716,12,0,0,False,False,price_observation,LOW,NOT_SOLVED,ELIGIBLE_ONLY_IF_DATE>=active_from AND DATE<=active_to AND NOT_IN_KNOWN_SUSPENSION_INTERVAL
NSSS,,unknown,LOW,2023-10-09,2026-10-07,2023-10-09,2026-10-07,OPEN_ENDED_CURRENT_SNAPSHOT,,unknown,,,,,,716,12,0,0,False,False,price_observation,LOW,NOT_SOLVED,ELIGIBLE_ONLY_IF_DATE>=active_from AND DATE<=active_to AND NOT_IN_KNOWN_SUSPENSION_INTERVAL
NTBK,,unknown,LOW,2023-10-09,2026-10-07,2023-10-09,2026-10-07,OPEN_ENDED_CURRENT_SNAPSHOT,,unknown,,,,,,716,12,0,0,False,False,price_observation,LOW,NOT_SOLVED,ELIGIBLE_ONLY_IF_DATE>=active_from AND DATE<=active_to AND NOT_IN_KNOWN_SUSPENSION_INTERVAL
NZIA,,unknown,LOW,2023-10-09,2026-10-07,2023-10-09,2026-10-07,OPEN_ENDED_CURRENT_SNAPSHOT,,unknown,,,,,,716,12,0,0,False,False,price_observation,LOW,NOT_SOLVED,ELIGIBLE_ONLY_IF_DATE>=active_from AND DATE<=active_to AND NOT_IN_KNOWN_SUSPENSION_INTERVAL
OASA,,unknown,LOW,2023-10-09,2026-10-07,2023-10-09,2026-10-07,OPEN_ENDED_CURRENT_SNAPSHOT,,unknown,,,,,,716,12,0,0,False,False,price_observation,LOW,NOT_SOLVED,ELIGIBLE_ONLY_IF_DATE>=active_from AND DATE<=active_to AND NOT_IN_KNOWN_SUSPENSION_INTERVAL
OBAT,,unknown,LOW,2025-01-13,2026-10-07,2025-01-13,2026-10-07,OPEN_ENDED_CURRENT_SNAPSHOT,,unknown,,,,,,414,12,0,0,False,False,price_observation,LOW,NOT_SOLVED,ELIGIBLE_ONLY_IF_DATE>=active_from AND DATE<=active_to AND NOT_IN_KNOWN_SUSPENSION_INTERVAL
OBMD,,unknown,LOW,2023-10-09,2026-10-07,2023-10-09,2026-10-07,OPEN_ENDED_CURRENT_SNAPSHOT,,unknown,,,,,,716,12,0,0,False,False,price_observation,LOW,NOT_SOLVED,ELIGIBLE_ONLY_IF_DATE>=active_from AND DATE<=active_to AND NOT_IN_KNOWN_SUSPENSION_INTERVAL
OILS,,unknown,LOW,2023-10-09,2026-10-07,2023-10-09,2026-10-07,OPEN_ENDED_CURRENT_SNAPSHOT,,unknown,,,,,,716,12,0,0,False,False,price_observation,LOW,NOT_SOLVED,ELIGIBLE_ONLY_IF_DATE>=active_from AND DATE<=active_to AND NOT_IN_KNOWN_SUSPENSION_INTERVAL
OKAS,,unknown,LOW,2023-10-09,2026-10-07,2023-10-09,2026-10-07,OPEN_ENDED_CURRENT_SNAPSHOT,,unknown,,,,,,716,12,0,0,False,False,price_observation,LOW,NOT_SOLVED,ELIGIBLE_ONLY_IF_DATE>=active_from AND DATE<=active_to AND NOT_IN_KNOWN_SUSPENSION_INTERVAL
OLIV,,unknown,LOW,2023-10-09,2026-10-07,2023-10-09,2026-10-07,OPEN_ENDED_CURRENT_SNAPSHOT,,unknown,,,,,,716,12,0,0,False,False,price_observation,LOW,NOT_SOLVED,ELIGIBLE_ONLY_IF_DATE>=active_from AND DATE<=active_to AND NOT_IN_KNOWN_SUSPENSION_INTERVAL
OMED,,unknown,LOW,2023-10-09,2026-10-07,2023-10-09,2026-10-07,OPEN_ENDED_CURRENT_SNAPSHOT,,unknown,,,,,,716,12,0,0,False,False,price_observation,LOW,NOT_SOLVED,ELIGIBLE_ONLY_IF_DATE>=active_from AND DATE<=active_to AND NOT_IN_KNOWN_SUSPENSION_INTERVAL
OMRE,,unknown,LOW,2023-10-09,2026-10-07,2023-10-09,2026-10-07,OPEN_ENDED_CURRENT_SNAPSHOT,,unknown,,,,,,717,12,0,0,False,False,price_observation,LOW,NOT_SOLVED,ELIGIBLE_ONLY_IF_DATE>=active_from AND DATE<=active_to AND NOT_IN_KNOWN_SUSPENSION_INTERVAL
OPMS,,unknown,LOW,2023-10-09,2026-10-07,2023-10-09,2026-10-07,OPEN_ENDED_CURRENT_SNAPSHOT,,unknown,,,,,,716,12,0,0,False,False,price_observation,LOW,NOT_SOLVED,ELIGIBLE_ONLY_IF_DATE>=active_from AND DATE<=active_to AND NOT_IN_KNOWN_SUSPENSION_INTERVAL
PACK,,unknown,LOW,2023-10-09,2026-10-07,2023-10-09,2026-10-07,OPEN_ENDED_CURRENT_SNAPSHOT,,unknown,,,,,,716,12,0,0,False,False,price_observation,LOW,NOT_SOLVED,ELIGIBLE_ONLY_IF_DATE>=active_from AND DATE<=active_to AND NOT_IN_KNOWN_SUSPENSION_INTERVAL
PADA,,unknown,LOW,2023-10-09,2026-10-07,2023-10-09,2026-10-07,OPEN_ENDED_CURRENT_SNAPSHOT,,unknown,,,,,,716,12,0,0,False,False,price_observation,LOW,NOT_SOLVED,ELIGIBLE_ONLY_IF_DATE>=active_from AND DATE<=active_to AND NOT_IN_KNOWN_SUSPENSION_INTERVAL
PADI,,unknown,LOW,2023-10-09,2026-10-07,2023-10-09,2026-10-07,OPEN_ENDED_CURRENT_SNAPSHOT,,unknown,,,,,,716,12,0,0,False,False,price_observation,LOW,NOT_SOLVED,ELIGIBLE_ONLY_IF_DATE>=active_from AND DATE<=active_to AND NOT_IN_KNOWN_SUSPENSION_INTERVAL
PALM,,unknown,LOW,2023-10-09,2026-10-07,2023-10-09,2026-10-07,OPEN_ENDED_CURRENT_SNAPSHOT,,unknown,,,,,,716,12,0,0,False,False,price_observation,LOW,NOT_SOLVED,ELIGIBLE_ONLY_IF_DATE>=active_from AND DATE<=active_to AND NOT_IN_KNOWN_SUSPENSION_INTERVAL
PAMG,,unknown,LOW,2023-10-09,2026-10-07,2023-10-09,2026-10-07,OPEN_ENDED_CURRENT_SNAPSHOT,,unknown,,,,,,716,12,0,0,False,False,price_observation,LOW,NOT_SOLVED,ELIGIBLE_ONLY_IF_DATE>=active_from AND DATE<=active_to AND NOT_IN_KNOWN_SUSPENSION_INTERVAL
PANI,,unknown,LOW,2018-09-18,2026-10-05,2018-09-18,2026-10-07,OPEN_ENDED_CURRENT_SNAPSHOT,,unknown,,,,,,1963,12,0,0,False,False,price_observation,LOW,NOT_SOLVED,ELIGIBLE_ONLY_IF_DATE>=active_from AND DATE<=active_to AND NOT_IN_KNOWN_SUSPENSION_INTERVAL
PANR,,unknown,LOW,2023-10-09,2026-10-07,2023-10-09,2026-10-07,OPEN_ENDED_CURRENT_SNAPSHOT,,unknown,,,,,,716,12,0,0,False,False,price_observation,LOW,NOT_SOLVED,ELIGIBLE_ONLY_IF_DATE>=active_from AND DATE<=active_to AND NOT_IN_KNOWN_SUSPENSION_INTERVAL
PANS,,unknown,LOW,2023-10-09,2026-10-07,2023-10-09,2026-10-07,OPEN_ENDED_CURRENT_SNAPSHOT,,unknown,,,,,,716,12,0,0,False,False,price_observation,LOW,NOT_SOLVED,ELIGIBLE_ONLY_IF_DATE>=active_from AND DATE<=active_to AND NOT_IN_KNOWN_SUSPENSION_INTERVAL
PART,,unknown,LOW,2024-07-05,2026-10-07,2024-07-05,2026-10-07,OPEN_ENDED_CURRENT_SNAPSHOT,,unknown,,,,,,544,12,0,0,False,False,price_observation,LOW,NOT_SOLVED,ELIGIBLE_ONLY_IF_DATE>=active_from AND DATE<=active_to AND NOT_IN_KNOWN_SUSPENSION_INTERVAL
PBID,,unknown,LOW,2023-10-09,2026-10-07,2023-10-09,2026-10-07,OPEN_ENDED_CURRENT_SNAPSHOT,,unknown,,,,,,716,12,0,0,False,False,price_observation,LOW,NOT_SOLVED,ELIGIBLE_ONLY_IF_DATE>=active_from AND DATE<=active_to AND NOT_IN_KNOWN_SUSPENSION_INTERVAL
PBRX,,unknown,LOW,2023-10-09,2026-10-07,2023-10-09,2026-10-07,OPEN_ENDED_CURRENT_SNAPSHOT,,unknown,,,,,,717,12,0,0,False,False,price_observation,LOW,NOT_SOLVED,ELIGIBLE_ONLY_IF_DATE>=active_from AND DATE<=active_to AND NOT_IN_KNOWN_SUSPENSION_INTERVAL
PBSA,,unknown,LOW,2023-10-09,2026-10-07,2023-10-09,2026-10-07,OPEN_ENDED_CURRENT_SNAPSHOT,,unknown,,,,,,716,12,0,0,False,False,price_observation,LOW,NOT_SOLVED,ELIGIBLE_ONLY_IF_DATE>=active_from AND DATE<=active_to AND NOT_IN_KNOWN_SUSPENSION_INTERVAL
PCAR,,unknown,LOW,2023-10-09,2026-10-07,2023-10-09,2026-10-07,OPEN_ENDED_CURRENT_SNAPSHOT,,unknown,,,,,,716,12,0,0,False,False,price_observation,LOW,NOT_SOLVED,ELIGIBLE_ONLY_IF_DATE>=active_from AND DATE<=active_to AND NOT_IN_KNOWN_SUSPENSION_INTERVAL
PDES,,unknown,LOW,2023-10-09,2026-10-07,2023-10-09,2026-10-07,OPEN_ENDED_CURRENT_SNAPSHOT,,unknown,,,,,,716,12,0,0,False,False,price_observation,LOW,NOT_SOLVED,ELIGIBLE_ONLY_IF_DATE>=active_from AND DATE<=active_to AND NOT_IN_KNOWN_SUSPENSION_INTERVAL
PDPP,,unknown,LOW,2023-10-09,2026-10-07,2023-10-09,2026-10-07,OPEN_ENDED_CURRENT_SNAPSHOT,,unknown,,,,,,716,12,0,0,False,False,price_observation,LOW,NOT_SOLVED,ELIGIBLE_ONLY_IF_DATE>=active_from AND DATE<=active_to AND NOT_IN_KNOWN_SUSPENSION_INTERVAL
PEGE,,unknown,LOW,2023-10-09,2026-10-07,2023-10-09,2026-10-07,OPEN_ENDED_CURRENT_SNAPSHOT,,unknown,,,,,,716,12,0,0,False,False,price_observation,LOW,NOT_SOLVED,ELIGIBLE_ONLY_IF_DATE>=active_from AND DATE<=active_to AND NOT_IN_KNOWN_SUSPENSION_INTERVAL
PEHA,,unknown,LOW,2023-10-09,2026-10-07,2023-10-09,2026-10-07,OPEN_ENDED_CURRENT_SNAPSHOT,,unknown,,,,,,716,12,0,0,False,False,price_observation,LOW,NOT_SOLVED,ELIGIBLE_ONLY_IF_DATE>=active_from AND DATE<=active_to AND NOT_IN_KNOWN_SUSPENSION_INTERVAL
PEVE,,unknown,LOW,2023-10-09,2026-10-07,2023-10-09,2026-10-07,OPEN_ENDED_CURRENT_SNAPSHOT,,unknown,,,,,,716,12,0,0,False,False,price_observation,LOW,NOT_SOLVED,ELIGIBLE_ONLY_IF_DATE>=active_from AND DATE<=active_to AND NOT_IN_KNOWN_SUSPENSION_INTERVAL
PGAS,,unknown,LOW,2010-01-04,2026-10-05,2010-01-04,2026-10-07,OPEN_ENDED_CURRENT_SNAPSHOT,,unknown,,,,,,4120,12,0,0,False,False,price_observation,LOW,NOT_SOLVED,ELIGIBLE_ONLY_IF_DATE>=active_from AND DATE<=active_to AND NOT_IN_KNOWN_SUSPENSION_INTERVAL
PGEO,,unknown,LOW,2023-10-09,2026-10-07,2023-10-09,2026-10-07,OPEN_ENDED_CURRENT_SNAPSHOT,,unknown,,,,,,716,12,0,0,False,False,price_observation,LOW,NOT_SOLVED,ELIGIBLE_ONLY_IF_DATE>=active_from AND DATE<=active_to AND NOT_IN_KNOWN_SUSPENSION_INTERVAL
PGJO,,unknown,LOW,2023-10-09,2026-10-07,2023-10-09,2026-10-07,OPEN_ENDED_CURRENT_SNAPSHOT,,unknown,,,,,,716,12,0,0,False,False,price_observation,LOW,NOT_SOLVED,ELIGIBLE_ONLY_IF_DATE>=active_from AND DATE<=active_to AND NOT_IN_KNOWN_SUSPENSION_INTERVAL
PGLI,,unknown,LOW,2023-10-09,2026-10-07,2023-10-09,2026-10-07,OPEN_ENDED_CURRENT_SNAPSHOT,,unknown,,,,,,716,12,0,0,False,False,price_observation,LOW,NOT_SOLVED,ELIGIBLE_ONLY_IF_DATE>=active_from AND DATE<=active_to AND NOT_IN_KNOWN_SUSPENSION_INTERVAL
PGUN,,unknown,LOW,2023-10-09,2026-10-07,2023-10-09,2026-10-07,OPEN_ENDED_CURRENT_SNAPSHOT,,unknown,,,,,,716,12,0,0,False,False,price_observation,LOW,NOT_SOLVED,ELIGIBLE_ONLY_IF_DATE>=active_from AND DATE<=active_to AND NOT_IN_KNOWN_SUSPENSION_INTERVAL
PICO,,unknown,LOW,2023-10-09,2026-10-07,2023-10-09,2026-10-07,OPEN_ENDED_CURRENT_SNAPSHOT,,unknown,,,,,,717,12,0,0,False,False,price_observation,LOW,NOT_SOLVED,ELIGIBLE_ONLY_IF_DATE>=active_from AND DATE<=active_to AND NOT_IN_KNOWN_SUSPENSION_INTERVAL
PIPA,,unknown,LOW,2023-10-09,2026-10-07,2023-10-09,2026-10-07,OPEN_ENDED_CURRENT_SNAPSHOT,,unknown,,,,,,716,12,0,0,False,False,price_observation,LOW,NOT_SOLVED,ELIGIBLE_ONLY_IF_DATE>=active_from AND DATE<=active_to AND NOT_IN_KNOWN_SUSPENSION_INTERVAL
PJAA,,unknown,LOW,2023-10-09,2026-10-07,2023-10-09,2026-10-07,OPEN_ENDED_CURRENT_SNAPSHOT,,unknown,,,,,,717,12,0,0,False,False,price_observation,LOW,NOT_SOLVED,ELIGIBLE_ONLY_IF_DATE>=active_from AND DATE<=active_to AND NOT_IN_KNOWN_SUSPENSION_INTERVAL
PJHB,,unknown,LOW,2025-11-06,2026-10-07,2025-11-06,2026-10-07,OPEN_ENDED_CURRENT_SNAPSHOT,,unknown,,,,,,222,8,0,0,False,False,price_observation,LOW,NOT_SOLVED,ELIGIBLE_ONLY_IF_DATE>=active_from AND DATE<=active_to AND NOT_IN_KNOWN_SUSPENSION_INTERVAL
PKPK,,unknown,LOW,2023-10-09,2026-10-07,2023-10-09,2026-10-07,OPEN_ENDED_CURRENT_SNAPSHOT,,unknown,,,,,,716,12,0,0,False,False,price_observation,LOW,NOT_SOLVED,ELIGIBLE_ONLY_IF_DATE>=active_from AND DATE<=active_to AND NOT_IN_KNOWN_SUSPENSION_INTERVAL
PLAN,,unknown,LOW,2023-10-09,2026-10-07,2023-10-09,2026-10-07,OPEN_ENDED_CURRENT_SNAPSHOT,,unknown,,,,,,716,12,0,0,False,False,price_observation,LOW,NOT_SOLVED,ELIGIBLE_ONLY_IF_DATE>=active_from AND DATE<=active_to AND NOT_IN_KNOWN_SUSPENSION_INTERVAL
PLIN,,unknown,LOW,2023-10-09,2026-10-06,2023-10-09,2026-10-07,OPEN_ENDED_CURRENT_SNAPSHOT,,unknown,,,,,,720,12,0,0,False,False,price_observation,LOW,NOT_SOLVED,ELIGIBLE_ONLY_IF_DATE>=active_from AND DATE<=active_to AND NOT_IN_KNOWN_SUSPENSION_INTERVAL
PMJS,,unknown,LOW,2023-10-09,2026-10-07,2023-10-09,2026-10-07,OPEN_ENDED_CURRENT_SNAPSHOT,,unknown,,,,,,716,12,0,0,False,False,price_observation,LOW,NOT_SOLVED,ELIGIBLE_ONLY_IF_DATE>=active_from AND DATE<=active_to AND NOT_IN_KNOWN_SUSPENSION_INTERVAL
PMMP,,unknown,LOW,2023-10-09,2026-10-06,2023-10-09,2026-10-07,OPEN_ENDED_CURRENT_SNAPSHOT,,unknown,,,,,,720,12,0,0,False,False,price_observation,LOW,NOT_SOLVED,ELIGIBLE_ONLY_IF_DATE>=active_from AND DATE<=active_to AND NOT_IN_KNOWN_SUSPENSION_INTERVAL
PMUI,,unknown,LOW,2025-07-10,2026-10-07,2025-07-10,2026-10-07,OPEN_ENDED_CURRENT_SNAPSHOT,,unknown,,,,,,305,8,0,0,False,False,price_observation,LOW,NOT_SOLVED,ELIGIBLE_ONLY_IF_DATE>=active_from AND DATE<=active_to AND NOT_IN_KNOWN_SUSPENSION_INTERVAL
PNBN,,unknown,LOW,2010-01-04,2026-10-05,2010-01-04,2026-10-07,OPEN_ENDED_CURRENT_SNAPSHOT,,unknown,,,,,,4121,12,0,0,False,False,price_observation,LOW,NOT_SOLVED,ELIGIBLE_ONLY_IF_DATE>=active_from AND DATE<=active_to AND NOT_IN_KNOWN_SUSPENSION_INTERVAL
PNBS,,unknown,LOW,2023-10-09,2026-10-07,2023-10-09,2026-10-07,OPEN_ENDED_CURRENT_SNAPSHOT,,unknown,,,,,,716,12,0,0,False,False,price_observation,LOW,NOT_SOLVED,ELIGIBLE_ONLY_IF_DATE>=active_from AND DATE<=active_to AND NOT_IN_KNOWN_SUSPENSION_INTERVAL
PNGO,,unknown,LOW,2023-10-09,2026-10-07,2023-10-09,2026-10-07,OPEN_ENDED_CURRENT_SNAPSHOT,,unknown,,,,,,716,12,0,0,False,False,price_observation,LOW,NOT_SOLVED,ELIGIBLE_ONLY_IF_DATE>=active_from AND DATE<=active_to AND NOT_IN_KNOWN_SUSPENSION_INTERVAL
PNIN,,unknown,LOW,2023-10-09,2026-10-07,2023-10-09,2026-10-07,OPEN_ENDED_CURRENT_SNAPSHOT,,unknown,,,,,,717,12,0,0,False,False,price_observation,LOW,NOT_SOLVED,ELIGIBLE_ONLY_IF_DATE>=active_from AND DATE<=active_to AND NOT_IN_KNOWN_SUSPENSION_INTERVAL
PNLF,,unknown,LOW,2023-10-09,2026-10-07,2023-10-09,2026-10-07,OPEN_ENDED_CURRENT_SNAPSHOT,,unknown,,,,,,717,12,0,0,False,False,price_observation,LOW,NOT_SOLVED,ELIGIBLE_ONLY_IF_DATE>=active_from AND DATE<=active_to AND NOT_IN_KNOWN_SUSPENSION_INTERVAL
PNSE,,unknown,LOW,2023-10-09,2026-10-07,2023-10-09,2026-10-07,OPEN_ENDED_CURRENT_SNAPSHOT,,unknown,,,,,,717,12,0,0,False,False,price_observation,LOW,NOT_SOLVED,ELIGIBLE_ONLY_IF_DATE>=active_from AND DATE<=active_to AND NOT_IN_KNOWN_SUSPENSION_INTERVAL
POLA,,unknown,LOW,2023-10-09,2026-10-06,2023-10-09,2026-10-07,OPEN_ENDED_CURRENT_SNAPSHOT,,unknown,,,,,,715,12,0,0,False,False,price_observation,LOW,NOT_SOLVED,ELIGIBLE_ONLY_IF_DATE>=active_from AND DATE<=active_to AND NOT_IN_KNOWN_SUSPENSION_INTERVAL
POLI,,unknown,LOW,2023-10-09,2026-10-07,2023-10-09,2026-10-07,OPEN_ENDED_CURRENT_SNAPSHOT,,unknown,,,,,,716,12,0,0,False,False,price_observation,LOW,NOT_SOLVED,ELIGIBLE_ONLY_IF_DATE>=active_from AND DATE<=active_to AND NOT_IN_KNOWN_SUSPENSION_INTERVAL
POLL,,unknown,LOW,2023-10-09,2026-10-06,2023-10-09,2026-10-07,OPEN_ENDED_CURRENT_SNAPSHOT,,unknown,,,,,,720,12,0,0,False,False,price_observation,LOW,NOT_SOLVED,ELIGIBLE_ONLY_IF_DATE>=active_from AND DATE<=active_to AND NOT_IN_KNOWN_SUSPENSION_INTERVAL
POLU,,unknown,LOW,2023-10-09,2026-10-07,2023-10-09,2026-10-07,OPEN_ENDED_CURRENT_SNAPSHOT,,unknown,,,,,,716,12,0,0,False,False,price_observation,LOW,NOT_SOLVED,ELIGIBLE_ONLY_IF_DATE>=active_from AND DATE<=active_to AND NOT_IN_KNOWN_SUSPENSION_INTERVAL
POLY,,unknown,LOW,2023-10-09,2026-10-06,2023-10-09,2026-10-07,OPEN_ENDED_CURRENT_SNAPSHOT,,unknown,,,,,,720,12,0,0,False,False,price_observation,LOW,NOT_SOLVED,ELIGIBLE_ONLY_IF_DATE>=active_from AND DATE<=active_to AND NOT_IN_KNOWN_SUSPENSION_INTERVAL
PORT,,unknown,LOW,2023-10-09,2026-10-07,2023-10-09,2026-10-07,OPEN_ENDED_CURRENT_SNAPSHOT,,unknown,,,,,,716,12,0,0,False,False,price_observation,LOW,NOT_SOLVED,ELIGIBLE_ONLY_IF_DATE>=active_from AND DATE<=active_to AND NOT_IN_KNOWN_SUSPENSION_INTERVAL
POWR,,unknown,LOW,2016-06-14,2026-10-05,2016-06-14,2026-10-07,OPEN_ENDED_CURRENT_SNAPSHOT,,unknown,,,,,,2536,12,0,0,False,False,price_observation,LOW,NOT_SOLVED,ELIGIBLE_ONLY_IF_DATE>=active_from AND DATE<=active_to AND NOT_IN_KNOWN_SUSPENSION_INTERVAL
PPGL,,unknown,LOW,2023-10-09,2026-10-06,2023-10-09,2026-10-07,OPEN_ENDED_CURRENT_SNAPSHOT,,unknown,,,,,,715,12,0,0,False,False,price_observation,LOW,NOT_SOLVED,ELIGIBLE_ONLY_IF_DATE>=active_from AND DATE<=active_to AND NOT_IN_KNOWN_SUSPENSION_INTERVAL
PPRE,,unknown,LOW,2023-10-09,2026-10-07,2023-10-09,2026-10-07,OPEN_ENDED_CURRENT_SNAPSHOT,,unknown,,,,,,716,12,0,0,False,False,price_observation,LOW,NOT_SOLVED,ELIGIBLE_ONLY_IF_DATE>=active_from AND DATE<=active_to AND NOT_IN_KNOWN_SUSPENSION_INTERVAL
PPRI,,unknown,LOW,2023-10-09,2026-10-07,2023-10-09,2026-10-07,OPEN_ENDED_CURRENT_SNAPSHOT,,unknown,,,,,,716,12,0,0,False,False,price_observation,LOW,NOT_SOLVED,ELIGIBLE_ONLY_IF_DATE>=active_from AND DATE<=active_to AND NOT_IN_KNOWN_SUSPENSION_INTERVAL
PPRO,,unknown,LOW,2023-10-09,2026-10-07,2023-10-09,2026-10-07,OPEN_ENDED_CURRENT_SNAPSHOT,,unknown,,,,,,716,12,0,0,False,False,price_observation,LOW,NOT_SOLVED,ELIGIBLE_ONLY_IF_DATE>=active_from AND DATE<=active_to AND NOT_IN_KNOWN_SUSPENSION_INTERVAL
PRAY,,unknown,LOW,2023-10-09,2026-10-07,2023-10-09,2026-10-07,OPEN_ENDED_CURRENT_SNAPSHOT,,unknown,,,,,,716,12,0,0,False,False,price_observation,LOW,NOT_SOLVED,ELIGIBLE_ONLY_IF_DATE>=active_from AND DATE<=active_to AND NOT_IN_KNOWN_SUSPENSION_INTERVAL
PRDA,,unknown,LOW,2023-10-09,2026-10-07,2023-10-09,2026-10-07,OPEN_ENDED_CURRENT_SNAPSHOT,,unknown,,,,,,716,12,0,0,False,False,price_observation,LOW,NOT_SOLVED,ELIGIBLE_ONLY_IF_DATE>=active_from AND DATE<=active_to AND NOT_IN_KNOWN_SUSPENSION_INTERVAL
PRIM,,unknown,LOW,2023-10-09,2026-10-07,2023-10-09,2026-10-07,OPEN_ENDED_CURRENT_SNAPSHOT,,unknown,,,,,,716,12,0,0,False,False,price_observation,LOW,NOT_SOLVED,ELIGIBLE_ONLY_IF_DATE>=active_from AND DATE<=active_to AND NOT_IN_KNOWN_SUSPENSION_INTERVAL
PSAB,,unknown,LOW,2023-10-09,2026-10-07,2023-10-09,2026-10-07,OPEN_ENDED_CURRENT_SNAPSHOT,,unknown,,,,,,717,12,0,0,False,False,price_observation,LOW,NOT_SOLVED,ELIGIBLE_ONLY_IF_DATE>=active_from AND DATE<=active_to AND NOT_IN_KNOWN_SUSPENSION_INTERVAL
PSAT,,unknown,LOW,2025-07-08,2026-10-07,2025-07-08,2026-10-07,OPEN_ENDED_CURRENT_SNAPSHOT,,unknown,,,,,,307,8,0,0,False,False,price_observation,LOW,NOT_SOLVED,ELIGIBLE_ONLY_IF_DATE>=active_from AND DATE<=active_to AND NOT_IN_KNOWN_SUSPENSION_INTERVAL
PSDN,,unknown,LOW,2023-10-09,2026-10-07,2023-10-09,2026-10-07,OPEN_ENDED_CURRENT_SNAPSHOT,,unknown,,,,,,717,12,0,0,False,False,price_observation,LOW,NOT_SOLVED,ELIGIBLE_ONLY_IF_DATE>=active_from AND DATE<=active_to AND NOT_IN_KNOWN_SUSPENSION_INTERVAL
PSGO,,unknown,LOW,2023-10-09,2026-10-07,2023-10-09,2026-10-07,OPEN_ENDED_CURRENT_SNAPSHOT,,unknown,,,,,,716,12,0,0,False,False,price_observation,LOW,NOT_SOLVED,ELIGIBLE_ONLY_IF_DATE>=active_from AND DATE<=active_to AND NOT_IN_KNOWN_SUSPENSION_INTERVAL
PSKT,,unknown,LOW,2023-10-09,2026-10-07,2023-10-09,2026-10-07,OPEN_ENDED_CURRENT_SNAPSHOT,,unknown,,,,,,716,12,0,0,False,False,price_observation,LOW,NOT_SOLVED,ELIGIBLE_ONLY_IF_DATE>=active_from AND DATE<=active_to AND NOT_IN_KNOWN_SUSPENSION_INTERVAL
PSSI,,unknown,LOW,2023-10-09,2026-10-07,2023-10-09,2026-10-07,OPEN_ENDED_CURRENT_SNAPSHOT,,unknown,,,,,,716,12,0,0,False,False,price_observation,LOW,NOT_SOLVED,ELIGIBLE_ONLY_IF_DATE>=active_from AND DATE<=active_to AND NOT_IN_KNOWN_SUSPENSION_INTERVAL
PTBA,,unknown,LOW,2010-01-04,2026-10-05,2010-01-04,2026-10-07,OPEN_ENDED_CURRENT_SNAPSHOT,,unknown,,,,,,4120,12,0,0,False,False,price_observation,LOW,NOT_SOLVED,ELIGIBLE_ONLY_IF_DATE>=active_from AND DATE<=active_to AND NOT_IN_KNOWN_SUSPENSION_INTERVAL
PTDU,,unknown,LOW,2023-10-09,2026-10-06,2023-10-09,2026-10-07,OPEN_ENDED_CURRENT_SNAPSHOT,,unknown,,,,,,720,12,0,0,False,False,price_observation,LOW,NOT_SOLVED,ELIGIBLE_ONLY_IF_DATE>=active_from AND DATE<=active_to AND NOT_IN_KNOWN_SUSPENSION_INTERVAL
PTIS,,unknown,LOW,2023-10-09,2026-10-07,2023-10-09,2026-10-07,OPEN_ENDED_CURRENT_SNAPSHOT,,unknown,,,,,,716,12,0,0,False,False,price_observation,LOW,NOT_SOLVED,ELIGIBLE_ONLY_IF_DATE>=active_from AND DATE<=active_to AND NOT_IN_KNOWN_SUSPENSION_INTERVAL
PTMP,,unknown,LOW,2023-10-09,2026-10-07,2023-10-09,2026-10-07,OPEN_ENDED_CURRENT_SNAPSHOT,,unknown,,,,,,716,12,0,0,False,False,price_observation,LOW,NOT_SOLVED,ELIGIBLE_ONLY_IF_DATE>=active_from AND DATE<=active_to AND NOT_IN_KNOWN_SUSPENSION_INTERVAL
PTMR,,unknown,LOW,2024-10-08,2026-10-06,2024-10-08,2026-10-07,OPEN_ENDED_CURRENT_SNAPSHOT,,unknown,,,,,,482,12,0,0,False,False,price_observation,LOW,NOT_SOLVED,ELIGIBLE_ONLY_IF_DATE>=active_from AND DATE<=active_to AND NOT_IN_KNOWN_SUSPENSION_INTERVAL
PTPP,,unknown,LOW,2010-02-09,2026-10-05,2010-02-09,2026-10-07,OPEN_ENDED_CURRENT_SNAPSHOT,,unknown,,,,,,4093,12,0,0,False,False,price_observation,LOW,NOT_SOLVED,ELIGIBLE_ONLY_IF_DATE>=active_from AND DATE<=active_to AND NOT_IN_KNOWN_SUSPENSION_INTERVAL
PTPS,,unknown,LOW,2023-10-09,2026-10-07,2023-10-09,2026-10-07,OPEN_ENDED_CURRENT_SNAPSHOT,,unknown,,,,,,716,12,0,0,False,False,price_observation,LOW,NOT_SOLVED,ELIGIBLE_ONLY_IF_DATE>=active_from AND DATE<=active_to AND NOT_IN_KNOWN_SUSPENSION_INTERVAL
PTPW,,unknown,LOW,2023-10-09,2026-10-07,2023-10-09,2026-10-07,OPEN_ENDED_CURRENT_SNAPSHOT,,unknown,,,,,,716,12,0,0,False,False,price_observation,LOW,NOT_SOLVED,ELIGIBLE_ONLY_IF_DATE>=active_from AND DATE<=active_to AND NOT_IN_KNOWN_SUSPENSION_INTERVAL
PTRO,,unknown,LOW,2023-10-09,2026-10-07,2023-10-09,2026-10-07,OPEN_ENDED_CURRENT_SNAPSHOT,,unknown,,,,,,717,12,0,0,False,False,price_observation,LOW,NOT_SOLVED,ELIGIBLE_ONLY_IF_DATE>=active_from AND DATE<=active_to AND NOT_IN_KNOWN_SUSPENSION_INTERVAL
PTSN,,unknown,LOW,2023-10-09,2026-10-07,2023-10-09,2026-10-07,OPEN_ENDED_CURRENT_SNAPSHOT,,unknown,,,,,,716,12,0,0,False,False,price_observation,LOW,NOT_SOLVED,ELIGIBLE_ONLY_IF_DATE>=active_from AND DATE<=active_to AND NOT_IN_KNOWN_SUSPENSION_INTERVAL
PTSP,,unknown,LOW,2023-10-09,2026-10-07,2023-10-09,2026-10-07,OPEN_ENDED_CURRENT_SNAPSHOT,,unknown,,,,,,717,12,0,0,False,False,price_observation,LOW,NOT_SOLVED,ELIGIBLE_ONLY_IF_DATE>=active_from AND DATE<=active_to AND NOT_IN_KNOWN_SUSPENSION_INTERVAL
PUDP,,unknown,LOW,2023-10-09,2026-10-07,2023-10-09,2026-10-07,OPEN_ENDED_CURRENT_SNAPSHOT,,unknown,,,,,,717,12,0,0,False,False,price_observation,LOW,NOT_SOLVED,ELIGIBLE_ONLY_IF_DATE>=active_from AND DATE<=active_to AND NOT_IN_KNOWN_SUSPENSION_INTERVAL
PURA,,unknown,LOW,2023-10-09,2026-10-07,2023-10-09,2026-10-07,OPEN_ENDED_CURRENT_SNAPSHOT,,unknown,,,,,,716,12,0,0,False,False,price_observation,LOW,NOT_SOLVED,ELIGIBLE_ONLY_IF_DATE>=active_from AND DATE<=active_to AND NOT_IN_KNOWN_SUSPENSION_INTERVAL
PURI,,unknown,LOW,2023-10-09,2026-10-07,2023-10-09,2026-10-07,OPEN_ENDED_CURRENT_SNAPSHOT,,unknown,,,,,,716,12,0,0,False,False,price_observation,LOW,NOT_SOLVED,ELIGIBLE_ONLY_IF_DATE>=active_from AND DATE<=active_to AND NOT_IN_KNOWN_SUSPENSION_INTERVAL
PWON,,unknown,LOW,2010-01-04,2026-10-05,2010-01-04,2026-10-07,OPEN_ENDED_CURRENT_SNAPSHOT,,unknown,,,,,,4120,12,0,0,False,False,price_observation,LOW,NOT_SOLVED,ELIGIBLE_ONLY_IF_DATE>=active_from AND DATE<=active_to AND NOT_IN_KNOWN_SUSPENSION_INTERVAL
PYFA,,unknown,LOW,2010-01-04,2026-10-05,2010-01-04,2026-10-07,OPEN_ENDED_CURRENT_SNAPSHOT,,unknown,,,,,,4120,12,0,0,False,False,price_observation,LOW,NOT_SOLVED,ELIGIBLE_ONLY_IF_DATE>=active_from AND DATE<=active_to AND NOT_IN_KNOWN_SUSPENSION_INTERVAL
PZZA,,unknown,LOW,2023-10-09,2026-10-07,2023-10-09,2026-10-07,OPEN_ENDED_CURRENT_SNAPSHOT,,unknown,,,,,,716,12,0,0,False,False,price_observation,LOW,NOT_SOLVED,ELIGIBLE_ONLY_IF_DATE>=active_from AND DATE<=active_to AND NOT_IN_KNOWN_SUSPENSION_INTERVAL
RAAM,,unknown,LOW,2023-10-09,2026-10-07,2023-10-09,2026-10-07,OPEN_ENDED_CURRENT_SNAPSHOT,,unknown,,,,,,716,12,0,0,False,False,price_observation,LOW,NOT_SOLVED,ELIGIBLE_ONLY_IF_DATE>=active_from AND DATE<=active_to AND NOT_IN_KNOWN_SUSPENSION_INTERVAL
RAFI,,unknown,LOW,2023-10-09,2026-10-06,2023-10-09,2026-10-07,OPEN_ENDED_CURRENT_SNAPSHOT,,unknown,,,,,,720,12,0,0,False,False,price_observation,LOW,NOT_SOLVED,ELIGIBLE_ONLY_IF_DATE>=active_from AND DATE<=active_to AND NOT_IN_KNOWN_SUSPENSION_INTERVAL
RAJA,,unknown,LOW,2023-10-09,2026-10-07,2023-10-09,2026-10-07,OPEN_ENDED_CURRENT_SNAPSHOT,,unknown,,,,,,720,12,0,0,False,False,price_observation,LOW,NOT_SOLVED,ELIGIBLE_ONLY_IF_DATE>=active_from AND DATE<=active_to AND NOT_IN_KNOWN_SUSPENSION_INTERVAL
RALS,,unknown,LOW,2023-10-09,2026-10-07,2023-10-09,2026-10-07,OPEN_ENDED_CURRENT_SNAPSHOT,,unknown,,,,,,717,12,0,0,False,False,price_observation,LOW,NOT_SOLVED,ELIGIBLE_ONLY_IF_DATE>=active_from AND DATE<=active_to AND NOT_IN_KNOWN_SUSPENSION_INTERVAL
RANC,,unknown,LOW,2023-10-09,2026-10-07,2023-10-09,2026-10-07,OPEN_ENDED_CURRENT_SNAPSHOT,,unknown,,,,,,716,12,0,0,False,False,price_observation,LOW,NOT_SOLVED,ELIGIBLE_ONLY_IF_DATE>=active_from AND DATE<=active_to AND NOT_IN_KNOWN_SUSPENSION_INTERVAL
RATU,,unknown,LOW,2025-01-08,2026-10-07,2025-01-08,2026-10-07,OPEN_ENDED_CURRENT_SNAPSHOT,,unknown,,,,,,417,12,0,0,False,False,price_observation,LOW,NOT_SOLVED,ELIGIBLE_ONLY_IF_DATE>=active_from AND DATE<=active_to AND NOT_IN_KNOWN_SUSPENSION_INTERVAL
RBMS,,unknown,LOW,2023-10-09,2026-10-07,2023-10-09,2026-10-07,OPEN_ENDED_CURRENT_SNAPSHOT,,unknown,,,,,,717,12,0,0,False,False,price_observation,LOW,NOT_SOLVED,ELIGIBLE_ONLY_IF_DATE>=active_from AND DATE<=active_to AND NOT_IN_KNOWN_SUSPENSION_INTERVAL
RCCC,,unknown,LOW,2023-10-09,2026-10-07,2023-10-09,2026-10-07,OPEN_ENDED_CURRENT_SNAPSHOT,,unknown,,,,,,716,12,0,0,False,False,price_observation,LOW,NOT_SOLVED,ELIGIBLE_ONLY_IF_DATE>=active_from AND DATE<=active_to AND NOT_IN_KNOWN_SUSPENSION_INTERVAL
RDTX,,unknown,LOW,2023-10-09,2026-10-07,2023-10-09,2026-10-07,OPEN_ENDED_CURRENT_SNAPSHOT,,unknown,,,,,,719,12,0,0,False,False,price_observation,LOW,NOT_SOLVED,ELIGIBLE_ONLY_IF_DATE>=active_from AND DATE<=active_to AND NOT_IN_KNOWN_SUSPENSION_INTERVAL
REAL,,unknown,LOW,2023-10-09,2026-10-07,2023-10-09,2026-10-07,OPEN_ENDED_CURRENT_SNAPSHOT,,unknown,,,,,,716,12,0,0,False,False,price_observation,LOW,NOT_SOLVED,ELIGIBLE_ONLY_IF_DATE>=active_from AND DATE<=active_to AND NOT_IN_KNOWN_SUSPENSION_INTERVAL
RELF,,unknown,LOW,2023-10-09,2026-10-07,2023-10-09,2026-10-07,OPEN_ENDED_CURRENT_SNAPSHOT,,unknown,,,,,,716,12,0,0,False,False,price_observation,LOW,NOT_SOLVED,ELIGIBLE_ONLY_IF_DATE>=active_from AND DATE<=active_to AND NOT_IN_KNOWN_SUSPENSION_INTERVAL
RELI,,unknown,LOW,2023-10-09,2026-10-07,2023-10-09,2026-10-07,OPEN_ENDED_CURRENT_SNAPSHOT,,unknown,,,,,,716,12,0,0,False,False,price_observation,LOW,NOT_SOLVED,ELIGIBLE_ONLY_IF_DATE>=active_from AND DATE<=active_to AND NOT_IN_KNOWN_SUSPENSION_INTERVAL
RGAS,,unknown,LOW,2023-11-08,2026-10-07,2023-11-08,2026-10-07,OPEN_ENDED_CURRENT_SNAPSHOT,,unknown,,,,,,694,12,0,0,False,False,price_observation,LOW,NOT_SOLVED,ELIGIBLE_ONLY_IF_DATE>=active_from AND DATE<=active_to AND NOT_IN_KNOWN_SUSPENSION_INTERVAL
RICY,,unknown,LOW,2023-10-09,2026-10-07,2023-10-09,2026-10-07,OPEN_ENDED_CURRENT_SNAPSHOT,,unknown,,,,,,717,12,0,0,False,False,price_observation,LOW,NOT_SOLVED,ELIGIBLE_ONLY_IF_DATE>=active_from AND DATE<=active_to AND NOT_IN_KNOWN_SUSPENSION_INTERVAL
RIGS,,unknown,LOW,2023-10-09,2026-10-07,2023-10-09,2026-10-07,OPEN_ENDED_CURRENT_SNAPSHOT,,unknown,,,,,,717,12,0,0,False,False,price_observation,LOW,NOT_SOLVED,ELIGIBLE_ONLY_IF_DATE>=active_from AND DATE<=active_to AND NOT_IN_KNOWN_SUSPENSION_INTERVAL
RISE,,unknown,LOW,2023-10-09,2026-10-07,2023-10-09,2026-10-07,OPEN_ENDED_CURRENT_SNAPSHOT,,unknown,,,,,,716,12,0,0,False,False,price_observation,LOW,NOT_SOLVED,ELIGIBLE_ONLY_IF_DATE>=active_from AND DATE<=active_to AND NOT_IN_KNOWN_SUSPENSION_INTERVAL
RLCO,,unknown,LOW,2025-12-08,2026-10-07,2025-12-08,2026-10-07,OPEN_ENDED_CURRENT_SNAPSHOT,,unknown,,,,,,200,8,0,0,False,False,price_observation,LOW,NOT_SOLVED,ELIGIBLE_ONLY_IF_DATE>=active_from AND DATE<=active_to AND NOT_IN_KNOWN_SUSPENSION_INTERVAL
RMKE,,unknown,LOW,2023-10-09,2026-10-07,2023-10-09,2026-10-07,OPEN_ENDED_CURRENT_SNAPSHOT,,unknown,,,,,,719,12,0,0,False,False,price_observation,LOW,NOT_SOLVED,ELIGIBLE_ONLY_IF_DATE>=active_from AND DATE<=active_to AND NOT_IN_KNOWN_SUSPENSION_INTERVAL
RMKO,,unknown,LOW,2023-10-09,2026-10-07,2023-10-09,2026-10-07,OPEN_ENDED_CURRENT_SNAPSHOT,,unknown,,,,,,716,12,0,0,False,False,price_observation,LOW,NOT_SOLVED,ELIGIBLE_ONLY_IF_DATE>=active_from AND DATE<=active_to AND NOT_IN_KNOWN_SUSPENSION_INTERVAL
ROCK,,unknown,LOW,2023-10-09,2026-10-07,2023-10-09,2026-10-07,OPEN_ENDED_CURRENT_SNAPSHOT,,unknown,,,,,,716,12,0,0,False,False,price_observation,LOW,NOT_SOLVED,ELIGIBLE_ONLY_IF_DATE>=active_from AND DATE<=active_to AND NOT_IN_KNOWN_SUSPENSION_INTERVAL
RODA,,unknown,LOW,2023-10-09,2026-10-07,2023-10-09,2026-10-07,OPEN_ENDED_CURRENT_SNAPSHOT,,unknown,,,,,,717,12,0,0,False,False,price_observation,LOW,NOT_SOLVED,ELIGIBLE_ONLY_IF_DATE>=active_from AND DATE<=active_to AND NOT_IN_KNOWN_SUSPENSION_INTERVAL
RONY,,unknown,LOW,2023-10-09,2026-10-07,2023-10-09,2026-10-07,OPEN_ENDED_CURRENT_SNAPSHOT,,unknown,,,,,,716,12,0,0,False,False,price_observation,LOW,NOT_SOLVED,ELIGIBLE_ONLY_IF_DATE>=active_from AND DATE<=active_to AND NOT_IN_KNOWN_SUSPENSION_INTERVAL
ROTI,,unknown,LOW,2010-06-28,2026-10-05,2010-06-28,2026-10-07,OPEN_ENDED_CURRENT_SNAPSHOT,,unknown,,,,,,3999,12,0,0,False,False,price_observation,LOW,NOT_SOLVED,ELIGIBLE_ONLY_IF_DATE>=active_from AND DATE<=active_to AND NOT_IN_KNOWN_SUSPENSION_INTERVAL
RSCH,,unknown,LOW,2023-10-09,2026-10-07,2023-10-09,2026-10-07,OPEN_ENDED_CURRENT_SNAPSHOT,,unknown,,,,,,716,12,0,0,False,False,price_observation,LOW,NOT_SOLVED,ELIGIBLE_ONLY_IF_DATE>=active_from AND DATE<=active_to AND NOT_IN_KNOWN_SUSPENSION_INTERVAL
RSGK,,unknown,LOW,2023-10-09,2026-10-07,2023-10-09,2026-10-07,OPEN_ENDED_CURRENT_SNAPSHOT,,unknown,,,,,,716,12,0,0,False,False,price_observation,LOW,NOT_SOLVED,ELIGIBLE_ONLY_IF_DATE>=active_from AND DATE<=active_to AND NOT_IN_KNOWN_SUSPENSION_INTERVAL
RUIS,,unknown,LOW,2023-10-09,2026-10-07,2023-10-09,2026-10-07,OPEN_ENDED_CURRENT_SNAPSHOT,,unknown,,,,,,716,12,0,0,False,False,price_observation,LOW,NOT_SOLVED,ELIGIBLE_ONLY_IF_DATE>=active_from AND DATE<=active_to AND NOT_IN_KNOWN_SUSPENSION_INTERVAL
RUNS,,unknown,LOW,2023-10-09,2026-10-07,2023-10-09,2026-10-07,OPEN_ENDED_CURRENT_SNAPSHOT,,unknown,,,,,,716,12,0,0,False,False,price_observation,LOW,NOT_SOLVED,ELIGIBLE_ONLY_IF_DATE>=active_from AND DATE<=active_to AND NOT_IN_KNOWN_SUSPENSION_INTERVAL
SAFE,,unknown,LOW,2023-10-09,2026-10-07,2023-10-09,2026-10-07,OPEN_ENDED_CURRENT_SNAPSHOT,,unknown,,,,,,717,12,0,0,False,False,price_observation,LOW,NOT_SOLVED,ELIGIBLE_ONLY_IF_DATE>=active_from AND DATE<=active_to AND NOT_IN_KNOWN_SUSPENSION_INTERVAL
SAGE,,unknown,LOW,2023-10-09,2026-10-07,2023-10-09,2026-10-07,OPEN_ENDED_CURRENT_SNAPSHOT,,unknown,,,,,,716,12,0,0,False,False,price_observation,LOW,NOT_SOLVED,ELIGIBLE_ONLY_IF_DATE>=active_from AND DATE<=active_to AND NOT_IN_KNOWN_SUSPENSION_INTERVAL
SAME,,unknown,LOW,2023-10-09,2026-10-07,2023-10-09,2026-10-07,OPEN_ENDED_CURRENT_SNAPSHOT,,unknown,,,,,,716,12,0,0,False,False,price_observation,LOW,NOT_SOLVED,ELIGIBLE_ONLY_IF_DATE>=active_from AND DATE<=active_to AND NOT_IN_KNOWN_SUSPENSION_INTERVAL
SAMF,,unknown,LOW,2023-10-09,2026-10-07,2023-10-09,2026-10-07,OPEN_ENDED_CURRENT_SNAPSHOT,,unknown,,,,,,716,12,0,0,False,False,price_observation,LOW,NOT_SOLVED,ELIGIBLE_ONLY_IF_DATE>=active_from AND DATE<=active_to AND NOT_IN_KNOWN_SUSPENSION_INTERVAL
SAPX,,unknown,LOW,2023-10-09,2026-10-07,2023-10-09,2026-10-07,OPEN_ENDED_CURRENT_SNAPSHOT,,unknown,,,,,,716,12,0,0,False,False,price_observation,LOW,NOT_SOLVED,ELIGIBLE_ONLY_IF_DATE>=active_from AND DATE<=active_to AND NOT_IN_KNOWN_SUSPENSION_INTERVAL
SATU,,unknown,LOW,2023-10-09,2026-10-07,2023-10-09,2026-10-07,OPEN_ENDED_CURRENT_SNAPSHOT,,unknown,,,,,,716,12,0,0,False,False,price_observation,LOW,NOT_SOLVED,ELIGIBLE_ONLY_IF_DATE>=active_from AND DATE<=active_to AND NOT_IN_KNOWN_SUSPENSION_INTERVAL
SBAT,,unknown,LOW,2023-10-09,2026-10-06,2023-10-09,2026-10-07,OPEN_ENDED_CURRENT_SNAPSHOT,,unknown,,,,,,720,12,0,0,False,False,price_observation,LOW,NOT_SOLVED,ELIGIBLE_ONLY_IF_DATE>=active_from AND DATE<=active_to AND NOT_IN_KNOWN_SUSPENSION_INTERVAL
SBMA,,unknown,LOW,2023-10-09,2026-10-07,2023-10-09,2026-10-07,OPEN_ENDED_CURRENT_SNAPSHOT,,unknown,,,,,,716,12,0,0,False,False,price_observation,LOW,NOT_SOLVED,ELIGIBLE_ONLY_IF_DATE>=active_from AND DATE<=active_to AND NOT_IN_KNOWN_SUSPENSION_INTERVAL
SCCO,,unknown,LOW,2023-10-09,2026-10-07,2023-10-09,2026-10-07,OPEN_ENDED_CURRENT_SNAPSHOT,,unknown,,,,,,717,12,0,0,False,False,price_observation,LOW,NOT_SOLVED,ELIGIBLE_ONLY_IF_DATE>=active_from AND DATE<=active_to AND NOT_IN_KNOWN_SUSPENSION_INTERVAL
SCMA,,unknown,LOW,2023-10-09,2026-10-07,2023-10-09,2026-10-07,OPEN_ENDED_CURRENT_SNAPSHOT,,unknown,,,,,,717,12,0,0,False,False,price_observation,LOW,NOT_SOLVED,ELIGIBLE_ONLY_IF_DATE>=active_from AND DATE<=active_to AND NOT_IN_KNOWN_SUSPENSION_INTERVAL
SCNP,,unknown,LOW,2023-10-09,2026-10-07,2023-10-09,2026-10-07,OPEN_ENDED_CURRENT_SNAPSHOT,,unknown,,,,,,716,12,0,0,False,False,price_observation,LOW,NOT_SOLVED,ELIGIBLE_ONLY_IF_DATE>=active_from AND DATE<=active_to AND NOT_IN_KNOWN_SUSPENSION_INTERVAL
SDMU,,unknown,LOW,2023-10-09,2026-10-07,2023-10-09,2026-10-07,OPEN_ENDED_CURRENT_SNAPSHOT,,unknown,,,,,,716,12,0,0,False,False,price_observation,LOW,NOT_SOLVED,ELIGIBLE_ONLY_IF_DATE>=active_from AND DATE<=active_to AND NOT_IN_KNOWN_SUSPENSION_INTERVAL
SDPC,,unknown,LOW,2023-10-09,2026-10-07,2023-10-09,2026-10-07,OPEN_ENDED_CURRENT_SNAPSHOT,,unknown,,,,,,717,12,0,0,False,False,price_observation,LOW,NOT_SOLVED,ELIGIBLE_ONLY_IF_DATE>=active_from AND DATE<=active_to AND NOT_IN_KNOWN_SUSPENSION_INTERVAL
SDRA,,unknown,LOW,2010-01-04,2026-10-05,2010-01-04,2026-10-07,OPEN_ENDED_CURRENT_SNAPSHOT,,unknown,,,,,,4120,12,0,0,False,False,price_observation,LOW,NOT_SOLVED,ELIGIBLE_ONLY_IF_DATE>=active_from AND DATE<=active_to AND NOT_IN_KNOWN_SUSPENSION_INTERVAL
SEMA,,unknown,LOW,2023-10-09,2026-10-07,2023-10-09,2026-10-07,OPEN_ENDED_CURRENT_SNAPSHOT,,unknown,,,,,,716,12,0,0,False,False,price_observation,LOW,NOT_SOLVED,ELIGIBLE_ONLY_IF_DATE>=active_from AND DATE<=active_to AND NOT_IN_KNOWN_SUSPENSION_INTERVAL
SFAN,,unknown,LOW,2023-10-09,2026-10-07,2023-10-09,2026-10-07,OPEN_ENDED_CURRENT_SNAPSHOT,,unknown,,,,,,716,12,0,0,False,False,price_observation,LOW,NOT_SOLVED,ELIGIBLE_ONLY_IF_DATE>=active_from AND DATE<=active_to AND NOT_IN_KNOWN_SUSPENSION_INTERVAL
SGER,,unknown,LOW,2023-10-09,2026-10-07,2023-10-09,2026-10-07,OPEN_ENDED_CURRENT_SNAPSHOT,,unknown,,,,,,716,12,0,0,False,False,price_observation,LOW,NOT_SOLVED,ELIGIBLE_ONLY_IF_DATE>=active_from AND DATE<=active_to AND NOT_IN_KNOWN_SUSPENSION_INTERVAL
SGRO,,unknown,LOW,2023-10-09,2026-10-07,2023-10-09,2026-10-07,OPEN_ENDED_CURRENT_SNAPSHOT,,unknown,,,,,,717,12,0,0,False,False,price_observation,LOW,NOT_SOLVED,ELIGIBLE_ONLY_IF_DATE>=active_from AND DATE<=active_to AND NOT_IN_KNOWN_SUSPENSION_INTERVAL
SHID,,unknown,LOW,2023-10-09,2026-10-07,2023-10-09,2026-10-07,OPEN_ENDED_CURRENT_SNAPSHOT,,unknown,,,,,,716,12,0,0,False,False,price_observation,LOW,NOT_SOLVED,ELIGIBLE_ONLY_IF_DATE>=active_from AND DATE<=active_to AND NOT_IN_KNOWN_SUSPENSION_INTERVAL
SHIP,,unknown,LOW,2023-10-09,2026-10-07,2023-10-09,2026-10-07,OPEN_ENDED_CURRENT_SNAPSHOT,,unknown,,,,,,717,12,0,0,False,False,price_observation,LOW,NOT_SOLVED,ELIGIBLE_ONLY_IF_DATE>=active_from AND DATE<=active_to AND NOT_IN_KNOWN_SUSPENSION_INTERVAL
SICO,,unknown,LOW,2023-10-09,2026-10-07,2023-10-09,2026-10-07,OPEN_ENDED_CURRENT_SNAPSHOT,,unknown,,,,,,716,12,0,0,False,False,price_observation,LOW,NOT_SOLVED,ELIGIBLE_ONLY_IF_DATE>=active_from AND DATE<=active_to AND NOT_IN_KNOWN_SUSPENSION_INTERVAL
SIDO,,unknown,LOW,2013-12-18,2026-10-05,2013-12-18,2026-10-07,OPEN_ENDED_CURRENT_SNAPSHOT,,unknown,,,,,,3137,12,0,0,False,False,price_observation,LOW,NOT_SOLVED,ELIGIBLE_ONLY_IF_DATE>=active_from AND DATE<=active_to AND NOT_IN_KNOWN_SUSPENSION_INTERVAL
SILO,,unknown,LOW,2023-10-09,2026-10-07,2023-10-09,2026-10-07,OPEN_ENDED_CURRENT_SNAPSHOT,,unknown,,,,,,716,12,0,0,False,False,price_observation,LOW,NOT_SOLVED,ELIGIBLE_ONLY_IF_DATE>=active_from AND DATE<=active_to AND NOT_IN_KNOWN_SUSPENSION_INTERVAL
SIMP,,unknown,LOW,2023-10-09,2026-10-07,2023-10-09,2026-10-07,OPEN_ENDED_CURRENT_SNAPSHOT,,unknown,,,,,,716,12,0,0,False,False,price_observation,LOW,NOT_SOLVED,ELIGIBLE_ONLY_IF_DATE>=active_from AND DATE<=active_to AND NOT_IN_KNOWN_SUSPENSION_INTERVAL
SINI,,unknown,LOW,2023-10-09,2026-10-07,2023-10-09,2026-10-07,OPEN_ENDED_CURRENT_SNAPSHOT,,unknown,,,,,,716,12,0,0,False,False,price_observation,LOW,NOT_SOLVED,ELIGIBLE_ONLY_IF_DATE>=active_from AND DATE<=active_to AND NOT_IN_KNOWN_SUSPENSION_INTERVAL
SIPD,,unknown,LOW,2023-10-09,2026-10-07,2023-10-09,2026-10-07,OPEN_ENDED_CURRENT_SNAPSHOT,,unknown,,,,,,717,12,0,0,False,False,price_observation,LOW,NOT_SOLVED,ELIGIBLE_ONLY_IF_DATE>=active_from AND DATE<=active_to AND NOT_IN_KNOWN_SUSPENSION_INTERVAL
SKBM,,unknown,LOW,2023-10-09,2026-10-07,2023-10-09,2026-10-07,OPEN_ENDED_CURRENT_SNAPSHOT,,unknown,,,,,,716,12,0,0,False,False,price_observation,LOW,NOT_SOLVED,ELIGIBLE_ONLY_IF_DATE>=active_from AND DATE<=active_to AND NOT_IN_KNOWN_SUSPENSION_INTERVAL
SKLT,,unknown,LOW,2010-01-04,2026-10-05,2010-01-04,2026-10-07,OPEN_ENDED_CURRENT_SNAPSHOT,,unknown,,,,,,4121,12,0,0,False,False,price_observation,LOW,NOT_SOLVED,ELIGIBLE_ONLY_IF_DATE>=active_from AND DATE<=active_to AND NOT_IN_KNOWN_SUSPENSION_INTERVAL
SKRN,,unknown,LOW,2023-10-09,2026-10-07,2023-10-09,2026-10-07,OPEN_ENDED_CURRENT_SNAPSHOT,,unknown,,,,,,716,12,0,0,False,False,price_observation,LOW,NOT_SOLVED,ELIGIBLE_ONLY_IF_DATE>=active_from AND DATE<=active_to AND NOT_IN_KNOWN_SUSPENSION_INTERVAL
SLIS,,unknown,LOW,2023-10-09,2026-10-07,2023-10-09,2026-10-07,OPEN_ENDED_CURRENT_SNAPSHOT,,unknown,,,,,,716,12,0,0,False,False,price_observation,LOW,NOT_SOLVED,ELIGIBLE_ONLY_IF_DATE>=active_from AND DATE<=active_to AND NOT_IN_KNOWN_SUSPENSION_INTERVAL
SMAR,,unknown,LOW,2023-10-09,2026-10-07,2023-10-09,2026-10-07,OPEN_ENDED_CURRENT_SNAPSHOT,,unknown,,,,,,717,12,0,0,False,False,price_observation,LOW,NOT_SOLVED,ELIGIBLE_ONLY_IF_DATE>=active_from AND DATE<=active_to AND NOT_IN_KNOWN_SUSPENSION_INTERVAL
SMBR,,unknown,LOW,2023-10-09,2026-10-07,2023-10-09,2026-10-07,OPEN_ENDED_CURRENT_SNAPSHOT,,unknown,,,,,,716,12,0,0,False,False,price_observation,LOW,NOT_SOLVED,ELIGIBLE_ONLY_IF_DATE>=active_from AND DATE<=active_to AND NOT_IN_KNOWN_SUSPENSION_INTERVAL
SMCB,,unknown,LOW,2023-10-09,2026-10-06,2023-10-09,2026-10-07,OPEN_ENDED_CURRENT_SNAPSHOT,,unknown,,,,,,720,12,0,0,False,False,price_observation,LOW,NOT_SOLVED,ELIGIBLE_ONLY_IF_DATE>=active_from AND DATE<=active_to AND NOT_IN_KNOWN_SUSPENSION_INTERVAL
SMDM,,unknown,LOW,2023-10-09,2026-10-07,2023-10-09,2026-10-07,OPEN_ENDED_CURRENT_SNAPSHOT,,unknown,,,,,,717,12,0,0,False,False,price_observation,LOW,NOT_SOLVED,ELIGIBLE_ONLY_IF_DATE>=active_from AND DATE<=active_to AND NOT_IN_KNOWN_SUSPENSION_INTERVAL
SMDR,,unknown,LOW,2023-10-09,2026-10-07,2023-10-09,2026-10-07,OPEN_ENDED_CURRENT_SNAPSHOT,,unknown,,,,,,717,12,0,0,False,False,price_observation,LOW,NOT_SOLVED,ELIGIBLE_ONLY_IF_DATE>=active_from AND DATE<=active_to AND NOT_IN_KNOWN_SUSPENSION_INTERVAL
SMGA,,unknown,LOW,2024-01-30,2026-10-07,2024-01-30,2026-10-07,OPEN_ENDED_CURRENT_SNAPSHOT,,unknown,,,,,,638,12,0,0,False,False,price_observation,LOW,NOT_SOLVED,ELIGIBLE_ONLY_IF_DATE>=active_from AND DATE<=active_to AND NOT_IN_KNOWN_SUSPENSION_INTERVAL
SMGR,,unknown,LOW,2010-01-04,2026-10-05,2010-01-04,2026-10-07,OPEN_ENDED_CURRENT_SNAPSHOT,,unknown,,,,,,4120,12,0,0,False,False,price_observation,LOW,NOT_SOLVED,ELIGIBLE_ONLY_IF_DATE>=active_from AND DATE<=active_to AND NOT_IN_KNOWN_SUSPENSION_INTERVAL
SMIL,,unknown,LOW,2023-10-09,2026-10-07,2023-10-09,2026-10-07,OPEN_ENDED_CURRENT_SNAPSHOT,,unknown,,,,,,716,12,0,0,False,False,price_observation,LOW,NOT_SOLVED,ELIGIBLE_ONLY_IF_DATE>=active_from AND DATE<=active_to AND NOT_IN_KNOWN_SUSPENSION_INTERVAL
SMKL,,unknown,LOW,2023-10-09,2026-10-07,2023-10-09,2026-10-07,OPEN_ENDED_CURRENT_SNAPSHOT,,unknown,,,,,,716,12,0,0,False,False,price_observation,LOW,NOT_SOLVED,ELIGIBLE_ONLY_IF_DATE>=active_from AND DATE<=active_to AND NOT_IN_KNOWN_SUSPENSION_INTERVAL
SMKM,,unknown,LOW,2023-10-09,2026-10-07,2023-10-09,2026-10-07,OPEN_ENDED_CURRENT_SNAPSHOT,,unknown,,,,,,716,12,0,0,False,False,price_observation,LOW,NOT_SOLVED,ELIGIBLE_ONLY_IF_DATE>=active_from AND DATE<=active_to AND NOT_IN_KNOWN_SUSPENSION_INTERVAL
SMLE,,unknown,LOW,2024-01-10,2026-10-07,2024-01-10,2026-10-07,OPEN_ENDED_CURRENT_SNAPSHOT,,unknown,,,,,,652,12,0,0,False,False,price_observation,LOW,NOT_SOLVED,ELIGIBLE_ONLY_IF_DATE>=active_from AND DATE<=active_to AND NOT_IN_KNOWN_SUSPENSION_INTERVAL
SMMA,,unknown,LOW,2023-10-09,2026-10-07,2023-10-09,2026-10-07,OPEN_ENDED_CURRENT_SNAPSHOT,,unknown,,,,,,716,12,0,0,False,False,price_observation,LOW,NOT_SOLVED,ELIGIBLE_ONLY_IF_DATE>=active_from AND DATE<=active_to AND NOT_IN_KNOWN_SUSPENSION_INTERVAL
SMMT,,unknown,LOW,2010-01-04,2026-10-05,2010-01-04,2026-10-07,OPEN_ENDED_CURRENT_SNAPSHOT,,unknown,,,,,,4120,12,0,0,False,False,price_observation,LOW,NOT_SOLVED,ELIGIBLE_ONLY_IF_DATE>=active_from AND DATE<=active_to AND NOT_IN_KNOWN_SUSPENSION_INTERVAL
SMRA,,unknown,LOW,2010-01-04,2026-10-05,2010-01-04,2026-10-07,OPEN_ENDED_CURRENT_SNAPSHOT,,unknown,,,,,,4121,12,0,0,False,False,price_observation,LOW,NOT_SOLVED,ELIGIBLE_ONLY_IF_DATE>=active_from AND DATE<=active_to AND NOT_IN_KNOWN_SUSPENSION_INTERVAL
SMSM,,unknown,LOW,2023-10-09,2026-10-07,2023-10-09,2026-10-07,OPEN_ENDED_CURRENT_SNAPSHOT,,unknown,,,,,,717,12,0,0,False,False,price_observation,LOW,NOT_SOLVED,ELIGIBLE_ONLY_IF_DATE>=active_from AND DATE<=active_to AND NOT_IN_KNOWN_SUSPENSION_INTERVAL
SNLK,,unknown,LOW,2023-10-09,2026-10-07,2023-10-09,2026-10-07,OPEN_ENDED_CURRENT_SNAPSHOT,,unknown,,,,,,716,12,0,0,False,False,price_observation,LOW,NOT_SOLVED,ELIGIBLE_ONLY_IF_DATE>=active_from AND DATE<=active_to AND NOT_IN_KNOWN_SUSPENSION_INTERVAL
SOCI,,unknown,LOW,2023-10-09,2026-10-07,2023-10-09,2026-10-07,OPEN_ENDED_CURRENT_SNAPSHOT,,unknown,,,,,,716,12,0,0,False,False,price_observation,LOW,NOT_SOLVED,ELIGIBLE_ONLY_IF_DATE>=active_from AND DATE<=active_to AND NOT_IN_KNOWN_SUSPENSION_INTERVAL
SOFA,,unknown,LOW,2023-10-09,2026-10-07,2023-10-09,2026-10-07,OPEN_ENDED_CURRENT_SNAPSHOT,,unknown,,,,,,716,12,0,0,False,False,price_observation,LOW,NOT_SOLVED,ELIGIBLE_ONLY_IF_DATE>=active_from AND DATE<=active_to AND NOT_IN_KNOWN_SUSPENSION_INTERVAL
SOHO,,unknown,LOW,2023-10-09,2026-10-07,2023-10-09,2026-10-07,OPEN_ENDED_CURRENT_SNAPSHOT,,unknown,,,,,,716,12,0,0,False,False,price_observation,LOW,NOT_SOLVED,ELIGIBLE_ONLY_IF_DATE>=active_from AND DATE<=active_to AND NOT_IN_KNOWN_SUSPENSION_INTERVAL
SOLA,,unknown,LOW,2024-05-08,2026-10-07,2024-05-08,2026-10-07,OPEN_ENDED_CURRENT_SNAPSHOT,,unknown,,,,,,580,12,0,0,False,False,price_observation,LOW,NOT_SOLVED,ELIGIBLE_ONLY_IF_DATE>=active_from AND DATE<=active_to AND NOT_IN_KNOWN_SUSPENSION_INTERVAL
SONA,,unknown,LOW,2023-10-09,2026-10-07,2023-10-09,2026-10-07,OPEN_ENDED_CURRENT_SNAPSHOT,,unknown,,,,,,717,12,0,0,False,False,price_observation,LOW,NOT_SOLVED,ELIGIBLE_ONLY_IF_DATE>=active_from AND DATE<=active_to AND NOT_IN_KNOWN_SUSPENSION_INTERVAL
SOSS,,unknown,LOW,2023-10-09,2026-10-07,2023-10-09,2026-10-07,OPEN_ENDED_CURRENT_SNAPSHOT,,unknown,,,,,,719,12,0,0,False,False,price_observation,LOW,NOT_SOLVED,ELIGIBLE_ONLY_IF_DATE>=active_from AND DATE<=active_to AND NOT_IN_KNOWN_SUSPENSION_INTERVAL
SOTS,,unknown,LOW,2023-10-09,2026-10-07,2023-10-09,2026-10-07,OPEN_ENDED_CURRENT_SNAPSHOT,,unknown,,,,,,716,12,0,0,False,False,price_observation,LOW,NOT_SOLVED,ELIGIBLE_ONLY_IF_DATE>=active_from AND DATE<=active_to AND NOT_IN_KNOWN_SUSPENSION_INTERVAL
SOUL,,unknown,LOW,2023-10-09,2026-10-06,2023-10-09,2026-10-07,OPEN_ENDED_CURRENT_SNAPSHOT,,unknown,,,,,,717,12,0,0,False,False,price_observation,LOW,NOT_SOLVED,ELIGIBLE_ONLY_IF_DATE>=active_from AND DATE<=active_to AND NOT_IN_KNOWN_SUSPENSION_INTERVAL
SPMA,,unknown,LOW,2023-10-09,2026-10-07,2023-10-09,2026-10-07,OPEN_ENDED_CURRENT_SNAPSHOT,,unknown,,,,,,720,12,0,0,False,False,price_observation,LOW,NOT_SOLVED,ELIGIBLE_ONLY_IF_DATE>=active_from AND DATE<=active_to AND NOT_IN_KNOWN_SUSPENSION_INTERVAL
SPRE,,unknown,LOW,2024-07-03,2026-10-07,2024-07-03,2026-10-07,OPEN_ENDED_CURRENT_SNAPSHOT,,unknown,,,,,,546,12,0,0,False,False,price_observation,LOW,NOT_SOLVED,ELIGIBLE_ONLY_IF_DATE>=active_from AND DATE<=active_to AND NOT_IN_KNOWN_SUSPENSION_INTERVAL
SPTO,,unknown,LOW,2023-10-09,2026-10-07,2023-10-09,2026-10-07,OPEN_ENDED_CURRENT_SNAPSHOT,,unknown,,,,,,716,12,0,0,False,False,price_observation,LOW,NOT_SOLVED,ELIGIBLE_ONLY_IF_DATE>=active_from AND DATE<=active_to AND NOT_IN_KNOWN_SUSPENSION_INTERVAL
SQMI,,unknown,LOW,2023-10-09,2026-10-07,2023-10-09,2026-10-07,OPEN_ENDED_CURRENT_SNAPSHOT,,unknown,,,,,,716,12,0,0,False,False,price_observation,LOW,NOT_SOLVED,ELIGIBLE_ONLY_IF_DATE>=active_from AND DATE<=active_to AND NOT_IN_KNOWN_SUSPENSION_INTERVAL
SRAJ,,unknown,LOW,2023-10-09,2026-10-06,2023-10-09,2026-10-07,OPEN_ENDED_CURRENT_SNAPSHOT,,unknown,,,,,,715,12,0,0,False,False,price_observation,LOW,NOT_SOLVED,ELIGIBLE_ONLY_IF_DATE>=active_from AND DATE<=active_to AND NOT_IN_KNOWN_SUSPENSION_INTERVAL
SRSN,,unknown,LOW,2023-10-09,2026-10-07,2023-10-09,2026-10-07,OPEN_ENDED_CURRENT_SNAPSHOT,,unknown,,,,,,717,12,0,0,False,False,price_observation,LOW,NOT_SOLVED,ELIGIBLE_ONLY_IF_DATE>=active_from AND DATE<=active_to AND NOT_IN_KNOWN_SUSPENSION_INTERVAL
SRTG,,unknown,LOW,2023-10-09,2026-10-07,2023-10-09,2026-10-07,OPEN_ENDED_CURRENT_SNAPSHOT,,unknown,,,,,,716,12,0,0,False,False,price_observation,LOW,NOT_SOLVED,ELIGIBLE_ONLY_IF_DATE>=active_from AND DATE<=active_to AND NOT_IN_KNOWN_SUSPENSION_INTERVAL
SSIA,,unknown,LOW,2023-10-09,2026-10-07,2023-10-09,2026-10-07,OPEN_ENDED_CURRENT_SNAPSHOT,,unknown,,,,,,717,12,0,0,False,False,price_observation,LOW,NOT_SOLVED,ELIGIBLE_ONLY_IF_DATE>=active_from AND DATE<=active_to AND NOT_IN_KNOWN_SUSPENSION_INTERVAL
SSMS,,unknown,LOW,2023-10-09,2026-10-07,2023-10-09,2026-10-07,OPEN_ENDED_CURRENT_SNAPSHOT,,unknown,,,,,,716,12,0,0,False,False,price_observation,LOW,NOT_SOLVED,ELIGIBLE_ONLY_IF_DATE>=active_from AND DATE<=active_to AND NOT_IN_KNOWN_SUSPENSION_INTERVAL
SSTM,,unknown,LOW,2023-10-09,2026-10-07,2023-10-09,2026-10-07,OPEN_ENDED_CURRENT_SNAPSHOT,,unknown,,,,,,717,12,0,0,False,False,price_observation,LOW,NOT_SOLVED,ELIGIBLE_ONLY_IF_DATE>=active_from AND DATE<=active_to AND NOT_IN_KNOWN_SUSPENSION_INTERVAL
STAA,,unknown,LOW,2023-10-09,2026-10-07,2023-10-09,2026-10-07,OPEN_ENDED_CURRENT_SNAPSHOT,,unknown,,,,,,716,12,0,0,False,False,price_observation,LOW,NOT_SOLVED,ELIGIBLE_ONLY_IF_DATE>=active_from AND DATE<=active_to AND NOT_IN_KNOWN_SUSPENSION_INTERVAL
STAR,,unknown,LOW,2023-10-09,2026-10-07,2023-10-09,2026-10-07,OPEN_ENDED_CURRENT_SNAPSHOT,,unknown,,,,,,716,12,0,0,False,False,price_observation,LOW,NOT_SOLVED,ELIGIBLE_ONLY_IF_DATE>=active_from AND DATE<=active_to AND NOT_IN_KNOWN_SUSPENSION_INTERVAL
STRK,,unknown,LOW,2023-10-10,2026-10-07,2023-10-10,2026-10-07,OPEN_ENDED_CURRENT_SNAPSHOT,,unknown,,,,,,715,12,0,0,False,False,price_observation,LOW,NOT_SOLVED,ELIGIBLE_ONLY_IF_DATE>=active_from AND DATE<=active_to AND NOT_IN_KNOWN_SUSPENSION_INTERVAL
STTP,,unknown,LOW,2010-01-04,2026-10-05,2010-01-04,2026-10-07,OPEN_ENDED_CURRENT_SNAPSHOT,,unknown,,,,,,4121,12,0,0,False,False,price_observation,LOW,NOT_SOLVED,ELIGIBLE_ONLY_IF_DATE>=active_from AND DATE<=active_to AND NOT_IN_KNOWN_SUSPENSION_INTERVAL
SULI,,unknown,LOW,2023-10-09,2026-10-07,2023-10-09,2026-10-07,OPEN_ENDED_CURRENT_SNAPSHOT,,unknown,,,,,,717,12,0,0,False,False,price_observation,LOW,NOT_SOLVED,ELIGIBLE_ONLY_IF_DATE>=active_from AND DATE<=active_to AND NOT_IN_KNOWN_SUSPENSION_INTERVAL
SUNI,,unknown,LOW,2023-10-09,2026-10-07,2023-10-09,2026-10-07,OPEN_ENDED_CURRENT_SNAPSHOT,,unknown,,,,,,716,12,0,0,False,False,price_observation,LOW,NOT_SOLVED,ELIGIBLE_ONLY_IF_DATE>=active_from AND DATE<=active_to AND NOT_IN_KNOWN_SUSPENSION_INTERVAL
SUPR,,unknown,LOW,2023-10-09,2026-10-06,2023-10-09,2026-10-07,OPEN_ENDED_CURRENT_SNAPSHOT,,unknown,,,,,,720,12,0,0,False,False,price_observation,LOW,NOT_SOLVED,ELIGIBLE_ONLY_IF_DATE>=active_from AND DATE<=active_to AND NOT_IN_KNOWN_SUSPENSION_INTERVAL
SURE,,unknown,LOW,2023-10-09,2026-10-06,2023-10-09,2026-10-07,OPEN_ENDED_CURRENT_SNAPSHOT,,unknown,,,,,,715,12,0,0,False,False,price_observation,LOW,NOT_SOLVED,ELIGIBLE_ONLY_IF_DATE>=active_from AND DATE<=active_to AND NOT_IN_KNOWN_SUSPENSION_INTERVAL
SWAT,,unknown,LOW,2023-10-09,2026-10-06,2023-10-09,2026-10-07,OPEN_ENDED_CURRENT_SNAPSHOT,,unknown,,,,,,720,12,0,0,False,False,price_observation,LOW,NOT_SOLVED,ELIGIBLE_ONLY_IF_DATE>=active_from AND DATE<=active_to AND NOT_IN_KNOWN_SUSPENSION_INTERVAL
SWID,,unknown,LOW,2023-10-09,2026-10-07,2023-10-09,2026-10-07,OPEN_ENDED_CURRENT_SNAPSHOT,,unknown,,,,,,716,12,0,0,False,False,price_observation,LOW,NOT_SOLVED,ELIGIBLE_ONLY_IF_DATE>=active_from AND DATE<=active_to AND NOT_IN_KNOWN_SUSPENSION_INTERVAL
TALF,,unknown,LOW,2023-10-09,2026-10-07,2023-10-09,2026-10-07,OPEN_ENDED_CURRENT_SNAPSHOT,,unknown,,,,,,716,12,0,0,False,False,price_observation,LOW,NOT_SOLVED,ELIGIBLE_ONLY_IF_DATE>=active_from AND DATE<=active_to AND NOT_IN_KNOWN_SUSPENSION_INTERVAL
TAMA,,unknown,LOW,2023-10-09,2026-10-07,2023-10-09,2026-10-07,OPEN_ENDED_CURRENT_SNAPSHOT,,unknown,,,,,,716,12,0,0,False,False,price_observation,LOW,NOT_SOLVED,ELIGIBLE_ONLY_IF_DATE>=active_from AND DATE<=active_to AND NOT_IN_KNOWN_SUSPENSION_INTERVAL
TAMU,,unknown,LOW,2023-10-09,2026-10-07,2023-10-09,2026-10-07,OPEN_ENDED_CURRENT_SNAPSHOT,,unknown,,,,,,716,12,0,0,False,False,price_observation,LOW,NOT_SOLVED,ELIGIBLE_ONLY_IF_DATE>=active_from AND DATE<=active_to AND NOT_IN_KNOWN_SUSPENSION_INTERVAL
TAPG,,unknown,LOW,2023-10-09,2026-10-07,2023-10-09,2026-10-07,OPEN_ENDED_CURRENT_SNAPSHOT,,unknown,,,,,,716,12,0,0,False,False,price_observation,LOW,NOT_SOLVED,ELIGIBLE_ONLY_IF_DATE>=active_from AND DATE<=active_to AND NOT_IN_KNOWN_SUSPENSION_INTERVAL
TARA,,unknown,LOW,2023-10-09,2026-10-07,2023-10-09,2026-10-07,OPEN_ENDED_CURRENT_SNAPSHOT,,unknown,,,,,,716,12,0,0,False,False,price_observation,LOW,NOT_SOLVED,ELIGIBLE_ONLY_IF_DATE>=active_from AND DATE<=active_to AND NOT_IN_KNOWN_SUSPENSION_INTERVAL
TAXI,,unknown,LOW,2023-10-09,2026-10-07,2023-10-09,2026-10-07,OPEN_ENDED_CURRENT_SNAPSHOT,,unknown,,,,,,716,12,0,0,False,False,price_observation,LOW,NOT_SOLVED,ELIGIBLE_ONLY_IF_DATE>=active_from AND DATE<=active_to AND NOT_IN_KNOWN_SUSPENSION_INTERVAL
TAYS,,unknown,LOW,2023-10-09,2026-10-06,2023-10-09,2026-10-07,OPEN_ENDED_CURRENT_SNAPSHOT,,unknown,,,,,,717,12,0,0,False,False,price_observation,LOW,NOT_SOLVED,ELIGIBLE_ONLY_IF_DATE>=active_from AND DATE<=active_to AND NOT_IN_KNOWN_SUSPENSION_INTERVAL
TBIG,,unknown,LOW,2010-10-26,2026-10-05,2010-10-26,2026-10-07,OPEN_ENDED_CURRENT_SNAPSHOT,,unknown,,,,,,3920,12,0,0,False,False,price_observation,LOW,NOT_SOLVED,ELIGIBLE_ONLY_IF_DATE>=active_from AND DATE<=active_to AND NOT_IN_KNOWN_SUSPENSION_INTERVAL
TBLA,,unknown,LOW,2023-10-09,2026-10-07,2023-10-09,2026-10-07,OPEN_ENDED_CURRENT_SNAPSHOT,,unknown,,,,,,717,12,0,0,False,False,price_observation,LOW,NOT_SOLVED,ELIGIBLE_ONLY_IF_DATE>=active_from AND DATE<=active_to AND NOT_IN_KNOWN_SUSPENSION_INTERVAL
TBMS,,unknown,LOW,2023-10-09,2026-10-07,2023-10-09,2026-10-07,OPEN_ENDED_CURRENT_SNAPSHOT,,unknown,,,,,,717,12,0,0,False,False,price_observation,LOW,NOT_SOLVED,ELIGIBLE_ONLY_IF_DATE>=active_from AND DATE<=active_to AND NOT_IN_KNOWN_SUSPENSION_INTERVAL
TCID,,unknown,LOW,2023-10-09,2026-10-07,2023-10-09,2026-10-07,OPEN_ENDED_CURRENT_SNAPSHOT,,unknown,,,,,,717,12,0,0,False,False,price_observation,LOW,NOT_SOLVED,ELIGIBLE_ONLY_IF_DATE>=active_from AND DATE<=active_to AND NOT_IN_KNOWN_SUSPENSION_INTERVAL
TCPI,,unknown,LOW,2023-10-09,2026-10-07,2023-10-09,2026-10-07,OPEN_ENDED_CURRENT_SNAPSHOT,,unknown,,,,,,716,12,0,0,False,False,price_observation,LOW,NOT_SOLVED,ELIGIBLE_ONLY_IF_DATE>=active_from AND DATE<=active_to AND NOT_IN_KNOWN_SUSPENSION_INTERVAL
TEBE,,unknown,LOW,2023-10-09,2026-10-06,2023-10-09,2026-10-07,OPEN_ENDED_CURRENT_SNAPSHOT,,unknown,,,,,,715,12,0,0,False,False,price_observation,LOW,NOT_SOLVED,ELIGIBLE_ONLY_IF_DATE>=active_from AND DATE<=active_to AND NOT_IN_KNOWN_SUSPENSION_INTERVAL
TELE,,unknown,LOW,2023-10-09,2026-10-06,2023-10-09,2026-10-07,OPEN_ENDED_CURRENT_SNAPSHOT,,unknown,,,,,,720,12,0,0,False,False,price_observation,LOW,NOT_SOLVED,ELIGIBLE_ONLY_IF_DATE>=active_from AND DATE<=active_to AND NOT_IN_KNOWN_SUSPENSION_INTERVAL
TFAS,,unknown,LOW,2023-10-09,2026-10-07,2023-10-09,2026-10-07,OPEN_ENDED_CURRENT_SNAPSHOT,,unknown,,,,,,716,12,0,0,False,False,price_observation,LOW,NOT_SOLVED,ELIGIBLE_ONLY_IF_DATE>=active_from AND DATE<=active_to AND NOT_IN_KNOWN_SUSPENSION_INTERVAL
TFCO,,unknown,LOW,2023-10-09,2026-10-07,2023-10-09,2026-10-07,OPEN_ENDED_CURRENT_SNAPSHOT,,unknown,,,,,,717,12,0,0,False,False,price_observation,LOW,NOT_SOLVED,ELIGIBLE_ONLY_IF_DATE>=active_from AND DATE<=active_to AND NOT_IN_KNOWN_SUSPENSION_INTERVAL
TGKA,,unknown,LOW,2023-10-09,2026-10-07,2023-10-09,2026-10-07,OPEN_ENDED_CURRENT_SNAPSHOT,,unknown,,,,,,717,12,0,0,False,False,price_observation,LOW,NOT_SOLVED,ELIGIBLE_ONLY_IF_DATE>=active_from AND DATE<=active_to AND NOT_IN_KNOWN_SUSPENSION_INTERVAL
TGRA,,unknown,LOW,2023-10-09,2026-10-06,2023-10-09,2026-10-07,OPEN_ENDED_CURRENT_SNAPSHOT,,unknown,,,,,,720,12,0,0,False,False,price_observation,LOW,NOT_SOLVED,ELIGIBLE_ONLY_IF_DATE>=active_from AND DATE<=active_to AND NOT_IN_KNOWN_SUSPENSION_INTERVAL
TGUK,,unknown,LOW,2023-10-09,2026-10-07,2023-10-09,2026-10-07,OPEN_ENDED_CURRENT_SNAPSHOT,,unknown,,,,,,719,12,0,0,False,False,price_observation,LOW,NOT_SOLVED,ELIGIBLE_ONLY_IF_DATE>=active_from AND DATE<=active_to AND NOT_IN_KNOWN_SUSPENSION_INTERVAL
TIFA,,unknown,LOW,2011-07-12,2026-10-05,2011-07-12,2026-10-07,OPEN_ENDED_CURRENT_SNAPSHOT,,unknown,,,,,,3745,12,0,0,False,False,price_observation,LOW,NOT_SOLVED,ELIGIBLE_ONLY_IF_DATE>=active_from AND DATE<=active_to AND NOT_IN_KNOWN_SUSPENSION_INTERVAL
TINS,,unknown,LOW,2010-01-04,2026-10-05,2010-01-04,2026-10-07,OPEN_ENDED_CURRENT_SNAPSHOT,,unknown,,,,,,4120,12,0,0,False,False,price_observation,LOW,NOT_SOLVED,ELIGIBLE_ONLY_IF_DATE>=active_from AND DATE<=active_to AND NOT_IN_KNOWN_SUSPENSION_INTERVAL
TIRA,,unknown,LOW,2023-10-09,2026-10-07,2023-10-09,2026-10-07,OPEN_ENDED_CURRENT_SNAPSHOT,,unknown,,,,,,717,12,0,0,False,False,price_observation,LOW,NOT_SOLVED,ELIGIBLE_ONLY_IF_DATE>=active_from AND DATE<=active_to AND NOT_IN_KNOWN_SUSPENSION_INTERVAL
TIRT,,unknown,LOW,2023-10-09,2026-10-06,2023-10-09,2026-10-07,OPEN_ENDED_CURRENT_SNAPSHOT,,unknown,,,,,,717,12,0,0,False,False,price_observation,LOW,NOT_SOLVED,ELIGIBLE_ONLY_IF_DATE>=active_from AND DATE<=active_to AND NOT_IN_KNOWN_SUSPENSION_INTERVAL
TKIM,,unknown,LOW,2010-01-04,2026-10-05,2010-01-04,2026-10-07,OPEN_ENDED_CURRENT_SNAPSHOT,,unknown,,,,,,4120,12,0,0,False,False,price_observation,LOW,NOT_SOLVED,ELIGIBLE_ONLY_IF_DATE>=active_from AND DATE<=active_to AND NOT_IN_KNOWN_SUSPENSION_INTERVAL
TLDN,,unknown,LOW,2023-10-09,2026-10-07,2023-10-09,2026-10-07,OPEN_ENDED_CURRENT_SNAPSHOT,,unknown,,,,,,716,12,0,0,False,False,price_observation,LOW,NOT_SOLVED,ELIGIBLE_ONLY_IF_DATE>=active_from AND DATE<=active_to AND NOT_IN_KNOWN_SUSPENSION_INTERVAL
TLKM,,unknown,LOW,2010-01-04,2026-10-05,2010-01-04,2026-10-07,OPEN_ENDED_CURRENT_SNAPSHOT,,unknown,,,,,,4120,12,0,0,False,False,price_observation,LOW,NOT_SOLVED,ELIGIBLE_ONLY_IF_DATE>=active_from AND DATE<=active_to AND NOT_IN_KNOWN_SUSPENSION_INTERVAL
TMAS,,unknown,LOW,2023-10-09,2026-10-07,2023-10-09,2026-10-07,OPEN_ENDED_CURRENT_SNAPSHOT,,unknown,,,,,,716,12,0,0,False,False,price_observation,LOW,NOT_SOLVED,ELIGIBLE_ONLY_IF_DATE>=active_from AND DATE<=active_to AND NOT_IN_KNOWN_SUSPENSION_INTERVAL
TMPO,,unknown,LOW,2023-10-09,2026-10-07,2023-10-09,2026-10-07,OPEN_ENDED_CURRENT_SNAPSHOT,,unknown,,,,,,717,12,0,0,False,False,price_observation,LOW,NOT_SOLVED,ELIGIBLE_ONLY_IF_DATE>=active_from AND DATE<=active_to AND NOT_IN_KNOWN_SUSPENSION_INTERVAL
TNCA,,unknown,LOW,2023-10-09,2026-10-07,2023-10-09,2026-10-07,OPEN_ENDED_CURRENT_SNAPSHOT,,unknown,,,,,,716,12,0,0,False,False,price_observation,LOW,NOT_SOLVED,ELIGIBLE_ONLY_IF_DATE>=active_from AND DATE<=active_to AND NOT_IN_KNOWN_SUSPENSION_INTERVAL
TOBA,,unknown,LOW,2023-10-09,2026-10-07,2023-10-09,2026-10-07,OPEN_ENDED_CURRENT_SNAPSHOT,,unknown,,,,,,716,12,0,0,False,False,price_observation,LOW,NOT_SOLVED,ELIGIBLE_ONLY_IF_DATE>=active_from AND DATE<=active_to AND NOT_IN_KNOWN_SUSPENSION_INTERVAL
TOOL,,unknown,LOW,2023-10-09,2026-10-07,2023-10-09,2026-10-07,OPEN_ENDED_CURRENT_SNAPSHOT,,unknown,,,,,,716,12,0,0,False,False,price_observation,LOW,NOT_SOLVED,ELIGIBLE_ONLY_IF_DATE>=active_from AND DATE<=active_to AND NOT_IN_KNOWN_SUSPENSION_INTERVAL
TOPS,,unknown,LOW,2023-10-09,2026-10-06,2023-10-09,2026-10-07,OPEN_ENDED_CURRENT_SNAPSHOT,,unknown,,,,,,720,12,0,0,False,False,price_observation,LOW,NOT_SOLVED,ELIGIBLE_ONLY_IF_DATE>=active_from AND DATE<=active_to AND NOT_IN_KNOWN_SUSPENSION_INTERVAL
TOTL,,unknown,LOW,2010-01-04,2026-10-05,2010-01-04,2026-10-07,OPEN_ENDED_CURRENT_SNAPSHOT,,unknown,,,,,,4120,12,0,0,False,False,price_observation,LOW,NOT_SOLVED,ELIGIBLE_ONLY_IF_DATE>=active_from AND DATE<=active_to AND NOT_IN_KNOWN_SUSPENSION_INTERVAL
TOTO,,unknown,LOW,2023-10-09,2026-10-07,2023-10-09,2026-10-07,OPEN_ENDED_CURRENT_SNAPSHOT,,unknown,,,,,,717,12,0,0,False,False,price_observation,LOW,NOT_SOLVED,ELIGIBLE_ONLY_IF_DATE>=active_from AND DATE<=active_to AND NOT_IN_KNOWN_SUSPENSION_INTERVAL
TOWR,,unknown,LOW,2010-03-08,2026-10-05,2010-03-08,2026-10-07,OPEN_ENDED_CURRENT_SNAPSHOT,,unknown,,,,,,4075,12,0,0,False,False,price_observation,LOW,NOT_SOLVED,ELIGIBLE_ONLY_IF_DATE>=active_from AND DATE<=active_to AND NOT_IN_KNOWN_SUSPENSION_INTERVAL
TOYS,,unknown,LOW,2023-10-09,2026-10-06,2023-10-09,2026-10-07,OPEN_ENDED_CURRENT_SNAPSHOT,,unknown,,,,,,720,12,0,0,False,False,price_observation,LOW,NOT_SOLVED,ELIGIBLE_ONLY_IF_DATE>=active_from AND DATE<=active_to AND NOT_IN_KNOWN_SUSPENSION_INTERVAL
TPIA,,unknown,LOW,2023-10-09,2026-10-07,2023-10-09,2026-10-07,OPEN_ENDED_CURRENT_SNAPSHOT,,unknown,,,,,,716,12,0,0,False,False,price_observation,LOW,NOT_SOLVED,ELIGIBLE_ONLY_IF_DATE>=active_from AND DATE<=active_to AND NOT_IN_KNOWN_SUSPENSION_INTERVAL
TPMA,,unknown,LOW,2023-10-09,2026-10-07,2023-10-09,2026-10-07,OPEN_ENDED_CURRENT_SNAPSHOT,,unknown,,,,,,716,12,0,0,False,False,price_observation,LOW,NOT_SOLVED,ELIGIBLE_ONLY_IF_DATE>=active_from AND DATE<=active_to AND NOT_IN_KNOWN_SUSPENSION_INTERVAL
TRGU,,unknown,LOW,2023-10-09,2026-10-07,2023-10-09,2026-10-07,OPEN_ENDED_CURRENT_SNAPSHOT,,unknown,,,,,,716,12,0,0,False,False,price_observation,LOW,NOT_SOLVED,ELIGIBLE_ONLY_IF_DATE>=active_from AND DATE<=active_to AND NOT_IN_KNOWN_SUSPENSION_INTERVAL
TRIM,,unknown,LOW,2023-10-09,2026-10-07,2023-10-09,2026-10-07,OPEN_ENDED_CURRENT_SNAPSHOT,,unknown,,,,,,717,12,0,0,False,False,price_observation,LOW,NOT_SOLVED,ELIGIBLE_ONLY_IF_DATE>=active_from AND DATE<=active_to AND NOT_IN_KNOWN_SUSPENSION_INTERVAL
TRIN,,unknown,LOW,2023-10-09,2026-10-07,2023-10-09,2026-10-07,OPEN_ENDED_CURRENT_SNAPSHOT,,unknown,,,,,,716,12,0,0,False,False,price_observation,LOW,NOT_SOLVED,ELIGIBLE_ONLY_IF_DATE>=active_from AND DATE<=active_to AND NOT_IN_KNOWN_SUSPENSION_INTERVAL
TRIS,,unknown,LOW,2023-10-09,2026-10-07,2023-10-09,2026-10-07,OPEN_ENDED_CURRENT_SNAPSHOT,,unknown,,,,,,716,12,0,0,False,False,price_observation,LOW,NOT_SOLVED,ELIGIBLE_ONLY_IF_DATE>=active_from AND DATE<=active_to AND NOT_IN_KNOWN_SUSPENSION_INTERVAL
TRJA,,unknown,LOW,2023-10-09,2026-10-07,2023-10-09,2026-10-07,OPEN_ENDED_CURRENT_SNAPSHOT,,unknown,,,,,,716,12,0,0,False,False,price_observation,LOW,NOT_SOLVED,ELIGIBLE_ONLY_IF_DATE>=active_from AND DATE<=active_to AND NOT_IN_KNOWN_SUSPENSION_INTERVAL
TRON,,unknown,LOW,2023-10-09,2026-10-07,2023-10-09,2026-10-07,OPEN_ENDED_CURRENT_SNAPSHOT,,unknown,,,,,,716,12,0,0,False,False,price_observation,LOW,NOT_SOLVED,ELIGIBLE_ONLY_IF_DATE>=active_from AND DATE<=active_to AND NOT_IN_KNOWN_SUSPENSION_INTERVAL
TRST,,unknown,LOW,2023-10-09,2026-10-07,2023-10-09,2026-10-07,OPEN_ENDED_CURRENT_SNAPSHOT,,unknown,,,,,,717,12,0,0,False,False,price_observation,LOW,NOT_SOLVED,ELIGIBLE_ONLY_IF_DATE>=active_from AND DATE<=active_to AND NOT_IN_KNOWN_SUSPENSION_INTERVAL
TRUE,,unknown,LOW,2023-10-09,2026-10-07,2023-10-09,2026-10-07,OPEN_ENDED_CURRENT_SNAPSHOT,,unknown,,,,,,718,12,0,0,False,False,price_observation,LOW,NOT_SOLVED,ELIGIBLE_ONLY_IF_DATE>=active_from AND DATE<=active_to AND NOT_IN_KNOWN_SUSPENSION_INTERVAL
TRUK,,unknown,LOW,2023-10-09,2026-10-06,2023-10-09,2026-10-07,OPEN_ENDED_CURRENT_SNAPSHOT,,unknown,,,,,,715,12,0,0,False,False,price_observation,LOW,NOT_SOLVED,ELIGIBLE_ONLY_IF_DATE>=active_from AND DATE<=active_to AND NOT_IN_KNOWN_SUSPENSION_INTERVAL
TRUS,,unknown,LOW,2023-10-09,2026-10-07,2023-10-09,2026-10-07,OPEN_ENDED_CURRENT_SNAPSHOT,,unknown,,,,,,717,12,0,0,False,False,price_observation,LOW,NOT_SOLVED,ELIGIBLE_ONLY_IF_DATE>=active_from AND DATE<=active_to AND NOT_IN_KNOWN_SUSPENSION_INTERVAL
TSPC,,unknown,LOW,2010-01-04,2026-10-05,2010-01-04,2026-10-07,OPEN_ENDED_CURRENT_SNAPSHOT,,unknown,,,,,,4121,12,0,0,False,False,price_observation,LOW,NOT_SOLVED,ELIGIBLE_ONLY_IF_DATE>=active_from AND DATE<=active_to AND NOT_IN_KNOWN_SUSPENSION_INTERVAL
TUGU,,unknown,LOW,2023-10-09,2026-10-07,2023-10-09,2026-10-07,OPEN_ENDED_CURRENT_SNAPSHOT,,unknown,,,,,,716,12,0,0,False,False,price_observation,LOW,NOT_SOLVED,ELIGIBLE_ONLY_IF_DATE>=active_from AND DATE<=active_to AND NOT_IN_KNOWN_SUSPENSION_INTERVAL
TYRE,,unknown,LOW,2023-10-09,2026-10-07,2023-10-09,2026-10-07,OPEN_ENDED_CURRENT_SNAPSHOT,,unknown,,,,,,716,12,0,0,False,False,price_observation,LOW,NOT_SOLVED,ELIGIBLE_ONLY_IF_DATE>=active_from AND DATE<=active_to AND NOT_IN_KNOWN_SUSPENSION_INTERVAL
UANG,,unknown,LOW,2023-10-09,2026-10-07,2023-10-09,2026-10-07,OPEN_ENDED_CURRENT_SNAPSHOT,,unknown,,,,,,716,12,0,0,False,False,price_observation,LOW,NOT_SOLVED,ELIGIBLE_ONLY_IF_DATE>=active_from AND DATE<=active_to AND NOT_IN_KNOWN_SUSPENSION_INTERVAL
UCID,,unknown,LOW,2023-10-09,2026-10-07,2023-10-09,2026-10-07,OPEN_ENDED_CURRENT_SNAPSHOT,,unknown,,,,,,716,12,0,0,False,False,price_observation,LOW,NOT_SOLVED,ELIGIBLE_ONLY_IF_DATE>=active_from AND DATE<=active_to AND NOT_IN_KNOWN_SUSPENSION_INTERVAL
UDNG,,unknown,LOW,2023-10-31,2026-10-07,2023-10-31,2026-10-07,OPEN_ENDED_CURRENT_SNAPSHOT,,unknown,,,,,,700,12,0,0,False,False,price_observation,LOW,NOT_SOLVED,ELIGIBLE_ONLY_IF_DATE>=active_from AND DATE<=active_to AND NOT_IN_KNOWN_SUSPENSION_INTERVAL
UFOE,,unknown,LOW,2023-10-09,2026-10-07,2023-10-09,2026-10-07,OPEN_ENDED_CURRENT_SNAPSHOT,,unknown,,,,,,716,12,0,0,False,False,price_observation,LOW,NOT_SOLVED,ELIGIBLE_ONLY_IF_DATE>=active_from AND DATE<=active_to AND NOT_IN_KNOWN_SUSPENSION_INTERVAL
ULTJ,,unknown,LOW,2010-01-04,2026-10-05,2010-01-04,2026-10-07,OPEN_ENDED_CURRENT_SNAPSHOT,,unknown,,,,,,4120,12,0,0,False,False,price_observation,LOW,NOT_SOLVED,ELIGIBLE_ONLY_IF_DATE>=active_from AND DATE<=active_to AND NOT_IN_KNOWN_SUSPENSION_INTERVAL
UNIC,,unknown,LOW,2023-10-09,2026-10-07,2023-10-09,2026-10-07,OPEN_ENDED_CURRENT_SNAPSHOT,,unknown,,,,,,717,12,0,0,False,False,price_observation,LOW,NOT_SOLVED,ELIGIBLE_ONLY_IF_DATE>=active_from AND DATE<=active_to AND NOT_IN_KNOWN_SUSPENSION_INTERVAL
UNIQ,,unknown,LOW,2023-10-09,2026-10-07,2023-10-09,2026-10-07,OPEN_ENDED_CURRENT_SNAPSHOT,,unknown,,,,,,716,12,0,0,False,False,price_observation,LOW,NOT_SOLVED,ELIGIBLE_ONLY_IF_DATE>=active_from AND DATE<=active_to AND NOT_IN_KNOWN_SUSPENSION_INTERVAL
UNSP,,unknown,LOW,2023-10-09,2026-10-07,2023-10-09,2026-10-07,OPEN_ENDED_CURRENT_SNAPSHOT,,unknown,,,,,,718,12,0,0,False,False,price_observation,LOW,NOT_SOLVED,ELIGIBLE_ONLY_IF_DATE>=active_from AND DATE<=active_to AND NOT_IN_KNOWN_SUSPENSION_INTERVAL
UNTR,,unknown,LOW,2023-10-09,2026-10-07,2023-10-09,2026-10-07,OPEN_ENDED_CURRENT_SNAPSHOT,,unknown,,,,,,717,12,0,0,False,False,price_observation,LOW,NOT_SOLVED,ELIGIBLE_ONLY_IF_DATE>=active_from AND DATE<=active_to AND NOT_IN_KNOWN_SUSPENSION_INTERVAL
UNVR,,unknown,LOW,2010-01-04,2026-10-05,2010-01-04,2026-10-07,OPEN_ENDED_CURRENT_SNAPSHOT,,unknown,,,,,,4121,12,0,0,False,False,price_observation,LOW,NOT_SOLVED,ELIGIBLE_ONLY_IF_DATE>=active_from AND DATE<=active_to AND NOT_IN_KNOWN_SUSPENSION_INTERVAL
URBN,,unknown,LOW,2023-10-09,2026-10-07,2023-10-09,2026-10-07,OPEN_ENDED_CURRENT_SNAPSHOT,,unknown,,,,,,716,12,0,0,False,False,price_observation,LOW,NOT_SOLVED,ELIGIBLE_ONLY_IF_DATE>=active_from AND DATE<=active_to AND NOT_IN_KNOWN_SUSPENSION_INTERVAL
UVCR,,unknown,LOW,2023-10-09,2026-10-07,2023-10-09,2026-10-07,OPEN_ENDED_CURRENT_SNAPSHOT,,unknown,,,,,,716,12,0,0,False,False,price_observation,LOW,NOT_SOLVED,ELIGIBLE_ONLY_IF_DATE>=active_from AND DATE<=active_to AND NOT_IN_KNOWN_SUSPENSION_INTERVAL
VAST,,unknown,LOW,2023-10-09,2026-10-07,2023-10-09,2026-10-07,OPEN_ENDED_CURRENT_SNAPSHOT,,unknown,,,,,,716,12,0,0,False,False,price_observation,LOW,NOT_SOLVED,ELIGIBLE_ONLY_IF_DATE>=active_from AND DATE<=active_to AND NOT_IN_KNOWN_SUSPENSION_INTERVAL
VERN,,unknown,LOW,2024-10-08,2026-10-07,2024-10-08,2026-10-07,OPEN_ENDED_CURRENT_SNAPSHOT,,unknown,,,,,,478,12,0,0,False,False,price_observation,LOW,NOT_SOLVED,ELIGIBLE_ONLY_IF_DATE>=active_from AND DATE<=active_to AND NOT_IN_KNOWN_SUSPENSION_INTERVAL
VICI,,unknown,LOW,2023-10-09,2026-10-07,2023-10-09,2026-10-07,OPEN_ENDED_CURRENT_SNAPSHOT,,unknown,,,,,,716,12,0,0,False,False,price_observation,LOW,NOT_SOLVED,ELIGIBLE_ONLY_IF_DATE>=active_from AND DATE<=active_to AND NOT_IN_KNOWN_SUSPENSION_INTERVAL
VICO,,unknown,LOW,2023-10-09,2026-10-07,2023-10-09,2026-10-07,OPEN_ENDED_CURRENT_SNAPSHOT,,unknown,,,,,,716,12,0,0,False,False,price_observation,LOW,NOT_SOLVED,ELIGIBLE_ONLY_IF_DATE>=active_from AND DATE<=active_to AND NOT_IN_KNOWN_SUSPENSION_INTERVAL
VINS,,unknown,LOW,2023-10-09,2026-10-07,2023-10-09,2026-10-07,OPEN_ENDED_CURRENT_SNAPSHOT,,unknown,,,,,,716,12,0,0,False,False,price_observation,LOW,NOT_SOLVED,ELIGIBLE_ONLY_IF_DATE>=active_from AND DATE<=active_to AND NOT_IN_KNOWN_SUSPENSION_INTERVAL
VISI,,unknown,LOW,2024-02-27,2026-10-07,2024-02-27,2026-10-07,OPEN_ENDED_CURRENT_SNAPSHOT,,unknown,,,,,,621,12,0,0,False,False,price_observation,LOW,NOT_SOLVED,ELIGIBLE_ONLY_IF_DATE>=active_from AND DATE<=active_to AND NOT_IN_KNOWN_SUSPENSION_INTERVAL
VIVA,,unknown,LOW,2023-10-09,2026-10-07,2023-10-09,2026-10-07,OPEN_ENDED_CURRENT_SNAPSHOT,,unknown,,,,,,716,12,0,0,False,False,price_observation,LOW,NOT_SOLVED,ELIGIBLE_ONLY_IF_DATE>=active_from AND DATE<=active_to AND NOT_IN_KNOWN_SUSPENSION_INTERVAL
VKTR,,unknown,LOW,2023-10-09,2026-10-07,2023-10-09,2026-10-07,OPEN_ENDED_CURRENT_SNAPSHOT,,unknown,,,,,,716,12,0,0,False,False,price_observation,LOW,NOT_SOLVED,ELIGIBLE_ONLY_IF_DATE>=active_from AND DATE<=active_to AND NOT_IN_KNOWN_SUSPENSION_INTERVAL
VOKS,,unknown,LOW,2023-10-09,2026-10-07,2023-10-09,2026-10-07,OPEN_ENDED_CURRENT_SNAPSHOT,,unknown,,,,,,717,12,0,0,False,False,price_observation,LOW,NOT_SOLVED,ELIGIBLE_ONLY_IF_DATE>=active_from AND DATE<=active_to AND NOT_IN_KNOWN_SUSPENSION_INTERVAL
VRNA,,unknown,LOW,2023-10-09,2026-10-07,2023-10-09,2026-10-07,OPEN_ENDED_CURRENT_SNAPSHOT,,unknown,,,,,,716,12,0,0,False,False,price_observation,LOW,NOT_SOLVED,ELIGIBLE_ONLY_IF_DATE>=active_from AND DATE<=active_to AND NOT_IN_KNOWN_SUSPENSION_INTERVAL
VTNY,,unknown,LOW,2023-10-09,2026-10-07,2023-10-09,2026-10-07,OPEN_ENDED_CURRENT_SNAPSHOT,,unknown,,,,,,716,12,0,0,False,False,price_observation,LOW,NOT_SOLVED,ELIGIBLE_ONLY_IF_DATE>=active_from AND DATE<=active_to AND NOT_IN_KNOWN_SUSPENSION_INTERVAL
WAPO,,unknown,LOW,2023-10-09,2026-10-07,2023-10-09,2026-10-07,OPEN_ENDED_CURRENT_SNAPSHOT,,unknown,,,,,,717,12,0,0,False,False,price_observation,LOW,NOT_SOLVED,ELIGIBLE_ONLY_IF_DATE>=active_from AND DATE<=active_to AND NOT_IN_KNOWN_SUSPENSION_INTERVAL
WEGE,,unknown,LOW,2023-10-09,2026-10-07,2023-10-09,2026-10-07,OPEN_ENDED_CURRENT_SNAPSHOT,,unknown,,,,,,716,12,0,0,False,False,price_observation,LOW,NOT_SOLVED,ELIGIBLE_ONLY_IF_DATE>=active_from AND DATE<=active_to AND NOT_IN_KNOWN_SUSPENSION_INTERVAL
WEHA,,unknown,LOW,2023-10-09,2026-10-07,2023-10-09,2026-10-07,OPEN_ENDED_CURRENT_SNAPSHOT,,unknown,,,,,,716,12,0,0,False,False,price_observation,LOW,NOT_SOLVED,ELIGIBLE_ONLY_IF_DATE>=active_from AND DATE<=active_to AND NOT_IN_KNOWN_SUSPENSION_INTERVAL
WICO,,unknown,LOW,2023-10-09,2026-10-06,2023-10-09,2026-10-07,OPEN_ENDED_CURRENT_SNAPSHOT,,unknown,,,,,,720,12,0,0,False,False,price_observation,LOW,NOT_SOLVED,ELIGIBLE_ONLY_IF_DATE>=active_from AND DATE<=active_to AND NOT_IN_KNOWN_SUSPENSION_INTERVAL
WIFI,,unknown,LOW,2023-10-09,2026-10-07,2023-10-09,2026-10-07,OPEN_ENDED_CURRENT_SNAPSHOT,,unknown,,,,,,716,12,0,0,False,False,price_observation,LOW,NOT_SOLVED,ELIGIBLE_ONLY_IF_DATE>=active_from AND DATE<=active_to AND NOT_IN_KNOWN_SUSPENSION_INTERVAL
WIIM,,unknown,LOW,2023-10-09,2026-10-07,2023-10-09,2026-10-07,OPEN_ENDED_CURRENT_SNAPSHOT,,unknown,,,,,,716,12,0,0,False,False,price_observation,LOW,NOT_SOLVED,ELIGIBLE_ONLY_IF_DATE>=active_from AND DATE<=active_to AND NOT_IN_KNOWN_SUSPENSION_INTERVAL
WIKA,,unknown,LOW,2010-01-04,2026-10-05,2010-01-04,2026-10-07,OPEN_ENDED_CURRENT_SNAPSHOT,,unknown,,,,,,4124,12,0,0,False,False,price_observation,LOW,NOT_SOLVED,ELIGIBLE_ONLY_IF_DATE>=active_from AND DATE<=active_to AND NOT_IN_KNOWN_SUSPENSION_INTERVAL
WINE,,unknown,LOW,2023-10-09,2026-10-07,2023-10-09,2026-10-07,OPEN_ENDED_CURRENT_SNAPSHOT,,unknown,,,,,,716,12,0,0,False,False,price_observation,LOW,NOT_SOLVED,ELIGIBLE_ONLY_IF_DATE>=active_from AND DATE<=active_to AND NOT_IN_KNOWN_SUSPENSION_INTERVAL
WINR,,unknown,LOW,2023-10-09,2026-10-07,2023-10-09,2026-10-07,OPEN_ENDED_CURRENT_SNAPSHOT,,unknown,,,,,,716,12,0,0,False,False,price_observation,LOW,NOT_SOLVED,ELIGIBLE_ONLY_IF_DATE>=active_from AND DATE<=active_to AND NOT_IN_KNOWN_SUSPENSION_INTERVAL
WINS,,unknown,LOW,2023-10-09,2026-10-07,2023-10-09,2026-10-07,OPEN_ENDED_CURRENT_SNAPSHOT,,unknown,,,,,,717,12,0,0,False,False,price_observation,LOW,NOT_SOLVED,ELIGIBLE_ONLY_IF_DATE>=active_from AND DATE<=active_to AND NOT_IN_KNOWN_SUSPENSION_INTERVAL
WIRG,,unknown,LOW,2023-10-09,2026-10-07,2023-10-09,2026-10-07,OPEN_ENDED_CURRENT_SNAPSHOT,,unknown,,,,,,716,12,0,0,False,False,price_observation,LOW,NOT_SOLVED,ELIGIBLE_ONLY_IF_DATE>=active_from AND DATE<=active_to AND NOT_IN_KNOWN_SUSPENSION_INTERVAL
WMPP,,unknown,LOW,2023-10-09,2026-10-07,2023-10-09,2026-10-07,OPEN_ENDED_CURRENT_SNAPSHOT,,unknown,,,,,,716,12,0,0,False,False,price_observation,LOW,NOT_SOLVED,ELIGIBLE_ONLY_IF_DATE>=active_from AND DATE<=active_to AND NOT_IN_KNOWN_SUSPENSION_INTERVAL
WMUU,,unknown,LOW,2023-10-09,2026-10-07,2023-10-09,2026-10-07,OPEN_ENDED_CURRENT_SNAPSHOT,,unknown,,,,,,716,12,0,0,False,False,price_observation,LOW,NOT_SOLVED,ELIGIBLE_ONLY_IF_DATE>=active_from AND DATE<=active_to AND NOT_IN_KNOWN_SUSPENSION_INTERVAL
WOMF,,unknown,LOW,2023-10-09,2026-10-07,2023-10-09,2026-10-07,OPEN_ENDED_CURRENT_SNAPSHOT,,unknown,,,,,,716,12,0,0,False,False,price_observation,LOW,NOT_SOLVED,ELIGIBLE_ONLY_IF_DATE>=active_from AND DATE<=active_to AND NOT_IN_KNOWN_SUSPENSION_INTERVAL
WOOD,,unknown,LOW,2023-10-09,2026-10-07,2023-10-09,2026-10-07,OPEN_ENDED_CURRENT_SNAPSHOT,,unknown,,,,,,716,12,0,0,False,False,price_observation,LOW,NOT_SOLVED,ELIGIBLE_ONLY_IF_DATE>=active_from AND DATE<=active_to AND NOT_IN_KNOWN_SUSPENSION_INTERVAL
WOWS,,unknown,LOW,2023-10-09,2026-10-07,2023-10-09,2026-10-07,OPEN_ENDED_CURRENT_SNAPSHOT,,unknown,,,,,,716,12,0,0,False,False,price_observation,LOW,NOT_SOLVED,ELIGIBLE_ONLY_IF_DATE>=active_from AND DATE<=active_to AND NOT_IN_KNOWN_SUSPENSION_INTERVAL
WSBP,,unknown,LOW,2016-09-20,2026-10-05,2016-09-20,2026-10-07,OPEN_ENDED_CURRENT_SNAPSHOT,,unknown,,,,,,2475,12,0,0,False,False,price_observation,LOW,NOT_SOLVED,ELIGIBLE_ONLY_IF_DATE>=active_from AND DATE<=active_to AND NOT_IN_KNOWN_SUSPENSION_INTERVAL
WSKT,,unknown,LOW,2012-12-19,2026-06-26,2012-12-19,2026-10-07,OPEN_ENDED_CURRENT_SNAPSHOT,,unknown,,,,,,3322,12,0,0,False,False,price_observation,LOW,NOT_SOLVED,ELIGIBLE_ONLY_IF_DATE>=active_from AND DATE<=active_to AND NOT_IN_KNOWN_SUSPENSION_INTERVAL
WTON,,unknown,LOW,2014-04-08,2026-10-05,2014-04-08,2026-10-07,OPEN_ENDED_CURRENT_SNAPSHOT,,unknown,,,,,,3064,12,0,0,False,False,price_observation,LOW,NOT_SOLVED,ELIGIBLE_ONLY_IF_DATE>=active_from AND DATE<=active_to AND NOT_IN_KNOWN_SUSPENSION_INTERVAL
YELO,,unknown,LOW,2023-10-09,2026-10-07,2023-10-09,2026-10-07,OPEN_ENDED_CURRENT_SNAPSHOT,,unknown,,,,,,716,12,0,0,False,False,price_observation,LOW,NOT_SOLVED,ELIGIBLE_ONLY_IF_DATE>=active_from AND DATE<=active_to AND NOT_IN_KNOWN_SUSPENSION_INTERVAL
YOII,,unknown,LOW,2025-01-08,2026-10-07,2025-01-08,2026-10-07,OPEN_ENDED_CURRENT_SNAPSHOT,,unknown,,,,,,417,12,0,0,False,False,price_observation,LOW,NOT_SOLVED,ELIGIBLE_ONLY_IF_DATE>=active_from AND DATE<=active_to AND NOT_IN_KNOWN_SUSPENSION_INTERVAL
YPAS,,unknown,LOW,2023-10-09,2026-10-07,2023-10-09,2026-10-07,OPEN_ENDED_CURRENT_SNAPSHOT,,unknown,,,,,,717,12,0,0,False,False,price_observation,LOW,NOT_SOLVED,ELIGIBLE_ONLY_IF_DATE>=active_from AND DATE<=active_to AND NOT_IN_KNOWN_SUSPENSION_INTERVAL
YULE,,unknown,LOW,2023-10-09,2026-10-07,2023-10-09,2026-10-07,OPEN_ENDED_CURRENT_SNAPSHOT,,unknown,,,,,,716,12,0,0,False,False,price_observation,LOW,NOT_SOLVED,ELIGIBLE_ONLY_IF_DATE>=active_from AND DATE<=active_to AND NOT_IN_KNOWN_SUSPENSION_INTERVAL
YUPI,,unknown,LOW,2025-03-25,2026-10-07,2025-03-25,2026-10-07,OPEN_ENDED_CURRENT_SNAPSHOT,,unknown,,,,,,366,12,0,0,False,False,price_observation,LOW,NOT_SOLVED,ELIGIBLE_ONLY_IF_DATE>=active_from AND DATE<=active_to AND NOT_IN_KNOWN_SUSPENSION_INTERVAL
ZATA,,unknown,LOW,2023-10-09,2026-10-07,2023-10-09,2026-10-07,OPEN_ENDED_CURRENT_SNAPSHOT,,unknown,,,,,,716,12,0,0,False,False,price_observation,LOW,NOT_SOLVED,ELIGIBLE_ONLY_IF_DATE>=active_from AND DATE<=active_to AND NOT_IN_KNOWN_SUSPENSION_INTERVAL
ZBRA,,unknown,LOW,2023-10-09,2026-10-06,2023-10-09,2026-10-07,OPEN_ENDED_CURRENT_SNAPSHOT,,unknown,,,,,,720,12,0,0,False,False,price_observation,LOW,NOT_SOLVED,ELIGIBLE_ONLY_IF_DATE>=active_from AND DATE<=active_to AND NOT_IN_KNOWN_SUSPENSION_INTERVAL
ZINC,,unknown,LOW,2023-10-09,2026-10-06,2023-10-09,2026-10-07,OPEN_ENDED_CURRENT_SNAPSHOT,,unknown,,,,,,720,12,0,0,False,False,price_observation,LOW,NOT_SOLVED,ELIGIBLE_ONLY_IF_DATE>=active_from AND DATE<=active_to AND NOT_IN_KNOWN_SUSPENSION_INTERVAL
ZONE,,unknown,LOW,2023-10-09,2026-10-07,2023-10-09,2026-10-07,OPEN_ENDED_CURRENT_SNAPSHOT,,unknown,,,,,,716,12,0,0,False,False,price_observation,LOW,NOT_SOLVED,ELIGIBLE_ONLY_IF_DATE>=active_from AND DATE<=active_to AND NOT_IN_KNOWN_SUSPENSION_INTERVAL
ZYRX,,unknown,LOW,2023-10-09,2026-10-07,2023-10-09,2026-10-07,OPEN_ENDED_CURRENT_SNAPSHOT,,unknown,,,,,,716,12,0,0,False,False,price_observation,LOW,NOT_SOLVED,ELIGIBLE_ONLY_IF_DATE>=active_from AND DATE<=active_to AND NOT_IN_KNOWN_SUSPENSION_INTERVAL
