ticker,first_observed_price_date,last_observed_price_date,listing_date_evidence,listing_status,listing_basis,delisting_date_evidence,delisting_status,delisting_basis,suspension_event_count,ticker_change_event_count,membership_start_candidate,membership_end_candidate,overall_reconciliation_status,review_priority,review_reasons,pit_safe_for_backtest,notes
AADI,,,,UNKNOWN,FIRST_PRICE_OBSERVATION_ONLY__NOT_LISTING_DATE,,UNKNOWN,OPEN_ENDED_CURRENT_DATASET__NOT_DELISTING,0,0,,,UNKNOWN,HIGH,LISTING_EVIDENCE_MISSING;DELISTING_STATUS_UNVERIFIED;FIRST_PRICE_IS_NOT_LISTING_DATE;PIT_MEMBERSHIP_NOT_FULLY_VERIFIED,False,Candidate interval only. Not enabled for engine.
AALI,,,,UNKNOWN,FIRST_PRICE_OBSERVATION_ONLY__NOT_LISTING_DATE,,UNKNOWN,OPEN_ENDED_CURRENT_DATASET__NOT_DELISTING,0,0,,,UNKNOWN,HIGH,LISTING_EVIDENCE_MISSING;DELISTING_STATUS_UNVERIFIED;FIRST_PRICE_IS_NOT_LISTING_DATE;PIT_MEMBERSHIP_NOT_FULLY_VERIFIED,False,Candidate interval only. Not enabled for engine.
ABBA,,,,UNKNOWN,FIRST_PRICE_OBSERVATION_ONLY__NOT_LISTING_DATE,,UNKNOWN,OPEN_ENDED_CURRENT_DATASET__NOT_DELISTING,0,0,,,UNKNOWN,HIGH,LISTING_EVIDENCE_MISSING;DELISTING_STATUS_UNVERIFIED;FIRST_PRICE_IS_NOT_LISTING_DATE;PIT_MEMBERSHIP_NOT_FULLY_VERIFIED,False,Candidate interval only. Not enabled for engine.
ABDA,,,,UNKNOWN,FIRST_PRICE_OBSERVATION_ONLY__NOT_LISTING_DATE,,UNKNOWN,OPEN_ENDED_CURRENT_DATASET__NOT_DELISTING,0,0,,,UNKNOWN,HIGH,LISTING_EVIDENCE_MISSING;DELISTING_STATUS_UNVERIFIED;FIRST_PRICE_IS_NOT_LISTING_DATE;PIT_MEMBERSHIP_NOT_FULLY_VERIFIED,False,Candidate interval only. Not enabled for engine.
ABMM,,,,UNKNOWN,FIRST_PRICE_OBSERVATION_ONLY__NOT_LISTING_DATE,,UNKNOWN,OPEN_ENDED_CURRENT_DATASET__NOT_DELISTING,0,0,,,UNKNOWN,HIGH,LISTING_EVIDENCE_MISSING;DELISTING_STATUS_UNVERIFIED;FIRST_PRICE_IS_NOT_LISTING_DATE;PIT_MEMBERSHIP_NOT_FULLY_VERIFIED,False,Candidate interval only. Not enabled for engine.
ACES,,,,UNKNOWN,FIRST_PRICE_OBSERVATION_ONLY__NOT_LISTING_DATE,,UNKNOWN,OPEN_ENDED_CURRENT_DATASET__NOT_DELISTING,0,0,,,UNKNOWN,HIGH,LISTING_EVIDENCE_MISSING;DELISTING_STATUS_UNVERIFIED;FIRST_PRICE_IS_NOT_LISTING_DATE;PIT_MEMBERSHIP_NOT_FULLY_VERIFIED,False,Candidate interval only. Not enabled for engine.
ACRO,,,,UNKNOWN,FIRST_PRICE_OBSERVATION_ONLY__NOT_LISTING_DATE,,UNKNOWN,OPEN_ENDED_CURRENT_DATASET__NOT_DELISTING,0,0,,,UNKNOWN,HIGH,LISTING_EVIDENCE_MISSING;DELISTING_STATUS_UNVERIFIED;FIRST_PRICE_IS_NOT_LISTING_DATE;PIT_MEMBERSHIP_NOT_FULLY_VERIFIED,False,Candidate interval only. Not enabled for engine.
ACST,,,,UNKNOWN,FIRST_PRICE_OBSERVATION_ONLY__NOT_LISTING_DATE,,UNKNOWN,OPEN_ENDED_CURRENT_DATASET__NOT_DELISTING,0,0,,,UNKNOWN,HIGH,LISTING_EVIDENCE_MISSING;DELISTING_STATUS_UNVERIFIED;FIRST_PRICE_IS_NOT_LISTING_DATE;PIT_MEMBERSHIP_NOT_FULLY_VERIFIED,False,Candidate interval only. Not enabled for engine.
ADCP,,,,UNKNOWN,FIRST_PRICE_OBSERVATION_ONLY__NOT_LISTING_DATE,,UNKNOWN,OPEN_ENDED_CURRENT_DATASET__NOT_DELISTING,0,0,,,UNKNOWN,HIGH,LISTING_EVIDENCE_MISSING;DELISTING_STATUS_UNVERIFIED;FIRST_PRICE_IS_NOT_LISTING_DATE;PIT_MEMBERSHIP_NOT_FULLY_VERIFIED,False,Candidate interval only. Not enabled for engine.
ADES,,,,UNKNOWN,FIRST_PRICE_OBSERVATION_ONLY__NOT_LISTING_DATE,,UNKNOWN,OPEN_ENDED_CURRENT_DATASET__NOT_DELISTING,0,0,,,UNKNOWN,HIGH,LISTING_EVIDENCE_MISSING;DELISTING_STATUS_UNVERIFIED;FIRST_PRICE_IS_NOT_LISTING_DATE;PIT_MEMBERSHIP_NOT_FULLY_VERIFIED,False,Candidate interval only. Not enabled for engine.
ADHI,,,,UNKNOWN,FIRST_PRICE_OBSERVATION_ONLY__NOT_LISTING_DATE,,UNKNOWN,OPEN_ENDED_CURRENT_DATASET__NOT_DELISTING,0,0,,,UNKNOWN,HIGH,LISTING_EVIDENCE_MISSING;DELISTING_STATUS_UNVERIFIED;FIRST_PRICE_IS_NOT_LISTING_DATE;PIT_MEMBERSHIP_NOT_FULLY_VERIFIED,False,Candidate interval only. Not enabled for engine.
ADMF,,,,UNKNOWN,FIRST_PRICE_OBSERVATION_ONLY__NOT_LISTING_DATE,,UNKNOWN,OPEN_ENDED_CURRENT_DATASET__NOT_DELISTING,0,0,,,UNKNOWN,HIGH,LISTING_EVIDENCE_MISSING;DELISTING_STATUS_UNVERIFIED;FIRST_PRICE_IS_NOT_LISTING_DATE;PIT_MEMBERSHIP_NOT_FULLY_VERIFIED,False,Candidate interval only. Not enabled for engine.
ADMG,,,,UNKNOWN,FIRST_PRICE_OBSERVATION_ONLY__NOT_LISTING_DATE,,UNKNOWN,OPEN_ENDED_CURRENT_DATASET__NOT_DELISTING,0,0,,,UNKNOWN,HIGH,LISTING_EVIDENCE_MISSING;DELISTING_STATUS_UNVERIFIED;FIRST_PRICE_IS_NOT_LISTING_DATE;PIT_MEMBERSHIP_NOT_FULLY_VERIFIED,False,Candidate interval only. Not enabled for engine.
ADMR,,,,UNKNOWN,FIRST_PRICE_OBSERVATION_ONLY__NOT_LISTING_DATE,,UNKNOWN,OPEN_ENDED_CURRENT_DATASET__NOT_DELISTING,0,0,,,UNKNOWN,HIGH,LISTING_EVIDENCE_MISSING;DELISTING_STATUS_UNVERIFIED;FIRST_PRICE_IS_NOT_LISTING_DATE;PIT_MEMBERSHIP_NOT_FULLY_VERIFIED,False,Candidate interval only. Not enabled for engine.
ADRO,,,,UNKNOWN,FIRST_PRICE_OBSERVATION_ONLY__NOT_LISTING_DATE,,UNKNOWN,OPEN_ENDED_CURRENT_DATASET__NOT_DELISTING,0,0,,,UNKNOWN,HIGH,LISTING_EVIDENCE_MISSING;DELISTING_STATUS_UNVERIFIED;FIRST_PRICE_IS_NOT_LISTING_DATE;PIT_MEMBERSHIP_NOT_FULLY_VERIFIED,False,Candidate interval only. Not enabled for engine.
AGAR,,,,UNKNOWN,FIRST_PRICE_OBSERVATION_ONLY__NOT_LISTING_DATE,,UNKNOWN,OPEN_ENDED_CURRENT_DATASET__NOT_DELISTING,0,0,,,UNKNOWN,HIGH,LISTING_EVIDENCE_MISSING;DELISTING_STATUS_UNVERIFIED;FIRST_PRICE_IS_NOT_LISTING_DATE;PIT_MEMBERSHIP_NOT_FULLY_VERIFIED,False,Candidate interval only. Not enabled for engine.
AGII,,,,UNKNOWN,FIRST_PRICE_OBSERVATION_ONLY__NOT_LISTING_DATE,,UNKNOWN,OPEN_ENDED_CURRENT_DATASET__NOT_DELISTING,0,0,,,UNKNOWN,HIGH,LISTING_EVIDENCE_MISSING;DELISTING_STATUS_UNVERIFIED;FIRST_PRICE_IS_NOT_LISTING_DATE;PIT_MEMBERSHIP_NOT_FULLY_VERIFIED,False,Candidate interval only. Not enabled for engine.
AGRO,,,,UNKNOWN,FIRST_PRICE_OBSERVATION_ONLY__NOT_LISTING_DATE,,UNKNOWN,OPEN_ENDED_CURRENT_DATASET__NOT_DELISTING,0,0,,,UNKNOWN,HIGH,LISTING_EVIDENCE_MISSING;DELISTING_STATUS_UNVERIFIED;FIRST_PRICE_IS_NOT_LISTING_DATE;PIT_MEMBERSHIP_NOT_FULLY_VERIFIED,False,Candidate interval only. Not enabled for engine.
AGRS,,,,UNKNOWN,FIRST_PRICE_OBSERVATION_ONLY__NOT_LISTING_DATE,,UNKNOWN,OPEN_ENDED_CURRENT_DATASET__NOT_DELISTING,0,0,,,UNKNOWN,HIGH,LISTING_EVIDENCE_MISSING;DELISTING_STATUS_UNVERIFIED;FIRST_PRICE_IS_NOT_LISTING_DATE;PIT_MEMBERSHIP_NOT_FULLY_VERIFIED,False,Candidate interval only. Not enabled for engine.
AHAP,,,,UNKNOWN,FIRST_PRICE_OBSERVATION_ONLY__NOT_LISTING_DATE,,UNKNOWN,OPEN_ENDED_CURRENT_DATASET__NOT_DELISTING,0,0,,,UNKNOWN,HIGH,LISTING_EVIDENCE_MISSING;DELISTING_STATUS_UNVERIFIED;FIRST_PRICE_IS_NOT_LISTING_DATE;PIT_MEMBERSHIP_NOT_FULLY_VERIFIED,False,Candidate interval only. Not enabled for engine.
AIMS,,,,UNKNOWN,FIRST_PRICE_OBSERVATION_ONLY__NOT_LISTING_DATE,,UNKNOWN,OPEN_ENDED_CURRENT_DATASET__NOT_DELISTING,0,0,,,UNKNOWN,HIGH,LISTING_EVIDENCE_MISSING;DELISTING_STATUS_UNVERIFIED;FIRST_PRICE_IS_NOT_LISTING_DATE;PIT_MEMBERSHIP_NOT_FULLY_VERIFIED,False,Candidate interval only. Not enabled for engine.
AISA,,,,UNKNOWN,FIRST_PRICE_OBSERVATION_ONLY__NOT_LISTING_DATE,,UNKNOWN,OPEN_ENDED_CURRENT_DATASET__NOT_DELISTING,0,0,,,UNKNOWN,HIGH,LISTING_EVIDENCE_MISSING;DELISTING_STATUS_UNVERIFIED;FIRST_PRICE_IS_NOT_LISTING_DATE;PIT_MEMBERSHIP_NOT_FULLY_VERIFIED,False,Candidate interval only. Not enabled for engine.
AKKU,,,,UNKNOWN,FIRST_PRICE_OBSERVATION_ONLY__NOT_LISTING_DATE,,UNKNOWN,OPEN_ENDED_CURRENT_DATASET__NOT_DELISTING,0,0,,,UNKNOWN,HIGH,LISTING_EVIDENCE_MISSING;DELISTING_STATUS_UNVERIFIED;FIRST_PRICE_IS_NOT_LISTING_DATE;PIT_MEMBERSHIP_NOT_FULLY_VERIFIED,False,Candidate interval only. Not enabled for engine.
AKPI,,,,UNKNOWN,FIRST_PRICE_OBSERVATION_ONLY__NOT_LISTING_DATE,,UNKNOWN,OPEN_ENDED_CURRENT_DATASET__NOT_DELISTING,0,0,,,UNKNOWN,HIGH,LISTING_EVIDENCE_MISSING;DELISTING_STATUS_UNVERIFIED;FIRST_PRICE_IS_NOT_LISTING_DATE;PIT_MEMBERSHIP_NOT_FULLY_VERIFIED,False,Candidate interval only. Not enabled for engine.
AKRA,,,,UNKNOWN,FIRST_PRICE_OBSERVATION_ONLY__NOT_LISTING_DATE,,UNKNOWN,OPEN_ENDED_CURRENT_DATASET__NOT_DELISTING,0,0,,,UNKNOWN,HIGH,LISTING_EVIDENCE_MISSING;DELISTING_STATUS_UNVERIFIED;FIRST_PRICE_IS_NOT_LISTING_DATE;PIT_MEMBERSHIP_NOT_FULLY_VERIFIED,False,Candidate interval only. Not enabled for engine.
AKSI,,,,UNKNOWN,FIRST_PRICE_OBSERVATION_ONLY__NOT_LISTING_DATE,,UNKNOWN,OPEN_ENDED_CURRENT_DATASET__NOT_DELISTING,0,0,,,UNKNOWN,HIGH,LISTING_EVIDENCE_MISSING;DELISTING_STATUS_UNVERIFIED;FIRST_PRICE_IS_NOT_LISTING_DATE;PIT_MEMBERSHIP_NOT_FULLY_VERIFIED,False,Candidate interval only. Not enabled for engine.
ALDO,,,,UNKNOWN,FIRST_PRICE_OBSERVATION_ONLY__NOT_LISTING_DATE,,UNKNOWN,OPEN_ENDED_CURRENT_DATASET__NOT_DELISTING,0,0,,,UNKNOWN,HIGH,LISTING_EVIDENCE_MISSING;DELISTING_STATUS_UNVERIFIED;FIRST_PRICE_IS_NOT_LISTING_DATE;PIT_MEMBERSHIP_NOT_FULLY_VERIFIED,False,Candidate interval only. Not enabled for engine.
ALKA,,,,UNKNOWN,FIRST_PRICE_OBSERVATION_ONLY__NOT_LISTING_DATE,,UNKNOWN,OPEN_ENDED_CURRENT_DATASET__NOT_DELISTING,0,0,,,UNKNOWN,HIGH,LISTING_EVIDENCE_MISSING;DELISTING_STATUS_UNVERIFIED;FIRST_PRICE_IS_NOT_LISTING_DATE;PIT_MEMBERSHIP_NOT_FULLY_VERIFIED,False,Candidate interval only. Not enabled for engine.
ALMI,,,,UNKNOWN,FIRST_PRICE_OBSERVATION_ONLY__NOT_LISTING_DATE,,UNKNOWN,OPEN_ENDED_CURRENT_DATASET__NOT_DELISTING,0,0,,,UNKNOWN,HIGH,LISTING_EVIDENCE_MISSING;DELISTING_STATUS_UNVERIFIED;FIRST_PRICE_IS_NOT_LISTING_DATE;PIT_MEMBERSHIP_NOT_FULLY_VERIFIED,False,Candidate interval only. Not enabled for engine.
ALTO,,,,UNKNOWN,FIRST_PRICE_OBSERVATION_ONLY__NOT_LISTING_DATE,,UNKNOWN,OPEN_ENDED_CURRENT_DATASET__NOT_DELISTING,0,0,,,UNKNOWN,HIGH,LISTING_EVIDENCE_MISSING;DELISTING_STATUS_UNVERIFIED;FIRST_PRICE_IS_NOT_LISTING_DATE;PIT_MEMBERSHIP_NOT_FULLY_VERIFIED,False,Candidate interval only. Not enabled for engine.
AMAG,,,,UNKNOWN,FIRST_PRICE_OBSERVATION_ONLY__NOT_LISTING_DATE,,UNKNOWN,OPEN_ENDED_CURRENT_DATASET__NOT_DELISTING,0,0,,,UNKNOWN,HIGH,LISTING_EVIDENCE_MISSING;DELISTING_STATUS_UNVERIFIED;FIRST_PRICE_IS_NOT_LISTING_DATE;PIT_MEMBERSHIP_NOT_FULLY_VERIFIED,False,Candidate interval only. Not enabled for engine.
AMAN,,,,UNKNOWN,FIRST_PRICE_OBSERVATION_ONLY__NOT_LISTING_DATE,,UNKNOWN,OPEN_ENDED_CURRENT_DATASET__NOT_DELISTING,0,0,,,UNKNOWN,HIGH,LISTING_EVIDENCE_MISSING;DELISTING_STATUS_UNVERIFIED;FIRST_PRICE_IS_NOT_LISTING_DATE;PIT_MEMBERSHIP_NOT_FULLY_VERIFIED,False,Candidate interval only. Not enabled for engine.
AMAR,,,,UNKNOWN,FIRST_PRICE_OBSERVATION_ONLY__NOT_LISTING_DATE,,UNKNOWN,OPEN_ENDED_CURRENT_DATASET__NOT_DELISTING,0,0,,,UNKNOWN,HIGH,LISTING_EVIDENCE_MISSING;DELISTING_STATUS_UNVERIFIED;FIRST_PRICE_IS_NOT_LISTING_DATE;PIT_MEMBERSHIP_NOT_FULLY_VERIFIED,False,Candidate interval only. Not enabled for engine.
AMFG,,,,UNKNOWN,FIRST_PRICE_OBSERVATION_ONLY__NOT_LISTING_DATE,,UNKNOWN,OPEN_ENDED_CURRENT_DATASET__NOT_DELISTING,0,0,,,UNKNOWN,HIGH,LISTING_EVIDENCE_MISSING;DELISTING_STATUS_UNVERIFIED;FIRST_PRICE_IS_NOT_LISTING_DATE;PIT_MEMBERSHIP_NOT_FULLY_VERIFIED,False,Candidate interval only. Not enabled for engine.
AMIN,,,,UNKNOWN,FIRST_PRICE_OBSERVATION_ONLY__NOT_LISTING_DATE,,UNKNOWN,OPEN_ENDED_CURRENT_DATASET__NOT_DELISTING,0,0,,,UNKNOWN,HIGH,LISTING_EVIDENCE_MISSING;DELISTING_STATUS_UNVERIFIED;FIRST_PRICE_IS_NOT_LISTING_DATE;PIT_MEMBERSHIP_NOT_FULLY_VERIFIED,False,Candidate interval only. Not enabled for engine.
AMMN,,,,UNKNOWN,FIRST_PRICE_OBSERVATION_ONLY__NOT_LISTING_DATE,,UNKNOWN,OPEN_ENDED_CURRENT_DATASET__NOT_DELISTING,0,0,,,UNKNOWN,HIGH,LISTING_EVIDENCE_MISSING;DELISTING_STATUS_UNVERIFIED;FIRST_PRICE_IS_NOT_LISTING_DATE;PIT_MEMBERSHIP_NOT_FULLY_VERIFIED,False,Candidate interval only. Not enabled for engine.
AMMS,,,,UNKNOWN,FIRST_PRICE_OBSERVATION_ONLY__NOT_LISTING_DATE,,UNKNOWN,OPEN_ENDED_CURRENT_DATASET__NOT_DELISTING,0,0,,,UNKNOWN,HIGH,LISTING_EVIDENCE_MISSING;DELISTING_STATUS_UNVERIFIED;FIRST_PRICE_IS_NOT_LISTING_DATE;PIT_MEMBERSHIP_NOT_FULLY_VERIFIED,False,Candidate interval only. Not enabled for engine.
AMOR,,,,UNKNOWN,FIRST_PRICE_OBSERVATION_ONLY__NOT_LISTING_DATE,,UNKNOWN,OPEN_ENDED_CURRENT_DATASET__NOT_DELISTING,0,0,,,UNKNOWN,HIGH,LISTING_EVIDENCE_MISSING;DELISTING_STATUS_UNVERIFIED;FIRST_PRICE_IS_NOT_LISTING_DATE;PIT_MEMBERSHIP_NOT_FULLY_VERIFIED,False,Candidate interval only. Not enabled for engine.
AMRT,,,,UNKNOWN,FIRST_PRICE_OBSERVATION_ONLY__NOT_LISTING_DATE,,UNKNOWN,OPEN_ENDED_CURRENT_DATASET__NOT_DELISTING,0,0,,,UNKNOWN,HIGH,LISTING_EVIDENCE_MISSING;DELISTING_STATUS_UNVERIFIED;FIRST_PRICE_IS_NOT_LISTING_DATE;PIT_MEMBERSHIP_NOT_FULLY_VERIFIED,False,Candidate interval only. Not enabled for engine.
ANDI,,,,UNKNOWN,FIRST_PRICE_OBSERVATION_ONLY__NOT_LISTING_DATE,,UNKNOWN,OPEN_ENDED_CURRENT_DATASET__NOT_DELISTING,0,0,,,UNKNOWN,HIGH,LISTING_EVIDENCE_MISSING;DELISTING_STATUS_UNVERIFIED;FIRST_PRICE_IS_NOT_LISTING_DATE;PIT_MEMBERSHIP_NOT_FULLY_VERIFIED,False,Candidate interval only. Not enabled for engine.
ANJT,,,,UNKNOWN,FIRST_PRICE_OBSERVATION_ONLY__NOT_LISTING_DATE,,UNKNOWN,OPEN_ENDED_CURRENT_DATASET__NOT_DELISTING,0,0,,,UNKNOWN,HIGH,LISTING_EVIDENCE_MISSING;DELISTING_STATUS_UNVERIFIED;FIRST_PRICE_IS_NOT_LISTING_DATE;PIT_MEMBERSHIP_NOT_FULLY_VERIFIED,False,Candidate interval only. Not enabled for engine.
ANTM,,,,UNKNOWN,FIRST_PRICE_OBSERVATION_ONLY__NOT_LISTING_DATE,,UNKNOWN,OPEN_ENDED_CURRENT_DATASET__NOT_DELISTING,0,0,,,UNKNOWN,HIGH,LISTING_EVIDENCE_MISSING;DELISTING_STATUS_UNVERIFIED;FIRST_PRICE_IS_NOT_LISTING_DATE;PIT_MEMBERSHIP_NOT_FULLY_VERIFIED,False,Candidate interval only. Not enabled for engine.
APEX,,,,UNKNOWN,FIRST_PRICE_OBSERVATION_ONLY__NOT_LISTING_DATE,,UNKNOWN,OPEN_ENDED_CURRENT_DATASET__NOT_DELISTING,0,0,,,UNKNOWN,HIGH,LISTING_EVIDENCE_MISSING;DELISTING_STATUS_UNVERIFIED;FIRST_PRICE_IS_NOT_LISTING_DATE;PIT_MEMBERSHIP_NOT_FULLY_VERIFIED,False,Candidate interval only. Not enabled for engine.
APIC,,,,UNKNOWN,FIRST_PRICE_OBSERVATION_ONLY__NOT_LISTING_DATE,,UNKNOWN,OPEN_ENDED_CURRENT_DATASET__NOT_DELISTING,0,0,,,UNKNOWN,HIGH,LISTING_EVIDENCE_MISSING;DELISTING_STATUS_UNVERIFIED;FIRST_PRICE_IS_NOT_LISTING_DATE;PIT_MEMBERSHIP_NOT_FULLY_VERIFIED,False,Candidate interval only. Not enabled for engine.
APII,,,,UNKNOWN,FIRST_PRICE_OBSERVATION_ONLY__NOT_LISTING_DATE,,UNKNOWN,OPEN_ENDED_CURRENT_DATASET__NOT_DELISTING,0,0,,,UNKNOWN,HIGH,LISTING_EVIDENCE_MISSING;DELISTING_STATUS_UNVERIFIED;FIRST_PRICE_IS_NOT_LISTING_DATE;PIT_MEMBERSHIP_NOT_FULLY_VERIFIED,False,Candidate interval only. Not enabled for engine.
APLI,,,,UNKNOWN,FIRST_PRICE_OBSERVATION_ONLY__NOT_LISTING_DATE,,UNKNOWN,OPEN_ENDED_CURRENT_DATASET__NOT_DELISTING,0,0,,,UNKNOWN,HIGH,LISTING_EVIDENCE_MISSING;DELISTING_STATUS_UNVERIFIED;FIRST_PRICE_IS_NOT_LISTING_DATE;PIT_MEMBERSHIP_NOT_FULLY_VERIFIED,False,Candidate interval only. Not enabled for engine.
APLN,,,,UNKNOWN,FIRST_PRICE_OBSERVATION_ONLY__NOT_LISTING_DATE,,UNKNOWN,OPEN_ENDED_CURRENT_DATASET__NOT_DELISTING,0,0,,,UNKNOWN,HIGH,LISTING_EVIDENCE_MISSING;DELISTING_STATUS_UNVERIFIED;FIRST_PRICE_IS_NOT_LISTING_DATE;PIT_MEMBERSHIP_NOT_FULLY_VERIFIED,False,Candidate interval only. Not enabled for engine.
ARCI,,,,UNKNOWN,FIRST_PRICE_OBSERVATION_ONLY__NOT_LISTING_DATE,,UNKNOWN,OPEN_ENDED_CURRENT_DATASET__NOT_DELISTING,0,0,,,UNKNOWN,HIGH,LISTING_EVIDENCE_MISSING;DELISTING_STATUS_UNVERIFIED;FIRST_PRICE_IS_NOT_LISTING_DATE;PIT_MEMBERSHIP_NOT_FULLY_VERIFIED,False,Candidate interval only. Not enabled for engine.
AREA,,,,UNKNOWN,FIRST_PRICE_OBSERVATION_ONLY__NOT_LISTING_DATE,,UNKNOWN,OPEN_ENDED_CURRENT_DATASET__NOT_DELISTING,0,0,,,UNKNOWN,HIGH,LISTING_EVIDENCE_MISSING;DELISTING_STATUS_UNVERIFIED;FIRST_PRICE_IS_NOT_LISTING_DATE;PIT_MEMBERSHIP_NOT_FULLY_VERIFIED,False,Candidate interval only. Not enabled for engine.
ARGO,,,,UNKNOWN,FIRST_PRICE_OBSERVATION_ONLY__NOT_LISTING_DATE,,UNKNOWN,OPEN_ENDED_CURRENT_DATASET__NOT_DELISTING,0,0,,,UNKNOWN,HIGH,LISTING_EVIDENCE_MISSING;DELISTING_STATUS_UNVERIFIED;FIRST_PRICE_IS_NOT_LISTING_DATE;PIT_MEMBERSHIP_NOT_FULLY_VERIFIED,False,Candidate interval only. Not enabled for engine.
ARII,,,,UNKNOWN,FIRST_PRICE_OBSERVATION_ONLY__NOT_LISTING_DATE,,UNKNOWN,OPEN_ENDED_CURRENT_DATASET__NOT_DELISTING,0,0,,,UNKNOWN,HIGH,LISTING_EVIDENCE_MISSING;DELISTING_STATUS_UNVERIFIED;FIRST_PRICE_IS_NOT_LISTING_DATE;PIT_MEMBERSHIP_NOT_FULLY_VERIFIED,False,Candidate interval only. Not enabled for engine.
ARKA,,,,UNKNOWN,FIRST_PRICE_OBSERVATION_ONLY__NOT_LISTING_DATE,,UNKNOWN,OPEN_ENDED_CURRENT_DATASET__NOT_DELISTING,0,0,,,UNKNOWN,HIGH,LISTING_EVIDENCE_MISSING;DELISTING_STATUS_UNVERIFIED;FIRST_PRICE_IS_NOT_LISTING_DATE;PIT_MEMBERSHIP_NOT_FULLY_VERIFIED,False,Candidate interval only. Not enabled for engine.
ARKO,,,,UNKNOWN,FIRST_PRICE_OBSERVATION_ONLY__NOT_LISTING_DATE,,UNKNOWN,OPEN_ENDED_CURRENT_DATASET__NOT_DELISTING,0,0,,,UNKNOWN,HIGH,LISTING_EVIDENCE_MISSING;DELISTING_STATUS_UNVERIFIED;FIRST_PRICE_IS_NOT_LISTING_DATE;PIT_MEMBERSHIP_NOT_FULLY_VERIFIED,False,Candidate interval only. Not enabled for engine.
ARNA,,,,UNKNOWN,FIRST_PRICE_OBSERVATION_ONLY__NOT_LISTING_DATE,,UNKNOWN,OPEN_ENDED_CURRENT_DATASET__NOT_DELISTING,0,0,,,UNKNOWN,HIGH,LISTING_EVIDENCE_MISSING;DELISTING_STATUS_UNVERIFIED;FIRST_PRICE_IS_NOT_LISTING_DATE;PIT_MEMBERSHIP_NOT_FULLY_VERIFIED,False,Candidate interval only. Not enabled for engine.
ARTA,,,,UNKNOWN,FIRST_PRICE_OBSERVATION_ONLY__NOT_LISTING_DATE,,UNKNOWN,OPEN_ENDED_CURRENT_DATASET__NOT_DELISTING,0,0,,,UNKNOWN,HIGH,LISTING_EVIDENCE_MISSING;DELISTING_STATUS_UNVERIFIED;FIRST_PRICE_IS_NOT_LISTING_DATE;PIT_MEMBERSHIP_NOT_FULLY_VERIFIED,False,Candidate interval only. Not enabled for engine.
ARTI,,,,UNKNOWN,FIRST_PRICE_OBSERVATION_ONLY__NOT_LISTING_DATE,,UNKNOWN,OPEN_ENDED_CURRENT_DATASET__NOT_DELISTING,0,0,,,UNKNOWN,HIGH,LISTING_EVIDENCE_MISSING;DELISTING_STATUS_UNVERIFIED;FIRST_PRICE_IS_NOT_LISTING_DATE;PIT_MEMBERSHIP_NOT_FULLY_VERIFIED,False,Candidate interval only. Not enabled for engine.
ARTO,,,,UNKNOWN,FIRST_PRICE_OBSERVATION_ONLY__NOT_LISTING_DATE,,UNKNOWN,OPEN_ENDED_CURRENT_DATASET__NOT_DELISTING,0,0,,,UNKNOWN,HIGH,LISTING_EVIDENCE_MISSING;DELISTING_STATUS_UNVERIFIED;FIRST_PRICE_IS_NOT_LISTING_DATE;PIT_MEMBERSHIP_NOT_FULLY_VERIFIED,False,Candidate interval only. Not enabled for engine.
ASBI,,,,UNKNOWN,FIRST_PRICE_OBSERVATION_ONLY__NOT_LISTING_DATE,,UNKNOWN,OPEN_ENDED_CURRENT_DATASET__NOT_DELISTING,0,0,,,UNKNOWN,HIGH,LISTING_EVIDENCE_MISSING;DELISTING_STATUS_UNVERIFIED;FIRST_PRICE_IS_NOT_LISTING_DATE;PIT_MEMBERSHIP_NOT_FULLY_VERIFIED,False,Candidate interval only. Not enabled for engine.
ASDM,,,,UNKNOWN,FIRST_PRICE_OBSERVATION_ONLY__NOT_LISTING_DATE,,UNKNOWN,OPEN_ENDED_CURRENT_DATASET__NOT_DELISTING,0,0,,,UNKNOWN,HIGH,LISTING_EVIDENCE_MISSING;DELISTING_STATUS_UNVERIFIED;FIRST_PRICE_IS_NOT_LISTING_DATE;PIT_MEMBERSHIP_NOT_FULLY_VERIFIED,False,Candidate interval only. Not enabled for engine.
ASGR,,,,UNKNOWN,FIRST_PRICE_OBSERVATION_ONLY__NOT_LISTING_DATE,,UNKNOWN,OPEN_ENDED_CURRENT_DATASET__NOT_DELISTING,0,0,,,UNKNOWN,HIGH,LISTING_EVIDENCE_MISSING;DELISTING_STATUS_UNVERIFIED;FIRST_PRICE_IS_NOT_LISTING_DATE;PIT_MEMBERSHIP_NOT_FULLY_VERIFIED,False,Candidate interval only. Not enabled for engine.
ASHA,,,,UNKNOWN,FIRST_PRICE_OBSERVATION_ONLY__NOT_LISTING_DATE,,UNKNOWN,OPEN_ENDED_CURRENT_DATASET__NOT_DELISTING,0,0,,,UNKNOWN,HIGH,LISTING_EVIDENCE_MISSING;DELISTING_STATUS_UNVERIFIED;FIRST_PRICE_IS_NOT_LISTING_DATE;PIT_MEMBERSHIP_NOT_FULLY_VERIFIED,False,Candidate interval only. Not enabled for engine.
ASII,,,,UNKNOWN,FIRST_PRICE_OBSERVATION_ONLY__NOT_LISTING_DATE,,UNKNOWN,OPEN_ENDED_CURRENT_DATASET__NOT_DELISTING,0,0,,,UNKNOWN,HIGH,LISTING_EVIDENCE_MISSING;DELISTING_STATUS_UNVERIFIED;FIRST_PRICE_IS_NOT_LISTING_DATE;PIT_MEMBERSHIP_NOT_FULLY_VERIFIED,False,Candidate interval only. Not enabled for engine.
ASJT,,,,UNKNOWN,FIRST_PRICE_OBSERVATION_ONLY__NOT_LISTING_DATE,,UNKNOWN,OPEN_ENDED_CURRENT_DATASET__NOT_DELISTING,0,0,,,UNKNOWN,HIGH,LISTING_EVIDENCE_MISSING;DELISTING_STATUS_UNVERIFIED;FIRST_PRICE_IS_NOT_LISTING_DATE;PIT_MEMBERSHIP_NOT_FULLY_VERIFIED,False,Candidate interval only. Not enabled for engine.
ASLC,,,,UNKNOWN,FIRST_PRICE_OBSERVATION_ONLY__NOT_LISTING_DATE,,UNKNOWN,OPEN_ENDED_CURRENT_DATASET__NOT_DELISTING,0,0,,,UNKNOWN,HIGH,LISTING_EVIDENCE_MISSING;DELISTING_STATUS_UNVERIFIED;FIRST_PRICE_IS_NOT_LISTING_DATE;PIT_MEMBERSHIP_NOT_FULLY_VERIFIED,False,Candidate interval only. Not enabled for engine.
ASLI,,,,UNKNOWN,FIRST_PRICE_OBSERVATION_ONLY__NOT_LISTING_DATE,,UNKNOWN,OPEN_ENDED_CURRENT_DATASET__NOT_DELISTING,0,0,,,UNKNOWN,HIGH,LISTING_EVIDENCE_MISSING;DELISTING_STATUS_UNVERIFIED;FIRST_PRICE_IS_NOT_LISTING_DATE;PIT_MEMBERSHIP_NOT_FULLY_VERIFIED,False,Candidate interval only. Not enabled for engine.
ASMI,,,,UNKNOWN,FIRST_PRICE_OBSERVATION_ONLY__NOT_LISTING_DATE,,UNKNOWN,OPEN_ENDED_CURRENT_DATASET__NOT_DELISTING,0,0,,,UNKNOWN,HIGH,LISTING_EVIDENCE_MISSING;DELISTING_STATUS_UNVERIFIED;FIRST_PRICE_IS_NOT_LISTING_DATE;PIT_MEMBERSHIP_NOT_FULLY_VERIFIED,False,Candidate interval only. Not enabled for engine.
ASPI,,,,UNKNOWN,FIRST_PRICE_OBSERVATION_ONLY__NOT_LISTING_DATE,,UNKNOWN,OPEN_ENDED_CURRENT_DATASET__NOT_DELISTING,0,0,,,UNKNOWN,HIGH,LISTING_EVIDENCE_MISSING;DELISTING_STATUS_UNVERIFIED;FIRST_PRICE_IS_NOT_LISTING_DATE;PIT_MEMBERSHIP_NOT_FULLY_VERIFIED,False,Candidate interval only. Not enabled for engine.
ASPR,,,,UNKNOWN,FIRST_PRICE_OBSERVATION_ONLY__NOT_LISTING_DATE,,UNKNOWN,OPEN_ENDED_CURRENT_DATASET__NOT_DELISTING,0,0,,,UNKNOWN,HIGH,LISTING_EVIDENCE_MISSING;DELISTING_STATUS_UNVERIFIED;FIRST_PRICE_IS_NOT_LISTING_DATE;PIT_MEMBERSHIP_NOT_FULLY_VERIFIED,False,Candidate interval only. Not enabled for engine.
ASRI,,,,UNKNOWN,FIRST_PRICE_OBSERVATION_ONLY__NOT_LISTING_DATE,,UNKNOWN,OPEN_ENDED_CURRENT_DATASET__NOT_DELISTING,0,0,,,UNKNOWN,HIGH,LISTING_EVIDENCE_MISSING;DELISTING_STATUS_UNVERIFIED;FIRST_PRICE_IS_NOT_LISTING_DATE;PIT_MEMBERSHIP_NOT_FULLY_VERIFIED,False,Candidate interval only. Not enabled for engine.
ASRM,,,,UNKNOWN,FIRST_PRICE_OBSERVATION_ONLY__NOT_LISTING_DATE,,UNKNOWN,OPEN_ENDED_CURRENT_DATASET__NOT_DELISTING,0,0,,,UNKNOWN,HIGH,LISTING_EVIDENCE_MISSING;DELISTING_STATUS_UNVERIFIED;FIRST_PRICE_IS_NOT_LISTING_DATE;PIT_MEMBERSHIP_NOT_FULLY_VERIFIED,False,Candidate interval only. Not enabled for engine.
ASSA,,,,UNKNOWN,FIRST_PRICE_OBSERVATION_ONLY__NOT_LISTING_DATE,,UNKNOWN,OPEN_ENDED_CURRENT_DATASET__NOT_DELISTING,0,0,,,UNKNOWN,HIGH,LISTING_EVIDENCE_MISSING;DELISTING_STATUS_UNVERIFIED;FIRST_PRICE_IS_NOT_LISTING_DATE;PIT_MEMBERSHIP_NOT_FULLY_VERIFIED,False,Candidate interval only. Not enabled for engine.
ATAP,,,,UNKNOWN,FIRST_PRICE_OBSERVATION_ONLY__NOT_LISTING_DATE,,UNKNOWN,OPEN_ENDED_CURRENT_DATASET__NOT_DELISTING,0,0,,,UNKNOWN,HIGH,LISTING_EVIDENCE_MISSING;DELISTING_STATUS_UNVERIFIED;FIRST_PRICE_IS_NOT_LISTING_DATE;PIT_MEMBERSHIP_NOT_FULLY_VERIFIED,False,Candidate interval only. Not enabled for engine.
ATIC,,,,UNKNOWN,FIRST_PRICE_OBSERVATION_ONLY__NOT_LISTING_DATE,,UNKNOWN,OPEN_ENDED_CURRENT_DATASET__NOT_DELISTING,0,0,,,UNKNOWN,HIGH,LISTING_EVIDENCE_MISSING;DELISTING_STATUS_UNVERIFIED;FIRST_PRICE_IS_NOT_LISTING_DATE;PIT_MEMBERSHIP_NOT_FULLY_VERIFIED,False,Candidate interval only. Not enabled for engine.
ATLA,,,,UNKNOWN,FIRST_PRICE_OBSERVATION_ONLY__NOT_LISTING_DATE,,UNKNOWN,OPEN_ENDED_CURRENT_DATASET__NOT_DELISTING,0,0,,,UNKNOWN,HIGH,LISTING_EVIDENCE_MISSING;DELISTING_STATUS_UNVERIFIED;FIRST_PRICE_IS_NOT_LISTING_DATE;PIT_MEMBERSHIP_NOT_FULLY_VERIFIED,False,Candidate interval only. Not enabled for engine.
AUTO,,,,UNKNOWN,FIRST_PRICE_OBSERVATION_ONLY__NOT_LISTING_DATE,,UNKNOWN,OPEN_ENDED_CURRENT_DATASET__NOT_DELISTING,0,0,,,UNKNOWN,HIGH,LISTING_EVIDENCE_MISSING;DELISTING_STATUS_UNVERIFIED;FIRST_PRICE_IS_NOT_LISTING_DATE;PIT_MEMBERSHIP_NOT_FULLY_VERIFIED,False,Candidate interval only. Not enabled for engine.
AVIA,,,,UNKNOWN,FIRST_PRICE_OBSERVATION_ONLY__NOT_LISTING_DATE,,UNKNOWN,OPEN_ENDED_CURRENT_DATASET__NOT_DELISTING,0,0,,,UNKNOWN,HIGH,LISTING_EVIDENCE_MISSING;DELISTING_STATUS_UNVERIFIED;FIRST_PRICE_IS_NOT_LISTING_DATE;PIT_MEMBERSHIP_NOT_FULLY_VERIFIED,False,Candidate interval only. Not enabled for engine.
AWAN,,,,UNKNOWN,FIRST_PRICE_OBSERVATION_ONLY__NOT_LISTING_DATE,,UNKNOWN,OPEN_ENDED_CURRENT_DATASET__NOT_DELISTING,0,0,,,UNKNOWN,HIGH,LISTING_EVIDENCE_MISSING;DELISTING_STATUS_UNVERIFIED;FIRST_PRICE_IS_NOT_LISTING_DATE;PIT_MEMBERSHIP_NOT_FULLY_VERIFIED,False,Candidate interval only. Not enabled for engine.
AXIO,,,,UNKNOWN,FIRST_PRICE_OBSERVATION_ONLY__NOT_LISTING_DATE,,UNKNOWN,OPEN_ENDED_CURRENT_DATASET__NOT_DELISTING,0,0,,,UNKNOWN,HIGH,LISTING_EVIDENCE_MISSING;DELISTING_STATUS_UNVERIFIED;FIRST_PRICE_IS_NOT_LISTING_DATE;PIT_MEMBERSHIP_NOT_FULLY_VERIFIED,False,Candidate interval only. Not enabled for engine.
AYLS,,,,UNKNOWN,FIRST_PRICE_OBSERVATION_ONLY__NOT_LISTING_DATE,,UNKNOWN,OPEN_ENDED_CURRENT_DATASET__NOT_DELISTING,0,0,,,UNKNOWN,HIGH,LISTING_EVIDENCE_MISSING;DELISTING_STATUS_UNVERIFIED;FIRST_PRICE_IS_NOT_LISTING_DATE;PIT_MEMBERSHIP_NOT_FULLY_VERIFIED,False,Candidate interval only. Not enabled for engine.
BABP,,,,UNKNOWN,FIRST_PRICE_OBSERVATION_ONLY__NOT_LISTING_DATE,,UNKNOWN,OPEN_ENDED_CURRENT_DATASET__NOT_DELISTING,0,0,,,UNKNOWN,HIGH,LISTING_EVIDENCE_MISSING;DELISTING_STATUS_UNVERIFIED;FIRST_PRICE_IS_NOT_LISTING_DATE;PIT_MEMBERSHIP_NOT_FULLY_VERIFIED,False,Candidate interval only. Not enabled for engine.
BABY,,,,UNKNOWN,FIRST_PRICE_OBSERVATION_ONLY__NOT_LISTING_DATE,,UNKNOWN,OPEN_ENDED_CURRENT_DATASET__NOT_DELISTING,0,0,,,UNKNOWN,HIGH,LISTING_EVIDENCE_MISSING;DELISTING_STATUS_UNVERIFIED;FIRST_PRICE_IS_NOT_LISTING_DATE;PIT_MEMBERSHIP_NOT_FULLY_VERIFIED,False,Candidate interval only. Not enabled for engine.
BACA,,,,UNKNOWN,FIRST_PRICE_OBSERVATION_ONLY__NOT_LISTING_DATE,,UNKNOWN,OPEN_ENDED_CURRENT_DATASET__NOT_DELISTING,0,0,,,UNKNOWN,HIGH,LISTING_EVIDENCE_MISSING;DELISTING_STATUS_UNVERIFIED;FIRST_PRICE_IS_NOT_LISTING_DATE;PIT_MEMBERSHIP_NOT_FULLY_VERIFIED,False,Candidate interval only. Not enabled for engine.
BAIK,,,,UNKNOWN,FIRST_PRICE_OBSERVATION_ONLY__NOT_LISTING_DATE,,UNKNOWN,OPEN_ENDED_CURRENT_DATASET__NOT_DELISTING,0,0,,,UNKNOWN,HIGH,LISTING_EVIDENCE_MISSING;DELISTING_STATUS_UNVERIFIED;FIRST_PRICE_IS_NOT_LISTING_DATE;PIT_MEMBERSHIP_NOT_FULLY_VERIFIED,False,Candidate interval only. Not enabled for engine.
BAJA,,,,UNKNOWN,FIRST_PRICE_OBSERVATION_ONLY__NOT_LISTING_DATE,,UNKNOWN,OPEN_ENDED_CURRENT_DATASET__NOT_DELISTING,0,0,,,UNKNOWN,HIGH,LISTING_EVIDENCE_MISSING;DELISTING_STATUS_UNVERIFIED;FIRST_PRICE_IS_NOT_LISTING_DATE;PIT_MEMBERSHIP_NOT_FULLY_VERIFIED,False,Candidate interval only. Not enabled for engine.
BALI,,,,UNKNOWN,FIRST_PRICE_OBSERVATION_ONLY__NOT_LISTING_DATE,,UNKNOWN,OPEN_ENDED_CURRENT_DATASET__NOT_DELISTING,0,0,,,UNKNOWN,HIGH,LISTING_EVIDENCE_MISSING;DELISTING_STATUS_UNVERIFIED;FIRST_PRICE_IS_NOT_LISTING_DATE;PIT_MEMBERSHIP_NOT_FULLY_VERIFIED,False,Candidate interval only. Not enabled for engine.
BANK,,,,UNKNOWN,FIRST_PRICE_OBSERVATION_ONLY__NOT_LISTING_DATE,,UNKNOWN,OPEN_ENDED_CURRENT_DATASET__NOT_DELISTING,0,0,,,UNKNOWN,HIGH,LISTING_EVIDENCE_MISSING;DELISTING_STATUS_UNVERIFIED;FIRST_PRICE_IS_NOT_LISTING_DATE;PIT_MEMBERSHIP_NOT_FULLY_VERIFIED,False,Candidate interval only. Not enabled for engine.
BAPA,,,,UNKNOWN,FIRST_PRICE_OBSERVATION_ONLY__NOT_LISTING_DATE,,UNKNOWN,OPEN_ENDED_CURRENT_DATASET__NOT_DELISTING,0,0,,,UNKNOWN,HIGH,LISTING_EVIDENCE_MISSING;DELISTING_STATUS_UNVERIFIED;FIRST_PRICE_IS_NOT_LISTING_DATE;PIT_MEMBERSHIP_NOT_FULLY_VERIFIED,False,Candidate interval only. Not enabled for engine.
BAPI,,,,UNKNOWN,FIRST_PRICE_OBSERVATION_ONLY__NOT_LISTING_DATE,,UNKNOWN,OPEN_ENDED_CURRENT_DATASET__NOT_DELISTING,0,0,,,UNKNOWN,HIGH,LISTING_EVIDENCE_MISSING;DELISTING_STATUS_UNVERIFIED;FIRST_PRICE_IS_NOT_LISTING_DATE;PIT_MEMBERSHIP_NOT_FULLY_VERIFIED,False,Candidate interval only. Not enabled for engine.
BATA,,,,UNKNOWN,FIRST_PRICE_OBSERVATION_ONLY__NOT_LISTING_DATE,,UNKNOWN,OPEN_ENDED_CURRENT_DATASET__NOT_DELISTING,0,0,,,UNKNOWN,HIGH,LISTING_EVIDENCE_MISSING;DELISTING_STATUS_UNVERIFIED;FIRST_PRICE_IS_NOT_LISTING_DATE;PIT_MEMBERSHIP_NOT_FULLY_VERIFIED,False,Candidate interval only. Not enabled for engine.
BATR,,,,UNKNOWN,FIRST_PRICE_OBSERVATION_ONLY__NOT_LISTING_DATE,,UNKNOWN,OPEN_ENDED_CURRENT_DATASET__NOT_DELISTING,0,0,,,UNKNOWN,HIGH,LISTING_EVIDENCE_MISSING;DELISTING_STATUS_UNVERIFIED;FIRST_PRICE_IS_NOT_LISTING_DATE;PIT_MEMBERSHIP_NOT_FULLY_VERIFIED,False,Candidate interval only. Not enabled for engine.
BAUT,,,,UNKNOWN,FIRST_PRICE_OBSERVATION_ONLY__NOT_LISTING_DATE,,UNKNOWN,OPEN_ENDED_CURRENT_DATASET__NOT_DELISTING,0,0,,,UNKNOWN,HIGH,LISTING_EVIDENCE_MISSING;DELISTING_STATUS_UNVERIFIED;FIRST_PRICE_IS_NOT_LISTING_DATE;PIT_MEMBERSHIP_NOT_FULLY_VERIFIED,False,Candidate interval only. Not enabled for engine.
BAYU,,,,UNKNOWN,FIRST_PRICE_OBSERVATION_ONLY__NOT_LISTING_DATE,,UNKNOWN,OPEN_ENDED_CURRENT_DATASET__NOT_DELISTING,0,0,,,UNKNOWN,HIGH,LISTING_EVIDENCE_MISSING;DELISTING_STATUS_UNVERIFIED;FIRST_PRICE_IS_NOT_LISTING_DATE;PIT_MEMBERSHIP_NOT_FULLY_VERIFIED,False,Candidate interval only. Not enabled for engine.
BBCA,,,,UNKNOWN,FIRST_PRICE_OBSERVATION_ONLY__NOT_LISTING_DATE,,UNKNOWN,OPEN_ENDED_CURRENT_DATASET__NOT_DELISTING,0,0,,,UNKNOWN,HIGH,LISTING_EVIDENCE_MISSING;DELISTING_STATUS_UNVERIFIED;FIRST_PRICE_IS_NOT_LISTING_DATE;PIT_MEMBERSHIP_NOT_FULLY_VERIFIED,False,Candidate interval only. Not enabled for engine.
BBHI,,,,UNKNOWN,FIRST_PRICE_OBSERVATION_ONLY__NOT_LISTING_DATE,,UNKNOWN,OPEN_ENDED_CURRENT_DATASET__NOT_DELISTING,0,0,,,UNKNOWN,HIGH,LISTING_EVIDENCE_MISSING;DELISTING_STATUS_UNVERIFIED;FIRST_PRICE_IS_NOT_LISTING_DATE;PIT_MEMBERSHIP_NOT_FULLY_VERIFIED,False,Candidate interval only. Not enabled for engine.
BBKP,,,,UNKNOWN,FIRST_PRICE_OBSERVATION_ONLY__NOT_LISTING_DATE,,UNKNOWN,OPEN_ENDED_CURRENT_DATASET__NOT_DELISTING,0,0,,,UNKNOWN,HIGH,LISTING_EVIDENCE_MISSING;DELISTING_STATUS_UNVERIFIED;FIRST_PRICE_IS_NOT_LISTING_DATE;PIT_MEMBERSHIP_NOT_FULLY_VERIFIED,False,Candidate interval only. Not enabled for engine.
BBLD,,,,UNKNOWN,FIRST_PRICE_OBSERVATION_ONLY__NOT_LISTING_DATE,,UNKNOWN,OPEN_ENDED_CURRENT_DATASET__NOT_DELISTING,0,0,,,UNKNOWN,HIGH,LISTING_EVIDENCE_MISSING;DELISTING_STATUS_UNVERIFIED;FIRST_PRICE_IS_NOT_LISTING_DATE;PIT_MEMBERSHIP_NOT_FULLY_VERIFIED,False,Candidate interval only. Not enabled for engine.
BBMD,,,,UNKNOWN,FIRST_PRICE_OBSERVATION_ONLY__NOT_LISTING_DATE,,UNKNOWN,OPEN_ENDED_CURRENT_DATASET__NOT_DELISTING,0,0,,,UNKNOWN,HIGH,LISTING_EVIDENCE_MISSING;DELISTING_STATUS_UNVERIFIED;FIRST_PRICE_IS_NOT_LISTING_DATE;PIT_MEMBERSHIP_NOT_FULLY_VERIFIED,False,Candidate interval only. Not enabled for engine.
BBNI,,,,UNKNOWN,FIRST_PRICE_OBSERVATION_ONLY__NOT_LISTING_DATE,,UNKNOWN,OPEN_ENDED_CURRENT_DATASET__NOT_DELISTING,0,0,,,UNKNOWN,HIGH,LISTING_EVIDENCE_MISSING;DELISTING_STATUS_UNVERIFIED;FIRST_PRICE_IS_NOT_LISTING_DATE;PIT_MEMBERSHIP_NOT_FULLY_VERIFIED,False,Candidate interval only. Not enabled for engine.
BBRI,,,,UNKNOWN,FIRST_PRICE_OBSERVATION_ONLY__NOT_LISTING_DATE,,UNKNOWN,OPEN_ENDED_CURRENT_DATASET__NOT_DELISTING,0,0,,,UNKNOWN,HIGH,LISTING_EVIDENCE_MISSING;DELISTING_STATUS_UNVERIFIED;FIRST_PRICE_IS_NOT_LISTING_DATE;PIT_MEMBERSHIP_NOT_FULLY_VERIFIED,False,Candidate interval only. Not enabled for engine.
BBRM,,,,UNKNOWN,FIRST_PRICE_OBSERVATION_ONLY__NOT_LISTING_DATE,,UNKNOWN,OPEN_ENDED_CURRENT_DATASET__NOT_DELISTING,0,0,,,UNKNOWN,HIGH,LISTING_EVIDENCE_MISSING;DELISTING_STATUS_UNVERIFIED;FIRST_PRICE_IS_NOT_LISTING_DATE;PIT_MEMBERSHIP_NOT_FULLY_VERIFIED,False,Candidate interval only. Not enabled for engine.
BBSI,,,,UNKNOWN,FIRST_PRICE_OBSERVATION_ONLY__NOT_LISTING_DATE,,UNKNOWN,OPEN_ENDED_CURRENT_DATASET__NOT_DELISTING,0,0,,,UNKNOWN,HIGH,LISTING_EVIDENCE_MISSING;DELISTING_STATUS_UNVERIFIED;FIRST_PRICE_IS_NOT_LISTING_DATE;PIT_MEMBERSHIP_NOT_FULLY_VERIFIED,False,Candidate interval only. Not enabled for engine.
BBSS,,,,UNKNOWN,FIRST_PRICE_OBSERVATION_ONLY__NOT_LISTING_DATE,,UNKNOWN,OPEN_ENDED_CURRENT_DATASET__NOT_DELISTING,0,0,,,UNKNOWN,HIGH,LISTING_EVIDENCE_MISSING;DELISTING_STATUS_UNVERIFIED;FIRST_PRICE_IS_NOT_LISTING_DATE;PIT_MEMBERSHIP_NOT_FULLY_VERIFIED,False,Candidate interval only. Not enabled for engine.
BBTN,,,,UNKNOWN,FIRST_PRICE_OBSERVATION_ONLY__NOT_LISTING_DATE,,UNKNOWN,OPEN_ENDED_CURRENT_DATASET__NOT_DELISTING,0,0,,,UNKNOWN,HIGH,LISTING_EVIDENCE_MISSING;DELISTING_STATUS_UNVERIFIED;FIRST_PRICE_IS_NOT_LISTING_DATE;PIT_MEMBERSHIP_NOT_FULLY_VERIFIED,False,Candidate interval only. Not enabled for engine.
BBYB,,,,UNKNOWN,FIRST_PRICE_OBSERVATION_ONLY__NOT_LISTING_DATE,,UNKNOWN,OPEN_ENDED_CURRENT_DATASET__NOT_DELISTING,0,0,,,UNKNOWN,HIGH,LISTING_EVIDENCE_MISSING;DELISTING_STATUS_UNVERIFIED;FIRST_PRICE_IS_NOT_LISTING_DATE;PIT_MEMBERSHIP_NOT_FULLY_VERIFIED,False,Candidate interval only. Not enabled for engine.
BCAP,,,,UNKNOWN,FIRST_PRICE_OBSERVATION_ONLY__NOT_LISTING_DATE,,UNKNOWN,OPEN_ENDED_CURRENT_DATASET__NOT_DELISTING,0,0,,,UNKNOWN,HIGH,LISTING_EVIDENCE_MISSING;DELISTING_STATUS_UNVERIFIED;FIRST_PRICE_IS_NOT_LISTING_DATE;PIT_MEMBERSHIP_NOT_FULLY_VERIFIED,False,Candidate interval only. Not enabled for engine.
BCIC,,,,UNKNOWN,FIRST_PRICE_OBSERVATION_ONLY__NOT_LISTING_DATE,,UNKNOWN,OPEN_ENDED_CURRENT_DATASET__NOT_DELISTING,0,0,,,UNKNOWN,HIGH,LISTING_EVIDENCE_MISSING;DELISTING_STATUS_UNVERIFIED;FIRST_PRICE_IS_NOT_LISTING_DATE;PIT_MEMBERSHIP_NOT_FULLY_VERIFIED,False,Candidate interval only. Not enabled for engine.
BCIP,,,,UNKNOWN,FIRST_PRICE_OBSERVATION_ONLY__NOT_LISTING_DATE,,UNKNOWN,OPEN_ENDED_CURRENT_DATASET__NOT_DELISTING,0,0,,,UNKNOWN,HIGH,LISTING_EVIDENCE_MISSING;DELISTING_STATUS_UNVERIFIED;FIRST_PRICE_IS_NOT_LISTING_DATE;PIT_MEMBERSHIP_NOT_FULLY_VERIFIED,False,Candidate interval only. Not enabled for engine.
BDKR,,,,UNKNOWN,FIRST_PRICE_OBSERVATION_ONLY__NOT_LISTING_DATE,,UNKNOWN,OPEN_ENDED_CURRENT_DATASET__NOT_DELISTING,0,0,,,UNKNOWN,HIGH,LISTING_EVIDENCE_MISSING;DELISTING_STATUS_UNVERIFIED;FIRST_PRICE_IS_NOT_LISTING_DATE;PIT_MEMBERSHIP_NOT_FULLY_VERIFIED,False,Candidate interval only. Not enabled for engine.
BDMN,,,,UNKNOWN,FIRST_PRICE_OBSERVATION_ONLY__NOT_LISTING_DATE,,UNKNOWN,OPEN_ENDED_CURRENT_DATASET__NOT_DELISTING,0,0,,,UNKNOWN,HIGH,LISTING_EVIDENCE_MISSING;DELISTING_STATUS_UNVERIFIED;FIRST_PRICE_IS_NOT_LISTING_DATE;PIT_MEMBERSHIP_NOT_FULLY_VERIFIED,False,Candidate interval only. Not enabled for engine.
BEBS,,,,UNKNOWN,FIRST_PRICE_OBSERVATION_ONLY__NOT_LISTING_DATE,,UNKNOWN,OPEN_ENDED_CURRENT_DATASET__NOT_DELISTING,0,0,,,UNKNOWN,HIGH,LISTING_EVIDENCE_MISSING;DELISTING_STATUS_UNVERIFIED;FIRST_PRICE_IS_NOT_LISTING_DATE;PIT_MEMBERSHIP_NOT_FULLY_VERIFIED,False,Candidate interval only. Not enabled for engine.
BEEF,,,,UNKNOWN,FIRST_PRICE_OBSERVATION_ONLY__NOT_LISTING_DATE,,UNKNOWN,OPEN_ENDED_CURRENT_DATASET__NOT_DELISTING,0,0,,,UNKNOWN,HIGH,LISTING_EVIDENCE_MISSING;DELISTING_STATUS_UNVERIFIED;FIRST_PRICE_IS_NOT_LISTING_DATE;PIT_MEMBERSHIP_NOT_FULLY_VERIFIED,False,Candidate interval only. Not enabled for engine.
BEER,,,,UNKNOWN,FIRST_PRICE_OBSERVATION_ONLY__NOT_LISTING_DATE,,UNKNOWN,OPEN_ENDED_CURRENT_DATASET__NOT_DELISTING,0,0,,,UNKNOWN,HIGH,LISTING_EVIDENCE_MISSING;DELISTING_STATUS_UNVERIFIED;FIRST_PRICE_IS_NOT_LISTING_DATE;PIT_MEMBERSHIP_NOT_FULLY_VERIFIED,False,Candidate interval only. Not enabled for engine.
BEKS,,,,UNKNOWN,FIRST_PRICE_OBSERVATION_ONLY__NOT_LISTING_DATE,,UNKNOWN,OPEN_ENDED_CURRENT_DATASET__NOT_DELISTING,0,0,,,UNKNOWN,HIGH,LISTING_EVIDENCE_MISSING;DELISTING_STATUS_UNVERIFIED;FIRST_PRICE_IS_NOT_LISTING_DATE;PIT_MEMBERSHIP_NOT_FULLY_VERIFIED,False,Candidate interval only. Not enabled for engine.
BELI,,,,UNKNOWN,FIRST_PRICE_OBSERVATION_ONLY__NOT_LISTING_DATE,,UNKNOWN,OPEN_ENDED_CURRENT_DATASET__NOT_DELISTING,0,0,,,UNKNOWN,HIGH,LISTING_EVIDENCE_MISSING;DELISTING_STATUS_UNVERIFIED;FIRST_PRICE_IS_NOT_LISTING_DATE;PIT_MEMBERSHIP_NOT_FULLY_VERIFIED,False,Candidate interval only. Not enabled for engine.
BELL,,,,UNKNOWN,FIRST_PRICE_OBSERVATION_ONLY__NOT_LISTING_DATE,,UNKNOWN,OPEN_ENDED_CURRENT_DATASET__NOT_DELISTING,0,0,,,UNKNOWN,HIGH,LISTING_EVIDENCE_MISSING;DELISTING_STATUS_UNVERIFIED;FIRST_PRICE_IS_NOT_LISTING_DATE;PIT_MEMBERSHIP_NOT_FULLY_VERIFIED,False,Candidate interval only. Not enabled for engine.
BESS,,,,UNKNOWN,FIRST_PRICE_OBSERVATION_ONLY__NOT_LISTING_DATE,,UNKNOWN,OPEN_ENDED_CURRENT_DATASET__NOT_DELISTING,0,0,,,UNKNOWN,HIGH,LISTING_EVIDENCE_MISSING;DELISTING_STATUS_UNVERIFIED;FIRST_PRICE_IS_NOT_LISTING_DATE;PIT_MEMBERSHIP_NOT_FULLY_VERIFIED,False,Candidate interval only. Not enabled for engine.
BEST,,,,UNKNOWN,FIRST_PRICE_OBSERVATION_ONLY__NOT_LISTING_DATE,,UNKNOWN,OPEN_ENDED_CURRENT_DATASET__NOT_DELISTING,0,0,,,UNKNOWN,HIGH,LISTING_EVIDENCE_MISSING;DELISTING_STATUS_UNVERIFIED;FIRST_PRICE_IS_NOT_LISTING_DATE;PIT_MEMBERSHIP_NOT_FULLY_VERIFIED,False,Candidate interval only. Not enabled for engine.
BFIN,,,,UNKNOWN,FIRST_PRICE_OBSERVATION_ONLY__NOT_LISTING_DATE,,UNKNOWN,OPEN_ENDED_CURRENT_DATASET__NOT_DELISTING,0,0,,,UNKNOWN,HIGH,LISTING_EVIDENCE_MISSING;DELISTING_STATUS_UNVERIFIED;FIRST_PRICE_IS_NOT_LISTING_DATE;PIT_MEMBERSHIP_NOT_FULLY_VERIFIED,False,Candidate interval only. Not enabled for engine.
BGTG,,,,UNKNOWN,FIRST_PRICE_OBSERVATION_ONLY__NOT_LISTING_DATE,,UNKNOWN,OPEN_ENDED_CURRENT_DATASET__NOT_DELISTING,0,0,,,UNKNOWN,HIGH,LISTING_EVIDENCE_MISSING;DELISTING_STATUS_UNVERIFIED;FIRST_PRICE_IS_NOT_LISTING_DATE;PIT_MEMBERSHIP_NOT_FULLY_VERIFIED,False,Candidate interval only. Not enabled for engine.
BHAT,,,,UNKNOWN,FIRST_PRICE_OBSERVATION_ONLY__NOT_LISTING_DATE,,UNKNOWN,OPEN_ENDED_CURRENT_DATASET__NOT_DELISTING,0,0,,,UNKNOWN,HIGH,LISTING_EVIDENCE_MISSING;DELISTING_STATUS_UNVERIFIED;FIRST_PRICE_IS_NOT_LISTING_DATE;PIT_MEMBERSHIP_NOT_FULLY_VERIFIED,False,Candidate interval only. Not enabled for engine.
BHIT,,,,UNKNOWN,FIRST_PRICE_OBSERVATION_ONLY__NOT_LISTING_DATE,,UNKNOWN,OPEN_ENDED_CURRENT_DATASET__NOT_DELISTING,0,0,,,UNKNOWN,HIGH,LISTING_EVIDENCE_MISSING;DELISTING_STATUS_UNVERIFIED;FIRST_PRICE_IS_NOT_LISTING_DATE;PIT_MEMBERSHIP_NOT_FULLY_VERIFIED,False,Candidate interval only. Not enabled for engine.
BIKA,,,,UNKNOWN,FIRST_PRICE_OBSERVATION_ONLY__NOT_LISTING_DATE,,UNKNOWN,OPEN_ENDED_CURRENT_DATASET__NOT_DELISTING,0,0,,,UNKNOWN,HIGH,LISTING_EVIDENCE_MISSING;DELISTING_STATUS_UNVERIFIED;FIRST_PRICE_IS_NOT_LISTING_DATE;PIT_MEMBERSHIP_NOT_FULLY_VERIFIED,False,Candidate interval only. Not enabled for engine.
BIKE,,,,UNKNOWN,FIRST_PRICE_OBSERVATION_ONLY__NOT_LISTING_DATE,,UNKNOWN,OPEN_ENDED_CURRENT_DATASET__NOT_DELISTING,0,0,,,UNKNOWN,HIGH,LISTING_EVIDENCE_MISSING;DELISTING_STATUS_UNVERIFIED;FIRST_PRICE_IS_NOT_LISTING_DATE;PIT_MEMBERSHIP_NOT_FULLY_VERIFIED,False,Candidate interval only. Not enabled for engine.
BIMA,,,,UNKNOWN,FIRST_PRICE_OBSERVATION_ONLY__NOT_LISTING_DATE,,UNKNOWN,OPEN_ENDED_CURRENT_DATASET__NOT_DELISTING,0,0,,,UNKNOWN,HIGH,LISTING_EVIDENCE_MISSING;DELISTING_STATUS_UNVERIFIED;FIRST_PRICE_IS_NOT_LISTING_DATE;PIT_MEMBERSHIP_NOT_FULLY_VERIFIED,False,Candidate interval only. Not enabled for engine.
BINA,,,,UNKNOWN,FIRST_PRICE_OBSERVATION_ONLY__NOT_LISTING_DATE,,UNKNOWN,OPEN_ENDED_CURRENT_DATASET__NOT_DELISTING,0,0,,,UNKNOWN,HIGH,LISTING_EVIDENCE_MISSING;DELISTING_STATUS_UNVERIFIED;FIRST_PRICE_IS_NOT_LISTING_DATE;PIT_MEMBERSHIP_NOT_FULLY_VERIFIED,False,Candidate interval only. Not enabled for engine.
BINO,,,,UNKNOWN,FIRST_PRICE_OBSERVATION_ONLY__NOT_LISTING_DATE,,UNKNOWN,OPEN_ENDED_CURRENT_DATASET__NOT_DELISTING,0,0,,,UNKNOWN,HIGH,LISTING_EVIDENCE_MISSING;DELISTING_STATUS_UNVERIFIED;FIRST_PRICE_IS_NOT_LISTING_DATE;PIT_MEMBERSHIP_NOT_FULLY_VERIFIED,False,Candidate interval only. Not enabled for engine.
BIPI,,,,UNKNOWN,FIRST_PRICE_OBSERVATION_ONLY__NOT_LISTING_DATE,,UNKNOWN,OPEN_ENDED_CURRENT_DATASET__NOT_DELISTING,0,0,,,UNKNOWN,HIGH,LISTING_EVIDENCE_MISSING;DELISTING_STATUS_UNVERIFIED;FIRST_PRICE_IS_NOT_LISTING_DATE;PIT_MEMBERSHIP_NOT_FULLY_VERIFIED,False,Candidate interval only. Not enabled for engine.
BIPP,,,,UNKNOWN,FIRST_PRICE_OBSERVATION_ONLY__NOT_LISTING_DATE,,UNKNOWN,OPEN_ENDED_CURRENT_DATASET__NOT_DELISTING,0,0,,,UNKNOWN,HIGH,LISTING_EVIDENCE_MISSING;DELISTING_STATUS_UNVERIFIED;FIRST_PRICE_IS_NOT_LISTING_DATE;PIT_MEMBERSHIP_NOT_FULLY_VERIFIED,False,Candidate interval only. Not enabled for engine.
BIRD,,,,UNKNOWN,FIRST_PRICE_OBSERVATION_ONLY__NOT_LISTING_DATE,,UNKNOWN,OPEN_ENDED_CURRENT_DATASET__NOT_DELISTING,0,0,,,UNKNOWN,HIGH,LISTING_EVIDENCE_MISSING;DELISTING_STATUS_UNVERIFIED;FIRST_PRICE_IS_NOT_LISTING_DATE;PIT_MEMBERSHIP_NOT_FULLY_VERIFIED,False,Candidate interval only. Not enabled for engine.
BISI,,,,UNKNOWN,FIRST_PRICE_OBSERVATION_ONLY__NOT_LISTING_DATE,,UNKNOWN,OPEN_ENDED_CURRENT_DATASET__NOT_DELISTING,0,0,,,UNKNOWN,HIGH,LISTING_EVIDENCE_MISSING;DELISTING_STATUS_UNVERIFIED;FIRST_PRICE_IS_NOT_LISTING_DATE;PIT_MEMBERSHIP_NOT_FULLY_VERIFIED,False,Candidate interval only. Not enabled for engine.
BJBR,,,,UNKNOWN,FIRST_PRICE_OBSERVATION_ONLY__NOT_LISTING_DATE,,UNKNOWN,OPEN_ENDED_CURRENT_DATASET__NOT_DELISTING,0,0,,,UNKNOWN,HIGH,LISTING_EVIDENCE_MISSING;DELISTING_STATUS_UNVERIFIED;FIRST_PRICE_IS_NOT_LISTING_DATE;PIT_MEMBERSHIP_NOT_FULLY_VERIFIED,False,Candidate interval only. Not enabled for engine.
BJTM,,,,UNKNOWN,FIRST_PRICE_OBSERVATION_ONLY__NOT_LISTING_DATE,,UNKNOWN,OPEN_ENDED_CURRENT_DATASET__NOT_DELISTING,0,0,,,UNKNOWN,HIGH,LISTING_EVIDENCE_MISSING;DELISTING_STATUS_UNVERIFIED;FIRST_PRICE_IS_NOT_LISTING_DATE;PIT_MEMBERSHIP_NOT_FULLY_VERIFIED,False,Candidate interval only. Not enabled for engine.
BKDP,,,,UNKNOWN,FIRST_PRICE_OBSERVATION_ONLY__NOT_LISTING_DATE,,UNKNOWN,OPEN_ENDED_CURRENT_DATASET__NOT_DELISTING,0,0,,,UNKNOWN,HIGH,LISTING_EVIDENCE_MISSING;DELISTING_STATUS_UNVERIFIED;FIRST_PRICE_IS_NOT_LISTING_DATE;PIT_MEMBERSHIP_NOT_FULLY_VERIFIED,False,Candidate interval only. Not enabled for engine.
BKSL,,,,UNKNOWN,FIRST_PRICE_OBSERVATION_ONLY__NOT_LISTING_DATE,,UNKNOWN,OPEN_ENDED_CURRENT_DATASET__NOT_DELISTING,0,0,,,UNKNOWN,HIGH,LISTING_EVIDENCE_MISSING;DELISTING_STATUS_UNVERIFIED;FIRST_PRICE_IS_NOT_LISTING_DATE;PIT_MEMBERSHIP_NOT_FULLY_VERIFIED,False,Candidate interval only. Not enabled for engine.
BKSW,,,,UNKNOWN,FIRST_PRICE_OBSERVATION_ONLY__NOT_LISTING_DATE,,UNKNOWN,OPEN_ENDED_CURRENT_DATASET__NOT_DELISTING,0,0,,,UNKNOWN,HIGH,LISTING_EVIDENCE_MISSING;DELISTING_STATUS_UNVERIFIED;FIRST_PRICE_IS_NOT_LISTING_DATE;PIT_MEMBERSHIP_NOT_FULLY_VERIFIED,False,Candidate interval only. Not enabled for engine.
BLES,,,,UNKNOWN,FIRST_PRICE_OBSERVATION_ONLY__NOT_LISTING_DATE,,UNKNOWN,OPEN_ENDED_CURRENT_DATASET__NOT_DELISTING,0,0,,,UNKNOWN,HIGH,LISTING_EVIDENCE_MISSING;DELISTING_STATUS_UNVERIFIED;FIRST_PRICE_IS_NOT_LISTING_DATE;PIT_MEMBERSHIP_NOT_FULLY_VERIFIED,False,Candidate interval only. Not enabled for engine.
BLOG,,,,UNKNOWN,FIRST_PRICE_OBSERVATION_ONLY__NOT_LISTING_DATE,,UNKNOWN,OPEN_ENDED_CURRENT_DATASET__NOT_DELISTING,0,0,,,UNKNOWN,HIGH,LISTING_EVIDENCE_MISSING;DELISTING_STATUS_UNVERIFIED;FIRST_PRICE_IS_NOT_LISTING_DATE;PIT_MEMBERSHIP_NOT_FULLY_VERIFIED,False,Candidate interval only. Not enabled for engine.
BLTA,,,,UNKNOWN,FIRST_PRICE_OBSERVATION_ONLY__NOT_LISTING_DATE,,UNKNOWN,OPEN_ENDED_CURRENT_DATASET__NOT_DELISTING,0,0,,,UNKNOWN,HIGH,LISTING_EVIDENCE_MISSING;DELISTING_STATUS_UNVERIFIED;FIRST_PRICE_IS_NOT_LISTING_DATE;PIT_MEMBERSHIP_NOT_FULLY_VERIFIED,False,Candidate interval only. Not enabled for engine.
BLTZ,,,,UNKNOWN,FIRST_PRICE_OBSERVATION_ONLY__NOT_LISTING_DATE,,UNKNOWN,OPEN_ENDED_CURRENT_DATASET__NOT_DELISTING,0,0,,,UNKNOWN,HIGH,LISTING_EVIDENCE_MISSING;DELISTING_STATUS_UNVERIFIED;FIRST_PRICE_IS_NOT_LISTING_DATE;PIT_MEMBERSHIP_NOT_FULLY_VERIFIED,False,Candidate interval only. Not enabled for engine.
BLUE,,,,UNKNOWN,FIRST_PRICE_OBSERVATION_ONLY__NOT_LISTING_DATE,,UNKNOWN,OPEN_ENDED_CURRENT_DATASET__NOT_DELISTING,0,0,,,UNKNOWN,HIGH,LISTING_EVIDENCE_MISSING;DELISTING_STATUS_UNVERIFIED;FIRST_PRICE_IS_NOT_LISTING_DATE;PIT_MEMBERSHIP_NOT_FULLY_VERIFIED,False,Candidate interval only. Not enabled for engine.
BMAS,,,,UNKNOWN,FIRST_PRICE_OBSERVATION_ONLY__NOT_LISTING_DATE,,UNKNOWN,OPEN_ENDED_CURRENT_DATASET__NOT_DELISTING,0,0,,,UNKNOWN,HIGH,LISTING_EVIDENCE_MISSING;DELISTING_STATUS_UNVERIFIED;FIRST_PRICE_IS_NOT_LISTING_DATE;PIT_MEMBERSHIP_NOT_FULLY_VERIFIED,False,Candidate interval only. Not enabled for engine.
BMBL,,,,UNKNOWN,FIRST_PRICE_OBSERVATION_ONLY__NOT_LISTING_DATE,,UNKNOWN,OPEN_ENDED_CURRENT_DATASET__NOT_DELISTING,0,0,,,UNKNOWN,HIGH,LISTING_EVIDENCE_MISSING;DELISTING_STATUS_UNVERIFIED;FIRST_PRICE_IS_NOT_LISTING_DATE;PIT_MEMBERSHIP_NOT_FULLY_VERIFIED,False,Candidate interval only. Not enabled for engine.
BMHS,,,,UNKNOWN,FIRST_PRICE_OBSERVATION_ONLY__NOT_LISTING_DATE,,UNKNOWN,OPEN_ENDED_CURRENT_DATASET__NOT_DELISTING,0,0,,,UNKNOWN,HIGH,LISTING_EVIDENCE_MISSING;DELISTING_STATUS_UNVERIFIED;FIRST_PRICE_IS_NOT_LISTING_DATE;PIT_MEMBERSHIP_NOT_FULLY_VERIFIED,False,Candidate interval only. Not enabled for engine.
BMRI,,,,UNKNOWN,FIRST_PRICE_OBSERVATION_ONLY__NOT_LISTING_DATE,,UNKNOWN,OPEN_ENDED_CURRENT_DATASET__NOT_DELISTING,0,0,,,UNKNOWN,HIGH,LISTING_EVIDENCE_MISSING;DELISTING_STATUS_UNVERIFIED;FIRST_PRICE_IS_NOT_LISTING_DATE;PIT_MEMBERSHIP_NOT_FULLY_VERIFIED,False,Candidate interval only. Not enabled for engine.
BMSR,,,,UNKNOWN,FIRST_PRICE_OBSERVATION_ONLY__NOT_LISTING_DATE,,UNKNOWN,OPEN_ENDED_CURRENT_DATASET__NOT_DELISTING,0,0,,,UNKNOWN,HIGH,LISTING_EVIDENCE_MISSING;DELISTING_STATUS_UNVERIFIED;FIRST_PRICE_IS_NOT_LISTING_DATE;PIT_MEMBERSHIP_NOT_FULLY_VERIFIED,False,Candidate interval only. Not enabled for engine.
BMTR,,,,UNKNOWN,FIRST_PRICE_OBSERVATION_ONLY__NOT_LISTING_DATE,,UNKNOWN,OPEN_ENDED_CURRENT_DATASET__NOT_DELISTING,0,0,,,UNKNOWN,HIGH,LISTING_EVIDENCE_MISSING;DELISTING_STATUS_UNVERIFIED;FIRST_PRICE_IS_NOT_LISTING_DATE;PIT_MEMBERSHIP_NOT_FULLY_VERIFIED,False,Candidate interval only. Not enabled for engine.
BNBA,,,,UNKNOWN,FIRST_PRICE_OBSERVATION_ONLY__NOT_LISTING_DATE,,UNKNOWN,OPEN_ENDED_CURRENT_DATASET__NOT_DELISTING,0,0,,,UNKNOWN,HIGH,LISTING_EVIDENCE_MISSING;DELISTING_STATUS_UNVERIFIED;FIRST_PRICE_IS_NOT_LISTING_DATE;PIT_MEMBERSHIP_NOT_FULLY_VERIFIED,False,Candidate interval only. Not enabled for engine.
BNBR,,,,UNKNOWN,FIRST_PRICE_OBSERVATION_ONLY__NOT_LISTING_DATE,,UNKNOWN,OPEN_ENDED_CURRENT_DATASET__NOT_DELISTING,0,0,,,UNKNOWN,HIGH,LISTING_EVIDENCE_MISSING;DELISTING_STATUS_UNVERIFIED;FIRST_PRICE_IS_NOT_LISTING_DATE;PIT_MEMBERSHIP_NOT_FULLY_VERIFIED,False,Candidate interval only. Not enabled for engine.
BNGA,,,,UNKNOWN,FIRST_PRICE_OBSERVATION_ONLY__NOT_LISTING_DATE,,UNKNOWN,OPEN_ENDED_CURRENT_DATASET__NOT_DELISTING,0,0,,,UNKNOWN,HIGH,LISTING_EVIDENCE_MISSING;DELISTING_STATUS_UNVERIFIED;FIRST_PRICE_IS_NOT_LISTING_DATE;PIT_MEMBERSHIP_NOT_FULLY_VERIFIED,False,Candidate interval only. Not enabled for engine.
BNII,,,,UNKNOWN,FIRST_PRICE_OBSERVATION_ONLY__NOT_LISTING_DATE,,UNKNOWN,OPEN_ENDED_CURRENT_DATASET__NOT_DELISTING,0,0,,,UNKNOWN,HIGH,LISTING_EVIDENCE_MISSING;DELISTING_STATUS_UNVERIFIED;FIRST_PRICE_IS_NOT_LISTING_DATE;PIT_MEMBERSHIP_NOT_FULLY_VERIFIED,False,Candidate interval only. Not enabled for engine.
BNLI,,,,UNKNOWN,FIRST_PRICE_OBSERVATION_ONLY__NOT_LISTING_DATE,,UNKNOWN,OPEN_ENDED_CURRENT_DATASET__NOT_DELISTING,0,0,,,UNKNOWN,HIGH,LISTING_EVIDENCE_MISSING;DELISTING_STATUS_UNVERIFIED;FIRST_PRICE_IS_NOT_LISTING_DATE;PIT_MEMBERSHIP_NOT_FULLY_VERIFIED,False,Candidate interval only. Not enabled for engine.
BOAT,,,,UNKNOWN,FIRST_PRICE_OBSERVATION_ONLY__NOT_LISTING_DATE,,UNKNOWN,OPEN_ENDED_CURRENT_DATASET__NOT_DELISTING,0,0,,,UNKNOWN,HIGH,LISTING_EVIDENCE_MISSING;DELISTING_STATUS_UNVERIFIED;FIRST_PRICE_IS_NOT_LISTING_DATE;PIT_MEMBERSHIP_NOT_FULLY_VERIFIED,False,Candidate interval only. Not enabled for engine.
BOBA,,,,UNKNOWN,FIRST_PRICE_OBSERVATION_ONLY__NOT_LISTING_DATE,,UNKNOWN,OPEN_ENDED_CURRENT_DATASET__NOT_DELISTING,0,0,,,UNKNOWN,HIGH,LISTING_EVIDENCE_MISSING;DELISTING_STATUS_UNVERIFIED;FIRST_PRICE_IS_NOT_LISTING_DATE;PIT_MEMBERSHIP_NOT_FULLY_VERIFIED,False,Candidate interval only. Not enabled for engine.
BOGA,,,,UNKNOWN,FIRST_PRICE_OBSERVATION_ONLY__NOT_LISTING_DATE,,UNKNOWN,OPEN_ENDED_CURRENT_DATASET__NOT_DELISTING,0,0,,,UNKNOWN,HIGH,LISTING_EVIDENCE_MISSING;DELISTING_STATUS_UNVERIFIED;FIRST_PRICE_IS_NOT_LISTING_DATE;PIT_MEMBERSHIP_NOT_FULLY_VERIFIED,False,Candidate interval only. Not enabled for engine.
BOLA,,,,UNKNOWN,FIRST_PRICE_OBSERVATION_ONLY__NOT_LISTING_DATE,,UNKNOWN,OPEN_ENDED_CURRENT_DATASET__NOT_DELISTING,0,0,,,UNKNOWN,HIGH,LISTING_EVIDENCE_MISSING;DELISTING_STATUS_UNVERIFIED;FIRST_PRICE_IS_NOT_LISTING_DATE;PIT_MEMBERSHIP_NOT_FULLY_VERIFIED,False,Candidate interval only. Not enabled for engine.
BOLT,,,,UNKNOWN,FIRST_PRICE_OBSERVATION_ONLY__NOT_LISTING_DATE,,UNKNOWN,OPEN_ENDED_CURRENT_DATASET__NOT_DELISTING,0,0,,,UNKNOWN,HIGH,LISTING_EVIDENCE_MISSING;DELISTING_STATUS_UNVERIFIED;FIRST_PRICE_IS_NOT_LISTING_DATE;PIT_MEMBERSHIP_NOT_FULLY_VERIFIED,False,Candidate interval only. Not enabled for engine.
BOSS,,,,UNKNOWN,FIRST_PRICE_OBSERVATION_ONLY__NOT_LISTING_DATE,,UNKNOWN,OPEN_ENDED_CURRENT_DATASET__NOT_DELISTING,0,0,,,UNKNOWN,HIGH,LISTING_EVIDENCE_MISSING;DELISTING_STATUS_UNVERIFIED;FIRST_PRICE_IS_NOT_LISTING_DATE;PIT_MEMBERSHIP_NOT_FULLY_VERIFIED,False,Candidate interval only. Not enabled for engine.
BPFI,,,,UNKNOWN,FIRST_PRICE_OBSERVATION_ONLY__NOT_LISTING_DATE,,UNKNOWN,OPEN_ENDED_CURRENT_DATASET__NOT_DELISTING,0,0,,,UNKNOWN,HIGH,LISTING_EVIDENCE_MISSING;DELISTING_STATUS_UNVERIFIED;FIRST_PRICE_IS_NOT_LISTING_DATE;PIT_MEMBERSHIP_NOT_FULLY_VERIFIED,False,Candidate interval only. Not enabled for engine.
BPII,,,,UNKNOWN,FIRST_PRICE_OBSERVATION_ONLY__NOT_LISTING_DATE,,UNKNOWN,OPEN_ENDED_CURRENT_DATASET__NOT_DELISTING,0,0,,,UNKNOWN,HIGH,LISTING_EVIDENCE_MISSING;DELISTING_STATUS_UNVERIFIED;FIRST_PRICE_IS_NOT_LISTING_DATE;PIT_MEMBERSHIP_NOT_FULLY_VERIFIED,False,Candidate interval only. Not enabled for engine.
BPTR,,,,UNKNOWN,FIRST_PRICE_OBSERVATION_ONLY__NOT_LISTING_DATE,,UNKNOWN,OPEN_ENDED_CURRENT_DATASET__NOT_DELISTING,0,0,,,UNKNOWN,HIGH,LISTING_EVIDENCE_MISSING;DELISTING_STATUS_UNVERIFIED;FIRST_PRICE_IS_NOT_LISTING_DATE;PIT_MEMBERSHIP_NOT_FULLY_VERIFIED,False,Candidate interval only. Not enabled for engine.
BRAM,,,,UNKNOWN,FIRST_PRICE_OBSERVATION_ONLY__NOT_LISTING_DATE,,UNKNOWN,OPEN_ENDED_CURRENT_DATASET__NOT_DELISTING,0,0,,,UNKNOWN,HIGH,LISTING_EVIDENCE_MISSING;DELISTING_STATUS_UNVERIFIED;FIRST_PRICE_IS_NOT_LISTING_DATE;PIT_MEMBERSHIP_NOT_FULLY_VERIFIED,False,Candidate interval only. Not enabled for engine.
BREN,,,,UNKNOWN,FIRST_PRICE_OBSERVATION_ONLY__NOT_LISTING_DATE,,UNKNOWN,OPEN_ENDED_CURRENT_DATASET__NOT_DELISTING,0,0,,,UNKNOWN,HIGH,LISTING_EVIDENCE_MISSING;DELISTING_STATUS_UNVERIFIED;FIRST_PRICE_IS_NOT_LISTING_DATE;PIT_MEMBERSHIP_NOT_FULLY_VERIFIED,False,Candidate interval only. Not enabled for engine.
BRIS,,,,UNKNOWN,FIRST_PRICE_OBSERVATION_ONLY__NOT_LISTING_DATE,,UNKNOWN,OPEN_ENDED_CURRENT_DATASET__NOT_DELISTING,0,0,,,UNKNOWN,HIGH,LISTING_EVIDENCE_MISSING;DELISTING_STATUS_UNVERIFIED;FIRST_PRICE_IS_NOT_LISTING_DATE;PIT_MEMBERSHIP_NOT_FULLY_VERIFIED,False,Candidate interval only. Not enabled for engine.
BRMS,,,,UNKNOWN,FIRST_PRICE_OBSERVATION_ONLY__NOT_LISTING_DATE,,UNKNOWN,OPEN_ENDED_CURRENT_DATASET__NOT_DELISTING,0,0,,,UNKNOWN,HIGH,LISTING_EVIDENCE_MISSING;DELISTING_STATUS_UNVERIFIED;FIRST_PRICE_IS_NOT_LISTING_DATE;PIT_MEMBERSHIP_NOT_FULLY_VERIFIED,False,Candidate interval only. Not enabled for engine.
BRNA,,,,UNKNOWN,FIRST_PRICE_OBSERVATION_ONLY__NOT_LISTING_DATE,,UNKNOWN,OPEN_ENDED_CURRENT_DATASET__NOT_DELISTING,0,0,,,UNKNOWN,HIGH,LISTING_EVIDENCE_MISSING;DELISTING_STATUS_UNVERIFIED;FIRST_PRICE_IS_NOT_LISTING_DATE;PIT_MEMBERSHIP_NOT_FULLY_VERIFIED,False,Candidate interval only. Not enabled for engine.
BRPT,,,,UNKNOWN,FIRST_PRICE_OBSERVATION_ONLY__NOT_LISTING_DATE,,UNKNOWN,OPEN_ENDED_CURRENT_DATASET__NOT_DELISTING,0,0,,,UNKNOWN,HIGH,LISTING_EVIDENCE_MISSING;DELISTING_STATUS_UNVERIFIED;FIRST_PRICE_IS_NOT_LISTING_DATE;PIT_MEMBERSHIP_NOT_FULLY_VERIFIED,False,Candidate interval only. Not enabled for engine.
BSBK,,,,UNKNOWN,FIRST_PRICE_OBSERVATION_ONLY__NOT_LISTING_DATE,,UNKNOWN,OPEN_ENDED_CURRENT_DATASET__NOT_DELISTING,0,0,,,UNKNOWN,HIGH,LISTING_EVIDENCE_MISSING;DELISTING_STATUS_UNVERIFIED;FIRST_PRICE_IS_NOT_LISTING_DATE;PIT_MEMBERSHIP_NOT_FULLY_VERIFIED,False,Candidate interval only. Not enabled for engine.
BSDE,,,,UNKNOWN,FIRST_PRICE_OBSERVATION_ONLY__NOT_LISTING_DATE,,UNKNOWN,OPEN_ENDED_CURRENT_DATASET__NOT_DELISTING,0,0,,,UNKNOWN,HIGH,LISTING_EVIDENCE_MISSING;DELISTING_STATUS_UNVERIFIED;FIRST_PRICE_IS_NOT_LISTING_DATE;PIT_MEMBERSHIP_NOT_FULLY_VERIFIED,False,Candidate interval only. Not enabled for engine.
BSIM,,,,UNKNOWN,FIRST_PRICE_OBSERVATION_ONLY__NOT_LISTING_DATE,,UNKNOWN,OPEN_ENDED_CURRENT_DATASET__NOT_DELISTING,0,0,,,UNKNOWN,HIGH,LISTING_EVIDENCE_MISSING;DELISTING_STATUS_UNVERIFIED;FIRST_PRICE_IS_NOT_LISTING_DATE;PIT_MEMBERSHIP_NOT_FULLY_VERIFIED,False,Candidate interval only. Not enabled for engine.
BSML,,,,UNKNOWN,FIRST_PRICE_OBSERVATION_ONLY__NOT_LISTING_DATE,,UNKNOWN,OPEN_ENDED_CURRENT_DATASET__NOT_DELISTING,0,0,,,UNKNOWN,HIGH,LISTING_EVIDENCE_MISSING;DELISTING_STATUS_UNVERIFIED;FIRST_PRICE_IS_NOT_LISTING_DATE;PIT_MEMBERSHIP_NOT_FULLY_VERIFIED,False,Candidate interval only. Not enabled for engine.
BSSR,,,,UNKNOWN,FIRST_PRICE_OBSERVATION_ONLY__NOT_LISTING_DATE,,UNKNOWN,OPEN_ENDED_CURRENT_DATASET__NOT_DELISTING,0,0,,,UNKNOWN,HIGH,LISTING_EVIDENCE_MISSING;DELISTING_STATUS_UNVERIFIED;FIRST_PRICE_IS_NOT_LISTING_DATE;PIT_MEMBERSHIP_NOT_FULLY_VERIFIED,False,Candidate interval only. Not enabled for engine.
BSWD,,,,UNKNOWN,FIRST_PRICE_OBSERVATION_ONLY__NOT_LISTING_DATE,,UNKNOWN,OPEN_ENDED_CURRENT_DATASET__NOT_DELISTING,0,0,,,UNKNOWN,HIGH,LISTING_EVIDENCE_MISSING;DELISTING_STATUS_UNVERIFIED;FIRST_PRICE_IS_NOT_LISTING_DATE;PIT_MEMBERSHIP_NOT_FULLY_VERIFIED,False,Candidate interval only. Not enabled for engine.
BTEK,,,,UNKNOWN,FIRST_PRICE_OBSERVATION_ONLY__NOT_LISTING_DATE,,UNKNOWN,OPEN_ENDED_CURRENT_DATASET__NOT_DELISTING,0,0,,,UNKNOWN,HIGH,LISTING_EVIDENCE_MISSING;DELISTING_STATUS_UNVERIFIED;FIRST_PRICE_IS_NOT_LISTING_DATE;PIT_MEMBERSHIP_NOT_FULLY_VERIFIED,False,Candidate interval only. Not enabled for engine.
BTON,,,,UNKNOWN,FIRST_PRICE_OBSERVATION_ONLY__NOT_LISTING_DATE,,UNKNOWN,OPEN_ENDED_CURRENT_DATASET__NOT_DELISTING,0,0,,,UNKNOWN,HIGH,LISTING_EVIDENCE_MISSING;DELISTING_STATUS_UNVERIFIED;FIRST_PRICE_IS_NOT_LISTING_DATE;PIT_MEMBERSHIP_NOT_FULLY_VERIFIED,False,Candidate interval only. Not enabled for engine.
BTPN,,,,UNKNOWN,FIRST_PRICE_OBSERVATION_ONLY__NOT_LISTING_DATE,,UNKNOWN,OPEN_ENDED_CURRENT_DATASET__NOT_DELISTING,0,0,,,UNKNOWN,HIGH,LISTING_EVIDENCE_MISSING;DELISTING_STATUS_UNVERIFIED;FIRST_PRICE_IS_NOT_LISTING_DATE;PIT_MEMBERSHIP_NOT_FULLY_VERIFIED,False,Candidate interval only. Not enabled for engine.
BTPS,,,,UNKNOWN,FIRST_PRICE_OBSERVATION_ONLY__NOT_LISTING_DATE,,UNKNOWN,OPEN_ENDED_CURRENT_DATASET__NOT_DELISTING,0,0,,,UNKNOWN,HIGH,LISTING_EVIDENCE_MISSING;DELISTING_STATUS_UNVERIFIED;FIRST_PRICE_IS_NOT_LISTING_DATE;PIT_MEMBERSHIP_NOT_FULLY_VERIFIED,False,Candidate interval only. Not enabled for engine.
BUAH,,,,UNKNOWN,FIRST_PRICE_OBSERVATION_ONLY__NOT_LISTING_DATE,,UNKNOWN,OPEN_ENDED_CURRENT_DATASET__NOT_DELISTING,0,0,,,UNKNOWN,HIGH,LISTING_EVIDENCE_MISSING;DELISTING_STATUS_UNVERIFIED;FIRST_PRICE_IS_NOT_LISTING_DATE;PIT_MEMBERSHIP_NOT_FULLY_VERIFIED,False,Candidate interval only. Not enabled for engine.
BUDI,,,,UNKNOWN,FIRST_PRICE_OBSERVATION_ONLY__NOT_LISTING_DATE,,UNKNOWN,OPEN_ENDED_CURRENT_DATASET__NOT_DELISTING,0,0,,,UNKNOWN,HIGH,LISTING_EVIDENCE_MISSING;DELISTING_STATUS_UNVERIFIED;FIRST_PRICE_IS_NOT_LISTING_DATE;PIT_MEMBERSHIP_NOT_FULLY_VERIFIED,False,Candidate interval only. Not enabled for engine.
BUKA,,,,UNKNOWN,FIRST_PRICE_OBSERVATION_ONLY__NOT_LISTING_DATE,,UNKNOWN,OPEN_ENDED_CURRENT_DATASET__NOT_DELISTING,0,0,,,UNKNOWN,HIGH,LISTING_EVIDENCE_MISSING;DELISTING_STATUS_UNVERIFIED;FIRST_PRICE_IS_NOT_LISTING_DATE;PIT_MEMBERSHIP_NOT_FULLY_VERIFIED,False,Candidate interval only. Not enabled for engine.
BUKK,,,,UNKNOWN,FIRST_PRICE_OBSERVATION_ONLY__NOT_LISTING_DATE,,UNKNOWN,OPEN_ENDED_CURRENT_DATASET__NOT_DELISTING,0,0,,,UNKNOWN,HIGH,LISTING_EVIDENCE_MISSING;DELISTING_STATUS_UNVERIFIED;FIRST_PRICE_IS_NOT_LISTING_DATE;PIT_MEMBERSHIP_NOT_FULLY_VERIFIED,False,Candidate interval only. Not enabled for engine.
BULL,,,,UNKNOWN,FIRST_PRICE_OBSERVATION_ONLY__NOT_LISTING_DATE,,UNKNOWN,OPEN_ENDED_CURRENT_DATASET__NOT_DELISTING,0,0,,,UNKNOWN,HIGH,LISTING_EVIDENCE_MISSING;DELISTING_STATUS_UNVERIFIED;FIRST_PRICE_IS_NOT_LISTING_DATE;PIT_MEMBERSHIP_NOT_FULLY_VERIFIED,False,Candidate interval only. Not enabled for engine.
BUMI,,,,UNKNOWN,FIRST_PRICE_OBSERVATION_ONLY__NOT_LISTING_DATE,,UNKNOWN,OPEN_ENDED_CURRENT_DATASET__NOT_DELISTING,0,0,,,UNKNOWN,HIGH,LISTING_EVIDENCE_MISSING;DELISTING_STATUS_UNVERIFIED;FIRST_PRICE_IS_NOT_LISTING_DATE;PIT_MEMBERSHIP_NOT_FULLY_VERIFIED,False,Candidate interval only. Not enabled for engine.
BUVA,,,,UNKNOWN,FIRST_PRICE_OBSERVATION_ONLY__NOT_LISTING_DATE,,UNKNOWN,OPEN_ENDED_CURRENT_DATASET__NOT_DELISTING,0,0,,,UNKNOWN,HIGH,LISTING_EVIDENCE_MISSING;DELISTING_STATUS_UNVERIFIED;FIRST_PRICE_IS_NOT_LISTING_DATE;PIT_MEMBERSHIP_NOT_FULLY_VERIFIED,False,Candidate interval only. Not enabled for engine.
BVIC,,,,UNKNOWN,FIRST_PRICE_OBSERVATION_ONLY__NOT_LISTING_DATE,,UNKNOWN,OPEN_ENDED_CURRENT_DATASET__NOT_DELISTING,0,0,,,UNKNOWN,HIGH,LISTING_EVIDENCE_MISSING;DELISTING_STATUS_UNVERIFIED;FIRST_PRICE_IS_NOT_LISTING_DATE;PIT_MEMBERSHIP_NOT_FULLY_VERIFIED,False,Candidate interval only. Not enabled for engine.
BWPT,,,,UNKNOWN,FIRST_PRICE_OBSERVATION_ONLY__NOT_LISTING_DATE,,UNKNOWN,OPEN_ENDED_CURRENT_DATASET__NOT_DELISTING,0,0,,,UNKNOWN,HIGH,LISTING_EVIDENCE_MISSING;DELISTING_STATUS_UNVERIFIED;FIRST_PRICE_IS_NOT_LISTING_DATE;PIT_MEMBERSHIP_NOT_FULLY_VERIFIED,False,Candidate interval only. Not enabled for engine.
BYAN,,,,UNKNOWN,FIRST_PRICE_OBSERVATION_ONLY__NOT_LISTING_DATE,,UNKNOWN,OPEN_ENDED_CURRENT_DATASET__NOT_DELISTING,0,0,,,UNKNOWN,HIGH,LISTING_EVIDENCE_MISSING;DELISTING_STATUS_UNVERIFIED;FIRST_PRICE_IS_NOT_LISTING_DATE;PIT_MEMBERSHIP_NOT_FULLY_VERIFIED,False,Candidate interval only. Not enabled for engine.
CAKK,,,,UNKNOWN,FIRST_PRICE_OBSERVATION_ONLY__NOT_LISTING_DATE,,UNKNOWN,OPEN_ENDED_CURRENT_DATASET__NOT_DELISTING,0,0,,,UNKNOWN,HIGH,LISTING_EVIDENCE_MISSING;DELISTING_STATUS_UNVERIFIED;FIRST_PRICE_IS_NOT_LISTING_DATE;PIT_MEMBERSHIP_NOT_FULLY_VERIFIED,False,Candidate interval only. Not enabled for engine.
CAMP,,,,UNKNOWN,FIRST_PRICE_OBSERVATION_ONLY__NOT_LISTING_DATE,,UNKNOWN,OPEN_ENDED_CURRENT_DATASET__NOT_DELISTING,0,0,,,UNKNOWN,HIGH,LISTING_EVIDENCE_MISSING;DELISTING_STATUS_UNVERIFIED;FIRST_PRICE_IS_NOT_LISTING_DATE;PIT_MEMBERSHIP_NOT_FULLY_VERIFIED,False,Candidate interval only. Not enabled for engine.
CANI,,,,UNKNOWN,FIRST_PRICE_OBSERVATION_ONLY__NOT_LISTING_DATE,,UNKNOWN,OPEN_ENDED_CURRENT_DATASET__NOT_DELISTING,0,0,,,UNKNOWN,HIGH,LISTING_EVIDENCE_MISSING;DELISTING_STATUS_UNVERIFIED;FIRST_PRICE_IS_NOT_LISTING_DATE;PIT_MEMBERSHIP_NOT_FULLY_VERIFIED,False,Candidate interval only. Not enabled for engine.
CARE,,,,UNKNOWN,FIRST_PRICE_OBSERVATION_ONLY__NOT_LISTING_DATE,,UNKNOWN,OPEN_ENDED_CURRENT_DATASET__NOT_DELISTING,0,0,,,UNKNOWN,HIGH,LISTING_EVIDENCE_MISSING;DELISTING_STATUS_UNVERIFIED;FIRST_PRICE_IS_NOT_LISTING_DATE;PIT_MEMBERSHIP_NOT_FULLY_VERIFIED,False,Candidate interval only. Not enabled for engine.
CARS,,,,UNKNOWN,FIRST_PRICE_OBSERVATION_ONLY__NOT_LISTING_DATE,,UNKNOWN,OPEN_ENDED_CURRENT_DATASET__NOT_DELISTING,0,0,,,UNKNOWN,HIGH,LISTING_EVIDENCE_MISSING;DELISTING_STATUS_UNVERIFIED;FIRST_PRICE_IS_NOT_LISTING_DATE;PIT_MEMBERSHIP_NOT_FULLY_VERIFIED,False,Candidate interval only. Not enabled for engine.
CASA,,,,UNKNOWN,FIRST_PRICE_OBSERVATION_ONLY__NOT_LISTING_DATE,,UNKNOWN,OPEN_ENDED_CURRENT_DATASET__NOT_DELISTING,0,0,,,UNKNOWN,HIGH,LISTING_EVIDENCE_MISSING;DELISTING_STATUS_UNVERIFIED;FIRST_PRICE_IS_NOT_LISTING_DATE;PIT_MEMBERSHIP_NOT_FULLY_VERIFIED,False,Candidate interval only. Not enabled for engine.
CASH,,,,UNKNOWN,FIRST_PRICE_OBSERVATION_ONLY__NOT_LISTING_DATE,,UNKNOWN,OPEN_ENDED_CURRENT_DATASET__NOT_DELISTING,0,0,,,UNKNOWN,HIGH,LISTING_EVIDENCE_MISSING;DELISTING_STATUS_UNVERIFIED;FIRST_PRICE_IS_NOT_LISTING_DATE;PIT_MEMBERSHIP_NOT_FULLY_VERIFIED,False,Candidate interval only. Not enabled for engine.
CASS,,,,UNKNOWN,FIRST_PRICE_OBSERVATION_ONLY__NOT_LISTING_DATE,,UNKNOWN,OPEN_ENDED_CURRENT_DATASET__NOT_DELISTING,0,0,,,UNKNOWN,HIGH,LISTING_EVIDENCE_MISSING;DELISTING_STATUS_UNVERIFIED;FIRST_PRICE_IS_NOT_LISTING_DATE;PIT_MEMBERSHIP_NOT_FULLY_VERIFIED,False,Candidate interval only. Not enabled for engine.
CBDK,,,,UNKNOWN,FIRST_PRICE_OBSERVATION_ONLY__NOT_LISTING_DATE,,UNKNOWN,OPEN_ENDED_CURRENT_DATASET__NOT_DELISTING,0,0,,,UNKNOWN,HIGH,LISTING_EVIDENCE_MISSING;DELISTING_STATUS_UNVERIFIED;FIRST_PRICE_IS_NOT_LISTING_DATE;PIT_MEMBERSHIP_NOT_FULLY_VERIFIED,False,Candidate interval only. Not enabled for engine.
CBPE,,,,UNKNOWN,FIRST_PRICE_OBSERVATION_ONLY__NOT_LISTING_DATE,,UNKNOWN,OPEN_ENDED_CURRENT_DATASET__NOT_DELISTING,0,0,,,UNKNOWN,HIGH,LISTING_EVIDENCE_MISSING;DELISTING_STATUS_UNVERIFIED;FIRST_PRICE_IS_NOT_LISTING_DATE;PIT_MEMBERSHIP_NOT_FULLY_VERIFIED,False,Candidate interval only. Not enabled for engine.
CBRE,,,,UNKNOWN,FIRST_PRICE_OBSERVATION_ONLY__NOT_LISTING_DATE,,UNKNOWN,OPEN_ENDED_CURRENT_DATASET__NOT_DELISTING,0,0,,,UNKNOWN,HIGH,LISTING_EVIDENCE_MISSING;DELISTING_STATUS_UNVERIFIED;FIRST_PRICE_IS_NOT_LISTING_DATE;PIT_MEMBERSHIP_NOT_FULLY_VERIFIED,False,Candidate interval only. Not enabled for engine.
CBUT,,,,UNKNOWN,FIRST_PRICE_OBSERVATION_ONLY__NOT_LISTING_DATE,,UNKNOWN,OPEN_ENDED_CURRENT_DATASET__NOT_DELISTING,0,0,,,UNKNOWN,HIGH,LISTING_EVIDENCE_MISSING;DELISTING_STATUS_UNVERIFIED;FIRST_PRICE_IS_NOT_LISTING_DATE;PIT_MEMBERSHIP_NOT_FULLY_VERIFIED,False,Candidate interval only. Not enabled for engine.
CCSI,,,,UNKNOWN,FIRST_PRICE_OBSERVATION_ONLY__NOT_LISTING_DATE,,UNKNOWN,OPEN_ENDED_CURRENT_DATASET__NOT_DELISTING,0,0,,,UNKNOWN,HIGH,LISTING_EVIDENCE_MISSING;DELISTING_STATUS_UNVERIFIED;FIRST_PRICE_IS_NOT_LISTING_DATE;PIT_MEMBERSHIP_NOT_FULLY_VERIFIED,False,Candidate interval only. Not enabled for engine.
CDIA,,,,UNKNOWN,FIRST_PRICE_OBSERVATION_ONLY__NOT_LISTING_DATE,,UNKNOWN,OPEN_ENDED_CURRENT_DATASET__NOT_DELISTING,0,0,,,UNKNOWN,HIGH,LISTING_EVIDENCE_MISSING;DELISTING_STATUS_UNVERIFIED;FIRST_PRICE_IS_NOT_LISTING_DATE;PIT_MEMBERSHIP_NOT_FULLY_VERIFIED,False,Candidate interval only. Not enabled for engine.
CEKA,,,,UNKNOWN,FIRST_PRICE_OBSERVATION_ONLY__NOT_LISTING_DATE,,UNKNOWN,OPEN_ENDED_CURRENT_DATASET__NOT_DELISTING,0,0,,,UNKNOWN,HIGH,LISTING_EVIDENCE_MISSING;DELISTING_STATUS_UNVERIFIED;FIRST_PRICE_IS_NOT_LISTING_DATE;PIT_MEMBERSHIP_NOT_FULLY_VERIFIED,False,Candidate interval only. Not enabled for engine.
CENT,,,,UNKNOWN,FIRST_PRICE_OBSERVATION_ONLY__NOT_LISTING_DATE,,UNKNOWN,OPEN_ENDED_CURRENT_DATASET__NOT_DELISTING,0,0,,,UNKNOWN,HIGH,LISTING_EVIDENCE_MISSING;DELISTING_STATUS_UNVERIFIED;FIRST_PRICE_IS_NOT_LISTING_DATE;PIT_MEMBERSHIP_NOT_FULLY_VERIFIED,False,Candidate interval only. Not enabled for engine.
CFIN,,,,UNKNOWN,FIRST_PRICE_OBSERVATION_ONLY__NOT_LISTING_DATE,,UNKNOWN,OPEN_ENDED_CURRENT_DATASET__NOT_DELISTING,0,0,,,UNKNOWN,HIGH,LISTING_EVIDENCE_MISSING;DELISTING_STATUS_UNVERIFIED;FIRST_PRICE_IS_NOT_LISTING_DATE;PIT_MEMBERSHIP_NOT_FULLY_VERIFIED,False,Candidate interval only. Not enabled for engine.
CGAS,,,,UNKNOWN,FIRST_PRICE_OBSERVATION_ONLY__NOT_LISTING_DATE,,UNKNOWN,OPEN_ENDED_CURRENT_DATASET__NOT_DELISTING,0,0,,,UNKNOWN,HIGH,LISTING_EVIDENCE_MISSING;DELISTING_STATUS_UNVERIFIED;FIRST_PRICE_IS_NOT_LISTING_DATE;PIT_MEMBERSHIP_NOT_FULLY_VERIFIED,False,Candidate interval only. Not enabled for engine.
CHEK,,,,UNKNOWN,FIRST_PRICE_OBSERVATION_ONLY__NOT_LISTING_DATE,,UNKNOWN,OPEN_ENDED_CURRENT_DATASET__NOT_DELISTING,0,0,,,UNKNOWN,HIGH,LISTING_EVIDENCE_MISSING;DELISTING_STATUS_UNVERIFIED;FIRST_PRICE_IS_NOT_LISTING_DATE;PIT_MEMBERSHIP_NOT_FULLY_VERIFIED,False,Candidate interval only. Not enabled for engine.
CHEM,,,,UNKNOWN,FIRST_PRICE_OBSERVATION_ONLY__NOT_LISTING_DATE,,UNKNOWN,OPEN_ENDED_CURRENT_DATASET__NOT_DELISTING,0,0,,,UNKNOWN,HIGH,LISTING_EVIDENCE_MISSING;DELISTING_STATUS_UNVERIFIED;FIRST_PRICE_IS_NOT_LISTING_DATE;PIT_MEMBERSHIP_NOT_FULLY_VERIFIED,False,Candidate interval only. Not enabled for engine.
CHIP,,,,UNKNOWN,FIRST_PRICE_OBSERVATION_ONLY__NOT_LISTING_DATE,,UNKNOWN,OPEN_ENDED_CURRENT_DATASET__NOT_DELISTING,0,0,,,UNKNOWN,HIGH,LISTING_EVIDENCE_MISSING;DELISTING_STATUS_UNVERIFIED;FIRST_PRICE_IS_NOT_LISTING_DATE;PIT_MEMBERSHIP_NOT_FULLY_VERIFIED,False,Candidate interval only. Not enabled for engine.
CINT,,,,UNKNOWN,FIRST_PRICE_OBSERVATION_ONLY__NOT_LISTING_DATE,,UNKNOWN,OPEN_ENDED_CURRENT_DATASET__NOT_DELISTING,0,0,,,UNKNOWN,HIGH,LISTING_EVIDENCE_MISSING;DELISTING_STATUS_UNVERIFIED;FIRST_PRICE_IS_NOT_LISTING_DATE;PIT_MEMBERSHIP_NOT_FULLY_VERIFIED,False,Candidate interval only. Not enabled for engine.
CITA,,,,UNKNOWN,FIRST_PRICE_OBSERVATION_ONLY__NOT_LISTING_DATE,,UNKNOWN,OPEN_ENDED_CURRENT_DATASET__NOT_DELISTING,0,0,,,UNKNOWN,HIGH,LISTING_EVIDENCE_MISSING;DELISTING_STATUS_UNVERIFIED;FIRST_PRICE_IS_NOT_LISTING_DATE;PIT_MEMBERSHIP_NOT_FULLY_VERIFIED,False,Candidate interval only. Not enabled for engine.
CITY,,,,UNKNOWN,FIRST_PRICE_OBSERVATION_ONLY__NOT_LISTING_DATE,,UNKNOWN,OPEN_ENDED_CURRENT_DATASET__NOT_DELISTING,0,0,,,UNKNOWN,HIGH,LISTING_EVIDENCE_MISSING;DELISTING_STATUS_UNVERIFIED;FIRST_PRICE_IS_NOT_LISTING_DATE;PIT_MEMBERSHIP_NOT_FULLY_VERIFIED,False,Candidate interval only. Not enabled for engine.
CLAY,,,,UNKNOWN,FIRST_PRICE_OBSERVATION_ONLY__NOT_LISTING_DATE,,UNKNOWN,OPEN_ENDED_CURRENT_DATASET__NOT_DELISTING,0,0,,,UNKNOWN,HIGH,LISTING_EVIDENCE_MISSING;DELISTING_STATUS_UNVERIFIED;FIRST_PRICE_IS_NOT_LISTING_DATE;PIT_MEMBERSHIP_NOT_FULLY_VERIFIED,False,Candidate interval only. Not enabled for engine.
CLEO,,,,UNKNOWN,FIRST_PRICE_OBSERVATION_ONLY__NOT_LISTING_DATE,,UNKNOWN,OPEN_ENDED_CURRENT_DATASET__NOT_DELISTING,0,0,,,UNKNOWN,HIGH,LISTING_EVIDENCE_MISSING;DELISTING_STATUS_UNVERIFIED;FIRST_PRICE_IS_NOT_LISTING_DATE;PIT_MEMBERSHIP_NOT_FULLY_VERIFIED,False,Candidate interval only. Not enabled for engine.
CLPI,,,,UNKNOWN,FIRST_PRICE_OBSERVATION_ONLY__NOT_LISTING_DATE,,UNKNOWN,OPEN_ENDED_CURRENT_DATASET__NOT_DELISTING,0,0,,,UNKNOWN,HIGH,LISTING_EVIDENCE_MISSING;DELISTING_STATUS_UNVERIFIED;FIRST_PRICE_IS_NOT_LISTING_DATE;PIT_MEMBERSHIP_NOT_FULLY_VERIFIED,False,Candidate interval only. Not enabled for engine.
CMNP,,,,UNKNOWN,FIRST_PRICE_OBSERVATION_ONLY__NOT_LISTING_DATE,,UNKNOWN,OPEN_ENDED_CURRENT_DATASET__NOT_DELISTING,0,0,,,UNKNOWN,HIGH,LISTING_EVIDENCE_MISSING;DELISTING_STATUS_UNVERIFIED;FIRST_PRICE_IS_NOT_LISTING_DATE;PIT_MEMBERSHIP_NOT_FULLY_VERIFIED,False,Candidate interval only. Not enabled for engine.
CMNT,,,,UNKNOWN,FIRST_PRICE_OBSERVATION_ONLY__NOT_LISTING_DATE,,UNKNOWN,OPEN_ENDED_CURRENT_DATASET__NOT_DELISTING,0,0,,,UNKNOWN,HIGH,LISTING_EVIDENCE_MISSING;DELISTING_STATUS_UNVERIFIED;FIRST_PRICE_IS_NOT_LISTING_DATE;PIT_MEMBERSHIP_NOT_FULLY_VERIFIED,False,Candidate interval only. Not enabled for engine.
CMPP,,,,UNKNOWN,FIRST_PRICE_OBSERVATION_ONLY__NOT_LISTING_DATE,,UNKNOWN,OPEN_ENDED_CURRENT_DATASET__NOT_DELISTING,0,0,,,UNKNOWN,HIGH,LISTING_EVIDENCE_MISSING;DELISTING_STATUS_UNVERIFIED;FIRST_PRICE_IS_NOT_LISTING_DATE;PIT_MEMBERSHIP_NOT_FULLY_VERIFIED,False,Candidate interval only. Not enabled for engine.
CMRY,,,,UNKNOWN,FIRST_PRICE_OBSERVATION_ONLY__NOT_LISTING_DATE,,UNKNOWN,OPEN_ENDED_CURRENT_DATASET__NOT_DELISTING,0,0,,,UNKNOWN,HIGH,LISTING_EVIDENCE_MISSING;DELISTING_STATUS_UNVERIFIED;FIRST_PRICE_IS_NOT_LISTING_DATE;PIT_MEMBERSHIP_NOT_FULLY_VERIFIED,False,Candidate interval only. Not enabled for engine.
CNKO,,,,UNKNOWN,FIRST_PRICE_OBSERVATION_ONLY__NOT_LISTING_DATE,,UNKNOWN,OPEN_ENDED_CURRENT_DATASET__NOT_DELISTING,0,0,,,UNKNOWN,HIGH,LISTING_EVIDENCE_MISSING;DELISTING_STATUS_UNVERIFIED;FIRST_PRICE_IS_NOT_LISTING_DATE;PIT_MEMBERSHIP_NOT_FULLY_VERIFIED,False,Candidate interval only. Not enabled for engine.
CNMA,,,,UNKNOWN,FIRST_PRICE_OBSERVATION_ONLY__NOT_LISTING_DATE,,UNKNOWN,OPEN_ENDED_CURRENT_DATASET__NOT_DELISTING,0,0,,,UNKNOWN,HIGH,LISTING_EVIDENCE_MISSING;DELISTING_STATUS_UNVERIFIED;FIRST_PRICE_IS_NOT_LISTING_DATE;PIT_MEMBERSHIP_NOT_FULLY_VERIFIED,False,Candidate interval only. Not enabled for engine.
COAL,,,,UNKNOWN,FIRST_PRICE_OBSERVATION_ONLY__NOT_LISTING_DATE,,UNKNOWN,OPEN_ENDED_CURRENT_DATASET__NOT_DELISTING,0,0,,,UNKNOWN,HIGH,LISTING_EVIDENCE_MISSING;DELISTING_STATUS_UNVERIFIED;FIRST_PRICE_IS_NOT_LISTING_DATE;PIT_MEMBERSHIP_NOT_FULLY_VERIFIED,False,Candidate interval only. Not enabled for engine.
COCO,,,,UNKNOWN,FIRST_PRICE_OBSERVATION_ONLY__NOT_LISTING_DATE,,UNKNOWN,OPEN_ENDED_CURRENT_DATASET__NOT_DELISTING,0,0,,,UNKNOWN,HIGH,LISTING_EVIDENCE_MISSING;DELISTING_STATUS_UNVERIFIED;FIRST_PRICE_IS_NOT_LISTING_DATE;PIT_MEMBERSHIP_NOT_FULLY_VERIFIED,False,Candidate interval only. Not enabled for engine.
COIN,,,,UNKNOWN,FIRST_PRICE_OBSERVATION_ONLY__NOT_LISTING_DATE,,UNKNOWN,OPEN_ENDED_CURRENT_DATASET__NOT_DELISTING,0,0,,,UNKNOWN,HIGH,LISTING_EVIDENCE_MISSING;DELISTING_STATUS_UNVERIFIED;FIRST_PRICE_IS_NOT_LISTING_DATE;PIT_MEMBERSHIP_NOT_FULLY_VERIFIED,False,Candidate interval only. Not enabled for engine.
CPIN,,,,UNKNOWN,FIRST_PRICE_OBSERVATION_ONLY__NOT_LISTING_DATE,,UNKNOWN,OPEN_ENDED_CURRENT_DATASET__NOT_DELISTING,0,0,,,UNKNOWN,HIGH,LISTING_EVIDENCE_MISSING;DELISTING_STATUS_UNVERIFIED;FIRST_PRICE_IS_NOT_LISTING_DATE;PIT_MEMBERSHIP_NOT_FULLY_VERIFIED,False,Candidate interval only. Not enabled for engine.
CPRO,,,,UNKNOWN,FIRST_PRICE_OBSERVATION_ONLY__NOT_LISTING_DATE,,UNKNOWN,OPEN_ENDED_CURRENT_DATASET__NOT_DELISTING,0,0,,,UNKNOWN,HIGH,LISTING_EVIDENCE_MISSING;DELISTING_STATUS_UNVERIFIED;FIRST_PRICE_IS_NOT_LISTING_DATE;PIT_MEMBERSHIP_NOT_FULLY_VERIFIED,False,Candidate interval only. Not enabled for engine.
CRAB,,,,UNKNOWN,FIRST_PRICE_OBSERVATION_ONLY__NOT_LISTING_DATE,,UNKNOWN,OPEN_ENDED_CURRENT_DATASET__NOT_DELISTING,0,0,,,UNKNOWN,HIGH,LISTING_EVIDENCE_MISSING;DELISTING_STATUS_UNVERIFIED;FIRST_PRICE_IS_NOT_LISTING_DATE;PIT_MEMBERSHIP_NOT_FULLY_VERIFIED,False,Candidate interval only. Not enabled for engine.
CRSN,,,,UNKNOWN,FIRST_PRICE_OBSERVATION_ONLY__NOT_LISTING_DATE,,UNKNOWN,OPEN_ENDED_CURRENT_DATASET__NOT_DELISTING,0,0,,,UNKNOWN,HIGH,LISTING_EVIDENCE_MISSING;DELISTING_STATUS_UNVERIFIED;FIRST_PRICE_IS_NOT_LISTING_DATE;PIT_MEMBERSHIP_NOT_FULLY_VERIFIED,False,Candidate interval only. Not enabled for engine.
CSAP,,,,UNKNOWN,FIRST_PRICE_OBSERVATION_ONLY__NOT_LISTING_DATE,,UNKNOWN,OPEN_ENDED_CURRENT_DATASET__NOT_DELISTING,0,0,,,UNKNOWN,HIGH,LISTING_EVIDENCE_MISSING;DELISTING_STATUS_UNVERIFIED;FIRST_PRICE_IS_NOT_LISTING_DATE;PIT_MEMBERSHIP_NOT_FULLY_VERIFIED,False,Candidate interval only. Not enabled for engine.
CSIS,,,,UNKNOWN,FIRST_PRICE_OBSERVATION_ONLY__NOT_LISTING_DATE,,UNKNOWN,OPEN_ENDED_CURRENT_DATASET__NOT_DELISTING,0,0,,,UNKNOWN,HIGH,LISTING_EVIDENCE_MISSING;DELISTING_STATUS_UNVERIFIED;FIRST_PRICE_IS_NOT_LISTING_DATE;PIT_MEMBERSHIP_NOT_FULLY_VERIFIED,False,Candidate interval only. Not enabled for engine.
CSMI,,,,UNKNOWN,FIRST_PRICE_OBSERVATION_ONLY__NOT_LISTING_DATE,,UNKNOWN,OPEN_ENDED_CURRENT_DATASET__NOT_DELISTING,0,0,,,UNKNOWN,HIGH,LISTING_EVIDENCE_MISSING;DELISTING_STATUS_UNVERIFIED;FIRST_PRICE_IS_NOT_LISTING_DATE;PIT_MEMBERSHIP_NOT_FULLY_VERIFIED,False,Candidate interval only. Not enabled for engine.
CSRA,,,,UNKNOWN,FIRST_PRICE_OBSERVATION_ONLY__NOT_LISTING_DATE,,UNKNOWN,OPEN_ENDED_CURRENT_DATASET__NOT_DELISTING,0,0,,,UNKNOWN,HIGH,LISTING_EVIDENCE_MISSING;DELISTING_STATUS_UNVERIFIED;FIRST_PRICE_IS_NOT_LISTING_DATE;PIT_MEMBERSHIP_NOT_FULLY_VERIFIED,False,Candidate interval only. Not enabled for engine.
CTBN,,,,UNKNOWN,FIRST_PRICE_OBSERVATION_ONLY__NOT_LISTING_DATE,,UNKNOWN,OPEN_ENDED_CURRENT_DATASET__NOT_DELISTING,0,0,,,UNKNOWN,HIGH,LISTING_EVIDENCE_MISSING;DELISTING_STATUS_UNVERIFIED;FIRST_PRICE_IS_NOT_LISTING_DATE;PIT_MEMBERSHIP_NOT_FULLY_VERIFIED,False,Candidate interval only. Not enabled for engine.
CTRA,,,,UNKNOWN,FIRST_PRICE_OBSERVATION_ONLY__NOT_LISTING_DATE,,UNKNOWN,OPEN_ENDED_CURRENT_DATASET__NOT_DELISTING,0,0,,,UNKNOWN,HIGH,LISTING_EVIDENCE_MISSING;DELISTING_STATUS_UNVERIFIED;FIRST_PRICE_IS_NOT_LISTING_DATE;PIT_MEMBERSHIP_NOT_FULLY_VERIFIED,False,Candidate interval only. Not enabled for engine.
CTTH,,,,UNKNOWN,FIRST_PRICE_OBSERVATION_ONLY__NOT_LISTING_DATE,,UNKNOWN,OPEN_ENDED_CURRENT_DATASET__NOT_DELISTING,0,0,,,UNKNOWN,HIGH,LISTING_EVIDENCE_MISSING;DELISTING_STATUS_UNVERIFIED;FIRST_PRICE_IS_NOT_LISTING_DATE;PIT_MEMBERSHIP_NOT_FULLY_VERIFIED,False,Candidate interval only. Not enabled for engine.
CUAN,,,,UNKNOWN,FIRST_PRICE_OBSERVATION_ONLY__NOT_LISTING_DATE,,UNKNOWN,OPEN_ENDED_CURRENT_DATASET__NOT_DELISTING,0,0,,,UNKNOWN,HIGH,LISTING_EVIDENCE_MISSING;DELISTING_STATUS_UNVERIFIED;FIRST_PRICE_IS_NOT_LISTING_DATE;PIT_MEMBERSHIP_NOT_FULLY_VERIFIED,False,Candidate interval only. Not enabled for engine.
CYBR,,,,UNKNOWN,FIRST_PRICE_OBSERVATION_ONLY__NOT_LISTING_DATE,,UNKNOWN,OPEN_ENDED_CURRENT_DATASET__NOT_DELISTING,0,0,,,UNKNOWN,HIGH,LISTING_EVIDENCE_MISSING;DELISTING_STATUS_UNVERIFIED;FIRST_PRICE_IS_NOT_LISTING_DATE;PIT_MEMBERSHIP_NOT_FULLY_VERIFIED,False,Candidate interval only. Not enabled for engine.
DAAZ,,,,UNKNOWN,FIRST_PRICE_OBSERVATION_ONLY__NOT_LISTING_DATE,,UNKNOWN,OPEN_ENDED_CURRENT_DATASET__NOT_DELISTING,0,0,,,UNKNOWN,HIGH,LISTING_EVIDENCE_MISSING;DELISTING_STATUS_UNVERIFIED;FIRST_PRICE_IS_NOT_LISTING_DATE;PIT_MEMBERSHIP_NOT_FULLY_VERIFIED,False,Candidate interval only. Not enabled for engine.
DADA,,,,UNKNOWN,FIRST_PRICE_OBSERVATION_ONLY__NOT_LISTING_DATE,,UNKNOWN,OPEN_ENDED_CURRENT_DATASET__NOT_DELISTING,0,0,,,UNKNOWN,HIGH,LISTING_EVIDENCE_MISSING;DELISTING_STATUS_UNVERIFIED;FIRST_PRICE_IS_NOT_LISTING_DATE;PIT_MEMBERSHIP_NOT_FULLY_VERIFIED,False,Candidate interval only. Not enabled for engine.
DART,,,,UNKNOWN,FIRST_PRICE_OBSERVATION_ONLY__NOT_LISTING_DATE,,UNKNOWN,OPEN_ENDED_CURRENT_DATASET__NOT_DELISTING,0,0,,,UNKNOWN,HIGH,LISTING_EVIDENCE_MISSING;DELISTING_STATUS_UNVERIFIED;FIRST_PRICE_IS_NOT_LISTING_DATE;PIT_MEMBERSHIP_NOT_FULLY_VERIFIED,False,Candidate interval only. Not enabled for engine.
DATA,,,,UNKNOWN,FIRST_PRICE_OBSERVATION_ONLY__NOT_LISTING_DATE,,UNKNOWN,OPEN_ENDED_CURRENT_DATASET__NOT_DELISTING,0,0,,,UNKNOWN,HIGH,LISTING_EVIDENCE_MISSING;DELISTING_STATUS_UNVERIFIED;FIRST_PRICE_IS_NOT_LISTING_DATE;PIT_MEMBERSHIP_NOT_FULLY_VERIFIED,False,Candidate interval only. Not enabled for engine.
DAYA,,,,UNKNOWN,FIRST_PRICE_OBSERVATION_ONLY__NOT_LISTING_DATE,,UNKNOWN,OPEN_ENDED_CURRENT_DATASET__NOT_DELISTING,0,0,,,UNKNOWN,HIGH,LISTING_EVIDENCE_MISSING;DELISTING_STATUS_UNVERIFIED;FIRST_PRICE_IS_NOT_LISTING_DATE;PIT_MEMBERSHIP_NOT_FULLY_VERIFIED,False,Candidate interval only. Not enabled for engine.
DCII,,,,UNKNOWN,FIRST_PRICE_OBSERVATION_ONLY__NOT_LISTING_DATE,,UNKNOWN,OPEN_ENDED_CURRENT_DATASET__NOT_DELISTING,0,0,,,UNKNOWN,HIGH,LISTING_EVIDENCE_MISSING;DELISTING_STATUS_UNVERIFIED;FIRST_PRICE_IS_NOT_LISTING_DATE;PIT_MEMBERSHIP_NOT_FULLY_VERIFIED,False,Candidate interval only. Not enabled for engine.
DEAL,,,,UNKNOWN,FIRST_PRICE_OBSERVATION_ONLY__NOT_LISTING_DATE,,UNKNOWN,OPEN_ENDED_CURRENT_DATASET__NOT_DELISTING,0,0,,,UNKNOWN,HIGH,LISTING_EVIDENCE_MISSING;DELISTING_STATUS_UNVERIFIED;FIRST_PRICE_IS_NOT_LISTING_DATE;PIT_MEMBERSHIP_NOT_FULLY_VERIFIED,False,Candidate interval only. Not enabled for engine.
DEFI,,,,UNKNOWN,FIRST_PRICE_OBSERVATION_ONLY__NOT_LISTING_DATE,,UNKNOWN,OPEN_ENDED_CURRENT_DATASET__NOT_DELISTING,0,0,,,UNKNOWN,HIGH,LISTING_EVIDENCE_MISSING;DELISTING_STATUS_UNVERIFIED;FIRST_PRICE_IS_NOT_LISTING_DATE;PIT_MEMBERSHIP_NOT_FULLY_VERIFIED,False,Candidate interval only. Not enabled for engine.
DEPO,,,,UNKNOWN,FIRST_PRICE_OBSERVATION_ONLY__NOT_LISTING_DATE,,UNKNOWN,OPEN_ENDED_CURRENT_DATASET__NOT_DELISTING,0,0,,,UNKNOWN,HIGH,LISTING_EVIDENCE_MISSING;DELISTING_STATUS_UNVERIFIED;FIRST_PRICE_IS_NOT_LISTING_DATE;PIT_MEMBERSHIP_NOT_FULLY_VERIFIED,False,Candidate interval only. Not enabled for engine.
DEWA,,,,UNKNOWN,FIRST_PRICE_OBSERVATION_ONLY__NOT_LISTING_DATE,,UNKNOWN,OPEN_ENDED_CURRENT_DATASET__NOT_DELISTING,0,0,,,UNKNOWN,HIGH,LISTING_EVIDENCE_MISSING;DELISTING_STATUS_UNVERIFIED;FIRST_PRICE_IS_NOT_LISTING_DATE;PIT_MEMBERSHIP_NOT_FULLY_VERIFIED,False,Candidate interval only. Not enabled for engine.
DEWI,,,,UNKNOWN,FIRST_PRICE_OBSERVATION_ONLY__NOT_LISTING_DATE,,UNKNOWN,OPEN_ENDED_CURRENT_DATASET__NOT_DELISTING,0,0,,,UNKNOWN,HIGH,LISTING_EVIDENCE_MISSING;DELISTING_STATUS_UNVERIFIED;FIRST_PRICE_IS_NOT_LISTING_DATE;PIT_MEMBERSHIP_NOT_FULLY_VERIFIED,False,Candidate interval only. Not enabled for engine.
DFAM,,,,UNKNOWN,FIRST_PRICE_OBSERVATION_ONLY__NOT_LISTING_DATE,,UNKNOWN,OPEN_ENDED_CURRENT_DATASET__NOT_DELISTING,0,0,,,UNKNOWN,HIGH,LISTING_EVIDENCE_MISSING;DELISTING_STATUS_UNVERIFIED;FIRST_PRICE_IS_NOT_LISTING_DATE;PIT_MEMBERSHIP_NOT_FULLY_VERIFIED,False,Candidate interval only. Not enabled for engine.
DGIK,,,,UNKNOWN,FIRST_PRICE_OBSERVATION_ONLY__NOT_LISTING_DATE,,UNKNOWN,OPEN_ENDED_CURRENT_DATASET__NOT_DELISTING,0,0,,,UNKNOWN,HIGH,LISTING_EVIDENCE_MISSING;DELISTING_STATUS_UNVERIFIED;FIRST_PRICE_IS_NOT_LISTING_DATE;PIT_MEMBERSHIP_NOT_FULLY_VERIFIED,False,Candidate interval only. Not enabled for engine.
DGNS,,,,UNKNOWN,FIRST_PRICE_OBSERVATION_ONLY__NOT_LISTING_DATE,,UNKNOWN,OPEN_ENDED_CURRENT_DATASET__NOT_DELISTING,0,0,,,UNKNOWN,HIGH,LISTING_EVIDENCE_MISSING;DELISTING_STATUS_UNVERIFIED;FIRST_PRICE_IS_NOT_LISTING_DATE;PIT_MEMBERSHIP_NOT_FULLY_VERIFIED,False,Candidate interval only. Not enabled for engine.
DGWG,,,,UNKNOWN,FIRST_PRICE_OBSERVATION_ONLY__NOT_LISTING_DATE,,UNKNOWN,OPEN_ENDED_CURRENT_DATASET__NOT_DELISTING,0,0,,,UNKNOWN,HIGH,LISTING_EVIDENCE_MISSING;DELISTING_STATUS_UNVERIFIED;FIRST_PRICE_IS_NOT_LISTING_DATE;PIT_MEMBERSHIP_NOT_FULLY_VERIFIED,False,Candidate interval only. Not enabled for engine.
DIGI,,,,UNKNOWN,FIRST_PRICE_OBSERVATION_ONLY__NOT_LISTING_DATE,,UNKNOWN,OPEN_ENDED_CURRENT_DATASET__NOT_DELISTING,0,0,,,UNKNOWN,HIGH,LISTING_EVIDENCE_MISSING;DELISTING_STATUS_UNVERIFIED;FIRST_PRICE_IS_NOT_LISTING_DATE;PIT_MEMBERSHIP_NOT_FULLY_VERIFIED,False,Candidate interval only. Not enabled for engine.
DILD,,,,UNKNOWN,FIRST_PRICE_OBSERVATION_ONLY__NOT_LISTING_DATE,,UNKNOWN,OPEN_ENDED_CURRENT_DATASET__NOT_DELISTING,0,0,,,UNKNOWN,HIGH,LISTING_EVIDENCE_MISSING;DELISTING_STATUS_UNVERIFIED;FIRST_PRICE_IS_NOT_LISTING_DATE;PIT_MEMBERSHIP_NOT_FULLY_VERIFIED,False,Candidate interval only. Not enabled for engine.
DIVA,,,,UNKNOWN,FIRST_PRICE_OBSERVATION_ONLY__NOT_LISTING_DATE,,UNKNOWN,OPEN_ENDED_CURRENT_DATASET__NOT_DELISTING,0,0,,,UNKNOWN,HIGH,LISTING_EVIDENCE_MISSING;DELISTING_STATUS_UNVERIFIED;FIRST_PRICE_IS_NOT_LISTING_DATE;PIT_MEMBERSHIP_NOT_FULLY_VERIFIED,False,Candidate interval only. Not enabled for engine.
DKFT,,,,UNKNOWN,FIRST_PRICE_OBSERVATION_ONLY__NOT_LISTING_DATE,,UNKNOWN,OPEN_ENDED_CURRENT_DATASET__NOT_DELISTING,0,0,,,UNKNOWN,HIGH,LISTING_EVIDENCE_MISSING;DELISTING_STATUS_UNVERIFIED;FIRST_PRICE_IS_NOT_LISTING_DATE;PIT_MEMBERSHIP_NOT_FULLY_VERIFIED,False,Candidate interval only. Not enabled for engine.
DKHH,,,,UNKNOWN,FIRST_PRICE_OBSERVATION_ONLY__NOT_LISTING_DATE,,UNKNOWN,OPEN_ENDED_CURRENT_DATASET__NOT_DELISTING,0,0,,,UNKNOWN,HIGH,LISTING_EVIDENCE_MISSING;DELISTING_STATUS_UNVERIFIED;FIRST_PRICE_IS_NOT_LISTING_DATE;PIT_MEMBERSHIP_NOT_FULLY_VERIFIED,False,Candidate interval only. Not enabled for engine.
DLTA,,,,UNKNOWN,FIRST_PRICE_OBSERVATION_ONLY__NOT_LISTING_DATE,,UNKNOWN,OPEN_ENDED_CURRENT_DATASET__NOT_DELISTING,0,0,,,UNKNOWN,HIGH,LISTING_EVIDENCE_MISSING;DELISTING_STATUS_UNVERIFIED;FIRST_PRICE_IS_NOT_LISTING_DATE;PIT_MEMBERSHIP_NOT_FULLY_VERIFIED,False,Candidate interval only. Not enabled for engine.
DMAS,,,,UNKNOWN,FIRST_PRICE_OBSERVATION_ONLY__NOT_LISTING_DATE,,UNKNOWN,OPEN_ENDED_CURRENT_DATASET__NOT_DELISTING,0,0,,,UNKNOWN,HIGH,LISTING_EVIDENCE_MISSING;DELISTING_STATUS_UNVERIFIED;FIRST_PRICE_IS_NOT_LISTING_DATE;PIT_MEMBERSHIP_NOT_FULLY_VERIFIED,False,Candidate interval only. Not enabled for engine.
DMMX,,,,UNKNOWN,FIRST_PRICE_OBSERVATION_ONLY__NOT_LISTING_DATE,,UNKNOWN,OPEN_ENDED_CURRENT_DATASET__NOT_DELISTING,0,0,,,UNKNOWN,HIGH,LISTING_EVIDENCE_MISSING;DELISTING_STATUS_UNVERIFIED;FIRST_PRICE_IS_NOT_LISTING_DATE;PIT_MEMBERSHIP_NOT_FULLY_VERIFIED,False,Candidate interval only. Not enabled for engine.
DMND,,,,UNKNOWN,FIRST_PRICE_OBSERVATION_ONLY__NOT_LISTING_DATE,,UNKNOWN,OPEN_ENDED_CURRENT_DATASET__NOT_DELISTING,0,0,,,UNKNOWN,HIGH,LISTING_EVIDENCE_MISSING;DELISTING_STATUS_UNVERIFIED;FIRST_PRICE_IS_NOT_LISTING_DATE;PIT_MEMBERSHIP_NOT_FULLY_VERIFIED,False,Candidate interval only. Not enabled for engine.
DNAR,,,,UNKNOWN,FIRST_PRICE_OBSERVATION_ONLY__NOT_LISTING_DATE,,UNKNOWN,OPEN_ENDED_CURRENT_DATASET__NOT_DELISTING,0,0,,,UNKNOWN,HIGH,LISTING_EVIDENCE_MISSING;DELISTING_STATUS_UNVERIFIED;FIRST_PRICE_IS_NOT_LISTING_DATE;PIT_MEMBERSHIP_NOT_FULLY_VERIFIED,False,Candidate interval only. Not enabled for engine.
DNET,,,,UNKNOWN,FIRST_PRICE_OBSERVATION_ONLY__NOT_LISTING_DATE,,UNKNOWN,OPEN_ENDED_CURRENT_DATASET__NOT_DELISTING,0,0,,,UNKNOWN,HIGH,LISTING_EVIDENCE_MISSING;DELISTING_STATUS_UNVERIFIED;FIRST_PRICE_IS_NOT_LISTING_DATE;PIT_MEMBERSHIP_NOT_FULLY_VERIFIED,False,Candidate interval only. Not enabled for engine.
DOID,,,,UNKNOWN,FIRST_PRICE_OBSERVATION_ONLY__NOT_LISTING_DATE,,UNKNOWN,OPEN_ENDED_CURRENT_DATASET__NOT_DELISTING,0,0,,,UNKNOWN,HIGH,LISTING_EVIDENCE_MISSING;DELISTING_STATUS_UNVERIFIED;FIRST_PRICE_IS_NOT_LISTING_DATE;PIT_MEMBERSHIP_NOT_FULLY_VERIFIED,False,Candidate interval only. Not enabled for engine.
DOOH,,,,UNKNOWN,FIRST_PRICE_OBSERVATION_ONLY__NOT_LISTING_DATE,,UNKNOWN,OPEN_ENDED_CURRENT_DATASET__NOT_DELISTING,0,0,,,UNKNOWN,HIGH,LISTING_EVIDENCE_MISSING;DELISTING_STATUS_UNVERIFIED;FIRST_PRICE_IS_NOT_LISTING_DATE;PIT_MEMBERSHIP_NOT_FULLY_VERIFIED,False,Candidate interval only. Not enabled for engine.
DOSS,,,,UNKNOWN,FIRST_PRICE_OBSERVATION_ONLY__NOT_LISTING_DATE,,UNKNOWN,OPEN_ENDED_CURRENT_DATASET__NOT_DELISTING,0,0,,,UNKNOWN,HIGH,LISTING_EVIDENCE_MISSING;DELISTING_STATUS_UNVERIFIED;FIRST_PRICE_IS_NOT_LISTING_DATE;PIT_MEMBERSHIP_NOT_FULLY_VERIFIED,False,Candidate interval only. Not enabled for engine.
DPNS,,,,UNKNOWN,FIRST_PRICE_OBSERVATION_ONLY__NOT_LISTING_DATE,,UNKNOWN,OPEN_ENDED_CURRENT_DATASET__NOT_DELISTING,0,0,,,UNKNOWN,HIGH,LISTING_EVIDENCE_MISSING;DELISTING_STATUS_UNVERIFIED;FIRST_PRICE_IS_NOT_LISTING_DATE;PIT_MEMBERSHIP_NOT_FULLY_VERIFIED,False,Candidate interval only. Not enabled for engine.
DPUM,,,,UNKNOWN,FIRST_PRICE_OBSERVATION_ONLY__NOT_LISTING_DATE,,UNKNOWN,OPEN_ENDED_CURRENT_DATASET__NOT_DELISTING,0,0,,,UNKNOWN,HIGH,LISTING_EVIDENCE_MISSING;DELISTING_STATUS_UNVERIFIED;FIRST_PRICE_IS_NOT_LISTING_DATE;PIT_MEMBERSHIP_NOT_FULLY_VERIFIED,False,Candidate interval only. Not enabled for engine.
DRMA,,,,UNKNOWN,FIRST_PRICE_OBSERVATION_ONLY__NOT_LISTING_DATE,,UNKNOWN,OPEN_ENDED_CURRENT_DATASET__NOT_DELISTING,0,0,,,UNKNOWN,HIGH,LISTING_EVIDENCE_MISSING;DELISTING_STATUS_UNVERIFIED;FIRST_PRICE_IS_NOT_LISTING_DATE;PIT_MEMBERSHIP_NOT_FULLY_VERIFIED,False,Candidate interval only. Not enabled for engine.
DSFI,,,,UNKNOWN,FIRST_PRICE_OBSERVATION_ONLY__NOT_LISTING_DATE,,UNKNOWN,OPEN_ENDED_CURRENT_DATASET__NOT_DELISTING,0,0,,,UNKNOWN,HIGH,LISTING_EVIDENCE_MISSING;DELISTING_STATUS_UNVERIFIED;FIRST_PRICE_IS_NOT_LISTING_DATE;PIT_MEMBERSHIP_NOT_FULLY_VERIFIED,False,Candidate interval only. Not enabled for engine.
DSNG,,,,UNKNOWN,FIRST_PRICE_OBSERVATION_ONLY__NOT_LISTING_DATE,,UNKNOWN,OPEN_ENDED_CURRENT_DATASET__NOT_DELISTING,0,0,,,UNKNOWN,HIGH,LISTING_EVIDENCE_MISSING;DELISTING_STATUS_UNVERIFIED;FIRST_PRICE_IS_NOT_LISTING_DATE;PIT_MEMBERSHIP_NOT_FULLY_VERIFIED,False,Candidate interval only. Not enabled for engine.
DSSA,,,,UNKNOWN,FIRST_PRICE_OBSERVATION_ONLY__NOT_LISTING_DATE,,UNKNOWN,OPEN_ENDED_CURRENT_DATASET__NOT_DELISTING,0,0,,,UNKNOWN,HIGH,LISTING_EVIDENCE_MISSING;DELISTING_STATUS_UNVERIFIED;FIRST_PRICE_IS_NOT_LISTING_DATE;PIT_MEMBERSHIP_NOT_FULLY_VERIFIED,False,Candidate interval only. Not enabled for engine.
DUTI,,,,UNKNOWN,FIRST_PRICE_OBSERVATION_ONLY__NOT_LISTING_DATE,,UNKNOWN,OPEN_ENDED_CURRENT_DATASET__NOT_DELISTING,0,0,,,UNKNOWN,HIGH,LISTING_EVIDENCE_MISSING;DELISTING_STATUS_UNVERIFIED;FIRST_PRICE_IS_NOT_LISTING_DATE;PIT_MEMBERSHIP_NOT_FULLY_VERIFIED,False,Candidate interval only. Not enabled for engine.
DVLA,,,,UNKNOWN,FIRST_PRICE_OBSERVATION_ONLY__NOT_LISTING_DATE,,UNKNOWN,OPEN_ENDED_CURRENT_DATASET__NOT_DELISTING,0,0,,,UNKNOWN,HIGH,LISTING_EVIDENCE_MISSING;DELISTING_STATUS_UNVERIFIED;FIRST_PRICE_IS_NOT_LISTING_DATE;PIT_MEMBERSHIP_NOT_FULLY_VERIFIED,False,Candidate interval only. Not enabled for engine.
DWGL,,,,UNKNOWN,FIRST_PRICE_OBSERVATION_ONLY__NOT_LISTING_DATE,,UNKNOWN,OPEN_ENDED_CURRENT_DATASET__NOT_DELISTING,0,0,,,UNKNOWN,HIGH,LISTING_EVIDENCE_MISSING;DELISTING_STATUS_UNVERIFIED;FIRST_PRICE_IS_NOT_LISTING_DATE;PIT_MEMBERSHIP_NOT_FULLY_VERIFIED,False,Candidate interval only. Not enabled for engine.
DYAN,,,,UNKNOWN,FIRST_PRICE_OBSERVATION_ONLY__NOT_LISTING_DATE,,UNKNOWN,OPEN_ENDED_CURRENT_DATASET__NOT_DELISTING,0,0,,,UNKNOWN,HIGH,LISTING_EVIDENCE_MISSING;DELISTING_STATUS_UNVERIFIED;FIRST_PRICE_IS_NOT_LISTING_DATE;PIT_MEMBERSHIP_NOT_FULLY_VERIFIED,False,Candidate interval only. Not enabled for engine.
EAST,,,,UNKNOWN,FIRST_PRICE_OBSERVATION_ONLY__NOT_LISTING_DATE,,UNKNOWN,OPEN_ENDED_CURRENT_DATASET__NOT_DELISTING,0,0,,,UNKNOWN,HIGH,LISTING_EVIDENCE_MISSING;DELISTING_STATUS_UNVERIFIED;FIRST_PRICE_IS_NOT_LISTING_DATE;PIT_MEMBERSHIP_NOT_FULLY_VERIFIED,False,Candidate interval only. Not enabled for engine.
ECII,,,,UNKNOWN,FIRST_PRICE_OBSERVATION_ONLY__NOT_LISTING_DATE,,UNKNOWN,OPEN_ENDED_CURRENT_DATASET__NOT_DELISTING,0,0,,,UNKNOWN,HIGH,LISTING_EVIDENCE_MISSING;DELISTING_STATUS_UNVERIFIED;FIRST_PRICE_IS_NOT_LISTING_DATE;PIT_MEMBERSHIP_NOT_FULLY_VERIFIED,False,Candidate interval only. Not enabled for engine.
EDGE,,,,UNKNOWN,FIRST_PRICE_OBSERVATION_ONLY__NOT_LISTING_DATE,,UNKNOWN,OPEN_ENDED_CURRENT_DATASET__NOT_DELISTING,0,0,,,UNKNOWN,HIGH,LISTING_EVIDENCE_MISSING;DELISTING_STATUS_UNVERIFIED;FIRST_PRICE_IS_NOT_LISTING_DATE;PIT_MEMBERSHIP_NOT_FULLY_VERIFIED,False,Candidate interval only. Not enabled for engine.
EKAD,,,,UNKNOWN,FIRST_PRICE_OBSERVATION_ONLY__NOT_LISTING_DATE,,UNKNOWN,OPEN_ENDED_CURRENT_DATASET__NOT_DELISTING,0,0,,,UNKNOWN,HIGH,LISTING_EVIDENCE_MISSING;DELISTING_STATUS_UNVERIFIED;FIRST_PRICE_IS_NOT_LISTING_DATE;PIT_MEMBERSHIP_NOT_FULLY_VERIFIED,False,Candidate interval only. Not enabled for engine.
ELIT,,,,UNKNOWN,FIRST_PRICE_OBSERVATION_ONLY__NOT_LISTING_DATE,,UNKNOWN,OPEN_ENDED_CURRENT_DATASET__NOT_DELISTING,0,0,,,UNKNOWN,HIGH,LISTING_EVIDENCE_MISSING;DELISTING_STATUS_UNVERIFIED;FIRST_PRICE_IS_NOT_LISTING_DATE;PIT_MEMBERSHIP_NOT_FULLY_VERIFIED,False,Candidate interval only. Not enabled for engine.
ELPI,,,,UNKNOWN,FIRST_PRICE_OBSERVATION_ONLY__NOT_LISTING_DATE,,UNKNOWN,OPEN_ENDED_CURRENT_DATASET__NOT_DELISTING,0,0,,,UNKNOWN,HIGH,LISTING_EVIDENCE_MISSING;DELISTING_STATUS_UNVERIFIED;FIRST_PRICE_IS_NOT_LISTING_DATE;PIT_MEMBERSHIP_NOT_FULLY_VERIFIED,False,Candidate interval only. Not enabled for engine.
ELSA,,,,UNKNOWN,FIRST_PRICE_OBSERVATION_ONLY__NOT_LISTING_DATE,,UNKNOWN,OPEN_ENDED_CURRENT_DATASET__NOT_DELISTING,0,0,,,UNKNOWN,HIGH,LISTING_EVIDENCE_MISSING;DELISTING_STATUS_UNVERIFIED;FIRST_PRICE_IS_NOT_LISTING_DATE;PIT_MEMBERSHIP_NOT_FULLY_VERIFIED,False,Candidate interval only. Not enabled for engine.
ELTY,,,,UNKNOWN,FIRST_PRICE_OBSERVATION_ONLY__NOT_LISTING_DATE,,UNKNOWN,OPEN_ENDED_CURRENT_DATASET__NOT_DELISTING,0,0,,,UNKNOWN,HIGH,LISTING_EVIDENCE_MISSING;DELISTING_STATUS_UNVERIFIED;FIRST_PRICE_IS_NOT_LISTING_DATE;PIT_MEMBERSHIP_NOT_FULLY_VERIFIED,False,Candidate interval only. Not enabled for engine.
EMAS,,,,UNKNOWN,FIRST_PRICE_OBSERVATION_ONLY__NOT_LISTING_DATE,,UNKNOWN,OPEN_ENDED_CURRENT_DATASET__NOT_DELISTING,0,0,,,UNKNOWN,HIGH,LISTING_EVIDENCE_MISSING;DELISTING_STATUS_UNVERIFIED;FIRST_PRICE_IS_NOT_LISTING_DATE;PIT_MEMBERSHIP_NOT_FULLY_VERIFIED,False,Candidate interval only. Not enabled for engine.
EMDE,,,,UNKNOWN,FIRST_PRICE_OBSERVATION_ONLY__NOT_LISTING_DATE,,UNKNOWN,OPEN_ENDED_CURRENT_DATASET__NOT_DELISTING,0,0,,,UNKNOWN,HIGH,LISTING_EVIDENCE_MISSING;DELISTING_STATUS_UNVERIFIED;FIRST_PRICE_IS_NOT_LISTING_DATE;PIT_MEMBERSHIP_NOT_FULLY_VERIFIED,False,Candidate interval only. Not enabled for engine.
EMTK,,,,UNKNOWN,FIRST_PRICE_OBSERVATION_ONLY__NOT_LISTING_DATE,,UNKNOWN,OPEN_ENDED_CURRENT_DATASET__NOT_DELISTING,0,0,,,UNKNOWN,HIGH,LISTING_EVIDENCE_MISSING;DELISTING_STATUS_UNVERIFIED;FIRST_PRICE_IS_NOT_LISTING_DATE;PIT_MEMBERSHIP_NOT_FULLY_VERIFIED,False,Candidate interval only. Not enabled for engine.
ENAK,,,,UNKNOWN,FIRST_PRICE_OBSERVATION_ONLY__NOT_LISTING_DATE,,UNKNOWN,OPEN_ENDED_CURRENT_DATASET__NOT_DELISTING,0,0,,,UNKNOWN,HIGH,LISTING_EVIDENCE_MISSING;DELISTING_STATUS_UNVERIFIED;FIRST_PRICE_IS_NOT_LISTING_DATE;PIT_MEMBERSHIP_NOT_FULLY_VERIFIED,False,Candidate interval only. Not enabled for engine.
ENRG,,,,UNKNOWN,FIRST_PRICE_OBSERVATION_ONLY__NOT_LISTING_DATE,,UNKNOWN,OPEN_ENDED_CURRENT_DATASET__NOT_DELISTING,0,0,,,UNKNOWN,HIGH,LISTING_EVIDENCE_MISSING;DELISTING_STATUS_UNVERIFIED;FIRST_PRICE_IS_NOT_LISTING_DATE;PIT_MEMBERSHIP_NOT_FULLY_VERIFIED,False,Candidate interval only. Not enabled for engine.
ENZO,,,,UNKNOWN,FIRST_PRICE_OBSERVATION_ONLY__NOT_LISTING_DATE,,UNKNOWN,OPEN_ENDED_CURRENT_DATASET__NOT_DELISTING,0,0,,,UNKNOWN,HIGH,LISTING_EVIDENCE_MISSING;DELISTING_STATUS_UNVERIFIED;FIRST_PRICE_IS_NOT_LISTING_DATE;PIT_MEMBERSHIP_NOT_FULLY_VERIFIED,False,Candidate interval only. Not enabled for engine.
EPAC,,,,UNKNOWN,FIRST_PRICE_OBSERVATION_ONLY__NOT_LISTING_DATE,,UNKNOWN,OPEN_ENDED_CURRENT_DATASET__NOT_DELISTING,0,0,,,UNKNOWN,HIGH,LISTING_EVIDENCE_MISSING;DELISTING_STATUS_UNVERIFIED;FIRST_PRICE_IS_NOT_LISTING_DATE;PIT_MEMBERSHIP_NOT_FULLY_VERIFIED,False,Candidate interval only. Not enabled for engine.
EPMT,,,,UNKNOWN,FIRST_PRICE_OBSERVATION_ONLY__NOT_LISTING_DATE,,UNKNOWN,OPEN_ENDED_CURRENT_DATASET__NOT_DELISTING,0,0,,,UNKNOWN,HIGH,LISTING_EVIDENCE_MISSING;DELISTING_STATUS_UNVERIFIED;FIRST_PRICE_IS_NOT_LISTING_DATE;PIT_MEMBERSHIP_NOT_FULLY_VERIFIED,False,Candidate interval only. Not enabled for engine.
ERAA,,,,UNKNOWN,FIRST_PRICE_OBSERVATION_ONLY__NOT_LISTING_DATE,,UNKNOWN,OPEN_ENDED_CURRENT_DATASET__NOT_DELISTING,0,0,,,UNKNOWN,HIGH,LISTING_EVIDENCE_MISSING;DELISTING_STATUS_UNVERIFIED;FIRST_PRICE_IS_NOT_LISTING_DATE;PIT_MEMBERSHIP_NOT_FULLY_VERIFIED,False,Candidate interval only. Not enabled for engine.
ERAL,,,,UNKNOWN,FIRST_PRICE_OBSERVATION_ONLY__NOT_LISTING_DATE,,UNKNOWN,OPEN_ENDED_CURRENT_DATASET__NOT_DELISTING,0,0,,,UNKNOWN,HIGH,LISTING_EVIDENCE_MISSING;DELISTING_STATUS_UNVERIFIED;FIRST_PRICE_IS_NOT_LISTING_DATE;PIT_MEMBERSHIP_NOT_FULLY_VERIFIED,False,Candidate interval only. Not enabled for engine.
ERTX,,,,UNKNOWN,FIRST_PRICE_OBSERVATION_ONLY__NOT_LISTING_DATE,,UNKNOWN,OPEN_ENDED_CURRENT_DATASET__NOT_DELISTING,0,0,,,UNKNOWN,HIGH,LISTING_EVIDENCE_MISSING;DELISTING_STATUS_UNVERIFIED;FIRST_PRICE_IS_NOT_LISTING_DATE;PIT_MEMBERSHIP_NOT_FULLY_VERIFIED,False,Candidate interval only. Not enabled for engine.
ESIP,,,,UNKNOWN,FIRST_PRICE_OBSERVATION_ONLY__NOT_LISTING_DATE,,UNKNOWN,OPEN_ENDED_CURRENT_DATASET__NOT_DELISTING,0,0,,,UNKNOWN,HIGH,LISTING_EVIDENCE_MISSING;DELISTING_STATUS_UNVERIFIED;FIRST_PRICE_IS_NOT_LISTING_DATE;PIT_MEMBERSHIP_NOT_FULLY_VERIFIED,False,Candidate interval only. Not enabled for engine.
ESSA,,,,UNKNOWN,FIRST_PRICE_OBSERVATION_ONLY__NOT_LISTING_DATE,,UNKNOWN,OPEN_ENDED_CURRENT_DATASET__NOT_DELISTING,0,0,,,UNKNOWN,HIGH,LISTING_EVIDENCE_MISSING;DELISTING_STATUS_UNVERIFIED;FIRST_PRICE_IS_NOT_LISTING_DATE;PIT_MEMBERSHIP_NOT_FULLY_VERIFIED,False,Candidate interval only. Not enabled for engine.
ESTA,,,,UNKNOWN,FIRST_PRICE_OBSERVATION_ONLY__NOT_LISTING_DATE,,UNKNOWN,OPEN_ENDED_CURRENT_DATASET__NOT_DELISTING,0,0,,,UNKNOWN,HIGH,LISTING_EVIDENCE_MISSING;DELISTING_STATUS_UNVERIFIED;FIRST_PRICE_IS_NOT_LISTING_DATE;PIT_MEMBERSHIP_NOT_FULLY_VERIFIED,False,Candidate interval only. Not enabled for engine.
ESTI,,,,UNKNOWN,FIRST_PRICE_OBSERVATION_ONLY__NOT_LISTING_DATE,,UNKNOWN,OPEN_ENDED_CURRENT_DATASET__NOT_DELISTING,0,0,,,UNKNOWN,HIGH,LISTING_EVIDENCE_MISSING;DELISTING_STATUS_UNVERIFIED;FIRST_PRICE_IS_NOT_LISTING_DATE;PIT_MEMBERSHIP_NOT_FULLY_VERIFIED,False,Candidate interval only. Not enabled for engine.
ETWA,,,,UNKNOWN,FIRST_PRICE_OBSERVATION_ONLY__NOT_LISTING_DATE,,UNKNOWN,OPEN_ENDED_CURRENT_DATASET__NOT_DELISTING,0,0,,,UNKNOWN,HIGH,LISTING_EVIDENCE_MISSING;DELISTING_STATUS_UNVERIFIED;FIRST_PRICE_IS_NOT_LISTING_DATE;PIT_MEMBERSHIP_NOT_FULLY_VERIFIED,False,Candidate interval only. Not enabled for engine.
EURO,,,,UNKNOWN,FIRST_PRICE_OBSERVATION_ONLY__NOT_LISTING_DATE,,UNKNOWN,OPEN_ENDED_CURRENT_DATASET__NOT_DELISTING,0,0,,,UNKNOWN,HIGH,LISTING_EVIDENCE_MISSING;DELISTING_STATUS_UNVERIFIED;FIRST_PRICE_IS_NOT_LISTING_DATE;PIT_MEMBERSHIP_NOT_FULLY_VERIFIED,False,Candidate interval only. Not enabled for engine.
EXCL,,,,UNKNOWN,FIRST_PRICE_OBSERVATION_ONLY__NOT_LISTING_DATE,,UNKNOWN,OPEN_ENDED_CURRENT_DATASET__NOT_DELISTING,0,0,,,UNKNOWN,HIGH,LISTING_EVIDENCE_MISSING;DELISTING_STATUS_UNVERIFIED;FIRST_PRICE_IS_NOT_LISTING_DATE;PIT_MEMBERSHIP_NOT_FULLY_VERIFIED,False,Candidate interval only. Not enabled for engine.
FAPA,,,,UNKNOWN,FIRST_PRICE_OBSERVATION_ONLY__NOT_LISTING_DATE,,UNKNOWN,OPEN_ENDED_CURRENT_DATASET__NOT_DELISTING,0,0,,,UNKNOWN,HIGH,LISTING_EVIDENCE_MISSING;DELISTING_STATUS_UNVERIFIED;FIRST_PRICE_IS_NOT_LISTING_DATE;PIT_MEMBERSHIP_NOT_FULLY_VERIFIED,False,Candidate interval only. Not enabled for engine.
FAST,,,,UNKNOWN,FIRST_PRICE_OBSERVATION_ONLY__NOT_LISTING_DATE,,UNKNOWN,OPEN_ENDED_CURRENT_DATASET__NOT_DELISTING,0,0,,,UNKNOWN,HIGH,LISTING_EVIDENCE_MISSING;DELISTING_STATUS_UNVERIFIED;FIRST_PRICE_IS_NOT_LISTING_DATE;PIT_MEMBERSHIP_NOT_FULLY_VERIFIED,False,Candidate interval only. Not enabled for engine.
FASW,,,,UNKNOWN,FIRST_PRICE_OBSERVATION_ONLY__NOT_LISTING_DATE,,UNKNOWN,OPEN_ENDED_CURRENT_DATASET__NOT_DELISTING,0,0,,,UNKNOWN,HIGH,LISTING_EVIDENCE_MISSING;DELISTING_STATUS_UNVERIFIED;FIRST_PRICE_IS_NOT_LISTING_DATE;PIT_MEMBERSHIP_NOT_FULLY_VERIFIED,False,Candidate interval only. Not enabled for engine.
FILM,,,,UNKNOWN,FIRST_PRICE_OBSERVATION_ONLY__NOT_LISTING_DATE,,UNKNOWN,OPEN_ENDED_CURRENT_DATASET__NOT_DELISTING,0,0,,,UNKNOWN,HIGH,LISTING_EVIDENCE_MISSING;DELISTING_STATUS_UNVERIFIED;FIRST_PRICE_IS_NOT_LISTING_DATE;PIT_MEMBERSHIP_NOT_FULLY_VERIFIED,False,Candidate interval only. Not enabled for engine.
FIMP,,,,UNKNOWN,FIRST_PRICE_OBSERVATION_ONLY__NOT_LISTING_DATE,,UNKNOWN,OPEN_ENDED_CURRENT_DATASET__NOT_DELISTING,0,0,,,UNKNOWN,HIGH,LISTING_EVIDENCE_MISSING;DELISTING_STATUS_UNVERIFIED;FIRST_PRICE_IS_NOT_LISTING_DATE;PIT_MEMBERSHIP_NOT_FULLY_VERIFIED,False,Candidate interval only. Not enabled for engine.
FIRE,,,,UNKNOWN,FIRST_PRICE_OBSERVATION_ONLY__NOT_LISTING_DATE,,UNKNOWN,OPEN_ENDED_CURRENT_DATASET__NOT_DELISTING,0,0,,,UNKNOWN,HIGH,LISTING_EVIDENCE_MISSING;DELISTING_STATUS_UNVERIFIED;FIRST_PRICE_IS_NOT_LISTING_DATE;PIT_MEMBERSHIP_NOT_FULLY_VERIFIED,False,Candidate interval only. Not enabled for engine.
FISH,,,,UNKNOWN,FIRST_PRICE_OBSERVATION_ONLY__NOT_LISTING_DATE,,UNKNOWN,OPEN_ENDED_CURRENT_DATASET__NOT_DELISTING,0,0,,,UNKNOWN,HIGH,LISTING_EVIDENCE_MISSING;DELISTING_STATUS_UNVERIFIED;FIRST_PRICE_IS_NOT_LISTING_DATE;PIT_MEMBERSHIP_NOT_FULLY_VERIFIED,False,Candidate interval only. Not enabled for engine.
FITT,,,,UNKNOWN,FIRST_PRICE_OBSERVATION_ONLY__NOT_LISTING_DATE,,UNKNOWN,OPEN_ENDED_CURRENT_DATASET__NOT_DELISTING,0,0,,,UNKNOWN,HIGH,LISTING_EVIDENCE_MISSING;DELISTING_STATUS_UNVERIFIED;FIRST_PRICE_IS_NOT_LISTING_DATE;PIT_MEMBERSHIP_NOT_FULLY_VERIFIED,False,Candidate interval only. Not enabled for engine.
FLMC,,,,UNKNOWN,FIRST_PRICE_OBSERVATION_ONLY__NOT_LISTING_DATE,,UNKNOWN,OPEN_ENDED_CURRENT_DATASET__NOT_DELISTING,0,0,,,UNKNOWN,HIGH,LISTING_EVIDENCE_MISSING;DELISTING_STATUS_UNVERIFIED;FIRST_PRICE_IS_NOT_LISTING_DATE;PIT_MEMBERSHIP_NOT_FULLY_VERIFIED,False,Candidate interval only. Not enabled for engine.
FMII,,,,UNKNOWN,FIRST_PRICE_OBSERVATION_ONLY__NOT_LISTING_DATE,,UNKNOWN,OPEN_ENDED_CURRENT_DATASET__NOT_DELISTING,0,0,,,UNKNOWN,HIGH,LISTING_EVIDENCE_MISSING;DELISTING_STATUS_UNVERIFIED;FIRST_PRICE_IS_NOT_LISTING_DATE;PIT_MEMBERSHIP_NOT_FULLY_VERIFIED,False,Candidate interval only. Not enabled for engine.
FOLK,,,,UNKNOWN,FIRST_PRICE_OBSERVATION_ONLY__NOT_LISTING_DATE,,UNKNOWN,OPEN_ENDED_CURRENT_DATASET__NOT_DELISTING,0,0,,,UNKNOWN,HIGH,LISTING_EVIDENCE_MISSING;DELISTING_STATUS_UNVERIFIED;FIRST_PRICE_IS_NOT_LISTING_DATE;PIT_MEMBERSHIP_NOT_FULLY_VERIFIED,False,Candidate interval only. Not enabled for engine.
FOOD,,,,UNKNOWN,FIRST_PRICE_OBSERVATION_ONLY__NOT_LISTING_DATE,,UNKNOWN,OPEN_ENDED_CURRENT_DATASET__NOT_DELISTING,0,0,,,UNKNOWN,HIGH,LISTING_EVIDENCE_MISSING;DELISTING_STATUS_UNVERIFIED;FIRST_PRICE_IS_NOT_LISTING_DATE;PIT_MEMBERSHIP_NOT_FULLY_VERIFIED,False,Candidate interval only. Not enabled for engine.
FORE,,,,UNKNOWN,FIRST_PRICE_OBSERVATION_ONLY__NOT_LISTING_DATE,,UNKNOWN,OPEN_ENDED_CURRENT_DATASET__NOT_DELISTING,0,0,,,UNKNOWN,HIGH,LISTING_EVIDENCE_MISSING;DELISTING_STATUS_UNVERIFIED;FIRST_PRICE_IS_NOT_LISTING_DATE;PIT_MEMBERSHIP_NOT_FULLY_VERIFIED,False,Candidate interval only. Not enabled for engine.
FORU,,,,UNKNOWN,FIRST_PRICE_OBSERVATION_ONLY__NOT_LISTING_DATE,,UNKNOWN,OPEN_ENDED_CURRENT_DATASET__NOT_DELISTING,0,0,,,UNKNOWN,HIGH,LISTING_EVIDENCE_MISSING;DELISTING_STATUS_UNVERIFIED;FIRST_PRICE_IS_NOT_LISTING_DATE;PIT_MEMBERSHIP_NOT_FULLY_VERIFIED,False,Candidate interval only. Not enabled for engine.
FPNI,,,,UNKNOWN,FIRST_PRICE_OBSERVATION_ONLY__NOT_LISTING_DATE,,UNKNOWN,OPEN_ENDED_CURRENT_DATASET__NOT_DELISTING,0,0,,,UNKNOWN,HIGH,LISTING_EVIDENCE_MISSING;DELISTING_STATUS_UNVERIFIED;FIRST_PRICE_IS_NOT_LISTING_DATE;PIT_MEMBERSHIP_NOT_FULLY_VERIFIED,False,Candidate interval only. Not enabled for engine.
FUJI,,,,UNKNOWN,FIRST_PRICE_OBSERVATION_ONLY__NOT_LISTING_DATE,,UNKNOWN,OPEN_ENDED_CURRENT_DATASET__NOT_DELISTING,0,0,,,UNKNOWN,HIGH,LISTING_EVIDENCE_MISSING;DELISTING_STATUS_UNVERIFIED;FIRST_PRICE_IS_NOT_LISTING_DATE;PIT_MEMBERSHIP_NOT_FULLY_VERIFIED,False,Candidate interval only. Not enabled for engine.
FUTR,,,,UNKNOWN,FIRST_PRICE_OBSERVATION_ONLY__NOT_LISTING_DATE,,UNKNOWN,OPEN_ENDED_CURRENT_DATASET__NOT_DELISTING,0,0,,,UNKNOWN,HIGH,LISTING_EVIDENCE_MISSING;DELISTING_STATUS_UNVERIFIED;FIRST_PRICE_IS_NOT_LISTING_DATE;PIT_MEMBERSHIP_NOT_FULLY_VERIFIED,False,Candidate interval only. Not enabled for engine.
FWCT,,,,UNKNOWN,FIRST_PRICE_OBSERVATION_ONLY__NOT_LISTING_DATE,,UNKNOWN,OPEN_ENDED_CURRENT_DATASET__NOT_DELISTING,0,0,,,UNKNOWN,HIGH,LISTING_EVIDENCE_MISSING;DELISTING_STATUS_UNVERIFIED;FIRST_PRICE_IS_NOT_LISTING_DATE;PIT_MEMBERSHIP_NOT_FULLY_VERIFIED,False,Candidate interval only. Not enabled for engine.
GDST,,,,UNKNOWN,FIRST_PRICE_OBSERVATION_ONLY__NOT_LISTING_DATE,,UNKNOWN,OPEN_ENDED_CURRENT_DATASET__NOT_DELISTING,0,0,,,UNKNOWN,HIGH,LISTING_EVIDENCE_MISSING;DELISTING_STATUS_UNVERIFIED;FIRST_PRICE_IS_NOT_LISTING_DATE;PIT_MEMBERSHIP_NOT_FULLY_VERIFIED,False,Candidate interval only. Not enabled for engine.
GDYR,,,,UNKNOWN,FIRST_PRICE_OBSERVATION_ONLY__NOT_LISTING_DATE,,UNKNOWN,OPEN_ENDED_CURRENT_DATASET__NOT_DELISTING,0,0,,,UNKNOWN,HIGH,LISTING_EVIDENCE_MISSING;DELISTING_STATUS_UNVERIFIED;FIRST_PRICE_IS_NOT_LISTING_DATE;PIT_MEMBERSHIP_NOT_FULLY_VERIFIED,False,Candidate interval only. Not enabled for engine.
GEMA,,,,UNKNOWN,FIRST_PRICE_OBSERVATION_ONLY__NOT_LISTING_DATE,,UNKNOWN,OPEN_ENDED_CURRENT_DATASET__NOT_DELISTING,0,0,,,UNKNOWN,HIGH,LISTING_EVIDENCE_MISSING;DELISTING_STATUS_UNVERIFIED;FIRST_PRICE_IS_NOT_LISTING_DATE;PIT_MEMBERSHIP_NOT_FULLY_VERIFIED,False,Candidate interval only. Not enabled for engine.
GEMS,,,,UNKNOWN,FIRST_PRICE_OBSERVATION_ONLY__NOT_LISTING_DATE,,UNKNOWN,OPEN_ENDED_CURRENT_DATASET__NOT_DELISTING,0,0,,,UNKNOWN,HIGH,LISTING_EVIDENCE_MISSING;DELISTING_STATUS_UNVERIFIED;FIRST_PRICE_IS_NOT_LISTING_DATE;PIT_MEMBERSHIP_NOT_FULLY_VERIFIED,False,Candidate interval only. Not enabled for engine.
GGRM,,,,UNKNOWN,FIRST_PRICE_OBSERVATION_ONLY__NOT_LISTING_DATE,,UNKNOWN,OPEN_ENDED_CURRENT_DATASET__NOT_DELISTING,0,0,,,UNKNOWN,HIGH,LISTING_EVIDENCE_MISSING;DELISTING_STATUS_UNVERIFIED;FIRST_PRICE_IS_NOT_LISTING_DATE;PIT_MEMBERSHIP_NOT_FULLY_VERIFIED,False,Candidate interval only. Not enabled for engine.
GGRP,,,,UNKNOWN,FIRST_PRICE_OBSERVATION_ONLY__NOT_LISTING_DATE,,UNKNOWN,OPEN_ENDED_CURRENT_DATASET__NOT_DELISTING,0,0,,,UNKNOWN,HIGH,LISTING_EVIDENCE_MISSING;DELISTING_STATUS_UNVERIFIED;FIRST_PRICE_IS_NOT_LISTING_DATE;PIT_MEMBERSHIP_NOT_FULLY_VERIFIED,False,Candidate interval only. Not enabled for engine.
GHON,,,,UNKNOWN,FIRST_PRICE_OBSERVATION_ONLY__NOT_LISTING_DATE,,UNKNOWN,OPEN_ENDED_CURRENT_DATASET__NOT_DELISTING,0,0,,,UNKNOWN,HIGH,LISTING_EVIDENCE_MISSING;DELISTING_STATUS_UNVERIFIED;FIRST_PRICE_IS_NOT_LISTING_DATE;PIT_MEMBERSHIP_NOT_FULLY_VERIFIED,False,Candidate interval only. Not enabled for engine.
GIAA,,,,UNKNOWN,FIRST_PRICE_OBSERVATION_ONLY__NOT_LISTING_DATE,,UNKNOWN,OPEN_ENDED_CURRENT_DATASET__NOT_DELISTING,0,0,,,UNKNOWN,HIGH,LISTING_EVIDENCE_MISSING;DELISTING_STATUS_UNVERIFIED;FIRST_PRICE_IS_NOT_LISTING_DATE;PIT_MEMBERSHIP_NOT_FULLY_VERIFIED,False,Candidate interval only. Not enabled for engine.
GJTL,,,,UNKNOWN,FIRST_PRICE_OBSERVATION_ONLY__NOT_LISTING_DATE,,UNKNOWN,OPEN_ENDED_CURRENT_DATASET__NOT_DELISTING,0,0,,,UNKNOWN,HIGH,LISTING_EVIDENCE_MISSING;DELISTING_STATUS_UNVERIFIED;FIRST_PRICE_IS_NOT_LISTING_DATE;PIT_MEMBERSHIP_NOT_FULLY_VERIFIED,False,Candidate interval only. Not enabled for engine.
GLOB,,,,UNKNOWN,FIRST_PRICE_OBSERVATION_ONLY__NOT_LISTING_DATE,,UNKNOWN,OPEN_ENDED_CURRENT_DATASET__NOT_DELISTING,0,0,,,UNKNOWN,HIGH,LISTING_EVIDENCE_MISSING;DELISTING_STATUS_UNVERIFIED;FIRST_PRICE_IS_NOT_LISTING_DATE;PIT_MEMBERSHIP_NOT_FULLY_VERIFIED,False,Candidate interval only. Not enabled for engine.
GLVA,,,,UNKNOWN,FIRST_PRICE_OBSERVATION_ONLY__NOT_LISTING_DATE,,UNKNOWN,OPEN_ENDED_CURRENT_DATASET__NOT_DELISTING,0,0,,,UNKNOWN,HIGH,LISTING_EVIDENCE_MISSING;DELISTING_STATUS_UNVERIFIED;FIRST_PRICE_IS_NOT_LISTING_DATE;PIT_MEMBERSHIP_NOT_FULLY_VERIFIED,False,Candidate interval only. Not enabled for engine.
GMFI,,,,UNKNOWN,FIRST_PRICE_OBSERVATION_ONLY__NOT_LISTING_DATE,,UNKNOWN,OPEN_ENDED_CURRENT_DATASET__NOT_DELISTING,0,0,,,UNKNOWN,HIGH,LISTING_EVIDENCE_MISSING;DELISTING_STATUS_UNVERIFIED;FIRST_PRICE_IS_NOT_LISTING_DATE;PIT_MEMBERSHIP_NOT_FULLY_VERIFIED,False,Candidate interval only. Not enabled for engine.
GMTD,,,,UNKNOWN,FIRST_PRICE_OBSERVATION_ONLY__NOT_LISTING_DATE,,UNKNOWN,OPEN_ENDED_CURRENT_DATASET__NOT_DELISTING,0,0,,,UNKNOWN,HIGH,LISTING_EVIDENCE_MISSING;DELISTING_STATUS_UNVERIFIED;FIRST_PRICE_IS_NOT_LISTING_DATE;PIT_MEMBERSHIP_NOT_FULLY_VERIFIED,False,Candidate interval only. Not enabled for engine.
GOLD,,,,UNKNOWN,FIRST_PRICE_OBSERVATION_ONLY__NOT_LISTING_DATE,,UNKNOWN,OPEN_ENDED_CURRENT_DATASET__NOT_DELISTING,0,0,,,UNKNOWN,HIGH,LISTING_EVIDENCE_MISSING;DELISTING_STATUS_UNVERIFIED;FIRST_PRICE_IS_NOT_LISTING_DATE;PIT_MEMBERSHIP_NOT_FULLY_VERIFIED,False,Candidate interval only. Not enabled for engine.
GOLF,,,,UNKNOWN,FIRST_PRICE_OBSERVATION_ONLY__NOT_LISTING_DATE,,UNKNOWN,OPEN_ENDED_CURRENT_DATASET__NOT_DELISTING,0,0,,,UNKNOWN,HIGH,LISTING_EVIDENCE_MISSING;DELISTING_STATUS_UNVERIFIED;FIRST_PRICE_IS_NOT_LISTING_DATE;PIT_MEMBERSHIP_NOT_FULLY_VERIFIED,False,Candidate interval only. Not enabled for engine.
GOOD,,,,UNKNOWN,FIRST_PRICE_OBSERVATION_ONLY__NOT_LISTING_DATE,,UNKNOWN,OPEN_ENDED_CURRENT_DATASET__NOT_DELISTING,0,0,,,UNKNOWN,HIGH,LISTING_EVIDENCE_MISSING;DELISTING_STATUS_UNVERIFIED;FIRST_PRICE_IS_NOT_LISTING_DATE;PIT_MEMBERSHIP_NOT_FULLY_VERIFIED,False,Candidate interval only. Not enabled for engine.
GOTO,,,,UNKNOWN,FIRST_PRICE_OBSERVATION_ONLY__NOT_LISTING_DATE,,UNKNOWN,OPEN_ENDED_CURRENT_DATASET__NOT_DELISTING,0,0,,,UNKNOWN,HIGH,LISTING_EVIDENCE_MISSING;DELISTING_STATUS_UNVERIFIED;FIRST_PRICE_IS_NOT_LISTING_DATE;PIT_MEMBERSHIP_NOT_FULLY_VERIFIED,False,Candidate interval only. Not enabled for engine.
GPRA,,,,UNKNOWN,FIRST_PRICE_OBSERVATION_ONLY__NOT_LISTING_DATE,,UNKNOWN,OPEN_ENDED_CURRENT_DATASET__NOT_DELISTING,0,0,,,UNKNOWN,HIGH,LISTING_EVIDENCE_MISSING;DELISTING_STATUS_UNVERIFIED;FIRST_PRICE_IS_NOT_LISTING_DATE;PIT_MEMBERSHIP_NOT_FULLY_VERIFIED,False,Candidate interval only. Not enabled for engine.
GPSO,,,,UNKNOWN,FIRST_PRICE_OBSERVATION_ONLY__NOT_LISTING_DATE,,UNKNOWN,OPEN_ENDED_CURRENT_DATASET__NOT_DELISTING,0,0,,,UNKNOWN,HIGH,LISTING_EVIDENCE_MISSING;DELISTING_STATUS_UNVERIFIED;FIRST_PRICE_IS_NOT_LISTING_DATE;PIT_MEMBERSHIP_NOT_FULLY_VERIFIED,False,Candidate interval only. Not enabled for engine.
GRIA,,,,UNKNOWN,FIRST_PRICE_OBSERVATION_ONLY__NOT_LISTING_DATE,,UNKNOWN,OPEN_ENDED_CURRENT_DATASET__NOT_DELISTING,0,0,,,UNKNOWN,HIGH,LISTING_EVIDENCE_MISSING;DELISTING_STATUS_UNVERIFIED;FIRST_PRICE_IS_NOT_LISTING_DATE;PIT_MEMBERSHIP_NOT_FULLY_VERIFIED,False,Candidate interval only. Not enabled for engine.
GRPH,,,,UNKNOWN,FIRST_PRICE_OBSERVATION_ONLY__NOT_LISTING_DATE,,UNKNOWN,OPEN_ENDED_CURRENT_DATASET__NOT_DELISTING,0,0,,,UNKNOWN,HIGH,LISTING_EVIDENCE_MISSING;DELISTING_STATUS_UNVERIFIED;FIRST_PRICE_IS_NOT_LISTING_DATE;PIT_MEMBERSHIP_NOT_FULLY_VERIFIED,False,Candidate interval only. Not enabled for engine.
GRPM,,,,UNKNOWN,FIRST_PRICE_OBSERVATION_ONLY__NOT_LISTING_DATE,,UNKNOWN,OPEN_ENDED_CURRENT_DATASET__NOT_DELISTING,0,0,,,UNKNOWN,HIGH,LISTING_EVIDENCE_MISSING;DELISTING_STATUS_UNVERIFIED;FIRST_PRICE_IS_NOT_LISTING_DATE;PIT_MEMBERSHIP_NOT_FULLY_VERIFIED,False,Candidate interval only. Not enabled for engine.
GSMF,,,,UNKNOWN,FIRST_PRICE_OBSERVATION_ONLY__NOT_LISTING_DATE,,UNKNOWN,OPEN_ENDED_CURRENT_DATASET__NOT_DELISTING,0,0,,,UNKNOWN,HIGH,LISTING_EVIDENCE_MISSING;DELISTING_STATUS_UNVERIFIED;FIRST_PRICE_IS_NOT_LISTING_DATE;PIT_MEMBERSHIP_NOT_FULLY_VERIFIED,False,Candidate interval only. Not enabled for engine.
GTBO,,,,UNKNOWN,FIRST_PRICE_OBSERVATION_ONLY__NOT_LISTING_DATE,,UNKNOWN,OPEN_ENDED_CURRENT_DATASET__NOT_DELISTING,0,0,,,UNKNOWN,HIGH,LISTING_EVIDENCE_MISSING;DELISTING_STATUS_UNVERIFIED;FIRST_PRICE_IS_NOT_LISTING_DATE;PIT_MEMBERSHIP_NOT_FULLY_VERIFIED,False,Candidate interval only. Not enabled for engine.
GTRA,,,,UNKNOWN,FIRST_PRICE_OBSERVATION_ONLY__NOT_LISTING_DATE,,UNKNOWN,OPEN_ENDED_CURRENT_DATASET__NOT_DELISTING,0,0,,,UNKNOWN,HIGH,LISTING_EVIDENCE_MISSING;DELISTING_STATUS_UNVERIFIED;FIRST_PRICE_IS_NOT_LISTING_DATE;PIT_MEMBERSHIP_NOT_FULLY_VERIFIED,False,Candidate interval only. Not enabled for engine.
GTSI,,,,UNKNOWN,FIRST_PRICE_OBSERVATION_ONLY__NOT_LISTING_DATE,,UNKNOWN,OPEN_ENDED_CURRENT_DATASET__NOT_DELISTING,0,0,,,UNKNOWN,HIGH,LISTING_EVIDENCE_MISSING;DELISTING_STATUS_UNVERIFIED;FIRST_PRICE_IS_NOT_LISTING_DATE;PIT_MEMBERSHIP_NOT_FULLY_VERIFIED,False,Candidate interval only. Not enabled for engine.
GULA,,,,UNKNOWN,FIRST_PRICE_OBSERVATION_ONLY__NOT_LISTING_DATE,,UNKNOWN,OPEN_ENDED_CURRENT_DATASET__NOT_DELISTING,0,0,,,UNKNOWN,HIGH,LISTING_EVIDENCE_MISSING;DELISTING_STATUS_UNVERIFIED;FIRST_PRICE_IS_NOT_LISTING_DATE;PIT_MEMBERSHIP_NOT_FULLY_VERIFIED,False,Candidate interval only. Not enabled for engine.
GUNA,,,,UNKNOWN,FIRST_PRICE_OBSERVATION_ONLY__NOT_LISTING_DATE,,UNKNOWN,OPEN_ENDED_CURRENT_DATASET__NOT_DELISTING,0,0,,,UNKNOWN,HIGH,LISTING_EVIDENCE_MISSING;DELISTING_STATUS_UNVERIFIED;FIRST_PRICE_IS_NOT_LISTING_DATE;PIT_MEMBERSHIP_NOT_FULLY_VERIFIED,False,Candidate interval only. Not enabled for engine.
GWSA,,,,UNKNOWN,FIRST_PRICE_OBSERVATION_ONLY__NOT_LISTING_DATE,,UNKNOWN,OPEN_ENDED_CURRENT_DATASET__NOT_DELISTING,0,0,,,UNKNOWN,HIGH,LISTING_EVIDENCE_MISSING;DELISTING_STATUS_UNVERIFIED;FIRST_PRICE_IS_NOT_LISTING_DATE;PIT_MEMBERSHIP_NOT_FULLY_VERIFIED,False,Candidate interval only. Not enabled for engine.
GZCO,,,,UNKNOWN,FIRST_PRICE_OBSERVATION_ONLY__NOT_LISTING_DATE,,UNKNOWN,OPEN_ENDED_CURRENT_DATASET__NOT_DELISTING,0,0,,,UNKNOWN,HIGH,LISTING_EVIDENCE_MISSING;DELISTING_STATUS_UNVERIFIED;FIRST_PRICE_IS_NOT_LISTING_DATE;PIT_MEMBERSHIP_NOT_FULLY_VERIFIED,False,Candidate interval only. Not enabled for engine.
HADE,,,,UNKNOWN,FIRST_PRICE_OBSERVATION_ONLY__NOT_LISTING_DATE,,UNKNOWN,OPEN_ENDED_CURRENT_DATASET__NOT_DELISTING,0,0,,,UNKNOWN,HIGH,LISTING_EVIDENCE_MISSING;DELISTING_STATUS_UNVERIFIED;FIRST_PRICE_IS_NOT_LISTING_DATE;PIT_MEMBERSHIP_NOT_FULLY_VERIFIED,False,Candidate interval only. Not enabled for engine.
HAIS,,,,UNKNOWN,FIRST_PRICE_OBSERVATION_ONLY__NOT_LISTING_DATE,,UNKNOWN,OPEN_ENDED_CURRENT_DATASET__NOT_DELISTING,0,0,,,UNKNOWN,HIGH,LISTING_EVIDENCE_MISSING;DELISTING_STATUS_UNVERIFIED;FIRST_PRICE_IS_NOT_LISTING_DATE;PIT_MEMBERSHIP_NOT_FULLY_VERIFIED,False,Candidate interval only. Not enabled for engine.
HAJJ,,,,UNKNOWN,FIRST_PRICE_OBSERVATION_ONLY__NOT_LISTING_DATE,,UNKNOWN,OPEN_ENDED_CURRENT_DATASET__NOT_DELISTING,0,0,,,UNKNOWN,HIGH,LISTING_EVIDENCE_MISSING;DELISTING_STATUS_UNVERIFIED;FIRST_PRICE_IS_NOT_LISTING_DATE;PIT_MEMBERSHIP_NOT_FULLY_VERIFIED,False,Candidate interval only. Not enabled for engine.
HALO,,,,UNKNOWN,FIRST_PRICE_OBSERVATION_ONLY__NOT_LISTING_DATE,,UNKNOWN,OPEN_ENDED_CURRENT_DATASET__NOT_DELISTING,0,0,,,UNKNOWN,HIGH,LISTING_EVIDENCE_MISSING;DELISTING_STATUS_UNVERIFIED;FIRST_PRICE_IS_NOT_LISTING_DATE;PIT_MEMBERSHIP_NOT_FULLY_VERIFIED,False,Candidate interval only. Not enabled for engine.
HATM,,,,UNKNOWN,FIRST_PRICE_OBSERVATION_ONLY__NOT_LISTING_DATE,,UNKNOWN,OPEN_ENDED_CURRENT_DATASET__NOT_DELISTING,0,0,,,UNKNOWN,HIGH,LISTING_EVIDENCE_MISSING;DELISTING_STATUS_UNVERIFIED;FIRST_PRICE_IS_NOT_LISTING_DATE;PIT_MEMBERSHIP_NOT_FULLY_VERIFIED,False,Candidate interval only. Not enabled for engine.
HBAT,,,,UNKNOWN,FIRST_PRICE_OBSERVATION_ONLY__NOT_LISTING_DATE,,UNKNOWN,OPEN_ENDED_CURRENT_DATASET__NOT_DELISTING,0,0,,,UNKNOWN,HIGH,LISTING_EVIDENCE_MISSING;DELISTING_STATUS_UNVERIFIED;FIRST_PRICE_IS_NOT_LISTING_DATE;PIT_MEMBERSHIP_NOT_FULLY_VERIFIED,False,Candidate interval only. Not enabled for engine.
HDFA,,,,UNKNOWN,FIRST_PRICE_OBSERVATION_ONLY__NOT_LISTING_DATE,,UNKNOWN,OPEN_ENDED_CURRENT_DATASET__NOT_DELISTING,0,0,,,UNKNOWN,HIGH,LISTING_EVIDENCE_MISSING;DELISTING_STATUS_UNVERIFIED;FIRST_PRICE_IS_NOT_LISTING_DATE;PIT_MEMBERSHIP_NOT_FULLY_VERIFIED,False,Candidate interval only. Not enabled for engine.
HDIT,,,,UNKNOWN,FIRST_PRICE_OBSERVATION_ONLY__NOT_LISTING_DATE,,UNKNOWN,OPEN_ENDED_CURRENT_DATASET__NOT_DELISTING,0,0,,,UNKNOWN,HIGH,LISTING_EVIDENCE_MISSING;DELISTING_STATUS_UNVERIFIED;FIRST_PRICE_IS_NOT_LISTING_DATE;PIT_MEMBERSHIP_NOT_FULLY_VERIFIED,False,Candidate interval only. Not enabled for engine.
HEAL,,,,UNKNOWN,FIRST_PRICE_OBSERVATION_ONLY__NOT_LISTING_DATE,,UNKNOWN,OPEN_ENDED_CURRENT_DATASET__NOT_DELISTING,0,0,,,UNKNOWN,HIGH,LISTING_EVIDENCE_MISSING;DELISTING_STATUS_UNVERIFIED;FIRST_PRICE_IS_NOT_LISTING_DATE;PIT_MEMBERSHIP_NOT_FULLY_VERIFIED,False,Candidate interval only. Not enabled for engine.
HELI,,,,UNKNOWN,FIRST_PRICE_OBSERVATION_ONLY__NOT_LISTING_DATE,,UNKNOWN,OPEN_ENDED_CURRENT_DATASET__NOT_DELISTING,0,0,,,UNKNOWN,HIGH,LISTING_EVIDENCE_MISSING;DELISTING_STATUS_UNVERIFIED;FIRST_PRICE_IS_NOT_LISTING_DATE;PIT_MEMBERSHIP_NOT_FULLY_VERIFIED,False,Candidate interval only. Not enabled for engine.
HERO,,,,UNKNOWN,FIRST_PRICE_OBSERVATION_ONLY__NOT_LISTING_DATE,,UNKNOWN,OPEN_ENDED_CURRENT_DATASET__NOT_DELISTING,0,0,,,UNKNOWN,HIGH,LISTING_EVIDENCE_MISSING;DELISTING_STATUS_UNVERIFIED;FIRST_PRICE_IS_NOT_LISTING_DATE;PIT_MEMBERSHIP_NOT_FULLY_VERIFIED,False,Candidate interval only. Not enabled for engine.
HEXA,,,,UNKNOWN,FIRST_PRICE_OBSERVATION_ONLY__NOT_LISTING_DATE,,UNKNOWN,OPEN_ENDED_CURRENT_DATASET__NOT_DELISTING,0,0,,,UNKNOWN,HIGH,LISTING_EVIDENCE_MISSING;DELISTING_STATUS_UNVERIFIED;FIRST_PRICE_IS_NOT_LISTING_DATE;PIT_MEMBERSHIP_NOT_FULLY_VERIFIED,False,Candidate interval only. Not enabled for engine.
HGII,,,,UNKNOWN,FIRST_PRICE_OBSERVATION_ONLY__NOT_LISTING_DATE,,UNKNOWN,OPEN_ENDED_CURRENT_DATASET__NOT_DELISTING,0,0,,,UNKNOWN,HIGH,LISTING_EVIDENCE_MISSING;DELISTING_STATUS_UNVERIFIED;FIRST_PRICE_IS_NOT_LISTING_DATE;PIT_MEMBERSHIP_NOT_FULLY_VERIFIED,False,Candidate interval only. Not enabled for engine.
HILL,,,,UNKNOWN,FIRST_PRICE_OBSERVATION_ONLY__NOT_LISTING_DATE,,UNKNOWN,OPEN_ENDED_CURRENT_DATASET__NOT_DELISTING,0,0,,,UNKNOWN,HIGH,LISTING_EVIDENCE_MISSING;DELISTING_STATUS_UNVERIFIED;FIRST_PRICE_IS_NOT_LISTING_DATE;PIT_MEMBERSHIP_NOT_FULLY_VERIFIED,False,Candidate interval only. Not enabled for engine.
HITS,,,,UNKNOWN,FIRST_PRICE_OBSERVATION_ONLY__NOT_LISTING_DATE,,UNKNOWN,OPEN_ENDED_CURRENT_DATASET__NOT_DELISTING,0,0,,,UNKNOWN,HIGH,LISTING_EVIDENCE_MISSING;DELISTING_STATUS_UNVERIFIED;FIRST_PRICE_IS_NOT_LISTING_DATE;PIT_MEMBERSHIP_NOT_FULLY_VERIFIED,False,Candidate interval only. Not enabled for engine.
HMSP,,,,UNKNOWN,FIRST_PRICE_OBSERVATION_ONLY__NOT_LISTING_DATE,,UNKNOWN,OPEN_ENDED_CURRENT_DATASET__NOT_DELISTING,0,0,,,UNKNOWN,HIGH,LISTING_EVIDENCE_MISSING;DELISTING_STATUS_UNVERIFIED;FIRST_PRICE_IS_NOT_LISTING_DATE;PIT_MEMBERSHIP_NOT_FULLY_VERIFIED,False,Candidate interval only. Not enabled for engine.
HOKI,,,,UNKNOWN,FIRST_PRICE_OBSERVATION_ONLY__NOT_LISTING_DATE,,UNKNOWN,OPEN_ENDED_CURRENT_DATASET__NOT_DELISTING,0,0,,,UNKNOWN,HIGH,LISTING_EVIDENCE_MISSING;DELISTING_STATUS_UNVERIFIED;FIRST_PRICE_IS_NOT_LISTING_DATE;PIT_MEMBERSHIP_NOT_FULLY_VERIFIED,False,Candidate interval only. Not enabled for engine.
HOMI,,,,UNKNOWN,FIRST_PRICE_OBSERVATION_ONLY__NOT_LISTING_DATE,,UNKNOWN,OPEN_ENDED_CURRENT_DATASET__NOT_DELISTING,0,0,,,UNKNOWN,HIGH,LISTING_EVIDENCE_MISSING;DELISTING_STATUS_UNVERIFIED;FIRST_PRICE_IS_NOT_LISTING_DATE;PIT_MEMBERSHIP_NOT_FULLY_VERIFIED,False,Candidate interval only. Not enabled for engine.
HOPE,,,,UNKNOWN,FIRST_PRICE_OBSERVATION_ONLY__NOT_LISTING_DATE,,UNKNOWN,OPEN_ENDED_CURRENT_DATASET__NOT_DELISTING,0,0,,,UNKNOWN,HIGH,LISTING_EVIDENCE_MISSING;DELISTING_STATUS_UNVERIFIED;FIRST_PRICE_IS_NOT_LISTING_DATE;PIT_MEMBERSHIP_NOT_FULLY_VERIFIED,False,Candidate interval only. Not enabled for engine.
HRME,,,,UNKNOWN,FIRST_PRICE_OBSERVATION_ONLY__NOT_LISTING_DATE,,UNKNOWN,OPEN_ENDED_CURRENT_DATASET__NOT_DELISTING,0,0,,,UNKNOWN,HIGH,LISTING_EVIDENCE_MISSING;DELISTING_STATUS_UNVERIFIED;FIRST_PRICE_IS_NOT_LISTING_DATE;PIT_MEMBERSHIP_NOT_FULLY_VERIFIED,False,Candidate interval only. Not enabled for engine.
HRTA,,,,UNKNOWN,FIRST_PRICE_OBSERVATION_ONLY__NOT_LISTING_DATE,,UNKNOWN,OPEN_ENDED_CURRENT_DATASET__NOT_DELISTING,0,0,,,UNKNOWN,HIGH,LISTING_EVIDENCE_MISSING;DELISTING_STATUS_UNVERIFIED;FIRST_PRICE_IS_NOT_LISTING_DATE;PIT_MEMBERSHIP_NOT_FULLY_VERIFIED,False,Candidate interval only. Not enabled for engine.
HRUM,,,,UNKNOWN,FIRST_PRICE_OBSERVATION_ONLY__NOT_LISTING_DATE,,UNKNOWN,OPEN_ENDED_CURRENT_DATASET__NOT_DELISTING,0,0,,,UNKNOWN,HIGH,LISTING_EVIDENCE_MISSING;DELISTING_STATUS_UNVERIFIED;FIRST_PRICE_IS_NOT_LISTING_DATE;PIT_MEMBERSHIP_NOT_FULLY_VERIFIED,False,Candidate interval only. Not enabled for engine.
HUMI,,,,UNKNOWN,FIRST_PRICE_OBSERVATION_ONLY__NOT_LISTING_DATE,,UNKNOWN,OPEN_ENDED_CURRENT_DATASET__NOT_DELISTING,0,0,,,UNKNOWN,HIGH,LISTING_EVIDENCE_MISSING;DELISTING_STATUS_UNVERIFIED;FIRST_PRICE_IS_NOT_LISTING_DATE;PIT_MEMBERSHIP_NOT_FULLY_VERIFIED,False,Candidate interval only. Not enabled for engine.
HYGN,,,,UNKNOWN,FIRST_PRICE_OBSERVATION_ONLY__NOT_LISTING_DATE,,UNKNOWN,OPEN_ENDED_CURRENT_DATASET__NOT_DELISTING,0,0,,,UNKNOWN,HIGH,LISTING_EVIDENCE_MISSING;DELISTING_STATUS_UNVERIFIED;FIRST_PRICE_IS_NOT_LISTING_DATE;PIT_MEMBERSHIP_NOT_FULLY_VERIFIED,False,Candidate interval only. Not enabled for engine.
IATA,,,,UNKNOWN,FIRST_PRICE_OBSERVATION_ONLY__NOT_LISTING_DATE,,UNKNOWN,OPEN_ENDED_CURRENT_DATASET__NOT_DELISTING,0,0,,,UNKNOWN,HIGH,LISTING_EVIDENCE_MISSING;DELISTING_STATUS_UNVERIFIED;FIRST_PRICE_IS_NOT_LISTING_DATE;PIT_MEMBERSHIP_NOT_FULLY_VERIFIED,False,Candidate interval only. Not enabled for engine.
IBFN,,,,UNKNOWN,FIRST_PRICE_OBSERVATION_ONLY__NOT_LISTING_DATE,,UNKNOWN,OPEN_ENDED_CURRENT_DATASET__NOT_DELISTING,0,0,,,UNKNOWN,HIGH,LISTING_EVIDENCE_MISSING;DELISTING_STATUS_UNVERIFIED;FIRST_PRICE_IS_NOT_LISTING_DATE;PIT_MEMBERSHIP_NOT_FULLY_VERIFIED,False,Candidate interval only. Not enabled for engine.
IBOS,,,,UNKNOWN,FIRST_PRICE_OBSERVATION_ONLY__NOT_LISTING_DATE,,UNKNOWN,OPEN_ENDED_CURRENT_DATASET__NOT_DELISTING,0,0,,,UNKNOWN,HIGH,LISTING_EVIDENCE_MISSING;DELISTING_STATUS_UNVERIFIED;FIRST_PRICE_IS_NOT_LISTING_DATE;PIT_MEMBERSHIP_NOT_FULLY_VERIFIED,False,Candidate interval only. Not enabled for engine.
IBST,,,,UNKNOWN,FIRST_PRICE_OBSERVATION_ONLY__NOT_LISTING_DATE,,UNKNOWN,OPEN_ENDED_CURRENT_DATASET__NOT_DELISTING,0,0,,,UNKNOWN,HIGH,LISTING_EVIDENCE_MISSING;DELISTING_STATUS_UNVERIFIED;FIRST_PRICE_IS_NOT_LISTING_DATE;PIT_MEMBERSHIP_NOT_FULLY_VERIFIED,False,Candidate interval only. Not enabled for engine.
ICBP,,,,UNKNOWN,FIRST_PRICE_OBSERVATION_ONLY__NOT_LISTING_DATE,,UNKNOWN,OPEN_ENDED_CURRENT_DATASET__NOT_DELISTING,0,0,,,UNKNOWN,HIGH,LISTING_EVIDENCE_MISSING;DELISTING_STATUS_UNVERIFIED;FIRST_PRICE_IS_NOT_LISTING_DATE;PIT_MEMBERSHIP_NOT_FULLY_VERIFIED,False,Candidate interval only. Not enabled for engine.
ICON,,,,UNKNOWN,FIRST_PRICE_OBSERVATION_ONLY__NOT_LISTING_DATE,,UNKNOWN,OPEN_ENDED_CURRENT_DATASET__NOT_DELISTING,0,0,,,UNKNOWN,HIGH,LISTING_EVIDENCE_MISSING;DELISTING_STATUS_UNVERIFIED;FIRST_PRICE_IS_NOT_LISTING_DATE;PIT_MEMBERSHIP_NOT_FULLY_VERIFIED,False,Candidate interval only. Not enabled for engine.
IDEA,,,,UNKNOWN,FIRST_PRICE_OBSERVATION_ONLY__NOT_LISTING_DATE,,UNKNOWN,OPEN_ENDED_CURRENT_DATASET__NOT_DELISTING,0,0,,,UNKNOWN,HIGH,LISTING_EVIDENCE_MISSING;DELISTING_STATUS_UNVERIFIED;FIRST_PRICE_IS_NOT_LISTING_DATE;PIT_MEMBERSHIP_NOT_FULLY_VERIFIED,False,Candidate interval only. Not enabled for engine.
IDPR,,,,UNKNOWN,FIRST_PRICE_OBSERVATION_ONLY__NOT_LISTING_DATE,,UNKNOWN,OPEN_ENDED_CURRENT_DATASET__NOT_DELISTING,0,0,,,UNKNOWN,HIGH,LISTING_EVIDENCE_MISSING;DELISTING_STATUS_UNVERIFIED;FIRST_PRICE_IS_NOT_LISTING_DATE;PIT_MEMBERSHIP_NOT_FULLY_VERIFIED,False,Candidate interval only. Not enabled for engine.
IFII,,,,UNKNOWN,FIRST_PRICE_OBSERVATION_ONLY__NOT_LISTING_DATE,,UNKNOWN,OPEN_ENDED_CURRENT_DATASET__NOT_DELISTING,0,0,,,UNKNOWN,HIGH,LISTING_EVIDENCE_MISSING;DELISTING_STATUS_UNVERIFIED;FIRST_PRICE_IS_NOT_LISTING_DATE;PIT_MEMBERSHIP_NOT_FULLY_VERIFIED,False,Candidate interval only. Not enabled for engine.
IFSH,,,,UNKNOWN,FIRST_PRICE_OBSERVATION_ONLY__NOT_LISTING_DATE,,UNKNOWN,OPEN_ENDED_CURRENT_DATASET__NOT_DELISTING,0,0,,,UNKNOWN,HIGH,LISTING_EVIDENCE_MISSING;DELISTING_STATUS_UNVERIFIED;FIRST_PRICE_IS_NOT_LISTING_DATE;PIT_MEMBERSHIP_NOT_FULLY_VERIFIED,False,Candidate interval only. Not enabled for engine.
IGAR,,,,UNKNOWN,FIRST_PRICE_OBSERVATION_ONLY__NOT_LISTING_DATE,,UNKNOWN,OPEN_ENDED_CURRENT_DATASET__NOT_DELISTING,0,0,,,UNKNOWN,HIGH,LISTING_EVIDENCE_MISSING;DELISTING_STATUS_UNVERIFIED;FIRST_PRICE_IS_NOT_LISTING_DATE;PIT_MEMBERSHIP_NOT_FULLY_VERIFIED,False,Candidate interval only. Not enabled for engine.
IKAI,,,,UNKNOWN,FIRST_PRICE_OBSERVATION_ONLY__NOT_LISTING_DATE,,UNKNOWN,OPEN_ENDED_CURRENT_DATASET__NOT_DELISTING,0,0,,,UNKNOWN,HIGH,LISTING_EVIDENCE_MISSING;DELISTING_STATUS_UNVERIFIED;FIRST_PRICE_IS_NOT_LISTING_DATE;PIT_MEMBERSHIP_NOT_FULLY_VERIFIED,False,Candidate interval only. Not enabled for engine.
IKAN,,,,UNKNOWN,FIRST_PRICE_OBSERVATION_ONLY__NOT_LISTING_DATE,,UNKNOWN,OPEN_ENDED_CURRENT_DATASET__NOT_DELISTING,0,0,,,UNKNOWN,HIGH,LISTING_EVIDENCE_MISSING;DELISTING_STATUS_UNVERIFIED;FIRST_PRICE_IS_NOT_LISTING_DATE;PIT_MEMBERSHIP_NOT_FULLY_VERIFIED,False,Candidate interval only. Not enabled for engine.
IKBI,,,,UNKNOWN,FIRST_PRICE_OBSERVATION_ONLY__NOT_LISTING_DATE,,UNKNOWN,OPEN_ENDED_CURRENT_DATASET__NOT_DELISTING,0,0,,,UNKNOWN,HIGH,LISTING_EVIDENCE_MISSING;DELISTING_STATUS_UNVERIFIED;FIRST_PRICE_IS_NOT_LISTING_DATE;PIT_MEMBERSHIP_NOT_FULLY_VERIFIED,False,Candidate interval only. Not enabled for engine.
IKPM,,,,UNKNOWN,FIRST_PRICE_OBSERVATION_ONLY__NOT_LISTING_DATE,,UNKNOWN,OPEN_ENDED_CURRENT_DATASET__NOT_DELISTING,0,0,,,UNKNOWN,HIGH,LISTING_EVIDENCE_MISSING;DELISTING_STATUS_UNVERIFIED;FIRST_PRICE_IS_NOT_LISTING_DATE;PIT_MEMBERSHIP_NOT_FULLY_VERIFIED,False,Candidate interval only. Not enabled for engine.
IMAS,,,,UNKNOWN,FIRST_PRICE_OBSERVATION_ONLY__NOT_LISTING_DATE,,UNKNOWN,OPEN_ENDED_CURRENT_DATASET__NOT_DELISTING,0,0,,,UNKNOWN,HIGH,LISTING_EVIDENCE_MISSING;DELISTING_STATUS_UNVERIFIED;FIRST_PRICE_IS_NOT_LISTING_DATE;PIT_MEMBERSHIP_NOT_FULLY_VERIFIED,False,Candidate interval only. Not enabled for engine.
IMJS,,,,UNKNOWN,FIRST_PRICE_OBSERVATION_ONLY__NOT_LISTING_DATE,,UNKNOWN,OPEN_ENDED_CURRENT_DATASET__NOT_DELISTING,0,0,,,UNKNOWN,HIGH,LISTING_EVIDENCE_MISSING;DELISTING_STATUS_UNVERIFIED;FIRST_PRICE_IS_NOT_LISTING_DATE;PIT_MEMBERSHIP_NOT_FULLY_VERIFIED,False,Candidate interval only. Not enabled for engine.
IMPC,,,,UNKNOWN,FIRST_PRICE_OBSERVATION_ONLY__NOT_LISTING_DATE,,UNKNOWN,OPEN_ENDED_CURRENT_DATASET__NOT_DELISTING,0,0,,,UNKNOWN,HIGH,LISTING_EVIDENCE_MISSING;DELISTING_STATUS_UNVERIFIED;FIRST_PRICE_IS_NOT_LISTING_DATE;PIT_MEMBERSHIP_NOT_FULLY_VERIFIED,False,Candidate interval only. Not enabled for engine.
INAF,,,,UNKNOWN,FIRST_PRICE_OBSERVATION_ONLY__NOT_LISTING_DATE,,UNKNOWN,OPEN_ENDED_CURRENT_DATASET__NOT_DELISTING,0,0,,,UNKNOWN,HIGH,LISTING_EVIDENCE_MISSING;DELISTING_STATUS_UNVERIFIED;FIRST_PRICE_IS_NOT_LISTING_DATE;PIT_MEMBERSHIP_NOT_FULLY_VERIFIED,False,Candidate interval only. Not enabled for engine.
INAI,,,,UNKNOWN,FIRST_PRICE_OBSERVATION_ONLY__NOT_LISTING_DATE,,UNKNOWN,OPEN_ENDED_CURRENT_DATASET__NOT_DELISTING,0,0,,,UNKNOWN,HIGH,LISTING_EVIDENCE_MISSING;DELISTING_STATUS_UNVERIFIED;FIRST_PRICE_IS_NOT_LISTING_DATE;PIT_MEMBERSHIP_NOT_FULLY_VERIFIED,False,Candidate interval only. Not enabled for engine.
INCF,,,,UNKNOWN,FIRST_PRICE_OBSERVATION_ONLY__NOT_LISTING_DATE,,UNKNOWN,OPEN_ENDED_CURRENT_DATASET__NOT_DELISTING,0,0,,,UNKNOWN,HIGH,LISTING_EVIDENCE_MISSING;DELISTING_STATUS_UNVERIFIED;FIRST_PRICE_IS_NOT_LISTING_DATE;PIT_MEMBERSHIP_NOT_FULLY_VERIFIED,False,Candidate interval only. Not enabled for engine.
INCI,,,,UNKNOWN,FIRST_PRICE_OBSERVATION_ONLY__NOT_LISTING_DATE,,UNKNOWN,OPEN_ENDED_CURRENT_DATASET__NOT_DELISTING,0,0,,,UNKNOWN,HIGH,LISTING_EVIDENCE_MISSING;DELISTING_STATUS_UNVERIFIED;FIRST_PRICE_IS_NOT_LISTING_DATE;PIT_MEMBERSHIP_NOT_FULLY_VERIFIED,False,Candidate interval only. Not enabled for engine.
INCO,,,,UNKNOWN,FIRST_PRICE_OBSERVATION_ONLY__NOT_LISTING_DATE,,UNKNOWN,OPEN_ENDED_CURRENT_DATASET__NOT_DELISTING,0,0,,,UNKNOWN,HIGH,LISTING_EVIDENCE_MISSING;DELISTING_STATUS_UNVERIFIED;FIRST_PRICE_IS_NOT_LISTING_DATE;PIT_MEMBERSHIP_NOT_FULLY_VERIFIED,False,Candidate interval only. Not enabled for engine.
INDF,,,,UNKNOWN,FIRST_PRICE_OBSERVATION_ONLY__NOT_LISTING_DATE,,UNKNOWN,OPEN_ENDED_CURRENT_DATASET__NOT_DELISTING,0,0,,,UNKNOWN,HIGH,LISTING_EVIDENCE_MISSING;DELISTING_STATUS_UNVERIFIED;FIRST_PRICE_IS_NOT_LISTING_DATE;PIT_MEMBERSHIP_NOT_FULLY_VERIFIED,False,Candidate interval only. Not enabled for engine.
INDO,,,,UNKNOWN,FIRST_PRICE_OBSERVATION_ONLY__NOT_LISTING_DATE,,UNKNOWN,OPEN_ENDED_CURRENT_DATASET__NOT_DELISTING,0,0,,,UNKNOWN,HIGH,LISTING_EVIDENCE_MISSING;DELISTING_STATUS_UNVERIFIED;FIRST_PRICE_IS_NOT_LISTING_DATE;PIT_MEMBERSHIP_NOT_FULLY_VERIFIED,False,Candidate interval only. Not enabled for engine.
INDR,,,,UNKNOWN,FIRST_PRICE_OBSERVATION_ONLY__NOT_LISTING_DATE,,UNKNOWN,OPEN_ENDED_CURRENT_DATASET__NOT_DELISTING,0,0,,,UNKNOWN,HIGH,LISTING_EVIDENCE_MISSING;DELISTING_STATUS_UNVERIFIED;FIRST_PRICE_IS_NOT_LISTING_DATE;PIT_MEMBERSHIP_NOT_FULLY_VERIFIED,False,Candidate interval only. Not enabled for engine.
INDS,,,,UNKNOWN,FIRST_PRICE_OBSERVATION_ONLY__NOT_LISTING_DATE,,UNKNOWN,OPEN_ENDED_CURRENT_DATASET__NOT_DELISTING,0,0,,,UNKNOWN,HIGH,LISTING_EVIDENCE_MISSING;DELISTING_STATUS_UNVERIFIED;FIRST_PRICE_IS_NOT_LISTING_DATE;PIT_MEMBERSHIP_NOT_FULLY_VERIFIED,False,Candidate interval only. Not enabled for engine.
INDX,,,,UNKNOWN,FIRST_PRICE_OBSERVATION_ONLY__NOT_LISTING_DATE,,UNKNOWN,OPEN_ENDED_CURRENT_DATASET__NOT_DELISTING,0,0,,,UNKNOWN,HIGH,LISTING_EVIDENCE_MISSING;DELISTING_STATUS_UNVERIFIED;FIRST_PRICE_IS_NOT_LISTING_DATE;PIT_MEMBERSHIP_NOT_FULLY_VERIFIED,False,Candidate interval only. Not enabled for engine.
INDY,,,,UNKNOWN,FIRST_PRICE_OBSERVATION_ONLY__NOT_LISTING_DATE,,UNKNOWN,OPEN_ENDED_CURRENT_DATASET__NOT_DELISTING,0,0,,,UNKNOWN,HIGH,LISTING_EVIDENCE_MISSING;DELISTING_STATUS_UNVERIFIED;FIRST_PRICE_IS_NOT_LISTING_DATE;PIT_MEMBERSHIP_NOT_FULLY_VERIFIED,False,Candidate interval only. Not enabled for engine.
INET,,,,UNKNOWN,FIRST_PRICE_OBSERVATION_ONLY__NOT_LISTING_DATE,,UNKNOWN,OPEN_ENDED_CURRENT_DATASET__NOT_DELISTING,0,0,,,UNKNOWN,HIGH,LISTING_EVIDENCE_MISSING;DELISTING_STATUS_UNVERIFIED;FIRST_PRICE_IS_NOT_LISTING_DATE;PIT_MEMBERSHIP_NOT_FULLY_VERIFIED,False,Candidate interval only. Not enabled for engine.
INKP,,,,UNKNOWN,FIRST_PRICE_OBSERVATION_ONLY__NOT_LISTING_DATE,,UNKNOWN,OPEN_ENDED_CURRENT_DATASET__NOT_DELISTING,0,0,,,UNKNOWN,HIGH,LISTING_EVIDENCE_MISSING;DELISTING_STATUS_UNVERIFIED;FIRST_PRICE_IS_NOT_LISTING_DATE;PIT_MEMBERSHIP_NOT_FULLY_VERIFIED,False,Candidate interval only. Not enabled for engine.
INOV,,,,UNKNOWN,FIRST_PRICE_OBSERVATION_ONLY__NOT_LISTING_DATE,,UNKNOWN,OPEN_ENDED_CURRENT_DATASET__NOT_DELISTING,0,0,,,UNKNOWN,HIGH,LISTING_EVIDENCE_MISSING;DELISTING_STATUS_UNVERIFIED;FIRST_PRICE_IS_NOT_LISTING_DATE;PIT_MEMBERSHIP_NOT_FULLY_VERIFIED,False,Candidate interval only. Not enabled for engine.
INPC,,,,UNKNOWN,FIRST_PRICE_OBSERVATION_ONLY__NOT_LISTING_DATE,,UNKNOWN,OPEN_ENDED_CURRENT_DATASET__NOT_DELISTING,0,0,,,UNKNOWN,HIGH,LISTING_EVIDENCE_MISSING;DELISTING_STATUS_UNVERIFIED;FIRST_PRICE_IS_NOT_LISTING_DATE;PIT_MEMBERSHIP_NOT_FULLY_VERIFIED,False,Candidate interval only. Not enabled for engine.
INPP,,,,UNKNOWN,FIRST_PRICE_OBSERVATION_ONLY__NOT_LISTING_DATE,,UNKNOWN,OPEN_ENDED_CURRENT_DATASET__NOT_DELISTING,0,0,,,UNKNOWN,HIGH,LISTING_EVIDENCE_MISSING;DELISTING_STATUS_UNVERIFIED;FIRST_PRICE_IS_NOT_LISTING_DATE;PIT_MEMBERSHIP_NOT_FULLY_VERIFIED,False,Candidate interval only. Not enabled for engine.
INPS,,,,UNKNOWN,FIRST_PRICE_OBSERVATION_ONLY__NOT_LISTING_DATE,,UNKNOWN,OPEN_ENDED_CURRENT_DATASET__NOT_DELISTING,0,0,,,UNKNOWN,HIGH,LISTING_EVIDENCE_MISSING;DELISTING_STATUS_UNVERIFIED;FIRST_PRICE_IS_NOT_LISTING_DATE;PIT_MEMBERSHIP_NOT_FULLY_VERIFIED,False,Candidate interval only. Not enabled for engine.
INRU,,,,UNKNOWN,FIRST_PRICE_OBSERVATION_ONLY__NOT_LISTING_DATE,,UNKNOWN,OPEN_ENDED_CURRENT_DATASET__NOT_DELISTING,0,0,,,UNKNOWN,HIGH,LISTING_EVIDENCE_MISSING;DELISTING_STATUS_UNVERIFIED;FIRST_PRICE_IS_NOT_LISTING_DATE;PIT_MEMBERSHIP_NOT_FULLY_VERIFIED,False,Candidate interval only. Not enabled for engine.
INTA,,,,UNKNOWN,FIRST_PRICE_OBSERVATION_ONLY__NOT_LISTING_DATE,,UNKNOWN,OPEN_ENDED_CURRENT_DATASET__NOT_DELISTING,0,0,,,UNKNOWN,HIGH,LISTING_EVIDENCE_MISSING;DELISTING_STATUS_UNVERIFIED;FIRST_PRICE_IS_NOT_LISTING_DATE;PIT_MEMBERSHIP_NOT_FULLY_VERIFIED,False,Candidate interval only. Not enabled for engine.
INTD,,,,UNKNOWN,FIRST_PRICE_OBSERVATION_ONLY__NOT_LISTING_DATE,,UNKNOWN,OPEN_ENDED_CURRENT_DATASET__NOT_DELISTING,0,0,,,UNKNOWN,HIGH,LISTING_EVIDENCE_MISSING;DELISTING_STATUS_UNVERIFIED;FIRST_PRICE_IS_NOT_LISTING_DATE;PIT_MEMBERSHIP_NOT_FULLY_VERIFIED,False,Candidate interval only. Not enabled for engine.
INTP,,,,UNKNOWN,FIRST_PRICE_OBSERVATION_ONLY__NOT_LISTING_DATE,,UNKNOWN,OPEN_ENDED_CURRENT_DATASET__NOT_DELISTING,0,0,,,UNKNOWN,HIGH,LISTING_EVIDENCE_MISSING;DELISTING_STATUS_UNVERIFIED;FIRST_PRICE_IS_NOT_LISTING_DATE;PIT_MEMBERSHIP_NOT_FULLY_VERIFIED,False,Candidate interval only. Not enabled for engine.
IOTF,,,,UNKNOWN,FIRST_PRICE_OBSERVATION_ONLY__NOT_LISTING_DATE,,UNKNOWN,OPEN_ENDED_CURRENT_DATASET__NOT_DELISTING,0,0,,,UNKNOWN,HIGH,LISTING_EVIDENCE_MISSING;DELISTING_STATUS_UNVERIFIED;FIRST_PRICE_IS_NOT_LISTING_DATE;PIT_MEMBERSHIP_NOT_FULLY_VERIFIED,False,Candidate interval only. Not enabled for engine.
IPAC,,,,UNKNOWN,FIRST_PRICE_OBSERVATION_ONLY__NOT_LISTING_DATE,,UNKNOWN,OPEN_ENDED_CURRENT_DATASET__NOT_DELISTING,0,0,,,UNKNOWN,HIGH,LISTING_EVIDENCE_MISSING;DELISTING_STATUS_UNVERIFIED;FIRST_PRICE_IS_NOT_LISTING_DATE;PIT_MEMBERSHIP_NOT_FULLY_VERIFIED,False,Candidate interval only. Not enabled for engine.
IPCC,,,,UNKNOWN,FIRST_PRICE_OBSERVATION_ONLY__NOT_LISTING_DATE,,UNKNOWN,OPEN_ENDED_CURRENT_DATASET__NOT_DELISTING,0,0,,,UNKNOWN,HIGH,LISTING_EVIDENCE_MISSING;DELISTING_STATUS_UNVERIFIED;FIRST_PRICE_IS_NOT_LISTING_DATE;PIT_MEMBERSHIP_NOT_FULLY_VERIFIED,False,Candidate interval only. Not enabled for engine.
IPCM,,,,UNKNOWN,FIRST_PRICE_OBSERVATION_ONLY__NOT_LISTING_DATE,,UNKNOWN,OPEN_ENDED_CURRENT_DATASET__NOT_DELISTING,0,0,,,UNKNOWN,HIGH,LISTING_EVIDENCE_MISSING;DELISTING_STATUS_UNVERIFIED;FIRST_PRICE_IS_NOT_LISTING_DATE;PIT_MEMBERSHIP_NOT_FULLY_VERIFIED,False,Candidate interval only. Not enabled for engine.
IPOL,,,,UNKNOWN,FIRST_PRICE_OBSERVATION_ONLY__NOT_LISTING_DATE,,UNKNOWN,OPEN_ENDED_CURRENT_DATASET__NOT_DELISTING,0,0,,,UNKNOWN,HIGH,LISTING_EVIDENCE_MISSING;DELISTING_STATUS_UNVERIFIED;FIRST_PRICE_IS_NOT_LISTING_DATE;PIT_MEMBERSHIP_NOT_FULLY_VERIFIED,False,Candidate interval only. Not enabled for engine.
IPPE,,,,UNKNOWN,FIRST_PRICE_OBSERVATION_ONLY__NOT_LISTING_DATE,,UNKNOWN,OPEN_ENDED_CURRENT_DATASET__NOT_DELISTING,0,0,,,UNKNOWN,HIGH,LISTING_EVIDENCE_MISSING;DELISTING_STATUS_UNVERIFIED;FIRST_PRICE_IS_NOT_LISTING_DATE;PIT_MEMBERSHIP_NOT_FULLY_VERIFIED,False,Candidate interval only. Not enabled for engine.
IPTV,,,,UNKNOWN,FIRST_PRICE_OBSERVATION_ONLY__NOT_LISTING_DATE,,UNKNOWN,OPEN_ENDED_CURRENT_DATASET__NOT_DELISTING,0,0,,,UNKNOWN,HIGH,LISTING_EVIDENCE_MISSING;DELISTING_STATUS_UNVERIFIED;FIRST_PRICE_IS_NOT_LISTING_DATE;PIT_MEMBERSHIP_NOT_FULLY_VERIFIED,False,Candidate interval only. Not enabled for engine.
IRRA,,,,UNKNOWN,FIRST_PRICE_OBSERVATION_ONLY__NOT_LISTING_DATE,,UNKNOWN,OPEN_ENDED_CURRENT_DATASET__NOT_DELISTING,0,0,,,UNKNOWN,HIGH,LISTING_EVIDENCE_MISSING;DELISTING_STATUS_UNVERIFIED;FIRST_PRICE_IS_NOT_LISTING_DATE;PIT_MEMBERSHIP_NOT_FULLY_VERIFIED,False,Candidate interval only. Not enabled for engine.
IRSX,,,,UNKNOWN,FIRST_PRICE_OBSERVATION_ONLY__NOT_LISTING_DATE,,UNKNOWN,OPEN_ENDED_CURRENT_DATASET__NOT_DELISTING,0,0,,,UNKNOWN,HIGH,LISTING_EVIDENCE_MISSING;DELISTING_STATUS_UNVERIFIED;FIRST_PRICE_IS_NOT_LISTING_DATE;PIT_MEMBERSHIP_NOT_FULLY_VERIFIED,False,Candidate interval only. Not enabled for engine.
ISAP,,,,UNKNOWN,FIRST_PRICE_OBSERVATION_ONLY__NOT_LISTING_DATE,,UNKNOWN,OPEN_ENDED_CURRENT_DATASET__NOT_DELISTING,0,0,,,UNKNOWN,HIGH,LISTING_EVIDENCE_MISSING;DELISTING_STATUS_UNVERIFIED;FIRST_PRICE_IS_NOT_LISTING_DATE;PIT_MEMBERSHIP_NOT_FULLY_VERIFIED,False,Candidate interval only. Not enabled for engine.
ISAT,,,,UNKNOWN,FIRST_PRICE_OBSERVATION_ONLY__NOT_LISTING_DATE,,UNKNOWN,OPEN_ENDED_CURRENT_DATASET__NOT_DELISTING,0,0,,,UNKNOWN,HIGH,LISTING_EVIDENCE_MISSING;DELISTING_STATUS_UNVERIFIED;FIRST_PRICE_IS_NOT_LISTING_DATE;PIT_MEMBERSHIP_NOT_FULLY_VERIFIED,False,Candidate interval only. Not enabled for engine.
ISEA,,,,UNKNOWN,FIRST_PRICE_OBSERVATION_ONLY__NOT_LISTING_DATE,,UNKNOWN,OPEN_ENDED_CURRENT_DATASET__NOT_DELISTING,0,0,,,UNKNOWN,HIGH,LISTING_EVIDENCE_MISSING;DELISTING_STATUS_UNVERIFIED;FIRST_PRICE_IS_NOT_LISTING_DATE;PIT_MEMBERSHIP_NOT_FULLY_VERIFIED,False,Candidate interval only. Not enabled for engine.
ISSP,,,,UNKNOWN,FIRST_PRICE_OBSERVATION_ONLY__NOT_LISTING_DATE,,UNKNOWN,OPEN_ENDED_CURRENT_DATASET__NOT_DELISTING,0,0,,,UNKNOWN,HIGH,LISTING_EVIDENCE_MISSING;DELISTING_STATUS_UNVERIFIED;FIRST_PRICE_IS_NOT_LISTING_DATE;PIT_MEMBERSHIP_NOT_FULLY_VERIFIED,False,Candidate interval only. Not enabled for engine.
ITIC,,,,UNKNOWN,FIRST_PRICE_OBSERVATION_ONLY__NOT_LISTING_DATE,,UNKNOWN,OPEN_ENDED_CURRENT_DATASET__NOT_DELISTING,0,0,,,UNKNOWN,HIGH,LISTING_EVIDENCE_MISSING;DELISTING_STATUS_UNVERIFIED;FIRST_PRICE_IS_NOT_LISTING_DATE;PIT_MEMBERSHIP_NOT_FULLY_VERIFIED,False,Candidate interval only. Not enabled for engine.
ITMA,,,,UNKNOWN,FIRST_PRICE_OBSERVATION_ONLY__NOT_LISTING_DATE,,UNKNOWN,OPEN_ENDED_CURRENT_DATASET__NOT_DELISTING,0,0,,,UNKNOWN,HIGH,LISTING_EVIDENCE_MISSING;DELISTING_STATUS_UNVERIFIED;FIRST_PRICE_IS_NOT_LISTING_DATE;PIT_MEMBERSHIP_NOT_FULLY_VERIFIED,False,Candidate interval only. Not enabled for engine.
ITMG,,,,UNKNOWN,FIRST_PRICE_OBSERVATION_ONLY__NOT_LISTING_DATE,,UNKNOWN,OPEN_ENDED_CURRENT_DATASET__NOT_DELISTING,0,0,,,UNKNOWN,HIGH,LISTING_EVIDENCE_MISSING;DELISTING_STATUS_UNVERIFIED;FIRST_PRICE_IS_NOT_LISTING_DATE;PIT_MEMBERSHIP_NOT_FULLY_VERIFIED,False,Candidate interval only. Not enabled for engine.
JARR,,,,UNKNOWN,FIRST_PRICE_OBSERVATION_ONLY__NOT_LISTING_DATE,,UNKNOWN,OPEN_ENDED_CURRENT_DATASET__NOT_DELISTING,0,0,,,UNKNOWN,HIGH,LISTING_EVIDENCE_MISSING;DELISTING_STATUS_UNVERIFIED;FIRST_PRICE_IS_NOT_LISTING_DATE;PIT_MEMBERSHIP_NOT_FULLY_VERIFIED,False,Candidate interval only. Not enabled for engine.
JAST,,,,UNKNOWN,FIRST_PRICE_OBSERVATION_ONLY__NOT_LISTING_DATE,,UNKNOWN,OPEN_ENDED_CURRENT_DATASET__NOT_DELISTING,0,0,,,UNKNOWN,HIGH,LISTING_EVIDENCE_MISSING;DELISTING_STATUS_UNVERIFIED;FIRST_PRICE_IS_NOT_LISTING_DATE;PIT_MEMBERSHIP_NOT_FULLY_VERIFIED,False,Candidate interval only. Not enabled for engine.
JATI,,,,UNKNOWN,FIRST_PRICE_OBSERVATION_ONLY__NOT_LISTING_DATE,,UNKNOWN,OPEN_ENDED_CURRENT_DATASET__NOT_DELISTING,0,0,,,UNKNOWN,HIGH,LISTING_EVIDENCE_MISSING;DELISTING_STATUS_UNVERIFIED;FIRST_PRICE_IS_NOT_LISTING_DATE;PIT_MEMBERSHIP_NOT_FULLY_VERIFIED,False,Candidate interval only. Not enabled for engine.
JAWA,,,,UNKNOWN,FIRST_PRICE_OBSERVATION_ONLY__NOT_LISTING_DATE,,UNKNOWN,OPEN_ENDED_CURRENT_DATASET__NOT_DELISTING,0,0,,,UNKNOWN,HIGH,LISTING_EVIDENCE_MISSING;DELISTING_STATUS_UNVERIFIED;FIRST_PRICE_IS_NOT_LISTING_DATE;PIT_MEMBERSHIP_NOT_FULLY_VERIFIED,False,Candidate interval only. Not enabled for engine.
JAYA,,,,UNKNOWN,FIRST_PRICE_OBSERVATION_ONLY__NOT_LISTING_DATE,,UNKNOWN,OPEN_ENDED_CURRENT_DATASET__NOT_DELISTING,0,0,,,UNKNOWN,HIGH,LISTING_EVIDENCE_MISSING;DELISTING_STATUS_UNVERIFIED;FIRST_PRICE_IS_NOT_LISTING_DATE;PIT_MEMBERSHIP_NOT_FULLY_VERIFIED,False,Candidate interval only. Not enabled for engine.
JECC,,,,UNKNOWN,FIRST_PRICE_OBSERVATION_ONLY__NOT_LISTING_DATE,,UNKNOWN,OPEN_ENDED_CURRENT_DATASET__NOT_DELISTING,0,0,,,UNKNOWN,HIGH,LISTING_EVIDENCE_MISSING;DELISTING_STATUS_UNVERIFIED;FIRST_PRICE_IS_NOT_LISTING_DATE;PIT_MEMBERSHIP_NOT_FULLY_VERIFIED,False,Candidate interval only. Not enabled for engine.
JGLE,,,,UNKNOWN,FIRST_PRICE_OBSERVATION_ONLY__NOT_LISTING_DATE,,UNKNOWN,OPEN_ENDED_CURRENT_DATASET__NOT_DELISTING,0,0,,,UNKNOWN,HIGH,LISTING_EVIDENCE_MISSING;DELISTING_STATUS_UNVERIFIED;FIRST_PRICE_IS_NOT_LISTING_DATE;PIT_MEMBERSHIP_NOT_FULLY_VERIFIED,False,Candidate interval only. Not enabled for engine.
JIHD,,,,UNKNOWN,FIRST_PRICE_OBSERVATION_ONLY__NOT_LISTING_DATE,,UNKNOWN,OPEN_ENDED_CURRENT_DATASET__NOT_DELISTING,0,0,,,UNKNOWN,HIGH,LISTING_EVIDENCE_MISSING;DELISTING_STATUS_UNVERIFIED;FIRST_PRICE_IS_NOT_LISTING_DATE;PIT_MEMBERSHIP_NOT_FULLY_VERIFIED,False,Candidate interval only. Not enabled for engine.
JKON,,,,UNKNOWN,FIRST_PRICE_OBSERVATION_ONLY__NOT_LISTING_DATE,,UNKNOWN,OPEN_ENDED_CURRENT_DATASET__NOT_DELISTING,0,0,,,UNKNOWN,HIGH,LISTING_EVIDENCE_MISSING;DELISTING_STATUS_UNVERIFIED;FIRST_PRICE_IS_NOT_LISTING_DATE;PIT_MEMBERSHIP_NOT_FULLY_VERIFIED,False,Candidate interval only. Not enabled for engine.
JMAS,,,,UNKNOWN,FIRST_PRICE_OBSERVATION_ONLY__NOT_LISTING_DATE,,UNKNOWN,OPEN_ENDED_CURRENT_DATASET__NOT_DELISTING,0,0,,,UNKNOWN,HIGH,LISTING_EVIDENCE_MISSING;DELISTING_STATUS_UNVERIFIED;FIRST_PRICE_IS_NOT_LISTING_DATE;PIT_MEMBERSHIP_NOT_FULLY_VERIFIED,False,Candidate interval only. Not enabled for engine.
JPFA,,,,UNKNOWN,FIRST_PRICE_OBSERVATION_ONLY__NOT_LISTING_DATE,,UNKNOWN,OPEN_ENDED_CURRENT_DATASET__NOT_DELISTING,0,0,,,UNKNOWN,HIGH,LISTING_EVIDENCE_MISSING;DELISTING_STATUS_UNVERIFIED;FIRST_PRICE_IS_NOT_LISTING_DATE;PIT_MEMBERSHIP_NOT_FULLY_VERIFIED,False,Candidate interval only. Not enabled for engine.
JRPT,,,,UNKNOWN,FIRST_PRICE_OBSERVATION_ONLY__NOT_LISTING_DATE,,UNKNOWN,OPEN_ENDED_CURRENT_DATASET__NOT_DELISTING,0,0,,,UNKNOWN,HIGH,LISTING_EVIDENCE_MISSING;DELISTING_STATUS_UNVERIFIED;FIRST_PRICE_IS_NOT_LISTING_DATE;PIT_MEMBERSHIP_NOT_FULLY_VERIFIED,False,Candidate interval only. Not enabled for engine.
JSMR,,,,UNKNOWN,FIRST_PRICE_OBSERVATION_ONLY__NOT_LISTING_DATE,,UNKNOWN,OPEN_ENDED_CURRENT_DATASET__NOT_DELISTING,0,0,,,UNKNOWN,HIGH,LISTING_EVIDENCE_MISSING;DELISTING_STATUS_UNVERIFIED;FIRST_PRICE_IS_NOT_LISTING_DATE;PIT_MEMBERSHIP_NOT_FULLY_VERIFIED,False,Candidate interval only. Not enabled for engine.
JSPT,,,,UNKNOWN,FIRST_PRICE_OBSERVATION_ONLY__NOT_LISTING_DATE,,UNKNOWN,OPEN_ENDED_CURRENT_DATASET__NOT_DELISTING,0,0,,,UNKNOWN,HIGH,LISTING_EVIDENCE_MISSING;DELISTING_STATUS_UNVERIFIED;FIRST_PRICE_IS_NOT_LISTING_DATE;PIT_MEMBERSHIP_NOT_FULLY_VERIFIED,False,Candidate interval only. Not enabled for engine.
JTPE,,,,UNKNOWN,FIRST_PRICE_OBSERVATION_ONLY__NOT_LISTING_DATE,,UNKNOWN,OPEN_ENDED_CURRENT_DATASET__NOT_DELISTING,0,0,,,UNKNOWN,HIGH,LISTING_EVIDENCE_MISSING;DELISTING_STATUS_UNVERIFIED;FIRST_PRICE_IS_NOT_LISTING_DATE;PIT_MEMBERSHIP_NOT_FULLY_VERIFIED,False,Candidate interval only. Not enabled for engine.
KAEF,,,,UNKNOWN,FIRST_PRICE_OBSERVATION_ONLY__NOT_LISTING_DATE,,UNKNOWN,OPEN_ENDED_CURRENT_DATASET__NOT_DELISTING,0,0,,,UNKNOWN,HIGH,LISTING_EVIDENCE_MISSING;DELISTING_STATUS_UNVERIFIED;FIRST_PRICE_IS_NOT_LISTING_DATE;PIT_MEMBERSHIP_NOT_FULLY_VERIFIED,False,Candidate interval only. Not enabled for engine.
KAQI,,,,UNKNOWN,FIRST_PRICE_OBSERVATION_ONLY__NOT_LISTING_DATE,,UNKNOWN,OPEN_ENDED_CURRENT_DATASET__NOT_DELISTING,0,0,,,UNKNOWN,HIGH,LISTING_EVIDENCE_MISSING;DELISTING_STATUS_UNVERIFIED;FIRST_PRICE_IS_NOT_LISTING_DATE;PIT_MEMBERSHIP_NOT_FULLY_VERIFIED,False,Candidate interval only. Not enabled for engine.
KARW,,,,UNKNOWN,FIRST_PRICE_OBSERVATION_ONLY__NOT_LISTING_DATE,,UNKNOWN,OPEN_ENDED_CURRENT_DATASET__NOT_DELISTING,0,0,,,UNKNOWN,HIGH,LISTING_EVIDENCE_MISSING;DELISTING_STATUS_UNVERIFIED;FIRST_PRICE_IS_NOT_LISTING_DATE;PIT_MEMBERSHIP_NOT_FULLY_VERIFIED,False,Candidate interval only. Not enabled for engine.
KAYU,,,,UNKNOWN,FIRST_PRICE_OBSERVATION_ONLY__NOT_LISTING_DATE,,UNKNOWN,OPEN_ENDED_CURRENT_DATASET__NOT_DELISTING,0,0,,,UNKNOWN,HIGH,LISTING_EVIDENCE_MISSING;DELISTING_STATUS_UNVERIFIED;FIRST_PRICE_IS_NOT_LISTING_DATE;PIT_MEMBERSHIP_NOT_FULLY_VERIFIED,False,Candidate interval only. Not enabled for engine.
KBAG,,,,UNKNOWN,FIRST_PRICE_OBSERVATION_ONLY__NOT_LISTING_DATE,,UNKNOWN,OPEN_ENDED_CURRENT_DATASET__NOT_DELISTING,0,0,,,UNKNOWN,HIGH,LISTING_EVIDENCE_MISSING;DELISTING_STATUS_UNVERIFIED;FIRST_PRICE_IS_NOT_LISTING_DATE;PIT_MEMBERSHIP_NOT_FULLY_VERIFIED,False,Candidate interval only. Not enabled for engine.
KBLI,,,,UNKNOWN,FIRST_PRICE_OBSERVATION_ONLY__NOT_LISTING_DATE,,UNKNOWN,OPEN_ENDED_CURRENT_DATASET__NOT_DELISTING,0,0,,,UNKNOWN,HIGH,LISTING_EVIDENCE_MISSING;DELISTING_STATUS_UNVERIFIED;FIRST_PRICE_IS_NOT_LISTING_DATE;PIT_MEMBERSHIP_NOT_FULLY_VERIFIED,False,Candidate interval only. Not enabled for engine.
KBLM,,,,UNKNOWN,FIRST_PRICE_OBSERVATION_ONLY__NOT_LISTING_DATE,,UNKNOWN,OPEN_ENDED_CURRENT_DATASET__NOT_DELISTING,0,0,,,UNKNOWN,HIGH,LISTING_EVIDENCE_MISSING;DELISTING_STATUS_UNVERIFIED;FIRST_PRICE_IS_NOT_LISTING_DATE;PIT_MEMBERSHIP_NOT_FULLY_VERIFIED,False,Candidate interval only. Not enabled for engine.
KBLV,,,,UNKNOWN,FIRST_PRICE_OBSERVATION_ONLY__NOT_LISTING_DATE,,UNKNOWN,OPEN_ENDED_CURRENT_DATASET__NOT_DELISTING,0,0,,,UNKNOWN,HIGH,LISTING_EVIDENCE_MISSING;DELISTING_STATUS_UNVERIFIED;FIRST_PRICE_IS_NOT_LISTING_DATE;PIT_MEMBERSHIP_NOT_FULLY_VERIFIED,False,Candidate interval only. Not enabled for engine.
KDSI,,,,UNKNOWN,FIRST_PRICE_OBSERVATION_ONLY__NOT_LISTING_DATE,,UNKNOWN,OPEN_ENDED_CURRENT_DATASET__NOT_DELISTING,0,0,,,UNKNOWN,HIGH,LISTING_EVIDENCE_MISSING;DELISTING_STATUS_UNVERIFIED;FIRST_PRICE_IS_NOT_LISTING_DATE;PIT_MEMBERSHIP_NOT_FULLY_VERIFIED,False,Candidate interval only. Not enabled for engine.
KDTN,,,,UNKNOWN,FIRST_PRICE_OBSERVATION_ONLY__NOT_LISTING_DATE,,UNKNOWN,OPEN_ENDED_CURRENT_DATASET__NOT_DELISTING,0,0,,,UNKNOWN,HIGH,LISTING_EVIDENCE_MISSING;DELISTING_STATUS_UNVERIFIED;FIRST_PRICE_IS_NOT_LISTING_DATE;PIT_MEMBERSHIP_NOT_FULLY_VERIFIED,False,Candidate interval only. Not enabled for engine.
KEEN,,,,UNKNOWN,FIRST_PRICE_OBSERVATION_ONLY__NOT_LISTING_DATE,,UNKNOWN,OPEN_ENDED_CURRENT_DATASET__NOT_DELISTING,0,0,,,UNKNOWN,HIGH,LISTING_EVIDENCE_MISSING;DELISTING_STATUS_UNVERIFIED;FIRST_PRICE_IS_NOT_LISTING_DATE;PIT_MEMBERSHIP_NOT_FULLY_VERIFIED,False,Candidate interval only. Not enabled for engine.
KEJU,,,,UNKNOWN,FIRST_PRICE_OBSERVATION_ONLY__NOT_LISTING_DATE,,UNKNOWN,OPEN_ENDED_CURRENT_DATASET__NOT_DELISTING,0,0,,,UNKNOWN,HIGH,LISTING_EVIDENCE_MISSING;DELISTING_STATUS_UNVERIFIED;FIRST_PRICE_IS_NOT_LISTING_DATE;PIT_MEMBERSHIP_NOT_FULLY_VERIFIED,False,Candidate interval only. Not enabled for engine.
KETR,,,,UNKNOWN,FIRST_PRICE_OBSERVATION_ONLY__NOT_LISTING_DATE,,UNKNOWN,OPEN_ENDED_CURRENT_DATASET__NOT_DELISTING,0,0,,,UNKNOWN,HIGH,LISTING_EVIDENCE_MISSING;DELISTING_STATUS_UNVERIFIED;FIRST_PRICE_IS_NOT_LISTING_DATE;PIT_MEMBERSHIP_NOT_FULLY_VERIFIED,False,Candidate interval only. Not enabled for engine.
KIAS,,,,UNKNOWN,FIRST_PRICE_OBSERVATION_ONLY__NOT_LISTING_DATE,,UNKNOWN,OPEN_ENDED_CURRENT_DATASET__NOT_DELISTING,0,0,,,UNKNOWN,HIGH,LISTING_EVIDENCE_MISSING;DELISTING_STATUS_UNVERIFIED;FIRST_PRICE_IS_NOT_LISTING_DATE;PIT_MEMBERSHIP_NOT_FULLY_VERIFIED,False,Candidate interval only. Not enabled for engine.
KICI,,,,UNKNOWN,FIRST_PRICE_OBSERVATION_ONLY__NOT_LISTING_DATE,,UNKNOWN,OPEN_ENDED_CURRENT_DATASET__NOT_DELISTING,0,0,,,UNKNOWN,HIGH,LISTING_EVIDENCE_MISSING;DELISTING_STATUS_UNVERIFIED;FIRST_PRICE_IS_NOT_LISTING_DATE;PIT_MEMBERSHIP_NOT_FULLY_VERIFIED,False,Candidate interval only. Not enabled for engine.
KIJA,,,,UNKNOWN,FIRST_PRICE_OBSERVATION_ONLY__NOT_LISTING_DATE,,UNKNOWN,OPEN_ENDED_CURRENT_DATASET__NOT_DELISTING,0,0,,,UNKNOWN,HIGH,LISTING_EVIDENCE_MISSING;DELISTING_STATUS_UNVERIFIED;FIRST_PRICE_IS_NOT_LISTING_DATE;PIT_MEMBERSHIP_NOT_FULLY_VERIFIED,False,Candidate interval only. Not enabled for engine.
KINO,,,,UNKNOWN,FIRST_PRICE_OBSERVATION_ONLY__NOT_LISTING_DATE,,UNKNOWN,OPEN_ENDED_CURRENT_DATASET__NOT_DELISTING,0,0,,,UNKNOWN,HIGH,LISTING_EVIDENCE_MISSING;DELISTING_STATUS_UNVERIFIED;FIRST_PRICE_IS_NOT_LISTING_DATE;PIT_MEMBERSHIP_NOT_FULLY_VERIFIED,False,Candidate interval only. Not enabled for engine.
KIOS,,,,UNKNOWN,FIRST_PRICE_OBSERVATION_ONLY__NOT_LISTING_DATE,,UNKNOWN,OPEN_ENDED_CURRENT_DATASET__NOT_DELISTING,0,0,,,UNKNOWN,HIGH,LISTING_EVIDENCE_MISSING;DELISTING_STATUS_UNVERIFIED;FIRST_PRICE_IS_NOT_LISTING_DATE;PIT_MEMBERSHIP_NOT_FULLY_VERIFIED,False,Candidate interval only. Not enabled for engine.
KJEN,,,,UNKNOWN,FIRST_PRICE_OBSERVATION_ONLY__NOT_LISTING_DATE,,UNKNOWN,OPEN_ENDED_CURRENT_DATASET__NOT_DELISTING,0,0,,,UNKNOWN,HIGH,LISTING_EVIDENCE_MISSING;DELISTING_STATUS_UNVERIFIED;FIRST_PRICE_IS_NOT_LISTING_DATE;PIT_MEMBERSHIP_NOT_FULLY_VERIFIED,False,Candidate interval only. Not enabled for engine.
KKES,,,,UNKNOWN,FIRST_PRICE_OBSERVATION_ONLY__NOT_LISTING_DATE,,UNKNOWN,OPEN_ENDED_CURRENT_DATASET__NOT_DELISTING,0,0,,,UNKNOWN,HIGH,LISTING_EVIDENCE_MISSING;DELISTING_STATUS_UNVERIFIED;FIRST_PRICE_IS_NOT_LISTING_DATE;PIT_MEMBERSHIP_NOT_FULLY_VERIFIED,False,Candidate interval only. Not enabled for engine.
KKGI,,,,UNKNOWN,FIRST_PRICE_OBSERVATION_ONLY__NOT_LISTING_DATE,,UNKNOWN,OPEN_ENDED_CURRENT_DATASET__NOT_DELISTING,0,0,,,UNKNOWN,HIGH,LISTING_EVIDENCE_MISSING;DELISTING_STATUS_UNVERIFIED;FIRST_PRICE_IS_NOT_LISTING_DATE;PIT_MEMBERSHIP_NOT_FULLY_VERIFIED,False,Candidate interval only. Not enabled for engine.
KLAS,,,,UNKNOWN,FIRST_PRICE_OBSERVATION_ONLY__NOT_LISTING_DATE,,UNKNOWN,OPEN_ENDED_CURRENT_DATASET__NOT_DELISTING,0,0,,,UNKNOWN,HIGH,LISTING_EVIDENCE_MISSING;DELISTING_STATUS_UNVERIFIED;FIRST_PRICE_IS_NOT_LISTING_DATE;PIT_MEMBERSHIP_NOT_FULLY_VERIFIED,False,Candidate interval only. Not enabled for engine.
KLBF,,,,UNKNOWN,FIRST_PRICE_OBSERVATION_ONLY__NOT_LISTING_DATE,,UNKNOWN,OPEN_ENDED_CURRENT_DATASET__NOT_DELISTING,0,0,,,UNKNOWN,HIGH,LISTING_EVIDENCE_MISSING;DELISTING_STATUS_UNVERIFIED;FIRST_PRICE_IS_NOT_LISTING_DATE;PIT_MEMBERSHIP_NOT_FULLY_VERIFIED,False,Candidate interval only. Not enabled for engine.
KLIN,,,,UNKNOWN,FIRST_PRICE_OBSERVATION_ONLY__NOT_LISTING_DATE,,UNKNOWN,OPEN_ENDED_CURRENT_DATASET__NOT_DELISTING,0,0,,,UNKNOWN,HIGH,LISTING_EVIDENCE_MISSING;DELISTING_STATUS_UNVERIFIED;FIRST_PRICE_IS_NOT_LISTING_DATE;PIT_MEMBERSHIP_NOT_FULLY_VERIFIED,False,Candidate interval only. Not enabled for engine.
KMDS,,,,UNKNOWN,FIRST_PRICE_OBSERVATION_ONLY__NOT_LISTING_DATE,,UNKNOWN,OPEN_ENDED_CURRENT_DATASET__NOT_DELISTING,0,0,,,UNKNOWN,HIGH,LISTING_EVIDENCE_MISSING;DELISTING_STATUS_UNVERIFIED;FIRST_PRICE_IS_NOT_LISTING_DATE;PIT_MEMBERSHIP_NOT_FULLY_VERIFIED,False,Candidate interval only. Not enabled for engine.
KMTR,,,,UNKNOWN,FIRST_PRICE_OBSERVATION_ONLY__NOT_LISTING_DATE,,UNKNOWN,OPEN_ENDED_CURRENT_DATASET__NOT_DELISTING,0,0,,,UNKNOWN,HIGH,LISTING_EVIDENCE_MISSING;DELISTING_STATUS_UNVERIFIED;FIRST_PRICE_IS_NOT_LISTING_DATE;PIT_MEMBERSHIP_NOT_FULLY_VERIFIED,False,Candidate interval only. Not enabled for engine.
KOBX,,,,UNKNOWN,FIRST_PRICE_OBSERVATION_ONLY__NOT_LISTING_DATE,,UNKNOWN,OPEN_ENDED_CURRENT_DATASET__NOT_DELISTING,0,0,,,UNKNOWN,HIGH,LISTING_EVIDENCE_MISSING;DELISTING_STATUS_UNVERIFIED;FIRST_PRICE_IS_NOT_LISTING_DATE;PIT_MEMBERSHIP_NOT_FULLY_VERIFIED,False,Candidate interval only. Not enabled for engine.
KOCI,,,,UNKNOWN,FIRST_PRICE_OBSERVATION_ONLY__NOT_LISTING_DATE,,UNKNOWN,OPEN_ENDED_CURRENT_DATASET__NOT_DELISTING,0,0,,,UNKNOWN,HIGH,LISTING_EVIDENCE_MISSING;DELISTING_STATUS_UNVERIFIED;FIRST_PRICE_IS_NOT_LISTING_DATE;PIT_MEMBERSHIP_NOT_FULLY_VERIFIED,False,Candidate interval only. Not enabled for engine.
KOIN,,,,UNKNOWN,FIRST_PRICE_OBSERVATION_ONLY__NOT_LISTING_DATE,,UNKNOWN,OPEN_ENDED_CURRENT_DATASET__NOT_DELISTING,0,0,,,UNKNOWN,HIGH,LISTING_EVIDENCE_MISSING;DELISTING_STATUS_UNVERIFIED;FIRST_PRICE_IS_NOT_LISTING_DATE;PIT_MEMBERSHIP_NOT_FULLY_VERIFIED,False,Candidate interval only. Not enabled for engine.
KOKA,,,,UNKNOWN,FIRST_PRICE_OBSERVATION_ONLY__NOT_LISTING_DATE,,UNKNOWN,OPEN_ENDED_CURRENT_DATASET__NOT_DELISTING,0,0,,,UNKNOWN,HIGH,LISTING_EVIDENCE_MISSING;DELISTING_STATUS_UNVERIFIED;FIRST_PRICE_IS_NOT_LISTING_DATE;PIT_MEMBERSHIP_NOT_FULLY_VERIFIED,False,Candidate interval only. Not enabled for engine.
KONI,,,,UNKNOWN,FIRST_PRICE_OBSERVATION_ONLY__NOT_LISTING_DATE,,UNKNOWN,OPEN_ENDED_CURRENT_DATASET__NOT_DELISTING,0,0,,,UNKNOWN,HIGH,LISTING_EVIDENCE_MISSING;DELISTING_STATUS_UNVERIFIED;FIRST_PRICE_IS_NOT_LISTING_DATE;PIT_MEMBERSHIP_NOT_FULLY_VERIFIED,False,Candidate interval only. Not enabled for engine.
KOPI,,,,UNKNOWN,FIRST_PRICE_OBSERVATION_ONLY__NOT_LISTING_DATE,,UNKNOWN,OPEN_ENDED_CURRENT_DATASET__NOT_DELISTING,0,0,,,UNKNOWN,HIGH,LISTING_EVIDENCE_MISSING;DELISTING_STATUS_UNVERIFIED;FIRST_PRICE_IS_NOT_LISTING_DATE;PIT_MEMBERSHIP_NOT_FULLY_VERIFIED,False,Candidate interval only. Not enabled for engine.
KOTA,,,,UNKNOWN,FIRST_PRICE_OBSERVATION_ONLY__NOT_LISTING_DATE,,UNKNOWN,OPEN_ENDED_CURRENT_DATASET__NOT_DELISTING,0,0,,,UNKNOWN,HIGH,LISTING_EVIDENCE_MISSING;DELISTING_STATUS_UNVERIFIED;FIRST_PRICE_IS_NOT_LISTING_DATE;PIT_MEMBERSHIP_NOT_FULLY_VERIFIED,False,Candidate interval only. Not enabled for engine.
KPIG,,,,UNKNOWN,FIRST_PRICE_OBSERVATION_ONLY__NOT_LISTING_DATE,,UNKNOWN,OPEN_ENDED_CURRENT_DATASET__NOT_DELISTING,0,0,,,UNKNOWN,HIGH,LISTING_EVIDENCE_MISSING;DELISTING_STATUS_UNVERIFIED;FIRST_PRICE_IS_NOT_LISTING_DATE;PIT_MEMBERSHIP_NOT_FULLY_VERIFIED,False,Candidate interval only. Not enabled for engine.
KRAS,,,,UNKNOWN,FIRST_PRICE_OBSERVATION_ONLY__NOT_LISTING_DATE,,UNKNOWN,OPEN_ENDED_CURRENT_DATASET__NOT_DELISTING,0,0,,,UNKNOWN,HIGH,LISTING_EVIDENCE_MISSING;DELISTING_STATUS_UNVERIFIED;FIRST_PRICE_IS_NOT_LISTING_DATE;PIT_MEMBERSHIP_NOT_FULLY_VERIFIED,False,Candidate interval only. Not enabled for engine.
KREN,,,,UNKNOWN,FIRST_PRICE_OBSERVATION_ONLY__NOT_LISTING_DATE,,UNKNOWN,OPEN_ENDED_CURRENT_DATASET__NOT_DELISTING,0,0,,,UNKNOWN,HIGH,LISTING_EVIDENCE_MISSING;DELISTING_STATUS_UNVERIFIED;FIRST_PRICE_IS_NOT_LISTING_DATE;PIT_MEMBERSHIP_NOT_FULLY_VERIFIED,False,Candidate interval only. Not enabled for engine.
KRYA,,,,UNKNOWN,FIRST_PRICE_OBSERVATION_ONLY__NOT_LISTING_DATE,,UNKNOWN,OPEN_ENDED_CURRENT_DATASET__NOT_DELISTING,0,0,,,UNKNOWN,HIGH,LISTING_EVIDENCE_MISSING;DELISTING_STATUS_UNVERIFIED;FIRST_PRICE_IS_NOT_LISTING_DATE;PIT_MEMBERSHIP_NOT_FULLY_VERIFIED,False,Candidate interval only. Not enabled for engine.
KSIX,,,,UNKNOWN,FIRST_PRICE_OBSERVATION_ONLY__NOT_LISTING_DATE,,UNKNOWN,OPEN_ENDED_CURRENT_DATASET__NOT_DELISTING,0,0,,,UNKNOWN,HIGH,LISTING_EVIDENCE_MISSING;DELISTING_STATUS_UNVERIFIED;FIRST_PRICE_IS_NOT_LISTING_DATE;PIT_MEMBERSHIP_NOT_FULLY_VERIFIED,False,Candidate interval only. Not enabled for engine.
KUAS,,,,UNKNOWN,FIRST_PRICE_OBSERVATION_ONLY__NOT_LISTING_DATE,,UNKNOWN,OPEN_ENDED_CURRENT_DATASET__NOT_DELISTING,0,0,,,UNKNOWN,HIGH,LISTING_EVIDENCE_MISSING;DELISTING_STATUS_UNVERIFIED;FIRST_PRICE_IS_NOT_LISTING_DATE;PIT_MEMBERSHIP_NOT_FULLY_VERIFIED,False,Candidate interval only. Not enabled for engine.
LABA,,,,UNKNOWN,FIRST_PRICE_OBSERVATION_ONLY__NOT_LISTING_DATE,,UNKNOWN,OPEN_ENDED_CURRENT_DATASET__NOT_DELISTING,0,0,,,UNKNOWN,HIGH,LISTING_EVIDENCE_MISSING;DELISTING_STATUS_UNVERIFIED;FIRST_PRICE_IS_NOT_LISTING_DATE;PIT_MEMBERSHIP_NOT_FULLY_VERIFIED,False,Candidate interval only. Not enabled for engine.
LABS,,,,UNKNOWN,FIRST_PRICE_OBSERVATION_ONLY__NOT_LISTING_DATE,,UNKNOWN,OPEN_ENDED_CURRENT_DATASET__NOT_DELISTING,0,0,,,UNKNOWN,HIGH,LISTING_EVIDENCE_MISSING;DELISTING_STATUS_UNVERIFIED;FIRST_PRICE_IS_NOT_LISTING_DATE;PIT_MEMBERSHIP_NOT_FULLY_VERIFIED,False,Candidate interval only. Not enabled for engine.
LAJU,,,,UNKNOWN,FIRST_PRICE_OBSERVATION_ONLY__NOT_LISTING_DATE,,UNKNOWN,OPEN_ENDED_CURRENT_DATASET__NOT_DELISTING,0,0,,,UNKNOWN,HIGH,LISTING_EVIDENCE_MISSING;DELISTING_STATUS_UNVERIFIED;FIRST_PRICE_IS_NOT_LISTING_DATE;PIT_MEMBERSHIP_NOT_FULLY_VERIFIED,False,Candidate interval only. Not enabled for engine.
LAND,,,,UNKNOWN,FIRST_PRICE_OBSERVATION_ONLY__NOT_LISTING_DATE,,UNKNOWN,OPEN_ENDED_CURRENT_DATASET__NOT_DELISTING,0,0,,,UNKNOWN,HIGH,LISTING_EVIDENCE_MISSING;DELISTING_STATUS_UNVERIFIED;FIRST_PRICE_IS_NOT_LISTING_DATE;PIT_MEMBERSHIP_NOT_FULLY_VERIFIED,False,Candidate interval only. Not enabled for engine.
LAPD,,,,UNKNOWN,FIRST_PRICE_OBSERVATION_ONLY__NOT_LISTING_DATE,,UNKNOWN,OPEN_ENDED_CURRENT_DATASET__NOT_DELISTING,0,0,,,UNKNOWN,HIGH,LISTING_EVIDENCE_MISSING;DELISTING_STATUS_UNVERIFIED;FIRST_PRICE_IS_NOT_LISTING_DATE;PIT_MEMBERSHIP_NOT_FULLY_VERIFIED,False,Candidate interval only. Not enabled for engine.
LCKM,,,,UNKNOWN,FIRST_PRICE_OBSERVATION_ONLY__NOT_LISTING_DATE,,UNKNOWN,OPEN_ENDED_CURRENT_DATASET__NOT_DELISTING,0,0,,,UNKNOWN,HIGH,LISTING_EVIDENCE_MISSING;DELISTING_STATUS_UNVERIFIED;FIRST_PRICE_IS_NOT_LISTING_DATE;PIT_MEMBERSHIP_NOT_FULLY_VERIFIED,False,Candidate interval only. Not enabled for engine.
LEAD,,,,UNKNOWN,FIRST_PRICE_OBSERVATION_ONLY__NOT_LISTING_DATE,,UNKNOWN,OPEN_ENDED_CURRENT_DATASET__NOT_DELISTING,0,0,,,UNKNOWN,HIGH,LISTING_EVIDENCE_MISSING;DELISTING_STATUS_UNVERIFIED;FIRST_PRICE_IS_NOT_LISTING_DATE;PIT_MEMBERSHIP_NOT_FULLY_VERIFIED,False,Candidate interval only. Not enabled for engine.
LFLO,,,,UNKNOWN,FIRST_PRICE_OBSERVATION_ONLY__NOT_LISTING_DATE,,UNKNOWN,OPEN_ENDED_CURRENT_DATASET__NOT_DELISTING,0,0,,,UNKNOWN,HIGH,LISTING_EVIDENCE_MISSING;DELISTING_STATUS_UNVERIFIED;FIRST_PRICE_IS_NOT_LISTING_DATE;PIT_MEMBERSHIP_NOT_FULLY_VERIFIED,False,Candidate interval only. Not enabled for engine.
LIFE,,,,UNKNOWN,FIRST_PRICE_OBSERVATION_ONLY__NOT_LISTING_DATE,,UNKNOWN,OPEN_ENDED_CURRENT_DATASET__NOT_DELISTING,0,0,,,UNKNOWN,HIGH,LISTING_EVIDENCE_MISSING;DELISTING_STATUS_UNVERIFIED;FIRST_PRICE_IS_NOT_LISTING_DATE;PIT_MEMBERSHIP_NOT_FULLY_VERIFIED,False,Candidate interval only. Not enabled for engine.
LINK,,,,UNKNOWN,FIRST_PRICE_OBSERVATION_ONLY__NOT_LISTING_DATE,,UNKNOWN,OPEN_ENDED_CURRENT_DATASET__NOT_DELISTING,0,0,,,UNKNOWN,HIGH,LISTING_EVIDENCE_MISSING;DELISTING_STATUS_UNVERIFIED;FIRST_PRICE_IS_NOT_LISTING_DATE;PIT_MEMBERSHIP_NOT_FULLY_VERIFIED,False,Candidate interval only. Not enabled for engine.
LION,,,,UNKNOWN,FIRST_PRICE_OBSERVATION_ONLY__NOT_LISTING_DATE,,UNKNOWN,OPEN_ENDED_CURRENT_DATASET__NOT_DELISTING,0,0,,,UNKNOWN,HIGH,LISTING_EVIDENCE_MISSING;DELISTING_STATUS_UNVERIFIED;FIRST_PRICE_IS_NOT_LISTING_DATE;PIT_MEMBERSHIP_NOT_FULLY_VERIFIED,False,Candidate interval only. Not enabled for engine.
LIVE,,,,UNKNOWN,FIRST_PRICE_OBSERVATION_ONLY__NOT_LISTING_DATE,,UNKNOWN,OPEN_ENDED_CURRENT_DATASET__NOT_DELISTING,0,0,,,UNKNOWN,HIGH,LISTING_EVIDENCE_MISSING;DELISTING_STATUS_UNVERIFIED;FIRST_PRICE_IS_NOT_LISTING_DATE;PIT_MEMBERSHIP_NOT_FULLY_VERIFIED,False,Candidate interval only. Not enabled for engine.
LMAX,,,,UNKNOWN,FIRST_PRICE_OBSERVATION_ONLY__NOT_LISTING_DATE,,UNKNOWN,OPEN_ENDED_CURRENT_DATASET__NOT_DELISTING,0,0,,,UNKNOWN,HIGH,LISTING_EVIDENCE_MISSING;DELISTING_STATUS_UNVERIFIED;FIRST_PRICE_IS_NOT_LISTING_DATE;PIT_MEMBERSHIP_NOT_FULLY_VERIFIED,False,Candidate interval only. Not enabled for engine.
LMPI,,,,UNKNOWN,FIRST_PRICE_OBSERVATION_ONLY__NOT_LISTING_DATE,,UNKNOWN,OPEN_ENDED_CURRENT_DATASET__NOT_DELISTING,0,0,,,UNKNOWN,HIGH,LISTING_EVIDENCE_MISSING;DELISTING_STATUS_UNVERIFIED;FIRST_PRICE_IS_NOT_LISTING_DATE;PIT_MEMBERSHIP_NOT_FULLY_VERIFIED,False,Candidate interval only. Not enabled for engine.
LMSH,,,,UNKNOWN,FIRST_PRICE_OBSERVATION_ONLY__NOT_LISTING_DATE,,UNKNOWN,OPEN_ENDED_CURRENT_DATASET__NOT_DELISTING,0,0,,,UNKNOWN,HIGH,LISTING_EVIDENCE_MISSING;DELISTING_STATUS_UNVERIFIED;FIRST_PRICE_IS_NOT_LISTING_DATE;PIT_MEMBERSHIP_NOT_FULLY_VERIFIED,False,Candidate interval only. Not enabled for engine.
LOPI,,,,UNKNOWN,FIRST_PRICE_OBSERVATION_ONLY__NOT_LISTING_DATE,,UNKNOWN,OPEN_ENDED_CURRENT_DATASET__NOT_DELISTING,0,0,,,UNKNOWN,HIGH,LISTING_EVIDENCE_MISSING;DELISTING_STATUS_UNVERIFIED;FIRST_PRICE_IS_NOT_LISTING_DATE;PIT_MEMBERSHIP_NOT_FULLY_VERIFIED,False,Candidate interval only. Not enabled for engine.
LPCK,,,,UNKNOWN,FIRST_PRICE_OBSERVATION_ONLY__NOT_LISTING_DATE,,UNKNOWN,OPEN_ENDED_CURRENT_DATASET__NOT_DELISTING,0,0,,,UNKNOWN,HIGH,LISTING_EVIDENCE_MISSING;DELISTING_STATUS_UNVERIFIED;FIRST_PRICE_IS_NOT_LISTING_DATE;PIT_MEMBERSHIP_NOT_FULLY_VERIFIED,False,Candidate interval only. Not enabled for engine.
LPGI,,,,UNKNOWN,FIRST_PRICE_OBSERVATION_ONLY__NOT_LISTING_DATE,,UNKNOWN,OPEN_ENDED_CURRENT_DATASET__NOT_DELISTING,0,0,,,UNKNOWN,HIGH,LISTING_EVIDENCE_MISSING;DELISTING_STATUS_UNVERIFIED;FIRST_PRICE_IS_NOT_LISTING_DATE;PIT_MEMBERSHIP_NOT_FULLY_VERIFIED,False,Candidate interval only. Not enabled for engine.
LPIN,,,,UNKNOWN,FIRST_PRICE_OBSERVATION_ONLY__NOT_LISTING_DATE,,UNKNOWN,OPEN_ENDED_CURRENT_DATASET__NOT_DELISTING,0,0,,,UNKNOWN,HIGH,LISTING_EVIDENCE_MISSING;DELISTING_STATUS_UNVERIFIED;FIRST_PRICE_IS_NOT_LISTING_DATE;PIT_MEMBERSHIP_NOT_FULLY_VERIFIED,False,Candidate interval only. Not enabled for engine.
LPKR,,,,UNKNOWN,FIRST_PRICE_OBSERVATION_ONLY__NOT_LISTING_DATE,,UNKNOWN,OPEN_ENDED_CURRENT_DATASET__NOT_DELISTING,0,0,,,UNKNOWN,HIGH,LISTING_EVIDENCE_MISSING;DELISTING_STATUS_UNVERIFIED;FIRST_PRICE_IS_NOT_LISTING_DATE;PIT_MEMBERSHIP_NOT_FULLY_VERIFIED,False,Candidate interval only. Not enabled for engine.
LPLI,,,,UNKNOWN,FIRST_PRICE_OBSERVATION_ONLY__NOT_LISTING_DATE,,UNKNOWN,OPEN_ENDED_CURRENT_DATASET__NOT_DELISTING,0,0,,,UNKNOWN,HIGH,LISTING_EVIDENCE_MISSING;DELISTING_STATUS_UNVERIFIED;FIRST_PRICE_IS_NOT_LISTING_DATE;PIT_MEMBERSHIP_NOT_FULLY_VERIFIED,False,Candidate interval only. Not enabled for engine.
LPPF,,,,UNKNOWN,FIRST_PRICE_OBSERVATION_ONLY__NOT_LISTING_DATE,,UNKNOWN,OPEN_ENDED_CURRENT_DATASET__NOT_DELISTING,0,0,,,UNKNOWN,HIGH,LISTING_EVIDENCE_MISSING;DELISTING_STATUS_UNVERIFIED;FIRST_PRICE_IS_NOT_LISTING_DATE;PIT_MEMBERSHIP_NOT_FULLY_VERIFIED,False,Candidate interval only. Not enabled for engine.
LPPS,,,,UNKNOWN,FIRST_PRICE_OBSERVATION_ONLY__NOT_LISTING_DATE,,UNKNOWN,OPEN_ENDED_CURRENT_DATASET__NOT_DELISTING,0,0,,,UNKNOWN,HIGH,LISTING_EVIDENCE_MISSING;DELISTING_STATUS_UNVERIFIED;FIRST_PRICE_IS_NOT_LISTING_DATE;PIT_MEMBERSHIP_NOT_FULLY_VERIFIED,False,Candidate interval only. Not enabled for engine.
LRNA,,,,UNKNOWN,FIRST_PRICE_OBSERVATION_ONLY__NOT_LISTING_DATE,,UNKNOWN,OPEN_ENDED_CURRENT_DATASET__NOT_DELISTING,0,0,,,UNKNOWN,HIGH,LISTING_EVIDENCE_MISSING;DELISTING_STATUS_UNVERIFIED;FIRST_PRICE_IS_NOT_LISTING_DATE;PIT_MEMBERSHIP_NOT_FULLY_VERIFIED,False,Candidate interval only. Not enabled for engine.
LSIP,,,,UNKNOWN,FIRST_PRICE_OBSERVATION_ONLY__NOT_LISTING_DATE,,UNKNOWN,OPEN_ENDED_CURRENT_DATASET__NOT_DELISTING,0,0,,,UNKNOWN,HIGH,LISTING_EVIDENCE_MISSING;DELISTING_STATUS_UNVERIFIED;FIRST_PRICE_IS_NOT_LISTING_DATE;PIT_MEMBERSHIP_NOT_FULLY_VERIFIED,False,Candidate interval only. Not enabled for engine.
LTLS,,,,UNKNOWN,FIRST_PRICE_OBSERVATION_ONLY__NOT_LISTING_DATE,,UNKNOWN,OPEN_ENDED_CURRENT_DATASET__NOT_DELISTING,0,0,,,UNKNOWN,HIGH,LISTING_EVIDENCE_MISSING;DELISTING_STATUS_UNVERIFIED;FIRST_PRICE_IS_NOT_LISTING_DATE;PIT_MEMBERSHIP_NOT_FULLY_VERIFIED,False,Candidate interval only. Not enabled for engine.
LUCK,,,,UNKNOWN,FIRST_PRICE_OBSERVATION_ONLY__NOT_LISTING_DATE,,UNKNOWN,OPEN_ENDED_CURRENT_DATASET__NOT_DELISTING,0,0,,,UNKNOWN,HIGH,LISTING_EVIDENCE_MISSING;DELISTING_STATUS_UNVERIFIED;FIRST_PRICE_IS_NOT_LISTING_DATE;PIT_MEMBERSHIP_NOT_FULLY_VERIFIED,False,Candidate interval only. Not enabled for engine.
LUCY,,,,UNKNOWN,FIRST_PRICE_OBSERVATION_ONLY__NOT_LISTING_DATE,,UNKNOWN,OPEN_ENDED_CURRENT_DATASET__NOT_DELISTING,0,0,,,UNKNOWN,HIGH,LISTING_EVIDENCE_MISSING;DELISTING_STATUS_UNVERIFIED;FIRST_PRICE_IS_NOT_LISTING_DATE;PIT_MEMBERSHIP_NOT_FULLY_VERIFIED,False,Candidate interval only. Not enabled for engine.
MAHA,,,,UNKNOWN,FIRST_PRICE_OBSERVATION_ONLY__NOT_LISTING_DATE,,UNKNOWN,OPEN_ENDED_CURRENT_DATASET__NOT_DELISTING,0,0,,,UNKNOWN,HIGH,LISTING_EVIDENCE_MISSING;DELISTING_STATUS_UNVERIFIED;FIRST_PRICE_IS_NOT_LISTING_DATE;PIT_MEMBERSHIP_NOT_FULLY_VERIFIED,False,Candidate interval only. Not enabled for engine.
MAIN,,,,UNKNOWN,FIRST_PRICE_OBSERVATION_ONLY__NOT_LISTING_DATE,,UNKNOWN,OPEN_ENDED_CURRENT_DATASET__NOT_DELISTING,0,0,,,UNKNOWN,HIGH,LISTING_EVIDENCE_MISSING;DELISTING_STATUS_UNVERIFIED;FIRST_PRICE_IS_NOT_LISTING_DATE;PIT_MEMBERSHIP_NOT_FULLY_VERIFIED,False,Candidate interval only. Not enabled for engine.
MANG,,,,UNKNOWN,FIRST_PRICE_OBSERVATION_ONLY__NOT_LISTING_DATE,,UNKNOWN,OPEN_ENDED_CURRENT_DATASET__NOT_DELISTING,0,0,,,UNKNOWN,HIGH,LISTING_EVIDENCE_MISSING;DELISTING_STATUS_UNVERIFIED;FIRST_PRICE_IS_NOT_LISTING_DATE;PIT_MEMBERSHIP_NOT_FULLY_VERIFIED,False,Candidate interval only. Not enabled for engine.
MAPA,,,,UNKNOWN,FIRST_PRICE_OBSERVATION_ONLY__NOT_LISTING_DATE,,UNKNOWN,OPEN_ENDED_CURRENT_DATASET__NOT_DELISTING,0,0,,,UNKNOWN,HIGH,LISTING_EVIDENCE_MISSING;DELISTING_STATUS_UNVERIFIED;FIRST_PRICE_IS_NOT_LISTING_DATE;PIT_MEMBERSHIP_NOT_FULLY_VERIFIED,False,Candidate interval only. Not enabled for engine.
MAPB,,,,UNKNOWN,FIRST_PRICE_OBSERVATION_ONLY__NOT_LISTING_DATE,,UNKNOWN,OPEN_ENDED_CURRENT_DATASET__NOT_DELISTING,0,0,,,UNKNOWN,HIGH,LISTING_EVIDENCE_MISSING;DELISTING_STATUS_UNVERIFIED;FIRST_PRICE_IS_NOT_LISTING_DATE;PIT_MEMBERSHIP_NOT_FULLY_VERIFIED,False,Candidate interval only. Not enabled for engine.
MAPI,,,,UNKNOWN,FIRST_PRICE_OBSERVATION_ONLY__NOT_LISTING_DATE,,UNKNOWN,OPEN_ENDED_CURRENT_DATASET__NOT_DELISTING,0,0,,,UNKNOWN,HIGH,LISTING_EVIDENCE_MISSING;DELISTING_STATUS_UNVERIFIED;FIRST_PRICE_IS_NOT_LISTING_DATE;PIT_MEMBERSHIP_NOT_FULLY_VERIFIED,False,Candidate interval only. Not enabled for engine.
MARI,,,,UNKNOWN,FIRST_PRICE_OBSERVATION_ONLY__NOT_LISTING_DATE,,UNKNOWN,OPEN_ENDED_CURRENT_DATASET__NOT_DELISTING,0,0,,,UNKNOWN,HIGH,LISTING_EVIDENCE_MISSING;DELISTING_STATUS_UNVERIFIED;FIRST_PRICE_IS_NOT_LISTING_DATE;PIT_MEMBERSHIP_NOT_FULLY_VERIFIED,False,Candidate interval only. Not enabled for engine.
MARK,,,,UNKNOWN,FIRST_PRICE_OBSERVATION_ONLY__NOT_LISTING_DATE,,UNKNOWN,OPEN_ENDED_CURRENT_DATASET__NOT_DELISTING,0,0,,,UNKNOWN,HIGH,LISTING_EVIDENCE_MISSING;DELISTING_STATUS_UNVERIFIED;FIRST_PRICE_IS_NOT_LISTING_DATE;PIT_MEMBERSHIP_NOT_FULLY_VERIFIED,False,Candidate interval only. Not enabled for engine.
MASB,,,,UNKNOWN,FIRST_PRICE_OBSERVATION_ONLY__NOT_LISTING_DATE,,UNKNOWN,OPEN_ENDED_CURRENT_DATASET__NOT_DELISTING,0,0,,,UNKNOWN,HIGH,LISTING_EVIDENCE_MISSING;DELISTING_STATUS_UNVERIFIED;FIRST_PRICE_IS_NOT_LISTING_DATE;PIT_MEMBERSHIP_NOT_FULLY_VERIFIED,False,Candidate interval only. Not enabled for engine.
MAXI,,,,UNKNOWN,FIRST_PRICE_OBSERVATION_ONLY__NOT_LISTING_DATE,,UNKNOWN,OPEN_ENDED_CURRENT_DATASET__NOT_DELISTING,0,0,,,UNKNOWN,HIGH,LISTING_EVIDENCE_MISSING;DELISTING_STATUS_UNVERIFIED;FIRST_PRICE_IS_NOT_LISTING_DATE;PIT_MEMBERSHIP_NOT_FULLY_VERIFIED,False,Candidate interval only. Not enabled for engine.
MAYA,,,,UNKNOWN,FIRST_PRICE_OBSERVATION_ONLY__NOT_LISTING_DATE,,UNKNOWN,OPEN_ENDED_CURRENT_DATASET__NOT_DELISTING,0,0,,,UNKNOWN,HIGH,LISTING_EVIDENCE_MISSING;DELISTING_STATUS_UNVERIFIED;FIRST_PRICE_IS_NOT_LISTING_DATE;PIT_MEMBERSHIP_NOT_FULLY_VERIFIED,False,Candidate interval only. Not enabled for engine.
MBAP,,,,UNKNOWN,FIRST_PRICE_OBSERVATION_ONLY__NOT_LISTING_DATE,,UNKNOWN,OPEN_ENDED_CURRENT_DATASET__NOT_DELISTING,0,0,,,UNKNOWN,HIGH,LISTING_EVIDENCE_MISSING;DELISTING_STATUS_UNVERIFIED;FIRST_PRICE_IS_NOT_LISTING_DATE;PIT_MEMBERSHIP_NOT_FULLY_VERIFIED,False,Candidate interval only. Not enabled for engine.
MBMA,,,,UNKNOWN,FIRST_PRICE_OBSERVATION_ONLY__NOT_LISTING_DATE,,UNKNOWN,OPEN_ENDED_CURRENT_DATASET__NOT_DELISTING,0,0,,,UNKNOWN,HIGH,LISTING_EVIDENCE_MISSING;DELISTING_STATUS_UNVERIFIED;FIRST_PRICE_IS_NOT_LISTING_DATE;PIT_MEMBERSHIP_NOT_FULLY_VERIFIED,False,Candidate interval only. Not enabled for engine.
MBSS,,,,UNKNOWN,FIRST_PRICE_OBSERVATION_ONLY__NOT_LISTING_DATE,,UNKNOWN,OPEN_ENDED_CURRENT_DATASET__NOT_DELISTING,0,0,,,UNKNOWN,HIGH,LISTING_EVIDENCE_MISSING;DELISTING_STATUS_UNVERIFIED;FIRST_PRICE_IS_NOT_LISTING_DATE;PIT_MEMBERSHIP_NOT_FULLY_VERIFIED,False,Candidate interval only. Not enabled for engine.
MBTO,,,,UNKNOWN,FIRST_PRICE_OBSERVATION_ONLY__NOT_LISTING_DATE,,UNKNOWN,OPEN_ENDED_CURRENT_DATASET__NOT_DELISTING,0,0,,,UNKNOWN,HIGH,LISTING_EVIDENCE_MISSING;DELISTING_STATUS_UNVERIFIED;FIRST_PRICE_IS_NOT_LISTING_DATE;PIT_MEMBERSHIP_NOT_FULLY_VERIFIED,False,Candidate interval only. Not enabled for engine.
MCAS,,,,UNKNOWN,FIRST_PRICE_OBSERVATION_ONLY__NOT_LISTING_DATE,,UNKNOWN,OPEN_ENDED_CURRENT_DATASET__NOT_DELISTING,0,0,,,UNKNOWN,HIGH,LISTING_EVIDENCE_MISSING;DELISTING_STATUS_UNVERIFIED;FIRST_PRICE_IS_NOT_LISTING_DATE;PIT_MEMBERSHIP_NOT_FULLY_VERIFIED,False,Candidate interval only. Not enabled for engine.
MCOL,,,,UNKNOWN,FIRST_PRICE_OBSERVATION_ONLY__NOT_LISTING_DATE,,UNKNOWN,OPEN_ENDED_CURRENT_DATASET__NOT_DELISTING,0,0,,,UNKNOWN,HIGH,LISTING_EVIDENCE_MISSING;DELISTING_STATUS_UNVERIFIED;FIRST_PRICE_IS_NOT_LISTING_DATE;PIT_MEMBERSHIP_NOT_FULLY_VERIFIED,False,Candidate interval only. Not enabled for engine.
MCOR,,,,UNKNOWN,FIRST_PRICE_OBSERVATION_ONLY__NOT_LISTING_DATE,,UNKNOWN,OPEN_ENDED_CURRENT_DATASET__NOT_DELISTING,0,0,,,UNKNOWN,HIGH,LISTING_EVIDENCE_MISSING;DELISTING_STATUS_UNVERIFIED;FIRST_PRICE_IS_NOT_LISTING_DATE;PIT_MEMBERSHIP_NOT_FULLY_VERIFIED,False,Candidate interval only. Not enabled for engine.
MDIA,,,,UNKNOWN,FIRST_PRICE_OBSERVATION_ONLY__NOT_LISTING_DATE,,UNKNOWN,OPEN_ENDED_CURRENT_DATASET__NOT_DELISTING,0,0,,,UNKNOWN,HIGH,LISTING_EVIDENCE_MISSING;DELISTING_STATUS_UNVERIFIED;FIRST_PRICE_IS_NOT_LISTING_DATE;PIT_MEMBERSHIP_NOT_FULLY_VERIFIED,False,Candidate interval only. Not enabled for engine.
MDIY,,,,UNKNOWN,FIRST_PRICE_OBSERVATION_ONLY__NOT_LISTING_DATE,,UNKNOWN,OPEN_ENDED_CURRENT_DATASET__NOT_DELISTING,0,0,,,UNKNOWN,HIGH,LISTING_EVIDENCE_MISSING;DELISTING_STATUS_UNVERIFIED;FIRST_PRICE_IS_NOT_LISTING_DATE;PIT_MEMBERSHIP_NOT_FULLY_VERIFIED,False,Candidate interval only. Not enabled for engine.
MDKA,,,,UNKNOWN,FIRST_PRICE_OBSERVATION_ONLY__NOT_LISTING_DATE,,UNKNOWN,OPEN_ENDED_CURRENT_DATASET__NOT_DELISTING,0,0,,,UNKNOWN,HIGH,LISTING_EVIDENCE_MISSING;DELISTING_STATUS_UNVERIFIED;FIRST_PRICE_IS_NOT_LISTING_DATE;PIT_MEMBERSHIP_NOT_FULLY_VERIFIED,False,Candidate interval only. Not enabled for engine.
MDKI,,,,UNKNOWN,FIRST_PRICE_OBSERVATION_ONLY__NOT_LISTING_DATE,,UNKNOWN,OPEN_ENDED_CURRENT_DATASET__NOT_DELISTING,0,0,,,UNKNOWN,HIGH,LISTING_EVIDENCE_MISSING;DELISTING_STATUS_UNVERIFIED;FIRST_PRICE_IS_NOT_LISTING_DATE;PIT_MEMBERSHIP_NOT_FULLY_VERIFIED,False,Candidate interval only. Not enabled for engine.
MDLA,,,,UNKNOWN,FIRST_PRICE_OBSERVATION_ONLY__NOT_LISTING_DATE,,UNKNOWN,OPEN_ENDED_CURRENT_DATASET__NOT_DELISTING,0,0,,,UNKNOWN,HIGH,LISTING_EVIDENCE_MISSING;DELISTING_STATUS_UNVERIFIED;FIRST_PRICE_IS_NOT_LISTING_DATE;PIT_MEMBERSHIP_NOT_FULLY_VERIFIED,False,Candidate interval only. Not enabled for engine.
MDLN,,,,UNKNOWN,FIRST_PRICE_OBSERVATION_ONLY__NOT_LISTING_DATE,,UNKNOWN,OPEN_ENDED_CURRENT_DATASET__NOT_DELISTING,0,0,,,UNKNOWN,HIGH,LISTING_EVIDENCE_MISSING;DELISTING_STATUS_UNVERIFIED;FIRST_PRICE_IS_NOT_LISTING_DATE;PIT_MEMBERSHIP_NOT_FULLY_VERIFIED,False,Candidate interval only. Not enabled for engine.
MDRN,,,,UNKNOWN,FIRST_PRICE_OBSERVATION_ONLY__NOT_LISTING_DATE,,UNKNOWN,OPEN_ENDED_CURRENT_DATASET__NOT_DELISTING,0,0,,,UNKNOWN,HIGH,LISTING_EVIDENCE_MISSING;DELISTING_STATUS_UNVERIFIED;FIRST_PRICE_IS_NOT_LISTING_DATE;PIT_MEMBERSHIP_NOT_FULLY_VERIFIED,False,Candidate interval only. Not enabled for engine.
MEDC,,,,UNKNOWN,FIRST_PRICE_OBSERVATION_ONLY__NOT_LISTING_DATE,,UNKNOWN,OPEN_ENDED_CURRENT_DATASET__NOT_DELISTING,0,0,,,UNKNOWN,HIGH,LISTING_EVIDENCE_MISSING;DELISTING_STATUS_UNVERIFIED;FIRST_PRICE_IS_NOT_LISTING_DATE;PIT_MEMBERSHIP_NOT_FULLY_VERIFIED,False,Candidate interval only. Not enabled for engine.
MEDS,,,,UNKNOWN,FIRST_PRICE_OBSERVATION_ONLY__NOT_LISTING_DATE,,UNKNOWN,OPEN_ENDED_CURRENT_DATASET__NOT_DELISTING,0,0,,,UNKNOWN,HIGH,LISTING_EVIDENCE_MISSING;DELISTING_STATUS_UNVERIFIED;FIRST_PRICE_IS_NOT_LISTING_DATE;PIT_MEMBERSHIP_NOT_FULLY_VERIFIED,False,Candidate interval only. Not enabled for engine.
MEGA,,,,UNKNOWN,FIRST_PRICE_OBSERVATION_ONLY__NOT_LISTING_DATE,,UNKNOWN,OPEN_ENDED_CURRENT_DATASET__NOT_DELISTING,0,0,,,UNKNOWN,HIGH,LISTING_EVIDENCE_MISSING;DELISTING_STATUS_UNVERIFIED;FIRST_PRICE_IS_NOT_LISTING_DATE;PIT_MEMBERSHIP_NOT_FULLY_VERIFIED,False,Candidate interval only. Not enabled for engine.
MEJA,,,,UNKNOWN,FIRST_PRICE_OBSERVATION_ONLY__NOT_LISTING_DATE,,UNKNOWN,OPEN_ENDED_CURRENT_DATASET__NOT_DELISTING,0,0,,,UNKNOWN,HIGH,LISTING_EVIDENCE_MISSING;DELISTING_STATUS_UNVERIFIED;FIRST_PRICE_IS_NOT_LISTING_DATE;PIT_MEMBERSHIP_NOT_FULLY_VERIFIED,False,Candidate interval only. Not enabled for engine.
MENN,,,,UNKNOWN,FIRST_PRICE_OBSERVATION_ONLY__NOT_LISTING_DATE,,UNKNOWN,OPEN_ENDED_CURRENT_DATASET__NOT_DELISTING,0,0,,,UNKNOWN,HIGH,LISTING_EVIDENCE_MISSING;DELISTING_STATUS_UNVERIFIED;FIRST_PRICE_IS_NOT_LISTING_DATE;PIT_MEMBERSHIP_NOT_FULLY_VERIFIED,False,Candidate interval only. Not enabled for engine.
MERI,,,,UNKNOWN,FIRST_PRICE_OBSERVATION_ONLY__NOT_LISTING_DATE,,UNKNOWN,OPEN_ENDED_CURRENT_DATASET__NOT_DELISTING,0,0,,,UNKNOWN,HIGH,LISTING_EVIDENCE_MISSING;DELISTING_STATUS_UNVERIFIED;FIRST_PRICE_IS_NOT_LISTING_DATE;PIT_MEMBERSHIP_NOT_FULLY_VERIFIED,False,Candidate interval only. Not enabled for engine.
MERK,,,,UNKNOWN,FIRST_PRICE_OBSERVATION_ONLY__NOT_LISTING_DATE,,UNKNOWN,OPEN_ENDED_CURRENT_DATASET__NOT_DELISTING,0,0,,,UNKNOWN,HIGH,LISTING_EVIDENCE_MISSING;DELISTING_STATUS_UNVERIFIED;FIRST_PRICE_IS_NOT_LISTING_DATE;PIT_MEMBERSHIP_NOT_FULLY_VERIFIED,False,Candidate interval only. Not enabled for engine.
MFMI,,,,UNKNOWN,FIRST_PRICE_OBSERVATION_ONLY__NOT_LISTING_DATE,,UNKNOWN,OPEN_ENDED_CURRENT_DATASET__NOT_DELISTING,0,0,,,UNKNOWN,HIGH,LISTING_EVIDENCE_MISSING;DELISTING_STATUS_UNVERIFIED;FIRST_PRICE_IS_NOT_LISTING_DATE;PIT_MEMBERSHIP_NOT_FULLY_VERIFIED,False,Candidate interval only. Not enabled for engine.
MGLV,,,,UNKNOWN,FIRST_PRICE_OBSERVATION_ONLY__NOT_LISTING_DATE,,UNKNOWN,OPEN_ENDED_CURRENT_DATASET__NOT_DELISTING,0,0,,,UNKNOWN,HIGH,LISTING_EVIDENCE_MISSING;DELISTING_STATUS_UNVERIFIED;FIRST_PRICE_IS_NOT_LISTING_DATE;PIT_MEMBERSHIP_NOT_FULLY_VERIFIED,False,Candidate interval only. Not enabled for engine.
MGNA,,,,UNKNOWN,FIRST_PRICE_OBSERVATION_ONLY__NOT_LISTING_DATE,,UNKNOWN,OPEN_ENDED_CURRENT_DATASET__NOT_DELISTING,0,0,,,UNKNOWN,HIGH,LISTING_EVIDENCE_MISSING;DELISTING_STATUS_UNVERIFIED;FIRST_PRICE_IS_NOT_LISTING_DATE;PIT_MEMBERSHIP_NOT_FULLY_VERIFIED,False,Candidate interval only. Not enabled for engine.
MGRO,,,,UNKNOWN,FIRST_PRICE_OBSERVATION_ONLY__NOT_LISTING_DATE,,UNKNOWN,OPEN_ENDED_CURRENT_DATASET__NOT_DELISTING,0,0,,,UNKNOWN,HIGH,LISTING_EVIDENCE_MISSING;DELISTING_STATUS_UNVERIFIED;FIRST_PRICE_IS_NOT_LISTING_DATE;PIT_MEMBERSHIP_NOT_FULLY_VERIFIED,False,Candidate interval only. Not enabled for engine.
MHKI,,,,UNKNOWN,FIRST_PRICE_OBSERVATION_ONLY__NOT_LISTING_DATE,,UNKNOWN,OPEN_ENDED_CURRENT_DATASET__NOT_DELISTING,0,0,,,UNKNOWN,HIGH,LISTING_EVIDENCE_MISSING;DELISTING_STATUS_UNVERIFIED;FIRST_PRICE_IS_NOT_LISTING_DATE;PIT_MEMBERSHIP_NOT_FULLY_VERIFIED,False,Candidate interval only. Not enabled for engine.
MICE,,,,UNKNOWN,FIRST_PRICE_OBSERVATION_ONLY__NOT_LISTING_DATE,,UNKNOWN,OPEN_ENDED_CURRENT_DATASET__NOT_DELISTING,0,0,,,UNKNOWN,HIGH,LISTING_EVIDENCE_MISSING;DELISTING_STATUS_UNVERIFIED;FIRST_PRICE_IS_NOT_LISTING_DATE;PIT_MEMBERSHIP_NOT_FULLY_VERIFIED,False,Candidate interval only. Not enabled for engine.
MIDI,,,,UNKNOWN,FIRST_PRICE_OBSERVATION_ONLY__NOT_LISTING_DATE,,UNKNOWN,OPEN_ENDED_CURRENT_DATASET__NOT_DELISTING,0,0,,,UNKNOWN,HIGH,LISTING_EVIDENCE_MISSING;DELISTING_STATUS_UNVERIFIED;FIRST_PRICE_IS_NOT_LISTING_DATE;PIT_MEMBERSHIP_NOT_FULLY_VERIFIED,False,Candidate interval only. Not enabled for engine.
MIKA,,,,UNKNOWN,FIRST_PRICE_OBSERVATION_ONLY__NOT_LISTING_DATE,,UNKNOWN,OPEN_ENDED_CURRENT_DATASET__NOT_DELISTING,0,0,,,UNKNOWN,HIGH,LISTING_EVIDENCE_MISSING;DELISTING_STATUS_UNVERIFIED;FIRST_PRICE_IS_NOT_LISTING_DATE;PIT_MEMBERSHIP_NOT_FULLY_VERIFIED,False,Candidate interval only. Not enabled for engine.
MINA,,,,UNKNOWN,FIRST_PRICE_OBSERVATION_ONLY__NOT_LISTING_DATE,,UNKNOWN,OPEN_ENDED_CURRENT_DATASET__NOT_DELISTING,0,0,,,UNKNOWN,HIGH,LISTING_EVIDENCE_MISSING;DELISTING_STATUS_UNVERIFIED;FIRST_PRICE_IS_NOT_LISTING_DATE;PIT_MEMBERSHIP_NOT_FULLY_VERIFIED,False,Candidate interval only. Not enabled for engine.
MINE,,,,UNKNOWN,FIRST_PRICE_OBSERVATION_ONLY__NOT_LISTING_DATE,,UNKNOWN,OPEN_ENDED_CURRENT_DATASET__NOT_DELISTING,0,0,,,UNKNOWN,HIGH,LISTING_EVIDENCE_MISSING;DELISTING_STATUS_UNVERIFIED;FIRST_PRICE_IS_NOT_LISTING_DATE;PIT_MEMBERSHIP_NOT_FULLY_VERIFIED,False,Candidate interval only. Not enabled for engine.
MIRA,,,,UNKNOWN,FIRST_PRICE_OBSERVATION_ONLY__NOT_LISTING_DATE,,UNKNOWN,OPEN_ENDED_CURRENT_DATASET__NOT_DELISTING,0,0,,,UNKNOWN,HIGH,LISTING_EVIDENCE_MISSING;DELISTING_STATUS_UNVERIFIED;FIRST_PRICE_IS_NOT_LISTING_DATE;PIT_MEMBERSHIP_NOT_FULLY_VERIFIED,False,Candidate interval only. Not enabled for engine.
MITI,,,,UNKNOWN,FIRST_PRICE_OBSERVATION_ONLY__NOT_LISTING_DATE,,UNKNOWN,OPEN_ENDED_CURRENT_DATASET__NOT_DELISTING,0,0,,,UNKNOWN,HIGH,LISTING_EVIDENCE_MISSING;DELISTING_STATUS_UNVERIFIED;FIRST_PRICE_IS_NOT_LISTING_DATE;PIT_MEMBERSHIP_NOT_FULLY_VERIFIED,False,Candidate interval only. Not enabled for engine.
MKAP,,,,UNKNOWN,FIRST_PRICE_OBSERVATION_ONLY__NOT_LISTING_DATE,,UNKNOWN,OPEN_ENDED_CURRENT_DATASET__NOT_DELISTING,0,0,,,UNKNOWN,HIGH,LISTING_EVIDENCE_MISSING;DELISTING_STATUS_UNVERIFIED;FIRST_PRICE_IS_NOT_LISTING_DATE;PIT_MEMBERSHIP_NOT_FULLY_VERIFIED,False,Candidate interval only. Not enabled for engine.
MKNT,,,,UNKNOWN,FIRST_PRICE_OBSERVATION_ONLY__NOT_LISTING_DATE,,UNKNOWN,OPEN_ENDED_CURRENT_DATASET__NOT_DELISTING,0,0,,,UNKNOWN,HIGH,LISTING_EVIDENCE_MISSING;DELISTING_STATUS_UNVERIFIED;FIRST_PRICE_IS_NOT_LISTING_DATE;PIT_MEMBERSHIP_NOT_FULLY_VERIFIED,False,Candidate interval only. Not enabled for engine.
MKPI,,,,UNKNOWN,FIRST_PRICE_OBSERVATION_ONLY__NOT_LISTING_DATE,,UNKNOWN,OPEN_ENDED_CURRENT_DATASET__NOT_DELISTING,0,0,,,UNKNOWN,HIGH,LISTING_EVIDENCE_MISSING;DELISTING_STATUS_UNVERIFIED;FIRST_PRICE_IS_NOT_LISTING_DATE;PIT_MEMBERSHIP_NOT_FULLY_VERIFIED,False,Candidate interval only. Not enabled for engine.
MKTR,,,,UNKNOWN,FIRST_PRICE_OBSERVATION_ONLY__NOT_LISTING_DATE,,UNKNOWN,OPEN_ENDED_CURRENT_DATASET__NOT_DELISTING,0,0,,,UNKNOWN,HIGH,LISTING_EVIDENCE_MISSING;DELISTING_STATUS_UNVERIFIED;FIRST_PRICE_IS_NOT_LISTING_DATE;PIT_MEMBERSHIP_NOT_FULLY_VERIFIED,False,Candidate interval only. Not enabled for engine.
MLBI,,,,UNKNOWN,FIRST_PRICE_OBSERVATION_ONLY__NOT_LISTING_DATE,,UNKNOWN,OPEN_ENDED_CURRENT_DATASET__NOT_DELISTING,0,0,,,UNKNOWN,HIGH,LISTING_EVIDENCE_MISSING;DELISTING_STATUS_UNVERIFIED;FIRST_PRICE_IS_NOT_LISTING_DATE;PIT_MEMBERSHIP_NOT_FULLY_VERIFIED,False,Candidate interval only. Not enabled for engine.
MLIA,,,,UNKNOWN,FIRST_PRICE_OBSERVATION_ONLY__NOT_LISTING_DATE,,UNKNOWN,OPEN_ENDED_CURRENT_DATASET__NOT_DELISTING,0,0,,,UNKNOWN,HIGH,LISTING_EVIDENCE_MISSING;DELISTING_STATUS_UNVERIFIED;FIRST_PRICE_IS_NOT_LISTING_DATE;PIT_MEMBERSHIP_NOT_FULLY_VERIFIED,False,Candidate interval only. Not enabled for engine.
MLPL,,,,UNKNOWN,FIRST_PRICE_OBSERVATION_ONLY__NOT_LISTING_DATE,,UNKNOWN,OPEN_ENDED_CURRENT_DATASET__NOT_DELISTING,0,0,,,UNKNOWN,HIGH,LISTING_EVIDENCE_MISSING;DELISTING_STATUS_UNVERIFIED;FIRST_PRICE_IS_NOT_LISTING_DATE;PIT_MEMBERSHIP_NOT_FULLY_VERIFIED,False,Candidate interval only. Not enabled for engine.
MLPT,,,,UNKNOWN,FIRST_PRICE_OBSERVATION_ONLY__NOT_LISTING_DATE,,UNKNOWN,OPEN_ENDED_CURRENT_DATASET__NOT_DELISTING,0,0,,,UNKNOWN,HIGH,LISTING_EVIDENCE_MISSING;DELISTING_STATUS_UNVERIFIED;FIRST_PRICE_IS_NOT_LISTING_DATE;PIT_MEMBERSHIP_NOT_FULLY_VERIFIED,False,Candidate interval only. Not enabled for engine.
MMIX,,,,UNKNOWN,FIRST_PRICE_OBSERVATION_ONLY__NOT_LISTING_DATE,,UNKNOWN,OPEN_ENDED_CURRENT_DATASET__NOT_DELISTING,0,0,,,UNKNOWN,HIGH,LISTING_EVIDENCE_MISSING;DELISTING_STATUS_UNVERIFIED;FIRST_PRICE_IS_NOT_LISTING_DATE;PIT_MEMBERSHIP_NOT_FULLY_VERIFIED,False,Candidate interval only. Not enabled for engine.
MMLP,,,,UNKNOWN,FIRST_PRICE_OBSERVATION_ONLY__NOT_LISTING_DATE,,UNKNOWN,OPEN_ENDED_CURRENT_DATASET__NOT_DELISTING,0,0,,,UNKNOWN,HIGH,LISTING_EVIDENCE_MISSING;DELISTING_STATUS_UNVERIFIED;FIRST_PRICE_IS_NOT_LISTING_DATE;PIT_MEMBERSHIP_NOT_FULLY_VERIFIED,False,Candidate interval only. Not enabled for engine.
MNCN,,,,UNKNOWN,FIRST_PRICE_OBSERVATION_ONLY__NOT_LISTING_DATE,,UNKNOWN,OPEN_ENDED_CURRENT_DATASET__NOT_DELISTING,0,0,,,UNKNOWN,HIGH,LISTING_EVIDENCE_MISSING;DELISTING_STATUS_UNVERIFIED;FIRST_PRICE_IS_NOT_LISTING_DATE;PIT_MEMBERSHIP_NOT_FULLY_VERIFIED,False,Candidate interval only. Not enabled for engine.
MOLI,,,,UNKNOWN,FIRST_PRICE_OBSERVATION_ONLY__NOT_LISTING_DATE,,UNKNOWN,OPEN_ENDED_CURRENT_DATASET__NOT_DELISTING,0,0,,,UNKNOWN,HIGH,LISTING_EVIDENCE_MISSING;DELISTING_STATUS_UNVERIFIED;FIRST_PRICE_IS_NOT_LISTING_DATE;PIT_MEMBERSHIP_NOT_FULLY_VERIFIED,False,Candidate interval only. Not enabled for engine.
MORA,,,,UNKNOWN,FIRST_PRICE_OBSERVATION_ONLY__NOT_LISTING_DATE,,UNKNOWN,OPEN_ENDED_CURRENT_DATASET__NOT_DELISTING,0,0,,,UNKNOWN,HIGH,LISTING_EVIDENCE_MISSING;DELISTING_STATUS_UNVERIFIED;FIRST_PRICE_IS_NOT_LISTING_DATE;PIT_MEMBERSHIP_NOT_FULLY_VERIFIED,False,Candidate interval only. Not enabled for engine.
MPMX,,,,UNKNOWN,FIRST_PRICE_OBSERVATION_ONLY__NOT_LISTING_DATE,,UNKNOWN,OPEN_ENDED_CURRENT_DATASET__NOT_DELISTING,0,0,,,UNKNOWN,HIGH,LISTING_EVIDENCE_MISSING;DELISTING_STATUS_UNVERIFIED;FIRST_PRICE_IS_NOT_LISTING_DATE;PIT_MEMBERSHIP_NOT_FULLY_VERIFIED,False,Candidate interval only. Not enabled for engine.
MPOW,,,,UNKNOWN,FIRST_PRICE_OBSERVATION_ONLY__NOT_LISTING_DATE,,UNKNOWN,OPEN_ENDED_CURRENT_DATASET__NOT_DELISTING,0,0,,,UNKNOWN,HIGH,LISTING_EVIDENCE_MISSING;DELISTING_STATUS_UNVERIFIED;FIRST_PRICE_IS_NOT_LISTING_DATE;PIT_MEMBERSHIP_NOT_FULLY_VERIFIED,False,Candidate interval only. Not enabled for engine.
MPPA,,,,UNKNOWN,FIRST_PRICE_OBSERVATION_ONLY__NOT_LISTING_DATE,,UNKNOWN,OPEN_ENDED_CURRENT_DATASET__NOT_DELISTING,0,0,,,UNKNOWN,HIGH,LISTING_EVIDENCE_MISSING;DELISTING_STATUS_UNVERIFIED;FIRST_PRICE_IS_NOT_LISTING_DATE;PIT_MEMBERSHIP_NOT_FULLY_VERIFIED,False,Candidate interval only. Not enabled for engine.
MPRO,,,,UNKNOWN,FIRST_PRICE_OBSERVATION_ONLY__NOT_LISTING_DATE,,UNKNOWN,OPEN_ENDED_CURRENT_DATASET__NOT_DELISTING,0,0,,,UNKNOWN,HIGH,LISTING_EVIDENCE_MISSING;DELISTING_STATUS_UNVERIFIED;FIRST_PRICE_IS_NOT_LISTING_DATE;PIT_MEMBERSHIP_NOT_FULLY_VERIFIED,False,Candidate interval only. Not enabled for engine.
MPXL,,,,UNKNOWN,FIRST_PRICE_OBSERVATION_ONLY__NOT_LISTING_DATE,,UNKNOWN,OPEN_ENDED_CURRENT_DATASET__NOT_DELISTING,0,0,,,UNKNOWN,HIGH,LISTING_EVIDENCE_MISSING;DELISTING_STATUS_UNVERIFIED;FIRST_PRICE_IS_NOT_LISTING_DATE;PIT_MEMBERSHIP_NOT_FULLY_VERIFIED,False,Candidate interval only. Not enabled for engine.
MRAT,,,,UNKNOWN,FIRST_PRICE_OBSERVATION_ONLY__NOT_LISTING_DATE,,UNKNOWN,OPEN_ENDED_CURRENT_DATASET__NOT_DELISTING,0,0,,,UNKNOWN,HIGH,LISTING_EVIDENCE_MISSING;DELISTING_STATUS_UNVERIFIED;FIRST_PRICE_IS_NOT_LISTING_DATE;PIT_MEMBERSHIP_NOT_FULLY_VERIFIED,False,Candidate interval only. Not enabled for engine.
MREI,,,,UNKNOWN,FIRST_PRICE_OBSERVATION_ONLY__NOT_LISTING_DATE,,UNKNOWN,OPEN_ENDED_CURRENT_DATASET__NOT_DELISTING,0,0,,,UNKNOWN,HIGH,LISTING_EVIDENCE_MISSING;DELISTING_STATUS_UNVERIFIED;FIRST_PRICE_IS_NOT_LISTING_DATE;PIT_MEMBERSHIP_NOT_FULLY_VERIFIED,False,Candidate interval only. Not enabled for engine.
MSIE,,,,UNKNOWN,FIRST_PRICE_OBSERVATION_ONLY__NOT_LISTING_DATE,,UNKNOWN,OPEN_ENDED_CURRENT_DATASET__NOT_DELISTING,0,0,,,UNKNOWN,HIGH,LISTING_EVIDENCE_MISSING;DELISTING_STATUS_UNVERIFIED;FIRST_PRICE_IS_NOT_LISTING_DATE;PIT_MEMBERSHIP_NOT_FULLY_VERIFIED,False,Candidate interval only. Not enabled for engine.
MSIN,,,,UNKNOWN,FIRST_PRICE_OBSERVATION_ONLY__NOT_LISTING_DATE,,UNKNOWN,OPEN_ENDED_CURRENT_DATASET__NOT_DELISTING,0,0,,,UNKNOWN,HIGH,LISTING_EVIDENCE_MISSING;DELISTING_STATUS_UNVERIFIED;FIRST_PRICE_IS_NOT_LISTING_DATE;PIT_MEMBERSHIP_NOT_FULLY_VERIFIED,False,Candidate interval only. Not enabled for engine.
MSJA,,,,UNKNOWN,FIRST_PRICE_OBSERVATION_ONLY__NOT_LISTING_DATE,,UNKNOWN,OPEN_ENDED_CURRENT_DATASET__NOT_DELISTING,0,0,,,UNKNOWN,HIGH,LISTING_EVIDENCE_MISSING;DELISTING_STATUS_UNVERIFIED;FIRST_PRICE_IS_NOT_LISTING_DATE;PIT_MEMBERSHIP_NOT_FULLY_VERIFIED,False,Candidate interval only. Not enabled for engine.
MSKY,,,,UNKNOWN,FIRST_PRICE_OBSERVATION_ONLY__NOT_LISTING_DATE,,UNKNOWN,OPEN_ENDED_CURRENT_DATASET__NOT_DELISTING,0,0,,,UNKNOWN,HIGH,LISTING_EVIDENCE_MISSING;DELISTING_STATUS_UNVERIFIED;FIRST_PRICE_IS_NOT_LISTING_DATE;PIT_MEMBERSHIP_NOT_FULLY_VERIFIED,False,Candidate interval only. Not enabled for engine.
MSTI,,,,UNKNOWN,FIRST_PRICE_OBSERVATION_ONLY__NOT_LISTING_DATE,,UNKNOWN,OPEN_ENDED_CURRENT_DATASET__NOT_DELISTING,0,0,,,UNKNOWN,HIGH,LISTING_EVIDENCE_MISSING;DELISTING_STATUS_UNVERIFIED;FIRST_PRICE_IS_NOT_LISTING_DATE;PIT_MEMBERSHIP_NOT_FULLY_VERIFIED,False,Candidate interval only. Not enabled for engine.
MTDL,,,,UNKNOWN,FIRST_PRICE_OBSERVATION_ONLY__NOT_LISTING_DATE,,UNKNOWN,OPEN_ENDED_CURRENT_DATASET__NOT_DELISTING,0,0,,,UNKNOWN,HIGH,LISTING_EVIDENCE_MISSING;DELISTING_STATUS_UNVERIFIED;FIRST_PRICE_IS_NOT_LISTING_DATE;PIT_MEMBERSHIP_NOT_FULLY_VERIFIED,False,Candidate interval only. Not enabled for engine.
MTEL,,,,UNKNOWN,FIRST_PRICE_OBSERVATION_ONLY__NOT_LISTING_DATE,,UNKNOWN,OPEN_ENDED_CURRENT_DATASET__NOT_DELISTING,0,0,,,UNKNOWN,HIGH,LISTING_EVIDENCE_MISSING;DELISTING_STATUS_UNVERIFIED;FIRST_PRICE_IS_NOT_LISTING_DATE;PIT_MEMBERSHIP_NOT_FULLY_VERIFIED,False,Candidate interval only. Not enabled for engine.
MTFN,,,,UNKNOWN,FIRST_PRICE_OBSERVATION_ONLY__NOT_LISTING_DATE,,UNKNOWN,OPEN_ENDED_CURRENT_DATASET__NOT_DELISTING,0,0,,,UNKNOWN,HIGH,LISTING_EVIDENCE_MISSING;DELISTING_STATUS_UNVERIFIED;FIRST_PRICE_IS_NOT_LISTING_DATE;PIT_MEMBERSHIP_NOT_FULLY_VERIFIED,False,Candidate interval only. Not enabled for engine.
MTLA,,,,UNKNOWN,FIRST_PRICE_OBSERVATION_ONLY__NOT_LISTING_DATE,,UNKNOWN,OPEN_ENDED_CURRENT_DATASET__NOT_DELISTING,0,0,,,UNKNOWN,HIGH,LISTING_EVIDENCE_MISSING;DELISTING_STATUS_UNVERIFIED;FIRST_PRICE_IS_NOT_LISTING_DATE;PIT_MEMBERSHIP_NOT_FULLY_VERIFIED,False,Candidate interval only. Not enabled for engine.
MTMH,,,,UNKNOWN,FIRST_PRICE_OBSERVATION_ONLY__NOT_LISTING_DATE,,UNKNOWN,OPEN_ENDED_CURRENT_DATASET__NOT_DELISTING,0,0,,,UNKNOWN,HIGH,LISTING_EVIDENCE_MISSING;DELISTING_STATUS_UNVERIFIED;FIRST_PRICE_IS_NOT_LISTING_DATE;PIT_MEMBERSHIP_NOT_FULLY_VERIFIED,False,Candidate interval only. Not enabled for engine.
MTPS,,,,UNKNOWN,FIRST_PRICE_OBSERVATION_ONLY__NOT_LISTING_DATE,,UNKNOWN,OPEN_ENDED_CURRENT_DATASET__NOT_DELISTING,0,0,,,UNKNOWN,HIGH,LISTING_EVIDENCE_MISSING;DELISTING_STATUS_UNVERIFIED;FIRST_PRICE_IS_NOT_LISTING_DATE;PIT_MEMBERSHIP_NOT_FULLY_VERIFIED,False,Candidate interval only. Not enabled for engine.
MTSM,,,,UNKNOWN,FIRST_PRICE_OBSERVATION_ONLY__NOT_LISTING_DATE,,UNKNOWN,OPEN_ENDED_CURRENT_DATASET__NOT_DELISTING,0,0,,,UNKNOWN,HIGH,LISTING_EVIDENCE_MISSING;DELISTING_STATUS_UNVERIFIED;FIRST_PRICE_IS_NOT_LISTING_DATE;PIT_MEMBERSHIP_NOT_FULLY_VERIFIED,False,Candidate interval only. Not enabled for engine.
MTWI,,,,UNKNOWN,FIRST_PRICE_OBSERVATION_ONLY__NOT_LISTING_DATE,,UNKNOWN,OPEN_ENDED_CURRENT_DATASET__NOT_DELISTING,0,0,,,UNKNOWN,HIGH,LISTING_EVIDENCE_MISSING;DELISTING_STATUS_UNVERIFIED;FIRST_PRICE_IS_NOT_LISTING_DATE;PIT_MEMBERSHIP_NOT_FULLY_VERIFIED,False,Candidate interval only. Not enabled for engine.
MUTU,,,,UNKNOWN,FIRST_PRICE_OBSERVATION_ONLY__NOT_LISTING_DATE,,UNKNOWN,OPEN_ENDED_CURRENT_DATASET__NOT_DELISTING,0,0,,,UNKNOWN,HIGH,LISTING_EVIDENCE_MISSING;DELISTING_STATUS_UNVERIFIED;FIRST_PRICE_IS_NOT_LISTING_DATE;PIT_MEMBERSHIP_NOT_FULLY_VERIFIED,False,Candidate interval only. Not enabled for engine.
MYOH,,,,UNKNOWN,FIRST_PRICE_OBSERVATION_ONLY__NOT_LISTING_DATE,,UNKNOWN,OPEN_ENDED_CURRENT_DATASET__NOT_DELISTING,0,0,,,UNKNOWN,HIGH,LISTING_EVIDENCE_MISSING;DELISTING_STATUS_UNVERIFIED;FIRST_PRICE_IS_NOT_LISTING_DATE;PIT_MEMBERSHIP_NOT_FULLY_VERIFIED,False,Candidate interval only. Not enabled for engine.
MYOR,,,,UNKNOWN,FIRST_PRICE_OBSERVATION_ONLY__NOT_LISTING_DATE,,UNKNOWN,OPEN_ENDED_CURRENT_DATASET__NOT_DELISTING,0,0,,,UNKNOWN,HIGH,LISTING_EVIDENCE_MISSING;DELISTING_STATUS_UNVERIFIED;FIRST_PRICE_IS_NOT_LISTING_DATE;PIT_MEMBERSHIP_NOT_FULLY_VERIFIED,False,Candidate interval only. Not enabled for engine.
MYTX,,,,UNKNOWN,FIRST_PRICE_OBSERVATION_ONLY__NOT_LISTING_DATE,,UNKNOWN,OPEN_ENDED_CURRENT_DATASET__NOT_DELISTING,0,0,,,UNKNOWN,HIGH,LISTING_EVIDENCE_MISSING;DELISTING_STATUS_UNVERIFIED;FIRST_PRICE_IS_NOT_LISTING_DATE;PIT_MEMBERSHIP_NOT_FULLY_VERIFIED,False,Candidate interval only. Not enabled for engine.
NAIK,,,,UNKNOWN,FIRST_PRICE_OBSERVATION_ONLY__NOT_LISTING_DATE,,UNKNOWN,OPEN_ENDED_CURRENT_DATASET__NOT_DELISTING,0,0,,,UNKNOWN,HIGH,LISTING_EVIDENCE_MISSING;DELISTING_STATUS_UNVERIFIED;FIRST_PRICE_IS_NOT_LISTING_DATE;PIT_MEMBERSHIP_NOT_FULLY_VERIFIED,False,Candidate interval only. Not enabled for engine.
NANO,,,,UNKNOWN,FIRST_PRICE_OBSERVATION_ONLY__NOT_LISTING_DATE,,UNKNOWN,OPEN_ENDED_CURRENT_DATASET__NOT_DELISTING,0,0,,,UNKNOWN,HIGH,LISTING_EVIDENCE_MISSING;DELISTING_STATUS_UNVERIFIED;FIRST_PRICE_IS_NOT_LISTING_DATE;PIT_MEMBERSHIP_NOT_FULLY_VERIFIED,False,Candidate interval only. Not enabled for engine.
NASA,,,,UNKNOWN,FIRST_PRICE_OBSERVATION_ONLY__NOT_LISTING_DATE,,UNKNOWN,OPEN_ENDED_CURRENT_DATASET__NOT_DELISTING,0,0,,,UNKNOWN,HIGH,LISTING_EVIDENCE_MISSING;DELISTING_STATUS_UNVERIFIED;FIRST_PRICE_IS_NOT_LISTING_DATE;PIT_MEMBERSHIP_NOT_FULLY_VERIFIED,False,Candidate interval only. Not enabled for engine.
NASI,,,,UNKNOWN,FIRST_PRICE_OBSERVATION_ONLY__NOT_LISTING_DATE,,UNKNOWN,OPEN_ENDED_CURRENT_DATASET__NOT_DELISTING,0,0,,,UNKNOWN,HIGH,LISTING_EVIDENCE_MISSING;DELISTING_STATUS_UNVERIFIED;FIRST_PRICE_IS_NOT_LISTING_DATE;PIT_MEMBERSHIP_NOT_FULLY_VERIFIED,False,Candidate interval only. Not enabled for engine.
NATO,,,,UNKNOWN,FIRST_PRICE_OBSERVATION_ONLY__NOT_LISTING_DATE,,UNKNOWN,OPEN_ENDED_CURRENT_DATASET__NOT_DELISTING,0,0,,,UNKNOWN,HIGH,LISTING_EVIDENCE_MISSING;DELISTING_STATUS_UNVERIFIED;FIRST_PRICE_IS_NOT_LISTING_DATE;PIT_MEMBERSHIP_NOT_FULLY_VERIFIED,False,Candidate interval only. Not enabled for engine.
NAYZ,,,,UNKNOWN,FIRST_PRICE_OBSERVATION_ONLY__NOT_LISTING_DATE,,UNKNOWN,OPEN_ENDED_CURRENT_DATASET__NOT_DELISTING,0,0,,,UNKNOWN,HIGH,LISTING_EVIDENCE_MISSING;DELISTING_STATUS_UNVERIFIED;FIRST_PRICE_IS_NOT_LISTING_DATE;PIT_MEMBERSHIP_NOT_FULLY_VERIFIED,False,Candidate interval only. Not enabled for engine.
NCKL,,,,UNKNOWN,FIRST_PRICE_OBSERVATION_ONLY__NOT_LISTING_DATE,,UNKNOWN,OPEN_ENDED_CURRENT_DATASET__NOT_DELISTING,0,0,,,UNKNOWN,HIGH,LISTING_EVIDENCE_MISSING;DELISTING_STATUS_UNVERIFIED;FIRST_PRICE_IS_NOT_LISTING_DATE;PIT_MEMBERSHIP_NOT_FULLY_VERIFIED,False,Candidate interval only. Not enabled for engine.
NELY,,,,UNKNOWN,FIRST_PRICE_OBSERVATION_ONLY__NOT_LISTING_DATE,,UNKNOWN,OPEN_ENDED_CURRENT_DATASET__NOT_DELISTING,0,0,,,UNKNOWN,HIGH,LISTING_EVIDENCE_MISSING;DELISTING_STATUS_UNVERIFIED;FIRST_PRICE_IS_NOT_LISTING_DATE;PIT_MEMBERSHIP_NOT_FULLY_VERIFIED,False,Candidate interval only. Not enabled for engine.
NEST,,,,UNKNOWN,FIRST_PRICE_OBSERVATION_ONLY__NOT_LISTING_DATE,,UNKNOWN,OPEN_ENDED_CURRENT_DATASET__NOT_DELISTING,0,0,,,UNKNOWN,HIGH,LISTING_EVIDENCE_MISSING;DELISTING_STATUS_UNVERIFIED;FIRST_PRICE_IS_NOT_LISTING_DATE;PIT_MEMBERSHIP_NOT_FULLY_VERIFIED,False,Candidate interval only. Not enabled for engine.
NETV,,,,UNKNOWN,FIRST_PRICE_OBSERVATION_ONLY__NOT_LISTING_DATE,,UNKNOWN,OPEN_ENDED_CURRENT_DATASET__NOT_DELISTING,0,0,,,UNKNOWN,HIGH,LISTING_EVIDENCE_MISSING;DELISTING_STATUS_UNVERIFIED;FIRST_PRICE_IS_NOT_LISTING_DATE;PIT_MEMBERSHIP_NOT_FULLY_VERIFIED,False,Candidate interval only. Not enabled for engine.
NFCX,,,,UNKNOWN,FIRST_PRICE_OBSERVATION_ONLY__NOT_LISTING_DATE,,UNKNOWN,OPEN_ENDED_CURRENT_DATASET__NOT_DELISTING,0,0,,,UNKNOWN,HIGH,LISTING_EVIDENCE_MISSING;DELISTING_STATUS_UNVERIFIED;FIRST_PRICE_IS_NOT_LISTING_DATE;PIT_MEMBERSHIP_NOT_FULLY_VERIFIED,False,Candidate interval only. Not enabled for engine.
NICE,,,,UNKNOWN,FIRST_PRICE_OBSERVATION_ONLY__NOT_LISTING_DATE,,UNKNOWN,OPEN_ENDED_CURRENT_DATASET__NOT_DELISTING,0,0,,,UNKNOWN,HIGH,LISTING_EVIDENCE_MISSING;DELISTING_STATUS_UNVERIFIED;FIRST_PRICE_IS_NOT_LISTING_DATE;PIT_MEMBERSHIP_NOT_FULLY_VERIFIED,False,Candidate interval only. Not enabled for engine.
NICK,,,,UNKNOWN,FIRST_PRICE_OBSERVATION_ONLY__NOT_LISTING_DATE,,UNKNOWN,OPEN_ENDED_CURRENT_DATASET__NOT_DELISTING,0,0,,,UNKNOWN,HIGH,LISTING_EVIDENCE_MISSING;DELISTING_STATUS_UNVERIFIED;FIRST_PRICE_IS_NOT_LISTING_DATE;PIT_MEMBERSHIP_NOT_FULLY_VERIFIED,False,Candidate interval only. Not enabled for engine.
NICL,,,,UNKNOWN,FIRST_PRICE_OBSERVATION_ONLY__NOT_LISTING_DATE,,UNKNOWN,OPEN_ENDED_CURRENT_DATASET__NOT_DELISTING,0,0,,,UNKNOWN,HIGH,LISTING_EVIDENCE_MISSING;DELISTING_STATUS_UNVERIFIED;FIRST_PRICE_IS_NOT_LISTING_DATE;PIT_MEMBERSHIP_NOT_FULLY_VERIFIED,False,Candidate interval only. Not enabled for engine.
NIKL,,,,UNKNOWN,FIRST_PRICE_OBSERVATION_ONLY__NOT_LISTING_DATE,,UNKNOWN,OPEN_ENDED_CURRENT_DATASET__NOT_DELISTING,0,0,,,UNKNOWN,HIGH,LISTING_EVIDENCE_MISSING;DELISTING_STATUS_UNVERIFIED;FIRST_PRICE_IS_NOT_LISTING_DATE;PIT_MEMBERSHIP_NOT_FULLY_VERIFIED,False,Candidate interval only. Not enabled for engine.
NINE,,,,UNKNOWN,FIRST_PRICE_OBSERVATION_ONLY__NOT_LISTING_DATE,,UNKNOWN,OPEN_ENDED_CURRENT_DATASET__NOT_DELISTING,0,0,,,UNKNOWN,HIGH,LISTING_EVIDENCE_MISSING;DELISTING_STATUS_UNVERIFIED;FIRST_PRICE_IS_NOT_LISTING_DATE;PIT_MEMBERSHIP_NOT_FULLY_VERIFIED,False,Candidate interval only. Not enabled for engine.
NIRO,,,,UNKNOWN,FIRST_PRICE_OBSERVATION_ONLY__NOT_LISTING_DATE,,UNKNOWN,OPEN_ENDED_CURRENT_DATASET__NOT_DELISTING,0,0,,,UNKNOWN,HIGH,LISTING_EVIDENCE_MISSING;DELISTING_STATUS_UNVERIFIED;FIRST_PRICE_IS_NOT_LISTING_DATE;PIT_MEMBERSHIP_NOT_FULLY_VERIFIED,False,Candidate interval only. Not enabled for engine.
NISP,,,,UNKNOWN,FIRST_PRICE_OBSERVATION_ONLY__NOT_LISTING_DATE,,UNKNOWN,OPEN_ENDED_CURRENT_DATASET__NOT_DELISTING,0,0,,,UNKNOWN,HIGH,LISTING_EVIDENCE_MISSING;DELISTING_STATUS_UNVERIFIED;FIRST_PRICE_IS_NOT_LISTING_DATE;PIT_MEMBERSHIP_NOT_FULLY_VERIFIED,False,Candidate interval only. Not enabled for engine.
NOBU,,,,UNKNOWN,FIRST_PRICE_OBSERVATION_ONLY__NOT_LISTING_DATE,,UNKNOWN,OPEN_ENDED_CURRENT_DATASET__NOT_DELISTING,0,0,,,UNKNOWN,HIGH,LISTING_EVIDENCE_MISSING;DELISTING_STATUS_UNVERIFIED;FIRST_PRICE_IS_NOT_LISTING_DATE;PIT_MEMBERSHIP_NOT_FULLY_VERIFIED,False,Candidate interval only. Not enabled for engine.
NPGF,,,,UNKNOWN,FIRST_PRICE_OBSERVATION_ONLY__NOT_LISTING_DATE,,UNKNOWN,OPEN_ENDED_CURRENT_DATASET__NOT_DELISTING,0,0,,,UNKNOWN,HIGH,LISTING_EVIDENCE_MISSING;DELISTING_STATUS_UNVERIFIED;FIRST_PRICE_IS_NOT_LISTING_DATE;PIT_MEMBERSHIP_NOT_FULLY_VERIFIED,False,Candidate interval only. Not enabled for engine.
NRCA,,,,UNKNOWN,FIRST_PRICE_OBSERVATION_ONLY__NOT_LISTING_DATE,,UNKNOWN,OPEN_ENDED_CURRENT_DATASET__NOT_DELISTING,0,0,,,UNKNOWN,HIGH,LISTING_EVIDENCE_MISSING;DELISTING_STATUS_UNVERIFIED;FIRST_PRICE_IS_NOT_LISTING_DATE;PIT_MEMBERSHIP_NOT_FULLY_VERIFIED,False,Candidate interval only. Not enabled for engine.
NSSS,,,,UNKNOWN,FIRST_PRICE_OBSERVATION_ONLY__NOT_LISTING_DATE,,UNKNOWN,OPEN_ENDED_CURRENT_DATASET__NOT_DELISTING,0,0,,,UNKNOWN,HIGH,LISTING_EVIDENCE_MISSING;DELISTING_STATUS_UNVERIFIED;FIRST_PRICE_IS_NOT_LISTING_DATE;PIT_MEMBERSHIP_NOT_FULLY_VERIFIED,False,Candidate interval only. Not enabled for engine.
NTBK,,,,UNKNOWN,FIRST_PRICE_OBSERVATION_ONLY__NOT_LISTING_DATE,,UNKNOWN,OPEN_ENDED_CURRENT_DATASET__NOT_DELISTING,0,0,,,UNKNOWN,HIGH,LISTING_EVIDENCE_MISSING;DELISTING_STATUS_UNVERIFIED;FIRST_PRICE_IS_NOT_LISTING_DATE;PIT_MEMBERSHIP_NOT_FULLY_VERIFIED,False,Candidate interval only. Not enabled for engine.
NZIA,,,,UNKNOWN,FIRST_PRICE_OBSERVATION_ONLY__NOT_LISTING_DATE,,UNKNOWN,OPEN_ENDED_CURRENT_DATASET__NOT_DELISTING,0,0,,,UNKNOWN,HIGH,LISTING_EVIDENCE_MISSING;DELISTING_STATUS_UNVERIFIED;FIRST_PRICE_IS_NOT_LISTING_DATE;PIT_MEMBERSHIP_NOT_FULLY_VERIFIED,False,Candidate interval only. Not enabled for engine.
OASA,,,,UNKNOWN,FIRST_PRICE_OBSERVATION_ONLY__NOT_LISTING_DATE,,UNKNOWN,OPEN_ENDED_CURRENT_DATASET__NOT_DELISTING,0,0,,,UNKNOWN,HIGH,LISTING_EVIDENCE_MISSING;DELISTING_STATUS_UNVERIFIED;FIRST_PRICE_IS_NOT_LISTING_DATE;PIT_MEMBERSHIP_NOT_FULLY_VERIFIED,False,Candidate interval only. Not enabled for engine.
OBAT,,,,UNKNOWN,FIRST_PRICE_OBSERVATION_ONLY__NOT_LISTING_DATE,,UNKNOWN,OPEN_ENDED_CURRENT_DATASET__NOT_DELISTING,0,0,,,UNKNOWN,HIGH,LISTING_EVIDENCE_MISSING;DELISTING_STATUS_UNVERIFIED;FIRST_PRICE_IS_NOT_LISTING_DATE;PIT_MEMBERSHIP_NOT_FULLY_VERIFIED,False,Candidate interval only. Not enabled for engine.
OBMD,,,,UNKNOWN,FIRST_PRICE_OBSERVATION_ONLY__NOT_LISTING_DATE,,UNKNOWN,OPEN_ENDED_CURRENT_DATASET__NOT_DELISTING,0,0,,,UNKNOWN,HIGH,LISTING_EVIDENCE_MISSING;DELISTING_STATUS_UNVERIFIED;FIRST_PRICE_IS_NOT_LISTING_DATE;PIT_MEMBERSHIP_NOT_FULLY_VERIFIED,False,Candidate interval only. Not enabled for engine.
OILS,,,,UNKNOWN,FIRST_PRICE_OBSERVATION_ONLY__NOT_LISTING_DATE,,UNKNOWN,OPEN_ENDED_CURRENT_DATASET__NOT_DELISTING,0,0,,,UNKNOWN,HIGH,LISTING_EVIDENCE_MISSING;DELISTING_STATUS_UNVERIFIED;FIRST_PRICE_IS_NOT_LISTING_DATE;PIT_MEMBERSHIP_NOT_FULLY_VERIFIED,False,Candidate interval only. Not enabled for engine.
OKAS,,,,UNKNOWN,FIRST_PRICE_OBSERVATION_ONLY__NOT_LISTING_DATE,,UNKNOWN,OPEN_ENDED_CURRENT_DATASET__NOT_DELISTING,0,0,,,UNKNOWN,HIGH,LISTING_EVIDENCE_MISSING;DELISTING_STATUS_UNVERIFIED;FIRST_PRICE_IS_NOT_LISTING_DATE;PIT_MEMBERSHIP_NOT_FULLY_VERIFIED,False,Candidate interval only. Not enabled for engine.
OLIV,,,,UNKNOWN,FIRST_PRICE_OBSERVATION_ONLY__NOT_LISTING_DATE,,UNKNOWN,OPEN_ENDED_CURRENT_DATASET__NOT_DELISTING,0,0,,,UNKNOWN,HIGH,LISTING_EVIDENCE_MISSING;DELISTING_STATUS_UNVERIFIED;FIRST_PRICE_IS_NOT_LISTING_DATE;PIT_MEMBERSHIP_NOT_FULLY_VERIFIED,False,Candidate interval only. Not enabled for engine.
OMED,,,,UNKNOWN,FIRST_PRICE_OBSERVATION_ONLY__NOT_LISTING_DATE,,UNKNOWN,OPEN_ENDED_CURRENT_DATASET__NOT_DELISTING,0,0,,,UNKNOWN,HIGH,LISTING_EVIDENCE_MISSING;DELISTING_STATUS_UNVERIFIED;FIRST_PRICE_IS_NOT_LISTING_DATE;PIT_MEMBERSHIP_NOT_FULLY_VERIFIED,False,Candidate interval only. Not enabled for engine.
OMRE,,,,UNKNOWN,FIRST_PRICE_OBSERVATION_ONLY__NOT_LISTING_DATE,,UNKNOWN,OPEN_ENDED_CURRENT_DATASET__NOT_DELISTING,0,0,,,UNKNOWN,HIGH,LISTING_EVIDENCE_MISSING;DELISTING_STATUS_UNVERIFIED;FIRST_PRICE_IS_NOT_LISTING_DATE;PIT_MEMBERSHIP_NOT_FULLY_VERIFIED,False,Candidate interval only. Not enabled for engine.
OPMS,,,,UNKNOWN,FIRST_PRICE_OBSERVATION_ONLY__NOT_LISTING_DATE,,UNKNOWN,OPEN_ENDED_CURRENT_DATASET__NOT_DELISTING,0,0,,,UNKNOWN,HIGH,LISTING_EVIDENCE_MISSING;DELISTING_STATUS_UNVERIFIED;FIRST_PRICE_IS_NOT_LISTING_DATE;PIT_MEMBERSHIP_NOT_FULLY_VERIFIED,False,Candidate interval only. Not enabled for engine.
PACK,,,,UNKNOWN,FIRST_PRICE_OBSERVATION_ONLY__NOT_LISTING_DATE,,UNKNOWN,OPEN_ENDED_CURRENT_DATASET__NOT_DELISTING,0,0,,,UNKNOWN,HIGH,LISTING_EVIDENCE_MISSING;DELISTING_STATUS_UNVERIFIED;FIRST_PRICE_IS_NOT_LISTING_DATE;PIT_MEMBERSHIP_NOT_FULLY_VERIFIED,False,Candidate interval only. Not enabled for engine.
PADA,,,,UNKNOWN,FIRST_PRICE_OBSERVATION_ONLY__NOT_LISTING_DATE,,UNKNOWN,OPEN_ENDED_CURRENT_DATASET__NOT_DELISTING,0,0,,,UNKNOWN,HIGH,LISTING_EVIDENCE_MISSING;DELISTING_STATUS_UNVERIFIED;FIRST_PRICE_IS_NOT_LISTING_DATE;PIT_MEMBERSHIP_NOT_FULLY_VERIFIED,False,Candidate interval only. Not enabled for engine.
PADI,,,,UNKNOWN,FIRST_PRICE_OBSERVATION_ONLY__NOT_LISTING_DATE,,UNKNOWN,OPEN_ENDED_CURRENT_DATASET__NOT_DELISTING,0,0,,,UNKNOWN,HIGH,LISTING_EVIDENCE_MISSING;DELISTING_STATUS_UNVERIFIED;FIRST_PRICE_IS_NOT_LISTING_DATE;PIT_MEMBERSHIP_NOT_FULLY_VERIFIED,False,Candidate interval only. Not enabled for engine.
PALM,,,,UNKNOWN,FIRST_PRICE_OBSERVATION_ONLY__NOT_LISTING_DATE,,UNKNOWN,OPEN_ENDED_CURRENT_DATASET__NOT_DELISTING,0,0,,,UNKNOWN,HIGH,LISTING_EVIDENCE_MISSING;DELISTING_STATUS_UNVERIFIED;FIRST_PRICE_IS_NOT_LISTING_DATE;PIT_MEMBERSHIP_NOT_FULLY_VERIFIED,False,Candidate interval only. Not enabled for engine.
PAMG,,,,UNKNOWN,FIRST_PRICE_OBSERVATION_ONLY__NOT_LISTING_DATE,,UNKNOWN,OPEN_ENDED_CURRENT_DATASET__NOT_DELISTING,0,0,,,UNKNOWN,HIGH,LISTING_EVIDENCE_MISSING;DELISTING_STATUS_UNVERIFIED;FIRST_PRICE_IS_NOT_LISTING_DATE;PIT_MEMBERSHIP_NOT_FULLY_VERIFIED,False,Candidate interval only. Not enabled for engine.
PANI,,,,UNKNOWN,FIRST_PRICE_OBSERVATION_ONLY__NOT_LISTING_DATE,,UNKNOWN,OPEN_ENDED_CURRENT_DATASET__NOT_DELISTING,0,0,,,UNKNOWN,HIGH,LISTING_EVIDENCE_MISSING;DELISTING_STATUS_UNVERIFIED;FIRST_PRICE_IS_NOT_LISTING_DATE;PIT_MEMBERSHIP_NOT_FULLY_VERIFIED,False,Candidate interval only. Not enabled for engine.
PANR,,,,UNKNOWN,FIRST_PRICE_OBSERVATION_ONLY__NOT_LISTING_DATE,,UNKNOWN,OPEN_ENDED_CURRENT_DATASET__NOT_DELISTING,0,0,,,UNKNOWN,HIGH,LISTING_EVIDENCE_MISSING;DELISTING_STATUS_UNVERIFIED;FIRST_PRICE_IS_NOT_LISTING_DATE;PIT_MEMBERSHIP_NOT_FULLY_VERIFIED,False,Candidate interval only. Not enabled for engine.
PANS,,,,UNKNOWN,FIRST_PRICE_OBSERVATION_ONLY__NOT_LISTING_DATE,,UNKNOWN,OPEN_ENDED_CURRENT_DATASET__NOT_DELISTING,0,0,,,UNKNOWN,HIGH,LISTING_EVIDENCE_MISSING;DELISTING_STATUS_UNVERIFIED;FIRST_PRICE_IS_NOT_LISTING_DATE;PIT_MEMBERSHIP_NOT_FULLY_VERIFIED,False,Candidate interval only. Not enabled for engine.
PART,,,,UNKNOWN,FIRST_PRICE_OBSERVATION_ONLY__NOT_LISTING_DATE,,UNKNOWN,OPEN_ENDED_CURRENT_DATASET__NOT_DELISTING,0,0,,,UNKNOWN,HIGH,LISTING_EVIDENCE_MISSING;DELISTING_STATUS_UNVERIFIED;FIRST_PRICE_IS_NOT_LISTING_DATE;PIT_MEMBERSHIP_NOT_FULLY_VERIFIED,False,Candidate interval only. Not enabled for engine.
PBID,,,,UNKNOWN,FIRST_PRICE_OBSERVATION_ONLY__NOT_LISTING_DATE,,UNKNOWN,OPEN_ENDED_CURRENT_DATASET__NOT_DELISTING,0,0,,,UNKNOWN,HIGH,LISTING_EVIDENCE_MISSING;DELISTING_STATUS_UNVERIFIED;FIRST_PRICE_IS_NOT_LISTING_DATE;PIT_MEMBERSHIP_NOT_FULLY_VERIFIED,False,Candidate interval only. Not enabled for engine.
PBRX,,,,UNKNOWN,FIRST_PRICE_OBSERVATION_ONLY__NOT_LISTING_DATE,,UNKNOWN,OPEN_ENDED_CURRENT_DATASET__NOT_DELISTING,0,0,,,UNKNOWN,HIGH,LISTING_EVIDENCE_MISSING;DELISTING_STATUS_UNVERIFIED;FIRST_PRICE_IS_NOT_LISTING_DATE;PIT_MEMBERSHIP_NOT_FULLY_VERIFIED,False,Candidate interval only. Not enabled for engine.
PBSA,,,,UNKNOWN,FIRST_PRICE_OBSERVATION_ONLY__NOT_LISTING_DATE,,UNKNOWN,OPEN_ENDED_CURRENT_DATASET__NOT_DELISTING,0,0,,,UNKNOWN,HIGH,LISTING_EVIDENCE_MISSING;DELISTING_STATUS_UNVERIFIED;FIRST_PRICE_IS_NOT_LISTING_DATE;PIT_MEMBERSHIP_NOT_FULLY_VERIFIED,False,Candidate interval only. Not enabled for engine.
PCAR,,,,UNKNOWN,FIRST_PRICE_OBSERVATION_ONLY__NOT_LISTING_DATE,,UNKNOWN,OPEN_ENDED_CURRENT_DATASET__NOT_DELISTING,0,0,,,UNKNOWN,HIGH,LISTING_EVIDENCE_MISSING;DELISTING_STATUS_UNVERIFIED;FIRST_PRICE_IS_NOT_LISTING_DATE;PIT_MEMBERSHIP_NOT_FULLY_VERIFIED,False,Candidate interval only. Not enabled for engine.
PDES,,,,UNKNOWN,FIRST_PRICE_OBSERVATION_ONLY__NOT_LISTING_DATE,,UNKNOWN,OPEN_ENDED_CURRENT_DATASET__NOT_DELISTING,0,0,,,UNKNOWN,HIGH,LISTING_EVIDENCE_MISSING;DELISTING_STATUS_UNVERIFIED;FIRST_PRICE_IS_NOT_LISTING_DATE;PIT_MEMBERSHIP_NOT_FULLY_VERIFIED,False,Candidate interval only. Not enabled for engine.
PDPP,,,,UNKNOWN,FIRST_PRICE_OBSERVATION_ONLY__NOT_LISTING_DATE,,UNKNOWN,OPEN_ENDED_CURRENT_DATASET__NOT_DELISTING,0,0,,,UNKNOWN,HIGH,LISTING_EVIDENCE_MISSING;DELISTING_STATUS_UNVERIFIED;FIRST_PRICE_IS_NOT_LISTING_DATE;PIT_MEMBERSHIP_NOT_FULLY_VERIFIED,False,Candidate interval only. Not enabled for engine.
PEGE,,,,UNKNOWN,FIRST_PRICE_OBSERVATION_ONLY__NOT_LISTING_DATE,,UNKNOWN,OPEN_ENDED_CURRENT_DATASET__NOT_DELISTING,0,0,,,UNKNOWN,HIGH,LISTING_EVIDENCE_MISSING;DELISTING_STATUS_UNVERIFIED;FIRST_PRICE_IS_NOT_LISTING_DATE;PIT_MEMBERSHIP_NOT_FULLY_VERIFIED,False,Candidate interval only. Not enabled for engine.
PEHA,,,,UNKNOWN,FIRST_PRICE_OBSERVATION_ONLY__NOT_LISTING_DATE,,UNKNOWN,OPEN_ENDED_CURRENT_DATASET__NOT_DELISTING,0,0,,,UNKNOWN,HIGH,LISTING_EVIDENCE_MISSING;DELISTING_STATUS_UNVERIFIED;FIRST_PRICE_IS_NOT_LISTING_DATE;PIT_MEMBERSHIP_NOT_FULLY_VERIFIED,False,Candidate interval only. Not enabled for engine.
PEVE,,,,UNKNOWN,FIRST_PRICE_OBSERVATION_ONLY__NOT_LISTING_DATE,,UNKNOWN,OPEN_ENDED_CURRENT_DATASET__NOT_DELISTING,0,0,,,UNKNOWN,HIGH,LISTING_EVIDENCE_MISSING;DELISTING_STATUS_UNVERIFIED;FIRST_PRICE_IS_NOT_LISTING_DATE;PIT_MEMBERSHIP_NOT_FULLY_VERIFIED,False,Candidate interval only. Not enabled for engine.
PGAS,,,,UNKNOWN,FIRST_PRICE_OBSERVATION_ONLY__NOT_LISTING_DATE,,UNKNOWN,OPEN_ENDED_CURRENT_DATASET__NOT_DELISTING,0,0,,,UNKNOWN,HIGH,LISTING_EVIDENCE_MISSING;DELISTING_STATUS_UNVERIFIED;FIRST_PRICE_IS_NOT_LISTING_DATE;PIT_MEMBERSHIP_NOT_FULLY_VERIFIED,False,Candidate interval only. Not enabled for engine.
PGEO,,,,UNKNOWN,FIRST_PRICE_OBSERVATION_ONLY__NOT_LISTING_DATE,,UNKNOWN,OPEN_ENDED_CURRENT_DATASET__NOT_DELISTING,0,0,,,UNKNOWN,HIGH,LISTING_EVIDENCE_MISSING;DELISTING_STATUS_UNVERIFIED;FIRST_PRICE_IS_NOT_LISTING_DATE;PIT_MEMBERSHIP_NOT_FULLY_VERIFIED,False,Candidate interval only. Not enabled for engine.
PGJO,,,,UNKNOWN,FIRST_PRICE_OBSERVATION_ONLY__NOT_LISTING_DATE,,UNKNOWN,OPEN_ENDED_CURRENT_DATASET__NOT_DELISTING,0,0,,,UNKNOWN,HIGH,LISTING_EVIDENCE_MISSING;DELISTING_STATUS_UNVERIFIED;FIRST_PRICE_IS_NOT_LISTING_DATE;PIT_MEMBERSHIP_NOT_FULLY_VERIFIED,False,Candidate interval only. Not enabled for engine.
PGLI,,,,UNKNOWN,FIRST_PRICE_OBSERVATION_ONLY__NOT_LISTING_DATE,,UNKNOWN,OPEN_ENDED_CURRENT_DATASET__NOT_DELISTING,0,0,,,UNKNOWN,HIGH,LISTING_EVIDENCE_MISSING;DELISTING_STATUS_UNVERIFIED;FIRST_PRICE_IS_NOT_LISTING_DATE;PIT_MEMBERSHIP_NOT_FULLY_VERIFIED,False,Candidate interval only. Not enabled for engine.
PGUN,,,,UNKNOWN,FIRST_PRICE_OBSERVATION_ONLY__NOT_LISTING_DATE,,UNKNOWN,OPEN_ENDED_CURRENT_DATASET__NOT_DELISTING,0,0,,,UNKNOWN,HIGH,LISTING_EVIDENCE_MISSING;DELISTING_STATUS_UNVERIFIED;FIRST_PRICE_IS_NOT_LISTING_DATE;PIT_MEMBERSHIP_NOT_FULLY_VERIFIED,False,Candidate interval only. Not enabled for engine.
PICO,,,,UNKNOWN,FIRST_PRICE_OBSERVATION_ONLY__NOT_LISTING_DATE,,UNKNOWN,OPEN_ENDED_CURRENT_DATASET__NOT_DELISTING,0,0,,,UNKNOWN,HIGH,LISTING_EVIDENCE_MISSING;DELISTING_STATUS_UNVERIFIED;FIRST_PRICE_IS_NOT_LISTING_DATE;PIT_MEMBERSHIP_NOT_FULLY_VERIFIED,False,Candidate interval only. Not enabled for engine.
PIPA,,,,UNKNOWN,FIRST_PRICE_OBSERVATION_ONLY__NOT_LISTING_DATE,,UNKNOWN,OPEN_ENDED_CURRENT_DATASET__NOT_DELISTING,0,0,,,UNKNOWN,HIGH,LISTING_EVIDENCE_MISSING;DELISTING_STATUS_UNVERIFIED;FIRST_PRICE_IS_NOT_LISTING_DATE;PIT_MEMBERSHIP_NOT_FULLY_VERIFIED,False,Candidate interval only. Not enabled for engine.
PJAA,,,,UNKNOWN,FIRST_PRICE_OBSERVATION_ONLY__NOT_LISTING_DATE,,UNKNOWN,OPEN_ENDED_CURRENT_DATASET__NOT_DELISTING,0,0,,,UNKNOWN,HIGH,LISTING_EVIDENCE_MISSING;DELISTING_STATUS_UNVERIFIED;FIRST_PRICE_IS_NOT_LISTING_DATE;PIT_MEMBERSHIP_NOT_FULLY_VERIFIED,False,Candidate interval only. Not enabled for engine.
PJHB,,,,UNKNOWN,FIRST_PRICE_OBSERVATION_ONLY__NOT_LISTING_DATE,,UNKNOWN,OPEN_ENDED_CURRENT_DATASET__NOT_DELISTING,0,0,,,UNKNOWN,HIGH,LISTING_EVIDENCE_MISSING;DELISTING_STATUS_UNVERIFIED;FIRST_PRICE_IS_NOT_LISTING_DATE;PIT_MEMBERSHIP_NOT_FULLY_VERIFIED,False,Candidate interval only. Not enabled for engine.
PKPK,,,,UNKNOWN,FIRST_PRICE_OBSERVATION_ONLY__NOT_LISTING_DATE,,UNKNOWN,OPEN_ENDED_CURRENT_DATASET__NOT_DELISTING,0,0,,,UNKNOWN,HIGH,LISTING_EVIDENCE_MISSING;DELISTING_STATUS_UNVERIFIED;FIRST_PRICE_IS_NOT_LISTING_DATE;PIT_MEMBERSHIP_NOT_FULLY_VERIFIED,False,Candidate interval only. Not enabled for engine.
PLAN,,,,UNKNOWN,FIRST_PRICE_OBSERVATION_ONLY__NOT_LISTING_DATE,,UNKNOWN,OPEN_ENDED_CURRENT_DATASET__NOT_DELISTING,0,0,,,UNKNOWN,HIGH,LISTING_EVIDENCE_MISSING;DELISTING_STATUS_UNVERIFIED;FIRST_PRICE_IS_NOT_LISTING_DATE;PIT_MEMBERSHIP_NOT_FULLY_VERIFIED,False,Candidate interval only. Not enabled for engine.
PLIN,,,,UNKNOWN,FIRST_PRICE_OBSERVATION_ONLY__NOT_LISTING_DATE,,UNKNOWN,OPEN_ENDED_CURRENT_DATASET__NOT_DELISTING,0,0,,,UNKNOWN,HIGH,LISTING_EVIDENCE_MISSING;DELISTING_STATUS_UNVERIFIED;FIRST_PRICE_IS_NOT_LISTING_DATE;PIT_MEMBERSHIP_NOT_FULLY_VERIFIED,False,Candidate interval only. Not enabled for engine.
PMJS,,,,UNKNOWN,FIRST_PRICE_OBSERVATION_ONLY__NOT_LISTING_DATE,,UNKNOWN,OPEN_ENDED_CURRENT_DATASET__NOT_DELISTING,0,0,,,UNKNOWN,HIGH,LISTING_EVIDENCE_MISSING;DELISTING_STATUS_UNVERIFIED;FIRST_PRICE_IS_NOT_LISTING_DATE;PIT_MEMBERSHIP_NOT_FULLY_VERIFIED,False,Candidate interval only. Not enabled for engine.
PMMP,,,,UNKNOWN,FIRST_PRICE_OBSERVATION_ONLY__NOT_LISTING_DATE,,UNKNOWN,OPEN_ENDED_CURRENT_DATASET__NOT_DELISTING,0,0,,,UNKNOWN,HIGH,LISTING_EVIDENCE_MISSING;DELISTING_STATUS_UNVERIFIED;FIRST_PRICE_IS_NOT_LISTING_DATE;PIT_MEMBERSHIP_NOT_FULLY_VERIFIED,False,Candidate interval only. Not enabled for engine.
PMUI,,,,UNKNOWN,FIRST_PRICE_OBSERVATION_ONLY__NOT_LISTING_DATE,,UNKNOWN,OPEN_ENDED_CURRENT_DATASET__NOT_DELISTING,0,0,,,UNKNOWN,HIGH,LISTING_EVIDENCE_MISSING;DELISTING_STATUS_UNVERIFIED;FIRST_PRICE_IS_NOT_LISTING_DATE;PIT_MEMBERSHIP_NOT_FULLY_VERIFIED,False,Candidate interval only. Not enabled for engine.
PNBN,,,,UNKNOWN,FIRST_PRICE_OBSERVATION_ONLY__NOT_LISTING_DATE,,UNKNOWN,OPEN_ENDED_CURRENT_DATASET__NOT_DELISTING,0,0,,,UNKNOWN,HIGH,LISTING_EVIDENCE_MISSING;DELISTING_STATUS_UNVERIFIED;FIRST_PRICE_IS_NOT_LISTING_DATE;PIT_MEMBERSHIP_NOT_FULLY_VERIFIED,False,Candidate interval only. Not enabled for engine.
PNBS,,,,UNKNOWN,FIRST_PRICE_OBSERVATION_ONLY__NOT_LISTING_DATE,,UNKNOWN,OPEN_ENDED_CURRENT_DATASET__NOT_DELISTING,0,0,,,UNKNOWN,HIGH,LISTING_EVIDENCE_MISSING;DELISTING_STATUS_UNVERIFIED;FIRST_PRICE_IS_NOT_LISTING_DATE;PIT_MEMBERSHIP_NOT_FULLY_VERIFIED,False,Candidate interval only. Not enabled for engine.
PNGO,,,,UNKNOWN,FIRST_PRICE_OBSERVATION_ONLY__NOT_LISTING_DATE,,UNKNOWN,OPEN_ENDED_CURRENT_DATASET__NOT_DELISTING,0,0,,,UNKNOWN,HIGH,LISTING_EVIDENCE_MISSING;DELISTING_STATUS_UNVERIFIED;FIRST_PRICE_IS_NOT_LISTING_DATE;PIT_MEMBERSHIP_NOT_FULLY_VERIFIED,False,Candidate interval only. Not enabled for engine.
PNIN,,,,UNKNOWN,FIRST_PRICE_OBSERVATION_ONLY__NOT_LISTING_DATE,,UNKNOWN,OPEN_ENDED_CURRENT_DATASET__NOT_DELISTING,0,0,,,UNKNOWN,HIGH,LISTING_EVIDENCE_MISSING;DELISTING_STATUS_UNVERIFIED;FIRST_PRICE_IS_NOT_LISTING_DATE;PIT_MEMBERSHIP_NOT_FULLY_VERIFIED,False,Candidate interval only. Not enabled for engine.
PNLF,,,,UNKNOWN,FIRST_PRICE_OBSERVATION_ONLY__NOT_LISTING_DATE,,UNKNOWN,OPEN_ENDED_CURRENT_DATASET__NOT_DELISTING,0,0,,,UNKNOWN,HIGH,LISTING_EVIDENCE_MISSING;DELISTING_STATUS_UNVERIFIED;FIRST_PRICE_IS_NOT_LISTING_DATE;PIT_MEMBERSHIP_NOT_FULLY_VERIFIED,False,Candidate interval only. Not enabled for engine.
PNSE,,,,UNKNOWN,FIRST_PRICE_OBSERVATION_ONLY__NOT_LISTING_DATE,,UNKNOWN,OPEN_ENDED_CURRENT_DATASET__NOT_DELISTING,0,0,,,UNKNOWN,HIGH,LISTING_EVIDENCE_MISSING;DELISTING_STATUS_UNVERIFIED;FIRST_PRICE_IS_NOT_LISTING_DATE;PIT_MEMBERSHIP_NOT_FULLY_VERIFIED,False,Candidate interval only. Not enabled for engine.
POLA,,,,UNKNOWN,FIRST_PRICE_OBSERVATION_ONLY__NOT_LISTING_DATE,,UNKNOWN,OPEN_ENDED_CURRENT_DATASET__NOT_DELISTING,0,0,,,UNKNOWN,HIGH,LISTING_EVIDENCE_MISSING;DELISTING_STATUS_UNVERIFIED;FIRST_PRICE_IS_NOT_LISTING_DATE;PIT_MEMBERSHIP_NOT_FULLY_VERIFIED,False,Candidate interval only. Not enabled for engine.
POLI,,,,UNKNOWN,FIRST_PRICE_OBSERVATION_ONLY__NOT_LISTING_DATE,,UNKNOWN,OPEN_ENDED_CURRENT_DATASET__NOT_DELISTING,0,0,,,UNKNOWN,HIGH,LISTING_EVIDENCE_MISSING;DELISTING_STATUS_UNVERIFIED;FIRST_PRICE_IS_NOT_LISTING_DATE;PIT_MEMBERSHIP_NOT_FULLY_VERIFIED,False,Candidate interval only. Not enabled for engine.
POLL,,,,UNKNOWN,FIRST_PRICE_OBSERVATION_ONLY__NOT_LISTING_DATE,,UNKNOWN,OPEN_ENDED_CURRENT_DATASET__NOT_DELISTING,0,0,,,UNKNOWN,HIGH,LISTING_EVIDENCE_MISSING;DELISTING_STATUS_UNVERIFIED;FIRST_PRICE_IS_NOT_LISTING_DATE;PIT_MEMBERSHIP_NOT_FULLY_VERIFIED,False,Candidate interval only. Not enabled for engine.
POLU,,,,UNKNOWN,FIRST_PRICE_OBSERVATION_ONLY__NOT_LISTING_DATE,,UNKNOWN,OPEN_ENDED_CURRENT_DATASET__NOT_DELISTING,0,0,,,UNKNOWN,HIGH,LISTING_EVIDENCE_MISSING;DELISTING_STATUS_UNVERIFIED;FIRST_PRICE_IS_NOT_LISTING_DATE;PIT_MEMBERSHIP_NOT_FULLY_VERIFIED,False,Candidate interval only. Not enabled for engine.
POLY,,,,UNKNOWN,FIRST_PRICE_OBSERVATION_ONLY__NOT_LISTING_DATE,,UNKNOWN,OPEN_ENDED_CURRENT_DATASET__NOT_DELISTING,0,0,,,UNKNOWN,HIGH,LISTING_EVIDENCE_MISSING;DELISTING_STATUS_UNVERIFIED;FIRST_PRICE_IS_NOT_LISTING_DATE;PIT_MEMBERSHIP_NOT_FULLY_VERIFIED,False,Candidate interval only. Not enabled for engine.
PORT,,,,UNKNOWN,FIRST_PRICE_OBSERVATION_ONLY__NOT_LISTING_DATE,,UNKNOWN,OPEN_ENDED_CURRENT_DATASET__NOT_DELISTING,0,0,,,UNKNOWN,HIGH,LISTING_EVIDENCE_MISSING;DELISTING_STATUS_UNVERIFIED;FIRST_PRICE_IS_NOT_LISTING_DATE;PIT_MEMBERSHIP_NOT_FULLY_VERIFIED,False,Candidate interval only. Not enabled for engine.
POWR,,,,UNKNOWN,FIRST_PRICE_OBSERVATION_ONLY__NOT_LISTING_DATE,,UNKNOWN,OPEN_ENDED_CURRENT_DATASET__NOT_DELISTING,0,0,,,UNKNOWN,HIGH,LISTING_EVIDENCE_MISSING;DELISTING_STATUS_UNVERIFIED;FIRST_PRICE_IS_NOT_LISTING_DATE;PIT_MEMBERSHIP_NOT_FULLY_VERIFIED,False,Candidate interval only. Not enabled for engine.
PPGL,,,,UNKNOWN,FIRST_PRICE_OBSERVATION_ONLY__NOT_LISTING_DATE,,UNKNOWN,OPEN_ENDED_CURRENT_DATASET__NOT_DELISTING,0,0,,,UNKNOWN,HIGH,LISTING_EVIDENCE_MISSING;DELISTING_STATUS_UNVERIFIED;FIRST_PRICE_IS_NOT_LISTING_DATE;PIT_MEMBERSHIP_NOT_FULLY_VERIFIED,False,Candidate interval only. Not enabled for engine.
PPRE,,,,UNKNOWN,FIRST_PRICE_OBSERVATION_ONLY__NOT_LISTING_DATE,,UNKNOWN,OPEN_ENDED_CURRENT_DATASET__NOT_DELISTING,0,0,,,UNKNOWN,HIGH,LISTING_EVIDENCE_MISSING;DELISTING_STATUS_UNVERIFIED;FIRST_PRICE_IS_NOT_LISTING_DATE;PIT_MEMBERSHIP_NOT_FULLY_VERIFIED,False,Candidate interval only. Not enabled for engine.
PPRI,,,,UNKNOWN,FIRST_PRICE_OBSERVATION_ONLY__NOT_LISTING_DATE,,UNKNOWN,OPEN_ENDED_CURRENT_DATASET__NOT_DELISTING,0,0,,,UNKNOWN,HIGH,LISTING_EVIDENCE_MISSING;DELISTING_STATUS_UNVERIFIED;FIRST_PRICE_IS_NOT_LISTING_DATE;PIT_MEMBERSHIP_NOT_FULLY_VERIFIED,False,Candidate interval only. Not enabled for engine.
PPRO,,,,UNKNOWN,FIRST_PRICE_OBSERVATION_ONLY__NOT_LISTING_DATE,,UNKNOWN,OPEN_ENDED_CURRENT_DATASET__NOT_DELISTING,0,0,,,UNKNOWN,HIGH,LISTING_EVIDENCE_MISSING;DELISTING_STATUS_UNVERIFIED;FIRST_PRICE_IS_NOT_LISTING_DATE;PIT_MEMBERSHIP_NOT_FULLY_VERIFIED,False,Candidate interval only. Not enabled for engine.
PRAY,,,,UNKNOWN,FIRST_PRICE_OBSERVATION_ONLY__NOT_LISTING_DATE,,UNKNOWN,OPEN_ENDED_CURRENT_DATASET__NOT_DELISTING,0,0,,,UNKNOWN,HIGH,LISTING_EVIDENCE_MISSING;DELISTING_STATUS_UNVERIFIED;FIRST_PRICE_IS_NOT_LISTING_DATE;PIT_MEMBERSHIP_NOT_FULLY_VERIFIED,False,Candidate interval only. Not enabled for engine.
PRDA,,,,UNKNOWN,FIRST_PRICE_OBSERVATION_ONLY__NOT_LISTING_DATE,,UNKNOWN,OPEN_ENDED_CURRENT_DATASET__NOT_DELISTING,0,0,,,UNKNOWN,HIGH,LISTING_EVIDENCE_MISSING;DELISTING_STATUS_UNVERIFIED;FIRST_PRICE_IS_NOT_LISTING_DATE;PIT_MEMBERSHIP_NOT_FULLY_VERIFIED,False,Candidate interval only. Not enabled for engine.
PRIM,,,,UNKNOWN,FIRST_PRICE_OBSERVATION_ONLY__NOT_LISTING_DATE,,UNKNOWN,OPEN_ENDED_CURRENT_DATASET__NOT_DELISTING,0,0,,,UNKNOWN,HIGH,LISTING_EVIDENCE_MISSING;DELISTING_STATUS_UNVERIFIED;FIRST_PRICE_IS_NOT_LISTING_DATE;PIT_MEMBERSHIP_NOT_FULLY_VERIFIED,False,Candidate interval only. Not enabled for engine.
PSAB,,,,UNKNOWN,FIRST_PRICE_OBSERVATION_ONLY__NOT_LISTING_DATE,,UNKNOWN,OPEN_ENDED_CURRENT_DATASET__NOT_DELISTING,0,0,,,UNKNOWN,HIGH,LISTING_EVIDENCE_MISSING;DELISTING_STATUS_UNVERIFIED;FIRST_PRICE_IS_NOT_LISTING_DATE;PIT_MEMBERSHIP_NOT_FULLY_VERIFIED,False,Candidate interval only. Not enabled for engine.
PSAT,,,,UNKNOWN,FIRST_PRICE_OBSERVATION_ONLY__NOT_LISTING_DATE,,UNKNOWN,OPEN_ENDED_CURRENT_DATASET__NOT_DELISTING,0,0,,,UNKNOWN,HIGH,LISTING_EVIDENCE_MISSING;DELISTING_STATUS_UNVERIFIED;FIRST_PRICE_IS_NOT_LISTING_DATE;PIT_MEMBERSHIP_NOT_FULLY_VERIFIED,False,Candidate interval only. Not enabled for engine.
PSDN,,,,UNKNOWN,FIRST_PRICE_OBSERVATION_ONLY__NOT_LISTING_DATE,,UNKNOWN,OPEN_ENDED_CURRENT_DATASET__NOT_DELISTING,0,0,,,UNKNOWN,HIGH,LISTING_EVIDENCE_MISSING;DELISTING_STATUS_UNVERIFIED;FIRST_PRICE_IS_NOT_LISTING_DATE;PIT_MEMBERSHIP_NOT_FULLY_VERIFIED,False,Candidate interval only. Not enabled for engine.
PSGO,,,,UNKNOWN,FIRST_PRICE_OBSERVATION_ONLY__NOT_LISTING_DATE,,UNKNOWN,OPEN_ENDED_CURRENT_DATASET__NOT_DELISTING,0,0,,,UNKNOWN,HIGH,LISTING_EVIDENCE_MISSING;DELISTING_STATUS_UNVERIFIED;FIRST_PRICE_IS_NOT_LISTING_DATE;PIT_MEMBERSHIP_NOT_FULLY_VERIFIED,False,Candidate interval only. Not enabled for engine.
PSKT,,,,UNKNOWN,FIRST_PRICE_OBSERVATION_ONLY__NOT_LISTING_DATE,,UNKNOWN,OPEN_ENDED_CURRENT_DATASET__NOT_DELISTING,0,0,,,UNKNOWN,HIGH,LISTING_EVIDENCE_MISSING;DELISTING_STATUS_UNVERIFIED;FIRST_PRICE_IS_NOT_LISTING_DATE;PIT_MEMBERSHIP_NOT_FULLY_VERIFIED,False,Candidate interval only. Not enabled for engine.
PSSI,,,,UNKNOWN,FIRST_PRICE_OBSERVATION_ONLY__NOT_LISTING_DATE,,UNKNOWN,OPEN_ENDED_CURRENT_DATASET__NOT_DELISTING,0,0,,,UNKNOWN,HIGH,LISTING_EVIDENCE_MISSING;DELISTING_STATUS_UNVERIFIED;FIRST_PRICE_IS_NOT_LISTING_DATE;PIT_MEMBERSHIP_NOT_FULLY_VERIFIED,False,Candidate interval only. Not enabled for engine.
PTBA,,,,UNKNOWN,FIRST_PRICE_OBSERVATION_ONLY__NOT_LISTING_DATE,,UNKNOWN,OPEN_ENDED_CURRENT_DATASET__NOT_DELISTING,0,0,,,UNKNOWN,HIGH,LISTING_EVIDENCE_MISSING;DELISTING_STATUS_UNVERIFIED;FIRST_PRICE_IS_NOT_LISTING_DATE;PIT_MEMBERSHIP_NOT_FULLY_VERIFIED,False,Candidate interval only. Not enabled for engine.
PTDU,,,,UNKNOWN,FIRST_PRICE_OBSERVATION_ONLY__NOT_LISTING_DATE,,UNKNOWN,OPEN_ENDED_CURRENT_DATASET__NOT_DELISTING,0,0,,,UNKNOWN,HIGH,LISTING_EVIDENCE_MISSING;DELISTING_STATUS_UNVERIFIED;FIRST_PRICE_IS_NOT_LISTING_DATE;PIT_MEMBERSHIP_NOT_FULLY_VERIFIED,False,Candidate interval only. Not enabled for engine.
PTIS,,,,UNKNOWN,FIRST_PRICE_OBSERVATION_ONLY__NOT_LISTING_DATE,,UNKNOWN,OPEN_ENDED_CURRENT_DATASET__NOT_DELISTING,0,0,,,UNKNOWN,HIGH,LISTING_EVIDENCE_MISSING;DELISTING_STATUS_UNVERIFIED;FIRST_PRICE_IS_NOT_LISTING_DATE;PIT_MEMBERSHIP_NOT_FULLY_VERIFIED,False,Candidate interval only. Not enabled for engine.
PTMP,,,,UNKNOWN,FIRST_PRICE_OBSERVATION_ONLY__NOT_LISTING_DATE,,UNKNOWN,OPEN_ENDED_CURRENT_DATASET__NOT_DELISTING,0,0,,,UNKNOWN,HIGH,LISTING_EVIDENCE_MISSING;DELISTING_STATUS_UNVERIFIED;FIRST_PRICE_IS_NOT_LISTING_DATE;PIT_MEMBERSHIP_NOT_FULLY_VERIFIED,False,Candidate interval only. Not enabled for engine.
PTMR,,,,UNKNOWN,FIRST_PRICE_OBSERVATION_ONLY__NOT_LISTING_DATE,,UNKNOWN,OPEN_ENDED_CURRENT_DATASET__NOT_DELISTING,0,0,,,UNKNOWN,HIGH,LISTING_EVIDENCE_MISSING;DELISTING_STATUS_UNVERIFIED;FIRST_PRICE_IS_NOT_LISTING_DATE;PIT_MEMBERSHIP_NOT_FULLY_VERIFIED,False,Candidate interval only. Not enabled for engine.
PTPP,,,,UNKNOWN,FIRST_PRICE_OBSERVATION_ONLY__NOT_LISTING_DATE,,UNKNOWN,OPEN_ENDED_CURRENT_DATASET__NOT_DELISTING,0,0,,,UNKNOWN,HIGH,LISTING_EVIDENCE_MISSING;DELISTING_STATUS_UNVERIFIED;FIRST_PRICE_IS_NOT_LISTING_DATE;PIT_MEMBERSHIP_NOT_FULLY_VERIFIED,False,Candidate interval only. Not enabled for engine.
PTPS,,,,UNKNOWN,FIRST_PRICE_OBSERVATION_ONLY__NOT_LISTING_DATE,,UNKNOWN,OPEN_ENDED_CURRENT_DATASET__NOT_DELISTING,0,0,,,UNKNOWN,HIGH,LISTING_EVIDENCE_MISSING;DELISTING_STATUS_UNVERIFIED;FIRST_PRICE_IS_NOT_LISTING_DATE;PIT_MEMBERSHIP_NOT_FULLY_VERIFIED,False,Candidate interval only. Not enabled for engine.
PTPW,,,,UNKNOWN,FIRST_PRICE_OBSERVATION_ONLY__NOT_LISTING_DATE,,UNKNOWN,OPEN_ENDED_CURRENT_DATASET__NOT_DELISTING,0,0,,,UNKNOWN,HIGH,LISTING_EVIDENCE_MISSING;DELISTING_STATUS_UNVERIFIED;FIRST_PRICE_IS_NOT_LISTING_DATE;PIT_MEMBERSHIP_NOT_FULLY_VERIFIED,False,Candidate interval only. Not enabled for engine.
PTRO,,,,UNKNOWN,FIRST_PRICE_OBSERVATION_ONLY__NOT_LISTING_DATE,,UNKNOWN,OPEN_ENDED_CURRENT_DATASET__NOT_DELISTING,0,0,,,UNKNOWN,HIGH,LISTING_EVIDENCE_MISSING;DELISTING_STATUS_UNVERIFIED;FIRST_PRICE_IS_NOT_LISTING_DATE;PIT_MEMBERSHIP_NOT_FULLY_VERIFIED,False,Candidate interval only. Not enabled for engine.
PTSN,,,,UNKNOWN,FIRST_PRICE_OBSERVATION_ONLY__NOT_LISTING_DATE,,UNKNOWN,OPEN_ENDED_CURRENT_DATASET__NOT_DELISTING,0,0,,,UNKNOWN,HIGH,LISTING_EVIDENCE_MISSING;DELISTING_STATUS_UNVERIFIED;FIRST_PRICE_IS_NOT_LISTING_DATE;PIT_MEMBERSHIP_NOT_FULLY_VERIFIED,False,Candidate interval only. Not enabled for engine.
PTSP,,,,UNKNOWN,FIRST_PRICE_OBSERVATION_ONLY__NOT_LISTING_DATE,,UNKNOWN,OPEN_ENDED_CURRENT_DATASET__NOT_DELISTING,0,0,,,UNKNOWN,HIGH,LISTING_EVIDENCE_MISSING;DELISTING_STATUS_UNVERIFIED;FIRST_PRICE_IS_NOT_LISTING_DATE;PIT_MEMBERSHIP_NOT_FULLY_VERIFIED,False,Candidate interval only. Not enabled for engine.
PUDP,,,,UNKNOWN,FIRST_PRICE_OBSERVATION_ONLY__NOT_LISTING_DATE,,UNKNOWN,OPEN_ENDED_CURRENT_DATASET__NOT_DELISTING,0,0,,,UNKNOWN,HIGH,LISTING_EVIDENCE_MISSING;DELISTING_STATUS_UNVERIFIED;FIRST_PRICE_IS_NOT_LISTING_DATE;PIT_MEMBERSHIP_NOT_FULLY_VERIFIED,False,Candidate interval only. Not enabled for engine.
PURA,,,,UNKNOWN,FIRST_PRICE_OBSERVATION_ONLY__NOT_LISTING_DATE,,UNKNOWN,OPEN_ENDED_CURRENT_DATASET__NOT_DELISTING,0,0,,,UNKNOWN,HIGH,LISTING_EVIDENCE_MISSING;DELISTING_STATUS_UNVERIFIED;FIRST_PRICE_IS_NOT_LISTING_DATE;PIT_MEMBERSHIP_NOT_FULLY_VERIFIED,False,Candidate interval only. Not enabled for engine.
PURI,,,,UNKNOWN,FIRST_PRICE_OBSERVATION_ONLY__NOT_LISTING_DATE,,UNKNOWN,OPEN_ENDED_CURRENT_DATASET__NOT_DELISTING,0,0,,,UNKNOWN,HIGH,LISTING_EVIDENCE_MISSING;DELISTING_STATUS_UNVERIFIED;FIRST_PRICE_IS_NOT_LISTING_DATE;PIT_MEMBERSHIP_NOT_FULLY_VERIFIED,False,Candidate interval only. Not enabled for engine.
PWON,,,,UNKNOWN,FIRST_PRICE_OBSERVATION_ONLY__NOT_LISTING_DATE,,UNKNOWN,OPEN_ENDED_CURRENT_DATASET__NOT_DELISTING,0,0,,,UNKNOWN,HIGH,LISTING_EVIDENCE_MISSING;DELISTING_STATUS_UNVERIFIED;FIRST_PRICE_IS_NOT_LISTING_DATE;PIT_MEMBERSHIP_NOT_FULLY_VERIFIED,False,Candidate interval only. Not enabled for engine.
PYFA,,,,UNKNOWN,FIRST_PRICE_OBSERVATION_ONLY__NOT_LISTING_DATE,,UNKNOWN,OPEN_ENDED_CURRENT_DATASET__NOT_DELISTING,0,0,,,UNKNOWN,HIGH,LISTING_EVIDENCE_MISSING;DELISTING_STATUS_UNVERIFIED;FIRST_PRICE_IS_NOT_LISTING_DATE;PIT_MEMBERSHIP_NOT_FULLY_VERIFIED,False,Candidate interval only. Not enabled for engine.
PZZA,,,,UNKNOWN,FIRST_PRICE_OBSERVATION_ONLY__NOT_LISTING_DATE,,UNKNOWN,OPEN_ENDED_CURRENT_DATASET__NOT_DELISTING,0,0,,,UNKNOWN,HIGH,LISTING_EVIDENCE_MISSING;DELISTING_STATUS_UNVERIFIED;FIRST_PRICE_IS_NOT_LISTING_DATE;PIT_MEMBERSHIP_NOT_FULLY_VERIFIED,False,Candidate interval only. Not enabled for engine.
RAAM,,,,UNKNOWN,FIRST_PRICE_OBSERVATION_ONLY__NOT_LISTING_DATE,,UNKNOWN,OPEN_ENDED_CURRENT_DATASET__NOT_DELISTING,0,0,,,UNKNOWN,HIGH,LISTING_EVIDENCE_MISSING;DELISTING_STATUS_UNVERIFIED;FIRST_PRICE_IS_NOT_LISTING_DATE;PIT_MEMBERSHIP_NOT_FULLY_VERIFIED,False,Candidate interval only. Not enabled for engine.
RAFI,,,,UNKNOWN,FIRST_PRICE_OBSERVATION_ONLY__NOT_LISTING_DATE,,UNKNOWN,OPEN_ENDED_CURRENT_DATASET__NOT_DELISTING,0,0,,,UNKNOWN,HIGH,LISTING_EVIDENCE_MISSING;DELISTING_STATUS_UNVERIFIED;FIRST_PRICE_IS_NOT_LISTING_DATE;PIT_MEMBERSHIP_NOT_FULLY_VERIFIED,False,Candidate interval only. Not enabled for engine.
RAJA,,,,UNKNOWN,FIRST_PRICE_OBSERVATION_ONLY__NOT_LISTING_DATE,,UNKNOWN,OPEN_ENDED_CURRENT_DATASET__NOT_DELISTING,0,0,,,UNKNOWN,HIGH,LISTING_EVIDENCE_MISSING;DELISTING_STATUS_UNVERIFIED;FIRST_PRICE_IS_NOT_LISTING_DATE;PIT_MEMBERSHIP_NOT_FULLY_VERIFIED,False,Candidate interval only. Not enabled for engine.
RALS,,,,UNKNOWN,FIRST_PRICE_OBSERVATION_ONLY__NOT_LISTING_DATE,,UNKNOWN,OPEN_ENDED_CURRENT_DATASET__NOT_DELISTING,0,0,,,UNKNOWN,HIGH,LISTING_EVIDENCE_MISSING;DELISTING_STATUS_UNVERIFIED;FIRST_PRICE_IS_NOT_LISTING_DATE;PIT_MEMBERSHIP_NOT_FULLY_VERIFIED,False,Candidate interval only. Not enabled for engine.
RANC,,,,UNKNOWN,FIRST_PRICE_OBSERVATION_ONLY__NOT_LISTING_DATE,,UNKNOWN,OPEN_ENDED_CURRENT_DATASET__NOT_DELISTING,0,0,,,UNKNOWN,HIGH,LISTING_EVIDENCE_MISSING;DELISTING_STATUS_UNVERIFIED;FIRST_PRICE_IS_NOT_LISTING_DATE;PIT_MEMBERSHIP_NOT_FULLY_VERIFIED,False,Candidate interval only. Not enabled for engine.
RATU,,,,UNKNOWN,FIRST_PRICE_OBSERVATION_ONLY__NOT_LISTING_DATE,,UNKNOWN,OPEN_ENDED_CURRENT_DATASET__NOT_DELISTING,0,0,,,UNKNOWN,HIGH,LISTING_EVIDENCE_MISSING;DELISTING_STATUS_UNVERIFIED;FIRST_PRICE_IS_NOT_LISTING_DATE;PIT_MEMBERSHIP_NOT_FULLY_VERIFIED,False,Candidate interval only. Not enabled for engine.
RBMS,,,,UNKNOWN,FIRST_PRICE_OBSERVATION_ONLY__NOT_LISTING_DATE,,UNKNOWN,OPEN_ENDED_CURRENT_DATASET__NOT_DELISTING,0,0,,,UNKNOWN,HIGH,LISTING_EVIDENCE_MISSING;DELISTING_STATUS_UNVERIFIED;FIRST_PRICE_IS_NOT_LISTING_DATE;PIT_MEMBERSHIP_NOT_FULLY_VERIFIED,False,Candidate interval only. Not enabled for engine.
RCCC,,,,UNKNOWN,FIRST_PRICE_OBSERVATION_ONLY__NOT_LISTING_DATE,,UNKNOWN,OPEN_ENDED_CURRENT_DATASET__NOT_DELISTING,0,0,,,UNKNOWN,HIGH,LISTING_EVIDENCE_MISSING;DELISTING_STATUS_UNVERIFIED;FIRST_PRICE_IS_NOT_LISTING_DATE;PIT_MEMBERSHIP_NOT_FULLY_VERIFIED,False,Candidate interval only. Not enabled for engine.
RDTX,,,,UNKNOWN,FIRST_PRICE_OBSERVATION_ONLY__NOT_LISTING_DATE,,UNKNOWN,OPEN_ENDED_CURRENT_DATASET__NOT_DELISTING,0,0,,,UNKNOWN,HIGH,LISTING_EVIDENCE_MISSING;DELISTING_STATUS_UNVERIFIED;FIRST_PRICE_IS_NOT_LISTING_DATE;PIT_MEMBERSHIP_NOT_FULLY_VERIFIED,False,Candidate interval only. Not enabled for engine.
REAL,,,,UNKNOWN,FIRST_PRICE_OBSERVATION_ONLY__NOT_LISTING_DATE,,UNKNOWN,OPEN_ENDED_CURRENT_DATASET__NOT_DELISTING,0,0,,,UNKNOWN,HIGH,LISTING_EVIDENCE_MISSING;DELISTING_STATUS_UNVERIFIED;FIRST_PRICE_IS_NOT_LISTING_DATE;PIT_MEMBERSHIP_NOT_FULLY_VERIFIED,False,Candidate interval only. Not enabled for engine.
RELF,,,,UNKNOWN,FIRST_PRICE_OBSERVATION_ONLY__NOT_LISTING_DATE,,UNKNOWN,OPEN_ENDED_CURRENT_DATASET__NOT_DELISTING,0,0,,,UNKNOWN,HIGH,LISTING_EVIDENCE_MISSING;DELISTING_STATUS_UNVERIFIED;FIRST_PRICE_IS_NOT_LISTING_DATE;PIT_MEMBERSHIP_NOT_FULLY_VERIFIED,False,Candidate interval only. Not enabled for engine.
RELI,,,,UNKNOWN,FIRST_PRICE_OBSERVATION_ONLY__NOT_LISTING_DATE,,UNKNOWN,OPEN_ENDED_CURRENT_DATASET__NOT_DELISTING,0,0,,,UNKNOWN,HIGH,LISTING_EVIDENCE_MISSING;DELISTING_STATUS_UNVERIFIED;FIRST_PRICE_IS_NOT_LISTING_DATE;PIT_MEMBERSHIP_NOT_FULLY_VERIFIED,False,Candidate interval only. Not enabled for engine.
RGAS,,,,UNKNOWN,FIRST_PRICE_OBSERVATION_ONLY__NOT_LISTING_DATE,,UNKNOWN,OPEN_ENDED_CURRENT_DATASET__NOT_DELISTING,0,0,,,UNKNOWN,HIGH,LISTING_EVIDENCE_MISSING;DELISTING_STATUS_UNVERIFIED;FIRST_PRICE_IS_NOT_LISTING_DATE;PIT_MEMBERSHIP_NOT_FULLY_VERIFIED,False,Candidate interval only. Not enabled for engine.
RICY,,,,UNKNOWN,FIRST_PRICE_OBSERVATION_ONLY__NOT_LISTING_DATE,,UNKNOWN,OPEN_ENDED_CURRENT_DATASET__NOT_DELISTING,0,0,,,UNKNOWN,HIGH,LISTING_EVIDENCE_MISSING;DELISTING_STATUS_UNVERIFIED;FIRST_PRICE_IS_NOT_LISTING_DATE;PIT_MEMBERSHIP_NOT_FULLY_VERIFIED,False,Candidate interval only. Not enabled for engine.
RIGS,,,,UNKNOWN,FIRST_PRICE_OBSERVATION_ONLY__NOT_LISTING_DATE,,UNKNOWN,OPEN_ENDED_CURRENT_DATASET__NOT_DELISTING,0,0,,,UNKNOWN,HIGH,LISTING_EVIDENCE_MISSING;DELISTING_STATUS_UNVERIFIED;FIRST_PRICE_IS_NOT_LISTING_DATE;PIT_MEMBERSHIP_NOT_FULLY_VERIFIED,False,Candidate interval only. Not enabled for engine.
RISE,,,,UNKNOWN,FIRST_PRICE_OBSERVATION_ONLY__NOT_LISTING_DATE,,UNKNOWN,OPEN_ENDED_CURRENT_DATASET__NOT_DELISTING,0,0,,,UNKNOWN,HIGH,LISTING_EVIDENCE_MISSING;DELISTING_STATUS_UNVERIFIED;FIRST_PRICE_IS_NOT_LISTING_DATE;PIT_MEMBERSHIP_NOT_FULLY_VERIFIED,False,Candidate interval only. Not enabled for engine.
RLCO,,,,UNKNOWN,FIRST_PRICE_OBSERVATION_ONLY__NOT_LISTING_DATE,,UNKNOWN,OPEN_ENDED_CURRENT_DATASET__NOT_DELISTING,0,0,,,UNKNOWN,HIGH,LISTING_EVIDENCE_MISSING;DELISTING_STATUS_UNVERIFIED;FIRST_PRICE_IS_NOT_LISTING_DATE;PIT_MEMBERSHIP_NOT_FULLY_VERIFIED,False,Candidate interval only. Not enabled for engine.
RMKE,,,,UNKNOWN,FIRST_PRICE_OBSERVATION_ONLY__NOT_LISTING_DATE,,UNKNOWN,OPEN_ENDED_CURRENT_DATASET__NOT_DELISTING,0,0,,,UNKNOWN,HIGH,LISTING_EVIDENCE_MISSING;DELISTING_STATUS_UNVERIFIED;FIRST_PRICE_IS_NOT_LISTING_DATE;PIT_MEMBERSHIP_NOT_FULLY_VERIFIED,False,Candidate interval only. Not enabled for engine.
RMKO,,,,UNKNOWN,FIRST_PRICE_OBSERVATION_ONLY__NOT_LISTING_DATE,,UNKNOWN,OPEN_ENDED_CURRENT_DATASET__NOT_DELISTING,0,0,,,UNKNOWN,HIGH,LISTING_EVIDENCE_MISSING;DELISTING_STATUS_UNVERIFIED;FIRST_PRICE_IS_NOT_LISTING_DATE;PIT_MEMBERSHIP_NOT_FULLY_VERIFIED,False,Candidate interval only. Not enabled for engine.
ROCK,,,,UNKNOWN,FIRST_PRICE_OBSERVATION_ONLY__NOT_LISTING_DATE,,UNKNOWN,OPEN_ENDED_CURRENT_DATASET__NOT_DELISTING,0,0,,,UNKNOWN,HIGH,LISTING_EVIDENCE_MISSING;DELISTING_STATUS_UNVERIFIED;FIRST_PRICE_IS_NOT_LISTING_DATE;PIT_MEMBERSHIP_NOT_FULLY_VERIFIED,False,Candidate interval only. Not enabled for engine.
RODA,,,,UNKNOWN,FIRST_PRICE_OBSERVATION_ONLY__NOT_LISTING_DATE,,UNKNOWN,OPEN_ENDED_CURRENT_DATASET__NOT_DELISTING,0,0,,,UNKNOWN,HIGH,LISTING_EVIDENCE_MISSING;DELISTING_STATUS_UNVERIFIED;FIRST_PRICE_IS_NOT_LISTING_DATE;PIT_MEMBERSHIP_NOT_FULLY_VERIFIED,False,Candidate interval only. Not enabled for engine.
RONY,,,,UNKNOWN,FIRST_PRICE_OBSERVATION_ONLY__NOT_LISTING_DATE,,UNKNOWN,OPEN_ENDED_CURRENT_DATASET__NOT_DELISTING,0,0,,,UNKNOWN,HIGH,LISTING_EVIDENCE_MISSING;DELISTING_STATUS_UNVERIFIED;FIRST_PRICE_IS_NOT_LISTING_DATE;PIT_MEMBERSHIP_NOT_FULLY_VERIFIED,False,Candidate interval only. Not enabled for engine.
ROTI,,,,UNKNOWN,FIRST_PRICE_OBSERVATION_ONLY__NOT_LISTING_DATE,,UNKNOWN,OPEN_ENDED_CURRENT_DATASET__NOT_DELISTING,0,0,,,UNKNOWN,HIGH,LISTING_EVIDENCE_MISSING;DELISTING_STATUS_UNVERIFIED;FIRST_PRICE_IS_NOT_LISTING_DATE;PIT_MEMBERSHIP_NOT_FULLY_VERIFIED,False,Candidate interval only. Not enabled for engine.
RSCH,,,,UNKNOWN,FIRST_PRICE_OBSERVATION_ONLY__NOT_LISTING_DATE,,UNKNOWN,OPEN_ENDED_CURRENT_DATASET__NOT_DELISTING,0,0,,,UNKNOWN,HIGH,LISTING_EVIDENCE_MISSING;DELISTING_STATUS_UNVERIFIED;FIRST_PRICE_IS_NOT_LISTING_DATE;PIT_MEMBERSHIP_NOT_FULLY_VERIFIED,False,Candidate interval only. Not enabled for engine.
RSGK,,,,UNKNOWN,FIRST_PRICE_OBSERVATION_ONLY__NOT_LISTING_DATE,,UNKNOWN,OPEN_ENDED_CURRENT_DATASET__NOT_DELISTING,0,0,,,UNKNOWN,HIGH,LISTING_EVIDENCE_MISSING;DELISTING_STATUS_UNVERIFIED;FIRST_PRICE_IS_NOT_LISTING_DATE;PIT_MEMBERSHIP_NOT_FULLY_VERIFIED,False,Candidate interval only. Not enabled for engine.
RUIS,,,,UNKNOWN,FIRST_PRICE_OBSERVATION_ONLY__NOT_LISTING_DATE,,UNKNOWN,OPEN_ENDED_CURRENT_DATASET__NOT_DELISTING,0,0,,,UNKNOWN,HIGH,LISTING_EVIDENCE_MISSING;DELISTING_STATUS_UNVERIFIED;FIRST_PRICE_IS_NOT_LISTING_DATE;PIT_MEMBERSHIP_NOT_FULLY_VERIFIED,False,Candidate interval only. Not enabled for engine.
RUNS,,,,UNKNOWN,FIRST_PRICE_OBSERVATION_ONLY__NOT_LISTING_DATE,,UNKNOWN,OPEN_ENDED_CURRENT_DATASET__NOT_DELISTING,0,0,,,UNKNOWN,HIGH,LISTING_EVIDENCE_MISSING;DELISTING_STATUS_UNVERIFIED;FIRST_PRICE_IS_NOT_LISTING_DATE;PIT_MEMBERSHIP_NOT_FULLY_VERIFIED,False,Candidate interval only. Not enabled for engine.
SAFE,,,,UNKNOWN,FIRST_PRICE_OBSERVATION_ONLY__NOT_LISTING_DATE,,UNKNOWN,OPEN_ENDED_CURRENT_DATASET__NOT_DELISTING,0,0,,,UNKNOWN,HIGH,LISTING_EVIDENCE_MISSING;DELISTING_STATUS_UNVERIFIED;FIRST_PRICE_IS_NOT_LISTING_DATE;PIT_MEMBERSHIP_NOT_FULLY_VERIFIED,False,Candidate interval only. Not enabled for engine.
SAGE,,,,UNKNOWN,FIRST_PRICE_OBSERVATION_ONLY__NOT_LISTING_DATE,,UNKNOWN,OPEN_ENDED_CURRENT_DATASET__NOT_DELISTING,0,0,,,UNKNOWN,HIGH,LISTING_EVIDENCE_MISSING;DELISTING_STATUS_UNVERIFIED;FIRST_PRICE_IS_NOT_LISTING_DATE;PIT_MEMBERSHIP_NOT_FULLY_VERIFIED,False,Candidate interval only. Not enabled for engine.
SAME,,,,UNKNOWN,FIRST_PRICE_OBSERVATION_ONLY__NOT_LISTING_DATE,,UNKNOWN,OPEN_ENDED_CURRENT_DATASET__NOT_DELISTING,0,0,,,UNKNOWN,HIGH,LISTING_EVIDENCE_MISSING;DELISTING_STATUS_UNVERIFIED;FIRST_PRICE_IS_NOT_LISTING_DATE;PIT_MEMBERSHIP_NOT_FULLY_VERIFIED,False,Candidate interval only. Not enabled for engine.
SAMF,,,,UNKNOWN,FIRST_PRICE_OBSERVATION_ONLY__NOT_LISTING_DATE,,UNKNOWN,OPEN_ENDED_CURRENT_DATASET__NOT_DELISTING,0,0,,,UNKNOWN,HIGH,LISTING_EVIDENCE_MISSING;DELISTING_STATUS_UNVERIFIED;FIRST_PRICE_IS_NOT_LISTING_DATE;PIT_MEMBERSHIP_NOT_FULLY_VERIFIED,False,Candidate interval only. Not enabled for engine.
SAPX,,,,UNKNOWN,FIRST_PRICE_OBSERVATION_ONLY__NOT_LISTING_DATE,,UNKNOWN,OPEN_ENDED_CURRENT_DATASET__NOT_DELISTING,0,0,,,UNKNOWN,HIGH,LISTING_EVIDENCE_MISSING;DELISTING_STATUS_UNVERIFIED;FIRST_PRICE_IS_NOT_LISTING_DATE;PIT_MEMBERSHIP_NOT_FULLY_VERIFIED,False,Candidate interval only. Not enabled for engine.
SATU,,,,UNKNOWN,FIRST_PRICE_OBSERVATION_ONLY__NOT_LISTING_DATE,,UNKNOWN,OPEN_ENDED_CURRENT_DATASET__NOT_DELISTING,0,0,,,UNKNOWN,HIGH,LISTING_EVIDENCE_MISSING;DELISTING_STATUS_UNVERIFIED;FIRST_PRICE_IS_NOT_LISTING_DATE;PIT_MEMBERSHIP_NOT_FULLY_VERIFIED,False,Candidate interval only. Not enabled for engine.
SBAT,,,,UNKNOWN,FIRST_PRICE_OBSERVATION_ONLY__NOT_LISTING_DATE,,UNKNOWN,OPEN_ENDED_CURRENT_DATASET__NOT_DELISTING,0,0,,,UNKNOWN,HIGH,LISTING_EVIDENCE_MISSING;DELISTING_STATUS_UNVERIFIED;FIRST_PRICE_IS_NOT_LISTING_DATE;PIT_MEMBERSHIP_NOT_FULLY_VERIFIED,False,Candidate interval only. Not enabled for engine.
SBMA,,,,UNKNOWN,FIRST_PRICE_OBSERVATION_ONLY__NOT_LISTING_DATE,,UNKNOWN,OPEN_ENDED_CURRENT_DATASET__NOT_DELISTING,0,0,,,UNKNOWN,HIGH,LISTING_EVIDENCE_MISSING;DELISTING_STATUS_UNVERIFIED;FIRST_PRICE_IS_NOT_LISTING_DATE;PIT_MEMBERSHIP_NOT_FULLY_VERIFIED,False,Candidate interval only. Not enabled for engine.
SCCO,,,,UNKNOWN,FIRST_PRICE_OBSERVATION_ONLY__NOT_LISTING_DATE,,UNKNOWN,OPEN_ENDED_CURRENT_DATASET__NOT_DELISTING,0,0,,,UNKNOWN,HIGH,LISTING_EVIDENCE_MISSING;DELISTING_STATUS_UNVERIFIED;FIRST_PRICE_IS_NOT_LISTING_DATE;PIT_MEMBERSHIP_NOT_FULLY_VERIFIED,False,Candidate interval only. Not enabled for engine.
SCMA,,,,UNKNOWN,FIRST_PRICE_OBSERVATION_ONLY__NOT_LISTING_DATE,,UNKNOWN,OPEN_ENDED_CURRENT_DATASET__NOT_DELISTING,0,0,,,UNKNOWN,HIGH,LISTING_EVIDENCE_MISSING;DELISTING_STATUS_UNVERIFIED;FIRST_PRICE_IS_NOT_LISTING_DATE;PIT_MEMBERSHIP_NOT_FULLY_VERIFIED,False,Candidate interval only. Not enabled for engine.
SCNP,,,,UNKNOWN,FIRST_PRICE_OBSERVATION_ONLY__NOT_LISTING_DATE,,UNKNOWN,OPEN_ENDED_CURRENT_DATASET__NOT_DELISTING,0,0,,,UNKNOWN,HIGH,LISTING_EVIDENCE_MISSING;DELISTING_STATUS_UNVERIFIED;FIRST_PRICE_IS_NOT_LISTING_DATE;PIT_MEMBERSHIP_NOT_FULLY_VERIFIED,False,Candidate interval only. Not enabled for engine.
SDMU,,,,UNKNOWN,FIRST_PRICE_OBSERVATION_ONLY__NOT_LISTING_DATE,,UNKNOWN,OPEN_ENDED_CURRENT_DATASET__NOT_DELISTING,0,0,,,UNKNOWN,HIGH,LISTING_EVIDENCE_MISSING;DELISTING_STATUS_UNVERIFIED;FIRST_PRICE_IS_NOT_LISTING_DATE;PIT_MEMBERSHIP_NOT_FULLY_VERIFIED,False,Candidate interval only. Not enabled for engine.
SDPC,,,,UNKNOWN,FIRST_PRICE_OBSERVATION_ONLY__NOT_LISTING_DATE,,UNKNOWN,OPEN_ENDED_CURRENT_DATASET__NOT_DELISTING,0,0,,,UNKNOWN,HIGH,LISTING_EVIDENCE_MISSING;DELISTING_STATUS_UNVERIFIED;FIRST_PRICE_IS_NOT_LISTING_DATE;PIT_MEMBERSHIP_NOT_FULLY_VERIFIED,False,Candidate interval only. Not enabled for engine.
SDRA,,,,UNKNOWN,FIRST_PRICE_OBSERVATION_ONLY__NOT_LISTING_DATE,,UNKNOWN,OPEN_ENDED_CURRENT_DATASET__NOT_DELISTING,0,0,,,UNKNOWN,HIGH,LISTING_EVIDENCE_MISSING;DELISTING_STATUS_UNVERIFIED;FIRST_PRICE_IS_NOT_LISTING_DATE;PIT_MEMBERSHIP_NOT_FULLY_VERIFIED,False,Candidate interval only. Not enabled for engine.
SEMA,,,,UNKNOWN,FIRST_PRICE_OBSERVATION_ONLY__NOT_LISTING_DATE,,UNKNOWN,OPEN_ENDED_CURRENT_DATASET__NOT_DELISTING,0,0,,,UNKNOWN,HIGH,LISTING_EVIDENCE_MISSING;DELISTING_STATUS_UNVERIFIED;FIRST_PRICE_IS_NOT_LISTING_DATE;PIT_MEMBERSHIP_NOT_FULLY_VERIFIED,False,Candidate interval only. Not enabled for engine.
SFAN,,,,UNKNOWN,FIRST_PRICE_OBSERVATION_ONLY__NOT_LISTING_DATE,,UNKNOWN,OPEN_ENDED_CURRENT_DATASET__NOT_DELISTING,0,0,,,UNKNOWN,HIGH,LISTING_EVIDENCE_MISSING;DELISTING_STATUS_UNVERIFIED;FIRST_PRICE_IS_NOT_LISTING_DATE;PIT_MEMBERSHIP_NOT_FULLY_VERIFIED,False,Candidate interval only. Not enabled for engine.
SGER,,,,UNKNOWN,FIRST_PRICE_OBSERVATION_ONLY__NOT_LISTING_DATE,,UNKNOWN,OPEN_ENDED_CURRENT_DATASET__NOT_DELISTING,0,0,,,UNKNOWN,HIGH,LISTING_EVIDENCE_MISSING;DELISTING_STATUS_UNVERIFIED;FIRST_PRICE_IS_NOT_LISTING_DATE;PIT_MEMBERSHIP_NOT_FULLY_VERIFIED,False,Candidate interval only. Not enabled for engine.
SGRO,,,,UNKNOWN,FIRST_PRICE_OBSERVATION_ONLY__NOT_LISTING_DATE,,UNKNOWN,OPEN_ENDED_CURRENT_DATASET__NOT_DELISTING,0,0,,,UNKNOWN,HIGH,LISTING_EVIDENCE_MISSING;DELISTING_STATUS_UNVERIFIED;FIRST_PRICE_IS_NOT_LISTING_DATE;PIT_MEMBERSHIP_NOT_FULLY_VERIFIED,False,Candidate interval only. Not enabled for engine.
SHID,,,,UNKNOWN,FIRST_PRICE_OBSERVATION_ONLY__NOT_LISTING_DATE,,UNKNOWN,OPEN_ENDED_CURRENT_DATASET__NOT_DELISTING,0,0,,,UNKNOWN,HIGH,LISTING_EVIDENCE_MISSING;DELISTING_STATUS_UNVERIFIED;FIRST_PRICE_IS_NOT_LISTING_DATE;PIT_MEMBERSHIP_NOT_FULLY_VERIFIED,False,Candidate interval only. Not enabled for engine.
SHIP,,,,UNKNOWN,FIRST_PRICE_OBSERVATION_ONLY__NOT_LISTING_DATE,,UNKNOWN,OPEN_ENDED_CURRENT_DATASET__NOT_DELISTING,0,0,,,UNKNOWN,HIGH,LISTING_EVIDENCE_MISSING;DELISTING_STATUS_UNVERIFIED;FIRST_PRICE_IS_NOT_LISTING_DATE;PIT_MEMBERSHIP_NOT_FULLY_VERIFIED,False,Candidate interval only. Not enabled for engine.
SICO,,,,UNKNOWN,FIRST_PRICE_OBSERVATION_ONLY__NOT_LISTING_DATE,,UNKNOWN,OPEN_ENDED_CURRENT_DATASET__NOT_DELISTING,0,0,,,UNKNOWN,HIGH,LISTING_EVIDENCE_MISSING;DELISTING_STATUS_UNVERIFIED;FIRST_PRICE_IS_NOT_LISTING_DATE;PIT_MEMBERSHIP_NOT_FULLY_VERIFIED,False,Candidate interval only. Not enabled for engine.
SIDO,,,,UNKNOWN,FIRST_PRICE_OBSERVATION_ONLY__NOT_LISTING_DATE,,UNKNOWN,OPEN_ENDED_CURRENT_DATASET__NOT_DELISTING,0,0,,,UNKNOWN,HIGH,LISTING_EVIDENCE_MISSING;DELISTING_STATUS_UNVERIFIED;FIRST_PRICE_IS_NOT_LISTING_DATE;PIT_MEMBERSHIP_NOT_FULLY_VERIFIED,False,Candidate interval only. Not enabled for engine.
SILO,,,,UNKNOWN,FIRST_PRICE_OBSERVATION_ONLY__NOT_LISTING_DATE,,UNKNOWN,OPEN_ENDED_CURRENT_DATASET__NOT_DELISTING,0,0,,,UNKNOWN,HIGH,LISTING_EVIDENCE_MISSING;DELISTING_STATUS_UNVERIFIED;FIRST_PRICE_IS_NOT_LISTING_DATE;PIT_MEMBERSHIP_NOT_FULLY_VERIFIED,False,Candidate interval only. Not enabled for engine.
SIMP,,,,UNKNOWN,FIRST_PRICE_OBSERVATION_ONLY__NOT_LISTING_DATE,,UNKNOWN,OPEN_ENDED_CURRENT_DATASET__NOT_DELISTING,0,0,,,UNKNOWN,HIGH,LISTING_EVIDENCE_MISSING;DELISTING_STATUS_UNVERIFIED;FIRST_PRICE_IS_NOT_LISTING_DATE;PIT_MEMBERSHIP_NOT_FULLY_VERIFIED,False,Candidate interval only. Not enabled for engine.
SINI,,,,UNKNOWN,FIRST_PRICE_OBSERVATION_ONLY__NOT_LISTING_DATE,,UNKNOWN,OPEN_ENDED_CURRENT_DATASET__NOT_DELISTING,0,0,,,UNKNOWN,HIGH,LISTING_EVIDENCE_MISSING;DELISTING_STATUS_UNVERIFIED;FIRST_PRICE_IS_NOT_LISTING_DATE;PIT_MEMBERSHIP_NOT_FULLY_VERIFIED,False,Candidate interval only. Not enabled for engine.
SIPD,,,,UNKNOWN,FIRST_PRICE_OBSERVATION_ONLY__NOT_LISTING_DATE,,UNKNOWN,OPEN_ENDED_CURRENT_DATASET__NOT_DELISTING,0,0,,,UNKNOWN,HIGH,LISTING_EVIDENCE_MISSING;DELISTING_STATUS_UNVERIFIED;FIRST_PRICE_IS_NOT_LISTING_DATE;PIT_MEMBERSHIP_NOT_FULLY_VERIFIED,False,Candidate interval only. Not enabled for engine.
SKBM,,,,UNKNOWN,FIRST_PRICE_OBSERVATION_ONLY__NOT_LISTING_DATE,,UNKNOWN,OPEN_ENDED_CURRENT_DATASET__NOT_DELISTING,0,0,,,UNKNOWN,HIGH,LISTING_EVIDENCE_MISSING;DELISTING_STATUS_UNVERIFIED;FIRST_PRICE_IS_NOT_LISTING_DATE;PIT_MEMBERSHIP_NOT_FULLY_VERIFIED,False,Candidate interval only. Not enabled for engine.
SKLT,,,,UNKNOWN,FIRST_PRICE_OBSERVATION_ONLY__NOT_LISTING_DATE,,UNKNOWN,OPEN_ENDED_CURRENT_DATASET__NOT_DELISTING,0,0,,,UNKNOWN,HIGH,LISTING_EVIDENCE_MISSING;DELISTING_STATUS_UNVERIFIED;FIRST_PRICE_IS_NOT_LISTING_DATE;PIT_MEMBERSHIP_NOT_FULLY_VERIFIED,False,Candidate interval only. Not enabled for engine.
SKRN,,,,UNKNOWN,FIRST_PRICE_OBSERVATION_ONLY__NOT_LISTING_DATE,,UNKNOWN,OPEN_ENDED_CURRENT_DATASET__NOT_DELISTING,0,0,,,UNKNOWN,HIGH,LISTING_EVIDENCE_MISSING;DELISTING_STATUS_UNVERIFIED;FIRST_PRICE_IS_NOT_LISTING_DATE;PIT_MEMBERSHIP_NOT_FULLY_VERIFIED,False,Candidate interval only. Not enabled for engine.
SLIS,,,,UNKNOWN,FIRST_PRICE_OBSERVATION_ONLY__NOT_LISTING_DATE,,UNKNOWN,OPEN_ENDED_CURRENT_DATASET__NOT_DELISTING,0,0,,,UNKNOWN,HIGH,LISTING_EVIDENCE_MISSING;DELISTING_STATUS_UNVERIFIED;FIRST_PRICE_IS_NOT_LISTING_DATE;PIT_MEMBERSHIP_NOT_FULLY_VERIFIED,False,Candidate interval only. Not enabled for engine.
SMAR,,,,UNKNOWN,FIRST_PRICE_OBSERVATION_ONLY__NOT_LISTING_DATE,,UNKNOWN,OPEN_ENDED_CURRENT_DATASET__NOT_DELISTING,0,0,,,UNKNOWN,HIGH,LISTING_EVIDENCE_MISSING;DELISTING_STATUS_UNVERIFIED;FIRST_PRICE_IS_NOT_LISTING_DATE;PIT_MEMBERSHIP_NOT_FULLY_VERIFIED,False,Candidate interval only. Not enabled for engine.
SMBR,,,,UNKNOWN,FIRST_PRICE_OBSERVATION_ONLY__NOT_LISTING_DATE,,UNKNOWN,OPEN_ENDED_CURRENT_DATASET__NOT_DELISTING,0,0,,,UNKNOWN,HIGH,LISTING_EVIDENCE_MISSING;DELISTING_STATUS_UNVERIFIED;FIRST_PRICE_IS_NOT_LISTING_DATE;PIT_MEMBERSHIP_NOT_FULLY_VERIFIED,False,Candidate interval only. Not enabled for engine.
SMCB,,,,UNKNOWN,FIRST_PRICE_OBSERVATION_ONLY__NOT_LISTING_DATE,,UNKNOWN,OPEN_ENDED_CURRENT_DATASET__NOT_DELISTING,0,0,,,UNKNOWN,HIGH,LISTING_EVIDENCE_MISSING;DELISTING_STATUS_UNVERIFIED;FIRST_PRICE_IS_NOT_LISTING_DATE;PIT_MEMBERSHIP_NOT_FULLY_VERIFIED,False,Candidate interval only. Not enabled for engine.
SMDM,,,,UNKNOWN,FIRST_PRICE_OBSERVATION_ONLY__NOT_LISTING_DATE,,UNKNOWN,OPEN_ENDED_CURRENT_DATASET__NOT_DELISTING,0,0,,,UNKNOWN,HIGH,LISTING_EVIDENCE_MISSING;DELISTING_STATUS_UNVERIFIED;FIRST_PRICE_IS_NOT_LISTING_DATE;PIT_MEMBERSHIP_NOT_FULLY_VERIFIED,False,Candidate interval only. Not enabled for engine.
SMDR,,,,UNKNOWN,FIRST_PRICE_OBSERVATION_ONLY__NOT_LISTING_DATE,,UNKNOWN,OPEN_ENDED_CURRENT_DATASET__NOT_DELISTING,0,0,,,UNKNOWN,HIGH,LISTING_EVIDENCE_MISSING;DELISTING_STATUS_UNVERIFIED;FIRST_PRICE_IS_NOT_LISTING_DATE;PIT_MEMBERSHIP_NOT_FULLY_VERIFIED,False,Candidate interval only. Not enabled for engine.
SMGA,,,,UNKNOWN,FIRST_PRICE_OBSERVATION_ONLY__NOT_LISTING_DATE,,UNKNOWN,OPEN_ENDED_CURRENT_DATASET__NOT_DELISTING,0,0,,,UNKNOWN,HIGH,LISTING_EVIDENCE_MISSING;DELISTING_STATUS_UNVERIFIED;FIRST_PRICE_IS_NOT_LISTING_DATE;PIT_MEMBERSHIP_NOT_FULLY_VERIFIED,False,Candidate interval only. Not enabled for engine.
SMGR,,,,UNKNOWN,FIRST_PRICE_OBSERVATION_ONLY__NOT_LISTING_DATE,,UNKNOWN,OPEN_ENDED_CURRENT_DATASET__NOT_DELISTING,0,0,,,UNKNOWN,HIGH,LISTING_EVIDENCE_MISSING;DELISTING_STATUS_UNVERIFIED;FIRST_PRICE_IS_NOT_LISTING_DATE;PIT_MEMBERSHIP_NOT_FULLY_VERIFIED,False,Candidate interval only. Not enabled for engine.
SMIL,,,,UNKNOWN,FIRST_PRICE_OBSERVATION_ONLY__NOT_LISTING_DATE,,UNKNOWN,OPEN_ENDED_CURRENT_DATASET__NOT_DELISTING,0,0,,,UNKNOWN,HIGH,LISTING_EVIDENCE_MISSING;DELISTING_STATUS_UNVERIFIED;FIRST_PRICE_IS_NOT_LISTING_DATE;PIT_MEMBERSHIP_NOT_FULLY_VERIFIED,False,Candidate interval only. Not enabled for engine.
SMKL,,,,UNKNOWN,FIRST_PRICE_OBSERVATION_ONLY__NOT_LISTING_DATE,,UNKNOWN,OPEN_ENDED_CURRENT_DATASET__NOT_DELISTING,0,0,,,UNKNOWN,HIGH,LISTING_EVIDENCE_MISSING;DELISTING_STATUS_UNVERIFIED;FIRST_PRICE_IS_NOT_LISTING_DATE;PIT_MEMBERSHIP_NOT_FULLY_VERIFIED,False,Candidate interval only. Not enabled for engine.
SMKM,,,,UNKNOWN,FIRST_PRICE_OBSERVATION_ONLY__NOT_LISTING_DATE,,UNKNOWN,OPEN_ENDED_CURRENT_DATASET__NOT_DELISTING,0,0,,,UNKNOWN,HIGH,LISTING_EVIDENCE_MISSING;DELISTING_STATUS_UNVERIFIED;FIRST_PRICE_IS_NOT_LISTING_DATE;PIT_MEMBERSHIP_NOT_FULLY_VERIFIED,False,Candidate interval only. Not enabled for engine.
SMLE,,,,UNKNOWN,FIRST_PRICE_OBSERVATION_ONLY__NOT_LISTING_DATE,,UNKNOWN,OPEN_ENDED_CURRENT_DATASET__NOT_DELISTING,0,0,,,UNKNOWN,HIGH,LISTING_EVIDENCE_MISSING;DELISTING_STATUS_UNVERIFIED;FIRST_PRICE_IS_NOT_LISTING_DATE;PIT_MEMBERSHIP_NOT_FULLY_VERIFIED,False,Candidate interval only. Not enabled for engine.
SMMA,,,,UNKNOWN,FIRST_PRICE_OBSERVATION_ONLY__NOT_LISTING_DATE,,UNKNOWN,OPEN_ENDED_CURRENT_DATASET__NOT_DELISTING,0,0,,,UNKNOWN,HIGH,LISTING_EVIDENCE_MISSING;DELISTING_STATUS_UNVERIFIED;FIRST_PRICE_IS_NOT_LISTING_DATE;PIT_MEMBERSHIP_NOT_FULLY_VERIFIED,False,Candidate interval only. Not enabled for engine.
SMMT,,,,UNKNOWN,FIRST_PRICE_OBSERVATION_ONLY__NOT_LISTING_DATE,,UNKNOWN,OPEN_ENDED_CURRENT_DATASET__NOT_DELISTING,0,0,,,UNKNOWN,HIGH,LISTING_EVIDENCE_MISSING;DELISTING_STATUS_UNVERIFIED;FIRST_PRICE_IS_NOT_LISTING_DATE;PIT_MEMBERSHIP_NOT_FULLY_VERIFIED,False,Candidate interval only. Not enabled for engine.
SMRA,,,,UNKNOWN,FIRST_PRICE_OBSERVATION_ONLY__NOT_LISTING_DATE,,UNKNOWN,OPEN_ENDED_CURRENT_DATASET__NOT_DELISTING,0,0,,,UNKNOWN,HIGH,LISTING_EVIDENCE_MISSING;DELISTING_STATUS_UNVERIFIED;FIRST_PRICE_IS_NOT_LISTING_DATE;PIT_MEMBERSHIP_NOT_FULLY_VERIFIED,False,Candidate interval only. Not enabled for engine.
SMSM,,,,UNKNOWN,FIRST_PRICE_OBSERVATION_ONLY__NOT_LISTING_DATE,,UNKNOWN,OPEN_ENDED_CURRENT_DATASET__NOT_DELISTING,0,0,,,UNKNOWN,HIGH,LISTING_EVIDENCE_MISSING;DELISTING_STATUS_UNVERIFIED;FIRST_PRICE_IS_NOT_LISTING_DATE;PIT_MEMBERSHIP_NOT_FULLY_VERIFIED,False,Candidate interval only. Not enabled for engine.
SNLK,,,,UNKNOWN,FIRST_PRICE_OBSERVATION_ONLY__NOT_LISTING_DATE,,UNKNOWN,OPEN_ENDED_CURRENT_DATASET__NOT_DELISTING,0,0,,,UNKNOWN,HIGH,LISTING_EVIDENCE_MISSING;DELISTING_STATUS_UNVERIFIED;FIRST_PRICE_IS_NOT_LISTING_DATE;PIT_MEMBERSHIP_NOT_FULLY_VERIFIED,False,Candidate interval only. Not enabled for engine.
SOCI,,,,UNKNOWN,FIRST_PRICE_OBSERVATION_ONLY__NOT_LISTING_DATE,,UNKNOWN,OPEN_ENDED_CURRENT_DATASET__NOT_DELISTING,0,0,,,UNKNOWN,HIGH,LISTING_EVIDENCE_MISSING;DELISTING_STATUS_UNVERIFIED;FIRST_PRICE_IS_NOT_LISTING_DATE;PIT_MEMBERSHIP_NOT_FULLY_VERIFIED,False,Candidate interval only. Not enabled for engine.
SOFA,,,,UNKNOWN,FIRST_PRICE_OBSERVATION_ONLY__NOT_LISTING_DATE,,UNKNOWN,OPEN_ENDED_CURRENT_DATASET__NOT_DELISTING,0,0,,,UNKNOWN,HIGH,LISTING_EVIDENCE_MISSING;DELISTING_STATUS_UNVERIFIED;FIRST_PRICE_IS_NOT_LISTING_DATE;PIT_MEMBERSHIP_NOT_FULLY_VERIFIED,False,Candidate interval only. Not enabled for engine.
SOHO,,,,UNKNOWN,FIRST_PRICE_OBSERVATION_ONLY__NOT_LISTING_DATE,,UNKNOWN,OPEN_ENDED_CURRENT_DATASET__NOT_DELISTING,0,0,,,UNKNOWN,HIGH,LISTING_EVIDENCE_MISSING;DELISTING_STATUS_UNVERIFIED;FIRST_PRICE_IS_NOT_LISTING_DATE;PIT_MEMBERSHIP_NOT_FULLY_VERIFIED,False,Candidate interval only. Not enabled for engine.
SOLA,,,,UNKNOWN,FIRST_PRICE_OBSERVATION_ONLY__NOT_LISTING_DATE,,UNKNOWN,OPEN_ENDED_CURRENT_DATASET__NOT_DELISTING,0,0,,,UNKNOWN,HIGH,LISTING_EVIDENCE_MISSING;DELISTING_STATUS_UNVERIFIED;FIRST_PRICE_IS_NOT_LISTING_DATE;PIT_MEMBERSHIP_NOT_FULLY_VERIFIED,False,Candidate interval only. Not enabled for engine.
SONA,,,,UNKNOWN,FIRST_PRICE_OBSERVATION_ONLY__NOT_LISTING_DATE,,UNKNOWN,OPEN_ENDED_CURRENT_DATASET__NOT_DELISTING,0,0,,,UNKNOWN,HIGH,LISTING_EVIDENCE_MISSING;DELISTING_STATUS_UNVERIFIED;FIRST_PRICE_IS_NOT_LISTING_DATE;PIT_MEMBERSHIP_NOT_FULLY_VERIFIED,False,Candidate interval only. Not enabled for engine.
SOSS,,,,UNKNOWN,FIRST_PRICE_OBSERVATION_ONLY__NOT_LISTING_DATE,,UNKNOWN,OPEN_ENDED_CURRENT_DATASET__NOT_DELISTING,0,0,,,UNKNOWN,HIGH,LISTING_EVIDENCE_MISSING;DELISTING_STATUS_UNVERIFIED;FIRST_PRICE_IS_NOT_LISTING_DATE;PIT_MEMBERSHIP_NOT_FULLY_VERIFIED,False,Candidate interval only. Not enabled for engine.
SOTS,,,,UNKNOWN,FIRST_PRICE_OBSERVATION_ONLY__NOT_LISTING_DATE,,UNKNOWN,OPEN_ENDED_CURRENT_DATASET__NOT_DELISTING,0,0,,,UNKNOWN,HIGH,LISTING_EVIDENCE_MISSING;DELISTING_STATUS_UNVERIFIED;FIRST_PRICE_IS_NOT_LISTING_DATE;PIT_MEMBERSHIP_NOT_FULLY_VERIFIED,False,Candidate interval only. Not enabled for engine.
SOUL,,,,UNKNOWN,FIRST_PRICE_OBSERVATION_ONLY__NOT_LISTING_DATE,,UNKNOWN,OPEN_ENDED_CURRENT_DATASET__NOT_DELISTING,0,0,,,UNKNOWN,HIGH,LISTING_EVIDENCE_MISSING;DELISTING_STATUS_UNVERIFIED;FIRST_PRICE_IS_NOT_LISTING_DATE;PIT_MEMBERSHIP_NOT_FULLY_VERIFIED,False,Candidate interval only. Not enabled for engine.
SPMA,,,,UNKNOWN,FIRST_PRICE_OBSERVATION_ONLY__NOT_LISTING_DATE,,UNKNOWN,OPEN_ENDED_CURRENT_DATASET__NOT_DELISTING,0,0,,,UNKNOWN,HIGH,LISTING_EVIDENCE_MISSING;DELISTING_STATUS_UNVERIFIED;FIRST_PRICE_IS_NOT_LISTING_DATE;PIT_MEMBERSHIP_NOT_FULLY_VERIFIED,False,Candidate interval only. Not enabled for engine.
SPRE,,,,UNKNOWN,FIRST_PRICE_OBSERVATION_ONLY__NOT_LISTING_DATE,,UNKNOWN,OPEN_ENDED_CURRENT_DATASET__NOT_DELISTING,0,0,,,UNKNOWN,HIGH,LISTING_EVIDENCE_MISSING;DELISTING_STATUS_UNVERIFIED;FIRST_PRICE_IS_NOT_LISTING_DATE;PIT_MEMBERSHIP_NOT_FULLY_VERIFIED,False,Candidate interval only. Not enabled for engine.
SPTO,,,,UNKNOWN,FIRST_PRICE_OBSERVATION_ONLY__NOT_LISTING_DATE,,UNKNOWN,OPEN_ENDED_CURRENT_DATASET__NOT_DELISTING,0,0,,,UNKNOWN,HIGH,LISTING_EVIDENCE_MISSING;DELISTING_STATUS_UNVERIFIED;FIRST_PRICE_IS_NOT_LISTING_DATE;PIT_MEMBERSHIP_NOT_FULLY_VERIFIED,False,Candidate interval only. Not enabled for engine.
SQMI,,,,UNKNOWN,FIRST_PRICE_OBSERVATION_ONLY__NOT_LISTING_DATE,,UNKNOWN,OPEN_ENDED_CURRENT_DATASET__NOT_DELISTING,0,0,,,UNKNOWN,HIGH,LISTING_EVIDENCE_MISSING;DELISTING_STATUS_UNVERIFIED;FIRST_PRICE_IS_NOT_LISTING_DATE;PIT_MEMBERSHIP_NOT_FULLY_VERIFIED,False,Candidate interval only. Not enabled for engine.
SRAJ,,,,UNKNOWN,FIRST_PRICE_OBSERVATION_ONLY__NOT_LISTING_DATE,,UNKNOWN,OPEN_ENDED_CURRENT_DATASET__NOT_DELISTING,0,0,,,UNKNOWN,HIGH,LISTING_EVIDENCE_MISSING;DELISTING_STATUS_UNVERIFIED;FIRST_PRICE_IS_NOT_LISTING_DATE;PIT_MEMBERSHIP_NOT_FULLY_VERIFIED,False,Candidate interval only. Not enabled for engine.
SRSN,,,,UNKNOWN,FIRST_PRICE_OBSERVATION_ONLY__NOT_LISTING_DATE,,UNKNOWN,OPEN_ENDED_CURRENT_DATASET__NOT_DELISTING,0,0,,,UNKNOWN,HIGH,LISTING_EVIDENCE_MISSING;DELISTING_STATUS_UNVERIFIED;FIRST_PRICE_IS_NOT_LISTING_DATE;PIT_MEMBERSHIP_NOT_FULLY_VERIFIED,False,Candidate interval only. Not enabled for engine.
SRTG,,,,UNKNOWN,FIRST_PRICE_OBSERVATION_ONLY__NOT_LISTING_DATE,,UNKNOWN,OPEN_ENDED_CURRENT_DATASET__NOT_DELISTING,0,0,,,UNKNOWN,HIGH,LISTING_EVIDENCE_MISSING;DELISTING_STATUS_UNVERIFIED;FIRST_PRICE_IS_NOT_LISTING_DATE;PIT_MEMBERSHIP_NOT_FULLY_VERIFIED,False,Candidate interval only. Not enabled for engine.
SSIA,,,,UNKNOWN,FIRST_PRICE_OBSERVATION_ONLY__NOT_LISTING_DATE,,UNKNOWN,OPEN_ENDED_CURRENT_DATASET__NOT_DELISTING,0,0,,,UNKNOWN,HIGH,LISTING_EVIDENCE_MISSING;DELISTING_STATUS_UNVERIFIED;FIRST_PRICE_IS_NOT_LISTING_DATE;PIT_MEMBERSHIP_NOT_FULLY_VERIFIED,False,Candidate interval only. Not enabled for engine.
SSMS,,,,UNKNOWN,FIRST_PRICE_OBSERVATION_ONLY__NOT_LISTING_DATE,,UNKNOWN,OPEN_ENDED_CURRENT_DATASET__NOT_DELISTING,0,0,,,UNKNOWN,HIGH,LISTING_EVIDENCE_MISSING;DELISTING_STATUS_UNVERIFIED;FIRST_PRICE_IS_NOT_LISTING_DATE;PIT_MEMBERSHIP_NOT_FULLY_VERIFIED,False,Candidate interval only. Not enabled for engine.
SSTM,,,,UNKNOWN,FIRST_PRICE_OBSERVATION_ONLY__NOT_LISTING_DATE,,UNKNOWN,OPEN_ENDED_CURRENT_DATASET__NOT_DELISTING,0,0,,,UNKNOWN,HIGH,LISTING_EVIDENCE_MISSING;DELISTING_STATUS_UNVERIFIED;FIRST_PRICE_IS_NOT_LISTING_DATE;PIT_MEMBERSHIP_NOT_FULLY_VERIFIED,False,Candidate interval only. Not enabled for engine.
STAA,,,,UNKNOWN,FIRST_PRICE_OBSERVATION_ONLY__NOT_LISTING_DATE,,UNKNOWN,OPEN_ENDED_CURRENT_DATASET__NOT_DELISTING,0,0,,,UNKNOWN,HIGH,LISTING_EVIDENCE_MISSING;DELISTING_STATUS_UNVERIFIED;FIRST_PRICE_IS_NOT_LISTING_DATE;PIT_MEMBERSHIP_NOT_FULLY_VERIFIED,False,Candidate interval only. Not enabled for engine.
STAR,,,,UNKNOWN,FIRST_PRICE_OBSERVATION_ONLY__NOT_LISTING_DATE,,UNKNOWN,OPEN_ENDED_CURRENT_DATASET__NOT_DELISTING,0,0,,,UNKNOWN,HIGH,LISTING_EVIDENCE_MISSING;DELISTING_STATUS_UNVERIFIED;FIRST_PRICE_IS_NOT_LISTING_DATE;PIT_MEMBERSHIP_NOT_FULLY_VERIFIED,False,Candidate interval only. Not enabled for engine.
STRK,,,,UNKNOWN,FIRST_PRICE_OBSERVATION_ONLY__NOT_LISTING_DATE,,UNKNOWN,OPEN_ENDED_CURRENT_DATASET__NOT_DELISTING,0,0,,,UNKNOWN,HIGH,LISTING_EVIDENCE_MISSING;DELISTING_STATUS_UNVERIFIED;FIRST_PRICE_IS_NOT_LISTING_DATE;PIT_MEMBERSHIP_NOT_FULLY_VERIFIED,False,Candidate interval only. Not enabled for engine.
STTP,,,,UNKNOWN,FIRST_PRICE_OBSERVATION_ONLY__NOT_LISTING_DATE,,UNKNOWN,OPEN_ENDED_CURRENT_DATASET__NOT_DELISTING,0,0,,,UNKNOWN,HIGH,LISTING_EVIDENCE_MISSING;DELISTING_STATUS_UNVERIFIED;FIRST_PRICE_IS_NOT_LISTING_DATE;PIT_MEMBERSHIP_NOT_FULLY_VERIFIED,False,Candidate interval only. Not enabled for engine.
SULI,,,,UNKNOWN,FIRST_PRICE_OBSERVATION_ONLY__NOT_LISTING_DATE,,UNKNOWN,OPEN_ENDED_CURRENT_DATASET__NOT_DELISTING,0,0,,,UNKNOWN,HIGH,LISTING_EVIDENCE_MISSING;DELISTING_STATUS_UNVERIFIED;FIRST_PRICE_IS_NOT_LISTING_DATE;PIT_MEMBERSHIP_NOT_FULLY_VERIFIED,False,Candidate interval only. Not enabled for engine.
SUNI,,,,UNKNOWN,FIRST_PRICE_OBSERVATION_ONLY__NOT_LISTING_DATE,,UNKNOWN,OPEN_ENDED_CURRENT_DATASET__NOT_DELISTING,0,0,,,UNKNOWN,HIGH,LISTING_EVIDENCE_MISSING;DELISTING_STATUS_UNVERIFIED;FIRST_PRICE_IS_NOT_LISTING_DATE;PIT_MEMBERSHIP_NOT_FULLY_VERIFIED,False,Candidate interval only. Not enabled for engine.
SUPR,,,,UNKNOWN,FIRST_PRICE_OBSERVATION_ONLY__NOT_LISTING_DATE,,UNKNOWN,OPEN_ENDED_CURRENT_DATASET__NOT_DELISTING,0,0,,,UNKNOWN,HIGH,LISTING_EVIDENCE_MISSING;DELISTING_STATUS_UNVERIFIED;FIRST_PRICE_IS_NOT_LISTING_DATE;PIT_MEMBERSHIP_NOT_FULLY_VERIFIED,False,Candidate interval only. Not enabled for engine.
SURE,,,,UNKNOWN,FIRST_PRICE_OBSERVATION_ONLY__NOT_LISTING_DATE,,UNKNOWN,OPEN_ENDED_CURRENT_DATASET__NOT_DELISTING,0,0,,,UNKNOWN,HIGH,LISTING_EVIDENCE_MISSING;DELISTING_STATUS_UNVERIFIED;FIRST_PRICE_IS_NOT_LISTING_DATE;PIT_MEMBERSHIP_NOT_FULLY_VERIFIED,False,Candidate interval only. Not enabled for engine.
SWAT,,,,UNKNOWN,FIRST_PRICE_OBSERVATION_ONLY__NOT_LISTING_DATE,,UNKNOWN,OPEN_ENDED_CURRENT_DATASET__NOT_DELISTING,0,0,,,UNKNOWN,HIGH,LISTING_EVIDENCE_MISSING;DELISTING_STATUS_UNVERIFIED;FIRST_PRICE_IS_NOT_LISTING_DATE;PIT_MEMBERSHIP_NOT_FULLY_VERIFIED,False,Candidate interval only. Not enabled for engine.
SWID,,,,UNKNOWN,FIRST_PRICE_OBSERVATION_ONLY__NOT_LISTING_DATE,,UNKNOWN,OPEN_ENDED_CURRENT_DATASET__NOT_DELISTING,0,0,,,UNKNOWN,HIGH,LISTING_EVIDENCE_MISSING;DELISTING_STATUS_UNVERIFIED;FIRST_PRICE_IS_NOT_LISTING_DATE;PIT_MEMBERSHIP_NOT_FULLY_VERIFIED,False,Candidate interval only. Not enabled for engine.
TALF,,,,UNKNOWN,FIRST_PRICE_OBSERVATION_ONLY__NOT_LISTING_DATE,,UNKNOWN,OPEN_ENDED_CURRENT_DATASET__NOT_DELISTING,0,0,,,UNKNOWN,HIGH,LISTING_EVIDENCE_MISSING;DELISTING_STATUS_UNVERIFIED;FIRST_PRICE_IS_NOT_LISTING_DATE;PIT_MEMBERSHIP_NOT_FULLY_VERIFIED,False,Candidate interval only. Not enabled for engine.
TAMA,,,,UNKNOWN,FIRST_PRICE_OBSERVATION_ONLY__NOT_LISTING_DATE,,UNKNOWN,OPEN_ENDED_CURRENT_DATASET__NOT_DELISTING,0,0,,,UNKNOWN,HIGH,LISTING_EVIDENCE_MISSING;DELISTING_STATUS_UNVERIFIED;FIRST_PRICE_IS_NOT_LISTING_DATE;PIT_MEMBERSHIP_NOT_FULLY_VERIFIED,False,Candidate interval only. Not enabled for engine.
TAMU,,,,UNKNOWN,FIRST_PRICE_OBSERVATION_ONLY__NOT_LISTING_DATE,,UNKNOWN,OPEN_ENDED_CURRENT_DATASET__NOT_DELISTING,0,0,,,UNKNOWN,HIGH,LISTING_EVIDENCE_MISSING;DELISTING_STATUS_UNVERIFIED;FIRST_PRICE_IS_NOT_LISTING_DATE;PIT_MEMBERSHIP_NOT_FULLY_VERIFIED,False,Candidate interval only. Not enabled for engine.
TAPG,,,,UNKNOWN,FIRST_PRICE_OBSERVATION_ONLY__NOT_LISTING_DATE,,UNKNOWN,OPEN_ENDED_CURRENT_DATASET__NOT_DELISTING,0,0,,,UNKNOWN,HIGH,LISTING_EVIDENCE_MISSING;DELISTING_STATUS_UNVERIFIED;FIRST_PRICE_IS_NOT_LISTING_DATE;PIT_MEMBERSHIP_NOT_FULLY_VERIFIED,False,Candidate interval only. Not enabled for engine.
TARA,,,,UNKNOWN,FIRST_PRICE_OBSERVATION_ONLY__NOT_LISTING_DATE,,UNKNOWN,OPEN_ENDED_CURRENT_DATASET__NOT_DELISTING,0,0,,,UNKNOWN,HIGH,LISTING_EVIDENCE_MISSING;DELISTING_STATUS_UNVERIFIED;FIRST_PRICE_IS_NOT_LISTING_DATE;PIT_MEMBERSHIP_NOT_FULLY_VERIFIED,False,Candidate interval only. Not enabled for engine.
TAXI,,,,UNKNOWN,FIRST_PRICE_OBSERVATION_ONLY__NOT_LISTING_DATE,,UNKNOWN,OPEN_ENDED_CURRENT_DATASET__NOT_DELISTING,0,0,,,UNKNOWN,HIGH,LISTING_EVIDENCE_MISSING;DELISTING_STATUS_UNVERIFIED;FIRST_PRICE_IS_NOT_LISTING_DATE;PIT_MEMBERSHIP_NOT_FULLY_VERIFIED,False,Candidate interval only. Not enabled for engine.
TAYS,,,,UNKNOWN,FIRST_PRICE_OBSERVATION_ONLY__NOT_LISTING_DATE,,UNKNOWN,OPEN_ENDED_CURRENT_DATASET__NOT_DELISTING,0,0,,,UNKNOWN,HIGH,LISTING_EVIDENCE_MISSING;DELISTING_STATUS_UNVERIFIED;FIRST_PRICE_IS_NOT_LISTING_DATE;PIT_MEMBERSHIP_NOT_FULLY_VERIFIED,False,Candidate interval only. Not enabled for engine.
TBIG,,,,UNKNOWN,FIRST_PRICE_OBSERVATION_ONLY__NOT_LISTING_DATE,,UNKNOWN,OPEN_ENDED_CURRENT_DATASET__NOT_DELISTING,0,0,,,UNKNOWN,HIGH,LISTING_EVIDENCE_MISSING;DELISTING_STATUS_UNVERIFIED;FIRST_PRICE_IS_NOT_LISTING_DATE;PIT_MEMBERSHIP_NOT_FULLY_VERIFIED,False,Candidate interval only. Not enabled for engine.
TBLA,,,,UNKNOWN,FIRST_PRICE_OBSERVATION_ONLY__NOT_LISTING_DATE,,UNKNOWN,OPEN_ENDED_CURRENT_DATASET__NOT_DELISTING,0,0,,,UNKNOWN,HIGH,LISTING_EVIDENCE_MISSING;DELISTING_STATUS_UNVERIFIED;FIRST_PRICE_IS_NOT_LISTING_DATE;PIT_MEMBERSHIP_NOT_FULLY_VERIFIED,False,Candidate interval only. Not enabled for engine.
TBMS,,,,UNKNOWN,FIRST_PRICE_OBSERVATION_ONLY__NOT_LISTING_DATE,,UNKNOWN,OPEN_ENDED_CURRENT_DATASET__NOT_DELISTING,0,0,,,UNKNOWN,HIGH,LISTING_EVIDENCE_MISSING;DELISTING_STATUS_UNVERIFIED;FIRST_PRICE_IS_NOT_LISTING_DATE;PIT_MEMBERSHIP_NOT_FULLY_VERIFIED,False,Candidate interval only. Not enabled for engine.
TCID,,,,UNKNOWN,FIRST_PRICE_OBSERVATION_ONLY__NOT_LISTING_DATE,,UNKNOWN,OPEN_ENDED_CURRENT_DATASET__NOT_DELISTING,0,0,,,UNKNOWN,HIGH,LISTING_EVIDENCE_MISSING;DELISTING_STATUS_UNVERIFIED;FIRST_PRICE_IS_NOT_LISTING_DATE;PIT_MEMBERSHIP_NOT_FULLY_VERIFIED,False,Candidate interval only. Not enabled for engine.
TCPI,,,,UNKNOWN,FIRST_PRICE_OBSERVATION_ONLY__NOT_LISTING_DATE,,UNKNOWN,OPEN_ENDED_CURRENT_DATASET__NOT_DELISTING,0,0,,,UNKNOWN,HIGH,LISTING_EVIDENCE_MISSING;DELISTING_STATUS_UNVERIFIED;FIRST_PRICE_IS_NOT_LISTING_DATE;PIT_MEMBERSHIP_NOT_FULLY_VERIFIED,False,Candidate interval only. Not enabled for engine.
TEBE,,,,UNKNOWN,FIRST_PRICE_OBSERVATION_ONLY__NOT_LISTING_DATE,,UNKNOWN,OPEN_ENDED_CURRENT_DATASET__NOT_DELISTING,0,0,,,UNKNOWN,HIGH,LISTING_EVIDENCE_MISSING;DELISTING_STATUS_UNVERIFIED;FIRST_PRICE_IS_NOT_LISTING_DATE;PIT_MEMBERSHIP_NOT_FULLY_VERIFIED,False,Candidate interval only. Not enabled for engine.
TELE,,,,UNKNOWN,FIRST_PRICE_OBSERVATION_ONLY__NOT_LISTING_DATE,,UNKNOWN,OPEN_ENDED_CURRENT_DATASET__NOT_DELISTING,0,0,,,UNKNOWN,HIGH,LISTING_EVIDENCE_MISSING;DELISTING_STATUS_UNVERIFIED;FIRST_PRICE_IS_NOT_LISTING_DATE;PIT_MEMBERSHIP_NOT_FULLY_VERIFIED,False,Candidate interval only. Not enabled for engine.
TFAS,,,,UNKNOWN,FIRST_PRICE_OBSERVATION_ONLY__NOT_LISTING_DATE,,UNKNOWN,OPEN_ENDED_CURRENT_DATASET__NOT_DELISTING,0,0,,,UNKNOWN,HIGH,LISTING_EVIDENCE_MISSING;DELISTING_STATUS_UNVERIFIED;FIRST_PRICE_IS_NOT_LISTING_DATE;PIT_MEMBERSHIP_NOT_FULLY_VERIFIED,False,Candidate interval only. Not enabled for engine.
TFCO,,,,UNKNOWN,FIRST_PRICE_OBSERVATION_ONLY__NOT_LISTING_DATE,,UNKNOWN,OPEN_ENDED_CURRENT_DATASET__NOT_DELISTING,0,0,,,UNKNOWN,HIGH,LISTING_EVIDENCE_MISSING;DELISTING_STATUS_UNVERIFIED;FIRST_PRICE_IS_NOT_LISTING_DATE;PIT_MEMBERSHIP_NOT_FULLY_VERIFIED,False,Candidate interval only. Not enabled for engine.
TGKA,,,,UNKNOWN,FIRST_PRICE_OBSERVATION_ONLY__NOT_LISTING_DATE,,UNKNOWN,OPEN_ENDED_CURRENT_DATASET__NOT_DELISTING,0,0,,,UNKNOWN,HIGH,LISTING_EVIDENCE_MISSING;DELISTING_STATUS_UNVERIFIED;FIRST_PRICE_IS_NOT_LISTING_DATE;PIT_MEMBERSHIP_NOT_FULLY_VERIFIED,False,Candidate interval only. Not enabled for engine.
TGRA,,,,UNKNOWN,FIRST_PRICE_OBSERVATION_ONLY__NOT_LISTING_DATE,,UNKNOWN,OPEN_ENDED_CURRENT_DATASET__NOT_DELISTING,0,0,,,UNKNOWN,HIGH,LISTING_EVIDENCE_MISSING;DELISTING_STATUS_UNVERIFIED;FIRST_PRICE_IS_NOT_LISTING_DATE;PIT_MEMBERSHIP_NOT_FULLY_VERIFIED,False,Candidate interval only. Not enabled for engine.
TGUK,,,,UNKNOWN,FIRST_PRICE_OBSERVATION_ONLY__NOT_LISTING_DATE,,UNKNOWN,OPEN_ENDED_CURRENT_DATASET__NOT_DELISTING,0,0,,,UNKNOWN,HIGH,LISTING_EVIDENCE_MISSING;DELISTING_STATUS_UNVERIFIED;FIRST_PRICE_IS_NOT_LISTING_DATE;PIT_MEMBERSHIP_NOT_FULLY_VERIFIED,False,Candidate interval only. Not enabled for engine.
TIFA,,,,UNKNOWN,FIRST_PRICE_OBSERVATION_ONLY__NOT_LISTING_DATE,,UNKNOWN,OPEN_ENDED_CURRENT_DATASET__NOT_DELISTING,0,0,,,UNKNOWN,HIGH,LISTING_EVIDENCE_MISSING;DELISTING_STATUS_UNVERIFIED;FIRST_PRICE_IS_NOT_LISTING_DATE;PIT_MEMBERSHIP_NOT_FULLY_VERIFIED,False,Candidate interval only. Not enabled for engine.
TINS,,,,UNKNOWN,FIRST_PRICE_OBSERVATION_ONLY__NOT_LISTING_DATE,,UNKNOWN,OPEN_ENDED_CURRENT_DATASET__NOT_DELISTING,0,0,,,UNKNOWN,HIGH,LISTING_EVIDENCE_MISSING;DELISTING_STATUS_UNVERIFIED;FIRST_PRICE_IS_NOT_LISTING_DATE;PIT_MEMBERSHIP_NOT_FULLY_VERIFIED,False,Candidate interval only. Not enabled for engine.
TIRA,,,,UNKNOWN,FIRST_PRICE_OBSERVATION_ONLY__NOT_LISTING_DATE,,UNKNOWN,OPEN_ENDED_CURRENT_DATASET__NOT_DELISTING,0,0,,,UNKNOWN,HIGH,LISTING_EVIDENCE_MISSING;DELISTING_STATUS_UNVERIFIED;FIRST_PRICE_IS_NOT_LISTING_DATE;PIT_MEMBERSHIP_NOT_FULLY_VERIFIED,False,Candidate interval only. Not enabled for engine.
TIRT,,,,UNKNOWN,FIRST_PRICE_OBSERVATION_ONLY__NOT_LISTING_DATE,,UNKNOWN,OPEN_ENDED_CURRENT_DATASET__NOT_DELISTING,0,0,,,UNKNOWN,HIGH,LISTING_EVIDENCE_MISSING;DELISTING_STATUS_UNVERIFIED;FIRST_PRICE_IS_NOT_LISTING_DATE;PIT_MEMBERSHIP_NOT_FULLY_VERIFIED,False,Candidate interval only. Not enabled for engine.
TKIM,,,,UNKNOWN,FIRST_PRICE_OBSERVATION_ONLY__NOT_LISTING_DATE,,UNKNOWN,OPEN_ENDED_CURRENT_DATASET__NOT_DELISTING,0,0,,,UNKNOWN,HIGH,LISTING_EVIDENCE_MISSING;DELISTING_STATUS_UNVERIFIED;FIRST_PRICE_IS_NOT_LISTING_DATE;PIT_MEMBERSHIP_NOT_FULLY_VERIFIED,False,Candidate interval only. Not enabled for engine.
TLDN,,,,UNKNOWN,FIRST_PRICE_OBSERVATION_ONLY__NOT_LISTING_DATE,,UNKNOWN,OPEN_ENDED_CURRENT_DATASET__NOT_DELISTING,0,0,,,UNKNOWN,HIGH,LISTING_EVIDENCE_MISSING;DELISTING_STATUS_UNVERIFIED;FIRST_PRICE_IS_NOT_LISTING_DATE;PIT_MEMBERSHIP_NOT_FULLY_VERIFIED,False,Candidate interval only. Not enabled for engine.
TLKM,,,,UNKNOWN,FIRST_PRICE_OBSERVATION_ONLY__NOT_LISTING_DATE,,UNKNOWN,OPEN_ENDED_CURRENT_DATASET__NOT_DELISTING,0,0,,,UNKNOWN,HIGH,LISTING_EVIDENCE_MISSING;DELISTING_STATUS_UNVERIFIED;FIRST_PRICE_IS_NOT_LISTING_DATE;PIT_MEMBERSHIP_NOT_FULLY_VERIFIED,False,Candidate interval only. Not enabled for engine.
TMAS,,,,UNKNOWN,FIRST_PRICE_OBSERVATION_ONLY__NOT_LISTING_DATE,,UNKNOWN,OPEN_ENDED_CURRENT_DATASET__NOT_DELISTING,0,0,,,UNKNOWN,HIGH,LISTING_EVIDENCE_MISSING;DELISTING_STATUS_UNVERIFIED;FIRST_PRICE_IS_NOT_LISTING_DATE;PIT_MEMBERSHIP_NOT_FULLY_VERIFIED,False,Candidate interval only. Not enabled for engine.
TMPO,,,,UNKNOWN,FIRST_PRICE_OBSERVATION_ONLY__NOT_LISTING_DATE,,UNKNOWN,OPEN_ENDED_CURRENT_DATASET__NOT_DELISTING,0,0,,,UNKNOWN,HIGH,LISTING_EVIDENCE_MISSING;DELISTING_STATUS_UNVERIFIED;FIRST_PRICE_IS_NOT_LISTING_DATE;PIT_MEMBERSHIP_NOT_FULLY_VERIFIED,False,Candidate interval only. Not enabled for engine.
TNCA,,,,UNKNOWN,FIRST_PRICE_OBSERVATION_ONLY__NOT_LISTING_DATE,,UNKNOWN,OPEN_ENDED_CURRENT_DATASET__NOT_DELISTING,0,0,,,UNKNOWN,HIGH,LISTING_EVIDENCE_MISSING;DELISTING_STATUS_UNVERIFIED;FIRST_PRICE_IS_NOT_LISTING_DATE;PIT_MEMBERSHIP_NOT_FULLY_VERIFIED,False,Candidate interval only. Not enabled for engine.
TOBA,,,,UNKNOWN,FIRST_PRICE_OBSERVATION_ONLY__NOT_LISTING_DATE,,UNKNOWN,OPEN_ENDED_CURRENT_DATASET__NOT_DELISTING,0,0,,,UNKNOWN,HIGH,LISTING_EVIDENCE_MISSING;DELISTING_STATUS_UNVERIFIED;FIRST_PRICE_IS_NOT_LISTING_DATE;PIT_MEMBERSHIP_NOT_FULLY_VERIFIED,False,Candidate interval only. Not enabled for engine.
TOOL,,,,UNKNOWN,FIRST_PRICE_OBSERVATION_ONLY__NOT_LISTING_DATE,,UNKNOWN,OPEN_ENDED_CURRENT_DATASET__NOT_DELISTING,0,0,,,UNKNOWN,HIGH,LISTING_EVIDENCE_MISSING;DELISTING_STATUS_UNVERIFIED;FIRST_PRICE_IS_NOT_LISTING_DATE;PIT_MEMBERSHIP_NOT_FULLY_VERIFIED,False,Candidate interval only. Not enabled for engine.
TOPS,,,,UNKNOWN,FIRST_PRICE_OBSERVATION_ONLY__NOT_LISTING_DATE,,UNKNOWN,OPEN_ENDED_CURRENT_DATASET__NOT_DELISTING,0,0,,,UNKNOWN,HIGH,LISTING_EVIDENCE_MISSING;DELISTING_STATUS_UNVERIFIED;FIRST_PRICE_IS_NOT_LISTING_DATE;PIT_MEMBERSHIP_NOT_FULLY_VERIFIED,False,Candidate interval only. Not enabled for engine.
TOTL,,,,UNKNOWN,FIRST_PRICE_OBSERVATION_ONLY__NOT_LISTING_DATE,,UNKNOWN,OPEN_ENDED_CURRENT_DATASET__NOT_DELISTING,0,0,,,UNKNOWN,HIGH,LISTING_EVIDENCE_MISSING;DELISTING_STATUS_UNVERIFIED;FIRST_PRICE_IS_NOT_LISTING_DATE;PIT_MEMBERSHIP_NOT_FULLY_VERIFIED,False,Candidate interval only. Not enabled for engine.
TOTO,,,,UNKNOWN,FIRST_PRICE_OBSERVATION_ONLY__NOT_LISTING_DATE,,UNKNOWN,OPEN_ENDED_CURRENT_DATASET__NOT_DELISTING,0,0,,,UNKNOWN,HIGH,LISTING_EVIDENCE_MISSING;DELISTING_STATUS_UNVERIFIED;FIRST_PRICE_IS_NOT_LISTING_DATE;PIT_MEMBERSHIP_NOT_FULLY_VERIFIED,False,Candidate interval only. Not enabled for engine.
TOWR,,,,UNKNOWN,FIRST_PRICE_OBSERVATION_ONLY__NOT_LISTING_DATE,,UNKNOWN,OPEN_ENDED_CURRENT_DATASET__NOT_DELISTING,0,0,,,UNKNOWN,HIGH,LISTING_EVIDENCE_MISSING;DELISTING_STATUS_UNVERIFIED;FIRST_PRICE_IS_NOT_LISTING_DATE;PIT_MEMBERSHIP_NOT_FULLY_VERIFIED,False,Candidate interval only. Not enabled for engine.
TOYS,,,,UNKNOWN,FIRST_PRICE_OBSERVATION_ONLY__NOT_LISTING_DATE,,UNKNOWN,OPEN_ENDED_CURRENT_DATASET__NOT_DELISTING,0,0,,,UNKNOWN,HIGH,LISTING_EVIDENCE_MISSING;DELISTING_STATUS_UNVERIFIED;FIRST_PRICE_IS_NOT_LISTING_DATE;PIT_MEMBERSHIP_NOT_FULLY_VERIFIED,False,Candidate interval only. Not enabled for engine.
TPIA,,,,UNKNOWN,FIRST_PRICE_OBSERVATION_ONLY__NOT_LISTING_DATE,,UNKNOWN,OPEN_ENDED_CURRENT_DATASET__NOT_DELISTING,0,0,,,UNKNOWN,HIGH,LISTING_EVIDENCE_MISSING;DELISTING_STATUS_UNVERIFIED;FIRST_PRICE_IS_NOT_LISTING_DATE;PIT_MEMBERSHIP_NOT_FULLY_VERIFIED,False,Candidate interval only. Not enabled for engine.
TPMA,,,,UNKNOWN,FIRST_PRICE_OBSERVATION_ONLY__NOT_LISTING_DATE,,UNKNOWN,OPEN_ENDED_CURRENT_DATASET__NOT_DELISTING,0,0,,,UNKNOWN,HIGH,LISTING_EVIDENCE_MISSING;DELISTING_STATUS_UNVERIFIED;FIRST_PRICE_IS_NOT_LISTING_DATE;PIT_MEMBERSHIP_NOT_FULLY_VERIFIED,False,Candidate interval only. Not enabled for engine.
TRGU,,,,UNKNOWN,FIRST_PRICE_OBSERVATION_ONLY__NOT_LISTING_DATE,,UNKNOWN,OPEN_ENDED_CURRENT_DATASET__NOT_DELISTING,0,0,,,UNKNOWN,HIGH,LISTING_EVIDENCE_MISSING;DELISTING_STATUS_UNVERIFIED;FIRST_PRICE_IS_NOT_LISTING_DATE;PIT_MEMBERSHIP_NOT_FULLY_VERIFIED,False,Candidate interval only. Not enabled for engine.
TRIM,,,,UNKNOWN,FIRST_PRICE_OBSERVATION_ONLY__NOT_LISTING_DATE,,UNKNOWN,OPEN_ENDED_CURRENT_DATASET__NOT_DELISTING,0,0,,,UNKNOWN,HIGH,LISTING_EVIDENCE_MISSING;DELISTING_STATUS_UNVERIFIED;FIRST_PRICE_IS_NOT_LISTING_DATE;PIT_MEMBERSHIP_NOT_FULLY_VERIFIED,False,Candidate interval only. Not enabled for engine.
TRIN,,,,UNKNOWN,FIRST_PRICE_OBSERVATION_ONLY__NOT_LISTING_DATE,,UNKNOWN,OPEN_ENDED_CURRENT_DATASET__NOT_DELISTING,0,0,,,UNKNOWN,HIGH,LISTING_EVIDENCE_MISSING;DELISTING_STATUS_UNVERIFIED;FIRST_PRICE_IS_NOT_LISTING_DATE;PIT_MEMBERSHIP_NOT_FULLY_VERIFIED,False,Candidate interval only. Not enabled for engine.
TRIS,,,,UNKNOWN,FIRST_PRICE_OBSERVATION_ONLY__NOT_LISTING_DATE,,UNKNOWN,OPEN_ENDED_CURRENT_DATASET__NOT_DELISTING,0,0,,,UNKNOWN,HIGH,LISTING_EVIDENCE_MISSING;DELISTING_STATUS_UNVERIFIED;FIRST_PRICE_IS_NOT_LISTING_DATE;PIT_MEMBERSHIP_NOT_FULLY_VERIFIED,False,Candidate interval only. Not enabled for engine.
TRJA,,,,UNKNOWN,FIRST_PRICE_OBSERVATION_ONLY__NOT_LISTING_DATE,,UNKNOWN,OPEN_ENDED_CURRENT_DATASET__NOT_DELISTING,0,0,,,UNKNOWN,HIGH,LISTING_EVIDENCE_MISSING;DELISTING_STATUS_UNVERIFIED;FIRST_PRICE_IS_NOT_LISTING_DATE;PIT_MEMBERSHIP_NOT_FULLY_VERIFIED,False,Candidate interval only. Not enabled for engine.
TRON,,,,UNKNOWN,FIRST_PRICE_OBSERVATION_ONLY__NOT_LISTING_DATE,,UNKNOWN,OPEN_ENDED_CURRENT_DATASET__NOT_DELISTING,0,0,,,UNKNOWN,HIGH,LISTING_EVIDENCE_MISSING;DELISTING_STATUS_UNVERIFIED;FIRST_PRICE_IS_NOT_LISTING_DATE;PIT_MEMBERSHIP_NOT_FULLY_VERIFIED,False,Candidate interval only. Not enabled for engine.
TRST,,,,UNKNOWN,FIRST_PRICE_OBSERVATION_ONLY__NOT_LISTING_DATE,,UNKNOWN,OPEN_ENDED_CURRENT_DATASET__NOT_DELISTING,0,0,,,UNKNOWN,HIGH,LISTING_EVIDENCE_MISSING;DELISTING_STATUS_UNVERIFIED;FIRST_PRICE_IS_NOT_LISTING_DATE;PIT_MEMBERSHIP_NOT_FULLY_VERIFIED,False,Candidate interval only. Not enabled for engine.
TRUE,,,,UNKNOWN,FIRST_PRICE_OBSERVATION_ONLY__NOT_LISTING_DATE,,UNKNOWN,OPEN_ENDED_CURRENT_DATASET__NOT_DELISTING,0,0,,,UNKNOWN,HIGH,LISTING_EVIDENCE_MISSING;DELISTING_STATUS_UNVERIFIED;FIRST_PRICE_IS_NOT_LISTING_DATE;PIT_MEMBERSHIP_NOT_FULLY_VERIFIED,False,Candidate interval only. Not enabled for engine.
TRUK,,,,UNKNOWN,FIRST_PRICE_OBSERVATION_ONLY__NOT_LISTING_DATE,,UNKNOWN,OPEN_ENDED_CURRENT_DATASET__NOT_DELISTING,0,0,,,UNKNOWN,HIGH,LISTING_EVIDENCE_MISSING;DELISTING_STATUS_UNVERIFIED;FIRST_PRICE_IS_NOT_LISTING_DATE;PIT_MEMBERSHIP_NOT_FULLY_VERIFIED,False,Candidate interval only. Not enabled for engine.
TRUS,,,,UNKNOWN,FIRST_PRICE_OBSERVATION_ONLY__NOT_LISTING_DATE,,UNKNOWN,OPEN_ENDED_CURRENT_DATASET__NOT_DELISTING,0,0,,,UNKNOWN,HIGH,LISTING_EVIDENCE_MISSING;DELISTING_STATUS_UNVERIFIED;FIRST_PRICE_IS_NOT_LISTING_DATE;PIT_MEMBERSHIP_NOT_FULLY_VERIFIED,False,Candidate interval only. Not enabled for engine.
TSPC,,,,UNKNOWN,FIRST_PRICE_OBSERVATION_ONLY__NOT_LISTING_DATE,,UNKNOWN,OPEN_ENDED_CURRENT_DATASET__NOT_DELISTING,0,0,,,UNKNOWN,HIGH,LISTING_EVIDENCE_MISSING;DELISTING_STATUS_UNVERIFIED;FIRST_PRICE_IS_NOT_LISTING_DATE;PIT_MEMBERSHIP_NOT_FULLY_VERIFIED,False,Candidate interval only. Not enabled for engine.
TUGU,,,,UNKNOWN,FIRST_PRICE_OBSERVATION_ONLY__NOT_LISTING_DATE,,UNKNOWN,OPEN_ENDED_CURRENT_DATASET__NOT_DELISTING,0,0,,,UNKNOWN,HIGH,LISTING_EVIDENCE_MISSING;DELISTING_STATUS_UNVERIFIED;FIRST_PRICE_IS_NOT_LISTING_DATE;PIT_MEMBERSHIP_NOT_FULLY_VERIFIED,False,Candidate interval only. Not enabled for engine.
TYRE,,,,UNKNOWN,FIRST_PRICE_OBSERVATION_ONLY__NOT_LISTING_DATE,,UNKNOWN,OPEN_ENDED_CURRENT_DATASET__NOT_DELISTING,0,0,,,UNKNOWN,HIGH,LISTING_EVIDENCE_MISSING;DELISTING_STATUS_UNVERIFIED;FIRST_PRICE_IS_NOT_LISTING_DATE;PIT_MEMBERSHIP_NOT_FULLY_VERIFIED,False,Candidate interval only. Not enabled for engine.
UANG,,,,UNKNOWN,FIRST_PRICE_OBSERVATION_ONLY__NOT_LISTING_DATE,,UNKNOWN,OPEN_ENDED_CURRENT_DATASET__NOT_DELISTING,0,0,,,UNKNOWN,HIGH,LISTING_EVIDENCE_MISSING;DELISTING_STATUS_UNVERIFIED;FIRST_PRICE_IS_NOT_LISTING_DATE;PIT_MEMBERSHIP_NOT_FULLY_VERIFIED,False,Candidate interval only. Not enabled for engine.
UCID,,,,UNKNOWN,FIRST_PRICE_OBSERVATION_ONLY__NOT_LISTING_DATE,,UNKNOWN,OPEN_ENDED_CURRENT_DATASET__NOT_DELISTING,0,0,,,UNKNOWN,HIGH,LISTING_EVIDENCE_MISSING;DELISTING_STATUS_UNVERIFIED;FIRST_PRICE_IS_NOT_LISTING_DATE;PIT_MEMBERSHIP_NOT_FULLY_VERIFIED,False,Candidate interval only. Not enabled for engine.
UDNG,,,,UNKNOWN,FIRST_PRICE_OBSERVATION_ONLY__NOT_LISTING_DATE,,UNKNOWN,OPEN_ENDED_CURRENT_DATASET__NOT_DELISTING,0,0,,,UNKNOWN,HIGH,LISTING_EVIDENCE_MISSING;DELISTING_STATUS_UNVERIFIED;FIRST_PRICE_IS_NOT_LISTING_DATE;PIT_MEMBERSHIP_NOT_FULLY_VERIFIED,False,Candidate interval only. Not enabled for engine.
UFOE,,,,UNKNOWN,FIRST_PRICE_OBSERVATION_ONLY__NOT_LISTING_DATE,,UNKNOWN,OPEN_ENDED_CURRENT_DATASET__NOT_DELISTING,0,0,,,UNKNOWN,HIGH,LISTING_EVIDENCE_MISSING;DELISTING_STATUS_UNVERIFIED;FIRST_PRICE_IS_NOT_LISTING_DATE;PIT_MEMBERSHIP_NOT_FULLY_VERIFIED,False,Candidate interval only. Not enabled for engine.
ULTJ,,,,UNKNOWN,FIRST_PRICE_OBSERVATION_ONLY__NOT_LISTING_DATE,,UNKNOWN,OPEN_ENDED_CURRENT_DATASET__NOT_DELISTING,0,0,,,UNKNOWN,HIGH,LISTING_EVIDENCE_MISSING;DELISTING_STATUS_UNVERIFIED;FIRST_PRICE_IS_NOT_LISTING_DATE;PIT_MEMBERSHIP_NOT_FULLY_VERIFIED,False,Candidate interval only. Not enabled for engine.
UNIC,,,,UNKNOWN,FIRST_PRICE_OBSERVATION_ONLY__NOT_LISTING_DATE,,UNKNOWN,OPEN_ENDED_CURRENT_DATASET__NOT_DELISTING,0,0,,,UNKNOWN,HIGH,LISTING_EVIDENCE_MISSING;DELISTING_STATUS_UNVERIFIED;FIRST_PRICE_IS_NOT_LISTING_DATE;PIT_MEMBERSHIP_NOT_FULLY_VERIFIED,False,Candidate interval only. Not enabled for engine.
UNIQ,,,,UNKNOWN,FIRST_PRICE_OBSERVATION_ONLY__NOT_LISTING_DATE,,UNKNOWN,OPEN_ENDED_CURRENT_DATASET__NOT_DELISTING,0,0,,,UNKNOWN,HIGH,LISTING_EVIDENCE_MISSING;DELISTING_STATUS_UNVERIFIED;FIRST_PRICE_IS_NOT_LISTING_DATE;PIT_MEMBERSHIP_NOT_FULLY_VERIFIED,False,Candidate interval only. Not enabled for engine.
UNSP,,,,UNKNOWN,FIRST_PRICE_OBSERVATION_ONLY__NOT_LISTING_DATE,,UNKNOWN,OPEN_ENDED_CURRENT_DATASET__NOT_DELISTING,0,0,,,UNKNOWN,HIGH,LISTING_EVIDENCE_MISSING;DELISTING_STATUS_UNVERIFIED;FIRST_PRICE_IS_NOT_LISTING_DATE;PIT_MEMBERSHIP_NOT_FULLY_VERIFIED,False,Candidate interval only. Not enabled for engine.
UNTR,,,,UNKNOWN,FIRST_PRICE_OBSERVATION_ONLY__NOT_LISTING_DATE,,UNKNOWN,OPEN_ENDED_CURRENT_DATASET__NOT_DELISTING,0,0,,,UNKNOWN,HIGH,LISTING_EVIDENCE_MISSING;DELISTING_STATUS_UNVERIFIED;FIRST_PRICE_IS_NOT_LISTING_DATE;PIT_MEMBERSHIP_NOT_FULLY_VERIFIED,False,Candidate interval only. Not enabled for engine.
UNVR,,,,UNKNOWN,FIRST_PRICE_OBSERVATION_ONLY__NOT_LISTING_DATE,,UNKNOWN,OPEN_ENDED_CURRENT_DATASET__NOT_DELISTING,0,0,,,UNKNOWN,HIGH,LISTING_EVIDENCE_MISSING;DELISTING_STATUS_UNVERIFIED;FIRST_PRICE_IS_NOT_LISTING_DATE;PIT_MEMBERSHIP_NOT_FULLY_VERIFIED,False,Candidate interval only. Not enabled for engine.
URBN,,,,UNKNOWN,FIRST_PRICE_OBSERVATION_ONLY__NOT_LISTING_DATE,,UNKNOWN,OPEN_ENDED_CURRENT_DATASET__NOT_DELISTING,0,0,,,UNKNOWN,HIGH,LISTING_EVIDENCE_MISSING;DELISTING_STATUS_UNVERIFIED;FIRST_PRICE_IS_NOT_LISTING_DATE;PIT_MEMBERSHIP_NOT_FULLY_VERIFIED,False,Candidate interval only. Not enabled for engine.
UVCR,,,,UNKNOWN,FIRST_PRICE_OBSERVATION_ONLY__NOT_LISTING_DATE,,UNKNOWN,OPEN_ENDED_CURRENT_DATASET__NOT_DELISTING,0,0,,,UNKNOWN,HIGH,LISTING_EVIDENCE_MISSING;DELISTING_STATUS_UNVERIFIED;FIRST_PRICE_IS_NOT_LISTING_DATE;PIT_MEMBERSHIP_NOT_FULLY_VERIFIED,False,Candidate interval only. Not enabled for engine.
VAST,,,,UNKNOWN,FIRST_PRICE_OBSERVATION_ONLY__NOT_LISTING_DATE,,UNKNOWN,OPEN_ENDED_CURRENT_DATASET__NOT_DELISTING,0,0,,,UNKNOWN,HIGH,LISTING_EVIDENCE_MISSING;DELISTING_STATUS_UNVERIFIED;FIRST_PRICE_IS_NOT_LISTING_DATE;PIT_MEMBERSHIP_NOT_FULLY_VERIFIED,False,Candidate interval only. Not enabled for engine.
VERN,,,,UNKNOWN,FIRST_PRICE_OBSERVATION_ONLY__NOT_LISTING_DATE,,UNKNOWN,OPEN_ENDED_CURRENT_DATASET__NOT_DELISTING,0,0,,,UNKNOWN,HIGH,LISTING_EVIDENCE_MISSING;DELISTING_STATUS_UNVERIFIED;FIRST_PRICE_IS_NOT_LISTING_DATE;PIT_MEMBERSHIP_NOT_FULLY_VERIFIED,False,Candidate interval only. Not enabled for engine.
VICI,,,,UNKNOWN,FIRST_PRICE_OBSERVATION_ONLY__NOT_LISTING_DATE,,UNKNOWN,OPEN_ENDED_CURRENT_DATASET__NOT_DELISTING,0,0,,,UNKNOWN,HIGH,LISTING_EVIDENCE_MISSING;DELISTING_STATUS_UNVERIFIED;FIRST_PRICE_IS_NOT_LISTING_DATE;PIT_MEMBERSHIP_NOT_FULLY_VERIFIED,False,Candidate interval only. Not enabled for engine.
VICO,,,,UNKNOWN,FIRST_PRICE_OBSERVATION_ONLY__NOT_LISTING_DATE,,UNKNOWN,OPEN_ENDED_CURRENT_DATASET__NOT_DELISTING,0,0,,,UNKNOWN,HIGH,LISTING_EVIDENCE_MISSING;DELISTING_STATUS_UNVERIFIED;FIRST_PRICE_IS_NOT_LISTING_DATE;PIT_MEMBERSHIP_NOT_FULLY_VERIFIED,False,Candidate interval only. Not enabled for engine.
VINS,,,,UNKNOWN,FIRST_PRICE_OBSERVATION_ONLY__NOT_LISTING_DATE,,UNKNOWN,OPEN_ENDED_CURRENT_DATASET__NOT_DELISTING,0,0,,,UNKNOWN,HIGH,LISTING_EVIDENCE_MISSING;DELISTING_STATUS_UNVERIFIED;FIRST_PRICE_IS_NOT_LISTING_DATE;PIT_MEMBERSHIP_NOT_FULLY_VERIFIED,False,Candidate interval only. Not enabled for engine.
VISI,,,,UNKNOWN,FIRST_PRICE_OBSERVATION_ONLY__NOT_LISTING_DATE,,UNKNOWN,OPEN_ENDED_CURRENT_DATASET__NOT_DELISTING,0,0,,,UNKNOWN,HIGH,LISTING_EVIDENCE_MISSING;DELISTING_STATUS_UNVERIFIED;FIRST_PRICE_IS_NOT_LISTING_DATE;PIT_MEMBERSHIP_NOT_FULLY_VERIFIED,False,Candidate interval only. Not enabled for engine.
VIVA,,,,UNKNOWN,FIRST_PRICE_OBSERVATION_ONLY__NOT_LISTING_DATE,,UNKNOWN,OPEN_ENDED_CURRENT_DATASET__NOT_DELISTING,0,0,,,UNKNOWN,HIGH,LISTING_EVIDENCE_MISSING;DELISTING_STATUS_UNVERIFIED;FIRST_PRICE_IS_NOT_LISTING_DATE;PIT_MEMBERSHIP_NOT_FULLY_VERIFIED,False,Candidate interval only. Not enabled for engine.
VKTR,,,,UNKNOWN,FIRST_PRICE_OBSERVATION_ONLY__NOT_LISTING_DATE,,UNKNOWN,OPEN_ENDED_CURRENT_DATASET__NOT_DELISTING,0,0,,,UNKNOWN,HIGH,LISTING_EVIDENCE_MISSING;DELISTING_STATUS_UNVERIFIED;FIRST_PRICE_IS_NOT_LISTING_DATE;PIT_MEMBERSHIP_NOT_FULLY_VERIFIED,False,Candidate interval only. Not enabled for engine.
VOKS,,,,UNKNOWN,FIRST_PRICE_OBSERVATION_ONLY__NOT_LISTING_DATE,,UNKNOWN,OPEN_ENDED_CURRENT_DATASET__NOT_DELISTING,0,0,,,UNKNOWN,HIGH,LISTING_EVIDENCE_MISSING;DELISTING_STATUS_UNVERIFIED;FIRST_PRICE_IS_NOT_LISTING_DATE;PIT_MEMBERSHIP_NOT_FULLY_VERIFIED,False,Candidate interval only. Not enabled for engine.
VRNA,,,,UNKNOWN,FIRST_PRICE_OBSERVATION_ONLY__NOT_LISTING_DATE,,UNKNOWN,OPEN_ENDED_CURRENT_DATASET__NOT_DELISTING,0,0,,,UNKNOWN,HIGH,LISTING_EVIDENCE_MISSING;DELISTING_STATUS_UNVERIFIED;FIRST_PRICE_IS_NOT_LISTING_DATE;PIT_MEMBERSHIP_NOT_FULLY_VERIFIED,False,Candidate interval only. Not enabled for engine.
VTNY,,,,UNKNOWN,FIRST_PRICE_OBSERVATION_ONLY__NOT_LISTING_DATE,,UNKNOWN,OPEN_ENDED_CURRENT_DATASET__NOT_DELISTING,0,0,,,UNKNOWN,HIGH,LISTING_EVIDENCE_MISSING;DELISTING_STATUS_UNVERIFIED;FIRST_PRICE_IS_NOT_LISTING_DATE;PIT_MEMBERSHIP_NOT_FULLY_VERIFIED,False,Candidate interval only. Not enabled for engine.
WAPO,,,,UNKNOWN,FIRST_PRICE_OBSERVATION_ONLY__NOT_LISTING_DATE,,UNKNOWN,OPEN_ENDED_CURRENT_DATASET__NOT_DELISTING,0,0,,,UNKNOWN,HIGH,LISTING_EVIDENCE_MISSING;DELISTING_STATUS_UNVERIFIED;FIRST_PRICE_IS_NOT_LISTING_DATE;PIT_MEMBERSHIP_NOT_FULLY_VERIFIED,False,Candidate interval only. Not enabled for engine.
WEGE,,,,UNKNOWN,FIRST_PRICE_OBSERVATION_ONLY__NOT_LISTING_DATE,,UNKNOWN,OPEN_ENDED_CURRENT_DATASET__NOT_DELISTING,0,0,,,UNKNOWN,HIGH,LISTING_EVIDENCE_MISSING;DELISTING_STATUS_UNVERIFIED;FIRST_PRICE_IS_NOT_LISTING_DATE;PIT_MEMBERSHIP_NOT_FULLY_VERIFIED,False,Candidate interval only. Not enabled for engine.
WEHA,,,,UNKNOWN,FIRST_PRICE_OBSERVATION_ONLY__NOT_LISTING_DATE,,UNKNOWN,OPEN_ENDED_CURRENT_DATASET__NOT_DELISTING,0,0,,,UNKNOWN,HIGH,LISTING_EVIDENCE_MISSING;DELISTING_STATUS_UNVERIFIED;FIRST_PRICE_IS_NOT_LISTING_DATE;PIT_MEMBERSHIP_NOT_FULLY_VERIFIED,False,Candidate interval only. Not enabled for engine.
WICO,,,,UNKNOWN,FIRST_PRICE_OBSERVATION_ONLY__NOT_LISTING_DATE,,UNKNOWN,OPEN_ENDED_CURRENT_DATASET__NOT_DELISTING,0,0,,,UNKNOWN,HIGH,LISTING_EVIDENCE_MISSING;DELISTING_STATUS_UNVERIFIED;FIRST_PRICE_IS_NOT_LISTING_DATE;PIT_MEMBERSHIP_NOT_FULLY_VERIFIED,False,Candidate interval only. Not enabled for engine.
WIFI,,,,UNKNOWN,FIRST_PRICE_OBSERVATION_ONLY__NOT_LISTING_DATE,,UNKNOWN,OPEN_ENDED_CURRENT_DATASET__NOT_DELISTING,0,0,,,UNKNOWN,HIGH,LISTING_EVIDENCE_MISSING;DELISTING_STATUS_UNVERIFIED;FIRST_PRICE_IS_NOT_LISTING_DATE;PIT_MEMBERSHIP_NOT_FULLY_VERIFIED,False,Candidate interval only. Not enabled for engine.
WIIM,,,,UNKNOWN,FIRST_PRICE_OBSERVATION_ONLY__NOT_LISTING_DATE,,UNKNOWN,OPEN_ENDED_CURRENT_DATASET__NOT_DELISTING,0,0,,,UNKNOWN,HIGH,LISTING_EVIDENCE_MISSING;DELISTING_STATUS_UNVERIFIED;FIRST_PRICE_IS_NOT_LISTING_DATE;PIT_MEMBERSHIP_NOT_FULLY_VERIFIED,False,Candidate interval only. Not enabled for engine.
WIKA,,,,UNKNOWN,FIRST_PRICE_OBSERVATION_ONLY__NOT_LISTING_DATE,,UNKNOWN,OPEN_ENDED_CURRENT_DATASET__NOT_DELISTING,0,0,,,UNKNOWN,HIGH,LISTING_EVIDENCE_MISSING;DELISTING_STATUS_UNVERIFIED;FIRST_PRICE_IS_NOT_LISTING_DATE;PIT_MEMBERSHIP_NOT_FULLY_VERIFIED,False,Candidate interval only. Not enabled for engine.
WINE,,,,UNKNOWN,FIRST_PRICE_OBSERVATION_ONLY__NOT_LISTING_DATE,,UNKNOWN,OPEN_ENDED_CURRENT_DATASET__NOT_DELISTING,0,0,,,UNKNOWN,HIGH,LISTING_EVIDENCE_MISSING;DELISTING_STATUS_UNVERIFIED;FIRST_PRICE_IS_NOT_LISTING_DATE;PIT_MEMBERSHIP_NOT_FULLY_VERIFIED,False,Candidate interval only. Not enabled for engine.
WINR,,,,UNKNOWN,FIRST_PRICE_OBSERVATION_ONLY__NOT_LISTING_DATE,,UNKNOWN,OPEN_ENDED_CURRENT_DATASET__NOT_DELISTING,0,0,,,UNKNOWN,HIGH,LISTING_EVIDENCE_MISSING;DELISTING_STATUS_UNVERIFIED;FIRST_PRICE_IS_NOT_LISTING_DATE;PIT_MEMBERSHIP_NOT_FULLY_VERIFIED,False,Candidate interval only. Not enabled for engine.
WINS,,,,UNKNOWN,FIRST_PRICE_OBSERVATION_ONLY__NOT_LISTING_DATE,,UNKNOWN,OPEN_ENDED_CURRENT_DATASET__NOT_DELISTING,0,0,,,UNKNOWN,HIGH,LISTING_EVIDENCE_MISSING;DELISTING_STATUS_UNVERIFIED;FIRST_PRICE_IS_NOT_LISTING_DATE;PIT_MEMBERSHIP_NOT_FULLY_VERIFIED,False,Candidate interval only. Not enabled for engine.
WIRG,,,,UNKNOWN,FIRST_PRICE_OBSERVATION_ONLY__NOT_LISTING_DATE,,UNKNOWN,OPEN_ENDED_CURRENT_DATASET__NOT_DELISTING,0,0,,,UNKNOWN,HIGH,LISTING_EVIDENCE_MISSING;DELISTING_STATUS_UNVERIFIED;FIRST_PRICE_IS_NOT_LISTING_DATE;PIT_MEMBERSHIP_NOT_FULLY_VERIFIED,False,Candidate interval only. Not enabled for engine.
WMPP,,,,UNKNOWN,FIRST_PRICE_OBSERVATION_ONLY__NOT_LISTING_DATE,,UNKNOWN,OPEN_ENDED_CURRENT_DATASET__NOT_DELISTING,0,0,,,UNKNOWN,HIGH,LISTING_EVIDENCE_MISSING;DELISTING_STATUS_UNVERIFIED;FIRST_PRICE_IS_NOT_LISTING_DATE;PIT_MEMBERSHIP_NOT_FULLY_VERIFIED,False,Candidate interval only. Not enabled for engine.
WMUU,,,,UNKNOWN,FIRST_PRICE_OBSERVATION_ONLY__NOT_LISTING_DATE,,UNKNOWN,OPEN_ENDED_CURRENT_DATASET__NOT_DELISTING,0,0,,,UNKNOWN,HIGH,LISTING_EVIDENCE_MISSING;DELISTING_STATUS_UNVERIFIED;FIRST_PRICE_IS_NOT_LISTING_DATE;PIT_MEMBERSHIP_NOT_FULLY_VERIFIED,False,Candidate interval only. Not enabled for engine.
WOMF,,,,UNKNOWN,FIRST_PRICE_OBSERVATION_ONLY__NOT_LISTING_DATE,,UNKNOWN,OPEN_ENDED_CURRENT_DATASET__NOT_DELISTING,0,0,,,UNKNOWN,HIGH,LISTING_EVIDENCE_MISSING;DELISTING_STATUS_UNVERIFIED;FIRST_PRICE_IS_NOT_LISTING_DATE;PIT_MEMBERSHIP_NOT_FULLY_VERIFIED,False,Candidate interval only. Not enabled for engine.
WOOD,,,,UNKNOWN,FIRST_PRICE_OBSERVATION_ONLY__NOT_LISTING_DATE,,UNKNOWN,OPEN_ENDED_CURRENT_DATASET__NOT_DELISTING,0,0,,,UNKNOWN,HIGH,LISTING_EVIDENCE_MISSING;DELISTING_STATUS_UNVERIFIED;FIRST_PRICE_IS_NOT_LISTING_DATE;PIT_MEMBERSHIP_NOT_FULLY_VERIFIED,False,Candidate interval only. Not enabled for engine.
WOWS,,,,UNKNOWN,FIRST_PRICE_OBSERVATION_ONLY__NOT_LISTING_DATE,,UNKNOWN,OPEN_ENDED_CURRENT_DATASET__NOT_DELISTING,0,0,,,UNKNOWN,HIGH,LISTING_EVIDENCE_MISSING;DELISTING_STATUS_UNVERIFIED;FIRST_PRICE_IS_NOT_LISTING_DATE;PIT_MEMBERSHIP_NOT_FULLY_VERIFIED,False,Candidate interval only. Not enabled for engine.
WSBP,,,,UNKNOWN,FIRST_PRICE_OBSERVATION_ONLY__NOT_LISTING_DATE,,UNKNOWN,OPEN_ENDED_CURRENT_DATASET__NOT_DELISTING,0,0,,,UNKNOWN,HIGH,LISTING_EVIDENCE_MISSING;DELISTING_STATUS_UNVERIFIED;FIRST_PRICE_IS_NOT_LISTING_DATE;PIT_MEMBERSHIP_NOT_FULLY_VERIFIED,False,Candidate interval only. Not enabled for engine.
WSKT,,,,UNKNOWN,FIRST_PRICE_OBSERVATION_ONLY__NOT_LISTING_DATE,,UNKNOWN,OPEN_ENDED_CURRENT_DATASET__NOT_DELISTING,0,0,,,UNKNOWN,HIGH,LISTING_EVIDENCE_MISSING;DELISTING_STATUS_UNVERIFIED;FIRST_PRICE_IS_NOT_LISTING_DATE;PIT_MEMBERSHIP_NOT_FULLY_VERIFIED,False,Candidate interval only. Not enabled for engine.
WTON,,,,UNKNOWN,FIRST_PRICE_OBSERVATION_ONLY__NOT_LISTING_DATE,,UNKNOWN,OPEN_ENDED_CURRENT_DATASET__NOT_DELISTING,0,0,,,UNKNOWN,HIGH,LISTING_EVIDENCE_MISSING;DELISTING_STATUS_UNVERIFIED;FIRST_PRICE_IS_NOT_LISTING_DATE;PIT_MEMBERSHIP_NOT_FULLY_VERIFIED,False,Candidate interval only. Not enabled for engine.
YELO,,,,UNKNOWN,FIRST_PRICE_OBSERVATION_ONLY__NOT_LISTING_DATE,,UNKNOWN,OPEN_ENDED_CURRENT_DATASET__NOT_DELISTING,0,0,,,UNKNOWN,HIGH,LISTING_EVIDENCE_MISSING;DELISTING_STATUS_UNVERIFIED;FIRST_PRICE_IS_NOT_LISTING_DATE;PIT_MEMBERSHIP_NOT_FULLY_VERIFIED,False,Candidate interval only. Not enabled for engine.
YOII,,,,UNKNOWN,FIRST_PRICE_OBSERVATION_ONLY__NOT_LISTING_DATE,,UNKNOWN,OPEN_ENDED_CURRENT_DATASET__NOT_DELISTING,0,0,,,UNKNOWN,HIGH,LISTING_EVIDENCE_MISSING;DELISTING_STATUS_UNVERIFIED;FIRST_PRICE_IS_NOT_LISTING_DATE;PIT_MEMBERSHIP_NOT_FULLY_VERIFIED,False,Candidate interval only. Not enabled for engine.
YPAS,,,,UNKNOWN,FIRST_PRICE_OBSERVATION_ONLY__NOT_LISTING_DATE,,UNKNOWN,OPEN_ENDED_CURRENT_DATASET__NOT_DELISTING,0,0,,,UNKNOWN,HIGH,LISTING_EVIDENCE_MISSING;DELISTING_STATUS_UNVERIFIED;FIRST_PRICE_IS_NOT_LISTING_DATE;PIT_MEMBERSHIP_NOT_FULLY_VERIFIED,False,Candidate interval only. Not enabled for engine.
YULE,,,,UNKNOWN,FIRST_PRICE_OBSERVATION_ONLY__NOT_LISTING_DATE,,UNKNOWN,OPEN_ENDED_CURRENT_DATASET__NOT_DELISTING,0,0,,,UNKNOWN,HIGH,LISTING_EVIDENCE_MISSING;DELISTING_STATUS_UNVERIFIED;FIRST_PRICE_IS_NOT_LISTING_DATE;PIT_MEMBERSHIP_NOT_FULLY_VERIFIED,False,Candidate interval only. Not enabled for engine.
YUPI,,,,UNKNOWN,FIRST_PRICE_OBSERVATION_ONLY__NOT_LISTING_DATE,,UNKNOWN,OPEN_ENDED_CURRENT_DATASET__NOT_DELISTING,0,0,,,UNKNOWN,HIGH,LISTING_EVIDENCE_MISSING;DELISTING_STATUS_UNVERIFIED;FIRST_PRICE_IS_NOT_LISTING_DATE;PIT_MEMBERSHIP_NOT_FULLY_VERIFIED,False,Candidate interval only. Not enabled for engine.
ZATA,,,,UNKNOWN,FIRST_PRICE_OBSERVATION_ONLY__NOT_LISTING_DATE,,UNKNOWN,OPEN_ENDED_CURRENT_DATASET__NOT_DELISTING,0,0,,,UNKNOWN,HIGH,LISTING_EVIDENCE_MISSING;DELISTING_STATUS_UNVERIFIED;FIRST_PRICE_IS_NOT_LISTING_DATE;PIT_MEMBERSHIP_NOT_FULLY_VERIFIED,False,Candidate interval only. Not enabled for engine.
ZBRA,,,,UNKNOWN,FIRST_PRICE_OBSERVATION_ONLY__NOT_LISTING_DATE,,UNKNOWN,OPEN_ENDED_CURRENT_DATASET__NOT_DELISTING,0,0,,,UNKNOWN,HIGH,LISTING_EVIDENCE_MISSING;DELISTING_STATUS_UNVERIFIED;FIRST_PRICE_IS_NOT_LISTING_DATE;PIT_MEMBERSHIP_NOT_FULLY_VERIFIED,False,Candidate interval only. Not enabled for engine.
ZINC,,,,UNKNOWN,FIRST_PRICE_OBSERVATION_ONLY__NOT_LISTING_DATE,,UNKNOWN,OPEN_ENDED_CURRENT_DATASET__NOT_DELISTING,0,0,,,UNKNOWN,HIGH,LISTING_EVIDENCE_MISSING;DELISTING_STATUS_UNVERIFIED;FIRST_PRICE_IS_NOT_LISTING_DATE;PIT_MEMBERSHIP_NOT_FULLY_VERIFIED,False,Candidate interval only. Not enabled for engine.
ZONE,,,,UNKNOWN,FIRST_PRICE_OBSERVATION_ONLY__NOT_LISTING_DATE,,UNKNOWN,OPEN_ENDED_CURRENT_DATASET__NOT_DELISTING,0,0,,,UNKNOWN,HIGH,LISTING_EVIDENCE_MISSING;DELISTING_STATUS_UNVERIFIED;FIRST_PRICE_IS_NOT_LISTING_DATE;PIT_MEMBERSHIP_NOT_FULLY_VERIFIED,False,Candidate interval only. Not enabled for engine.
ZYRX,,,,UNKNOWN,FIRST_PRICE_OBSERVATION_ONLY__NOT_LISTING_DATE,,UNKNOWN,OPEN_ENDED_CURRENT_DATASET__NOT_DELISTING,0,0,,,UNKNOWN,HIGH,LISTING_EVIDENCE_MISSING;DELISTING_STATUS_UNVERIFIED;FIRST_PRICE_IS_NOT_LISTING_DATE;PIT_MEMBERSHIP_NOT_FULLY_VERIFIED,False,Candidate interval only. Not enabled for engine.
