ticker,first_observed_price_date,last_observed_price_date,listing_date_evidence,listing_status,delisting_date_evidence,delisting_status,suspension_events,suspension_filter_required,pit_start,pit_end,pit_start_confidence,pit_end_confidence,strict_membership_status,pit_safe_for_backtest,research_proxy_allowed,eligibility_rule,proxy_rule,review_priority,review_reasons,notes
AADI,,,,UNKNOWN,,UNKNOWN,0,False,,,UNKNOWN,UNKNOWN,UNKNOWN,False,False,STRICT: date >= pit_start AND date <= pit_end(if verified) AND date not inside explicit suspension interval,RESEARCH_PROXY: first observed price may define a LOW-confidence start only; never label it official listing,HIGH,LISTING_EVIDENCE_MISSING;DELISTING_STATUS_UNVERIFIED;FIRST_PRICE_IS_NOT_LISTING_DATE;PIT_MEMBERSHIP_NOT_FULLY_VERIFIED,Candidate interval only. Not enabled for engine.
AALI,,,,UNKNOWN,,UNKNOWN,0,False,,,UNKNOWN,UNKNOWN,UNKNOWN,False,False,STRICT: date >= pit_start AND date <= pit_end(if verified) AND date not inside explicit suspension interval,RESEARCH_PROXY: first observed price may define a LOW-confidence start only; never label it official listing,HIGH,LISTING_EVIDENCE_MISSING;DELISTING_STATUS_UNVERIFIED;FIRST_PRICE_IS_NOT_LISTING_DATE;PIT_MEMBERSHIP_NOT_FULLY_VERIFIED,Candidate interval only. Not enabled for engine.
ABBA,,,,UNKNOWN,,UNKNOWN,0,False,,,UNKNOWN,UNKNOWN,UNKNOWN,False,False,STRICT: date >= pit_start AND date <= pit_end(if verified) AND date not inside explicit suspension interval,RESEARCH_PROXY: first observed price may define a LOW-confidence start only; never label it official listing,HIGH,LISTING_EVIDENCE_MISSING;DELISTING_STATUS_UNVERIFIED;FIRST_PRICE_IS_NOT_LISTING_DATE;PIT_MEMBERSHIP_NOT_FULLY_VERIFIED,Candidate interval only. Not enabled for engine.
ABDA,,,,UNKNOWN,,UNKNOWN,0,False,,,UNKNOWN,UNKNOWN,UNKNOWN,False,False,STRICT: date >= pit_start AND date <= pit_end(if verified) AND date not inside explicit suspension interval,RESEARCH_PROXY: first observed price may define a LOW-confidence start only; never label it official listing,HIGH,LISTING_EVIDENCE_MISSING;DELISTING_STATUS_UNVERIFIED;FIRST_PRICE_IS_NOT_LISTING_DATE;PIT_MEMBERSHIP_NOT_FULLY_VERIFIED,Candidate interval only. Not enabled for engine.
ABMM,,,,UNKNOWN,,UNKNOWN,0,False,,,UNKNOWN,UNKNOWN,UNKNOWN,False,False,STRICT: date >= pit_start AND date <= pit_end(if verified) AND date not inside explicit suspension interval,RESEARCH_PROXY: first observed price may define a LOW-confidence start only; never label it official listing,HIGH,LISTING_EVIDENCE_MISSING;DELISTING_STATUS_UNVERIFIED;FIRST_PRICE_IS_NOT_LISTING_DATE;PIT_MEMBERSHIP_NOT_FULLY_VERIFIED,Candidate interval only. Not enabled for engine.
ACES,,,,UNKNOWN,,UNKNOWN,0,False,,,UNKNOWN,UNKNOWN,UNKNOWN,False,False,STRICT: date >= pit_start AND date <= pit_end(if verified) AND date not inside explicit suspension interval,RESEARCH_PROXY: first observed price may define a LOW-confidence start only; never label it official listing,HIGH,LISTING_EVIDENCE_MISSING;DELISTING_STATUS_UNVERIFIED;FIRST_PRICE_IS_NOT_LISTING_DATE;PIT_MEMBERSHIP_NOT_FULLY_VERIFIED,Candidate interval only. Not enabled for engine.
ACRO,,,,UNKNOWN,,UNKNOWN,0,False,,,UNKNOWN,UNKNOWN,UNKNOWN,False,False,STRICT: date >= pit_start AND date <= pit_end(if verified) AND date not inside explicit suspension interval,RESEARCH_PROXY: first observed price may define a LOW-confidence start only; never label it official listing,HIGH,LISTING_EVIDENCE_MISSING;DELISTING_STATUS_UNVERIFIED;FIRST_PRICE_IS_NOT_LISTING_DATE;PIT_MEMBERSHIP_NOT_FULLY_VERIFIED,Candidate interval only. Not enabled for engine.
ACST,,,,UNKNOWN,,UNKNOWN,0,False,,,UNKNOWN,UNKNOWN,UNKNOWN,False,False,STRICT: date >= pit_start AND date <= pit_end(if verified) AND date not inside explicit suspension interval,RESEARCH_PROXY: first observed price may define a LOW-confidence start only; never label it official listing,HIGH,LISTING_EVIDENCE_MISSING;DELISTING_STATUS_UNVERIFIED;FIRST_PRICE_IS_NOT_LISTING_DATE;PIT_MEMBERSHIP_NOT_FULLY_VERIFIED,Candidate interval only. Not enabled for engine.
ADCP,,,,UNKNOWN,,UNKNOWN,0,False,,,UNKNOWN,UNKNOWN,UNKNOWN,False,False,STRICT: date >= pit_start AND date <= pit_end(if verified) AND date not inside explicit suspension interval,RESEARCH_PROXY: first observed price may define a LOW-confidence start only; never label it official listing,HIGH,LISTING_EVIDENCE_MISSING;DELISTING_STATUS_UNVERIFIED;FIRST_PRICE_IS_NOT_LISTING_DATE;PIT_MEMBERSHIP_NOT_FULLY_VERIFIED,Candidate interval only. Not enabled for engine.
ADES,,,,UNKNOWN,,UNKNOWN,0,False,,,UNKNOWN,UNKNOWN,UNKNOWN,False,False,STRICT: date >= pit_start AND date <= pit_end(if verified) AND date not inside explicit suspension interval,RESEARCH_PROXY: first observed price may define a LOW-confidence start only; never label it official listing,HIGH,LISTING_EVIDENCE_MISSING;DELISTING_STATUS_UNVERIFIED;FIRST_PRICE_IS_NOT_LISTING_DATE;PIT_MEMBERSHIP_NOT_FULLY_VERIFIED,Candidate interval only. Not enabled for engine.
ADHI,,,,UNKNOWN,,UNKNOWN,0,False,,,UNKNOWN,UNKNOWN,UNKNOWN,False,False,STRICT: date >= pit_start AND date <= pit_end(if verified) AND date not inside explicit suspension interval,RESEARCH_PROXY: first observed price may define a LOW-confidence start only; never label it official listing,HIGH,LISTING_EVIDENCE_MISSING;DELISTING_STATUS_UNVERIFIED;FIRST_PRICE_IS_NOT_LISTING_DATE;PIT_MEMBERSHIP_NOT_FULLY_VERIFIED,Candidate interval only. Not enabled for engine.
ADMF,,,,UNKNOWN,,UNKNOWN,0,False,,,UNKNOWN,UNKNOWN,UNKNOWN,False,False,STRICT: date >= pit_start AND date <= pit_end(if verified) AND date not inside explicit suspension interval,RESEARCH_PROXY: first observed price may define a LOW-confidence start only; never label it official listing,HIGH,LISTING_EVIDENCE_MISSING;DELISTING_STATUS_UNVERIFIED;FIRST_PRICE_IS_NOT_LISTING_DATE;PIT_MEMBERSHIP_NOT_FULLY_VERIFIED,Candidate interval only. Not enabled for engine.
ADMG,,,,UNKNOWN,,UNKNOWN,0,False,,,UNKNOWN,UNKNOWN,UNKNOWN,False,False,STRICT: date >= pit_start AND date <= pit_end(if verified) AND date not inside explicit suspension interval,RESEARCH_PROXY: first observed price may define a LOW-confidence start only; never label it official listing,HIGH,LISTING_EVIDENCE_MISSING;DELISTING_STATUS_UNVERIFIED;FIRST_PRICE_IS_NOT_LISTING_DATE;PIT_MEMBERSHIP_NOT_FULLY_VERIFIED,Candidate interval only. Not enabled for engine.
ADMR,,,,UNKNOWN,,UNKNOWN,0,False,,,UNKNOWN,UNKNOWN,UNKNOWN,False,False,STRICT: date >= pit_start AND date <= pit_end(if verified) AND date not inside explicit suspension interval,RESEARCH_PROXY: first observed price may define a LOW-confidence start only; never label it official listing,HIGH,LISTING_EVIDENCE_MISSING;DELISTING_STATUS_UNVERIFIED;FIRST_PRICE_IS_NOT_LISTING_DATE;PIT_MEMBERSHIP_NOT_FULLY_VERIFIED,Candidate interval only. Not enabled for engine.
ADRO,,,,UNKNOWN,,UNKNOWN,0,False,,,UNKNOWN,UNKNOWN,UNKNOWN,False,False,STRICT: date >= pit_start AND date <= pit_end(if verified) AND date not inside explicit suspension interval,RESEARCH_PROXY: first observed price may define a LOW-confidence start only; never label it official listing,HIGH,LISTING_EVIDENCE_MISSING;DELISTING_STATUS_UNVERIFIED;FIRST_PRICE_IS_NOT_LISTING_DATE;PIT_MEMBERSHIP_NOT_FULLY_VERIFIED,Candidate interval only. Not enabled for engine.
AGAR,,,,UNKNOWN,,UNKNOWN,0,False,,,UNKNOWN,UNKNOWN,UNKNOWN,False,False,STRICT: date >= pit_start AND date <= pit_end(if verified) AND date not inside explicit suspension interval,RESEARCH_PROXY: first observed price may define a LOW-confidence start only; never label it official listing,HIGH,LISTING_EVIDENCE_MISSING;DELISTING_STATUS_UNVERIFIED;FIRST_PRICE_IS_NOT_LISTING_DATE;PIT_MEMBERSHIP_NOT_FULLY_VERIFIED,Candidate interval only. Not enabled for engine.
AGII,,,,UNKNOWN,,UNKNOWN,0,False,,,UNKNOWN,UNKNOWN,UNKNOWN,False,False,STRICT: date >= pit_start AND date <= pit_end(if verified) AND date not inside explicit suspension interval,RESEARCH_PROXY: first observed price may define a LOW-confidence start only; never label it official listing,HIGH,LISTING_EVIDENCE_MISSING;DELISTING_STATUS_UNVERIFIED;FIRST_PRICE_IS_NOT_LISTING_DATE;PIT_MEMBERSHIP_NOT_FULLY_VERIFIED,Candidate interval only. Not enabled for engine.
AGRO,,,,UNKNOWN,,UNKNOWN,0,False,,,UNKNOWN,UNKNOWN,UNKNOWN,False,False,STRICT: date >= pit_start AND date <= pit_end(if verified) AND date not inside explicit suspension interval,RESEARCH_PROXY: first observed price may define a LOW-confidence start only; never label it official listing,HIGH,LISTING_EVIDENCE_MISSING;DELISTING_STATUS_UNVERIFIED;FIRST_PRICE_IS_NOT_LISTING_DATE;PIT_MEMBERSHIP_NOT_FULLY_VERIFIED,Candidate interval only. Not enabled for engine.
AGRS,,,,UNKNOWN,,UNKNOWN,0,False,,,UNKNOWN,UNKNOWN,UNKNOWN,False,False,STRICT: date >= pit_start AND date <= pit_end(if verified) AND date not inside explicit suspension interval,RESEARCH_PROXY: first observed price may define a LOW-confidence start only; never label it official listing,HIGH,LISTING_EVIDENCE_MISSING;DELISTING_STATUS_UNVERIFIED;FIRST_PRICE_IS_NOT_LISTING_DATE;PIT_MEMBERSHIP_NOT_FULLY_VERIFIED,Candidate interval only. Not enabled for engine.
AHAP,,,,UNKNOWN,,UNKNOWN,0,False,,,UNKNOWN,UNKNOWN,UNKNOWN,False,False,STRICT: date >= pit_start AND date <= pit_end(if verified) AND date not inside explicit suspension interval,RESEARCH_PROXY: first observed price may define a LOW-confidence start only; never label it official listing,HIGH,LISTING_EVIDENCE_MISSING;DELISTING_STATUS_UNVERIFIED;FIRST_PRICE_IS_NOT_LISTING_DATE;PIT_MEMBERSHIP_NOT_FULLY_VERIFIED,Candidate interval only. Not enabled for engine.
AIMS,,,,UNKNOWN,,UNKNOWN,0,False,,,UNKNOWN,UNKNOWN,UNKNOWN,False,False,STRICT: date >= pit_start AND date <= pit_end(if verified) AND date not inside explicit suspension interval,RESEARCH_PROXY: first observed price may define a LOW-confidence start only; never label it official listing,HIGH,LISTING_EVIDENCE_MISSING;DELISTING_STATUS_UNVERIFIED;FIRST_PRICE_IS_NOT_LISTING_DATE;PIT_MEMBERSHIP_NOT_FULLY_VERIFIED,Candidate interval only. Not enabled for engine.
AISA,,,,UNKNOWN,,UNKNOWN,0,False,,,UNKNOWN,UNKNOWN,UNKNOWN,False,False,STRICT: date >= pit_start AND date <= pit_end(if verified) AND date not inside explicit suspension interval,RESEARCH_PROXY: first observed price may define a LOW-confidence start only; never label it official listing,HIGH,LISTING_EVIDENCE_MISSING;DELISTING_STATUS_UNVERIFIED;FIRST_PRICE_IS_NOT_LISTING_DATE;PIT_MEMBERSHIP_NOT_FULLY_VERIFIED,Candidate interval only. Not enabled for engine.
AKKU,,,,UNKNOWN,,UNKNOWN,0,False,,,UNKNOWN,UNKNOWN,UNKNOWN,False,False,STRICT: date >= pit_start AND date <= pit_end(if verified) AND date not inside explicit suspension interval,RESEARCH_PROXY: first observed price may define a LOW-confidence start only; never label it official listing,HIGH,LISTING_EVIDENCE_MISSING;DELISTING_STATUS_UNVERIFIED;FIRST_PRICE_IS_NOT_LISTING_DATE;PIT_MEMBERSHIP_NOT_FULLY_VERIFIED,Candidate interval only. Not enabled for engine.
AKPI,,,,UNKNOWN,,UNKNOWN,0,False,,,UNKNOWN,UNKNOWN,UNKNOWN,False,False,STRICT: date >= pit_start AND date <= pit_end(if verified) AND date not inside explicit suspension interval,RESEARCH_PROXY: first observed price may define a LOW-confidence start only; never label it official listing,HIGH,LISTING_EVIDENCE_MISSING;DELISTING_STATUS_UNVERIFIED;FIRST_PRICE_IS_NOT_LISTING_DATE;PIT_MEMBERSHIP_NOT_FULLY_VERIFIED,Candidate interval only. Not enabled for engine.
AKRA,,,,UNKNOWN,,UNKNOWN,0,False,,,UNKNOWN,UNKNOWN,UNKNOWN,False,False,STRICT: date >= pit_start AND date <= pit_end(if verified) AND date not inside explicit suspension interval,RESEARCH_PROXY: first observed price may define a LOW-confidence start only; never label it official listing,HIGH,LISTING_EVIDENCE_MISSING;DELISTING_STATUS_UNVERIFIED;FIRST_PRICE_IS_NOT_LISTING_DATE;PIT_MEMBERSHIP_NOT_FULLY_VERIFIED,Candidate interval only. Not enabled for engine.
AKSI,,,,UNKNOWN,,UNKNOWN,0,False,,,UNKNOWN,UNKNOWN,UNKNOWN,False,False,STRICT: date >= pit_start AND date <= pit_end(if verified) AND date not inside explicit suspension interval,RESEARCH_PROXY: first observed price may define a LOW-confidence start only; never label it official listing,HIGH,LISTING_EVIDENCE_MISSING;DELISTING_STATUS_UNVERIFIED;FIRST_PRICE_IS_NOT_LISTING_DATE;PIT_MEMBERSHIP_NOT_FULLY_VERIFIED,Candidate interval only. Not enabled for engine.
ALDO,,,,UNKNOWN,,UNKNOWN,0,False,,,UNKNOWN,UNKNOWN,UNKNOWN,False,False,STRICT: date >= pit_start AND date <= pit_end(if verified) AND date not inside explicit suspension interval,RESEARCH_PROXY: first observed price may define a LOW-confidence start only; never label it official listing,HIGH,LISTING_EVIDENCE_MISSING;DELISTING_STATUS_UNVERIFIED;FIRST_PRICE_IS_NOT_LISTING_DATE;PIT_MEMBERSHIP_NOT_FULLY_VERIFIED,Candidate interval only. Not enabled for engine.
ALKA,,,,UNKNOWN,,UNKNOWN,0,False,,,UNKNOWN,UNKNOWN,UNKNOWN,False,False,STRICT: date >= pit_start AND date <= pit_end(if verified) AND date not inside explicit suspension interval,RESEARCH_PROXY: first observed price may define a LOW-confidence start only; never label it official listing,HIGH,LISTING_EVIDENCE_MISSING;DELISTING_STATUS_UNVERIFIED;FIRST_PRICE_IS_NOT_LISTING_DATE;PIT_MEMBERSHIP_NOT_FULLY_VERIFIED,Candidate interval only. Not enabled for engine.
ALMI,,,,UNKNOWN,,UNKNOWN,0,False,,,UNKNOWN,UNKNOWN,UNKNOWN,False,False,STRICT: date >= pit_start AND date <= pit_end(if verified) AND date not inside explicit suspension interval,RESEARCH_PROXY: first observed price may define a LOW-confidence start only; never label it official listing,HIGH,LISTING_EVIDENCE_MISSING;DELISTING_STATUS_UNVERIFIED;FIRST_PRICE_IS_NOT_LISTING_DATE;PIT_MEMBERSHIP_NOT_FULLY_VERIFIED,Candidate interval only. Not enabled for engine.
ALTO,,,,UNKNOWN,,UNKNOWN,0,False,,,UNKNOWN,UNKNOWN,UNKNOWN,False,False,STRICT: date >= pit_start AND date <= pit_end(if verified) AND date not inside explicit suspension interval,RESEARCH_PROXY: first observed price may define a LOW-confidence start only; never label it official listing,HIGH,LISTING_EVIDENCE_MISSING;DELISTING_STATUS_UNVERIFIED;FIRST_PRICE_IS_NOT_LISTING_DATE;PIT_MEMBERSHIP_NOT_FULLY_VERIFIED,Candidate interval only. Not enabled for engine.
AMAG,,,,UNKNOWN,,UNKNOWN,0,False,,,UNKNOWN,UNKNOWN,UNKNOWN,False,False,STRICT: date >= pit_start AND date <= pit_end(if verified) AND date not inside explicit suspension interval,RESEARCH_PROXY: first observed price may define a LOW-confidence start only; never label it official listing,HIGH,LISTING_EVIDENCE_MISSING;DELISTING_STATUS_UNVERIFIED;FIRST_PRICE_IS_NOT_LISTING_DATE;PIT_MEMBERSHIP_NOT_FULLY_VERIFIED,Candidate interval only. Not enabled for engine.
AMAN,,,,UNKNOWN,,UNKNOWN,0,False,,,UNKNOWN,UNKNOWN,UNKNOWN,False,False,STRICT: date >= pit_start AND date <= pit_end(if verified) AND date not inside explicit suspension interval,RESEARCH_PROXY: first observed price may define a LOW-confidence start only; never label it official listing,HIGH,LISTING_EVIDENCE_MISSING;DELISTING_STATUS_UNVERIFIED;FIRST_PRICE_IS_NOT_LISTING_DATE;PIT_MEMBERSHIP_NOT_FULLY_VERIFIED,Candidate interval only. Not enabled for engine.
AMAR,,,,UNKNOWN,,UNKNOWN,0,False,,,UNKNOWN,UNKNOWN,UNKNOWN,False,False,STRICT: date >= pit_start AND date <= pit_end(if verified) AND date not inside explicit suspension interval,RESEARCH_PROXY: first observed price may define a LOW-confidence start only; never label it official listing,HIGH,LISTING_EVIDENCE_MISSING;DELISTING_STATUS_UNVERIFIED;FIRST_PRICE_IS_NOT_LISTING_DATE;PIT_MEMBERSHIP_NOT_FULLY_VERIFIED,Candidate interval only. Not enabled for engine.
AMFG,,,,UNKNOWN,,UNKNOWN,0,False,,,UNKNOWN,UNKNOWN,UNKNOWN,False,False,STRICT: date >= pit_start AND date <= pit_end(if verified) AND date not inside explicit suspension interval,RESEARCH_PROXY: first observed price may define a LOW-confidence start only; never label it official listing,HIGH,LISTING_EVIDENCE_MISSING;DELISTING_STATUS_UNVERIFIED;FIRST_PRICE_IS_NOT_LISTING_DATE;PIT_MEMBERSHIP_NOT_FULLY_VERIFIED,Candidate interval only. Not enabled for engine.
AMIN,,,,UNKNOWN,,UNKNOWN,0,False,,,UNKNOWN,UNKNOWN,UNKNOWN,False,False,STRICT: date >= pit_start AND date <= pit_end(if verified) AND date not inside explicit suspension interval,RESEARCH_PROXY: first observed price may define a LOW-confidence start only; never label it official listing,HIGH,LISTING_EVIDENCE_MISSING;DELISTING_STATUS_UNVERIFIED;FIRST_PRICE_IS_NOT_LISTING_DATE;PIT_MEMBERSHIP_NOT_FULLY_VERIFIED,Candidate interval only. Not enabled for engine.
AMMN,,,,UNKNOWN,,UNKNOWN,0,False,,,UNKNOWN,UNKNOWN,UNKNOWN,False,False,STRICT: date >= pit_start AND date <= pit_end(if verified) AND date not inside explicit suspension interval,RESEARCH_PROXY: first observed price may define a LOW-confidence start only; never label it official listing,HIGH,LISTING_EVIDENCE_MISSING;DELISTING_STATUS_UNVERIFIED;FIRST_PRICE_IS_NOT_LISTING_DATE;PIT_MEMBERSHIP_NOT_FULLY_VERIFIED,Candidate interval only. Not enabled for engine.
AMMS,,,,UNKNOWN,,UNKNOWN,0,False,,,UNKNOWN,UNKNOWN,UNKNOWN,False,False,STRICT: date >= pit_start AND date <= pit_end(if verified) AND date not inside explicit suspension interval,RESEARCH_PROXY: first observed price may define a LOW-confidence start only; never label it official listing,HIGH,LISTING_EVIDENCE_MISSING;DELISTING_STATUS_UNVERIFIED;FIRST_PRICE_IS_NOT_LISTING_DATE;PIT_MEMBERSHIP_NOT_FULLY_VERIFIED,Candidate interval only. Not enabled for engine.
AMOR,,,,UNKNOWN,,UNKNOWN,0,False,,,UNKNOWN,UNKNOWN,UNKNOWN,False,False,STRICT: date >= pit_start AND date <= pit_end(if verified) AND date not inside explicit suspension interval,RESEARCH_PROXY: first observed price may define a LOW-confidence start only; never label it official listing,HIGH,LISTING_EVIDENCE_MISSING;DELISTING_STATUS_UNVERIFIED;FIRST_PRICE_IS_NOT_LISTING_DATE;PIT_MEMBERSHIP_NOT_FULLY_VERIFIED,Candidate interval only. Not enabled for engine.
AMRT,,,,UNKNOWN,,UNKNOWN,0,False,,,UNKNOWN,UNKNOWN,UNKNOWN,False,False,STRICT: date >= pit_start AND date <= pit_end(if verified) AND date not inside explicit suspension interval,RESEARCH_PROXY: first observed price may define a LOW-confidence start only; never label it official listing,HIGH,LISTING_EVIDENCE_MISSING;DELISTING_STATUS_UNVERIFIED;FIRST_PRICE_IS_NOT_LISTING_DATE;PIT_MEMBERSHIP_NOT_FULLY_VERIFIED,Candidate interval only. Not enabled for engine.
ANDI,,,,UNKNOWN,,UNKNOWN,0,False,,,UNKNOWN,UNKNOWN,UNKNOWN,False,False,STRICT: date >= pit_start AND date <= pit_end(if verified) AND date not inside explicit suspension interval,RESEARCH_PROXY: first observed price may define a LOW-confidence start only; never label it official listing,HIGH,LISTING_EVIDENCE_MISSING;DELISTING_STATUS_UNVERIFIED;FIRST_PRICE_IS_NOT_LISTING_DATE;PIT_MEMBERSHIP_NOT_FULLY_VERIFIED,Candidate interval only. Not enabled for engine.
ANJT,,,,UNKNOWN,,UNKNOWN,0,False,,,UNKNOWN,UNKNOWN,UNKNOWN,False,False,STRICT: date >= pit_start AND date <= pit_end(if verified) AND date not inside explicit suspension interval,RESEARCH_PROXY: first observed price may define a LOW-confidence start only; never label it official listing,HIGH,LISTING_EVIDENCE_MISSING;DELISTING_STATUS_UNVERIFIED;FIRST_PRICE_IS_NOT_LISTING_DATE;PIT_MEMBERSHIP_NOT_FULLY_VERIFIED,Candidate interval only. Not enabled for engine.
ANTM,,,,UNKNOWN,,UNKNOWN,0,False,,,UNKNOWN,UNKNOWN,UNKNOWN,False,False,STRICT: date >= pit_start AND date <= pit_end(if verified) AND date not inside explicit suspension interval,RESEARCH_PROXY: first observed price may define a LOW-confidence start only; never label it official listing,HIGH,LISTING_EVIDENCE_MISSING;DELISTING_STATUS_UNVERIFIED;FIRST_PRICE_IS_NOT_LISTING_DATE;PIT_MEMBERSHIP_NOT_FULLY_VERIFIED,Candidate interval only. Not enabled for engine.
APEX,,,,UNKNOWN,,UNKNOWN,0,False,,,UNKNOWN,UNKNOWN,UNKNOWN,False,False,STRICT: date >= pit_start AND date <= pit_end(if verified) AND date not inside explicit suspension interval,RESEARCH_PROXY: first observed price may define a LOW-confidence start only; never label it official listing,HIGH,LISTING_EVIDENCE_MISSING;DELISTING_STATUS_UNVERIFIED;FIRST_PRICE_IS_NOT_LISTING_DATE;PIT_MEMBERSHIP_NOT_FULLY_VERIFIED,Candidate interval only. Not enabled for engine.
APIC,,,,UNKNOWN,,UNKNOWN,0,False,,,UNKNOWN,UNKNOWN,UNKNOWN,False,False,STRICT: date >= pit_start AND date <= pit_end(if verified) AND date not inside explicit suspension interval,RESEARCH_PROXY: first observed price may define a LOW-confidence start only; never label it official listing,HIGH,LISTING_EVIDENCE_MISSING;DELISTING_STATUS_UNVERIFIED;FIRST_PRICE_IS_NOT_LISTING_DATE;PIT_MEMBERSHIP_NOT_FULLY_VERIFIED,Candidate interval only. Not enabled for engine.
APII,,,,UNKNOWN,,UNKNOWN,0,False,,,UNKNOWN,UNKNOWN,UNKNOWN,False,False,STRICT: date >= pit_start AND date <= pit_end(if verified) AND date not inside explicit suspension interval,RESEARCH_PROXY: first observed price may define a LOW-confidence start only; never label it official listing,HIGH,LISTING_EVIDENCE_MISSING;DELISTING_STATUS_UNVERIFIED;FIRST_PRICE_IS_NOT_LISTING_DATE;PIT_MEMBERSHIP_NOT_FULLY_VERIFIED,Candidate interval only. Not enabled for engine.
APLI,,,,UNKNOWN,,UNKNOWN,0,False,,,UNKNOWN,UNKNOWN,UNKNOWN,False,False,STRICT: date >= pit_start AND date <= pit_end(if verified) AND date not inside explicit suspension interval,RESEARCH_PROXY: first observed price may define a LOW-confidence start only; never label it official listing,HIGH,LISTING_EVIDENCE_MISSING;DELISTING_STATUS_UNVERIFIED;FIRST_PRICE_IS_NOT_LISTING_DATE;PIT_MEMBERSHIP_NOT_FULLY_VERIFIED,Candidate interval only. Not enabled for engine.
APLN,,,,UNKNOWN,,UNKNOWN,0,False,,,UNKNOWN,UNKNOWN,UNKNOWN,False,False,STRICT: date >= pit_start AND date <= pit_end(if verified) AND date not inside explicit suspension interval,RESEARCH_PROXY: first observed price may define a LOW-confidence start only; never label it official listing,HIGH,LISTING_EVIDENCE_MISSING;DELISTING_STATUS_UNVERIFIED;FIRST_PRICE_IS_NOT_LISTING_DATE;PIT_MEMBERSHIP_NOT_FULLY_VERIFIED,Candidate interval only. Not enabled for engine.
ARCI,,,,UNKNOWN,,UNKNOWN,0,False,,,UNKNOWN,UNKNOWN,UNKNOWN,False,False,STRICT: date >= pit_start AND date <= pit_end(if verified) AND date not inside explicit suspension interval,RESEARCH_PROXY: first observed price may define a LOW-confidence start only; never label it official listing,HIGH,LISTING_EVIDENCE_MISSING;DELISTING_STATUS_UNVERIFIED;FIRST_PRICE_IS_NOT_LISTING_DATE;PIT_MEMBERSHIP_NOT_FULLY_VERIFIED,Candidate interval only. Not enabled for engine.
AREA,,,,UNKNOWN,,UNKNOWN,0,False,,,UNKNOWN,UNKNOWN,UNKNOWN,False,False,STRICT: date >= pit_start AND date <= pit_end(if verified) AND date not inside explicit suspension interval,RESEARCH_PROXY: first observed price may define a LOW-confidence start only; never label it official listing,HIGH,LISTING_EVIDENCE_MISSING;DELISTING_STATUS_UNVERIFIED;FIRST_PRICE_IS_NOT_LISTING_DATE;PIT_MEMBERSHIP_NOT_FULLY_VERIFIED,Candidate interval only. Not enabled for engine.
ARGO,,,,UNKNOWN,,UNKNOWN,0,False,,,UNKNOWN,UNKNOWN,UNKNOWN,False,False,STRICT: date >= pit_start AND date <= pit_end(if verified) AND date not inside explicit suspension interval,RESEARCH_PROXY: first observed price may define a LOW-confidence start only; never label it official listing,HIGH,LISTING_EVIDENCE_MISSING;DELISTING_STATUS_UNVERIFIED;FIRST_PRICE_IS_NOT_LISTING_DATE;PIT_MEMBERSHIP_NOT_FULLY_VERIFIED,Candidate interval only. Not enabled for engine.
ARII,,,,UNKNOWN,,UNKNOWN,0,False,,,UNKNOWN,UNKNOWN,UNKNOWN,False,False,STRICT: date >= pit_start AND date <= pit_end(if verified) AND date not inside explicit suspension interval,RESEARCH_PROXY: first observed price may define a LOW-confidence start only; never label it official listing,HIGH,LISTING_EVIDENCE_MISSING;DELISTING_STATUS_UNVERIFIED;FIRST_PRICE_IS_NOT_LISTING_DATE;PIT_MEMBERSHIP_NOT_FULLY_VERIFIED,Candidate interval only. Not enabled for engine.
ARKA,,,,UNKNOWN,,UNKNOWN,0,False,,,UNKNOWN,UNKNOWN,UNKNOWN,False,False,STRICT: date >= pit_start AND date <= pit_end(if verified) AND date not inside explicit suspension interval,RESEARCH_PROXY: first observed price may define a LOW-confidence start only; never label it official listing,HIGH,LISTING_EVIDENCE_MISSING;DELISTING_STATUS_UNVERIFIED;FIRST_PRICE_IS_NOT_LISTING_DATE;PIT_MEMBERSHIP_NOT_FULLY_VERIFIED,Candidate interval only. Not enabled for engine.
ARKO,,,,UNKNOWN,,UNKNOWN,0,False,,,UNKNOWN,UNKNOWN,UNKNOWN,False,False,STRICT: date >= pit_start AND date <= pit_end(if verified) AND date not inside explicit suspension interval,RESEARCH_PROXY: first observed price may define a LOW-confidence start only; never label it official listing,HIGH,LISTING_EVIDENCE_MISSING;DELISTING_STATUS_UNVERIFIED;FIRST_PRICE_IS_NOT_LISTING_DATE;PIT_MEMBERSHIP_NOT_FULLY_VERIFIED,Candidate interval only. Not enabled for engine.
ARNA,,,,UNKNOWN,,UNKNOWN,0,False,,,UNKNOWN,UNKNOWN,UNKNOWN,False,False,STRICT: date >= pit_start AND date <= pit_end(if verified) AND date not inside explicit suspension interval,RESEARCH_PROXY: first observed price may define a LOW-confidence start only; never label it official listing,HIGH,LISTING_EVIDENCE_MISSING;DELISTING_STATUS_UNVERIFIED;FIRST_PRICE_IS_NOT_LISTING_DATE;PIT_MEMBERSHIP_NOT_FULLY_VERIFIED,Candidate interval only. Not enabled for engine.
ARTA,,,,UNKNOWN,,UNKNOWN,0,False,,,UNKNOWN,UNKNOWN,UNKNOWN,False,False,STRICT: date >= pit_start AND date <= pit_end(if verified) AND date not inside explicit suspension interval,RESEARCH_PROXY: first observed price may define a LOW-confidence start only; never label it official listing,HIGH,LISTING_EVIDENCE_MISSING;DELISTING_STATUS_UNVERIFIED;FIRST_PRICE_IS_NOT_LISTING_DATE;PIT_MEMBERSHIP_NOT_FULLY_VERIFIED,Candidate interval only. Not enabled for engine.
ARTI,,,,UNKNOWN,,UNKNOWN,0,False,,,UNKNOWN,UNKNOWN,UNKNOWN,False,False,STRICT: date >= pit_start AND date <= pit_end(if verified) AND date not inside explicit suspension interval,RESEARCH_PROXY: first observed price may define a LOW-confidence start only; never label it official listing,HIGH,LISTING_EVIDENCE_MISSING;DELISTING_STATUS_UNVERIFIED;FIRST_PRICE_IS_NOT_LISTING_DATE;PIT_MEMBERSHIP_NOT_FULLY_VERIFIED,Candidate interval only. Not enabled for engine.
ARTO,,,,UNKNOWN,,UNKNOWN,0,False,,,UNKNOWN,UNKNOWN,UNKNOWN,False,False,STRICT: date >= pit_start AND date <= pit_end(if verified) AND date not inside explicit suspension interval,RESEARCH_PROXY: first observed price may define a LOW-confidence start only; never label it official listing,HIGH,LISTING_EVIDENCE_MISSING;DELISTING_STATUS_UNVERIFIED;FIRST_PRICE_IS_NOT_LISTING_DATE;PIT_MEMBERSHIP_NOT_FULLY_VERIFIED,Candidate interval only. Not enabled for engine.
ASBI,,,,UNKNOWN,,UNKNOWN,0,False,,,UNKNOWN,UNKNOWN,UNKNOWN,False,False,STRICT: date >= pit_start AND date <= pit_end(if verified) AND date not inside explicit suspension interval,RESEARCH_PROXY: first observed price may define a LOW-confidence start only; never label it official listing,HIGH,LISTING_EVIDENCE_MISSING;DELISTING_STATUS_UNVERIFIED;FIRST_PRICE_IS_NOT_LISTING_DATE;PIT_MEMBERSHIP_NOT_FULLY_VERIFIED,Candidate interval only. Not enabled for engine.
ASDM,,,,UNKNOWN,,UNKNOWN,0,False,,,UNKNOWN,UNKNOWN,UNKNOWN,False,False,STRICT: date >= pit_start AND date <= pit_end(if verified) AND date not inside explicit suspension interval,RESEARCH_PROXY: first observed price may define a LOW-confidence start only; never label it official listing,HIGH,LISTING_EVIDENCE_MISSING;DELISTING_STATUS_UNVERIFIED;FIRST_PRICE_IS_NOT_LISTING_DATE;PIT_MEMBERSHIP_NOT_FULLY_VERIFIED,Candidate interval only. Not enabled for engine.
ASGR,,,,UNKNOWN,,UNKNOWN,0,False,,,UNKNOWN,UNKNOWN,UNKNOWN,False,False,STRICT: date >= pit_start AND date <= pit_end(if verified) AND date not inside explicit suspension interval,RESEARCH_PROXY: first observed price may define a LOW-confidence start only; never label it official listing,HIGH,LISTING_EVIDENCE_MISSING;DELISTING_STATUS_UNVERIFIED;FIRST_PRICE_IS_NOT_LISTING_DATE;PIT_MEMBERSHIP_NOT_FULLY_VERIFIED,Candidate interval only. Not enabled for engine.
ASHA,,,,UNKNOWN,,UNKNOWN,0,False,,,UNKNOWN,UNKNOWN,UNKNOWN,False,False,STRICT: date >= pit_start AND date <= pit_end(if verified) AND date not inside explicit suspension interval,RESEARCH_PROXY: first observed price may define a LOW-confidence start only; never label it official listing,HIGH,LISTING_EVIDENCE_MISSING;DELISTING_STATUS_UNVERIFIED;FIRST_PRICE_IS_NOT_LISTING_DATE;PIT_MEMBERSHIP_NOT_FULLY_VERIFIED,Candidate interval only. Not enabled for engine.
ASII,,,,UNKNOWN,,UNKNOWN,0,False,,,UNKNOWN,UNKNOWN,UNKNOWN,False,False,STRICT: date >= pit_start AND date <= pit_end(if verified) AND date not inside explicit suspension interval,RESEARCH_PROXY: first observed price may define a LOW-confidence start only; never label it official listing,HIGH,LISTING_EVIDENCE_MISSING;DELISTING_STATUS_UNVERIFIED;FIRST_PRICE_IS_NOT_LISTING_DATE;PIT_MEMBERSHIP_NOT_FULLY_VERIFIED,Candidate interval only. Not enabled for engine.
ASJT,,,,UNKNOWN,,UNKNOWN,0,False,,,UNKNOWN,UNKNOWN,UNKNOWN,False,False,STRICT: date >= pit_start AND date <= pit_end(if verified) AND date not inside explicit suspension interval,RESEARCH_PROXY: first observed price may define a LOW-confidence start only; never label it official listing,HIGH,LISTING_EVIDENCE_MISSING;DELISTING_STATUS_UNVERIFIED;FIRST_PRICE_IS_NOT_LISTING_DATE;PIT_MEMBERSHIP_NOT_FULLY_VERIFIED,Candidate interval only. Not enabled for engine.
ASLC,,,,UNKNOWN,,UNKNOWN,0,False,,,UNKNOWN,UNKNOWN,UNKNOWN,False,False,STRICT: date >= pit_start AND date <= pit_end(if verified) AND date not inside explicit suspension interval,RESEARCH_PROXY: first observed price may define a LOW-confidence start only; never label it official listing,HIGH,LISTING_EVIDENCE_MISSING;DELISTING_STATUS_UNVERIFIED;FIRST_PRICE_IS_NOT_LISTING_DATE;PIT_MEMBERSHIP_NOT_FULLY_VERIFIED,Candidate interval only. Not enabled for engine.
ASLI,,,,UNKNOWN,,UNKNOWN,0,False,,,UNKNOWN,UNKNOWN,UNKNOWN,False,False,STRICT: date >= pit_start AND date <= pit_end(if verified) AND date not inside explicit suspension interval,RESEARCH_PROXY: first observed price may define a LOW-confidence start only; never label it official listing,HIGH,LISTING_EVIDENCE_MISSING;DELISTING_STATUS_UNVERIFIED;FIRST_PRICE_IS_NOT_LISTING_DATE;PIT_MEMBERSHIP_NOT_FULLY_VERIFIED,Candidate interval only. Not enabled for engine.
ASMI,,,,UNKNOWN,,UNKNOWN,0,False,,,UNKNOWN,UNKNOWN,UNKNOWN,False,False,STRICT: date >= pit_start AND date <= pit_end(if verified) AND date not inside explicit suspension interval,RESEARCH_PROXY: first observed price may define a LOW-confidence start only; never label it official listing,HIGH,LISTING_EVIDENCE_MISSING;DELISTING_STATUS_UNVERIFIED;FIRST_PRICE_IS_NOT_LISTING_DATE;PIT_MEMBERSHIP_NOT_FULLY_VERIFIED,Candidate interval only. Not enabled for engine.
ASPI,,,,UNKNOWN,,UNKNOWN,0,False,,,UNKNOWN,UNKNOWN,UNKNOWN,False,False,STRICT: date >= pit_start AND date <= pit_end(if verified) AND date not inside explicit suspension interval,RESEARCH_PROXY: first observed price may define a LOW-confidence start only; never label it official listing,HIGH,LISTING_EVIDENCE_MISSING;DELISTING_STATUS_UNVERIFIED;FIRST_PRICE_IS_NOT_LISTING_DATE;PIT_MEMBERSHIP_NOT_FULLY_VERIFIED,Candidate interval only. Not enabled for engine.
ASPR,,,,UNKNOWN,,UNKNOWN,0,False,,,UNKNOWN,UNKNOWN,UNKNOWN,False,False,STRICT: date >= pit_start AND date <= pit_end(if verified) AND date not inside explicit suspension interval,RESEARCH_PROXY: first observed price may define a LOW-confidence start only; never label it official listing,HIGH,LISTING_EVIDENCE_MISSING;DELISTING_STATUS_UNVERIFIED;FIRST_PRICE_IS_NOT_LISTING_DATE;PIT_MEMBERSHIP_NOT_FULLY_VERIFIED,Candidate interval only. Not enabled for engine.
ASRI,,,,UNKNOWN,,UNKNOWN,0,False,,,UNKNOWN,UNKNOWN,UNKNOWN,False,False,STRICT: date >= pit_start AND date <= pit_end(if verified) AND date not inside explicit suspension interval,RESEARCH_PROXY: first observed price may define a LOW-confidence start only; never label it official listing,HIGH,LISTING_EVIDENCE_MISSING;DELISTING_STATUS_UNVERIFIED;FIRST_PRICE_IS_NOT_LISTING_DATE;PIT_MEMBERSHIP_NOT_FULLY_VERIFIED,Candidate interval only. Not enabled for engine.
ASRM,,,,UNKNOWN,,UNKNOWN,0,False,,,UNKNOWN,UNKNOWN,UNKNOWN,False,False,STRICT: date >= pit_start AND date <= pit_end(if verified) AND date not inside explicit suspension interval,RESEARCH_PROXY: first observed price may define a LOW-confidence start only; never label it official listing,HIGH,LISTING_EVIDENCE_MISSING;DELISTING_STATUS_UNVERIFIED;FIRST_PRICE_IS_NOT_LISTING_DATE;PIT_MEMBERSHIP_NOT_FULLY_VERIFIED,Candidate interval only. Not enabled for engine.
ASSA,,,,UNKNOWN,,UNKNOWN,0,False,,,UNKNOWN,UNKNOWN,UNKNOWN,False,False,STRICT: date >= pit_start AND date <= pit_end(if verified) AND date not inside explicit suspension interval,RESEARCH_PROXY: first observed price may define a LOW-confidence start only; never label it official listing,HIGH,LISTING_EVIDENCE_MISSING;DELISTING_STATUS_UNVERIFIED;FIRST_PRICE_IS_NOT_LISTING_DATE;PIT_MEMBERSHIP_NOT_FULLY_VERIFIED,Candidate interval only. Not enabled for engine.
ATAP,,,,UNKNOWN,,UNKNOWN,0,False,,,UNKNOWN,UNKNOWN,UNKNOWN,False,False,STRICT: date >= pit_start AND date <= pit_end(if verified) AND date not inside explicit suspension interval,RESEARCH_PROXY: first observed price may define a LOW-confidence start only; never label it official listing,HIGH,LISTING_EVIDENCE_MISSING;DELISTING_STATUS_UNVERIFIED;FIRST_PRICE_IS_NOT_LISTING_DATE;PIT_MEMBERSHIP_NOT_FULLY_VERIFIED,Candidate interval only. Not enabled for engine.
ATIC,,,,UNKNOWN,,UNKNOWN,0,False,,,UNKNOWN,UNKNOWN,UNKNOWN,False,False,STRICT: date >= pit_start AND date <= pit_end(if verified) AND date not inside explicit suspension interval,RESEARCH_PROXY: first observed price may define a LOW-confidence start only; never label it official listing,HIGH,LISTING_EVIDENCE_MISSING;DELISTING_STATUS_UNVERIFIED;FIRST_PRICE_IS_NOT_LISTING_DATE;PIT_MEMBERSHIP_NOT_FULLY_VERIFIED,Candidate interval only. Not enabled for engine.
ATLA,,,,UNKNOWN,,UNKNOWN,0,False,,,UNKNOWN,UNKNOWN,UNKNOWN,False,False,STRICT: date >= pit_start AND date <= pit_end(if verified) AND date not inside explicit suspension interval,RESEARCH_PROXY: first observed price may define a LOW-confidence start only; never label it official listing,HIGH,LISTING_EVIDENCE_MISSING;DELISTING_STATUS_UNVERIFIED;FIRST_PRICE_IS_NOT_LISTING_DATE;PIT_MEMBERSHIP_NOT_FULLY_VERIFIED,Candidate interval only. Not enabled for engine.
AUTO,,,,UNKNOWN,,UNKNOWN,0,False,,,UNKNOWN,UNKNOWN,UNKNOWN,False,False,STRICT: date >= pit_start AND date <= pit_end(if verified) AND date not inside explicit suspension interval,RESEARCH_PROXY: first observed price may define a LOW-confidence start only; never label it official listing,HIGH,LISTING_EVIDENCE_MISSING;DELISTING_STATUS_UNVERIFIED;FIRST_PRICE_IS_NOT_LISTING_DATE;PIT_MEMBERSHIP_NOT_FULLY_VERIFIED,Candidate interval only. Not enabled for engine.
AVIA,,,,UNKNOWN,,UNKNOWN,0,False,,,UNKNOWN,UNKNOWN,UNKNOWN,False,False,STRICT: date >= pit_start AND date <= pit_end(if verified) AND date not inside explicit suspension interval,RESEARCH_PROXY: first observed price may define a LOW-confidence start only; never label it official listing,HIGH,LISTING_EVIDENCE_MISSING;DELISTING_STATUS_UNVERIFIED;FIRST_PRICE_IS_NOT_LISTING_DATE;PIT_MEMBERSHIP_NOT_FULLY_VERIFIED,Candidate interval only. Not enabled for engine.
AWAN,,,,UNKNOWN,,UNKNOWN,0,False,,,UNKNOWN,UNKNOWN,UNKNOWN,False,False,STRICT: date >= pit_start AND date <= pit_end(if verified) AND date not inside explicit suspension interval,RESEARCH_PROXY: first observed price may define a LOW-confidence start only; never label it official listing,HIGH,LISTING_EVIDENCE_MISSING;DELISTING_STATUS_UNVERIFIED;FIRST_PRICE_IS_NOT_LISTING_DATE;PIT_MEMBERSHIP_NOT_FULLY_VERIFIED,Candidate interval only. Not enabled for engine.
AXIO,,,,UNKNOWN,,UNKNOWN,0,False,,,UNKNOWN,UNKNOWN,UNKNOWN,False,False,STRICT: date >= pit_start AND date <= pit_end(if verified) AND date not inside explicit suspension interval,RESEARCH_PROXY: first observed price may define a LOW-confidence start only; never label it official listing,HIGH,LISTING_EVIDENCE_MISSING;DELISTING_STATUS_UNVERIFIED;FIRST_PRICE_IS_NOT_LISTING_DATE;PIT_MEMBERSHIP_NOT_FULLY_VERIFIED,Candidate interval only. Not enabled for engine.
AYLS,,,,UNKNOWN,,UNKNOWN,0,False,,,UNKNOWN,UNKNOWN,UNKNOWN,False,False,STRICT: date >= pit_start AND date <= pit_end(if verified) AND date not inside explicit suspension interval,RESEARCH_PROXY: first observed price may define a LOW-confidence start only; never label it official listing,HIGH,LISTING_EVIDENCE_MISSING;DELISTING_STATUS_UNVERIFIED;FIRST_PRICE_IS_NOT_LISTING_DATE;PIT_MEMBERSHIP_NOT_FULLY_VERIFIED,Candidate interval only. Not enabled for engine.
BABP,,,,UNKNOWN,,UNKNOWN,0,False,,,UNKNOWN,UNKNOWN,UNKNOWN,False,False,STRICT: date >= pit_start AND date <= pit_end(if verified) AND date not inside explicit suspension interval,RESEARCH_PROXY: first observed price may define a LOW-confidence start only; never label it official listing,HIGH,LISTING_EVIDENCE_MISSING;DELISTING_STATUS_UNVERIFIED;FIRST_PRICE_IS_NOT_LISTING_DATE;PIT_MEMBERSHIP_NOT_FULLY_VERIFIED,Candidate interval only. Not enabled for engine.
BABY,,,,UNKNOWN,,UNKNOWN,0,False,,,UNKNOWN,UNKNOWN,UNKNOWN,False,False,STRICT: date >= pit_start AND date <= pit_end(if verified) AND date not inside explicit suspension interval,RESEARCH_PROXY: first observed price may define a LOW-confidence start only; never label it official listing,HIGH,LISTING_EVIDENCE_MISSING;DELISTING_STATUS_UNVERIFIED;FIRST_PRICE_IS_NOT_LISTING_DATE;PIT_MEMBERSHIP_NOT_FULLY_VERIFIED,Candidate interval only. Not enabled for engine.
BACA,,,,UNKNOWN,,UNKNOWN,0,False,,,UNKNOWN,UNKNOWN,UNKNOWN,False,False,STRICT: date >= pit_start AND date <= pit_end(if verified) AND date not inside explicit suspension interval,RESEARCH_PROXY: first observed price may define a LOW-confidence start only; never label it official listing,HIGH,LISTING_EVIDENCE_MISSING;DELISTING_STATUS_UNVERIFIED;FIRST_PRICE_IS_NOT_LISTING_DATE;PIT_MEMBERSHIP_NOT_FULLY_VERIFIED,Candidate interval only. Not enabled for engine.
BAIK,,,,UNKNOWN,,UNKNOWN,0,False,,,UNKNOWN,UNKNOWN,UNKNOWN,False,False,STRICT: date >= pit_start AND date <= pit_end(if verified) AND date not inside explicit suspension interval,RESEARCH_PROXY: first observed price may define a LOW-confidence start only; never label it official listing,HIGH,LISTING_EVIDENCE_MISSING;DELISTING_STATUS_UNVERIFIED;FIRST_PRICE_IS_NOT_LISTING_DATE;PIT_MEMBERSHIP_NOT_FULLY_VERIFIED,Candidate interval only. Not enabled for engine.
BAJA,,,,UNKNOWN,,UNKNOWN,0,False,,,UNKNOWN,UNKNOWN,UNKNOWN,False,False,STRICT: date >= pit_start AND date <= pit_end(if verified) AND date not inside explicit suspension interval,RESEARCH_PROXY: first observed price may define a LOW-confidence start only; never label it official listing,HIGH,LISTING_EVIDENCE_MISSING;DELISTING_STATUS_UNVERIFIED;FIRST_PRICE_IS_NOT_LISTING_DATE;PIT_MEMBERSHIP_NOT_FULLY_VERIFIED,Candidate interval only. Not enabled for engine.
BALI,,,,UNKNOWN,,UNKNOWN,0,False,,,UNKNOWN,UNKNOWN,UNKNOWN,False,False,STRICT: date >= pit_start AND date <= pit_end(if verified) AND date not inside explicit suspension interval,RESEARCH_PROXY: first observed price may define a LOW-confidence start only; never label it official listing,HIGH,LISTING_EVIDENCE_MISSING;DELISTING_STATUS_UNVERIFIED;FIRST_PRICE_IS_NOT_LISTING_DATE;PIT_MEMBERSHIP_NOT_FULLY_VERIFIED,Candidate interval only. Not enabled for engine.
BANK,,,,UNKNOWN,,UNKNOWN,0,False,,,UNKNOWN,UNKNOWN,UNKNOWN,False,False,STRICT: date >= pit_start AND date <= pit_end(if verified) AND date not inside explicit suspension interval,RESEARCH_PROXY: first observed price may define a LOW-confidence start only; never label it official listing,HIGH,LISTING_EVIDENCE_MISSING;DELISTING_STATUS_UNVERIFIED;FIRST_PRICE_IS_NOT_LISTING_DATE;PIT_MEMBERSHIP_NOT_FULLY_VERIFIED,Candidate interval only. Not enabled for engine.
BAPA,,,,UNKNOWN,,UNKNOWN,0,False,,,UNKNOWN,UNKNOWN,UNKNOWN,False,False,STRICT: date >= pit_start AND date <= pit_end(if verified) AND date not inside explicit suspension interval,RESEARCH_PROXY: first observed price may define a LOW-confidence start only; never label it official listing,HIGH,LISTING_EVIDENCE_MISSING;DELISTING_STATUS_UNVERIFIED;FIRST_PRICE_IS_NOT_LISTING_DATE;PIT_MEMBERSHIP_NOT_FULLY_VERIFIED,Candidate interval only. Not enabled for engine.
BAPI,,,,UNKNOWN,,UNKNOWN,0,False,,,UNKNOWN,UNKNOWN,UNKNOWN,False,False,STRICT: date >= pit_start AND date <= pit_end(if verified) AND date not inside explicit suspension interval,RESEARCH_PROXY: first observed price may define a LOW-confidence start only; never label it official listing,HIGH,LISTING_EVIDENCE_MISSING;DELISTING_STATUS_UNVERIFIED;FIRST_PRICE_IS_NOT_LISTING_DATE;PIT_MEMBERSHIP_NOT_FULLY_VERIFIED,Candidate interval only. Not enabled for engine.
BATA,,,,UNKNOWN,,UNKNOWN,0,False,,,UNKNOWN,UNKNOWN,UNKNOWN,False,False,STRICT: date >= pit_start AND date <= pit_end(if verified) AND date not inside explicit suspension interval,RESEARCH_PROXY: first observed price may define a LOW-confidence start only; never label it official listing,HIGH,LISTING_EVIDENCE_MISSING;DELISTING_STATUS_UNVERIFIED;FIRST_PRICE_IS_NOT_LISTING_DATE;PIT_MEMBERSHIP_NOT_FULLY_VERIFIED,Candidate interval only. Not enabled for engine.
BATR,,,,UNKNOWN,,UNKNOWN,0,False,,,UNKNOWN,UNKNOWN,UNKNOWN,False,False,STRICT: date >= pit_start AND date <= pit_end(if verified) AND date not inside explicit suspension interval,RESEARCH_PROXY: first observed price may define a LOW-confidence start only; never label it official listing,HIGH,LISTING_EVIDENCE_MISSING;DELISTING_STATUS_UNVERIFIED;FIRST_PRICE_IS_NOT_LISTING_DATE;PIT_MEMBERSHIP_NOT_FULLY_VERIFIED,Candidate interval only. Not enabled for engine.
BAUT,,,,UNKNOWN,,UNKNOWN,0,False,,,UNKNOWN,UNKNOWN,UNKNOWN,False,False,STRICT: date >= pit_start AND date <= pit_end(if verified) AND date not inside explicit suspension interval,RESEARCH_PROXY: first observed price may define a LOW-confidence start only; never label it official listing,HIGH,LISTING_EVIDENCE_MISSING;DELISTING_STATUS_UNVERIFIED;FIRST_PRICE_IS_NOT_LISTING_DATE;PIT_MEMBERSHIP_NOT_FULLY_VERIFIED,Candidate interval only. Not enabled for engine.
BAYU,,,,UNKNOWN,,UNKNOWN,0,False,,,UNKNOWN,UNKNOWN,UNKNOWN,False,False,STRICT: date >= pit_start AND date <= pit_end(if verified) AND date not inside explicit suspension interval,RESEARCH_PROXY: first observed price may define a LOW-confidence start only; never label it official listing,HIGH,LISTING_EVIDENCE_MISSING;DELISTING_STATUS_UNVERIFIED;FIRST_PRICE_IS_NOT_LISTING_DATE;PIT_MEMBERSHIP_NOT_FULLY_VERIFIED,Candidate interval only. Not enabled for engine.
BBCA,,,,UNKNOWN,,UNKNOWN,0,False,,,UNKNOWN,UNKNOWN,UNKNOWN,False,False,STRICT: date >= pit_start AND date <= pit_end(if verified) AND date not inside explicit suspension interval,RESEARCH_PROXY: first observed price may define a LOW-confidence start only; never label it official listing,HIGH,LISTING_EVIDENCE_MISSING;DELISTING_STATUS_UNVERIFIED;FIRST_PRICE_IS_NOT_LISTING_DATE;PIT_MEMBERSHIP_NOT_FULLY_VERIFIED,Candidate interval only. Not enabled for engine.
BBHI,,,,UNKNOWN,,UNKNOWN,0,False,,,UNKNOWN,UNKNOWN,UNKNOWN,False,False,STRICT: date >= pit_start AND date <= pit_end(if verified) AND date not inside explicit suspension interval,RESEARCH_PROXY: first observed price may define a LOW-confidence start only; never label it official listing,HIGH,LISTING_EVIDENCE_MISSING;DELISTING_STATUS_UNVERIFIED;FIRST_PRICE_IS_NOT_LISTING_DATE;PIT_MEMBERSHIP_NOT_FULLY_VERIFIED,Candidate interval only. Not enabled for engine.
BBKP,,,,UNKNOWN,,UNKNOWN,0,False,,,UNKNOWN,UNKNOWN,UNKNOWN,False,False,STRICT: date >= pit_start AND date <= pit_end(if verified) AND date not inside explicit suspension interval,RESEARCH_PROXY: first observed price may define a LOW-confidence start only; never label it official listing,HIGH,LISTING_EVIDENCE_MISSING;DELISTING_STATUS_UNVERIFIED;FIRST_PRICE_IS_NOT_LISTING_DATE;PIT_MEMBERSHIP_NOT_FULLY_VERIFIED,Candidate interval only. Not enabled for engine.
BBLD,,,,UNKNOWN,,UNKNOWN,0,False,,,UNKNOWN,UNKNOWN,UNKNOWN,False,False,STRICT: date >= pit_start AND date <= pit_end(if verified) AND date not inside explicit suspension interval,RESEARCH_PROXY: first observed price may define a LOW-confidence start only; never label it official listing,HIGH,LISTING_EVIDENCE_MISSING;DELISTING_STATUS_UNVERIFIED;FIRST_PRICE_IS_NOT_LISTING_DATE;PIT_MEMBERSHIP_NOT_FULLY_VERIFIED,Candidate interval only. Not enabled for engine.
BBMD,,,,UNKNOWN,,UNKNOWN,0,False,,,UNKNOWN,UNKNOWN,UNKNOWN,False,False,STRICT: date >= pit_start AND date <= pit_end(if verified) AND date not inside explicit suspension interval,RESEARCH_PROXY: first observed price may define a LOW-confidence start only; never label it official listing,HIGH,LISTING_EVIDENCE_MISSING;DELISTING_STATUS_UNVERIFIED;FIRST_PRICE_IS_NOT_LISTING_DATE;PIT_MEMBERSHIP_NOT_FULLY_VERIFIED,Candidate interval only. Not enabled for engine.
BBNI,,,,UNKNOWN,,UNKNOWN,0,False,,,UNKNOWN,UNKNOWN,UNKNOWN,False,False,STRICT: date >= pit_start AND date <= pit_end(if verified) AND date not inside explicit suspension interval,RESEARCH_PROXY: first observed price may define a LOW-confidence start only; never label it official listing,HIGH,LISTING_EVIDENCE_MISSING;DELISTING_STATUS_UNVERIFIED;FIRST_PRICE_IS_NOT_LISTING_DATE;PIT_MEMBERSHIP_NOT_FULLY_VERIFIED,Candidate interval only. Not enabled for engine.
BBRI,,,,UNKNOWN,,UNKNOWN,0,False,,,UNKNOWN,UNKNOWN,UNKNOWN,False,False,STRICT: date >= pit_start AND date <= pit_end(if verified) AND date not inside explicit suspension interval,RESEARCH_PROXY: first observed price may define a LOW-confidence start only; never label it official listing,HIGH,LISTING_EVIDENCE_MISSING;DELISTING_STATUS_UNVERIFIED;FIRST_PRICE_IS_NOT_LISTING_DATE;PIT_MEMBERSHIP_NOT_FULLY_VERIFIED,Candidate interval only. Not enabled for engine.
BBRM,,,,UNKNOWN,,UNKNOWN,0,False,,,UNKNOWN,UNKNOWN,UNKNOWN,False,False,STRICT: date >= pit_start AND date <= pit_end(if verified) AND date not inside explicit suspension interval,RESEARCH_PROXY: first observed price may define a LOW-confidence start only; never label it official listing,HIGH,LISTING_EVIDENCE_MISSING;DELISTING_STATUS_UNVERIFIED;FIRST_PRICE_IS_NOT_LISTING_DATE;PIT_MEMBERSHIP_NOT_FULLY_VERIFIED,Candidate interval only. Not enabled for engine.
BBSI,,,,UNKNOWN,,UNKNOWN,0,False,,,UNKNOWN,UNKNOWN,UNKNOWN,False,False,STRICT: date >= pit_start AND date <= pit_end(if verified) AND date not inside explicit suspension interval,RESEARCH_PROXY: first observed price may define a LOW-confidence start only; never label it official listing,HIGH,LISTING_EVIDENCE_MISSING;DELISTING_STATUS_UNVERIFIED;FIRST_PRICE_IS_NOT_LISTING_DATE;PIT_MEMBERSHIP_NOT_FULLY_VERIFIED,Candidate interval only. Not enabled for engine.
BBSS,,,,UNKNOWN,,UNKNOWN,0,False,,,UNKNOWN,UNKNOWN,UNKNOWN,False,False,STRICT: date >= pit_start AND date <= pit_end(if verified) AND date not inside explicit suspension interval,RESEARCH_PROXY: first observed price may define a LOW-confidence start only; never label it official listing,HIGH,LISTING_EVIDENCE_MISSING;DELISTING_STATUS_UNVERIFIED;FIRST_PRICE_IS_NOT_LISTING_DATE;PIT_MEMBERSHIP_NOT_FULLY_VERIFIED,Candidate interval only. Not enabled for engine.
BBTN,,,,UNKNOWN,,UNKNOWN,0,False,,,UNKNOWN,UNKNOWN,UNKNOWN,False,False,STRICT: date >= pit_start AND date <= pit_end(if verified) AND date not inside explicit suspension interval,RESEARCH_PROXY: first observed price may define a LOW-confidence start only; never label it official listing,HIGH,LISTING_EVIDENCE_MISSING;DELISTING_STATUS_UNVERIFIED;FIRST_PRICE_IS_NOT_LISTING_DATE;PIT_MEMBERSHIP_NOT_FULLY_VERIFIED,Candidate interval only. Not enabled for engine.
BBYB,,,,UNKNOWN,,UNKNOWN,0,False,,,UNKNOWN,UNKNOWN,UNKNOWN,False,False,STRICT: date >= pit_start AND date <= pit_end(if verified) AND date not inside explicit suspension interval,RESEARCH_PROXY: first observed price may define a LOW-confidence start only; never label it official listing,HIGH,LISTING_EVIDENCE_MISSING;DELISTING_STATUS_UNVERIFIED;FIRST_PRICE_IS_NOT_LISTING_DATE;PIT_MEMBERSHIP_NOT_FULLY_VERIFIED,Candidate interval only. Not enabled for engine.
BCAP,,,,UNKNOWN,,UNKNOWN,0,False,,,UNKNOWN,UNKNOWN,UNKNOWN,False,False,STRICT: date >= pit_start AND date <= pit_end(if verified) AND date not inside explicit suspension interval,RESEARCH_PROXY: first observed price may define a LOW-confidence start only; never label it official listing,HIGH,LISTING_EVIDENCE_MISSING;DELISTING_STATUS_UNVERIFIED;FIRST_PRICE_IS_NOT_LISTING_DATE;PIT_MEMBERSHIP_NOT_FULLY_VERIFIED,Candidate interval only. Not enabled for engine.
BCIC,,,,UNKNOWN,,UNKNOWN,0,False,,,UNKNOWN,UNKNOWN,UNKNOWN,False,False,STRICT: date >= pit_start AND date <= pit_end(if verified) AND date not inside explicit suspension interval,RESEARCH_PROXY: first observed price may define a LOW-confidence start only; never label it official listing,HIGH,LISTING_EVIDENCE_MISSING;DELISTING_STATUS_UNVERIFIED;FIRST_PRICE_IS_NOT_LISTING_DATE;PIT_MEMBERSHIP_NOT_FULLY_VERIFIED,Candidate interval only. Not enabled for engine.
BCIP,,,,UNKNOWN,,UNKNOWN,0,False,,,UNKNOWN,UNKNOWN,UNKNOWN,False,False,STRICT: date >= pit_start AND date <= pit_end(if verified) AND date not inside explicit suspension interval,RESEARCH_PROXY: first observed price may define a LOW-confidence start only; never label it official listing,HIGH,LISTING_EVIDENCE_MISSING;DELISTING_STATUS_UNVERIFIED;FIRST_PRICE_IS_NOT_LISTING_DATE;PIT_MEMBERSHIP_NOT_FULLY_VERIFIED,Candidate interval only. Not enabled for engine.
BDKR,,,,UNKNOWN,,UNKNOWN,0,False,,,UNKNOWN,UNKNOWN,UNKNOWN,False,False,STRICT: date >= pit_start AND date <= pit_end(if verified) AND date not inside explicit suspension interval,RESEARCH_PROXY: first observed price may define a LOW-confidence start only; never label it official listing,HIGH,LISTING_EVIDENCE_MISSING;DELISTING_STATUS_UNVERIFIED;FIRST_PRICE_IS_NOT_LISTING_DATE;PIT_MEMBERSHIP_NOT_FULLY_VERIFIED,Candidate interval only. Not enabled for engine.
BDMN,,,,UNKNOWN,,UNKNOWN,0,False,,,UNKNOWN,UNKNOWN,UNKNOWN,False,False,STRICT: date >= pit_start AND date <= pit_end(if verified) AND date not inside explicit suspension interval,RESEARCH_PROXY: first observed price may define a LOW-confidence start only; never label it official listing,HIGH,LISTING_EVIDENCE_MISSING;DELISTING_STATUS_UNVERIFIED;FIRST_PRICE_IS_NOT_LISTING_DATE;PIT_MEMBERSHIP_NOT_FULLY_VERIFIED,Candidate interval only. Not enabled for engine.
BEBS,,,,UNKNOWN,,UNKNOWN,0,False,,,UNKNOWN,UNKNOWN,UNKNOWN,False,False,STRICT: date >= pit_start AND date <= pit_end(if verified) AND date not inside explicit suspension interval,RESEARCH_PROXY: first observed price may define a LOW-confidence start only; never label it official listing,HIGH,LISTING_EVIDENCE_MISSING;DELISTING_STATUS_UNVERIFIED;FIRST_PRICE_IS_NOT_LISTING_DATE;PIT_MEMBERSHIP_NOT_FULLY_VERIFIED,Candidate interval only. Not enabled for engine.
BEEF,,,,UNKNOWN,,UNKNOWN,0,False,,,UNKNOWN,UNKNOWN,UNKNOWN,False,False,STRICT: date >= pit_start AND date <= pit_end(if verified) AND date not inside explicit suspension interval,RESEARCH_PROXY: first observed price may define a LOW-confidence start only; never label it official listing,HIGH,LISTING_EVIDENCE_MISSING;DELISTING_STATUS_UNVERIFIED;FIRST_PRICE_IS_NOT_LISTING_DATE;PIT_MEMBERSHIP_NOT_FULLY_VERIFIED,Candidate interval only. Not enabled for engine.
BEER,,,,UNKNOWN,,UNKNOWN,0,False,,,UNKNOWN,UNKNOWN,UNKNOWN,False,False,STRICT: date >= pit_start AND date <= pit_end(if verified) AND date not inside explicit suspension interval,RESEARCH_PROXY: first observed price may define a LOW-confidence start only; never label it official listing,HIGH,LISTING_EVIDENCE_MISSING;DELISTING_STATUS_UNVERIFIED;FIRST_PRICE_IS_NOT_LISTING_DATE;PIT_MEMBERSHIP_NOT_FULLY_VERIFIED,Candidate interval only. Not enabled for engine.
BEKS,,,,UNKNOWN,,UNKNOWN,0,False,,,UNKNOWN,UNKNOWN,UNKNOWN,False,False,STRICT: date >= pit_start AND date <= pit_end(if verified) AND date not inside explicit suspension interval,RESEARCH_PROXY: first observed price may define a LOW-confidence start only; never label it official listing,HIGH,LISTING_EVIDENCE_MISSING;DELISTING_STATUS_UNVERIFIED;FIRST_PRICE_IS_NOT_LISTING_DATE;PIT_MEMBERSHIP_NOT_FULLY_VERIFIED,Candidate interval only. Not enabled for engine.
BELI,,,,UNKNOWN,,UNKNOWN,0,False,,,UNKNOWN,UNKNOWN,UNKNOWN,False,False,STRICT: date >= pit_start AND date <= pit_end(if verified) AND date not inside explicit suspension interval,RESEARCH_PROXY: first observed price may define a LOW-confidence start only; never label it official listing,HIGH,LISTING_EVIDENCE_MISSING;DELISTING_STATUS_UNVERIFIED;FIRST_PRICE_IS_NOT_LISTING_DATE;PIT_MEMBERSHIP_NOT_FULLY_VERIFIED,Candidate interval only. Not enabled for engine.
BELL,,,,UNKNOWN,,UNKNOWN,0,False,,,UNKNOWN,UNKNOWN,UNKNOWN,False,False,STRICT: date >= pit_start AND date <= pit_end(if verified) AND date not inside explicit suspension interval,RESEARCH_PROXY: first observed price may define a LOW-confidence start only; never label it official listing,HIGH,LISTING_EVIDENCE_MISSING;DELISTING_STATUS_UNVERIFIED;FIRST_PRICE_IS_NOT_LISTING_DATE;PIT_MEMBERSHIP_NOT_FULLY_VERIFIED,Candidate interval only. Not enabled for engine.
BESS,,,,UNKNOWN,,UNKNOWN,0,False,,,UNKNOWN,UNKNOWN,UNKNOWN,False,False,STRICT: date >= pit_start AND date <= pit_end(if verified) AND date not inside explicit suspension interval,RESEARCH_PROXY: first observed price may define a LOW-confidence start only; never label it official listing,HIGH,LISTING_EVIDENCE_MISSING;DELISTING_STATUS_UNVERIFIED;FIRST_PRICE_IS_NOT_LISTING_DATE;PIT_MEMBERSHIP_NOT_FULLY_VERIFIED,Candidate interval only. Not enabled for engine.
BEST,,,,UNKNOWN,,UNKNOWN,0,False,,,UNKNOWN,UNKNOWN,UNKNOWN,False,False,STRICT: date >= pit_start AND date <= pit_end(if verified) AND date not inside explicit suspension interval,RESEARCH_PROXY: first observed price may define a LOW-confidence start only; never label it official listing,HIGH,LISTING_EVIDENCE_MISSING;DELISTING_STATUS_UNVERIFIED;FIRST_PRICE_IS_NOT_LISTING_DATE;PIT_MEMBERSHIP_NOT_FULLY_VERIFIED,Candidate interval only. Not enabled for engine.
BFIN,,,,UNKNOWN,,UNKNOWN,0,False,,,UNKNOWN,UNKNOWN,UNKNOWN,False,False,STRICT: date >= pit_start AND date <= pit_end(if verified) AND date not inside explicit suspension interval,RESEARCH_PROXY: first observed price may define a LOW-confidence start only; never label it official listing,HIGH,LISTING_EVIDENCE_MISSING;DELISTING_STATUS_UNVERIFIED;FIRST_PRICE_IS_NOT_LISTING_DATE;PIT_MEMBERSHIP_NOT_FULLY_VERIFIED,Candidate interval only. Not enabled for engine.
BGTG,,,,UNKNOWN,,UNKNOWN,0,False,,,UNKNOWN,UNKNOWN,UNKNOWN,False,False,STRICT: date >= pit_start AND date <= pit_end(if verified) AND date not inside explicit suspension interval,RESEARCH_PROXY: first observed price may define a LOW-confidence start only; never label it official listing,HIGH,LISTING_EVIDENCE_MISSING;DELISTING_STATUS_UNVERIFIED;FIRST_PRICE_IS_NOT_LISTING_DATE;PIT_MEMBERSHIP_NOT_FULLY_VERIFIED,Candidate interval only. Not enabled for engine.
BHAT,,,,UNKNOWN,,UNKNOWN,0,False,,,UNKNOWN,UNKNOWN,UNKNOWN,False,False,STRICT: date >= pit_start AND date <= pit_end(if verified) AND date not inside explicit suspension interval,RESEARCH_PROXY: first observed price may define a LOW-confidence start only; never label it official listing,HIGH,LISTING_EVIDENCE_MISSING;DELISTING_STATUS_UNVERIFIED;FIRST_PRICE_IS_NOT_LISTING_DATE;PIT_MEMBERSHIP_NOT_FULLY_VERIFIED,Candidate interval only. Not enabled for engine.
BHIT,,,,UNKNOWN,,UNKNOWN,0,False,,,UNKNOWN,UNKNOWN,UNKNOWN,False,False,STRICT: date >= pit_start AND date <= pit_end(if verified) AND date not inside explicit suspension interval,RESEARCH_PROXY: first observed price may define a LOW-confidence start only; never label it official listing,HIGH,LISTING_EVIDENCE_MISSING;DELISTING_STATUS_UNVERIFIED;FIRST_PRICE_IS_NOT_LISTING_DATE;PIT_MEMBERSHIP_NOT_FULLY_VERIFIED,Candidate interval only. Not enabled for engine.
BIKA,,,,UNKNOWN,,UNKNOWN,0,False,,,UNKNOWN,UNKNOWN,UNKNOWN,False,False,STRICT: date >= pit_start AND date <= pit_end(if verified) AND date not inside explicit suspension interval,RESEARCH_PROXY: first observed price may define a LOW-confidence start only; never label it official listing,HIGH,LISTING_EVIDENCE_MISSING;DELISTING_STATUS_UNVERIFIED;FIRST_PRICE_IS_NOT_LISTING_DATE;PIT_MEMBERSHIP_NOT_FULLY_VERIFIED,Candidate interval only. Not enabled for engine.
BIKE,,,,UNKNOWN,,UNKNOWN,0,False,,,UNKNOWN,UNKNOWN,UNKNOWN,False,False,STRICT: date >= pit_start AND date <= pit_end(if verified) AND date not inside explicit suspension interval,RESEARCH_PROXY: first observed price may define a LOW-confidence start only; never label it official listing,HIGH,LISTING_EVIDENCE_MISSING;DELISTING_STATUS_UNVERIFIED;FIRST_PRICE_IS_NOT_LISTING_DATE;PIT_MEMBERSHIP_NOT_FULLY_VERIFIED,Candidate interval only. Not enabled for engine.
BIMA,,,,UNKNOWN,,UNKNOWN,0,False,,,UNKNOWN,UNKNOWN,UNKNOWN,False,False,STRICT: date >= pit_start AND date <= pit_end(if verified) AND date not inside explicit suspension interval,RESEARCH_PROXY: first observed price may define a LOW-confidence start only; never label it official listing,HIGH,LISTING_EVIDENCE_MISSING;DELISTING_STATUS_UNVERIFIED;FIRST_PRICE_IS_NOT_LISTING_DATE;PIT_MEMBERSHIP_NOT_FULLY_VERIFIED,Candidate interval only. Not enabled for engine.
BINA,,,,UNKNOWN,,UNKNOWN,0,False,,,UNKNOWN,UNKNOWN,UNKNOWN,False,False,STRICT: date >= pit_start AND date <= pit_end(if verified) AND date not inside explicit suspension interval,RESEARCH_PROXY: first observed price may define a LOW-confidence start only; never label it official listing,HIGH,LISTING_EVIDENCE_MISSING;DELISTING_STATUS_UNVERIFIED;FIRST_PRICE_IS_NOT_LISTING_DATE;PIT_MEMBERSHIP_NOT_FULLY_VERIFIED,Candidate interval only. Not enabled for engine.
BINO,,,,UNKNOWN,,UNKNOWN,0,False,,,UNKNOWN,UNKNOWN,UNKNOWN,False,False,STRICT: date >= pit_start AND date <= pit_end(if verified) AND date not inside explicit suspension interval,RESEARCH_PROXY: first observed price may define a LOW-confidence start only; never label it official listing,HIGH,LISTING_EVIDENCE_MISSING;DELISTING_STATUS_UNVERIFIED;FIRST_PRICE_IS_NOT_LISTING_DATE;PIT_MEMBERSHIP_NOT_FULLY_VERIFIED,Candidate interval only. Not enabled for engine.
BIPI,,,,UNKNOWN,,UNKNOWN,0,False,,,UNKNOWN,UNKNOWN,UNKNOWN,False,False,STRICT: date >= pit_start AND date <= pit_end(if verified) AND date not inside explicit suspension interval,RESEARCH_PROXY: first observed price may define a LOW-confidence start only; never label it official listing,HIGH,LISTING_EVIDENCE_MISSING;DELISTING_STATUS_UNVERIFIED;FIRST_PRICE_IS_NOT_LISTING_DATE;PIT_MEMBERSHIP_NOT_FULLY_VERIFIED,Candidate interval only. Not enabled for engine.
BIPP,,,,UNKNOWN,,UNKNOWN,0,False,,,UNKNOWN,UNKNOWN,UNKNOWN,False,False,STRICT: date >= pit_start AND date <= pit_end(if verified) AND date not inside explicit suspension interval,RESEARCH_PROXY: first observed price may define a LOW-confidence start only; never label it official listing,HIGH,LISTING_EVIDENCE_MISSING;DELISTING_STATUS_UNVERIFIED;FIRST_PRICE_IS_NOT_LISTING_DATE;PIT_MEMBERSHIP_NOT_FULLY_VERIFIED,Candidate interval only. Not enabled for engine.
BIRD,,,,UNKNOWN,,UNKNOWN,0,False,,,UNKNOWN,UNKNOWN,UNKNOWN,False,False,STRICT: date >= pit_start AND date <= pit_end(if verified) AND date not inside explicit suspension interval,RESEARCH_PROXY: first observed price may define a LOW-confidence start only; never label it official listing,HIGH,LISTING_EVIDENCE_MISSING;DELISTING_STATUS_UNVERIFIED;FIRST_PRICE_IS_NOT_LISTING_DATE;PIT_MEMBERSHIP_NOT_FULLY_VERIFIED,Candidate interval only. Not enabled for engine.
BISI,,,,UNKNOWN,,UNKNOWN,0,False,,,UNKNOWN,UNKNOWN,UNKNOWN,False,False,STRICT: date >= pit_start AND date <= pit_end(if verified) AND date not inside explicit suspension interval,RESEARCH_PROXY: first observed price may define a LOW-confidence start only; never label it official listing,HIGH,LISTING_EVIDENCE_MISSING;DELISTING_STATUS_UNVERIFIED;FIRST_PRICE_IS_NOT_LISTING_DATE;PIT_MEMBERSHIP_NOT_FULLY_VERIFIED,Candidate interval only. Not enabled for engine.
BJBR,,,,UNKNOWN,,UNKNOWN,0,False,,,UNKNOWN,UNKNOWN,UNKNOWN,False,False,STRICT: date >= pit_start AND date <= pit_end(if verified) AND date not inside explicit suspension interval,RESEARCH_PROXY: first observed price may define a LOW-confidence start only; never label it official listing,HIGH,LISTING_EVIDENCE_MISSING;DELISTING_STATUS_UNVERIFIED;FIRST_PRICE_IS_NOT_LISTING_DATE;PIT_MEMBERSHIP_NOT_FULLY_VERIFIED,Candidate interval only. Not enabled for engine.
BJTM,,,,UNKNOWN,,UNKNOWN,0,False,,,UNKNOWN,UNKNOWN,UNKNOWN,False,False,STRICT: date >= pit_start AND date <= pit_end(if verified) AND date not inside explicit suspension interval,RESEARCH_PROXY: first observed price may define a LOW-confidence start only; never label it official listing,HIGH,LISTING_EVIDENCE_MISSING;DELISTING_STATUS_UNVERIFIED;FIRST_PRICE_IS_NOT_LISTING_DATE;PIT_MEMBERSHIP_NOT_FULLY_VERIFIED,Candidate interval only. Not enabled for engine.
BKDP,,,,UNKNOWN,,UNKNOWN,0,False,,,UNKNOWN,UNKNOWN,UNKNOWN,False,False,STRICT: date >= pit_start AND date <= pit_end(if verified) AND date not inside explicit suspension interval,RESEARCH_PROXY: first observed price may define a LOW-confidence start only; never label it official listing,HIGH,LISTING_EVIDENCE_MISSING;DELISTING_STATUS_UNVERIFIED;FIRST_PRICE_IS_NOT_LISTING_DATE;PIT_MEMBERSHIP_NOT_FULLY_VERIFIED,Candidate interval only. Not enabled for engine.
BKSL,,,,UNKNOWN,,UNKNOWN,0,False,,,UNKNOWN,UNKNOWN,UNKNOWN,False,False,STRICT: date >= pit_start AND date <= pit_end(if verified) AND date not inside explicit suspension interval,RESEARCH_PROXY: first observed price may define a LOW-confidence start only; never label it official listing,HIGH,LISTING_EVIDENCE_MISSING;DELISTING_STATUS_UNVERIFIED;FIRST_PRICE_IS_NOT_LISTING_DATE;PIT_MEMBERSHIP_NOT_FULLY_VERIFIED,Candidate interval only. Not enabled for engine.
BKSW,,,,UNKNOWN,,UNKNOWN,0,False,,,UNKNOWN,UNKNOWN,UNKNOWN,False,False,STRICT: date >= pit_start AND date <= pit_end(if verified) AND date not inside explicit suspension interval,RESEARCH_PROXY: first observed price may define a LOW-confidence start only; never label it official listing,HIGH,LISTING_EVIDENCE_MISSING;DELISTING_STATUS_UNVERIFIED;FIRST_PRICE_IS_NOT_LISTING_DATE;PIT_MEMBERSHIP_NOT_FULLY_VERIFIED,Candidate interval only. Not enabled for engine.
BLES,,,,UNKNOWN,,UNKNOWN,0,False,,,UNKNOWN,UNKNOWN,UNKNOWN,False,False,STRICT: date >= pit_start AND date <= pit_end(if verified) AND date not inside explicit suspension interval,RESEARCH_PROXY: first observed price may define a LOW-confidence start only; never label it official listing,HIGH,LISTING_EVIDENCE_MISSING;DELISTING_STATUS_UNVERIFIED;FIRST_PRICE_IS_NOT_LISTING_DATE;PIT_MEMBERSHIP_NOT_FULLY_VERIFIED,Candidate interval only. Not enabled for engine.
BLOG,,,,UNKNOWN,,UNKNOWN,0,False,,,UNKNOWN,UNKNOWN,UNKNOWN,False,False,STRICT: date >= pit_start AND date <= pit_end(if verified) AND date not inside explicit suspension interval,RESEARCH_PROXY: first observed price may define a LOW-confidence start only; never label it official listing,HIGH,LISTING_EVIDENCE_MISSING;DELISTING_STATUS_UNVERIFIED;FIRST_PRICE_IS_NOT_LISTING_DATE;PIT_MEMBERSHIP_NOT_FULLY_VERIFIED,Candidate interval only. Not enabled for engine.
BLTA,,,,UNKNOWN,,UNKNOWN,0,False,,,UNKNOWN,UNKNOWN,UNKNOWN,False,False,STRICT: date >= pit_start AND date <= pit_end(if verified) AND date not inside explicit suspension interval,RESEARCH_PROXY: first observed price may define a LOW-confidence start only; never label it official listing,HIGH,LISTING_EVIDENCE_MISSING;DELISTING_STATUS_UNVERIFIED;FIRST_PRICE_IS_NOT_LISTING_DATE;PIT_MEMBERSHIP_NOT_FULLY_VERIFIED,Candidate interval only. Not enabled for engine.
BLTZ,,,,UNKNOWN,,UNKNOWN,0,False,,,UNKNOWN,UNKNOWN,UNKNOWN,False,False,STRICT: date >= pit_start AND date <= pit_end(if verified) AND date not inside explicit suspension interval,RESEARCH_PROXY: first observed price may define a LOW-confidence start only; never label it official listing,HIGH,LISTING_EVIDENCE_MISSING;DELISTING_STATUS_UNVERIFIED;FIRST_PRICE_IS_NOT_LISTING_DATE;PIT_MEMBERSHIP_NOT_FULLY_VERIFIED,Candidate interval only. Not enabled for engine.
BLUE,,,,UNKNOWN,,UNKNOWN,0,False,,,UNKNOWN,UNKNOWN,UNKNOWN,False,False,STRICT: date >= pit_start AND date <= pit_end(if verified) AND date not inside explicit suspension interval,RESEARCH_PROXY: first observed price may define a LOW-confidence start only; never label it official listing,HIGH,LISTING_EVIDENCE_MISSING;DELISTING_STATUS_UNVERIFIED;FIRST_PRICE_IS_NOT_LISTING_DATE;PIT_MEMBERSHIP_NOT_FULLY_VERIFIED,Candidate interval only. Not enabled for engine.
BMAS,,,,UNKNOWN,,UNKNOWN,0,False,,,UNKNOWN,UNKNOWN,UNKNOWN,False,False,STRICT: date >= pit_start AND date <= pit_end(if verified) AND date not inside explicit suspension interval,RESEARCH_PROXY: first observed price may define a LOW-confidence start only; never label it official listing,HIGH,LISTING_EVIDENCE_MISSING;DELISTING_STATUS_UNVERIFIED;FIRST_PRICE_IS_NOT_LISTING_DATE;PIT_MEMBERSHIP_NOT_FULLY_VERIFIED,Candidate interval only. Not enabled for engine.
BMBL,,,,UNKNOWN,,UNKNOWN,0,False,,,UNKNOWN,UNKNOWN,UNKNOWN,False,False,STRICT: date >= pit_start AND date <= pit_end(if verified) AND date not inside explicit suspension interval,RESEARCH_PROXY: first observed price may define a LOW-confidence start only; never label it official listing,HIGH,LISTING_EVIDENCE_MISSING;DELISTING_STATUS_UNVERIFIED;FIRST_PRICE_IS_NOT_LISTING_DATE;PIT_MEMBERSHIP_NOT_FULLY_VERIFIED,Candidate interval only. Not enabled for engine.
BMHS,,,,UNKNOWN,,UNKNOWN,0,False,,,UNKNOWN,UNKNOWN,UNKNOWN,False,False,STRICT: date >= pit_start AND date <= pit_end(if verified) AND date not inside explicit suspension interval,RESEARCH_PROXY: first observed price may define a LOW-confidence start only; never label it official listing,HIGH,LISTING_EVIDENCE_MISSING;DELISTING_STATUS_UNVERIFIED;FIRST_PRICE_IS_NOT_LISTING_DATE;PIT_MEMBERSHIP_NOT_FULLY_VERIFIED,Candidate interval only. Not enabled for engine.
BMRI,,,,UNKNOWN,,UNKNOWN,0,False,,,UNKNOWN,UNKNOWN,UNKNOWN,False,False,STRICT: date >= pit_start AND date <= pit_end(if verified) AND date not inside explicit suspension interval,RESEARCH_PROXY: first observed price may define a LOW-confidence start only; never label it official listing,HIGH,LISTING_EVIDENCE_MISSING;DELISTING_STATUS_UNVERIFIED;FIRST_PRICE_IS_NOT_LISTING_DATE;PIT_MEMBERSHIP_NOT_FULLY_VERIFIED,Candidate interval only. Not enabled for engine.
BMSR,,,,UNKNOWN,,UNKNOWN,0,False,,,UNKNOWN,UNKNOWN,UNKNOWN,False,False,STRICT: date >= pit_start AND date <= pit_end(if verified) AND date not inside explicit suspension interval,RESEARCH_PROXY: first observed price may define a LOW-confidence start only; never label it official listing,HIGH,LISTING_EVIDENCE_MISSING;DELISTING_STATUS_UNVERIFIED;FIRST_PRICE_IS_NOT_LISTING_DATE;PIT_MEMBERSHIP_NOT_FULLY_VERIFIED,Candidate interval only. Not enabled for engine.
BMTR,,,,UNKNOWN,,UNKNOWN,0,False,,,UNKNOWN,UNKNOWN,UNKNOWN,False,False,STRICT: date >= pit_start AND date <= pit_end(if verified) AND date not inside explicit suspension interval,RESEARCH_PROXY: first observed price may define a LOW-confidence start only; never label it official listing,HIGH,LISTING_EVIDENCE_MISSING;DELISTING_STATUS_UNVERIFIED;FIRST_PRICE_IS_NOT_LISTING_DATE;PIT_MEMBERSHIP_NOT_FULLY_VERIFIED,Candidate interval only. Not enabled for engine.
BNBA,,,,UNKNOWN,,UNKNOWN,0,False,,,UNKNOWN,UNKNOWN,UNKNOWN,False,False,STRICT: date >= pit_start AND date <= pit_end(if verified) AND date not inside explicit suspension interval,RESEARCH_PROXY: first observed price may define a LOW-confidence start only; never label it official listing,HIGH,LISTING_EVIDENCE_MISSING;DELISTING_STATUS_UNVERIFIED;FIRST_PRICE_IS_NOT_LISTING_DATE;PIT_MEMBERSHIP_NOT_FULLY_VERIFIED,Candidate interval only. Not enabled for engine.
BNBR,,,,UNKNOWN,,UNKNOWN,0,False,,,UNKNOWN,UNKNOWN,UNKNOWN,False,False,STRICT: date >= pit_start AND date <= pit_end(if verified) AND date not inside explicit suspension interval,RESEARCH_PROXY: first observed price may define a LOW-confidence start only; never label it official listing,HIGH,LISTING_EVIDENCE_MISSING;DELISTING_STATUS_UNVERIFIED;FIRST_PRICE_IS_NOT_LISTING_DATE;PIT_MEMBERSHIP_NOT_FULLY_VERIFIED,Candidate interval only. Not enabled for engine.
BNGA,,,,UNKNOWN,,UNKNOWN,0,False,,,UNKNOWN,UNKNOWN,UNKNOWN,False,False,STRICT: date >= pit_start AND date <= pit_end(if verified) AND date not inside explicit suspension interval,RESEARCH_PROXY: first observed price may define a LOW-confidence start only; never label it official listing,HIGH,LISTING_EVIDENCE_MISSING;DELISTING_STATUS_UNVERIFIED;FIRST_PRICE_IS_NOT_LISTING_DATE;PIT_MEMBERSHIP_NOT_FULLY_VERIFIED,Candidate interval only. Not enabled for engine.
BNII,,,,UNKNOWN,,UNKNOWN,0,False,,,UNKNOWN,UNKNOWN,UNKNOWN,False,False,STRICT: date >= pit_start AND date <= pit_end(if verified) AND date not inside explicit suspension interval,RESEARCH_PROXY: first observed price may define a LOW-confidence start only; never label it official listing,HIGH,LISTING_EVIDENCE_MISSING;DELISTING_STATUS_UNVERIFIED;FIRST_PRICE_IS_NOT_LISTING_DATE;PIT_MEMBERSHIP_NOT_FULLY_VERIFIED,Candidate interval only. Not enabled for engine.
BNLI,,,,UNKNOWN,,UNKNOWN,0,False,,,UNKNOWN,UNKNOWN,UNKNOWN,False,False,STRICT: date >= pit_start AND date <= pit_end(if verified) AND date not inside explicit suspension interval,RESEARCH_PROXY: first observed price may define a LOW-confidence start only; never label it official listing,HIGH,LISTING_EVIDENCE_MISSING;DELISTING_STATUS_UNVERIFIED;FIRST_PRICE_IS_NOT_LISTING_DATE;PIT_MEMBERSHIP_NOT_FULLY_VERIFIED,Candidate interval only. Not enabled for engine.
BOAT,,,,UNKNOWN,,UNKNOWN,0,False,,,UNKNOWN,UNKNOWN,UNKNOWN,False,False,STRICT: date >= pit_start AND date <= pit_end(if verified) AND date not inside explicit suspension interval,RESEARCH_PROXY: first observed price may define a LOW-confidence start only; never label it official listing,HIGH,LISTING_EVIDENCE_MISSING;DELISTING_STATUS_UNVERIFIED;FIRST_PRICE_IS_NOT_LISTING_DATE;PIT_MEMBERSHIP_NOT_FULLY_VERIFIED,Candidate interval only. Not enabled for engine.
BOBA,,,,UNKNOWN,,UNKNOWN,0,False,,,UNKNOWN,UNKNOWN,UNKNOWN,False,False,STRICT: date >= pit_start AND date <= pit_end(if verified) AND date not inside explicit suspension interval,RESEARCH_PROXY: first observed price may define a LOW-confidence start only; never label it official listing,HIGH,LISTING_EVIDENCE_MISSING;DELISTING_STATUS_UNVERIFIED;FIRST_PRICE_IS_NOT_LISTING_DATE;PIT_MEMBERSHIP_NOT_FULLY_VERIFIED,Candidate interval only. Not enabled for engine.
BOGA,,,,UNKNOWN,,UNKNOWN,0,False,,,UNKNOWN,UNKNOWN,UNKNOWN,False,False,STRICT: date >= pit_start AND date <= pit_end(if verified) AND date not inside explicit suspension interval,RESEARCH_PROXY: first observed price may define a LOW-confidence start only; never label it official listing,HIGH,LISTING_EVIDENCE_MISSING;DELISTING_STATUS_UNVERIFIED;FIRST_PRICE_IS_NOT_LISTING_DATE;PIT_MEMBERSHIP_NOT_FULLY_VERIFIED,Candidate interval only. Not enabled for engine.
BOLA,,,,UNKNOWN,,UNKNOWN,0,False,,,UNKNOWN,UNKNOWN,UNKNOWN,False,False,STRICT: date >= pit_start AND date <= pit_end(if verified) AND date not inside explicit suspension interval,RESEARCH_PROXY: first observed price may define a LOW-confidence start only; never label it official listing,HIGH,LISTING_EVIDENCE_MISSING;DELISTING_STATUS_UNVERIFIED;FIRST_PRICE_IS_NOT_LISTING_DATE;PIT_MEMBERSHIP_NOT_FULLY_VERIFIED,Candidate interval only. Not enabled for engine.
BOLT,,,,UNKNOWN,,UNKNOWN,0,False,,,UNKNOWN,UNKNOWN,UNKNOWN,False,False,STRICT: date >= pit_start AND date <= pit_end(if verified) AND date not inside explicit suspension interval,RESEARCH_PROXY: first observed price may define a LOW-confidence start only; never label it official listing,HIGH,LISTING_EVIDENCE_MISSING;DELISTING_STATUS_UNVERIFIED;FIRST_PRICE_IS_NOT_LISTING_DATE;PIT_MEMBERSHIP_NOT_FULLY_VERIFIED,Candidate interval only. Not enabled for engine.
BOSS,,,,UNKNOWN,,UNKNOWN,0,False,,,UNKNOWN,UNKNOWN,UNKNOWN,False,False,STRICT: date >= pit_start AND date <= pit_end(if verified) AND date not inside explicit suspension interval,RESEARCH_PROXY: first observed price may define a LOW-confidence start only; never label it official listing,HIGH,LISTING_EVIDENCE_MISSING;DELISTING_STATUS_UNVERIFIED;FIRST_PRICE_IS_NOT_LISTING_DATE;PIT_MEMBERSHIP_NOT_FULLY_VERIFIED,Candidate interval only. Not enabled for engine.
BPFI,,,,UNKNOWN,,UNKNOWN,0,False,,,UNKNOWN,UNKNOWN,UNKNOWN,False,False,STRICT: date >= pit_start AND date <= pit_end(if verified) AND date not inside explicit suspension interval,RESEARCH_PROXY: first observed price may define a LOW-confidence start only; never label it official listing,HIGH,LISTING_EVIDENCE_MISSING;DELISTING_STATUS_UNVERIFIED;FIRST_PRICE_IS_NOT_LISTING_DATE;PIT_MEMBERSHIP_NOT_FULLY_VERIFIED,Candidate interval only. Not enabled for engine.
BPII,,,,UNKNOWN,,UNKNOWN,0,False,,,UNKNOWN,UNKNOWN,UNKNOWN,False,False,STRICT: date >= pit_start AND date <= pit_end(if verified) AND date not inside explicit suspension interval,RESEARCH_PROXY: first observed price may define a LOW-confidence start only; never label it official listing,HIGH,LISTING_EVIDENCE_MISSING;DELISTING_STATUS_UNVERIFIED;FIRST_PRICE_IS_NOT_LISTING_DATE;PIT_MEMBERSHIP_NOT_FULLY_VERIFIED,Candidate interval only. Not enabled for engine.
BPTR,,,,UNKNOWN,,UNKNOWN,0,False,,,UNKNOWN,UNKNOWN,UNKNOWN,False,False,STRICT: date >= pit_start AND date <= pit_end(if verified) AND date not inside explicit suspension interval,RESEARCH_PROXY: first observed price may define a LOW-confidence start only; never label it official listing,HIGH,LISTING_EVIDENCE_MISSING;DELISTING_STATUS_UNVERIFIED;FIRST_PRICE_IS_NOT_LISTING_DATE;PIT_MEMBERSHIP_NOT_FULLY_VERIFIED,Candidate interval only. Not enabled for engine.
BRAM,,,,UNKNOWN,,UNKNOWN,0,False,,,UNKNOWN,UNKNOWN,UNKNOWN,False,False,STRICT: date >= pit_start AND date <= pit_end(if verified) AND date not inside explicit suspension interval,RESEARCH_PROXY: first observed price may define a LOW-confidence start only; never label it official listing,HIGH,LISTING_EVIDENCE_MISSING;DELISTING_STATUS_UNVERIFIED;FIRST_PRICE_IS_NOT_LISTING_DATE;PIT_MEMBERSHIP_NOT_FULLY_VERIFIED,Candidate interval only. Not enabled for engine.
BREN,,,,UNKNOWN,,UNKNOWN,0,False,,,UNKNOWN,UNKNOWN,UNKNOWN,False,False,STRICT: date >= pit_start AND date <= pit_end(if verified) AND date not inside explicit suspension interval,RESEARCH_PROXY: first observed price may define a LOW-confidence start only; never label it official listing,HIGH,LISTING_EVIDENCE_MISSING;DELISTING_STATUS_UNVERIFIED;FIRST_PRICE_IS_NOT_LISTING_DATE;PIT_MEMBERSHIP_NOT_FULLY_VERIFIED,Candidate interval only. Not enabled for engine.
BRIS,,,,UNKNOWN,,UNKNOWN,0,False,,,UNKNOWN,UNKNOWN,UNKNOWN,False,False,STRICT: date >= pit_start AND date <= pit_end(if verified) AND date not inside explicit suspension interval,RESEARCH_PROXY: first observed price may define a LOW-confidence start only; never label it official listing,HIGH,LISTING_EVIDENCE_MISSING;DELISTING_STATUS_UNVERIFIED;FIRST_PRICE_IS_NOT_LISTING_DATE;PIT_MEMBERSHIP_NOT_FULLY_VERIFIED,Candidate interval only. Not enabled for engine.
BRMS,,,,UNKNOWN,,UNKNOWN,0,False,,,UNKNOWN,UNKNOWN,UNKNOWN,False,False,STRICT: date >= pit_start AND date <= pit_end(if verified) AND date not inside explicit suspension interval,RESEARCH_PROXY: first observed price may define a LOW-confidence start only; never label it official listing,HIGH,LISTING_EVIDENCE_MISSING;DELISTING_STATUS_UNVERIFIED;FIRST_PRICE_IS_NOT_LISTING_DATE;PIT_MEMBERSHIP_NOT_FULLY_VERIFIED,Candidate interval only. Not enabled for engine.
BRNA,,,,UNKNOWN,,UNKNOWN,0,False,,,UNKNOWN,UNKNOWN,UNKNOWN,False,False,STRICT: date >= pit_start AND date <= pit_end(if verified) AND date not inside explicit suspension interval,RESEARCH_PROXY: first observed price may define a LOW-confidence start only; never label it official listing,HIGH,LISTING_EVIDENCE_MISSING;DELISTING_STATUS_UNVERIFIED;FIRST_PRICE_IS_NOT_LISTING_DATE;PIT_MEMBERSHIP_NOT_FULLY_VERIFIED,Candidate interval only. Not enabled for engine.
BRPT,,,,UNKNOWN,,UNKNOWN,0,False,,,UNKNOWN,UNKNOWN,UNKNOWN,False,False,STRICT: date >= pit_start AND date <= pit_end(if verified) AND date not inside explicit suspension interval,RESEARCH_PROXY: first observed price may define a LOW-confidence start only; never label it official listing,HIGH,LISTING_EVIDENCE_MISSING;DELISTING_STATUS_UNVERIFIED;FIRST_PRICE_IS_NOT_LISTING_DATE;PIT_MEMBERSHIP_NOT_FULLY_VERIFIED,Candidate interval only. Not enabled for engine.
BSBK,,,,UNKNOWN,,UNKNOWN,0,False,,,UNKNOWN,UNKNOWN,UNKNOWN,False,False,STRICT: date >= pit_start AND date <= pit_end(if verified) AND date not inside explicit suspension interval,RESEARCH_PROXY: first observed price may define a LOW-confidence start only; never label it official listing,HIGH,LISTING_EVIDENCE_MISSING;DELISTING_STATUS_UNVERIFIED;FIRST_PRICE_IS_NOT_LISTING_DATE;PIT_MEMBERSHIP_NOT_FULLY_VERIFIED,Candidate interval only. Not enabled for engine.
BSDE,,,,UNKNOWN,,UNKNOWN,0,False,,,UNKNOWN,UNKNOWN,UNKNOWN,False,False,STRICT: date >= pit_start AND date <= pit_end(if verified) AND date not inside explicit suspension interval,RESEARCH_PROXY: first observed price may define a LOW-confidence start only; never label it official listing,HIGH,LISTING_EVIDENCE_MISSING;DELISTING_STATUS_UNVERIFIED;FIRST_PRICE_IS_NOT_LISTING_DATE;PIT_MEMBERSHIP_NOT_FULLY_VERIFIED,Candidate interval only. Not enabled for engine.
BSIM,,,,UNKNOWN,,UNKNOWN,0,False,,,UNKNOWN,UNKNOWN,UNKNOWN,False,False,STRICT: date >= pit_start AND date <= pit_end(if verified) AND date not inside explicit suspension interval,RESEARCH_PROXY: first observed price may define a LOW-confidence start only; never label it official listing,HIGH,LISTING_EVIDENCE_MISSING;DELISTING_STATUS_UNVERIFIED;FIRST_PRICE_IS_NOT_LISTING_DATE;PIT_MEMBERSHIP_NOT_FULLY_VERIFIED,Candidate interval only. Not enabled for engine.
BSML,,,,UNKNOWN,,UNKNOWN,0,False,,,UNKNOWN,UNKNOWN,UNKNOWN,False,False,STRICT: date >= pit_start AND date <= pit_end(if verified) AND date not inside explicit suspension interval,RESEARCH_PROXY: first observed price may define a LOW-confidence start only; never label it official listing,HIGH,LISTING_EVIDENCE_MISSING;DELISTING_STATUS_UNVERIFIED;FIRST_PRICE_IS_NOT_LISTING_DATE;PIT_MEMBERSHIP_NOT_FULLY_VERIFIED,Candidate interval only. Not enabled for engine.
BSSR,,,,UNKNOWN,,UNKNOWN,0,False,,,UNKNOWN,UNKNOWN,UNKNOWN,False,False,STRICT: date >= pit_start AND date <= pit_end(if verified) AND date not inside explicit suspension interval,RESEARCH_PROXY: first observed price may define a LOW-confidence start only; never label it official listing,HIGH,LISTING_EVIDENCE_MISSING;DELISTING_STATUS_UNVERIFIED;FIRST_PRICE_IS_NOT_LISTING_DATE;PIT_MEMBERSHIP_NOT_FULLY_VERIFIED,Candidate interval only. Not enabled for engine.
BSWD,,,,UNKNOWN,,UNKNOWN,0,False,,,UNKNOWN,UNKNOWN,UNKNOWN,False,False,STRICT: date >= pit_start AND date <= pit_end(if verified) AND date not inside explicit suspension interval,RESEARCH_PROXY: first observed price may define a LOW-confidence start only; never label it official listing,HIGH,LISTING_EVIDENCE_MISSING;DELISTING_STATUS_UNVERIFIED;FIRST_PRICE_IS_NOT_LISTING_DATE;PIT_MEMBERSHIP_NOT_FULLY_VERIFIED,Candidate interval only. Not enabled for engine.
BTEK,,,,UNKNOWN,,UNKNOWN,0,False,,,UNKNOWN,UNKNOWN,UNKNOWN,False,False,STRICT: date >= pit_start AND date <= pit_end(if verified) AND date not inside explicit suspension interval,RESEARCH_PROXY: first observed price may define a LOW-confidence start only; never label it official listing,HIGH,LISTING_EVIDENCE_MISSING;DELISTING_STATUS_UNVERIFIED;FIRST_PRICE_IS_NOT_LISTING_DATE;PIT_MEMBERSHIP_NOT_FULLY_VERIFIED,Candidate interval only. Not enabled for engine.
BTON,,,,UNKNOWN,,UNKNOWN,0,False,,,UNKNOWN,UNKNOWN,UNKNOWN,False,False,STRICT: date >= pit_start AND date <= pit_end(if verified) AND date not inside explicit suspension interval,RESEARCH_PROXY: first observed price may define a LOW-confidence start only; never label it official listing,HIGH,LISTING_EVIDENCE_MISSING;DELISTING_STATUS_UNVERIFIED;FIRST_PRICE_IS_NOT_LISTING_DATE;PIT_MEMBERSHIP_NOT_FULLY_VERIFIED,Candidate interval only. Not enabled for engine.
BTPN,,,,UNKNOWN,,UNKNOWN,0,False,,,UNKNOWN,UNKNOWN,UNKNOWN,False,False,STRICT: date >= pit_start AND date <= pit_end(if verified) AND date not inside explicit suspension interval,RESEARCH_PROXY: first observed price may define a LOW-confidence start only; never label it official listing,HIGH,LISTING_EVIDENCE_MISSING;DELISTING_STATUS_UNVERIFIED;FIRST_PRICE_IS_NOT_LISTING_DATE;PIT_MEMBERSHIP_NOT_FULLY_VERIFIED,Candidate interval only. Not enabled for engine.
BTPS,,,,UNKNOWN,,UNKNOWN,0,False,,,UNKNOWN,UNKNOWN,UNKNOWN,False,False,STRICT: date >= pit_start AND date <= pit_end(if verified) AND date not inside explicit suspension interval,RESEARCH_PROXY: first observed price may define a LOW-confidence start only; never label it official listing,HIGH,LISTING_EVIDENCE_MISSING;DELISTING_STATUS_UNVERIFIED;FIRST_PRICE_IS_NOT_LISTING_DATE;PIT_MEMBERSHIP_NOT_FULLY_VERIFIED,Candidate interval only. Not enabled for engine.
BUAH,,,,UNKNOWN,,UNKNOWN,0,False,,,UNKNOWN,UNKNOWN,UNKNOWN,False,False,STRICT: date >= pit_start AND date <= pit_end(if verified) AND date not inside explicit suspension interval,RESEARCH_PROXY: first observed price may define a LOW-confidence start only; never label it official listing,HIGH,LISTING_EVIDENCE_MISSING;DELISTING_STATUS_UNVERIFIED;FIRST_PRICE_IS_NOT_LISTING_DATE;PIT_MEMBERSHIP_NOT_FULLY_VERIFIED,Candidate interval only. Not enabled for engine.
BUDI,,,,UNKNOWN,,UNKNOWN,0,False,,,UNKNOWN,UNKNOWN,UNKNOWN,False,False,STRICT: date >= pit_start AND date <= pit_end(if verified) AND date not inside explicit suspension interval,RESEARCH_PROXY: first observed price may define a LOW-confidence start only; never label it official listing,HIGH,LISTING_EVIDENCE_MISSING;DELISTING_STATUS_UNVERIFIED;FIRST_PRICE_IS_NOT_LISTING_DATE;PIT_MEMBERSHIP_NOT_FULLY_VERIFIED,Candidate interval only. Not enabled for engine.
BUKA,,,,UNKNOWN,,UNKNOWN,0,False,,,UNKNOWN,UNKNOWN,UNKNOWN,False,False,STRICT: date >= pit_start AND date <= pit_end(if verified) AND date not inside explicit suspension interval,RESEARCH_PROXY: first observed price may define a LOW-confidence start only; never label it official listing,HIGH,LISTING_EVIDENCE_MISSING;DELISTING_STATUS_UNVERIFIED;FIRST_PRICE_IS_NOT_LISTING_DATE;PIT_MEMBERSHIP_NOT_FULLY_VERIFIED,Candidate interval only. Not enabled for engine.
BUKK,,,,UNKNOWN,,UNKNOWN,0,False,,,UNKNOWN,UNKNOWN,UNKNOWN,False,False,STRICT: date >= pit_start AND date <= pit_end(if verified) AND date not inside explicit suspension interval,RESEARCH_PROXY: first observed price may define a LOW-confidence start only; never label it official listing,HIGH,LISTING_EVIDENCE_MISSING;DELISTING_STATUS_UNVERIFIED;FIRST_PRICE_IS_NOT_LISTING_DATE;PIT_MEMBERSHIP_NOT_FULLY_VERIFIED,Candidate interval only. Not enabled for engine.
BULL,,,,UNKNOWN,,UNKNOWN,0,False,,,UNKNOWN,UNKNOWN,UNKNOWN,False,False,STRICT: date >= pit_start AND date <= pit_end(if verified) AND date not inside explicit suspension interval,RESEARCH_PROXY: first observed price may define a LOW-confidence start only; never label it official listing,HIGH,LISTING_EVIDENCE_MISSING;DELISTING_STATUS_UNVERIFIED;FIRST_PRICE_IS_NOT_LISTING_DATE;PIT_MEMBERSHIP_NOT_FULLY_VERIFIED,Candidate interval only. Not enabled for engine.
BUMI,,,,UNKNOWN,,UNKNOWN,0,False,,,UNKNOWN,UNKNOWN,UNKNOWN,False,False,STRICT: date >= pit_start AND date <= pit_end(if verified) AND date not inside explicit suspension interval,RESEARCH_PROXY: first observed price may define a LOW-confidence start only; never label it official listing,HIGH,LISTING_EVIDENCE_MISSING;DELISTING_STATUS_UNVERIFIED;FIRST_PRICE_IS_NOT_LISTING_DATE;PIT_MEMBERSHIP_NOT_FULLY_VERIFIED,Candidate interval only. Not enabled for engine.
BUVA,,,,UNKNOWN,,UNKNOWN,0,False,,,UNKNOWN,UNKNOWN,UNKNOWN,False,False,STRICT: date >= pit_start AND date <= pit_end(if verified) AND date not inside explicit suspension interval,RESEARCH_PROXY: first observed price may define a LOW-confidence start only; never label it official listing,HIGH,LISTING_EVIDENCE_MISSING;DELISTING_STATUS_UNVERIFIED;FIRST_PRICE_IS_NOT_LISTING_DATE;PIT_MEMBERSHIP_NOT_FULLY_VERIFIED,Candidate interval only. Not enabled for engine.
BVIC,,,,UNKNOWN,,UNKNOWN,0,False,,,UNKNOWN,UNKNOWN,UNKNOWN,False,False,STRICT: date >= pit_start AND date <= pit_end(if verified) AND date not inside explicit suspension interval,RESEARCH_PROXY: first observed price may define a LOW-confidence start only; never label it official listing,HIGH,LISTING_EVIDENCE_MISSING;DELISTING_STATUS_UNVERIFIED;FIRST_PRICE_IS_NOT_LISTING_DATE;PIT_MEMBERSHIP_NOT_FULLY_VERIFIED,Candidate interval only. Not enabled for engine.
BWPT,,,,UNKNOWN,,UNKNOWN,0,False,,,UNKNOWN,UNKNOWN,UNKNOWN,False,False,STRICT: date >= pit_start AND date <= pit_end(if verified) AND date not inside explicit suspension interval,RESEARCH_PROXY: first observed price may define a LOW-confidence start only; never label it official listing,HIGH,LISTING_EVIDENCE_MISSING;DELISTING_STATUS_UNVERIFIED;FIRST_PRICE_IS_NOT_LISTING_DATE;PIT_MEMBERSHIP_NOT_FULLY_VERIFIED,Candidate interval only. Not enabled for engine.
BYAN,,,,UNKNOWN,,UNKNOWN,0,False,,,UNKNOWN,UNKNOWN,UNKNOWN,False,False,STRICT: date >= pit_start AND date <= pit_end(if verified) AND date not inside explicit suspension interval,RESEARCH_PROXY: first observed price may define a LOW-confidence start only; never label it official listing,HIGH,LISTING_EVIDENCE_MISSING;DELISTING_STATUS_UNVERIFIED;FIRST_PRICE_IS_NOT_LISTING_DATE;PIT_MEMBERSHIP_NOT_FULLY_VERIFIED,Candidate interval only. Not enabled for engine.
CAKK,,,,UNKNOWN,,UNKNOWN,0,False,,,UNKNOWN,UNKNOWN,UNKNOWN,False,False,STRICT: date >= pit_start AND date <= pit_end(if verified) AND date not inside explicit suspension interval,RESEARCH_PROXY: first observed price may define a LOW-confidence start only; never label it official listing,HIGH,LISTING_EVIDENCE_MISSING;DELISTING_STATUS_UNVERIFIED;FIRST_PRICE_IS_NOT_LISTING_DATE;PIT_MEMBERSHIP_NOT_FULLY_VERIFIED,Candidate interval only. Not enabled for engine.
CAMP,,,,UNKNOWN,,UNKNOWN,0,False,,,UNKNOWN,UNKNOWN,UNKNOWN,False,False,STRICT: date >= pit_start AND date <= pit_end(if verified) AND date not inside explicit suspension interval,RESEARCH_PROXY: first observed price may define a LOW-confidence start only; never label it official listing,HIGH,LISTING_EVIDENCE_MISSING;DELISTING_STATUS_UNVERIFIED;FIRST_PRICE_IS_NOT_LISTING_DATE;PIT_MEMBERSHIP_NOT_FULLY_VERIFIED,Candidate interval only. Not enabled for engine.
CANI,,,,UNKNOWN,,UNKNOWN,0,False,,,UNKNOWN,UNKNOWN,UNKNOWN,False,False,STRICT: date >= pit_start AND date <= pit_end(if verified) AND date not inside explicit suspension interval,RESEARCH_PROXY: first observed price may define a LOW-confidence start only; never label it official listing,HIGH,LISTING_EVIDENCE_MISSING;DELISTING_STATUS_UNVERIFIED;FIRST_PRICE_IS_NOT_LISTING_DATE;PIT_MEMBERSHIP_NOT_FULLY_VERIFIED,Candidate interval only. Not enabled for engine.
CARE,,,,UNKNOWN,,UNKNOWN,0,False,,,UNKNOWN,UNKNOWN,UNKNOWN,False,False,STRICT: date >= pit_start AND date <= pit_end(if verified) AND date not inside explicit suspension interval,RESEARCH_PROXY: first observed price may define a LOW-confidence start only; never label it official listing,HIGH,LISTING_EVIDENCE_MISSING;DELISTING_STATUS_UNVERIFIED;FIRST_PRICE_IS_NOT_LISTING_DATE;PIT_MEMBERSHIP_NOT_FULLY_VERIFIED,Candidate interval only. Not enabled for engine.
CARS,,,,UNKNOWN,,UNKNOWN,0,False,,,UNKNOWN,UNKNOWN,UNKNOWN,False,False,STRICT: date >= pit_start AND date <= pit_end(if verified) AND date not inside explicit suspension interval,RESEARCH_PROXY: first observed price may define a LOW-confidence start only; never label it official listing,HIGH,LISTING_EVIDENCE_MISSING;DELISTING_STATUS_UNVERIFIED;FIRST_PRICE_IS_NOT_LISTING_DATE;PIT_MEMBERSHIP_NOT_FULLY_VERIFIED,Candidate interval only. Not enabled for engine.
CASA,,,,UNKNOWN,,UNKNOWN,0,False,,,UNKNOWN,UNKNOWN,UNKNOWN,False,False,STRICT: date >= pit_start AND date <= pit_end(if verified) AND date not inside explicit suspension interval,RESEARCH_PROXY: first observed price may define a LOW-confidence start only; never label it official listing,HIGH,LISTING_EVIDENCE_MISSING;DELISTING_STATUS_UNVERIFIED;FIRST_PRICE_IS_NOT_LISTING_DATE;PIT_MEMBERSHIP_NOT_FULLY_VERIFIED,Candidate interval only. Not enabled for engine.
CASH,,,,UNKNOWN,,UNKNOWN,0,False,,,UNKNOWN,UNKNOWN,UNKNOWN,False,False,STRICT: date >= pit_start AND date <= pit_end(if verified) AND date not inside explicit suspension interval,RESEARCH_PROXY: first observed price may define a LOW-confidence start only; never label it official listing,HIGH,LISTING_EVIDENCE_MISSING;DELISTING_STATUS_UNVERIFIED;FIRST_PRICE_IS_NOT_LISTING_DATE;PIT_MEMBERSHIP_NOT_FULLY_VERIFIED,Candidate interval only. Not enabled for engine.
CASS,,,,UNKNOWN,,UNKNOWN,0,False,,,UNKNOWN,UNKNOWN,UNKNOWN,False,False,STRICT: date >= pit_start AND date <= pit_end(if verified) AND date not inside explicit suspension interval,RESEARCH_PROXY: first observed price may define a LOW-confidence start only; never label it official listing,HIGH,LISTING_EVIDENCE_MISSING;DELISTING_STATUS_UNVERIFIED;FIRST_PRICE_IS_NOT_LISTING_DATE;PIT_MEMBERSHIP_NOT_FULLY_VERIFIED,Candidate interval only. Not enabled for engine.
CBDK,,,,UNKNOWN,,UNKNOWN,0,False,,,UNKNOWN,UNKNOWN,UNKNOWN,False,False,STRICT: date >= pit_start AND date <= pit_end(if verified) AND date not inside explicit suspension interval,RESEARCH_PROXY: first observed price may define a LOW-confidence start only; never label it official listing,HIGH,LISTING_EVIDENCE_MISSING;DELISTING_STATUS_UNVERIFIED;FIRST_PRICE_IS_NOT_LISTING_DATE;PIT_MEMBERSHIP_NOT_FULLY_VERIFIED,Candidate interval only. Not enabled for engine.
CBPE,,,,UNKNOWN,,UNKNOWN,0,False,,,UNKNOWN,UNKNOWN,UNKNOWN,False,False,STRICT: date >= pit_start AND date <= pit_end(if verified) AND date not inside explicit suspension interval,RESEARCH_PROXY: first observed price may define a LOW-confidence start only; never label it official listing,HIGH,LISTING_EVIDENCE_MISSING;DELISTING_STATUS_UNVERIFIED;FIRST_PRICE_IS_NOT_LISTING_DATE;PIT_MEMBERSHIP_NOT_FULLY_VERIFIED,Candidate interval only. Not enabled for engine.
CBRE,,,,UNKNOWN,,UNKNOWN,0,False,,,UNKNOWN,UNKNOWN,UNKNOWN,False,False,STRICT: date >= pit_start AND date <= pit_end(if verified) AND date not inside explicit suspension interval,RESEARCH_PROXY: first observed price may define a LOW-confidence start only; never label it official listing,HIGH,LISTING_EVIDENCE_MISSING;DELISTING_STATUS_UNVERIFIED;FIRST_PRICE_IS_NOT_LISTING_DATE;PIT_MEMBERSHIP_NOT_FULLY_VERIFIED,Candidate interval only. Not enabled for engine.
CBUT,,,,UNKNOWN,,UNKNOWN,0,False,,,UNKNOWN,UNKNOWN,UNKNOWN,False,False,STRICT: date >= pit_start AND date <= pit_end(if verified) AND date not inside explicit suspension interval,RESEARCH_PROXY: first observed price may define a LOW-confidence start only; never label it official listing,HIGH,LISTING_EVIDENCE_MISSING;DELISTING_STATUS_UNVERIFIED;FIRST_PRICE_IS_NOT_LISTING_DATE;PIT_MEMBERSHIP_NOT_FULLY_VERIFIED,Candidate interval only. Not enabled for engine.
CCSI,,,,UNKNOWN,,UNKNOWN,0,False,,,UNKNOWN,UNKNOWN,UNKNOWN,False,False,STRICT: date >= pit_start AND date <= pit_end(if verified) AND date not inside explicit suspension interval,RESEARCH_PROXY: first observed price may define a LOW-confidence start only; never label it official listing,HIGH,LISTING_EVIDENCE_MISSING;DELISTING_STATUS_UNVERIFIED;FIRST_PRICE_IS_NOT_LISTING_DATE;PIT_MEMBERSHIP_NOT_FULLY_VERIFIED,Candidate interval only. Not enabled for engine.
CDIA,,,,UNKNOWN,,UNKNOWN,0,False,,,UNKNOWN,UNKNOWN,UNKNOWN,False,False,STRICT: date >= pit_start AND date <= pit_end(if verified) AND date not inside explicit suspension interval,RESEARCH_PROXY: first observed price may define a LOW-confidence start only; never label it official listing,HIGH,LISTING_EVIDENCE_MISSING;DELISTING_STATUS_UNVERIFIED;FIRST_PRICE_IS_NOT_LISTING_DATE;PIT_MEMBERSHIP_NOT_FULLY_VERIFIED,Candidate interval only. Not enabled for engine.
CEKA,,,,UNKNOWN,,UNKNOWN,0,False,,,UNKNOWN,UNKNOWN,UNKNOWN,False,False,STRICT: date >= pit_start AND date <= pit_end(if verified) AND date not inside explicit suspension interval,RESEARCH_PROXY: first observed price may define a LOW-confidence start only; never label it official listing,HIGH,LISTING_EVIDENCE_MISSING;DELISTING_STATUS_UNVERIFIED;FIRST_PRICE_IS_NOT_LISTING_DATE;PIT_MEMBERSHIP_NOT_FULLY_VERIFIED,Candidate interval only. Not enabled for engine.
CENT,,,,UNKNOWN,,UNKNOWN,0,False,,,UNKNOWN,UNKNOWN,UNKNOWN,False,False,STRICT: date >= pit_start AND date <= pit_end(if verified) AND date not inside explicit suspension interval,RESEARCH_PROXY: first observed price may define a LOW-confidence start only; never label it official listing,HIGH,LISTING_EVIDENCE_MISSING;DELISTING_STATUS_UNVERIFIED;FIRST_PRICE_IS_NOT_LISTING_DATE;PIT_MEMBERSHIP_NOT_FULLY_VERIFIED,Candidate interval only. Not enabled for engine.
CFIN,,,,UNKNOWN,,UNKNOWN,0,False,,,UNKNOWN,UNKNOWN,UNKNOWN,False,False,STRICT: date >= pit_start AND date <= pit_end(if verified) AND date not inside explicit suspension interval,RESEARCH_PROXY: first observed price may define a LOW-confidence start only; never label it official listing,HIGH,LISTING_EVIDENCE_MISSING;DELISTING_STATUS_UNVERIFIED;FIRST_PRICE_IS_NOT_LISTING_DATE;PIT_MEMBERSHIP_NOT_FULLY_VERIFIED,Candidate interval only. Not enabled for engine.
CGAS,,,,UNKNOWN,,UNKNOWN,0,False,,,UNKNOWN,UNKNOWN,UNKNOWN,False,False,STRICT: date >= pit_start AND date <= pit_end(if verified) AND date not inside explicit suspension interval,RESEARCH_PROXY: first observed price may define a LOW-confidence start only; never label it official listing,HIGH,LISTING_EVIDENCE_MISSING;DELISTING_STATUS_UNVERIFIED;FIRST_PRICE_IS_NOT_LISTING_DATE;PIT_MEMBERSHIP_NOT_FULLY_VERIFIED,Candidate interval only. Not enabled for engine.
CHEK,,,,UNKNOWN,,UNKNOWN,0,False,,,UNKNOWN,UNKNOWN,UNKNOWN,False,False,STRICT: date >= pit_start AND date <= pit_end(if verified) AND date not inside explicit suspension interval,RESEARCH_PROXY: first observed price may define a LOW-confidence start only; never label it official listing,HIGH,LISTING_EVIDENCE_MISSING;DELISTING_STATUS_UNVERIFIED;FIRST_PRICE_IS_NOT_LISTING_DATE;PIT_MEMBERSHIP_NOT_FULLY_VERIFIED,Candidate interval only. Not enabled for engine.
CHEM,,,,UNKNOWN,,UNKNOWN,0,False,,,UNKNOWN,UNKNOWN,UNKNOWN,False,False,STRICT: date >= pit_start AND date <= pit_end(if verified) AND date not inside explicit suspension interval,RESEARCH_PROXY: first observed price may define a LOW-confidence start only; never label it official listing,HIGH,LISTING_EVIDENCE_MISSING;DELISTING_STATUS_UNVERIFIED;FIRST_PRICE_IS_NOT_LISTING_DATE;PIT_MEMBERSHIP_NOT_FULLY_VERIFIED,Candidate interval only. Not enabled for engine.
CHIP,,,,UNKNOWN,,UNKNOWN,0,False,,,UNKNOWN,UNKNOWN,UNKNOWN,False,False,STRICT: date >= pit_start AND date <= pit_end(if verified) AND date not inside explicit suspension interval,RESEARCH_PROXY: first observed price may define a LOW-confidence start only; never label it official listing,HIGH,LISTING_EVIDENCE_MISSING;DELISTING_STATUS_UNVERIFIED;FIRST_PRICE_IS_NOT_LISTING_DATE;PIT_MEMBERSHIP_NOT_FULLY_VERIFIED,Candidate interval only. Not enabled for engine.
CINT,,,,UNKNOWN,,UNKNOWN,0,False,,,UNKNOWN,UNKNOWN,UNKNOWN,False,False,STRICT: date >= pit_start AND date <= pit_end(if verified) AND date not inside explicit suspension interval,RESEARCH_PROXY: first observed price may define a LOW-confidence start only; never label it official listing,HIGH,LISTING_EVIDENCE_MISSING;DELISTING_STATUS_UNVERIFIED;FIRST_PRICE_IS_NOT_LISTING_DATE;PIT_MEMBERSHIP_NOT_FULLY_VERIFIED,Candidate interval only. Not enabled for engine.
CITA,,,,UNKNOWN,,UNKNOWN,0,False,,,UNKNOWN,UNKNOWN,UNKNOWN,False,False,STRICT: date >= pit_start AND date <= pit_end(if verified) AND date not inside explicit suspension interval,RESEARCH_PROXY: first observed price may define a LOW-confidence start only; never label it official listing,HIGH,LISTING_EVIDENCE_MISSING;DELISTING_STATUS_UNVERIFIED;FIRST_PRICE_IS_NOT_LISTING_DATE;PIT_MEMBERSHIP_NOT_FULLY_VERIFIED,Candidate interval only. Not enabled for engine.
CITY,,,,UNKNOWN,,UNKNOWN,0,False,,,UNKNOWN,UNKNOWN,UNKNOWN,False,False,STRICT: date >= pit_start AND date <= pit_end(if verified) AND date not inside explicit suspension interval,RESEARCH_PROXY: first observed price may define a LOW-confidence start only; never label it official listing,HIGH,LISTING_EVIDENCE_MISSING;DELISTING_STATUS_UNVERIFIED;FIRST_PRICE_IS_NOT_LISTING_DATE;PIT_MEMBERSHIP_NOT_FULLY_VERIFIED,Candidate interval only. Not enabled for engine.
CLAY,,,,UNKNOWN,,UNKNOWN,0,False,,,UNKNOWN,UNKNOWN,UNKNOWN,False,False,STRICT: date >= pit_start AND date <= pit_end(if verified) AND date not inside explicit suspension interval,RESEARCH_PROXY: first observed price may define a LOW-confidence start only; never label it official listing,HIGH,LISTING_EVIDENCE_MISSING;DELISTING_STATUS_UNVERIFIED;FIRST_PRICE_IS_NOT_LISTING_DATE;PIT_MEMBERSHIP_NOT_FULLY_VERIFIED,Candidate interval only. Not enabled for engine.
CLEO,,,,UNKNOWN,,UNKNOWN,0,False,,,UNKNOWN,UNKNOWN,UNKNOWN,False,False,STRICT: date >= pit_start AND date <= pit_end(if verified) AND date not inside explicit suspension interval,RESEARCH_PROXY: first observed price may define a LOW-confidence start only; never label it official listing,HIGH,LISTING_EVIDENCE_MISSING;DELISTING_STATUS_UNVERIFIED;FIRST_PRICE_IS_NOT_LISTING_DATE;PIT_MEMBERSHIP_NOT_FULLY_VERIFIED,Candidate interval only. Not enabled for engine.
CLPI,,,,UNKNOWN,,UNKNOWN,0,False,,,UNKNOWN,UNKNOWN,UNKNOWN,False,False,STRICT: date >= pit_start AND date <= pit_end(if verified) AND date not inside explicit suspension interval,RESEARCH_PROXY: first observed price may define a LOW-confidence start only; never label it official listing,HIGH,LISTING_EVIDENCE_MISSING;DELISTING_STATUS_UNVERIFIED;FIRST_PRICE_IS_NOT_LISTING_DATE;PIT_MEMBERSHIP_NOT_FULLY_VERIFIED,Candidate interval only. Not enabled for engine.
CMNP,,,,UNKNOWN,,UNKNOWN,0,False,,,UNKNOWN,UNKNOWN,UNKNOWN,False,False,STRICT: date >= pit_start AND date <= pit_end(if verified) AND date not inside explicit suspension interval,RESEARCH_PROXY: first observed price may define a LOW-confidence start only; never label it official listing,HIGH,LISTING_EVIDENCE_MISSING;DELISTING_STATUS_UNVERIFIED;FIRST_PRICE_IS_NOT_LISTING_DATE;PIT_MEMBERSHIP_NOT_FULLY_VERIFIED,Candidate interval only. Not enabled for engine.
CMNT,,,,UNKNOWN,,UNKNOWN,0,False,,,UNKNOWN,UNKNOWN,UNKNOWN,False,False,STRICT: date >= pit_start AND date <= pit_end(if verified) AND date not inside explicit suspension interval,RESEARCH_PROXY: first observed price may define a LOW-confidence start only; never label it official listing,HIGH,LISTING_EVIDENCE_MISSING;DELISTING_STATUS_UNVERIFIED;FIRST_PRICE_IS_NOT_LISTING_DATE;PIT_MEMBERSHIP_NOT_FULLY_VERIFIED,Candidate interval only. Not enabled for engine.
CMPP,,,,UNKNOWN,,UNKNOWN,0,False,,,UNKNOWN,UNKNOWN,UNKNOWN,False,False,STRICT: date >= pit_start AND date <= pit_end(if verified) AND date not inside explicit suspension interval,RESEARCH_PROXY: first observed price may define a LOW-confidence start only; never label it official listing,HIGH,LISTING_EVIDENCE_MISSING;DELISTING_STATUS_UNVERIFIED;FIRST_PRICE_IS_NOT_LISTING_DATE;PIT_MEMBERSHIP_NOT_FULLY_VERIFIED,Candidate interval only. Not enabled for engine.
CMRY,,,,UNKNOWN,,UNKNOWN,0,False,,,UNKNOWN,UNKNOWN,UNKNOWN,False,False,STRICT: date >= pit_start AND date <= pit_end(if verified) AND date not inside explicit suspension interval,RESEARCH_PROXY: first observed price may define a LOW-confidence start only; never label it official listing,HIGH,LISTING_EVIDENCE_MISSING;DELISTING_STATUS_UNVERIFIED;FIRST_PRICE_IS_NOT_LISTING_DATE;PIT_MEMBERSHIP_NOT_FULLY_VERIFIED,Candidate interval only. Not enabled for engine.
CNKO,,,,UNKNOWN,,UNKNOWN,0,False,,,UNKNOWN,UNKNOWN,UNKNOWN,False,False,STRICT: date >= pit_start AND date <= pit_end(if verified) AND date not inside explicit suspension interval,RESEARCH_PROXY: first observed price may define a LOW-confidence start only; never label it official listing,HIGH,LISTING_EVIDENCE_MISSING;DELISTING_STATUS_UNVERIFIED;FIRST_PRICE_IS_NOT_LISTING_DATE;PIT_MEMBERSHIP_NOT_FULLY_VERIFIED,Candidate interval only. Not enabled for engine.
CNMA,,,,UNKNOWN,,UNKNOWN,0,False,,,UNKNOWN,UNKNOWN,UNKNOWN,False,False,STRICT: date >= pit_start AND date <= pit_end(if verified) AND date not inside explicit suspension interval,RESEARCH_PROXY: first observed price may define a LOW-confidence start only; never label it official listing,HIGH,LISTING_EVIDENCE_MISSING;DELISTING_STATUS_UNVERIFIED;FIRST_PRICE_IS_NOT_LISTING_DATE;PIT_MEMBERSHIP_NOT_FULLY_VERIFIED,Candidate interval only. Not enabled for engine.
COAL,,,,UNKNOWN,,UNKNOWN,0,False,,,UNKNOWN,UNKNOWN,UNKNOWN,False,False,STRICT: date >= pit_start AND date <= pit_end(if verified) AND date not inside explicit suspension interval,RESEARCH_PROXY: first observed price may define a LOW-confidence start only; never label it official listing,HIGH,LISTING_EVIDENCE_MISSING;DELISTING_STATUS_UNVERIFIED;FIRST_PRICE_IS_NOT_LISTING_DATE;PIT_MEMBERSHIP_NOT_FULLY_VERIFIED,Candidate interval only. Not enabled for engine.
COCO,,,,UNKNOWN,,UNKNOWN,0,False,,,UNKNOWN,UNKNOWN,UNKNOWN,False,False,STRICT: date >= pit_start AND date <= pit_end(if verified) AND date not inside explicit suspension interval,RESEARCH_PROXY: first observed price may define a LOW-confidence start only; never label it official listing,HIGH,LISTING_EVIDENCE_MISSING;DELISTING_STATUS_UNVERIFIED;FIRST_PRICE_IS_NOT_LISTING_DATE;PIT_MEMBERSHIP_NOT_FULLY_VERIFIED,Candidate interval only. Not enabled for engine.
COIN,,,,UNKNOWN,,UNKNOWN,0,False,,,UNKNOWN,UNKNOWN,UNKNOWN,False,False,STRICT: date >= pit_start AND date <= pit_end(if verified) AND date not inside explicit suspension interval,RESEARCH_PROXY: first observed price may define a LOW-confidence start only; never label it official listing,HIGH,LISTING_EVIDENCE_MISSING;DELISTING_STATUS_UNVERIFIED;FIRST_PRICE_IS_NOT_LISTING_DATE;PIT_MEMBERSHIP_NOT_FULLY_VERIFIED,Candidate interval only. Not enabled for engine.
CPIN,,,,UNKNOWN,,UNKNOWN,0,False,,,UNKNOWN,UNKNOWN,UNKNOWN,False,False,STRICT: date >= pit_start AND date <= pit_end(if verified) AND date not inside explicit suspension interval,RESEARCH_PROXY: first observed price may define a LOW-confidence start only; never label it official listing,HIGH,LISTING_EVIDENCE_MISSING;DELISTING_STATUS_UNVERIFIED;FIRST_PRICE_IS_NOT_LISTING_DATE;PIT_MEMBERSHIP_NOT_FULLY_VERIFIED,Candidate interval only. Not enabled for engine.
CPRO,,,,UNKNOWN,,UNKNOWN,0,False,,,UNKNOWN,UNKNOWN,UNKNOWN,False,False,STRICT: date >= pit_start AND date <= pit_end(if verified) AND date not inside explicit suspension interval,RESEARCH_PROXY: first observed price may define a LOW-confidence start only; never label it official listing,HIGH,LISTING_EVIDENCE_MISSING;DELISTING_STATUS_UNVERIFIED;FIRST_PRICE_IS_NOT_LISTING_DATE;PIT_MEMBERSHIP_NOT_FULLY_VERIFIED,Candidate interval only. Not enabled for engine.
CRAB,,,,UNKNOWN,,UNKNOWN,0,False,,,UNKNOWN,UNKNOWN,UNKNOWN,False,False,STRICT: date >= pit_start AND date <= pit_end(if verified) AND date not inside explicit suspension interval,RESEARCH_PROXY: first observed price may define a LOW-confidence start only; never label it official listing,HIGH,LISTING_EVIDENCE_MISSING;DELISTING_STATUS_UNVERIFIED;FIRST_PRICE_IS_NOT_LISTING_DATE;PIT_MEMBERSHIP_NOT_FULLY_VERIFIED,Candidate interval only. Not enabled for engine.
CRSN,,,,UNKNOWN,,UNKNOWN,0,False,,,UNKNOWN,UNKNOWN,UNKNOWN,False,False,STRICT: date >= pit_start AND date <= pit_end(if verified) AND date not inside explicit suspension interval,RESEARCH_PROXY: first observed price may define a LOW-confidence start only; never label it official listing,HIGH,LISTING_EVIDENCE_MISSING;DELISTING_STATUS_UNVERIFIED;FIRST_PRICE_IS_NOT_LISTING_DATE;PIT_MEMBERSHIP_NOT_FULLY_VERIFIED,Candidate interval only. Not enabled for engine.
CSAP,,,,UNKNOWN,,UNKNOWN,0,False,,,UNKNOWN,UNKNOWN,UNKNOWN,False,False,STRICT: date >= pit_start AND date <= pit_end(if verified) AND date not inside explicit suspension interval,RESEARCH_PROXY: first observed price may define a LOW-confidence start only; never label it official listing,HIGH,LISTING_EVIDENCE_MISSING;DELISTING_STATUS_UNVERIFIED;FIRST_PRICE_IS_NOT_LISTING_DATE;PIT_MEMBERSHIP_NOT_FULLY_VERIFIED,Candidate interval only. Not enabled for engine.
CSIS,,,,UNKNOWN,,UNKNOWN,0,False,,,UNKNOWN,UNKNOWN,UNKNOWN,False,False,STRICT: date >= pit_start AND date <= pit_end(if verified) AND date not inside explicit suspension interval,RESEARCH_PROXY: first observed price may define a LOW-confidence start only; never label it official listing,HIGH,LISTING_EVIDENCE_MISSING;DELISTING_STATUS_UNVERIFIED;FIRST_PRICE_IS_NOT_LISTING_DATE;PIT_MEMBERSHIP_NOT_FULLY_VERIFIED,Candidate interval only. Not enabled for engine.
CSMI,,,,UNKNOWN,,UNKNOWN,0,False,,,UNKNOWN,UNKNOWN,UNKNOWN,False,False,STRICT: date >= pit_start AND date <= pit_end(if verified) AND date not inside explicit suspension interval,RESEARCH_PROXY: first observed price may define a LOW-confidence start only; never label it official listing,HIGH,LISTING_EVIDENCE_MISSING;DELISTING_STATUS_UNVERIFIED;FIRST_PRICE_IS_NOT_LISTING_DATE;PIT_MEMBERSHIP_NOT_FULLY_VERIFIED,Candidate interval only. Not enabled for engine.
CSRA,,,,UNKNOWN,,UNKNOWN,0,False,,,UNKNOWN,UNKNOWN,UNKNOWN,False,False,STRICT: date >= pit_start AND date <= pit_end(if verified) AND date not inside explicit suspension interval,RESEARCH_PROXY: first observed price may define a LOW-confidence start only; never label it official listing,HIGH,LISTING_EVIDENCE_MISSING;DELISTING_STATUS_UNVERIFIED;FIRST_PRICE_IS_NOT_LISTING_DATE;PIT_MEMBERSHIP_NOT_FULLY_VERIFIED,Candidate interval only. Not enabled for engine.
CTBN,,,,UNKNOWN,,UNKNOWN,0,False,,,UNKNOWN,UNKNOWN,UNKNOWN,False,False,STRICT: date >= pit_start AND date <= pit_end(if verified) AND date not inside explicit suspension interval,RESEARCH_PROXY: first observed price may define a LOW-confidence start only; never label it official listing,HIGH,LISTING_EVIDENCE_MISSING;DELISTING_STATUS_UNVERIFIED;FIRST_PRICE_IS_NOT_LISTING_DATE;PIT_MEMBERSHIP_NOT_FULLY_VERIFIED,Candidate interval only. Not enabled for engine.
CTRA,,,,UNKNOWN,,UNKNOWN,0,False,,,UNKNOWN,UNKNOWN,UNKNOWN,False,False,STRICT: date >= pit_start AND date <= pit_end(if verified) AND date not inside explicit suspension interval,RESEARCH_PROXY: first observed price may define a LOW-confidence start only; never label it official listing,HIGH,LISTING_EVIDENCE_MISSING;DELISTING_STATUS_UNVERIFIED;FIRST_PRICE_IS_NOT_LISTING_DATE;PIT_MEMBERSHIP_NOT_FULLY_VERIFIED,Candidate interval only. Not enabled for engine.
CTTH,,,,UNKNOWN,,UNKNOWN,0,False,,,UNKNOWN,UNKNOWN,UNKNOWN,False,False,STRICT: date >= pit_start AND date <= pit_end(if verified) AND date not inside explicit suspension interval,RESEARCH_PROXY: first observed price may define a LOW-confidence start only; never label it official listing,HIGH,LISTING_EVIDENCE_MISSING;DELISTING_STATUS_UNVERIFIED;FIRST_PRICE_IS_NOT_LISTING_DATE;PIT_MEMBERSHIP_NOT_FULLY_VERIFIED,Candidate interval only. Not enabled for engine.
CUAN,,,,UNKNOWN,,UNKNOWN,0,False,,,UNKNOWN,UNKNOWN,UNKNOWN,False,False,STRICT: date >= pit_start AND date <= pit_end(if verified) AND date not inside explicit suspension interval,RESEARCH_PROXY: first observed price may define a LOW-confidence start only; never label it official listing,HIGH,LISTING_EVIDENCE_MISSING;DELISTING_STATUS_UNVERIFIED;FIRST_PRICE_IS_NOT_LISTING_DATE;PIT_MEMBERSHIP_NOT_FULLY_VERIFIED,Candidate interval only. Not enabled for engine.
CYBR,,,,UNKNOWN,,UNKNOWN,0,False,,,UNKNOWN,UNKNOWN,UNKNOWN,False,False,STRICT: date >= pit_start AND date <= pit_end(if verified) AND date not inside explicit suspension interval,RESEARCH_PROXY: first observed price may define a LOW-confidence start only; never label it official listing,HIGH,LISTING_EVIDENCE_MISSING;DELISTING_STATUS_UNVERIFIED;FIRST_PRICE_IS_NOT_LISTING_DATE;PIT_MEMBERSHIP_NOT_FULLY_VERIFIED,Candidate interval only. Not enabled for engine.
DAAZ,,,,UNKNOWN,,UNKNOWN,0,False,,,UNKNOWN,UNKNOWN,UNKNOWN,False,False,STRICT: date >= pit_start AND date <= pit_end(if verified) AND date not inside explicit suspension interval,RESEARCH_PROXY: first observed price may define a LOW-confidence start only; never label it official listing,HIGH,LISTING_EVIDENCE_MISSING;DELISTING_STATUS_UNVERIFIED;FIRST_PRICE_IS_NOT_LISTING_DATE;PIT_MEMBERSHIP_NOT_FULLY_VERIFIED,Candidate interval only. Not enabled for engine.
DADA,,,,UNKNOWN,,UNKNOWN,0,False,,,UNKNOWN,UNKNOWN,UNKNOWN,False,False,STRICT: date >= pit_start AND date <= pit_end(if verified) AND date not inside explicit suspension interval,RESEARCH_PROXY: first observed price may define a LOW-confidence start only; never label it official listing,HIGH,LISTING_EVIDENCE_MISSING;DELISTING_STATUS_UNVERIFIED;FIRST_PRICE_IS_NOT_LISTING_DATE;PIT_MEMBERSHIP_NOT_FULLY_VERIFIED,Candidate interval only. Not enabled for engine.
DART,,,,UNKNOWN,,UNKNOWN,0,False,,,UNKNOWN,UNKNOWN,UNKNOWN,False,False,STRICT: date >= pit_start AND date <= pit_end(if verified) AND date not inside explicit suspension interval,RESEARCH_PROXY: first observed price may define a LOW-confidence start only; never label it official listing,HIGH,LISTING_EVIDENCE_MISSING;DELISTING_STATUS_UNVERIFIED;FIRST_PRICE_IS_NOT_LISTING_DATE;PIT_MEMBERSHIP_NOT_FULLY_VERIFIED,Candidate interval only. Not enabled for engine.
DATA,,,,UNKNOWN,,UNKNOWN,0,False,,,UNKNOWN,UNKNOWN,UNKNOWN,False,False,STRICT: date >= pit_start AND date <= pit_end(if verified) AND date not inside explicit suspension interval,RESEARCH_PROXY: first observed price may define a LOW-confidence start only; never label it official listing,HIGH,LISTING_EVIDENCE_MISSING;DELISTING_STATUS_UNVERIFIED;FIRST_PRICE_IS_NOT_LISTING_DATE;PIT_MEMBERSHIP_NOT_FULLY_VERIFIED,Candidate interval only. Not enabled for engine.
DAYA,,,,UNKNOWN,,UNKNOWN,0,False,,,UNKNOWN,UNKNOWN,UNKNOWN,False,False,STRICT: date >= pit_start AND date <= pit_end(if verified) AND date not inside explicit suspension interval,RESEARCH_PROXY: first observed price may define a LOW-confidence start only; never label it official listing,HIGH,LISTING_EVIDENCE_MISSING;DELISTING_STATUS_UNVERIFIED;FIRST_PRICE_IS_NOT_LISTING_DATE;PIT_MEMBERSHIP_NOT_FULLY_VERIFIED,Candidate interval only. Not enabled for engine.
DCII,,,,UNKNOWN,,UNKNOWN,0,False,,,UNKNOWN,UNKNOWN,UNKNOWN,False,False,STRICT: date >= pit_start AND date <= pit_end(if verified) AND date not inside explicit suspension interval,RESEARCH_PROXY: first observed price may define a LOW-confidence start only; never label it official listing,HIGH,LISTING_EVIDENCE_MISSING;DELISTING_STATUS_UNVERIFIED;FIRST_PRICE_IS_NOT_LISTING_DATE;PIT_MEMBERSHIP_NOT_FULLY_VERIFIED,Candidate interval only. Not enabled for engine.
DEAL,,,,UNKNOWN,,UNKNOWN,0,False,,,UNKNOWN,UNKNOWN,UNKNOWN,False,False,STRICT: date >= pit_start AND date <= pit_end(if verified) AND date not inside explicit suspension interval,RESEARCH_PROXY: first observed price may define a LOW-confidence start only; never label it official listing,HIGH,LISTING_EVIDENCE_MISSING;DELISTING_STATUS_UNVERIFIED;FIRST_PRICE_IS_NOT_LISTING_DATE;PIT_MEMBERSHIP_NOT_FULLY_VERIFIED,Candidate interval only. Not enabled for engine.
DEFI,,,,UNKNOWN,,UNKNOWN,0,False,,,UNKNOWN,UNKNOWN,UNKNOWN,False,False,STRICT: date >= pit_start AND date <= pit_end(if verified) AND date not inside explicit suspension interval,RESEARCH_PROXY: first observed price may define a LOW-confidence start only; never label it official listing,HIGH,LISTING_EVIDENCE_MISSING;DELISTING_STATUS_UNVERIFIED;FIRST_PRICE_IS_NOT_LISTING_DATE;PIT_MEMBERSHIP_NOT_FULLY_VERIFIED,Candidate interval only. Not enabled for engine.
DEPO,,,,UNKNOWN,,UNKNOWN,0,False,,,UNKNOWN,UNKNOWN,UNKNOWN,False,False,STRICT: date >= pit_start AND date <= pit_end(if verified) AND date not inside explicit suspension interval,RESEARCH_PROXY: first observed price may define a LOW-confidence start only; never label it official listing,HIGH,LISTING_EVIDENCE_MISSING;DELISTING_STATUS_UNVERIFIED;FIRST_PRICE_IS_NOT_LISTING_DATE;PIT_MEMBERSHIP_NOT_FULLY_VERIFIED,Candidate interval only. Not enabled for engine.
DEWA,,,,UNKNOWN,,UNKNOWN,0,False,,,UNKNOWN,UNKNOWN,UNKNOWN,False,False,STRICT: date >= pit_start AND date <= pit_end(if verified) AND date not inside explicit suspension interval,RESEARCH_PROXY: first observed price may define a LOW-confidence start only; never label it official listing,HIGH,LISTING_EVIDENCE_MISSING;DELISTING_STATUS_UNVERIFIED;FIRST_PRICE_IS_NOT_LISTING_DATE;PIT_MEMBERSHIP_NOT_FULLY_VERIFIED,Candidate interval only. Not enabled for engine.
DEWI,,,,UNKNOWN,,UNKNOWN,0,False,,,UNKNOWN,UNKNOWN,UNKNOWN,False,False,STRICT: date >= pit_start AND date <= pit_end(if verified) AND date not inside explicit suspension interval,RESEARCH_PROXY: first observed price may define a LOW-confidence start only; never label it official listing,HIGH,LISTING_EVIDENCE_MISSING;DELISTING_STATUS_UNVERIFIED;FIRST_PRICE_IS_NOT_LISTING_DATE;PIT_MEMBERSHIP_NOT_FULLY_VERIFIED,Candidate interval only. Not enabled for engine.
DFAM,,,,UNKNOWN,,UNKNOWN,0,False,,,UNKNOWN,UNKNOWN,UNKNOWN,False,False,STRICT: date >= pit_start AND date <= pit_end(if verified) AND date not inside explicit suspension interval,RESEARCH_PROXY: first observed price may define a LOW-confidence start only; never label it official listing,HIGH,LISTING_EVIDENCE_MISSING;DELISTING_STATUS_UNVERIFIED;FIRST_PRICE_IS_NOT_LISTING_DATE;PIT_MEMBERSHIP_NOT_FULLY_VERIFIED,Candidate interval only. Not enabled for engine.
DGIK,,,,UNKNOWN,,UNKNOWN,0,False,,,UNKNOWN,UNKNOWN,UNKNOWN,False,False,STRICT: date >= pit_start AND date <= pit_end(if verified) AND date not inside explicit suspension interval,RESEARCH_PROXY: first observed price may define a LOW-confidence start only; never label it official listing,HIGH,LISTING_EVIDENCE_MISSING;DELISTING_STATUS_UNVERIFIED;FIRST_PRICE_IS_NOT_LISTING_DATE;PIT_MEMBERSHIP_NOT_FULLY_VERIFIED,Candidate interval only. Not enabled for engine.
DGNS,,,,UNKNOWN,,UNKNOWN,0,False,,,UNKNOWN,UNKNOWN,UNKNOWN,False,False,STRICT: date >= pit_start AND date <= pit_end(if verified) AND date not inside explicit suspension interval,RESEARCH_PROXY: first observed price may define a LOW-confidence start only; never label it official listing,HIGH,LISTING_EVIDENCE_MISSING;DELISTING_STATUS_UNVERIFIED;FIRST_PRICE_IS_NOT_LISTING_DATE;PIT_MEMBERSHIP_NOT_FULLY_VERIFIED,Candidate interval only. Not enabled for engine.
DGWG,,,,UNKNOWN,,UNKNOWN,0,False,,,UNKNOWN,UNKNOWN,UNKNOWN,False,False,STRICT: date >= pit_start AND date <= pit_end(if verified) AND date not inside explicit suspension interval,RESEARCH_PROXY: first observed price may define a LOW-confidence start only; never label it official listing,HIGH,LISTING_EVIDENCE_MISSING;DELISTING_STATUS_UNVERIFIED;FIRST_PRICE_IS_NOT_LISTING_DATE;PIT_MEMBERSHIP_NOT_FULLY_VERIFIED,Candidate interval only. Not enabled for engine.
DIGI,,,,UNKNOWN,,UNKNOWN,0,False,,,UNKNOWN,UNKNOWN,UNKNOWN,False,False,STRICT: date >= pit_start AND date <= pit_end(if verified) AND date not inside explicit suspension interval,RESEARCH_PROXY: first observed price may define a LOW-confidence start only; never label it official listing,HIGH,LISTING_EVIDENCE_MISSING;DELISTING_STATUS_UNVERIFIED;FIRST_PRICE_IS_NOT_LISTING_DATE;PIT_MEMBERSHIP_NOT_FULLY_VERIFIED,Candidate interval only. Not enabled for engine.
DILD,,,,UNKNOWN,,UNKNOWN,0,False,,,UNKNOWN,UNKNOWN,UNKNOWN,False,False,STRICT: date >= pit_start AND date <= pit_end(if verified) AND date not inside explicit suspension interval,RESEARCH_PROXY: first observed price may define a LOW-confidence start only; never label it official listing,HIGH,LISTING_EVIDENCE_MISSING;DELISTING_STATUS_UNVERIFIED;FIRST_PRICE_IS_NOT_LISTING_DATE;PIT_MEMBERSHIP_NOT_FULLY_VERIFIED,Candidate interval only. Not enabled for engine.
DIVA,,,,UNKNOWN,,UNKNOWN,0,False,,,UNKNOWN,UNKNOWN,UNKNOWN,False,False,STRICT: date >= pit_start AND date <= pit_end(if verified) AND date not inside explicit suspension interval,RESEARCH_PROXY: first observed price may define a LOW-confidence start only; never label it official listing,HIGH,LISTING_EVIDENCE_MISSING;DELISTING_STATUS_UNVERIFIED;FIRST_PRICE_IS_NOT_LISTING_DATE;PIT_MEMBERSHIP_NOT_FULLY_VERIFIED,Candidate interval only. Not enabled for engine.
DKFT,,,,UNKNOWN,,UNKNOWN,0,False,,,UNKNOWN,UNKNOWN,UNKNOWN,False,False,STRICT: date >= pit_start AND date <= pit_end(if verified) AND date not inside explicit suspension interval,RESEARCH_PROXY: first observed price may define a LOW-confidence start only; never label it official listing,HIGH,LISTING_EVIDENCE_MISSING;DELISTING_STATUS_UNVERIFIED;FIRST_PRICE_IS_NOT_LISTING_DATE;PIT_MEMBERSHIP_NOT_FULLY_VERIFIED,Candidate interval only. Not enabled for engine.
DKHH,,,,UNKNOWN,,UNKNOWN,0,False,,,UNKNOWN,UNKNOWN,UNKNOWN,False,False,STRICT: date >= pit_start AND date <= pit_end(if verified) AND date not inside explicit suspension interval,RESEARCH_PROXY: first observed price may define a LOW-confidence start only; never label it official listing,HIGH,LISTING_EVIDENCE_MISSING;DELISTING_STATUS_UNVERIFIED;FIRST_PRICE_IS_NOT_LISTING_DATE;PIT_MEMBERSHIP_NOT_FULLY_VERIFIED,Candidate interval only. Not enabled for engine.
DLTA,,,,UNKNOWN,,UNKNOWN,0,False,,,UNKNOWN,UNKNOWN,UNKNOWN,False,False,STRICT: date >= pit_start AND date <= pit_end(if verified) AND date not inside explicit suspension interval,RESEARCH_PROXY: first observed price may define a LOW-confidence start only; never label it official listing,HIGH,LISTING_EVIDENCE_MISSING;DELISTING_STATUS_UNVERIFIED;FIRST_PRICE_IS_NOT_LISTING_DATE;PIT_MEMBERSHIP_NOT_FULLY_VERIFIED,Candidate interval only. Not enabled for engine.
DMAS,,,,UNKNOWN,,UNKNOWN,0,False,,,UNKNOWN,UNKNOWN,UNKNOWN,False,False,STRICT: date >= pit_start AND date <= pit_end(if verified) AND date not inside explicit suspension interval,RESEARCH_PROXY: first observed price may define a LOW-confidence start only; never label it official listing,HIGH,LISTING_EVIDENCE_MISSING;DELISTING_STATUS_UNVERIFIED;FIRST_PRICE_IS_NOT_LISTING_DATE;PIT_MEMBERSHIP_NOT_FULLY_VERIFIED,Candidate interval only. Not enabled for engine.
DMMX,,,,UNKNOWN,,UNKNOWN,0,False,,,UNKNOWN,UNKNOWN,UNKNOWN,False,False,STRICT: date >= pit_start AND date <= pit_end(if verified) AND date not inside explicit suspension interval,RESEARCH_PROXY: first observed price may define a LOW-confidence start only; never label it official listing,HIGH,LISTING_EVIDENCE_MISSING;DELISTING_STATUS_UNVERIFIED;FIRST_PRICE_IS_NOT_LISTING_DATE;PIT_MEMBERSHIP_NOT_FULLY_VERIFIED,Candidate interval only. Not enabled for engine.
DMND,,,,UNKNOWN,,UNKNOWN,0,False,,,UNKNOWN,UNKNOWN,UNKNOWN,False,False,STRICT: date >= pit_start AND date <= pit_end(if verified) AND date not inside explicit suspension interval,RESEARCH_PROXY: first observed price may define a LOW-confidence start only; never label it official listing,HIGH,LISTING_EVIDENCE_MISSING;DELISTING_STATUS_UNVERIFIED;FIRST_PRICE_IS_NOT_LISTING_DATE;PIT_MEMBERSHIP_NOT_FULLY_VERIFIED,Candidate interval only. Not enabled for engine.
DNAR,,,,UNKNOWN,,UNKNOWN,0,False,,,UNKNOWN,UNKNOWN,UNKNOWN,False,False,STRICT: date >= pit_start AND date <= pit_end(if verified) AND date not inside explicit suspension interval,RESEARCH_PROXY: first observed price may define a LOW-confidence start only; never label it official listing,HIGH,LISTING_EVIDENCE_MISSING;DELISTING_STATUS_UNVERIFIED;FIRST_PRICE_IS_NOT_LISTING_DATE;PIT_MEMBERSHIP_NOT_FULLY_VERIFIED,Candidate interval only. Not enabled for engine.
DNET,,,,UNKNOWN,,UNKNOWN,0,False,,,UNKNOWN,UNKNOWN,UNKNOWN,False,False,STRICT: date >= pit_start AND date <= pit_end(if verified) AND date not inside explicit suspension interval,RESEARCH_PROXY: first observed price may define a LOW-confidence start only; never label it official listing,HIGH,LISTING_EVIDENCE_MISSING;DELISTING_STATUS_UNVERIFIED;FIRST_PRICE_IS_NOT_LISTING_DATE;PIT_MEMBERSHIP_NOT_FULLY_VERIFIED,Candidate interval only. Not enabled for engine.
DOID,,,,UNKNOWN,,UNKNOWN,0,False,,,UNKNOWN,UNKNOWN,UNKNOWN,False,False,STRICT: date >= pit_start AND date <= pit_end(if verified) AND date not inside explicit suspension interval,RESEARCH_PROXY: first observed price may define a LOW-confidence start only; never label it official listing,HIGH,LISTING_EVIDENCE_MISSING;DELISTING_STATUS_UNVERIFIED;FIRST_PRICE_IS_NOT_LISTING_DATE;PIT_MEMBERSHIP_NOT_FULLY_VERIFIED,Candidate interval only. Not enabled for engine.
DOOH,,,,UNKNOWN,,UNKNOWN,0,False,,,UNKNOWN,UNKNOWN,UNKNOWN,False,False,STRICT: date >= pit_start AND date <= pit_end(if verified) AND date not inside explicit suspension interval,RESEARCH_PROXY: first observed price may define a LOW-confidence start only; never label it official listing,HIGH,LISTING_EVIDENCE_MISSING;DELISTING_STATUS_UNVERIFIED;FIRST_PRICE_IS_NOT_LISTING_DATE;PIT_MEMBERSHIP_NOT_FULLY_VERIFIED,Candidate interval only. Not enabled for engine.
DOSS,,,,UNKNOWN,,UNKNOWN,0,False,,,UNKNOWN,UNKNOWN,UNKNOWN,False,False,STRICT: date >= pit_start AND date <= pit_end(if verified) AND date not inside explicit suspension interval,RESEARCH_PROXY: first observed price may define a LOW-confidence start only; never label it official listing,HIGH,LISTING_EVIDENCE_MISSING;DELISTING_STATUS_UNVERIFIED;FIRST_PRICE_IS_NOT_LISTING_DATE;PIT_MEMBERSHIP_NOT_FULLY_VERIFIED,Candidate interval only. Not enabled for engine.
DPNS,,,,UNKNOWN,,UNKNOWN,0,False,,,UNKNOWN,UNKNOWN,UNKNOWN,False,False,STRICT: date >= pit_start AND date <= pit_end(if verified) AND date not inside explicit suspension interval,RESEARCH_PROXY: first observed price may define a LOW-confidence start only; never label it official listing,HIGH,LISTING_EVIDENCE_MISSING;DELISTING_STATUS_UNVERIFIED;FIRST_PRICE_IS_NOT_LISTING_DATE;PIT_MEMBERSHIP_NOT_FULLY_VERIFIED,Candidate interval only. Not enabled for engine.
DPUM,,,,UNKNOWN,,UNKNOWN,0,False,,,UNKNOWN,UNKNOWN,UNKNOWN,False,False,STRICT: date >= pit_start AND date <= pit_end(if verified) AND date not inside explicit suspension interval,RESEARCH_PROXY: first observed price may define a LOW-confidence start only; never label it official listing,HIGH,LISTING_EVIDENCE_MISSING;DELISTING_STATUS_UNVERIFIED;FIRST_PRICE_IS_NOT_LISTING_DATE;PIT_MEMBERSHIP_NOT_FULLY_VERIFIED,Candidate interval only. Not enabled for engine.
DRMA,,,,UNKNOWN,,UNKNOWN,0,False,,,UNKNOWN,UNKNOWN,UNKNOWN,False,False,STRICT: date >= pit_start AND date <= pit_end(if verified) AND date not inside explicit suspension interval,RESEARCH_PROXY: first observed price may define a LOW-confidence start only; never label it official listing,HIGH,LISTING_EVIDENCE_MISSING;DELISTING_STATUS_UNVERIFIED;FIRST_PRICE_IS_NOT_LISTING_DATE;PIT_MEMBERSHIP_NOT_FULLY_VERIFIED,Candidate interval only. Not enabled for engine.
DSFI,,,,UNKNOWN,,UNKNOWN,0,False,,,UNKNOWN,UNKNOWN,UNKNOWN,False,False,STRICT: date >= pit_start AND date <= pit_end(if verified) AND date not inside explicit suspension interval,RESEARCH_PROXY: first observed price may define a LOW-confidence start only; never label it official listing,HIGH,LISTING_EVIDENCE_MISSING;DELISTING_STATUS_UNVERIFIED;FIRST_PRICE_IS_NOT_LISTING_DATE;PIT_MEMBERSHIP_NOT_FULLY_VERIFIED,Candidate interval only. Not enabled for engine.
DSNG,,,,UNKNOWN,,UNKNOWN,0,False,,,UNKNOWN,UNKNOWN,UNKNOWN,False,False,STRICT: date >= pit_start AND date <= pit_end(if verified) AND date not inside explicit suspension interval,RESEARCH_PROXY: first observed price may define a LOW-confidence start only; never label it official listing,HIGH,LISTING_EVIDENCE_MISSING;DELISTING_STATUS_UNVERIFIED;FIRST_PRICE_IS_NOT_LISTING_DATE;PIT_MEMBERSHIP_NOT_FULLY_VERIFIED,Candidate interval only. Not enabled for engine.
DSSA,,,,UNKNOWN,,UNKNOWN,0,False,,,UNKNOWN,UNKNOWN,UNKNOWN,False,False,STRICT: date >= pit_start AND date <= pit_end(if verified) AND date not inside explicit suspension interval,RESEARCH_PROXY: first observed price may define a LOW-confidence start only; never label it official listing,HIGH,LISTING_EVIDENCE_MISSING;DELISTING_STATUS_UNVERIFIED;FIRST_PRICE_IS_NOT_LISTING_DATE;PIT_MEMBERSHIP_NOT_FULLY_VERIFIED,Candidate interval only. Not enabled for engine.
DUTI,,,,UNKNOWN,,UNKNOWN,0,False,,,UNKNOWN,UNKNOWN,UNKNOWN,False,False,STRICT: date >= pit_start AND date <= pit_end(if verified) AND date not inside explicit suspension interval,RESEARCH_PROXY: first observed price may define a LOW-confidence start only; never label it official listing,HIGH,LISTING_EVIDENCE_MISSING;DELISTING_STATUS_UNVERIFIED;FIRST_PRICE_IS_NOT_LISTING_DATE;PIT_MEMBERSHIP_NOT_FULLY_VERIFIED,Candidate interval only. Not enabled for engine.
DVLA,,,,UNKNOWN,,UNKNOWN,0,False,,,UNKNOWN,UNKNOWN,UNKNOWN,False,False,STRICT: date >= pit_start AND date <= pit_end(if verified) AND date not inside explicit suspension interval,RESEARCH_PROXY: first observed price may define a LOW-confidence start only; never label it official listing,HIGH,LISTING_EVIDENCE_MISSING;DELISTING_STATUS_UNVERIFIED;FIRST_PRICE_IS_NOT_LISTING_DATE;PIT_MEMBERSHIP_NOT_FULLY_VERIFIED,Candidate interval only. Not enabled for engine.
DWGL,,,,UNKNOWN,,UNKNOWN,0,False,,,UNKNOWN,UNKNOWN,UNKNOWN,False,False,STRICT: date >= pit_start AND date <= pit_end(if verified) AND date not inside explicit suspension interval,RESEARCH_PROXY: first observed price may define a LOW-confidence start only; never label it official listing,HIGH,LISTING_EVIDENCE_MISSING;DELISTING_STATUS_UNVERIFIED;FIRST_PRICE_IS_NOT_LISTING_DATE;PIT_MEMBERSHIP_NOT_FULLY_VERIFIED,Candidate interval only. Not enabled for engine.
DYAN,,,,UNKNOWN,,UNKNOWN,0,False,,,UNKNOWN,UNKNOWN,UNKNOWN,False,False,STRICT: date >= pit_start AND date <= pit_end(if verified) AND date not inside explicit suspension interval,RESEARCH_PROXY: first observed price may define a LOW-confidence start only; never label it official listing,HIGH,LISTING_EVIDENCE_MISSING;DELISTING_STATUS_UNVERIFIED;FIRST_PRICE_IS_NOT_LISTING_DATE;PIT_MEMBERSHIP_NOT_FULLY_VERIFIED,Candidate interval only. Not enabled for engine.
EAST,,,,UNKNOWN,,UNKNOWN,0,False,,,UNKNOWN,UNKNOWN,UNKNOWN,False,False,STRICT: date >= pit_start AND date <= pit_end(if verified) AND date not inside explicit suspension interval,RESEARCH_PROXY: first observed price may define a LOW-confidence start only; never label it official listing,HIGH,LISTING_EVIDENCE_MISSING;DELISTING_STATUS_UNVERIFIED;FIRST_PRICE_IS_NOT_LISTING_DATE;PIT_MEMBERSHIP_NOT_FULLY_VERIFIED,Candidate interval only. Not enabled for engine.
ECII,,,,UNKNOWN,,UNKNOWN,0,False,,,UNKNOWN,UNKNOWN,UNKNOWN,False,False,STRICT: date >= pit_start AND date <= pit_end(if verified) AND date not inside explicit suspension interval,RESEARCH_PROXY: first observed price may define a LOW-confidence start only; never label it official listing,HIGH,LISTING_EVIDENCE_MISSING;DELISTING_STATUS_UNVERIFIED;FIRST_PRICE_IS_NOT_LISTING_DATE;PIT_MEMBERSHIP_NOT_FULLY_VERIFIED,Candidate interval only. Not enabled for engine.
EDGE,,,,UNKNOWN,,UNKNOWN,0,False,,,UNKNOWN,UNKNOWN,UNKNOWN,False,False,STRICT: date >= pit_start AND date <= pit_end(if verified) AND date not inside explicit suspension interval,RESEARCH_PROXY: first observed price may define a LOW-confidence start only; never label it official listing,HIGH,LISTING_EVIDENCE_MISSING;DELISTING_STATUS_UNVERIFIED;FIRST_PRICE_IS_NOT_LISTING_DATE;PIT_MEMBERSHIP_NOT_FULLY_VERIFIED,Candidate interval only. Not enabled for engine.
EKAD,,,,UNKNOWN,,UNKNOWN,0,False,,,UNKNOWN,UNKNOWN,UNKNOWN,False,False,STRICT: date >= pit_start AND date <= pit_end(if verified) AND date not inside explicit suspension interval,RESEARCH_PROXY: first observed price may define a LOW-confidence start only; never label it official listing,HIGH,LISTING_EVIDENCE_MISSING;DELISTING_STATUS_UNVERIFIED;FIRST_PRICE_IS_NOT_LISTING_DATE;PIT_MEMBERSHIP_NOT_FULLY_VERIFIED,Candidate interval only. Not enabled for engine.
ELIT,,,,UNKNOWN,,UNKNOWN,0,False,,,UNKNOWN,UNKNOWN,UNKNOWN,False,False,STRICT: date >= pit_start AND date <= pit_end(if verified) AND date not inside explicit suspension interval,RESEARCH_PROXY: first observed price may define a LOW-confidence start only; never label it official listing,HIGH,LISTING_EVIDENCE_MISSING;DELISTING_STATUS_UNVERIFIED;FIRST_PRICE_IS_NOT_LISTING_DATE;PIT_MEMBERSHIP_NOT_FULLY_VERIFIED,Candidate interval only. Not enabled for engine.
ELPI,,,,UNKNOWN,,UNKNOWN,0,False,,,UNKNOWN,UNKNOWN,UNKNOWN,False,False,STRICT: date >= pit_start AND date <= pit_end(if verified) AND date not inside explicit suspension interval,RESEARCH_PROXY: first observed price may define a LOW-confidence start only; never label it official listing,HIGH,LISTING_EVIDENCE_MISSING;DELISTING_STATUS_UNVERIFIED;FIRST_PRICE_IS_NOT_LISTING_DATE;PIT_MEMBERSHIP_NOT_FULLY_VERIFIED,Candidate interval only. Not enabled for engine.
ELSA,,,,UNKNOWN,,UNKNOWN,0,False,,,UNKNOWN,UNKNOWN,UNKNOWN,False,False,STRICT: date >= pit_start AND date <= pit_end(if verified) AND date not inside explicit suspension interval,RESEARCH_PROXY: first observed price may define a LOW-confidence start only; never label it official listing,HIGH,LISTING_EVIDENCE_MISSING;DELISTING_STATUS_UNVERIFIED;FIRST_PRICE_IS_NOT_LISTING_DATE;PIT_MEMBERSHIP_NOT_FULLY_VERIFIED,Candidate interval only. Not enabled for engine.
ELTY,,,,UNKNOWN,,UNKNOWN,0,False,,,UNKNOWN,UNKNOWN,UNKNOWN,False,False,STRICT: date >= pit_start AND date <= pit_end(if verified) AND date not inside explicit suspension interval,RESEARCH_PROXY: first observed price may define a LOW-confidence start only; never label it official listing,HIGH,LISTING_EVIDENCE_MISSING;DELISTING_STATUS_UNVERIFIED;FIRST_PRICE_IS_NOT_LISTING_DATE;PIT_MEMBERSHIP_NOT_FULLY_VERIFIED,Candidate interval only. Not enabled for engine.
EMAS,,,,UNKNOWN,,UNKNOWN,0,False,,,UNKNOWN,UNKNOWN,UNKNOWN,False,False,STRICT: date >= pit_start AND date <= pit_end(if verified) AND date not inside explicit suspension interval,RESEARCH_PROXY: first observed price may define a LOW-confidence start only; never label it official listing,HIGH,LISTING_EVIDENCE_MISSING;DELISTING_STATUS_UNVERIFIED;FIRST_PRICE_IS_NOT_LISTING_DATE;PIT_MEMBERSHIP_NOT_FULLY_VERIFIED,Candidate interval only. Not enabled for engine.
EMDE,,,,UNKNOWN,,UNKNOWN,0,False,,,UNKNOWN,UNKNOWN,UNKNOWN,False,False,STRICT: date >= pit_start AND date <= pit_end(if verified) AND date not inside explicit suspension interval,RESEARCH_PROXY: first observed price may define a LOW-confidence start only; never label it official listing,HIGH,LISTING_EVIDENCE_MISSING;DELISTING_STATUS_UNVERIFIED;FIRST_PRICE_IS_NOT_LISTING_DATE;PIT_MEMBERSHIP_NOT_FULLY_VERIFIED,Candidate interval only. Not enabled for engine.
EMTK,,,,UNKNOWN,,UNKNOWN,0,False,,,UNKNOWN,UNKNOWN,UNKNOWN,False,False,STRICT: date >= pit_start AND date <= pit_end(if verified) AND date not inside explicit suspension interval,RESEARCH_PROXY: first observed price may define a LOW-confidence start only; never label it official listing,HIGH,LISTING_EVIDENCE_MISSING;DELISTING_STATUS_UNVERIFIED;FIRST_PRICE_IS_NOT_LISTING_DATE;PIT_MEMBERSHIP_NOT_FULLY_VERIFIED,Candidate interval only. Not enabled for engine.
ENAK,,,,UNKNOWN,,UNKNOWN,0,False,,,UNKNOWN,UNKNOWN,UNKNOWN,False,False,STRICT: date >= pit_start AND date <= pit_end(if verified) AND date not inside explicit suspension interval,RESEARCH_PROXY: first observed price may define a LOW-confidence start only; never label it official listing,HIGH,LISTING_EVIDENCE_MISSING;DELISTING_STATUS_UNVERIFIED;FIRST_PRICE_IS_NOT_LISTING_DATE;PIT_MEMBERSHIP_NOT_FULLY_VERIFIED,Candidate interval only. Not enabled for engine.
ENRG,,,,UNKNOWN,,UNKNOWN,0,False,,,UNKNOWN,UNKNOWN,UNKNOWN,False,False,STRICT: date >= pit_start AND date <= pit_end(if verified) AND date not inside explicit suspension interval,RESEARCH_PROXY: first observed price may define a LOW-confidence start only; never label it official listing,HIGH,LISTING_EVIDENCE_MISSING;DELISTING_STATUS_UNVERIFIED;FIRST_PRICE_IS_NOT_LISTING_DATE;PIT_MEMBERSHIP_NOT_FULLY_VERIFIED,Candidate interval only. Not enabled for engine.
ENZO,,,,UNKNOWN,,UNKNOWN,0,False,,,UNKNOWN,UNKNOWN,UNKNOWN,False,False,STRICT: date >= pit_start AND date <= pit_end(if verified) AND date not inside explicit suspension interval,RESEARCH_PROXY: first observed price may define a LOW-confidence start only; never label it official listing,HIGH,LISTING_EVIDENCE_MISSING;DELISTING_STATUS_UNVERIFIED;FIRST_PRICE_IS_NOT_LISTING_DATE;PIT_MEMBERSHIP_NOT_FULLY_VERIFIED,Candidate interval only. Not enabled for engine.
EPAC,,,,UNKNOWN,,UNKNOWN,0,False,,,UNKNOWN,UNKNOWN,UNKNOWN,False,False,STRICT: date >= pit_start AND date <= pit_end(if verified) AND date not inside explicit suspension interval,RESEARCH_PROXY: first observed price may define a LOW-confidence start only; never label it official listing,HIGH,LISTING_EVIDENCE_MISSING;DELISTING_STATUS_UNVERIFIED;FIRST_PRICE_IS_NOT_LISTING_DATE;PIT_MEMBERSHIP_NOT_FULLY_VERIFIED,Candidate interval only. Not enabled for engine.
EPMT,,,,UNKNOWN,,UNKNOWN,0,False,,,UNKNOWN,UNKNOWN,UNKNOWN,False,False,STRICT: date >= pit_start AND date <= pit_end(if verified) AND date not inside explicit suspension interval,RESEARCH_PROXY: first observed price may define a LOW-confidence start only; never label it official listing,HIGH,LISTING_EVIDENCE_MISSING;DELISTING_STATUS_UNVERIFIED;FIRST_PRICE_IS_NOT_LISTING_DATE;PIT_MEMBERSHIP_NOT_FULLY_VERIFIED,Candidate interval only. Not enabled for engine.
ERAA,,,,UNKNOWN,,UNKNOWN,0,False,,,UNKNOWN,UNKNOWN,UNKNOWN,False,False,STRICT: date >= pit_start AND date <= pit_end(if verified) AND date not inside explicit suspension interval,RESEARCH_PROXY: first observed price may define a LOW-confidence start only; never label it official listing,HIGH,LISTING_EVIDENCE_MISSING;DELISTING_STATUS_UNVERIFIED;FIRST_PRICE_IS_NOT_LISTING_DATE;PIT_MEMBERSHIP_NOT_FULLY_VERIFIED,Candidate interval only. Not enabled for engine.
ERAL,,,,UNKNOWN,,UNKNOWN,0,False,,,UNKNOWN,UNKNOWN,UNKNOWN,False,False,STRICT: date >= pit_start AND date <= pit_end(if verified) AND date not inside explicit suspension interval,RESEARCH_PROXY: first observed price may define a LOW-confidence start only; never label it official listing,HIGH,LISTING_EVIDENCE_MISSING;DELISTING_STATUS_UNVERIFIED;FIRST_PRICE_IS_NOT_LISTING_DATE;PIT_MEMBERSHIP_NOT_FULLY_VERIFIED,Candidate interval only. Not enabled for engine.
ERTX,,,,UNKNOWN,,UNKNOWN,0,False,,,UNKNOWN,UNKNOWN,UNKNOWN,False,False,STRICT: date >= pit_start AND date <= pit_end(if verified) AND date not inside explicit suspension interval,RESEARCH_PROXY: first observed price may define a LOW-confidence start only; never label it official listing,HIGH,LISTING_EVIDENCE_MISSING;DELISTING_STATUS_UNVERIFIED;FIRST_PRICE_IS_NOT_LISTING_DATE;PIT_MEMBERSHIP_NOT_FULLY_VERIFIED,Candidate interval only. Not enabled for engine.
ESIP,,,,UNKNOWN,,UNKNOWN,0,False,,,UNKNOWN,UNKNOWN,UNKNOWN,False,False,STRICT: date >= pit_start AND date <= pit_end(if verified) AND date not inside explicit suspension interval,RESEARCH_PROXY: first observed price may define a LOW-confidence start only; never label it official listing,HIGH,LISTING_EVIDENCE_MISSING;DELISTING_STATUS_UNVERIFIED;FIRST_PRICE_IS_NOT_LISTING_DATE;PIT_MEMBERSHIP_NOT_FULLY_VERIFIED,Candidate interval only. Not enabled for engine.
ESSA,,,,UNKNOWN,,UNKNOWN,0,False,,,UNKNOWN,UNKNOWN,UNKNOWN,False,False,STRICT: date >= pit_start AND date <= pit_end(if verified) AND date not inside explicit suspension interval,RESEARCH_PROXY: first observed price may define a LOW-confidence start only; never label it official listing,HIGH,LISTING_EVIDENCE_MISSING;DELISTING_STATUS_UNVERIFIED;FIRST_PRICE_IS_NOT_LISTING_DATE;PIT_MEMBERSHIP_NOT_FULLY_VERIFIED,Candidate interval only. Not enabled for engine.
ESTA,,,,UNKNOWN,,UNKNOWN,0,False,,,UNKNOWN,UNKNOWN,UNKNOWN,False,False,STRICT: date >= pit_start AND date <= pit_end(if verified) AND date not inside explicit suspension interval,RESEARCH_PROXY: first observed price may define a LOW-confidence start only; never label it official listing,HIGH,LISTING_EVIDENCE_MISSING;DELISTING_STATUS_UNVERIFIED;FIRST_PRICE_IS_NOT_LISTING_DATE;PIT_MEMBERSHIP_NOT_FULLY_VERIFIED,Candidate interval only. Not enabled for engine.
ESTI,,,,UNKNOWN,,UNKNOWN,0,False,,,UNKNOWN,UNKNOWN,UNKNOWN,False,False,STRICT: date >= pit_start AND date <= pit_end(if verified) AND date not inside explicit suspension interval,RESEARCH_PROXY: first observed price may define a LOW-confidence start only; never label it official listing,HIGH,LISTING_EVIDENCE_MISSING;DELISTING_STATUS_UNVERIFIED;FIRST_PRICE_IS_NOT_LISTING_DATE;PIT_MEMBERSHIP_NOT_FULLY_VERIFIED,Candidate interval only. Not enabled for engine.
ETWA,,,,UNKNOWN,,UNKNOWN,0,False,,,UNKNOWN,UNKNOWN,UNKNOWN,False,False,STRICT: date >= pit_start AND date <= pit_end(if verified) AND date not inside explicit suspension interval,RESEARCH_PROXY: first observed price may define a LOW-confidence start only; never label it official listing,HIGH,LISTING_EVIDENCE_MISSING;DELISTING_STATUS_UNVERIFIED;FIRST_PRICE_IS_NOT_LISTING_DATE;PIT_MEMBERSHIP_NOT_FULLY_VERIFIED,Candidate interval only. Not enabled for engine.
EURO,,,,UNKNOWN,,UNKNOWN,0,False,,,UNKNOWN,UNKNOWN,UNKNOWN,False,False,STRICT: date >= pit_start AND date <= pit_end(if verified) AND date not inside explicit suspension interval,RESEARCH_PROXY: first observed price may define a LOW-confidence start only; never label it official listing,HIGH,LISTING_EVIDENCE_MISSING;DELISTING_STATUS_UNVERIFIED;FIRST_PRICE_IS_NOT_LISTING_DATE;PIT_MEMBERSHIP_NOT_FULLY_VERIFIED,Candidate interval only. Not enabled for engine.
EXCL,,,,UNKNOWN,,UNKNOWN,0,False,,,UNKNOWN,UNKNOWN,UNKNOWN,False,False,STRICT: date >= pit_start AND date <= pit_end(if verified) AND date not inside explicit suspension interval,RESEARCH_PROXY: first observed price may define a LOW-confidence start only; never label it official listing,HIGH,LISTING_EVIDENCE_MISSING;DELISTING_STATUS_UNVERIFIED;FIRST_PRICE_IS_NOT_LISTING_DATE;PIT_MEMBERSHIP_NOT_FULLY_VERIFIED,Candidate interval only. Not enabled for engine.
FAPA,,,,UNKNOWN,,UNKNOWN,0,False,,,UNKNOWN,UNKNOWN,UNKNOWN,False,False,STRICT: date >= pit_start AND date <= pit_end(if verified) AND date not inside explicit suspension interval,RESEARCH_PROXY: first observed price may define a LOW-confidence start only; never label it official listing,HIGH,LISTING_EVIDENCE_MISSING;DELISTING_STATUS_UNVERIFIED;FIRST_PRICE_IS_NOT_LISTING_DATE;PIT_MEMBERSHIP_NOT_FULLY_VERIFIED,Candidate interval only. Not enabled for engine.
FAST,,,,UNKNOWN,,UNKNOWN,0,False,,,UNKNOWN,UNKNOWN,UNKNOWN,False,False,STRICT: date >= pit_start AND date <= pit_end(if verified) AND date not inside explicit suspension interval,RESEARCH_PROXY: first observed price may define a LOW-confidence start only; never label it official listing,HIGH,LISTING_EVIDENCE_MISSING;DELISTING_STATUS_UNVERIFIED;FIRST_PRICE_IS_NOT_LISTING_DATE;PIT_MEMBERSHIP_NOT_FULLY_VERIFIED,Candidate interval only. Not enabled for engine.
FASW,,,,UNKNOWN,,UNKNOWN,0,False,,,UNKNOWN,UNKNOWN,UNKNOWN,False,False,STRICT: date >= pit_start AND date <= pit_end(if verified) AND date not inside explicit suspension interval,RESEARCH_PROXY: first observed price may define a LOW-confidence start only; never label it official listing,HIGH,LISTING_EVIDENCE_MISSING;DELISTING_STATUS_UNVERIFIED;FIRST_PRICE_IS_NOT_LISTING_DATE;PIT_MEMBERSHIP_NOT_FULLY_VERIFIED,Candidate interval only. Not enabled for engine.
FILM,,,,UNKNOWN,,UNKNOWN,0,False,,,UNKNOWN,UNKNOWN,UNKNOWN,False,False,STRICT: date >= pit_start AND date <= pit_end(if verified) AND date not inside explicit suspension interval,RESEARCH_PROXY: first observed price may define a LOW-confidence start only; never label it official listing,HIGH,LISTING_EVIDENCE_MISSING;DELISTING_STATUS_UNVERIFIED;FIRST_PRICE_IS_NOT_LISTING_DATE;PIT_MEMBERSHIP_NOT_FULLY_VERIFIED,Candidate interval only. Not enabled for engine.
FIMP,,,,UNKNOWN,,UNKNOWN,0,False,,,UNKNOWN,UNKNOWN,UNKNOWN,False,False,STRICT: date >= pit_start AND date <= pit_end(if verified) AND date not inside explicit suspension interval,RESEARCH_PROXY: first observed price may define a LOW-confidence start only; never label it official listing,HIGH,LISTING_EVIDENCE_MISSING;DELISTING_STATUS_UNVERIFIED;FIRST_PRICE_IS_NOT_LISTING_DATE;PIT_MEMBERSHIP_NOT_FULLY_VERIFIED,Candidate interval only. Not enabled for engine.
FIRE,,,,UNKNOWN,,UNKNOWN,0,False,,,UNKNOWN,UNKNOWN,UNKNOWN,False,False,STRICT: date >= pit_start AND date <= pit_end(if verified) AND date not inside explicit suspension interval,RESEARCH_PROXY: first observed price may define a LOW-confidence start only; never label it official listing,HIGH,LISTING_EVIDENCE_MISSING;DELISTING_STATUS_UNVERIFIED;FIRST_PRICE_IS_NOT_LISTING_DATE;PIT_MEMBERSHIP_NOT_FULLY_VERIFIED,Candidate interval only. Not enabled for engine.
FISH,,,,UNKNOWN,,UNKNOWN,0,False,,,UNKNOWN,UNKNOWN,UNKNOWN,False,False,STRICT: date >= pit_start AND date <= pit_end(if verified) AND date not inside explicit suspension interval,RESEARCH_PROXY: first observed price may define a LOW-confidence start only; never label it official listing,HIGH,LISTING_EVIDENCE_MISSING;DELISTING_STATUS_UNVERIFIED;FIRST_PRICE_IS_NOT_LISTING_DATE;PIT_MEMBERSHIP_NOT_FULLY_VERIFIED,Candidate interval only. Not enabled for engine.
FITT,,,,UNKNOWN,,UNKNOWN,0,False,,,UNKNOWN,UNKNOWN,UNKNOWN,False,False,STRICT: date >= pit_start AND date <= pit_end(if verified) AND date not inside explicit suspension interval,RESEARCH_PROXY: first observed price may define a LOW-confidence start only; never label it official listing,HIGH,LISTING_EVIDENCE_MISSING;DELISTING_STATUS_UNVERIFIED;FIRST_PRICE_IS_NOT_LISTING_DATE;PIT_MEMBERSHIP_NOT_FULLY_VERIFIED,Candidate interval only. Not enabled for engine.
FLMC,,,,UNKNOWN,,UNKNOWN,0,False,,,UNKNOWN,UNKNOWN,UNKNOWN,False,False,STRICT: date >= pit_start AND date <= pit_end(if verified) AND date not inside explicit suspension interval,RESEARCH_PROXY: first observed price may define a LOW-confidence start only; never label it official listing,HIGH,LISTING_EVIDENCE_MISSING;DELISTING_STATUS_UNVERIFIED;FIRST_PRICE_IS_NOT_LISTING_DATE;PIT_MEMBERSHIP_NOT_FULLY_VERIFIED,Candidate interval only. Not enabled for engine.
FMII,,,,UNKNOWN,,UNKNOWN,0,False,,,UNKNOWN,UNKNOWN,UNKNOWN,False,False,STRICT: date >= pit_start AND date <= pit_end(if verified) AND date not inside explicit suspension interval,RESEARCH_PROXY: first observed price may define a LOW-confidence start only; never label it official listing,HIGH,LISTING_EVIDENCE_MISSING;DELISTING_STATUS_UNVERIFIED;FIRST_PRICE_IS_NOT_LISTING_DATE;PIT_MEMBERSHIP_NOT_FULLY_VERIFIED,Candidate interval only. Not enabled for engine.
FOLK,,,,UNKNOWN,,UNKNOWN,0,False,,,UNKNOWN,UNKNOWN,UNKNOWN,False,False,STRICT: date >= pit_start AND date <= pit_end(if verified) AND date not inside explicit suspension interval,RESEARCH_PROXY: first observed price may define a LOW-confidence start only; never label it official listing,HIGH,LISTING_EVIDENCE_MISSING;DELISTING_STATUS_UNVERIFIED;FIRST_PRICE_IS_NOT_LISTING_DATE;PIT_MEMBERSHIP_NOT_FULLY_VERIFIED,Candidate interval only. Not enabled for engine.
FOOD,,,,UNKNOWN,,UNKNOWN,0,False,,,UNKNOWN,UNKNOWN,UNKNOWN,False,False,STRICT: date >= pit_start AND date <= pit_end(if verified) AND date not inside explicit suspension interval,RESEARCH_PROXY: first observed price may define a LOW-confidence start only; never label it official listing,HIGH,LISTING_EVIDENCE_MISSING;DELISTING_STATUS_UNVERIFIED;FIRST_PRICE_IS_NOT_LISTING_DATE;PIT_MEMBERSHIP_NOT_FULLY_VERIFIED,Candidate interval only. Not enabled for engine.
FORE,,,,UNKNOWN,,UNKNOWN,0,False,,,UNKNOWN,UNKNOWN,UNKNOWN,False,False,STRICT: date >= pit_start AND date <= pit_end(if verified) AND date not inside explicit suspension interval,RESEARCH_PROXY: first observed price may define a LOW-confidence start only; never label it official listing,HIGH,LISTING_EVIDENCE_MISSING;DELISTING_STATUS_UNVERIFIED;FIRST_PRICE_IS_NOT_LISTING_DATE;PIT_MEMBERSHIP_NOT_FULLY_VERIFIED,Candidate interval only. Not enabled for engine.
FORU,,,,UNKNOWN,,UNKNOWN,0,False,,,UNKNOWN,UNKNOWN,UNKNOWN,False,False,STRICT: date >= pit_start AND date <= pit_end(if verified) AND date not inside explicit suspension interval,RESEARCH_PROXY: first observed price may define a LOW-confidence start only; never label it official listing,HIGH,LISTING_EVIDENCE_MISSING;DELISTING_STATUS_UNVERIFIED;FIRST_PRICE_IS_NOT_LISTING_DATE;PIT_MEMBERSHIP_NOT_FULLY_VERIFIED,Candidate interval only. Not enabled for engine.
FPNI,,,,UNKNOWN,,UNKNOWN,0,False,,,UNKNOWN,UNKNOWN,UNKNOWN,False,False,STRICT: date >= pit_start AND date <= pit_end(if verified) AND date not inside explicit suspension interval,RESEARCH_PROXY: first observed price may define a LOW-confidence start only; never label it official listing,HIGH,LISTING_EVIDENCE_MISSING;DELISTING_STATUS_UNVERIFIED;FIRST_PRICE_IS_NOT_LISTING_DATE;PIT_MEMBERSHIP_NOT_FULLY_VERIFIED,Candidate interval only. Not enabled for engine.
FUJI,,,,UNKNOWN,,UNKNOWN,0,False,,,UNKNOWN,UNKNOWN,UNKNOWN,False,False,STRICT: date >= pit_start AND date <= pit_end(if verified) AND date not inside explicit suspension interval,RESEARCH_PROXY: first observed price may define a LOW-confidence start only; never label it official listing,HIGH,LISTING_EVIDENCE_MISSING;DELISTING_STATUS_UNVERIFIED;FIRST_PRICE_IS_NOT_LISTING_DATE;PIT_MEMBERSHIP_NOT_FULLY_VERIFIED,Candidate interval only. Not enabled for engine.
FUTR,,,,UNKNOWN,,UNKNOWN,0,False,,,UNKNOWN,UNKNOWN,UNKNOWN,False,False,STRICT: date >= pit_start AND date <= pit_end(if verified) AND date not inside explicit suspension interval,RESEARCH_PROXY: first observed price may define a LOW-confidence start only; never label it official listing,HIGH,LISTING_EVIDENCE_MISSING;DELISTING_STATUS_UNVERIFIED;FIRST_PRICE_IS_NOT_LISTING_DATE;PIT_MEMBERSHIP_NOT_FULLY_VERIFIED,Candidate interval only. Not enabled for engine.
FWCT,,,,UNKNOWN,,UNKNOWN,0,False,,,UNKNOWN,UNKNOWN,UNKNOWN,False,False,STRICT: date >= pit_start AND date <= pit_end(if verified) AND date not inside explicit suspension interval,RESEARCH_PROXY: first observed price may define a LOW-confidence start only; never label it official listing,HIGH,LISTING_EVIDENCE_MISSING;DELISTING_STATUS_UNVERIFIED;FIRST_PRICE_IS_NOT_LISTING_DATE;PIT_MEMBERSHIP_NOT_FULLY_VERIFIED,Candidate interval only. Not enabled for engine.
GDST,,,,UNKNOWN,,UNKNOWN,0,False,,,UNKNOWN,UNKNOWN,UNKNOWN,False,False,STRICT: date >= pit_start AND date <= pit_end(if verified) AND date not inside explicit suspension interval,RESEARCH_PROXY: first observed price may define a LOW-confidence start only; never label it official listing,HIGH,LISTING_EVIDENCE_MISSING;DELISTING_STATUS_UNVERIFIED;FIRST_PRICE_IS_NOT_LISTING_DATE;PIT_MEMBERSHIP_NOT_FULLY_VERIFIED,Candidate interval only. Not enabled for engine.
GDYR,,,,UNKNOWN,,UNKNOWN,0,False,,,UNKNOWN,UNKNOWN,UNKNOWN,False,False,STRICT: date >= pit_start AND date <= pit_end(if verified) AND date not inside explicit suspension interval,RESEARCH_PROXY: first observed price may define a LOW-confidence start only; never label it official listing,HIGH,LISTING_EVIDENCE_MISSING;DELISTING_STATUS_UNVERIFIED;FIRST_PRICE_IS_NOT_LISTING_DATE;PIT_MEMBERSHIP_NOT_FULLY_VERIFIED,Candidate interval only. Not enabled for engine.
GEMA,,,,UNKNOWN,,UNKNOWN,0,False,,,UNKNOWN,UNKNOWN,UNKNOWN,False,False,STRICT: date >= pit_start AND date <= pit_end(if verified) AND date not inside explicit suspension interval,RESEARCH_PROXY: first observed price may define a LOW-confidence start only; never label it official listing,HIGH,LISTING_EVIDENCE_MISSING;DELISTING_STATUS_UNVERIFIED;FIRST_PRICE_IS_NOT_LISTING_DATE;PIT_MEMBERSHIP_NOT_FULLY_VERIFIED,Candidate interval only. Not enabled for engine.
GEMS,,,,UNKNOWN,,UNKNOWN,0,False,,,UNKNOWN,UNKNOWN,UNKNOWN,False,False,STRICT: date >= pit_start AND date <= pit_end(if verified) AND date not inside explicit suspension interval,RESEARCH_PROXY: first observed price may define a LOW-confidence start only; never label it official listing,HIGH,LISTING_EVIDENCE_MISSING;DELISTING_STATUS_UNVERIFIED;FIRST_PRICE_IS_NOT_LISTING_DATE;PIT_MEMBERSHIP_NOT_FULLY_VERIFIED,Candidate interval only. Not enabled for engine.
GGRM,,,,UNKNOWN,,UNKNOWN,0,False,,,UNKNOWN,UNKNOWN,UNKNOWN,False,False,STRICT: date >= pit_start AND date <= pit_end(if verified) AND date not inside explicit suspension interval,RESEARCH_PROXY: first observed price may define a LOW-confidence start only; never label it official listing,HIGH,LISTING_EVIDENCE_MISSING;DELISTING_STATUS_UNVERIFIED;FIRST_PRICE_IS_NOT_LISTING_DATE;PIT_MEMBERSHIP_NOT_FULLY_VERIFIED,Candidate interval only. Not enabled for engine.
GGRP,,,,UNKNOWN,,UNKNOWN,0,False,,,UNKNOWN,UNKNOWN,UNKNOWN,False,False,STRICT: date >= pit_start AND date <= pit_end(if verified) AND date not inside explicit suspension interval,RESEARCH_PROXY: first observed price may define a LOW-confidence start only; never label it official listing,HIGH,LISTING_EVIDENCE_MISSING;DELISTING_STATUS_UNVERIFIED;FIRST_PRICE_IS_NOT_LISTING_DATE;PIT_MEMBERSHIP_NOT_FULLY_VERIFIED,Candidate interval only. Not enabled for engine.
GHON,,,,UNKNOWN,,UNKNOWN,0,False,,,UNKNOWN,UNKNOWN,UNKNOWN,False,False,STRICT: date >= pit_start AND date <= pit_end(if verified) AND date not inside explicit suspension interval,RESEARCH_PROXY: first observed price may define a LOW-confidence start only; never label it official listing,HIGH,LISTING_EVIDENCE_MISSING;DELISTING_STATUS_UNVERIFIED;FIRST_PRICE_IS_NOT_LISTING_DATE;PIT_MEMBERSHIP_NOT_FULLY_VERIFIED,Candidate interval only. Not enabled for engine.
GIAA,,,,UNKNOWN,,UNKNOWN,0,False,,,UNKNOWN,UNKNOWN,UNKNOWN,False,False,STRICT: date >= pit_start AND date <= pit_end(if verified) AND date not inside explicit suspension interval,RESEARCH_PROXY: first observed price may define a LOW-confidence start only; never label it official listing,HIGH,LISTING_EVIDENCE_MISSING;DELISTING_STATUS_UNVERIFIED;FIRST_PRICE_IS_NOT_LISTING_DATE;PIT_MEMBERSHIP_NOT_FULLY_VERIFIED,Candidate interval only. Not enabled for engine.
GJTL,,,,UNKNOWN,,UNKNOWN,0,False,,,UNKNOWN,UNKNOWN,UNKNOWN,False,False,STRICT: date >= pit_start AND date <= pit_end(if verified) AND date not inside explicit suspension interval,RESEARCH_PROXY: first observed price may define a LOW-confidence start only; never label it official listing,HIGH,LISTING_EVIDENCE_MISSING;DELISTING_STATUS_UNVERIFIED;FIRST_PRICE_IS_NOT_LISTING_DATE;PIT_MEMBERSHIP_NOT_FULLY_VERIFIED,Candidate interval only. Not enabled for engine.
GLOB,,,,UNKNOWN,,UNKNOWN,0,False,,,UNKNOWN,UNKNOWN,UNKNOWN,False,False,STRICT: date >= pit_start AND date <= pit_end(if verified) AND date not inside explicit suspension interval,RESEARCH_PROXY: first observed price may define a LOW-confidence start only; never label it official listing,HIGH,LISTING_EVIDENCE_MISSING;DELISTING_STATUS_UNVERIFIED;FIRST_PRICE_IS_NOT_LISTING_DATE;PIT_MEMBERSHIP_NOT_FULLY_VERIFIED,Candidate interval only. Not enabled for engine.
GLVA,,,,UNKNOWN,,UNKNOWN,0,False,,,UNKNOWN,UNKNOWN,UNKNOWN,False,False,STRICT: date >= pit_start AND date <= pit_end(if verified) AND date not inside explicit suspension interval,RESEARCH_PROXY: first observed price may define a LOW-confidence start only; never label it official listing,HIGH,LISTING_EVIDENCE_MISSING;DELISTING_STATUS_UNVERIFIED;FIRST_PRICE_IS_NOT_LISTING_DATE;PIT_MEMBERSHIP_NOT_FULLY_VERIFIED,Candidate interval only. Not enabled for engine.
GMFI,,,,UNKNOWN,,UNKNOWN,0,False,,,UNKNOWN,UNKNOWN,UNKNOWN,False,False,STRICT: date >= pit_start AND date <= pit_end(if verified) AND date not inside explicit suspension interval,RESEARCH_PROXY: first observed price may define a LOW-confidence start only; never label it official listing,HIGH,LISTING_EVIDENCE_MISSING;DELISTING_STATUS_UNVERIFIED;FIRST_PRICE_IS_NOT_LISTING_DATE;PIT_MEMBERSHIP_NOT_FULLY_VERIFIED,Candidate interval only. Not enabled for engine.
GMTD,,,,UNKNOWN,,UNKNOWN,0,False,,,UNKNOWN,UNKNOWN,UNKNOWN,False,False,STRICT: date >= pit_start AND date <= pit_end(if verified) AND date not inside explicit suspension interval,RESEARCH_PROXY: first observed price may define a LOW-confidence start only; never label it official listing,HIGH,LISTING_EVIDENCE_MISSING;DELISTING_STATUS_UNVERIFIED;FIRST_PRICE_IS_NOT_LISTING_DATE;PIT_MEMBERSHIP_NOT_FULLY_VERIFIED,Candidate interval only. Not enabled for engine.
GOLD,,,,UNKNOWN,,UNKNOWN,0,False,,,UNKNOWN,UNKNOWN,UNKNOWN,False,False,STRICT: date >= pit_start AND date <= pit_end(if verified) AND date not inside explicit suspension interval,RESEARCH_PROXY: first observed price may define a LOW-confidence start only; never label it official listing,HIGH,LISTING_EVIDENCE_MISSING;DELISTING_STATUS_UNVERIFIED;FIRST_PRICE_IS_NOT_LISTING_DATE;PIT_MEMBERSHIP_NOT_FULLY_VERIFIED,Candidate interval only. Not enabled for engine.
GOLF,,,,UNKNOWN,,UNKNOWN,0,False,,,UNKNOWN,UNKNOWN,UNKNOWN,False,False,STRICT: date >= pit_start AND date <= pit_end(if verified) AND date not inside explicit suspension interval,RESEARCH_PROXY: first observed price may define a LOW-confidence start only; never label it official listing,HIGH,LISTING_EVIDENCE_MISSING;DELISTING_STATUS_UNVERIFIED;FIRST_PRICE_IS_NOT_LISTING_DATE;PIT_MEMBERSHIP_NOT_FULLY_VERIFIED,Candidate interval only. Not enabled for engine.
GOOD,,,,UNKNOWN,,UNKNOWN,0,False,,,UNKNOWN,UNKNOWN,UNKNOWN,False,False,STRICT: date >= pit_start AND date <= pit_end(if verified) AND date not inside explicit suspension interval,RESEARCH_PROXY: first observed price may define a LOW-confidence start only; never label it official listing,HIGH,LISTING_EVIDENCE_MISSING;DELISTING_STATUS_UNVERIFIED;FIRST_PRICE_IS_NOT_LISTING_DATE;PIT_MEMBERSHIP_NOT_FULLY_VERIFIED,Candidate interval only. Not enabled for engine.
GOTO,,,,UNKNOWN,,UNKNOWN,0,False,,,UNKNOWN,UNKNOWN,UNKNOWN,False,False,STRICT: date >= pit_start AND date <= pit_end(if verified) AND date not inside explicit suspension interval,RESEARCH_PROXY: first observed price may define a LOW-confidence start only; never label it official listing,HIGH,LISTING_EVIDENCE_MISSING;DELISTING_STATUS_UNVERIFIED;FIRST_PRICE_IS_NOT_LISTING_DATE;PIT_MEMBERSHIP_NOT_FULLY_VERIFIED,Candidate interval only. Not enabled for engine.
GPRA,,,,UNKNOWN,,UNKNOWN,0,False,,,UNKNOWN,UNKNOWN,UNKNOWN,False,False,STRICT: date >= pit_start AND date <= pit_end(if verified) AND date not inside explicit suspension interval,RESEARCH_PROXY: first observed price may define a LOW-confidence start only; never label it official listing,HIGH,LISTING_EVIDENCE_MISSING;DELISTING_STATUS_UNVERIFIED;FIRST_PRICE_IS_NOT_LISTING_DATE;PIT_MEMBERSHIP_NOT_FULLY_VERIFIED,Candidate interval only. Not enabled for engine.
GPSO,,,,UNKNOWN,,UNKNOWN,0,False,,,UNKNOWN,UNKNOWN,UNKNOWN,False,False,STRICT: date >= pit_start AND date <= pit_end(if verified) AND date not inside explicit suspension interval,RESEARCH_PROXY: first observed price may define a LOW-confidence start only; never label it official listing,HIGH,LISTING_EVIDENCE_MISSING;DELISTING_STATUS_UNVERIFIED;FIRST_PRICE_IS_NOT_LISTING_DATE;PIT_MEMBERSHIP_NOT_FULLY_VERIFIED,Candidate interval only. Not enabled for engine.
GRIA,,,,UNKNOWN,,UNKNOWN,0,False,,,UNKNOWN,UNKNOWN,UNKNOWN,False,False,STRICT: date >= pit_start AND date <= pit_end(if verified) AND date not inside explicit suspension interval,RESEARCH_PROXY: first observed price may define a LOW-confidence start only; never label it official listing,HIGH,LISTING_EVIDENCE_MISSING;DELISTING_STATUS_UNVERIFIED;FIRST_PRICE_IS_NOT_LISTING_DATE;PIT_MEMBERSHIP_NOT_FULLY_VERIFIED,Candidate interval only. Not enabled for engine.
GRPH,,,,UNKNOWN,,UNKNOWN,0,False,,,UNKNOWN,UNKNOWN,UNKNOWN,False,False,STRICT: date >= pit_start AND date <= pit_end(if verified) AND date not inside explicit suspension interval,RESEARCH_PROXY: first observed price may define a LOW-confidence start only; never label it official listing,HIGH,LISTING_EVIDENCE_MISSING;DELISTING_STATUS_UNVERIFIED;FIRST_PRICE_IS_NOT_LISTING_DATE;PIT_MEMBERSHIP_NOT_FULLY_VERIFIED,Candidate interval only. Not enabled for engine.
GRPM,,,,UNKNOWN,,UNKNOWN,0,False,,,UNKNOWN,UNKNOWN,UNKNOWN,False,False,STRICT: date >= pit_start AND date <= pit_end(if verified) AND date not inside explicit suspension interval,RESEARCH_PROXY: first observed price may define a LOW-confidence start only; never label it official listing,HIGH,LISTING_EVIDENCE_MISSING;DELISTING_STATUS_UNVERIFIED;FIRST_PRICE_IS_NOT_LISTING_DATE;PIT_MEMBERSHIP_NOT_FULLY_VERIFIED,Candidate interval only. Not enabled for engine.
GSMF,,,,UNKNOWN,,UNKNOWN,0,False,,,UNKNOWN,UNKNOWN,UNKNOWN,False,False,STRICT: date >= pit_start AND date <= pit_end(if verified) AND date not inside explicit suspension interval,RESEARCH_PROXY: first observed price may define a LOW-confidence start only; never label it official listing,HIGH,LISTING_EVIDENCE_MISSING;DELISTING_STATUS_UNVERIFIED;FIRST_PRICE_IS_NOT_LISTING_DATE;PIT_MEMBERSHIP_NOT_FULLY_VERIFIED,Candidate interval only. Not enabled for engine.
GTBO,,,,UNKNOWN,,UNKNOWN,0,False,,,UNKNOWN,UNKNOWN,UNKNOWN,False,False,STRICT: date >= pit_start AND date <= pit_end(if verified) AND date not inside explicit suspension interval,RESEARCH_PROXY: first observed price may define a LOW-confidence start only; never label it official listing,HIGH,LISTING_EVIDENCE_MISSING;DELISTING_STATUS_UNVERIFIED;FIRST_PRICE_IS_NOT_LISTING_DATE;PIT_MEMBERSHIP_NOT_FULLY_VERIFIED,Candidate interval only. Not enabled for engine.
GTRA,,,,UNKNOWN,,UNKNOWN,0,False,,,UNKNOWN,UNKNOWN,UNKNOWN,False,False,STRICT: date >= pit_start AND date <= pit_end(if verified) AND date not inside explicit suspension interval,RESEARCH_PROXY: first observed price may define a LOW-confidence start only; never label it official listing,HIGH,LISTING_EVIDENCE_MISSING;DELISTING_STATUS_UNVERIFIED;FIRST_PRICE_IS_NOT_LISTING_DATE;PIT_MEMBERSHIP_NOT_FULLY_VERIFIED,Candidate interval only. Not enabled for engine.
GTSI,,,,UNKNOWN,,UNKNOWN,0,False,,,UNKNOWN,UNKNOWN,UNKNOWN,False,False,STRICT: date >= pit_start AND date <= pit_end(if verified) AND date not inside explicit suspension interval,RESEARCH_PROXY: first observed price may define a LOW-confidence start only; never label it official listing,HIGH,LISTING_EVIDENCE_MISSING;DELISTING_STATUS_UNVERIFIED;FIRST_PRICE_IS_NOT_LISTING_DATE;PIT_MEMBERSHIP_NOT_FULLY_VERIFIED,Candidate interval only. Not enabled for engine.
GULA,,,,UNKNOWN,,UNKNOWN,0,False,,,UNKNOWN,UNKNOWN,UNKNOWN,False,False,STRICT: date >= pit_start AND date <= pit_end(if verified) AND date not inside explicit suspension interval,RESEARCH_PROXY: first observed price may define a LOW-confidence start only; never label it official listing,HIGH,LISTING_EVIDENCE_MISSING;DELISTING_STATUS_UNVERIFIED;FIRST_PRICE_IS_NOT_LISTING_DATE;PIT_MEMBERSHIP_NOT_FULLY_VERIFIED,Candidate interval only. Not enabled for engine.
GUNA,,,,UNKNOWN,,UNKNOWN,0,False,,,UNKNOWN,UNKNOWN,UNKNOWN,False,False,STRICT: date >= pit_start AND date <= pit_end(if verified) AND date not inside explicit suspension interval,RESEARCH_PROXY: first observed price may define a LOW-confidence start only; never label it official listing,HIGH,LISTING_EVIDENCE_MISSING;DELISTING_STATUS_UNVERIFIED;FIRST_PRICE_IS_NOT_LISTING_DATE;PIT_MEMBERSHIP_NOT_FULLY_VERIFIED,Candidate interval only. Not enabled for engine.
GWSA,,,,UNKNOWN,,UNKNOWN,0,False,,,UNKNOWN,UNKNOWN,UNKNOWN,False,False,STRICT: date >= pit_start AND date <= pit_end(if verified) AND date not inside explicit suspension interval,RESEARCH_PROXY: first observed price may define a LOW-confidence start only; never label it official listing,HIGH,LISTING_EVIDENCE_MISSING;DELISTING_STATUS_UNVERIFIED;FIRST_PRICE_IS_NOT_LISTING_DATE;PIT_MEMBERSHIP_NOT_FULLY_VERIFIED,Candidate interval only. Not enabled for engine.
GZCO,,,,UNKNOWN,,UNKNOWN,0,False,,,UNKNOWN,UNKNOWN,UNKNOWN,False,False,STRICT: date >= pit_start AND date <= pit_end(if verified) AND date not inside explicit suspension interval,RESEARCH_PROXY: first observed price may define a LOW-confidence start only; never label it official listing,HIGH,LISTING_EVIDENCE_MISSING;DELISTING_STATUS_UNVERIFIED;FIRST_PRICE_IS_NOT_LISTING_DATE;PIT_MEMBERSHIP_NOT_FULLY_VERIFIED,Candidate interval only. Not enabled for engine.
HADE,,,,UNKNOWN,,UNKNOWN,0,False,,,UNKNOWN,UNKNOWN,UNKNOWN,False,False,STRICT: date >= pit_start AND date <= pit_end(if verified) AND date not inside explicit suspension interval,RESEARCH_PROXY: first observed price may define a LOW-confidence start only; never label it official listing,HIGH,LISTING_EVIDENCE_MISSING;DELISTING_STATUS_UNVERIFIED;FIRST_PRICE_IS_NOT_LISTING_DATE;PIT_MEMBERSHIP_NOT_FULLY_VERIFIED,Candidate interval only. Not enabled for engine.
HAIS,,,,UNKNOWN,,UNKNOWN,0,False,,,UNKNOWN,UNKNOWN,UNKNOWN,False,False,STRICT: date >= pit_start AND date <= pit_end(if verified) AND date not inside explicit suspension interval,RESEARCH_PROXY: first observed price may define a LOW-confidence start only; never label it official listing,HIGH,LISTING_EVIDENCE_MISSING;DELISTING_STATUS_UNVERIFIED;FIRST_PRICE_IS_NOT_LISTING_DATE;PIT_MEMBERSHIP_NOT_FULLY_VERIFIED,Candidate interval only. Not enabled for engine.
HAJJ,,,,UNKNOWN,,UNKNOWN,0,False,,,UNKNOWN,UNKNOWN,UNKNOWN,False,False,STRICT: date >= pit_start AND date <= pit_end(if verified) AND date not inside explicit suspension interval,RESEARCH_PROXY: first observed price may define a LOW-confidence start only; never label it official listing,HIGH,LISTING_EVIDENCE_MISSING;DELISTING_STATUS_UNVERIFIED;FIRST_PRICE_IS_NOT_LISTING_DATE;PIT_MEMBERSHIP_NOT_FULLY_VERIFIED,Candidate interval only. Not enabled for engine.
HALO,,,,UNKNOWN,,UNKNOWN,0,False,,,UNKNOWN,UNKNOWN,UNKNOWN,False,False,STRICT: date >= pit_start AND date <= pit_end(if verified) AND date not inside explicit suspension interval,RESEARCH_PROXY: first observed price may define a LOW-confidence start only; never label it official listing,HIGH,LISTING_EVIDENCE_MISSING;DELISTING_STATUS_UNVERIFIED;FIRST_PRICE_IS_NOT_LISTING_DATE;PIT_MEMBERSHIP_NOT_FULLY_VERIFIED,Candidate interval only. Not enabled for engine.
HATM,,,,UNKNOWN,,UNKNOWN,0,False,,,UNKNOWN,UNKNOWN,UNKNOWN,False,False,STRICT: date >= pit_start AND date <= pit_end(if verified) AND date not inside explicit suspension interval,RESEARCH_PROXY: first observed price may define a LOW-confidence start only; never label it official listing,HIGH,LISTING_EVIDENCE_MISSING;DELISTING_STATUS_UNVERIFIED;FIRST_PRICE_IS_NOT_LISTING_DATE;PIT_MEMBERSHIP_NOT_FULLY_VERIFIED,Candidate interval only. Not enabled for engine.
HBAT,,,,UNKNOWN,,UNKNOWN,0,False,,,UNKNOWN,UNKNOWN,UNKNOWN,False,False,STRICT: date >= pit_start AND date <= pit_end(if verified) AND date not inside explicit suspension interval,RESEARCH_PROXY: first observed price may define a LOW-confidence start only; never label it official listing,HIGH,LISTING_EVIDENCE_MISSING;DELISTING_STATUS_UNVERIFIED;FIRST_PRICE_IS_NOT_LISTING_DATE;PIT_MEMBERSHIP_NOT_FULLY_VERIFIED,Candidate interval only. Not enabled for engine.
HDFA,,,,UNKNOWN,,UNKNOWN,0,False,,,UNKNOWN,UNKNOWN,UNKNOWN,False,False,STRICT: date >= pit_start AND date <= pit_end(if verified) AND date not inside explicit suspension interval,RESEARCH_PROXY: first observed price may define a LOW-confidence start only; never label it official listing,HIGH,LISTING_EVIDENCE_MISSING;DELISTING_STATUS_UNVERIFIED;FIRST_PRICE_IS_NOT_LISTING_DATE;PIT_MEMBERSHIP_NOT_FULLY_VERIFIED,Candidate interval only. Not enabled for engine.
HDIT,,,,UNKNOWN,,UNKNOWN,0,False,,,UNKNOWN,UNKNOWN,UNKNOWN,False,False,STRICT: date >= pit_start AND date <= pit_end(if verified) AND date not inside explicit suspension interval,RESEARCH_PROXY: first observed price may define a LOW-confidence start only; never label it official listing,HIGH,LISTING_EVIDENCE_MISSING;DELISTING_STATUS_UNVERIFIED;FIRST_PRICE_IS_NOT_LISTING_DATE;PIT_MEMBERSHIP_NOT_FULLY_VERIFIED,Candidate interval only. Not enabled for engine.
HEAL,,,,UNKNOWN,,UNKNOWN,0,False,,,UNKNOWN,UNKNOWN,UNKNOWN,False,False,STRICT: date >= pit_start AND date <= pit_end(if verified) AND date not inside explicit suspension interval,RESEARCH_PROXY: first observed price may define a LOW-confidence start only; never label it official listing,HIGH,LISTING_EVIDENCE_MISSING;DELISTING_STATUS_UNVERIFIED;FIRST_PRICE_IS_NOT_LISTING_DATE;PIT_MEMBERSHIP_NOT_FULLY_VERIFIED,Candidate interval only. Not enabled for engine.
HELI,,,,UNKNOWN,,UNKNOWN,0,False,,,UNKNOWN,UNKNOWN,UNKNOWN,False,False,STRICT: date >= pit_start AND date <= pit_end(if verified) AND date not inside explicit suspension interval,RESEARCH_PROXY: first observed price may define a LOW-confidence start only; never label it official listing,HIGH,LISTING_EVIDENCE_MISSING;DELISTING_STATUS_UNVERIFIED;FIRST_PRICE_IS_NOT_LISTING_DATE;PIT_MEMBERSHIP_NOT_FULLY_VERIFIED,Candidate interval only. Not enabled for engine.
HERO,,,,UNKNOWN,,UNKNOWN,0,False,,,UNKNOWN,UNKNOWN,UNKNOWN,False,False,STRICT: date >= pit_start AND date <= pit_end(if verified) AND date not inside explicit suspension interval,RESEARCH_PROXY: first observed price may define a LOW-confidence start only; never label it official listing,HIGH,LISTING_EVIDENCE_MISSING;DELISTING_STATUS_UNVERIFIED;FIRST_PRICE_IS_NOT_LISTING_DATE;PIT_MEMBERSHIP_NOT_FULLY_VERIFIED,Candidate interval only. Not enabled for engine.
HEXA,,,,UNKNOWN,,UNKNOWN,0,False,,,UNKNOWN,UNKNOWN,UNKNOWN,False,False,STRICT: date >= pit_start AND date <= pit_end(if verified) AND date not inside explicit suspension interval,RESEARCH_PROXY: first observed price may define a LOW-confidence start only; never label it official listing,HIGH,LISTING_EVIDENCE_MISSING;DELISTING_STATUS_UNVERIFIED;FIRST_PRICE_IS_NOT_LISTING_DATE;PIT_MEMBERSHIP_NOT_FULLY_VERIFIED,Candidate interval only. Not enabled for engine.
HGII,,,,UNKNOWN,,UNKNOWN,0,False,,,UNKNOWN,UNKNOWN,UNKNOWN,False,False,STRICT: date >= pit_start AND date <= pit_end(if verified) AND date not inside explicit suspension interval,RESEARCH_PROXY: first observed price may define a LOW-confidence start only; never label it official listing,HIGH,LISTING_EVIDENCE_MISSING;DELISTING_STATUS_UNVERIFIED;FIRST_PRICE_IS_NOT_LISTING_DATE;PIT_MEMBERSHIP_NOT_FULLY_VERIFIED,Candidate interval only. Not enabled for engine.
HILL,,,,UNKNOWN,,UNKNOWN,0,False,,,UNKNOWN,UNKNOWN,UNKNOWN,False,False,STRICT: date >= pit_start AND date <= pit_end(if verified) AND date not inside explicit suspension interval,RESEARCH_PROXY: first observed price may define a LOW-confidence start only; never label it official listing,HIGH,LISTING_EVIDENCE_MISSING;DELISTING_STATUS_UNVERIFIED;FIRST_PRICE_IS_NOT_LISTING_DATE;PIT_MEMBERSHIP_NOT_FULLY_VERIFIED,Candidate interval only. Not enabled for engine.
HITS,,,,UNKNOWN,,UNKNOWN,0,False,,,UNKNOWN,UNKNOWN,UNKNOWN,False,False,STRICT: date >= pit_start AND date <= pit_end(if verified) AND date not inside explicit suspension interval,RESEARCH_PROXY: first observed price may define a LOW-confidence start only; never label it official listing,HIGH,LISTING_EVIDENCE_MISSING;DELISTING_STATUS_UNVERIFIED;FIRST_PRICE_IS_NOT_LISTING_DATE;PIT_MEMBERSHIP_NOT_FULLY_VERIFIED,Candidate interval only. Not enabled for engine.
HMSP,,,,UNKNOWN,,UNKNOWN,0,False,,,UNKNOWN,UNKNOWN,UNKNOWN,False,False,STRICT: date >= pit_start AND date <= pit_end(if verified) AND date not inside explicit suspension interval,RESEARCH_PROXY: first observed price may define a LOW-confidence start only; never label it official listing,HIGH,LISTING_EVIDENCE_MISSING;DELISTING_STATUS_UNVERIFIED;FIRST_PRICE_IS_NOT_LISTING_DATE;PIT_MEMBERSHIP_NOT_FULLY_VERIFIED,Candidate interval only. Not enabled for engine.
HOKI,,,,UNKNOWN,,UNKNOWN,0,False,,,UNKNOWN,UNKNOWN,UNKNOWN,False,False,STRICT: date >= pit_start AND date <= pit_end(if verified) AND date not inside explicit suspension interval,RESEARCH_PROXY: first observed price may define a LOW-confidence start only; never label it official listing,HIGH,LISTING_EVIDENCE_MISSING;DELISTING_STATUS_UNVERIFIED;FIRST_PRICE_IS_NOT_LISTING_DATE;PIT_MEMBERSHIP_NOT_FULLY_VERIFIED,Candidate interval only. Not enabled for engine.
HOMI,,,,UNKNOWN,,UNKNOWN,0,False,,,UNKNOWN,UNKNOWN,UNKNOWN,False,False,STRICT: date >= pit_start AND date <= pit_end(if verified) AND date not inside explicit suspension interval,RESEARCH_PROXY: first observed price may define a LOW-confidence start only; never label it official listing,HIGH,LISTING_EVIDENCE_MISSING;DELISTING_STATUS_UNVERIFIED;FIRST_PRICE_IS_NOT_LISTING_DATE;PIT_MEMBERSHIP_NOT_FULLY_VERIFIED,Candidate interval only. Not enabled for engine.
HOPE,,,,UNKNOWN,,UNKNOWN,0,False,,,UNKNOWN,UNKNOWN,UNKNOWN,False,False,STRICT: date >= pit_start AND date <= pit_end(if verified) AND date not inside explicit suspension interval,RESEARCH_PROXY: first observed price may define a LOW-confidence start only; never label it official listing,HIGH,LISTING_EVIDENCE_MISSING;DELISTING_STATUS_UNVERIFIED;FIRST_PRICE_IS_NOT_LISTING_DATE;PIT_MEMBERSHIP_NOT_FULLY_VERIFIED,Candidate interval only. Not enabled for engine.
HRME,,,,UNKNOWN,,UNKNOWN,0,False,,,UNKNOWN,UNKNOWN,UNKNOWN,False,False,STRICT: date >= pit_start AND date <= pit_end(if verified) AND date not inside explicit suspension interval,RESEARCH_PROXY: first observed price may define a LOW-confidence start only; never label it official listing,HIGH,LISTING_EVIDENCE_MISSING;DELISTING_STATUS_UNVERIFIED;FIRST_PRICE_IS_NOT_LISTING_DATE;PIT_MEMBERSHIP_NOT_FULLY_VERIFIED,Candidate interval only. Not enabled for engine.
HRTA,,,,UNKNOWN,,UNKNOWN,0,False,,,UNKNOWN,UNKNOWN,UNKNOWN,False,False,STRICT: date >= pit_start AND date <= pit_end(if verified) AND date not inside explicit suspension interval,RESEARCH_PROXY: first observed price may define a LOW-confidence start only; never label it official listing,HIGH,LISTING_EVIDENCE_MISSING;DELISTING_STATUS_UNVERIFIED;FIRST_PRICE_IS_NOT_LISTING_DATE;PIT_MEMBERSHIP_NOT_FULLY_VERIFIED,Candidate interval only. Not enabled for engine.
HRUM,,,,UNKNOWN,,UNKNOWN,0,False,,,UNKNOWN,UNKNOWN,UNKNOWN,False,False,STRICT: date >= pit_start AND date <= pit_end(if verified) AND date not inside explicit suspension interval,RESEARCH_PROXY: first observed price may define a LOW-confidence start only; never label it official listing,HIGH,LISTING_EVIDENCE_MISSING;DELISTING_STATUS_UNVERIFIED;FIRST_PRICE_IS_NOT_LISTING_DATE;PIT_MEMBERSHIP_NOT_FULLY_VERIFIED,Candidate interval only. Not enabled for engine.
HUMI,,,,UNKNOWN,,UNKNOWN,0,False,,,UNKNOWN,UNKNOWN,UNKNOWN,False,False,STRICT: date >= pit_start AND date <= pit_end(if verified) AND date not inside explicit suspension interval,RESEARCH_PROXY: first observed price may define a LOW-confidence start only; never label it official listing,HIGH,LISTING_EVIDENCE_MISSING;DELISTING_STATUS_UNVERIFIED;FIRST_PRICE_IS_NOT_LISTING_DATE;PIT_MEMBERSHIP_NOT_FULLY_VERIFIED,Candidate interval only. Not enabled for engine.
HYGN,,,,UNKNOWN,,UNKNOWN,0,False,,,UNKNOWN,UNKNOWN,UNKNOWN,False,False,STRICT: date >= pit_start AND date <= pit_end(if verified) AND date not inside explicit suspension interval,RESEARCH_PROXY: first observed price may define a LOW-confidence start only; never label it official listing,HIGH,LISTING_EVIDENCE_MISSING;DELISTING_STATUS_UNVERIFIED;FIRST_PRICE_IS_NOT_LISTING_DATE;PIT_MEMBERSHIP_NOT_FULLY_VERIFIED,Candidate interval only. Not enabled for engine.
IATA,,,,UNKNOWN,,UNKNOWN,0,False,,,UNKNOWN,UNKNOWN,UNKNOWN,False,False,STRICT: date >= pit_start AND date <= pit_end(if verified) AND date not inside explicit suspension interval,RESEARCH_PROXY: first observed price may define a LOW-confidence start only; never label it official listing,HIGH,LISTING_EVIDENCE_MISSING;DELISTING_STATUS_UNVERIFIED;FIRST_PRICE_IS_NOT_LISTING_DATE;PIT_MEMBERSHIP_NOT_FULLY_VERIFIED,Candidate interval only. Not enabled for engine.
IBFN,,,,UNKNOWN,,UNKNOWN,0,False,,,UNKNOWN,UNKNOWN,UNKNOWN,False,False,STRICT: date >= pit_start AND date <= pit_end(if verified) AND date not inside explicit suspension interval,RESEARCH_PROXY: first observed price may define a LOW-confidence start only; never label it official listing,HIGH,LISTING_EVIDENCE_MISSING;DELISTING_STATUS_UNVERIFIED;FIRST_PRICE_IS_NOT_LISTING_DATE;PIT_MEMBERSHIP_NOT_FULLY_VERIFIED,Candidate interval only. Not enabled for engine.
IBOS,,,,UNKNOWN,,UNKNOWN,0,False,,,UNKNOWN,UNKNOWN,UNKNOWN,False,False,STRICT: date >= pit_start AND date <= pit_end(if verified) AND date not inside explicit suspension interval,RESEARCH_PROXY: first observed price may define a LOW-confidence start only; never label it official listing,HIGH,LISTING_EVIDENCE_MISSING;DELISTING_STATUS_UNVERIFIED;FIRST_PRICE_IS_NOT_LISTING_DATE;PIT_MEMBERSHIP_NOT_FULLY_VERIFIED,Candidate interval only. Not enabled for engine.
IBST,,,,UNKNOWN,,UNKNOWN,0,False,,,UNKNOWN,UNKNOWN,UNKNOWN,False,False,STRICT: date >= pit_start AND date <= pit_end(if verified) AND date not inside explicit suspension interval,RESEARCH_PROXY: first observed price may define a LOW-confidence start only; never label it official listing,HIGH,LISTING_EVIDENCE_MISSING;DELISTING_STATUS_UNVERIFIED;FIRST_PRICE_IS_NOT_LISTING_DATE;PIT_MEMBERSHIP_NOT_FULLY_VERIFIED,Candidate interval only. Not enabled for engine.
ICBP,,,,UNKNOWN,,UNKNOWN,0,False,,,UNKNOWN,UNKNOWN,UNKNOWN,False,False,STRICT: date >= pit_start AND date <= pit_end(if verified) AND date not inside explicit suspension interval,RESEARCH_PROXY: first observed price may define a LOW-confidence start only; never label it official listing,HIGH,LISTING_EVIDENCE_MISSING;DELISTING_STATUS_UNVERIFIED;FIRST_PRICE_IS_NOT_LISTING_DATE;PIT_MEMBERSHIP_NOT_FULLY_VERIFIED,Candidate interval only. Not enabled for engine.
ICON,,,,UNKNOWN,,UNKNOWN,0,False,,,UNKNOWN,UNKNOWN,UNKNOWN,False,False,STRICT: date >= pit_start AND date <= pit_end(if verified) AND date not inside explicit suspension interval,RESEARCH_PROXY: first observed price may define a LOW-confidence start only; never label it official listing,HIGH,LISTING_EVIDENCE_MISSING;DELISTING_STATUS_UNVERIFIED;FIRST_PRICE_IS_NOT_LISTING_DATE;PIT_MEMBERSHIP_NOT_FULLY_VERIFIED,Candidate interval only. Not enabled for engine.
IDEA,,,,UNKNOWN,,UNKNOWN,0,False,,,UNKNOWN,UNKNOWN,UNKNOWN,False,False,STRICT: date >= pit_start AND date <= pit_end(if verified) AND date not inside explicit suspension interval,RESEARCH_PROXY: first observed price may define a LOW-confidence start only; never label it official listing,HIGH,LISTING_EVIDENCE_MISSING;DELISTING_STATUS_UNVERIFIED;FIRST_PRICE_IS_NOT_LISTING_DATE;PIT_MEMBERSHIP_NOT_FULLY_VERIFIED,Candidate interval only. Not enabled for engine.
IDPR,,,,UNKNOWN,,UNKNOWN,0,False,,,UNKNOWN,UNKNOWN,UNKNOWN,False,False,STRICT: date >= pit_start AND date <= pit_end(if verified) AND date not inside explicit suspension interval,RESEARCH_PROXY: first observed price may define a LOW-confidence start only; never label it official listing,HIGH,LISTING_EVIDENCE_MISSING;DELISTING_STATUS_UNVERIFIED;FIRST_PRICE_IS_NOT_LISTING_DATE;PIT_MEMBERSHIP_NOT_FULLY_VERIFIED,Candidate interval only. Not enabled for engine.
IFII,,,,UNKNOWN,,UNKNOWN,0,False,,,UNKNOWN,UNKNOWN,UNKNOWN,False,False,STRICT: date >= pit_start AND date <= pit_end(if verified) AND date not inside explicit suspension interval,RESEARCH_PROXY: first observed price may define a LOW-confidence start only; never label it official listing,HIGH,LISTING_EVIDENCE_MISSING;DELISTING_STATUS_UNVERIFIED;FIRST_PRICE_IS_NOT_LISTING_DATE;PIT_MEMBERSHIP_NOT_FULLY_VERIFIED,Candidate interval only. Not enabled for engine.
IFSH,,,,UNKNOWN,,UNKNOWN,0,False,,,UNKNOWN,UNKNOWN,UNKNOWN,False,False,STRICT: date >= pit_start AND date <= pit_end(if verified) AND date not inside explicit suspension interval,RESEARCH_PROXY: first observed price may define a LOW-confidence start only; never label it official listing,HIGH,LISTING_EVIDENCE_MISSING;DELISTING_STATUS_UNVERIFIED;FIRST_PRICE_IS_NOT_LISTING_DATE;PIT_MEMBERSHIP_NOT_FULLY_VERIFIED,Candidate interval only. Not enabled for engine.
IGAR,,,,UNKNOWN,,UNKNOWN,0,False,,,UNKNOWN,UNKNOWN,UNKNOWN,False,False,STRICT: date >= pit_start AND date <= pit_end(if verified) AND date not inside explicit suspension interval,RESEARCH_PROXY: first observed price may define a LOW-confidence start only; never label it official listing,HIGH,LISTING_EVIDENCE_MISSING;DELISTING_STATUS_UNVERIFIED;FIRST_PRICE_IS_NOT_LISTING_DATE;PIT_MEMBERSHIP_NOT_FULLY_VERIFIED,Candidate interval only. Not enabled for engine.
IKAI,,,,UNKNOWN,,UNKNOWN,0,False,,,UNKNOWN,UNKNOWN,UNKNOWN,False,False,STRICT: date >= pit_start AND date <= pit_end(if verified) AND date not inside explicit suspension interval,RESEARCH_PROXY: first observed price may define a LOW-confidence start only; never label it official listing,HIGH,LISTING_EVIDENCE_MISSING;DELISTING_STATUS_UNVERIFIED;FIRST_PRICE_IS_NOT_LISTING_DATE;PIT_MEMBERSHIP_NOT_FULLY_VERIFIED,Candidate interval only. Not enabled for engine.
IKAN,,,,UNKNOWN,,UNKNOWN,0,False,,,UNKNOWN,UNKNOWN,UNKNOWN,False,False,STRICT: date >= pit_start AND date <= pit_end(if verified) AND date not inside explicit suspension interval,RESEARCH_PROXY: first observed price may define a LOW-confidence start only; never label it official listing,HIGH,LISTING_EVIDENCE_MISSING;DELISTING_STATUS_UNVERIFIED;FIRST_PRICE_IS_NOT_LISTING_DATE;PIT_MEMBERSHIP_NOT_FULLY_VERIFIED,Candidate interval only. Not enabled for engine.
IKBI,,,,UNKNOWN,,UNKNOWN,0,False,,,UNKNOWN,UNKNOWN,UNKNOWN,False,False,STRICT: date >= pit_start AND date <= pit_end(if verified) AND date not inside explicit suspension interval,RESEARCH_PROXY: first observed price may define a LOW-confidence start only; never label it official listing,HIGH,LISTING_EVIDENCE_MISSING;DELISTING_STATUS_UNVERIFIED;FIRST_PRICE_IS_NOT_LISTING_DATE;PIT_MEMBERSHIP_NOT_FULLY_VERIFIED,Candidate interval only. Not enabled for engine.
IKPM,,,,UNKNOWN,,UNKNOWN,0,False,,,UNKNOWN,UNKNOWN,UNKNOWN,False,False,STRICT: date >= pit_start AND date <= pit_end(if verified) AND date not inside explicit suspension interval,RESEARCH_PROXY: first observed price may define a LOW-confidence start only; never label it official listing,HIGH,LISTING_EVIDENCE_MISSING;DELISTING_STATUS_UNVERIFIED;FIRST_PRICE_IS_NOT_LISTING_DATE;PIT_MEMBERSHIP_NOT_FULLY_VERIFIED,Candidate interval only. Not enabled for engine.
IMAS,,,,UNKNOWN,,UNKNOWN,0,False,,,UNKNOWN,UNKNOWN,UNKNOWN,False,False,STRICT: date >= pit_start AND date <= pit_end(if verified) AND date not inside explicit suspension interval,RESEARCH_PROXY: first observed price may define a LOW-confidence start only; never label it official listing,HIGH,LISTING_EVIDENCE_MISSING;DELISTING_STATUS_UNVERIFIED;FIRST_PRICE_IS_NOT_LISTING_DATE;PIT_MEMBERSHIP_NOT_FULLY_VERIFIED,Candidate interval only. Not enabled for engine.
IMJS,,,,UNKNOWN,,UNKNOWN,0,False,,,UNKNOWN,UNKNOWN,UNKNOWN,False,False,STRICT: date >= pit_start AND date <= pit_end(if verified) AND date not inside explicit suspension interval,RESEARCH_PROXY: first observed price may define a LOW-confidence start only; never label it official listing,HIGH,LISTING_EVIDENCE_MISSING;DELISTING_STATUS_UNVERIFIED;FIRST_PRICE_IS_NOT_LISTING_DATE;PIT_MEMBERSHIP_NOT_FULLY_VERIFIED,Candidate interval only. Not enabled for engine.
IMPC,,,,UNKNOWN,,UNKNOWN,0,False,,,UNKNOWN,UNKNOWN,UNKNOWN,False,False,STRICT: date >= pit_start AND date <= pit_end(if verified) AND date not inside explicit suspension interval,RESEARCH_PROXY: first observed price may define a LOW-confidence start only; never label it official listing,HIGH,LISTING_EVIDENCE_MISSING;DELISTING_STATUS_UNVERIFIED;FIRST_PRICE_IS_NOT_LISTING_DATE;PIT_MEMBERSHIP_NOT_FULLY_VERIFIED,Candidate interval only. Not enabled for engine.
INAF,,,,UNKNOWN,,UNKNOWN,0,False,,,UNKNOWN,UNKNOWN,UNKNOWN,False,False,STRICT: date >= pit_start AND date <= pit_end(if verified) AND date not inside explicit suspension interval,RESEARCH_PROXY: first observed price may define a LOW-confidence start only; never label it official listing,HIGH,LISTING_EVIDENCE_MISSING;DELISTING_STATUS_UNVERIFIED;FIRST_PRICE_IS_NOT_LISTING_DATE;PIT_MEMBERSHIP_NOT_FULLY_VERIFIED,Candidate interval only. Not enabled for engine.
INAI,,,,UNKNOWN,,UNKNOWN,0,False,,,UNKNOWN,UNKNOWN,UNKNOWN,False,False,STRICT: date >= pit_start AND date <= pit_end(if verified) AND date not inside explicit suspension interval,RESEARCH_PROXY: first observed price may define a LOW-confidence start only; never label it official listing,HIGH,LISTING_EVIDENCE_MISSING;DELISTING_STATUS_UNVERIFIED;FIRST_PRICE_IS_NOT_LISTING_DATE;PIT_MEMBERSHIP_NOT_FULLY_VERIFIED,Candidate interval only. Not enabled for engine.
INCF,,,,UNKNOWN,,UNKNOWN,0,False,,,UNKNOWN,UNKNOWN,UNKNOWN,False,False,STRICT: date >= pit_start AND date <= pit_end(if verified) AND date not inside explicit suspension interval,RESEARCH_PROXY: first observed price may define a LOW-confidence start only; never label it official listing,HIGH,LISTING_EVIDENCE_MISSING;DELISTING_STATUS_UNVERIFIED;FIRST_PRICE_IS_NOT_LISTING_DATE;PIT_MEMBERSHIP_NOT_FULLY_VERIFIED,Candidate interval only. Not enabled for engine.
INCI,,,,UNKNOWN,,UNKNOWN,0,False,,,UNKNOWN,UNKNOWN,UNKNOWN,False,False,STRICT: date >= pit_start AND date <= pit_end(if verified) AND date not inside explicit suspension interval,RESEARCH_PROXY: first observed price may define a LOW-confidence start only; never label it official listing,HIGH,LISTING_EVIDENCE_MISSING;DELISTING_STATUS_UNVERIFIED;FIRST_PRICE_IS_NOT_LISTING_DATE;PIT_MEMBERSHIP_NOT_FULLY_VERIFIED,Candidate interval only. Not enabled for engine.
INCO,,,,UNKNOWN,,UNKNOWN,0,False,,,UNKNOWN,UNKNOWN,UNKNOWN,False,False,STRICT: date >= pit_start AND date <= pit_end(if verified) AND date not inside explicit suspension interval,RESEARCH_PROXY: first observed price may define a LOW-confidence start only; never label it official listing,HIGH,LISTING_EVIDENCE_MISSING;DELISTING_STATUS_UNVERIFIED;FIRST_PRICE_IS_NOT_LISTING_DATE;PIT_MEMBERSHIP_NOT_FULLY_VERIFIED,Candidate interval only. Not enabled for engine.
INDF,,,,UNKNOWN,,UNKNOWN,0,False,,,UNKNOWN,UNKNOWN,UNKNOWN,False,False,STRICT: date >= pit_start AND date <= pit_end(if verified) AND date not inside explicit suspension interval,RESEARCH_PROXY: first observed price may define a LOW-confidence start only; never label it official listing,HIGH,LISTING_EVIDENCE_MISSING;DELISTING_STATUS_UNVERIFIED;FIRST_PRICE_IS_NOT_LISTING_DATE;PIT_MEMBERSHIP_NOT_FULLY_VERIFIED,Candidate interval only. Not enabled for engine.
INDO,,,,UNKNOWN,,UNKNOWN,0,False,,,UNKNOWN,UNKNOWN,UNKNOWN,False,False,STRICT: date >= pit_start AND date <= pit_end(if verified) AND date not inside explicit suspension interval,RESEARCH_PROXY: first observed price may define a LOW-confidence start only; never label it official listing,HIGH,LISTING_EVIDENCE_MISSING;DELISTING_STATUS_UNVERIFIED;FIRST_PRICE_IS_NOT_LISTING_DATE;PIT_MEMBERSHIP_NOT_FULLY_VERIFIED,Candidate interval only. Not enabled for engine.
INDR,,,,UNKNOWN,,UNKNOWN,0,False,,,UNKNOWN,UNKNOWN,UNKNOWN,False,False,STRICT: date >= pit_start AND date <= pit_end(if verified) AND date not inside explicit suspension interval,RESEARCH_PROXY: first observed price may define a LOW-confidence start only; never label it official listing,HIGH,LISTING_EVIDENCE_MISSING;DELISTING_STATUS_UNVERIFIED;FIRST_PRICE_IS_NOT_LISTING_DATE;PIT_MEMBERSHIP_NOT_FULLY_VERIFIED,Candidate interval only. Not enabled for engine.
INDS,,,,UNKNOWN,,UNKNOWN,0,False,,,UNKNOWN,UNKNOWN,UNKNOWN,False,False,STRICT: date >= pit_start AND date <= pit_end(if verified) AND date not inside explicit suspension interval,RESEARCH_PROXY: first observed price may define a LOW-confidence start only; never label it official listing,HIGH,LISTING_EVIDENCE_MISSING;DELISTING_STATUS_UNVERIFIED;FIRST_PRICE_IS_NOT_LISTING_DATE;PIT_MEMBERSHIP_NOT_FULLY_VERIFIED,Candidate interval only. Not enabled for engine.
INDX,,,,UNKNOWN,,UNKNOWN,0,False,,,UNKNOWN,UNKNOWN,UNKNOWN,False,False,STRICT: date >= pit_start AND date <= pit_end(if verified) AND date not inside explicit suspension interval,RESEARCH_PROXY: first observed price may define a LOW-confidence start only; never label it official listing,HIGH,LISTING_EVIDENCE_MISSING;DELISTING_STATUS_UNVERIFIED;FIRST_PRICE_IS_NOT_LISTING_DATE;PIT_MEMBERSHIP_NOT_FULLY_VERIFIED,Candidate interval only. Not enabled for engine.
INDY,,,,UNKNOWN,,UNKNOWN,0,False,,,UNKNOWN,UNKNOWN,UNKNOWN,False,False,STRICT: date >= pit_start AND date <= pit_end(if verified) AND date not inside explicit suspension interval,RESEARCH_PROXY: first observed price may define a LOW-confidence start only; never label it official listing,HIGH,LISTING_EVIDENCE_MISSING;DELISTING_STATUS_UNVERIFIED;FIRST_PRICE_IS_NOT_LISTING_DATE;PIT_MEMBERSHIP_NOT_FULLY_VERIFIED,Candidate interval only. Not enabled for engine.
INET,,,,UNKNOWN,,UNKNOWN,0,False,,,UNKNOWN,UNKNOWN,UNKNOWN,False,False,STRICT: date >= pit_start AND date <= pit_end(if verified) AND date not inside explicit suspension interval,RESEARCH_PROXY: first observed price may define a LOW-confidence start only; never label it official listing,HIGH,LISTING_EVIDENCE_MISSING;DELISTING_STATUS_UNVERIFIED;FIRST_PRICE_IS_NOT_LISTING_DATE;PIT_MEMBERSHIP_NOT_FULLY_VERIFIED,Candidate interval only. Not enabled for engine.
INKP,,,,UNKNOWN,,UNKNOWN,0,False,,,UNKNOWN,UNKNOWN,UNKNOWN,False,False,STRICT: date >= pit_start AND date <= pit_end(if verified) AND date not inside explicit suspension interval,RESEARCH_PROXY: first observed price may define a LOW-confidence start only; never label it official listing,HIGH,LISTING_EVIDENCE_MISSING;DELISTING_STATUS_UNVERIFIED;FIRST_PRICE_IS_NOT_LISTING_DATE;PIT_MEMBERSHIP_NOT_FULLY_VERIFIED,Candidate interval only. Not enabled for engine.
INOV,,,,UNKNOWN,,UNKNOWN,0,False,,,UNKNOWN,UNKNOWN,UNKNOWN,False,False,STRICT: date >= pit_start AND date <= pit_end(if verified) AND date not inside explicit suspension interval,RESEARCH_PROXY: first observed price may define a LOW-confidence start only; never label it official listing,HIGH,LISTING_EVIDENCE_MISSING;DELISTING_STATUS_UNVERIFIED;FIRST_PRICE_IS_NOT_LISTING_DATE;PIT_MEMBERSHIP_NOT_FULLY_VERIFIED,Candidate interval only. Not enabled for engine.
INPC,,,,UNKNOWN,,UNKNOWN,0,False,,,UNKNOWN,UNKNOWN,UNKNOWN,False,False,STRICT: date >= pit_start AND date <= pit_end(if verified) AND date not inside explicit suspension interval,RESEARCH_PROXY: first observed price may define a LOW-confidence start only; never label it official listing,HIGH,LISTING_EVIDENCE_MISSING;DELISTING_STATUS_UNVERIFIED;FIRST_PRICE_IS_NOT_LISTING_DATE;PIT_MEMBERSHIP_NOT_FULLY_VERIFIED,Candidate interval only. Not enabled for engine.
INPP,,,,UNKNOWN,,UNKNOWN,0,False,,,UNKNOWN,UNKNOWN,UNKNOWN,False,False,STRICT: date >= pit_start AND date <= pit_end(if verified) AND date not inside explicit suspension interval,RESEARCH_PROXY: first observed price may define a LOW-confidence start only; never label it official listing,HIGH,LISTING_EVIDENCE_MISSING;DELISTING_STATUS_UNVERIFIED;FIRST_PRICE_IS_NOT_LISTING_DATE;PIT_MEMBERSHIP_NOT_FULLY_VERIFIED,Candidate interval only. Not enabled for engine.
INPS,,,,UNKNOWN,,UNKNOWN,0,False,,,UNKNOWN,UNKNOWN,UNKNOWN,False,False,STRICT: date >= pit_start AND date <= pit_end(if verified) AND date not inside explicit suspension interval,RESEARCH_PROXY: first observed price may define a LOW-confidence start only; never label it official listing,HIGH,LISTING_EVIDENCE_MISSING;DELISTING_STATUS_UNVERIFIED;FIRST_PRICE_IS_NOT_LISTING_DATE;PIT_MEMBERSHIP_NOT_FULLY_VERIFIED,Candidate interval only. Not enabled for engine.
INRU,,,,UNKNOWN,,UNKNOWN,0,False,,,UNKNOWN,UNKNOWN,UNKNOWN,False,False,STRICT: date >= pit_start AND date <= pit_end(if verified) AND date not inside explicit suspension interval,RESEARCH_PROXY: first observed price may define a LOW-confidence start only; never label it official listing,HIGH,LISTING_EVIDENCE_MISSING;DELISTING_STATUS_UNVERIFIED;FIRST_PRICE_IS_NOT_LISTING_DATE;PIT_MEMBERSHIP_NOT_FULLY_VERIFIED,Candidate interval only. Not enabled for engine.
INTA,,,,UNKNOWN,,UNKNOWN,0,False,,,UNKNOWN,UNKNOWN,UNKNOWN,False,False,STRICT: date >= pit_start AND date <= pit_end(if verified) AND date not inside explicit suspension interval,RESEARCH_PROXY: first observed price may define a LOW-confidence start only; never label it official listing,HIGH,LISTING_EVIDENCE_MISSING;DELISTING_STATUS_UNVERIFIED;FIRST_PRICE_IS_NOT_LISTING_DATE;PIT_MEMBERSHIP_NOT_FULLY_VERIFIED,Candidate interval only. Not enabled for engine.
INTD,,,,UNKNOWN,,UNKNOWN,0,False,,,UNKNOWN,UNKNOWN,UNKNOWN,False,False,STRICT: date >= pit_start AND date <= pit_end(if verified) AND date not inside explicit suspension interval,RESEARCH_PROXY: first observed price may define a LOW-confidence start only; never label it official listing,HIGH,LISTING_EVIDENCE_MISSING;DELISTING_STATUS_UNVERIFIED;FIRST_PRICE_IS_NOT_LISTING_DATE;PIT_MEMBERSHIP_NOT_FULLY_VERIFIED,Candidate interval only. Not enabled for engine.
INTP,,,,UNKNOWN,,UNKNOWN,0,False,,,UNKNOWN,UNKNOWN,UNKNOWN,False,False,STRICT: date >= pit_start AND date <= pit_end(if verified) AND date not inside explicit suspension interval,RESEARCH_PROXY: first observed price may define a LOW-confidence start only; never label it official listing,HIGH,LISTING_EVIDENCE_MISSING;DELISTING_STATUS_UNVERIFIED;FIRST_PRICE_IS_NOT_LISTING_DATE;PIT_MEMBERSHIP_NOT_FULLY_VERIFIED,Candidate interval only. Not enabled for engine.
IOTF,,,,UNKNOWN,,UNKNOWN,0,False,,,UNKNOWN,UNKNOWN,UNKNOWN,False,False,STRICT: date >= pit_start AND date <= pit_end(if verified) AND date not inside explicit suspension interval,RESEARCH_PROXY: first observed price may define a LOW-confidence start only; never label it official listing,HIGH,LISTING_EVIDENCE_MISSING;DELISTING_STATUS_UNVERIFIED;FIRST_PRICE_IS_NOT_LISTING_DATE;PIT_MEMBERSHIP_NOT_FULLY_VERIFIED,Candidate interval only. Not enabled for engine.
IPAC,,,,UNKNOWN,,UNKNOWN,0,False,,,UNKNOWN,UNKNOWN,UNKNOWN,False,False,STRICT: date >= pit_start AND date <= pit_end(if verified) AND date not inside explicit suspension interval,RESEARCH_PROXY: first observed price may define a LOW-confidence start only; never label it official listing,HIGH,LISTING_EVIDENCE_MISSING;DELISTING_STATUS_UNVERIFIED;FIRST_PRICE_IS_NOT_LISTING_DATE;PIT_MEMBERSHIP_NOT_FULLY_VERIFIED,Candidate interval only. Not enabled for engine.
IPCC,,,,UNKNOWN,,UNKNOWN,0,False,,,UNKNOWN,UNKNOWN,UNKNOWN,False,False,STRICT: date >= pit_start AND date <= pit_end(if verified) AND date not inside explicit suspension interval,RESEARCH_PROXY: first observed price may define a LOW-confidence start only; never label it official listing,HIGH,LISTING_EVIDENCE_MISSING;DELISTING_STATUS_UNVERIFIED;FIRST_PRICE_IS_NOT_LISTING_DATE;PIT_MEMBERSHIP_NOT_FULLY_VERIFIED,Candidate interval only. Not enabled for engine.
IPCM,,,,UNKNOWN,,UNKNOWN,0,False,,,UNKNOWN,UNKNOWN,UNKNOWN,False,False,STRICT: date >= pit_start AND date <= pit_end(if verified) AND date not inside explicit suspension interval,RESEARCH_PROXY: first observed price may define a LOW-confidence start only; never label it official listing,HIGH,LISTING_EVIDENCE_MISSING;DELISTING_STATUS_UNVERIFIED;FIRST_PRICE_IS_NOT_LISTING_DATE;PIT_MEMBERSHIP_NOT_FULLY_VERIFIED,Candidate interval only. Not enabled for engine.
IPOL,,,,UNKNOWN,,UNKNOWN,0,False,,,UNKNOWN,UNKNOWN,UNKNOWN,False,False,STRICT: date >= pit_start AND date <= pit_end(if verified) AND date not inside explicit suspension interval,RESEARCH_PROXY: first observed price may define a LOW-confidence start only; never label it official listing,HIGH,LISTING_EVIDENCE_MISSING;DELISTING_STATUS_UNVERIFIED;FIRST_PRICE_IS_NOT_LISTING_DATE;PIT_MEMBERSHIP_NOT_FULLY_VERIFIED,Candidate interval only. Not enabled for engine.
IPPE,,,,UNKNOWN,,UNKNOWN,0,False,,,UNKNOWN,UNKNOWN,UNKNOWN,False,False,STRICT: date >= pit_start AND date <= pit_end(if verified) AND date not inside explicit suspension interval,RESEARCH_PROXY: first observed price may define a LOW-confidence start only; never label it official listing,HIGH,LISTING_EVIDENCE_MISSING;DELISTING_STATUS_UNVERIFIED;FIRST_PRICE_IS_NOT_LISTING_DATE;PIT_MEMBERSHIP_NOT_FULLY_VERIFIED,Candidate interval only. Not enabled for engine.
IPTV,,,,UNKNOWN,,UNKNOWN,0,False,,,UNKNOWN,UNKNOWN,UNKNOWN,False,False,STRICT: date >= pit_start AND date <= pit_end(if verified) AND date not inside explicit suspension interval,RESEARCH_PROXY: first observed price may define a LOW-confidence start only; never label it official listing,HIGH,LISTING_EVIDENCE_MISSING;DELISTING_STATUS_UNVERIFIED;FIRST_PRICE_IS_NOT_LISTING_DATE;PIT_MEMBERSHIP_NOT_FULLY_VERIFIED,Candidate interval only. Not enabled for engine.
IRRA,,,,UNKNOWN,,UNKNOWN,0,False,,,UNKNOWN,UNKNOWN,UNKNOWN,False,False,STRICT: date >= pit_start AND date <= pit_end(if verified) AND date not inside explicit suspension interval,RESEARCH_PROXY: first observed price may define a LOW-confidence start only; never label it official listing,HIGH,LISTING_EVIDENCE_MISSING;DELISTING_STATUS_UNVERIFIED;FIRST_PRICE_IS_NOT_LISTING_DATE;PIT_MEMBERSHIP_NOT_FULLY_VERIFIED,Candidate interval only. Not enabled for engine.
IRSX,,,,UNKNOWN,,UNKNOWN,0,False,,,UNKNOWN,UNKNOWN,UNKNOWN,False,False,STRICT: date >= pit_start AND date <= pit_end(if verified) AND date not inside explicit suspension interval,RESEARCH_PROXY: first observed price may define a LOW-confidence start only; never label it official listing,HIGH,LISTING_EVIDENCE_MISSING;DELISTING_STATUS_UNVERIFIED;FIRST_PRICE_IS_NOT_LISTING_DATE;PIT_MEMBERSHIP_NOT_FULLY_VERIFIED,Candidate interval only. Not enabled for engine.
ISAP,,,,UNKNOWN,,UNKNOWN,0,False,,,UNKNOWN,UNKNOWN,UNKNOWN,False,False,STRICT: date >= pit_start AND date <= pit_end(if verified) AND date not inside explicit suspension interval,RESEARCH_PROXY: first observed price may define a LOW-confidence start only; never label it official listing,HIGH,LISTING_EVIDENCE_MISSING;DELISTING_STATUS_UNVERIFIED;FIRST_PRICE_IS_NOT_LISTING_DATE;PIT_MEMBERSHIP_NOT_FULLY_VERIFIED,Candidate interval only. Not enabled for engine.
ISAT,,,,UNKNOWN,,UNKNOWN,0,False,,,UNKNOWN,UNKNOWN,UNKNOWN,False,False,STRICT: date >= pit_start AND date <= pit_end(if verified) AND date not inside explicit suspension interval,RESEARCH_PROXY: first observed price may define a LOW-confidence start only; never label it official listing,HIGH,LISTING_EVIDENCE_MISSING;DELISTING_STATUS_UNVERIFIED;FIRST_PRICE_IS_NOT_LISTING_DATE;PIT_MEMBERSHIP_NOT_FULLY_VERIFIED,Candidate interval only. Not enabled for engine.
ISEA,,,,UNKNOWN,,UNKNOWN,0,False,,,UNKNOWN,UNKNOWN,UNKNOWN,False,False,STRICT: date >= pit_start AND date <= pit_end(if verified) AND date not inside explicit suspension interval,RESEARCH_PROXY: first observed price may define a LOW-confidence start only; never label it official listing,HIGH,LISTING_EVIDENCE_MISSING;DELISTING_STATUS_UNVERIFIED;FIRST_PRICE_IS_NOT_LISTING_DATE;PIT_MEMBERSHIP_NOT_FULLY_VERIFIED,Candidate interval only. Not enabled for engine.
ISSP,,,,UNKNOWN,,UNKNOWN,0,False,,,UNKNOWN,UNKNOWN,UNKNOWN,False,False,STRICT: date >= pit_start AND date <= pit_end(if verified) AND date not inside explicit suspension interval,RESEARCH_PROXY: first observed price may define a LOW-confidence start only; never label it official listing,HIGH,LISTING_EVIDENCE_MISSING;DELISTING_STATUS_UNVERIFIED;FIRST_PRICE_IS_NOT_LISTING_DATE;PIT_MEMBERSHIP_NOT_FULLY_VERIFIED,Candidate interval only. Not enabled for engine.
ITIC,,,,UNKNOWN,,UNKNOWN,0,False,,,UNKNOWN,UNKNOWN,UNKNOWN,False,False,STRICT: date >= pit_start AND date <= pit_end(if verified) AND date not inside explicit suspension interval,RESEARCH_PROXY: first observed price may define a LOW-confidence start only; never label it official listing,HIGH,LISTING_EVIDENCE_MISSING;DELISTING_STATUS_UNVERIFIED;FIRST_PRICE_IS_NOT_LISTING_DATE;PIT_MEMBERSHIP_NOT_FULLY_VERIFIED,Candidate interval only. Not enabled for engine.
ITMA,,,,UNKNOWN,,UNKNOWN,0,False,,,UNKNOWN,UNKNOWN,UNKNOWN,False,False,STRICT: date >= pit_start AND date <= pit_end(if verified) AND date not inside explicit suspension interval,RESEARCH_PROXY: first observed price may define a LOW-confidence start only; never label it official listing,HIGH,LISTING_EVIDENCE_MISSING;DELISTING_STATUS_UNVERIFIED;FIRST_PRICE_IS_NOT_LISTING_DATE;PIT_MEMBERSHIP_NOT_FULLY_VERIFIED,Candidate interval only. Not enabled for engine.
ITMG,,,,UNKNOWN,,UNKNOWN,0,False,,,UNKNOWN,UNKNOWN,UNKNOWN,False,False,STRICT: date >= pit_start AND date <= pit_end(if verified) AND date not inside explicit suspension interval,RESEARCH_PROXY: first observed price may define a LOW-confidence start only; never label it official listing,HIGH,LISTING_EVIDENCE_MISSING;DELISTING_STATUS_UNVERIFIED;FIRST_PRICE_IS_NOT_LISTING_DATE;PIT_MEMBERSHIP_NOT_FULLY_VERIFIED,Candidate interval only. Not enabled for engine.
JARR,,,,UNKNOWN,,UNKNOWN,0,False,,,UNKNOWN,UNKNOWN,UNKNOWN,False,False,STRICT: date >= pit_start AND date <= pit_end(if verified) AND date not inside explicit suspension interval,RESEARCH_PROXY: first observed price may define a LOW-confidence start only; never label it official listing,HIGH,LISTING_EVIDENCE_MISSING;DELISTING_STATUS_UNVERIFIED;FIRST_PRICE_IS_NOT_LISTING_DATE;PIT_MEMBERSHIP_NOT_FULLY_VERIFIED,Candidate interval only. Not enabled for engine.
JAST,,,,UNKNOWN,,UNKNOWN,0,False,,,UNKNOWN,UNKNOWN,UNKNOWN,False,False,STRICT: date >= pit_start AND date <= pit_end(if verified) AND date not inside explicit suspension interval,RESEARCH_PROXY: first observed price may define a LOW-confidence start only; never label it official listing,HIGH,LISTING_EVIDENCE_MISSING;DELISTING_STATUS_UNVERIFIED;FIRST_PRICE_IS_NOT_LISTING_DATE;PIT_MEMBERSHIP_NOT_FULLY_VERIFIED,Candidate interval only. Not enabled for engine.
JATI,,,,UNKNOWN,,UNKNOWN,0,False,,,UNKNOWN,UNKNOWN,UNKNOWN,False,False,STRICT: date >= pit_start AND date <= pit_end(if verified) AND date not inside explicit suspension interval,RESEARCH_PROXY: first observed price may define a LOW-confidence start only; never label it official listing,HIGH,LISTING_EVIDENCE_MISSING;DELISTING_STATUS_UNVERIFIED;FIRST_PRICE_IS_NOT_LISTING_DATE;PIT_MEMBERSHIP_NOT_FULLY_VERIFIED,Candidate interval only. Not enabled for engine.
JAWA,,,,UNKNOWN,,UNKNOWN,0,False,,,UNKNOWN,UNKNOWN,UNKNOWN,False,False,STRICT: date >= pit_start AND date <= pit_end(if verified) AND date not inside explicit suspension interval,RESEARCH_PROXY: first observed price may define a LOW-confidence start only; never label it official listing,HIGH,LISTING_EVIDENCE_MISSING;DELISTING_STATUS_UNVERIFIED;FIRST_PRICE_IS_NOT_LISTING_DATE;PIT_MEMBERSHIP_NOT_FULLY_VERIFIED,Candidate interval only. Not enabled for engine.
JAYA,,,,UNKNOWN,,UNKNOWN,0,False,,,UNKNOWN,UNKNOWN,UNKNOWN,False,False,STRICT: date >= pit_start AND date <= pit_end(if verified) AND date not inside explicit suspension interval,RESEARCH_PROXY: first observed price may define a LOW-confidence start only; never label it official listing,HIGH,LISTING_EVIDENCE_MISSING;DELISTING_STATUS_UNVERIFIED;FIRST_PRICE_IS_NOT_LISTING_DATE;PIT_MEMBERSHIP_NOT_FULLY_VERIFIED,Candidate interval only. Not enabled for engine.
JECC,,,,UNKNOWN,,UNKNOWN,0,False,,,UNKNOWN,UNKNOWN,UNKNOWN,False,False,STRICT: date >= pit_start AND date <= pit_end(if verified) AND date not inside explicit suspension interval,RESEARCH_PROXY: first observed price may define a LOW-confidence start only; never label it official listing,HIGH,LISTING_EVIDENCE_MISSING;DELISTING_STATUS_UNVERIFIED;FIRST_PRICE_IS_NOT_LISTING_DATE;PIT_MEMBERSHIP_NOT_FULLY_VERIFIED,Candidate interval only. Not enabled for engine.
JGLE,,,,UNKNOWN,,UNKNOWN,0,False,,,UNKNOWN,UNKNOWN,UNKNOWN,False,False,STRICT: date >= pit_start AND date <= pit_end(if verified) AND date not inside explicit suspension interval,RESEARCH_PROXY: first observed price may define a LOW-confidence start only; never label it official listing,HIGH,LISTING_EVIDENCE_MISSING;DELISTING_STATUS_UNVERIFIED;FIRST_PRICE_IS_NOT_LISTING_DATE;PIT_MEMBERSHIP_NOT_FULLY_VERIFIED,Candidate interval only. Not enabled for engine.
JIHD,,,,UNKNOWN,,UNKNOWN,0,False,,,UNKNOWN,UNKNOWN,UNKNOWN,False,False,STRICT: date >= pit_start AND date <= pit_end(if verified) AND date not inside explicit suspension interval,RESEARCH_PROXY: first observed price may define a LOW-confidence start only; never label it official listing,HIGH,LISTING_EVIDENCE_MISSING;DELISTING_STATUS_UNVERIFIED;FIRST_PRICE_IS_NOT_LISTING_DATE;PIT_MEMBERSHIP_NOT_FULLY_VERIFIED,Candidate interval only. Not enabled for engine.
JKON,,,,UNKNOWN,,UNKNOWN,0,False,,,UNKNOWN,UNKNOWN,UNKNOWN,False,False,STRICT: date >= pit_start AND date <= pit_end(if verified) AND date not inside explicit suspension interval,RESEARCH_PROXY: first observed price may define a LOW-confidence start only; never label it official listing,HIGH,LISTING_EVIDENCE_MISSING;DELISTING_STATUS_UNVERIFIED;FIRST_PRICE_IS_NOT_LISTING_DATE;PIT_MEMBERSHIP_NOT_FULLY_VERIFIED,Candidate interval only. Not enabled for engine.
JMAS,,,,UNKNOWN,,UNKNOWN,0,False,,,UNKNOWN,UNKNOWN,UNKNOWN,False,False,STRICT: date >= pit_start AND date <= pit_end(if verified) AND date not inside explicit suspension interval,RESEARCH_PROXY: first observed price may define a LOW-confidence start only; never label it official listing,HIGH,LISTING_EVIDENCE_MISSING;DELISTING_STATUS_UNVERIFIED;FIRST_PRICE_IS_NOT_LISTING_DATE;PIT_MEMBERSHIP_NOT_FULLY_VERIFIED,Candidate interval only. Not enabled for engine.
JPFA,,,,UNKNOWN,,UNKNOWN,0,False,,,UNKNOWN,UNKNOWN,UNKNOWN,False,False,STRICT: date >= pit_start AND date <= pit_end(if verified) AND date not inside explicit suspension interval,RESEARCH_PROXY: first observed price may define a LOW-confidence start only; never label it official listing,HIGH,LISTING_EVIDENCE_MISSING;DELISTING_STATUS_UNVERIFIED;FIRST_PRICE_IS_NOT_LISTING_DATE;PIT_MEMBERSHIP_NOT_FULLY_VERIFIED,Candidate interval only. Not enabled for engine.
JRPT,,,,UNKNOWN,,UNKNOWN,0,False,,,UNKNOWN,UNKNOWN,UNKNOWN,False,False,STRICT: date >= pit_start AND date <= pit_end(if verified) AND date not inside explicit suspension interval,RESEARCH_PROXY: first observed price may define a LOW-confidence start only; never label it official listing,HIGH,LISTING_EVIDENCE_MISSING;DELISTING_STATUS_UNVERIFIED;FIRST_PRICE_IS_NOT_LISTING_DATE;PIT_MEMBERSHIP_NOT_FULLY_VERIFIED,Candidate interval only. Not enabled for engine.
JSMR,,,,UNKNOWN,,UNKNOWN,0,False,,,UNKNOWN,UNKNOWN,UNKNOWN,False,False,STRICT: date >= pit_start AND date <= pit_end(if verified) AND date not inside explicit suspension interval,RESEARCH_PROXY: first observed price may define a LOW-confidence start only; never label it official listing,HIGH,LISTING_EVIDENCE_MISSING;DELISTING_STATUS_UNVERIFIED;FIRST_PRICE_IS_NOT_LISTING_DATE;PIT_MEMBERSHIP_NOT_FULLY_VERIFIED,Candidate interval only. Not enabled for engine.
JSPT,,,,UNKNOWN,,UNKNOWN,0,False,,,UNKNOWN,UNKNOWN,UNKNOWN,False,False,STRICT: date >= pit_start AND date <= pit_end(if verified) AND date not inside explicit suspension interval,RESEARCH_PROXY: first observed price may define a LOW-confidence start only; never label it official listing,HIGH,LISTING_EVIDENCE_MISSING;DELISTING_STATUS_UNVERIFIED;FIRST_PRICE_IS_NOT_LISTING_DATE;PIT_MEMBERSHIP_NOT_FULLY_VERIFIED,Candidate interval only. Not enabled for engine.
JTPE,,,,UNKNOWN,,UNKNOWN,0,False,,,UNKNOWN,UNKNOWN,UNKNOWN,False,False,STRICT: date >= pit_start AND date <= pit_end(if verified) AND date not inside explicit suspension interval,RESEARCH_PROXY: first observed price may define a LOW-confidence start only; never label it official listing,HIGH,LISTING_EVIDENCE_MISSING;DELISTING_STATUS_UNVERIFIED;FIRST_PRICE_IS_NOT_LISTING_DATE;PIT_MEMBERSHIP_NOT_FULLY_VERIFIED,Candidate interval only. Not enabled for engine.
KAEF,,,,UNKNOWN,,UNKNOWN,0,False,,,UNKNOWN,UNKNOWN,UNKNOWN,False,False,STRICT: date >= pit_start AND date <= pit_end(if verified) AND date not inside explicit suspension interval,RESEARCH_PROXY: first observed price may define a LOW-confidence start only; never label it official listing,HIGH,LISTING_EVIDENCE_MISSING;DELISTING_STATUS_UNVERIFIED;FIRST_PRICE_IS_NOT_LISTING_DATE;PIT_MEMBERSHIP_NOT_FULLY_VERIFIED,Candidate interval only. Not enabled for engine.
KAQI,,,,UNKNOWN,,UNKNOWN,0,False,,,UNKNOWN,UNKNOWN,UNKNOWN,False,False,STRICT: date >= pit_start AND date <= pit_end(if verified) AND date not inside explicit suspension interval,RESEARCH_PROXY: first observed price may define a LOW-confidence start only; never label it official listing,HIGH,LISTING_EVIDENCE_MISSING;DELISTING_STATUS_UNVERIFIED;FIRST_PRICE_IS_NOT_LISTING_DATE;PIT_MEMBERSHIP_NOT_FULLY_VERIFIED,Candidate interval only. Not enabled for engine.
KARW,,,,UNKNOWN,,UNKNOWN,0,False,,,UNKNOWN,UNKNOWN,UNKNOWN,False,False,STRICT: date >= pit_start AND date <= pit_end(if verified) AND date not inside explicit suspension interval,RESEARCH_PROXY: first observed price may define a LOW-confidence start only; never label it official listing,HIGH,LISTING_EVIDENCE_MISSING;DELISTING_STATUS_UNVERIFIED;FIRST_PRICE_IS_NOT_LISTING_DATE;PIT_MEMBERSHIP_NOT_FULLY_VERIFIED,Candidate interval only. Not enabled for engine.
KAYU,,,,UNKNOWN,,UNKNOWN,0,False,,,UNKNOWN,UNKNOWN,UNKNOWN,False,False,STRICT: date >= pit_start AND date <= pit_end(if verified) AND date not inside explicit suspension interval,RESEARCH_PROXY: first observed price may define a LOW-confidence start only; never label it official listing,HIGH,LISTING_EVIDENCE_MISSING;DELISTING_STATUS_UNVERIFIED;FIRST_PRICE_IS_NOT_LISTING_DATE;PIT_MEMBERSHIP_NOT_FULLY_VERIFIED,Candidate interval only. Not enabled for engine.
KBAG,,,,UNKNOWN,,UNKNOWN,0,False,,,UNKNOWN,UNKNOWN,UNKNOWN,False,False,STRICT: date >= pit_start AND date <= pit_end(if verified) AND date not inside explicit suspension interval,RESEARCH_PROXY: first observed price may define a LOW-confidence start only; never label it official listing,HIGH,LISTING_EVIDENCE_MISSING;DELISTING_STATUS_UNVERIFIED;FIRST_PRICE_IS_NOT_LISTING_DATE;PIT_MEMBERSHIP_NOT_FULLY_VERIFIED,Candidate interval only. Not enabled for engine.
KBLI,,,,UNKNOWN,,UNKNOWN,0,False,,,UNKNOWN,UNKNOWN,UNKNOWN,False,False,STRICT: date >= pit_start AND date <= pit_end(if verified) AND date not inside explicit suspension interval,RESEARCH_PROXY: first observed price may define a LOW-confidence start only; never label it official listing,HIGH,LISTING_EVIDENCE_MISSING;DELISTING_STATUS_UNVERIFIED;FIRST_PRICE_IS_NOT_LISTING_DATE;PIT_MEMBERSHIP_NOT_FULLY_VERIFIED,Candidate interval only. Not enabled for engine.
KBLM,,,,UNKNOWN,,UNKNOWN,0,False,,,UNKNOWN,UNKNOWN,UNKNOWN,False,False,STRICT: date >= pit_start AND date <= pit_end(if verified) AND date not inside explicit suspension interval,RESEARCH_PROXY: first observed price may define a LOW-confidence start only; never label it official listing,HIGH,LISTING_EVIDENCE_MISSING;DELISTING_STATUS_UNVERIFIED;FIRST_PRICE_IS_NOT_LISTING_DATE;PIT_MEMBERSHIP_NOT_FULLY_VERIFIED,Candidate interval only. Not enabled for engine.
KBLV,,,,UNKNOWN,,UNKNOWN,0,False,,,UNKNOWN,UNKNOWN,UNKNOWN,False,False,STRICT: date >= pit_start AND date <= pit_end(if verified) AND date not inside explicit suspension interval,RESEARCH_PROXY: first observed price may define a LOW-confidence start only; never label it official listing,HIGH,LISTING_EVIDENCE_MISSING;DELISTING_STATUS_UNVERIFIED;FIRST_PRICE_IS_NOT_LISTING_DATE;PIT_MEMBERSHIP_NOT_FULLY_VERIFIED,Candidate interval only. Not enabled for engine.
KDSI,,,,UNKNOWN,,UNKNOWN,0,False,,,UNKNOWN,UNKNOWN,UNKNOWN,False,False,STRICT: date >= pit_start AND date <= pit_end(if verified) AND date not inside explicit suspension interval,RESEARCH_PROXY: first observed price may define a LOW-confidence start only; never label it official listing,HIGH,LISTING_EVIDENCE_MISSING;DELISTING_STATUS_UNVERIFIED;FIRST_PRICE_IS_NOT_LISTING_DATE;PIT_MEMBERSHIP_NOT_FULLY_VERIFIED,Candidate interval only. Not enabled for engine.
KDTN,,,,UNKNOWN,,UNKNOWN,0,False,,,UNKNOWN,UNKNOWN,UNKNOWN,False,False,STRICT: date >= pit_start AND date <= pit_end(if verified) AND date not inside explicit suspension interval,RESEARCH_PROXY: first observed price may define a LOW-confidence start only; never label it official listing,HIGH,LISTING_EVIDENCE_MISSING;DELISTING_STATUS_UNVERIFIED;FIRST_PRICE_IS_NOT_LISTING_DATE;PIT_MEMBERSHIP_NOT_FULLY_VERIFIED,Candidate interval only. Not enabled for engine.
KEEN,,,,UNKNOWN,,UNKNOWN,0,False,,,UNKNOWN,UNKNOWN,UNKNOWN,False,False,STRICT: date >= pit_start AND date <= pit_end(if verified) AND date not inside explicit suspension interval,RESEARCH_PROXY: first observed price may define a LOW-confidence start only; never label it official listing,HIGH,LISTING_EVIDENCE_MISSING;DELISTING_STATUS_UNVERIFIED;FIRST_PRICE_IS_NOT_LISTING_DATE;PIT_MEMBERSHIP_NOT_FULLY_VERIFIED,Candidate interval only. Not enabled for engine.
KEJU,,,,UNKNOWN,,UNKNOWN,0,False,,,UNKNOWN,UNKNOWN,UNKNOWN,False,False,STRICT: date >= pit_start AND date <= pit_end(if verified) AND date not inside explicit suspension interval,RESEARCH_PROXY: first observed price may define a LOW-confidence start only; never label it official listing,HIGH,LISTING_EVIDENCE_MISSING;DELISTING_STATUS_UNVERIFIED;FIRST_PRICE_IS_NOT_LISTING_DATE;PIT_MEMBERSHIP_NOT_FULLY_VERIFIED,Candidate interval only. Not enabled for engine.
KETR,,,,UNKNOWN,,UNKNOWN,0,False,,,UNKNOWN,UNKNOWN,UNKNOWN,False,False,STRICT: date >= pit_start AND date <= pit_end(if verified) AND date not inside explicit suspension interval,RESEARCH_PROXY: first observed price may define a LOW-confidence start only; never label it official listing,HIGH,LISTING_EVIDENCE_MISSING;DELISTING_STATUS_UNVERIFIED;FIRST_PRICE_IS_NOT_LISTING_DATE;PIT_MEMBERSHIP_NOT_FULLY_VERIFIED,Candidate interval only. Not enabled for engine.
KIAS,,,,UNKNOWN,,UNKNOWN,0,False,,,UNKNOWN,UNKNOWN,UNKNOWN,False,False,STRICT: date >= pit_start AND date <= pit_end(if verified) AND date not inside explicit suspension interval,RESEARCH_PROXY: first observed price may define a LOW-confidence start only; never label it official listing,HIGH,LISTING_EVIDENCE_MISSING;DELISTING_STATUS_UNVERIFIED;FIRST_PRICE_IS_NOT_LISTING_DATE;PIT_MEMBERSHIP_NOT_FULLY_VERIFIED,Candidate interval only. Not enabled for engine.
KICI,,,,UNKNOWN,,UNKNOWN,0,False,,,UNKNOWN,UNKNOWN,UNKNOWN,False,False,STRICT: date >= pit_start AND date <= pit_end(if verified) AND date not inside explicit suspension interval,RESEARCH_PROXY: first observed price may define a LOW-confidence start only; never label it official listing,HIGH,LISTING_EVIDENCE_MISSING;DELISTING_STATUS_UNVERIFIED;FIRST_PRICE_IS_NOT_LISTING_DATE;PIT_MEMBERSHIP_NOT_FULLY_VERIFIED,Candidate interval only. Not enabled for engine.
KIJA,,,,UNKNOWN,,UNKNOWN,0,False,,,UNKNOWN,UNKNOWN,UNKNOWN,False,False,STRICT: date >= pit_start AND date <= pit_end(if verified) AND date not inside explicit suspension interval,RESEARCH_PROXY: first observed price may define a LOW-confidence start only; never label it official listing,HIGH,LISTING_EVIDENCE_MISSING;DELISTING_STATUS_UNVERIFIED;FIRST_PRICE_IS_NOT_LISTING_DATE;PIT_MEMBERSHIP_NOT_FULLY_VERIFIED,Candidate interval only. Not enabled for engine.
KINO,,,,UNKNOWN,,UNKNOWN,0,False,,,UNKNOWN,UNKNOWN,UNKNOWN,False,False,STRICT: date >= pit_start AND date <= pit_end(if verified) AND date not inside explicit suspension interval,RESEARCH_PROXY: first observed price may define a LOW-confidence start only; never label it official listing,HIGH,LISTING_EVIDENCE_MISSING;DELISTING_STATUS_UNVERIFIED;FIRST_PRICE_IS_NOT_LISTING_DATE;PIT_MEMBERSHIP_NOT_FULLY_VERIFIED,Candidate interval only. Not enabled for engine.
KIOS,,,,UNKNOWN,,UNKNOWN,0,False,,,UNKNOWN,UNKNOWN,UNKNOWN,False,False,STRICT: date >= pit_start AND date <= pit_end(if verified) AND date not inside explicit suspension interval,RESEARCH_PROXY: first observed price may define a LOW-confidence start only; never label it official listing,HIGH,LISTING_EVIDENCE_MISSING;DELISTING_STATUS_UNVERIFIED;FIRST_PRICE_IS_NOT_LISTING_DATE;PIT_MEMBERSHIP_NOT_FULLY_VERIFIED,Candidate interval only. Not enabled for engine.
KJEN,,,,UNKNOWN,,UNKNOWN,0,False,,,UNKNOWN,UNKNOWN,UNKNOWN,False,False,STRICT: date >= pit_start AND date <= pit_end(if verified) AND date not inside explicit suspension interval,RESEARCH_PROXY: first observed price may define a LOW-confidence start only; never label it official listing,HIGH,LISTING_EVIDENCE_MISSING;DELISTING_STATUS_UNVERIFIED;FIRST_PRICE_IS_NOT_LISTING_DATE;PIT_MEMBERSHIP_NOT_FULLY_VERIFIED,Candidate interval only. Not enabled for engine.
KKES,,,,UNKNOWN,,UNKNOWN,0,False,,,UNKNOWN,UNKNOWN,UNKNOWN,False,False,STRICT: date >= pit_start AND date <= pit_end(if verified) AND date not inside explicit suspension interval,RESEARCH_PROXY: first observed price may define a LOW-confidence start only; never label it official listing,HIGH,LISTING_EVIDENCE_MISSING;DELISTING_STATUS_UNVERIFIED;FIRST_PRICE_IS_NOT_LISTING_DATE;PIT_MEMBERSHIP_NOT_FULLY_VERIFIED,Candidate interval only. Not enabled for engine.
KKGI,,,,UNKNOWN,,UNKNOWN,0,False,,,UNKNOWN,UNKNOWN,UNKNOWN,False,False,STRICT: date >= pit_start AND date <= pit_end(if verified) AND date not inside explicit suspension interval,RESEARCH_PROXY: first observed price may define a LOW-confidence start only; never label it official listing,HIGH,LISTING_EVIDENCE_MISSING;DELISTING_STATUS_UNVERIFIED;FIRST_PRICE_IS_NOT_LISTING_DATE;PIT_MEMBERSHIP_NOT_FULLY_VERIFIED,Candidate interval only. Not enabled for engine.
KLAS,,,,UNKNOWN,,UNKNOWN,0,False,,,UNKNOWN,UNKNOWN,UNKNOWN,False,False,STRICT: date >= pit_start AND date <= pit_end(if verified) AND date not inside explicit suspension interval,RESEARCH_PROXY: first observed price may define a LOW-confidence start only; never label it official listing,HIGH,LISTING_EVIDENCE_MISSING;DELISTING_STATUS_UNVERIFIED;FIRST_PRICE_IS_NOT_LISTING_DATE;PIT_MEMBERSHIP_NOT_FULLY_VERIFIED,Candidate interval only. Not enabled for engine.
KLBF,,,,UNKNOWN,,UNKNOWN,0,False,,,UNKNOWN,UNKNOWN,UNKNOWN,False,False,STRICT: date >= pit_start AND date <= pit_end(if verified) AND date not inside explicit suspension interval,RESEARCH_PROXY: first observed price may define a LOW-confidence start only; never label it official listing,HIGH,LISTING_EVIDENCE_MISSING;DELISTING_STATUS_UNVERIFIED;FIRST_PRICE_IS_NOT_LISTING_DATE;PIT_MEMBERSHIP_NOT_FULLY_VERIFIED,Candidate interval only. Not enabled for engine.
KLIN,,,,UNKNOWN,,UNKNOWN,0,False,,,UNKNOWN,UNKNOWN,UNKNOWN,False,False,STRICT: date >= pit_start AND date <= pit_end(if verified) AND date not inside explicit suspension interval,RESEARCH_PROXY: first observed price may define a LOW-confidence start only; never label it official listing,HIGH,LISTING_EVIDENCE_MISSING;DELISTING_STATUS_UNVERIFIED;FIRST_PRICE_IS_NOT_LISTING_DATE;PIT_MEMBERSHIP_NOT_FULLY_VERIFIED,Candidate interval only. Not enabled for engine.
KMDS,,,,UNKNOWN,,UNKNOWN,0,False,,,UNKNOWN,UNKNOWN,UNKNOWN,False,False,STRICT: date >= pit_start AND date <= pit_end(if verified) AND date not inside explicit suspension interval,RESEARCH_PROXY: first observed price may define a LOW-confidence start only; never label it official listing,HIGH,LISTING_EVIDENCE_MISSING;DELISTING_STATUS_UNVERIFIED;FIRST_PRICE_IS_NOT_LISTING_DATE;PIT_MEMBERSHIP_NOT_FULLY_VERIFIED,Candidate interval only. Not enabled for engine.
KMTR,,,,UNKNOWN,,UNKNOWN,0,False,,,UNKNOWN,UNKNOWN,UNKNOWN,False,False,STRICT: date >= pit_start AND date <= pit_end(if verified) AND date not inside explicit suspension interval,RESEARCH_PROXY: first observed price may define a LOW-confidence start only; never label it official listing,HIGH,LISTING_EVIDENCE_MISSING;DELISTING_STATUS_UNVERIFIED;FIRST_PRICE_IS_NOT_LISTING_DATE;PIT_MEMBERSHIP_NOT_FULLY_VERIFIED,Candidate interval only. Not enabled for engine.
KOBX,,,,UNKNOWN,,UNKNOWN,0,False,,,UNKNOWN,UNKNOWN,UNKNOWN,False,False,STRICT: date >= pit_start AND date <= pit_end(if verified) AND date not inside explicit suspension interval,RESEARCH_PROXY: first observed price may define a LOW-confidence start only; never label it official listing,HIGH,LISTING_EVIDENCE_MISSING;DELISTING_STATUS_UNVERIFIED;FIRST_PRICE_IS_NOT_LISTING_DATE;PIT_MEMBERSHIP_NOT_FULLY_VERIFIED,Candidate interval only. Not enabled for engine.
KOCI,,,,UNKNOWN,,UNKNOWN,0,False,,,UNKNOWN,UNKNOWN,UNKNOWN,False,False,STRICT: date >= pit_start AND date <= pit_end(if verified) AND date not inside explicit suspension interval,RESEARCH_PROXY: first observed price may define a LOW-confidence start only; never label it official listing,HIGH,LISTING_EVIDENCE_MISSING;DELISTING_STATUS_UNVERIFIED;FIRST_PRICE_IS_NOT_LISTING_DATE;PIT_MEMBERSHIP_NOT_FULLY_VERIFIED,Candidate interval only. Not enabled for engine.
KOIN,,,,UNKNOWN,,UNKNOWN,0,False,,,UNKNOWN,UNKNOWN,UNKNOWN,False,False,STRICT: date >= pit_start AND date <= pit_end(if verified) AND date not inside explicit suspension interval,RESEARCH_PROXY: first observed price may define a LOW-confidence start only; never label it official listing,HIGH,LISTING_EVIDENCE_MISSING;DELISTING_STATUS_UNVERIFIED;FIRST_PRICE_IS_NOT_LISTING_DATE;PIT_MEMBERSHIP_NOT_FULLY_VERIFIED,Candidate interval only. Not enabled for engine.
KOKA,,,,UNKNOWN,,UNKNOWN,0,False,,,UNKNOWN,UNKNOWN,UNKNOWN,False,False,STRICT: date >= pit_start AND date <= pit_end(if verified) AND date not inside explicit suspension interval,RESEARCH_PROXY: first observed price may define a LOW-confidence start only; never label it official listing,HIGH,LISTING_EVIDENCE_MISSING;DELISTING_STATUS_UNVERIFIED;FIRST_PRICE_IS_NOT_LISTING_DATE;PIT_MEMBERSHIP_NOT_FULLY_VERIFIED,Candidate interval only. Not enabled for engine.
KONI,,,,UNKNOWN,,UNKNOWN,0,False,,,UNKNOWN,UNKNOWN,UNKNOWN,False,False,STRICT: date >= pit_start AND date <= pit_end(if verified) AND date not inside explicit suspension interval,RESEARCH_PROXY: first observed price may define a LOW-confidence start only; never label it official listing,HIGH,LISTING_EVIDENCE_MISSING;DELISTING_STATUS_UNVERIFIED;FIRST_PRICE_IS_NOT_LISTING_DATE;PIT_MEMBERSHIP_NOT_FULLY_VERIFIED,Candidate interval only. Not enabled for engine.
KOPI,,,,UNKNOWN,,UNKNOWN,0,False,,,UNKNOWN,UNKNOWN,UNKNOWN,False,False,STRICT: date >= pit_start AND date <= pit_end(if verified) AND date not inside explicit suspension interval,RESEARCH_PROXY: first observed price may define a LOW-confidence start only; never label it official listing,HIGH,LISTING_EVIDENCE_MISSING;DELISTING_STATUS_UNVERIFIED;FIRST_PRICE_IS_NOT_LISTING_DATE;PIT_MEMBERSHIP_NOT_FULLY_VERIFIED,Candidate interval only. Not enabled for engine.
KOTA,,,,UNKNOWN,,UNKNOWN,0,False,,,UNKNOWN,UNKNOWN,UNKNOWN,False,False,STRICT: date >= pit_start AND date <= pit_end(if verified) AND date not inside explicit suspension interval,RESEARCH_PROXY: first observed price may define a LOW-confidence start only; never label it official listing,HIGH,LISTING_EVIDENCE_MISSING;DELISTING_STATUS_UNVERIFIED;FIRST_PRICE_IS_NOT_LISTING_DATE;PIT_MEMBERSHIP_NOT_FULLY_VERIFIED,Candidate interval only. Not enabled for engine.
KPIG,,,,UNKNOWN,,UNKNOWN,0,False,,,UNKNOWN,UNKNOWN,UNKNOWN,False,False,STRICT: date >= pit_start AND date <= pit_end(if verified) AND date not inside explicit suspension interval,RESEARCH_PROXY: first observed price may define a LOW-confidence start only; never label it official listing,HIGH,LISTING_EVIDENCE_MISSING;DELISTING_STATUS_UNVERIFIED;FIRST_PRICE_IS_NOT_LISTING_DATE;PIT_MEMBERSHIP_NOT_FULLY_VERIFIED,Candidate interval only. Not enabled for engine.
KRAS,,,,UNKNOWN,,UNKNOWN,0,False,,,UNKNOWN,UNKNOWN,UNKNOWN,False,False,STRICT: date >= pit_start AND date <= pit_end(if verified) AND date not inside explicit suspension interval,RESEARCH_PROXY: first observed price may define a LOW-confidence start only; never label it official listing,HIGH,LISTING_EVIDENCE_MISSING;DELISTING_STATUS_UNVERIFIED;FIRST_PRICE_IS_NOT_LISTING_DATE;PIT_MEMBERSHIP_NOT_FULLY_VERIFIED,Candidate interval only. Not enabled for engine.
KREN,,,,UNKNOWN,,UNKNOWN,0,False,,,UNKNOWN,UNKNOWN,UNKNOWN,False,False,STRICT: date >= pit_start AND date <= pit_end(if verified) AND date not inside explicit suspension interval,RESEARCH_PROXY: first observed price may define a LOW-confidence start only; never label it official listing,HIGH,LISTING_EVIDENCE_MISSING;DELISTING_STATUS_UNVERIFIED;FIRST_PRICE_IS_NOT_LISTING_DATE;PIT_MEMBERSHIP_NOT_FULLY_VERIFIED,Candidate interval only. Not enabled for engine.
KRYA,,,,UNKNOWN,,UNKNOWN,0,False,,,UNKNOWN,UNKNOWN,UNKNOWN,False,False,STRICT: date >= pit_start AND date <= pit_end(if verified) AND date not inside explicit suspension interval,RESEARCH_PROXY: first observed price may define a LOW-confidence start only; never label it official listing,HIGH,LISTING_EVIDENCE_MISSING;DELISTING_STATUS_UNVERIFIED;FIRST_PRICE_IS_NOT_LISTING_DATE;PIT_MEMBERSHIP_NOT_FULLY_VERIFIED,Candidate interval only. Not enabled for engine.
KSIX,,,,UNKNOWN,,UNKNOWN,0,False,,,UNKNOWN,UNKNOWN,UNKNOWN,False,False,STRICT: date >= pit_start AND date <= pit_end(if verified) AND date not inside explicit suspension interval,RESEARCH_PROXY: first observed price may define a LOW-confidence start only; never label it official listing,HIGH,LISTING_EVIDENCE_MISSING;DELISTING_STATUS_UNVERIFIED;FIRST_PRICE_IS_NOT_LISTING_DATE;PIT_MEMBERSHIP_NOT_FULLY_VERIFIED,Candidate interval only. Not enabled for engine.
KUAS,,,,UNKNOWN,,UNKNOWN,0,False,,,UNKNOWN,UNKNOWN,UNKNOWN,False,False,STRICT: date >= pit_start AND date <= pit_end(if verified) AND date not inside explicit suspension interval,RESEARCH_PROXY: first observed price may define a LOW-confidence start only; never label it official listing,HIGH,LISTING_EVIDENCE_MISSING;DELISTING_STATUS_UNVERIFIED;FIRST_PRICE_IS_NOT_LISTING_DATE;PIT_MEMBERSHIP_NOT_FULLY_VERIFIED,Candidate interval only. Not enabled for engine.
LABA,,,,UNKNOWN,,UNKNOWN,0,False,,,UNKNOWN,UNKNOWN,UNKNOWN,False,False,STRICT: date >= pit_start AND date <= pit_end(if verified) AND date not inside explicit suspension interval,RESEARCH_PROXY: first observed price may define a LOW-confidence start only; never label it official listing,HIGH,LISTING_EVIDENCE_MISSING;DELISTING_STATUS_UNVERIFIED;FIRST_PRICE_IS_NOT_LISTING_DATE;PIT_MEMBERSHIP_NOT_FULLY_VERIFIED,Candidate interval only. Not enabled for engine.
LABS,,,,UNKNOWN,,UNKNOWN,0,False,,,UNKNOWN,UNKNOWN,UNKNOWN,False,False,STRICT: date >= pit_start AND date <= pit_end(if verified) AND date not inside explicit suspension interval,RESEARCH_PROXY: first observed price may define a LOW-confidence start only; never label it official listing,HIGH,LISTING_EVIDENCE_MISSING;DELISTING_STATUS_UNVERIFIED;FIRST_PRICE_IS_NOT_LISTING_DATE;PIT_MEMBERSHIP_NOT_FULLY_VERIFIED,Candidate interval only. Not enabled for engine.
LAJU,,,,UNKNOWN,,UNKNOWN,0,False,,,UNKNOWN,UNKNOWN,UNKNOWN,False,False,STRICT: date >= pit_start AND date <= pit_end(if verified) AND date not inside explicit suspension interval,RESEARCH_PROXY: first observed price may define a LOW-confidence start only; never label it official listing,HIGH,LISTING_EVIDENCE_MISSING;DELISTING_STATUS_UNVERIFIED;FIRST_PRICE_IS_NOT_LISTING_DATE;PIT_MEMBERSHIP_NOT_FULLY_VERIFIED,Candidate interval only. Not enabled for engine.
LAND,,,,UNKNOWN,,UNKNOWN,0,False,,,UNKNOWN,UNKNOWN,UNKNOWN,False,False,STRICT: date >= pit_start AND date <= pit_end(if verified) AND date not inside explicit suspension interval,RESEARCH_PROXY: first observed price may define a LOW-confidence start only; never label it official listing,HIGH,LISTING_EVIDENCE_MISSING;DELISTING_STATUS_UNVERIFIED;FIRST_PRICE_IS_NOT_LISTING_DATE;PIT_MEMBERSHIP_NOT_FULLY_VERIFIED,Candidate interval only. Not enabled for engine.
LAPD,,,,UNKNOWN,,UNKNOWN,0,False,,,UNKNOWN,UNKNOWN,UNKNOWN,False,False,STRICT: date >= pit_start AND date <= pit_end(if verified) AND date not inside explicit suspension interval,RESEARCH_PROXY: first observed price may define a LOW-confidence start only; never label it official listing,HIGH,LISTING_EVIDENCE_MISSING;DELISTING_STATUS_UNVERIFIED;FIRST_PRICE_IS_NOT_LISTING_DATE;PIT_MEMBERSHIP_NOT_FULLY_VERIFIED,Candidate interval only. Not enabled for engine.
LCKM,,,,UNKNOWN,,UNKNOWN,0,False,,,UNKNOWN,UNKNOWN,UNKNOWN,False,False,STRICT: date >= pit_start AND date <= pit_end(if verified) AND date not inside explicit suspension interval,RESEARCH_PROXY: first observed price may define a LOW-confidence start only; never label it official listing,HIGH,LISTING_EVIDENCE_MISSING;DELISTING_STATUS_UNVERIFIED;FIRST_PRICE_IS_NOT_LISTING_DATE;PIT_MEMBERSHIP_NOT_FULLY_VERIFIED,Candidate interval only. Not enabled for engine.
LEAD,,,,UNKNOWN,,UNKNOWN,0,False,,,UNKNOWN,UNKNOWN,UNKNOWN,False,False,STRICT: date >= pit_start AND date <= pit_end(if verified) AND date not inside explicit suspension interval,RESEARCH_PROXY: first observed price may define a LOW-confidence start only; never label it official listing,HIGH,LISTING_EVIDENCE_MISSING;DELISTING_STATUS_UNVERIFIED;FIRST_PRICE_IS_NOT_LISTING_DATE;PIT_MEMBERSHIP_NOT_FULLY_VERIFIED,Candidate interval only. Not enabled for engine.
LFLO,,,,UNKNOWN,,UNKNOWN,0,False,,,UNKNOWN,UNKNOWN,UNKNOWN,False,False,STRICT: date >= pit_start AND date <= pit_end(if verified) AND date not inside explicit suspension interval,RESEARCH_PROXY: first observed price may define a LOW-confidence start only; never label it official listing,HIGH,LISTING_EVIDENCE_MISSING;DELISTING_STATUS_UNVERIFIED;FIRST_PRICE_IS_NOT_LISTING_DATE;PIT_MEMBERSHIP_NOT_FULLY_VERIFIED,Candidate interval only. Not enabled for engine.
LIFE,,,,UNKNOWN,,UNKNOWN,0,False,,,UNKNOWN,UNKNOWN,UNKNOWN,False,False,STRICT: date >= pit_start AND date <= pit_end(if verified) AND date not inside explicit suspension interval,RESEARCH_PROXY: first observed price may define a LOW-confidence start only; never label it official listing,HIGH,LISTING_EVIDENCE_MISSING;DELISTING_STATUS_UNVERIFIED;FIRST_PRICE_IS_NOT_LISTING_DATE;PIT_MEMBERSHIP_NOT_FULLY_VERIFIED,Candidate interval only. Not enabled for engine.
LINK,,,,UNKNOWN,,UNKNOWN,0,False,,,UNKNOWN,UNKNOWN,UNKNOWN,False,False,STRICT: date >= pit_start AND date <= pit_end(if verified) AND date not inside explicit suspension interval,RESEARCH_PROXY: first observed price may define a LOW-confidence start only; never label it official listing,HIGH,LISTING_EVIDENCE_MISSING;DELISTING_STATUS_UNVERIFIED;FIRST_PRICE_IS_NOT_LISTING_DATE;PIT_MEMBERSHIP_NOT_FULLY_VERIFIED,Candidate interval only. Not enabled for engine.
LION,,,,UNKNOWN,,UNKNOWN,0,False,,,UNKNOWN,UNKNOWN,UNKNOWN,False,False,STRICT: date >= pit_start AND date <= pit_end(if verified) AND date not inside explicit suspension interval,RESEARCH_PROXY: first observed price may define a LOW-confidence start only; never label it official listing,HIGH,LISTING_EVIDENCE_MISSING;DELISTING_STATUS_UNVERIFIED;FIRST_PRICE_IS_NOT_LISTING_DATE;PIT_MEMBERSHIP_NOT_FULLY_VERIFIED,Candidate interval only. Not enabled for engine.
LIVE,,,,UNKNOWN,,UNKNOWN,0,False,,,UNKNOWN,UNKNOWN,UNKNOWN,False,False,STRICT: date >= pit_start AND date <= pit_end(if verified) AND date not inside explicit suspension interval,RESEARCH_PROXY: first observed price may define a LOW-confidence start only; never label it official listing,HIGH,LISTING_EVIDENCE_MISSING;DELISTING_STATUS_UNVERIFIED;FIRST_PRICE_IS_NOT_LISTING_DATE;PIT_MEMBERSHIP_NOT_FULLY_VERIFIED,Candidate interval only. Not enabled for engine.
LMAX,,,,UNKNOWN,,UNKNOWN,0,False,,,UNKNOWN,UNKNOWN,UNKNOWN,False,False,STRICT: date >= pit_start AND date <= pit_end(if verified) AND date not inside explicit suspension interval,RESEARCH_PROXY: first observed price may define a LOW-confidence start only; never label it official listing,HIGH,LISTING_EVIDENCE_MISSING;DELISTING_STATUS_UNVERIFIED;FIRST_PRICE_IS_NOT_LISTING_DATE;PIT_MEMBERSHIP_NOT_FULLY_VERIFIED,Candidate interval only. Not enabled for engine.
LMPI,,,,UNKNOWN,,UNKNOWN,0,False,,,UNKNOWN,UNKNOWN,UNKNOWN,False,False,STRICT: date >= pit_start AND date <= pit_end(if verified) AND date not inside explicit suspension interval,RESEARCH_PROXY: first observed price may define a LOW-confidence start only; never label it official listing,HIGH,LISTING_EVIDENCE_MISSING;DELISTING_STATUS_UNVERIFIED;FIRST_PRICE_IS_NOT_LISTING_DATE;PIT_MEMBERSHIP_NOT_FULLY_VERIFIED,Candidate interval only. Not enabled for engine.
LMSH,,,,UNKNOWN,,UNKNOWN,0,False,,,UNKNOWN,UNKNOWN,UNKNOWN,False,False,STRICT: date >= pit_start AND date <= pit_end(if verified) AND date not inside explicit suspension interval,RESEARCH_PROXY: first observed price may define a LOW-confidence start only; never label it official listing,HIGH,LISTING_EVIDENCE_MISSING;DELISTING_STATUS_UNVERIFIED;FIRST_PRICE_IS_NOT_LISTING_DATE;PIT_MEMBERSHIP_NOT_FULLY_VERIFIED,Candidate interval only. Not enabled for engine.
LOPI,,,,UNKNOWN,,UNKNOWN,0,False,,,UNKNOWN,UNKNOWN,UNKNOWN,False,False,STRICT: date >= pit_start AND date <= pit_end(if verified) AND date not inside explicit suspension interval,RESEARCH_PROXY: first observed price may define a LOW-confidence start only; never label it official listing,HIGH,LISTING_EVIDENCE_MISSING;DELISTING_STATUS_UNVERIFIED;FIRST_PRICE_IS_NOT_LISTING_DATE;PIT_MEMBERSHIP_NOT_FULLY_VERIFIED,Candidate interval only. Not enabled for engine.
LPCK,,,,UNKNOWN,,UNKNOWN,0,False,,,UNKNOWN,UNKNOWN,UNKNOWN,False,False,STRICT: date >= pit_start AND date <= pit_end(if verified) AND date not inside explicit suspension interval,RESEARCH_PROXY: first observed price may define a LOW-confidence start only; never label it official listing,HIGH,LISTING_EVIDENCE_MISSING;DELISTING_STATUS_UNVERIFIED;FIRST_PRICE_IS_NOT_LISTING_DATE;PIT_MEMBERSHIP_NOT_FULLY_VERIFIED,Candidate interval only. Not enabled for engine.
LPGI,,,,UNKNOWN,,UNKNOWN,0,False,,,UNKNOWN,UNKNOWN,UNKNOWN,False,False,STRICT: date >= pit_start AND date <= pit_end(if verified) AND date not inside explicit suspension interval,RESEARCH_PROXY: first observed price may define a LOW-confidence start only; never label it official listing,HIGH,LISTING_EVIDENCE_MISSING;DELISTING_STATUS_UNVERIFIED;FIRST_PRICE_IS_NOT_LISTING_DATE;PIT_MEMBERSHIP_NOT_FULLY_VERIFIED,Candidate interval only. Not enabled for engine.
LPIN,,,,UNKNOWN,,UNKNOWN,0,False,,,UNKNOWN,UNKNOWN,UNKNOWN,False,False,STRICT: date >= pit_start AND date <= pit_end(if verified) AND date not inside explicit suspension interval,RESEARCH_PROXY: first observed price may define a LOW-confidence start only; never label it official listing,HIGH,LISTING_EVIDENCE_MISSING;DELISTING_STATUS_UNVERIFIED;FIRST_PRICE_IS_NOT_LISTING_DATE;PIT_MEMBERSHIP_NOT_FULLY_VERIFIED,Candidate interval only. Not enabled for engine.
LPKR,,,,UNKNOWN,,UNKNOWN,0,False,,,UNKNOWN,UNKNOWN,UNKNOWN,False,False,STRICT: date >= pit_start AND date <= pit_end(if verified) AND date not inside explicit suspension interval,RESEARCH_PROXY: first observed price may define a LOW-confidence start only; never label it official listing,HIGH,LISTING_EVIDENCE_MISSING;DELISTING_STATUS_UNVERIFIED;FIRST_PRICE_IS_NOT_LISTING_DATE;PIT_MEMBERSHIP_NOT_FULLY_VERIFIED,Candidate interval only. Not enabled for engine.
LPLI,,,,UNKNOWN,,UNKNOWN,0,False,,,UNKNOWN,UNKNOWN,UNKNOWN,False,False,STRICT: date >= pit_start AND date <= pit_end(if verified) AND date not inside explicit suspension interval,RESEARCH_PROXY: first observed price may define a LOW-confidence start only; never label it official listing,HIGH,LISTING_EVIDENCE_MISSING;DELISTING_STATUS_UNVERIFIED;FIRST_PRICE_IS_NOT_LISTING_DATE;PIT_MEMBERSHIP_NOT_FULLY_VERIFIED,Candidate interval only. Not enabled for engine.
LPPF,,,,UNKNOWN,,UNKNOWN,0,False,,,UNKNOWN,UNKNOWN,UNKNOWN,False,False,STRICT: date >= pit_start AND date <= pit_end(if verified) AND date not inside explicit suspension interval,RESEARCH_PROXY: first observed price may define a LOW-confidence start only; never label it official listing,HIGH,LISTING_EVIDENCE_MISSING;DELISTING_STATUS_UNVERIFIED;FIRST_PRICE_IS_NOT_LISTING_DATE;PIT_MEMBERSHIP_NOT_FULLY_VERIFIED,Candidate interval only. Not enabled for engine.
LPPS,,,,UNKNOWN,,UNKNOWN,0,False,,,UNKNOWN,UNKNOWN,UNKNOWN,False,False,STRICT: date >= pit_start AND date <= pit_end(if verified) AND date not inside explicit suspension interval,RESEARCH_PROXY: first observed price may define a LOW-confidence start only; never label it official listing,HIGH,LISTING_EVIDENCE_MISSING;DELISTING_STATUS_UNVERIFIED;FIRST_PRICE_IS_NOT_LISTING_DATE;PIT_MEMBERSHIP_NOT_FULLY_VERIFIED,Candidate interval only. Not enabled for engine.
LRNA,,,,UNKNOWN,,UNKNOWN,0,False,,,UNKNOWN,UNKNOWN,UNKNOWN,False,False,STRICT: date >= pit_start AND date <= pit_end(if verified) AND date not inside explicit suspension interval,RESEARCH_PROXY: first observed price may define a LOW-confidence start only; never label it official listing,HIGH,LISTING_EVIDENCE_MISSING;DELISTING_STATUS_UNVERIFIED;FIRST_PRICE_IS_NOT_LISTING_DATE;PIT_MEMBERSHIP_NOT_FULLY_VERIFIED,Candidate interval only. Not enabled for engine.
LSIP,,,,UNKNOWN,,UNKNOWN,0,False,,,UNKNOWN,UNKNOWN,UNKNOWN,False,False,STRICT: date >= pit_start AND date <= pit_end(if verified) AND date not inside explicit suspension interval,RESEARCH_PROXY: first observed price may define a LOW-confidence start only; never label it official listing,HIGH,LISTING_EVIDENCE_MISSING;DELISTING_STATUS_UNVERIFIED;FIRST_PRICE_IS_NOT_LISTING_DATE;PIT_MEMBERSHIP_NOT_FULLY_VERIFIED,Candidate interval only. Not enabled for engine.
LTLS,,,,UNKNOWN,,UNKNOWN,0,False,,,UNKNOWN,UNKNOWN,UNKNOWN,False,False,STRICT: date >= pit_start AND date <= pit_end(if verified) AND date not inside explicit suspension interval,RESEARCH_PROXY: first observed price may define a LOW-confidence start only; never label it official listing,HIGH,LISTING_EVIDENCE_MISSING;DELISTING_STATUS_UNVERIFIED;FIRST_PRICE_IS_NOT_LISTING_DATE;PIT_MEMBERSHIP_NOT_FULLY_VERIFIED,Candidate interval only. Not enabled for engine.
LUCK,,,,UNKNOWN,,UNKNOWN,0,False,,,UNKNOWN,UNKNOWN,UNKNOWN,False,False,STRICT: date >= pit_start AND date <= pit_end(if verified) AND date not inside explicit suspension interval,RESEARCH_PROXY: first observed price may define a LOW-confidence start only; never label it official listing,HIGH,LISTING_EVIDENCE_MISSING;DELISTING_STATUS_UNVERIFIED;FIRST_PRICE_IS_NOT_LISTING_DATE;PIT_MEMBERSHIP_NOT_FULLY_VERIFIED,Candidate interval only. Not enabled for engine.
LUCY,,,,UNKNOWN,,UNKNOWN,0,False,,,UNKNOWN,UNKNOWN,UNKNOWN,False,False,STRICT: date >= pit_start AND date <= pit_end(if verified) AND date not inside explicit suspension interval,RESEARCH_PROXY: first observed price may define a LOW-confidence start only; never label it official listing,HIGH,LISTING_EVIDENCE_MISSING;DELISTING_STATUS_UNVERIFIED;FIRST_PRICE_IS_NOT_LISTING_DATE;PIT_MEMBERSHIP_NOT_FULLY_VERIFIED,Candidate interval only. Not enabled for engine.
MAHA,,,,UNKNOWN,,UNKNOWN,0,False,,,UNKNOWN,UNKNOWN,UNKNOWN,False,False,STRICT: date >= pit_start AND date <= pit_end(if verified) AND date not inside explicit suspension interval,RESEARCH_PROXY: first observed price may define a LOW-confidence start only; never label it official listing,HIGH,LISTING_EVIDENCE_MISSING;DELISTING_STATUS_UNVERIFIED;FIRST_PRICE_IS_NOT_LISTING_DATE;PIT_MEMBERSHIP_NOT_FULLY_VERIFIED,Candidate interval only. Not enabled for engine.
MAIN,,,,UNKNOWN,,UNKNOWN,0,False,,,UNKNOWN,UNKNOWN,UNKNOWN,False,False,STRICT: date >= pit_start AND date <= pit_end(if verified) AND date not inside explicit suspension interval,RESEARCH_PROXY: first observed price may define a LOW-confidence start only; never label it official listing,HIGH,LISTING_EVIDENCE_MISSING;DELISTING_STATUS_UNVERIFIED;FIRST_PRICE_IS_NOT_LISTING_DATE;PIT_MEMBERSHIP_NOT_FULLY_VERIFIED,Candidate interval only. Not enabled for engine.
MANG,,,,UNKNOWN,,UNKNOWN,0,False,,,UNKNOWN,UNKNOWN,UNKNOWN,False,False,STRICT: date >= pit_start AND date <= pit_end(if verified) AND date not inside explicit suspension interval,RESEARCH_PROXY: first observed price may define a LOW-confidence start only; never label it official listing,HIGH,LISTING_EVIDENCE_MISSING;DELISTING_STATUS_UNVERIFIED;FIRST_PRICE_IS_NOT_LISTING_DATE;PIT_MEMBERSHIP_NOT_FULLY_VERIFIED,Candidate interval only. Not enabled for engine.
MAPA,,,,UNKNOWN,,UNKNOWN,0,False,,,UNKNOWN,UNKNOWN,UNKNOWN,False,False,STRICT: date >= pit_start AND date <= pit_end(if verified) AND date not inside explicit suspension interval,RESEARCH_PROXY: first observed price may define a LOW-confidence start only; never label it official listing,HIGH,LISTING_EVIDENCE_MISSING;DELISTING_STATUS_UNVERIFIED;FIRST_PRICE_IS_NOT_LISTING_DATE;PIT_MEMBERSHIP_NOT_FULLY_VERIFIED,Candidate interval only. Not enabled for engine.
MAPB,,,,UNKNOWN,,UNKNOWN,0,False,,,UNKNOWN,UNKNOWN,UNKNOWN,False,False,STRICT: date >= pit_start AND date <= pit_end(if verified) AND date not inside explicit suspension interval,RESEARCH_PROXY: first observed price may define a LOW-confidence start only; never label it official listing,HIGH,LISTING_EVIDENCE_MISSING;DELISTING_STATUS_UNVERIFIED;FIRST_PRICE_IS_NOT_LISTING_DATE;PIT_MEMBERSHIP_NOT_FULLY_VERIFIED,Candidate interval only. Not enabled for engine.
MAPI,,,,UNKNOWN,,UNKNOWN,0,False,,,UNKNOWN,UNKNOWN,UNKNOWN,False,False,STRICT: date >= pit_start AND date <= pit_end(if verified) AND date not inside explicit suspension interval,RESEARCH_PROXY: first observed price may define a LOW-confidence start only; never label it official listing,HIGH,LISTING_EVIDENCE_MISSING;DELISTING_STATUS_UNVERIFIED;FIRST_PRICE_IS_NOT_LISTING_DATE;PIT_MEMBERSHIP_NOT_FULLY_VERIFIED,Candidate interval only. Not enabled for engine.
MARI,,,,UNKNOWN,,UNKNOWN,0,False,,,UNKNOWN,UNKNOWN,UNKNOWN,False,False,STRICT: date >= pit_start AND date <= pit_end(if verified) AND date not inside explicit suspension interval,RESEARCH_PROXY: first observed price may define a LOW-confidence start only; never label it official listing,HIGH,LISTING_EVIDENCE_MISSING;DELISTING_STATUS_UNVERIFIED;FIRST_PRICE_IS_NOT_LISTING_DATE;PIT_MEMBERSHIP_NOT_FULLY_VERIFIED,Candidate interval only. Not enabled for engine.
MARK,,,,UNKNOWN,,UNKNOWN,0,False,,,UNKNOWN,UNKNOWN,UNKNOWN,False,False,STRICT: date >= pit_start AND date <= pit_end(if verified) AND date not inside explicit suspension interval,RESEARCH_PROXY: first observed price may define a LOW-confidence start only; never label it official listing,HIGH,LISTING_EVIDENCE_MISSING;DELISTING_STATUS_UNVERIFIED;FIRST_PRICE_IS_NOT_LISTING_DATE;PIT_MEMBERSHIP_NOT_FULLY_VERIFIED,Candidate interval only. Not enabled for engine.
MASB,,,,UNKNOWN,,UNKNOWN,0,False,,,UNKNOWN,UNKNOWN,UNKNOWN,False,False,STRICT: date >= pit_start AND date <= pit_end(if verified) AND date not inside explicit suspension interval,RESEARCH_PROXY: first observed price may define a LOW-confidence start only; never label it official listing,HIGH,LISTING_EVIDENCE_MISSING;DELISTING_STATUS_UNVERIFIED;FIRST_PRICE_IS_NOT_LISTING_DATE;PIT_MEMBERSHIP_NOT_FULLY_VERIFIED,Candidate interval only. Not enabled for engine.
MAXI,,,,UNKNOWN,,UNKNOWN,0,False,,,UNKNOWN,UNKNOWN,UNKNOWN,False,False,STRICT: date >= pit_start AND date <= pit_end(if verified) AND date not inside explicit suspension interval,RESEARCH_PROXY: first observed price may define a LOW-confidence start only; never label it official listing,HIGH,LISTING_EVIDENCE_MISSING;DELISTING_STATUS_UNVERIFIED;FIRST_PRICE_IS_NOT_LISTING_DATE;PIT_MEMBERSHIP_NOT_FULLY_VERIFIED,Candidate interval only. Not enabled for engine.
MAYA,,,,UNKNOWN,,UNKNOWN,0,False,,,UNKNOWN,UNKNOWN,UNKNOWN,False,False,STRICT: date >= pit_start AND date <= pit_end(if verified) AND date not inside explicit suspension interval,RESEARCH_PROXY: first observed price may define a LOW-confidence start only; never label it official listing,HIGH,LISTING_EVIDENCE_MISSING;DELISTING_STATUS_UNVERIFIED;FIRST_PRICE_IS_NOT_LISTING_DATE;PIT_MEMBERSHIP_NOT_FULLY_VERIFIED,Candidate interval only. Not enabled for engine.
MBAP,,,,UNKNOWN,,UNKNOWN,0,False,,,UNKNOWN,UNKNOWN,UNKNOWN,False,False,STRICT: date >= pit_start AND date <= pit_end(if verified) AND date not inside explicit suspension interval,RESEARCH_PROXY: first observed price may define a LOW-confidence start only; never label it official listing,HIGH,LISTING_EVIDENCE_MISSING;DELISTING_STATUS_UNVERIFIED;FIRST_PRICE_IS_NOT_LISTING_DATE;PIT_MEMBERSHIP_NOT_FULLY_VERIFIED,Candidate interval only. Not enabled for engine.
MBMA,,,,UNKNOWN,,UNKNOWN,0,False,,,UNKNOWN,UNKNOWN,UNKNOWN,False,False,STRICT: date >= pit_start AND date <= pit_end(if verified) AND date not inside explicit suspension interval,RESEARCH_PROXY: first observed price may define a LOW-confidence start only; never label it official listing,HIGH,LISTING_EVIDENCE_MISSING;DELISTING_STATUS_UNVERIFIED;FIRST_PRICE_IS_NOT_LISTING_DATE;PIT_MEMBERSHIP_NOT_FULLY_VERIFIED,Candidate interval only. Not enabled for engine.
MBSS,,,,UNKNOWN,,UNKNOWN,0,False,,,UNKNOWN,UNKNOWN,UNKNOWN,False,False,STRICT: date >= pit_start AND date <= pit_end(if verified) AND date not inside explicit suspension interval,RESEARCH_PROXY: first observed price may define a LOW-confidence start only; never label it official listing,HIGH,LISTING_EVIDENCE_MISSING;DELISTING_STATUS_UNVERIFIED;FIRST_PRICE_IS_NOT_LISTING_DATE;PIT_MEMBERSHIP_NOT_FULLY_VERIFIED,Candidate interval only. Not enabled for engine.
MBTO,,,,UNKNOWN,,UNKNOWN,0,False,,,UNKNOWN,UNKNOWN,UNKNOWN,False,False,STRICT: date >= pit_start AND date <= pit_end(if verified) AND date not inside explicit suspension interval,RESEARCH_PROXY: first observed price may define a LOW-confidence start only; never label it official listing,HIGH,LISTING_EVIDENCE_MISSING;DELISTING_STATUS_UNVERIFIED;FIRST_PRICE_IS_NOT_LISTING_DATE;PIT_MEMBERSHIP_NOT_FULLY_VERIFIED,Candidate interval only. Not enabled for engine.
MCAS,,,,UNKNOWN,,UNKNOWN,0,False,,,UNKNOWN,UNKNOWN,UNKNOWN,False,False,STRICT: date >= pit_start AND date <= pit_end(if verified) AND date not inside explicit suspension interval,RESEARCH_PROXY: first observed price may define a LOW-confidence start only; never label it official listing,HIGH,LISTING_EVIDENCE_MISSING;DELISTING_STATUS_UNVERIFIED;FIRST_PRICE_IS_NOT_LISTING_DATE;PIT_MEMBERSHIP_NOT_FULLY_VERIFIED,Candidate interval only. Not enabled for engine.
MCOL,,,,UNKNOWN,,UNKNOWN,0,False,,,UNKNOWN,UNKNOWN,UNKNOWN,False,False,STRICT: date >= pit_start AND date <= pit_end(if verified) AND date not inside explicit suspension interval,RESEARCH_PROXY: first observed price may define a LOW-confidence start only; never label it official listing,HIGH,LISTING_EVIDENCE_MISSING;DELISTING_STATUS_UNVERIFIED;FIRST_PRICE_IS_NOT_LISTING_DATE;PIT_MEMBERSHIP_NOT_FULLY_VERIFIED,Candidate interval only. Not enabled for engine.
MCOR,,,,UNKNOWN,,UNKNOWN,0,False,,,UNKNOWN,UNKNOWN,UNKNOWN,False,False,STRICT: date >= pit_start AND date <= pit_end(if verified) AND date not inside explicit suspension interval,RESEARCH_PROXY: first observed price may define a LOW-confidence start only; never label it official listing,HIGH,LISTING_EVIDENCE_MISSING;DELISTING_STATUS_UNVERIFIED;FIRST_PRICE_IS_NOT_LISTING_DATE;PIT_MEMBERSHIP_NOT_FULLY_VERIFIED,Candidate interval only. Not enabled for engine.
MDIA,,,,UNKNOWN,,UNKNOWN,0,False,,,UNKNOWN,UNKNOWN,UNKNOWN,False,False,STRICT: date >= pit_start AND date <= pit_end(if verified) AND date not inside explicit suspension interval,RESEARCH_PROXY: first observed price may define a LOW-confidence start only; never label it official listing,HIGH,LISTING_EVIDENCE_MISSING;DELISTING_STATUS_UNVERIFIED;FIRST_PRICE_IS_NOT_LISTING_DATE;PIT_MEMBERSHIP_NOT_FULLY_VERIFIED,Candidate interval only. Not enabled for engine.
MDIY,,,,UNKNOWN,,UNKNOWN,0,False,,,UNKNOWN,UNKNOWN,UNKNOWN,False,False,STRICT: date >= pit_start AND date <= pit_end(if verified) AND date not inside explicit suspension interval,RESEARCH_PROXY: first observed price may define a LOW-confidence start only; never label it official listing,HIGH,LISTING_EVIDENCE_MISSING;DELISTING_STATUS_UNVERIFIED;FIRST_PRICE_IS_NOT_LISTING_DATE;PIT_MEMBERSHIP_NOT_FULLY_VERIFIED,Candidate interval only. Not enabled for engine.
MDKA,,,,UNKNOWN,,UNKNOWN,0,False,,,UNKNOWN,UNKNOWN,UNKNOWN,False,False,STRICT: date >= pit_start AND date <= pit_end(if verified) AND date not inside explicit suspension interval,RESEARCH_PROXY: first observed price may define a LOW-confidence start only; never label it official listing,HIGH,LISTING_EVIDENCE_MISSING;DELISTING_STATUS_UNVERIFIED;FIRST_PRICE_IS_NOT_LISTING_DATE;PIT_MEMBERSHIP_NOT_FULLY_VERIFIED,Candidate interval only. Not enabled for engine.
MDKI,,,,UNKNOWN,,UNKNOWN,0,False,,,UNKNOWN,UNKNOWN,UNKNOWN,False,False,STRICT: date >= pit_start AND date <= pit_end(if verified) AND date not inside explicit suspension interval,RESEARCH_PROXY: first observed price may define a LOW-confidence start only; never label it official listing,HIGH,LISTING_EVIDENCE_MISSING;DELISTING_STATUS_UNVERIFIED;FIRST_PRICE_IS_NOT_LISTING_DATE;PIT_MEMBERSHIP_NOT_FULLY_VERIFIED,Candidate interval only. Not enabled for engine.
MDLA,,,,UNKNOWN,,UNKNOWN,0,False,,,UNKNOWN,UNKNOWN,UNKNOWN,False,False,STRICT: date >= pit_start AND date <= pit_end(if verified) AND date not inside explicit suspension interval,RESEARCH_PROXY: first observed price may define a LOW-confidence start only; never label it official listing,HIGH,LISTING_EVIDENCE_MISSING;DELISTING_STATUS_UNVERIFIED;FIRST_PRICE_IS_NOT_LISTING_DATE;PIT_MEMBERSHIP_NOT_FULLY_VERIFIED,Candidate interval only. Not enabled for engine.
MDLN,,,,UNKNOWN,,UNKNOWN,0,False,,,UNKNOWN,UNKNOWN,UNKNOWN,False,False,STRICT: date >= pit_start AND date <= pit_end(if verified) AND date not inside explicit suspension interval,RESEARCH_PROXY: first observed price may define a LOW-confidence start only; never label it official listing,HIGH,LISTING_EVIDENCE_MISSING;DELISTING_STATUS_UNVERIFIED;FIRST_PRICE_IS_NOT_LISTING_DATE;PIT_MEMBERSHIP_NOT_FULLY_VERIFIED,Candidate interval only. Not enabled for engine.
MDRN,,,,UNKNOWN,,UNKNOWN,0,False,,,UNKNOWN,UNKNOWN,UNKNOWN,False,False,STRICT: date >= pit_start AND date <= pit_end(if verified) AND date not inside explicit suspension interval,RESEARCH_PROXY: first observed price may define a LOW-confidence start only; never label it official listing,HIGH,LISTING_EVIDENCE_MISSING;DELISTING_STATUS_UNVERIFIED;FIRST_PRICE_IS_NOT_LISTING_DATE;PIT_MEMBERSHIP_NOT_FULLY_VERIFIED,Candidate interval only. Not enabled for engine.
MEDC,,,,UNKNOWN,,UNKNOWN,0,False,,,UNKNOWN,UNKNOWN,UNKNOWN,False,False,STRICT: date >= pit_start AND date <= pit_end(if verified) AND date not inside explicit suspension interval,RESEARCH_PROXY: first observed price may define a LOW-confidence start only; never label it official listing,HIGH,LISTING_EVIDENCE_MISSING;DELISTING_STATUS_UNVERIFIED;FIRST_PRICE_IS_NOT_LISTING_DATE;PIT_MEMBERSHIP_NOT_FULLY_VERIFIED,Candidate interval only. Not enabled for engine.
MEDS,,,,UNKNOWN,,UNKNOWN,0,False,,,UNKNOWN,UNKNOWN,UNKNOWN,False,False,STRICT: date >= pit_start AND date <= pit_end(if verified) AND date not inside explicit suspension interval,RESEARCH_PROXY: first observed price may define a LOW-confidence start only; never label it official listing,HIGH,LISTING_EVIDENCE_MISSING;DELISTING_STATUS_UNVERIFIED;FIRST_PRICE_IS_NOT_LISTING_DATE;PIT_MEMBERSHIP_NOT_FULLY_VERIFIED,Candidate interval only. Not enabled for engine.
MEGA,,,,UNKNOWN,,UNKNOWN,0,False,,,UNKNOWN,UNKNOWN,UNKNOWN,False,False,STRICT: date >= pit_start AND date <= pit_end(if verified) AND date not inside explicit suspension interval,RESEARCH_PROXY: first observed price may define a LOW-confidence start only; never label it official listing,HIGH,LISTING_EVIDENCE_MISSING;DELISTING_STATUS_UNVERIFIED;FIRST_PRICE_IS_NOT_LISTING_DATE;PIT_MEMBERSHIP_NOT_FULLY_VERIFIED,Candidate interval only. Not enabled for engine.
MEJA,,,,UNKNOWN,,UNKNOWN,0,False,,,UNKNOWN,UNKNOWN,UNKNOWN,False,False,STRICT: date >= pit_start AND date <= pit_end(if verified) AND date not inside explicit suspension interval,RESEARCH_PROXY: first observed price may define a LOW-confidence start only; never label it official listing,HIGH,LISTING_EVIDENCE_MISSING;DELISTING_STATUS_UNVERIFIED;FIRST_PRICE_IS_NOT_LISTING_DATE;PIT_MEMBERSHIP_NOT_FULLY_VERIFIED,Candidate interval only. Not enabled for engine.
MENN,,,,UNKNOWN,,UNKNOWN,0,False,,,UNKNOWN,UNKNOWN,UNKNOWN,False,False,STRICT: date >= pit_start AND date <= pit_end(if verified) AND date not inside explicit suspension interval,RESEARCH_PROXY: first observed price may define a LOW-confidence start only; never label it official listing,HIGH,LISTING_EVIDENCE_MISSING;DELISTING_STATUS_UNVERIFIED;FIRST_PRICE_IS_NOT_LISTING_DATE;PIT_MEMBERSHIP_NOT_FULLY_VERIFIED,Candidate interval only. Not enabled for engine.
MERI,,,,UNKNOWN,,UNKNOWN,0,False,,,UNKNOWN,UNKNOWN,UNKNOWN,False,False,STRICT: date >= pit_start AND date <= pit_end(if verified) AND date not inside explicit suspension interval,RESEARCH_PROXY: first observed price may define a LOW-confidence start only; never label it official listing,HIGH,LISTING_EVIDENCE_MISSING;DELISTING_STATUS_UNVERIFIED;FIRST_PRICE_IS_NOT_LISTING_DATE;PIT_MEMBERSHIP_NOT_FULLY_VERIFIED,Candidate interval only. Not enabled for engine.
MERK,,,,UNKNOWN,,UNKNOWN,0,False,,,UNKNOWN,UNKNOWN,UNKNOWN,False,False,STRICT: date >= pit_start AND date <= pit_end(if verified) AND date not inside explicit suspension interval,RESEARCH_PROXY: first observed price may define a LOW-confidence start only; never label it official listing,HIGH,LISTING_EVIDENCE_MISSING;DELISTING_STATUS_UNVERIFIED;FIRST_PRICE_IS_NOT_LISTING_DATE;PIT_MEMBERSHIP_NOT_FULLY_VERIFIED,Candidate interval only. Not enabled for engine.
MFMI,,,,UNKNOWN,,UNKNOWN,0,False,,,UNKNOWN,UNKNOWN,UNKNOWN,False,False,STRICT: date >= pit_start AND date <= pit_end(if verified) AND date not inside explicit suspension interval,RESEARCH_PROXY: first observed price may define a LOW-confidence start only; never label it official listing,HIGH,LISTING_EVIDENCE_MISSING;DELISTING_STATUS_UNVERIFIED;FIRST_PRICE_IS_NOT_LISTING_DATE;PIT_MEMBERSHIP_NOT_FULLY_VERIFIED,Candidate interval only. Not enabled for engine.
MGLV,,,,UNKNOWN,,UNKNOWN,0,False,,,UNKNOWN,UNKNOWN,UNKNOWN,False,False,STRICT: date >= pit_start AND date <= pit_end(if verified) AND date not inside explicit suspension interval,RESEARCH_PROXY: first observed price may define a LOW-confidence start only; never label it official listing,HIGH,LISTING_EVIDENCE_MISSING;DELISTING_STATUS_UNVERIFIED;FIRST_PRICE_IS_NOT_LISTING_DATE;PIT_MEMBERSHIP_NOT_FULLY_VERIFIED,Candidate interval only. Not enabled for engine.
MGNA,,,,UNKNOWN,,UNKNOWN,0,False,,,UNKNOWN,UNKNOWN,UNKNOWN,False,False,STRICT: date >= pit_start AND date <= pit_end(if verified) AND date not inside explicit suspension interval,RESEARCH_PROXY: first observed price may define a LOW-confidence start only; never label it official listing,HIGH,LISTING_EVIDENCE_MISSING;DELISTING_STATUS_UNVERIFIED;FIRST_PRICE_IS_NOT_LISTING_DATE;PIT_MEMBERSHIP_NOT_FULLY_VERIFIED,Candidate interval only. Not enabled for engine.
MGRO,,,,UNKNOWN,,UNKNOWN,0,False,,,UNKNOWN,UNKNOWN,UNKNOWN,False,False,STRICT: date >= pit_start AND date <= pit_end(if verified) AND date not inside explicit suspension interval,RESEARCH_PROXY: first observed price may define a LOW-confidence start only; never label it official listing,HIGH,LISTING_EVIDENCE_MISSING;DELISTING_STATUS_UNVERIFIED;FIRST_PRICE_IS_NOT_LISTING_DATE;PIT_MEMBERSHIP_NOT_FULLY_VERIFIED,Candidate interval only. Not enabled for engine.
MHKI,,,,UNKNOWN,,UNKNOWN,0,False,,,UNKNOWN,UNKNOWN,UNKNOWN,False,False,STRICT: date >= pit_start AND date <= pit_end(if verified) AND date not inside explicit suspension interval,RESEARCH_PROXY: first observed price may define a LOW-confidence start only; never label it official listing,HIGH,LISTING_EVIDENCE_MISSING;DELISTING_STATUS_UNVERIFIED;FIRST_PRICE_IS_NOT_LISTING_DATE;PIT_MEMBERSHIP_NOT_FULLY_VERIFIED,Candidate interval only. Not enabled for engine.
MICE,,,,UNKNOWN,,UNKNOWN,0,False,,,UNKNOWN,UNKNOWN,UNKNOWN,False,False,STRICT: date >= pit_start AND date <= pit_end(if verified) AND date not inside explicit suspension interval,RESEARCH_PROXY: first observed price may define a LOW-confidence start only; never label it official listing,HIGH,LISTING_EVIDENCE_MISSING;DELISTING_STATUS_UNVERIFIED;FIRST_PRICE_IS_NOT_LISTING_DATE;PIT_MEMBERSHIP_NOT_FULLY_VERIFIED,Candidate interval only. Not enabled for engine.
MIDI,,,,UNKNOWN,,UNKNOWN,0,False,,,UNKNOWN,UNKNOWN,UNKNOWN,False,False,STRICT: date >= pit_start AND date <= pit_end(if verified) AND date not inside explicit suspension interval,RESEARCH_PROXY: first observed price may define a LOW-confidence start only; never label it official listing,HIGH,LISTING_EVIDENCE_MISSING;DELISTING_STATUS_UNVERIFIED;FIRST_PRICE_IS_NOT_LISTING_DATE;PIT_MEMBERSHIP_NOT_FULLY_VERIFIED,Candidate interval only. Not enabled for engine.
MIKA,,,,UNKNOWN,,UNKNOWN,0,False,,,UNKNOWN,UNKNOWN,UNKNOWN,False,False,STRICT: date >= pit_start AND date <= pit_end(if verified) AND date not inside explicit suspension interval,RESEARCH_PROXY: first observed price may define a LOW-confidence start only; never label it official listing,HIGH,LISTING_EVIDENCE_MISSING;DELISTING_STATUS_UNVERIFIED;FIRST_PRICE_IS_NOT_LISTING_DATE;PIT_MEMBERSHIP_NOT_FULLY_VERIFIED,Candidate interval only. Not enabled for engine.
MINA,,,,UNKNOWN,,UNKNOWN,0,False,,,UNKNOWN,UNKNOWN,UNKNOWN,False,False,STRICT: date >= pit_start AND date <= pit_end(if verified) AND date not inside explicit suspension interval,RESEARCH_PROXY: first observed price may define a LOW-confidence start only; never label it official listing,HIGH,LISTING_EVIDENCE_MISSING;DELISTING_STATUS_UNVERIFIED;FIRST_PRICE_IS_NOT_LISTING_DATE;PIT_MEMBERSHIP_NOT_FULLY_VERIFIED,Candidate interval only. Not enabled for engine.
MINE,,,,UNKNOWN,,UNKNOWN,0,False,,,UNKNOWN,UNKNOWN,UNKNOWN,False,False,STRICT: date >= pit_start AND date <= pit_end(if verified) AND date not inside explicit suspension interval,RESEARCH_PROXY: first observed price may define a LOW-confidence start only; never label it official listing,HIGH,LISTING_EVIDENCE_MISSING;DELISTING_STATUS_UNVERIFIED;FIRST_PRICE_IS_NOT_LISTING_DATE;PIT_MEMBERSHIP_NOT_FULLY_VERIFIED,Candidate interval only. Not enabled for engine.
MIRA,,,,UNKNOWN,,UNKNOWN,0,False,,,UNKNOWN,UNKNOWN,UNKNOWN,False,False,STRICT: date >= pit_start AND date <= pit_end(if verified) AND date not inside explicit suspension interval,RESEARCH_PROXY: first observed price may define a LOW-confidence start only; never label it official listing,HIGH,LISTING_EVIDENCE_MISSING;DELISTING_STATUS_UNVERIFIED;FIRST_PRICE_IS_NOT_LISTING_DATE;PIT_MEMBERSHIP_NOT_FULLY_VERIFIED,Candidate interval only. Not enabled for engine.
MITI,,,,UNKNOWN,,UNKNOWN,0,False,,,UNKNOWN,UNKNOWN,UNKNOWN,False,False,STRICT: date >= pit_start AND date <= pit_end(if verified) AND date not inside explicit suspension interval,RESEARCH_PROXY: first observed price may define a LOW-confidence start only; never label it official listing,HIGH,LISTING_EVIDENCE_MISSING;DELISTING_STATUS_UNVERIFIED;FIRST_PRICE_IS_NOT_LISTING_DATE;PIT_MEMBERSHIP_NOT_FULLY_VERIFIED,Candidate interval only. Not enabled for engine.
MKAP,,,,UNKNOWN,,UNKNOWN,0,False,,,UNKNOWN,UNKNOWN,UNKNOWN,False,False,STRICT: date >= pit_start AND date <= pit_end(if verified) AND date not inside explicit suspension interval,RESEARCH_PROXY: first observed price may define a LOW-confidence start only; never label it official listing,HIGH,LISTING_EVIDENCE_MISSING;DELISTING_STATUS_UNVERIFIED;FIRST_PRICE_IS_NOT_LISTING_DATE;PIT_MEMBERSHIP_NOT_FULLY_VERIFIED,Candidate interval only. Not enabled for engine.
MKNT,,,,UNKNOWN,,UNKNOWN,0,False,,,UNKNOWN,UNKNOWN,UNKNOWN,False,False,STRICT: date >= pit_start AND date <= pit_end(if verified) AND date not inside explicit suspension interval,RESEARCH_PROXY: first observed price may define a LOW-confidence start only; never label it official listing,HIGH,LISTING_EVIDENCE_MISSING;DELISTING_STATUS_UNVERIFIED;FIRST_PRICE_IS_NOT_LISTING_DATE;PIT_MEMBERSHIP_NOT_FULLY_VERIFIED,Candidate interval only. Not enabled for engine.
MKPI,,,,UNKNOWN,,UNKNOWN,0,False,,,UNKNOWN,UNKNOWN,UNKNOWN,False,False,STRICT: date >= pit_start AND date <= pit_end(if verified) AND date not inside explicit suspension interval,RESEARCH_PROXY: first observed price may define a LOW-confidence start only; never label it official listing,HIGH,LISTING_EVIDENCE_MISSING;DELISTING_STATUS_UNVERIFIED;FIRST_PRICE_IS_NOT_LISTING_DATE;PIT_MEMBERSHIP_NOT_FULLY_VERIFIED,Candidate interval only. Not enabled for engine.
MKTR,,,,UNKNOWN,,UNKNOWN,0,False,,,UNKNOWN,UNKNOWN,UNKNOWN,False,False,STRICT: date >= pit_start AND date <= pit_end(if verified) AND date not inside explicit suspension interval,RESEARCH_PROXY: first observed price may define a LOW-confidence start only; never label it official listing,HIGH,LISTING_EVIDENCE_MISSING;DELISTING_STATUS_UNVERIFIED;FIRST_PRICE_IS_NOT_LISTING_DATE;PIT_MEMBERSHIP_NOT_FULLY_VERIFIED,Candidate interval only. Not enabled for engine.
MLBI,,,,UNKNOWN,,UNKNOWN,0,False,,,UNKNOWN,UNKNOWN,UNKNOWN,False,False,STRICT: date >= pit_start AND date <= pit_end(if verified) AND date not inside explicit suspension interval,RESEARCH_PROXY: first observed price may define a LOW-confidence start only; never label it official listing,HIGH,LISTING_EVIDENCE_MISSING;DELISTING_STATUS_UNVERIFIED;FIRST_PRICE_IS_NOT_LISTING_DATE;PIT_MEMBERSHIP_NOT_FULLY_VERIFIED,Candidate interval only. Not enabled for engine.
MLIA,,,,UNKNOWN,,UNKNOWN,0,False,,,UNKNOWN,UNKNOWN,UNKNOWN,False,False,STRICT: date >= pit_start AND date <= pit_end(if verified) AND date not inside explicit suspension interval,RESEARCH_PROXY: first observed price may define a LOW-confidence start only; never label it official listing,HIGH,LISTING_EVIDENCE_MISSING;DELISTING_STATUS_UNVERIFIED;FIRST_PRICE_IS_NOT_LISTING_DATE;PIT_MEMBERSHIP_NOT_FULLY_VERIFIED,Candidate interval only. Not enabled for engine.
MLPL,,,,UNKNOWN,,UNKNOWN,0,False,,,UNKNOWN,UNKNOWN,UNKNOWN,False,False,STRICT: date >= pit_start AND date <= pit_end(if verified) AND date not inside explicit suspension interval,RESEARCH_PROXY: first observed price may define a LOW-confidence start only; never label it official listing,HIGH,LISTING_EVIDENCE_MISSING;DELISTING_STATUS_UNVERIFIED;FIRST_PRICE_IS_NOT_LISTING_DATE;PIT_MEMBERSHIP_NOT_FULLY_VERIFIED,Candidate interval only. Not enabled for engine.
MLPT,,,,UNKNOWN,,UNKNOWN,0,False,,,UNKNOWN,UNKNOWN,UNKNOWN,False,False,STRICT: date >= pit_start AND date <= pit_end(if verified) AND date not inside explicit suspension interval,RESEARCH_PROXY: first observed price may define a LOW-confidence start only; never label it official listing,HIGH,LISTING_EVIDENCE_MISSING;DELISTING_STATUS_UNVERIFIED;FIRST_PRICE_IS_NOT_LISTING_DATE;PIT_MEMBERSHIP_NOT_FULLY_VERIFIED,Candidate interval only. Not enabled for engine.
MMIX,,,,UNKNOWN,,UNKNOWN,0,False,,,UNKNOWN,UNKNOWN,UNKNOWN,False,False,STRICT: date >= pit_start AND date <= pit_end(if verified) AND date not inside explicit suspension interval,RESEARCH_PROXY: first observed price may define a LOW-confidence start only; never label it official listing,HIGH,LISTING_EVIDENCE_MISSING;DELISTING_STATUS_UNVERIFIED;FIRST_PRICE_IS_NOT_LISTING_DATE;PIT_MEMBERSHIP_NOT_FULLY_VERIFIED,Candidate interval only. Not enabled for engine.
MMLP,,,,UNKNOWN,,UNKNOWN,0,False,,,UNKNOWN,UNKNOWN,UNKNOWN,False,False,STRICT: date >= pit_start AND date <= pit_end(if verified) AND date not inside explicit suspension interval,RESEARCH_PROXY: first observed price may define a LOW-confidence start only; never label it official listing,HIGH,LISTING_EVIDENCE_MISSING;DELISTING_STATUS_UNVERIFIED;FIRST_PRICE_IS_NOT_LISTING_DATE;PIT_MEMBERSHIP_NOT_FULLY_VERIFIED,Candidate interval only. Not enabled for engine.
MNCN,,,,UNKNOWN,,UNKNOWN,0,False,,,UNKNOWN,UNKNOWN,UNKNOWN,False,False,STRICT: date >= pit_start AND date <= pit_end(if verified) AND date not inside explicit suspension interval,RESEARCH_PROXY: first observed price may define a LOW-confidence start only; never label it official listing,HIGH,LISTING_EVIDENCE_MISSING;DELISTING_STATUS_UNVERIFIED;FIRST_PRICE_IS_NOT_LISTING_DATE;PIT_MEMBERSHIP_NOT_FULLY_VERIFIED,Candidate interval only. Not enabled for engine.
MOLI,,,,UNKNOWN,,UNKNOWN,0,False,,,UNKNOWN,UNKNOWN,UNKNOWN,False,False,STRICT: date >= pit_start AND date <= pit_end(if verified) AND date not inside explicit suspension interval,RESEARCH_PROXY: first observed price may define a LOW-confidence start only; never label it official listing,HIGH,LISTING_EVIDENCE_MISSING;DELISTING_STATUS_UNVERIFIED;FIRST_PRICE_IS_NOT_LISTING_DATE;PIT_MEMBERSHIP_NOT_FULLY_VERIFIED,Candidate interval only. Not enabled for engine.
MORA,,,,UNKNOWN,,UNKNOWN,0,False,,,UNKNOWN,UNKNOWN,UNKNOWN,False,False,STRICT: date >= pit_start AND date <= pit_end(if verified) AND date not inside explicit suspension interval,RESEARCH_PROXY: first observed price may define a LOW-confidence start only; never label it official listing,HIGH,LISTING_EVIDENCE_MISSING;DELISTING_STATUS_UNVERIFIED;FIRST_PRICE_IS_NOT_LISTING_DATE;PIT_MEMBERSHIP_NOT_FULLY_VERIFIED,Candidate interval only. Not enabled for engine.
MPMX,,,,UNKNOWN,,UNKNOWN,0,False,,,UNKNOWN,UNKNOWN,UNKNOWN,False,False,STRICT: date >= pit_start AND date <= pit_end(if verified) AND date not inside explicit suspension interval,RESEARCH_PROXY: first observed price may define a LOW-confidence start only; never label it official listing,HIGH,LISTING_EVIDENCE_MISSING;DELISTING_STATUS_UNVERIFIED;FIRST_PRICE_IS_NOT_LISTING_DATE;PIT_MEMBERSHIP_NOT_FULLY_VERIFIED,Candidate interval only. Not enabled for engine.
MPOW,,,,UNKNOWN,,UNKNOWN,0,False,,,UNKNOWN,UNKNOWN,UNKNOWN,False,False,STRICT: date >= pit_start AND date <= pit_end(if verified) AND date not inside explicit suspension interval,RESEARCH_PROXY: first observed price may define a LOW-confidence start only; never label it official listing,HIGH,LISTING_EVIDENCE_MISSING;DELISTING_STATUS_UNVERIFIED;FIRST_PRICE_IS_NOT_LISTING_DATE;PIT_MEMBERSHIP_NOT_FULLY_VERIFIED,Candidate interval only. Not enabled for engine.
MPPA,,,,UNKNOWN,,UNKNOWN,0,False,,,UNKNOWN,UNKNOWN,UNKNOWN,False,False,STRICT: date >= pit_start AND date <= pit_end(if verified) AND date not inside explicit suspension interval,RESEARCH_PROXY: first observed price may define a LOW-confidence start only; never label it official listing,HIGH,LISTING_EVIDENCE_MISSING;DELISTING_STATUS_UNVERIFIED;FIRST_PRICE_IS_NOT_LISTING_DATE;PIT_MEMBERSHIP_NOT_FULLY_VERIFIED,Candidate interval only. Not enabled for engine.
MPRO,,,,UNKNOWN,,UNKNOWN,0,False,,,UNKNOWN,UNKNOWN,UNKNOWN,False,False,STRICT: date >= pit_start AND date <= pit_end(if verified) AND date not inside explicit suspension interval,RESEARCH_PROXY: first observed price may define a LOW-confidence start only; never label it official listing,HIGH,LISTING_EVIDENCE_MISSING;DELISTING_STATUS_UNVERIFIED;FIRST_PRICE_IS_NOT_LISTING_DATE;PIT_MEMBERSHIP_NOT_FULLY_VERIFIED,Candidate interval only. Not enabled for engine.
MPXL,,,,UNKNOWN,,UNKNOWN,0,False,,,UNKNOWN,UNKNOWN,UNKNOWN,False,False,STRICT: date >= pit_start AND date <= pit_end(if verified) AND date not inside explicit suspension interval,RESEARCH_PROXY: first observed price may define a LOW-confidence start only; never label it official listing,HIGH,LISTING_EVIDENCE_MISSING;DELISTING_STATUS_UNVERIFIED;FIRST_PRICE_IS_NOT_LISTING_DATE;PIT_MEMBERSHIP_NOT_FULLY_VERIFIED,Candidate interval only. Not enabled for engine.
MRAT,,,,UNKNOWN,,UNKNOWN,0,False,,,UNKNOWN,UNKNOWN,UNKNOWN,False,False,STRICT: date >= pit_start AND date <= pit_end(if verified) AND date not inside explicit suspension interval,RESEARCH_PROXY: first observed price may define a LOW-confidence start only; never label it official listing,HIGH,LISTING_EVIDENCE_MISSING;DELISTING_STATUS_UNVERIFIED;FIRST_PRICE_IS_NOT_LISTING_DATE;PIT_MEMBERSHIP_NOT_FULLY_VERIFIED,Candidate interval only. Not enabled for engine.
MREI,,,,UNKNOWN,,UNKNOWN,0,False,,,UNKNOWN,UNKNOWN,UNKNOWN,False,False,STRICT: date >= pit_start AND date <= pit_end(if verified) AND date not inside explicit suspension interval,RESEARCH_PROXY: first observed price may define a LOW-confidence start only; never label it official listing,HIGH,LISTING_EVIDENCE_MISSING;DELISTING_STATUS_UNVERIFIED;FIRST_PRICE_IS_NOT_LISTING_DATE;PIT_MEMBERSHIP_NOT_FULLY_VERIFIED,Candidate interval only. Not enabled for engine.
MSIE,,,,UNKNOWN,,UNKNOWN,0,False,,,UNKNOWN,UNKNOWN,UNKNOWN,False,False,STRICT: date >= pit_start AND date <= pit_end(if verified) AND date not inside explicit suspension interval,RESEARCH_PROXY: first observed price may define a LOW-confidence start only; never label it official listing,HIGH,LISTING_EVIDENCE_MISSING;DELISTING_STATUS_UNVERIFIED;FIRST_PRICE_IS_NOT_LISTING_DATE;PIT_MEMBERSHIP_NOT_FULLY_VERIFIED,Candidate interval only. Not enabled for engine.
MSIN,,,,UNKNOWN,,UNKNOWN,0,False,,,UNKNOWN,UNKNOWN,UNKNOWN,False,False,STRICT: date >= pit_start AND date <= pit_end(if verified) AND date not inside explicit suspension interval,RESEARCH_PROXY: first observed price may define a LOW-confidence start only; never label it official listing,HIGH,LISTING_EVIDENCE_MISSING;DELISTING_STATUS_UNVERIFIED;FIRST_PRICE_IS_NOT_LISTING_DATE;PIT_MEMBERSHIP_NOT_FULLY_VERIFIED,Candidate interval only. Not enabled for engine.
MSJA,,,,UNKNOWN,,UNKNOWN,0,False,,,UNKNOWN,UNKNOWN,UNKNOWN,False,False,STRICT: date >= pit_start AND date <= pit_end(if verified) AND date not inside explicit suspension interval,RESEARCH_PROXY: first observed price may define a LOW-confidence start only; never label it official listing,HIGH,LISTING_EVIDENCE_MISSING;DELISTING_STATUS_UNVERIFIED;FIRST_PRICE_IS_NOT_LISTING_DATE;PIT_MEMBERSHIP_NOT_FULLY_VERIFIED,Candidate interval only. Not enabled for engine.
MSKY,,,,UNKNOWN,,UNKNOWN,0,False,,,UNKNOWN,UNKNOWN,UNKNOWN,False,False,STRICT: date >= pit_start AND date <= pit_end(if verified) AND date not inside explicit suspension interval,RESEARCH_PROXY: first observed price may define a LOW-confidence start only; never label it official listing,HIGH,LISTING_EVIDENCE_MISSING;DELISTING_STATUS_UNVERIFIED;FIRST_PRICE_IS_NOT_LISTING_DATE;PIT_MEMBERSHIP_NOT_FULLY_VERIFIED,Candidate interval only. Not enabled for engine.
MSTI,,,,UNKNOWN,,UNKNOWN,0,False,,,UNKNOWN,UNKNOWN,UNKNOWN,False,False,STRICT: date >= pit_start AND date <= pit_end(if verified) AND date not inside explicit suspension interval,RESEARCH_PROXY: first observed price may define a LOW-confidence start only; never label it official listing,HIGH,LISTING_EVIDENCE_MISSING;DELISTING_STATUS_UNVERIFIED;FIRST_PRICE_IS_NOT_LISTING_DATE;PIT_MEMBERSHIP_NOT_FULLY_VERIFIED,Candidate interval only. Not enabled for engine.
MTDL,,,,UNKNOWN,,UNKNOWN,0,False,,,UNKNOWN,UNKNOWN,UNKNOWN,False,False,STRICT: date >= pit_start AND date <= pit_end(if verified) AND date not inside explicit suspension interval,RESEARCH_PROXY: first observed price may define a LOW-confidence start only; never label it official listing,HIGH,LISTING_EVIDENCE_MISSING;DELISTING_STATUS_UNVERIFIED;FIRST_PRICE_IS_NOT_LISTING_DATE;PIT_MEMBERSHIP_NOT_FULLY_VERIFIED,Candidate interval only. Not enabled for engine.
MTEL,,,,UNKNOWN,,UNKNOWN,0,False,,,UNKNOWN,UNKNOWN,UNKNOWN,False,False,STRICT: date >= pit_start AND date <= pit_end(if verified) AND date not inside explicit suspension interval,RESEARCH_PROXY: first observed price may define a LOW-confidence start only; never label it official listing,HIGH,LISTING_EVIDENCE_MISSING;DELISTING_STATUS_UNVERIFIED;FIRST_PRICE_IS_NOT_LISTING_DATE;PIT_MEMBERSHIP_NOT_FULLY_VERIFIED,Candidate interval only. Not enabled for engine.
MTFN,,,,UNKNOWN,,UNKNOWN,0,False,,,UNKNOWN,UNKNOWN,UNKNOWN,False,False,STRICT: date >= pit_start AND date <= pit_end(if verified) AND date not inside explicit suspension interval,RESEARCH_PROXY: first observed price may define a LOW-confidence start only; never label it official listing,HIGH,LISTING_EVIDENCE_MISSING;DELISTING_STATUS_UNVERIFIED;FIRST_PRICE_IS_NOT_LISTING_DATE;PIT_MEMBERSHIP_NOT_FULLY_VERIFIED,Candidate interval only. Not enabled for engine.
MTLA,,,,UNKNOWN,,UNKNOWN,0,False,,,UNKNOWN,UNKNOWN,UNKNOWN,False,False,STRICT: date >= pit_start AND date <= pit_end(if verified) AND date not inside explicit suspension interval,RESEARCH_PROXY: first observed price may define a LOW-confidence start only; never label it official listing,HIGH,LISTING_EVIDENCE_MISSING;DELISTING_STATUS_UNVERIFIED;FIRST_PRICE_IS_NOT_LISTING_DATE;PIT_MEMBERSHIP_NOT_FULLY_VERIFIED,Candidate interval only. Not enabled for engine.
MTMH,,,,UNKNOWN,,UNKNOWN,0,False,,,UNKNOWN,UNKNOWN,UNKNOWN,False,False,STRICT: date >= pit_start AND date <= pit_end(if verified) AND date not inside explicit suspension interval,RESEARCH_PROXY: first observed price may define a LOW-confidence start only; never label it official listing,HIGH,LISTING_EVIDENCE_MISSING;DELISTING_STATUS_UNVERIFIED;FIRST_PRICE_IS_NOT_LISTING_DATE;PIT_MEMBERSHIP_NOT_FULLY_VERIFIED,Candidate interval only. Not enabled for engine.
MTPS,,,,UNKNOWN,,UNKNOWN,0,False,,,UNKNOWN,UNKNOWN,UNKNOWN,False,False,STRICT: date >= pit_start AND date <= pit_end(if verified) AND date not inside explicit suspension interval,RESEARCH_PROXY: first observed price may define a LOW-confidence start only; never label it official listing,HIGH,LISTING_EVIDENCE_MISSING;DELISTING_STATUS_UNVERIFIED;FIRST_PRICE_IS_NOT_LISTING_DATE;PIT_MEMBERSHIP_NOT_FULLY_VERIFIED,Candidate interval only. Not enabled for engine.
MTSM,,,,UNKNOWN,,UNKNOWN,0,False,,,UNKNOWN,UNKNOWN,UNKNOWN,False,False,STRICT: date >= pit_start AND date <= pit_end(if verified) AND date not inside explicit suspension interval,RESEARCH_PROXY: first observed price may define a LOW-confidence start only; never label it official listing,HIGH,LISTING_EVIDENCE_MISSING;DELISTING_STATUS_UNVERIFIED;FIRST_PRICE_IS_NOT_LISTING_DATE;PIT_MEMBERSHIP_NOT_FULLY_VERIFIED,Candidate interval only. Not enabled for engine.
MTWI,,,,UNKNOWN,,UNKNOWN,0,False,,,UNKNOWN,UNKNOWN,UNKNOWN,False,False,STRICT: date >= pit_start AND date <= pit_end(if verified) AND date not inside explicit suspension interval,RESEARCH_PROXY: first observed price may define a LOW-confidence start only; never label it official listing,HIGH,LISTING_EVIDENCE_MISSING;DELISTING_STATUS_UNVERIFIED;FIRST_PRICE_IS_NOT_LISTING_DATE;PIT_MEMBERSHIP_NOT_FULLY_VERIFIED,Candidate interval only. Not enabled for engine.
MUTU,,,,UNKNOWN,,UNKNOWN,0,False,,,UNKNOWN,UNKNOWN,UNKNOWN,False,False,STRICT: date >= pit_start AND date <= pit_end(if verified) AND date not inside explicit suspension interval,RESEARCH_PROXY: first observed price may define a LOW-confidence start only; never label it official listing,HIGH,LISTING_EVIDENCE_MISSING;DELISTING_STATUS_UNVERIFIED;FIRST_PRICE_IS_NOT_LISTING_DATE;PIT_MEMBERSHIP_NOT_FULLY_VERIFIED,Candidate interval only. Not enabled for engine.
MYOH,,,,UNKNOWN,,UNKNOWN,0,False,,,UNKNOWN,UNKNOWN,UNKNOWN,False,False,STRICT: date >= pit_start AND date <= pit_end(if verified) AND date not inside explicit suspension interval,RESEARCH_PROXY: first observed price may define a LOW-confidence start only; never label it official listing,HIGH,LISTING_EVIDENCE_MISSING;DELISTING_STATUS_UNVERIFIED;FIRST_PRICE_IS_NOT_LISTING_DATE;PIT_MEMBERSHIP_NOT_FULLY_VERIFIED,Candidate interval only. Not enabled for engine.
MYOR,,,,UNKNOWN,,UNKNOWN,0,False,,,UNKNOWN,UNKNOWN,UNKNOWN,False,False,STRICT: date >= pit_start AND date <= pit_end(if verified) AND date not inside explicit suspension interval,RESEARCH_PROXY: first observed price may define a LOW-confidence start only; never label it official listing,HIGH,LISTING_EVIDENCE_MISSING;DELISTING_STATUS_UNVERIFIED;FIRST_PRICE_IS_NOT_LISTING_DATE;PIT_MEMBERSHIP_NOT_FULLY_VERIFIED,Candidate interval only. Not enabled for engine.
MYTX,,,,UNKNOWN,,UNKNOWN,0,False,,,UNKNOWN,UNKNOWN,UNKNOWN,False,False,STRICT: date >= pit_start AND date <= pit_end(if verified) AND date not inside explicit suspension interval,RESEARCH_PROXY: first observed price may define a LOW-confidence start only; never label it official listing,HIGH,LISTING_EVIDENCE_MISSING;DELISTING_STATUS_UNVERIFIED;FIRST_PRICE_IS_NOT_LISTING_DATE;PIT_MEMBERSHIP_NOT_FULLY_VERIFIED,Candidate interval only. Not enabled for engine.
NAIK,,,,UNKNOWN,,UNKNOWN,0,False,,,UNKNOWN,UNKNOWN,UNKNOWN,False,False,STRICT: date >= pit_start AND date <= pit_end(if verified) AND date not inside explicit suspension interval,RESEARCH_PROXY: first observed price may define a LOW-confidence start only; never label it official listing,HIGH,LISTING_EVIDENCE_MISSING;DELISTING_STATUS_UNVERIFIED;FIRST_PRICE_IS_NOT_LISTING_DATE;PIT_MEMBERSHIP_NOT_FULLY_VERIFIED,Candidate interval only. Not enabled for engine.
NANO,,,,UNKNOWN,,UNKNOWN,0,False,,,UNKNOWN,UNKNOWN,UNKNOWN,False,False,STRICT: date >= pit_start AND date <= pit_end(if verified) AND date not inside explicit suspension interval,RESEARCH_PROXY: first observed price may define a LOW-confidence start only; never label it official listing,HIGH,LISTING_EVIDENCE_MISSING;DELISTING_STATUS_UNVERIFIED;FIRST_PRICE_IS_NOT_LISTING_DATE;PIT_MEMBERSHIP_NOT_FULLY_VERIFIED,Candidate interval only. Not enabled for engine.
NASA,,,,UNKNOWN,,UNKNOWN,0,False,,,UNKNOWN,UNKNOWN,UNKNOWN,False,False,STRICT: date >= pit_start AND date <= pit_end(if verified) AND date not inside explicit suspension interval,RESEARCH_PROXY: first observed price may define a LOW-confidence start only; never label it official listing,HIGH,LISTING_EVIDENCE_MISSING;DELISTING_STATUS_UNVERIFIED;FIRST_PRICE_IS_NOT_LISTING_DATE;PIT_MEMBERSHIP_NOT_FULLY_VERIFIED,Candidate interval only. Not enabled for engine.
NASI,,,,UNKNOWN,,UNKNOWN,0,False,,,UNKNOWN,UNKNOWN,UNKNOWN,False,False,STRICT: date >= pit_start AND date <= pit_end(if verified) AND date not inside explicit suspension interval,RESEARCH_PROXY: first observed price may define a LOW-confidence start only; never label it official listing,HIGH,LISTING_EVIDENCE_MISSING;DELISTING_STATUS_UNVERIFIED;FIRST_PRICE_IS_NOT_LISTING_DATE;PIT_MEMBERSHIP_NOT_FULLY_VERIFIED,Candidate interval only. Not enabled for engine.
NATO,,,,UNKNOWN,,UNKNOWN,0,False,,,UNKNOWN,UNKNOWN,UNKNOWN,False,False,STRICT: date >= pit_start AND date <= pit_end(if verified) AND date not inside explicit suspension interval,RESEARCH_PROXY: first observed price may define a LOW-confidence start only; never label it official listing,HIGH,LISTING_EVIDENCE_MISSING;DELISTING_STATUS_UNVERIFIED;FIRST_PRICE_IS_NOT_LISTING_DATE;PIT_MEMBERSHIP_NOT_FULLY_VERIFIED,Candidate interval only. Not enabled for engine.
NAYZ,,,,UNKNOWN,,UNKNOWN,0,False,,,UNKNOWN,UNKNOWN,UNKNOWN,False,False,STRICT: date >= pit_start AND date <= pit_end(if verified) AND date not inside explicit suspension interval,RESEARCH_PROXY: first observed price may define a LOW-confidence start only; never label it official listing,HIGH,LISTING_EVIDENCE_MISSING;DELISTING_STATUS_UNVERIFIED;FIRST_PRICE_IS_NOT_LISTING_DATE;PIT_MEMBERSHIP_NOT_FULLY_VERIFIED,Candidate interval only. Not enabled for engine.
NCKL,,,,UNKNOWN,,UNKNOWN,0,False,,,UNKNOWN,UNKNOWN,UNKNOWN,False,False,STRICT: date >= pit_start AND date <= pit_end(if verified) AND date not inside explicit suspension interval,RESEARCH_PROXY: first observed price may define a LOW-confidence start only; never label it official listing,HIGH,LISTING_EVIDENCE_MISSING;DELISTING_STATUS_UNVERIFIED;FIRST_PRICE_IS_NOT_LISTING_DATE;PIT_MEMBERSHIP_NOT_FULLY_VERIFIED,Candidate interval only. Not enabled for engine.
NELY,,,,UNKNOWN,,UNKNOWN,0,False,,,UNKNOWN,UNKNOWN,UNKNOWN,False,False,STRICT: date >= pit_start AND date <= pit_end(if verified) AND date not inside explicit suspension interval,RESEARCH_PROXY: first observed price may define a LOW-confidence start only; never label it official listing,HIGH,LISTING_EVIDENCE_MISSING;DELISTING_STATUS_UNVERIFIED;FIRST_PRICE_IS_NOT_LISTING_DATE;PIT_MEMBERSHIP_NOT_FULLY_VERIFIED,Candidate interval only. Not enabled for engine.
NEST,,,,UNKNOWN,,UNKNOWN,0,False,,,UNKNOWN,UNKNOWN,UNKNOWN,False,False,STRICT: date >= pit_start AND date <= pit_end(if verified) AND date not inside explicit suspension interval,RESEARCH_PROXY: first observed price may define a LOW-confidence start only; never label it official listing,HIGH,LISTING_EVIDENCE_MISSING;DELISTING_STATUS_UNVERIFIED;FIRST_PRICE_IS_NOT_LISTING_DATE;PIT_MEMBERSHIP_NOT_FULLY_VERIFIED,Candidate interval only. Not enabled for engine.
NETV,,,,UNKNOWN,,UNKNOWN,0,False,,,UNKNOWN,UNKNOWN,UNKNOWN,False,False,STRICT: date >= pit_start AND date <= pit_end(if verified) AND date not inside explicit suspension interval,RESEARCH_PROXY: first observed price may define a LOW-confidence start only; never label it official listing,HIGH,LISTING_EVIDENCE_MISSING;DELISTING_STATUS_UNVERIFIED;FIRST_PRICE_IS_NOT_LISTING_DATE;PIT_MEMBERSHIP_NOT_FULLY_VERIFIED,Candidate interval only. Not enabled for engine.
NFCX,,,,UNKNOWN,,UNKNOWN,0,False,,,UNKNOWN,UNKNOWN,UNKNOWN,False,False,STRICT: date >= pit_start AND date <= pit_end(if verified) AND date not inside explicit suspension interval,RESEARCH_PROXY: first observed price may define a LOW-confidence start only; never label it official listing,HIGH,LISTING_EVIDENCE_MISSING;DELISTING_STATUS_UNVERIFIED;FIRST_PRICE_IS_NOT_LISTING_DATE;PIT_MEMBERSHIP_NOT_FULLY_VERIFIED,Candidate interval only. Not enabled for engine.
NICE,,,,UNKNOWN,,UNKNOWN,0,False,,,UNKNOWN,UNKNOWN,UNKNOWN,False,False,STRICT: date >= pit_start AND date <= pit_end(if verified) AND date not inside explicit suspension interval,RESEARCH_PROXY: first observed price may define a LOW-confidence start only; never label it official listing,HIGH,LISTING_EVIDENCE_MISSING;DELISTING_STATUS_UNVERIFIED;FIRST_PRICE_IS_NOT_LISTING_DATE;PIT_MEMBERSHIP_NOT_FULLY_VERIFIED,Candidate interval only. Not enabled for engine.
NICK,,,,UNKNOWN,,UNKNOWN,0,False,,,UNKNOWN,UNKNOWN,UNKNOWN,False,False,STRICT: date >= pit_start AND date <= pit_end(if verified) AND date not inside explicit suspension interval,RESEARCH_PROXY: first observed price may define a LOW-confidence start only; never label it official listing,HIGH,LISTING_EVIDENCE_MISSING;DELISTING_STATUS_UNVERIFIED;FIRST_PRICE_IS_NOT_LISTING_DATE;PIT_MEMBERSHIP_NOT_FULLY_VERIFIED,Candidate interval only. Not enabled for engine.
NICL,,,,UNKNOWN,,UNKNOWN,0,False,,,UNKNOWN,UNKNOWN,UNKNOWN,False,False,STRICT: date >= pit_start AND date <= pit_end(if verified) AND date not inside explicit suspension interval,RESEARCH_PROXY: first observed price may define a LOW-confidence start only; never label it official listing,HIGH,LISTING_EVIDENCE_MISSING;DELISTING_STATUS_UNVERIFIED;FIRST_PRICE_IS_NOT_LISTING_DATE;PIT_MEMBERSHIP_NOT_FULLY_VERIFIED,Candidate interval only. Not enabled for engine.
NIKL,,,,UNKNOWN,,UNKNOWN,0,False,,,UNKNOWN,UNKNOWN,UNKNOWN,False,False,STRICT: date >= pit_start AND date <= pit_end(if verified) AND date not inside explicit suspension interval,RESEARCH_PROXY: first observed price may define a LOW-confidence start only; never label it official listing,HIGH,LISTING_EVIDENCE_MISSING;DELISTING_STATUS_UNVERIFIED;FIRST_PRICE_IS_NOT_LISTING_DATE;PIT_MEMBERSHIP_NOT_FULLY_VERIFIED,Candidate interval only. Not enabled for engine.
NINE,,,,UNKNOWN,,UNKNOWN,0,False,,,UNKNOWN,UNKNOWN,UNKNOWN,False,False,STRICT: date >= pit_start AND date <= pit_end(if verified) AND date not inside explicit suspension interval,RESEARCH_PROXY: first observed price may define a LOW-confidence start only; never label it official listing,HIGH,LISTING_EVIDENCE_MISSING;DELISTING_STATUS_UNVERIFIED;FIRST_PRICE_IS_NOT_LISTING_DATE;PIT_MEMBERSHIP_NOT_FULLY_VERIFIED,Candidate interval only. Not enabled for engine.
NIRO,,,,UNKNOWN,,UNKNOWN,0,False,,,UNKNOWN,UNKNOWN,UNKNOWN,False,False,STRICT: date >= pit_start AND date <= pit_end(if verified) AND date not inside explicit suspension interval,RESEARCH_PROXY: first observed price may define a LOW-confidence start only; never label it official listing,HIGH,LISTING_EVIDENCE_MISSING;DELISTING_STATUS_UNVERIFIED;FIRST_PRICE_IS_NOT_LISTING_DATE;PIT_MEMBERSHIP_NOT_FULLY_VERIFIED,Candidate interval only. Not enabled for engine.
NISP,,,,UNKNOWN,,UNKNOWN,0,False,,,UNKNOWN,UNKNOWN,UNKNOWN,False,False,STRICT: date >= pit_start AND date <= pit_end(if verified) AND date not inside explicit suspension interval,RESEARCH_PROXY: first observed price may define a LOW-confidence start only; never label it official listing,HIGH,LISTING_EVIDENCE_MISSING;DELISTING_STATUS_UNVERIFIED;FIRST_PRICE_IS_NOT_LISTING_DATE;PIT_MEMBERSHIP_NOT_FULLY_VERIFIED,Candidate interval only. Not enabled for engine.
NOBU,,,,UNKNOWN,,UNKNOWN,0,False,,,UNKNOWN,UNKNOWN,UNKNOWN,False,False,STRICT: date >= pit_start AND date <= pit_end(if verified) AND date not inside explicit suspension interval,RESEARCH_PROXY: first observed price may define a LOW-confidence start only; never label it official listing,HIGH,LISTING_EVIDENCE_MISSING;DELISTING_STATUS_UNVERIFIED;FIRST_PRICE_IS_NOT_LISTING_DATE;PIT_MEMBERSHIP_NOT_FULLY_VERIFIED,Candidate interval only. Not enabled for engine.
NPGF,,,,UNKNOWN,,UNKNOWN,0,False,,,UNKNOWN,UNKNOWN,UNKNOWN,False,False,STRICT: date >= pit_start AND date <= pit_end(if verified) AND date not inside explicit suspension interval,RESEARCH_PROXY: first observed price may define a LOW-confidence start only; never label it official listing,HIGH,LISTING_EVIDENCE_MISSING;DELISTING_STATUS_UNVERIFIED;FIRST_PRICE_IS_NOT_LISTING_DATE;PIT_MEMBERSHIP_NOT_FULLY_VERIFIED,Candidate interval only. Not enabled for engine.
NRCA,,,,UNKNOWN,,UNKNOWN,0,False,,,UNKNOWN,UNKNOWN,UNKNOWN,False,False,STRICT: date >= pit_start AND date <= pit_end(if verified) AND date not inside explicit suspension interval,RESEARCH_PROXY: first observed price may define a LOW-confidence start only; never label it official listing,HIGH,LISTING_EVIDENCE_MISSING;DELISTING_STATUS_UNVERIFIED;FIRST_PRICE_IS_NOT_LISTING_DATE;PIT_MEMBERSHIP_NOT_FULLY_VERIFIED,Candidate interval only. Not enabled for engine.
NSSS,,,,UNKNOWN,,UNKNOWN,0,False,,,UNKNOWN,UNKNOWN,UNKNOWN,False,False,STRICT: date >= pit_start AND date <= pit_end(if verified) AND date not inside explicit suspension interval,RESEARCH_PROXY: first observed price may define a LOW-confidence start only; never label it official listing,HIGH,LISTING_EVIDENCE_MISSING;DELISTING_STATUS_UNVERIFIED;FIRST_PRICE_IS_NOT_LISTING_DATE;PIT_MEMBERSHIP_NOT_FULLY_VERIFIED,Candidate interval only. Not enabled for engine.
NTBK,,,,UNKNOWN,,UNKNOWN,0,False,,,UNKNOWN,UNKNOWN,UNKNOWN,False,False,STRICT: date >= pit_start AND date <= pit_end(if verified) AND date not inside explicit suspension interval,RESEARCH_PROXY: first observed price may define a LOW-confidence start only; never label it official listing,HIGH,LISTING_EVIDENCE_MISSING;DELISTING_STATUS_UNVERIFIED;FIRST_PRICE_IS_NOT_LISTING_DATE;PIT_MEMBERSHIP_NOT_FULLY_VERIFIED,Candidate interval only. Not enabled for engine.
NZIA,,,,UNKNOWN,,UNKNOWN,0,False,,,UNKNOWN,UNKNOWN,UNKNOWN,False,False,STRICT: date >= pit_start AND date <= pit_end(if verified) AND date not inside explicit suspension interval,RESEARCH_PROXY: first observed price may define a LOW-confidence start only; never label it official listing,HIGH,LISTING_EVIDENCE_MISSING;DELISTING_STATUS_UNVERIFIED;FIRST_PRICE_IS_NOT_LISTING_DATE;PIT_MEMBERSHIP_NOT_FULLY_VERIFIED,Candidate interval only. Not enabled for engine.
OASA,,,,UNKNOWN,,UNKNOWN,0,False,,,UNKNOWN,UNKNOWN,UNKNOWN,False,False,STRICT: date >= pit_start AND date <= pit_end(if verified) AND date not inside explicit suspension interval,RESEARCH_PROXY: first observed price may define a LOW-confidence start only; never label it official listing,HIGH,LISTING_EVIDENCE_MISSING;DELISTING_STATUS_UNVERIFIED;FIRST_PRICE_IS_NOT_LISTING_DATE;PIT_MEMBERSHIP_NOT_FULLY_VERIFIED,Candidate interval only. Not enabled for engine.
OBAT,,,,UNKNOWN,,UNKNOWN,0,False,,,UNKNOWN,UNKNOWN,UNKNOWN,False,False,STRICT: date >= pit_start AND date <= pit_end(if verified) AND date not inside explicit suspension interval,RESEARCH_PROXY: first observed price may define a LOW-confidence start only; never label it official listing,HIGH,LISTING_EVIDENCE_MISSING;DELISTING_STATUS_UNVERIFIED;FIRST_PRICE_IS_NOT_LISTING_DATE;PIT_MEMBERSHIP_NOT_FULLY_VERIFIED,Candidate interval only. Not enabled for engine.
OBMD,,,,UNKNOWN,,UNKNOWN,0,False,,,UNKNOWN,UNKNOWN,UNKNOWN,False,False,STRICT: date >= pit_start AND date <= pit_end(if verified) AND date not inside explicit suspension interval,RESEARCH_PROXY: first observed price may define a LOW-confidence start only; never label it official listing,HIGH,LISTING_EVIDENCE_MISSING;DELISTING_STATUS_UNVERIFIED;FIRST_PRICE_IS_NOT_LISTING_DATE;PIT_MEMBERSHIP_NOT_FULLY_VERIFIED,Candidate interval only. Not enabled for engine.
OILS,,,,UNKNOWN,,UNKNOWN,0,False,,,UNKNOWN,UNKNOWN,UNKNOWN,False,False,STRICT: date >= pit_start AND date <= pit_end(if verified) AND date not inside explicit suspension interval,RESEARCH_PROXY: first observed price may define a LOW-confidence start only; never label it official listing,HIGH,LISTING_EVIDENCE_MISSING;DELISTING_STATUS_UNVERIFIED;FIRST_PRICE_IS_NOT_LISTING_DATE;PIT_MEMBERSHIP_NOT_FULLY_VERIFIED,Candidate interval only. Not enabled for engine.
OKAS,,,,UNKNOWN,,UNKNOWN,0,False,,,UNKNOWN,UNKNOWN,UNKNOWN,False,False,STRICT: date >= pit_start AND date <= pit_end(if verified) AND date not inside explicit suspension interval,RESEARCH_PROXY: first observed price may define a LOW-confidence start only; never label it official listing,HIGH,LISTING_EVIDENCE_MISSING;DELISTING_STATUS_UNVERIFIED;FIRST_PRICE_IS_NOT_LISTING_DATE;PIT_MEMBERSHIP_NOT_FULLY_VERIFIED,Candidate interval only. Not enabled for engine.
OLIV,,,,UNKNOWN,,UNKNOWN,0,False,,,UNKNOWN,UNKNOWN,UNKNOWN,False,False,STRICT: date >= pit_start AND date <= pit_end(if verified) AND date not inside explicit suspension interval,RESEARCH_PROXY: first observed price may define a LOW-confidence start only; never label it official listing,HIGH,LISTING_EVIDENCE_MISSING;DELISTING_STATUS_UNVERIFIED;FIRST_PRICE_IS_NOT_LISTING_DATE;PIT_MEMBERSHIP_NOT_FULLY_VERIFIED,Candidate interval only. Not enabled for engine.
OMED,,,,UNKNOWN,,UNKNOWN,0,False,,,UNKNOWN,UNKNOWN,UNKNOWN,False,False,STRICT: date >= pit_start AND date <= pit_end(if verified) AND date not inside explicit suspension interval,RESEARCH_PROXY: first observed price may define a LOW-confidence start only; never label it official listing,HIGH,LISTING_EVIDENCE_MISSING;DELISTING_STATUS_UNVERIFIED;FIRST_PRICE_IS_NOT_LISTING_DATE;PIT_MEMBERSHIP_NOT_FULLY_VERIFIED,Candidate interval only. Not enabled for engine.
OMRE,,,,UNKNOWN,,UNKNOWN,0,False,,,UNKNOWN,UNKNOWN,UNKNOWN,False,False,STRICT: date >= pit_start AND date <= pit_end(if verified) AND date not inside explicit suspension interval,RESEARCH_PROXY: first observed price may define a LOW-confidence start only; never label it official listing,HIGH,LISTING_EVIDENCE_MISSING;DELISTING_STATUS_UNVERIFIED;FIRST_PRICE_IS_NOT_LISTING_DATE;PIT_MEMBERSHIP_NOT_FULLY_VERIFIED,Candidate interval only. Not enabled for engine.
OPMS,,,,UNKNOWN,,UNKNOWN,0,False,,,UNKNOWN,UNKNOWN,UNKNOWN,False,False,STRICT: date >= pit_start AND date <= pit_end(if verified) AND date not inside explicit suspension interval,RESEARCH_PROXY: first observed price may define a LOW-confidence start only; never label it official listing,HIGH,LISTING_EVIDENCE_MISSING;DELISTING_STATUS_UNVERIFIED;FIRST_PRICE_IS_NOT_LISTING_DATE;PIT_MEMBERSHIP_NOT_FULLY_VERIFIED,Candidate interval only. Not enabled for engine.
PACK,,,,UNKNOWN,,UNKNOWN,0,False,,,UNKNOWN,UNKNOWN,UNKNOWN,False,False,STRICT: date >= pit_start AND date <= pit_end(if verified) AND date not inside explicit suspension interval,RESEARCH_PROXY: first observed price may define a LOW-confidence start only; never label it official listing,HIGH,LISTING_EVIDENCE_MISSING;DELISTING_STATUS_UNVERIFIED;FIRST_PRICE_IS_NOT_LISTING_DATE;PIT_MEMBERSHIP_NOT_FULLY_VERIFIED,Candidate interval only. Not enabled for engine.
PADA,,,,UNKNOWN,,UNKNOWN,0,False,,,UNKNOWN,UNKNOWN,UNKNOWN,False,False,STRICT: date >= pit_start AND date <= pit_end(if verified) AND date not inside explicit suspension interval,RESEARCH_PROXY: first observed price may define a LOW-confidence start only; never label it official listing,HIGH,LISTING_EVIDENCE_MISSING;DELISTING_STATUS_UNVERIFIED;FIRST_PRICE_IS_NOT_LISTING_DATE;PIT_MEMBERSHIP_NOT_FULLY_VERIFIED,Candidate interval only. Not enabled for engine.
PADI,,,,UNKNOWN,,UNKNOWN,0,False,,,UNKNOWN,UNKNOWN,UNKNOWN,False,False,STRICT: date >= pit_start AND date <= pit_end(if verified) AND date not inside explicit suspension interval,RESEARCH_PROXY: first observed price may define a LOW-confidence start only; never label it official listing,HIGH,LISTING_EVIDENCE_MISSING;DELISTING_STATUS_UNVERIFIED;FIRST_PRICE_IS_NOT_LISTING_DATE;PIT_MEMBERSHIP_NOT_FULLY_VERIFIED,Candidate interval only. Not enabled for engine.
PALM,,,,UNKNOWN,,UNKNOWN,0,False,,,UNKNOWN,UNKNOWN,UNKNOWN,False,False,STRICT: date >= pit_start AND date <= pit_end(if verified) AND date not inside explicit suspension interval,RESEARCH_PROXY: first observed price may define a LOW-confidence start only; never label it official listing,HIGH,LISTING_EVIDENCE_MISSING;DELISTING_STATUS_UNVERIFIED;FIRST_PRICE_IS_NOT_LISTING_DATE;PIT_MEMBERSHIP_NOT_FULLY_VERIFIED,Candidate interval only. Not enabled for engine.
PAMG,,,,UNKNOWN,,UNKNOWN,0,False,,,UNKNOWN,UNKNOWN,UNKNOWN,False,False,STRICT: date >= pit_start AND date <= pit_end(if verified) AND date not inside explicit suspension interval,RESEARCH_PROXY: first observed price may define a LOW-confidence start only; never label it official listing,HIGH,LISTING_EVIDENCE_MISSING;DELISTING_STATUS_UNVERIFIED;FIRST_PRICE_IS_NOT_LISTING_DATE;PIT_MEMBERSHIP_NOT_FULLY_VERIFIED,Candidate interval only. Not enabled for engine.
PANI,,,,UNKNOWN,,UNKNOWN,0,False,,,UNKNOWN,UNKNOWN,UNKNOWN,False,False,STRICT: date >= pit_start AND date <= pit_end(if verified) AND date not inside explicit suspension interval,RESEARCH_PROXY: first observed price may define a LOW-confidence start only; never label it official listing,HIGH,LISTING_EVIDENCE_MISSING;DELISTING_STATUS_UNVERIFIED;FIRST_PRICE_IS_NOT_LISTING_DATE;PIT_MEMBERSHIP_NOT_FULLY_VERIFIED,Candidate interval only. Not enabled for engine.
PANR,,,,UNKNOWN,,UNKNOWN,0,False,,,UNKNOWN,UNKNOWN,UNKNOWN,False,False,STRICT: date >= pit_start AND date <= pit_end(if verified) AND date not inside explicit suspension interval,RESEARCH_PROXY: first observed price may define a LOW-confidence start only; never label it official listing,HIGH,LISTING_EVIDENCE_MISSING;DELISTING_STATUS_UNVERIFIED;FIRST_PRICE_IS_NOT_LISTING_DATE;PIT_MEMBERSHIP_NOT_FULLY_VERIFIED,Candidate interval only. Not enabled for engine.
PANS,,,,UNKNOWN,,UNKNOWN,0,False,,,UNKNOWN,UNKNOWN,UNKNOWN,False,False,STRICT: date >= pit_start AND date <= pit_end(if verified) AND date not inside explicit suspension interval,RESEARCH_PROXY: first observed price may define a LOW-confidence start only; never label it official listing,HIGH,LISTING_EVIDENCE_MISSING;DELISTING_STATUS_UNVERIFIED;FIRST_PRICE_IS_NOT_LISTING_DATE;PIT_MEMBERSHIP_NOT_FULLY_VERIFIED,Candidate interval only. Not enabled for engine.
PART,,,,UNKNOWN,,UNKNOWN,0,False,,,UNKNOWN,UNKNOWN,UNKNOWN,False,False,STRICT: date >= pit_start AND date <= pit_end(if verified) AND date not inside explicit suspension interval,RESEARCH_PROXY: first observed price may define a LOW-confidence start only; never label it official listing,HIGH,LISTING_EVIDENCE_MISSING;DELISTING_STATUS_UNVERIFIED;FIRST_PRICE_IS_NOT_LISTING_DATE;PIT_MEMBERSHIP_NOT_FULLY_VERIFIED,Candidate interval only. Not enabled for engine.
PBID,,,,UNKNOWN,,UNKNOWN,0,False,,,UNKNOWN,UNKNOWN,UNKNOWN,False,False,STRICT: date >= pit_start AND date <= pit_end(if verified) AND date not inside explicit suspension interval,RESEARCH_PROXY: first observed price may define a LOW-confidence start only; never label it official listing,HIGH,LISTING_EVIDENCE_MISSING;DELISTING_STATUS_UNVERIFIED;FIRST_PRICE_IS_NOT_LISTING_DATE;PIT_MEMBERSHIP_NOT_FULLY_VERIFIED,Candidate interval only. Not enabled for engine.
PBRX,,,,UNKNOWN,,UNKNOWN,0,False,,,UNKNOWN,UNKNOWN,UNKNOWN,False,False,STRICT: date >= pit_start AND date <= pit_end(if verified) AND date not inside explicit suspension interval,RESEARCH_PROXY: first observed price may define a LOW-confidence start only; never label it official listing,HIGH,LISTING_EVIDENCE_MISSING;DELISTING_STATUS_UNVERIFIED;FIRST_PRICE_IS_NOT_LISTING_DATE;PIT_MEMBERSHIP_NOT_FULLY_VERIFIED,Candidate interval only. Not enabled for engine.
PBSA,,,,UNKNOWN,,UNKNOWN,0,False,,,UNKNOWN,UNKNOWN,UNKNOWN,False,False,STRICT: date >= pit_start AND date <= pit_end(if verified) AND date not inside explicit suspension interval,RESEARCH_PROXY: first observed price may define a LOW-confidence start only; never label it official listing,HIGH,LISTING_EVIDENCE_MISSING;DELISTING_STATUS_UNVERIFIED;FIRST_PRICE_IS_NOT_LISTING_DATE;PIT_MEMBERSHIP_NOT_FULLY_VERIFIED,Candidate interval only. Not enabled for engine.
PCAR,,,,UNKNOWN,,UNKNOWN,0,False,,,UNKNOWN,UNKNOWN,UNKNOWN,False,False,STRICT: date >= pit_start AND date <= pit_end(if verified) AND date not inside explicit suspension interval,RESEARCH_PROXY: first observed price may define a LOW-confidence start only; never label it official listing,HIGH,LISTING_EVIDENCE_MISSING;DELISTING_STATUS_UNVERIFIED;FIRST_PRICE_IS_NOT_LISTING_DATE;PIT_MEMBERSHIP_NOT_FULLY_VERIFIED,Candidate interval only. Not enabled for engine.
PDES,,,,UNKNOWN,,UNKNOWN,0,False,,,UNKNOWN,UNKNOWN,UNKNOWN,False,False,STRICT: date >= pit_start AND date <= pit_end(if verified) AND date not inside explicit suspension interval,RESEARCH_PROXY: first observed price may define a LOW-confidence start only; never label it official listing,HIGH,LISTING_EVIDENCE_MISSING;DELISTING_STATUS_UNVERIFIED;FIRST_PRICE_IS_NOT_LISTING_DATE;PIT_MEMBERSHIP_NOT_FULLY_VERIFIED,Candidate interval only. Not enabled for engine.
PDPP,,,,UNKNOWN,,UNKNOWN,0,False,,,UNKNOWN,UNKNOWN,UNKNOWN,False,False,STRICT: date >= pit_start AND date <= pit_end(if verified) AND date not inside explicit suspension interval,RESEARCH_PROXY: first observed price may define a LOW-confidence start only; never label it official listing,HIGH,LISTING_EVIDENCE_MISSING;DELISTING_STATUS_UNVERIFIED;FIRST_PRICE_IS_NOT_LISTING_DATE;PIT_MEMBERSHIP_NOT_FULLY_VERIFIED,Candidate interval only. Not enabled for engine.
PEGE,,,,UNKNOWN,,UNKNOWN,0,False,,,UNKNOWN,UNKNOWN,UNKNOWN,False,False,STRICT: date >= pit_start AND date <= pit_end(if verified) AND date not inside explicit suspension interval,RESEARCH_PROXY: first observed price may define a LOW-confidence start only; never label it official listing,HIGH,LISTING_EVIDENCE_MISSING;DELISTING_STATUS_UNVERIFIED;FIRST_PRICE_IS_NOT_LISTING_DATE;PIT_MEMBERSHIP_NOT_FULLY_VERIFIED,Candidate interval only. Not enabled for engine.
PEHA,,,,UNKNOWN,,UNKNOWN,0,False,,,UNKNOWN,UNKNOWN,UNKNOWN,False,False,STRICT: date >= pit_start AND date <= pit_end(if verified) AND date not inside explicit suspension interval,RESEARCH_PROXY: first observed price may define a LOW-confidence start only; never label it official listing,HIGH,LISTING_EVIDENCE_MISSING;DELISTING_STATUS_UNVERIFIED;FIRST_PRICE_IS_NOT_LISTING_DATE;PIT_MEMBERSHIP_NOT_FULLY_VERIFIED,Candidate interval only. Not enabled for engine.
PEVE,,,,UNKNOWN,,UNKNOWN,0,False,,,UNKNOWN,UNKNOWN,UNKNOWN,False,False,STRICT: date >= pit_start AND date <= pit_end(if verified) AND date not inside explicit suspension interval,RESEARCH_PROXY: first observed price may define a LOW-confidence start only; never label it official listing,HIGH,LISTING_EVIDENCE_MISSING;DELISTING_STATUS_UNVERIFIED;FIRST_PRICE_IS_NOT_LISTING_DATE;PIT_MEMBERSHIP_NOT_FULLY_VERIFIED,Candidate interval only. Not enabled for engine.
PGAS,,,,UNKNOWN,,UNKNOWN,0,False,,,UNKNOWN,UNKNOWN,UNKNOWN,False,False,STRICT: date >= pit_start AND date <= pit_end(if verified) AND date not inside explicit suspension interval,RESEARCH_PROXY: first observed price may define a LOW-confidence start only; never label it official listing,HIGH,LISTING_EVIDENCE_MISSING;DELISTING_STATUS_UNVERIFIED;FIRST_PRICE_IS_NOT_LISTING_DATE;PIT_MEMBERSHIP_NOT_FULLY_VERIFIED,Candidate interval only. Not enabled for engine.
PGEO,,,,UNKNOWN,,UNKNOWN,0,False,,,UNKNOWN,UNKNOWN,UNKNOWN,False,False,STRICT: date >= pit_start AND date <= pit_end(if verified) AND date not inside explicit suspension interval,RESEARCH_PROXY: first observed price may define a LOW-confidence start only; never label it official listing,HIGH,LISTING_EVIDENCE_MISSING;DELISTING_STATUS_UNVERIFIED;FIRST_PRICE_IS_NOT_LISTING_DATE;PIT_MEMBERSHIP_NOT_FULLY_VERIFIED,Candidate interval only. Not enabled for engine.
PGJO,,,,UNKNOWN,,UNKNOWN,0,False,,,UNKNOWN,UNKNOWN,UNKNOWN,False,False,STRICT: date >= pit_start AND date <= pit_end(if verified) AND date not inside explicit suspension interval,RESEARCH_PROXY: first observed price may define a LOW-confidence start only; never label it official listing,HIGH,LISTING_EVIDENCE_MISSING;DELISTING_STATUS_UNVERIFIED;FIRST_PRICE_IS_NOT_LISTING_DATE;PIT_MEMBERSHIP_NOT_FULLY_VERIFIED,Candidate interval only. Not enabled for engine.
PGLI,,,,UNKNOWN,,UNKNOWN,0,False,,,UNKNOWN,UNKNOWN,UNKNOWN,False,False,STRICT: date >= pit_start AND date <= pit_end(if verified) AND date not inside explicit suspension interval,RESEARCH_PROXY: first observed price may define a LOW-confidence start only; never label it official listing,HIGH,LISTING_EVIDENCE_MISSING;DELISTING_STATUS_UNVERIFIED;FIRST_PRICE_IS_NOT_LISTING_DATE;PIT_MEMBERSHIP_NOT_FULLY_VERIFIED,Candidate interval only. Not enabled for engine.
PGUN,,,,UNKNOWN,,UNKNOWN,0,False,,,UNKNOWN,UNKNOWN,UNKNOWN,False,False,STRICT: date >= pit_start AND date <= pit_end(if verified) AND date not inside explicit suspension interval,RESEARCH_PROXY: first observed price may define a LOW-confidence start only; never label it official listing,HIGH,LISTING_EVIDENCE_MISSING;DELISTING_STATUS_UNVERIFIED;FIRST_PRICE_IS_NOT_LISTING_DATE;PIT_MEMBERSHIP_NOT_FULLY_VERIFIED,Candidate interval only. Not enabled for engine.
PICO,,,,UNKNOWN,,UNKNOWN,0,False,,,UNKNOWN,UNKNOWN,UNKNOWN,False,False,STRICT: date >= pit_start AND date <= pit_end(if verified) AND date not inside explicit suspension interval,RESEARCH_PROXY: first observed price may define a LOW-confidence start only; never label it official listing,HIGH,LISTING_EVIDENCE_MISSING;DELISTING_STATUS_UNVERIFIED;FIRST_PRICE_IS_NOT_LISTING_DATE;PIT_MEMBERSHIP_NOT_FULLY_VERIFIED,Candidate interval only. Not enabled for engine.
PIPA,,,,UNKNOWN,,UNKNOWN,0,False,,,UNKNOWN,UNKNOWN,UNKNOWN,False,False,STRICT: date >= pit_start AND date <= pit_end(if verified) AND date not inside explicit suspension interval,RESEARCH_PROXY: first observed price may define a LOW-confidence start only; never label it official listing,HIGH,LISTING_EVIDENCE_MISSING;DELISTING_STATUS_UNVERIFIED;FIRST_PRICE_IS_NOT_LISTING_DATE;PIT_MEMBERSHIP_NOT_FULLY_VERIFIED,Candidate interval only. Not enabled for engine.
PJAA,,,,UNKNOWN,,UNKNOWN,0,False,,,UNKNOWN,UNKNOWN,UNKNOWN,False,False,STRICT: date >= pit_start AND date <= pit_end(if verified) AND date not inside explicit suspension interval,RESEARCH_PROXY: first observed price may define a LOW-confidence start only; never label it official listing,HIGH,LISTING_EVIDENCE_MISSING;DELISTING_STATUS_UNVERIFIED;FIRST_PRICE_IS_NOT_LISTING_DATE;PIT_MEMBERSHIP_NOT_FULLY_VERIFIED,Candidate interval only. Not enabled for engine.
PJHB,,,,UNKNOWN,,UNKNOWN,0,False,,,UNKNOWN,UNKNOWN,UNKNOWN,False,False,STRICT: date >= pit_start AND date <= pit_end(if verified) AND date not inside explicit suspension interval,RESEARCH_PROXY: first observed price may define a LOW-confidence start only; never label it official listing,HIGH,LISTING_EVIDENCE_MISSING;DELISTING_STATUS_UNVERIFIED;FIRST_PRICE_IS_NOT_LISTING_DATE;PIT_MEMBERSHIP_NOT_FULLY_VERIFIED,Candidate interval only. Not enabled for engine.
PKPK,,,,UNKNOWN,,UNKNOWN,0,False,,,UNKNOWN,UNKNOWN,UNKNOWN,False,False,STRICT: date >= pit_start AND date <= pit_end(if verified) AND date not inside explicit suspension interval,RESEARCH_PROXY: first observed price may define a LOW-confidence start only; never label it official listing,HIGH,LISTING_EVIDENCE_MISSING;DELISTING_STATUS_UNVERIFIED;FIRST_PRICE_IS_NOT_LISTING_DATE;PIT_MEMBERSHIP_NOT_FULLY_VERIFIED,Candidate interval only. Not enabled for engine.
PLAN,,,,UNKNOWN,,UNKNOWN,0,False,,,UNKNOWN,UNKNOWN,UNKNOWN,False,False,STRICT: date >= pit_start AND date <= pit_end(if verified) AND date not inside explicit suspension interval,RESEARCH_PROXY: first observed price may define a LOW-confidence start only; never label it official listing,HIGH,LISTING_EVIDENCE_MISSING;DELISTING_STATUS_UNVERIFIED;FIRST_PRICE_IS_NOT_LISTING_DATE;PIT_MEMBERSHIP_NOT_FULLY_VERIFIED,Candidate interval only. Not enabled for engine.
PLIN,,,,UNKNOWN,,UNKNOWN,0,False,,,UNKNOWN,UNKNOWN,UNKNOWN,False,False,STRICT: date >= pit_start AND date <= pit_end(if verified) AND date not inside explicit suspension interval,RESEARCH_PROXY: first observed price may define a LOW-confidence start only; never label it official listing,HIGH,LISTING_EVIDENCE_MISSING;DELISTING_STATUS_UNVERIFIED;FIRST_PRICE_IS_NOT_LISTING_DATE;PIT_MEMBERSHIP_NOT_FULLY_VERIFIED,Candidate interval only. Not enabled for engine.
PMJS,,,,UNKNOWN,,UNKNOWN,0,False,,,UNKNOWN,UNKNOWN,UNKNOWN,False,False,STRICT: date >= pit_start AND date <= pit_end(if verified) AND date not inside explicit suspension interval,RESEARCH_PROXY: first observed price may define a LOW-confidence start only; never label it official listing,HIGH,LISTING_EVIDENCE_MISSING;DELISTING_STATUS_UNVERIFIED;FIRST_PRICE_IS_NOT_LISTING_DATE;PIT_MEMBERSHIP_NOT_FULLY_VERIFIED,Candidate interval only. Not enabled for engine.
PMMP,,,,UNKNOWN,,UNKNOWN,0,False,,,UNKNOWN,UNKNOWN,UNKNOWN,False,False,STRICT: date >= pit_start AND date <= pit_end(if verified) AND date not inside explicit suspension interval,RESEARCH_PROXY: first observed price may define a LOW-confidence start only; never label it official listing,HIGH,LISTING_EVIDENCE_MISSING;DELISTING_STATUS_UNVERIFIED;FIRST_PRICE_IS_NOT_LISTING_DATE;PIT_MEMBERSHIP_NOT_FULLY_VERIFIED,Candidate interval only. Not enabled for engine.
PMUI,,,,UNKNOWN,,UNKNOWN,0,False,,,UNKNOWN,UNKNOWN,UNKNOWN,False,False,STRICT: date >= pit_start AND date <= pit_end(if verified) AND date not inside explicit suspension interval,RESEARCH_PROXY: first observed price may define a LOW-confidence start only; never label it official listing,HIGH,LISTING_EVIDENCE_MISSING;DELISTING_STATUS_UNVERIFIED;FIRST_PRICE_IS_NOT_LISTING_DATE;PIT_MEMBERSHIP_NOT_FULLY_VERIFIED,Candidate interval only. Not enabled for engine.
PNBN,,,,UNKNOWN,,UNKNOWN,0,False,,,UNKNOWN,UNKNOWN,UNKNOWN,False,False,STRICT: date >= pit_start AND date <= pit_end(if verified) AND date not inside explicit suspension interval,RESEARCH_PROXY: first observed price may define a LOW-confidence start only; never label it official listing,HIGH,LISTING_EVIDENCE_MISSING;DELISTING_STATUS_UNVERIFIED;FIRST_PRICE_IS_NOT_LISTING_DATE;PIT_MEMBERSHIP_NOT_FULLY_VERIFIED,Candidate interval only. Not enabled for engine.
PNBS,,,,UNKNOWN,,UNKNOWN,0,False,,,UNKNOWN,UNKNOWN,UNKNOWN,False,False,STRICT: date >= pit_start AND date <= pit_end(if verified) AND date not inside explicit suspension interval,RESEARCH_PROXY: first observed price may define a LOW-confidence start only; never label it official listing,HIGH,LISTING_EVIDENCE_MISSING;DELISTING_STATUS_UNVERIFIED;FIRST_PRICE_IS_NOT_LISTING_DATE;PIT_MEMBERSHIP_NOT_FULLY_VERIFIED,Candidate interval only. Not enabled for engine.
PNGO,,,,UNKNOWN,,UNKNOWN,0,False,,,UNKNOWN,UNKNOWN,UNKNOWN,False,False,STRICT: date >= pit_start AND date <= pit_end(if verified) AND date not inside explicit suspension interval,RESEARCH_PROXY: first observed price may define a LOW-confidence start only; never label it official listing,HIGH,LISTING_EVIDENCE_MISSING;DELISTING_STATUS_UNVERIFIED;FIRST_PRICE_IS_NOT_LISTING_DATE;PIT_MEMBERSHIP_NOT_FULLY_VERIFIED,Candidate interval only. Not enabled for engine.
PNIN,,,,UNKNOWN,,UNKNOWN,0,False,,,UNKNOWN,UNKNOWN,UNKNOWN,False,False,STRICT: date >= pit_start AND date <= pit_end(if verified) AND date not inside explicit suspension interval,RESEARCH_PROXY: first observed price may define a LOW-confidence start only; never label it official listing,HIGH,LISTING_EVIDENCE_MISSING;DELISTING_STATUS_UNVERIFIED;FIRST_PRICE_IS_NOT_LISTING_DATE;PIT_MEMBERSHIP_NOT_FULLY_VERIFIED,Candidate interval only. Not enabled for engine.
PNLF,,,,UNKNOWN,,UNKNOWN,0,False,,,UNKNOWN,UNKNOWN,UNKNOWN,False,False,STRICT: date >= pit_start AND date <= pit_end(if verified) AND date not inside explicit suspension interval,RESEARCH_PROXY: first observed price may define a LOW-confidence start only; never label it official listing,HIGH,LISTING_EVIDENCE_MISSING;DELISTING_STATUS_UNVERIFIED;FIRST_PRICE_IS_NOT_LISTING_DATE;PIT_MEMBERSHIP_NOT_FULLY_VERIFIED,Candidate interval only. Not enabled for engine.
PNSE,,,,UNKNOWN,,UNKNOWN,0,False,,,UNKNOWN,UNKNOWN,UNKNOWN,False,False,STRICT: date >= pit_start AND date <= pit_end(if verified) AND date not inside explicit suspension interval,RESEARCH_PROXY: first observed price may define a LOW-confidence start only; never label it official listing,HIGH,LISTING_EVIDENCE_MISSING;DELISTING_STATUS_UNVERIFIED;FIRST_PRICE_IS_NOT_LISTING_DATE;PIT_MEMBERSHIP_NOT_FULLY_VERIFIED,Candidate interval only. Not enabled for engine.
POLA,,,,UNKNOWN,,UNKNOWN,0,False,,,UNKNOWN,UNKNOWN,UNKNOWN,False,False,STRICT: date >= pit_start AND date <= pit_end(if verified) AND date not inside explicit suspension interval,RESEARCH_PROXY: first observed price may define a LOW-confidence start only; never label it official listing,HIGH,LISTING_EVIDENCE_MISSING;DELISTING_STATUS_UNVERIFIED;FIRST_PRICE_IS_NOT_LISTING_DATE;PIT_MEMBERSHIP_NOT_FULLY_VERIFIED,Candidate interval only. Not enabled for engine.
POLI,,,,UNKNOWN,,UNKNOWN,0,False,,,UNKNOWN,UNKNOWN,UNKNOWN,False,False,STRICT: date >= pit_start AND date <= pit_end(if verified) AND date not inside explicit suspension interval,RESEARCH_PROXY: first observed price may define a LOW-confidence start only; never label it official listing,HIGH,LISTING_EVIDENCE_MISSING;DELISTING_STATUS_UNVERIFIED;FIRST_PRICE_IS_NOT_LISTING_DATE;PIT_MEMBERSHIP_NOT_FULLY_VERIFIED,Candidate interval only. Not enabled for engine.
POLL,,,,UNKNOWN,,UNKNOWN,0,False,,,UNKNOWN,UNKNOWN,UNKNOWN,False,False,STRICT: date >= pit_start AND date <= pit_end(if verified) AND date not inside explicit suspension interval,RESEARCH_PROXY: first observed price may define a LOW-confidence start only; never label it official listing,HIGH,LISTING_EVIDENCE_MISSING;DELISTING_STATUS_UNVERIFIED;FIRST_PRICE_IS_NOT_LISTING_DATE;PIT_MEMBERSHIP_NOT_FULLY_VERIFIED,Candidate interval only. Not enabled for engine.
POLU,,,,UNKNOWN,,UNKNOWN,0,False,,,UNKNOWN,UNKNOWN,UNKNOWN,False,False,STRICT: date >= pit_start AND date <= pit_end(if verified) AND date not inside explicit suspension interval,RESEARCH_PROXY: first observed price may define a LOW-confidence start only; never label it official listing,HIGH,LISTING_EVIDENCE_MISSING;DELISTING_STATUS_UNVERIFIED;FIRST_PRICE_IS_NOT_LISTING_DATE;PIT_MEMBERSHIP_NOT_FULLY_VERIFIED,Candidate interval only. Not enabled for engine.
POLY,,,,UNKNOWN,,UNKNOWN,0,False,,,UNKNOWN,UNKNOWN,UNKNOWN,False,False,STRICT: date >= pit_start AND date <= pit_end(if verified) AND date not inside explicit suspension interval,RESEARCH_PROXY: first observed price may define a LOW-confidence start only; never label it official listing,HIGH,LISTING_EVIDENCE_MISSING;DELISTING_STATUS_UNVERIFIED;FIRST_PRICE_IS_NOT_LISTING_DATE;PIT_MEMBERSHIP_NOT_FULLY_VERIFIED,Candidate interval only. Not enabled for engine.
PORT,,,,UNKNOWN,,UNKNOWN,0,False,,,UNKNOWN,UNKNOWN,UNKNOWN,False,False,STRICT: date >= pit_start AND date <= pit_end(if verified) AND date not inside explicit suspension interval,RESEARCH_PROXY: first observed price may define a LOW-confidence start only; never label it official listing,HIGH,LISTING_EVIDENCE_MISSING;DELISTING_STATUS_UNVERIFIED;FIRST_PRICE_IS_NOT_LISTING_DATE;PIT_MEMBERSHIP_NOT_FULLY_VERIFIED,Candidate interval only. Not enabled for engine.
POWR,,,,UNKNOWN,,UNKNOWN,0,False,,,UNKNOWN,UNKNOWN,UNKNOWN,False,False,STRICT: date >= pit_start AND date <= pit_end(if verified) AND date not inside explicit suspension interval,RESEARCH_PROXY: first observed price may define a LOW-confidence start only; never label it official listing,HIGH,LISTING_EVIDENCE_MISSING;DELISTING_STATUS_UNVERIFIED;FIRST_PRICE_IS_NOT_LISTING_DATE;PIT_MEMBERSHIP_NOT_FULLY_VERIFIED,Candidate interval only. Not enabled for engine.
PPGL,,,,UNKNOWN,,UNKNOWN,0,False,,,UNKNOWN,UNKNOWN,UNKNOWN,False,False,STRICT: date >= pit_start AND date <= pit_end(if verified) AND date not inside explicit suspension interval,RESEARCH_PROXY: first observed price may define a LOW-confidence start only; never label it official listing,HIGH,LISTING_EVIDENCE_MISSING;DELISTING_STATUS_UNVERIFIED;FIRST_PRICE_IS_NOT_LISTING_DATE;PIT_MEMBERSHIP_NOT_FULLY_VERIFIED,Candidate interval only. Not enabled for engine.
PPRE,,,,UNKNOWN,,UNKNOWN,0,False,,,UNKNOWN,UNKNOWN,UNKNOWN,False,False,STRICT: date >= pit_start AND date <= pit_end(if verified) AND date not inside explicit suspension interval,RESEARCH_PROXY: first observed price may define a LOW-confidence start only; never label it official listing,HIGH,LISTING_EVIDENCE_MISSING;DELISTING_STATUS_UNVERIFIED;FIRST_PRICE_IS_NOT_LISTING_DATE;PIT_MEMBERSHIP_NOT_FULLY_VERIFIED,Candidate interval only. Not enabled for engine.
PPRI,,,,UNKNOWN,,UNKNOWN,0,False,,,UNKNOWN,UNKNOWN,UNKNOWN,False,False,STRICT: date >= pit_start AND date <= pit_end(if verified) AND date not inside explicit suspension interval,RESEARCH_PROXY: first observed price may define a LOW-confidence start only; never label it official listing,HIGH,LISTING_EVIDENCE_MISSING;DELISTING_STATUS_UNVERIFIED;FIRST_PRICE_IS_NOT_LISTING_DATE;PIT_MEMBERSHIP_NOT_FULLY_VERIFIED,Candidate interval only. Not enabled for engine.
PPRO,,,,UNKNOWN,,UNKNOWN,0,False,,,UNKNOWN,UNKNOWN,UNKNOWN,False,False,STRICT: date >= pit_start AND date <= pit_end(if verified) AND date not inside explicit suspension interval,RESEARCH_PROXY: first observed price may define a LOW-confidence start only; never label it official listing,HIGH,LISTING_EVIDENCE_MISSING;DELISTING_STATUS_UNVERIFIED;FIRST_PRICE_IS_NOT_LISTING_DATE;PIT_MEMBERSHIP_NOT_FULLY_VERIFIED,Candidate interval only. Not enabled for engine.
PRAY,,,,UNKNOWN,,UNKNOWN,0,False,,,UNKNOWN,UNKNOWN,UNKNOWN,False,False,STRICT: date >= pit_start AND date <= pit_end(if verified) AND date not inside explicit suspension interval,RESEARCH_PROXY: first observed price may define a LOW-confidence start only; never label it official listing,HIGH,LISTING_EVIDENCE_MISSING;DELISTING_STATUS_UNVERIFIED;FIRST_PRICE_IS_NOT_LISTING_DATE;PIT_MEMBERSHIP_NOT_FULLY_VERIFIED,Candidate interval only. Not enabled for engine.
PRDA,,,,UNKNOWN,,UNKNOWN,0,False,,,UNKNOWN,UNKNOWN,UNKNOWN,False,False,STRICT: date >= pit_start AND date <= pit_end(if verified) AND date not inside explicit suspension interval,RESEARCH_PROXY: first observed price may define a LOW-confidence start only; never label it official listing,HIGH,LISTING_EVIDENCE_MISSING;DELISTING_STATUS_UNVERIFIED;FIRST_PRICE_IS_NOT_LISTING_DATE;PIT_MEMBERSHIP_NOT_FULLY_VERIFIED,Candidate interval only. Not enabled for engine.
PRIM,,,,UNKNOWN,,UNKNOWN,0,False,,,UNKNOWN,UNKNOWN,UNKNOWN,False,False,STRICT: date >= pit_start AND date <= pit_end(if verified) AND date not inside explicit suspension interval,RESEARCH_PROXY: first observed price may define a LOW-confidence start only; never label it official listing,HIGH,LISTING_EVIDENCE_MISSING;DELISTING_STATUS_UNVERIFIED;FIRST_PRICE_IS_NOT_LISTING_DATE;PIT_MEMBERSHIP_NOT_FULLY_VERIFIED,Candidate interval only. Not enabled for engine.
PSAB,,,,UNKNOWN,,UNKNOWN,0,False,,,UNKNOWN,UNKNOWN,UNKNOWN,False,False,STRICT: date >= pit_start AND date <= pit_end(if verified) AND date not inside explicit suspension interval,RESEARCH_PROXY: first observed price may define a LOW-confidence start only; never label it official listing,HIGH,LISTING_EVIDENCE_MISSING;DELISTING_STATUS_UNVERIFIED;FIRST_PRICE_IS_NOT_LISTING_DATE;PIT_MEMBERSHIP_NOT_FULLY_VERIFIED,Candidate interval only. Not enabled for engine.
PSAT,,,,UNKNOWN,,UNKNOWN,0,False,,,UNKNOWN,UNKNOWN,UNKNOWN,False,False,STRICT: date >= pit_start AND date <= pit_end(if verified) AND date not inside explicit suspension interval,RESEARCH_PROXY: first observed price may define a LOW-confidence start only; never label it official listing,HIGH,LISTING_EVIDENCE_MISSING;DELISTING_STATUS_UNVERIFIED;FIRST_PRICE_IS_NOT_LISTING_DATE;PIT_MEMBERSHIP_NOT_FULLY_VERIFIED,Candidate interval only. Not enabled for engine.
PSDN,,,,UNKNOWN,,UNKNOWN,0,False,,,UNKNOWN,UNKNOWN,UNKNOWN,False,False,STRICT: date >= pit_start AND date <= pit_end(if verified) AND date not inside explicit suspension interval,RESEARCH_PROXY: first observed price may define a LOW-confidence start only; never label it official listing,HIGH,LISTING_EVIDENCE_MISSING;DELISTING_STATUS_UNVERIFIED;FIRST_PRICE_IS_NOT_LISTING_DATE;PIT_MEMBERSHIP_NOT_FULLY_VERIFIED,Candidate interval only. Not enabled for engine.
PSGO,,,,UNKNOWN,,UNKNOWN,0,False,,,UNKNOWN,UNKNOWN,UNKNOWN,False,False,STRICT: date >= pit_start AND date <= pit_end(if verified) AND date not inside explicit suspension interval,RESEARCH_PROXY: first observed price may define a LOW-confidence start only; never label it official listing,HIGH,LISTING_EVIDENCE_MISSING;DELISTING_STATUS_UNVERIFIED;FIRST_PRICE_IS_NOT_LISTING_DATE;PIT_MEMBERSHIP_NOT_FULLY_VERIFIED,Candidate interval only. Not enabled for engine.
PSKT,,,,UNKNOWN,,UNKNOWN,0,False,,,UNKNOWN,UNKNOWN,UNKNOWN,False,False,STRICT: date >= pit_start AND date <= pit_end(if verified) AND date not inside explicit suspension interval,RESEARCH_PROXY: first observed price may define a LOW-confidence start only; never label it official listing,HIGH,LISTING_EVIDENCE_MISSING;DELISTING_STATUS_UNVERIFIED;FIRST_PRICE_IS_NOT_LISTING_DATE;PIT_MEMBERSHIP_NOT_FULLY_VERIFIED,Candidate interval only. Not enabled for engine.
PSSI,,,,UNKNOWN,,UNKNOWN,0,False,,,UNKNOWN,UNKNOWN,UNKNOWN,False,False,STRICT: date >= pit_start AND date <= pit_end(if verified) AND date not inside explicit suspension interval,RESEARCH_PROXY: first observed price may define a LOW-confidence start only; never label it official listing,HIGH,LISTING_EVIDENCE_MISSING;DELISTING_STATUS_UNVERIFIED;FIRST_PRICE_IS_NOT_LISTING_DATE;PIT_MEMBERSHIP_NOT_FULLY_VERIFIED,Candidate interval only. Not enabled for engine.
PTBA,,,,UNKNOWN,,UNKNOWN,0,False,,,UNKNOWN,UNKNOWN,UNKNOWN,False,False,STRICT: date >= pit_start AND date <= pit_end(if verified) AND date not inside explicit suspension interval,RESEARCH_PROXY: first observed price may define a LOW-confidence start only; never label it official listing,HIGH,LISTING_EVIDENCE_MISSING;DELISTING_STATUS_UNVERIFIED;FIRST_PRICE_IS_NOT_LISTING_DATE;PIT_MEMBERSHIP_NOT_FULLY_VERIFIED,Candidate interval only. Not enabled for engine.
PTDU,,,,UNKNOWN,,UNKNOWN,0,False,,,UNKNOWN,UNKNOWN,UNKNOWN,False,False,STRICT: date >= pit_start AND date <= pit_end(if verified) AND date not inside explicit suspension interval,RESEARCH_PROXY: first observed price may define a LOW-confidence start only; never label it official listing,HIGH,LISTING_EVIDENCE_MISSING;DELISTING_STATUS_UNVERIFIED;FIRST_PRICE_IS_NOT_LISTING_DATE;PIT_MEMBERSHIP_NOT_FULLY_VERIFIED,Candidate interval only. Not enabled for engine.
PTIS,,,,UNKNOWN,,UNKNOWN,0,False,,,UNKNOWN,UNKNOWN,UNKNOWN,False,False,STRICT: date >= pit_start AND date <= pit_end(if verified) AND date not inside explicit suspension interval,RESEARCH_PROXY: first observed price may define a LOW-confidence start only; never label it official listing,HIGH,LISTING_EVIDENCE_MISSING;DELISTING_STATUS_UNVERIFIED;FIRST_PRICE_IS_NOT_LISTING_DATE;PIT_MEMBERSHIP_NOT_FULLY_VERIFIED,Candidate interval only. Not enabled for engine.
PTMP,,,,UNKNOWN,,UNKNOWN,0,False,,,UNKNOWN,UNKNOWN,UNKNOWN,False,False,STRICT: date >= pit_start AND date <= pit_end(if verified) AND date not inside explicit suspension interval,RESEARCH_PROXY: first observed price may define a LOW-confidence start only; never label it official listing,HIGH,LISTING_EVIDENCE_MISSING;DELISTING_STATUS_UNVERIFIED;FIRST_PRICE_IS_NOT_LISTING_DATE;PIT_MEMBERSHIP_NOT_FULLY_VERIFIED,Candidate interval only. Not enabled for engine.
PTMR,,,,UNKNOWN,,UNKNOWN,0,False,,,UNKNOWN,UNKNOWN,UNKNOWN,False,False,STRICT: date >= pit_start AND date <= pit_end(if verified) AND date not inside explicit suspension interval,RESEARCH_PROXY: first observed price may define a LOW-confidence start only; never label it official listing,HIGH,LISTING_EVIDENCE_MISSING;DELISTING_STATUS_UNVERIFIED;FIRST_PRICE_IS_NOT_LISTING_DATE;PIT_MEMBERSHIP_NOT_FULLY_VERIFIED,Candidate interval only. Not enabled for engine.
PTPP,,,,UNKNOWN,,UNKNOWN,0,False,,,UNKNOWN,UNKNOWN,UNKNOWN,False,False,STRICT: date >= pit_start AND date <= pit_end(if verified) AND date not inside explicit suspension interval,RESEARCH_PROXY: first observed price may define a LOW-confidence start only; never label it official listing,HIGH,LISTING_EVIDENCE_MISSING;DELISTING_STATUS_UNVERIFIED;FIRST_PRICE_IS_NOT_LISTING_DATE;PIT_MEMBERSHIP_NOT_FULLY_VERIFIED,Candidate interval only. Not enabled for engine.
PTPS,,,,UNKNOWN,,UNKNOWN,0,False,,,UNKNOWN,UNKNOWN,UNKNOWN,False,False,STRICT: date >= pit_start AND date <= pit_end(if verified) AND date not inside explicit suspension interval,RESEARCH_PROXY: first observed price may define a LOW-confidence start only; never label it official listing,HIGH,LISTING_EVIDENCE_MISSING;DELISTING_STATUS_UNVERIFIED;FIRST_PRICE_IS_NOT_LISTING_DATE;PIT_MEMBERSHIP_NOT_FULLY_VERIFIED,Candidate interval only. Not enabled for engine.
PTPW,,,,UNKNOWN,,UNKNOWN,0,False,,,UNKNOWN,UNKNOWN,UNKNOWN,False,False,STRICT: date >= pit_start AND date <= pit_end(if verified) AND date not inside explicit suspension interval,RESEARCH_PROXY: first observed price may define a LOW-confidence start only; never label it official listing,HIGH,LISTING_EVIDENCE_MISSING;DELISTING_STATUS_UNVERIFIED;FIRST_PRICE_IS_NOT_LISTING_DATE;PIT_MEMBERSHIP_NOT_FULLY_VERIFIED,Candidate interval only. Not enabled for engine.
PTRO,,,,UNKNOWN,,UNKNOWN,0,False,,,UNKNOWN,UNKNOWN,UNKNOWN,False,False,STRICT: date >= pit_start AND date <= pit_end(if verified) AND date not inside explicit suspension interval,RESEARCH_PROXY: first observed price may define a LOW-confidence start only; never label it official listing,HIGH,LISTING_EVIDENCE_MISSING;DELISTING_STATUS_UNVERIFIED;FIRST_PRICE_IS_NOT_LISTING_DATE;PIT_MEMBERSHIP_NOT_FULLY_VERIFIED,Candidate interval only. Not enabled for engine.
PTSN,,,,UNKNOWN,,UNKNOWN,0,False,,,UNKNOWN,UNKNOWN,UNKNOWN,False,False,STRICT: date >= pit_start AND date <= pit_end(if verified) AND date not inside explicit suspension interval,RESEARCH_PROXY: first observed price may define a LOW-confidence start only; never label it official listing,HIGH,LISTING_EVIDENCE_MISSING;DELISTING_STATUS_UNVERIFIED;FIRST_PRICE_IS_NOT_LISTING_DATE;PIT_MEMBERSHIP_NOT_FULLY_VERIFIED,Candidate interval only. Not enabled for engine.
PTSP,,,,UNKNOWN,,UNKNOWN,0,False,,,UNKNOWN,UNKNOWN,UNKNOWN,False,False,STRICT: date >= pit_start AND date <= pit_end(if verified) AND date not inside explicit suspension interval,RESEARCH_PROXY: first observed price may define a LOW-confidence start only; never label it official listing,HIGH,LISTING_EVIDENCE_MISSING;DELISTING_STATUS_UNVERIFIED;FIRST_PRICE_IS_NOT_LISTING_DATE;PIT_MEMBERSHIP_NOT_FULLY_VERIFIED,Candidate interval only. Not enabled for engine.
PUDP,,,,UNKNOWN,,UNKNOWN,0,False,,,UNKNOWN,UNKNOWN,UNKNOWN,False,False,STRICT: date >= pit_start AND date <= pit_end(if verified) AND date not inside explicit suspension interval,RESEARCH_PROXY: first observed price may define a LOW-confidence start only; never label it official listing,HIGH,LISTING_EVIDENCE_MISSING;DELISTING_STATUS_UNVERIFIED;FIRST_PRICE_IS_NOT_LISTING_DATE;PIT_MEMBERSHIP_NOT_FULLY_VERIFIED,Candidate interval only. Not enabled for engine.
PURA,,,,UNKNOWN,,UNKNOWN,0,False,,,UNKNOWN,UNKNOWN,UNKNOWN,False,False,STRICT: date >= pit_start AND date <= pit_end(if verified) AND date not inside explicit suspension interval,RESEARCH_PROXY: first observed price may define a LOW-confidence start only; never label it official listing,HIGH,LISTING_EVIDENCE_MISSING;DELISTING_STATUS_UNVERIFIED;FIRST_PRICE_IS_NOT_LISTING_DATE;PIT_MEMBERSHIP_NOT_FULLY_VERIFIED,Candidate interval only. Not enabled for engine.
PURI,,,,UNKNOWN,,UNKNOWN,0,False,,,UNKNOWN,UNKNOWN,UNKNOWN,False,False,STRICT: date >= pit_start AND date <= pit_end(if verified) AND date not inside explicit suspension interval,RESEARCH_PROXY: first observed price may define a LOW-confidence start only; never label it official listing,HIGH,LISTING_EVIDENCE_MISSING;DELISTING_STATUS_UNVERIFIED;FIRST_PRICE_IS_NOT_LISTING_DATE;PIT_MEMBERSHIP_NOT_FULLY_VERIFIED,Candidate interval only. Not enabled for engine.
PWON,,,,UNKNOWN,,UNKNOWN,0,False,,,UNKNOWN,UNKNOWN,UNKNOWN,False,False,STRICT: date >= pit_start AND date <= pit_end(if verified) AND date not inside explicit suspension interval,RESEARCH_PROXY: first observed price may define a LOW-confidence start only; never label it official listing,HIGH,LISTING_EVIDENCE_MISSING;DELISTING_STATUS_UNVERIFIED;FIRST_PRICE_IS_NOT_LISTING_DATE;PIT_MEMBERSHIP_NOT_FULLY_VERIFIED,Candidate interval only. Not enabled for engine.
PYFA,,,,UNKNOWN,,UNKNOWN,0,False,,,UNKNOWN,UNKNOWN,UNKNOWN,False,False,STRICT: date >= pit_start AND date <= pit_end(if verified) AND date not inside explicit suspension interval,RESEARCH_PROXY: first observed price may define a LOW-confidence start only; never label it official listing,HIGH,LISTING_EVIDENCE_MISSING;DELISTING_STATUS_UNVERIFIED;FIRST_PRICE_IS_NOT_LISTING_DATE;PIT_MEMBERSHIP_NOT_FULLY_VERIFIED,Candidate interval only. Not enabled for engine.
PZZA,,,,UNKNOWN,,UNKNOWN,0,False,,,UNKNOWN,UNKNOWN,UNKNOWN,False,False,STRICT: date >= pit_start AND date <= pit_end(if verified) AND date not inside explicit suspension interval,RESEARCH_PROXY: first observed price may define a LOW-confidence start only; never label it official listing,HIGH,LISTING_EVIDENCE_MISSING;DELISTING_STATUS_UNVERIFIED;FIRST_PRICE_IS_NOT_LISTING_DATE;PIT_MEMBERSHIP_NOT_FULLY_VERIFIED,Candidate interval only. Not enabled for engine.
RAAM,,,,UNKNOWN,,UNKNOWN,0,False,,,UNKNOWN,UNKNOWN,UNKNOWN,False,False,STRICT: date >= pit_start AND date <= pit_end(if verified) AND date not inside explicit suspension interval,RESEARCH_PROXY: first observed price may define a LOW-confidence start only; never label it official listing,HIGH,LISTING_EVIDENCE_MISSING;DELISTING_STATUS_UNVERIFIED;FIRST_PRICE_IS_NOT_LISTING_DATE;PIT_MEMBERSHIP_NOT_FULLY_VERIFIED,Candidate interval only. Not enabled for engine.
RAFI,,,,UNKNOWN,,UNKNOWN,0,False,,,UNKNOWN,UNKNOWN,UNKNOWN,False,False,STRICT: date >= pit_start AND date <= pit_end(if verified) AND date not inside explicit suspension interval,RESEARCH_PROXY: first observed price may define a LOW-confidence start only; never label it official listing,HIGH,LISTING_EVIDENCE_MISSING;DELISTING_STATUS_UNVERIFIED;FIRST_PRICE_IS_NOT_LISTING_DATE;PIT_MEMBERSHIP_NOT_FULLY_VERIFIED,Candidate interval only. Not enabled for engine.
RAJA,,,,UNKNOWN,,UNKNOWN,0,False,,,UNKNOWN,UNKNOWN,UNKNOWN,False,False,STRICT: date >= pit_start AND date <= pit_end(if verified) AND date not inside explicit suspension interval,RESEARCH_PROXY: first observed price may define a LOW-confidence start only; never label it official listing,HIGH,LISTING_EVIDENCE_MISSING;DELISTING_STATUS_UNVERIFIED;FIRST_PRICE_IS_NOT_LISTING_DATE;PIT_MEMBERSHIP_NOT_FULLY_VERIFIED,Candidate interval only. Not enabled for engine.
RALS,,,,UNKNOWN,,UNKNOWN,0,False,,,UNKNOWN,UNKNOWN,UNKNOWN,False,False,STRICT: date >= pit_start AND date <= pit_end(if verified) AND date not inside explicit suspension interval,RESEARCH_PROXY: first observed price may define a LOW-confidence start only; never label it official listing,HIGH,LISTING_EVIDENCE_MISSING;DELISTING_STATUS_UNVERIFIED;FIRST_PRICE_IS_NOT_LISTING_DATE;PIT_MEMBERSHIP_NOT_FULLY_VERIFIED,Candidate interval only. Not enabled for engine.
RANC,,,,UNKNOWN,,UNKNOWN,0,False,,,UNKNOWN,UNKNOWN,UNKNOWN,False,False,STRICT: date >= pit_start AND date <= pit_end(if verified) AND date not inside explicit suspension interval,RESEARCH_PROXY: first observed price may define a LOW-confidence start only; never label it official listing,HIGH,LISTING_EVIDENCE_MISSING;DELISTING_STATUS_UNVERIFIED;FIRST_PRICE_IS_NOT_LISTING_DATE;PIT_MEMBERSHIP_NOT_FULLY_VERIFIED,Candidate interval only. Not enabled for engine.
RATU,,,,UNKNOWN,,UNKNOWN,0,False,,,UNKNOWN,UNKNOWN,UNKNOWN,False,False,STRICT: date >= pit_start AND date <= pit_end(if verified) AND date not inside explicit suspension interval,RESEARCH_PROXY: first observed price may define a LOW-confidence start only; never label it official listing,HIGH,LISTING_EVIDENCE_MISSING;DELISTING_STATUS_UNVERIFIED;FIRST_PRICE_IS_NOT_LISTING_DATE;PIT_MEMBERSHIP_NOT_FULLY_VERIFIED,Candidate interval only. Not enabled for engine.
RBMS,,,,UNKNOWN,,UNKNOWN,0,False,,,UNKNOWN,UNKNOWN,UNKNOWN,False,False,STRICT: date >= pit_start AND date <= pit_end(if verified) AND date not inside explicit suspension interval,RESEARCH_PROXY: first observed price may define a LOW-confidence start only; never label it official listing,HIGH,LISTING_EVIDENCE_MISSING;DELISTING_STATUS_UNVERIFIED;FIRST_PRICE_IS_NOT_LISTING_DATE;PIT_MEMBERSHIP_NOT_FULLY_VERIFIED,Candidate interval only. Not enabled for engine.
RCCC,,,,UNKNOWN,,UNKNOWN,0,False,,,UNKNOWN,UNKNOWN,UNKNOWN,False,False,STRICT: date >= pit_start AND date <= pit_end(if verified) AND date not inside explicit suspension interval,RESEARCH_PROXY: first observed price may define a LOW-confidence start only; never label it official listing,HIGH,LISTING_EVIDENCE_MISSING;DELISTING_STATUS_UNVERIFIED;FIRST_PRICE_IS_NOT_LISTING_DATE;PIT_MEMBERSHIP_NOT_FULLY_VERIFIED,Candidate interval only. Not enabled for engine.
RDTX,,,,UNKNOWN,,UNKNOWN,0,False,,,UNKNOWN,UNKNOWN,UNKNOWN,False,False,STRICT: date >= pit_start AND date <= pit_end(if verified) AND date not inside explicit suspension interval,RESEARCH_PROXY: first observed price may define a LOW-confidence start only; never label it official listing,HIGH,LISTING_EVIDENCE_MISSING;DELISTING_STATUS_UNVERIFIED;FIRST_PRICE_IS_NOT_LISTING_DATE;PIT_MEMBERSHIP_NOT_FULLY_VERIFIED,Candidate interval only. Not enabled for engine.
REAL,,,,UNKNOWN,,UNKNOWN,0,False,,,UNKNOWN,UNKNOWN,UNKNOWN,False,False,STRICT: date >= pit_start AND date <= pit_end(if verified) AND date not inside explicit suspension interval,RESEARCH_PROXY: first observed price may define a LOW-confidence start only; never label it official listing,HIGH,LISTING_EVIDENCE_MISSING;DELISTING_STATUS_UNVERIFIED;FIRST_PRICE_IS_NOT_LISTING_DATE;PIT_MEMBERSHIP_NOT_FULLY_VERIFIED,Candidate interval only. Not enabled for engine.
RELF,,,,UNKNOWN,,UNKNOWN,0,False,,,UNKNOWN,UNKNOWN,UNKNOWN,False,False,STRICT: date >= pit_start AND date <= pit_end(if verified) AND date not inside explicit suspension interval,RESEARCH_PROXY: first observed price may define a LOW-confidence start only; never label it official listing,HIGH,LISTING_EVIDENCE_MISSING;DELISTING_STATUS_UNVERIFIED;FIRST_PRICE_IS_NOT_LISTING_DATE;PIT_MEMBERSHIP_NOT_FULLY_VERIFIED,Candidate interval only. Not enabled for engine.
RELI,,,,UNKNOWN,,UNKNOWN,0,False,,,UNKNOWN,UNKNOWN,UNKNOWN,False,False,STRICT: date >= pit_start AND date <= pit_end(if verified) AND date not inside explicit suspension interval,RESEARCH_PROXY: first observed price may define a LOW-confidence start only; never label it official listing,HIGH,LISTING_EVIDENCE_MISSING;DELISTING_STATUS_UNVERIFIED;FIRST_PRICE_IS_NOT_LISTING_DATE;PIT_MEMBERSHIP_NOT_FULLY_VERIFIED,Candidate interval only. Not enabled for engine.
RGAS,,,,UNKNOWN,,UNKNOWN,0,False,,,UNKNOWN,UNKNOWN,UNKNOWN,False,False,STRICT: date >= pit_start AND date <= pit_end(if verified) AND date not inside explicit suspension interval,RESEARCH_PROXY: first observed price may define a LOW-confidence start only; never label it official listing,HIGH,LISTING_EVIDENCE_MISSING;DELISTING_STATUS_UNVERIFIED;FIRST_PRICE_IS_NOT_LISTING_DATE;PIT_MEMBERSHIP_NOT_FULLY_VERIFIED,Candidate interval only. Not enabled for engine.
RICY,,,,UNKNOWN,,UNKNOWN,0,False,,,UNKNOWN,UNKNOWN,UNKNOWN,False,False,STRICT: date >= pit_start AND date <= pit_end(if verified) AND date not inside explicit suspension interval,RESEARCH_PROXY: first observed price may define a LOW-confidence start only; never label it official listing,HIGH,LISTING_EVIDENCE_MISSING;DELISTING_STATUS_UNVERIFIED;FIRST_PRICE_IS_NOT_LISTING_DATE;PIT_MEMBERSHIP_NOT_FULLY_VERIFIED,Candidate interval only. Not enabled for engine.
RIGS,,,,UNKNOWN,,UNKNOWN,0,False,,,UNKNOWN,UNKNOWN,UNKNOWN,False,False,STRICT: date >= pit_start AND date <= pit_end(if verified) AND date not inside explicit suspension interval,RESEARCH_PROXY: first observed price may define a LOW-confidence start only; never label it official listing,HIGH,LISTING_EVIDENCE_MISSING;DELISTING_STATUS_UNVERIFIED;FIRST_PRICE_IS_NOT_LISTING_DATE;PIT_MEMBERSHIP_NOT_FULLY_VERIFIED,Candidate interval only. Not enabled for engine.
RISE,,,,UNKNOWN,,UNKNOWN,0,False,,,UNKNOWN,UNKNOWN,UNKNOWN,False,False,STRICT: date >= pit_start AND date <= pit_end(if verified) AND date not inside explicit suspension interval,RESEARCH_PROXY: first observed price may define a LOW-confidence start only; never label it official listing,HIGH,LISTING_EVIDENCE_MISSING;DELISTING_STATUS_UNVERIFIED;FIRST_PRICE_IS_NOT_LISTING_DATE;PIT_MEMBERSHIP_NOT_FULLY_VERIFIED,Candidate interval only. Not enabled for engine.
RLCO,,,,UNKNOWN,,UNKNOWN,0,False,,,UNKNOWN,UNKNOWN,UNKNOWN,False,False,STRICT: date >= pit_start AND date <= pit_end(if verified) AND date not inside explicit suspension interval,RESEARCH_PROXY: first observed price may define a LOW-confidence start only; never label it official listing,HIGH,LISTING_EVIDENCE_MISSING;DELISTING_STATUS_UNVERIFIED;FIRST_PRICE_IS_NOT_LISTING_DATE;PIT_MEMBERSHIP_NOT_FULLY_VERIFIED,Candidate interval only. Not enabled for engine.
RMKE,,,,UNKNOWN,,UNKNOWN,0,False,,,UNKNOWN,UNKNOWN,UNKNOWN,False,False,STRICT: date >= pit_start AND date <= pit_end(if verified) AND date not inside explicit suspension interval,RESEARCH_PROXY: first observed price may define a LOW-confidence start only; never label it official listing,HIGH,LISTING_EVIDENCE_MISSING;DELISTING_STATUS_UNVERIFIED;FIRST_PRICE_IS_NOT_LISTING_DATE;PIT_MEMBERSHIP_NOT_FULLY_VERIFIED,Candidate interval only. Not enabled for engine.
RMKO,,,,UNKNOWN,,UNKNOWN,0,False,,,UNKNOWN,UNKNOWN,UNKNOWN,False,False,STRICT: date >= pit_start AND date <= pit_end(if verified) AND date not inside explicit suspension interval,RESEARCH_PROXY: first observed price may define a LOW-confidence start only; never label it official listing,HIGH,LISTING_EVIDENCE_MISSING;DELISTING_STATUS_UNVERIFIED;FIRST_PRICE_IS_NOT_LISTING_DATE;PIT_MEMBERSHIP_NOT_FULLY_VERIFIED,Candidate interval only. Not enabled for engine.
ROCK,,,,UNKNOWN,,UNKNOWN,0,False,,,UNKNOWN,UNKNOWN,UNKNOWN,False,False,STRICT: date >= pit_start AND date <= pit_end(if verified) AND date not inside explicit suspension interval,RESEARCH_PROXY: first observed price may define a LOW-confidence start only; never label it official listing,HIGH,LISTING_EVIDENCE_MISSING;DELISTING_STATUS_UNVERIFIED;FIRST_PRICE_IS_NOT_LISTING_DATE;PIT_MEMBERSHIP_NOT_FULLY_VERIFIED,Candidate interval only. Not enabled for engine.
RODA,,,,UNKNOWN,,UNKNOWN,0,False,,,UNKNOWN,UNKNOWN,UNKNOWN,False,False,STRICT: date >= pit_start AND date <= pit_end(if verified) AND date not inside explicit suspension interval,RESEARCH_PROXY: first observed price may define a LOW-confidence start only; never label it official listing,HIGH,LISTING_EVIDENCE_MISSING;DELISTING_STATUS_UNVERIFIED;FIRST_PRICE_IS_NOT_LISTING_DATE;PIT_MEMBERSHIP_NOT_FULLY_VERIFIED,Candidate interval only. Not enabled for engine.
RONY,,,,UNKNOWN,,UNKNOWN,0,False,,,UNKNOWN,UNKNOWN,UNKNOWN,False,False,STRICT: date >= pit_start AND date <= pit_end(if verified) AND date not inside explicit suspension interval,RESEARCH_PROXY: first observed price may define a LOW-confidence start only; never label it official listing,HIGH,LISTING_EVIDENCE_MISSING;DELISTING_STATUS_UNVERIFIED;FIRST_PRICE_IS_NOT_LISTING_DATE;PIT_MEMBERSHIP_NOT_FULLY_VERIFIED,Candidate interval only. Not enabled for engine.
ROTI,,,,UNKNOWN,,UNKNOWN,0,False,,,UNKNOWN,UNKNOWN,UNKNOWN,False,False,STRICT: date >= pit_start AND date <= pit_end(if verified) AND date not inside explicit suspension interval,RESEARCH_PROXY: first observed price may define a LOW-confidence start only; never label it official listing,HIGH,LISTING_EVIDENCE_MISSING;DELISTING_STATUS_UNVERIFIED;FIRST_PRICE_IS_NOT_LISTING_DATE;PIT_MEMBERSHIP_NOT_FULLY_VERIFIED,Candidate interval only. Not enabled for engine.
RSCH,,,,UNKNOWN,,UNKNOWN,0,False,,,UNKNOWN,UNKNOWN,UNKNOWN,False,False,STRICT: date >= pit_start AND date <= pit_end(if verified) AND date not inside explicit suspension interval,RESEARCH_PROXY: first observed price may define a LOW-confidence start only; never label it official listing,HIGH,LISTING_EVIDENCE_MISSING;DELISTING_STATUS_UNVERIFIED;FIRST_PRICE_IS_NOT_LISTING_DATE;PIT_MEMBERSHIP_NOT_FULLY_VERIFIED,Candidate interval only. Not enabled for engine.
RSGK,,,,UNKNOWN,,UNKNOWN,0,False,,,UNKNOWN,UNKNOWN,UNKNOWN,False,False,STRICT: date >= pit_start AND date <= pit_end(if verified) AND date not inside explicit suspension interval,RESEARCH_PROXY: first observed price may define a LOW-confidence start only; never label it official listing,HIGH,LISTING_EVIDENCE_MISSING;DELISTING_STATUS_UNVERIFIED;FIRST_PRICE_IS_NOT_LISTING_DATE;PIT_MEMBERSHIP_NOT_FULLY_VERIFIED,Candidate interval only. Not enabled for engine.
RUIS,,,,UNKNOWN,,UNKNOWN,0,False,,,UNKNOWN,UNKNOWN,UNKNOWN,False,False,STRICT: date >= pit_start AND date <= pit_end(if verified) AND date not inside explicit suspension interval,RESEARCH_PROXY: first observed price may define a LOW-confidence start only; never label it official listing,HIGH,LISTING_EVIDENCE_MISSING;DELISTING_STATUS_UNVERIFIED;FIRST_PRICE_IS_NOT_LISTING_DATE;PIT_MEMBERSHIP_NOT_FULLY_VERIFIED,Candidate interval only. Not enabled for engine.
RUNS,,,,UNKNOWN,,UNKNOWN,0,False,,,UNKNOWN,UNKNOWN,UNKNOWN,False,False,STRICT: date >= pit_start AND date <= pit_end(if verified) AND date not inside explicit suspension interval,RESEARCH_PROXY: first observed price may define a LOW-confidence start only; never label it official listing,HIGH,LISTING_EVIDENCE_MISSING;DELISTING_STATUS_UNVERIFIED;FIRST_PRICE_IS_NOT_LISTING_DATE;PIT_MEMBERSHIP_NOT_FULLY_VERIFIED,Candidate interval only. Not enabled for engine.
SAFE,,,,UNKNOWN,,UNKNOWN,0,False,,,UNKNOWN,UNKNOWN,UNKNOWN,False,False,STRICT: date >= pit_start AND date <= pit_end(if verified) AND date not inside explicit suspension interval,RESEARCH_PROXY: first observed price may define a LOW-confidence start only; never label it official listing,HIGH,LISTING_EVIDENCE_MISSING;DELISTING_STATUS_UNVERIFIED;FIRST_PRICE_IS_NOT_LISTING_DATE;PIT_MEMBERSHIP_NOT_FULLY_VERIFIED,Candidate interval only. Not enabled for engine.
SAGE,,,,UNKNOWN,,UNKNOWN,0,False,,,UNKNOWN,UNKNOWN,UNKNOWN,False,False,STRICT: date >= pit_start AND date <= pit_end(if verified) AND date not inside explicit suspension interval,RESEARCH_PROXY: first observed price may define a LOW-confidence start only; never label it official listing,HIGH,LISTING_EVIDENCE_MISSING;DELISTING_STATUS_UNVERIFIED;FIRST_PRICE_IS_NOT_LISTING_DATE;PIT_MEMBERSHIP_NOT_FULLY_VERIFIED,Candidate interval only. Not enabled for engine.
SAME,,,,UNKNOWN,,UNKNOWN,0,False,,,UNKNOWN,UNKNOWN,UNKNOWN,False,False,STRICT: date >= pit_start AND date <= pit_end(if verified) AND date not inside explicit suspension interval,RESEARCH_PROXY: first observed price may define a LOW-confidence start only; never label it official listing,HIGH,LISTING_EVIDENCE_MISSING;DELISTING_STATUS_UNVERIFIED;FIRST_PRICE_IS_NOT_LISTING_DATE;PIT_MEMBERSHIP_NOT_FULLY_VERIFIED,Candidate interval only. Not enabled for engine.
SAMF,,,,UNKNOWN,,UNKNOWN,0,False,,,UNKNOWN,UNKNOWN,UNKNOWN,False,False,STRICT: date >= pit_start AND date <= pit_end(if verified) AND date not inside explicit suspension interval,RESEARCH_PROXY: first observed price may define a LOW-confidence start only; never label it official listing,HIGH,LISTING_EVIDENCE_MISSING;DELISTING_STATUS_UNVERIFIED;FIRST_PRICE_IS_NOT_LISTING_DATE;PIT_MEMBERSHIP_NOT_FULLY_VERIFIED,Candidate interval only. Not enabled for engine.
SAPX,,,,UNKNOWN,,UNKNOWN,0,False,,,UNKNOWN,UNKNOWN,UNKNOWN,False,False,STRICT: date >= pit_start AND date <= pit_end(if verified) AND date not inside explicit suspension interval,RESEARCH_PROXY: first observed price may define a LOW-confidence start only; never label it official listing,HIGH,LISTING_EVIDENCE_MISSING;DELISTING_STATUS_UNVERIFIED;FIRST_PRICE_IS_NOT_LISTING_DATE;PIT_MEMBERSHIP_NOT_FULLY_VERIFIED,Candidate interval only. Not enabled for engine.
SATU,,,,UNKNOWN,,UNKNOWN,0,False,,,UNKNOWN,UNKNOWN,UNKNOWN,False,False,STRICT: date >= pit_start AND date <= pit_end(if verified) AND date not inside explicit suspension interval,RESEARCH_PROXY: first observed price may define a LOW-confidence start only; never label it official listing,HIGH,LISTING_EVIDENCE_MISSING;DELISTING_STATUS_UNVERIFIED;FIRST_PRICE_IS_NOT_LISTING_DATE;PIT_MEMBERSHIP_NOT_FULLY_VERIFIED,Candidate interval only. Not enabled for engine.
SBAT,,,,UNKNOWN,,UNKNOWN,0,False,,,UNKNOWN,UNKNOWN,UNKNOWN,False,False,STRICT: date >= pit_start AND date <= pit_end(if verified) AND date not inside explicit suspension interval,RESEARCH_PROXY: first observed price may define a LOW-confidence start only; never label it official listing,HIGH,LISTING_EVIDENCE_MISSING;DELISTING_STATUS_UNVERIFIED;FIRST_PRICE_IS_NOT_LISTING_DATE;PIT_MEMBERSHIP_NOT_FULLY_VERIFIED,Candidate interval only. Not enabled for engine.
SBMA,,,,UNKNOWN,,UNKNOWN,0,False,,,UNKNOWN,UNKNOWN,UNKNOWN,False,False,STRICT: date >= pit_start AND date <= pit_end(if verified) AND date not inside explicit suspension interval,RESEARCH_PROXY: first observed price may define a LOW-confidence start only; never label it official listing,HIGH,LISTING_EVIDENCE_MISSING;DELISTING_STATUS_UNVERIFIED;FIRST_PRICE_IS_NOT_LISTING_DATE;PIT_MEMBERSHIP_NOT_FULLY_VERIFIED,Candidate interval only. Not enabled for engine.
SCCO,,,,UNKNOWN,,UNKNOWN,0,False,,,UNKNOWN,UNKNOWN,UNKNOWN,False,False,STRICT: date >= pit_start AND date <= pit_end(if verified) AND date not inside explicit suspension interval,RESEARCH_PROXY: first observed price may define a LOW-confidence start only; never label it official listing,HIGH,LISTING_EVIDENCE_MISSING;DELISTING_STATUS_UNVERIFIED;FIRST_PRICE_IS_NOT_LISTING_DATE;PIT_MEMBERSHIP_NOT_FULLY_VERIFIED,Candidate interval only. Not enabled for engine.
SCMA,,,,UNKNOWN,,UNKNOWN,0,False,,,UNKNOWN,UNKNOWN,UNKNOWN,False,False,STRICT: date >= pit_start AND date <= pit_end(if verified) AND date not inside explicit suspension interval,RESEARCH_PROXY: first observed price may define a LOW-confidence start only; never label it official listing,HIGH,LISTING_EVIDENCE_MISSING;DELISTING_STATUS_UNVERIFIED;FIRST_PRICE_IS_NOT_LISTING_DATE;PIT_MEMBERSHIP_NOT_FULLY_VERIFIED,Candidate interval only. Not enabled for engine.
SCNP,,,,UNKNOWN,,UNKNOWN,0,False,,,UNKNOWN,UNKNOWN,UNKNOWN,False,False,STRICT: date >= pit_start AND date <= pit_end(if verified) AND date not inside explicit suspension interval,RESEARCH_PROXY: first observed price may define a LOW-confidence start only; never label it official listing,HIGH,LISTING_EVIDENCE_MISSING;DELISTING_STATUS_UNVERIFIED;FIRST_PRICE_IS_NOT_LISTING_DATE;PIT_MEMBERSHIP_NOT_FULLY_VERIFIED,Candidate interval only. Not enabled for engine.
SDMU,,,,UNKNOWN,,UNKNOWN,0,False,,,UNKNOWN,UNKNOWN,UNKNOWN,False,False,STRICT: date >= pit_start AND date <= pit_end(if verified) AND date not inside explicit suspension interval,RESEARCH_PROXY: first observed price may define a LOW-confidence start only; never label it official listing,HIGH,LISTING_EVIDENCE_MISSING;DELISTING_STATUS_UNVERIFIED;FIRST_PRICE_IS_NOT_LISTING_DATE;PIT_MEMBERSHIP_NOT_FULLY_VERIFIED,Candidate interval only. Not enabled for engine.
SDPC,,,,UNKNOWN,,UNKNOWN,0,False,,,UNKNOWN,UNKNOWN,UNKNOWN,False,False,STRICT: date >= pit_start AND date <= pit_end(if verified) AND date not inside explicit suspension interval,RESEARCH_PROXY: first observed price may define a LOW-confidence start only; never label it official listing,HIGH,LISTING_EVIDENCE_MISSING;DELISTING_STATUS_UNVERIFIED;FIRST_PRICE_IS_NOT_LISTING_DATE;PIT_MEMBERSHIP_NOT_FULLY_VERIFIED,Candidate interval only. Not enabled for engine.
SDRA,,,,UNKNOWN,,UNKNOWN,0,False,,,UNKNOWN,UNKNOWN,UNKNOWN,False,False,STRICT: date >= pit_start AND date <= pit_end(if verified) AND date not inside explicit suspension interval,RESEARCH_PROXY: first observed price may define a LOW-confidence start only; never label it official listing,HIGH,LISTING_EVIDENCE_MISSING;DELISTING_STATUS_UNVERIFIED;FIRST_PRICE_IS_NOT_LISTING_DATE;PIT_MEMBERSHIP_NOT_FULLY_VERIFIED,Candidate interval only. Not enabled for engine.
SEMA,,,,UNKNOWN,,UNKNOWN,0,False,,,UNKNOWN,UNKNOWN,UNKNOWN,False,False,STRICT: date >= pit_start AND date <= pit_end(if verified) AND date not inside explicit suspension interval,RESEARCH_PROXY: first observed price may define a LOW-confidence start only; never label it official listing,HIGH,LISTING_EVIDENCE_MISSING;DELISTING_STATUS_UNVERIFIED;FIRST_PRICE_IS_NOT_LISTING_DATE;PIT_MEMBERSHIP_NOT_FULLY_VERIFIED,Candidate interval only. Not enabled for engine.
SFAN,,,,UNKNOWN,,UNKNOWN,0,False,,,UNKNOWN,UNKNOWN,UNKNOWN,False,False,STRICT: date >= pit_start AND date <= pit_end(if verified) AND date not inside explicit suspension interval,RESEARCH_PROXY: first observed price may define a LOW-confidence start only; never label it official listing,HIGH,LISTING_EVIDENCE_MISSING;DELISTING_STATUS_UNVERIFIED;FIRST_PRICE_IS_NOT_LISTING_DATE;PIT_MEMBERSHIP_NOT_FULLY_VERIFIED,Candidate interval only. Not enabled for engine.
SGER,,,,UNKNOWN,,UNKNOWN,0,False,,,UNKNOWN,UNKNOWN,UNKNOWN,False,False,STRICT: date >= pit_start AND date <= pit_end(if verified) AND date not inside explicit suspension interval,RESEARCH_PROXY: first observed price may define a LOW-confidence start only; never label it official listing,HIGH,LISTING_EVIDENCE_MISSING;DELISTING_STATUS_UNVERIFIED;FIRST_PRICE_IS_NOT_LISTING_DATE;PIT_MEMBERSHIP_NOT_FULLY_VERIFIED,Candidate interval only. Not enabled for engine.
SGRO,,,,UNKNOWN,,UNKNOWN,0,False,,,UNKNOWN,UNKNOWN,UNKNOWN,False,False,STRICT: date >= pit_start AND date <= pit_end(if verified) AND date not inside explicit suspension interval,RESEARCH_PROXY: first observed price may define a LOW-confidence start only; never label it official listing,HIGH,LISTING_EVIDENCE_MISSING;DELISTING_STATUS_UNVERIFIED;FIRST_PRICE_IS_NOT_LISTING_DATE;PIT_MEMBERSHIP_NOT_FULLY_VERIFIED,Candidate interval only. Not enabled for engine.
SHID,,,,UNKNOWN,,UNKNOWN,0,False,,,UNKNOWN,UNKNOWN,UNKNOWN,False,False,STRICT: date >= pit_start AND date <= pit_end(if verified) AND date not inside explicit suspension interval,RESEARCH_PROXY: first observed price may define a LOW-confidence start only; never label it official listing,HIGH,LISTING_EVIDENCE_MISSING;DELISTING_STATUS_UNVERIFIED;FIRST_PRICE_IS_NOT_LISTING_DATE;PIT_MEMBERSHIP_NOT_FULLY_VERIFIED,Candidate interval only. Not enabled for engine.
SHIP,,,,UNKNOWN,,UNKNOWN,0,False,,,UNKNOWN,UNKNOWN,UNKNOWN,False,False,STRICT: date >= pit_start AND date <= pit_end(if verified) AND date not inside explicit suspension interval,RESEARCH_PROXY: first observed price may define a LOW-confidence start only; never label it official listing,HIGH,LISTING_EVIDENCE_MISSING;DELISTING_STATUS_UNVERIFIED;FIRST_PRICE_IS_NOT_LISTING_DATE;PIT_MEMBERSHIP_NOT_FULLY_VERIFIED,Candidate interval only. Not enabled for engine.
SICO,,,,UNKNOWN,,UNKNOWN,0,False,,,UNKNOWN,UNKNOWN,UNKNOWN,False,False,STRICT: date >= pit_start AND date <= pit_end(if verified) AND date not inside explicit suspension interval,RESEARCH_PROXY: first observed price may define a LOW-confidence start only; never label it official listing,HIGH,LISTING_EVIDENCE_MISSING;DELISTING_STATUS_UNVERIFIED;FIRST_PRICE_IS_NOT_LISTING_DATE;PIT_MEMBERSHIP_NOT_FULLY_VERIFIED,Candidate interval only. Not enabled for engine.
SIDO,,,,UNKNOWN,,UNKNOWN,0,False,,,UNKNOWN,UNKNOWN,UNKNOWN,False,False,STRICT: date >= pit_start AND date <= pit_end(if verified) AND date not inside explicit suspension interval,RESEARCH_PROXY: first observed price may define a LOW-confidence start only; never label it official listing,HIGH,LISTING_EVIDENCE_MISSING;DELISTING_STATUS_UNVERIFIED;FIRST_PRICE_IS_NOT_LISTING_DATE;PIT_MEMBERSHIP_NOT_FULLY_VERIFIED,Candidate interval only. Not enabled for engine.
SILO,,,,UNKNOWN,,UNKNOWN,0,False,,,UNKNOWN,UNKNOWN,UNKNOWN,False,False,STRICT: date >= pit_start AND date <= pit_end(if verified) AND date not inside explicit suspension interval,RESEARCH_PROXY: first observed price may define a LOW-confidence start only; never label it official listing,HIGH,LISTING_EVIDENCE_MISSING;DELISTING_STATUS_UNVERIFIED;FIRST_PRICE_IS_NOT_LISTING_DATE;PIT_MEMBERSHIP_NOT_FULLY_VERIFIED,Candidate interval only. Not enabled for engine.
SIMP,,,,UNKNOWN,,UNKNOWN,0,False,,,UNKNOWN,UNKNOWN,UNKNOWN,False,False,STRICT: date >= pit_start AND date <= pit_end(if verified) AND date not inside explicit suspension interval,RESEARCH_PROXY: first observed price may define a LOW-confidence start only; never label it official listing,HIGH,LISTING_EVIDENCE_MISSING;DELISTING_STATUS_UNVERIFIED;FIRST_PRICE_IS_NOT_LISTING_DATE;PIT_MEMBERSHIP_NOT_FULLY_VERIFIED,Candidate interval only. Not enabled for engine.
SINI,,,,UNKNOWN,,UNKNOWN,0,False,,,UNKNOWN,UNKNOWN,UNKNOWN,False,False,STRICT: date >= pit_start AND date <= pit_end(if verified) AND date not inside explicit suspension interval,RESEARCH_PROXY: first observed price may define a LOW-confidence start only; never label it official listing,HIGH,LISTING_EVIDENCE_MISSING;DELISTING_STATUS_UNVERIFIED;FIRST_PRICE_IS_NOT_LISTING_DATE;PIT_MEMBERSHIP_NOT_FULLY_VERIFIED,Candidate interval only. Not enabled for engine.
SIPD,,,,UNKNOWN,,UNKNOWN,0,False,,,UNKNOWN,UNKNOWN,UNKNOWN,False,False,STRICT: date >= pit_start AND date <= pit_end(if verified) AND date not inside explicit suspension interval,RESEARCH_PROXY: first observed price may define a LOW-confidence start only; never label it official listing,HIGH,LISTING_EVIDENCE_MISSING;DELISTING_STATUS_UNVERIFIED;FIRST_PRICE_IS_NOT_LISTING_DATE;PIT_MEMBERSHIP_NOT_FULLY_VERIFIED,Candidate interval only. Not enabled for engine.
SKBM,,,,UNKNOWN,,UNKNOWN,0,False,,,UNKNOWN,UNKNOWN,UNKNOWN,False,False,STRICT: date >= pit_start AND date <= pit_end(if verified) AND date not inside explicit suspension interval,RESEARCH_PROXY: first observed price may define a LOW-confidence start only; never label it official listing,HIGH,LISTING_EVIDENCE_MISSING;DELISTING_STATUS_UNVERIFIED;FIRST_PRICE_IS_NOT_LISTING_DATE;PIT_MEMBERSHIP_NOT_FULLY_VERIFIED,Candidate interval only. Not enabled for engine.
SKLT,,,,UNKNOWN,,UNKNOWN,0,False,,,UNKNOWN,UNKNOWN,UNKNOWN,False,False,STRICT: date >= pit_start AND date <= pit_end(if verified) AND date not inside explicit suspension interval,RESEARCH_PROXY: first observed price may define a LOW-confidence start only; never label it official listing,HIGH,LISTING_EVIDENCE_MISSING;DELISTING_STATUS_UNVERIFIED;FIRST_PRICE_IS_NOT_LISTING_DATE;PIT_MEMBERSHIP_NOT_FULLY_VERIFIED,Candidate interval only. Not enabled for engine.
SKRN,,,,UNKNOWN,,UNKNOWN,0,False,,,UNKNOWN,UNKNOWN,UNKNOWN,False,False,STRICT: date >= pit_start AND date <= pit_end(if verified) AND date not inside explicit suspension interval,RESEARCH_PROXY: first observed price may define a LOW-confidence start only; never label it official listing,HIGH,LISTING_EVIDENCE_MISSING;DELISTING_STATUS_UNVERIFIED;FIRST_PRICE_IS_NOT_LISTING_DATE;PIT_MEMBERSHIP_NOT_FULLY_VERIFIED,Candidate interval only. Not enabled for engine.
SLIS,,,,UNKNOWN,,UNKNOWN,0,False,,,UNKNOWN,UNKNOWN,UNKNOWN,False,False,STRICT: date >= pit_start AND date <= pit_end(if verified) AND date not inside explicit suspension interval,RESEARCH_PROXY: first observed price may define a LOW-confidence start only; never label it official listing,HIGH,LISTING_EVIDENCE_MISSING;DELISTING_STATUS_UNVERIFIED;FIRST_PRICE_IS_NOT_LISTING_DATE;PIT_MEMBERSHIP_NOT_FULLY_VERIFIED,Candidate interval only. Not enabled for engine.
SMAR,,,,UNKNOWN,,UNKNOWN,0,False,,,UNKNOWN,UNKNOWN,UNKNOWN,False,False,STRICT: date >= pit_start AND date <= pit_end(if verified) AND date not inside explicit suspension interval,RESEARCH_PROXY: first observed price may define a LOW-confidence start only; never label it official listing,HIGH,LISTING_EVIDENCE_MISSING;DELISTING_STATUS_UNVERIFIED;FIRST_PRICE_IS_NOT_LISTING_DATE;PIT_MEMBERSHIP_NOT_FULLY_VERIFIED,Candidate interval only. Not enabled for engine.
SMBR,,,,UNKNOWN,,UNKNOWN,0,False,,,UNKNOWN,UNKNOWN,UNKNOWN,False,False,STRICT: date >= pit_start AND date <= pit_end(if verified) AND date not inside explicit suspension interval,RESEARCH_PROXY: first observed price may define a LOW-confidence start only; never label it official listing,HIGH,LISTING_EVIDENCE_MISSING;DELISTING_STATUS_UNVERIFIED;FIRST_PRICE_IS_NOT_LISTING_DATE;PIT_MEMBERSHIP_NOT_FULLY_VERIFIED,Candidate interval only. Not enabled for engine.
SMCB,,,,UNKNOWN,,UNKNOWN,0,False,,,UNKNOWN,UNKNOWN,UNKNOWN,False,False,STRICT: date >= pit_start AND date <= pit_end(if verified) AND date not inside explicit suspension interval,RESEARCH_PROXY: first observed price may define a LOW-confidence start only; never label it official listing,HIGH,LISTING_EVIDENCE_MISSING;DELISTING_STATUS_UNVERIFIED;FIRST_PRICE_IS_NOT_LISTING_DATE;PIT_MEMBERSHIP_NOT_FULLY_VERIFIED,Candidate interval only. Not enabled for engine.
SMDM,,,,UNKNOWN,,UNKNOWN,0,False,,,UNKNOWN,UNKNOWN,UNKNOWN,False,False,STRICT: date >= pit_start AND date <= pit_end(if verified) AND date not inside explicit suspension interval,RESEARCH_PROXY: first observed price may define a LOW-confidence start only; never label it official listing,HIGH,LISTING_EVIDENCE_MISSING;DELISTING_STATUS_UNVERIFIED;FIRST_PRICE_IS_NOT_LISTING_DATE;PIT_MEMBERSHIP_NOT_FULLY_VERIFIED,Candidate interval only. Not enabled for engine.
SMDR,,,,UNKNOWN,,UNKNOWN,0,False,,,UNKNOWN,UNKNOWN,UNKNOWN,False,False,STRICT: date >= pit_start AND date <= pit_end(if verified) AND date not inside explicit suspension interval,RESEARCH_PROXY: first observed price may define a LOW-confidence start only; never label it official listing,HIGH,LISTING_EVIDENCE_MISSING;DELISTING_STATUS_UNVERIFIED;FIRST_PRICE_IS_NOT_LISTING_DATE;PIT_MEMBERSHIP_NOT_FULLY_VERIFIED,Candidate interval only. Not enabled for engine.
SMGA,,,,UNKNOWN,,UNKNOWN,0,False,,,UNKNOWN,UNKNOWN,UNKNOWN,False,False,STRICT: date >= pit_start AND date <= pit_end(if verified) AND date not inside explicit suspension interval,RESEARCH_PROXY: first observed price may define a LOW-confidence start only; never label it official listing,HIGH,LISTING_EVIDENCE_MISSING;DELISTING_STATUS_UNVERIFIED;FIRST_PRICE_IS_NOT_LISTING_DATE;PIT_MEMBERSHIP_NOT_FULLY_VERIFIED,Candidate interval only. Not enabled for engine.
SMGR,,,,UNKNOWN,,UNKNOWN,0,False,,,UNKNOWN,UNKNOWN,UNKNOWN,False,False,STRICT: date >= pit_start AND date <= pit_end(if verified) AND date not inside explicit suspension interval,RESEARCH_PROXY: first observed price may define a LOW-confidence start only; never label it official listing,HIGH,LISTING_EVIDENCE_MISSING;DELISTING_STATUS_UNVERIFIED;FIRST_PRICE_IS_NOT_LISTING_DATE;PIT_MEMBERSHIP_NOT_FULLY_VERIFIED,Candidate interval only. Not enabled for engine.
SMIL,,,,UNKNOWN,,UNKNOWN,0,False,,,UNKNOWN,UNKNOWN,UNKNOWN,False,False,STRICT: date >= pit_start AND date <= pit_end(if verified) AND date not inside explicit suspension interval,RESEARCH_PROXY: first observed price may define a LOW-confidence start only; never label it official listing,HIGH,LISTING_EVIDENCE_MISSING;DELISTING_STATUS_UNVERIFIED;FIRST_PRICE_IS_NOT_LISTING_DATE;PIT_MEMBERSHIP_NOT_FULLY_VERIFIED,Candidate interval only. Not enabled for engine.
SMKL,,,,UNKNOWN,,UNKNOWN,0,False,,,UNKNOWN,UNKNOWN,UNKNOWN,False,False,STRICT: date >= pit_start AND date <= pit_end(if verified) AND date not inside explicit suspension interval,RESEARCH_PROXY: first observed price may define a LOW-confidence start only; never label it official listing,HIGH,LISTING_EVIDENCE_MISSING;DELISTING_STATUS_UNVERIFIED;FIRST_PRICE_IS_NOT_LISTING_DATE;PIT_MEMBERSHIP_NOT_FULLY_VERIFIED,Candidate interval only. Not enabled for engine.
SMKM,,,,UNKNOWN,,UNKNOWN,0,False,,,UNKNOWN,UNKNOWN,UNKNOWN,False,False,STRICT: date >= pit_start AND date <= pit_end(if verified) AND date not inside explicit suspension interval,RESEARCH_PROXY: first observed price may define a LOW-confidence start only; never label it official listing,HIGH,LISTING_EVIDENCE_MISSING;DELISTING_STATUS_UNVERIFIED;FIRST_PRICE_IS_NOT_LISTING_DATE;PIT_MEMBERSHIP_NOT_FULLY_VERIFIED,Candidate interval only. Not enabled for engine.
SMLE,,,,UNKNOWN,,UNKNOWN,0,False,,,UNKNOWN,UNKNOWN,UNKNOWN,False,False,STRICT: date >= pit_start AND date <= pit_end(if verified) AND date not inside explicit suspension interval,RESEARCH_PROXY: first observed price may define a LOW-confidence start only; never label it official listing,HIGH,LISTING_EVIDENCE_MISSING;DELISTING_STATUS_UNVERIFIED;FIRST_PRICE_IS_NOT_LISTING_DATE;PIT_MEMBERSHIP_NOT_FULLY_VERIFIED,Candidate interval only. Not enabled for engine.
SMMA,,,,UNKNOWN,,UNKNOWN,0,False,,,UNKNOWN,UNKNOWN,UNKNOWN,False,False,STRICT: date >= pit_start AND date <= pit_end(if verified) AND date not inside explicit suspension interval,RESEARCH_PROXY: first observed price may define a LOW-confidence start only; never label it official listing,HIGH,LISTING_EVIDENCE_MISSING;DELISTING_STATUS_UNVERIFIED;FIRST_PRICE_IS_NOT_LISTING_DATE;PIT_MEMBERSHIP_NOT_FULLY_VERIFIED,Candidate interval only. Not enabled for engine.
SMMT,,,,UNKNOWN,,UNKNOWN,0,False,,,UNKNOWN,UNKNOWN,UNKNOWN,False,False,STRICT: date >= pit_start AND date <= pit_end(if verified) AND date not inside explicit suspension interval,RESEARCH_PROXY: first observed price may define a LOW-confidence start only; never label it official listing,HIGH,LISTING_EVIDENCE_MISSING;DELISTING_STATUS_UNVERIFIED;FIRST_PRICE_IS_NOT_LISTING_DATE;PIT_MEMBERSHIP_NOT_FULLY_VERIFIED,Candidate interval only. Not enabled for engine.
SMRA,,,,UNKNOWN,,UNKNOWN,0,False,,,UNKNOWN,UNKNOWN,UNKNOWN,False,False,STRICT: date >= pit_start AND date <= pit_end(if verified) AND date not inside explicit suspension interval,RESEARCH_PROXY: first observed price may define a LOW-confidence start only; never label it official listing,HIGH,LISTING_EVIDENCE_MISSING;DELISTING_STATUS_UNVERIFIED;FIRST_PRICE_IS_NOT_LISTING_DATE;PIT_MEMBERSHIP_NOT_FULLY_VERIFIED,Candidate interval only. Not enabled for engine.
SMSM,,,,UNKNOWN,,UNKNOWN,0,False,,,UNKNOWN,UNKNOWN,UNKNOWN,False,False,STRICT: date >= pit_start AND date <= pit_end(if verified) AND date not inside explicit suspension interval,RESEARCH_PROXY: first observed price may define a LOW-confidence start only; never label it official listing,HIGH,LISTING_EVIDENCE_MISSING;DELISTING_STATUS_UNVERIFIED;FIRST_PRICE_IS_NOT_LISTING_DATE;PIT_MEMBERSHIP_NOT_FULLY_VERIFIED,Candidate interval only. Not enabled for engine.
SNLK,,,,UNKNOWN,,UNKNOWN,0,False,,,UNKNOWN,UNKNOWN,UNKNOWN,False,False,STRICT: date >= pit_start AND date <= pit_end(if verified) AND date not inside explicit suspension interval,RESEARCH_PROXY: first observed price may define a LOW-confidence start only; never label it official listing,HIGH,LISTING_EVIDENCE_MISSING;DELISTING_STATUS_UNVERIFIED;FIRST_PRICE_IS_NOT_LISTING_DATE;PIT_MEMBERSHIP_NOT_FULLY_VERIFIED,Candidate interval only. Not enabled for engine.
SOCI,,,,UNKNOWN,,UNKNOWN,0,False,,,UNKNOWN,UNKNOWN,UNKNOWN,False,False,STRICT: date >= pit_start AND date <= pit_end(if verified) AND date not inside explicit suspension interval,RESEARCH_PROXY: first observed price may define a LOW-confidence start only; never label it official listing,HIGH,LISTING_EVIDENCE_MISSING;DELISTING_STATUS_UNVERIFIED;FIRST_PRICE_IS_NOT_LISTING_DATE;PIT_MEMBERSHIP_NOT_FULLY_VERIFIED,Candidate interval only. Not enabled for engine.
SOFA,,,,UNKNOWN,,UNKNOWN,0,False,,,UNKNOWN,UNKNOWN,UNKNOWN,False,False,STRICT: date >= pit_start AND date <= pit_end(if verified) AND date not inside explicit suspension interval,RESEARCH_PROXY: first observed price may define a LOW-confidence start only; never label it official listing,HIGH,LISTING_EVIDENCE_MISSING;DELISTING_STATUS_UNVERIFIED;FIRST_PRICE_IS_NOT_LISTING_DATE;PIT_MEMBERSHIP_NOT_FULLY_VERIFIED,Candidate interval only. Not enabled for engine.
SOHO,,,,UNKNOWN,,UNKNOWN,0,False,,,UNKNOWN,UNKNOWN,UNKNOWN,False,False,STRICT: date >= pit_start AND date <= pit_end(if verified) AND date not inside explicit suspension interval,RESEARCH_PROXY: first observed price may define a LOW-confidence start only; never label it official listing,HIGH,LISTING_EVIDENCE_MISSING;DELISTING_STATUS_UNVERIFIED;FIRST_PRICE_IS_NOT_LISTING_DATE;PIT_MEMBERSHIP_NOT_FULLY_VERIFIED,Candidate interval only. Not enabled for engine.
SOLA,,,,UNKNOWN,,UNKNOWN,0,False,,,UNKNOWN,UNKNOWN,UNKNOWN,False,False,STRICT: date >= pit_start AND date <= pit_end(if verified) AND date not inside explicit suspension interval,RESEARCH_PROXY: first observed price may define a LOW-confidence start only; never label it official listing,HIGH,LISTING_EVIDENCE_MISSING;DELISTING_STATUS_UNVERIFIED;FIRST_PRICE_IS_NOT_LISTING_DATE;PIT_MEMBERSHIP_NOT_FULLY_VERIFIED,Candidate interval only. Not enabled for engine.
SONA,,,,UNKNOWN,,UNKNOWN,0,False,,,UNKNOWN,UNKNOWN,UNKNOWN,False,False,STRICT: date >= pit_start AND date <= pit_end(if verified) AND date not inside explicit suspension interval,RESEARCH_PROXY: first observed price may define a LOW-confidence start only; never label it official listing,HIGH,LISTING_EVIDENCE_MISSING;DELISTING_STATUS_UNVERIFIED;FIRST_PRICE_IS_NOT_LISTING_DATE;PIT_MEMBERSHIP_NOT_FULLY_VERIFIED,Candidate interval only. Not enabled for engine.
SOSS,,,,UNKNOWN,,UNKNOWN,0,False,,,UNKNOWN,UNKNOWN,UNKNOWN,False,False,STRICT: date >= pit_start AND date <= pit_end(if verified) AND date not inside explicit suspension interval,RESEARCH_PROXY: first observed price may define a LOW-confidence start only; never label it official listing,HIGH,LISTING_EVIDENCE_MISSING;DELISTING_STATUS_UNVERIFIED;FIRST_PRICE_IS_NOT_LISTING_DATE;PIT_MEMBERSHIP_NOT_FULLY_VERIFIED,Candidate interval only. Not enabled for engine.
SOTS,,,,UNKNOWN,,UNKNOWN,0,False,,,UNKNOWN,UNKNOWN,UNKNOWN,False,False,STRICT: date >= pit_start AND date <= pit_end(if verified) AND date not inside explicit suspension interval,RESEARCH_PROXY: first observed price may define a LOW-confidence start only; never label it official listing,HIGH,LISTING_EVIDENCE_MISSING;DELISTING_STATUS_UNVERIFIED;FIRST_PRICE_IS_NOT_LISTING_DATE;PIT_MEMBERSHIP_NOT_FULLY_VERIFIED,Candidate interval only. Not enabled for engine.
SOUL,,,,UNKNOWN,,UNKNOWN,0,False,,,UNKNOWN,UNKNOWN,UNKNOWN,False,False,STRICT: date >= pit_start AND date <= pit_end(if verified) AND date not inside explicit suspension interval,RESEARCH_PROXY: first observed price may define a LOW-confidence start only; never label it official listing,HIGH,LISTING_EVIDENCE_MISSING;DELISTING_STATUS_UNVERIFIED;FIRST_PRICE_IS_NOT_LISTING_DATE;PIT_MEMBERSHIP_NOT_FULLY_VERIFIED,Candidate interval only. Not enabled for engine.
SPMA,,,,UNKNOWN,,UNKNOWN,0,False,,,UNKNOWN,UNKNOWN,UNKNOWN,False,False,STRICT: date >= pit_start AND date <= pit_end(if verified) AND date not inside explicit suspension interval,RESEARCH_PROXY: first observed price may define a LOW-confidence start only; never label it official listing,HIGH,LISTING_EVIDENCE_MISSING;DELISTING_STATUS_UNVERIFIED;FIRST_PRICE_IS_NOT_LISTING_DATE;PIT_MEMBERSHIP_NOT_FULLY_VERIFIED,Candidate interval only. Not enabled for engine.
SPRE,,,,UNKNOWN,,UNKNOWN,0,False,,,UNKNOWN,UNKNOWN,UNKNOWN,False,False,STRICT: date >= pit_start AND date <= pit_end(if verified) AND date not inside explicit suspension interval,RESEARCH_PROXY: first observed price may define a LOW-confidence start only; never label it official listing,HIGH,LISTING_EVIDENCE_MISSING;DELISTING_STATUS_UNVERIFIED;FIRST_PRICE_IS_NOT_LISTING_DATE;PIT_MEMBERSHIP_NOT_FULLY_VERIFIED,Candidate interval only. Not enabled for engine.
SPTO,,,,UNKNOWN,,UNKNOWN,0,False,,,UNKNOWN,UNKNOWN,UNKNOWN,False,False,STRICT: date >= pit_start AND date <= pit_end(if verified) AND date not inside explicit suspension interval,RESEARCH_PROXY: first observed price may define a LOW-confidence start only; never label it official listing,HIGH,LISTING_EVIDENCE_MISSING;DELISTING_STATUS_UNVERIFIED;FIRST_PRICE_IS_NOT_LISTING_DATE;PIT_MEMBERSHIP_NOT_FULLY_VERIFIED,Candidate interval only. Not enabled for engine.
SQMI,,,,UNKNOWN,,UNKNOWN,0,False,,,UNKNOWN,UNKNOWN,UNKNOWN,False,False,STRICT: date >= pit_start AND date <= pit_end(if verified) AND date not inside explicit suspension interval,RESEARCH_PROXY: first observed price may define a LOW-confidence start only; never label it official listing,HIGH,LISTING_EVIDENCE_MISSING;DELISTING_STATUS_UNVERIFIED;FIRST_PRICE_IS_NOT_LISTING_DATE;PIT_MEMBERSHIP_NOT_FULLY_VERIFIED,Candidate interval only. Not enabled for engine.
SRAJ,,,,UNKNOWN,,UNKNOWN,0,False,,,UNKNOWN,UNKNOWN,UNKNOWN,False,False,STRICT: date >= pit_start AND date <= pit_end(if verified) AND date not inside explicit suspension interval,RESEARCH_PROXY: first observed price may define a LOW-confidence start only; never label it official listing,HIGH,LISTING_EVIDENCE_MISSING;DELISTING_STATUS_UNVERIFIED;FIRST_PRICE_IS_NOT_LISTING_DATE;PIT_MEMBERSHIP_NOT_FULLY_VERIFIED,Candidate interval only. Not enabled for engine.
SRSN,,,,UNKNOWN,,UNKNOWN,0,False,,,UNKNOWN,UNKNOWN,UNKNOWN,False,False,STRICT: date >= pit_start AND date <= pit_end(if verified) AND date not inside explicit suspension interval,RESEARCH_PROXY: first observed price may define a LOW-confidence start only; never label it official listing,HIGH,LISTING_EVIDENCE_MISSING;DELISTING_STATUS_UNVERIFIED;FIRST_PRICE_IS_NOT_LISTING_DATE;PIT_MEMBERSHIP_NOT_FULLY_VERIFIED,Candidate interval only. Not enabled for engine.
SRTG,,,,UNKNOWN,,UNKNOWN,0,False,,,UNKNOWN,UNKNOWN,UNKNOWN,False,False,STRICT: date >= pit_start AND date <= pit_end(if verified) AND date not inside explicit suspension interval,RESEARCH_PROXY: first observed price may define a LOW-confidence start only; never label it official listing,HIGH,LISTING_EVIDENCE_MISSING;DELISTING_STATUS_UNVERIFIED;FIRST_PRICE_IS_NOT_LISTING_DATE;PIT_MEMBERSHIP_NOT_FULLY_VERIFIED,Candidate interval only. Not enabled for engine.
SSIA,,,,UNKNOWN,,UNKNOWN,0,False,,,UNKNOWN,UNKNOWN,UNKNOWN,False,False,STRICT: date >= pit_start AND date <= pit_end(if verified) AND date not inside explicit suspension interval,RESEARCH_PROXY: first observed price may define a LOW-confidence start only; never label it official listing,HIGH,LISTING_EVIDENCE_MISSING;DELISTING_STATUS_UNVERIFIED;FIRST_PRICE_IS_NOT_LISTING_DATE;PIT_MEMBERSHIP_NOT_FULLY_VERIFIED,Candidate interval only. Not enabled for engine.
SSMS,,,,UNKNOWN,,UNKNOWN,0,False,,,UNKNOWN,UNKNOWN,UNKNOWN,False,False,STRICT: date >= pit_start AND date <= pit_end(if verified) AND date not inside explicit suspension interval,RESEARCH_PROXY: first observed price may define a LOW-confidence start only; never label it official listing,HIGH,LISTING_EVIDENCE_MISSING;DELISTING_STATUS_UNVERIFIED;FIRST_PRICE_IS_NOT_LISTING_DATE;PIT_MEMBERSHIP_NOT_FULLY_VERIFIED,Candidate interval only. Not enabled for engine.
SSTM,,,,UNKNOWN,,UNKNOWN,0,False,,,UNKNOWN,UNKNOWN,UNKNOWN,False,False,STRICT: date >= pit_start AND date <= pit_end(if verified) AND date not inside explicit suspension interval,RESEARCH_PROXY: first observed price may define a LOW-confidence start only; never label it official listing,HIGH,LISTING_EVIDENCE_MISSING;DELISTING_STATUS_UNVERIFIED;FIRST_PRICE_IS_NOT_LISTING_DATE;PIT_MEMBERSHIP_NOT_FULLY_VERIFIED,Candidate interval only. Not enabled for engine.
STAA,,,,UNKNOWN,,UNKNOWN,0,False,,,UNKNOWN,UNKNOWN,UNKNOWN,False,False,STRICT: date >= pit_start AND date <= pit_end(if verified) AND date not inside explicit suspension interval,RESEARCH_PROXY: first observed price may define a LOW-confidence start only; never label it official listing,HIGH,LISTING_EVIDENCE_MISSING;DELISTING_STATUS_UNVERIFIED;FIRST_PRICE_IS_NOT_LISTING_DATE;PIT_MEMBERSHIP_NOT_FULLY_VERIFIED,Candidate interval only. Not enabled for engine.
STAR,,,,UNKNOWN,,UNKNOWN,0,False,,,UNKNOWN,UNKNOWN,UNKNOWN,False,False,STRICT: date >= pit_start AND date <= pit_end(if verified) AND date not inside explicit suspension interval,RESEARCH_PROXY: first observed price may define a LOW-confidence start only; never label it official listing,HIGH,LISTING_EVIDENCE_MISSING;DELISTING_STATUS_UNVERIFIED;FIRST_PRICE_IS_NOT_LISTING_DATE;PIT_MEMBERSHIP_NOT_FULLY_VERIFIED,Candidate interval only. Not enabled for engine.
STRK,,,,UNKNOWN,,UNKNOWN,0,False,,,UNKNOWN,UNKNOWN,UNKNOWN,False,False,STRICT: date >= pit_start AND date <= pit_end(if verified) AND date not inside explicit suspension interval,RESEARCH_PROXY: first observed price may define a LOW-confidence start only; never label it official listing,HIGH,LISTING_EVIDENCE_MISSING;DELISTING_STATUS_UNVERIFIED;FIRST_PRICE_IS_NOT_LISTING_DATE;PIT_MEMBERSHIP_NOT_FULLY_VERIFIED,Candidate interval only. Not enabled for engine.
STTP,,,,UNKNOWN,,UNKNOWN,0,False,,,UNKNOWN,UNKNOWN,UNKNOWN,False,False,STRICT: date >= pit_start AND date <= pit_end(if verified) AND date not inside explicit suspension interval,RESEARCH_PROXY: first observed price may define a LOW-confidence start only; never label it official listing,HIGH,LISTING_EVIDENCE_MISSING;DELISTING_STATUS_UNVERIFIED;FIRST_PRICE_IS_NOT_LISTING_DATE;PIT_MEMBERSHIP_NOT_FULLY_VERIFIED,Candidate interval only. Not enabled for engine.
SULI,,,,UNKNOWN,,UNKNOWN,0,False,,,UNKNOWN,UNKNOWN,UNKNOWN,False,False,STRICT: date >= pit_start AND date <= pit_end(if verified) AND date not inside explicit suspension interval,RESEARCH_PROXY: first observed price may define a LOW-confidence start only; never label it official listing,HIGH,LISTING_EVIDENCE_MISSING;DELISTING_STATUS_UNVERIFIED;FIRST_PRICE_IS_NOT_LISTING_DATE;PIT_MEMBERSHIP_NOT_FULLY_VERIFIED,Candidate interval only. Not enabled for engine.
SUNI,,,,UNKNOWN,,UNKNOWN,0,False,,,UNKNOWN,UNKNOWN,UNKNOWN,False,False,STRICT: date >= pit_start AND date <= pit_end(if verified) AND date not inside explicit suspension interval,RESEARCH_PROXY: first observed price may define a LOW-confidence start only; never label it official listing,HIGH,LISTING_EVIDENCE_MISSING;DELISTING_STATUS_UNVERIFIED;FIRST_PRICE_IS_NOT_LISTING_DATE;PIT_MEMBERSHIP_NOT_FULLY_VERIFIED,Candidate interval only. Not enabled for engine.
SUPR,,,,UNKNOWN,,UNKNOWN,0,False,,,UNKNOWN,UNKNOWN,UNKNOWN,False,False,STRICT: date >= pit_start AND date <= pit_end(if verified) AND date not inside explicit suspension interval,RESEARCH_PROXY: first observed price may define a LOW-confidence start only; never label it official listing,HIGH,LISTING_EVIDENCE_MISSING;DELISTING_STATUS_UNVERIFIED;FIRST_PRICE_IS_NOT_LISTING_DATE;PIT_MEMBERSHIP_NOT_FULLY_VERIFIED,Candidate interval only. Not enabled for engine.
SURE,,,,UNKNOWN,,UNKNOWN,0,False,,,UNKNOWN,UNKNOWN,UNKNOWN,False,False,STRICT: date >= pit_start AND date <= pit_end(if verified) AND date not inside explicit suspension interval,RESEARCH_PROXY: first observed price may define a LOW-confidence start only; never label it official listing,HIGH,LISTING_EVIDENCE_MISSING;DELISTING_STATUS_UNVERIFIED;FIRST_PRICE_IS_NOT_LISTING_DATE;PIT_MEMBERSHIP_NOT_FULLY_VERIFIED,Candidate interval only. Not enabled for engine.
SWAT,,,,UNKNOWN,,UNKNOWN,0,False,,,UNKNOWN,UNKNOWN,UNKNOWN,False,False,STRICT: date >= pit_start AND date <= pit_end(if verified) AND date not inside explicit suspension interval,RESEARCH_PROXY: first observed price may define a LOW-confidence start only; never label it official listing,HIGH,LISTING_EVIDENCE_MISSING;DELISTING_STATUS_UNVERIFIED;FIRST_PRICE_IS_NOT_LISTING_DATE;PIT_MEMBERSHIP_NOT_FULLY_VERIFIED,Candidate interval only. Not enabled for engine.
SWID,,,,UNKNOWN,,UNKNOWN,0,False,,,UNKNOWN,UNKNOWN,UNKNOWN,False,False,STRICT: date >= pit_start AND date <= pit_end(if verified) AND date not inside explicit suspension interval,RESEARCH_PROXY: first observed price may define a LOW-confidence start only; never label it official listing,HIGH,LISTING_EVIDENCE_MISSING;DELISTING_STATUS_UNVERIFIED;FIRST_PRICE_IS_NOT_LISTING_DATE;PIT_MEMBERSHIP_NOT_FULLY_VERIFIED,Candidate interval only. Not enabled for engine.
TALF,,,,UNKNOWN,,UNKNOWN,0,False,,,UNKNOWN,UNKNOWN,UNKNOWN,False,False,STRICT: date >= pit_start AND date <= pit_end(if verified) AND date not inside explicit suspension interval,RESEARCH_PROXY: first observed price may define a LOW-confidence start only; never label it official listing,HIGH,LISTING_EVIDENCE_MISSING;DELISTING_STATUS_UNVERIFIED;FIRST_PRICE_IS_NOT_LISTING_DATE;PIT_MEMBERSHIP_NOT_FULLY_VERIFIED,Candidate interval only. Not enabled for engine.
TAMA,,,,UNKNOWN,,UNKNOWN,0,False,,,UNKNOWN,UNKNOWN,UNKNOWN,False,False,STRICT: date >= pit_start AND date <= pit_end(if verified) AND date not inside explicit suspension interval,RESEARCH_PROXY: first observed price may define a LOW-confidence start only; never label it official listing,HIGH,LISTING_EVIDENCE_MISSING;DELISTING_STATUS_UNVERIFIED;FIRST_PRICE_IS_NOT_LISTING_DATE;PIT_MEMBERSHIP_NOT_FULLY_VERIFIED,Candidate interval only. Not enabled for engine.
TAMU,,,,UNKNOWN,,UNKNOWN,0,False,,,UNKNOWN,UNKNOWN,UNKNOWN,False,False,STRICT: date >= pit_start AND date <= pit_end(if verified) AND date not inside explicit suspension interval,RESEARCH_PROXY: first observed price may define a LOW-confidence start only; never label it official listing,HIGH,LISTING_EVIDENCE_MISSING;DELISTING_STATUS_UNVERIFIED;FIRST_PRICE_IS_NOT_LISTING_DATE;PIT_MEMBERSHIP_NOT_FULLY_VERIFIED,Candidate interval only. Not enabled for engine.
TAPG,,,,UNKNOWN,,UNKNOWN,0,False,,,UNKNOWN,UNKNOWN,UNKNOWN,False,False,STRICT: date >= pit_start AND date <= pit_end(if verified) AND date not inside explicit suspension interval,RESEARCH_PROXY: first observed price may define a LOW-confidence start only; never label it official listing,HIGH,LISTING_EVIDENCE_MISSING;DELISTING_STATUS_UNVERIFIED;FIRST_PRICE_IS_NOT_LISTING_DATE;PIT_MEMBERSHIP_NOT_FULLY_VERIFIED,Candidate interval only. Not enabled for engine.
TARA,,,,UNKNOWN,,UNKNOWN,0,False,,,UNKNOWN,UNKNOWN,UNKNOWN,False,False,STRICT: date >= pit_start AND date <= pit_end(if verified) AND date not inside explicit suspension interval,RESEARCH_PROXY: first observed price may define a LOW-confidence start only; never label it official listing,HIGH,LISTING_EVIDENCE_MISSING;DELISTING_STATUS_UNVERIFIED;FIRST_PRICE_IS_NOT_LISTING_DATE;PIT_MEMBERSHIP_NOT_FULLY_VERIFIED,Candidate interval only. Not enabled for engine.
TAXI,,,,UNKNOWN,,UNKNOWN,0,False,,,UNKNOWN,UNKNOWN,UNKNOWN,False,False,STRICT: date >= pit_start AND date <= pit_end(if verified) AND date not inside explicit suspension interval,RESEARCH_PROXY: first observed price may define a LOW-confidence start only; never label it official listing,HIGH,LISTING_EVIDENCE_MISSING;DELISTING_STATUS_UNVERIFIED;FIRST_PRICE_IS_NOT_LISTING_DATE;PIT_MEMBERSHIP_NOT_FULLY_VERIFIED,Candidate interval only. Not enabled for engine.
TAYS,,,,UNKNOWN,,UNKNOWN,0,False,,,UNKNOWN,UNKNOWN,UNKNOWN,False,False,STRICT: date >= pit_start AND date <= pit_end(if verified) AND date not inside explicit suspension interval,RESEARCH_PROXY: first observed price may define a LOW-confidence start only; never label it official listing,HIGH,LISTING_EVIDENCE_MISSING;DELISTING_STATUS_UNVERIFIED;FIRST_PRICE_IS_NOT_LISTING_DATE;PIT_MEMBERSHIP_NOT_FULLY_VERIFIED,Candidate interval only. Not enabled for engine.
TBIG,,,,UNKNOWN,,UNKNOWN,0,False,,,UNKNOWN,UNKNOWN,UNKNOWN,False,False,STRICT: date >= pit_start AND date <= pit_end(if verified) AND date not inside explicit suspension interval,RESEARCH_PROXY: first observed price may define a LOW-confidence start only; never label it official listing,HIGH,LISTING_EVIDENCE_MISSING;DELISTING_STATUS_UNVERIFIED;FIRST_PRICE_IS_NOT_LISTING_DATE;PIT_MEMBERSHIP_NOT_FULLY_VERIFIED,Candidate interval only. Not enabled for engine.
TBLA,,,,UNKNOWN,,UNKNOWN,0,False,,,UNKNOWN,UNKNOWN,UNKNOWN,False,False,STRICT: date >= pit_start AND date <= pit_end(if verified) AND date not inside explicit suspension interval,RESEARCH_PROXY: first observed price may define a LOW-confidence start only; never label it official listing,HIGH,LISTING_EVIDENCE_MISSING;DELISTING_STATUS_UNVERIFIED;FIRST_PRICE_IS_NOT_LISTING_DATE;PIT_MEMBERSHIP_NOT_FULLY_VERIFIED,Candidate interval only. Not enabled for engine.
TBMS,,,,UNKNOWN,,UNKNOWN,0,False,,,UNKNOWN,UNKNOWN,UNKNOWN,False,False,STRICT: date >= pit_start AND date <= pit_end(if verified) AND date not inside explicit suspension interval,RESEARCH_PROXY: first observed price may define a LOW-confidence start only; never label it official listing,HIGH,LISTING_EVIDENCE_MISSING;DELISTING_STATUS_UNVERIFIED;FIRST_PRICE_IS_NOT_LISTING_DATE;PIT_MEMBERSHIP_NOT_FULLY_VERIFIED,Candidate interval only. Not enabled for engine.
TCID,,,,UNKNOWN,,UNKNOWN,0,False,,,UNKNOWN,UNKNOWN,UNKNOWN,False,False,STRICT: date >= pit_start AND date <= pit_end(if verified) AND date not inside explicit suspension interval,RESEARCH_PROXY: first observed price may define a LOW-confidence start only; never label it official listing,HIGH,LISTING_EVIDENCE_MISSING;DELISTING_STATUS_UNVERIFIED;FIRST_PRICE_IS_NOT_LISTING_DATE;PIT_MEMBERSHIP_NOT_FULLY_VERIFIED,Candidate interval only. Not enabled for engine.
TCPI,,,,UNKNOWN,,UNKNOWN,0,False,,,UNKNOWN,UNKNOWN,UNKNOWN,False,False,STRICT: date >= pit_start AND date <= pit_end(if verified) AND date not inside explicit suspension interval,RESEARCH_PROXY: first observed price may define a LOW-confidence start only; never label it official listing,HIGH,LISTING_EVIDENCE_MISSING;DELISTING_STATUS_UNVERIFIED;FIRST_PRICE_IS_NOT_LISTING_DATE;PIT_MEMBERSHIP_NOT_FULLY_VERIFIED,Candidate interval only. Not enabled for engine.
TEBE,,,,UNKNOWN,,UNKNOWN,0,False,,,UNKNOWN,UNKNOWN,UNKNOWN,False,False,STRICT: date >= pit_start AND date <= pit_end(if verified) AND date not inside explicit suspension interval,RESEARCH_PROXY: first observed price may define a LOW-confidence start only; never label it official listing,HIGH,LISTING_EVIDENCE_MISSING;DELISTING_STATUS_UNVERIFIED;FIRST_PRICE_IS_NOT_LISTING_DATE;PIT_MEMBERSHIP_NOT_FULLY_VERIFIED,Candidate interval only. Not enabled for engine.
TELE,,,,UNKNOWN,,UNKNOWN,0,False,,,UNKNOWN,UNKNOWN,UNKNOWN,False,False,STRICT: date >= pit_start AND date <= pit_end(if verified) AND date not inside explicit suspension interval,RESEARCH_PROXY: first observed price may define a LOW-confidence start only; never label it official listing,HIGH,LISTING_EVIDENCE_MISSING;DELISTING_STATUS_UNVERIFIED;FIRST_PRICE_IS_NOT_LISTING_DATE;PIT_MEMBERSHIP_NOT_FULLY_VERIFIED,Candidate interval only. Not enabled for engine.
TFAS,,,,UNKNOWN,,UNKNOWN,0,False,,,UNKNOWN,UNKNOWN,UNKNOWN,False,False,STRICT: date >= pit_start AND date <= pit_end(if verified) AND date not inside explicit suspension interval,RESEARCH_PROXY: first observed price may define a LOW-confidence start only; never label it official listing,HIGH,LISTING_EVIDENCE_MISSING;DELISTING_STATUS_UNVERIFIED;FIRST_PRICE_IS_NOT_LISTING_DATE;PIT_MEMBERSHIP_NOT_FULLY_VERIFIED,Candidate interval only. Not enabled for engine.
TFCO,,,,UNKNOWN,,UNKNOWN,0,False,,,UNKNOWN,UNKNOWN,UNKNOWN,False,False,STRICT: date >= pit_start AND date <= pit_end(if verified) AND date not inside explicit suspension interval,RESEARCH_PROXY: first observed price may define a LOW-confidence start only; never label it official listing,HIGH,LISTING_EVIDENCE_MISSING;DELISTING_STATUS_UNVERIFIED;FIRST_PRICE_IS_NOT_LISTING_DATE;PIT_MEMBERSHIP_NOT_FULLY_VERIFIED,Candidate interval only. Not enabled for engine.
TGKA,,,,UNKNOWN,,UNKNOWN,0,False,,,UNKNOWN,UNKNOWN,UNKNOWN,False,False,STRICT: date >= pit_start AND date <= pit_end(if verified) AND date not inside explicit suspension interval,RESEARCH_PROXY: first observed price may define a LOW-confidence start only; never label it official listing,HIGH,LISTING_EVIDENCE_MISSING;DELISTING_STATUS_UNVERIFIED;FIRST_PRICE_IS_NOT_LISTING_DATE;PIT_MEMBERSHIP_NOT_FULLY_VERIFIED,Candidate interval only. Not enabled for engine.
TGRA,,,,UNKNOWN,,UNKNOWN,0,False,,,UNKNOWN,UNKNOWN,UNKNOWN,False,False,STRICT: date >= pit_start AND date <= pit_end(if verified) AND date not inside explicit suspension interval,RESEARCH_PROXY: first observed price may define a LOW-confidence start only; never label it official listing,HIGH,LISTING_EVIDENCE_MISSING;DELISTING_STATUS_UNVERIFIED;FIRST_PRICE_IS_NOT_LISTING_DATE;PIT_MEMBERSHIP_NOT_FULLY_VERIFIED,Candidate interval only. Not enabled for engine.
TGUK,,,,UNKNOWN,,UNKNOWN,0,False,,,UNKNOWN,UNKNOWN,UNKNOWN,False,False,STRICT: date >= pit_start AND date <= pit_end(if verified) AND date not inside explicit suspension interval,RESEARCH_PROXY: first observed price may define a LOW-confidence start only; never label it official listing,HIGH,LISTING_EVIDENCE_MISSING;DELISTING_STATUS_UNVERIFIED;FIRST_PRICE_IS_NOT_LISTING_DATE;PIT_MEMBERSHIP_NOT_FULLY_VERIFIED,Candidate interval only. Not enabled for engine.
TIFA,,,,UNKNOWN,,UNKNOWN,0,False,,,UNKNOWN,UNKNOWN,UNKNOWN,False,False,STRICT: date >= pit_start AND date <= pit_end(if verified) AND date not inside explicit suspension interval,RESEARCH_PROXY: first observed price may define a LOW-confidence start only; never label it official listing,HIGH,LISTING_EVIDENCE_MISSING;DELISTING_STATUS_UNVERIFIED;FIRST_PRICE_IS_NOT_LISTING_DATE;PIT_MEMBERSHIP_NOT_FULLY_VERIFIED,Candidate interval only. Not enabled for engine.
TINS,,,,UNKNOWN,,UNKNOWN,0,False,,,UNKNOWN,UNKNOWN,UNKNOWN,False,False,STRICT: date >= pit_start AND date <= pit_end(if verified) AND date not inside explicit suspension interval,RESEARCH_PROXY: first observed price may define a LOW-confidence start only; never label it official listing,HIGH,LISTING_EVIDENCE_MISSING;DELISTING_STATUS_UNVERIFIED;FIRST_PRICE_IS_NOT_LISTING_DATE;PIT_MEMBERSHIP_NOT_FULLY_VERIFIED,Candidate interval only. Not enabled for engine.
TIRA,,,,UNKNOWN,,UNKNOWN,0,False,,,UNKNOWN,UNKNOWN,UNKNOWN,False,False,STRICT: date >= pit_start AND date <= pit_end(if verified) AND date not inside explicit suspension interval,RESEARCH_PROXY: first observed price may define a LOW-confidence start only; never label it official listing,HIGH,LISTING_EVIDENCE_MISSING;DELISTING_STATUS_UNVERIFIED;FIRST_PRICE_IS_NOT_LISTING_DATE;PIT_MEMBERSHIP_NOT_FULLY_VERIFIED,Candidate interval only. Not enabled for engine.
TIRT,,,,UNKNOWN,,UNKNOWN,0,False,,,UNKNOWN,UNKNOWN,UNKNOWN,False,False,STRICT: date >= pit_start AND date <= pit_end(if verified) AND date not inside explicit suspension interval,RESEARCH_PROXY: first observed price may define a LOW-confidence start only; never label it official listing,HIGH,LISTING_EVIDENCE_MISSING;DELISTING_STATUS_UNVERIFIED;FIRST_PRICE_IS_NOT_LISTING_DATE;PIT_MEMBERSHIP_NOT_FULLY_VERIFIED,Candidate interval only. Not enabled for engine.
TKIM,,,,UNKNOWN,,UNKNOWN,0,False,,,UNKNOWN,UNKNOWN,UNKNOWN,False,False,STRICT: date >= pit_start AND date <= pit_end(if verified) AND date not inside explicit suspension interval,RESEARCH_PROXY: first observed price may define a LOW-confidence start only; never label it official listing,HIGH,LISTING_EVIDENCE_MISSING;DELISTING_STATUS_UNVERIFIED;FIRST_PRICE_IS_NOT_LISTING_DATE;PIT_MEMBERSHIP_NOT_FULLY_VERIFIED,Candidate interval only. Not enabled for engine.
TLDN,,,,UNKNOWN,,UNKNOWN,0,False,,,UNKNOWN,UNKNOWN,UNKNOWN,False,False,STRICT: date >= pit_start AND date <= pit_end(if verified) AND date not inside explicit suspension interval,RESEARCH_PROXY: first observed price may define a LOW-confidence start only; never label it official listing,HIGH,LISTING_EVIDENCE_MISSING;DELISTING_STATUS_UNVERIFIED;FIRST_PRICE_IS_NOT_LISTING_DATE;PIT_MEMBERSHIP_NOT_FULLY_VERIFIED,Candidate interval only. Not enabled for engine.
TLKM,,,,UNKNOWN,,UNKNOWN,0,False,,,UNKNOWN,UNKNOWN,UNKNOWN,False,False,STRICT: date >= pit_start AND date <= pit_end(if verified) AND date not inside explicit suspension interval,RESEARCH_PROXY: first observed price may define a LOW-confidence start only; never label it official listing,HIGH,LISTING_EVIDENCE_MISSING;DELISTING_STATUS_UNVERIFIED;FIRST_PRICE_IS_NOT_LISTING_DATE;PIT_MEMBERSHIP_NOT_FULLY_VERIFIED,Candidate interval only. Not enabled for engine.
TMAS,,,,UNKNOWN,,UNKNOWN,0,False,,,UNKNOWN,UNKNOWN,UNKNOWN,False,False,STRICT: date >= pit_start AND date <= pit_end(if verified) AND date not inside explicit suspension interval,RESEARCH_PROXY: first observed price may define a LOW-confidence start only; never label it official listing,HIGH,LISTING_EVIDENCE_MISSING;DELISTING_STATUS_UNVERIFIED;FIRST_PRICE_IS_NOT_LISTING_DATE;PIT_MEMBERSHIP_NOT_FULLY_VERIFIED,Candidate interval only. Not enabled for engine.
TMPO,,,,UNKNOWN,,UNKNOWN,0,False,,,UNKNOWN,UNKNOWN,UNKNOWN,False,False,STRICT: date >= pit_start AND date <= pit_end(if verified) AND date not inside explicit suspension interval,RESEARCH_PROXY: first observed price may define a LOW-confidence start only; never label it official listing,HIGH,LISTING_EVIDENCE_MISSING;DELISTING_STATUS_UNVERIFIED;FIRST_PRICE_IS_NOT_LISTING_DATE;PIT_MEMBERSHIP_NOT_FULLY_VERIFIED,Candidate interval only. Not enabled for engine.
TNCA,,,,UNKNOWN,,UNKNOWN,0,False,,,UNKNOWN,UNKNOWN,UNKNOWN,False,False,STRICT: date >= pit_start AND date <= pit_end(if verified) AND date not inside explicit suspension interval,RESEARCH_PROXY: first observed price may define a LOW-confidence start only; never label it official listing,HIGH,LISTING_EVIDENCE_MISSING;DELISTING_STATUS_UNVERIFIED;FIRST_PRICE_IS_NOT_LISTING_DATE;PIT_MEMBERSHIP_NOT_FULLY_VERIFIED,Candidate interval only. Not enabled for engine.
TOBA,,,,UNKNOWN,,UNKNOWN,0,False,,,UNKNOWN,UNKNOWN,UNKNOWN,False,False,STRICT: date >= pit_start AND date <= pit_end(if verified) AND date not inside explicit suspension interval,RESEARCH_PROXY: first observed price may define a LOW-confidence start only; never label it official listing,HIGH,LISTING_EVIDENCE_MISSING;DELISTING_STATUS_UNVERIFIED;FIRST_PRICE_IS_NOT_LISTING_DATE;PIT_MEMBERSHIP_NOT_FULLY_VERIFIED,Candidate interval only. Not enabled for engine.
TOOL,,,,UNKNOWN,,UNKNOWN,0,False,,,UNKNOWN,UNKNOWN,UNKNOWN,False,False,STRICT: date >= pit_start AND date <= pit_end(if verified) AND date not inside explicit suspension interval,RESEARCH_PROXY: first observed price may define a LOW-confidence start only; never label it official listing,HIGH,LISTING_EVIDENCE_MISSING;DELISTING_STATUS_UNVERIFIED;FIRST_PRICE_IS_NOT_LISTING_DATE;PIT_MEMBERSHIP_NOT_FULLY_VERIFIED,Candidate interval only. Not enabled for engine.
TOPS,,,,UNKNOWN,,UNKNOWN,0,False,,,UNKNOWN,UNKNOWN,UNKNOWN,False,False,STRICT: date >= pit_start AND date <= pit_end(if verified) AND date not inside explicit suspension interval,RESEARCH_PROXY: first observed price may define a LOW-confidence start only; never label it official listing,HIGH,LISTING_EVIDENCE_MISSING;DELISTING_STATUS_UNVERIFIED;FIRST_PRICE_IS_NOT_LISTING_DATE;PIT_MEMBERSHIP_NOT_FULLY_VERIFIED,Candidate interval only. Not enabled for engine.
TOTL,,,,UNKNOWN,,UNKNOWN,0,False,,,UNKNOWN,UNKNOWN,UNKNOWN,False,False,STRICT: date >= pit_start AND date <= pit_end(if verified) AND date not inside explicit suspension interval,RESEARCH_PROXY: first observed price may define a LOW-confidence start only; never label it official listing,HIGH,LISTING_EVIDENCE_MISSING;DELISTING_STATUS_UNVERIFIED;FIRST_PRICE_IS_NOT_LISTING_DATE;PIT_MEMBERSHIP_NOT_FULLY_VERIFIED,Candidate interval only. Not enabled for engine.
TOTO,,,,UNKNOWN,,UNKNOWN,0,False,,,UNKNOWN,UNKNOWN,UNKNOWN,False,False,STRICT: date >= pit_start AND date <= pit_end(if verified) AND date not inside explicit suspension interval,RESEARCH_PROXY: first observed price may define a LOW-confidence start only; never label it official listing,HIGH,LISTING_EVIDENCE_MISSING;DELISTING_STATUS_UNVERIFIED;FIRST_PRICE_IS_NOT_LISTING_DATE;PIT_MEMBERSHIP_NOT_FULLY_VERIFIED,Candidate interval only. Not enabled for engine.
TOWR,,,,UNKNOWN,,UNKNOWN,0,False,,,UNKNOWN,UNKNOWN,UNKNOWN,False,False,STRICT: date >= pit_start AND date <= pit_end(if verified) AND date not inside explicit suspension interval,RESEARCH_PROXY: first observed price may define a LOW-confidence start only; never label it official listing,HIGH,LISTING_EVIDENCE_MISSING;DELISTING_STATUS_UNVERIFIED;FIRST_PRICE_IS_NOT_LISTING_DATE;PIT_MEMBERSHIP_NOT_FULLY_VERIFIED,Candidate interval only. Not enabled for engine.
TOYS,,,,UNKNOWN,,UNKNOWN,0,False,,,UNKNOWN,UNKNOWN,UNKNOWN,False,False,STRICT: date >= pit_start AND date <= pit_end(if verified) AND date not inside explicit suspension interval,RESEARCH_PROXY: first observed price may define a LOW-confidence start only; never label it official listing,HIGH,LISTING_EVIDENCE_MISSING;DELISTING_STATUS_UNVERIFIED;FIRST_PRICE_IS_NOT_LISTING_DATE;PIT_MEMBERSHIP_NOT_FULLY_VERIFIED,Candidate interval only. Not enabled for engine.
TPIA,,,,UNKNOWN,,UNKNOWN,0,False,,,UNKNOWN,UNKNOWN,UNKNOWN,False,False,STRICT: date >= pit_start AND date <= pit_end(if verified) AND date not inside explicit suspension interval,RESEARCH_PROXY: first observed price may define a LOW-confidence start only; never label it official listing,HIGH,LISTING_EVIDENCE_MISSING;DELISTING_STATUS_UNVERIFIED;FIRST_PRICE_IS_NOT_LISTING_DATE;PIT_MEMBERSHIP_NOT_FULLY_VERIFIED,Candidate interval only. Not enabled for engine.
TPMA,,,,UNKNOWN,,UNKNOWN,0,False,,,UNKNOWN,UNKNOWN,UNKNOWN,False,False,STRICT: date >= pit_start AND date <= pit_end(if verified) AND date not inside explicit suspension interval,RESEARCH_PROXY: first observed price may define a LOW-confidence start only; never label it official listing,HIGH,LISTING_EVIDENCE_MISSING;DELISTING_STATUS_UNVERIFIED;FIRST_PRICE_IS_NOT_LISTING_DATE;PIT_MEMBERSHIP_NOT_FULLY_VERIFIED,Candidate interval only. Not enabled for engine.
TRGU,,,,UNKNOWN,,UNKNOWN,0,False,,,UNKNOWN,UNKNOWN,UNKNOWN,False,False,STRICT: date >= pit_start AND date <= pit_end(if verified) AND date not inside explicit suspension interval,RESEARCH_PROXY: first observed price may define a LOW-confidence start only; never label it official listing,HIGH,LISTING_EVIDENCE_MISSING;DELISTING_STATUS_UNVERIFIED;FIRST_PRICE_IS_NOT_LISTING_DATE;PIT_MEMBERSHIP_NOT_FULLY_VERIFIED,Candidate interval only. Not enabled for engine.
TRIM,,,,UNKNOWN,,UNKNOWN,0,False,,,UNKNOWN,UNKNOWN,UNKNOWN,False,False,STRICT: date >= pit_start AND date <= pit_end(if verified) AND date not inside explicit suspension interval,RESEARCH_PROXY: first observed price may define a LOW-confidence start only; never label it official listing,HIGH,LISTING_EVIDENCE_MISSING;DELISTING_STATUS_UNVERIFIED;FIRST_PRICE_IS_NOT_LISTING_DATE;PIT_MEMBERSHIP_NOT_FULLY_VERIFIED,Candidate interval only. Not enabled for engine.
TRIN,,,,UNKNOWN,,UNKNOWN,0,False,,,UNKNOWN,UNKNOWN,UNKNOWN,False,False,STRICT: date >= pit_start AND date <= pit_end(if verified) AND date not inside explicit suspension interval,RESEARCH_PROXY: first observed price may define a LOW-confidence start only; never label it official listing,HIGH,LISTING_EVIDENCE_MISSING;DELISTING_STATUS_UNVERIFIED;FIRST_PRICE_IS_NOT_LISTING_DATE;PIT_MEMBERSHIP_NOT_FULLY_VERIFIED,Candidate interval only. Not enabled for engine.
TRIS,,,,UNKNOWN,,UNKNOWN,0,False,,,UNKNOWN,UNKNOWN,UNKNOWN,False,False,STRICT: date >= pit_start AND date <= pit_end(if verified) AND date not inside explicit suspension interval,RESEARCH_PROXY: first observed price may define a LOW-confidence start only; never label it official listing,HIGH,LISTING_EVIDENCE_MISSING;DELISTING_STATUS_UNVERIFIED;FIRST_PRICE_IS_NOT_LISTING_DATE;PIT_MEMBERSHIP_NOT_FULLY_VERIFIED,Candidate interval only. Not enabled for engine.
TRJA,,,,UNKNOWN,,UNKNOWN,0,False,,,UNKNOWN,UNKNOWN,UNKNOWN,False,False,STRICT: date >= pit_start AND date <= pit_end(if verified) AND date not inside explicit suspension interval,RESEARCH_PROXY: first observed price may define a LOW-confidence start only; never label it official listing,HIGH,LISTING_EVIDENCE_MISSING;DELISTING_STATUS_UNVERIFIED;FIRST_PRICE_IS_NOT_LISTING_DATE;PIT_MEMBERSHIP_NOT_FULLY_VERIFIED,Candidate interval only. Not enabled for engine.
TRON,,,,UNKNOWN,,UNKNOWN,0,False,,,UNKNOWN,UNKNOWN,UNKNOWN,False,False,STRICT: date >= pit_start AND date <= pit_end(if verified) AND date not inside explicit suspension interval,RESEARCH_PROXY: first observed price may define a LOW-confidence start only; never label it official listing,HIGH,LISTING_EVIDENCE_MISSING;DELISTING_STATUS_UNVERIFIED;FIRST_PRICE_IS_NOT_LISTING_DATE;PIT_MEMBERSHIP_NOT_FULLY_VERIFIED,Candidate interval only. Not enabled for engine.
TRST,,,,UNKNOWN,,UNKNOWN,0,False,,,UNKNOWN,UNKNOWN,UNKNOWN,False,False,STRICT: date >= pit_start AND date <= pit_end(if verified) AND date not inside explicit suspension interval,RESEARCH_PROXY: first observed price may define a LOW-confidence start only; never label it official listing,HIGH,LISTING_EVIDENCE_MISSING;DELISTING_STATUS_UNVERIFIED;FIRST_PRICE_IS_NOT_LISTING_DATE;PIT_MEMBERSHIP_NOT_FULLY_VERIFIED,Candidate interval only. Not enabled for engine.
TRUE,,,,UNKNOWN,,UNKNOWN,0,False,,,UNKNOWN,UNKNOWN,UNKNOWN,False,False,STRICT: date >= pit_start AND date <= pit_end(if verified) AND date not inside explicit suspension interval,RESEARCH_PROXY: first observed price may define a LOW-confidence start only; never label it official listing,HIGH,LISTING_EVIDENCE_MISSING;DELISTING_STATUS_UNVERIFIED;FIRST_PRICE_IS_NOT_LISTING_DATE;PIT_MEMBERSHIP_NOT_FULLY_VERIFIED,Candidate interval only. Not enabled for engine.
TRUK,,,,UNKNOWN,,UNKNOWN,0,False,,,UNKNOWN,UNKNOWN,UNKNOWN,False,False,STRICT: date >= pit_start AND date <= pit_end(if verified) AND date not inside explicit suspension interval,RESEARCH_PROXY: first observed price may define a LOW-confidence start only; never label it official listing,HIGH,LISTING_EVIDENCE_MISSING;DELISTING_STATUS_UNVERIFIED;FIRST_PRICE_IS_NOT_LISTING_DATE;PIT_MEMBERSHIP_NOT_FULLY_VERIFIED,Candidate interval only. Not enabled for engine.
TRUS,,,,UNKNOWN,,UNKNOWN,0,False,,,UNKNOWN,UNKNOWN,UNKNOWN,False,False,STRICT: date >= pit_start AND date <= pit_end(if verified) AND date not inside explicit suspension interval,RESEARCH_PROXY: first observed price may define a LOW-confidence start only; never label it official listing,HIGH,LISTING_EVIDENCE_MISSING;DELISTING_STATUS_UNVERIFIED;FIRST_PRICE_IS_NOT_LISTING_DATE;PIT_MEMBERSHIP_NOT_FULLY_VERIFIED,Candidate interval only. Not enabled for engine.
TSPC,,,,UNKNOWN,,UNKNOWN,0,False,,,UNKNOWN,UNKNOWN,UNKNOWN,False,False,STRICT: date >= pit_start AND date <= pit_end(if verified) AND date not inside explicit suspension interval,RESEARCH_PROXY: first observed price may define a LOW-confidence start only; never label it official listing,HIGH,LISTING_EVIDENCE_MISSING;DELISTING_STATUS_UNVERIFIED;FIRST_PRICE_IS_NOT_LISTING_DATE;PIT_MEMBERSHIP_NOT_FULLY_VERIFIED,Candidate interval only. Not enabled for engine.
TUGU,,,,UNKNOWN,,UNKNOWN,0,False,,,UNKNOWN,UNKNOWN,UNKNOWN,False,False,STRICT: date >= pit_start AND date <= pit_end(if verified) AND date not inside explicit suspension interval,RESEARCH_PROXY: first observed price may define a LOW-confidence start only; never label it official listing,HIGH,LISTING_EVIDENCE_MISSING;DELISTING_STATUS_UNVERIFIED;FIRST_PRICE_IS_NOT_LISTING_DATE;PIT_MEMBERSHIP_NOT_FULLY_VERIFIED,Candidate interval only. Not enabled for engine.
TYRE,,,,UNKNOWN,,UNKNOWN,0,False,,,UNKNOWN,UNKNOWN,UNKNOWN,False,False,STRICT: date >= pit_start AND date <= pit_end(if verified) AND date not inside explicit suspension interval,RESEARCH_PROXY: first observed price may define a LOW-confidence start only; never label it official listing,HIGH,LISTING_EVIDENCE_MISSING;DELISTING_STATUS_UNVERIFIED;FIRST_PRICE_IS_NOT_LISTING_DATE;PIT_MEMBERSHIP_NOT_FULLY_VERIFIED,Candidate interval only. Not enabled for engine.
UANG,,,,UNKNOWN,,UNKNOWN,0,False,,,UNKNOWN,UNKNOWN,UNKNOWN,False,False,STRICT: date >= pit_start AND date <= pit_end(if verified) AND date not inside explicit suspension interval,RESEARCH_PROXY: first observed price may define a LOW-confidence start only; never label it official listing,HIGH,LISTING_EVIDENCE_MISSING;DELISTING_STATUS_UNVERIFIED;FIRST_PRICE_IS_NOT_LISTING_DATE;PIT_MEMBERSHIP_NOT_FULLY_VERIFIED,Candidate interval only. Not enabled for engine.
UCID,,,,UNKNOWN,,UNKNOWN,0,False,,,UNKNOWN,UNKNOWN,UNKNOWN,False,False,STRICT: date >= pit_start AND date <= pit_end(if verified) AND date not inside explicit suspension interval,RESEARCH_PROXY: first observed price may define a LOW-confidence start only; never label it official listing,HIGH,LISTING_EVIDENCE_MISSING;DELISTING_STATUS_UNVERIFIED;FIRST_PRICE_IS_NOT_LISTING_DATE;PIT_MEMBERSHIP_NOT_FULLY_VERIFIED,Candidate interval only. Not enabled for engine.
UDNG,,,,UNKNOWN,,UNKNOWN,0,False,,,UNKNOWN,UNKNOWN,UNKNOWN,False,False,STRICT: date >= pit_start AND date <= pit_end(if verified) AND date not inside explicit suspension interval,RESEARCH_PROXY: first observed price may define a LOW-confidence start only; never label it official listing,HIGH,LISTING_EVIDENCE_MISSING;DELISTING_STATUS_UNVERIFIED;FIRST_PRICE_IS_NOT_LISTING_DATE;PIT_MEMBERSHIP_NOT_FULLY_VERIFIED,Candidate interval only. Not enabled for engine.
UFOE,,,,UNKNOWN,,UNKNOWN,0,False,,,UNKNOWN,UNKNOWN,UNKNOWN,False,False,STRICT: date >= pit_start AND date <= pit_end(if verified) AND date not inside explicit suspension interval,RESEARCH_PROXY: first observed price may define a LOW-confidence start only; never label it official listing,HIGH,LISTING_EVIDENCE_MISSING;DELISTING_STATUS_UNVERIFIED;FIRST_PRICE_IS_NOT_LISTING_DATE;PIT_MEMBERSHIP_NOT_FULLY_VERIFIED,Candidate interval only. Not enabled for engine.
ULTJ,,,,UNKNOWN,,UNKNOWN,0,False,,,UNKNOWN,UNKNOWN,UNKNOWN,False,False,STRICT: date >= pit_start AND date <= pit_end(if verified) AND date not inside explicit suspension interval,RESEARCH_PROXY: first observed price may define a LOW-confidence start only; never label it official listing,HIGH,LISTING_EVIDENCE_MISSING;DELISTING_STATUS_UNVERIFIED;FIRST_PRICE_IS_NOT_LISTING_DATE;PIT_MEMBERSHIP_NOT_FULLY_VERIFIED,Candidate interval only. Not enabled for engine.
UNIC,,,,UNKNOWN,,UNKNOWN,0,False,,,UNKNOWN,UNKNOWN,UNKNOWN,False,False,STRICT: date >= pit_start AND date <= pit_end(if verified) AND date not inside explicit suspension interval,RESEARCH_PROXY: first observed price may define a LOW-confidence start only; never label it official listing,HIGH,LISTING_EVIDENCE_MISSING;DELISTING_STATUS_UNVERIFIED;FIRST_PRICE_IS_NOT_LISTING_DATE;PIT_MEMBERSHIP_NOT_FULLY_VERIFIED,Candidate interval only. Not enabled for engine.
UNIQ,,,,UNKNOWN,,UNKNOWN,0,False,,,UNKNOWN,UNKNOWN,UNKNOWN,False,False,STRICT: date >= pit_start AND date <= pit_end(if verified) AND date not inside explicit suspension interval,RESEARCH_PROXY: first observed price may define a LOW-confidence start only; never label it official listing,HIGH,LISTING_EVIDENCE_MISSING;DELISTING_STATUS_UNVERIFIED;FIRST_PRICE_IS_NOT_LISTING_DATE;PIT_MEMBERSHIP_NOT_FULLY_VERIFIED,Candidate interval only. Not enabled for engine.
UNSP,,,,UNKNOWN,,UNKNOWN,0,False,,,UNKNOWN,UNKNOWN,UNKNOWN,False,False,STRICT: date >= pit_start AND date <= pit_end(if verified) AND date not inside explicit suspension interval,RESEARCH_PROXY: first observed price may define a LOW-confidence start only; never label it official listing,HIGH,LISTING_EVIDENCE_MISSING;DELISTING_STATUS_UNVERIFIED;FIRST_PRICE_IS_NOT_LISTING_DATE;PIT_MEMBERSHIP_NOT_FULLY_VERIFIED,Candidate interval only. Not enabled for engine.
UNTR,,,,UNKNOWN,,UNKNOWN,0,False,,,UNKNOWN,UNKNOWN,UNKNOWN,False,False,STRICT: date >= pit_start AND date <= pit_end(if verified) AND date not inside explicit suspension interval,RESEARCH_PROXY: first observed price may define a LOW-confidence start only; never label it official listing,HIGH,LISTING_EVIDENCE_MISSING;DELISTING_STATUS_UNVERIFIED;FIRST_PRICE_IS_NOT_LISTING_DATE;PIT_MEMBERSHIP_NOT_FULLY_VERIFIED,Candidate interval only. Not enabled for engine.
UNVR,,,,UNKNOWN,,UNKNOWN,0,False,,,UNKNOWN,UNKNOWN,UNKNOWN,False,False,STRICT: date >= pit_start AND date <= pit_end(if verified) AND date not inside explicit suspension interval,RESEARCH_PROXY: first observed price may define a LOW-confidence start only; never label it official listing,HIGH,LISTING_EVIDENCE_MISSING;DELISTING_STATUS_UNVERIFIED;FIRST_PRICE_IS_NOT_LISTING_DATE;PIT_MEMBERSHIP_NOT_FULLY_VERIFIED,Candidate interval only. Not enabled for engine.
URBN,,,,UNKNOWN,,UNKNOWN,0,False,,,UNKNOWN,UNKNOWN,UNKNOWN,False,False,STRICT: date >= pit_start AND date <= pit_end(if verified) AND date not inside explicit suspension interval,RESEARCH_PROXY: first observed price may define a LOW-confidence start only; never label it official listing,HIGH,LISTING_EVIDENCE_MISSING;DELISTING_STATUS_UNVERIFIED;FIRST_PRICE_IS_NOT_LISTING_DATE;PIT_MEMBERSHIP_NOT_FULLY_VERIFIED,Candidate interval only. Not enabled for engine.
UVCR,,,,UNKNOWN,,UNKNOWN,0,False,,,UNKNOWN,UNKNOWN,UNKNOWN,False,False,STRICT: date >= pit_start AND date <= pit_end(if verified) AND date not inside explicit suspension interval,RESEARCH_PROXY: first observed price may define a LOW-confidence start only; never label it official listing,HIGH,LISTING_EVIDENCE_MISSING;DELISTING_STATUS_UNVERIFIED;FIRST_PRICE_IS_NOT_LISTING_DATE;PIT_MEMBERSHIP_NOT_FULLY_VERIFIED,Candidate interval only. Not enabled for engine.
VAST,,,,UNKNOWN,,UNKNOWN,0,False,,,UNKNOWN,UNKNOWN,UNKNOWN,False,False,STRICT: date >= pit_start AND date <= pit_end(if verified) AND date not inside explicit suspension interval,RESEARCH_PROXY: first observed price may define a LOW-confidence start only; never label it official listing,HIGH,LISTING_EVIDENCE_MISSING;DELISTING_STATUS_UNVERIFIED;FIRST_PRICE_IS_NOT_LISTING_DATE;PIT_MEMBERSHIP_NOT_FULLY_VERIFIED,Candidate interval only. Not enabled for engine.
VERN,,,,UNKNOWN,,UNKNOWN,0,False,,,UNKNOWN,UNKNOWN,UNKNOWN,False,False,STRICT: date >= pit_start AND date <= pit_end(if verified) AND date not inside explicit suspension interval,RESEARCH_PROXY: first observed price may define a LOW-confidence start only; never label it official listing,HIGH,LISTING_EVIDENCE_MISSING;DELISTING_STATUS_UNVERIFIED;FIRST_PRICE_IS_NOT_LISTING_DATE;PIT_MEMBERSHIP_NOT_FULLY_VERIFIED,Candidate interval only. Not enabled for engine.
VICI,,,,UNKNOWN,,UNKNOWN,0,False,,,UNKNOWN,UNKNOWN,UNKNOWN,False,False,STRICT: date >= pit_start AND date <= pit_end(if verified) AND date not inside explicit suspension interval,RESEARCH_PROXY: first observed price may define a LOW-confidence start only; never label it official listing,HIGH,LISTING_EVIDENCE_MISSING;DELISTING_STATUS_UNVERIFIED;FIRST_PRICE_IS_NOT_LISTING_DATE;PIT_MEMBERSHIP_NOT_FULLY_VERIFIED,Candidate interval only. Not enabled for engine.
VICO,,,,UNKNOWN,,UNKNOWN,0,False,,,UNKNOWN,UNKNOWN,UNKNOWN,False,False,STRICT: date >= pit_start AND date <= pit_end(if verified) AND date not inside explicit suspension interval,RESEARCH_PROXY: first observed price may define a LOW-confidence start only; never label it official listing,HIGH,LISTING_EVIDENCE_MISSING;DELISTING_STATUS_UNVERIFIED;FIRST_PRICE_IS_NOT_LISTING_DATE;PIT_MEMBERSHIP_NOT_FULLY_VERIFIED,Candidate interval only. Not enabled for engine.
VINS,,,,UNKNOWN,,UNKNOWN,0,False,,,UNKNOWN,UNKNOWN,UNKNOWN,False,False,STRICT: date >= pit_start AND date <= pit_end(if verified) AND date not inside explicit suspension interval,RESEARCH_PROXY: first observed price may define a LOW-confidence start only; never label it official listing,HIGH,LISTING_EVIDENCE_MISSING;DELISTING_STATUS_UNVERIFIED;FIRST_PRICE_IS_NOT_LISTING_DATE;PIT_MEMBERSHIP_NOT_FULLY_VERIFIED,Candidate interval only. Not enabled for engine.
VISI,,,,UNKNOWN,,UNKNOWN,0,False,,,UNKNOWN,UNKNOWN,UNKNOWN,False,False,STRICT: date >= pit_start AND date <= pit_end(if verified) AND date not inside explicit suspension interval,RESEARCH_PROXY: first observed price may define a LOW-confidence start only; never label it official listing,HIGH,LISTING_EVIDENCE_MISSING;DELISTING_STATUS_UNVERIFIED;FIRST_PRICE_IS_NOT_LISTING_DATE;PIT_MEMBERSHIP_NOT_FULLY_VERIFIED,Candidate interval only. Not enabled for engine.
VIVA,,,,UNKNOWN,,UNKNOWN,0,False,,,UNKNOWN,UNKNOWN,UNKNOWN,False,False,STRICT: date >= pit_start AND date <= pit_end(if verified) AND date not inside explicit suspension interval,RESEARCH_PROXY: first observed price may define a LOW-confidence start only; never label it official listing,HIGH,LISTING_EVIDENCE_MISSING;DELISTING_STATUS_UNVERIFIED;FIRST_PRICE_IS_NOT_LISTING_DATE;PIT_MEMBERSHIP_NOT_FULLY_VERIFIED,Candidate interval only. Not enabled for engine.
VKTR,,,,UNKNOWN,,UNKNOWN,0,False,,,UNKNOWN,UNKNOWN,UNKNOWN,False,False,STRICT: date >= pit_start AND date <= pit_end(if verified) AND date not inside explicit suspension interval,RESEARCH_PROXY: first observed price may define a LOW-confidence start only; never label it official listing,HIGH,LISTING_EVIDENCE_MISSING;DELISTING_STATUS_UNVERIFIED;FIRST_PRICE_IS_NOT_LISTING_DATE;PIT_MEMBERSHIP_NOT_FULLY_VERIFIED,Candidate interval only. Not enabled for engine.
VOKS,,,,UNKNOWN,,UNKNOWN,0,False,,,UNKNOWN,UNKNOWN,UNKNOWN,False,False,STRICT: date >= pit_start AND date <= pit_end(if verified) AND date not inside explicit suspension interval,RESEARCH_PROXY: first observed price may define a LOW-confidence start only; never label it official listing,HIGH,LISTING_EVIDENCE_MISSING;DELISTING_STATUS_UNVERIFIED;FIRST_PRICE_IS_NOT_LISTING_DATE;PIT_MEMBERSHIP_NOT_FULLY_VERIFIED,Candidate interval only. Not enabled for engine.
VRNA,,,,UNKNOWN,,UNKNOWN,0,False,,,UNKNOWN,UNKNOWN,UNKNOWN,False,False,STRICT: date >= pit_start AND date <= pit_end(if verified) AND date not inside explicit suspension interval,RESEARCH_PROXY: first observed price may define a LOW-confidence start only; never label it official listing,HIGH,LISTING_EVIDENCE_MISSING;DELISTING_STATUS_UNVERIFIED;FIRST_PRICE_IS_NOT_LISTING_DATE;PIT_MEMBERSHIP_NOT_FULLY_VERIFIED,Candidate interval only. Not enabled for engine.
VTNY,,,,UNKNOWN,,UNKNOWN,0,False,,,UNKNOWN,UNKNOWN,UNKNOWN,False,False,STRICT: date >= pit_start AND date <= pit_end(if verified) AND date not inside explicit suspension interval,RESEARCH_PROXY: first observed price may define a LOW-confidence start only; never label it official listing,HIGH,LISTING_EVIDENCE_MISSING;DELISTING_STATUS_UNVERIFIED;FIRST_PRICE_IS_NOT_LISTING_DATE;PIT_MEMBERSHIP_NOT_FULLY_VERIFIED,Candidate interval only. Not enabled for engine.
WAPO,,,,UNKNOWN,,UNKNOWN,0,False,,,UNKNOWN,UNKNOWN,UNKNOWN,False,False,STRICT: date >= pit_start AND date <= pit_end(if verified) AND date not inside explicit suspension interval,RESEARCH_PROXY: first observed price may define a LOW-confidence start only; never label it official listing,HIGH,LISTING_EVIDENCE_MISSING;DELISTING_STATUS_UNVERIFIED;FIRST_PRICE_IS_NOT_LISTING_DATE;PIT_MEMBERSHIP_NOT_FULLY_VERIFIED,Candidate interval only. Not enabled for engine.
WEGE,,,,UNKNOWN,,UNKNOWN,0,False,,,UNKNOWN,UNKNOWN,UNKNOWN,False,False,STRICT: date >= pit_start AND date <= pit_end(if verified) AND date not inside explicit suspension interval,RESEARCH_PROXY: first observed price may define a LOW-confidence start only; never label it official listing,HIGH,LISTING_EVIDENCE_MISSING;DELISTING_STATUS_UNVERIFIED;FIRST_PRICE_IS_NOT_LISTING_DATE;PIT_MEMBERSHIP_NOT_FULLY_VERIFIED,Candidate interval only. Not enabled for engine.
WEHA,,,,UNKNOWN,,UNKNOWN,0,False,,,UNKNOWN,UNKNOWN,UNKNOWN,False,False,STRICT: date >= pit_start AND date <= pit_end(if verified) AND date not inside explicit suspension interval,RESEARCH_PROXY: first observed price may define a LOW-confidence start only; never label it official listing,HIGH,LISTING_EVIDENCE_MISSING;DELISTING_STATUS_UNVERIFIED;FIRST_PRICE_IS_NOT_LISTING_DATE;PIT_MEMBERSHIP_NOT_FULLY_VERIFIED,Candidate interval only. Not enabled for engine.
WICO,,,,UNKNOWN,,UNKNOWN,0,False,,,UNKNOWN,UNKNOWN,UNKNOWN,False,False,STRICT: date >= pit_start AND date <= pit_end(if verified) AND date not inside explicit suspension interval,RESEARCH_PROXY: first observed price may define a LOW-confidence start only; never label it official listing,HIGH,LISTING_EVIDENCE_MISSING;DELISTING_STATUS_UNVERIFIED;FIRST_PRICE_IS_NOT_LISTING_DATE;PIT_MEMBERSHIP_NOT_FULLY_VERIFIED,Candidate interval only. Not enabled for engine.
WIFI,,,,UNKNOWN,,UNKNOWN,0,False,,,UNKNOWN,UNKNOWN,UNKNOWN,False,False,STRICT: date >= pit_start AND date <= pit_end(if verified) AND date not inside explicit suspension interval,RESEARCH_PROXY: first observed price may define a LOW-confidence start only; never label it official listing,HIGH,LISTING_EVIDENCE_MISSING;DELISTING_STATUS_UNVERIFIED;FIRST_PRICE_IS_NOT_LISTING_DATE;PIT_MEMBERSHIP_NOT_FULLY_VERIFIED,Candidate interval only. Not enabled for engine.
WIIM,,,,UNKNOWN,,UNKNOWN,0,False,,,UNKNOWN,UNKNOWN,UNKNOWN,False,False,STRICT: date >= pit_start AND date <= pit_end(if verified) AND date not inside explicit suspension interval,RESEARCH_PROXY: first observed price may define a LOW-confidence start only; never label it official listing,HIGH,LISTING_EVIDENCE_MISSING;DELISTING_STATUS_UNVERIFIED;FIRST_PRICE_IS_NOT_LISTING_DATE;PIT_MEMBERSHIP_NOT_FULLY_VERIFIED,Candidate interval only. Not enabled for engine.
WIKA,,,,UNKNOWN,,UNKNOWN,0,False,,,UNKNOWN,UNKNOWN,UNKNOWN,False,False,STRICT: date >= pit_start AND date <= pit_end(if verified) AND date not inside explicit suspension interval,RESEARCH_PROXY: first observed price may define a LOW-confidence start only; never label it official listing,HIGH,LISTING_EVIDENCE_MISSING;DELISTING_STATUS_UNVERIFIED;FIRST_PRICE_IS_NOT_LISTING_DATE;PIT_MEMBERSHIP_NOT_FULLY_VERIFIED,Candidate interval only. Not enabled for engine.
WINE,,,,UNKNOWN,,UNKNOWN,0,False,,,UNKNOWN,UNKNOWN,UNKNOWN,False,False,STRICT: date >= pit_start AND date <= pit_end(if verified) AND date not inside explicit suspension interval,RESEARCH_PROXY: first observed price may define a LOW-confidence start only; never label it official listing,HIGH,LISTING_EVIDENCE_MISSING;DELISTING_STATUS_UNVERIFIED;FIRST_PRICE_IS_NOT_LISTING_DATE;PIT_MEMBERSHIP_NOT_FULLY_VERIFIED,Candidate interval only. Not enabled for engine.
WINR,,,,UNKNOWN,,UNKNOWN,0,False,,,UNKNOWN,UNKNOWN,UNKNOWN,False,False,STRICT: date >= pit_start AND date <= pit_end(if verified) AND date not inside explicit suspension interval,RESEARCH_PROXY: first observed price may define a LOW-confidence start only; never label it official listing,HIGH,LISTING_EVIDENCE_MISSING;DELISTING_STATUS_UNVERIFIED;FIRST_PRICE_IS_NOT_LISTING_DATE;PIT_MEMBERSHIP_NOT_FULLY_VERIFIED,Candidate interval only. Not enabled for engine.
WINS,,,,UNKNOWN,,UNKNOWN,0,False,,,UNKNOWN,UNKNOWN,UNKNOWN,False,False,STRICT: date >= pit_start AND date <= pit_end(if verified) AND date not inside explicit suspension interval,RESEARCH_PROXY: first observed price may define a LOW-confidence start only; never label it official listing,HIGH,LISTING_EVIDENCE_MISSING;DELISTING_STATUS_UNVERIFIED;FIRST_PRICE_IS_NOT_LISTING_DATE;PIT_MEMBERSHIP_NOT_FULLY_VERIFIED,Candidate interval only. Not enabled for engine.
WIRG,,,,UNKNOWN,,UNKNOWN,0,False,,,UNKNOWN,UNKNOWN,UNKNOWN,False,False,STRICT: date >= pit_start AND date <= pit_end(if verified) AND date not inside explicit suspension interval,RESEARCH_PROXY: first observed price may define a LOW-confidence start only; never label it official listing,HIGH,LISTING_EVIDENCE_MISSING;DELISTING_STATUS_UNVERIFIED;FIRST_PRICE_IS_NOT_LISTING_DATE;PIT_MEMBERSHIP_NOT_FULLY_VERIFIED,Candidate interval only. Not enabled for engine.
WMPP,,,,UNKNOWN,,UNKNOWN,0,False,,,UNKNOWN,UNKNOWN,UNKNOWN,False,False,STRICT: date >= pit_start AND date <= pit_end(if verified) AND date not inside explicit suspension interval,RESEARCH_PROXY: first observed price may define a LOW-confidence start only; never label it official listing,HIGH,LISTING_EVIDENCE_MISSING;DELISTING_STATUS_UNVERIFIED;FIRST_PRICE_IS_NOT_LISTING_DATE;PIT_MEMBERSHIP_NOT_FULLY_VERIFIED,Candidate interval only. Not enabled for engine.
WMUU,,,,UNKNOWN,,UNKNOWN,0,False,,,UNKNOWN,UNKNOWN,UNKNOWN,False,False,STRICT: date >= pit_start AND date <= pit_end(if verified) AND date not inside explicit suspension interval,RESEARCH_PROXY: first observed price may define a LOW-confidence start only; never label it official listing,HIGH,LISTING_EVIDENCE_MISSING;DELISTING_STATUS_UNVERIFIED;FIRST_PRICE_IS_NOT_LISTING_DATE;PIT_MEMBERSHIP_NOT_FULLY_VERIFIED,Candidate interval only. Not enabled for engine.
WOMF,,,,UNKNOWN,,UNKNOWN,0,False,,,UNKNOWN,UNKNOWN,UNKNOWN,False,False,STRICT: date >= pit_start AND date <= pit_end(if verified) AND date not inside explicit suspension interval,RESEARCH_PROXY: first observed price may define a LOW-confidence start only; never label it official listing,HIGH,LISTING_EVIDENCE_MISSING;DELISTING_STATUS_UNVERIFIED;FIRST_PRICE_IS_NOT_LISTING_DATE;PIT_MEMBERSHIP_NOT_FULLY_VERIFIED,Candidate interval only. Not enabled for engine.
WOOD,,,,UNKNOWN,,UNKNOWN,0,False,,,UNKNOWN,UNKNOWN,UNKNOWN,False,False,STRICT: date >= pit_start AND date <= pit_end(if verified) AND date not inside explicit suspension interval,RESEARCH_PROXY: first observed price may define a LOW-confidence start only; never label it official listing,HIGH,LISTING_EVIDENCE_MISSING;DELISTING_STATUS_UNVERIFIED;FIRST_PRICE_IS_NOT_LISTING_DATE;PIT_MEMBERSHIP_NOT_FULLY_VERIFIED,Candidate interval only. Not enabled for engine.
WOWS,,,,UNKNOWN,,UNKNOWN,0,False,,,UNKNOWN,UNKNOWN,UNKNOWN,False,False,STRICT: date >= pit_start AND date <= pit_end(if verified) AND date not inside explicit suspension interval,RESEARCH_PROXY: first observed price may define a LOW-confidence start only; never label it official listing,HIGH,LISTING_EVIDENCE_MISSING;DELISTING_STATUS_UNVERIFIED;FIRST_PRICE_IS_NOT_LISTING_DATE;PIT_MEMBERSHIP_NOT_FULLY_VERIFIED,Candidate interval only. Not enabled for engine.
WSBP,,,,UNKNOWN,,UNKNOWN,0,False,,,UNKNOWN,UNKNOWN,UNKNOWN,False,False,STRICT: date >= pit_start AND date <= pit_end(if verified) AND date not inside explicit suspension interval,RESEARCH_PROXY: first observed price may define a LOW-confidence start only; never label it official listing,HIGH,LISTING_EVIDENCE_MISSING;DELISTING_STATUS_UNVERIFIED;FIRST_PRICE_IS_NOT_LISTING_DATE;PIT_MEMBERSHIP_NOT_FULLY_VERIFIED,Candidate interval only. Not enabled for engine.
WSKT,,,,UNKNOWN,,UNKNOWN,0,False,,,UNKNOWN,UNKNOWN,UNKNOWN,False,False,STRICT: date >= pit_start AND date <= pit_end(if verified) AND date not inside explicit suspension interval,RESEARCH_PROXY: first observed price may define a LOW-confidence start only; never label it official listing,HIGH,LISTING_EVIDENCE_MISSING;DELISTING_STATUS_UNVERIFIED;FIRST_PRICE_IS_NOT_LISTING_DATE;PIT_MEMBERSHIP_NOT_FULLY_VERIFIED,Candidate interval only. Not enabled for engine.
WTON,,,,UNKNOWN,,UNKNOWN,0,False,,,UNKNOWN,UNKNOWN,UNKNOWN,False,False,STRICT: date >= pit_start AND date <= pit_end(if verified) AND date not inside explicit suspension interval,RESEARCH_PROXY: first observed price may define a LOW-confidence start only; never label it official listing,HIGH,LISTING_EVIDENCE_MISSING;DELISTING_STATUS_UNVERIFIED;FIRST_PRICE_IS_NOT_LISTING_DATE;PIT_MEMBERSHIP_NOT_FULLY_VERIFIED,Candidate interval only. Not enabled for engine.
YELO,,,,UNKNOWN,,UNKNOWN,0,False,,,UNKNOWN,UNKNOWN,UNKNOWN,False,False,STRICT: date >= pit_start AND date <= pit_end(if verified) AND date not inside explicit suspension interval,RESEARCH_PROXY: first observed price may define a LOW-confidence start only; never label it official listing,HIGH,LISTING_EVIDENCE_MISSING;DELISTING_STATUS_UNVERIFIED;FIRST_PRICE_IS_NOT_LISTING_DATE;PIT_MEMBERSHIP_NOT_FULLY_VERIFIED,Candidate interval only. Not enabled for engine.
YOII,,,,UNKNOWN,,UNKNOWN,0,False,,,UNKNOWN,UNKNOWN,UNKNOWN,False,False,STRICT: date >= pit_start AND date <= pit_end(if verified) AND date not inside explicit suspension interval,RESEARCH_PROXY: first observed price may define a LOW-confidence start only; never label it official listing,HIGH,LISTING_EVIDENCE_MISSING;DELISTING_STATUS_UNVERIFIED;FIRST_PRICE_IS_NOT_LISTING_DATE;PIT_MEMBERSHIP_NOT_FULLY_VERIFIED,Candidate interval only. Not enabled for engine.
YPAS,,,,UNKNOWN,,UNKNOWN,0,False,,,UNKNOWN,UNKNOWN,UNKNOWN,False,False,STRICT: date >= pit_start AND date <= pit_end(if verified) AND date not inside explicit suspension interval,RESEARCH_PROXY: first observed price may define a LOW-confidence start only; never label it official listing,HIGH,LISTING_EVIDENCE_MISSING;DELISTING_STATUS_UNVERIFIED;FIRST_PRICE_IS_NOT_LISTING_DATE;PIT_MEMBERSHIP_NOT_FULLY_VERIFIED,Candidate interval only. Not enabled for engine.
YULE,,,,UNKNOWN,,UNKNOWN,0,False,,,UNKNOWN,UNKNOWN,UNKNOWN,False,False,STRICT: date >= pit_start AND date <= pit_end(if verified) AND date not inside explicit suspension interval,RESEARCH_PROXY: first observed price may define a LOW-confidence start only; never label it official listing,HIGH,LISTING_EVIDENCE_MISSING;DELISTING_STATUS_UNVERIFIED;FIRST_PRICE_IS_NOT_LISTING_DATE;PIT_MEMBERSHIP_NOT_FULLY_VERIFIED,Candidate interval only. Not enabled for engine.
YUPI,,,,UNKNOWN,,UNKNOWN,0,False,,,UNKNOWN,UNKNOWN,UNKNOWN,False,False,STRICT: date >= pit_start AND date <= pit_end(if verified) AND date not inside explicit suspension interval,RESEARCH_PROXY: first observed price may define a LOW-confidence start only; never label it official listing,HIGH,LISTING_EVIDENCE_MISSING;DELISTING_STATUS_UNVERIFIED;FIRST_PRICE_IS_NOT_LISTING_DATE;PIT_MEMBERSHIP_NOT_FULLY_VERIFIED,Candidate interval only. Not enabled for engine.
ZATA,,,,UNKNOWN,,UNKNOWN,0,False,,,UNKNOWN,UNKNOWN,UNKNOWN,False,False,STRICT: date >= pit_start AND date <= pit_end(if verified) AND date not inside explicit suspension interval,RESEARCH_PROXY: first observed price may define a LOW-confidence start only; never label it official listing,HIGH,LISTING_EVIDENCE_MISSING;DELISTING_STATUS_UNVERIFIED;FIRST_PRICE_IS_NOT_LISTING_DATE;PIT_MEMBERSHIP_NOT_FULLY_VERIFIED,Candidate interval only. Not enabled for engine.
ZBRA,,,,UNKNOWN,,UNKNOWN,0,False,,,UNKNOWN,UNKNOWN,UNKNOWN,False,False,STRICT: date >= pit_start AND date <= pit_end(if verified) AND date not inside explicit suspension interval,RESEARCH_PROXY: first observed price may define a LOW-confidence start only; never label it official listing,HIGH,LISTING_EVIDENCE_MISSING;DELISTING_STATUS_UNVERIFIED;FIRST_PRICE_IS_NOT_LISTING_DATE;PIT_MEMBERSHIP_NOT_FULLY_VERIFIED,Candidate interval only. Not enabled for engine.
ZINC,,,,UNKNOWN,,UNKNOWN,0,False,,,UNKNOWN,UNKNOWN,UNKNOWN,False,False,STRICT: date >= pit_start AND date <= pit_end(if verified) AND date not inside explicit suspension interval,RESEARCH_PROXY: first observed price may define a LOW-confidence start only; never label it official listing,HIGH,LISTING_EVIDENCE_MISSING;DELISTING_STATUS_UNVERIFIED;FIRST_PRICE_IS_NOT_LISTING_DATE;PIT_MEMBERSHIP_NOT_FULLY_VERIFIED,Candidate interval only. Not enabled for engine.
ZONE,,,,UNKNOWN,,UNKNOWN,0,False,,,UNKNOWN,UNKNOWN,UNKNOWN,False,False,STRICT: date >= pit_start AND date <= pit_end(if verified) AND date not inside explicit suspension interval,RESEARCH_PROXY: first observed price may define a LOW-confidence start only; never label it official listing,HIGH,LISTING_EVIDENCE_MISSING;DELISTING_STATUS_UNVERIFIED;FIRST_PRICE_IS_NOT_LISTING_DATE;PIT_MEMBERSHIP_NOT_FULLY_VERIFIED,Candidate interval only. Not enabled for engine.
ZYRX,,,,UNKNOWN,,UNKNOWN,0,False,,,UNKNOWN,UNKNOWN,UNKNOWN,False,False,STRICT: date >= pit_start AND date <= pit_end(if verified) AND date not inside explicit suspension interval,RESEARCH_PROXY: first observed price may define a LOW-confidence start only; never label it official listing,HIGH,LISTING_EVIDENCE_MISSING;DELISTING_STATUS_UNVERIFIED;FIRST_PRICE_IS_NOT_LISTING_DATE;PIT_MEMBERSHIP_NOT_FULLY_VERIFIED,Candidate interval only. Not enabled for engine.
