ticker,latest_date,lag_days,history_rows,median_value_20d,median_value_60d,annualized_volatility_20d,history_gate,recency_gate,liquidity_20d_gate,liquidity_60d_gate,volatility_flag,research_universe_eligible,liquidity_bucket,gate_failures,primary_class,secondary_class,index_membership_current_snapshot,conglomerate_group_current_snapshot,classification_confidence,historical_membership_verified,pit_safe_for_backtest,research_priority,review_reason,review_priority
ABBA,2026-10-06,1,717,0.0,0.0,0.0,True,True,False,False,False,False,RESEARCH_ONLY,median_value_20d<1bn;median_value_60d<1bn,UNCLASSIFIED,,,,LOW,False,False,EXCLUDED,median_value_20d<1bn;median_value_60d<1bn,MEDIUM
ABDA,2026-10-07,0,716,12568000.0,7449000.0,0.14266059105140125,True,True,False,False,False,False,RESEARCH_ONLY,median_value_20d<1bn;median_value_60d<1bn,UNCLASSIFIED,,,,LOW,False,False,EXCLUDED,median_value_20d<1bn;median_value_60d<1bn,MEDIUM
ACRO,2026-10-07,0,651,425722450.0,364747600.0,0.6727522064102032,True,True,False,False,False,False,RESEARCH_ONLY,median_value_20d<1bn;median_value_60d<1bn,UNCLASSIFIED,,,,LOW,False,False,EXCLUDED,median_value_20d<1bn;median_value_60d<1bn,MEDIUM
ACST,2026-10-05,2,3264,145437750.0,30893400.0,1.1107943364767234,True,True,False,False,False,False,RESEARCH_ONLY,median_value_20d<1bn;median_value_60d<1bn,UNCLASSIFIED,,,,LOW,False,False,EXCLUDED,median_value_20d<1bn;median_value_60d<1bn,MEDIUM
ADCP,2026-10-06,1,718,0.0,0.0,0.0,True,True,False,False,False,False,RESEARCH_ONLY,median_value_20d<1bn;median_value_60d<1bn,UNCLASSIFIED,,,,LOW,False,False,EXCLUDED,median_value_20d<1bn;median_value_60d<1bn,MEDIUM
ADES,2026-10-05,2,4121,373005000.0,553377500.0,0.4811525429651837,True,True,False,False,False,False,RESEARCH_ONLY,median_value_20d<1bn;median_value_60d<1bn,UNCLASSIFIED,,,,LOW,False,False,EXCLUDED,median_value_20d<1bn;median_value_60d<1bn,MEDIUM
ADHI,2026-10-05,2,4122,0.0,0.0,0.0,True,True,False,False,False,False,RESEARCH_ONLY,median_value_20d<1bn;median_value_60d<1bn,BUMN_AFFILIATED,BUMN_AFFILIATED,,,MEDIUM,False,False,EXCLUDED,median_value_20d<1bn;median_value_60d<1bn,MEDIUM
ADMF,2026-10-07,0,717,348162500.0,353362500.0,0.2125913841933352,True,True,False,False,False,False,RESEARCH_ONLY,median_value_20d<1bn;median_value_60d<1bn,UNCLASSIFIED,,,,LOW,False,False,EXCLUDED,median_value_20d<1bn;median_value_60d<1bn,MEDIUM
ADMG,2026-10-07,0,717,141411800.0,181669000.0,0.29103163531557563,True,True,False,False,False,False,RESEARCH_ONLY,median_value_20d<1bn;median_value_60d<1bn,UNCLASSIFIED,,,,LOW,False,False,EXCLUDED,median_value_20d<1bn;median_value_60d<1bn,MEDIUM
AGAR,2026-10-07,0,718,3214836000.0,233568500.0,2.289380378483142,True,True,True,False,False,False,RESEARCH_ONLY,median_value_60d<1bn,UNCLASSIFIED,,,,LOW,False,False,EXCLUDED,median_value_60d<1bn,MEDIUM
AGII,2026-10-07,0,716,745560500.0,482318000.0,0.5644260361052621,True,True,False,False,False,False,RESEARCH_ONLY,median_value_20d<1bn;median_value_60d<1bn,UNCLASSIFIED,,,,LOW,False,False,EXCLUDED,median_value_20d<1bn;median_value_60d<1bn,MEDIUM
AGRO,2026-10-05,2,4120,666647300.0,649124250.0,0.19707353416735984,True,True,False,False,False,False,RESEARCH_ONLY,median_value_20d<1bn;median_value_60d<1bn,UNCLASSIFIED,,,,LOW,False,False,EXCLUDED,median_value_20d<1bn;median_value_60d<1bn,MEDIUM
AGRS,2026-10-07,0,716,243763350.0,256374600.0,0.45228728199642326,True,True,False,False,False,False,RESEARCH_ONLY,median_value_20d<1bn;median_value_60d<1bn,UNCLASSIFIED,,,,LOW,False,False,EXCLUDED,median_value_20d<1bn;median_value_60d<1bn,MEDIUM
AIMS,2026-10-07,0,717,388001100.0,179317800.0,1.4056817079617678,True,True,False,False,False,False,RESEARCH_ONLY,median_value_20d<1bn;median_value_60d<1bn,UNCLASSIFIED,,,,LOW,False,False,EXCLUDED,median_value_20d<1bn;median_value_60d<1bn,MEDIUM
AISA,2026-10-07,0,716,655776100.0,617100600.0,0.5482344330374681,True,True,False,False,False,False,RESEARCH_ONLY,median_value_20d<1bn;median_value_60d<1bn,UNCLASSIFIED,,,,LOW,False,False,EXCLUDED,median_value_20d<1bn;median_value_60d<1bn,MEDIUM
AKKU,2026-10-07,0,721,49642800.0,0.0,2.180296013482339,True,True,False,False,False,False,RESEARCH_ONLY,median_value_20d<1bn;median_value_60d<1bn,UNCLASSIFIED,,,,LOW,False,False,EXCLUDED,median_value_20d<1bn;median_value_60d<1bn,MEDIUM
AKPI,2026-10-07,0,717,171430500.0,115910250.0,0.2998976348497278,True,True,False,False,False,False,RESEARCH_ONLY,median_value_20d<1bn;median_value_60d<1bn,UNCLASSIFIED,,,,LOW,False,False,EXCLUDED,median_value_20d<1bn;median_value_60d<1bn,MEDIUM
AKSI,2026-10-07,0,717,589501000.0,169706000.0,1.0709691216344885,True,True,False,False,False,False,RESEARCH_ONLY,median_value_20d<1bn;median_value_60d<1bn,UNCLASSIFIED,,,,LOW,False,False,EXCLUDED,median_value_20d<1bn;median_value_60d<1bn,MEDIUM
ALDO,2026-10-07,0,716,109292500.0,79713000.0,0.9665548540277508,True,True,False,False,False,False,RESEARCH_ONLY,median_value_20d<1bn;median_value_60d<1bn,UNCLASSIFIED,,,,LOW,False,False,EXCLUDED,median_value_20d<1bn;median_value_60d<1bn,MEDIUM
ALKA,2026-10-07,0,718,207475000.0,261904500.0,1.8778621589562015,True,True,False,False,False,False,RESEARCH_ONLY,median_value_20d<1bn;median_value_60d<1bn,UNCLASSIFIED,,,,LOW,False,False,EXCLUDED,median_value_20d<1bn;median_value_60d<1bn,MEDIUM
ALMI,2026-10-06,1,720,0.0,0.0,0.0,True,True,False,False,False,False,RESEARCH_ONLY,median_value_20d<1bn;median_value_60d<1bn,UNCLASSIFIED,,,,LOW,False,False,EXCLUDED,median_value_20d<1bn;median_value_60d<1bn,MEDIUM
ALTO,2026-10-05,2,3501,0.0,0.0,0.0,True,True,False,False,False,False,RESEARCH_ONLY,median_value_20d<1bn;median_value_60d<1bn,UNCLASSIFIED,,,,LOW,False,False,EXCLUDED,median_value_20d<1bn;median_value_60d<1bn,MEDIUM
AMAG,2026-10-07,0,716,11756400.0,18050300.0,0.07772406748719021,True,True,False,False,False,False,RESEARCH_ONLY,median_value_20d<1bn;median_value_60d<1bn,UNCLASSIFIED,,,,LOW,False,False,EXCLUDED,median_value_20d<1bn;median_value_60d<1bn,MEDIUM
AMAN,2026-10-07,0,716,50372500.0,64659800.0,0.6117591444378125,True,True,False,False,False,False,RESEARCH_ONLY,median_value_20d<1bn;median_value_60d<1bn,UNCLASSIFIED,,,,LOW,False,False,EXCLUDED,median_value_20d<1bn;median_value_60d<1bn,MEDIUM
AMAR,2026-10-07,0,716,84850500.0,85702500.0,0.21122219534875344,True,True,False,False,False,False,RESEARCH_ONLY,median_value_20d<1bn;median_value_60d<1bn,UNCLASSIFIED,,,,LOW,False,False,EXCLUDED,median_value_20d<1bn;median_value_60d<1bn,MEDIUM
AMFG,2026-10-07,0,717,20949000.0,20949000.0,0.2512219891715124,True,True,False,False,False,False,RESEARCH_ONLY,median_value_20d<1bn;median_value_60d<1bn,UNCLASSIFIED,,,,LOW,False,False,EXCLUDED,median_value_20d<1bn;median_value_60d<1bn,MEDIUM
AMIN,2026-10-07,0,716,38966000.0,13406700.0,0.36228789119513494,True,True,False,False,False,False,RESEARCH_ONLY,median_value_20d<1bn;median_value_60d<1bn,UNCLASSIFIED,,,,LOW,False,False,EXCLUDED,median_value_20d<1bn;median_value_60d<1bn,MEDIUM
AMMS,2026-10-07,0,716,48795000.0,84327000.0,0.505316650774486,True,True,False,False,False,False,RESEARCH_ONLY,median_value_20d<1bn;median_value_60d<1bn,UNCLASSIFIED,,,,LOW,False,False,EXCLUDED,median_value_20d<1bn;median_value_60d<1bn,MEDIUM
AMOR,2026-10-07,0,716,39647300.0,32117400.0,0.1746086677388684,True,True,False,False,False,False,RESEARCH_ONLY,median_value_20d<1bn;median_value_60d<1bn,UNCLASSIFIED,,,,LOW,False,False,EXCLUDED,median_value_20d<1bn;median_value_60d<1bn,MEDIUM
ANDI,2026-10-07,0,716,322995200.0,90891200.0,1.6515062012830144,True,True,False,False,False,False,RESEARCH_ONLY,median_value_20d<1bn;median_value_60d<1bn,UNCLASSIFIED,,,,LOW,False,False,EXCLUDED,median_value_20d<1bn;median_value_60d<1bn,MEDIUM
ANJT,2026-10-07,0,716,75941750.0,97324750.0,0.22902370711317918,True,True,False,False,False,False,RESEARCH_ONLY,median_value_20d<1bn;median_value_60d<1bn,UNCLASSIFIED,,,,LOW,False,False,EXCLUDED,median_value_20d<1bn;median_value_60d<1bn,MEDIUM
APIC,2026-10-07,0,716,529260000.0,484894750.0,0.6052033195947861,True,True,False,False,False,False,RESEARCH_ONLY,median_value_20d<1bn;median_value_60d<1bn,UNCLASSIFIED,,,,LOW,False,False,EXCLUDED,median_value_20d<1bn;median_value_60d<1bn,MEDIUM
APII,2026-10-07,0,716,97943600.0,23288950.0,0.44794883955785786,True,True,False,False,False,False,RESEARCH_ONLY,median_value_20d<1bn;median_value_60d<1bn,UNCLASSIFIED,,,,LOW,False,False,EXCLUDED,median_value_20d<1bn;median_value_60d<1bn,MEDIUM
APLI,2026-10-07,0,717,56194800.0,48537000.0,0.4283537641791018,True,True,False,False,False,False,RESEARCH_ONLY,median_value_20d<1bn;median_value_60d<1bn,UNCLASSIFIED,,,,LOW,False,False,EXCLUDED,median_value_20d<1bn;median_value_60d<1bn,MEDIUM
AREA,2026-10-07,0,600,628189200.0,426753600.0,0.4044056847985918,True,True,False,False,False,False,RESEARCH_ONLY,median_value_20d<1bn;median_value_60d<1bn,UNCLASSIFIED,,,,LOW,False,False,EXCLUDED,median_value_20d<1bn;median_value_60d<1bn,MEDIUM
ARGO,2026-10-07,0,716,212252500.0,228521250.0,0.5805147703684775,True,True,False,False,False,False,RESEARCH_ONLY,median_value_20d<1bn;median_value_60d<1bn,UNCLASSIFIED,,,,LOW,False,False,EXCLUDED,median_value_20d<1bn;median_value_60d<1bn,MEDIUM
ARII,2026-10-07,0,716,83505900.0,45550500.0,0.6970415721996958,True,True,False,False,False,False,RESEARCH_ONLY,median_value_20d<1bn;median_value_60d<1bn,UNCLASSIFIED,,,,LOW,False,False,EXCLUDED,median_value_20d<1bn;median_value_60d<1bn,MEDIUM
ARKA,2026-10-06,1,717,0.0,0.0,0.0,True,True,False,False,False,False,RESEARCH_ONLY,median_value_20d<1bn;median_value_60d<1bn,UNCLASSIFIED,,,,LOW,False,False,EXCLUDED,median_value_20d<1bn;median_value_60d<1bn,MEDIUM
ARTA,2026-10-07,0,717,5909500.0,8873000.0,0.6459378813067496,True,True,False,False,False,False,RESEARCH_ONLY,median_value_20d<1bn;median_value_60d<1bn,UNCLASSIFIED,,,,LOW,False,False,EXCLUDED,median_value_20d<1bn;median_value_60d<1bn,MEDIUM
ARTI,2026-10-06,1,720,0.0,0.0,0.0,True,True,False,False,False,False,RESEARCH_ONLY,median_value_20d<1bn;median_value_60d<1bn,UNCLASSIFIED,,,,LOW,False,False,EXCLUDED,median_value_20d<1bn;median_value_60d<1bn,MEDIUM
ASBI,2026-10-07,0,717,3422800.0,3014400.0,0.1602576534476578,True,True,False,False,False,False,RESEARCH_ONLY,median_value_20d<1bn;median_value_60d<1bn,UNCLASSIFIED,,,,LOW,False,False,EXCLUDED,median_value_20d<1bn;median_value_60d<1bn,MEDIUM
ASDM,2026-10-07,0,717,2408000.0,6587500.0,0.12350463770050768,True,True,False,False,False,False,RESEARCH_ONLY,median_value_20d<1bn;median_value_60d<1bn,UNCLASSIFIED,,,,LOW,False,False,EXCLUDED,median_value_20d<1bn;median_value_60d<1bn,MEDIUM
ASJT,2026-10-07,0,716,31312000.0,35526600.0,0.12130779568474423,True,True,False,False,False,False,RESEARCH_ONLY,median_value_20d<1bn;median_value_60d<1bn,UNCLASSIFIED,,,,LOW,False,False,EXCLUDED,median_value_20d<1bn;median_value_60d<1bn,MEDIUM
ASLC,2026-10-07,0,716,454702450.0,542957500.0,0.6028638824425415,True,True,False,False,False,False,RESEARCH_ONLY,median_value_20d<1bn;median_value_60d<1bn,UNCLASSIFIED,,,,LOW,False,False,EXCLUDED,median_value_20d<1bn;median_value_60d<1bn,MEDIUM
ASMI,2026-10-07,0,716,491869450.0,276780900.0,1.805527083740667,True,True,False,False,False,False,RESEARCH_ONLY,median_value_20d<1bn;median_value_60d<1bn,UNCLASSIFIED,,,,LOW,False,False,EXCLUDED,median_value_20d<1bn;median_value_60d<1bn,MEDIUM
ASPI,2026-10-06,1,715,1394646000.0,487383500.0,1.513479455676789,True,True,True,False,False,False,RESEARCH_ONLY,median_value_60d<1bn,UNCLASSIFIED,,,,LOW,False,False,EXCLUDED,median_value_60d<1bn,MEDIUM
ASRI,2026-10-07,0,716,710725750.0,952157800.0,0.3728447716710196,True,True,False,False,False,False,RESEARCH_ONLY,median_value_20d<1bn;median_value_60d<1bn,UNCLASSIFIED,,,,LOW,False,False,EXCLUDED,median_value_20d<1bn;median_value_60d<1bn,MEDIUM
ASRM,2026-10-07,0,717,6984100.0,4945800.0,0.22019616509675427,True,True,False,False,False,False,RESEARCH_ONLY,median_value_20d<1bn;median_value_60d<1bn,UNCLASSIFIED,,,,LOW,False,False,EXCLUDED,median_value_20d<1bn;median_value_60d<1bn,MEDIUM
ATAP,2026-10-07,0,716,428910000.0,618844500.0,0.4048428474108423,True,True,False,False,False,False,RESEARCH_ONLY,median_value_20d<1bn;median_value_60d<1bn,UNCLASSIFIED,,,,LOW,False,False,EXCLUDED,median_value_20d<1bn;median_value_60d<1bn,MEDIUM
ATIC,2026-10-07,0,716,31633800.0,41454100.0,0.1826929298925394,True,True,False,False,False,False,RESEARCH_ONLY,median_value_20d<1bn;median_value_60d<1bn,UNCLASSIFIED,,,,LOW,False,False,EXCLUDED,median_value_20d<1bn;median_value_60d<1bn,MEDIUM
ATLA,2026-10-07,0,595,15995000.0,49410000.0,0.7997847279127465,True,True,False,False,False,False,RESEARCH_ONLY,median_value_20d<1bn;median_value_60d<1bn,UNCLASSIFIED,,,,LOW,False,False,EXCLUDED,median_value_20d<1bn;median_value_60d<1bn,MEDIUM
AWAN,2026-10-07,0,716,25295300.0,111006700.0,0.29415331608854545,True,True,False,False,False,False,RESEARCH_ONLY,median_value_20d<1bn;median_value_60d<1bn,UNCLASSIFIED,,,,LOW,False,False,EXCLUDED,median_value_20d<1bn;median_value_60d<1bn,MEDIUM
AXIO,2026-10-07,0,716,66758150.0,67308400.0,0.3842607777390113,True,True,False,False,False,False,RESEARCH_ONLY,median_value_20d<1bn;median_value_60d<1bn,UNCLASSIFIED,,,,LOW,False,False,EXCLUDED,median_value_20d<1bn;median_value_60d<1bn,MEDIUM
AYLS,2026-10-07,0,716,2089425000.0,348118200.0,1.5141172931516163,True,True,True,False,False,False,RESEARCH_ONLY,median_value_60d<1bn,UNCLASSIFIED,,,,LOW,False,False,EXCLUDED,median_value_60d<1bn,MEDIUM
BABP,2026-10-07,0,717,18552500.0,13670000.0,0.9044054264318745,True,True,False,False,False,False,RESEARCH_ONLY,median_value_20d<1bn;median_value_60d<1bn,UNCLASSIFIED,,,,LOW,False,False,EXCLUDED,median_value_20d<1bn;median_value_60d<1bn,MEDIUM
BABY,2026-10-07,0,716,209265400.0,349550600.0,0.361980945662384,True,True,False,False,False,False,RESEARCH_ONLY,median_value_20d<1bn;median_value_60d<1bn,UNCLASSIFIED,,,,LOW,False,False,EXCLUDED,median_value_20d<1bn;median_value_60d<1bn,MEDIUM
BACA,2026-10-07,0,716,107690100.0,183958750.0,0.18624404269885636,True,True,False,False,False,False,RESEARCH_ONLY,median_value_20d<1bn;median_value_60d<1bn,UNCLASSIFIED,,,,LOW,False,False,EXCLUDED,median_value_20d<1bn;median_value_60d<1bn,MEDIUM
BALI,2026-10-05,2,3081,11520750.0,8295500.0,1.031575770596171,True,True,False,False,False,False,RESEARCH_ONLY,median_value_20d<1bn;median_value_60d<1bn,UNCLASSIFIED,,,,LOW,False,False,EXCLUDED,median_value_20d<1bn;median_value_60d<1bn,MEDIUM
BANK,2026-10-07,0,716,576907500.0,737603500.0,0.25145385068050385,True,True,False,False,False,False,RESEARCH_ONLY,median_value_20d<1bn;median_value_60d<1bn,UNCLASSIFIED,,,,LOW,False,False,EXCLUDED,median_value_20d<1bn;median_value_60d<1bn,MEDIUM
BAPA,2026-10-07,0,719,864047350.0,1745816750.0,0.6880611594464755,True,True,False,True,False,False,RESEARCH_ONLY,median_value_20d<1bn,UNCLASSIFIED,,,,LOW,False,False,EXCLUDED,median_value_20d<1bn,MEDIUM
BAPI,2026-10-07,0,716,679914500.0,360861700.0,1.1779711067232295,True,True,False,False,False,False,RESEARCH_ONLY,median_value_20d<1bn;median_value_60d<1bn,UNCLASSIFIED,,,,LOW,False,False,EXCLUDED,median_value_20d<1bn;median_value_60d<1bn,MEDIUM
BATA,2026-10-06,1,717,0.0,0.0,0.0,True,True,False,False,False,False,RESEARCH_ONLY,median_value_20d<1bn;median_value_60d<1bn,UNCLASSIFIED,,,,LOW,False,False,EXCLUDED,median_value_20d<1bn;median_value_60d<1bn,MEDIUM
BATR,2026-10-07,0,561,153942900.0,82380400.0,0.33941853826137236,True,True,False,False,False,False,RESEARCH_ONLY,median_value_20d<1bn;median_value_60d<1bn,UNCLASSIFIED,,,,LOW,False,False,EXCLUDED,median_value_20d<1bn;median_value_60d<1bn,MEDIUM
BAUT,2026-10-07,0,716,184530150.0,138449000.0,0.7186989434204646,True,True,False,False,False,False,RESEARCH_ONLY,median_value_20d<1bn;median_value_60d<1bn,UNCLASSIFIED,,,,LOW,False,False,EXCLUDED,median_value_20d<1bn;median_value_60d<1bn,MEDIUM
BAYU,2026-10-07,0,717,55844000.0,78469000.0,0.16281491186313057,True,True,False,False,False,False,RESEARCH_ONLY,median_value_20d<1bn;median_value_60d<1bn,UNCLASSIFIED,,,,LOW,False,False,EXCLUDED,median_value_20d<1bn;median_value_60d<1bn,MEDIUM
BBHI,2026-10-07,0,716,677521250.0,667685000.0,0.39457414674284313,True,True,False,False,False,False,RESEARCH_ONLY,median_value_20d<1bn;median_value_60d<1bn,UNCLASSIFIED,,,,LOW,False,False,EXCLUDED,median_value_20d<1bn;median_value_60d<1bn,MEDIUM
BBLD,2026-10-07,0,716,5871000.0,38634250.0,0.1525035646990732,True,True,False,False,False,False,RESEARCH_ONLY,median_value_20d<1bn;median_value_60d<1bn,UNCLASSIFIED,,,,LOW,False,False,EXCLUDED,median_value_20d<1bn;median_value_60d<1bn,MEDIUM
BBMD,2026-10-07,0,717,2238500.0,2720500.0,0.2863629874768823,True,True,False,False,False,False,RESEARCH_ONLY,median_value_20d<1bn;median_value_60d<1bn,UNCLASSIFIED,,,,LOW,False,False,EXCLUDED,median_value_20d<1bn;median_value_60d<1bn,MEDIUM
BBRM,2026-10-07,0,716,403292050.0,549872850.0,0.5602983414920585,True,True,False,False,False,False,RESEARCH_ONLY,median_value_20d<1bn;median_value_60d<1bn,UNCLASSIFIED,,,,LOW,False,False,EXCLUDED,median_value_20d<1bn;median_value_60d<1bn,MEDIUM
BBSI,2026-10-07,0,716,1838000.0,3185000.0,0.3190198717965643,True,True,False,False,False,False,RESEARCH_ONLY,median_value_20d<1bn;median_value_60d<1bn,UNCLASSIFIED,,,,LOW,False,False,EXCLUDED,median_value_20d<1bn;median_value_60d<1bn,MEDIUM
BBSS,2026-10-07,0,716,4922935200.0,485833600.0,1.3721992374066283,True,True,True,False,False,False,RESEARCH_ONLY,median_value_60d<1bn,UNCLASSIFIED,,,,LOW,False,False,EXCLUDED,median_value_60d<1bn,MEDIUM
BCAP,2026-10-07,0,717,9022500.0,11950000.0,0.8538976227433878,True,True,False,False,False,False,RESEARCH_ONLY,median_value_20d<1bn;median_value_60d<1bn,UNCLASSIFIED,,,,LOW,False,False,EXCLUDED,median_value_20d<1bn;median_value_60d<1bn,MEDIUM
BCIC,2026-10-07,0,716,57323300.0,115872850.0,0.4336292202145353,True,True,False,False,False,False,RESEARCH_ONLY,median_value_20d<1bn;median_value_60d<1bn,UNCLASSIFIED,,,,LOW,False,False,EXCLUDED,median_value_20d<1bn;median_value_60d<1bn,MEDIUM
BCIP,2026-10-07,0,716,230273750.0,405817650.0,0.4625419187689905,True,True,False,False,False,False,RESEARCH_ONLY,median_value_20d<1bn;median_value_60d<1bn,UNCLASSIFIED,,,,LOW,False,False,EXCLUDED,median_value_20d<1bn;median_value_60d<1bn,MEDIUM
BEBS,2026-10-06,1,720,0.0,0.0,0.0,True,True,False,False,False,False,RESEARCH_ONLY,median_value_20d<1bn;median_value_60d<1bn,UNCLASSIFIED,,,,LOW,False,False,EXCLUDED,median_value_20d<1bn;median_value_60d<1bn,MEDIUM
BEER,2026-10-07,0,716,607106300.0,596327200.0,0.6604600441984552,True,True,False,False,False,False,RESEARCH_ONLY,median_value_20d<1bn;median_value_60d<1bn,UNCLASSIFIED,,,,LOW,False,False,EXCLUDED,median_value_20d<1bn;median_value_60d<1bn,MEDIUM
BEKS,2026-10-07,0,716,367713700.0,220623000.0,1.5704739731273734,True,True,False,False,False,False,RESEARCH_ONLY,median_value_20d<1bn;median_value_60d<1bn,UNCLASSIFIED,,,,LOW,False,False,EXCLUDED,median_value_20d<1bn;median_value_60d<1bn,MEDIUM
BELI,2026-10-07,0,716,332652900.0,256650800.0,0.41595872430460595,True,True,False,False,False,False,RESEARCH_ONLY,median_value_20d<1bn;median_value_60d<1bn,CONGLOMERATE,CONGLOMERATE,,DJARUM_HARTONO,MEDIUM,False,False,EXCLUDED,median_value_20d<1bn;median_value_60d<1bn,MEDIUM
BESS,2026-10-07,0,716,43352000.0,34589000.0,0.7606743684524284,True,True,False,False,False,False,RESEARCH_ONLY,median_value_20d<1bn;median_value_60d<1bn,UNCLASSIFIED,,,,LOW,False,False,EXCLUDED,median_value_20d<1bn;median_value_60d<1bn,MEDIUM
BGTG,2026-10-07,0,716,513310600.0,487334350.0,0.32302646113428246,True,True,False,False,False,False,RESEARCH_ONLY,median_value_20d<1bn;median_value_60d<1bn,UNCLASSIFIED,,,,LOW,False,False,EXCLUDED,median_value_20d<1bn;median_value_60d<1bn,MEDIUM
BHAT,2026-10-06,1,717,0.0,0.0,0.0,True,True,False,False,False,False,RESEARCH_ONLY,median_value_20d<1bn;median_value_60d<1bn,UNCLASSIFIED,,,,LOW,False,False,EXCLUDED,median_value_20d<1bn;median_value_60d<1bn,MEDIUM
BHIT,2026-10-07,0,717,512670900.0,243832500.0,0.6934677018508858,True,True,False,False,False,False,RESEARCH_ONLY,median_value_20d<1bn;median_value_60d<1bn,UNCLASSIFIED,,,,LOW,False,False,EXCLUDED,median_value_20d<1bn;median_value_60d<1bn,MEDIUM
BIKA,2026-10-06,1,720,0.0,0.0,0.0,True,True,False,False,False,False,RESEARCH_ONLY,median_value_20d<1bn;median_value_60d<1bn,UNCLASSIFIED,,,,LOW,False,False,EXCLUDED,median_value_20d<1bn;median_value_60d<1bn,MEDIUM
BIKE,2026-10-06,1,719,276215000.0,0.0,1.1833605444641104,True,True,False,False,False,False,RESEARCH_ONLY,median_value_20d<1bn;median_value_60d<1bn,UNCLASSIFIED,,,,LOW,False,False,EXCLUDED,median_value_20d<1bn;median_value_60d<1bn,MEDIUM
BIMA,2026-10-06,1,720,0.0,0.0,0.0,True,True,False,False,False,False,RESEARCH_ONLY,median_value_20d<1bn;median_value_60d<1bn,UNCLASSIFIED,,,,LOW,False,False,EXCLUDED,median_value_20d<1bn;median_value_60d<1bn,MEDIUM
BINA,2026-10-07,0,716,1474345500.0,982155500.0,0.3149107835786202,True,True,True,False,False,False,RESEARCH_ONLY,median_value_60d<1bn,UNCLASSIFIED,,,,LOW,False,False,EXCLUDED,median_value_60d<1bn,MEDIUM
BINO,2026-10-07,0,716,54956900.0,65495500.0,0.3011402186682969,True,True,False,False,False,False,RESEARCH_ONLY,median_value_20d<1bn;median_value_60d<1bn,UNCLASSIFIED,,,,LOW,False,False,EXCLUDED,median_value_20d<1bn;median_value_60d<1bn,MEDIUM
BISI,2026-10-07,0,716,188637500.0,193470000.0,0.28473397212810136,True,True,False,False,False,False,RESEARCH_ONLY,median_value_20d<1bn;median_value_60d<1bn,UNCLASSIFIED,,,,LOW,False,False,EXCLUDED,median_value_20d<1bn;median_value_60d<1bn,MEDIUM
BKDP,2026-10-07,0,720,2807284500.0,679023550.0,0.8906497149569185,True,True,True,False,False,False,RESEARCH_ONLY,median_value_60d<1bn,UNCLASSIFIED,,,,LOW,False,False,EXCLUDED,median_value_60d<1bn,MEDIUM
BKSW,2026-10-07,0,717,96128100.0,99149000.0,0.4536126484895292,True,True,False,False,False,False,RESEARCH_ONLY,median_value_20d<1bn;median_value_60d<1bn,UNCLASSIFIED,,,,LOW,False,False,EXCLUDED,median_value_20d<1bn;median_value_60d<1bn,MEDIUM
BLOG,2026-10-07,0,305,82854400.0,118324400.0,0.2546844637982662,True,True,False,False,False,False,RESEARCH_ONLY,median_value_20d<1bn;median_value_60d<1bn,UNCLASSIFIED,,,,LOW,False,False,EXCLUDED,median_value_20d<1bn;median_value_60d<1bn,MEDIUM
BLTA,2026-10-07,0,717,195324800.0,124795450.0,1.4127530543241498,True,True,False,False,False,False,RESEARCH_ONLY,median_value_20d<1bn;median_value_60d<1bn,UNCLASSIFIED,,,,LOW,False,False,EXCLUDED,median_value_20d<1bn;median_value_60d<1bn,MEDIUM
BLTZ,2026-10-07,0,718,0.0,0.0,1.7116052700284845,True,True,False,False,False,False,RESEARCH_ONLY,median_value_20d<1bn;median_value_60d<1bn,UNCLASSIFIED,,,,LOW,False,False,EXCLUDED,median_value_20d<1bn;median_value_60d<1bn,MEDIUM
BLUE,2026-10-07,0,716,848016000.0,700061000.0,0.41000652212912975,True,True,False,False,False,False,RESEARCH_ONLY,median_value_20d<1bn;median_value_60d<1bn,UNCLASSIFIED,,,,LOW,False,False,EXCLUDED,median_value_20d<1bn;median_value_60d<1bn,MEDIUM
BMAS,2026-10-07,0,716,90213050.0,59057250.0,0.23968327878444878,True,True,False,False,False,False,RESEARCH_ONLY,median_value_20d<1bn;median_value_60d<1bn,UNCLASSIFIED,,,,LOW,False,False,EXCLUDED,median_value_20d<1bn;median_value_60d<1bn,MEDIUM
BMBL,2026-10-07,0,716,436619800.0,234064250.0,0.5790053272794347,True,True,False,False,False,False,RESEARCH_ONLY,median_value_20d<1bn;median_value_60d<1bn,UNCLASSIFIED,,,,LOW,False,False,EXCLUDED,median_value_20d<1bn;median_value_60d<1bn,MEDIUM
BMHS,2026-10-07,0,716,143061500.0,146456600.0,0.0927678081797407,True,True,False,False,False,False,RESEARCH_ONLY,median_value_20d<1bn;median_value_60d<1bn,UNCLASSIFIED,,,,LOW,False,False,EXCLUDED,median_value_20d<1bn;median_value_60d<1bn,MEDIUM
BMSR,2026-10-07,0,717,97515100.0,20104000.0,1.1291644870353992,True,True,False,False,False,False,RESEARCH_ONLY,median_value_20d<1bn;median_value_60d<1bn,UNCLASSIFIED,,,,LOW,False,False,EXCLUDED,median_value_20d<1bn;median_value_60d<1bn,MEDIUM
BNBA,2026-10-07,0,716,226961000.0,171124500.0,0.5952582537211285,True,True,False,False,False,False,RESEARCH_ONLY,median_value_20d<1bn;median_value_60d<1bn,UNCLASSIFIED,,,,LOW,False,False,EXCLUDED,median_value_20d<1bn;median_value_60d<1bn,MEDIUM
BNII,2026-10-05,2,4120,297341350.0,169994400.0,0.11805875698116823,True,True,False,False,False,False,RESEARCH_ONLY,median_value_20d<1bn;median_value_60d<1bn,UNCLASSIFIED,,,,LOW,False,False,EXCLUDED,median_value_20d<1bn;median_value_60d<1bn,MEDIUM
BNLI,2026-10-05,2,4121,91812500.0,110211500.0,0.24496118421219956,True,True,False,False,False,False,RESEARCH_ONLY,median_value_20d<1bn;median_value_60d<1bn,UNCLASSIFIED,,,,LOW,False,False,EXCLUDED,median_value_20d<1bn;median_value_60d<1bn,MEDIUM
BOAT,2026-10-07,0,453,228002250.0,427275100.0,0.4341866543467345,True,True,False,False,False,False,RESEARCH_ONLY,median_value_20d<1bn;median_value_60d<1bn,UNCLASSIFIED,,,,LOW,False,False,EXCLUDED,median_value_20d<1bn;median_value_60d<1bn,MEDIUM
BOBA,2026-10-07,0,716,55569900.0,142683800.0,0.24924626299650585,True,True,False,False,False,False,RESEARCH_ONLY,median_value_20d<1bn;median_value_60d<1bn,UNCLASSIFIED,,,,LOW,False,False,EXCLUDED,median_value_20d<1bn;median_value_60d<1bn,MEDIUM
BOGA,2026-10-07,0,717,4004000.0,16461250.0,0.3235481128172775,True,True,False,False,False,False,RESEARCH_ONLY,median_value_20d<1bn;median_value_60d<1bn,UNCLASSIFIED,,,,LOW,False,False,EXCLUDED,median_value_20d<1bn;median_value_60d<1bn,MEDIUM
BOLA,2026-10-07,0,716,177298850.0,122749800.0,0.46618200839636265,True,True,False,False,False,False,RESEARCH_ONLY,median_value_20d<1bn;median_value_60d<1bn,UNCLASSIFIED,,,,LOW,False,False,EXCLUDED,median_value_20d<1bn;median_value_60d<1bn,MEDIUM
BOLT,2026-10-05,2,2758,10206000.0,7423250.0,0.3227318797460441,True,True,False,False,False,False,RESEARCH_ONLY,median_value_20d<1bn;median_value_60d<1bn,UNCLASSIFIED,,,,LOW,False,False,EXCLUDED,median_value_20d<1bn;median_value_60d<1bn,MEDIUM
BOSS,2026-10-06,1,720,0.0,0.0,0.0,True,True,False,False,False,False,RESEARCH_ONLY,median_value_20d<1bn;median_value_60d<1bn,UNCLASSIFIED,,,,LOW,False,False,EXCLUDED,median_value_20d<1bn;median_value_60d<1bn,MEDIUM
BPFI,2026-10-07,0,716,11393200.0,12536800.0,0.17685321406725504,True,True,False,False,False,False,RESEARCH_ONLY,median_value_20d<1bn;median_value_60d<1bn,UNCLASSIFIED,,,,LOW,False,False,EXCLUDED,median_value_20d<1bn;median_value_60d<1bn,MEDIUM
BPII,2026-10-06,1,715,2628500.0,4123100.0,0.32464331190148055,True,True,False,False,False,False,RESEARCH_ONLY,median_value_20d<1bn;median_value_60d<1bn,UNCLASSIFIED,,,,LOW,False,False,EXCLUDED,median_value_20d<1bn;median_value_60d<1bn,MEDIUM
BPTR,2026-10-07,0,716,188462550.0,170448500.0,1.4301175294173387,True,True,False,False,False,False,RESEARCH_ONLY,median_value_20d<1bn;median_value_60d<1bn,UNCLASSIFIED,,,,LOW,False,False,EXCLUDED,median_value_20d<1bn;median_value_60d<1bn,MEDIUM
BRAM,2026-10-06,1,716,2998500.0,2772000.0,0.2196909283718742,True,True,False,False,False,False,RESEARCH_ONLY,median_value_20d<1bn;median_value_60d<1bn,UNCLASSIFIED,,,,LOW,False,False,EXCLUDED,median_value_20d<1bn;median_value_60d<1bn,MEDIUM
BRNA,2026-10-07,0,717,250801500.0,203032250.0,0.41887897709146,True,True,False,False,False,False,RESEARCH_ONLY,median_value_20d<1bn;median_value_60d<1bn,UNCLASSIFIED,,,,LOW,False,False,EXCLUDED,median_value_20d<1bn;median_value_60d<1bn,MEDIUM
BSBK,2026-10-07,0,716,59757500.0,534664600.0,0.6899694161529712,True,True,False,False,False,False,RESEARCH_ONLY,median_value_20d<1bn;median_value_60d<1bn,UNCLASSIFIED,,,,LOW,False,False,EXCLUDED,median_value_20d<1bn;median_value_60d<1bn,MEDIUM
BSIM,2026-10-05,2,3849,116364000.0,34536000.0,0.5524600421418848,True,True,False,False,False,False,RESEARCH_ONLY,median_value_20d<1bn;median_value_60d<1bn,UNCLASSIFIED,,,,LOW,False,False,EXCLUDED,median_value_20d<1bn;median_value_60d<1bn,MEDIUM
BSWD,2026-10-06,1,719,0.0,0.0,1.6188623866609138,True,True,False,False,False,False,RESEARCH_ONLY,median_value_20d<1bn;median_value_60d<1bn,UNCLASSIFIED,,,,LOW,False,False,EXCLUDED,median_value_20d<1bn;median_value_60d<1bn,MEDIUM
BTEK,2026-10-07,0,716,2422986100.0,902300200.0,1.8240741064582395,True,True,True,False,False,False,RESEARCH_ONLY,median_value_60d<1bn,UNCLASSIFIED,,,,LOW,False,False,EXCLUDED,median_value_60d<1bn,MEDIUM
BTON,2026-10-07,0,717,5860400.0,4533600.0,0.3783522108799227,True,True,False,False,False,False,RESEARCH_ONLY,median_value_20d<1bn;median_value_60d<1bn,UNCLASSIFIED,,,,LOW,False,False,EXCLUDED,median_value_20d<1bn;median_value_60d<1bn,MEDIUM
BTPN,2026-10-05,2,4119,35325000.0,29583000.0,0.20042188567677913,True,True,False,False,False,False,RESEARCH_ONLY,median_value_20d<1bn;median_value_60d<1bn,UNCLASSIFIED,,,,LOW,False,False,EXCLUDED,median_value_20d<1bn;median_value_60d<1bn,MEDIUM
BUAH,2026-10-07,0,716,166212000.0,132328000.0,0.10396698988086492,True,True,False,False,False,False,RESEARCH_ONLY,median_value_20d<1bn;median_value_60d<1bn,UNCLASSIFIED,,,,LOW,False,False,EXCLUDED,median_value_20d<1bn;median_value_60d<1bn,MEDIUM
BUDI,2026-10-05,2,4120,31497300.0,39281000.0,0.17452965467670284,True,True,False,False,False,False,RESEARCH_ONLY,median_value_20d<1bn;median_value_60d<1bn,UNCLASSIFIED,,,,LOW,False,False,EXCLUDED,median_value_20d<1bn;median_value_60d<1bn,MEDIUM
BUKK,2026-10-07,0,717,29176500.0,26232250.0,0.4147904127875389,True,True,False,False,False,False,RESEARCH_ONLY,median_value_20d<1bn;median_value_60d<1bn,UNCLASSIFIED,,,,LOW,False,False,EXCLUDED,median_value_20d<1bn;median_value_60d<1bn,MEDIUM
BVIC,2026-10-07,0,716,137065250.0,150137700.0,0.26222006303993267,True,True,False,False,False,False,RESEARCH_ONLY,median_value_20d<1bn;median_value_60d<1bn,UNCLASSIFIED,,,,LOW,False,False,EXCLUDED,median_value_20d<1bn;median_value_60d<1bn,MEDIUM
CAKK,2026-10-07,0,716,21367950.0,34264000.0,0.21169381861540124,True,True,False,False,False,False,RESEARCH_ONLY,median_value_20d<1bn;median_value_60d<1bn,UNCLASSIFIED,,,,LOW,False,False,EXCLUDED,median_value_20d<1bn;median_value_60d<1bn,MEDIUM
CAMP,2026-10-07,0,716,344546600.0,84376750.0,0.8437181218297441,True,True,False,False,False,False,RESEARCH_ONLY,median_value_20d<1bn;median_value_60d<1bn,UNCLASSIFIED,,,,LOW,False,False,EXCLUDED,median_value_20d<1bn;median_value_60d<1bn,MEDIUM
CANI,2026-10-06,1,717,0.0,0.0,0.0,True,True,False,False,False,False,RESEARCH_ONLY,median_value_20d<1bn;median_value_60d<1bn,UNCLASSIFIED,,,,LOW,False,False,EXCLUDED,median_value_20d<1bn;median_value_60d<1bn,MEDIUM
CARE,2026-10-07,0,716,201733100.0,94983800.0,0.19795929354181752,True,True,False,False,False,False,RESEARCH_ONLY,median_value_20d<1bn;median_value_60d<1bn,UNCLASSIFIED,,,,LOW,False,False,EXCLUDED,median_value_20d<1bn;median_value_60d<1bn,MEDIUM
CARS,2026-10-07,0,716,847604850.0,641925450.0,0.4588481787973228,True,True,False,False,False,False,RESEARCH_ONLY,median_value_20d<1bn;median_value_60d<1bn,UNCLASSIFIED,,,,LOW,False,False,EXCLUDED,median_value_20d<1bn;median_value_60d<1bn,MEDIUM
CASA,2026-10-07,0,716,16530750.0,16943500.0,0.5204137654722605,True,True,False,False,False,False,RESEARCH_ONLY,median_value_20d<1bn;median_value_60d<1bn,UNCLASSIFIED,,,,LOW,False,False,EXCLUDED,median_value_20d<1bn;median_value_60d<1bn,MEDIUM
CASH,2026-10-07,0,716,277686900.0,361477300.0,0.7899523343292643,True,True,False,False,False,False,RESEARCH_ONLY,median_value_20d<1bn;median_value_60d<1bn,UNCLASSIFIED,,,,LOW,False,False,EXCLUDED,median_value_20d<1bn;median_value_60d<1bn,MEDIUM
CASS,2026-10-07,0,716,161388750.0,346596750.0,0.24696338630260903,True,True,False,False,False,False,RESEARCH_ONLY,median_value_20d<1bn;median_value_60d<1bn,UNCLASSIFIED,,,,LOW,False,False,EXCLUDED,median_value_20d<1bn;median_value_60d<1bn,MEDIUM
CBPE,2026-10-07,0,716,29335200.0,73759000.0,0.5870398840337034,True,True,False,False,False,False,RESEARCH_ONLY,median_value_20d<1bn;median_value_60d<1bn,UNCLASSIFIED,,,,LOW,False,False,EXCLUDED,median_value_20d<1bn;median_value_60d<1bn,MEDIUM
CBUT,2026-10-07,0,716,86378000.0,86501000.0,0.49256395143319215,True,True,False,False,False,False,RESEARCH_ONLY,median_value_20d<1bn;median_value_60d<1bn,UNCLASSIFIED,,,,LOW,False,False,EXCLUDED,median_value_20d<1bn;median_value_60d<1bn,MEDIUM
CCSI,2026-10-07,0,716,2979998000.0,176281600.0,1.8632394833067842,True,True,True,False,False,False,RESEARCH_ONLY,median_value_60d<1bn,UNCLASSIFIED,,,,LOW,False,False,EXCLUDED,median_value_60d<1bn,MEDIUM
CEKA,2026-10-05,2,4120,32690500.0,44530000.0,0.17427430035877364,True,True,False,False,False,False,RESEARCH_ONLY,median_value_20d<1bn;median_value_60d<1bn,UNCLASSIFIED,,,,LOW,False,False,EXCLUDED,median_value_20d<1bn;median_value_60d<1bn,MEDIUM
CENT,2026-10-07,0,717,880734750.0,694446200.0,0.6569350669857378,True,True,False,False,False,False,RESEARCH_ONLY,median_value_20d<1bn;median_value_60d<1bn,UNCLASSIFIED,,,,LOW,False,False,EXCLUDED,median_value_20d<1bn;median_value_60d<1bn,MEDIUM
CFIN,2026-10-07,0,717,630384600.0,589307800.0,0.1817677516237221,True,True,False,False,False,False,RESEARCH_ONLY,median_value_20d<1bn;median_value_60d<1bn,UNCLASSIFIED,,,,LOW,False,False,EXCLUDED,median_value_20d<1bn;median_value_60d<1bn,MEDIUM
CGAS,2026-10-07,0,654,463566100.0,450875000.0,0.2582423885662112,True,True,False,False,False,False,RESEARCH_ONLY,median_value_20d<1bn;median_value_60d<1bn,UNCLASSIFIED,,,,LOW,False,False,EXCLUDED,median_value_20d<1bn;median_value_60d<1bn,MEDIUM
CHEK,2026-10-07,0,305,81824300.0,69670200.0,0.2844625777052426,True,True,False,False,False,False,RESEARCH_ONLY,median_value_20d<1bn;median_value_60d<1bn,UNCLASSIFIED,,,,LOW,False,False,EXCLUDED,median_value_20d<1bn;median_value_60d<1bn,MEDIUM
CHEM,2026-10-07,0,716,675720000.0,614212100.0,0.8495054170684824,True,True,False,False,False,False,RESEARCH_ONLY,median_value_20d<1bn;median_value_60d<1bn,UNCLASSIFIED,,,,LOW,False,False,EXCLUDED,median_value_20d<1bn;median_value_60d<1bn,MEDIUM
CHIP,2026-10-07,0,716,67793250.0,99077250.0,0.21124059339325676,True,True,False,False,False,False,RESEARCH_ONLY,median_value_20d<1bn;median_value_60d<1bn,UNCLASSIFIED,,,,LOW,False,False,EXCLUDED,median_value_20d<1bn;median_value_60d<1bn,MEDIUM
CINT,2026-10-07,0,716,183777950.0,64698000.0,0.4458371979373823,True,True,False,False,False,False,RESEARCH_ONLY,median_value_20d<1bn;median_value_60d<1bn,UNCLASSIFIED,,,,LOW,False,False,EXCLUDED,median_value_20d<1bn;median_value_60d<1bn,MEDIUM
CITA,2026-10-07,0,716,276596500.0,288565500.0,0.16373370352729216,True,True,False,False,False,False,RESEARCH_ONLY,median_value_20d<1bn;median_value_60d<1bn,UNCLASSIFIED,,,,LOW,False,False,EXCLUDED,median_value_20d<1bn;median_value_60d<1bn,MEDIUM
CITY,2026-10-07,0,716,117902650.0,120503650.0,0.6664484952248981,True,True,False,False,False,False,RESEARCH_ONLY,median_value_20d<1bn;median_value_60d<1bn,UNCLASSIFIED,,,,LOW,False,False,EXCLUDED,median_value_20d<1bn;median_value_60d<1bn,MEDIUM
CLAY,2026-10-07,0,716,31935000.0,42223500.0,0.18980694963748757,True,True,False,False,False,False,RESEARCH_ONLY,median_value_20d<1bn;median_value_60d<1bn,UNCLASSIFIED,,,,LOW,False,False,EXCLUDED,median_value_20d<1bn;median_value_60d<1bn,MEDIUM
CLPI,2026-10-07,0,717,106543000.0,109745000.0,0.05679342388908743,True,True,False,False,False,False,RESEARCH_ONLY,median_value_20d<1bn;median_value_60d<1bn,UNCLASSIFIED,,,,LOW,False,False,EXCLUDED,median_value_20d<1bn;median_value_60d<1bn,MEDIUM
CMNP,2026-10-07,0,717,139906750.0,87970750.0,0.35272890256967543,True,True,False,False,False,False,RESEARCH_ONLY,median_value_20d<1bn;median_value_60d<1bn,UNCLASSIFIED,,,,LOW,False,False,EXCLUDED,median_value_20d<1bn;median_value_60d<1bn,MEDIUM
CMPP,2026-10-06,1,717,0.0,0.0,0.0,True,True,False,False,False,False,RESEARCH_ONLY,median_value_20d<1bn;median_value_60d<1bn,UNCLASSIFIED,,,,LOW,False,False,EXCLUDED,median_value_20d<1bn;median_value_60d<1bn,MEDIUM
CNKO,2026-10-06,1,717,0.0,0.0,0.0,True,True,False,False,False,False,RESEARCH_ONLY,median_value_20d<1bn;median_value_60d<1bn,UNCLASSIFIED,,,,LOW,False,False,EXCLUDED,median_value_20d<1bn;median_value_60d<1bn,MEDIUM
COAL,2026-10-06,1,717,0.0,0.0,0.0,True,True,False,False,False,False,RESEARCH_ONLY,median_value_20d<1bn;median_value_60d<1bn,UNCLASSIFIED,,,,LOW,False,False,EXCLUDED,median_value_20d<1bn;median_value_60d<1bn,MEDIUM
CPRO,2026-10-07,0,717,102962500.0,980037500.0,0.6786680485981933,True,True,False,False,False,False,RESEARCH_ONLY,median_value_20d<1bn;median_value_60d<1bn,UNCLASSIFIED,,,,LOW,False,False,EXCLUDED,median_value_20d<1bn;median_value_60d<1bn,MEDIUM
CRAB,2026-10-07,0,718,127865193.8697815,0.0,0.3153991951724059,True,True,False,False,False,False,RESEARCH_ONLY,median_value_20d<1bn;median_value_60d<1bn,UNCLASSIFIED,,,,LOW,False,False,EXCLUDED,median_value_20d<1bn;median_value_60d<1bn,MEDIUM
CRSN,2026-10-07,0,716,222399750.0,177115050.0,0.6284910663202525,True,True,False,False,False,False,RESEARCH_ONLY,median_value_20d<1bn;median_value_60d<1bn,UNCLASSIFIED,,,,LOW,False,False,EXCLUDED,median_value_20d<1bn;median_value_60d<1bn,MEDIUM
CSAP,2026-10-07,0,716,25613200.0,25613200.0,0.25287691182041794,True,True,False,False,False,False,RESEARCH_ONLY,median_value_20d<1bn;median_value_60d<1bn,UNCLASSIFIED,,,,LOW,False,False,EXCLUDED,median_value_20d<1bn;median_value_60d<1bn,MEDIUM
CSIS,2026-10-07,0,716,386795400.0,416072400.0,0.9772568939897531,True,True,False,False,False,False,RESEARCH_ONLY,median_value_20d<1bn;median_value_60d<1bn,UNCLASSIFIED,,,,LOW,False,False,EXCLUDED,median_value_20d<1bn;median_value_60d<1bn,MEDIUM
CSRA,2026-10-07,0,716,218057250.0,208605500.0,0.19378325962655227,True,True,False,False,False,False,RESEARCH_ONLY,median_value_20d<1bn;median_value_60d<1bn,UNCLASSIFIED,,,,LOW,False,False,EXCLUDED,median_value_20d<1bn;median_value_60d<1bn,MEDIUM
CTBN,2026-10-07,0,717,33220500.0,66900000.0,0.16798071913012086,True,True,False,False,False,False,RESEARCH_ONLY,median_value_20d<1bn;median_value_60d<1bn,UNCLASSIFIED,,,,LOW,False,False,EXCLUDED,median_value_20d<1bn;median_value_60d<1bn,MEDIUM
DAAZ,2026-10-07,0,454,910299750.0,675181500.0,0.5686799413382779,True,True,False,False,False,False,RESEARCH_ONLY,median_value_20d<1bn;median_value_60d<1bn,UNCLASSIFIED,,,,LOW,False,False,EXCLUDED,median_value_20d<1bn;median_value_60d<1bn,MEDIUM
DADA,2026-10-07,0,716,11800731.25,10542546.875,1.000354580792887,True,True,False,False,False,False,RESEARCH_ONLY,median_value_20d<1bn;median_value_60d<1bn,UNCLASSIFIED,,,,LOW,False,False,EXCLUDED,median_value_20d<1bn;median_value_60d<1bn,MEDIUM
DART,2026-10-07,0,717,131469700.0,137261300.0,0.45788984336760624,True,True,False,False,False,False,RESEARCH_ONLY,median_value_20d<1bn;median_value_60d<1bn,UNCLASSIFIED,,,,LOW,False,False,EXCLUDED,median_value_20d<1bn;median_value_60d<1bn,MEDIUM
DAYA,2026-10-07,0,716,8752500.0,7848500.0,0.5095372166712542,True,True,False,False,False,False,RESEARCH_ONLY,median_value_20d<1bn;median_value_60d<1bn,UNCLASSIFIED,,,,LOW,False,False,EXCLUDED,median_value_20d<1bn;median_value_60d<1bn,MEDIUM
DCII,2026-10-07,0,716,90067500.0,110325000.0,0.2949417196880558,True,True,False,False,False,False,RESEARCH_ONLY,median_value_20d<1bn;median_value_60d<1bn,UNCLASSIFIED,,,,LOW,False,False,EXCLUDED,median_value_20d<1bn;median_value_60d<1bn,MEDIUM
DEAL,2026-10-06,1,720,0.0,0.0,0.0,True,True,False,False,False,False,RESEARCH_ONLY,median_value_20d<1bn;median_value_60d<1bn,UNCLASSIFIED,,,,LOW,False,False,EXCLUDED,median_value_20d<1bn;median_value_60d<1bn,MEDIUM
DEPO,2026-10-07,0,716,54984000.0,76675700.0,0.34610676936041584,True,True,False,False,False,False,RESEARCH_ONLY,median_value_20d<1bn;median_value_60d<1bn,UNCLASSIFIED,,,,LOW,False,False,EXCLUDED,median_value_20d<1bn;median_value_60d<1bn,MEDIUM
DFAM,2026-10-07,0,716,2313094050.0,872173450.0,1.2384209785782962,True,True,True,False,False,False,RESEARCH_ONLY,median_value_60d<1bn,UNCLASSIFIED,,,,LOW,False,False,EXCLUDED,median_value_60d<1bn,MEDIUM
DGIK,2026-10-07,0,717,964546600.0,786141500.0,0.4835174531976754,True,True,False,False,False,False,RESEARCH_ONLY,median_value_20d<1bn;median_value_60d<1bn,UNCLASSIFIED,,,,LOW,False,False,EXCLUDED,median_value_20d<1bn;median_value_60d<1bn,MEDIUM
DGNS,2026-10-07,0,716,333641500.0,134622100.0,0.6924691757275968,True,True,False,False,False,False,RESEARCH_ONLY,median_value_20d<1bn;median_value_60d<1bn,UNCLASSIFIED,,,,LOW,False,False,EXCLUDED,median_value_20d<1bn;median_value_60d<1bn,MEDIUM
DIGI,2026-10-06,1,717,0.0,0.0,0.0,True,True,False,False,False,False,RESEARCH_ONLY,median_value_20d<1bn;median_value_60d<1bn,UNCLASSIFIED,,,,LOW,False,False,EXCLUDED,median_value_20d<1bn;median_value_60d<1bn,MEDIUM
DIVA,2026-10-07,0,716,878163250.0,823232300.0,0.9325381975168987,True,True,False,False,False,False,RESEARCH_ONLY,median_value_20d<1bn;median_value_60d<1bn,UNCLASSIFIED,,,,LOW,False,False,EXCLUDED,median_value_20d<1bn;median_value_60d<1bn,MEDIUM
DKHH,2026-10-07,0,343,783919500.0,697606700.0,0.3259670939319452,True,True,False,False,False,False,RESEARCH_ONLY,median_value_20d<1bn;median_value_60d<1bn,UNCLASSIFIED,,,,LOW,False,False,EXCLUDED,median_value_20d<1bn;median_value_60d<1bn,MEDIUM
DLTA,2026-10-05,2,4120,67341250.0,98078000.0,0.04546510774858243,True,True,False,False,False,False,RESEARCH_ONLY,median_value_20d<1bn;median_value_60d<1bn,UNCLASSIFIED,,,,LOW,False,False,EXCLUDED,median_value_20d<1bn;median_value_60d<1bn,MEDIUM
DMMX,2026-10-07,0,716,143264400.0,198074300.0,0.3465221080169563,True,True,False,False,False,False,RESEARCH_ONLY,median_value_20d<1bn;median_value_60d<1bn,UNCLASSIFIED,,,,LOW,False,False,EXCLUDED,median_value_20d<1bn;median_value_60d<1bn,MEDIUM
DMND,2026-10-07,0,716,31444000.0,15006000.0,0.3719662007531252,True,True,False,False,False,False,RESEARCH_ONLY,median_value_20d<1bn;median_value_60d<1bn,UNCLASSIFIED,,,,LOW,False,False,EXCLUDED,median_value_20d<1bn;median_value_60d<1bn,MEDIUM
DNAR,2026-10-07,0,716,64479650.0,113016500.0,0.25018615490519475,True,True,False,False,False,False,RESEARCH_ONLY,median_value_20d<1bn;median_value_60d<1bn,UNCLASSIFIED,,,,LOW,False,False,EXCLUDED,median_value_20d<1bn;median_value_60d<1bn,MEDIUM
DNET,2026-10-07,0,717,89507500.0,114121250.0,0.17641898515833274,True,True,False,False,False,False,RESEARCH_ONLY,median_value_20d<1bn;median_value_60d<1bn,UNCLASSIFIED,,,,LOW,False,False,EXCLUDED,median_value_20d<1bn;median_value_60d<1bn,MEDIUM
DOID,2026-10-07,0,716,781605000.0,617952000.0,0.6499058376762431,True,True,False,False,False,False,RESEARCH_ONLY,median_value_20d<1bn;median_value_60d<1bn,UNCLASSIFIED,,,,LOW,False,False,EXCLUDED,median_value_20d<1bn;median_value_60d<1bn,MEDIUM
DOSS,2026-10-07,0,521,233064850.0,270643450.0,0.4972996994989792,True,True,False,False,False,False,RESEARCH_ONLY,median_value_20d<1bn;median_value_60d<1bn,UNCLASSIFIED,,,,LOW,False,False,EXCLUDED,median_value_20d<1bn;median_value_60d<1bn,MEDIUM
DPNS,2026-10-06,1,720,0.0,0.0,0.0,True,True,False,False,False,False,RESEARCH_ONLY,median_value_20d<1bn;median_value_60d<1bn,UNCLASSIFIED,,,,LOW,False,False,EXCLUDED,median_value_20d<1bn;median_value_60d<1bn,MEDIUM
DRMA,2026-10-07,0,716,598081500.0,540499250.0,0.24785590437158841,True,True,False,False,False,False,RESEARCH_ONLY,median_value_20d<1bn;median_value_60d<1bn,UNCLASSIFIED,,,,LOW,False,False,EXCLUDED,median_value_20d<1bn;median_value_60d<1bn,MEDIUM
DSFI,2026-10-07,0,717,822149350.0,533428000.0,0.9442330104157043,True,True,False,False,False,False,RESEARCH_ONLY,median_value_20d<1bn;median_value_60d<1bn,UNCLASSIFIED,,,,LOW,False,False,EXCLUDED,median_value_20d<1bn;median_value_60d<1bn,MEDIUM
DUTI,2026-10-06,1,716,696000.0,2903000.0,0.12944705620105748,True,True,False,False,False,False,RESEARCH_ONLY,median_value_20d<1bn;median_value_60d<1bn,UNCLASSIFIED,,,,LOW,False,False,EXCLUDED,median_value_20d<1bn;median_value_60d<1bn,MEDIUM
DVLA,2026-10-05,2,4120,57240500.0,26657000.0,0.04265855472677721,True,True,False,False,False,False,RESEARCH_ONLY,median_value_20d<1bn;median_value_60d<1bn,UNCLASSIFIED,,,,LOW,False,False,EXCLUDED,median_value_20d<1bn;median_value_60d<1bn,MEDIUM
DWGL,2026-10-07,0,716,647556100.0,1125442100.0,0.4016218850675148,True,True,False,True,False,False,RESEARCH_ONLY,median_value_20d<1bn,UNCLASSIFIED,,,,LOW,False,False,EXCLUDED,median_value_20d<1bn,MEDIUM
DYAN,2026-10-07,0,716,859088750.0,330479450.0,0.9074188733620604,True,True,False,False,False,False,RESEARCH_ONLY,median_value_20d<1bn;median_value_60d<1bn,UNCLASSIFIED,,,,LOW,False,False,EXCLUDED,median_value_20d<1bn;median_value_60d<1bn,MEDIUM
EAST,2026-10-07,0,716,63586350.0,77829015.00434875,0.09967686225584536,True,True,False,False,False,False,RESEARCH_ONLY,median_value_20d<1bn;median_value_60d<1bn,UNCLASSIFIED,,,,LOW,False,False,EXCLUDED,median_value_20d<1bn;median_value_60d<1bn,MEDIUM
ECII,2026-10-07,0,716,198076400.0,237871000.0,0.6164824933082212,True,True,False,False,False,False,RESEARCH_ONLY,median_value_20d<1bn;median_value_60d<1bn,UNCLASSIFIED,,,,LOW,False,False,EXCLUDED,median_value_20d<1bn;median_value_60d<1bn,MEDIUM
EDGE,2026-10-06,1,720,0.0,0.0,0.0,True,True,False,False,False,False,RESEARCH_ONLY,median_value_20d<1bn;median_value_60d<1bn,UNCLASSIFIED,,,,LOW,False,False,EXCLUDED,median_value_20d<1bn;median_value_60d<1bn,MEDIUM
ELPI,2026-10-07,0,717,467003250.0,773066000.0,0.5031577680314924,True,True,False,False,False,False,RESEARCH_ONLY,median_value_20d<1bn;median_value_60d<1bn,UNCLASSIFIED,,,,LOW,False,False,EXCLUDED,median_value_20d<1bn;median_value_60d<1bn,MEDIUM
EMDE,2026-10-07,0,716,381354500.0,475888100.0,0.6314452666628817,True,True,False,False,False,False,RESEARCH_ONLY,median_value_20d<1bn;median_value_60d<1bn,UNCLASSIFIED,,,,LOW,False,False,EXCLUDED,median_value_20d<1bn;median_value_60d<1bn,MEDIUM
ENAK,2026-10-07,0,716,77956400.0,82439500.0,0.5648105126209962,True,True,False,False,False,False,RESEARCH_ONLY,median_value_20d<1bn;median_value_60d<1bn,UNCLASSIFIED,,,,LOW,False,False,EXCLUDED,median_value_20d<1bn;median_value_60d<1bn,MEDIUM
EPMT,2026-10-07,0,717,179899000.0,98504000.0,0.31878428850401724,True,True,False,False,False,False,RESEARCH_ONLY,median_value_20d<1bn;median_value_60d<1bn,UNCLASSIFIED,,,,LOW,False,False,EXCLUDED,median_value_20d<1bn;median_value_60d<1bn,MEDIUM
ERTX,2026-10-07,0,717,93987300.0,127364550.0,0.34673289019093645,True,True,False,False,False,False,RESEARCH_ONLY,median_value_20d<1bn;median_value_60d<1bn,UNCLASSIFIED,,,,LOW,False,False,EXCLUDED,median_value_20d<1bn;median_value_60d<1bn,MEDIUM
ESTA,2026-10-07,0,716,488069700.0,160036500.0,0.8184790926622042,True,True,False,False,False,False,RESEARCH_ONLY,median_value_20d<1bn;median_value_60d<1bn,UNCLASSIFIED,,,,LOW,False,False,EXCLUDED,median_value_20d<1bn;median_value_60d<1bn,MEDIUM
ESTI,2026-10-07,0,717,1221078950.0,749987800.0,0.8107908984390365,True,True,True,False,False,False,RESEARCH_ONLY,median_value_60d<1bn,UNCLASSIFIED,,,,LOW,False,False,EXCLUDED,median_value_60d<1bn,MEDIUM
ETWA,2026-10-06,1,720,0.0,0.0,0.0,True,True,False,False,False,False,RESEARCH_ONLY,median_value_20d<1bn;median_value_60d<1bn,UNCLASSIFIED,,,,LOW,False,False,EXCLUDED,median_value_20d<1bn;median_value_60d<1bn,MEDIUM
EURO,2026-10-07,0,716,231430000.0,317163750.0,0.5396387786459372,True,True,False,False,False,False,RESEARCH_ONLY,median_value_20d<1bn;median_value_60d<1bn,UNCLASSIFIED,,,,LOW,False,False,EXCLUDED,median_value_20d<1bn;median_value_60d<1bn,MEDIUM
FAPA,2026-10-06,1,715,2598750.0,10658750.0,0.05453533428102621,True,True,False,False,False,False,RESEARCH_ONLY,median_value_20d<1bn;median_value_60d<1bn,UNCLASSIFIED,,,,LOW,False,False,EXCLUDED,median_value_20d<1bn;median_value_60d<1bn,MEDIUM
FASW,2026-10-06,1,720,0.0,0.0,0.0,True,True,False,False,False,False,RESEARCH_ONLY,median_value_20d<1bn;median_value_60d<1bn,UNCLASSIFIED,,,,LOW,False,False,EXCLUDED,median_value_20d<1bn;median_value_60d<1bn,MEDIUM
FIMP,2026-10-06,1,720,0.0,0.0,0.0,True,True,False,False,False,False,RESEARCH_ONLY,median_value_20d<1bn;median_value_60d<1bn,UNCLASSIFIED,,,,LOW,False,False,EXCLUDED,median_value_20d<1bn;median_value_60d<1bn,MEDIUM
FIRE,2026-10-07,0,716,1184083200.0,934202950.0,0.5611911339013306,True,True,True,False,False,False,RESEARCH_ONLY,median_value_60d<1bn,UNCLASSIFIED,,,,LOW,False,False,EXCLUDED,median_value_60d<1bn,MEDIUM
FISH,2026-10-07,0,716,51238750.0,31749750.0,0.697932035204612,True,True,False,False,False,False,RESEARCH_ONLY,median_value_20d<1bn;median_value_60d<1bn,UNCLASSIFIED,,,,LOW,False,False,EXCLUDED,median_value_20d<1bn;median_value_60d<1bn,MEDIUM
FITT,2026-10-07,0,716,683636300.0,221999600.0,0.6051720068935932,True,True,False,False,False,False,RESEARCH_ONLY,median_value_20d<1bn;median_value_60d<1bn,UNCLASSIFIED,,,,LOW,False,False,EXCLUDED,median_value_20d<1bn;median_value_60d<1bn,MEDIUM
FLMC,2026-10-07,0,716,821588850.0,475280800.0,1.1250119773800578,True,True,False,False,False,False,RESEARCH_ONLY,median_value_20d<1bn;median_value_60d<1bn,UNCLASSIFIED,,,,LOW,False,False,EXCLUDED,median_value_20d<1bn;median_value_60d<1bn,MEDIUM
FMII,2026-10-07,0,717,5652000.0,4686300.0,0.479648558711606,True,True,False,False,False,False,RESEARCH_ONLY,median_value_20d<1bn;median_value_60d<1bn,UNCLASSIFIED,,,,LOW,False,False,EXCLUDED,median_value_20d<1bn;median_value_60d<1bn,MEDIUM
FOOD,2026-10-06,1,717,0.0,0.0,0.0,True,True,False,False,False,False,RESEARCH_ONLY,median_value_20d<1bn;median_value_60d<1bn,UNCLASSIFIED,,,,LOW,False,False,EXCLUDED,median_value_20d<1bn;median_value_60d<1bn,MEDIUM
FUJI,2026-10-07,0,716,621792900.0,306303600.0,0.7599922858910326,True,True,False,False,False,False,RESEARCH_ONLY,median_value_20d<1bn;median_value_60d<1bn,UNCLASSIFIED,,,,LOW,False,False,EXCLUDED,median_value_20d<1bn;median_value_60d<1bn,MEDIUM
FWCT,2026-10-07,0,716,268158150.0,405885000.0,0.7029620501345325,True,True,False,False,False,False,RESEARCH_ONLY,median_value_20d<1bn;median_value_60d<1bn,UNCLASSIFIED,,,,LOW,False,False,EXCLUDED,median_value_20d<1bn;median_value_60d<1bn,MEDIUM
GDST,2026-10-07,0,716,818843500.0,898553350.0,0.8832006054369645,True,True,False,False,False,False,RESEARCH_ONLY,median_value_20d<1bn;median_value_60d<1bn,UNCLASSIFIED,,,,LOW,False,False,EXCLUDED,median_value_20d<1bn;median_value_60d<1bn,MEDIUM
GDYR,2026-10-07,0,717,4088750.0,4172500.0,0.2111163862172251,True,True,False,False,False,False,RESEARCH_ONLY,median_value_20d<1bn;median_value_60d<1bn,UNCLASSIFIED,,,,LOW,False,False,EXCLUDED,median_value_20d<1bn;median_value_60d<1bn,MEDIUM
GEMA,2026-10-07,0,717,170005650.0,123370600.0,0.5097204958716286,True,True,False,False,False,False,RESEARCH_ONLY,median_value_20d<1bn;median_value_60d<1bn,UNCLASSIFIED,,,,LOW,False,False,EXCLUDED,median_value_20d<1bn;median_value_60d<1bn,MEDIUM
GEMS,2026-10-07,0,716,1394770000.0,496708750.0,0.5088673797357258,True,True,True,False,False,False,RESEARCH_ONLY,median_value_60d<1bn,UNCLASSIFIED,,,,LOW,False,False,EXCLUDED,median_value_60d<1bn,MEDIUM
GGRP,2026-10-07,0,716,720990700.0,334925400.0,0.369545090148374,True,True,False,False,False,False,RESEARCH_ONLY,median_value_20d<1bn;median_value_60d<1bn,UNCLASSIFIED,,,,LOW,False,False,EXCLUDED,median_value_20d<1bn;median_value_60d<1bn,MEDIUM
GHON,2026-10-07,0,716,10531000.0,17523000.0,0.11317815640832647,True,True,False,False,False,False,RESEARCH_ONLY,median_value_20d<1bn;median_value_60d<1bn,UNCLASSIFIED,,,,LOW,False,False,EXCLUDED,median_value_20d<1bn;median_value_60d<1bn,MEDIUM
GLOB,2026-10-06,1,720,0.0,0.0,0.0,True,True,False,False,False,False,RESEARCH_ONLY,median_value_20d<1bn;median_value_60d<1bn,UNCLASSIFIED,,,,LOW,False,False,EXCLUDED,median_value_20d<1bn;median_value_60d<1bn,MEDIUM
GLVA,2026-10-07,0,716,10465000.0,9244800.0,0.292147747097729,True,True,False,False,False,False,RESEARCH_ONLY,median_value_20d<1bn;median_value_60d<1bn,UNCLASSIFIED,,,,LOW,False,False,EXCLUDED,median_value_20d<1bn;median_value_60d<1bn,MEDIUM
GMTD,2026-10-07,0,717,21412500.0,20900500.0,0.9596482298314953,True,True,False,False,False,False,RESEARCH_ONLY,median_value_20d<1bn;median_value_60d<1bn,UNCLASSIFIED,,,,LOW,False,False,EXCLUDED,median_value_20d<1bn;median_value_60d<1bn,MEDIUM
GOLD,2026-10-07,0,716,16257000.0,29538700.0,0.29527350307631806,True,True,False,False,False,False,RESEARCH_ONLY,median_value_20d<1bn;median_value_60d<1bn,UNCLASSIFIED,,,,LOW,False,False,EXCLUDED,median_value_20d<1bn;median_value_60d<1bn,MEDIUM
GOLF,2026-10-07,0,543,423353450.0,371499200.0,0.4630657541172549,True,True,False,False,False,False,RESEARCH_ONLY,median_value_20d<1bn;median_value_60d<1bn,UNCLASSIFIED,,,,LOW,False,False,EXCLUDED,median_value_20d<1bn;median_value_60d<1bn,MEDIUM
GOOD,2026-10-07,0,716,37590000.0,56942200.0,0.22035497316162006,True,True,False,False,False,False,RESEARCH_ONLY,median_value_20d<1bn;median_value_60d<1bn,UNCLASSIFIED,,,,LOW,False,False,EXCLUDED,median_value_20d<1bn;median_value_60d<1bn,MEDIUM
GOTO,2026-10-05,2,1074,572342500.0,971030000.0,0.9397893355414415,True,True,False,False,False,False,RESEARCH_ONLY,median_value_20d<1bn;median_value_60d<1bn,BLUE_CHIP,BLUE_CHIP,LQ45,,MEDIUM,False,False,EXCLUDED,median_value_20d<1bn;median_value_60d<1bn,MEDIUM
GRIA,2026-10-07,0,716,553261950.0,606757200.0,0.6552392592702709,True,True,False,False,False,False,RESEARCH_ONLY,median_value_20d<1bn;median_value_60d<1bn,UNCLASSIFIED,,,,LOW,False,False,EXCLUDED,median_value_20d<1bn;median_value_60d<1bn,MEDIUM
GRPH,2026-10-07,0,646,957280150.0,569994500.0,0.8108373434198614,True,True,False,False,False,False,RESEARCH_ONLY,median_value_20d<1bn;median_value_60d<1bn,UNCLASSIFIED,,,,LOW,False,False,EXCLUDED,median_value_20d<1bn;median_value_60d<1bn,MEDIUM
GRPM,2026-10-07,0,716,1308214800.0,942211650.0,0.9737165209471547,True,True,True,False,False,False,RESEARCH_ONLY,median_value_60d<1bn,UNCLASSIFIED,,,,LOW,False,False,EXCLUDED,median_value_60d<1bn,MEDIUM
GSMF,2026-10-07,0,717,700631100.0,480038200.0,1.4294750070153333,True,True,False,False,False,False,RESEARCH_ONLY,median_value_20d<1bn;median_value_60d<1bn,UNCLASSIFIED,,,,LOW,False,False,EXCLUDED,median_value_20d<1bn;median_value_60d<1bn,MEDIUM
GTBO,2026-10-07,0,718,9334950.0,0.0,0.9422352137230492,True,True,False,False,False,False,RESEARCH_ONLY,median_value_20d<1bn;median_value_60d<1bn,UNCLASSIFIED,,,,LOW,False,False,EXCLUDED,median_value_20d<1bn;median_value_60d<1bn,MEDIUM
GTRA,2026-10-07,0,716,278953800.0,142157600.0,0.44809956377860233,True,True,False,False,False,False,RESEARCH_ONLY,median_value_20d<1bn;median_value_60d<1bn,UNCLASSIFIED,,,,LOW,False,False,EXCLUDED,median_value_20d<1bn;median_value_60d<1bn,MEDIUM
GUNA,2026-10-07,0,542,38907100.0,33304000.0,0.09934281705989643,True,True,False,False,False,False,RESEARCH_ONLY,median_value_20d<1bn;median_value_60d<1bn,UNCLASSIFIED,,,,LOW,False,False,EXCLUDED,median_value_20d<1bn;median_value_60d<1bn,MEDIUM
GWSA,2026-10-07,0,716,233656850.0,221683050.0,0.7033712739335011,True,True,False,False,False,False,RESEARCH_ONLY,median_value_20d<1bn;median_value_60d<1bn,UNCLASSIFIED,,,,LOW,False,False,EXCLUDED,median_value_20d<1bn;median_value_60d<1bn,MEDIUM
HADE,2026-10-07,0,716,566678900.0,89400450.0,1.125479623704988,True,True,False,False,False,False,RESEARCH_ONLY,median_value_20d<1bn;median_value_60d<1bn,UNCLASSIFIED,,,,LOW,False,False,EXCLUDED,median_value_20d<1bn;median_value_60d<1bn,MEDIUM
HAIS,2026-10-07,0,716,82378500.0,77877350.0,0.18140664813217716,True,True,False,False,False,False,RESEARCH_ONLY,median_value_20d<1bn;median_value_60d<1bn,UNCLASSIFIED,,,,LOW,False,False,EXCLUDED,median_value_20d<1bn;median_value_60d<1bn,MEDIUM
HAJJ,2026-10-07,0,716,674613600.0,748854250.0,0.4798449002642518,True,True,False,False,False,False,RESEARCH_ONLY,median_value_20d<1bn;median_value_60d<1bn,UNCLASSIFIED,,,,LOW,False,False,EXCLUDED,median_value_20d<1bn;median_value_60d<1bn,MEDIUM
HALO,2026-10-07,0,716,474629700.0,451152850.0,0.5658173294049422,True,True,False,False,False,False,RESEARCH_ONLY,median_value_20d<1bn;median_value_60d<1bn,UNCLASSIFIED,,,,LOW,False,False,EXCLUDED,median_value_20d<1bn;median_value_60d<1bn,MEDIUM
HBAT,2026-10-07,0,716,808120800.0,277857600.0,0.6387339967971941,True,True,False,False,False,False,RESEARCH_ONLY,median_value_20d<1bn;median_value_60d<1bn,UNCLASSIFIED,,,,LOW,False,False,EXCLUDED,median_value_20d<1bn;median_value_60d<1bn,MEDIUM
HDFA,2026-10-07,0,716,68952150.0,68527550.0,0.5756299222043136,True,True,False,False,False,False,RESEARCH_ONLY,median_value_20d<1bn;median_value_60d<1bn,UNCLASSIFIED,,,,LOW,False,False,EXCLUDED,median_value_20d<1bn;median_value_60d<1bn,MEDIUM
HDIT,2026-10-07,0,716,30071300.0,146582500.0,0.8000863608329439,True,True,False,False,False,False,RESEARCH_ONLY,median_value_20d<1bn;median_value_60d<1bn,UNCLASSIFIED,,,,LOW,False,False,EXCLUDED,median_value_20d<1bn;median_value_60d<1bn,MEDIUM
HELI,2026-10-07,0,716,867622800.0,257661900.0,1.1181144303992485,True,True,False,False,False,False,RESEARCH_ONLY,median_value_20d<1bn;median_value_60d<1bn,UNCLASSIFIED,,,,LOW,False,False,EXCLUDED,median_value_20d<1bn;median_value_60d<1bn,MEDIUM
HERO,2026-10-07,0,717,19194000.0,49494500.0,0.219211793925804,True,True,False,False,False,False,RESEARCH_ONLY,median_value_20d<1bn;median_value_60d<1bn,UNCLASSIFIED,,,,LOW,False,False,EXCLUDED,median_value_20d<1bn;median_value_60d<1bn,MEDIUM
HGII,2026-10-07,0,416,160577500.0,123821200.0,0.2729499319589688,True,True,False,False,False,False,RESEARCH_ONLY,median_value_20d<1bn;median_value_60d<1bn,UNCLASSIFIED,,,,LOW,False,False,EXCLUDED,median_value_20d<1bn;median_value_60d<1bn,MEDIUM
HILL,2026-10-06,1,717,0.0,0.0,0.0,True,True,False,False,False,False,RESEARCH_ONLY,median_value_20d<1bn;median_value_60d<1bn,UNCLASSIFIED,,,,LOW,False,False,EXCLUDED,median_value_20d<1bn;median_value_60d<1bn,MEDIUM
HITS,2026-10-06,1,720,0.0,0.0,0.0,True,True,False,False,False,False,RESEARCH_ONLY,median_value_20d<1bn;median_value_60d<1bn,UNCLASSIFIED,,,,LOW,False,False,EXCLUDED,median_value_20d<1bn;median_value_60d<1bn,MEDIUM
HOKI,2026-10-07,0,716,1007117500.0,739684350.0,0.8555304879870046,True,True,True,False,False,False,RESEARCH_ONLY,median_value_60d<1bn,UNCLASSIFIED,,,,LOW,False,False,EXCLUDED,median_value_60d<1bn,MEDIUM
HOMI,2026-10-07,0,716,461575900.0,358410300.0,0.48680735342338777,True,True,False,False,False,False,RESEARCH_ONLY,median_value_20d<1bn;median_value_60d<1bn,UNCLASSIFIED,,,,LOW,False,False,EXCLUDED,median_value_20d<1bn;median_value_60d<1bn,MEDIUM
HRME,2026-10-07,0,716,117892050.0,83760600.0,0.585775720758441,True,True,False,False,False,False,RESEARCH_ONLY,median_value_20d<1bn;median_value_60d<1bn,UNCLASSIFIED,,,,LOW,False,False,EXCLUDED,median_value_20d<1bn;median_value_60d<1bn,MEDIUM
HYGN,2026-10-07,0,630,463566800.0,338242000.0,0.3841509173716178,True,True,False,False,False,False,RESEARCH_ONLY,median_value_20d<1bn;median_value_60d<1bn,UNCLASSIFIED,,,,LOW,False,False,EXCLUDED,median_value_20d<1bn;median_value_60d<1bn,MEDIUM
IBFN,2026-10-06,1,717,0.0,0.0,0.0,True,True,False,False,False,False,RESEARCH_ONLY,median_value_20d<1bn;median_value_60d<1bn,UNCLASSIFIED,,,,LOW,False,False,EXCLUDED,median_value_20d<1bn;median_value_60d<1bn,MEDIUM
IBOS,2026-10-07,0,716,347592200.0,530051050.0,0.5320085423164653,True,True,False,False,False,False,RESEARCH_ONLY,median_value_20d<1bn;median_value_60d<1bn,UNCLASSIFIED,,,,LOW,False,False,EXCLUDED,median_value_20d<1bn;median_value_60d<1bn,MEDIUM
IBST,2026-10-06,1,720,0.0,0.0,0.0,True,True,False,False,False,False,RESEARCH_ONLY,median_value_20d<1bn;median_value_60d<1bn,UNCLASSIFIED,,,,LOW,False,False,EXCLUDED,median_value_20d<1bn;median_value_60d<1bn,MEDIUM
IDEA,2026-10-07,0,716,936945000.0,207023100.0,0.7778429273660612,True,True,False,False,False,False,RESEARCH_ONLY,median_value_20d<1bn;median_value_60d<1bn,UNCLASSIFIED,,,,LOW,False,False,EXCLUDED,median_value_20d<1bn;median_value_60d<1bn,MEDIUM
IDPR,2026-10-07,0,716,7344400.0,8757400.0,0.356830121802476,True,True,False,False,False,False,RESEARCH_ONLY,median_value_20d<1bn;median_value_60d<1bn,UNCLASSIFIED,,,,LOW,False,False,EXCLUDED,median_value_20d<1bn;median_value_60d<1bn,MEDIUM
IFII,2026-10-07,0,716,114429600.0,23798067.5491333,0.5652272204042278,True,True,False,False,False,False,RESEARCH_ONLY,median_value_20d<1bn;median_value_60d<1bn,UNCLASSIFIED,,,,LOW,False,False,EXCLUDED,median_value_20d<1bn;median_value_60d<1bn,MEDIUM
IFSH,2026-10-07,0,716,20104000.0,14048750.0,1.828136267456209,True,True,False,False,False,False,RESEARCH_ONLY,median_value_20d<1bn;median_value_60d<1bn,UNCLASSIFIED,,,,LOW,False,False,EXCLUDED,median_value_20d<1bn;median_value_60d<1bn,MEDIUM
IGAR,2026-10-07,0,717,17508500.0,17774500.0,0.5620553939826908,True,True,False,False,False,False,RESEARCH_ONLY,median_value_20d<1bn;median_value_60d<1bn,UNCLASSIFIED,,,,LOW,False,False,EXCLUDED,median_value_20d<1bn;median_value_60d<1bn,MEDIUM
IKAI,2026-10-07,0,717,492759250.0,326113200.0,1.1436367758986987,True,True,False,False,False,False,RESEARCH_ONLY,median_value_20d<1bn;median_value_60d<1bn,UNCLASSIFIED,,,,LOW,False,False,EXCLUDED,median_value_20d<1bn;median_value_60d<1bn,MEDIUM
IKAN,2026-10-07,0,716,632786000.0,697520700.0,0.5062315546750995,True,True,False,False,False,False,RESEARCH_ONLY,median_value_20d<1bn;median_value_60d<1bn,UNCLASSIFIED,,,,LOW,False,False,EXCLUDED,median_value_20d<1bn;median_value_60d<1bn,MEDIUM
IKBI,2026-10-07,0,717,305563500.0,175604500.0,0.5404525611397051,True,True,False,False,False,False,RESEARCH_ONLY,median_value_20d<1bn;median_value_60d<1bn,UNCLASSIFIED,,,,LOW,False,False,EXCLUDED,median_value_20d<1bn;median_value_60d<1bn,MEDIUM
IKPM,2026-10-07,0,694,25560600.0,24999400.0,0.2718424530471689,True,True,False,False,False,False,RESEARCH_ONLY,median_value_20d<1bn;median_value_60d<1bn,UNCLASSIFIED,,,,LOW,False,False,EXCLUDED,median_value_20d<1bn;median_value_60d<1bn,MEDIUM
IMAS,2026-10-07,0,717,73151250.0,119616000.0,0.26684944695494955,True,True,False,False,False,False,RESEARCH_ONLY,median_value_20d<1bn;median_value_60d<1bn,UNCLASSIFIED,,,,LOW,False,False,EXCLUDED,median_value_20d<1bn;median_value_60d<1bn,MEDIUM
IMJS,2026-10-07,0,716,338438800.0,431659450.0,0.3464901315487793,True,True,False,False,False,False,RESEARCH_ONLY,median_value_20d<1bn;median_value_60d<1bn,UNCLASSIFIED,,,,LOW,False,False,EXCLUDED,median_value_20d<1bn;median_value_60d<1bn,MEDIUM
INAF,2026-10-06,1,720,0.0,0.0,0.0,True,True,False,False,False,False,RESEARCH_ONLY,median_value_20d<1bn;median_value_60d<1bn,UNCLASSIFIED,,,,LOW,False,False,EXCLUDED,median_value_20d<1bn;median_value_60d<1bn,MEDIUM
INAI,2026-10-07,0,717,218915550.0,208591250.0,0.5580897585162605,True,True,False,False,False,False,RESEARCH_ONLY,median_value_20d<1bn;median_value_60d<1bn,UNCLASSIFIED,,,,LOW,False,False,EXCLUDED,median_value_20d<1bn;median_value_60d<1bn,MEDIUM
INCF,2026-10-06,1,717,0.0,0.0,0.0,True,True,False,False,False,False,RESEARCH_ONLY,median_value_20d<1bn;median_value_60d<1bn,UNCLASSIFIED,,,,LOW,False,False,EXCLUDED,median_value_20d<1bn;median_value_60d<1bn,MEDIUM
INCI,2026-10-07,0,717,74163000.0,36700000.0,0.49969054986187733,True,True,False,False,False,False,RESEARCH_ONLY,median_value_20d<1bn;median_value_60d<1bn,UNCLASSIFIED,,,,LOW,False,False,EXCLUDED,median_value_20d<1bn;median_value_60d<1bn,MEDIUM
INDR,2026-10-07,0,717,131548000.0,83094250.0,0.43298288382010697,True,True,False,False,False,False,RESEARCH_ONLY,median_value_20d<1bn;median_value_60d<1bn,UNCLASSIFIED,,,,LOW,False,False,EXCLUDED,median_value_20d<1bn;median_value_60d<1bn,MEDIUM
INDS,2026-10-05,2,4121,280507200.0,301876300.0,0.24576459432948455,True,True,False,False,False,False,RESEARCH_ONLY,median_value_20d<1bn;median_value_60d<1bn,UNCLASSIFIED,,,,LOW,False,False,EXCLUDED,median_value_20d<1bn;median_value_60d<1bn,MEDIUM
INDX,2026-10-06,1,717,0.0,0.0,0.0,True,True,False,False,False,False,RESEARCH_ONLY,median_value_20d<1bn;median_value_60d<1bn,UNCLASSIFIED,,,,LOW,False,False,EXCLUDED,median_value_20d<1bn;median_value_60d<1bn,MEDIUM
INOV,2026-10-07,0,716,183172300.0,296463000.0,0.2827969192105454,True,True,False,False,False,False,RESEARCH_ONLY,median_value_20d<1bn;median_value_60d<1bn,UNCLASSIFIED,,,,LOW,False,False,EXCLUDED,median_value_20d<1bn;median_value_60d<1bn,MEDIUM
INPC,2026-10-05,2,4119,687752300.0,547772800.0,0.5171554553944758,True,True,False,False,False,False,RESEARCH_ONLY,median_value_20d<1bn;median_value_60d<1bn,UNCLASSIFIED,,,,LOW,False,False,EXCLUDED,median_value_20d<1bn;median_value_60d<1bn,MEDIUM
INPP,2026-10-07,0,717,16354000.0,81298000.0,0.2048486246205672,True,True,False,False,False,False,RESEARCH_ONLY,median_value_20d<1bn;median_value_60d<1bn,UNCLASSIFIED,,,,LOW,False,False,EXCLUDED,median_value_20d<1bn;median_value_60d<1bn,MEDIUM
INPS,2026-10-06,1,715,0.0,117036750.0,0.6580453262551857,True,True,False,False,False,False,RESEARCH_ONLY,median_value_20d<1bn;median_value_60d<1bn,UNCLASSIFIED,,,,LOW,False,False,EXCLUDED,median_value_20d<1bn;median_value_60d<1bn,MEDIUM
INRU,2026-10-05,2,4125,0.0,0.0,0.0,True,True,False,False,False,False,RESEARCH_ONLY,median_value_20d<1bn;median_value_60d<1bn,UNCLASSIFIED,,,,LOW,False,False,EXCLUDED,median_value_20d<1bn;median_value_60d<1bn,MEDIUM
INTA,2026-10-06,1,717,0.0,0.0,0.0,True,True,False,False,False,False,RESEARCH_ONLY,median_value_20d<1bn;median_value_60d<1bn,UNCLASSIFIED,,,,LOW,False,False,EXCLUDED,median_value_20d<1bn;median_value_60d<1bn,MEDIUM
INTD,2026-10-07,0,717,511243600.0,42750200.0,1.5288011421078862,True,True,False,False,False,False,RESEARCH_ONLY,median_value_20d<1bn;median_value_60d<1bn,UNCLASSIFIED,,,,LOW,False,False,EXCLUDED,median_value_20d<1bn;median_value_60d<1bn,MEDIUM
IPAC,2026-10-06,1,715,0.0,5879650.0,0.05941678267428588,True,True,False,False,False,False,RESEARCH_ONLY,median_value_20d<1bn;median_value_60d<1bn,UNCLASSIFIED,,,,LOW,False,False,EXCLUDED,median_value_20d<1bn;median_value_60d<1bn,MEDIUM
IPCC,2026-10-07,0,716,647133500.0,703038000.0,0.18679750106527873,True,True,False,False,False,False,RESEARCH_ONLY,median_value_20d<1bn;median_value_60d<1bn,UNCLASSIFIED,,,,LOW,False,False,EXCLUDED,median_value_20d<1bn;median_value_60d<1bn,MEDIUM
IPCM,2026-10-07,0,716,251640400.0,205648500.0,0.19351410818407927,True,True,False,False,False,False,RESEARCH_ONLY,median_value_20d<1bn;median_value_60d<1bn,UNCLASSIFIED,,,,LOW,False,False,EXCLUDED,median_value_20d<1bn;median_value_60d<1bn,MEDIUM
IPOL,2026-10-07,0,716,69606450.0,72582850.0,0.3017198048986907,True,True,False,False,False,False,RESEARCH_ONLY,median_value_20d<1bn;median_value_60d<1bn,UNCLASSIFIED,,,,LOW,False,False,EXCLUDED,median_value_20d<1bn;median_value_60d<1bn,MEDIUM
IPPE,2026-10-06,1,720,0.0,0.0,0.0,True,True,False,False,False,False,RESEARCH_ONLY,median_value_20d<1bn;median_value_60d<1bn,UNCLASSIFIED,,,,LOW,False,False,EXCLUDED,median_value_20d<1bn;median_value_60d<1bn,MEDIUM
IPTV,2026-10-07,0,716,244564400.0,101230600.0,0.7462105376760872,True,True,False,False,False,False,RESEARCH_ONLY,median_value_20d<1bn;median_value_60d<1bn,UNCLASSIFIED,,,,LOW,False,False,EXCLUDED,median_value_20d<1bn;median_value_60d<1bn,MEDIUM
IRRA,2026-10-07,0,716,210283200.0,214948900.0,0.23286100724878878,True,True,False,False,False,False,RESEARCH_ONLY,median_value_20d<1bn;median_value_60d<1bn,UNCLASSIFIED,,,,LOW,False,False,EXCLUDED,median_value_20d<1bn;median_value_60d<1bn,MEDIUM
ISAP,2026-10-07,0,716,1021551850.0,434502500.0,0.8684893220923317,True,True,True,False,False,False,RESEARCH_ONLY,median_value_60d<1bn,UNCLASSIFIED,,,,LOW,False,False,EXCLUDED,median_value_60d<1bn,MEDIUM
ISEA,2026-10-07,0,543,284318750.0,509081700.0,0.46136384803279085,True,True,False,False,False,False,RESEARCH_ONLY,median_value_20d<1bn;median_value_60d<1bn,UNCLASSIFIED,,,,LOW,False,False,EXCLUDED,median_value_20d<1bn;median_value_60d<1bn,MEDIUM
ISSP,2026-10-07,0,716,1153691500.0,543618500.0,0.29587485727280205,True,True,True,False,False,False,RESEARCH_ONLY,median_value_60d<1bn,UNCLASSIFIED,,,,LOW,False,False,EXCLUDED,median_value_60d<1bn,MEDIUM
ITIC,2026-10-07,0,716,68515200.0,75255200.0,0.2873564586224032,True,True,False,False,False,False,RESEARCH_ONLY,median_value_20d<1bn;median_value_60d<1bn,UNCLASSIFIED,,,,LOW,False,False,EXCLUDED,median_value_20d<1bn;median_value_60d<1bn,MEDIUM
ITMA,2026-10-07,0,716,36956750.0,33044000.0,0.5003929029589886,True,True,False,False,False,False,RESEARCH_ONLY,median_value_20d<1bn;median_value_60d<1bn,UNCLASSIFIED,,,,LOW,False,False,EXCLUDED,median_value_20d<1bn;median_value_60d<1bn,MEDIUM
JAST,2026-10-07,0,716,581234900.0,590224900.0,0.741040503254756,True,True,False,False,False,False,RESEARCH_ONLY,median_value_20d<1bn;median_value_60d<1bn,UNCLASSIFIED,,,,LOW,False,False,EXCLUDED,median_value_20d<1bn;median_value_60d<1bn,MEDIUM
JAWA,2026-10-07,0,716,4317308800.0,696827250.0,1.3240950041855994,True,True,True,False,False,False,RESEARCH_ONLY,median_value_60d<1bn,UNCLASSIFIED,,,,LOW,False,False,EXCLUDED,median_value_60d<1bn,MEDIUM
JAYA,2026-10-07,0,716,589441000.0,284862050.0,0.7448978000545683,True,True,False,False,False,False,RESEARCH_ONLY,median_value_20d<1bn;median_value_60d<1bn,UNCLASSIFIED,,,,LOW,False,False,EXCLUDED,median_value_20d<1bn;median_value_60d<1bn,MEDIUM
JECC,2026-10-07,0,717,93415000.0,29447000.0,1.2567618727334757,True,True,False,False,False,False,RESEARCH_ONLY,median_value_20d<1bn;median_value_60d<1bn,UNCLASSIFIED,,,,LOW,False,False,EXCLUDED,median_value_20d<1bn;median_value_60d<1bn,MEDIUM
JIHD,2026-10-07,0,717,75134300.0,86012000.0,0.18653028439193856,True,True,False,False,False,False,RESEARCH_ONLY,median_value_20d<1bn;median_value_60d<1bn,UNCLASSIFIED,,,,LOW,False,False,EXCLUDED,median_value_20d<1bn;median_value_60d<1bn,MEDIUM
JKON,2026-10-07,0,717,468318800.0,977197050.0,0.281312592422504,True,True,False,False,False,False,RESEARCH_ONLY,median_value_20d<1bn;median_value_60d<1bn,UNCLASSIFIED,,,,LOW,False,False,EXCLUDED,median_value_20d<1bn;median_value_60d<1bn,MEDIUM
JMAS,2026-10-06,1,717,0.0,0.0,0.0,True,True,False,False,False,False,RESEARCH_ONLY,median_value_20d<1bn;median_value_60d<1bn,UNCLASSIFIED,,,,LOW,False,False,EXCLUDED,median_value_20d<1bn;median_value_60d<1bn,MEDIUM
JRPT,2026-10-07,0,717,753730750.0,502446250.0,0.12281049898312053,True,True,False,False,False,False,RESEARCH_ONLY,median_value_20d<1bn;median_value_60d<1bn,UNCLASSIFIED,,,,LOW,False,False,EXCLUDED,median_value_20d<1bn;median_value_60d<1bn,MEDIUM
JSPT,2026-10-07,0,717,21952000.0,23914250.0,0.44111392257630344,True,True,False,False,False,False,RESEARCH_ONLY,median_value_20d<1bn;median_value_60d<1bn,UNCLASSIFIED,,,,LOW,False,False,EXCLUDED,median_value_20d<1bn;median_value_60d<1bn,MEDIUM
JTPE,2026-10-07,0,717,554431000.0,557309750.0,0.22946220171454473,True,True,False,False,False,False,RESEARCH_ONLY,median_value_20d<1bn;median_value_60d<1bn,UNCLASSIFIED,,,,LOW,False,False,EXCLUDED,median_value_20d<1bn;median_value_60d<1bn,MEDIUM
KAEF,2026-10-05,2,4120,438893400.0,239088000.0,0.3295698827648027,True,True,False,False,False,False,RESEARCH_ONLY,median_value_20d<1bn;median_value_60d<1bn,BUMN_AFFILIATED,BUMN_AFFILIATED,,,MEDIUM,False,False,EXCLUDED,median_value_20d<1bn;median_value_60d<1bn,MEDIUM
KARW,2026-10-06,1,717,0.0,0.0,0.0,True,True,False,False,False,False,RESEARCH_ONLY,median_value_20d<1bn;median_value_60d<1bn,UNCLASSIFIED,,,,LOW,False,False,EXCLUDED,median_value_20d<1bn;median_value_60d<1bn,MEDIUM
KAYU,2026-10-06,1,720,0.0,0.0,0.0,True,True,False,False,False,False,RESEARCH_ONLY,median_value_20d<1bn;median_value_60d<1bn,UNCLASSIFIED,,,,LOW,False,False,EXCLUDED,median_value_20d<1bn;median_value_60d<1bn,MEDIUM
KBAG,2026-10-07,0,716,142870500.0,173625000.0,0.7310776728731486,True,True,False,False,False,False,RESEARCH_ONLY,median_value_20d<1bn;median_value_60d<1bn,UNCLASSIFIED,,,,LOW,False,False,EXCLUDED,median_value_20d<1bn;median_value_60d<1bn,MEDIUM
KBLI,2026-10-07,0,717,303502000.0,224180500.0,0.489769725995717,True,True,False,False,False,False,RESEARCH_ONLY,median_value_20d<1bn;median_value_60d<1bn,UNCLASSIFIED,,,,LOW,False,False,EXCLUDED,median_value_20d<1bn;median_value_60d<1bn,MEDIUM
KBLM,2026-10-05,2,4120,211064100.0,22961900.0,0.5508295623105549,True,True,False,False,False,False,RESEARCH_ONLY,median_value_20d<1bn;median_value_60d<1bn,UNCLASSIFIED,,,,LOW,False,False,EXCLUDED,median_value_20d<1bn;median_value_60d<1bn,MEDIUM
KBLV,2026-10-07,0,716,876205500.0,2032976300.0,0.5218541215223975,True,True,False,True,False,False,RESEARCH_ONLY,median_value_20d<1bn,UNCLASSIFIED,,,,LOW,False,False,EXCLUDED,median_value_20d<1bn,MEDIUM
KDSI,2026-10-07,0,717,4692700.0,4553600.0,0.21824303396886469,True,True,False,False,False,False,RESEARCH_ONLY,median_value_20d<1bn;median_value_60d<1bn,UNCLASSIFIED,,,,LOW,False,False,EXCLUDED,median_value_20d<1bn;median_value_60d<1bn,MEDIUM
KEJU,2026-10-07,0,716,35538000.0,51674000.0,0.20486966384063857,True,True,False,False,False,False,RESEARCH_ONLY,median_value_20d<1bn;median_value_60d<1bn,UNCLASSIFIED,,,,LOW,False,False,EXCLUDED,median_value_20d<1bn;median_value_60d<1bn,MEDIUM
KIAS,2026-10-06,1,720,0.0,0.0,0.0,True,True,False,False,False,False,RESEARCH_ONLY,median_value_20d<1bn;median_value_60d<1bn,UNCLASSIFIED,,,,LOW,False,False,EXCLUDED,median_value_20d<1bn;median_value_60d<1bn,MEDIUM
KICI,2026-10-07,0,717,1208902800.0,314582250.0,1.3114856220692785,True,True,True,False,False,False,RESEARCH_ONLY,median_value_60d<1bn,UNCLASSIFIED,,,,LOW,False,False,EXCLUDED,median_value_60d<1bn,MEDIUM
KINO,2026-10-07,0,716,87927500.0,61455250.0,0.3283502820261957,True,True,False,False,False,False,RESEARCH_ONLY,median_value_20d<1bn;median_value_60d<1bn,UNCLASSIFIED,,,,LOW,False,False,EXCLUDED,median_value_20d<1bn;median_value_60d<1bn,MEDIUM
KIOS,2026-10-07,0,716,869610400.0,1630524650.0,0.768452443164182,True,True,False,True,False,False,RESEARCH_ONLY,median_value_20d<1bn,UNCLASSIFIED,,,,LOW,False,False,EXCLUDED,median_value_20d<1bn,MEDIUM
KKES,2026-10-07,0,716,2994312250.0,772002700.0,1.9407074738770227,True,True,True,False,False,False,RESEARCH_ONLY,median_value_60d<1bn,UNCLASSIFIED,,,,LOW,False,False,EXCLUDED,median_value_60d<1bn,MEDIUM
KKGI,2026-10-07,0,717,1354894442.805481,648690870.4345703,0.36495597877535185,True,True,True,False,False,False,RESEARCH_ONLY,median_value_60d<1bn,UNCLASSIFIED,,,,LOW,False,False,EXCLUDED,median_value_60d<1bn,MEDIUM
KLAS,2026-10-07,0,716,563691200.0,622739800.0,0.67370467500654,True,True,False,False,False,False,RESEARCH_ONLY,median_value_20d<1bn;median_value_60d<1bn,UNCLASSIFIED,,,,LOW,False,False,EXCLUDED,median_value_20d<1bn;median_value_60d<1bn,MEDIUM
KLIN,2026-10-07,0,716,21781500.0,23037600.0,0.5955572687006245,True,True,False,False,False,False,RESEARCH_ONLY,median_value_20d<1bn;median_value_60d<1bn,UNCLASSIFIED,,,,LOW,False,False,EXCLUDED,median_value_20d<1bn;median_value_60d<1bn,MEDIUM
KMDS,2026-10-07,0,716,54598500.0,51849000.0,0.1255439305592016,True,True,False,False,False,False,RESEARCH_ONLY,median_value_20d<1bn;median_value_60d<1bn,UNCLASSIFIED,,,,LOW,False,False,EXCLUDED,median_value_20d<1bn;median_value_60d<1bn,MEDIUM
KMTR,2026-10-07,0,716,9336600.0,12836000.0,0.2960220241352397,True,True,False,False,False,False,RESEARCH_ONLY,median_value_20d<1bn;median_value_60d<1bn,UNCLASSIFIED,,,,LOW,False,False,EXCLUDED,median_value_20d<1bn;median_value_60d<1bn,MEDIUM
KOBX,2026-10-07,0,716,230551350.0,353961150.0,0.2620736089992226,True,True,False,False,False,False,RESEARCH_ONLY,median_value_20d<1bn;median_value_60d<1bn,UNCLASSIFIED,,,,LOW,False,False,EXCLUDED,median_value_20d<1bn;median_value_60d<1bn,MEDIUM
KOIN,2026-10-06,1,717,0.0,0.0,0.0,True,True,False,False,False,False,RESEARCH_ONLY,median_value_20d<1bn;median_value_60d<1bn,UNCLASSIFIED,,,,LOW,False,False,EXCLUDED,median_value_20d<1bn;median_value_60d<1bn,MEDIUM
KONI,2026-10-07,0,717,18733500.0,45472000.0,0.45870733375765244,True,True,False,False,False,False,RESEARCH_ONLY,median_value_20d<1bn;median_value_60d<1bn,UNCLASSIFIED,,,,LOW,False,False,EXCLUDED,median_value_20d<1bn;median_value_60d<1bn,MEDIUM
KOPI,2026-10-07,0,716,174551550.0,142116000.0,0.24564747765494502,True,True,False,False,False,False,RESEARCH_ONLY,median_value_20d<1bn;median_value_60d<1bn,UNCLASSIFIED,,,,LOW,False,False,EXCLUDED,median_value_20d<1bn;median_value_60d<1bn,MEDIUM
KRAS,2026-10-07,0,716,577221600.0,944405700.0,0.538378114937621,True,True,False,False,False,False,RESEARCH_ONLY,median_value_20d<1bn;median_value_60d<1bn,BUMN_AFFILIATED,BUMN_AFFILIATED,,,MEDIUM,False,False,EXCLUDED,median_value_20d<1bn;median_value_60d<1bn,MEDIUM
KREN,2026-10-07,0,717,641177300.0,300743050.0,1.4556055709713493,True,True,False,False,False,False,RESEARCH_ONLY,median_value_20d<1bn;median_value_60d<1bn,UNCLASSIFIED,,,,LOW,False,False,EXCLUDED,median_value_20d<1bn;median_value_60d<1bn,MEDIUM
KSIX,2026-10-07,0,417,99754200.0,143451000.0,0.36886538325792023,True,True,False,False,False,False,RESEARCH_ONLY,median_value_20d<1bn;median_value_60d<1bn,UNCLASSIFIED,,,,LOW,False,False,EXCLUDED,median_value_20d<1bn;median_value_60d<1bn,MEDIUM
LABS,2026-10-07,0,541,209133500.0,171621400.0,0.6408424980956279,True,True,False,False,False,False,RESEARCH_ONLY,median_value_20d<1bn;median_value_60d<1bn,UNCLASSIFIED,,,,LOW,False,False,EXCLUDED,median_value_20d<1bn;median_value_60d<1bn,MEDIUM
LCKM,2026-10-06,1,717,0.0,0.0,0.0,True,True,False,False,False,False,RESEARCH_ONLY,median_value_20d<1bn;median_value_60d<1bn,UNCLASSIFIED,,,,LOW,False,False,EXCLUDED,median_value_20d<1bn;median_value_60d<1bn,MEDIUM
LFLO,2026-10-07,0,716,7717500.0,4484550.0,0.5667078107581867,True,True,False,False,False,False,RESEARCH_ONLY,median_value_20d<1bn;median_value_60d<1bn,UNCLASSIFIED,,,,LOW,False,False,EXCLUDED,median_value_20d<1bn;median_value_60d<1bn,MEDIUM
LIFE,2026-10-07,0,716,130395000.0,15960000.0,0.9187120618921613,True,True,False,False,False,False,RESEARCH_ONLY,median_value_20d<1bn;median_value_60d<1bn,UNCLASSIFIED,,,,LOW,False,False,EXCLUDED,median_value_20d<1bn;median_value_60d<1bn,MEDIUM
LINK,2026-10-07,0,716,34597500.0,25370250.0,0.5971195348638997,True,True,False,False,False,False,RESEARCH_ONLY,median_value_20d<1bn;median_value_60d<1bn,UNCLASSIFIED,,,,LOW,False,False,EXCLUDED,median_value_20d<1bn;median_value_60d<1bn,MEDIUM
LION,2026-10-07,0,717,28877400.0,28039000.0,0.5878662371697156,True,True,False,False,False,False,RESEARCH_ONLY,median_value_20d<1bn;median_value_60d<1bn,UNCLASSIFIED,,,,LOW,False,False,EXCLUDED,median_value_20d<1bn;median_value_60d<1bn,MEDIUM
LIVE,2026-10-07,0,631,213208100.0,377081400.0,0.4420767418214993,True,True,False,False,False,False,RESEARCH_ONLY,median_value_20d<1bn;median_value_60d<1bn,UNCLASSIFIED,,,,LOW,False,False,EXCLUDED,median_value_20d<1bn;median_value_60d<1bn,MEDIUM
LMAX,2026-10-07,0,716,56071200.0,52076200.0,0.5150581013177883,True,True,False,False,False,False,RESEARCH_ONLY,median_value_20d<1bn;median_value_60d<1bn,UNCLASSIFIED,,,,LOW,False,False,EXCLUDED,median_value_20d<1bn;median_value_60d<1bn,MEDIUM
LMPI,2026-10-07,0,717,49784500.0,44491500.0,0.25448489415808134,True,True,False,False,False,False,RESEARCH_ONLY,median_value_20d<1bn;median_value_60d<1bn,UNCLASSIFIED,,,,LOW,False,False,EXCLUDED,median_value_20d<1bn;median_value_60d<1bn,MEDIUM
LMSH,2026-10-06,1,720,0.0,0.0,0.0,True,True,False,False,False,False,RESEARCH_ONLY,median_value_20d<1bn;median_value_60d<1bn,UNCLASSIFIED,,,,LOW,False,False,EXCLUDED,median_value_20d<1bn;median_value_60d<1bn,MEDIUM
LOPI,2026-10-07,0,714,609475650.0,434936700.0,0.5192713489859875,True,True,False,False,False,False,RESEARCH_ONLY,median_value_20d<1bn;median_value_60d<1bn,UNCLASSIFIED,,,,LOW,False,False,EXCLUDED,median_value_20d<1bn;median_value_60d<1bn,MEDIUM
LPCK,2026-10-05,2,4121,160806500.0,197728250.0,0.3715299478554253,True,True,False,False,False,False,RESEARCH_ONLY,median_value_20d<1bn;median_value_60d<1bn,UNCLASSIFIED,,,,LOW,False,False,EXCLUDED,median_value_20d<1bn;median_value_60d<1bn,MEDIUM
LPGI,2026-10-07,0,717,1419000.0,4998750.0,0.07959483782059677,True,True,False,False,False,False,RESEARCH_ONLY,median_value_20d<1bn;median_value_60d<1bn,UNCLASSIFIED,,,,LOW,False,False,EXCLUDED,median_value_20d<1bn;median_value_60d<1bn,MEDIUM
LPIN,2026-10-07,0,717,49638200.0,38418500.0,0.1554285359006295,True,True,False,False,False,False,RESEARCH_ONLY,median_value_20d<1bn;median_value_60d<1bn,UNCLASSIFIED,,,,LOW,False,False,EXCLUDED,median_value_20d<1bn;median_value_60d<1bn,MEDIUM
LPLI,2026-10-07,0,717,39044300.0,36807700.0,0.2996411426894932,True,True,False,False,False,False,RESEARCH_ONLY,median_value_20d<1bn;median_value_60d<1bn,UNCLASSIFIED,,,,LOW,False,False,EXCLUDED,median_value_20d<1bn;median_value_60d<1bn,MEDIUM
LPPS,2026-10-07,0,717,139890300.0,141742450.0,0.9118685458830514,True,True,False,False,False,False,RESEARCH_ONLY,median_value_20d<1bn;median_value_60d<1bn,UNCLASSIFIED,,,,LOW,False,False,EXCLUDED,median_value_20d<1bn;median_value_60d<1bn,MEDIUM
LRNA,2026-10-07,0,716,54396100.0,47088500.0,0.38843276458049236,True,True,False,False,False,False,RESEARCH_ONLY,median_value_20d<1bn;median_value_60d<1bn,UNCLASSIFIED,,,,LOW,False,False,EXCLUDED,median_value_20d<1bn;median_value_60d<1bn,MEDIUM
LTLS,2026-10-07,0,717,92000750.0,55888000.0,0.3393333214178065,True,True,False,False,False,False,RESEARCH_ONLY,median_value_20d<1bn;median_value_60d<1bn,UNCLASSIFIED,,,,LOW,False,False,EXCLUDED,median_value_20d<1bn;median_value_60d<1bn,MEDIUM
LUCK,2026-10-07,0,716,422288750.0,501853750.0,0.4115923820056375,True,True,False,False,False,False,RESEARCH_ONLY,median_value_20d<1bn;median_value_60d<1bn,UNCLASSIFIED,,,,LOW,False,False,EXCLUDED,median_value_20d<1bn;median_value_60d<1bn,MEDIUM
MAHA,2026-10-07,0,716,719295350.0,522710100.0,0.26527297295645935,True,True,False,False,False,False,RESEARCH_ONLY,median_value_20d<1bn;median_value_60d<1bn,UNCLASSIFIED,,,,LOW,False,False,EXCLUDED,median_value_20d<1bn;median_value_60d<1bn,MEDIUM
MAIN,2026-10-07,0,717,729571500.0,752454250.0,0.21744666628410433,True,True,False,False,False,False,RESEARCH_ONLY,median_value_20d<1bn;median_value_60d<1bn,UNCLASSIFIED,,,,LOW,False,False,EXCLUDED,median_value_20d<1bn;median_value_60d<1bn,MEDIUM
MANG,2026-10-07,0,651,315634200.0,292246200.0,0.48763474551018543,True,True,False,False,False,False,RESEARCH_ONLY,median_value_20d<1bn;median_value_60d<1bn,UNCLASSIFIED,,,,LOW,False,False,EXCLUDED,median_value_20d<1bn;median_value_60d<1bn,MEDIUM
MAPB,2026-10-07,0,716,681000.0,1348250.0,0.8223597224862835,True,True,False,False,False,False,RESEARCH_ONLY,median_value_20d<1bn;median_value_60d<1bn,UNCLASSIFIED,,,,LOW,False,False,EXCLUDED,median_value_20d<1bn;median_value_60d<1bn,MEDIUM
MARI,2026-10-06,1,717,0.0,0.0,0.0,True,True,False,False,False,False,RESEARCH_ONLY,median_value_20d<1bn;median_value_60d<1bn,UNCLASSIFIED,,,,LOW,False,False,EXCLUDED,median_value_20d<1bn;median_value_60d<1bn,MEDIUM
MASB,2026-10-07,0,716,25401000.0,33900000.0,0.2675494131340046,True,True,False,False,False,False,RESEARCH_ONLY,median_value_20d<1bn;median_value_60d<1bn,UNCLASSIFIED,,,,LOW,False,False,EXCLUDED,median_value_20d<1bn;median_value_60d<1bn,MEDIUM
MAXI,2026-10-07,0,716,9417500.0,6115000.0,0.9614155597358369,True,True,False,False,False,False,RESEARCH_ONLY,median_value_20d<1bn;median_value_60d<1bn,UNCLASSIFIED,,,,LOW,False,False,EXCLUDED,median_value_20d<1bn;median_value_60d<1bn,MEDIUM
MAYA,2026-10-05,2,4120,265144350.0,170629000.0,0.3684963865162086,True,True,False,False,False,False,RESEARCH_ONLY,median_value_20d<1bn;median_value_60d<1bn,UNCLASSIFIED,,,,LOW,False,False,EXCLUDED,median_value_20d<1bn;median_value_60d<1bn,MEDIUM
MBAP,2026-10-07,0,716,87001250.0,77688000.0,0.2972618988198318,True,True,False,False,False,False,RESEARCH_ONLY,median_value_20d<1bn;median_value_60d<1bn,UNCLASSIFIED,,,,LOW,False,False,EXCLUDED,median_value_20d<1bn;median_value_60d<1bn,MEDIUM
MBTO,2026-10-07,0,716,1366445350.0,624714800.0,1.721150008992855,True,True,True,False,False,False,RESEARCH_ONLY,median_value_60d<1bn,UNCLASSIFIED,,,,LOW,False,False,EXCLUDED,median_value_60d<1bn,MEDIUM
MCAS,2026-10-07,0,716,313272400.0,601932600.0,0.5808296549564541,True,True,False,False,False,False,RESEARCH_ONLY,median_value_20d<1bn;median_value_60d<1bn,UNCLASSIFIED,,,,LOW,False,False,EXCLUDED,median_value_20d<1bn;median_value_60d<1bn,MEDIUM
MCOL,2026-10-07,0,716,57651500.0,79556500.0,0.2278355611944772,True,True,False,False,False,False,RESEARCH_ONLY,median_value_20d<1bn;median_value_60d<1bn,UNCLASSIFIED,,,,LOW,False,False,EXCLUDED,median_value_20d<1bn;median_value_60d<1bn,MEDIUM
MCOR,2026-10-07,0,717,174824100.0,166099000.0,0.1636467924130449,True,True,False,False,False,False,RESEARCH_ONLY,median_value_20d<1bn;median_value_60d<1bn,UNCLASSIFIED,,,,LOW,False,False,EXCLUDED,median_value_20d<1bn;median_value_60d<1bn,MEDIUM
MDIY,2026-10-07,0,427,360324750.0,408377750.0,0.179619601308459,True,True,False,False,False,False,RESEARCH_ONLY,median_value_20d<1bn;median_value_60d<1bn,UNCLASSIFIED,,,,LOW,False,False,EXCLUDED,median_value_20d<1bn;median_value_60d<1bn,MEDIUM
MDKI,2026-10-07,0,716,57333300.0,39072400.0,0.1911234291439897,True,True,False,False,False,False,RESEARCH_ONLY,median_value_20d<1bn;median_value_60d<1bn,UNCLASSIFIED,,,,LOW,False,False,EXCLUDED,median_value_20d<1bn;median_value_60d<1bn,MEDIUM
MDLA,2026-10-07,0,358,231719900.0,185733000.0,0.1404733423894369,True,True,False,False,False,False,RESEARCH_ONLY,median_value_20d<1bn;median_value_60d<1bn,UNCLASSIFIED,,,,LOW,False,False,EXCLUDED,median_value_20d<1bn;median_value_60d<1bn,MEDIUM
MDLN,2026-10-07,0,717,8770000.0,51884800.0,0.8685478948515355,True,True,False,False,False,False,RESEARCH_ONLY,median_value_20d<1bn;median_value_60d<1bn,UNCLASSIFIED,,,,LOW,False,False,EXCLUDED,median_value_20d<1bn;median_value_60d<1bn,MEDIUM
MDRN,2026-10-06,1,717,0.0,0.0,0.0,True,True,False,False,False,False,RESEARCH_ONLY,median_value_20d<1bn;median_value_60d<1bn,UNCLASSIFIED,,,,LOW,False,False,EXCLUDED,median_value_20d<1bn;median_value_60d<1bn,MEDIUM
MEGA,2026-10-05,2,4120,54667750.0,54210000.0,0.15580162678396006,True,True,False,False,False,False,RESEARCH_ONLY,median_value_20d<1bn;median_value_60d<1bn,UNCLASSIFIED,,,,LOW,False,False,EXCLUDED,median_value_20d<1bn;median_value_60d<1bn,MEDIUM
MENN,2026-10-06,1,720,0.0,0.0,0.0,True,True,False,False,False,False,RESEARCH_ONLY,median_value_20d<1bn;median_value_60d<1bn,UNCLASSIFIED,,,,LOW,False,False,EXCLUDED,median_value_20d<1bn;median_value_60d<1bn,MEDIUM
MERI,2026-10-07,0,305,170425100.0,226326800.0,0.4092139406376942,True,True,False,False,False,False,RESEARCH_ONLY,median_value_20d<1bn;median_value_60d<1bn,UNCLASSIFIED,,,,LOW,False,False,EXCLUDED,median_value_20d<1bn;median_value_60d<1bn,MEDIUM
MERK,2026-10-05,2,4121,79651500.0,107571000.0,0.23637528782261857,True,True,False,False,False,False,RESEARCH_ONLY,median_value_20d<1bn;median_value_60d<1bn,UNCLASSIFIED,,,,LOW,False,False,EXCLUDED,median_value_20d<1bn;median_value_60d<1bn,MEDIUM
MFMI,2026-10-06,1,720,0.0,0.0,0.0,True,True,False,False,False,False,RESEARCH_ONLY,median_value_20d<1bn;median_value_60d<1bn,UNCLASSIFIED,,,,LOW,False,False,EXCLUDED,median_value_20d<1bn;median_value_60d<1bn,MEDIUM
MGNA,2026-10-07,0,716,5912441500.0,645719700.0,2.3014726873216698,True,True,True,False,False,False,RESEARCH_ONLY,median_value_60d<1bn,UNCLASSIFIED,,,,LOW,False,False,EXCLUDED,median_value_60d<1bn,MEDIUM
MHKI,2026-10-07,0,595,231973200.0,388785750.0,0.3838158645889962,True,True,False,False,False,False,RESEARCH_ONLY,median_value_20d<1bn;median_value_60d<1bn,UNCLASSIFIED,,,,LOW,False,False,EXCLUDED,median_value_20d<1bn;median_value_60d<1bn,MEDIUM
MICE,2026-10-07,0,718,15435000.0,12110000.0,0.5452521293761758,True,True,False,False,False,False,RESEARCH_ONLY,median_value_20d<1bn;median_value_60d<1bn,UNCLASSIFIED,,,,LOW,False,False,EXCLUDED,median_value_20d<1bn;median_value_60d<1bn,MEDIUM
MINE,2026-10-07,0,377,360649100.0,326679400.0,0.4213951381408751,True,True,False,False,False,False,RESEARCH_ONLY,median_value_20d<1bn;median_value_60d<1bn,UNCLASSIFIED,,,,LOW,False,False,EXCLUDED,median_value_20d<1bn;median_value_60d<1bn,MEDIUM
MIRA,2026-10-07,0,716,256502400.0,175765450.0,1.483890352669696,True,True,False,False,False,False,RESEARCH_ONLY,median_value_20d<1bn;median_value_60d<1bn,UNCLASSIFIED,,,,LOW,False,False,EXCLUDED,median_value_20d<1bn;median_value_60d<1bn,MEDIUM
MKAP,2026-10-07,0,631,2034720750.0,70025000.0,0.16642520740819305,True,True,True,False,False,False,RESEARCH_ONLY,median_value_60d<1bn,UNCLASSIFIED,,,,LOW,False,False,EXCLUDED,median_value_60d<1bn,MEDIUM
MKNT,2026-10-06,1,720,0.0,0.0,0.0,True,True,False,False,False,False,RESEARCH_ONLY,median_value_20d<1bn;median_value_60d<1bn,UNCLASSIFIED,,,,LOW,False,False,EXCLUDED,median_value_20d<1bn;median_value_60d<1bn,MEDIUM
MKPI,2026-10-07,0,716,880912500.0,892182500.0,0.10533671290465085,True,True,False,False,False,False,RESEARCH_ONLY,median_value_20d<1bn;median_value_60d<1bn,UNCLASSIFIED,,,,LOW,False,False,EXCLUDED,median_value_20d<1bn;median_value_60d<1bn,MEDIUM
MKTR,2026-10-07,0,716,55602150.0,44187750.0,0.18460693214596705,True,True,False,False,False,False,RESEARCH_ONLY,median_value_20d<1bn;median_value_60d<1bn,UNCLASSIFIED,,,,LOW,False,False,EXCLUDED,median_value_20d<1bn;median_value_60d<1bn,MEDIUM
MLBI,2026-10-05,2,4121,351155000.0,380922500.0,0.1240099462496431,True,True,False,False,False,False,RESEARCH_ONLY,median_value_20d<1bn;median_value_60d<1bn,UNCLASSIFIED,,,,LOW,False,False,EXCLUDED,median_value_20d<1bn;median_value_60d<1bn,MEDIUM
MLIA,2026-10-07,0,717,20565300.0,10904500.0,0.3338568025916122,True,True,False,False,False,False,RESEARCH_ONLY,median_value_20d<1bn;median_value_60d<1bn,UNCLASSIFIED,,,,LOW,False,False,EXCLUDED,median_value_20d<1bn;median_value_60d<1bn,MEDIUM
MMLP,2026-10-07,0,716,190067200.0,160207400.0,0.43965215500803356,True,True,False,False,False,False,RESEARCH_ONLY,median_value_20d<1bn;median_value_60d<1bn,UNCLASSIFIED,,,,LOW,False,False,EXCLUDED,median_value_20d<1bn;median_value_60d<1bn,MEDIUM
MORA,2026-10-07,0,716,723615000.0,1192165000.0,0.5552411121627397,True,True,False,True,False,False,RESEARCH_ONLY,median_value_20d<1bn,UNCLASSIFIED,,,,LOW,False,False,EXCLUDED,median_value_20d<1bn,MEDIUM
MPOW,2026-10-07,0,716,380127700.0,453536100.0,0.4589639754560929,True,True,False,False,False,False,RESEARCH_ONLY,median_value_20d<1bn;median_value_60d<1bn,UNCLASSIFIED,,,,LOW,False,False,EXCLUDED,median_value_20d<1bn;median_value_60d<1bn,MEDIUM
MPPA,2026-10-07,0,717,378996950.0,403036150.0,0.5966044360442057,True,True,False,False,False,False,RESEARCH_ONLY,median_value_20d<1bn;median_value_60d<1bn,UNCLASSIFIED,,,,LOW,False,False,EXCLUDED,median_value_20d<1bn;median_value_60d<1bn,MEDIUM
MPRO,2026-10-07,0,718,13213750.0,29241250.0,0.23281477510476567,True,True,False,False,False,False,RESEARCH_ONLY,median_value_20d<1bn;median_value_60d<1bn,UNCLASSIFIED,,,,LOW,False,False,EXCLUDED,median_value_20d<1bn;median_value_60d<1bn,MEDIUM
MPXL,2026-10-07,0,716,2275752600.0,115500300.0,1.5120754857428784,True,True,True,False,False,False,RESEARCH_ONLY,median_value_60d<1bn,UNCLASSIFIED,,,,LOW,False,False,EXCLUDED,median_value_60d<1bn,MEDIUM
MRAT,2026-10-07,0,717,76499700.0,74247900.0,0.4712589735149638,True,True,False,False,False,False,RESEARCH_ONLY,median_value_20d<1bn;median_value_60d<1bn,UNCLASSIFIED,,,,LOW,False,False,EXCLUDED,median_value_20d<1bn;median_value_60d<1bn,MEDIUM
MREI,2026-10-06,1,717,0.0,0.0,0.0,True,True,False,False,False,False,RESEARCH_ONLY,median_value_20d<1bn;median_value_60d<1bn,UNCLASSIFIED,,,,LOW,False,False,EXCLUDED,median_value_20d<1bn;median_value_60d<1bn,MEDIUM
MSIE,2026-10-07,0,717,1140315950.0,821813700.0,1.0946610408231612,True,True,True,False,False,False,RESEARCH_ONLY,median_value_60d<1bn,UNCLASSIFIED,,,,LOW,False,False,EXCLUDED,median_value_60d<1bn,MEDIUM
MSKY,2026-10-07,0,716,688920150.0,566767150.0,1.2739782912008775,True,True,False,False,False,False,RESEARCH_ONLY,median_value_20d<1bn;median_value_60d<1bn,UNCLASSIFIED,,,,LOW,False,False,EXCLUDED,median_value_20d<1bn;median_value_60d<1bn,MEDIUM
MTDL,2026-10-05,2,4121,777708600.0,890758300.0,0.13862674759061336,True,True,False,False,False,False,RESEARCH_ONLY,median_value_20d<1bn;median_value_60d<1bn,UNCLASSIFIED,,,,LOW,False,False,EXCLUDED,median_value_20d<1bn;median_value_60d<1bn,MEDIUM
MTFN,2026-10-06,1,717,0.0,0.0,0.0,True,True,False,False,False,False,RESEARCH_ONLY,median_value_20d<1bn;median_value_60d<1bn,UNCLASSIFIED,,,,LOW,False,False,EXCLUDED,median_value_20d<1bn;median_value_60d<1bn,MEDIUM
MTLA,2026-10-07,0,716,16885750.0,6791250.0,0.7011295930695767,True,True,False,False,False,False,RESEARCH_ONLY,median_value_20d<1bn;median_value_60d<1bn,UNCLASSIFIED,,,,LOW,False,False,EXCLUDED,median_value_20d<1bn;median_value_60d<1bn,MEDIUM
MTMH,2026-10-07,0,716,5466000.0,6785000.0,0.39494311222112904,True,True,False,False,False,False,RESEARCH_ONLY,median_value_20d<1bn;median_value_60d<1bn,UNCLASSIFIED,,,,LOW,False,False,EXCLUDED,median_value_20d<1bn;median_value_60d<1bn,MEDIUM
MTPS,2026-10-06,1,720,0.0,0.0,0.0,True,True,False,False,False,False,RESEARCH_ONLY,median_value_20d<1bn;median_value_60d<1bn,UNCLASSIFIED,,,,LOW,False,False,EXCLUDED,median_value_20d<1bn;median_value_60d<1bn,MEDIUM
MTSM,2026-10-06,1,720,0.0,0.0,0.0,True,True,False,False,False,False,RESEARCH_ONLY,median_value_20d<1bn;median_value_60d<1bn,UNCLASSIFIED,,,,LOW,False,False,EXCLUDED,median_value_20d<1bn;median_value_60d<1bn,MEDIUM
MTWI,2026-10-07,0,716,9722700.0,7973300.0,0.37181296322405155,True,True,False,False,False,False,RESEARCH_ONLY,median_value_20d<1bn;median_value_60d<1bn,UNCLASSIFIED,,,,LOW,False,False,EXCLUDED,median_value_20d<1bn;median_value_60d<1bn,MEDIUM
MUTU,2026-10-07,0,716,4596002000.0,885798050.0,0.9812360512092507,True,True,True,False,False,False,RESEARCH_ONLY,median_value_60d<1bn,UNCLASSIFIED,,,,LOW,False,False,EXCLUDED,median_value_60d<1bn,MEDIUM
MYOH,2026-10-07,0,716,104250000.0,87106000.0,0.275202879618504,True,True,False,False,False,False,RESEARCH_ONLY,median_value_20d<1bn;median_value_60d<1bn,UNCLASSIFIED,,,,LOW,False,False,EXCLUDED,median_value_20d<1bn;median_value_60d<1bn,MEDIUM
MYTX,2026-10-06,1,717,0.0,0.0,0.0,True,True,False,False,False,False,RESEARCH_ONLY,median_value_20d<1bn;median_value_60d<1bn,UNCLASSIFIED,,,,LOW,False,False,EXCLUDED,median_value_20d<1bn;median_value_60d<1bn,MEDIUM
NAIK,2026-10-07,0,452,233309550.0,284226900.0,0.3191095820868919,True,True,False,False,False,False,RESEARCH_ONLY,median_value_20d<1bn;median_value_60d<1bn,UNCLASSIFIED,,,,LOW,False,False,EXCLUDED,median_value_20d<1bn;median_value_60d<1bn,MEDIUM
NASA,2026-10-07,0,716,57166150.0,12058500.0,1.114876326444392,True,True,False,False,False,False,RESEARCH_ONLY,median_value_20d<1bn;median_value_60d<1bn,UNCLASSIFIED,,,,LOW,False,False,EXCLUDED,median_value_20d<1bn;median_value_60d<1bn,MEDIUM
NASI,2026-10-07,0,716,3175306000.0,528241800.0,1.9109864464780604,True,True,True,False,False,False,RESEARCH_ONLY,median_value_60d<1bn,UNCLASSIFIED,,,,LOW,False,False,EXCLUDED,median_value_60d<1bn,MEDIUM
NATO,2026-10-07,0,716,323917000.0,112417500.0,0.8851560444668064,True,True,False,False,False,False,RESEARCH_ONLY,median_value_20d<1bn;median_value_60d<1bn,UNCLASSIFIED,,,,LOW,False,False,EXCLUDED,median_value_20d<1bn;median_value_60d<1bn,MEDIUM
NELY,2026-10-07,0,716,132726550.0,145763150.0,0.18768522741968707,True,True,False,False,False,False,RESEARCH_ONLY,median_value_20d<1bn;median_value_60d<1bn,UNCLASSIFIED,,,,LOW,False,False,EXCLUDED,median_value_20d<1bn;median_value_60d<1bn,MEDIUM
NETV,2026-10-07,0,716,40100000.0,718229100.0,0.7788657675549295,True,True,False,False,False,False,RESEARCH_ONLY,median_value_20d<1bn;median_value_60d<1bn,UNCLASSIFIED,,,,LOW,False,False,EXCLUDED,median_value_20d<1bn;median_value_60d<1bn,MEDIUM
NFCX,2026-10-07,0,716,9744000.0,21799000.0,0.19190132166475454,True,True,False,False,False,False,RESEARCH_ONLY,median_value_20d<1bn;median_value_60d<1bn,UNCLASSIFIED,,,,LOW,False,False,EXCLUDED,median_value_20d<1bn;median_value_60d<1bn,MEDIUM
NICE,2026-10-07,0,653,513684000.0,469117900.0,0.33988750376419063,True,True,False,False,False,False,RESEARCH_ONLY,median_value_20d<1bn;median_value_60d<1bn,UNCLASSIFIED,,,,LOW,False,False,EXCLUDED,median_value_20d<1bn;median_value_60d<1bn,MEDIUM
NICK,2026-10-06,1,715,0.0,12700250.0,0.2930356798233922,True,True,False,False,False,False,RESEARCH_ONLY,median_value_20d<1bn;median_value_60d<1bn,UNCLASSIFIED,,,,LOW,False,False,EXCLUDED,median_value_20d<1bn;median_value_60d<1bn,MEDIUM
NIKL,2026-10-07,0,716,933927900.0,894144700.0,0.4576913446962122,True,True,False,False,False,False,RESEARCH_ONLY,median_value_20d<1bn;median_value_60d<1bn,UNCLASSIFIED,,,,LOW,False,False,EXCLUDED,median_value_20d<1bn;median_value_60d<1bn,MEDIUM
NINE,2026-10-07,0,716,845851900.0,755500850.0,0.8135271882402623,True,True,False,False,False,False,RESEARCH_ONLY,median_value_20d<1bn;median_value_60d<1bn,UNCLASSIFIED,,,,LOW,False,False,EXCLUDED,median_value_20d<1bn;median_value_60d<1bn,MEDIUM
NIRO,2026-10-07,0,716,69447200.0,60689850.0,0.5023554193283095,True,True,False,False,False,False,RESEARCH_ONLY,median_value_20d<1bn;median_value_60d<1bn,UNCLASSIFIED,,,,LOW,False,False,EXCLUDED,median_value_20d<1bn;median_value_60d<1bn,MEDIUM
NOBU,2026-10-05,2,3287,1927578000.0,998811200.0,0.4140286837194876,True,True,True,False,False,False,RESEARCH_ONLY,median_value_60d<1bn,UNCLASSIFIED,,,,LOW,False,False,EXCLUDED,median_value_60d<1bn,MEDIUM
NPGF,2026-10-07,0,716,588366250.0,1057646200.0,0.5954227843677405,True,True,False,True,False,False,RESEARCH_ONLY,median_value_20d<1bn,UNCLASSIFIED,,,,LOW,False,False,EXCLUDED,median_value_20d<1bn,MEDIUM
OBAT,2026-10-07,0,414,60566000.0,50728400.0,0.45784686623722,True,True,False,False,False,False,RESEARCH_ONLY,median_value_20d<1bn;median_value_60d<1bn,UNCLASSIFIED,,,,LOW,False,False,EXCLUDED,median_value_20d<1bn;median_value_60d<1bn,MEDIUM
OBMD,2026-10-07,0,716,188620900.0,176632750.0,0.4187216979722805,True,True,False,False,False,False,RESEARCH_ONLY,median_value_20d<1bn;median_value_60d<1bn,UNCLASSIFIED,,,,LOW,False,False,EXCLUDED,median_value_20d<1bn;median_value_60d<1bn,MEDIUM
OKAS,2026-10-07,0,716,279520950.0,364131500.0,0.4286318676724059,True,True,False,False,False,False,RESEARCH_ONLY,median_value_20d<1bn;median_value_60d<1bn,UNCLASSIFIED,,,,LOW,False,False,EXCLUDED,median_value_20d<1bn;median_value_60d<1bn,MEDIUM
OLIV,2026-10-07,0,716,587252750.0,284292250.0,0.7319996945290546,True,True,False,False,False,False,RESEARCH_ONLY,median_value_20d<1bn;median_value_60d<1bn,UNCLASSIFIED,,,,LOW,False,False,EXCLUDED,median_value_20d<1bn;median_value_60d<1bn,MEDIUM
OMRE,2026-10-07,0,717,7919750.0,10768500.0,0.5114038419202633,True,True,False,False,False,False,RESEARCH_ONLY,median_value_20d<1bn;median_value_60d<1bn,UNCLASSIFIED,,,,LOW,False,False,EXCLUDED,median_value_20d<1bn;median_value_60d<1bn,MEDIUM
OPMS,2026-10-07,0,716,371138750.0,631815100.0,0.5695064569475556,True,True,False,False,False,False,RESEARCH_ONLY,median_value_20d<1bn;median_value_60d<1bn,UNCLASSIFIED,,,,LOW,False,False,EXCLUDED,median_value_20d<1bn;median_value_60d<1bn,MEDIUM
PALM,2026-10-07,0,716,39552400.0,82254000.0,0.21075189076979978,True,True,False,False,False,False,RESEARCH_ONLY,median_value_20d<1bn;median_value_60d<1bn,UNCLASSIFIED,,,,LOW,False,False,EXCLUDED,median_value_20d<1bn;median_value_60d<1bn,MEDIUM
PAMG,2026-10-07,0,716,457239000.0,472164200.0,0.6285325917754886,True,True,False,False,False,False,RESEARCH_ONLY,median_value_20d<1bn;median_value_60d<1bn,UNCLASSIFIED,,,,LOW,False,False,EXCLUDED,median_value_20d<1bn;median_value_60d<1bn,MEDIUM
PANR,2026-10-07,0,716,17286800.0,16804400.0,0.14680734770142906,True,True,False,False,False,False,RESEARCH_ONLY,median_value_20d<1bn;median_value_60d<1bn,UNCLASSIFIED,,,,LOW,False,False,EXCLUDED,median_value_20d<1bn;median_value_60d<1bn,MEDIUM
PANS,2026-10-07,0,716,232528000.0,254634750.0,0.10426613061016435,True,True,False,False,False,False,RESEARCH_ONLY,median_value_20d<1bn;median_value_60d<1bn,UNCLASSIFIED,,,,LOW,False,False,EXCLUDED,median_value_20d<1bn;median_value_60d<1bn,MEDIUM
PART,2026-10-07,0,544,6838277100.0,620119700.0,0.6271668635051807,True,True,True,False,False,False,RESEARCH_ONLY,median_value_60d<1bn,UNCLASSIFIED,,,,LOW,False,False,EXCLUDED,median_value_60d<1bn,MEDIUM
PBID,2026-10-07,0,716,463575000.0,488477500.0,0.09146970997084829,True,True,False,False,False,False,RESEARCH_ONLY,median_value_20d<1bn;median_value_60d<1bn,UNCLASSIFIED,,,,LOW,False,False,EXCLUDED,median_value_20d<1bn;median_value_60d<1bn,MEDIUM
PBRX,2026-10-07,0,717,292795400.0,159200600.0,1.4989077738096483,True,True,False,False,False,False,RESEARCH_ONLY,median_value_20d<1bn;median_value_60d<1bn,UNCLASSIFIED,,,,LOW,False,False,EXCLUDED,median_value_20d<1bn;median_value_60d<1bn,MEDIUM
PBSA,2026-10-07,0,716,1029104000.0,742237500.0,0.539989410697123,True,True,True,False,False,False,RESEARCH_ONLY,median_value_60d<1bn,UNCLASSIFIED,,,,LOW,False,False,EXCLUDED,median_value_60d<1bn,MEDIUM
PCAR,2026-10-07,0,716,359601600.0,120883000.0,0.9965744304353239,True,True,False,False,False,False,RESEARCH_ONLY,median_value_20d<1bn;median_value_60d<1bn,UNCLASSIFIED,,,,LOW,False,False,EXCLUDED,median_value_20d<1bn;median_value_60d<1bn,MEDIUM
PDES,2026-10-07,0,716,21457000.0,29387300.0,0.3195833636660124,True,True,False,False,False,False,RESEARCH_ONLY,median_value_20d<1bn;median_value_60d<1bn,UNCLASSIFIED,,,,LOW,False,False,EXCLUDED,median_value_20d<1bn;median_value_60d<1bn,MEDIUM
PDPP,2026-10-07,0,716,74633400.0,48697100.0,0.3679677915362744,True,True,False,False,False,False,RESEARCH_ONLY,median_value_20d<1bn;median_value_60d<1bn,UNCLASSIFIED,,,,LOW,False,False,EXCLUDED,median_value_20d<1bn;median_value_60d<1bn,MEDIUM
PEHA,2026-10-07,0,716,100039400.0,77632600.0,0.3019366198657872,True,True,False,False,False,False,RESEARCH_ONLY,median_value_20d<1bn;median_value_60d<1bn,UNCLASSIFIED,,,,LOW,False,False,EXCLUDED,median_value_20d<1bn;median_value_60d<1bn,MEDIUM
PEVE,2026-10-07,0,716,361838800.0,382536000.0,0.1920330227326537,True,True,False,False,False,False,RESEARCH_ONLY,median_value_20d<1bn;median_value_60d<1bn,UNCLASSIFIED,,,,LOW,False,False,EXCLUDED,median_value_20d<1bn;median_value_60d<1bn,MEDIUM
PGJO,2026-10-07,0,716,632718500.0,326065000.0,0.5430159134028516,True,True,False,False,False,False,RESEARCH_ONLY,median_value_20d<1bn;median_value_60d<1bn,UNCLASSIFIED,,,,LOW,False,False,EXCLUDED,median_value_20d<1bn;median_value_60d<1bn,MEDIUM
PGLI,2026-10-07,0,716,93164800.0,74172000.0,1.4833944580216933,True,True,False,False,False,False,RESEARCH_ONLY,median_value_20d<1bn;median_value_60d<1bn,UNCLASSIFIED,,,,LOW,False,False,EXCLUDED,median_value_20d<1bn;median_value_60d<1bn,MEDIUM
PGUN,2026-10-07,0,716,606060000.0,504910000.0,0.5381902010833703,True,True,False,False,False,False,RESEARCH_ONLY,median_value_20d<1bn;median_value_60d<1bn,UNCLASSIFIED,,,,LOW,False,False,EXCLUDED,median_value_20d<1bn;median_value_60d<1bn,MEDIUM
PICO,2026-10-07,0,717,175073900.0,116453450.0,0.420084963556107,True,True,False,False,False,False,RESEARCH_ONLY,median_value_20d<1bn;median_value_60d<1bn,UNCLASSIFIED,,,,LOW,False,False,EXCLUDED,median_value_20d<1bn;median_value_60d<1bn,MEDIUM
PJAA,2026-10-07,0,717,22874500.0,34121000.0,0.18229729164724834,True,True,False,False,False,False,RESEARCH_ONLY,median_value_20d<1bn;median_value_60d<1bn,UNCLASSIFIED,,,,LOW,False,False,EXCLUDED,median_value_20d<1bn;median_value_60d<1bn,MEDIUM
PJHB,2026-10-07,0,222,240754850.0,370094650.0,0.3138861903388203,True,True,False,False,False,False,RESEARCH_ONLY,median_value_20d<1bn;median_value_60d<1bn,UNCLASSIFIED,,,,LOW,False,False,EXCLUDED,median_value_20d<1bn;median_value_60d<1bn,MEDIUM
PLAN,2026-10-07,0,716,578038300.0,172286000.0,0.7978821455292874,True,True,False,False,False,False,RESEARCH_ONLY,median_value_20d<1bn;median_value_60d<1bn,UNCLASSIFIED,,,,LOW,False,False,EXCLUDED,median_value_20d<1bn;median_value_60d<1bn,MEDIUM
PLIN,2026-10-06,1,720,0.0,0.0,0.0,True,True,False,False,False,False,RESEARCH_ONLY,median_value_20d<1bn;median_value_60d<1bn,UNCLASSIFIED,,,,LOW,False,False,EXCLUDED,median_value_20d<1bn;median_value_60d<1bn,MEDIUM
PMJS,2026-10-07,0,716,100938550.0,145188000.0,0.3343049380075952,True,True,False,False,False,False,RESEARCH_ONLY,median_value_20d<1bn;median_value_60d<1bn,UNCLASSIFIED,,,,LOW,False,False,EXCLUDED,median_value_20d<1bn;median_value_60d<1bn,MEDIUM
PMMP,2026-10-06,1,720,0.0,0.0,0.0,True,True,False,False,False,False,RESEARCH_ONLY,median_value_20d<1bn;median_value_60d<1bn,UNCLASSIFIED,,,,LOW,False,False,EXCLUDED,median_value_20d<1bn;median_value_60d<1bn,MEDIUM
PMUI,2026-10-07,0,305,189548350.0,302150800.0,0.5735952565357554,True,True,False,False,False,False,RESEARCH_ONLY,median_value_20d<1bn;median_value_60d<1bn,UNCLASSIFIED,,,,LOW,False,False,EXCLUDED,median_value_20d<1bn;median_value_60d<1bn,MEDIUM
PNBS,2026-10-07,0,716,6992500.0,57837500.0,0.6133287915245256,True,True,False,False,False,False,RESEARCH_ONLY,median_value_20d<1bn;median_value_60d<1bn,UNCLASSIFIED,,,,LOW,False,False,EXCLUDED,median_value_20d<1bn;median_value_60d<1bn,MEDIUM
PNGO,2026-10-07,0,716,8957000.0,15325000.0,0.546451503222443,True,True,False,False,False,False,RESEARCH_ONLY,median_value_20d<1bn;median_value_60d<1bn,UNCLASSIFIED,,,,LOW,False,False,EXCLUDED,median_value_20d<1bn;median_value_60d<1bn,MEDIUM
PNIN,2026-10-07,0,717,169682750.0,158100000.0,0.19868582885035996,True,True,False,False,False,False,RESEARCH_ONLY,median_value_20d<1bn;median_value_60d<1bn,UNCLASSIFIED,,,,LOW,False,False,EXCLUDED,median_value_20d<1bn;median_value_60d<1bn,MEDIUM
PNSE,2026-10-07,0,717,5000000.0,3859000.0,0.23215042312696088,True,True,False,False,False,False,RESEARCH_ONLY,median_value_20d<1bn;median_value_60d<1bn,UNCLASSIFIED,,,,LOW,False,False,EXCLUDED,median_value_20d<1bn;median_value_60d<1bn,MEDIUM
POLA,2026-10-06,1,715,3018577700.0,698456000.0,1.656640591409118,True,True,True,False,False,False,RESEARCH_ONLY,median_value_60d<1bn,UNCLASSIFIED,,,,LOW,False,False,EXCLUDED,median_value_60d<1bn,MEDIUM
POLI,2026-10-07,0,716,21245000.0,20266000.0,0.6594826628717553,True,True,False,False,False,False,RESEARCH_ONLY,median_value_20d<1bn;median_value_60d<1bn,UNCLASSIFIED,,,,LOW,False,False,EXCLUDED,median_value_20d<1bn;median_value_60d<1bn,MEDIUM
POLL,2026-10-06,1,720,0.0,0.0,0.0,True,True,False,False,False,False,RESEARCH_ONLY,median_value_20d<1bn;median_value_60d<1bn,UNCLASSIFIED,,,,LOW,False,False,EXCLUDED,median_value_20d<1bn;median_value_60d<1bn,MEDIUM
POLU,2026-10-07,0,716,208815000.0,156960000.0,0.9631510270279007,True,True,False,False,False,False,RESEARCH_ONLY,median_value_20d<1bn;median_value_60d<1bn,UNCLASSIFIED,,,,LOW,False,False,EXCLUDED,median_value_20d<1bn;median_value_60d<1bn,MEDIUM
POLY,2026-10-06,1,720,0.0,0.0,0.0,True,True,False,False,False,False,RESEARCH_ONLY,median_value_20d<1bn;median_value_60d<1bn,UNCLASSIFIED,,,,LOW,False,False,EXCLUDED,median_value_20d<1bn;median_value_60d<1bn,MEDIUM
PORT,2026-10-07,0,716,12080750.0,13641000.0,0.18177919245450372,True,True,False,False,False,False,RESEARCH_ONLY,median_value_20d<1bn;median_value_60d<1bn,UNCLASSIFIED,,,,LOW,False,False,EXCLUDED,median_value_20d<1bn;median_value_60d<1bn,MEDIUM
PPGL,2026-10-06,1,715,0.0,202247200.0,0.0,True,True,False,False,False,False,RESEARCH_ONLY,median_value_20d<1bn;median_value_60d<1bn,UNCLASSIFIED,,,,LOW,False,False,EXCLUDED,median_value_20d<1bn;median_value_60d<1bn,MEDIUM
PPRI,2026-10-07,0,716,641025050.0,434880300.0,1.5301799559668754,True,True,False,False,False,False,RESEARCH_ONLY,median_value_20d<1bn;median_value_60d<1bn,UNCLASSIFIED,,,,LOW,False,False,EXCLUDED,median_value_20d<1bn;median_value_60d<1bn,MEDIUM
PPRO,2026-10-07,0,716,1399725400.0,282037850.0,1.4355771914012574,True,True,True,False,False,False,RESEARCH_ONLY,median_value_60d<1bn,UNCLASSIFIED,,,,LOW,False,False,EXCLUDED,median_value_60d<1bn,MEDIUM
PRAY,2026-10-07,0,716,12277750.0,12911000.0,0.48751517047971515,True,True,False,False,False,False,RESEARCH_ONLY,median_value_20d<1bn;median_value_60d<1bn,UNCLASSIFIED,,,,LOW,False,False,EXCLUDED,median_value_20d<1bn;median_value_60d<1bn,MEDIUM
PRIM,2026-10-07,0,716,302077200.0,572523050.0,0.3131283343363204,True,True,False,False,False,False,RESEARCH_ONLY,median_value_20d<1bn;median_value_60d<1bn,UNCLASSIFIED,,,,LOW,False,False,EXCLUDED,median_value_20d<1bn;median_value_60d<1bn,MEDIUM
PSAT,2026-10-07,0,307,60673000.0,64243750.0,0.19524352583617874,True,True,False,False,False,False,RESEARCH_ONLY,median_value_20d<1bn;median_value_60d<1bn,UNCLASSIFIED,,,,LOW,False,False,EXCLUDED,median_value_20d<1bn;median_value_60d<1bn,MEDIUM
PSDN,2026-10-07,0,717,578703850.0,712527400.0,0.7545444183759462,True,True,False,False,False,False,RESEARCH_ONLY,median_value_20d<1bn;median_value_60d<1bn,UNCLASSIFIED,,,,LOW,False,False,EXCLUDED,median_value_20d<1bn;median_value_60d<1bn,MEDIUM
PSGO,2026-10-07,0,716,28649500.0,24126500.0,0.14743737084939165,True,True,False,False,False,False,RESEARCH_ONLY,median_value_20d<1bn;median_value_60d<1bn,UNCLASSIFIED,,,,LOW,False,False,EXCLUDED,median_value_20d<1bn;median_value_60d<1bn,MEDIUM
PSSI,2026-10-07,0,716,108083700.0,91829400.0,0.18543314949551223,True,True,False,False,False,False,RESEARCH_ONLY,median_value_20d<1bn;median_value_60d<1bn,UNCLASSIFIED,,,,LOW,False,False,EXCLUDED,median_value_20d<1bn;median_value_60d<1bn,MEDIUM
PTDU,2026-10-06,1,720,0.0,0.0,0.0,True,True,False,False,False,False,RESEARCH_ONLY,median_value_20d<1bn;median_value_60d<1bn,UNCLASSIFIED,,,,LOW,False,False,EXCLUDED,median_value_20d<1bn;median_value_60d<1bn,MEDIUM
PTIS,2026-10-07,0,716,101659400.0,20534100.0,0.7260099207107137,True,True,False,False,False,False,RESEARCH_ONLY,median_value_20d<1bn;median_value_60d<1bn,UNCLASSIFIED,,,,LOW,False,False,EXCLUDED,median_value_20d<1bn;median_value_60d<1bn,MEDIUM
PTMP,2026-10-07,0,716,630961400.0,852095800.0,0.7914946146691668,True,True,False,False,False,False,RESEARCH_ONLY,median_value_20d<1bn;median_value_60d<1bn,UNCLASSIFIED,,,,LOW,False,False,EXCLUDED,median_value_20d<1bn;median_value_60d<1bn,MEDIUM
PTMR,2026-10-06,1,482,0.0,0.0,0.0,True,True,False,False,False,False,RESEARCH_ONLY,median_value_20d<1bn;median_value_60d<1bn,UNCLASSIFIED,,,,LOW,False,False,EXCLUDED,median_value_20d<1bn;median_value_60d<1bn,MEDIUM
PTPP,2026-10-05,2,4093,955766500.0,1234653900.0,0.2531693784933692,True,True,False,True,False,False,RESEARCH_ONLY,median_value_20d<1bn,UNCLASSIFIED,,,,LOW,False,False,EXCLUDED,median_value_20d<1bn,MEDIUM
PTPS,2026-10-07,0,716,223547400.0,254179300.0,0.3494879224220466,True,True,False,False,False,False,RESEARCH_ONLY,median_value_20d<1bn;median_value_60d<1bn,UNCLASSIFIED,,,,LOW,False,False,EXCLUDED,median_value_20d<1bn;median_value_60d<1bn,MEDIUM
PTPW,2026-10-07,0,716,21495000.0,31598500.0,0.0929365313156516,True,True,False,False,False,False,RESEARCH_ONLY,median_value_20d<1bn;median_value_60d<1bn,UNCLASSIFIED,,,,LOW,False,False,EXCLUDED,median_value_20d<1bn;median_value_60d<1bn,MEDIUM
PTSN,2026-10-07,0,716,1573483400.0,181005800.0,1.4855850653038285,True,True,True,False,False,False,RESEARCH_ONLY,median_value_60d<1bn,UNCLASSIFIED,,,,LOW,False,False,EXCLUDED,median_value_60d<1bn,MEDIUM
PTSP,2026-10-07,0,717,23247500.0,23801500.0,0.33544064331258655,True,True,False,False,False,False,RESEARCH_ONLY,median_value_20d<1bn;median_value_60d<1bn,UNCLASSIFIED,,,,LOW,False,False,EXCLUDED,median_value_20d<1bn;median_value_60d<1bn,MEDIUM
PUDP,2026-10-07,0,717,10836200.0,18092200.0,0.31135043842938337,True,True,False,False,False,False,RESEARCH_ONLY,median_value_20d<1bn;median_value_60d<1bn,UNCLASSIFIED,,,,LOW,False,False,EXCLUDED,median_value_20d<1bn;median_value_60d<1bn,MEDIUM
PURA,2026-10-07,0,716,274352000.0,128902400.0,0.9939255419875284,True,True,False,False,False,False,RESEARCH_ONLY,median_value_20d<1bn;median_value_60d<1bn,UNCLASSIFIED,,,,LOW,False,False,EXCLUDED,median_value_20d<1bn;median_value_60d<1bn,MEDIUM
PURI,2026-10-07,0,716,881569800.0,345432750.0,0.4403517077346224,True,True,False,False,False,False,RESEARCH_ONLY,median_value_20d<1bn;median_value_60d<1bn,UNCLASSIFIED,,,,LOW,False,False,EXCLUDED,median_value_20d<1bn;median_value_60d<1bn,MEDIUM
PZZA,2026-10-07,0,716,151049600.0,97521150.0,0.30247760018469905,True,True,False,False,False,False,RESEARCH_ONLY,median_value_20d<1bn;median_value_60d<1bn,UNCLASSIFIED,,,,LOW,False,False,EXCLUDED,median_value_20d<1bn;median_value_60d<1bn,MEDIUM
RAAM,2026-10-07,0,716,197360000.0,149267500.0,0.507115357940546,True,True,False,False,False,False,RESEARCH_ONLY,median_value_20d<1bn;median_value_60d<1bn,UNCLASSIFIED,,,,LOW,False,False,EXCLUDED,median_value_20d<1bn;median_value_60d<1bn,MEDIUM
RAFI,2026-10-06,1,720,0.0,0.0,0.0,True,True,False,False,False,False,RESEARCH_ONLY,median_value_20d<1bn;median_value_60d<1bn,UNCLASSIFIED,,,,LOW,False,False,EXCLUDED,median_value_20d<1bn;median_value_60d<1bn,MEDIUM
RALS,2026-10-07,0,717,625017600.0,842079700.0,0.0983908996762268,True,True,False,False,False,False,RESEARCH_ONLY,median_value_20d<1bn;median_value_60d<1bn,UNCLASSIFIED,,,,LOW,False,False,EXCLUDED,median_value_20d<1bn;median_value_60d<1bn,MEDIUM
RANC,2026-10-07,0,716,4493750.0,12713000.0,0.2805180345533104,True,True,False,False,False,False,RESEARCH_ONLY,median_value_20d<1bn;median_value_60d<1bn,UNCLASSIFIED,,,,LOW,False,False,EXCLUDED,median_value_20d<1bn;median_value_60d<1bn,MEDIUM
RBMS,2026-10-07,0,717,837818400.0,1115648150.0,0.8501618700772343,True,True,False,True,False,False,RESEARCH_ONLY,median_value_20d<1bn,UNCLASSIFIED,,,,LOW,False,False,EXCLUDED,median_value_20d<1bn,MEDIUM
RCCC,2026-10-07,0,716,62570600.0,93798050.0,0.2221681400105914,True,True,False,False,False,False,RESEARCH_ONLY,median_value_20d<1bn;median_value_60d<1bn,UNCLASSIFIED,,,,LOW,False,False,EXCLUDED,median_value_20d<1bn;median_value_60d<1bn,MEDIUM
RDTX,2026-10-07,0,719,7950000.0,4095000.0,0.3019106130678539,True,True,False,False,False,False,RESEARCH_ONLY,median_value_20d<1bn;median_value_60d<1bn,UNCLASSIFIED,,,,LOW,False,False,EXCLUDED,median_value_20d<1bn;median_value_60d<1bn,MEDIUM
REAL,2026-10-07,0,716,31770000.0,1794436600.0,1.2425924541089588,True,True,False,True,False,False,RESEARCH_ONLY,median_value_20d<1bn,UNCLASSIFIED,,,,LOW,False,False,EXCLUDED,median_value_20d<1bn,MEDIUM
RELF,2026-10-07,0,716,444293850.0,130228700.0,0.8171544454425786,True,True,False,False,False,False,RESEARCH_ONLY,median_value_20d<1bn;median_value_60d<1bn,UNCLASSIFIED,,,,LOW,False,False,EXCLUDED,median_value_20d<1bn;median_value_60d<1bn,MEDIUM
RELI,2026-10-07,0,716,10142500.0,7521950.0,0.5827156827153057,True,True,False,False,False,False,RESEARCH_ONLY,median_value_20d<1bn;median_value_60d<1bn,UNCLASSIFIED,,,,LOW,False,False,EXCLUDED,median_value_20d<1bn;median_value_60d<1bn,MEDIUM
RICY,2026-10-07,0,717,116608450.0,143630350.0,0.6517398478538619,True,True,False,False,False,False,RESEARCH_ONLY,median_value_20d<1bn;median_value_60d<1bn,UNCLASSIFIED,,,,LOW,False,False,EXCLUDED,median_value_20d<1bn;median_value_60d<1bn,MEDIUM
RIGS,2026-10-07,0,717,46389500.0,33603500.0,0.46267449792888377,True,True,False,False,False,False,RESEARCH_ONLY,median_value_20d<1bn;median_value_60d<1bn,UNCLASSIFIED,,,,LOW,False,False,EXCLUDED,median_value_20d<1bn;median_value_60d<1bn,MEDIUM
ROCK,2026-10-07,0,716,70515500.0,64122500.0,1.817781047262753,True,True,False,False,False,False,RESEARCH_ONLY,median_value_20d<1bn;median_value_60d<1bn,UNCLASSIFIED,,,,LOW,False,False,EXCLUDED,median_value_20d<1bn;median_value_60d<1bn,MEDIUM
RONY,2026-10-07,0,716,29376750.0,29376750.0,0.7107465786625504,True,True,False,False,False,False,RESEARCH_ONLY,median_value_20d<1bn;median_value_60d<1bn,UNCLASSIFIED,,,,LOW,False,False,EXCLUDED,median_value_20d<1bn;median_value_60d<1bn,MEDIUM
ROTI,2026-10-05,2,3999,256063000.0,264870000.0,0.11738693464083715,True,True,False,False,False,False,RESEARCH_ONLY,median_value_20d<1bn;median_value_60d<1bn,UNCLASSIFIED,,,,LOW,False,False,EXCLUDED,median_value_20d<1bn;median_value_60d<1bn,MEDIUM
RSGK,2026-10-07,0,716,14350250.0,11953250.0,0.3213142124555165,True,True,False,False,False,False,RESEARCH_ONLY,median_value_20d<1bn;median_value_60d<1bn,UNCLASSIFIED,,,,LOW,False,False,EXCLUDED,median_value_20d<1bn;median_value_60d<1bn,MEDIUM
RUIS,2026-10-07,0,716,104500800.0,86501000.0,0.24313629764509948,True,True,False,False,False,False,RESEARCH_ONLY,median_value_20d<1bn;median_value_60d<1bn,UNCLASSIFIED,,,,LOW,False,False,EXCLUDED,median_value_20d<1bn;median_value_60d<1bn,MEDIUM
RUNS,2026-10-07,0,716,79317600.0,62481400.0,0.6242216111506249,True,True,False,False,False,False,RESEARCH_ONLY,median_value_20d<1bn;median_value_60d<1bn,UNCLASSIFIED,,,,LOW,False,False,EXCLUDED,median_value_20d<1bn;median_value_60d<1bn,MEDIUM
SAFE,2026-10-07,0,717,751210750.0,104927950.0,1.9085557572408327,True,True,False,False,False,False,RESEARCH_ONLY,median_value_20d<1bn;median_value_60d<1bn,UNCLASSIFIED,,,,LOW,False,False,EXCLUDED,median_value_20d<1bn;median_value_60d<1bn,MEDIUM
SAGE,2026-10-07,0,716,422726200.0,112669050.0,1.0089431630268373,True,True,False,False,False,False,RESEARCH_ONLY,median_value_20d<1bn;median_value_60d<1bn,UNCLASSIFIED,,,,LOW,False,False,EXCLUDED,median_value_20d<1bn;median_value_60d<1bn,MEDIUM
SAME,2026-10-07,0,716,114069800.0,184339200.0,0.2173965236686917,True,True,False,False,False,False,RESEARCH_ONLY,median_value_20d<1bn;median_value_60d<1bn,UNCLASSIFIED,,,,LOW,False,False,EXCLUDED,median_value_20d<1bn;median_value_60d<1bn,MEDIUM
SAMF,2026-10-07,0,716,44557200.0,31893400.0,0.8560981828020511,True,True,False,False,False,False,RESEARCH_ONLY,median_value_20d<1bn;median_value_60d<1bn,UNCLASSIFIED,,,,LOW,False,False,EXCLUDED,median_value_20d<1bn;median_value_60d<1bn,MEDIUM
SAPX,2026-10-07,0,716,2953335500.0,78893000.0,2.1877280032824267,True,True,True,False,False,False,RESEARCH_ONLY,median_value_60d<1bn,UNCLASSIFIED,,,,LOW,False,False,EXCLUDED,median_value_60d<1bn,MEDIUM
SATU,2026-10-07,0,716,642620900.0,51296800.0,0.1695875843628749,True,True,False,False,False,False,RESEARCH_ONLY,median_value_20d<1bn;median_value_60d<1bn,UNCLASSIFIED,,,,LOW,False,False,EXCLUDED,median_value_20d<1bn;median_value_60d<1bn,MEDIUM
SBAT,2026-10-06,1,720,0.0,0.0,0.0,True,True,False,False,False,False,RESEARCH_ONLY,median_value_20d<1bn;median_value_60d<1bn,UNCLASSIFIED,,,,LOW,False,False,EXCLUDED,median_value_20d<1bn;median_value_60d<1bn,MEDIUM
SBMA,2026-10-07,0,716,142245600.0,75333950.0,0.3930945933176447,True,True,False,False,False,False,RESEARCH_ONLY,median_value_20d<1bn;median_value_60d<1bn,UNCLASSIFIED,,,,LOW,False,False,EXCLUDED,median_value_20d<1bn;median_value_60d<1bn,MEDIUM
SCCO,2026-10-07,0,717,175146500.0,85788000.0,0.7527484696729744,True,True,False,False,False,False,RESEARCH_ONLY,median_value_20d<1bn;median_value_60d<1bn,UNCLASSIFIED,,,,LOW,False,False,EXCLUDED,median_value_20d<1bn;median_value_60d<1bn,MEDIUM
SCNP,2026-10-07,0,716,106425800.0,59047350.0,0.2989865234953352,True,True,False,False,False,False,RESEARCH_ONLY,median_value_20d<1bn;median_value_60d<1bn,UNCLASSIFIED,,,,LOW,False,False,EXCLUDED,median_value_20d<1bn;median_value_60d<1bn,MEDIUM
SDPC,2026-10-07,0,717,56580250.0,35973750.0,0.3424169759333128,True,True,False,False,False,False,RESEARCH_ONLY,median_value_20d<1bn;median_value_60d<1bn,UNCLASSIFIED,,,,LOW,False,False,EXCLUDED,median_value_20d<1bn;median_value_60d<1bn,MEDIUM
SDRA,2026-10-05,2,4120,153610900.0,177733200.0,0.1857941000359675,True,True,False,False,False,False,RESEARCH_ONLY,median_value_20d<1bn;median_value_60d<1bn,UNCLASSIFIED,,,,LOW,False,False,EXCLUDED,median_value_20d<1bn;median_value_60d<1bn,MEDIUM
SEMA,2026-10-07,0,716,11169236100.0,110305300.0,1.870046198994425,True,True,True,False,False,False,RESEARCH_ONLY,median_value_60d<1bn,UNCLASSIFIED,,,,LOW,False,False,EXCLUDED,median_value_60d<1bn,MEDIUM
SFAN,2026-10-07,0,716,99400500.0,93077500.0,0.06287786829482842,True,True,False,False,False,False,RESEARCH_ONLY,median_value_20d<1bn;median_value_60d<1bn,UNCLASSIFIED,,,,LOW,False,False,EXCLUDED,median_value_20d<1bn;median_value_60d<1bn,MEDIUM
SGRO,2026-10-07,0,717,68633000.0,131867000.0,0.37836324584472625,True,True,False,False,False,False,RESEARCH_ONLY,median_value_20d<1bn;median_value_60d<1bn,UNCLASSIFIED,,,,LOW,False,False,EXCLUDED,median_value_20d<1bn;median_value_60d<1bn,MEDIUM
SHID,2026-10-07,0,716,60192750.0,19630500.0,1.2043995631744728,True,True,False,False,False,False,RESEARCH_ONLY,median_value_20d<1bn;median_value_60d<1bn,UNCLASSIFIED,,,,LOW,False,False,EXCLUDED,median_value_20d<1bn;median_value_60d<1bn,MEDIUM
SHIP,2026-10-07,0,717,135591500.0,135591500.0,0.32747263959243417,True,True,False,False,False,False,RESEARCH_ONLY,median_value_20d<1bn;median_value_60d<1bn,UNCLASSIFIED,,,,LOW,False,False,EXCLUDED,median_value_20d<1bn;median_value_60d<1bn,MEDIUM
SICO,2026-10-07,0,716,344292750.0,312090100.0,0.3677952681570326,True,True,False,False,False,False,RESEARCH_ONLY,median_value_20d<1bn;median_value_60d<1bn,UNCLASSIFIED,,,,LOW,False,False,EXCLUDED,median_value_20d<1bn;median_value_60d<1bn,MEDIUM
SIPD,2026-10-07,0,717,17389750.0,16239000.0,0.5673877301791407,True,True,False,False,False,False,RESEARCH_ONLY,median_value_20d<1bn;median_value_60d<1bn,UNCLASSIFIED,,,,LOW,False,False,EXCLUDED,median_value_20d<1bn;median_value_60d<1bn,MEDIUM
SKBM,2026-10-07,0,716,55759300.0,116128500.0,0.2199569039476339,True,True,False,False,False,False,RESEARCH_ONLY,median_value_20d<1bn;median_value_60d<1bn,UNCLASSIFIED,,,,LOW,False,False,EXCLUDED,median_value_20d<1bn;median_value_60d<1bn,MEDIUM
SKLT,2026-10-05,2,4121,13600000.0,22360000.0,0.2743179643379373,True,True,False,False,False,False,RESEARCH_ONLY,median_value_20d<1bn;median_value_60d<1bn,UNCLASSIFIED,,,,LOW,False,False,EXCLUDED,median_value_20d<1bn;median_value_60d<1bn,MEDIUM
SKRN,2026-10-07,0,716,79799400.0,72944000.0,0.42275138130427925,True,True,False,False,False,False,RESEARCH_ONLY,median_value_20d<1bn;median_value_60d<1bn,UNCLASSIFIED,,,,LOW,False,False,EXCLUDED,median_value_20d<1bn;median_value_60d<1bn,MEDIUM
SMAR,2026-10-07,0,717,970317500.0,600612500.0,1.0577369668542562,True,True,False,False,False,False,RESEARCH_ONLY,median_value_20d<1bn;median_value_60d<1bn,CONGLOMERATE,CONGLOMERATE,,SINAR_MAS,MEDIUM,False,False,EXCLUDED,median_value_20d<1bn;median_value_60d<1bn,MEDIUM
SMBR,2026-10-07,0,716,557446550.0,565762900.0,0.4579840742958905,True,True,False,False,False,False,RESEARCH_ONLY,median_value_20d<1bn;median_value_60d<1bn,UNCLASSIFIED,,,,LOW,False,False,EXCLUDED,median_value_20d<1bn;median_value_60d<1bn,MEDIUM
SMCB,2026-10-06,1,720,0.0,0.0,0.0,True,True,False,False,False,False,RESEARCH_ONLY,median_value_20d<1bn;median_value_60d<1bn,UNCLASSIFIED,,,,LOW,False,False,EXCLUDED,median_value_20d<1bn;median_value_60d<1bn,MEDIUM
SMDM,2026-10-07,0,717,23177800.0,21107250.0,0.3480436745968241,True,True,False,False,False,False,RESEARCH_ONLY,median_value_20d<1bn;median_value_60d<1bn,UNCLASSIFIED,,,,LOW,False,False,EXCLUDED,median_value_20d<1bn;median_value_60d<1bn,MEDIUM
SMGA,2026-10-07,0,638,457939900.0,571515450.0,0.38986122272490903,True,True,False,False,False,False,RESEARCH_ONLY,median_value_20d<1bn;median_value_60d<1bn,UNCLASSIFIED,,,,LOW,False,False,EXCLUDED,median_value_20d<1bn;median_value_60d<1bn,MEDIUM
SMKL,2026-10-07,0,716,19025900.0,26844150.0,0.3358402334954767,True,True,False,False,False,False,RESEARCH_ONLY,median_value_20d<1bn;median_value_60d<1bn,UNCLASSIFIED,,,,LOW,False,False,EXCLUDED,median_value_20d<1bn;median_value_60d<1bn,MEDIUM
SMKM,2026-10-07,0,716,363247700.0,383174300.0,0.541319849249334,True,True,False,False,False,False,RESEARCH_ONLY,median_value_20d<1bn;median_value_60d<1bn,UNCLASSIFIED,,,,LOW,False,False,EXCLUDED,median_value_20d<1bn;median_value_60d<1bn,MEDIUM
SMMA,2026-10-07,0,716,22015000.0,21360000.0,0.03815158256859709,True,True,False,False,False,False,RESEARCH_ONLY,median_value_20d<1bn;median_value_60d<1bn,CONGLOMERATE,CONGLOMERATE,,SINAR_MAS,MEDIUM,False,False,EXCLUDED,median_value_20d<1bn;median_value_60d<1bn,MEDIUM
SMMT,2026-10-05,2,4120,2648391500.0,221804250.0,1.0797121773283436,True,True,True,False,False,False,RESEARCH_ONLY,median_value_60d<1bn,UNCLASSIFIED,,,,LOW,False,False,EXCLUDED,median_value_60d<1bn,MEDIUM
SOHO,2026-10-07,0,716,107771750.0,65538500.0,0.6000872128723018,True,True,False,False,False,False,RESEARCH_ONLY,median_value_20d<1bn;median_value_60d<1bn,UNCLASSIFIED,,,,LOW,False,False,EXCLUDED,median_value_20d<1bn;median_value_60d<1bn,MEDIUM
SOLA,2026-10-07,0,580,357090750.0,480750950.0,0.6107356993563515,True,True,False,False,False,False,RESEARCH_ONLY,median_value_20d<1bn;median_value_60d<1bn,UNCLASSIFIED,,,,LOW,False,False,EXCLUDED,median_value_20d<1bn;median_value_60d<1bn,MEDIUM
SONA,2026-10-07,0,717,29136000.0,25710500.0,1.5660634156916045,True,True,False,False,False,False,RESEARCH_ONLY,median_value_20d<1bn;median_value_60d<1bn,UNCLASSIFIED,,,,LOW,False,False,EXCLUDED,median_value_20d<1bn;median_value_60d<1bn,MEDIUM
SOSS,2026-10-07,0,719,4049500.0,462000.0,1.5092099696532049,True,True,False,False,False,False,RESEARCH_ONLY,median_value_20d<1bn;median_value_60d<1bn,UNCLASSIFIED,,,,LOW,False,False,EXCLUDED,median_value_20d<1bn;median_value_60d<1bn,MEDIUM
SOTS,2026-10-07,0,716,92295000.0,116736250.0,1.0543077919423103,True,True,False,False,False,False,RESEARCH_ONLY,median_value_20d<1bn;median_value_60d<1bn,UNCLASSIFIED,,,,LOW,False,False,EXCLUDED,median_value_20d<1bn;median_value_60d<1bn,MEDIUM
SOUL,2026-10-06,1,717,0.0,0.0,0.0,True,True,False,False,False,False,RESEARCH_ONLY,median_value_20d<1bn;median_value_60d<1bn,UNCLASSIFIED,,,,LOW,False,False,EXCLUDED,median_value_20d<1bn;median_value_60d<1bn,MEDIUM
SPMA,2026-10-07,0,720,40966750.0,66936750.0,0.18231615870390272,True,True,False,False,False,False,RESEARCH_ONLY,median_value_20d<1bn;median_value_60d<1bn,UNCLASSIFIED,,,,LOW,False,False,EXCLUDED,median_value_20d<1bn;median_value_60d<1bn,MEDIUM
SPRE,2026-10-07,0,546,367575850.0,204248900.0,0.5512941640364408,True,True,False,False,False,False,RESEARCH_ONLY,median_value_20d<1bn;median_value_60d<1bn,UNCLASSIFIED,,,,LOW,False,False,EXCLUDED,median_value_20d<1bn;median_value_60d<1bn,MEDIUM
SPTO,2026-10-07,0,716,346664000.0,352967750.0,0.13022030347380772,True,True,False,False,False,False,RESEARCH_ONLY,median_value_20d<1bn;median_value_60d<1bn,UNCLASSIFIED,,,,LOW,False,False,EXCLUDED,median_value_20d<1bn;median_value_60d<1bn,MEDIUM
SRAJ,2026-10-06,1,715,14650000.0,30947500.0,0.8390417508698105,True,True,False,False,False,False,RESEARCH_ONLY,median_value_20d<1bn;median_value_60d<1bn,UNCLASSIFIED,,,,LOW,False,False,EXCLUDED,median_value_20d<1bn;median_value_60d<1bn,MEDIUM
SSTM,2026-10-07,0,717,40647000.0,71553400.0,0.43889470743023984,True,True,False,False,False,False,RESEARCH_ONLY,median_value_20d<1bn;median_value_60d<1bn,UNCLASSIFIED,,,,LOW,False,False,EXCLUDED,median_value_20d<1bn;median_value_60d<1bn,MEDIUM
STAR,2026-10-07,0,716,44529200.0,37247800.0,1.3467354482301503,True,True,False,False,False,False,RESEARCH_ONLY,median_value_20d<1bn;median_value_60d<1bn,UNCLASSIFIED,,,,LOW,False,False,EXCLUDED,median_value_20d<1bn;median_value_60d<1bn,MEDIUM
STRK,2026-10-07,0,715,1146745200.0,738752900.0,1.1892130200891946,True,True,True,False,False,False,RESEARCH_ONLY,median_value_60d<1bn,UNCLASSIFIED,,,,LOW,False,False,EXCLUDED,median_value_60d<1bn,MEDIUM
STTP,2026-10-05,2,4121,8737500.0,11430000.0,0.17490915133496673,True,True,False,False,False,False,RESEARCH_ONLY,median_value_20d<1bn;median_value_60d<1bn,UNCLASSIFIED,,,,LOW,False,False,EXCLUDED,median_value_20d<1bn;median_value_60d<1bn,MEDIUM
SULI,2026-10-07,0,717,256801750.0,489523000.0,0.5086429285721173,True,True,False,False,False,False,RESEARCH_ONLY,median_value_20d<1bn;median_value_60d<1bn,UNCLASSIFIED,,,,LOW,False,False,EXCLUDED,median_value_20d<1bn;median_value_60d<1bn,MEDIUM
SUNI,2026-10-07,0,716,214924750.0,229798750.0,0.38406790586214556,True,True,False,False,False,False,RESEARCH_ONLY,median_value_20d<1bn;median_value_60d<1bn,UNCLASSIFIED,,,,LOW,False,False,EXCLUDED,median_value_20d<1bn;median_value_60d<1bn,MEDIUM
SUPR,2026-10-06,1,720,0.0,0.0,0.0,True,True,False,False,False,False,RESEARCH_ONLY,median_value_20d<1bn;median_value_60d<1bn,CONGLOMERATE,CONGLOMERATE,,DJARUM_HARTONO,MEDIUM,False,False,EXCLUDED,median_value_20d<1bn;median_value_60d<1bn,MEDIUM
SURE,2026-10-06,1,715,4151000.0,5185000.0,0.48661348667137067,True,True,False,False,False,False,RESEARCH_ONLY,median_value_20d<1bn;median_value_60d<1bn,UNCLASSIFIED,,,,LOW,False,False,EXCLUDED,median_value_20d<1bn;median_value_60d<1bn,MEDIUM
SWAT,2026-10-06,1,720,0.0,0.0,0.0,True,True,False,False,False,False,RESEARCH_ONLY,median_value_20d<1bn;median_value_60d<1bn,UNCLASSIFIED,,,,LOW,False,False,EXCLUDED,median_value_20d<1bn;median_value_60d<1bn,MEDIUM
SWID,2026-10-07,0,716,483049000.0,528168900.0,0.8936475241994652,True,True,False,False,False,False,RESEARCH_ONLY,median_value_20d<1bn;median_value_60d<1bn,UNCLASSIFIED,,,,LOW,False,False,EXCLUDED,median_value_20d<1bn;median_value_60d<1bn,MEDIUM
TALF,2026-10-07,0,716,29333500.0,60718250.0,0.36276945880628175,True,True,False,False,False,False,RESEARCH_ONLY,median_value_20d<1bn;median_value_60d<1bn,UNCLASSIFIED,,,,LOW,False,False,EXCLUDED,median_value_20d<1bn;median_value_60d<1bn,MEDIUM
TAMA,2026-10-07,0,716,213512500.0,1344989850.0,0.5952154328793823,True,True,False,True,False,False,RESEARCH_ONLY,median_value_20d<1bn,UNCLASSIFIED,,,,LOW,False,False,EXCLUDED,median_value_20d<1bn,MEDIUM
TAMU,2026-10-07,0,716,237533900.0,169032100.0,1.5584150272260913,True,True,False,False,False,False,RESEARCH_ONLY,median_value_20d<1bn;median_value_60d<1bn,UNCLASSIFIED,,,,LOW,False,False,EXCLUDED,median_value_20d<1bn;median_value_60d<1bn,MEDIUM
TARA,2026-10-07,0,716,106790500.0,33345450.0,1.1672780087291714,True,True,False,False,False,False,RESEARCH_ONLY,median_value_20d<1bn;median_value_60d<1bn,UNCLASSIFIED,,,,LOW,False,False,EXCLUDED,median_value_20d<1bn;median_value_60d<1bn,MEDIUM
TAXI,2026-10-07,0,716,1412193000.0,575757700.0,1.4582445730238638,True,True,True,False,False,False,RESEARCH_ONLY,median_value_60d<1bn,UNCLASSIFIED,,,,LOW,False,False,EXCLUDED,median_value_60d<1bn,MEDIUM
TAYS,2026-10-06,1,717,0.0,0.0,0.0,True,True,False,False,False,False,RESEARCH_ONLY,median_value_20d<1bn;median_value_60d<1bn,UNCLASSIFIED,,,,LOW,False,False,EXCLUDED,median_value_20d<1bn;median_value_60d<1bn,MEDIUM
TBIG,2026-10-05,2,3920,289561000.0,588695250.0,0.25775589811537586,True,True,False,False,False,False,RESEARCH_ONLY,median_value_20d<1bn;median_value_60d<1bn,UNCLASSIFIED,,,,LOW,False,False,EXCLUDED,median_value_20d<1bn;median_value_60d<1bn,MEDIUM
TBLA,2026-10-07,0,717,679397500.0,756019500.0,0.16525703708493114,True,True,False,False,False,False,RESEARCH_ONLY,median_value_20d<1bn;median_value_60d<1bn,UNCLASSIFIED,,,,LOW,False,False,EXCLUDED,median_value_20d<1bn;median_value_60d<1bn,MEDIUM
TBMS,2026-10-07,0,717,24967500.0,23136000.0,0.23045778886411283,True,True,False,False,False,False,RESEARCH_ONLY,median_value_20d<1bn;median_value_60d<1bn,UNCLASSIFIED,,,,LOW,False,False,EXCLUDED,median_value_20d<1bn;median_value_60d<1bn,MEDIUM
TCID,2026-10-07,0,717,7830000.0,8808500.0,0.33964732929910124,True,True,False,False,False,False,RESEARCH_ONLY,median_value_20d<1bn;median_value_60d<1bn,UNCLASSIFIED,,,,LOW,False,False,EXCLUDED,median_value_20d<1bn;median_value_60d<1bn,MEDIUM
TELE,2026-10-06,1,720,0.0,0.0,0.0,True,True,False,False,False,False,RESEARCH_ONLY,median_value_20d<1bn;median_value_60d<1bn,UNCLASSIFIED,,,,LOW,False,False,EXCLUDED,median_value_20d<1bn;median_value_60d<1bn,MEDIUM
TFAS,2026-10-07,0,716,65860200.0,68936550.0,0.44044465050151793,True,True,False,False,False,False,RESEARCH_ONLY,median_value_20d<1bn;median_value_60d<1bn,UNCLASSIFIED,,,,LOW,False,False,EXCLUDED,median_value_20d<1bn;median_value_60d<1bn,MEDIUM
TFCO,2026-10-07,0,717,1067500.0,591500.0,1.1932405689895318,True,True,False,False,False,False,RESEARCH_ONLY,median_value_20d<1bn;median_value_60d<1bn,UNCLASSIFIED,,,,LOW,False,False,EXCLUDED,median_value_20d<1bn;median_value_60d<1bn,MEDIUM
TGKA,2026-10-07,0,717,2998750.0,3139000.0,0.17917139861024411,True,True,False,False,False,False,RESEARCH_ONLY,median_value_20d<1bn;median_value_60d<1bn,UNCLASSIFIED,,,,LOW,False,False,EXCLUDED,median_value_20d<1bn;median_value_60d<1bn,MEDIUM
TGRA,2026-10-06,1,720,0.0,0.0,0.0,True,True,False,False,False,False,RESEARCH_ONLY,median_value_20d<1bn;median_value_60d<1bn,UNCLASSIFIED,,,,LOW,False,False,EXCLUDED,median_value_20d<1bn;median_value_60d<1bn,MEDIUM
TGUK,2026-10-07,0,719,831172650.0,457051100.0,1.439692974404341,True,True,False,False,False,False,RESEARCH_ONLY,median_value_20d<1bn;median_value_60d<1bn,UNCLASSIFIED,,,,LOW,False,False,EXCLUDED,median_value_20d<1bn;median_value_60d<1bn,MEDIUM
TIFA,2026-10-05,2,3745,27936600.0,25893400.0,1.0178347873969777,True,True,False,False,False,False,RESEARCH_ONLY,median_value_20d<1bn;median_value_60d<1bn,UNCLASSIFIED,,,,LOW,False,False,EXCLUDED,median_value_20d<1bn;median_value_60d<1bn,MEDIUM
TIRA,2026-10-07,0,717,188107100.0,174247500.0,0.5112817085396487,True,True,False,False,False,False,RESEARCH_ONLY,median_value_20d<1bn;median_value_60d<1bn,UNCLASSIFIED,,,,LOW,False,False,EXCLUDED,median_value_20d<1bn;median_value_60d<1bn,MEDIUM
TIRT,2026-10-06,1,717,0.0,0.0,0.0,True,True,False,False,False,False,RESEARCH_ONLY,median_value_20d<1bn;median_value_60d<1bn,UNCLASSIFIED,,,,LOW,False,False,EXCLUDED,median_value_20d<1bn;median_value_60d<1bn,MEDIUM
TLDN,2026-10-07,0,716,615908750.0,697503000.0,0.2958641873503792,True,True,False,False,False,False,RESEARCH_ONLY,median_value_20d<1bn;median_value_60d<1bn,UNCLASSIFIED,,,,LOW,False,False,EXCLUDED,median_value_20d<1bn;median_value_60d<1bn,MEDIUM
TMAS,2026-10-07,0,716,756206200.0,660484100.0,0.5075175063342133,True,True,False,False,False,False,RESEARCH_ONLY,median_value_20d<1bn;median_value_60d<1bn,UNCLASSIFIED,,,,LOW,False,False,EXCLUDED,median_value_20d<1bn;median_value_60d<1bn,MEDIUM
TNCA,2026-10-07,0,716,184662150.0,160845700.0,0.4995426217504994,True,True,False,False,False,False,RESEARCH_ONLY,median_value_20d<1bn;median_value_60d<1bn,UNCLASSIFIED,,,,LOW,False,False,EXCLUDED,median_value_20d<1bn;median_value_60d<1bn,MEDIUM
TOPS,2026-10-06,1,720,0.0,0.0,0.0,True,True,False,False,False,False,RESEARCH_ONLY,median_value_20d<1bn;median_value_60d<1bn,UNCLASSIFIED,,,,LOW,False,False,EXCLUDED,median_value_20d<1bn;median_value_60d<1bn,MEDIUM
TOTO,2026-10-07,0,717,115128000.0,104275000.0,0.09039548059663947,True,True,False,False,False,False,RESEARCH_ONLY,median_value_20d<1bn;median_value_60d<1bn,UNCLASSIFIED,,,,LOW,False,False,EXCLUDED,median_value_20d<1bn;median_value_60d<1bn,MEDIUM
TOYS,2026-10-06,1,720,0.0,0.0,0.0,True,True,False,False,False,False,RESEARCH_ONLY,median_value_20d<1bn;median_value_60d<1bn,UNCLASSIFIED,,,,LOW,False,False,EXCLUDED,median_value_20d<1bn;median_value_60d<1bn,MEDIUM
TPMA,2026-10-07,0,716,446216200.0,501447600.0,0.16552758052269706,True,True,False,False,False,False,RESEARCH_ONLY,median_value_20d<1bn;median_value_60d<1bn,UNCLASSIFIED,,,,LOW,False,False,EXCLUDED,median_value_20d<1bn;median_value_60d<1bn,MEDIUM
TRGU,2026-10-07,0,716,20906700.0,26308100.0,0.3327426640934044,True,True,False,False,False,False,RESEARCH_ONLY,median_value_20d<1bn;median_value_60d<1bn,UNCLASSIFIED,,,,LOW,False,False,EXCLUDED,median_value_20d<1bn;median_value_60d<1bn,MEDIUM
TRIM,2026-10-07,0,717,829357750.0,196147500.0,0.6270640318547968,True,True,False,False,False,False,RESEARCH_ONLY,median_value_20d<1bn;median_value_60d<1bn,UNCLASSIFIED,,,,LOW,False,False,EXCLUDED,median_value_20d<1bn;median_value_60d<1bn,MEDIUM
TRIS,2026-10-07,0,716,97085400.0,122266822.34573364,0.129108449792647,True,True,False,False,False,False,RESEARCH_ONLY,median_value_20d<1bn;median_value_60d<1bn,UNCLASSIFIED,,,,LOW,False,False,EXCLUDED,median_value_20d<1bn;median_value_60d<1bn,MEDIUM
TRJA,2026-10-07,0,716,231049200.0,74637200.0,0.8446648360677499,True,True,False,False,False,False,RESEARCH_ONLY,median_value_20d<1bn;median_value_60d<1bn,UNCLASSIFIED,,,,LOW,False,False,EXCLUDED,median_value_20d<1bn;median_value_60d<1bn,MEDIUM
TRST,2026-10-07,0,717,14807100.0,27146400.0,0.3726251106334306,True,True,False,False,False,False,RESEARCH_ONLY,median_value_20d<1bn;median_value_60d<1bn,UNCLASSIFIED,,,,LOW,False,False,EXCLUDED,median_value_20d<1bn;median_value_60d<1bn,MEDIUM
TRUE,2026-10-07,0,718,7683059600.0,0.0,2.3891018563643986,True,True,True,False,False,False,RESEARCH_ONLY,median_value_60d<1bn,UNCLASSIFIED,,,,LOW,False,False,EXCLUDED,median_value_60d<1bn,MEDIUM
TRUK,2026-10-06,1,715,0.0,108861300.0,1.059019839443781,True,True,False,False,False,False,RESEARCH_ONLY,median_value_20d<1bn;median_value_60d<1bn,UNCLASSIFIED,,,,LOW,False,False,EXCLUDED,median_value_20d<1bn;median_value_60d<1bn,MEDIUM
TRUS,2026-10-07,0,717,15424400.0,22290700.0,0.41296571254030306,True,True,False,False,False,False,RESEARCH_ONLY,median_value_20d<1bn;median_value_60d<1bn,UNCLASSIFIED,,,,LOW,False,False,EXCLUDED,median_value_20d<1bn;median_value_60d<1bn,MEDIUM
TYRE,2026-10-07,0,716,93411500.0,61485900.0,0.2822863797930946,True,True,False,False,False,False,RESEARCH_ONLY,median_value_20d<1bn;median_value_60d<1bn,UNCLASSIFIED,,,,LOW,False,False,EXCLUDED,median_value_20d<1bn;median_value_60d<1bn,MEDIUM
UANG,2026-10-07,0,716,2071052500.0,540869000.0,1.162790558048821,True,True,True,False,False,False,RESEARCH_ONLY,median_value_60d<1bn,UNCLASSIFIED,,,,LOW,False,False,EXCLUDED,median_value_60d<1bn,MEDIUM
UCID,2026-10-07,0,716,348832800.0,431311800.0,0.19634575086076572,True,True,False,False,False,False,RESEARCH_ONLY,median_value_20d<1bn;median_value_60d<1bn,UNCLASSIFIED,,,,LOW,False,False,EXCLUDED,median_value_20d<1bn;median_value_60d<1bn,MEDIUM
UFOE,2026-10-07,0,716,71050650.0,30288700.0,0.3264403217311852,True,True,False,False,False,False,RESEARCH_ONLY,median_value_20d<1bn;median_value_60d<1bn,UNCLASSIFIED,,,,LOW,False,False,EXCLUDED,median_value_20d<1bn;median_value_60d<1bn,MEDIUM
UNIC,2026-10-07,0,717,172167500.0,160932500.0,0.11468884211444169,True,True,False,False,False,False,RESEARCH_ONLY,median_value_20d<1bn;median_value_60d<1bn,UNCLASSIFIED,,,,LOW,False,False,EXCLUDED,median_value_20d<1bn;median_value_60d<1bn,MEDIUM
UNIQ,2026-10-07,0,716,239259600.0,199457250.0,0.9024954308534656,True,True,False,False,False,False,RESEARCH_ONLY,median_value_20d<1bn;median_value_60d<1bn,UNCLASSIFIED,,,,LOW,False,False,EXCLUDED,median_value_20d<1bn;median_value_60d<1bn,MEDIUM
UNSP,2026-10-07,0,718,2258494400.0,0.0,1.3049031079030866,True,True,True,False,False,False,RESEARCH_ONLY,median_value_60d<1bn,CONGLOMERATE,CONGLOMERATE,,BAKRIE,MEDIUM,False,False,EXCLUDED,median_value_60d<1bn,MEDIUM
URBN,2026-10-07,0,716,74227800.0,38568000.0,0.6379912620011043,True,True,False,False,False,False,RESEARCH_ONLY,median_value_20d<1bn;median_value_60d<1bn,UNCLASSIFIED,,,,LOW,False,False,EXCLUDED,median_value_20d<1bn;median_value_60d<1bn,MEDIUM
VAST,2026-10-07,0,716,622836700.0,195944150.0,0.9079061902470752,True,True,False,False,False,False,RESEARCH_ONLY,median_value_20d<1bn;median_value_60d<1bn,UNCLASSIFIED,,,,LOW,False,False,EXCLUDED,median_value_20d<1bn;median_value_60d<1bn,MEDIUM
VICO,2026-10-07,0,716,102726391.22924805,18049658.570861816,0.4780322686705797,True,True,False,False,False,False,RESEARCH_ONLY,median_value_20d<1bn;median_value_60d<1bn,UNCLASSIFIED,,,,LOW,False,False,EXCLUDED,median_value_20d<1bn;median_value_60d<1bn,MEDIUM
VINS,2026-10-07,0,716,50781050.0,28835750.0,0.39116979333711227,True,True,False,False,False,False,RESEARCH_ONLY,median_value_20d<1bn;median_value_60d<1bn,UNCLASSIFIED,,,,LOW,False,False,EXCLUDED,median_value_20d<1bn;median_value_60d<1bn,MEDIUM
VISI,2026-10-07,0,621,2117487750.0,918198750.0,1.1956081180860756,True,True,True,False,False,False,RESEARCH_ONLY,median_value_60d<1bn,UNCLASSIFIED,,,,LOW,False,False,EXCLUDED,median_value_60d<1bn,MEDIUM
VOKS,2026-10-07,0,717,318025000.0,113050800.0,1.1506279891297486,True,True,False,False,False,False,RESEARCH_ONLY,median_value_20d<1bn;median_value_60d<1bn,UNCLASSIFIED,,,,LOW,False,False,EXCLUDED,median_value_20d<1bn;median_value_60d<1bn,MEDIUM
VRNA,2026-10-07,0,716,172232750.0,44141650.0,0.46428272426946426,True,True,False,False,False,False,RESEARCH_ONLY,median_value_20d<1bn;median_value_60d<1bn,UNCLASSIFIED,,,,LOW,False,False,EXCLUDED,median_value_20d<1bn;median_value_60d<1bn,MEDIUM
WAPO,2026-10-07,0,717,552817500.0,127178800.0,1.3000986618325212,True,True,False,False,False,False,RESEARCH_ONLY,median_value_20d<1bn;median_value_60d<1bn,UNCLASSIFIED,,,,LOW,False,False,EXCLUDED,median_value_20d<1bn;median_value_60d<1bn,MEDIUM
WEGE,2026-10-07,0,716,335611400.0,352755400.0,0.7076918515657566,True,True,False,False,False,False,RESEARCH_ONLY,median_value_20d<1bn;median_value_60d<1bn,UNCLASSIFIED,,,,LOW,False,False,EXCLUDED,median_value_20d<1bn;median_value_60d<1bn,MEDIUM
WEHA,2026-10-07,0,716,480922550.0,480922550.0,0.4654361817995668,True,True,False,False,False,False,RESEARCH_ONLY,median_value_20d<1bn;median_value_60d<1bn,UNCLASSIFIED,,,,LOW,False,False,EXCLUDED,median_value_20d<1bn;median_value_60d<1bn,MEDIUM
WICO,2026-10-06,1,720,0.0,0.0,0.0,True,True,False,False,False,False,RESEARCH_ONLY,median_value_20d<1bn;median_value_60d<1bn,UNCLASSIFIED,,,,LOW,False,False,EXCLUDED,median_value_20d<1bn;median_value_60d<1bn,MEDIUM
WIKA,2026-10-05,2,4124,0.0,0.0,0.0,True,True,False,False,False,False,RESEARCH_ONLY,median_value_20d<1bn;median_value_60d<1bn,BUMN_AFFILIATED,BUMN_AFFILIATED,,,MEDIUM,False,False,EXCLUDED,median_value_20d<1bn;median_value_60d<1bn,MEDIUM
WINE,2026-10-07,0,716,48201700.0,99945250.0,0.177416424032651,True,True,False,False,False,False,RESEARCH_ONLY,median_value_20d<1bn;median_value_60d<1bn,UNCLASSIFIED,,,,LOW,False,False,EXCLUDED,median_value_20d<1bn;median_value_60d<1bn,MEDIUM
WINR,2026-10-07,0,716,955046250.0,750519000.0,0.9993514953850365,True,True,False,False,False,False,RESEARCH_ONLY,median_value_20d<1bn;median_value_60d<1bn,UNCLASSIFIED,,,,LOW,False,False,EXCLUDED,median_value_20d<1bn;median_value_60d<1bn,MEDIUM
WMUU,2026-10-07,0,716,63935000.0,924862500.0,0.9743756350867661,True,True,False,False,False,False,RESEARCH_ONLY,median_value_20d<1bn;median_value_60d<1bn,UNCLASSIFIED,,,,LOW,False,False,EXCLUDED,median_value_20d<1bn;median_value_60d<1bn,MEDIUM
WOMF,2026-10-07,0,716,32614500.0,32614500.0,0.47806872146596185,True,True,False,False,False,False,RESEARCH_ONLY,median_value_20d<1bn;median_value_60d<1bn,UNCLASSIFIED,,,,LOW,False,False,EXCLUDED,median_value_20d<1bn;median_value_60d<1bn,MEDIUM
WOOD,2026-10-07,0,716,439020300.0,648292900.0,0.3998199310089817,True,True,False,False,False,False,RESEARCH_ONLY,median_value_20d<1bn;median_value_60d<1bn,UNCLASSIFIED,,,,LOW,False,False,EXCLUDED,median_value_20d<1bn;median_value_60d<1bn,MEDIUM
WSBP,2026-10-05,2,2475,0.0,0.0,0.0,True,True,False,False,False,False,RESEARCH_ONLY,median_value_20d<1bn;median_value_60d<1bn,UNCLASSIFIED,,,,LOW,False,False,EXCLUDED,median_value_20d<1bn;median_value_60d<1bn,MEDIUM
WSKT,2026-06-26,103,3322,0.0,0.0,0.0,True,False,False,False,False,False,RESEARCH_ONLY,stale_data;median_value_20d<1bn;median_value_60d<1bn,BUMN_AFFILIATED,BUMN_AFFILIATED,,,MEDIUM,False,False,EXCLUDED,stale_data;median_value_20d<1bn;median_value_60d<1bn,MEDIUM
WTON,2026-10-05,2,3064,231217250.0,214807950.0,0.36152983089018287,True,True,False,False,False,False,RESEARCH_ONLY,median_value_20d<1bn;median_value_60d<1bn,UNCLASSIFIED,,,,LOW,False,False,EXCLUDED,median_value_20d<1bn;median_value_60d<1bn,MEDIUM
YOII,2026-10-07,0,417,257270650.0,277115250.0,0.4147165865035294,True,True,False,False,False,False,RESEARCH_ONLY,median_value_20d<1bn;median_value_60d<1bn,UNCLASSIFIED,,,,LOW,False,False,EXCLUDED,median_value_20d<1bn;median_value_60d<1bn,MEDIUM
YPAS,2026-10-07,0,717,100766250.0,101994000.0,1.2457727640465748,True,True,False,False,False,False,RESEARCH_ONLY,median_value_20d<1bn;median_value_60d<1bn,UNCLASSIFIED,,,,LOW,False,False,EXCLUDED,median_value_20d<1bn;median_value_60d<1bn,MEDIUM
YULE,2026-10-07,0,716,25529500.0,8366000.0,0.7715039186018077,True,True,False,False,False,False,RESEARCH_ONLY,median_value_20d<1bn;median_value_60d<1bn,UNCLASSIFIED,,,,LOW,False,False,EXCLUDED,median_value_20d<1bn;median_value_60d<1bn,MEDIUM
YUPI,2026-10-07,0,366,22730500.0,37405966.12548828,0.16282040541946988,True,True,False,False,False,False,RESEARCH_ONLY,median_value_20d<1bn;median_value_60d<1bn,UNCLASSIFIED,,,,LOW,False,False,EXCLUDED,median_value_20d<1bn;median_value_60d<1bn,MEDIUM
ZBRA,2026-10-06,1,720,0.0,0.0,0.0,True,True,False,False,False,False,RESEARCH_ONLY,median_value_20d<1bn;median_value_60d<1bn,UNCLASSIFIED,,,,LOW,False,False,EXCLUDED,median_value_20d<1bn;median_value_60d<1bn,MEDIUM
ZINC,2026-10-06,1,720,0.0,0.0,0.0,True,True,False,False,False,False,RESEARCH_ONLY,median_value_20d<1bn;median_value_60d<1bn,UNCLASSIFIED,,,,LOW,False,False,EXCLUDED,median_value_20d<1bn;median_value_60d<1bn,MEDIUM
ZONE,2026-10-07,0,716,17132000.0,49058500.0,0.22740338977858768,True,True,False,False,False,False,RESEARCH_ONLY,median_value_20d<1bn;median_value_60d<1bn,UNCLASSIFIED,,,,LOW,False,False,EXCLUDED,median_value_20d<1bn;median_value_60d<1bn,MEDIUM
ZYRX,2026-10-07,0,716,38617000.0,80212650.0,0.20214906150298334,True,True,False,False,False,False,RESEARCH_ONLY,median_value_20d<1bn;median_value_60d<1bn,UNCLASSIFIED,,,,LOW,False,False,EXCLUDED,median_value_20d<1bn;median_value_60d<1bn,MEDIUM
