ticker,latest_date,lag_days,history_rows,median_value_20d,median_value_60d,annualized_volatility_20d,history_gate,recency_gate,liquidity_20d_gate,liquidity_60d_gate,volatility_flag,research_universe_eligible,liquidity_bucket,gate_failures,primary_class,secondary_class,index_membership_current_snapshot,conglomerate_group_current_snapshot,classification_confidence,historical_membership_verified,pit_safe_for_backtest,research_priority
AADI,2026-10-07,0,437,95706005000.0,93781228750.0,0.3794793633947909,True,True,True,True,False,True,LIQUID_CORE,,BLUE_CHIP,BLUE_CHIP,LQ45,,MEDIUM,False,False,CORE
AALI,2026-10-07,0,717,18380780000.0,10724098750.0,0.35594610207937194,True,True,True,True,False,True,LIQUID_CORE,,CONGLOMERATE,CONGLOMERATE,,ASTRA,MEDIUM,False,False,GROUP_RESEARCH
ABBA,2026-10-06,1,717,0.0,0.0,0.0,True,True,False,False,False,False,RESEARCH_ONLY,median_value_20d<1bn;median_value_60d<1bn,UNCLASSIFIED,,,,LOW,False,False,EXCLUDED
ABDA,2026-10-07,0,716,12568000.0,7449000.0,0.14266059105140125,True,True,False,False,False,False,RESEARCH_ONLY,median_value_20d<1bn;median_value_60d<1bn,UNCLASSIFIED,,,,LOW,False,False,EXCLUDED
ABMM,2026-10-07,0,716,1230769500.0,1160160000.0,0.2922995714579328,True,True,True,True,False,True,LIQUID_CORE,,UNCLASSIFIED,,,,LOW,False,False,LIQUID_CORE
ACES,2026-10-07,0,716,5740022900.0,5437013100.0,0.19246075191765097,True,True,True,True,False,True,LIQUID_CORE,,UNCLASSIFIED,,,,LOW,False,False,LIQUID_CORE
ACRO,2026-10-07,0,651,425722450.0,364747600.0,0.6727522064102032,True,True,False,False,False,False,RESEARCH_ONLY,median_value_20d<1bn;median_value_60d<1bn,UNCLASSIFIED,,,,LOW,False,False,EXCLUDED
ACST,2026-10-05,2,3264,145437750.0,30893400.0,1.1107943364767234,True,True,False,False,False,False,RESEARCH_ONLY,median_value_20d<1bn;median_value_60d<1bn,UNCLASSIFIED,,,,LOW,False,False,EXCLUDED
ADCP,2026-10-06,1,718,0.0,0.0,0.0,True,True,False,False,False,False,RESEARCH_ONLY,median_value_20d<1bn;median_value_60d<1bn,UNCLASSIFIED,,,,LOW,False,False,EXCLUDED
ADES,2026-10-05,2,4121,373005000.0,553377500.0,0.4811525429651837,True,True,False,False,False,False,RESEARCH_ONLY,median_value_20d<1bn;median_value_60d<1bn,UNCLASSIFIED,,,,LOW,False,False,EXCLUDED
ADHI,2026-10-05,2,4122,0.0,0.0,0.0,True,True,False,False,False,False,RESEARCH_ONLY,median_value_20d<1bn;median_value_60d<1bn,BUMN_AFFILIATED,BUMN_AFFILIATED,,,MEDIUM,False,False,EXCLUDED
ADMF,2026-10-07,0,717,348162500.0,353362500.0,0.2125913841933352,True,True,False,False,False,False,RESEARCH_ONLY,median_value_20d<1bn;median_value_60d<1bn,UNCLASSIFIED,,,,LOW,False,False,EXCLUDED
ADMG,2026-10-07,0,717,141411800.0,181669000.0,0.29103163531557563,True,True,False,False,False,False,RESEARCH_ONLY,median_value_20d<1bn;median_value_60d<1bn,UNCLASSIFIED,,,,LOW,False,False,EXCLUDED
ADMR,2026-10-07,0,716,35408200000.0,42071375500.0,0.3456267840468023,True,True,True,True,False,True,LIQUID_CORE,,BLUE_CHIP,BLUE_CHIP,LQ45,,MEDIUM,False,False,CORE
ADRO,2026-10-05,2,4119,86547615000.0,82870735500.0,0.30310073091372014,True,True,True,True,False,True,LIQUID_CORE,,BLUE_CHIP,BLUE_CHIP,LQ45,,MEDIUM,False,False,CORE
AGAR,2026-10-07,0,718,3214836000.0,233568500.0,2.289380378483142,True,True,True,False,False,False,RESEARCH_ONLY,median_value_60d<1bn,UNCLASSIFIED,,,,LOW,False,False,EXCLUDED
AGII,2026-10-07,0,716,745560500.0,482318000.0,0.5644260361052621,True,True,False,False,False,False,RESEARCH_ONLY,median_value_20d<1bn;median_value_60d<1bn,UNCLASSIFIED,,,,LOW,False,False,EXCLUDED
AGRO,2026-10-05,2,4120,666647300.0,649124250.0,0.19707353416735984,True,True,False,False,False,False,RESEARCH_ONLY,median_value_20d<1bn;median_value_60d<1bn,UNCLASSIFIED,,,,LOW,False,False,EXCLUDED
AGRS,2026-10-07,0,716,243763350.0,256374600.0,0.45228728199642326,True,True,False,False,False,False,RESEARCH_ONLY,median_value_20d<1bn;median_value_60d<1bn,UNCLASSIFIED,,,,LOW,False,False,EXCLUDED
AHAP,2026-10-07,0,717,4731254850.0,2183759300.0,1.6142011725047964,True,True,True,True,False,True,LIQUID_HIGH_VOL,,UNCLASSIFIED,,,,LOW,False,False,BROAD_RESEARCH
AIMS,2026-10-07,0,717,388001100.0,179317800.0,1.4056817079617678,True,True,False,False,False,False,RESEARCH_ONLY,median_value_20d<1bn;median_value_60d<1bn,UNCLASSIFIED,,,,LOW,False,False,EXCLUDED
AISA,2026-10-07,0,716,655776100.0,617100600.0,0.5482344330374681,True,True,False,False,False,False,RESEARCH_ONLY,median_value_20d<1bn;median_value_60d<1bn,UNCLASSIFIED,,,,LOW,False,False,EXCLUDED
AKKU,2026-10-07,0,721,49642800.0,0.0,2.180296013482339,True,True,False,False,False,False,RESEARCH_ONLY,median_value_20d<1bn;median_value_60d<1bn,UNCLASSIFIED,,,,LOW,False,False,EXCLUDED
AKPI,2026-10-07,0,717,171430500.0,115910250.0,0.2998976348497278,True,True,False,False,False,False,RESEARCH_ONLY,median_value_20d<1bn;median_value_60d<1bn,UNCLASSIFIED,,,,LOW,False,False,EXCLUDED
AKRA,2026-10-07,0,716,20689725000.0,20772294500.0,0.2051896915264219,True,True,True,True,False,True,LIQUID_CORE,,BLUE_CHIP,BLUE_CHIP,LQ45,,MEDIUM,False,False,CORE
AKSI,2026-10-07,0,717,589501000.0,169706000.0,1.0709691216344885,True,True,False,False,False,False,RESEARCH_ONLY,median_value_20d<1bn;median_value_60d<1bn,UNCLASSIFIED,,,,LOW,False,False,EXCLUDED
ALDO,2026-10-07,0,716,109292500.0,79713000.0,0.9665548540277508,True,True,False,False,False,False,RESEARCH_ONLY,median_value_20d<1bn;median_value_60d<1bn,UNCLASSIFIED,,,,LOW,False,False,EXCLUDED
ALKA,2026-10-07,0,718,207475000.0,261904500.0,1.8778621589562015,True,True,False,False,False,False,RESEARCH_ONLY,median_value_20d<1bn;median_value_60d<1bn,UNCLASSIFIED,,,,LOW,False,False,EXCLUDED
ALMI,2026-10-06,1,720,0.0,0.0,0.0,True,True,False,False,False,False,RESEARCH_ONLY,median_value_20d<1bn;median_value_60d<1bn,UNCLASSIFIED,,,,LOW,False,False,EXCLUDED
ALTO,2026-10-05,2,3501,0.0,0.0,0.0,True,True,False,False,False,False,RESEARCH_ONLY,median_value_20d<1bn;median_value_60d<1bn,UNCLASSIFIED,,,,LOW,False,False,EXCLUDED
AMAG,2026-10-07,0,716,11756400.0,18050300.0,0.07772406748719021,True,True,False,False,False,False,RESEARCH_ONLY,median_value_20d<1bn;median_value_60d<1bn,UNCLASSIFIED,,,,LOW,False,False,EXCLUDED
AMAN,2026-10-07,0,716,50372500.0,64659800.0,0.6117591444378125,True,True,False,False,False,False,RESEARCH_ONLY,median_value_20d<1bn;median_value_60d<1bn,UNCLASSIFIED,,,,LOW,False,False,EXCLUDED
AMAR,2026-10-07,0,716,84850500.0,85702500.0,0.21122219534875344,True,True,False,False,False,False,RESEARCH_ONLY,median_value_20d<1bn;median_value_60d<1bn,UNCLASSIFIED,,,,LOW,False,False,EXCLUDED
AMFG,2026-10-07,0,717,20949000.0,20949000.0,0.2512219891715124,True,True,False,False,False,False,RESEARCH_ONLY,median_value_20d<1bn;median_value_60d<1bn,UNCLASSIFIED,,,,LOW,False,False,EXCLUDED
AMIN,2026-10-07,0,716,38966000.0,13406700.0,0.36228789119513494,True,True,False,False,False,False,RESEARCH_ONLY,median_value_20d<1bn;median_value_60d<1bn,UNCLASSIFIED,,,,LOW,False,False,EXCLUDED
AMMN,2026-10-07,0,716,374095279000.0,317387256000.0,0.4907828899302006,True,True,True,True,False,True,LIQUID_GROWTH_MOMENTUM,,BLUE_CHIP,BLUE_CHIP,LQ45,,MEDIUM,False,False,CORE
AMMS,2026-10-07,0,716,48795000.0,84327000.0,0.505316650774486,True,True,False,False,False,False,RESEARCH_ONLY,median_value_20d<1bn;median_value_60d<1bn,UNCLASSIFIED,,,,LOW,False,False,EXCLUDED
AMOR,2026-10-07,0,716,39647300.0,32117400.0,0.1746086677388684,True,True,False,False,False,False,RESEARCH_ONLY,median_value_20d<1bn;median_value_60d<1bn,UNCLASSIFIED,,,,LOW,False,False,EXCLUDED
AMRT,2026-10-07,0,716,38447628250.0,45994511000.0,0.26213188983613644,True,True,True,True,False,True,LIQUID_CORE,,BLUE_CHIP,BLUE_CHIP,LQ45,,MEDIUM,False,False,CORE
ANDI,2026-10-07,0,716,322995200.0,90891200.0,1.6515062012830144,True,True,False,False,False,False,RESEARCH_ONLY,median_value_20d<1bn;median_value_60d<1bn,UNCLASSIFIED,,,,LOW,False,False,EXCLUDED
ANJT,2026-10-07,0,716,75941750.0,97324750.0,0.22902370711317918,True,True,False,False,False,False,RESEARCH_ONLY,median_value_20d<1bn;median_value_60d<1bn,UNCLASSIFIED,,,,LOW,False,False,EXCLUDED
ANTM,2026-10-05,2,4121,280892842000.0,282179728500.0,0.3634246027812291,True,True,True,True,False,True,LIQUID_CORE,,BLUE_CHIP,BUMN_AFFILIATED,LQ45,,MEDIUM,False,False,CORE
APEX,2026-10-07,0,717,1985055000.0,2093907950.0,0.4159699659014366,True,True,True,True,False,True,LIQUID_CORE,,UNCLASSIFIED,,,,LOW,False,False,LIQUID_CORE
APIC,2026-10-07,0,716,529260000.0,484894750.0,0.6052033195947861,True,True,False,False,False,False,RESEARCH_ONLY,median_value_20d<1bn;median_value_60d<1bn,UNCLASSIFIED,,,,LOW,False,False,EXCLUDED
APII,2026-10-07,0,716,97943600.0,23288950.0,0.44794883955785786,True,True,False,False,False,False,RESEARCH_ONLY,median_value_20d<1bn;median_value_60d<1bn,UNCLASSIFIED,,,,LOW,False,False,EXCLUDED
APLI,2026-10-07,0,717,56194800.0,48537000.0,0.4283537641791018,True,True,False,False,False,False,RESEARCH_ONLY,median_value_20d<1bn;median_value_60d<1bn,UNCLASSIFIED,,,,LOW,False,False,EXCLUDED
APLN,2026-10-07,0,716,2020047200.0,3755751950.0,0.4387744788933347,True,True,True,True,False,True,LIQUID_CORE,,UNCLASSIFIED,,,,LOW,False,False,LIQUID_CORE
ARCI,2026-10-07,0,716,28323097500.0,41830135250.0,0.3573354581387778,True,True,True,True,False,True,LIQUID_CORE,,UNCLASSIFIED,,,,LOW,False,False,LIQUID_CORE
AREA,2026-10-07,0,600,628189200.0,426753600.0,0.4044056847985918,True,True,False,False,False,False,RESEARCH_ONLY,median_value_20d<1bn;median_value_60d<1bn,UNCLASSIFIED,,,,LOW,False,False,EXCLUDED
ARGO,2026-10-07,0,716,212252500.0,228521250.0,0.5805147703684775,True,True,False,False,False,False,RESEARCH_ONLY,median_value_20d<1bn;median_value_60d<1bn,UNCLASSIFIED,,,,LOW,False,False,EXCLUDED
ARII,2026-10-07,0,716,83505900.0,45550500.0,0.6970415721996958,True,True,False,False,False,False,RESEARCH_ONLY,median_value_20d<1bn;median_value_60d<1bn,UNCLASSIFIED,,,,LOW,False,False,EXCLUDED
ARKA,2026-10-06,1,717,0.0,0.0,0.0,True,True,False,False,False,False,RESEARCH_ONLY,median_value_20d<1bn;median_value_60d<1bn,UNCLASSIFIED,,,,LOW,False,False,EXCLUDED
ARKO,2026-10-07,0,716,15648341000.0,15201082000.0,0.8161522033998738,True,True,True,True,False,True,LIQUID_HIGH_VOL,,UNCLASSIFIED,,,,LOW,False,False,BROAD_RESEARCH
ARNA,2026-10-07,0,717,1531992500.0,1591527900.0,0.2545120117162682,True,True,True,True,False,True,LIQUID_CORE,,UNCLASSIFIED,,,,LOW,False,False,LIQUID_CORE
ARTA,2026-10-07,0,717,5909500.0,8873000.0,0.6459378813067496,True,True,False,False,False,False,RESEARCH_ONLY,median_value_20d<1bn;median_value_60d<1bn,UNCLASSIFIED,,,,LOW,False,False,EXCLUDED
ARTI,2026-10-06,1,720,0.0,0.0,0.0,True,True,False,False,False,False,RESEARCH_ONLY,median_value_20d<1bn;median_value_60d<1bn,UNCLASSIFIED,,,,LOW,False,False,EXCLUDED
ARTO,2026-10-07,0,716,11075137000.0,12842783500.0,0.4056459846681942,True,True,True,True,False,True,LIQUID_CORE,,UNCLASSIFIED,,,,LOW,False,False,LIQUID_CORE
ASBI,2026-10-07,0,717,3422800.0,3014400.0,0.1602576534476578,True,True,False,False,False,False,RESEARCH_ONLY,median_value_20d<1bn;median_value_60d<1bn,UNCLASSIFIED,,,,LOW,False,False,EXCLUDED
ASDM,2026-10-07,0,717,2408000.0,6587500.0,0.12350463770050768,True,True,False,False,False,False,RESEARCH_ONLY,median_value_20d<1bn;median_value_60d<1bn,UNCLASSIFIED,,,,LOW,False,False,EXCLUDED
ASGR,2026-10-07,0,717,2343223500.0,2255973500.0,0.5752337596948357,True,True,True,True,False,True,LIQUID_GROWTH_MOMENTUM,,UNCLASSIFIED,,,,LOW,False,False,BROAD_RESEARCH
ASHA,2026-10-07,0,716,1091119800.0,1206052000.0,0.7063445648145824,True,True,True,True,False,True,LIQUID_GROWTH_MOMENTUM,,UNCLASSIFIED,,,,LOW,False,False,BROAD_RESEARCH
ASII,2026-10-05,2,4120,174270419000.0,212157097500.0,0.2293931730090075,True,True,True,True,False,True,LIQUID_CORE,,BLUE_CHIP,CONGLOMERATE,LQ45,ASTRA,MEDIUM,False,False,CORE
ASJT,2026-10-07,0,716,31312000.0,35526600.0,0.12130779568474423,True,True,False,False,False,False,RESEARCH_ONLY,median_value_20d<1bn;median_value_60d<1bn,UNCLASSIFIED,,,,LOW,False,False,EXCLUDED
ASLC,2026-10-07,0,716,454702450.0,542957500.0,0.6028638824425415,True,True,False,False,False,False,RESEARCH_ONLY,median_value_20d<1bn;median_value_60d<1bn,UNCLASSIFIED,,,,LOW,False,False,EXCLUDED
ASLI,2026-10-07,0,655,32785299900.0,2850006600.0,0.9765152615092024,True,True,True,True,False,True,LIQUID_HIGH_VOL,,UNCLASSIFIED,,,,LOW,False,False,BROAD_RESEARCH
ASMI,2026-10-07,0,716,491869450.0,276780900.0,1.805527083740667,True,True,False,False,False,False,RESEARCH_ONLY,median_value_20d<1bn;median_value_60d<1bn,UNCLASSIFIED,,,,LOW,False,False,EXCLUDED
ASPI,2026-10-06,1,715,1394646000.0,487383500.0,1.513479455676789,True,True,True,False,False,False,RESEARCH_ONLY,median_value_60d<1bn,UNCLASSIFIED,,,,LOW,False,False,EXCLUDED
ASPR,2026-10-07,0,307,2306167700.0,3673709450.0,0.9781227918458294,True,True,True,True,False,True,LIQUID_HIGH_VOL,,UNCLASSIFIED,,,,LOW,False,False,BROAD_RESEARCH
ASRI,2026-10-07,0,716,710725750.0,952157800.0,0.3728447716710196,True,True,False,False,False,False,RESEARCH_ONLY,median_value_20d<1bn;median_value_60d<1bn,UNCLASSIFIED,,,,LOW,False,False,EXCLUDED
ASRM,2026-10-07,0,717,6984100.0,4945800.0,0.22019616509675427,True,True,False,False,False,False,RESEARCH_ONLY,median_value_20d<1bn;median_value_60d<1bn,UNCLASSIFIED,,,,LOW,False,False,EXCLUDED
ASSA,2026-10-07,0,716,4465216000.0,4199556250.0,0.289606311689475,True,True,True,True,False,True,LIQUID_CORE,,UNCLASSIFIED,,,,LOW,False,False,LIQUID_CORE
ATAP,2026-10-07,0,716,428910000.0,618844500.0,0.4048428474108423,True,True,False,False,False,False,RESEARCH_ONLY,median_value_20d<1bn;median_value_60d<1bn,UNCLASSIFIED,,,,LOW,False,False,EXCLUDED
ATIC,2026-10-07,0,716,31633800.0,41454100.0,0.1826929298925394,True,True,False,False,False,False,RESEARCH_ONLY,median_value_20d<1bn;median_value_60d<1bn,UNCLASSIFIED,,,,LOW,False,False,EXCLUDED
ATLA,2026-10-07,0,595,15995000.0,49410000.0,0.7997847279127465,True,True,False,False,False,False,RESEARCH_ONLY,median_value_20d<1bn;median_value_60d<1bn,UNCLASSIFIED,,,,LOW,False,False,EXCLUDED
AUTO,2026-10-07,0,717,8964456000.0,8703024500.0,0.20683259756830272,True,True,True,True,False,True,LIQUID_CORE,,UNCLASSIFIED,,,,LOW,False,False,LIQUID_CORE
AVIA,2026-10-07,0,716,3322546400.0,3689915100.0,0.29774926912710603,True,True,True,True,False,True,LIQUID_CORE,,UNCLASSIFIED,,,,LOW,False,False,LIQUID_CORE
AWAN,2026-10-07,0,716,25295300.0,111006700.0,0.29415331608854545,True,True,False,False,False,False,RESEARCH_ONLY,median_value_20d<1bn;median_value_60d<1bn,UNCLASSIFIED,,,,LOW,False,False,EXCLUDED
AXIO,2026-10-07,0,716,66758150.0,67308400.0,0.3842607777390113,True,True,False,False,False,False,RESEARCH_ONLY,median_value_20d<1bn;median_value_60d<1bn,UNCLASSIFIED,,,,LOW,False,False,EXCLUDED
AYLS,2026-10-07,0,716,2089425000.0,348118200.0,1.5141172931516163,True,True,True,False,False,False,RESEARCH_ONLY,median_value_60d<1bn,UNCLASSIFIED,,,,LOW,False,False,EXCLUDED
BABP,2026-10-07,0,717,18552500.0,13670000.0,0.9044054264318745,True,True,False,False,False,False,RESEARCH_ONLY,median_value_20d<1bn;median_value_60d<1bn,UNCLASSIFIED,,,,LOW,False,False,EXCLUDED
BABY,2026-10-07,0,716,209265400.0,349550600.0,0.361980945662384,True,True,False,False,False,False,RESEARCH_ONLY,median_value_20d<1bn;median_value_60d<1bn,UNCLASSIFIED,,,,LOW,False,False,EXCLUDED
BACA,2026-10-07,0,716,107690100.0,183958750.0,0.18624404269885636,True,True,False,False,False,False,RESEARCH_ONLY,median_value_20d<1bn;median_value_60d<1bn,UNCLASSIFIED,,,,LOW,False,False,EXCLUDED
BAIK,2026-10-07,0,632,2684124200.0,6354717100.0,0.6298967122966613,True,True,True,True,False,True,LIQUID_GROWTH_MOMENTUM,,UNCLASSIFIED,,,,LOW,False,False,BROAD_RESEARCH
BAJA,2026-10-07,0,717,2836272900.0,1981063700.0,1.5357191809158708,True,True,True,True,False,True,LIQUID_HIGH_VOL,,UNCLASSIFIED,,,,LOW,False,False,BROAD_RESEARCH
BALI,2026-10-05,2,3081,11520750.0,8295500.0,1.031575770596171,True,True,False,False,False,False,RESEARCH_ONLY,median_value_20d<1bn;median_value_60d<1bn,UNCLASSIFIED,,,,LOW,False,False,EXCLUDED
BANK,2026-10-07,0,716,576907500.0,737603500.0,0.25145385068050385,True,True,False,False,False,False,RESEARCH_ONLY,median_value_20d<1bn;median_value_60d<1bn,UNCLASSIFIED,,,,LOW,False,False,EXCLUDED
BAPA,2026-10-07,0,719,864047350.0,1745816750.0,0.6880611594464755,True,True,False,True,False,False,RESEARCH_ONLY,median_value_20d<1bn,UNCLASSIFIED,,,,LOW,False,False,EXCLUDED
BAPI,2026-10-07,0,716,679914500.0,360861700.0,1.1779711067232295,True,True,False,False,False,False,RESEARCH_ONLY,median_value_20d<1bn;median_value_60d<1bn,UNCLASSIFIED,,,,LOW,False,False,EXCLUDED
BATA,2026-10-06,1,717,0.0,0.0,0.0,True,True,False,False,False,False,RESEARCH_ONLY,median_value_20d<1bn;median_value_60d<1bn,UNCLASSIFIED,,,,LOW,False,False,EXCLUDED
BATR,2026-10-07,0,561,153942900.0,82380400.0,0.33941853826137236,True,True,False,False,False,False,RESEARCH_ONLY,median_value_20d<1bn;median_value_60d<1bn,UNCLASSIFIED,,,,LOW,False,False,EXCLUDED
BAUT,2026-10-07,0,716,184530150.0,138449000.0,0.7186989434204646,True,True,False,False,False,False,RESEARCH_ONLY,median_value_20d<1bn;median_value_60d<1bn,UNCLASSIFIED,,,,LOW,False,False,EXCLUDED
BAYU,2026-10-07,0,717,55844000.0,78469000.0,0.16281491186313057,True,True,False,False,False,False,RESEARCH_ONLY,median_value_20d<1bn;median_value_60d<1bn,UNCLASSIFIED,,,,LOW,False,False,EXCLUDED
BBCA,2026-10-05,2,4120,703069605000.0,716082250799.5117,0.21511185051739934,True,True,True,True,False,True,LIQUID_CORE,,BLUE_CHIP,CONGLOMERATE,LQ45,DJARUM_HARTONO,MEDIUM,False,False,CORE
BBHI,2026-10-07,0,716,677521250.0,667685000.0,0.39457414674284313,True,True,False,False,False,False,RESEARCH_ONLY,median_value_20d<1bn;median_value_60d<1bn,UNCLASSIFIED,,,,LOW,False,False,EXCLUDED
BBKP,2026-10-07,0,717,3575576100.0,3524341850.0,0.6761721730635419,True,True,True,True,False,True,LIQUID_GROWTH_MOMENTUM,,UNCLASSIFIED,,,,LOW,False,False,BROAD_RESEARCH
BBLD,2026-10-07,0,716,5871000.0,38634250.0,0.1525035646990732,True,True,False,False,False,False,RESEARCH_ONLY,median_value_20d<1bn;median_value_60d<1bn,UNCLASSIFIED,,,,LOW,False,False,EXCLUDED
BBMD,2026-10-07,0,717,2238500.0,2720500.0,0.2863629874768823,True,True,False,False,False,False,RESEARCH_ONLY,median_value_20d<1bn;median_value_60d<1bn,UNCLASSIFIED,,,,LOW,False,False,EXCLUDED
BBNI,2026-10-05,2,4121,116669215000.0,128602876000.0,0.21878119033931576,True,True,True,True,False,True,LIQUID_CORE,,BLUE_CHIP,BUMN_AFFILIATED,LQ45,,MEDIUM,False,False,CORE
BBRI,2026-10-05,2,4121,515219232000.0,530590032000.0,0.26501289605580497,True,True,True,True,False,True,LIQUID_CORE,,BLUE_CHIP,BUMN_AFFILIATED,LQ45,,MEDIUM,False,False,CORE
BBRM,2026-10-07,0,716,403292050.0,549872850.0,0.5602983414920585,True,True,False,False,False,False,RESEARCH_ONLY,median_value_20d<1bn;median_value_60d<1bn,UNCLASSIFIED,,,,LOW,False,False,EXCLUDED
BBSI,2026-10-07,0,716,1838000.0,3185000.0,0.3190198717965643,True,True,False,False,False,False,RESEARCH_ONLY,median_value_20d<1bn;median_value_60d<1bn,UNCLASSIFIED,,,,LOW,False,False,EXCLUDED
BBSS,2026-10-07,0,716,4922935200.0,485833600.0,1.3721992374066283,True,True,True,False,False,False,RESEARCH_ONLY,median_value_60d<1bn,UNCLASSIFIED,,,,LOW,False,False,EXCLUDED
BBTN,2026-10-07,0,716,13453334250.0,16371413750.0,0.2562121028245694,True,True,True,True,False,True,LIQUID_CORE,,BLUE_CHIP,BUMN_AFFILIATED,LQ45,,MEDIUM,False,False,CORE
BBYB,2026-10-07,0,716,7645916900.0,7153043600.0,0.3700218424253699,True,True,True,True,False,True,LIQUID_CORE,,UNCLASSIFIED,,,,LOW,False,False,LIQUID_CORE
BCAP,2026-10-07,0,717,9022500.0,11950000.0,0.8538976227433878,True,True,False,False,False,False,RESEARCH_ONLY,median_value_20d<1bn;median_value_60d<1bn,UNCLASSIFIED,,,,LOW,False,False,EXCLUDED
BCIC,2026-10-07,0,716,57323300.0,115872850.0,0.4336292202145353,True,True,False,False,False,False,RESEARCH_ONLY,median_value_20d<1bn;median_value_60d<1bn,UNCLASSIFIED,,,,LOW,False,False,EXCLUDED
BCIP,2026-10-07,0,716,230273750.0,405817650.0,0.4625419187689905,True,True,False,False,False,False,RESEARCH_ONLY,median_value_20d<1bn;median_value_60d<1bn,UNCLASSIFIED,,,,LOW,False,False,EXCLUDED
BDKR,2026-10-07,0,716,2679000350.0,1656236400.0,0.6587785656346451,True,True,True,True,False,True,LIQUID_GROWTH_MOMENTUM,,UNCLASSIFIED,,,,LOW,False,False,BROAD_RESEARCH
BDMN,2026-10-05,2,4121,7158876000.0,7111754000.0,0.281147164487387,True,True,True,True,False,True,LIQUID_CORE,,UNCLASSIFIED,,,,LOW,False,False,LIQUID_CORE
BEBS,2026-10-06,1,720,0.0,0.0,0.0,True,True,False,False,False,False,RESEARCH_ONLY,median_value_20d<1bn;median_value_60d<1bn,UNCLASSIFIED,,,,LOW,False,False,EXCLUDED
BEEF,2026-10-07,0,716,1827529500.0,3007096100.0,0.634724576614276,True,True,True,True,False,True,LIQUID_GROWTH_MOMENTUM,,UNCLASSIFIED,,,,LOW,False,False,BROAD_RESEARCH
BEER,2026-10-07,0,716,607106300.0,596327200.0,0.6604600441984552,True,True,False,False,False,False,RESEARCH_ONLY,median_value_20d<1bn;median_value_60d<1bn,UNCLASSIFIED,,,,LOW,False,False,EXCLUDED
BEKS,2026-10-07,0,716,367713700.0,220623000.0,1.5704739731273734,True,True,False,False,False,False,RESEARCH_ONLY,median_value_20d<1bn;median_value_60d<1bn,UNCLASSIFIED,,,,LOW,False,False,EXCLUDED
BELI,2026-10-07,0,716,332652900.0,256650800.0,0.41595872430460595,True,True,False,False,False,False,RESEARCH_ONLY,median_value_20d<1bn;median_value_60d<1bn,CONGLOMERATE,CONGLOMERATE,,DJARUM_HARTONO,MEDIUM,False,False,EXCLUDED
BELL,2026-10-07,0,716,1216724000.0,1963919450.0,0.61350540151785,True,True,True,True,False,True,LIQUID_GROWTH_MOMENTUM,,UNCLASSIFIED,,,,LOW,False,False,BROAD_RESEARCH
BESS,2026-10-07,0,716,43352000.0,34589000.0,0.7606743684524284,True,True,False,False,False,False,RESEARCH_ONLY,median_value_20d<1bn;median_value_60d<1bn,UNCLASSIFIED,,,,LOW,False,False,EXCLUDED
BEST,2026-10-07,0,716,2908620900.0,2318105150.0,0.5565476154985769,True,True,True,True,False,True,LIQUID_GROWTH_MOMENTUM,,UNCLASSIFIED,,,,LOW,False,False,BROAD_RESEARCH
BFIN,2026-10-07,0,717,15605338750.0,17689488750.0,0.2341776687842337,True,True,True,True,False,True,LIQUID_CORE,,UNCLASSIFIED,,,,LOW,False,False,LIQUID_CORE
BGTG,2026-10-07,0,716,513310600.0,487334350.0,0.32302646113428246,True,True,False,False,False,False,RESEARCH_ONLY,median_value_20d<1bn;median_value_60d<1bn,UNCLASSIFIED,,,,LOW,False,False,EXCLUDED
BHAT,2026-10-06,1,717,0.0,0.0,0.0,True,True,False,False,False,False,RESEARCH_ONLY,median_value_20d<1bn;median_value_60d<1bn,UNCLASSIFIED,,,,LOW,False,False,EXCLUDED
BHIT,2026-10-07,0,717,512670900.0,243832500.0,0.6934677018508858,True,True,False,False,False,False,RESEARCH_ONLY,median_value_20d<1bn;median_value_60d<1bn,UNCLASSIFIED,,,,LOW,False,False,EXCLUDED
BIKA,2026-10-06,1,720,0.0,0.0,0.0,True,True,False,False,False,False,RESEARCH_ONLY,median_value_20d<1bn;median_value_60d<1bn,UNCLASSIFIED,,,,LOW,False,False,EXCLUDED
BIKE,2026-10-06,1,719,276215000.0,0.0,1.1833605444641104,True,True,False,False,False,False,RESEARCH_ONLY,median_value_20d<1bn;median_value_60d<1bn,UNCLASSIFIED,,,,LOW,False,False,EXCLUDED
BIMA,2026-10-06,1,720,0.0,0.0,0.0,True,True,False,False,False,False,RESEARCH_ONLY,median_value_20d<1bn;median_value_60d<1bn,UNCLASSIFIED,,,,LOW,False,False,EXCLUDED
BINA,2026-10-07,0,716,1474345500.0,982155500.0,0.3149107835786202,True,True,True,False,False,False,RESEARCH_ONLY,median_value_60d<1bn,UNCLASSIFIED,,,,LOW,False,False,EXCLUDED
BINO,2026-10-07,0,716,54956900.0,65495500.0,0.3011402186682969,True,True,False,False,False,False,RESEARCH_ONLY,median_value_20d<1bn;median_value_60d<1bn,UNCLASSIFIED,,,,LOW,False,False,EXCLUDED
BIPI,2026-10-07,0,716,49339569300.0,70984617000.0,0.5136562365919827,True,True,True,True,False,True,LIQUID_GROWTH_MOMENTUM,,UNCLASSIFIED,,,,LOW,False,False,BROAD_RESEARCH
BIPP,2026-10-07,0,717,2405859200.0,1023861250.0,1.6964514539753064,True,True,True,True,False,True,LIQUID_HIGH_VOL,,UNCLASSIFIED,,,,LOW,False,False,BROAD_RESEARCH
BIRD,2026-10-07,0,716,1010937500.0,1055485500.0,0.09844247418168231,True,True,True,True,False,True,LIQUID_CORE,,UNCLASSIFIED,,,,LOW,False,False,LIQUID_CORE
BISI,2026-10-07,0,716,188637500.0,193470000.0,0.28473397212810136,True,True,False,False,False,False,RESEARCH_ONLY,median_value_20d<1bn;median_value_60d<1bn,UNCLASSIFIED,,,,LOW,False,False,EXCLUDED
BJBR,2026-10-05,2,3992,2729563500.0,1611510750.0,0.20839577354982872,True,True,True,True,False,True,LIQUID_CORE,,UNCLASSIFIED,,,,LOW,False,False,LIQUID_CORE
BJTM,2026-10-05,2,3494,2661138000.0,2715464000.0,0.10645588239367583,True,True,True,True,False,True,LIQUID_CORE,,UNCLASSIFIED,,,,LOW,False,False,LIQUID_CORE
BKDP,2026-10-07,0,720,2807284500.0,679023550.0,0.8906497149569185,True,True,True,False,False,False,RESEARCH_ONLY,median_value_60d<1bn,UNCLASSIFIED,,,,LOW,False,False,EXCLUDED
BKSL,2026-10-05,2,4121,7783949000.0,10278357100.0,0.628111278191504,True,True,True,True,False,True,LIQUID_GROWTH_MOMENTUM,,UNCLASSIFIED,,,,LOW,False,False,BROAD_RESEARCH
BKSW,2026-10-07,0,717,96128100.0,99149000.0,0.4536126484895292,True,True,False,False,False,False,RESEARCH_ONLY,median_value_20d<1bn;median_value_60d<1bn,UNCLASSIFIED,,,,LOW,False,False,EXCLUDED
BLES,2026-10-07,0,543,2146852000.0,2124087000.0,0.3316804007234576,True,True,True,True,False,True,LIQUID_CORE,,UNCLASSIFIED,,,,LOW,False,False,LIQUID_CORE
BLOG,2026-10-07,0,305,82854400.0,118324400.0,0.2546844637982662,True,True,False,False,False,False,RESEARCH_ONLY,median_value_20d<1bn;median_value_60d<1bn,UNCLASSIFIED,,,,LOW,False,False,EXCLUDED
BLTA,2026-10-07,0,717,195324800.0,124795450.0,1.4127530543241498,True,True,False,False,False,False,RESEARCH_ONLY,median_value_20d<1bn;median_value_60d<1bn,UNCLASSIFIED,,,,LOW,False,False,EXCLUDED
BLTZ,2026-10-07,0,718,0.0,0.0,1.7116052700284845,True,True,False,False,False,False,RESEARCH_ONLY,median_value_20d<1bn;median_value_60d<1bn,UNCLASSIFIED,,,,LOW,False,False,EXCLUDED
BLUE,2026-10-07,0,716,848016000.0,700061000.0,0.41000652212912975,True,True,False,False,False,False,RESEARCH_ONLY,median_value_20d<1bn;median_value_60d<1bn,UNCLASSIFIED,,,,LOW,False,False,EXCLUDED
BMAS,2026-10-07,0,716,90213050.0,59057250.0,0.23968327878444878,True,True,False,False,False,False,RESEARCH_ONLY,median_value_20d<1bn;median_value_60d<1bn,UNCLASSIFIED,,,,LOW,False,False,EXCLUDED
BMBL,2026-10-07,0,716,436619800.0,234064250.0,0.5790053272794347,True,True,False,False,False,False,RESEARCH_ONLY,median_value_20d<1bn;median_value_60d<1bn,UNCLASSIFIED,,,,LOW,False,False,EXCLUDED
BMHS,2026-10-07,0,716,143061500.0,146456600.0,0.0927678081797407,True,True,False,False,False,False,RESEARCH_ONLY,median_value_20d<1bn;median_value_60d<1bn,UNCLASSIFIED,,,,LOW,False,False,EXCLUDED
BMRI,2026-10-05,2,4121,527641020501.83105,511221945817.8711,0.21636666286194994,True,True,True,True,False,True,LIQUID_CORE,,BLUE_CHIP,BUMN_AFFILIATED,LQ45,,MEDIUM,False,False,CORE
BMSR,2026-10-07,0,717,97515100.0,20104000.0,1.1291644870353992,True,True,False,False,False,False,RESEARCH_ONLY,median_value_20d<1bn;median_value_60d<1bn,UNCLASSIFIED,,,,LOW,False,False,EXCLUDED
BMTR,2026-10-07,0,717,7136177300.0,6401324350.0,0.8758473236933778,True,True,True,True,False,True,LIQUID_HIGH_VOL,,UNCLASSIFIED,,,,LOW,False,False,BROAD_RESEARCH
BNBA,2026-10-07,0,716,226961000.0,171124500.0,0.5952582537211285,True,True,False,False,False,False,RESEARCH_ONLY,median_value_20d<1bn;median_value_60d<1bn,UNCLASSIFIED,,,,LOW,False,False,EXCLUDED
BNBR,2026-10-07,0,720,62787532050.0,98021402500.0,0.43224737664429186,True,True,True,True,False,True,LIQUID_CORE,,CONGLOMERATE,CONGLOMERATE,,BAKRIE,MEDIUM,False,False,GROUP_RESEARCH
BNGA,2026-10-05,2,4120,4390733750.0,3746098750.0,0.16811160002228126,True,True,True,True,False,True,LIQUID_CORE,,UNCLASSIFIED,,,,LOW,False,False,LIQUID_CORE
BNII,2026-10-05,2,4120,297341350.0,169994400.0,0.11805875698116823,True,True,False,False,False,False,RESEARCH_ONLY,median_value_20d<1bn;median_value_60d<1bn,UNCLASSIFIED,,,,LOW,False,False,EXCLUDED
BNLI,2026-10-05,2,4121,91812500.0,110211500.0,0.24496118421219956,True,True,False,False,False,False,RESEARCH_ONLY,median_value_20d<1bn;median_value_60d<1bn,UNCLASSIFIED,,,,LOW,False,False,EXCLUDED
BOAT,2026-10-07,0,453,228002250.0,427275100.0,0.4341866543467345,True,True,False,False,False,False,RESEARCH_ONLY,median_value_20d<1bn;median_value_60d<1bn,UNCLASSIFIED,,,,LOW,False,False,EXCLUDED
BOBA,2026-10-07,0,716,55569900.0,142683800.0,0.24924626299650585,True,True,False,False,False,False,RESEARCH_ONLY,median_value_20d<1bn;median_value_60d<1bn,UNCLASSIFIED,,,,LOW,False,False,EXCLUDED
BOGA,2026-10-07,0,717,4004000.0,16461250.0,0.3235481128172775,True,True,False,False,False,False,RESEARCH_ONLY,median_value_20d<1bn;median_value_60d<1bn,UNCLASSIFIED,,,,LOW,False,False,EXCLUDED
BOLA,2026-10-07,0,716,177298850.0,122749800.0,0.46618200839636265,True,True,False,False,False,False,RESEARCH_ONLY,median_value_20d<1bn;median_value_60d<1bn,UNCLASSIFIED,,,,LOW,False,False,EXCLUDED
BOLT,2026-10-05,2,2758,10206000.0,7423250.0,0.3227318797460441,True,True,False,False,False,False,RESEARCH_ONLY,median_value_20d<1bn;median_value_60d<1bn,UNCLASSIFIED,,,,LOW,False,False,EXCLUDED
BOSS,2026-10-06,1,720,0.0,0.0,0.0,True,True,False,False,False,False,RESEARCH_ONLY,median_value_20d<1bn;median_value_60d<1bn,UNCLASSIFIED,,,,LOW,False,False,EXCLUDED
BPFI,2026-10-07,0,716,11393200.0,12536800.0,0.17685321406725504,True,True,False,False,False,False,RESEARCH_ONLY,median_value_20d<1bn;median_value_60d<1bn,UNCLASSIFIED,,,,LOW,False,False,EXCLUDED
BPII,2026-10-06,1,715,2628500.0,4123100.0,0.32464331190148055,True,True,False,False,False,False,RESEARCH_ONLY,median_value_20d<1bn;median_value_60d<1bn,UNCLASSIFIED,,,,LOW,False,False,EXCLUDED
BPTR,2026-10-07,0,716,188462550.0,170448500.0,1.4301175294173387,True,True,False,False,False,False,RESEARCH_ONLY,median_value_20d<1bn;median_value_60d<1bn,UNCLASSIFIED,,,,LOW,False,False,EXCLUDED
BRAM,2026-10-06,1,716,2998500.0,2772000.0,0.2196909283718742,True,True,False,False,False,False,RESEARCH_ONLY,median_value_20d<1bn;median_value_60d<1bn,UNCLASSIFIED,,,,LOW,False,False,EXCLUDED
BREN,2026-10-07,0,716,22885950000.0,72713522000.0,0.3554682437899349,True,True,True,True,False,True,LIQUID_CORE,,CONGLOMERATE,CONGLOMERATE,,BARITO,MEDIUM,False,False,GROUP_RESEARCH
BRIS,2026-10-07,0,716,37972113250.0,27950808000.0,0.28731069049146196,True,True,True,True,False,True,LIQUID_CORE,,UNCLASSIFIED,,,,LOW,False,False,LIQUID_CORE
BRMS,2026-10-05,2,3890,148028168750.0,193531028750.0,0.6028015191716964,True,True,True,True,False,True,LIQUID_GROWTH_MOMENTUM,,CONGLOMERATE,CONGLOMERATE,,SALIM,MEDIUM,False,False,GROUP_RESEARCH
BRNA,2026-10-07,0,717,250801500.0,203032250.0,0.41887897709146,True,True,False,False,False,False,RESEARCH_ONLY,median_value_20d<1bn;median_value_60d<1bn,UNCLASSIFIED,,,,LOW,False,False,EXCLUDED
BRPT,2026-10-07,0,717,71234937500.0,153940405000.0,0.3434738701923052,True,True,True,True,False,True,LIQUID_CORE,,BLUE_CHIP,CONGLOMERATE,LQ45,BARITO,MEDIUM,False,False,CORE
BSBK,2026-10-07,0,716,59757500.0,534664600.0,0.6899694161529712,True,True,False,False,False,False,RESEARCH_ONLY,median_value_20d<1bn;median_value_60d<1bn,UNCLASSIFIED,,,,LOW,False,False,EXCLUDED
BSDE,2026-10-05,2,4119,10749554000.0,10471851000.0,0.29995414178111784,True,True,True,True,False,True,LIQUID_CORE,,CONGLOMERATE,CONGLOMERATE,,SINAR_MAS,MEDIUM,False,False,GROUP_RESEARCH
BSIM,2026-10-05,2,3849,116364000.0,34536000.0,0.5524600421418848,True,True,False,False,False,False,RESEARCH_ONLY,median_value_20d<1bn;median_value_60d<1bn,UNCLASSIFIED,,,,LOW,False,False,EXCLUDED
BSML,2026-10-07,0,716,6501084750.0,6621646000.0,0.19607908508228708,True,True,True,True,False,True,LIQUID_CORE,,UNCLASSIFIED,,,,LOW,False,False,LIQUID_CORE
BSSR,2026-10-07,0,716,9286707500.0,3975307702.661133,0.517461900932276,True,True,True,True,False,True,LIQUID_GROWTH_MOMENTUM,,UNCLASSIFIED,,,,LOW,False,False,BROAD_RESEARCH
BSWD,2026-10-06,1,719,0.0,0.0,1.6188623866609138,True,True,False,False,False,False,RESEARCH_ONLY,median_value_20d<1bn;median_value_60d<1bn,UNCLASSIFIED,,,,LOW,False,False,EXCLUDED
BTEK,2026-10-07,0,716,2422986100.0,902300200.0,1.8240741064582395,True,True,True,False,False,False,RESEARCH_ONLY,median_value_60d<1bn,UNCLASSIFIED,,,,LOW,False,False,EXCLUDED
BTON,2026-10-07,0,717,5860400.0,4533600.0,0.3783522108799227,True,True,False,False,False,False,RESEARCH_ONLY,median_value_20d<1bn;median_value_60d<1bn,UNCLASSIFIED,,,,LOW,False,False,EXCLUDED
BTPN,2026-10-05,2,4119,35325000.0,29583000.0,0.20042188567677913,True,True,False,False,False,False,RESEARCH_ONLY,median_value_20d<1bn;median_value_60d<1bn,UNCLASSIFIED,,,,LOW,False,False,EXCLUDED
BTPS,2026-10-07,0,716,3401359000.0,2612878750.0,0.3326939260777126,True,True,True,True,False,True,LIQUID_CORE,,UNCLASSIFIED,,,,LOW,False,False,LIQUID_CORE
BUAH,2026-10-07,0,716,166212000.0,132328000.0,0.10396698988086492,True,True,False,False,False,False,RESEARCH_ONLY,median_value_20d<1bn;median_value_60d<1bn,UNCLASSIFIED,,,,LOW,False,False,EXCLUDED
BUDI,2026-10-05,2,4120,31497300.0,39281000.0,0.17452965467670284,True,True,False,False,False,False,RESEARCH_ONLY,median_value_20d<1bn;median_value_60d<1bn,UNCLASSIFIED,,,,LOW,False,False,EXCLUDED
BUKA,2026-10-05,2,1243,8208608400.0,10081085100.0,0.2667653828523752,True,True,True,True,False,True,LIQUID_CORE,,UNCLASSIFIED,,,,LOW,False,False,LIQUID_CORE
BUKK,2026-10-07,0,717,29176500.0,26232250.0,0.4147904127875389,True,True,False,False,False,False,RESEARCH_ONLY,median_value_20d<1bn;median_value_60d<1bn,UNCLASSIFIED,,,,LOW,False,False,EXCLUDED
BULL,2026-10-07,0,716,117861877300.0,152611326200.0,0.44062642228829146,True,True,True,True,False,True,LIQUID_CORE,,UNCLASSIFIED,,,,LOW,False,False,LIQUID_CORE
BUMI,2026-10-07,0,717,435698118300.0,499921900000.0,0.42174193521793185,True,True,True,True,False,True,LIQUID_CORE,,BLUE_CHIP,CONGLOMERATE,LQ45,BAKRIE,MEDIUM,False,False,CORE
BUVA,2026-10-07,0,716,41565019000.0,61944429750.0,0.7489168355520125,True,True,True,True,False,True,LIQUID_GROWTH_MOMENTUM,,UNCLASSIFIED,,,,LOW,False,False,BROAD_RESEARCH
BVIC,2026-10-07,0,716,137065250.0,150137700.0,0.26222006303993267,True,True,False,False,False,False,RESEARCH_ONLY,median_value_20d<1bn;median_value_60d<1bn,UNCLASSIFIED,,,,LOW,False,False,EXCLUDED
BWPT,2026-10-07,0,716,13740657500.0,13930099900.0,0.5152069338560795,True,True,True,True,False,True,LIQUID_GROWTH_MOMENTUM,,UNCLASSIFIED,,,,LOW,False,False,BROAD_RESEARCH
BYAN,2026-10-07,0,716,25762070000.0,9735722500.0,1.1745761337586298,True,True,True,True,False,True,LIQUID_HIGH_VOL,,UNCLASSIFIED,,,,LOW,False,False,BROAD_RESEARCH
CAKK,2026-10-07,0,716,21367950.0,34264000.0,0.21169381861540124,True,True,False,False,False,False,RESEARCH_ONLY,median_value_20d<1bn;median_value_60d<1bn,UNCLASSIFIED,,,,LOW,False,False,EXCLUDED
CAMP,2026-10-07,0,716,344546600.0,84376750.0,0.8437181218297441,True,True,False,False,False,False,RESEARCH_ONLY,median_value_20d<1bn;median_value_60d<1bn,UNCLASSIFIED,,,,LOW,False,False,EXCLUDED
CANI,2026-10-06,1,717,0.0,0.0,0.0,True,True,False,False,False,False,RESEARCH_ONLY,median_value_20d<1bn;median_value_60d<1bn,UNCLASSIFIED,,,,LOW,False,False,EXCLUDED
CARE,2026-10-07,0,716,201733100.0,94983800.0,0.19795929354181752,True,True,False,False,False,False,RESEARCH_ONLY,median_value_20d<1bn;median_value_60d<1bn,UNCLASSIFIED,,,,LOW,False,False,EXCLUDED
CARS,2026-10-07,0,716,847604850.0,641925450.0,0.4588481787973228,True,True,False,False,False,False,RESEARCH_ONLY,median_value_20d<1bn;median_value_60d<1bn,UNCLASSIFIED,,,,LOW,False,False,EXCLUDED
CASA,2026-10-07,0,716,16530750.0,16943500.0,0.5204137654722605,True,True,False,False,False,False,RESEARCH_ONLY,median_value_20d<1bn;median_value_60d<1bn,UNCLASSIFIED,,,,LOW,False,False,EXCLUDED
CASH,2026-10-07,0,716,277686900.0,361477300.0,0.7899523343292643,True,True,False,False,False,False,RESEARCH_ONLY,median_value_20d<1bn;median_value_60d<1bn,UNCLASSIFIED,,,,LOW,False,False,EXCLUDED
CASS,2026-10-07,0,716,161388750.0,346596750.0,0.24696338630260903,True,True,False,False,False,False,RESEARCH_ONLY,median_value_20d<1bn;median_value_60d<1bn,UNCLASSIFIED,,,,LOW,False,False,EXCLUDED
CBDK,2026-10-07,0,414,6539862000.0,6817431000.0,0.362702250153325,True,True,True,True,False,True,LIQUID_CORE,,UNCLASSIFIED,,,,LOW,False,False,LIQUID_CORE
CBPE,2026-10-07,0,716,29335200.0,73759000.0,0.5870398840337034,True,True,False,False,False,False,RESEARCH_ONLY,median_value_20d<1bn;median_value_60d<1bn,UNCLASSIFIED,,,,LOW,False,False,EXCLUDED
CBRE,2026-10-07,0,716,7893306000.0,7199700750.0,0.49781644129258146,True,True,True,True,False,True,LIQUID_GROWTH_MOMENTUM,,UNCLASSIFIED,,,,LOW,False,False,BROAD_RESEARCH
CBUT,2026-10-07,0,716,86378000.0,86501000.0,0.49256395143319215,True,True,False,False,False,False,RESEARCH_ONLY,median_value_20d<1bn;median_value_60d<1bn,UNCLASSIFIED,,,,LOW,False,False,EXCLUDED
CCSI,2026-10-07,0,716,2979998000.0,176281600.0,1.8632394833067842,True,True,True,False,False,False,RESEARCH_ONLY,median_value_60d<1bn,UNCLASSIFIED,,,,LOW,False,False,EXCLUDED
CDIA,2026-10-07,0,306,22096690262.390137,31786145732.1167,0.38214440628585844,True,True,True,True,False,True,LIQUID_CORE,,CONGLOMERATE,CONGLOMERATE,,BARITO,MEDIUM,False,False,GROUP_RESEARCH
CEKA,2026-10-05,2,4120,32690500.0,44530000.0,0.17427430035877364,True,True,False,False,False,False,RESEARCH_ONLY,median_value_20d<1bn;median_value_60d<1bn,UNCLASSIFIED,,,,LOW,False,False,EXCLUDED
CENT,2026-10-07,0,717,880734750.0,694446200.0,0.6569350669857378,True,True,False,False,False,False,RESEARCH_ONLY,median_value_20d<1bn;median_value_60d<1bn,UNCLASSIFIED,,,,LOW,False,False,EXCLUDED
CFIN,2026-10-07,0,717,630384600.0,589307800.0,0.1817677516237221,True,True,False,False,False,False,RESEARCH_ONLY,median_value_20d<1bn;median_value_60d<1bn,UNCLASSIFIED,,,,LOW,False,False,EXCLUDED
CGAS,2026-10-07,0,654,463566100.0,450875000.0,0.2582423885662112,True,True,False,False,False,False,RESEARCH_ONLY,median_value_20d<1bn;median_value_60d<1bn,UNCLASSIFIED,,,,LOW,False,False,EXCLUDED
CHEK,2026-10-07,0,305,81824300.0,69670200.0,0.2844625777052426,True,True,False,False,False,False,RESEARCH_ONLY,median_value_20d<1bn;median_value_60d<1bn,UNCLASSIFIED,,,,LOW,False,False,EXCLUDED
CHEM,2026-10-07,0,716,675720000.0,614212100.0,0.8495054170684824,True,True,False,False,False,False,RESEARCH_ONLY,median_value_20d<1bn;median_value_60d<1bn,UNCLASSIFIED,,,,LOW,False,False,EXCLUDED
CHIP,2026-10-07,0,716,67793250.0,99077250.0,0.21124059339325676,True,True,False,False,False,False,RESEARCH_ONLY,median_value_20d<1bn;median_value_60d<1bn,UNCLASSIFIED,,,,LOW,False,False,EXCLUDED
CINT,2026-10-07,0,716,183777950.0,64698000.0,0.4458371979373823,True,True,False,False,False,False,RESEARCH_ONLY,median_value_20d<1bn;median_value_60d<1bn,UNCLASSIFIED,,,,LOW,False,False,EXCLUDED
CITA,2026-10-07,0,716,276596500.0,288565500.0,0.16373370352729216,True,True,False,False,False,False,RESEARCH_ONLY,median_value_20d<1bn;median_value_60d<1bn,UNCLASSIFIED,,,,LOW,False,False,EXCLUDED
CITY,2026-10-07,0,716,117902650.0,120503650.0,0.6664484952248981,True,True,False,False,False,False,RESEARCH_ONLY,median_value_20d<1bn;median_value_60d<1bn,UNCLASSIFIED,,,,LOW,False,False,EXCLUDED
CLAY,2026-10-07,0,716,31935000.0,42223500.0,0.18980694963748757,True,True,False,False,False,False,RESEARCH_ONLY,median_value_20d<1bn;median_value_60d<1bn,UNCLASSIFIED,,,,LOW,False,False,EXCLUDED
CLEO,2026-10-05,2,2318,5035472200.0,3847830400.0,0.3029985500409318,True,True,True,True,False,True,LIQUID_CORE,,UNCLASSIFIED,,,,LOW,False,False,LIQUID_CORE
CLPI,2026-10-07,0,717,106543000.0,109745000.0,0.05679342388908743,True,True,False,False,False,False,RESEARCH_ONLY,median_value_20d<1bn;median_value_60d<1bn,UNCLASSIFIED,,,,LOW,False,False,EXCLUDED
CMNP,2026-10-07,0,717,139906750.0,87970750.0,0.35272890256967543,True,True,False,False,False,False,RESEARCH_ONLY,median_value_20d<1bn;median_value_60d<1bn,UNCLASSIFIED,,,,LOW,False,False,EXCLUDED
CMNT,2026-10-07,0,716,10647750000.0,17607211250.0,0.19141844792781149,True,True,True,True,False,True,LIQUID_CORE,,UNCLASSIFIED,,,,LOW,False,False,LIQUID_CORE
CMPP,2026-10-06,1,717,0.0,0.0,0.0,True,True,False,False,False,False,RESEARCH_ONLY,median_value_20d<1bn;median_value_60d<1bn,UNCLASSIFIED,,,,LOW,False,False,EXCLUDED
CMRY,2026-10-07,0,716,8011208500.0,8721602164.672852,0.18282186440219064,True,True,True,True,False,True,LIQUID_CORE,,UNCLASSIFIED,,,,LOW,False,False,LIQUID_CORE
CNKO,2026-10-06,1,717,0.0,0.0,0.0,True,True,False,False,False,False,RESEARCH_ONLY,median_value_20d<1bn;median_value_60d<1bn,UNCLASSIFIED,,,,LOW,False,False,EXCLUDED
CNMA,2026-10-07,0,716,1162219750.0,1729545750.0,0.14246408190466664,True,True,True,True,False,True,LIQUID_CORE,,UNCLASSIFIED,,,,LOW,False,False,LIQUID_CORE
COAL,2026-10-06,1,717,0.0,0.0,0.0,True,True,False,False,False,False,RESEARCH_ONLY,median_value_20d<1bn;median_value_60d<1bn,UNCLASSIFIED,,,,LOW,False,False,EXCLUDED
COCO,2026-10-07,0,716,50371951550.0,48118770850.0,0.9879410489481951,True,True,True,True,False,True,LIQUID_HIGH_VOL,,UNCLASSIFIED,,,,LOW,False,False,BROAD_RESEARCH
COIN,2026-10-07,0,306,18839242250.0,12849157250.0,0.730696999633779,True,True,True,True,False,True,LIQUID_GROWTH_MOMENTUM,,UNCLASSIFIED,,,,LOW,False,False,BROAD_RESEARCH
CPIN,2026-10-07,0,716,62243109500.0,54671398500.0,0.21025372565043793,True,True,True,True,False,True,LIQUID_CORE,,BLUE_CHIP,BLUE_CHIP,LQ45,,MEDIUM,False,False,CORE
CPRO,2026-10-07,0,717,102962500.0,980037500.0,0.6786680485981933,True,True,False,False,False,False,RESEARCH_ONLY,median_value_20d<1bn;median_value_60d<1bn,UNCLASSIFIED,,,,LOW,False,False,EXCLUDED
CRAB,2026-10-07,0,718,127865193.8697815,0.0,0.3153991951724059,True,True,False,False,False,False,RESEARCH_ONLY,median_value_20d<1bn;median_value_60d<1bn,UNCLASSIFIED,,,,LOW,False,False,EXCLUDED
CRSN,2026-10-07,0,716,222399750.0,177115050.0,0.6284910663202525,True,True,False,False,False,False,RESEARCH_ONLY,median_value_20d<1bn;median_value_60d<1bn,UNCLASSIFIED,,,,LOW,False,False,EXCLUDED
CSAP,2026-10-07,0,716,25613200.0,25613200.0,0.25287691182041794,True,True,False,False,False,False,RESEARCH_ONLY,median_value_20d<1bn;median_value_60d<1bn,UNCLASSIFIED,,,,LOW,False,False,EXCLUDED
CSIS,2026-10-07,0,716,386795400.0,416072400.0,0.9772568939897531,True,True,False,False,False,False,RESEARCH_ONLY,median_value_20d<1bn;median_value_60d<1bn,UNCLASSIFIED,,,,LOW,False,False,EXCLUDED
CSMI,2026-10-06,1,717,7017954800.0,2223566300.0,2.2518681883357257,True,True,True,True,False,True,LIQUID_HIGH_VOL,,UNCLASSIFIED,,,,LOW,False,False,BROAD_RESEARCH
CSRA,2026-10-07,0,716,218057250.0,208605500.0,0.19378325962655227,True,True,False,False,False,False,RESEARCH_ONLY,median_value_20d<1bn;median_value_60d<1bn,UNCLASSIFIED,,,,LOW,False,False,EXCLUDED
CTBN,2026-10-07,0,717,33220500.0,66900000.0,0.16798071913012086,True,True,False,False,False,False,RESEARCH_ONLY,median_value_20d<1bn;median_value_60d<1bn,UNCLASSIFIED,,,,LOW,False,False,EXCLUDED
CTRA,2026-10-05,2,4120,5587213000.0,6330046250.0,0.23536456272286216,True,True,True,True,False,True,LIQUID_CORE,,UNCLASSIFIED,,,,LOW,False,False,LIQUID_CORE
CTTH,2026-10-07,0,717,1494412700.0,1459475400.0,0.7160175079472694,True,True,True,True,False,True,LIQUID_GROWTH_MOMENTUM,,UNCLASSIFIED,,,,LOW,False,False,BROAD_RESEARCH
CUAN,2026-10-07,0,716,284436105750.0,264632381500.0,0.4166121085759395,True,True,True,True,False,True,LIQUID_CORE,,BLUE_CHIP,CONGLOMERATE,LQ45,BARITO,MEDIUM,False,False,CORE
CYBR,2026-10-07,0,717,14940301800.0,14883719800.0,0.436887341969516,True,True,True,True,False,True,LIQUID_CORE,,UNCLASSIFIED,,,,LOW,False,False,LIQUID_CORE
DAAZ,2026-10-07,0,454,910299750.0,675181500.0,0.5686799413382779,True,True,False,False,False,False,RESEARCH_ONLY,median_value_20d<1bn;median_value_60d<1bn,UNCLASSIFIED,,,,LOW,False,False,EXCLUDED
DADA,2026-10-07,0,716,11800731.25,10542546.875,1.000354580792887,True,True,False,False,False,False,RESEARCH_ONLY,median_value_20d<1bn;median_value_60d<1bn,UNCLASSIFIED,,,,LOW,False,False,EXCLUDED
DART,2026-10-07,0,717,131469700.0,137261300.0,0.45788984336760624,True,True,False,False,False,False,RESEARCH_ONLY,median_value_20d<1bn;median_value_60d<1bn,UNCLASSIFIED,,,,LOW,False,False,EXCLUDED
DATA,2026-10-07,0,581,2406316750.0,2914464000.0,0.3082659004682567,True,True,True,True,False,True,LIQUID_CORE,,UNCLASSIFIED,,,,LOW,False,False,LIQUID_CORE
DAYA,2026-10-07,0,716,8752500.0,7848500.0,0.5095372166712542,True,True,False,False,False,False,RESEARCH_ONLY,median_value_20d<1bn;median_value_60d<1bn,UNCLASSIFIED,,,,LOW,False,False,EXCLUDED
DCII,2026-10-07,0,716,90067500.0,110325000.0,0.2949417196880558,True,True,False,False,False,False,RESEARCH_ONLY,median_value_20d<1bn;median_value_60d<1bn,UNCLASSIFIED,,,,LOW,False,False,EXCLUDED
DEAL,2026-10-06,1,720,0.0,0.0,0.0,True,True,False,False,False,False,RESEARCH_ONLY,median_value_20d<1bn;median_value_60d<1bn,UNCLASSIFIED,,,,LOW,False,False,EXCLUDED
DEFI,2026-10-07,0,717,3330683850.0,1640027150.0,1.6494961245481334,True,True,True,True,False,True,LIQUID_HIGH_VOL,,UNCLASSIFIED,,,,LOW,False,False,BROAD_RESEARCH
DEPO,2026-10-07,0,716,54984000.0,76675700.0,0.34610676936041584,True,True,False,False,False,False,RESEARCH_ONLY,median_value_20d<1bn;median_value_60d<1bn,UNCLASSIFIED,,,,LOW,False,False,EXCLUDED
DEWA,2026-10-07,0,716,147144898300.0,219799916000.0,0.5843128994735483,True,True,True,True,False,True,LIQUID_GROWTH_MOMENTUM,,BLUE_CHIP,BLUE_CHIP,LQ45,,MEDIUM,False,False,CORE
DEWI,2026-10-07,0,716,9610322300.0,8074683000.0,0.8671325957519064,True,True,True,True,False,True,LIQUID_HIGH_VOL,,UNCLASSIFIED,,,,LOW,False,False,BROAD_RESEARCH
DFAM,2026-10-07,0,716,2313094050.0,872173450.0,1.2384209785782962,True,True,True,False,False,False,RESEARCH_ONLY,median_value_60d<1bn,UNCLASSIFIED,,,,LOW,False,False,EXCLUDED
DGIK,2026-10-07,0,717,964546600.0,786141500.0,0.4835174531976754,True,True,False,False,False,False,RESEARCH_ONLY,median_value_20d<1bn;median_value_60d<1bn,UNCLASSIFIED,,,,LOW,False,False,EXCLUDED
DGNS,2026-10-07,0,716,333641500.0,134622100.0,0.6924691757275968,True,True,False,False,False,False,RESEARCH_ONLY,median_value_20d<1bn;median_value_60d<1bn,UNCLASSIFIED,,,,LOW,False,False,EXCLUDED
DGWG,2026-10-07,0,414,3175831800.0,3411436100.0,0.27368691768922504,True,True,True,True,False,True,LIQUID_CORE,,UNCLASSIFIED,,,,LOW,False,False,LIQUID_CORE
DIGI,2026-10-06,1,717,0.0,0.0,0.0,True,True,False,False,False,False,RESEARCH_ONLY,median_value_20d<1bn;median_value_60d<1bn,UNCLASSIFIED,,,,LOW,False,False,EXCLUDED
DILD,2026-10-07,0,717,1067851750.0,1359676650.0,0.22610421103378264,True,True,True,True,False,True,LIQUID_CORE,,UNCLASSIFIED,,,,LOW,False,False,LIQUID_CORE
DIVA,2026-10-07,0,716,878163250.0,823232300.0,0.9325381975168987,True,True,False,False,False,False,RESEARCH_ONLY,median_value_20d<1bn;median_value_60d<1bn,UNCLASSIFIED,,,,LOW,False,False,EXCLUDED
DKFT,2026-10-07,0,716,2201091000.0,3023128345.8374023,0.36993448116127575,True,True,True,True,False,True,LIQUID_CORE,,UNCLASSIFIED,,,,LOW,False,False,LIQUID_CORE
DKHH,2026-10-07,0,343,783919500.0,697606700.0,0.3259670939319452,True,True,False,False,False,False,RESEARCH_ONLY,median_value_20d<1bn;median_value_60d<1bn,UNCLASSIFIED,,,,LOW,False,False,EXCLUDED
DLTA,2026-10-05,2,4120,67341250.0,98078000.0,0.04546510774858243,True,True,False,False,False,False,RESEARCH_ONLY,median_value_20d<1bn;median_value_60d<1bn,UNCLASSIFIED,,,,LOW,False,False,EXCLUDED
DMAS,2026-10-07,0,716,25695164400.0,20044589000.0,0.4361450328593055,True,True,True,True,False,True,LIQUID_CORE,,CONGLOMERATE,CONGLOMERATE,,SINAR_MAS,MEDIUM,False,False,GROUP_RESEARCH
DMMX,2026-10-07,0,716,143264400.0,198074300.0,0.3465221080169563,True,True,False,False,False,False,RESEARCH_ONLY,median_value_20d<1bn;median_value_60d<1bn,UNCLASSIFIED,,,,LOW,False,False,EXCLUDED
DMND,2026-10-07,0,716,31444000.0,15006000.0,0.3719662007531252,True,True,False,False,False,False,RESEARCH_ONLY,median_value_20d<1bn;median_value_60d<1bn,UNCLASSIFIED,,,,LOW,False,False,EXCLUDED
DNAR,2026-10-07,0,716,64479650.0,113016500.0,0.25018615490519475,True,True,False,False,False,False,RESEARCH_ONLY,median_value_20d<1bn;median_value_60d<1bn,UNCLASSIFIED,,,,LOW,False,False,EXCLUDED
DNET,2026-10-07,0,717,89507500.0,114121250.0,0.17641898515833274,True,True,False,False,False,False,RESEARCH_ONLY,median_value_20d<1bn;median_value_60d<1bn,UNCLASSIFIED,,,,LOW,False,False,EXCLUDED
DOID,2026-10-07,0,716,781605000.0,617952000.0,0.6499058376762431,True,True,False,False,False,False,RESEARCH_ONLY,median_value_20d<1bn;median_value_60d<1bn,UNCLASSIFIED,,,,LOW,False,False,EXCLUDED
DOOH,2026-10-07,0,718,52744851100.0,26652181800.0,1.0939810537593382,True,True,True,True,False,True,LIQUID_HIGH_VOL,,UNCLASSIFIED,,,,LOW,False,False,BROAD_RESEARCH
DOSS,2026-10-07,0,521,233064850.0,270643450.0,0.4972996994989792,True,True,False,False,False,False,RESEARCH_ONLY,median_value_20d<1bn;median_value_60d<1bn,UNCLASSIFIED,,,,LOW,False,False,EXCLUDED
DPNS,2026-10-06,1,720,0.0,0.0,0.0,True,True,False,False,False,False,RESEARCH_ONLY,median_value_20d<1bn;median_value_60d<1bn,UNCLASSIFIED,,,,LOW,False,False,EXCLUDED
DPUM,2026-10-07,0,716,7525829400.0,1840083500.0,1.1518540601937768,True,True,True,True,False,True,LIQUID_HIGH_VOL,,UNCLASSIFIED,,,,LOW,False,False,BROAD_RESEARCH
DRMA,2026-10-07,0,716,598081500.0,540499250.0,0.24785590437158841,True,True,False,False,False,False,RESEARCH_ONLY,median_value_20d<1bn;median_value_60d<1bn,UNCLASSIFIED,,,,LOW,False,False,EXCLUDED
DSFI,2026-10-07,0,717,822149350.0,533428000.0,0.9442330104157043,True,True,False,False,False,False,RESEARCH_ONLY,median_value_20d<1bn;median_value_60d<1bn,UNCLASSIFIED,,,,LOW,False,False,EXCLUDED
DSNG,2026-10-07,0,716,6616501000.0,7068418250.0,0.471736136891724,True,True,True,True,False,True,LIQUID_GROWTH_MOMENTUM,,UNCLASSIFIED,,,,LOW,False,False,BROAD_RESEARCH
DSSA,2026-10-07,0,716,287204887000.0,345702509500.0,0.5770864282489513,True,True,True,True,False,True,LIQUID_GROWTH_MOMENTUM,,UNCLASSIFIED,,,,LOW,False,False,BROAD_RESEARCH
DUTI,2026-10-06,1,716,696000.0,2903000.0,0.12944705620105748,True,True,False,False,False,False,RESEARCH_ONLY,median_value_20d<1bn;median_value_60d<1bn,UNCLASSIFIED,,,,LOW,False,False,EXCLUDED
DVLA,2026-10-05,2,4120,57240500.0,26657000.0,0.04265855472677721,True,True,False,False,False,False,RESEARCH_ONLY,median_value_20d<1bn;median_value_60d<1bn,UNCLASSIFIED,,,,LOW,False,False,EXCLUDED
DWGL,2026-10-07,0,716,647556100.0,1125442100.0,0.4016218850675148,True,True,False,True,False,False,RESEARCH_ONLY,median_value_20d<1bn,UNCLASSIFIED,,,,LOW,False,False,EXCLUDED
DYAN,2026-10-07,0,716,859088750.0,330479450.0,0.9074188733620604,True,True,False,False,False,False,RESEARCH_ONLY,median_value_20d<1bn;median_value_60d<1bn,UNCLASSIFIED,,,,LOW,False,False,EXCLUDED
EAST,2026-10-07,0,716,63586350.0,77829015.00434875,0.09967686225584536,True,True,False,False,False,False,RESEARCH_ONLY,median_value_20d<1bn;median_value_60d<1bn,UNCLASSIFIED,,,,LOW,False,False,EXCLUDED
ECII,2026-10-07,0,716,198076400.0,237871000.0,0.6164824933082212,True,True,False,False,False,False,RESEARCH_ONLY,median_value_20d<1bn;median_value_60d<1bn,UNCLASSIFIED,,,,LOW,False,False,EXCLUDED
EDGE,2026-10-06,1,720,0.0,0.0,0.0,True,True,False,False,False,False,RESEARCH_ONLY,median_value_20d<1bn;median_value_60d<1bn,UNCLASSIFIED,,,,LOW,False,False,EXCLUDED
EKAD,2026-10-07,0,716,1456552900.0,1384130400.0,0.43893340258211605,True,True,True,True,False,True,LIQUID_CORE,,UNCLASSIFIED,,,,LOW,False,False,LIQUID_CORE
ELIT,2026-10-07,0,716,4685574400.0,2345293800.0,0.9641433431868534,True,True,True,True,False,True,LIQUID_HIGH_VOL,,UNCLASSIFIED,,,,LOW,False,False,BROAD_RESEARCH
ELPI,2026-10-07,0,717,467003250.0,773066000.0,0.5031577680314924,True,True,False,False,False,False,RESEARCH_ONLY,median_value_20d<1bn;median_value_60d<1bn,UNCLASSIFIED,,,,LOW,False,False,EXCLUDED
ELSA,2026-10-05,2,4120,11299668750.0,13652121000.0,0.32656238642699575,True,True,True,True,False,True,LIQUID_CORE,,UNCLASSIFIED,,,,LOW,False,False,LIQUID_CORE
ELTY,2026-10-07,0,717,2618146900.0,2712562150.0,1.2562712402623872,True,True,True,True,False,True,LIQUID_HIGH_VOL,,UNCLASSIFIED,,,,LOW,False,False,BROAD_RESEARCH
EMAS,2026-10-07,0,254,72208747500.0,127435545000.0,0.49022605742756037,True,True,True,True,False,True,LIQUID_GROWTH_MOMENTUM,,CONGLOMERATE,CONGLOMERATE,,MERDEKA,MEDIUM,False,False,GROUP_RESEARCH
EMDE,2026-10-07,0,716,381354500.0,475888100.0,0.6314452666628817,True,True,False,False,False,False,RESEARCH_ONLY,median_value_20d<1bn;median_value_60d<1bn,UNCLASSIFIED,,,,LOW,False,False,EXCLUDED
EMTK,2026-10-05,2,4114,15709255400.0,19369201700.0,0.3396209095921621,True,True,True,True,False,True,LIQUID_CORE,,BLUE_CHIP,BLUE_CHIP,LQ45,,MEDIUM,False,False,CORE
ENAK,2026-10-07,0,716,77956400.0,82439500.0,0.5648105126209962,True,True,False,False,False,False,RESEARCH_ONLY,median_value_20d<1bn;median_value_60d<1bn,UNCLASSIFIED,,,,LOW,False,False,EXCLUDED
ENRG,2026-10-07,0,718,110591069716.49423,106998750362.76569,0.9834104990112402,True,True,True,True,False,True,LIQUID_HIGH_VOL,,CONGLOMERATE,CONGLOMERATE,,BAKRIE,MEDIUM,False,False,GROUP_RESEARCH
ENZO,2026-10-07,0,716,1755731250.0,1141220700.0,0.928254971488064,True,True,True,True,False,True,LIQUID_HIGH_VOL,,UNCLASSIFIED,,,,LOW,False,False,BROAD_RESEARCH
EPAC,2026-10-07,0,716,1913506650.0,3069194550.0,1.0156743062129538,True,True,True,True,False,True,LIQUID_HIGH_VOL,,UNCLASSIFIED,,,,LOW,False,False,BROAD_RESEARCH
EPMT,2026-10-07,0,717,179899000.0,98504000.0,0.31878428850401724,True,True,False,False,False,False,RESEARCH_ONLY,median_value_20d<1bn;median_value_60d<1bn,UNCLASSIFIED,,,,LOW,False,False,EXCLUDED
ERAA,2026-10-07,0,716,54039644250.0,42873745900.0,0.3535806764989166,True,True,True,True,False,True,LIQUID_CORE,,UNCLASSIFIED,,,,LOW,False,False,LIQUID_CORE
ERAL,2026-10-07,0,716,1595403800.0,1509174500.0,0.35355039369817015,True,True,True,True,False,True,LIQUID_CORE,,UNCLASSIFIED,,,,LOW,False,False,LIQUID_CORE
ERTX,2026-10-07,0,717,93987300.0,127364550.0,0.34673289019093645,True,True,False,False,False,False,RESEARCH_ONLY,median_value_20d<1bn;median_value_60d<1bn,UNCLASSIFIED,,,,LOW,False,False,EXCLUDED
ESIP,2026-10-07,0,716,1270827750.0,1679124350.0,0.6093443684665336,True,True,True,True,False,True,LIQUID_GROWTH_MOMENTUM,,UNCLASSIFIED,,,,LOW,False,False,BROAD_RESEARCH
ESSA,2026-10-07,0,716,36135723500.0,45432874250.0,0.31924398620187966,True,True,True,True,False,True,LIQUID_CORE,,BLUE_CHIP,BLUE_CHIP,LQ45,,MEDIUM,False,False,CORE
ESTA,2026-10-07,0,716,488069700.0,160036500.0,0.8184790926622042,True,True,False,False,False,False,RESEARCH_ONLY,median_value_20d<1bn;median_value_60d<1bn,UNCLASSIFIED,,,,LOW,False,False,EXCLUDED
ESTI,2026-10-07,0,717,1221078950.0,749987800.0,0.8107908984390365,True,True,True,False,False,False,RESEARCH_ONLY,median_value_60d<1bn,UNCLASSIFIED,,,,LOW,False,False,EXCLUDED
ETWA,2026-10-06,1,720,0.0,0.0,0.0,True,True,False,False,False,False,RESEARCH_ONLY,median_value_20d<1bn;median_value_60d<1bn,UNCLASSIFIED,,,,LOW,False,False,EXCLUDED
EURO,2026-10-07,0,716,231430000.0,317163750.0,0.5396387786459372,True,True,False,False,False,False,RESEARCH_ONLY,median_value_20d<1bn;median_value_60d<1bn,UNCLASSIFIED,,,,LOW,False,False,EXCLUDED
EXCL,2026-10-05,2,4120,16830736500.0,14989744500.0,0.28205446524895794,True,True,True,True,False,True,LIQUID_CORE,,BLUE_CHIP,BLUE_CHIP,LQ45,,MEDIUM,False,False,CORE
FAPA,2026-10-06,1,715,2598750.0,10658750.0,0.05453533428102621,True,True,False,False,False,False,RESEARCH_ONLY,median_value_20d<1bn;median_value_60d<1bn,UNCLASSIFIED,,,,LOW,False,False,EXCLUDED
FAST,2026-10-07,0,717,3677824800.0,3934661800.0,0.49348934047346166,True,True,True,True,False,True,LIQUID_GROWTH_MOMENTUM,,CONGLOMERATE,CONGLOMERATE,,SALIM,MEDIUM,False,False,GROUP_RESEARCH
FASW,2026-10-06,1,720,0.0,0.0,0.0,True,True,False,False,False,False,RESEARCH_ONLY,median_value_20d<1bn;median_value_60d<1bn,UNCLASSIFIED,,,,LOW,False,False,EXCLUDED
FILM,2026-10-07,0,716,8764430750.0,14645082750.0,0.8516433533847435,True,True,True,True,False,True,LIQUID_HIGH_VOL,,UNCLASSIFIED,,,,LOW,False,False,BROAD_RESEARCH
FIMP,2026-10-06,1,720,0.0,0.0,0.0,True,True,False,False,False,False,RESEARCH_ONLY,median_value_20d<1bn;median_value_60d<1bn,UNCLASSIFIED,,,,LOW,False,False,EXCLUDED
FIRE,2026-10-07,0,716,1184083200.0,934202950.0,0.5611911339013306,True,True,True,False,False,False,RESEARCH_ONLY,median_value_60d<1bn,UNCLASSIFIED,,,,LOW,False,False,EXCLUDED
FISH,2026-10-07,0,716,51238750.0,31749750.0,0.697932035204612,True,True,False,False,False,False,RESEARCH_ONLY,median_value_20d<1bn;median_value_60d<1bn,UNCLASSIFIED,,,,LOW,False,False,EXCLUDED
FITT,2026-10-07,0,716,683636300.0,221999600.0,0.6051720068935932,True,True,False,False,False,False,RESEARCH_ONLY,median_value_20d<1bn;median_value_60d<1bn,UNCLASSIFIED,,,,LOW,False,False,EXCLUDED
FLMC,2026-10-07,0,716,821588850.0,475280800.0,1.1250119773800578,True,True,False,False,False,False,RESEARCH_ONLY,median_value_20d<1bn;median_value_60d<1bn,UNCLASSIFIED,,,,LOW,False,False,EXCLUDED
FMII,2026-10-07,0,717,5652000.0,4686300.0,0.479648558711606,True,True,False,False,False,False,RESEARCH_ONLY,median_value_20d<1bn;median_value_60d<1bn,UNCLASSIFIED,,,,LOW,False,False,EXCLUDED
FOLK,2026-10-07,0,716,6520793600.0,1799933800.0,1.1221464218955386,True,True,True,True,False,True,LIQUID_HIGH_VOL,,UNCLASSIFIED,,,,LOW,False,False,BROAD_RESEARCH
FOOD,2026-10-06,1,717,0.0,0.0,0.0,True,True,False,False,False,False,RESEARCH_ONLY,median_value_20d<1bn;median_value_60d<1bn,UNCLASSIFIED,,,,LOW,False,False,EXCLUDED
FORE,2026-10-07,0,359,2236517000.0,4124600750.0,0.3282769071438726,True,True,True,True,False,True,LIQUID_CORE,,UNCLASSIFIED,,,,LOW,False,False,LIQUID_CORE
FORU,2026-10-07,0,718,12608856215.839996,2600025600.0,4.228833487064762,True,True,True,True,True,True,LIQUID_HIGH_VOL,volatility>250%,UNCLASSIFIED,,,,LOW,False,False,BROAD_RESEARCH
FPNI,2026-10-07,0,717,2044071000.0,2464225050.0,0.8622366585284847,True,True,True,True,False,True,LIQUID_HIGH_VOL,,UNCLASSIFIED,,,,LOW,False,False,BROAD_RESEARCH
FUJI,2026-10-07,0,716,621792900.0,306303600.0,0.7599922858910326,True,True,False,False,False,False,RESEARCH_ONLY,median_value_20d<1bn;median_value_60d<1bn,UNCLASSIFIED,,,,LOW,False,False,EXCLUDED
FUTR,2026-10-07,0,716,8137984400.0,15167477500.0,0.6959848891440504,True,True,True,True,False,True,LIQUID_GROWTH_MOMENTUM,,UNCLASSIFIED,,,,LOW,False,False,BROAD_RESEARCH
FWCT,2026-10-07,0,716,268158150.0,405885000.0,0.7029620501345325,True,True,False,False,False,False,RESEARCH_ONLY,median_value_20d<1bn;median_value_60d<1bn,UNCLASSIFIED,,,,LOW,False,False,EXCLUDED
GDST,2026-10-07,0,716,818843500.0,898553350.0,0.8832006054369645,True,True,False,False,False,False,RESEARCH_ONLY,median_value_20d<1bn;median_value_60d<1bn,UNCLASSIFIED,,,,LOW,False,False,EXCLUDED
GDYR,2026-10-07,0,717,4088750.0,4172500.0,0.2111163862172251,True,True,False,False,False,False,RESEARCH_ONLY,median_value_20d<1bn;median_value_60d<1bn,UNCLASSIFIED,,,,LOW,False,False,EXCLUDED
GEMA,2026-10-07,0,717,170005650.0,123370600.0,0.5097204958716286,True,True,False,False,False,False,RESEARCH_ONLY,median_value_20d<1bn;median_value_60d<1bn,UNCLASSIFIED,,,,LOW,False,False,EXCLUDED
GEMS,2026-10-07,0,716,1394770000.0,496708750.0,0.5088673797357258,True,True,True,False,False,False,RESEARCH_ONLY,median_value_60d<1bn,UNCLASSIFIED,,,,LOW,False,False,EXCLUDED
GGRM,2026-10-05,2,4120,14695717500.0,22361477500.0,0.28289269957499885,True,True,True,True,False,True,LIQUID_CORE,,UNCLASSIFIED,,,,LOW,False,False,LIQUID_CORE
GGRP,2026-10-07,0,716,720990700.0,334925400.0,0.369545090148374,True,True,False,False,False,False,RESEARCH_ONLY,median_value_20d<1bn;median_value_60d<1bn,UNCLASSIFIED,,,,LOW,False,False,EXCLUDED
GHON,2026-10-07,0,716,10531000.0,17523000.0,0.11317815640832647,True,True,False,False,False,False,RESEARCH_ONLY,median_value_20d<1bn;median_value_60d<1bn,UNCLASSIFIED,,,,LOW,False,False,EXCLUDED
GIAA,2026-10-07,0,716,3575992400.0,3745774350.0,0.5597477880108523,True,True,True,True,False,True,LIQUID_GROWTH_MOMENTUM,,BUMN_AFFILIATED,BUMN_AFFILIATED,,,MEDIUM,False,False,BUMN_RESEARCH
GJTL,2026-10-05,2,4120,3699280500.0,5383537500.0,0.256775805610355,True,True,True,True,False,True,LIQUID_CORE,,UNCLASSIFIED,,,,LOW,False,False,LIQUID_CORE
GLOB,2026-10-06,1,720,0.0,0.0,0.0,True,True,False,False,False,False,RESEARCH_ONLY,median_value_20d<1bn;median_value_60d<1bn,UNCLASSIFIED,,,,LOW,False,False,EXCLUDED
GLVA,2026-10-07,0,716,10465000.0,9244800.0,0.292147747097729,True,True,False,False,False,False,RESEARCH_ONLY,median_value_20d<1bn;median_value_60d<1bn,UNCLASSIFIED,,,,LOW,False,False,EXCLUDED
GMFI,2026-10-07,0,716,4478404700.0,4839438500.0,0.38608787933339367,True,True,True,True,False,True,LIQUID_CORE,,UNCLASSIFIED,,,,LOW,False,False,LIQUID_CORE
GMTD,2026-10-07,0,717,21412500.0,20900500.0,0.9596482298314953,True,True,False,False,False,False,RESEARCH_ONLY,median_value_20d<1bn;median_value_60d<1bn,UNCLASSIFIED,,,,LOW,False,False,EXCLUDED
GOLD,2026-10-07,0,716,16257000.0,29538700.0,0.29527350307631806,True,True,False,False,False,False,RESEARCH_ONLY,median_value_20d<1bn;median_value_60d<1bn,UNCLASSIFIED,,,,LOW,False,False,EXCLUDED
GOLF,2026-10-07,0,543,423353450.0,371499200.0,0.4630657541172549,True,True,False,False,False,False,RESEARCH_ONLY,median_value_20d<1bn;median_value_60d<1bn,UNCLASSIFIED,,,,LOW,False,False,EXCLUDED
GOOD,2026-10-07,0,716,37590000.0,56942200.0,0.22035497316162006,True,True,False,False,False,False,RESEARCH_ONLY,median_value_20d<1bn;median_value_60d<1bn,UNCLASSIFIED,,,,LOW,False,False,EXCLUDED
GOTO,2026-10-05,2,1074,572342500.0,971030000.0,0.9397893355414415,True,True,False,False,False,False,RESEARCH_ONLY,median_value_20d<1bn;median_value_60d<1bn,BLUE_CHIP,BLUE_CHIP,LQ45,,MEDIUM,False,False,EXCLUDED
GPRA,2026-10-07,0,716,5676733500.0,11914406550.0,0.32955170820567015,True,True,True,True,False,True,LIQUID_CORE,,UNCLASSIFIED,,,,LOW,False,False,LIQUID_CORE
GPSO,2026-10-07,0,716,3522259800.0,5626242600.0,0.6021245414726398,True,True,True,True,False,True,LIQUID_GROWTH_MOMENTUM,,UNCLASSIFIED,,,,LOW,False,False,BROAD_RESEARCH
GRIA,2026-10-07,0,716,553261950.0,606757200.0,0.6552392592702709,True,True,False,False,False,False,RESEARCH_ONLY,median_value_20d<1bn;median_value_60d<1bn,UNCLASSIFIED,,,,LOW,False,False,EXCLUDED
GRPH,2026-10-07,0,646,957280150.0,569994500.0,0.8108373434198614,True,True,False,False,False,False,RESEARCH_ONLY,median_value_20d<1bn;median_value_60d<1bn,UNCLASSIFIED,,,,LOW,False,False,EXCLUDED
GRPM,2026-10-07,0,716,1308214800.0,942211650.0,0.9737165209471547,True,True,True,False,False,False,RESEARCH_ONLY,median_value_60d<1bn,UNCLASSIFIED,,,,LOW,False,False,EXCLUDED
GSMF,2026-10-07,0,717,700631100.0,480038200.0,1.4294750070153333,True,True,False,False,False,False,RESEARCH_ONLY,median_value_20d<1bn;median_value_60d<1bn,UNCLASSIFIED,,,,LOW,False,False,EXCLUDED
GTBO,2026-10-07,0,718,9334950.0,0.0,0.9422352137230492,True,True,False,False,False,False,RESEARCH_ONLY,median_value_20d<1bn;median_value_60d<1bn,UNCLASSIFIED,,,,LOW,False,False,EXCLUDED
GTRA,2026-10-07,0,716,278953800.0,142157600.0,0.44809956377860233,True,True,False,False,False,False,RESEARCH_ONLY,median_value_20d<1bn;median_value_60d<1bn,UNCLASSIFIED,,,,LOW,False,False,EXCLUDED
GTSI,2026-10-07,0,716,2425451200.0,4577197200.0,0.5698625684567583,True,True,True,True,False,True,LIQUID_GROWTH_MOMENTUM,,UNCLASSIFIED,,,,LOW,False,False,BROAD_RESEARCH
GULA,2026-10-07,0,716,11700287750.0,19050376000.0,0.3261152980890693,True,True,True,True,False,True,LIQUID_CORE,,UNCLASSIFIED,,,,LOW,False,False,LIQUID_CORE
GUNA,2026-10-07,0,542,38907100.0,33304000.0,0.09934281705989643,True,True,False,False,False,False,RESEARCH_ONLY,median_value_20d<1bn;median_value_60d<1bn,UNCLASSIFIED,,,,LOW,False,False,EXCLUDED
GWSA,2026-10-07,0,716,233656850.0,221683050.0,0.7033712739335011,True,True,False,False,False,False,RESEARCH_ONLY,median_value_20d<1bn;median_value_60d<1bn,UNCLASSIFIED,,,,LOW,False,False,EXCLUDED
GZCO,2026-10-07,0,716,1630608450.0,2421848700.0,0.47505189377019685,True,True,True,True,False,True,LIQUID_GROWTH_MOMENTUM,,UNCLASSIFIED,,,,LOW,False,False,BROAD_RESEARCH
HADE,2026-10-07,0,716,566678900.0,89400450.0,1.125479623704988,True,True,False,False,False,False,RESEARCH_ONLY,median_value_20d<1bn;median_value_60d<1bn,UNCLASSIFIED,,,,LOW,False,False,EXCLUDED
HAIS,2026-10-07,0,716,82378500.0,77877350.0,0.18140664813217716,True,True,False,False,False,False,RESEARCH_ONLY,median_value_20d<1bn;median_value_60d<1bn,UNCLASSIFIED,,,,LOW,False,False,EXCLUDED
HAJJ,2026-10-07,0,716,674613600.0,748854250.0,0.4798449002642518,True,True,False,False,False,False,RESEARCH_ONLY,median_value_20d<1bn;median_value_60d<1bn,UNCLASSIFIED,,,,LOW,False,False,EXCLUDED
HALO,2026-10-07,0,716,474629700.0,451152850.0,0.5658173294049422,True,True,False,False,False,False,RESEARCH_ONLY,median_value_20d<1bn;median_value_60d<1bn,UNCLASSIFIED,,,,LOW,False,False,EXCLUDED
HATM,2026-10-07,0,716,3548668000.0,8690335000.0,0.49320912636861075,True,True,True,True,False,True,LIQUID_GROWTH_MOMENTUM,,UNCLASSIFIED,,,,LOW,False,False,BROAD_RESEARCH
HBAT,2026-10-07,0,716,808120800.0,277857600.0,0.6387339967971941,True,True,False,False,False,False,RESEARCH_ONLY,median_value_20d<1bn;median_value_60d<1bn,UNCLASSIFIED,,,,LOW,False,False,EXCLUDED
HDFA,2026-10-07,0,716,68952150.0,68527550.0,0.5756299222043136,True,True,False,False,False,False,RESEARCH_ONLY,median_value_20d<1bn;median_value_60d<1bn,UNCLASSIFIED,,,,LOW,False,False,EXCLUDED
HDIT,2026-10-07,0,716,30071300.0,146582500.0,0.8000863608329439,True,True,False,False,False,False,RESEARCH_ONLY,median_value_20d<1bn;median_value_60d<1bn,UNCLASSIFIED,,,,LOW,False,False,EXCLUDED
HEAL,2026-10-07,0,716,5488956500.0,8399146750.0,0.27101166385119296,True,True,True,True,False,True,LIQUID_CORE,,UNCLASSIFIED,,,,LOW,False,False,LIQUID_CORE
HELI,2026-10-07,0,716,867622800.0,257661900.0,1.1181144303992485,True,True,False,False,False,False,RESEARCH_ONLY,median_value_20d<1bn;median_value_60d<1bn,UNCLASSIFIED,,,,LOW,False,False,EXCLUDED
HERO,2026-10-07,0,717,19194000.0,49494500.0,0.219211793925804,True,True,False,False,False,False,RESEARCH_ONLY,median_value_20d<1bn;median_value_60d<1bn,UNCLASSIFIED,,,,LOW,False,False,EXCLUDED
HEXA,2026-10-07,0,717,3463784497.265625,1621534222.265625,0.3088536909312355,True,True,True,True,False,True,LIQUID_CORE,,UNCLASSIFIED,,,,LOW,False,False,LIQUID_CORE
HGII,2026-10-07,0,416,160577500.0,123821200.0,0.2729499319589688,True,True,False,False,False,False,RESEARCH_ONLY,median_value_20d<1bn;median_value_60d<1bn,UNCLASSIFIED,,,,LOW,False,False,EXCLUDED
HILL,2026-10-06,1,717,0.0,0.0,0.0,True,True,False,False,False,False,RESEARCH_ONLY,median_value_20d<1bn;median_value_60d<1bn,UNCLASSIFIED,,,,LOW,False,False,EXCLUDED
HITS,2026-10-06,1,720,0.0,0.0,0.0,True,True,False,False,False,False,RESEARCH_ONLY,median_value_20d<1bn;median_value_60d<1bn,UNCLASSIFIED,,,,LOW,False,False,EXCLUDED
HMSP,2026-10-05,2,4121,10265012500.0,9575199250.0,0.33844404978890835,True,True,True,True,False,True,LIQUID_CORE,,UNCLASSIFIED,,,,LOW,False,False,LIQUID_CORE
HOKI,2026-10-07,0,716,1007117500.0,739684350.0,0.8555304879870046,True,True,True,False,False,False,RESEARCH_ONLY,median_value_60d<1bn,UNCLASSIFIED,,,,LOW,False,False,EXCLUDED
HOMI,2026-10-07,0,716,461575900.0,358410300.0,0.48680735342338777,True,True,False,False,False,False,RESEARCH_ONLY,median_value_20d<1bn;median_value_60d<1bn,UNCLASSIFIED,,,,LOW,False,False,EXCLUDED
HOPE,2026-10-07,0,716,6443045000.0,10783676700.0,1.2306857468370063,True,True,True,True,False,True,LIQUID_HIGH_VOL,,UNCLASSIFIED,,,,LOW,False,False,BROAD_RESEARCH
HRME,2026-10-07,0,716,117892050.0,83760600.0,0.585775720758441,True,True,False,False,False,False,RESEARCH_ONLY,median_value_20d<1bn;median_value_60d<1bn,UNCLASSIFIED,,,,LOW,False,False,EXCLUDED
HRTA,2026-10-07,0,716,17645249000.0,19138005500.0,0.44966006535568365,True,True,True,True,False,True,LIQUID_CORE,,BLUE_CHIP,BLUE_CHIP,LQ45,,MEDIUM,False,False,CORE
HRUM,2026-10-05,2,3934,8300871250.0,10264431250.0,0.3506766141180086,True,True,True,True,False,True,LIQUID_CORE,,UNCLASSIFIED,,,,LOW,False,False,LIQUID_CORE
HUMI,2026-10-07,0,716,3051540700.0,5423218100.0,0.6213324194450992,True,True,True,True,False,True,LIQUID_GROWTH_MOMENTUM,,UNCLASSIFIED,,,,LOW,False,False,BROAD_RESEARCH
HYGN,2026-10-07,0,630,463566800.0,338242000.0,0.3841509173716178,True,True,False,False,False,False,RESEARCH_ONLY,median_value_20d<1bn;median_value_60d<1bn,UNCLASSIFIED,,,,LOW,False,False,EXCLUDED
IATA,2026-10-07,0,716,42257888250.0,55562543200.0,1.0572325347146425,True,True,True,True,False,True,LIQUID_HIGH_VOL,,UNCLASSIFIED,,,,LOW,False,False,BROAD_RESEARCH
IBFN,2026-10-06,1,717,0.0,0.0,0.0,True,True,False,False,False,False,RESEARCH_ONLY,median_value_20d<1bn;median_value_60d<1bn,UNCLASSIFIED,,,,LOW,False,False,EXCLUDED
IBOS,2026-10-07,0,716,347592200.0,530051050.0,0.5320085423164653,True,True,False,False,False,False,RESEARCH_ONLY,median_value_20d<1bn;median_value_60d<1bn,UNCLASSIFIED,,,,LOW,False,False,EXCLUDED
IBST,2026-10-06,1,720,0.0,0.0,0.0,True,True,False,False,False,False,RESEARCH_ONLY,median_value_20d<1bn;median_value_60d<1bn,UNCLASSIFIED,,,,LOW,False,False,EXCLUDED
ICBP,2026-10-05,2,4119,26879605000.0,27255162500.0,0.2869818304900468,True,True,True,True,False,True,LIQUID_CORE,,BLUE_CHIP,CONGLOMERATE,LQ45,SALIM,MEDIUM,False,False,CORE
ICON,2026-10-07,0,716,1865595900.0,1902274150.0,0.5909737875178813,True,True,True,True,False,True,LIQUID_GROWTH_MOMENTUM,,UNCLASSIFIED,,,,LOW,False,False,BROAD_RESEARCH
IDEA,2026-10-07,0,716,936945000.0,207023100.0,0.7778429273660612,True,True,False,False,False,False,RESEARCH_ONLY,median_value_20d<1bn;median_value_60d<1bn,UNCLASSIFIED,,,,LOW,False,False,EXCLUDED
IDPR,2026-10-07,0,716,7344400.0,8757400.0,0.356830121802476,True,True,False,False,False,False,RESEARCH_ONLY,median_value_20d<1bn;median_value_60d<1bn,UNCLASSIFIED,,,,LOW,False,False,EXCLUDED
IFII,2026-10-07,0,716,114429600.0,23798067.5491333,0.5652272204042278,True,True,False,False,False,False,RESEARCH_ONLY,median_value_20d<1bn;median_value_60d<1bn,UNCLASSIFIED,,,,LOW,False,False,EXCLUDED
IFSH,2026-10-07,0,716,20104000.0,14048750.0,1.828136267456209,True,True,False,False,False,False,RESEARCH_ONLY,median_value_20d<1bn;median_value_60d<1bn,UNCLASSIFIED,,,,LOW,False,False,EXCLUDED
IGAR,2026-10-07,0,717,17508500.0,17774500.0,0.5620553939826908,True,True,False,False,False,False,RESEARCH_ONLY,median_value_20d<1bn;median_value_60d<1bn,UNCLASSIFIED,,,,LOW,False,False,EXCLUDED
IKAI,2026-10-07,0,717,492759250.0,326113200.0,1.1436367758986987,True,True,False,False,False,False,RESEARCH_ONLY,median_value_20d<1bn;median_value_60d<1bn,UNCLASSIFIED,,,,LOW,False,False,EXCLUDED
IKAN,2026-10-07,0,716,632786000.0,697520700.0,0.5062315546750995,True,True,False,False,False,False,RESEARCH_ONLY,median_value_20d<1bn;median_value_60d<1bn,UNCLASSIFIED,,,,LOW,False,False,EXCLUDED
IKBI,2026-10-07,0,717,305563500.0,175604500.0,0.5404525611397051,True,True,False,False,False,False,RESEARCH_ONLY,median_value_20d<1bn;median_value_60d<1bn,UNCLASSIFIED,,,,LOW,False,False,EXCLUDED
IKPM,2026-10-07,0,694,25560600.0,24999400.0,0.2718424530471689,True,True,False,False,False,False,RESEARCH_ONLY,median_value_20d<1bn;median_value_60d<1bn,UNCLASSIFIED,,,,LOW,False,False,EXCLUDED
IMAS,2026-10-07,0,717,73151250.0,119616000.0,0.26684944695494955,True,True,False,False,False,False,RESEARCH_ONLY,median_value_20d<1bn;median_value_60d<1bn,UNCLASSIFIED,,,,LOW,False,False,EXCLUDED
IMJS,2026-10-07,0,716,338438800.0,431659450.0,0.3464901315487793,True,True,False,False,False,False,RESEARCH_ONLY,median_value_20d<1bn;median_value_60d<1bn,UNCLASSIFIED,,,,LOW,False,False,EXCLUDED
IMPC,2026-10-07,0,716,25599985750.0,18653079250.0,0.4834379762921314,True,True,True,True,False,True,LIQUID_GROWTH_MOMENTUM,,UNCLASSIFIED,,,,LOW,False,False,BROAD_RESEARCH
INAF,2026-10-06,1,720,0.0,0.0,0.0,True,True,False,False,False,False,RESEARCH_ONLY,median_value_20d<1bn;median_value_60d<1bn,UNCLASSIFIED,,,,LOW,False,False,EXCLUDED
INAI,2026-10-07,0,717,218915550.0,208591250.0,0.5580897585162605,True,True,False,False,False,False,RESEARCH_ONLY,median_value_20d<1bn;median_value_60d<1bn,UNCLASSIFIED,,,,LOW,False,False,EXCLUDED
INCF,2026-10-06,1,717,0.0,0.0,0.0,True,True,False,False,False,False,RESEARCH_ONLY,median_value_20d<1bn;median_value_60d<1bn,UNCLASSIFIED,,,,LOW,False,False,EXCLUDED
INCI,2026-10-07,0,717,74163000.0,36700000.0,0.49969054986187733,True,True,False,False,False,False,RESEARCH_ONLY,median_value_20d<1bn;median_value_60d<1bn,UNCLASSIFIED,,,,LOW,False,False,EXCLUDED
INCO,2026-10-07,0,717,60986832500.0,57075751000.0,0.4055564297008398,True,True,True,True,False,True,LIQUID_CORE,,BLUE_CHIP,BLUE_CHIP,LQ45,,MEDIUM,False,False,CORE
INDF,2026-10-05,2,4121,34381977500.0,39598930000.0,0.19046265416205901,True,True,True,True,False,True,LIQUID_CORE,,BLUE_CHIP,CONGLOMERATE,LQ45,SALIM,MEDIUM,False,False,CORE
INDO,2026-10-07,0,716,4573938600.0,4937613050.0,0.2528361045809304,True,True,True,True,False,True,LIQUID_CORE,,UNCLASSIFIED,,,,LOW,False,False,LIQUID_CORE
INDR,2026-10-07,0,717,131548000.0,83094250.0,0.43298288382010697,True,True,False,False,False,False,RESEARCH_ONLY,median_value_20d<1bn;median_value_60d<1bn,UNCLASSIFIED,,,,LOW,False,False,EXCLUDED
INDS,2026-10-05,2,4121,280507200.0,301876300.0,0.24576459432948455,True,True,False,False,False,False,RESEARCH_ONLY,median_value_20d<1bn;median_value_60d<1bn,UNCLASSIFIED,,,,LOW,False,False,EXCLUDED
INDX,2026-10-06,1,717,0.0,0.0,0.0,True,True,False,False,False,False,RESEARCH_ONLY,median_value_20d<1bn;median_value_60d<1bn,UNCLASSIFIED,,,,LOW,False,False,EXCLUDED
INDY,2026-10-05,2,4120,40636119000.0,59686648500.0,0.6816780129061982,True,True,True,True,False,True,LIQUID_GROWTH_MOMENTUM,,UNCLASSIFIED,,,,LOW,False,False,BROAD_RESEARCH
INET,2026-10-07,0,716,90740246900.0,85200534600.0,0.5371685899452635,True,True,True,True,False,True,LIQUID_GROWTH_MOMENTUM,,UNCLASSIFIED,,,,LOW,False,False,BROAD_RESEARCH
INKP,2026-10-05,2,4120,33161135000.0,32597261250.0,0.3290316650427933,True,True,True,True,False,True,LIQUID_CORE,,BLUE_CHIP,CONGLOMERATE,LQ45,SINAR_MAS,MEDIUM,False,False,CORE
INOV,2026-10-07,0,716,183172300.0,296463000.0,0.2827969192105454,True,True,False,False,False,False,RESEARCH_ONLY,median_value_20d<1bn;median_value_60d<1bn,UNCLASSIFIED,,,,LOW,False,False,EXCLUDED
INPC,2026-10-05,2,4119,687752300.0,547772800.0,0.5171554553944758,True,True,False,False,False,False,RESEARCH_ONLY,median_value_20d<1bn;median_value_60d<1bn,UNCLASSIFIED,,,,LOW,False,False,EXCLUDED
INPP,2026-10-07,0,717,16354000.0,81298000.0,0.2048486246205672,True,True,False,False,False,False,RESEARCH_ONLY,median_value_20d<1bn;median_value_60d<1bn,UNCLASSIFIED,,,,LOW,False,False,EXCLUDED
INPS,2026-10-06,1,715,0.0,117036750.0,0.6580453262551857,True,True,False,False,False,False,RESEARCH_ONLY,median_value_20d<1bn;median_value_60d<1bn,UNCLASSIFIED,,,,LOW,False,False,EXCLUDED
INRU,2026-10-05,2,4125,0.0,0.0,0.0,True,True,False,False,False,False,RESEARCH_ONLY,median_value_20d<1bn;median_value_60d<1bn,UNCLASSIFIED,,,,LOW,False,False,EXCLUDED
INTA,2026-10-06,1,717,0.0,0.0,0.0,True,True,False,False,False,False,RESEARCH_ONLY,median_value_20d<1bn;median_value_60d<1bn,UNCLASSIFIED,,,,LOW,False,False,EXCLUDED
INTD,2026-10-07,0,717,511243600.0,42750200.0,1.5288011421078862,True,True,False,False,False,False,RESEARCH_ONLY,median_value_20d<1bn;median_value_60d<1bn,UNCLASSIFIED,,,,LOW,False,False,EXCLUDED
INTP,2026-10-07,0,717,4614811250.0,5286637500.0,0.3088735307361665,True,True,True,True,False,True,LIQUID_CORE,,UNCLASSIFIED,,,,LOW,False,False,LIQUID_CORE
IOTF,2026-10-07,0,716,1034611100.0,1034611100.0,0.8994185614565965,True,True,True,True,False,True,LIQUID_HIGH_VOL,,UNCLASSIFIED,,,,LOW,False,False,BROAD_RESEARCH
IPAC,2026-10-06,1,715,0.0,5879650.0,0.05941678267428588,True,True,False,False,False,False,RESEARCH_ONLY,median_value_20d<1bn;median_value_60d<1bn,UNCLASSIFIED,,,,LOW,False,False,EXCLUDED
IPCC,2026-10-07,0,716,647133500.0,703038000.0,0.18679750106527873,True,True,False,False,False,False,RESEARCH_ONLY,median_value_20d<1bn;median_value_60d<1bn,UNCLASSIFIED,,,,LOW,False,False,EXCLUDED
IPCM,2026-10-07,0,716,251640400.0,205648500.0,0.19351410818407927,True,True,False,False,False,False,RESEARCH_ONLY,median_value_20d<1bn;median_value_60d<1bn,UNCLASSIFIED,,,,LOW,False,False,EXCLUDED
IPOL,2026-10-07,0,716,69606450.0,72582850.0,0.3017198048986907,True,True,False,False,False,False,RESEARCH_ONLY,median_value_20d<1bn;median_value_60d<1bn,UNCLASSIFIED,,,,LOW,False,False,EXCLUDED
IPPE,2026-10-06,1,720,0.0,0.0,0.0,True,True,False,False,False,False,RESEARCH_ONLY,median_value_20d<1bn;median_value_60d<1bn,UNCLASSIFIED,,,,LOW,False,False,EXCLUDED
IPTV,2026-10-07,0,716,244564400.0,101230600.0,0.7462105376760872,True,True,False,False,False,False,RESEARCH_ONLY,median_value_20d<1bn;median_value_60d<1bn,UNCLASSIFIED,,,,LOW,False,False,EXCLUDED
IRRA,2026-10-07,0,716,210283200.0,214948900.0,0.23286100724878878,True,True,False,False,False,False,RESEARCH_ONLY,median_value_20d<1bn;median_value_60d<1bn,UNCLASSIFIED,,,,LOW,False,False,EXCLUDED
IRSX,2026-10-07,0,716,19367397700.0,19412408100.0,0.7462764387990943,True,True,True,True,False,True,LIQUID_GROWTH_MOMENTUM,,UNCLASSIFIED,,,,LOW,False,False,BROAD_RESEARCH
ISAP,2026-10-07,0,716,1021551850.0,434502500.0,0.8684893220923317,True,True,True,False,False,False,RESEARCH_ONLY,median_value_60d<1bn,UNCLASSIFIED,,,,LOW,False,False,EXCLUDED
ISAT,2026-10-05,2,4121,95765990000.0,102157755000.0,0.31285796638692864,True,True,True,True,False,True,LIQUID_CORE,,BLUE_CHIP,BLUE_CHIP,LQ45,,MEDIUM,False,False,CORE
ISEA,2026-10-07,0,543,284318750.0,509081700.0,0.46136384803279085,True,True,False,False,False,False,RESEARCH_ONLY,median_value_20d<1bn;median_value_60d<1bn,UNCLASSIFIED,,,,LOW,False,False,EXCLUDED
ISSP,2026-10-07,0,716,1153691500.0,543618500.0,0.29587485727280205,True,True,True,False,False,False,RESEARCH_ONLY,median_value_60d<1bn,UNCLASSIFIED,,,,LOW,False,False,EXCLUDED
ITIC,2026-10-07,0,716,68515200.0,75255200.0,0.2873564586224032,True,True,False,False,False,False,RESEARCH_ONLY,median_value_20d<1bn;median_value_60d<1bn,UNCLASSIFIED,,,,LOW,False,False,EXCLUDED
ITMA,2026-10-07,0,716,36956750.0,33044000.0,0.5003929029589886,True,True,False,False,False,False,RESEARCH_ONLY,median_value_20d<1bn;median_value_60d<1bn,UNCLASSIFIED,,,,LOW,False,False,EXCLUDED
ITMG,2026-10-05,2,4121,32479840000.0,32860001250.0,0.2365870539884509,True,True,True,True,False,True,LIQUID_CORE,,BLUE_CHIP,BLUE_CHIP,LQ45,,MEDIUM,False,False,CORE
JARR,2026-10-07,0,716,51436421500.0,25804488000.0,0.9515329564390836,True,True,True,True,False,True,LIQUID_HIGH_VOL,,UNCLASSIFIED,,,,LOW,False,False,BROAD_RESEARCH
JAST,2026-10-07,0,716,581234900.0,590224900.0,0.741040503254756,True,True,False,False,False,False,RESEARCH_ONLY,median_value_20d<1bn;median_value_60d<1bn,UNCLASSIFIED,,,,LOW,False,False,EXCLUDED
JATI,2026-10-07,0,716,2134195050.0,1587719500.0,0.5879670691047482,True,True,True,True,False,True,LIQUID_GROWTH_MOMENTUM,,UNCLASSIFIED,,,,LOW,False,False,BROAD_RESEARCH
JAWA,2026-10-07,0,716,4317308800.0,696827250.0,1.3240950041855994,True,True,True,False,False,False,RESEARCH_ONLY,median_value_60d<1bn,UNCLASSIFIED,,,,LOW,False,False,EXCLUDED
JAYA,2026-10-07,0,716,589441000.0,284862050.0,0.7448978000545683,True,True,False,False,False,False,RESEARCH_ONLY,median_value_20d<1bn;median_value_60d<1bn,UNCLASSIFIED,,,,LOW,False,False,EXCLUDED
JECC,2026-10-07,0,717,93415000.0,29447000.0,1.2567618727334757,True,True,False,False,False,False,RESEARCH_ONLY,median_value_20d<1bn;median_value_60d<1bn,UNCLASSIFIED,,,,LOW,False,False,EXCLUDED
JGLE,2026-10-07,0,716,20233692900.0,36560030400.0,0.7998831576027879,True,True,True,True,False,True,LIQUID_HIGH_VOL,,UNCLASSIFIED,,,,LOW,False,False,BROAD_RESEARCH
JIHD,2026-10-07,0,717,75134300.0,86012000.0,0.18653028439193856,True,True,False,False,False,False,RESEARCH_ONLY,median_value_20d<1bn;median_value_60d<1bn,UNCLASSIFIED,,,,LOW,False,False,EXCLUDED
JKON,2026-10-07,0,717,468318800.0,977197050.0,0.281312592422504,True,True,False,False,False,False,RESEARCH_ONLY,median_value_20d<1bn;median_value_60d<1bn,UNCLASSIFIED,,,,LOW,False,False,EXCLUDED
JMAS,2026-10-06,1,717,0.0,0.0,0.0,True,True,False,False,False,False,RESEARCH_ONLY,median_value_20d<1bn;median_value_60d<1bn,UNCLASSIFIED,,,,LOW,False,False,EXCLUDED
JPFA,2026-10-07,0,717,22045773500.0,24760410500.0,0.2550396551204147,True,True,True,True,False,True,LIQUID_CORE,,BLUE_CHIP,BLUE_CHIP,LQ45,,MEDIUM,False,False,CORE
JRPT,2026-10-07,0,717,753730750.0,502446250.0,0.12281049898312053,True,True,False,False,False,False,RESEARCH_ONLY,median_value_20d<1bn;median_value_60d<1bn,UNCLASSIFIED,,,,LOW,False,False,EXCLUDED
JSMR,2026-10-05,2,4119,7608091000.0,7237144000.0,0.21530833644789527,True,True,True,True,False,True,LIQUID_CORE,,BUMN_AFFILIATED,BUMN_AFFILIATED,,,MEDIUM,False,False,BUMN_RESEARCH
JSPT,2026-10-07,0,717,21952000.0,23914250.0,0.44111392257630344,True,True,False,False,False,False,RESEARCH_ONLY,median_value_20d<1bn;median_value_60d<1bn,UNCLASSIFIED,,,,LOW,False,False,EXCLUDED
JTPE,2026-10-07,0,717,554431000.0,557309750.0,0.22946220171454473,True,True,False,False,False,False,RESEARCH_ONLY,median_value_20d<1bn;median_value_60d<1bn,UNCLASSIFIED,,,,LOW,False,False,EXCLUDED
KAEF,2026-10-05,2,4120,438893400.0,239088000.0,0.3295698827648027,True,True,False,False,False,False,RESEARCH_ONLY,median_value_20d<1bn;median_value_60d<1bn,BUMN_AFFILIATED,BUMN_AFFILIATED,,,MEDIUM,False,False,EXCLUDED
KAQI,2026-10-07,0,377,1786516000.0,3043170900.0,0.37963271477453087,True,True,True,True,False,True,LIQUID_CORE,,UNCLASSIFIED,,,,LOW,False,False,LIQUID_CORE
KARW,2026-10-06,1,717,0.0,0.0,0.0,True,True,False,False,False,False,RESEARCH_ONLY,median_value_20d<1bn;median_value_60d<1bn,UNCLASSIFIED,,,,LOW,False,False,EXCLUDED
KAYU,2026-10-06,1,720,0.0,0.0,0.0,True,True,False,False,False,False,RESEARCH_ONLY,median_value_20d<1bn;median_value_60d<1bn,UNCLASSIFIED,,,,LOW,False,False,EXCLUDED
KBAG,2026-10-07,0,716,142870500.0,173625000.0,0.7310776728731486,True,True,False,False,False,False,RESEARCH_ONLY,median_value_20d<1bn;median_value_60d<1bn,UNCLASSIFIED,,,,LOW,False,False,EXCLUDED
KBLI,2026-10-07,0,717,303502000.0,224180500.0,0.489769725995717,True,True,False,False,False,False,RESEARCH_ONLY,median_value_20d<1bn;median_value_60d<1bn,UNCLASSIFIED,,,,LOW,False,False,EXCLUDED
KBLM,2026-10-05,2,4120,211064100.0,22961900.0,0.5508295623105549,True,True,False,False,False,False,RESEARCH_ONLY,median_value_20d<1bn;median_value_60d<1bn,UNCLASSIFIED,,,,LOW,False,False,EXCLUDED
KBLV,2026-10-07,0,716,876205500.0,2032976300.0,0.5218541215223975,True,True,False,True,False,False,RESEARCH_ONLY,median_value_20d<1bn,UNCLASSIFIED,,,,LOW,False,False,EXCLUDED
KDSI,2026-10-07,0,717,4692700.0,4553600.0,0.21824303396886469,True,True,False,False,False,False,RESEARCH_ONLY,median_value_20d<1bn;median_value_60d<1bn,UNCLASSIFIED,,,,LOW,False,False,EXCLUDED
KDTN,2026-10-07,0,716,1605785300.0,2501682400.0,1.35266306885063,True,True,True,True,False,True,LIQUID_HIGH_VOL,,UNCLASSIFIED,,,,LOW,False,False,BROAD_RESEARCH
KEEN,2026-10-07,0,716,6189754500.0,7267637000.0,0.23465108480356744,True,True,True,True,False,True,LIQUID_CORE,,UNCLASSIFIED,,,,LOW,False,False,LIQUID_CORE
KEJU,2026-10-07,0,716,35538000.0,51674000.0,0.20486966384063857,True,True,False,False,False,False,RESEARCH_ONLY,median_value_20d<1bn;median_value_60d<1bn,UNCLASSIFIED,,,,LOW,False,False,EXCLUDED
KETR,2026-10-07,0,716,31494834000.0,25245719500.0,0.5811482229094905,True,True,True,True,False,True,LIQUID_GROWTH_MOMENTUM,,UNCLASSIFIED,,,,LOW,False,False,BROAD_RESEARCH
KIAS,2026-10-06,1,720,0.0,0.0,0.0,True,True,False,False,False,False,RESEARCH_ONLY,median_value_20d<1bn;median_value_60d<1bn,UNCLASSIFIED,,,,LOW,False,False,EXCLUDED
KICI,2026-10-07,0,717,1208902800.0,314582250.0,1.3114856220692785,True,True,True,False,False,False,RESEARCH_ONLY,median_value_60d<1bn,UNCLASSIFIED,,,,LOW,False,False,EXCLUDED
KIJA,2026-10-07,0,717,40589119250.0,27186520550.0,0.5950019199364166,True,True,True,True,False,True,LIQUID_GROWTH_MOMENTUM,,UNCLASSIFIED,,,,LOW,False,False,BROAD_RESEARCH
KINO,2026-10-07,0,716,87927500.0,61455250.0,0.3283502820261957,True,True,False,False,False,False,RESEARCH_ONLY,median_value_20d<1bn;median_value_60d<1bn,UNCLASSIFIED,,,,LOW,False,False,EXCLUDED
KIOS,2026-10-07,0,716,869610400.0,1630524650.0,0.768452443164182,True,True,False,True,False,False,RESEARCH_ONLY,median_value_20d<1bn,UNCLASSIFIED,,,,LOW,False,False,EXCLUDED
KJEN,2026-10-07,0,716,2099443950.0,1335207000.0,0.577473029178051,True,True,True,True,False,True,LIQUID_GROWTH_MOMENTUM,,UNCLASSIFIED,,,,LOW,False,False,BROAD_RESEARCH
KKES,2026-10-07,0,716,2994312250.0,772002700.0,1.9407074738770227,True,True,True,False,False,False,RESEARCH_ONLY,median_value_60d<1bn,UNCLASSIFIED,,,,LOW,False,False,EXCLUDED
KKGI,2026-10-07,0,717,1354894442.805481,648690870.4345703,0.36495597877535185,True,True,True,False,False,False,RESEARCH_ONLY,median_value_60d<1bn,UNCLASSIFIED,,,,LOW,False,False,EXCLUDED
KLAS,2026-10-07,0,716,563691200.0,622739800.0,0.67370467500654,True,True,False,False,False,False,RESEARCH_ONLY,median_value_20d<1bn;median_value_60d<1bn,UNCLASSIFIED,,,,LOW,False,False,EXCLUDED
KLBF,2026-10-05,2,4121,44866636000.0,51111476000.0,0.3135434833985933,True,True,True,True,False,True,LIQUID_CORE,,BLUE_CHIP,BLUE_CHIP,LQ45,,MEDIUM,False,False,CORE
KLIN,2026-10-07,0,716,21781500.0,23037600.0,0.5955572687006245,True,True,False,False,False,False,RESEARCH_ONLY,median_value_20d<1bn;median_value_60d<1bn,UNCLASSIFIED,,,,LOW,False,False,EXCLUDED
KMDS,2026-10-07,0,716,54598500.0,51849000.0,0.1255439305592016,True,True,False,False,False,False,RESEARCH_ONLY,median_value_20d<1bn;median_value_60d<1bn,UNCLASSIFIED,,,,LOW,False,False,EXCLUDED
KMTR,2026-10-07,0,716,9336600.0,12836000.0,0.2960220241352397,True,True,False,False,False,False,RESEARCH_ONLY,median_value_20d<1bn;median_value_60d<1bn,UNCLASSIFIED,,,,LOW,False,False,EXCLUDED
KOBX,2026-10-07,0,716,230551350.0,353961150.0,0.2620736089992226,True,True,False,False,False,False,RESEARCH_ONLY,median_value_20d<1bn;median_value_60d<1bn,UNCLASSIFIED,,,,LOW,False,False,EXCLUDED
KOCI,2026-10-07,0,716,2061385200.0,1493583050.0,0.7229463996121871,True,True,True,True,False,True,LIQUID_GROWTH_MOMENTUM,,UNCLASSIFIED,,,,LOW,False,False,BROAD_RESEARCH
KOIN,2026-10-06,1,717,0.0,0.0,0.0,True,True,False,False,False,False,RESEARCH_ONLY,median_value_20d<1bn;median_value_60d<1bn,UNCLASSIFIED,,,,LOW,False,False,EXCLUDED
KOKA,2026-10-07,0,714,1724547750.0,2422086900.0,0.8068622302408167,True,True,True,True,False,True,LIQUID_HIGH_VOL,,UNCLASSIFIED,,,,LOW,False,False,BROAD_RESEARCH
KONI,2026-10-07,0,717,18733500.0,45472000.0,0.45870733375765244,True,True,False,False,False,False,RESEARCH_ONLY,median_value_20d<1bn;median_value_60d<1bn,UNCLASSIFIED,,,,LOW,False,False,EXCLUDED
KOPI,2026-10-07,0,716,174551550.0,142116000.0,0.24564747765494502,True,True,False,False,False,False,RESEARCH_ONLY,median_value_20d<1bn;median_value_60d<1bn,UNCLASSIFIED,,,,LOW,False,False,EXCLUDED
KOTA,2026-10-07,0,716,33194610300.0,67425460300.0,0.5992432758890263,True,True,True,True,False,True,LIQUID_GROWTH_MOMENTUM,,UNCLASSIFIED,,,,LOW,False,False,BROAD_RESEARCH
KPIG,2026-10-07,0,717,23188059800.0,14026600200.0,1.6104124275838076,True,True,True,True,False,True,LIQUID_HIGH_VOL,,UNCLASSIFIED,,,,LOW,False,False,BROAD_RESEARCH
KRAS,2026-10-07,0,716,577221600.0,944405700.0,0.538378114937621,True,True,False,False,False,False,RESEARCH_ONLY,median_value_20d<1bn;median_value_60d<1bn,BUMN_AFFILIATED,BUMN_AFFILIATED,,,MEDIUM,False,False,EXCLUDED
KREN,2026-10-07,0,717,641177300.0,300743050.0,1.4556055709713493,True,True,False,False,False,False,RESEARCH_ONLY,median_value_20d<1bn;median_value_60d<1bn,UNCLASSIFIED,,,,LOW,False,False,EXCLUDED
KRYA,2026-10-07,0,716,1240366150.0,1382440900.0,0.8340296435190822,True,True,True,True,False,True,LIQUID_HIGH_VOL,,UNCLASSIFIED,,,,LOW,False,False,BROAD_RESEARCH
KSIX,2026-10-07,0,417,99754200.0,143451000.0,0.36886538325792023,True,True,False,False,False,False,RESEARCH_ONLY,median_value_20d<1bn;median_value_60d<1bn,UNCLASSIFIED,,,,LOW,False,False,EXCLUDED
KUAS,2026-10-07,0,716,1078988100.0,1018912650.0,0.8828247433692333,True,True,True,True,False,True,LIQUID_HIGH_VOL,,UNCLASSIFIED,,,,LOW,False,False,BROAD_RESEARCH
LABA,2026-10-07,0,716,1671229350.0,1035245100.0,0.7116302388708794,True,True,True,True,False,True,LIQUID_GROWTH_MOMENTUM,,UNCLASSIFIED,,,,LOW,False,False,BROAD_RESEARCH
LABS,2026-10-07,0,541,209133500.0,171621400.0,0.6408424980956279,True,True,False,False,False,False,RESEARCH_ONLY,median_value_20d<1bn;median_value_60d<1bn,UNCLASSIFIED,,,,LOW,False,False,EXCLUDED
LAJU,2026-10-07,0,716,1399757050.0,1322662950.0,0.695058909891927,True,True,True,True,False,True,LIQUID_GROWTH_MOMENTUM,,UNCLASSIFIED,,,,LOW,False,False,BROAD_RESEARCH
LAND,2026-10-07,0,716,1291963600.0,1715691250.0,1.008655559807578,True,True,True,True,False,True,LIQUID_HIGH_VOL,,UNCLASSIFIED,,,,LOW,False,False,BROAD_RESEARCH
LAPD,2026-10-07,0,716,4576039000.0,1982294500.0,1.5539772732824704,True,True,True,True,False,True,LIQUID_HIGH_VOL,,UNCLASSIFIED,,,,LOW,False,False,BROAD_RESEARCH
LCKM,2026-10-06,1,717,0.0,0.0,0.0,True,True,False,False,False,False,RESEARCH_ONLY,median_value_20d<1bn;median_value_60d<1bn,UNCLASSIFIED,,,,LOW,False,False,EXCLUDED
LEAD,2026-10-07,0,716,1452308400.0,2191790800.0,0.3956218787947295,True,True,True,True,False,True,LIQUID_CORE,,UNCLASSIFIED,,,,LOW,False,False,LIQUID_CORE
LFLO,2026-10-07,0,716,7717500.0,4484550.0,0.5667078107581867,True,True,False,False,False,False,RESEARCH_ONLY,median_value_20d<1bn;median_value_60d<1bn,UNCLASSIFIED,,,,LOW,False,False,EXCLUDED
LIFE,2026-10-07,0,716,130395000.0,15960000.0,0.9187120618921613,True,True,False,False,False,False,RESEARCH_ONLY,median_value_20d<1bn;median_value_60d<1bn,UNCLASSIFIED,,,,LOW,False,False,EXCLUDED
LINK,2026-10-07,0,716,34597500.0,25370250.0,0.5971195348638997,True,True,False,False,False,False,RESEARCH_ONLY,median_value_20d<1bn;median_value_60d<1bn,UNCLASSIFIED,,,,LOW,False,False,EXCLUDED
LION,2026-10-07,0,717,28877400.0,28039000.0,0.5878662371697156,True,True,False,False,False,False,RESEARCH_ONLY,median_value_20d<1bn;median_value_60d<1bn,UNCLASSIFIED,,,,LOW,False,False,EXCLUDED
LIVE,2026-10-07,0,631,213208100.0,377081400.0,0.4420767418214993,True,True,False,False,False,False,RESEARCH_ONLY,median_value_20d<1bn;median_value_60d<1bn,UNCLASSIFIED,,,,LOW,False,False,EXCLUDED
LMAX,2026-10-07,0,716,56071200.0,52076200.0,0.5150581013177883,True,True,False,False,False,False,RESEARCH_ONLY,median_value_20d<1bn;median_value_60d<1bn,UNCLASSIFIED,,,,LOW,False,False,EXCLUDED
LMPI,2026-10-07,0,717,49784500.0,44491500.0,0.25448489415808134,True,True,False,False,False,False,RESEARCH_ONLY,median_value_20d<1bn;median_value_60d<1bn,UNCLASSIFIED,,,,LOW,False,False,EXCLUDED
LMSH,2026-10-06,1,720,0.0,0.0,0.0,True,True,False,False,False,False,RESEARCH_ONLY,median_value_20d<1bn;median_value_60d<1bn,UNCLASSIFIED,,,,LOW,False,False,EXCLUDED
LOPI,2026-10-07,0,714,609475650.0,434936700.0,0.5192713489859875,True,True,False,False,False,False,RESEARCH_ONLY,median_value_20d<1bn;median_value_60d<1bn,UNCLASSIFIED,,,,LOW,False,False,EXCLUDED
LPCK,2026-10-05,2,4121,160806500.0,197728250.0,0.3715299478554253,True,True,False,False,False,False,RESEARCH_ONLY,median_value_20d<1bn;median_value_60d<1bn,UNCLASSIFIED,,,,LOW,False,False,EXCLUDED
LPGI,2026-10-07,0,717,1419000.0,4998750.0,0.07959483782059677,True,True,False,False,False,False,RESEARCH_ONLY,median_value_20d<1bn;median_value_60d<1bn,UNCLASSIFIED,,,,LOW,False,False,EXCLUDED
LPIN,2026-10-07,0,717,49638200.0,38418500.0,0.1554285359006295,True,True,False,False,False,False,RESEARCH_ONLY,median_value_20d<1bn;median_value_60d<1bn,UNCLASSIFIED,,,,LOW,False,False,EXCLUDED
LPKR,2026-10-05,2,4120,8343871300.0,7742044450.0,0.716726023200109,True,True,True,True,False,True,LIQUID_GROWTH_MOMENTUM,,UNCLASSIFIED,,,,LOW,False,False,BROAD_RESEARCH
LPLI,2026-10-07,0,717,39044300.0,36807700.0,0.2996411426894932,True,True,False,False,False,False,RESEARCH_ONLY,median_value_20d<1bn;median_value_60d<1bn,UNCLASSIFIED,,,,LOW,False,False,EXCLUDED
LPPF,2026-10-07,0,717,1930733250.0,1760287500.0,0.2647531606304057,True,True,True,True,False,True,LIQUID_CORE,,UNCLASSIFIED,,,,LOW,False,False,LIQUID_CORE
LPPS,2026-10-07,0,717,139890300.0,141742450.0,0.9118685458830514,True,True,False,False,False,False,RESEARCH_ONLY,median_value_20d<1bn;median_value_60d<1bn,UNCLASSIFIED,,,,LOW,False,False,EXCLUDED
LRNA,2026-10-07,0,716,54396100.0,47088500.0,0.38843276458049236,True,True,False,False,False,False,RESEARCH_ONLY,median_value_20d<1bn;median_value_60d<1bn,UNCLASSIFIED,,,,LOW,False,False,EXCLUDED
LSIP,2026-10-07,0,717,16560169250.0,12543741000.0,0.2701217983351337,True,True,True,True,False,True,LIQUID_CORE,,UNCLASSIFIED,,,,LOW,False,False,LIQUID_CORE
LTLS,2026-10-07,0,717,92000750.0,55888000.0,0.3393333214178065,True,True,False,False,False,False,RESEARCH_ONLY,median_value_20d<1bn;median_value_60d<1bn,UNCLASSIFIED,,,,LOW,False,False,EXCLUDED
LUCK,2026-10-07,0,716,422288750.0,501853750.0,0.4115923820056375,True,True,False,False,False,False,RESEARCH_ONLY,median_value_20d<1bn;median_value_60d<1bn,UNCLASSIFIED,,,,LOW,False,False,EXCLUDED
LUCY,2026-10-07,0,716,22443531300.0,12170009600.0,0.9312195025407468,True,True,True,True,False,True,LIQUID_HIGH_VOL,,UNCLASSIFIED,,,,LOW,False,False,BROAD_RESEARCH
MAHA,2026-10-07,0,716,719295350.0,522710100.0,0.26527297295645935,True,True,False,False,False,False,RESEARCH_ONLY,median_value_20d<1bn;median_value_60d<1bn,UNCLASSIFIED,,,,LOW,False,False,EXCLUDED
MAIN,2026-10-07,0,717,729571500.0,752454250.0,0.21744666628410433,True,True,False,False,False,False,RESEARCH_ONLY,median_value_20d<1bn;median_value_60d<1bn,UNCLASSIFIED,,,,LOW,False,False,EXCLUDED
MANG,2026-10-07,0,651,315634200.0,292246200.0,0.48763474551018543,True,True,False,False,False,False,RESEARCH_ONLY,median_value_20d<1bn;median_value_60d<1bn,UNCLASSIFIED,,,,LOW,False,False,EXCLUDED
MAPA,2026-10-07,0,716,8362982250.0,8939987000.0,0.3962866897883634,True,True,True,True,False,True,LIQUID_CORE,,UNCLASSIFIED,,,,LOW,False,False,LIQUID_CORE
MAPB,2026-10-07,0,716,681000.0,1348250.0,0.8223597224862835,True,True,False,False,False,False,RESEARCH_ONLY,median_value_20d<1bn;median_value_60d<1bn,UNCLASSIFIED,,,,LOW,False,False,EXCLUDED
MAPI,2026-10-07,0,717,8834758000.0,7708789500.0,0.36881176230185236,True,True,True,True,False,True,LIQUID_CORE,,BLUE_CHIP,BLUE_CHIP,LQ45,,MEDIUM,False,False,CORE
MARI,2026-10-06,1,717,0.0,0.0,0.0,True,True,False,False,False,False,RESEARCH_ONLY,median_value_20d<1bn;median_value_60d<1bn,UNCLASSIFIED,,,,LOW,False,False,EXCLUDED
MARK,2026-10-07,0,716,16383923500.0,16376504087.231445,0.44096744090931367,True,True,True,True,False,True,LIQUID_CORE,,UNCLASSIFIED,,,,LOW,False,False,LIQUID_CORE
MASB,2026-10-07,0,716,25401000.0,33900000.0,0.2675494131340046,True,True,False,False,False,False,RESEARCH_ONLY,median_value_20d<1bn;median_value_60d<1bn,UNCLASSIFIED,,,,LOW,False,False,EXCLUDED
MAXI,2026-10-07,0,716,9417500.0,6115000.0,0.9614155597358369,True,True,False,False,False,False,RESEARCH_ONLY,median_value_20d<1bn;median_value_60d<1bn,UNCLASSIFIED,,,,LOW,False,False,EXCLUDED
MAYA,2026-10-05,2,4120,265144350.0,170629000.0,0.3684963865162086,True,True,False,False,False,False,RESEARCH_ONLY,median_value_20d<1bn;median_value_60d<1bn,UNCLASSIFIED,,,,LOW,False,False,EXCLUDED
MBAP,2026-10-07,0,716,87001250.0,77688000.0,0.2972618988198318,True,True,False,False,False,False,RESEARCH_ONLY,median_value_20d<1bn;median_value_60d<1bn,UNCLASSIFIED,,,,LOW,False,False,EXCLUDED
MBMA,2026-10-07,0,716,46530760500.0,51932177250.0,0.44515344812161917,True,True,True,True,False,True,LIQUID_CORE,,BLUE_CHIP,BLUE_CHIP,LQ45,,MEDIUM,False,False,CORE
MBSS,2026-10-07,0,716,4824314500.0,3286332000.0,1.132668851407459,True,True,True,True,False,True,LIQUID_HIGH_VOL,,UNCLASSIFIED,,,,LOW,False,False,BROAD_RESEARCH
MBTO,2026-10-07,0,716,1366445350.0,624714800.0,1.721150008992855,True,True,True,False,False,False,RESEARCH_ONLY,median_value_60d<1bn,UNCLASSIFIED,,,,LOW,False,False,EXCLUDED
MCAS,2026-10-07,0,716,313272400.0,601932600.0,0.5808296549564541,True,True,False,False,False,False,RESEARCH_ONLY,median_value_20d<1bn;median_value_60d<1bn,UNCLASSIFIED,,,,LOW,False,False,EXCLUDED
MCOL,2026-10-07,0,716,57651500.0,79556500.0,0.2278355611944772,True,True,False,False,False,False,RESEARCH_ONLY,median_value_20d<1bn;median_value_60d<1bn,UNCLASSIFIED,,,,LOW,False,False,EXCLUDED
MCOR,2026-10-07,0,717,174824100.0,166099000.0,0.1636467924130449,True,True,False,False,False,False,RESEARCH_ONLY,median_value_20d<1bn;median_value_60d<1bn,UNCLASSIFIED,,,,LOW,False,False,EXCLUDED
MDIA,2026-10-07,0,717,38147238400.0,40474109000.0,0.8520803655578376,True,True,True,True,False,True,LIQUID_HIGH_VOL,,CONGLOMERATE,CONGLOMERATE,,BAKRIE,MEDIUM,False,False,GROUP_RESEARCH
MDIY,2026-10-07,0,427,360324750.0,408377750.0,0.179619601308459,True,True,False,False,False,False,RESEARCH_ONLY,median_value_20d<1bn;median_value_60d<1bn,UNCLASSIFIED,,,,LOW,False,False,EXCLUDED
MDKA,2026-10-07,0,716,100306228000.0,98260423500.0,0.46975504177856536,True,True,True,True,False,True,LIQUID_GROWTH_MOMENTUM,,BLUE_CHIP,CONGLOMERATE,LQ45,MERDEKA,MEDIUM,False,False,CORE
MDKI,2026-10-07,0,716,57333300.0,39072400.0,0.1911234291439897,True,True,False,False,False,False,RESEARCH_ONLY,median_value_20d<1bn;median_value_60d<1bn,UNCLASSIFIED,,,,LOW,False,False,EXCLUDED
MDLA,2026-10-07,0,358,231719900.0,185733000.0,0.1404733423894369,True,True,False,False,False,False,RESEARCH_ONLY,median_value_20d<1bn;median_value_60d<1bn,UNCLASSIFIED,,,,LOW,False,False,EXCLUDED
MDLN,2026-10-07,0,717,8770000.0,51884800.0,0.8685478948515355,True,True,False,False,False,False,RESEARCH_ONLY,median_value_20d<1bn;median_value_60d<1bn,UNCLASSIFIED,,,,LOW,False,False,EXCLUDED
MDRN,2026-10-06,1,717,0.0,0.0,0.0,True,True,False,False,False,False,RESEARCH_ONLY,median_value_20d<1bn;median_value_60d<1bn,UNCLASSIFIED,,,,LOW,False,False,EXCLUDED
MEDC,2026-10-05,2,4121,80696925500.0,69997944500.0,0.36378025898332916,True,True,True,True,False,True,LIQUID_CORE,,BLUE_CHIP,BLUE_CHIP,LQ45,,MEDIUM,False,False,CORE
MEDS,2026-10-07,0,716,4327312200.0,2455696450.0,0.7314377110442163,True,True,True,True,False,True,LIQUID_GROWTH_MOMENTUM,,UNCLASSIFIED,,,,LOW,False,False,BROAD_RESEARCH
MEGA,2026-10-05,2,4120,54667750.0,54210000.0,0.15580162678396006,True,True,False,False,False,False,RESEARCH_ONLY,median_value_20d<1bn;median_value_60d<1bn,UNCLASSIFIED,,,,LOW,False,False,EXCLUDED
MEJA,2026-10-07,0,631,5083588200.0,3351055600.0,1.0578988771568898,True,True,True,True,False,True,LIQUID_HIGH_VOL,,UNCLASSIFIED,,,,LOW,False,False,BROAD_RESEARCH
MENN,2026-10-06,1,720,0.0,0.0,0.0,True,True,False,False,False,False,RESEARCH_ONLY,median_value_20d<1bn;median_value_60d<1bn,UNCLASSIFIED,,,,LOW,False,False,EXCLUDED
MERI,2026-10-07,0,305,170425100.0,226326800.0,0.4092139406376942,True,True,False,False,False,False,RESEARCH_ONLY,median_value_20d<1bn;median_value_60d<1bn,UNCLASSIFIED,,,,LOW,False,False,EXCLUDED
MERK,2026-10-05,2,4121,79651500.0,107571000.0,0.23637528782261857,True,True,False,False,False,False,RESEARCH_ONLY,median_value_20d<1bn;median_value_60d<1bn,UNCLASSIFIED,,,,LOW,False,False,EXCLUDED
MFMI,2026-10-06,1,720,0.0,0.0,0.0,True,True,False,False,False,False,RESEARCH_ONLY,median_value_20d<1bn;median_value_60d<1bn,UNCLASSIFIED,,,,LOW,False,False,EXCLUDED
MGLV,2026-10-07,0,716,12211681250.0,8428767500.0,0.4831792656551756,True,True,True,True,False,True,LIQUID_GROWTH_MOMENTUM,,UNCLASSIFIED,,,,LOW,False,False,BROAD_RESEARCH
MGNA,2026-10-07,0,716,5912441500.0,645719700.0,2.3014726873216698,True,True,True,False,False,False,RESEARCH_ONLY,median_value_60d<1bn,UNCLASSIFIED,,,,LOW,False,False,EXCLUDED
MGRO,2026-10-07,0,716,2966148250.0,2782587250.0,0.23164651082909024,True,True,True,True,False,True,LIQUID_CORE,,UNCLASSIFIED,,,,LOW,False,False,LIQUID_CORE
MHKI,2026-10-07,0,595,231973200.0,388785750.0,0.3838158645889962,True,True,False,False,False,False,RESEARCH_ONLY,median_value_20d<1bn;median_value_60d<1bn,UNCLASSIFIED,,,,LOW,False,False,EXCLUDED
MICE,2026-10-07,0,718,15435000.0,12110000.0,0.5452521293761758,True,True,False,False,False,False,RESEARCH_ONLY,median_value_20d<1bn;median_value_60d<1bn,UNCLASSIFIED,,,,LOW,False,False,EXCLUDED
MIDI,2026-10-07,0,716,1207666000.0,1562212700.0,0.1889248867838034,True,True,True,True,False,True,LIQUID_CORE,,UNCLASSIFIED,,,,LOW,False,False,LIQUID_CORE
MIKA,2026-10-07,0,716,1647024500.0,6300899500.0,0.2615546684074919,True,True,True,True,False,True,LIQUID_CORE,,UNCLASSIFIED,,,,LOW,False,False,LIQUID_CORE
MINA,2026-10-07,0,716,9518130000.0,12032157000.0,0.4997300481705076,True,True,True,True,False,True,LIQUID_GROWTH_MOMENTUM,,UNCLASSIFIED,,,,LOW,False,False,BROAD_RESEARCH
MINE,2026-10-07,0,377,360649100.0,326679400.0,0.4213951381408751,True,True,False,False,False,False,RESEARCH_ONLY,median_value_20d<1bn;median_value_60d<1bn,UNCLASSIFIED,,,,LOW,False,False,EXCLUDED
MIRA,2026-10-07,0,716,256502400.0,175765450.0,1.483890352669696,True,True,False,False,False,False,RESEARCH_ONLY,median_value_20d<1bn;median_value_60d<1bn,UNCLASSIFIED,,,,LOW,False,False,EXCLUDED
MITI,2026-10-07,0,716,2552093500.0,1016732400.0,1.446064354987167,True,True,True,True,False,True,LIQUID_HIGH_VOL,,UNCLASSIFIED,,,,LOW,False,False,BROAD_RESEARCH
MKAP,2026-10-07,0,631,2034720750.0,70025000.0,0.16642520740819305,True,True,True,False,False,False,RESEARCH_ONLY,median_value_60d<1bn,UNCLASSIFIED,,,,LOW,False,False,EXCLUDED
MKNT,2026-10-06,1,720,0.0,0.0,0.0,True,True,False,False,False,False,RESEARCH_ONLY,median_value_20d<1bn;median_value_60d<1bn,UNCLASSIFIED,,,,LOW,False,False,EXCLUDED
MKPI,2026-10-07,0,716,880912500.0,892182500.0,0.10533671290465085,True,True,False,False,False,False,RESEARCH_ONLY,median_value_20d<1bn;median_value_60d<1bn,UNCLASSIFIED,,,,LOW,False,False,EXCLUDED
MKTR,2026-10-07,0,716,55602150.0,44187750.0,0.18460693214596705,True,True,False,False,False,False,RESEARCH_ONLY,median_value_20d<1bn;median_value_60d<1bn,UNCLASSIFIED,,,,LOW,False,False,EXCLUDED
MLBI,2026-10-05,2,4121,351155000.0,380922500.0,0.1240099462496431,True,True,False,False,False,False,RESEARCH_ONLY,median_value_20d<1bn;median_value_60d<1bn,UNCLASSIFIED,,,,LOW,False,False,EXCLUDED
MLIA,2026-10-07,0,717,20565300.0,10904500.0,0.3338568025916122,True,True,False,False,False,False,RESEARCH_ONLY,median_value_20d<1bn;median_value_60d<1bn,UNCLASSIFIED,,,,LOW,False,False,EXCLUDED
MLPL,2026-10-07,0,717,1158080050.0,1793150800.0,0.4700171364515855,True,True,True,True,False,True,LIQUID_GROWTH_MOMENTUM,,UNCLASSIFIED,,,,LOW,False,False,BROAD_RESEARCH
MLPT,2026-10-05,2,3246,1580987250.0,4557550000.0,0.4940789323864582,True,True,True,True,False,True,LIQUID_GROWTH_MOMENTUM,,UNCLASSIFIED,,,,LOW,False,False,BROAD_RESEARCH
MMIX,2026-10-07,0,717,21809770000.0,19217377500.0,0.1307354778412259,True,True,True,True,False,True,LIQUID_CORE,,UNCLASSIFIED,,,,LOW,False,False,LIQUID_CORE
MMLP,2026-10-07,0,716,190067200.0,160207400.0,0.43965215500803356,True,True,False,False,False,False,RESEARCH_ONLY,median_value_20d<1bn;median_value_60d<1bn,UNCLASSIFIED,,,,LOW,False,False,EXCLUDED
MNCN,2026-10-07,0,717,13327063500.0,8334399600.0,0.9415763237189194,True,True,True,True,False,True,LIQUID_HIGH_VOL,,UNCLASSIFIED,,,,LOW,False,False,BROAD_RESEARCH
MOLI,2026-10-07,0,716,3089132700.0,1346682900.0,0.7548731917607144,True,True,True,True,False,True,LIQUID_HIGH_VOL,,UNCLASSIFIED,,,,LOW,False,False,BROAD_RESEARCH
MORA,2026-10-07,0,716,723615000.0,1192165000.0,0.5552411121627397,True,True,False,True,False,False,RESEARCH_ONLY,median_value_20d<1bn,UNCLASSIFIED,,,,LOW,False,False,EXCLUDED
MPMX,2026-10-07,0,716,2283090250.0,2650417000.0,0.12193720652754517,True,True,True,True,False,True,LIQUID_CORE,,UNCLASSIFIED,,,,LOW,False,False,LIQUID_CORE
MPOW,2026-10-07,0,716,380127700.0,453536100.0,0.4589639754560929,True,True,False,False,False,False,RESEARCH_ONLY,median_value_20d<1bn;median_value_60d<1bn,UNCLASSIFIED,,,,LOW,False,False,EXCLUDED
MPPA,2026-10-07,0,717,378996950.0,403036150.0,0.5966044360442057,True,True,False,False,False,False,RESEARCH_ONLY,median_value_20d<1bn;median_value_60d<1bn,UNCLASSIFIED,,,,LOW,False,False,EXCLUDED
MPRO,2026-10-07,0,718,13213750.0,29241250.0,0.23281477510476567,True,True,False,False,False,False,RESEARCH_ONLY,median_value_20d<1bn;median_value_60d<1bn,UNCLASSIFIED,,,,LOW,False,False,EXCLUDED
MPXL,2026-10-07,0,716,2275752600.0,115500300.0,1.5120754857428784,True,True,True,False,False,False,RESEARCH_ONLY,median_value_60d<1bn,UNCLASSIFIED,,,,LOW,False,False,EXCLUDED
MRAT,2026-10-07,0,717,76499700.0,74247900.0,0.4712589735149638,True,True,False,False,False,False,RESEARCH_ONLY,median_value_20d<1bn;median_value_60d<1bn,UNCLASSIFIED,,,,LOW,False,False,EXCLUDED
MREI,2026-10-06,1,717,0.0,0.0,0.0,True,True,False,False,False,False,RESEARCH_ONLY,median_value_20d<1bn;median_value_60d<1bn,UNCLASSIFIED,,,,LOW,False,False,EXCLUDED
MSIE,2026-10-07,0,717,1140315950.0,821813700.0,1.0946610408231612,True,True,True,False,False,False,RESEARCH_ONLY,median_value_60d<1bn,UNCLASSIFIED,,,,LOW,False,False,EXCLUDED
MSIN,2026-10-07,0,716,14772063000.0,13080427200.0,1.0528448720646064,True,True,True,True,False,True,LIQUID_HIGH_VOL,,UNCLASSIFIED,,,,LOW,False,False,BROAD_RESEARCH
MSJA,2026-10-07,0,652,14024233750.0,8340475900.0,0.9310279784229564,True,True,True,True,False,True,LIQUID_HIGH_VOL,,UNCLASSIFIED,,,,LOW,False,False,BROAD_RESEARCH
MSKY,2026-10-07,0,716,688920150.0,566767150.0,1.2739782912008775,True,True,False,False,False,False,RESEARCH_ONLY,median_value_20d<1bn;median_value_60d<1bn,UNCLASSIFIED,,,,LOW,False,False,EXCLUDED
MSTI,2026-10-07,0,694,1009623000.0,1257971500.0,0.17035082601230173,True,True,True,True,False,True,LIQUID_CORE,,UNCLASSIFIED,,,,LOW,False,False,LIQUID_CORE
MTDL,2026-10-05,2,4121,777708600.0,890758300.0,0.13862674759061336,True,True,False,False,False,False,RESEARCH_ONLY,median_value_20d<1bn;median_value_60d<1bn,UNCLASSIFIED,,,,LOW,False,False,EXCLUDED
MTEL,2026-10-07,0,716,5635989200.0,16655615000.0,0.3301592280964755,True,True,True,True,False,True,LIQUID_CORE,,UNCLASSIFIED,,,,LOW,False,False,LIQUID_CORE
MTFN,2026-10-06,1,717,0.0,0.0,0.0,True,True,False,False,False,False,RESEARCH_ONLY,median_value_20d<1bn;median_value_60d<1bn,UNCLASSIFIED,,,,LOW,False,False,EXCLUDED
MTLA,2026-10-07,0,716,16885750.0,6791250.0,0.7011295930695767,True,True,False,False,False,False,RESEARCH_ONLY,median_value_20d<1bn;median_value_60d<1bn,UNCLASSIFIED,,,,LOW,False,False,EXCLUDED
MTMH,2026-10-07,0,716,5466000.0,6785000.0,0.39494311222112904,True,True,False,False,False,False,RESEARCH_ONLY,median_value_20d<1bn;median_value_60d<1bn,UNCLASSIFIED,,,,LOW,False,False,EXCLUDED
MTPS,2026-10-06,1,720,0.0,0.0,0.0,True,True,False,False,False,False,RESEARCH_ONLY,median_value_20d<1bn;median_value_60d<1bn,UNCLASSIFIED,,,,LOW,False,False,EXCLUDED
MTSM,2026-10-06,1,720,0.0,0.0,0.0,True,True,False,False,False,False,RESEARCH_ONLY,median_value_20d<1bn;median_value_60d<1bn,UNCLASSIFIED,,,,LOW,False,False,EXCLUDED
MTWI,2026-10-07,0,716,9722700.0,7973300.0,0.37181296322405155,True,True,False,False,False,False,RESEARCH_ONLY,median_value_20d<1bn;median_value_60d<1bn,UNCLASSIFIED,,,,LOW,False,False,EXCLUDED
MUTU,2026-10-07,0,716,4596002000.0,885798050.0,0.9812360512092507,True,True,True,False,False,False,RESEARCH_ONLY,median_value_60d<1bn,UNCLASSIFIED,,,,LOW,False,False,EXCLUDED
MYOH,2026-10-07,0,716,104250000.0,87106000.0,0.275202879618504,True,True,False,False,False,False,RESEARCH_ONLY,median_value_20d<1bn;median_value_60d<1bn,UNCLASSIFIED,,,,LOW,False,False,EXCLUDED
MYOR,2026-10-05,2,4121,17701060750.0,14394798000.0,0.19345134250731208,True,True,True,True,False,True,LIQUID_CORE,,UNCLASSIFIED,,,,LOW,False,False,LIQUID_CORE
MYTX,2026-10-06,1,717,0.0,0.0,0.0,True,True,False,False,False,False,RESEARCH_ONLY,median_value_20d<1bn;median_value_60d<1bn,UNCLASSIFIED,,,,LOW,False,False,EXCLUDED
NAIK,2026-10-07,0,452,233309550.0,284226900.0,0.3191095820868919,True,True,False,False,False,False,RESEARCH_ONLY,median_value_20d<1bn;median_value_60d<1bn,UNCLASSIFIED,,,,LOW,False,False,EXCLUDED
NANO,2026-10-07,0,716,1129085000.0,1201321400.0,0.8238310821825849,True,True,True,True,False,True,LIQUID_HIGH_VOL,,UNCLASSIFIED,,,,LOW,False,False,BROAD_RESEARCH
NASA,2026-10-07,0,716,57166150.0,12058500.0,1.114876326444392,True,True,False,False,False,False,RESEARCH_ONLY,median_value_20d<1bn;median_value_60d<1bn,UNCLASSIFIED,,,,LOW,False,False,EXCLUDED
NASI,2026-10-07,0,716,3175306000.0,528241800.0,1.9109864464780604,True,True,True,False,False,False,RESEARCH_ONLY,median_value_60d<1bn,UNCLASSIFIED,,,,LOW,False,False,EXCLUDED
NATO,2026-10-07,0,716,323917000.0,112417500.0,0.8851560444668064,True,True,False,False,False,False,RESEARCH_ONLY,median_value_20d<1bn;median_value_60d<1bn,UNCLASSIFIED,,,,LOW,False,False,EXCLUDED
NAYZ,2026-10-07,0,716,2071528500.0,1519692600.0,0.8242556640694357,True,True,True,True,False,True,LIQUID_HIGH_VOL,,UNCLASSIFIED,,,,LOW,False,False,BROAD_RESEARCH
NCKL,2026-10-07,0,716,27572243000.0,35102489250.0,0.336634336911517,True,True,True,True,False,True,LIQUID_CORE,,UNCLASSIFIED,,,,LOW,False,False,LIQUID_CORE
NELY,2026-10-07,0,716,132726550.0,145763150.0,0.18768522741968707,True,True,False,False,False,False,RESEARCH_ONLY,median_value_20d<1bn;median_value_60d<1bn,UNCLASSIFIED,,,,LOW,False,False,EXCLUDED
NEST,2026-10-07,0,520,4802440500.0,3140150250.0,0.40322115796364355,True,True,True,True,False,True,LIQUID_CORE,,UNCLASSIFIED,,,,LOW,False,False,LIQUID_CORE
NETV,2026-10-07,0,716,40100000.0,718229100.0,0.7788657675549295,True,True,False,False,False,False,RESEARCH_ONLY,median_value_20d<1bn;median_value_60d<1bn,UNCLASSIFIED,,,,LOW,False,False,EXCLUDED
NFCX,2026-10-07,0,716,9744000.0,21799000.0,0.19190132166475454,True,True,False,False,False,False,RESEARCH_ONLY,median_value_20d<1bn;median_value_60d<1bn,UNCLASSIFIED,,,,LOW,False,False,EXCLUDED
NICE,2026-10-07,0,653,513684000.0,469117900.0,0.33988750376419063,True,True,False,False,False,False,RESEARCH_ONLY,median_value_20d<1bn;median_value_60d<1bn,UNCLASSIFIED,,,,LOW,False,False,EXCLUDED
NICK,2026-10-06,1,715,0.0,12700250.0,0.2930356798233922,True,True,False,False,False,False,RESEARCH_ONLY,median_value_20d<1bn;median_value_60d<1bn,UNCLASSIFIED,,,,LOW,False,False,EXCLUDED
NICL,2026-10-07,0,716,11598667488.824463,11369510419.778442,0.47078561535896646,True,True,True,True,False,True,LIQUID_GROWTH_MOMENTUM,,UNCLASSIFIED,,,,LOW,False,False,BROAD_RESEARCH
NIKL,2026-10-07,0,716,933927900.0,894144700.0,0.4576913446962122,True,True,False,False,False,False,RESEARCH_ONLY,median_value_20d<1bn;median_value_60d<1bn,UNCLASSIFIED,,,,LOW,False,False,EXCLUDED
NINE,2026-10-07,0,716,845851900.0,755500850.0,0.8135271882402623,True,True,False,False,False,False,RESEARCH_ONLY,median_value_20d<1bn;median_value_60d<1bn,UNCLASSIFIED,,,,LOW,False,False,EXCLUDED
NIRO,2026-10-07,0,716,69447200.0,60689850.0,0.5023554193283095,True,True,False,False,False,False,RESEARCH_ONLY,median_value_20d<1bn;median_value_60d<1bn,UNCLASSIFIED,,,,LOW,False,False,EXCLUDED
NISP,2026-10-05,2,4121,5999550000.0,4062120000.0,0.13498006414646185,True,True,True,True,False,True,LIQUID_CORE,,UNCLASSIFIED,,,,LOW,False,False,LIQUID_CORE
NOBU,2026-10-05,2,3287,1927578000.0,998811200.0,0.4140286837194876,True,True,True,False,False,False,RESEARCH_ONLY,median_value_60d<1bn,UNCLASSIFIED,,,,LOW,False,False,EXCLUDED
NPGF,2026-10-07,0,716,588366250.0,1057646200.0,0.5954227843677405,True,True,False,True,False,False,RESEARCH_ONLY,median_value_20d<1bn,UNCLASSIFIED,,,,LOW,False,False,EXCLUDED
NRCA,2026-10-07,0,716,2412863250.0,2989665500.0,0.6187110014940542,True,True,True,True,False,True,LIQUID_GROWTH_MOMENTUM,,UNCLASSIFIED,,,,LOW,False,False,BROAD_RESEARCH
NSSS,2026-10-07,0,716,2096643500.0,5124890000.0,0.5818185196129682,True,True,True,True,False,True,LIQUID_GROWTH_MOMENTUM,,UNCLASSIFIED,,,,LOW,False,False,BROAD_RESEARCH
NTBK,2026-10-07,0,716,1083015300.0,2531148600.0,0.7089670939739803,True,True,True,True,False,True,LIQUID_GROWTH_MOMENTUM,,UNCLASSIFIED,,,,LOW,False,False,BROAD_RESEARCH
NZIA,2026-10-07,0,716,1145133900.0,1049666850.0,0.7365876256720902,True,True,True,True,False,True,LIQUID_GROWTH_MOMENTUM,,UNCLASSIFIED,,,,LOW,False,False,BROAD_RESEARCH
OASA,2026-10-07,0,716,2843864700.0,6668405800.0,0.4560784339932117,True,True,True,True,False,True,LIQUID_GROWTH_MOMENTUM,,UNCLASSIFIED,,,,LOW,False,False,BROAD_RESEARCH
OBAT,2026-10-07,0,414,60566000.0,50728400.0,0.45784686623722,True,True,False,False,False,False,RESEARCH_ONLY,median_value_20d<1bn;median_value_60d<1bn,UNCLASSIFIED,,,,LOW,False,False,EXCLUDED
OBMD,2026-10-07,0,716,188620900.0,176632750.0,0.4187216979722805,True,True,False,False,False,False,RESEARCH_ONLY,median_value_20d<1bn;median_value_60d<1bn,UNCLASSIFIED,,,,LOW,False,False,EXCLUDED
OILS,2026-10-07,0,716,2129583000.0,1640718800.0,0.8070936964355141,True,True,True,True,False,True,LIQUID_HIGH_VOL,,UNCLASSIFIED,,,,LOW,False,False,BROAD_RESEARCH
OKAS,2026-10-07,0,716,279520950.0,364131500.0,0.4286318676724059,True,True,False,False,False,False,RESEARCH_ONLY,median_value_20d<1bn;median_value_60d<1bn,UNCLASSIFIED,,,,LOW,False,False,EXCLUDED
OLIV,2026-10-07,0,716,587252750.0,284292250.0,0.7319996945290546,True,True,False,False,False,False,RESEARCH_ONLY,median_value_20d<1bn;median_value_60d<1bn,UNCLASSIFIED,,,,LOW,False,False,EXCLUDED
OMED,2026-10-07,0,716,1320828200.0,4486584200.0,0.22334567681908016,True,True,True,True,False,True,LIQUID_CORE,,UNCLASSIFIED,,,,LOW,False,False,LIQUID_CORE
OMRE,2026-10-07,0,717,7919750.0,10768500.0,0.5114038419202633,True,True,False,False,False,False,RESEARCH_ONLY,median_value_20d<1bn;median_value_60d<1bn,UNCLASSIFIED,,,,LOW,False,False,EXCLUDED
OPMS,2026-10-07,0,716,371138750.0,631815100.0,0.5695064569475556,True,True,False,False,False,False,RESEARCH_ONLY,median_value_20d<1bn;median_value_60d<1bn,UNCLASSIFIED,,,,LOW,False,False,EXCLUDED
PACK,2026-10-07,0,716,101609720250.0,44256097600.0,1.1109372428635786,True,True,True,True,False,True,LIQUID_HIGH_VOL,,UNCLASSIFIED,,,,LOW,False,False,BROAD_RESEARCH
PADA,2026-10-07,0,716,3730330250.0,6945565500.0,0.7080413149315385,True,True,True,True,False,True,LIQUID_GROWTH_MOMENTUM,,UNCLASSIFIED,,,,LOW,False,False,BROAD_RESEARCH
PADI,2026-10-07,0,716,9935898200.0,18392986800.0,0.7966420937054149,True,True,True,True,False,True,LIQUID_HIGH_VOL,,UNCLASSIFIED,,,,LOW,False,False,BROAD_RESEARCH
PALM,2026-10-07,0,716,39552400.0,82254000.0,0.21075189076979978,True,True,False,False,False,False,RESEARCH_ONLY,median_value_20d<1bn;median_value_60d<1bn,UNCLASSIFIED,,,,LOW,False,False,EXCLUDED
PAMG,2026-10-07,0,716,457239000.0,472164200.0,0.6285325917754886,True,True,False,False,False,False,RESEARCH_ONLY,median_value_20d<1bn;median_value_60d<1bn,UNCLASSIFIED,,,,LOW,False,False,EXCLUDED
PANI,2026-10-05,2,1963,30046183000.0,29577045000.0,0.4174324699447751,True,True,True,True,False,True,LIQUID_CORE,,UNCLASSIFIED,,,,LOW,False,False,LIQUID_CORE
PANR,2026-10-07,0,716,17286800.0,16804400.0,0.14680734770142906,True,True,False,False,False,False,RESEARCH_ONLY,median_value_20d<1bn;median_value_60d<1bn,UNCLASSIFIED,,,,LOW,False,False,EXCLUDED
PANS,2026-10-07,0,716,232528000.0,254634750.0,0.10426613061016435,True,True,False,False,False,False,RESEARCH_ONLY,median_value_20d<1bn;median_value_60d<1bn,UNCLASSIFIED,,,,LOW,False,False,EXCLUDED
PART,2026-10-07,0,544,6838277100.0,620119700.0,0.6271668635051807,True,True,True,False,False,False,RESEARCH_ONLY,median_value_60d<1bn,UNCLASSIFIED,,,,LOW,False,False,EXCLUDED
PBID,2026-10-07,0,716,463575000.0,488477500.0,0.09146970997084829,True,True,False,False,False,False,RESEARCH_ONLY,median_value_20d<1bn;median_value_60d<1bn,UNCLASSIFIED,,,,LOW,False,False,EXCLUDED
PBRX,2026-10-07,0,717,292795400.0,159200600.0,1.4989077738096483,True,True,False,False,False,False,RESEARCH_ONLY,median_value_20d<1bn;median_value_60d<1bn,UNCLASSIFIED,,,,LOW,False,False,EXCLUDED
PBSA,2026-10-07,0,716,1029104000.0,742237500.0,0.539989410697123,True,True,True,False,False,False,RESEARCH_ONLY,median_value_60d<1bn,UNCLASSIFIED,,,,LOW,False,False,EXCLUDED
PCAR,2026-10-07,0,716,359601600.0,120883000.0,0.9965744304353239,True,True,False,False,False,False,RESEARCH_ONLY,median_value_20d<1bn;median_value_60d<1bn,UNCLASSIFIED,,,,LOW,False,False,EXCLUDED
PDES,2026-10-07,0,716,21457000.0,29387300.0,0.3195833636660124,True,True,False,False,False,False,RESEARCH_ONLY,median_value_20d<1bn;median_value_60d<1bn,UNCLASSIFIED,,,,LOW,False,False,EXCLUDED
PDPP,2026-10-07,0,716,74633400.0,48697100.0,0.3679677915362744,True,True,False,False,False,False,RESEARCH_ONLY,median_value_20d<1bn;median_value_60d<1bn,UNCLASSIFIED,,,,LOW,False,False,EXCLUDED
PEGE,2026-10-07,0,716,1360371600.0,2028055250.0,0.33556334093279305,True,True,True,True,False,True,LIQUID_CORE,,UNCLASSIFIED,,,,LOW,False,False,LIQUID_CORE
PEHA,2026-10-07,0,716,100039400.0,77632600.0,0.3019366198657872,True,True,False,False,False,False,RESEARCH_ONLY,median_value_20d<1bn;median_value_60d<1bn,UNCLASSIFIED,,,,LOW,False,False,EXCLUDED
PEVE,2026-10-07,0,716,361838800.0,382536000.0,0.1920330227326537,True,True,False,False,False,False,RESEARCH_ONLY,median_value_20d<1bn;median_value_60d<1bn,UNCLASSIFIED,,,,LOW,False,False,EXCLUDED
PGAS,2026-10-05,2,4120,38299112500.0,42167987000.0,0.23912137166634095,True,True,True,True,False,True,LIQUID_CORE,,BLUE_CHIP,BUMN_AFFILIATED,LQ45,,MEDIUM,False,False,CORE
PGEO,2026-10-07,0,716,11035858000.0,12978672000.0,0.3293176415741506,True,True,True,True,False,True,LIQUID_CORE,,BLUE_CHIP,BLUE_CHIP,LQ45,,MEDIUM,False,False,CORE
PGJO,2026-10-07,0,716,632718500.0,326065000.0,0.5430159134028516,True,True,False,False,False,False,RESEARCH_ONLY,median_value_20d<1bn;median_value_60d<1bn,UNCLASSIFIED,,,,LOW,False,False,EXCLUDED
PGLI,2026-10-07,0,716,93164800.0,74172000.0,1.4833944580216933,True,True,False,False,False,False,RESEARCH_ONLY,median_value_20d<1bn;median_value_60d<1bn,UNCLASSIFIED,,,,LOW,False,False,EXCLUDED
PGUN,2026-10-07,0,716,606060000.0,504910000.0,0.5381902010833703,True,True,False,False,False,False,RESEARCH_ONLY,median_value_20d<1bn;median_value_60d<1bn,UNCLASSIFIED,,,,LOW,False,False,EXCLUDED
PICO,2026-10-07,0,717,175073900.0,116453450.0,0.420084963556107,True,True,False,False,False,False,RESEARCH_ONLY,median_value_20d<1bn;median_value_60d<1bn,UNCLASSIFIED,,,,LOW,False,False,EXCLUDED
PIPA,2026-10-07,0,716,14061827400.0,10571021600.0,0.7820207032275668,True,True,True,True,False,True,LIQUID_HIGH_VOL,,UNCLASSIFIED,,,,LOW,False,False,BROAD_RESEARCH
PJAA,2026-10-07,0,717,22874500.0,34121000.0,0.18229729164724834,True,True,False,False,False,False,RESEARCH_ONLY,median_value_20d<1bn;median_value_60d<1bn,UNCLASSIFIED,,,,LOW,False,False,EXCLUDED
PJHB,2026-10-07,0,222,240754850.0,370094650.0,0.3138861903388203,True,True,False,False,False,False,RESEARCH_ONLY,median_value_20d<1bn;median_value_60d<1bn,UNCLASSIFIED,,,,LOW,False,False,EXCLUDED
PKPK,2026-10-07,0,716,10529002000.0,4876565000.0,0.8501424282044008,True,True,True,True,False,True,LIQUID_HIGH_VOL,,UNCLASSIFIED,,,,LOW,False,False,BROAD_RESEARCH
PLAN,2026-10-07,0,716,578038300.0,172286000.0,0.7978821455292874,True,True,False,False,False,False,RESEARCH_ONLY,median_value_20d<1bn;median_value_60d<1bn,UNCLASSIFIED,,,,LOW,False,False,EXCLUDED
PLIN,2026-10-06,1,720,0.0,0.0,0.0,True,True,False,False,False,False,RESEARCH_ONLY,median_value_20d<1bn;median_value_60d<1bn,UNCLASSIFIED,,,,LOW,False,False,EXCLUDED
PMJS,2026-10-07,0,716,100938550.0,145188000.0,0.3343049380075952,True,True,False,False,False,False,RESEARCH_ONLY,median_value_20d<1bn;median_value_60d<1bn,UNCLASSIFIED,,,,LOW,False,False,EXCLUDED
PMMP,2026-10-06,1,720,0.0,0.0,0.0,True,True,False,False,False,False,RESEARCH_ONLY,median_value_20d<1bn;median_value_60d<1bn,UNCLASSIFIED,,,,LOW,False,False,EXCLUDED
PMUI,2026-10-07,0,305,189548350.0,302150800.0,0.5735952565357554,True,True,False,False,False,False,RESEARCH_ONLY,median_value_20d<1bn;median_value_60d<1bn,UNCLASSIFIED,,,,LOW,False,False,EXCLUDED
PNBN,2026-10-05,2,4121,1634564250.0,1757127500.0,0.17637598660925732,True,True,True,True,False,True,LIQUID_CORE,,UNCLASSIFIED,,,,LOW,False,False,LIQUID_CORE
PNBS,2026-10-07,0,716,6992500.0,57837500.0,0.6133287915245256,True,True,False,False,False,False,RESEARCH_ONLY,median_value_20d<1bn;median_value_60d<1bn,UNCLASSIFIED,,,,LOW,False,False,EXCLUDED
PNGO,2026-10-07,0,716,8957000.0,15325000.0,0.546451503222443,True,True,False,False,False,False,RESEARCH_ONLY,median_value_20d<1bn;median_value_60d<1bn,UNCLASSIFIED,,,,LOW,False,False,EXCLUDED
PNIN,2026-10-07,0,717,169682750.0,158100000.0,0.19868582885035996,True,True,False,False,False,False,RESEARCH_ONLY,median_value_20d<1bn;median_value_60d<1bn,UNCLASSIFIED,,,,LOW,False,False,EXCLUDED
PNLF,2026-10-07,0,717,3710129000.0,5235488700.0,0.24674525896127159,True,True,True,True,False,True,LIQUID_CORE,,UNCLASSIFIED,,,,LOW,False,False,LIQUID_CORE
PNSE,2026-10-07,0,717,5000000.0,3859000.0,0.23215042312696088,True,True,False,False,False,False,RESEARCH_ONLY,median_value_20d<1bn;median_value_60d<1bn,UNCLASSIFIED,,,,LOW,False,False,EXCLUDED
POLA,2026-10-06,1,715,3018577700.0,698456000.0,1.656640591409118,True,True,True,False,False,False,RESEARCH_ONLY,median_value_60d<1bn,UNCLASSIFIED,,,,LOW,False,False,EXCLUDED
POLI,2026-10-07,0,716,21245000.0,20266000.0,0.6594826628717553,True,True,False,False,False,False,RESEARCH_ONLY,median_value_20d<1bn;median_value_60d<1bn,UNCLASSIFIED,,,,LOW,False,False,EXCLUDED
POLL,2026-10-06,1,720,0.0,0.0,0.0,True,True,False,False,False,False,RESEARCH_ONLY,median_value_20d<1bn;median_value_60d<1bn,UNCLASSIFIED,,,,LOW,False,False,EXCLUDED
POLU,2026-10-07,0,716,208815000.0,156960000.0,0.9631510270279007,True,True,False,False,False,False,RESEARCH_ONLY,median_value_20d<1bn;median_value_60d<1bn,UNCLASSIFIED,,,,LOW,False,False,EXCLUDED
POLY,2026-10-06,1,720,0.0,0.0,0.0,True,True,False,False,False,False,RESEARCH_ONLY,median_value_20d<1bn;median_value_60d<1bn,UNCLASSIFIED,,,,LOW,False,False,EXCLUDED
PORT,2026-10-07,0,716,12080750.0,13641000.0,0.18177919245450372,True,True,False,False,False,False,RESEARCH_ONLY,median_value_20d<1bn;median_value_60d<1bn,UNCLASSIFIED,,,,LOW,False,False,EXCLUDED
POWR,2026-10-05,2,2536,9141866250.0,4493260000.0,0.47045548681617966,True,True,True,True,False,True,LIQUID_GROWTH_MOMENTUM,,UNCLASSIFIED,,,,LOW,False,False,BROAD_RESEARCH
PPGL,2026-10-06,1,715,0.0,202247200.0,0.0,True,True,False,False,False,False,RESEARCH_ONLY,median_value_20d<1bn;median_value_60d<1bn,UNCLASSIFIED,,,,LOW,False,False,EXCLUDED
PPRE,2026-10-07,0,716,1622504000.0,2201717300.0,0.6348403827306728,True,True,True,True,False,True,LIQUID_GROWTH_MOMENTUM,,UNCLASSIFIED,,,,LOW,False,False,BROAD_RESEARCH
PPRI,2026-10-07,0,716,641025050.0,434880300.0,1.5301799559668754,True,True,False,False,False,False,RESEARCH_ONLY,median_value_20d<1bn;median_value_60d<1bn,UNCLASSIFIED,,,,LOW,False,False,EXCLUDED
PPRO,2026-10-07,0,716,1399725400.0,282037850.0,1.4355771914012574,True,True,True,False,False,False,RESEARCH_ONLY,median_value_60d<1bn,UNCLASSIFIED,,,,LOW,False,False,EXCLUDED
PRAY,2026-10-07,0,716,12277750.0,12911000.0,0.48751517047971515,True,True,False,False,False,False,RESEARCH_ONLY,median_value_20d<1bn;median_value_60d<1bn,UNCLASSIFIED,,,,LOW,False,False,EXCLUDED
PRDA,2026-10-07,0,716,2040205000.0,1557480000.0,0.20365388380486266,True,True,True,True,False,True,LIQUID_CORE,,UNCLASSIFIED,,,,LOW,False,False,LIQUID_CORE
PRIM,2026-10-07,0,716,302077200.0,572523050.0,0.3131283343363204,True,True,False,False,False,False,RESEARCH_ONLY,median_value_20d<1bn;median_value_60d<1bn,UNCLASSIFIED,,,,LOW,False,False,EXCLUDED
PSAB,2026-10-07,0,717,34947730500.0,35104329000.0,0.34685423209373833,True,True,True,True,False,True,LIQUID_CORE,,UNCLASSIFIED,,,,LOW,False,False,LIQUID_CORE
PSAT,2026-10-07,0,307,60673000.0,64243750.0,0.19524352583617874,True,True,False,False,False,False,RESEARCH_ONLY,median_value_20d<1bn;median_value_60d<1bn,UNCLASSIFIED,,,,LOW,False,False,EXCLUDED
PSDN,2026-10-07,0,717,578703850.0,712527400.0,0.7545444183759462,True,True,False,False,False,False,RESEARCH_ONLY,median_value_20d<1bn;median_value_60d<1bn,UNCLASSIFIED,,,,LOW,False,False,EXCLUDED
PSGO,2026-10-07,0,716,28649500.0,24126500.0,0.14743737084939165,True,True,False,False,False,False,RESEARCH_ONLY,median_value_20d<1bn;median_value_60d<1bn,UNCLASSIFIED,,,,LOW,False,False,EXCLUDED
PSKT,2026-10-07,0,716,2073558000.0,2234414100.0,0.5913857692021688,True,True,True,True,False,True,LIQUID_GROWTH_MOMENTUM,,UNCLASSIFIED,,,,LOW,False,False,BROAD_RESEARCH
PSSI,2026-10-07,0,716,108083700.0,91829400.0,0.18543314949551223,True,True,False,False,False,False,RESEARCH_ONLY,median_value_20d<1bn;median_value_60d<1bn,UNCLASSIFIED,,,,LOW,False,False,EXCLUDED
PTBA,2026-10-05,2,4120,110570193000.0,46362324000.0,0.3450349067357509,True,True,True,True,False,True,LIQUID_CORE,,BLUE_CHIP,BUMN_AFFILIATED,LQ45,,MEDIUM,False,False,CORE
PTDU,2026-10-06,1,720,0.0,0.0,0.0,True,True,False,False,False,False,RESEARCH_ONLY,median_value_20d<1bn;median_value_60d<1bn,UNCLASSIFIED,,,,LOW,False,False,EXCLUDED
PTIS,2026-10-07,0,716,101659400.0,20534100.0,0.7260099207107137,True,True,False,False,False,False,RESEARCH_ONLY,median_value_20d<1bn;median_value_60d<1bn,UNCLASSIFIED,,,,LOW,False,False,EXCLUDED
PTMP,2026-10-07,0,716,630961400.0,852095800.0,0.7914946146691668,True,True,False,False,False,False,RESEARCH_ONLY,median_value_20d<1bn;median_value_60d<1bn,UNCLASSIFIED,,,,LOW,False,False,EXCLUDED
PTMR,2026-10-06,1,482,0.0,0.0,0.0,True,True,False,False,False,False,RESEARCH_ONLY,median_value_20d<1bn;median_value_60d<1bn,UNCLASSIFIED,,,,LOW,False,False,EXCLUDED
PTPP,2026-10-05,2,4093,955766500.0,1234653900.0,0.2531693784933692,True,True,False,True,False,False,RESEARCH_ONLY,median_value_20d<1bn,UNCLASSIFIED,,,,LOW,False,False,EXCLUDED
PTPS,2026-10-07,0,716,223547400.0,254179300.0,0.3494879224220466,True,True,False,False,False,False,RESEARCH_ONLY,median_value_20d<1bn;median_value_60d<1bn,UNCLASSIFIED,,,,LOW,False,False,EXCLUDED
PTPW,2026-10-07,0,716,21495000.0,31598500.0,0.0929365313156516,True,True,False,False,False,False,RESEARCH_ONLY,median_value_20d<1bn;median_value_60d<1bn,UNCLASSIFIED,,,,LOW,False,False,EXCLUDED
PTRO,2026-10-07,0,717,181094400000.0,204102403750.0,0.29328516055744097,True,True,True,True,False,True,LIQUID_CORE,,CONGLOMERATE,CONGLOMERATE,,BARITO,MEDIUM,False,False,GROUP_RESEARCH
PTSN,2026-10-07,0,716,1573483400.0,181005800.0,1.4855850653038285,True,True,True,False,False,False,RESEARCH_ONLY,median_value_60d<1bn,UNCLASSIFIED,,,,LOW,False,False,EXCLUDED
PTSP,2026-10-07,0,717,23247500.0,23801500.0,0.33544064331258655,True,True,False,False,False,False,RESEARCH_ONLY,median_value_20d<1bn;median_value_60d<1bn,UNCLASSIFIED,,,,LOW,False,False,EXCLUDED
PUDP,2026-10-07,0,717,10836200.0,18092200.0,0.31135043842938337,True,True,False,False,False,False,RESEARCH_ONLY,median_value_20d<1bn;median_value_60d<1bn,UNCLASSIFIED,,,,LOW,False,False,EXCLUDED
PURA,2026-10-07,0,716,274352000.0,128902400.0,0.9939255419875284,True,True,False,False,False,False,RESEARCH_ONLY,median_value_20d<1bn;median_value_60d<1bn,UNCLASSIFIED,,,,LOW,False,False,EXCLUDED
PURI,2026-10-07,0,716,881569800.0,345432750.0,0.4403517077346224,True,True,False,False,False,False,RESEARCH_ONLY,median_value_20d<1bn;median_value_60d<1bn,UNCLASSIFIED,,,,LOW,False,False,EXCLUDED
PWON,2026-10-05,2,4120,6921483700.0,8872466000.0,0.2584967732813017,True,True,True,True,False,True,LIQUID_CORE,,UNCLASSIFIED,,,,LOW,False,False,LIQUID_CORE
PYFA,2026-10-05,2,4120,3225235900.0,2569374700.0,0.47810913363853386,True,True,True,True,False,True,LIQUID_GROWTH_MOMENTUM,,UNCLASSIFIED,,,,LOW,False,False,BROAD_RESEARCH
PZZA,2026-10-07,0,716,151049600.0,97521150.0,0.30247760018469905,True,True,False,False,False,False,RESEARCH_ONLY,median_value_20d<1bn;median_value_60d<1bn,UNCLASSIFIED,,,,LOW,False,False,EXCLUDED
RAAM,2026-10-07,0,716,197360000.0,149267500.0,0.507115357940546,True,True,False,False,False,False,RESEARCH_ONLY,median_value_20d<1bn;median_value_60d<1bn,UNCLASSIFIED,,,,LOW,False,False,EXCLUDED
RAFI,2026-10-06,1,720,0.0,0.0,0.0,True,True,False,False,False,False,RESEARCH_ONLY,median_value_20d<1bn;median_value_60d<1bn,UNCLASSIFIED,,,,LOW,False,False,EXCLUDED
RAJA,2026-10-07,0,720,34901176500.0,56690640000.0,0.379780204376483,True,True,True,True,False,True,LIQUID_CORE,,UNCLASSIFIED,,,,LOW,False,False,LIQUID_CORE
RALS,2026-10-07,0,717,625017600.0,842079700.0,0.0983908996762268,True,True,False,False,False,False,RESEARCH_ONLY,median_value_20d<1bn;median_value_60d<1bn,UNCLASSIFIED,,,,LOW,False,False,EXCLUDED
RANC,2026-10-07,0,716,4493750.0,12713000.0,0.2805180345533104,True,True,False,False,False,False,RESEARCH_ONLY,median_value_20d<1bn;median_value_60d<1bn,UNCLASSIFIED,,,,LOW,False,False,EXCLUDED
RATU,2026-10-07,0,417,19994385000.0,33418321500.0,0.3312523641841624,True,True,True,True,False,True,LIQUID_CORE,,UNCLASSIFIED,,,,LOW,False,False,LIQUID_CORE
RBMS,2026-10-07,0,717,837818400.0,1115648150.0,0.8501618700772343,True,True,False,True,False,False,RESEARCH_ONLY,median_value_20d<1bn,UNCLASSIFIED,,,,LOW,False,False,EXCLUDED
RCCC,2026-10-07,0,716,62570600.0,93798050.0,0.2221681400105914,True,True,False,False,False,False,RESEARCH_ONLY,median_value_20d<1bn;median_value_60d<1bn,UNCLASSIFIED,,,,LOW,False,False,EXCLUDED
RDTX,2026-10-07,0,719,7950000.0,4095000.0,0.3019106130678539,True,True,False,False,False,False,RESEARCH_ONLY,median_value_20d<1bn;median_value_60d<1bn,UNCLASSIFIED,,,,LOW,False,False,EXCLUDED
REAL,2026-10-07,0,716,31770000.0,1794436600.0,1.2425924541089588,True,True,False,True,False,False,RESEARCH_ONLY,median_value_20d<1bn,UNCLASSIFIED,,,,LOW,False,False,EXCLUDED
RELF,2026-10-07,0,716,444293850.0,130228700.0,0.8171544454425786,True,True,False,False,False,False,RESEARCH_ONLY,median_value_20d<1bn;median_value_60d<1bn,UNCLASSIFIED,,,,LOW,False,False,EXCLUDED
RELI,2026-10-07,0,716,10142500.0,7521950.0,0.5827156827153057,True,True,False,False,False,False,RESEARCH_ONLY,median_value_20d<1bn;median_value_60d<1bn,UNCLASSIFIED,,,,LOW,False,False,EXCLUDED
RGAS,2026-10-07,0,694,1981983800.0,2006222800.0,0.5274312324230482,True,True,True,True,False,True,LIQUID_GROWTH_MOMENTUM,,UNCLASSIFIED,,,,LOW,False,False,BROAD_RESEARCH
RICY,2026-10-07,0,717,116608450.0,143630350.0,0.6517398478538619,True,True,False,False,False,False,RESEARCH_ONLY,median_value_20d<1bn;median_value_60d<1bn,UNCLASSIFIED,,,,LOW,False,False,EXCLUDED
RIGS,2026-10-07,0,717,46389500.0,33603500.0,0.46267449792888377,True,True,False,False,False,False,RESEARCH_ONLY,median_value_20d<1bn;median_value_60d<1bn,UNCLASSIFIED,,,,LOW,False,False,EXCLUDED
RISE,2026-10-07,0,716,1226729000.0,1105896250.0,0.8503119892666962,True,True,True,True,False,True,LIQUID_HIGH_VOL,,UNCLASSIFIED,,,,LOW,False,False,BROAD_RESEARCH
RLCO,2026-10-07,0,200,1029809000.0,1902573000.0,0.3112658530783642,True,True,True,True,False,True,LIQUID_CORE,,UNCLASSIFIED,,,,LOW,False,False,LIQUID_CORE
RMKE,2026-10-07,0,719,21499559900.0,33569582700.0,0.42105004957142,True,True,True,True,False,True,LIQUID_CORE,,UNCLASSIFIED,,,,LOW,False,False,LIQUID_CORE
RMKO,2026-10-07,0,716,1445039000.0,1625314800.0,0.7162009258219652,True,True,True,True,False,True,LIQUID_GROWTH_MOMENTUM,,UNCLASSIFIED,,,,LOW,False,False,BROAD_RESEARCH
ROCK,2026-10-07,0,716,70515500.0,64122500.0,1.817781047262753,True,True,False,False,False,False,RESEARCH_ONLY,median_value_20d<1bn;median_value_60d<1bn,UNCLASSIFIED,,,,LOW,False,False,EXCLUDED
RODA,2026-10-07,0,717,1822881250.0,1160499800.0,1.1097575020222359,True,True,True,True,False,True,LIQUID_HIGH_VOL,,UNCLASSIFIED,,,,LOW,False,False,BROAD_RESEARCH
RONY,2026-10-07,0,716,29376750.0,29376750.0,0.7107465786625504,True,True,False,False,False,False,RESEARCH_ONLY,median_value_20d<1bn;median_value_60d<1bn,UNCLASSIFIED,,,,LOW,False,False,EXCLUDED
ROTI,2026-10-05,2,3999,256063000.0,264870000.0,0.11738693464083715,True,True,False,False,False,False,RESEARCH_ONLY,median_value_20d<1bn;median_value_60d<1bn,UNCLASSIFIED,,,,LOW,False,False,EXCLUDED
RSCH,2026-10-07,0,716,12507329100.0,8453920000.0,0.42030244273380285,True,True,True,True,False,True,LIQUID_CORE,,UNCLASSIFIED,,,,LOW,False,False,LIQUID_CORE
RSGK,2026-10-07,0,716,14350250.0,11953250.0,0.3213142124555165,True,True,False,False,False,False,RESEARCH_ONLY,median_value_20d<1bn;median_value_60d<1bn,UNCLASSIFIED,,,,LOW,False,False,EXCLUDED
RUIS,2026-10-07,0,716,104500800.0,86501000.0,0.24313629764509948,True,True,False,False,False,False,RESEARCH_ONLY,median_value_20d<1bn;median_value_60d<1bn,UNCLASSIFIED,,,,LOW,False,False,EXCLUDED
RUNS,2026-10-07,0,716,79317600.0,62481400.0,0.6242216111506249,True,True,False,False,False,False,RESEARCH_ONLY,median_value_20d<1bn;median_value_60d<1bn,UNCLASSIFIED,,,,LOW,False,False,EXCLUDED
SAFE,2026-10-07,0,717,751210750.0,104927950.0,1.9085557572408327,True,True,False,False,False,False,RESEARCH_ONLY,median_value_20d<1bn;median_value_60d<1bn,UNCLASSIFIED,,,,LOW,False,False,EXCLUDED
SAGE,2026-10-07,0,716,422726200.0,112669050.0,1.0089431630268373,True,True,False,False,False,False,RESEARCH_ONLY,median_value_20d<1bn;median_value_60d<1bn,UNCLASSIFIED,,,,LOW,False,False,EXCLUDED
SAME,2026-10-07,0,716,114069800.0,184339200.0,0.2173965236686917,True,True,False,False,False,False,RESEARCH_ONLY,median_value_20d<1bn;median_value_60d<1bn,UNCLASSIFIED,,,,LOW,False,False,EXCLUDED
SAMF,2026-10-07,0,716,44557200.0,31893400.0,0.8560981828020511,True,True,False,False,False,False,RESEARCH_ONLY,median_value_20d<1bn;median_value_60d<1bn,UNCLASSIFIED,,,,LOW,False,False,EXCLUDED
SAPX,2026-10-07,0,716,2953335500.0,78893000.0,2.1877280032824267,True,True,True,False,False,False,RESEARCH_ONLY,median_value_60d<1bn,UNCLASSIFIED,,,,LOW,False,False,EXCLUDED
SATU,2026-10-07,0,716,642620900.0,51296800.0,0.1695875843628749,True,True,False,False,False,False,RESEARCH_ONLY,median_value_20d<1bn;median_value_60d<1bn,UNCLASSIFIED,,,,LOW,False,False,EXCLUDED
SBAT,2026-10-06,1,720,0.0,0.0,0.0,True,True,False,False,False,False,RESEARCH_ONLY,median_value_20d<1bn;median_value_60d<1bn,UNCLASSIFIED,,,,LOW,False,False,EXCLUDED
SBMA,2026-10-07,0,716,142245600.0,75333950.0,0.3930945933176447,True,True,False,False,False,False,RESEARCH_ONLY,median_value_20d<1bn;median_value_60d<1bn,UNCLASSIFIED,,,,LOW,False,False,EXCLUDED
SCCO,2026-10-07,0,717,175146500.0,85788000.0,0.7527484696729744,True,True,False,False,False,False,RESEARCH_ONLY,median_value_20d<1bn;median_value_60d<1bn,UNCLASSIFIED,,,,LOW,False,False,EXCLUDED
SCMA,2026-10-07,0,717,7948439100.0,7624358000.0,0.3454458172311364,True,True,True,True,False,True,LIQUID_CORE,,BLUE_CHIP,BLUE_CHIP,LQ45,,MEDIUM,False,False,CORE
SCNP,2026-10-07,0,716,106425800.0,59047350.0,0.2989865234953352,True,True,False,False,False,False,RESEARCH_ONLY,median_value_20d<1bn;median_value_60d<1bn,UNCLASSIFIED,,,,LOW,False,False,EXCLUDED
SDMU,2026-10-07,0,716,1322078900.0,1186708300.0,0.7814936165034533,True,True,True,True,False,True,LIQUID_HIGH_VOL,,UNCLASSIFIED,,,,LOW,False,False,BROAD_RESEARCH
SDPC,2026-10-07,0,717,56580250.0,35973750.0,0.3424169759333128,True,True,False,False,False,False,RESEARCH_ONLY,median_value_20d<1bn;median_value_60d<1bn,UNCLASSIFIED,,,,LOW,False,False,EXCLUDED
SDRA,2026-10-05,2,4120,153610900.0,177733200.0,0.1857941000359675,True,True,False,False,False,False,RESEARCH_ONLY,median_value_20d<1bn;median_value_60d<1bn,UNCLASSIFIED,,,,LOW,False,False,EXCLUDED
SEMA,2026-10-07,0,716,11169236100.0,110305300.0,1.870046198994425,True,True,True,False,False,False,RESEARCH_ONLY,median_value_60d<1bn,UNCLASSIFIED,,,,LOW,False,False,EXCLUDED
SFAN,2026-10-07,0,716,99400500.0,93077500.0,0.06287786829482842,True,True,False,False,False,False,RESEARCH_ONLY,median_value_20d<1bn;median_value_60d<1bn,UNCLASSIFIED,,,,LOW,False,False,EXCLUDED
SGER,2026-10-07,0,716,32568407000.0,23385349850.0,0.37619957343057026,True,True,True,True,False,True,LIQUID_CORE,,UNCLASSIFIED,,,,LOW,False,False,LIQUID_CORE
SGRO,2026-10-07,0,717,68633000.0,131867000.0,0.37836324584472625,True,True,False,False,False,False,RESEARCH_ONLY,median_value_20d<1bn;median_value_60d<1bn,UNCLASSIFIED,,,,LOW,False,False,EXCLUDED
SHID,2026-10-07,0,716,60192750.0,19630500.0,1.2043995631744728,True,True,False,False,False,False,RESEARCH_ONLY,median_value_20d<1bn;median_value_60d<1bn,UNCLASSIFIED,,,,LOW,False,False,EXCLUDED
SHIP,2026-10-07,0,717,135591500.0,135591500.0,0.32747263959243417,True,True,False,False,False,False,RESEARCH_ONLY,median_value_20d<1bn;median_value_60d<1bn,UNCLASSIFIED,,,,LOW,False,False,EXCLUDED
SICO,2026-10-07,0,716,344292750.0,312090100.0,0.3677952681570326,True,True,False,False,False,False,RESEARCH_ONLY,median_value_20d<1bn;median_value_60d<1bn,UNCLASSIFIED,,,,LOW,False,False,EXCLUDED
SIDO,2026-10-05,2,3137,5301522000.0,7739139700.0,0.14487503921238853,True,True,True,True,False,True,LIQUID_CORE,,UNCLASSIFIED,,,,LOW,False,False,LIQUID_CORE
SILO,2026-10-07,0,716,2182987500.0,1232923500.0,0.3445563677871969,True,True,True,True,False,True,LIQUID_CORE,,UNCLASSIFIED,,,,LOW,False,False,LIQUID_CORE
SIMP,2026-10-07,0,716,5172747000.0,5170466500.0,0.3163752214574147,True,True,True,True,False,True,LIQUID_CORE,,CONGLOMERATE,CONGLOMERATE,,SALIM,MEDIUM,False,False,GROUP_RESEARCH
SINI,2026-10-07,0,716,126641925000.0,33435387500.0,1.0253822470875955,True,True,True,True,False,True,LIQUID_HIGH_VOL,,UNCLASSIFIED,,,,LOW,False,False,BROAD_RESEARCH
SIPD,2026-10-07,0,717,17389750.0,16239000.0,0.5673877301791407,True,True,False,False,False,False,RESEARCH_ONLY,median_value_20d<1bn;median_value_60d<1bn,UNCLASSIFIED,,,,LOW,False,False,EXCLUDED
SKBM,2026-10-07,0,716,55759300.0,116128500.0,0.2199569039476339,True,True,False,False,False,False,RESEARCH_ONLY,median_value_20d<1bn;median_value_60d<1bn,UNCLASSIFIED,,,,LOW,False,False,EXCLUDED
SKLT,2026-10-05,2,4121,13600000.0,22360000.0,0.2743179643379373,True,True,False,False,False,False,RESEARCH_ONLY,median_value_20d<1bn;median_value_60d<1bn,UNCLASSIFIED,,,,LOW,False,False,EXCLUDED
SKRN,2026-10-07,0,716,79799400.0,72944000.0,0.42275138130427925,True,True,False,False,False,False,RESEARCH_ONLY,median_value_20d<1bn;median_value_60d<1bn,UNCLASSIFIED,,,,LOW,False,False,EXCLUDED
SLIS,2026-10-07,0,716,2031258500.0,2041179600.0,0.7908389480835677,True,True,True,True,False,True,LIQUID_HIGH_VOL,,UNCLASSIFIED,,,,LOW,False,False,BROAD_RESEARCH
SMAR,2026-10-07,0,717,970317500.0,600612500.0,1.0577369668542562,True,True,False,False,False,False,RESEARCH_ONLY,median_value_20d<1bn;median_value_60d<1bn,CONGLOMERATE,CONGLOMERATE,,SINAR_MAS,MEDIUM,False,False,EXCLUDED
SMBR,2026-10-07,0,716,557446550.0,565762900.0,0.4579840742958905,True,True,False,False,False,False,RESEARCH_ONLY,median_value_20d<1bn;median_value_60d<1bn,UNCLASSIFIED,,,,LOW,False,False,EXCLUDED
SMCB,2026-10-06,1,720,0.0,0.0,0.0,True,True,False,False,False,False,RESEARCH_ONLY,median_value_20d<1bn;median_value_60d<1bn,UNCLASSIFIED,,,,LOW,False,False,EXCLUDED
SMDM,2026-10-07,0,717,23177800.0,21107250.0,0.3480436745968241,True,True,False,False,False,False,RESEARCH_ONLY,median_value_20d<1bn;median_value_60d<1bn,UNCLASSIFIED,,,,LOW,False,False,EXCLUDED
SMDR,2026-10-07,0,717,12394334700.0,5043278865.570068,0.3674366482799511,True,True,True,True,False,True,LIQUID_CORE,,UNCLASSIFIED,,,,LOW,False,False,LIQUID_CORE
SMGA,2026-10-07,0,638,457939900.0,571515450.0,0.38986122272490903,True,True,False,False,False,False,RESEARCH_ONLY,median_value_20d<1bn;median_value_60d<1bn,UNCLASSIFIED,,,,LOW,False,False,EXCLUDED
SMGR,2026-10-05,2,4120,23527656000.0,23527656000.0,0.4214940334868715,True,True,True,True,False,True,LIQUID_CORE,,BLUE_CHIP,BUMN_AFFILIATED,LQ45,,MEDIUM,False,False,CORE
SMIL,2026-10-07,0,716,23911635700.0,17679742300.0,0.3550976820803729,True,True,True,True,False,True,LIQUID_CORE,,UNCLASSIFIED,,,,LOW,False,False,LIQUID_CORE
SMKL,2026-10-07,0,716,19025900.0,26844150.0,0.3358402334954767,True,True,False,False,False,False,RESEARCH_ONLY,median_value_20d<1bn;median_value_60d<1bn,UNCLASSIFIED,,,,LOW,False,False,EXCLUDED
SMKM,2026-10-07,0,716,363247700.0,383174300.0,0.541319849249334,True,True,False,False,False,False,RESEARCH_ONLY,median_value_20d<1bn;median_value_60d<1bn,UNCLASSIFIED,,,,LOW,False,False,EXCLUDED
SMLE,2026-10-07,0,652,8681290300.0,3697413650.0,1.0270038034907547,True,True,True,True,False,True,LIQUID_HIGH_VOL,,UNCLASSIFIED,,,,LOW,False,False,BROAD_RESEARCH
SMMA,2026-10-07,0,716,22015000.0,21360000.0,0.03815158256859709,True,True,False,False,False,False,RESEARCH_ONLY,median_value_20d<1bn;median_value_60d<1bn,CONGLOMERATE,CONGLOMERATE,,SINAR_MAS,MEDIUM,False,False,EXCLUDED
SMMT,2026-10-05,2,4120,2648391500.0,221804250.0,1.0797121773283436,True,True,True,False,False,False,RESEARCH_ONLY,median_value_60d<1bn,UNCLASSIFIED,,,,LOW,False,False,EXCLUDED
SMRA,2026-10-05,2,4121,7686960400.0,5379744600.0,0.5330761453219275,True,True,True,True,False,True,LIQUID_GROWTH_MOMENTUM,,UNCLASSIFIED,,,,LOW,False,False,BROAD_RESEARCH
SMSM,2026-10-07,0,717,3007598500.0,3319137750.0,0.11514942547540423,True,True,True,True,False,True,LIQUID_CORE,,UNCLASSIFIED,,,,LOW,False,False,LIQUID_CORE
SNLK,2026-10-07,0,716,3535613800.0,3169469800.0,0.6662606936418123,True,True,True,True,False,True,LIQUID_GROWTH_MOMENTUM,,UNCLASSIFIED,,,,LOW,False,False,BROAD_RESEARCH
SOCI,2026-10-07,0,716,13074739750.0,9296744000.0,0.48962858142032767,True,True,True,True,False,True,LIQUID_GROWTH_MOMENTUM,,UNCLASSIFIED,,,,LOW,False,False,BROAD_RESEARCH
SOFA,2026-10-07,0,716,2100344500.0,1162268400.0,0.8748858920555843,True,True,True,True,False,True,LIQUID_HIGH_VOL,,UNCLASSIFIED,,,,LOW,False,False,BROAD_RESEARCH
SOHO,2026-10-07,0,716,107771750.0,65538500.0,0.6000872128723018,True,True,False,False,False,False,RESEARCH_ONLY,median_value_20d<1bn;median_value_60d<1bn,UNCLASSIFIED,,,,LOW,False,False,EXCLUDED
SOLA,2026-10-07,0,580,357090750.0,480750950.0,0.6107356993563515,True,True,False,False,False,False,RESEARCH_ONLY,median_value_20d<1bn;median_value_60d<1bn,UNCLASSIFIED,,,,LOW,False,False,EXCLUDED
SONA,2026-10-07,0,717,29136000.0,25710500.0,1.5660634156916045,True,True,False,False,False,False,RESEARCH_ONLY,median_value_20d<1bn;median_value_60d<1bn,UNCLASSIFIED,,,,LOW,False,False,EXCLUDED
SOSS,2026-10-07,0,719,4049500.0,462000.0,1.5092099696532049,True,True,False,False,False,False,RESEARCH_ONLY,median_value_20d<1bn;median_value_60d<1bn,UNCLASSIFIED,,,,LOW,False,False,EXCLUDED
SOTS,2026-10-07,0,716,92295000.0,116736250.0,1.0543077919423103,True,True,False,False,False,False,RESEARCH_ONLY,median_value_20d<1bn;median_value_60d<1bn,UNCLASSIFIED,,,,LOW,False,False,EXCLUDED
SOUL,2026-10-06,1,717,0.0,0.0,0.0,True,True,False,False,False,False,RESEARCH_ONLY,median_value_20d<1bn;median_value_60d<1bn,UNCLASSIFIED,,,,LOW,False,False,EXCLUDED
SPMA,2026-10-07,0,720,40966750.0,66936750.0,0.18231615870390272,True,True,False,False,False,False,RESEARCH_ONLY,median_value_20d<1bn;median_value_60d<1bn,UNCLASSIFIED,,,,LOW,False,False,EXCLUDED
SPRE,2026-10-07,0,546,367575850.0,204248900.0,0.5512941640364408,True,True,False,False,False,False,RESEARCH_ONLY,median_value_20d<1bn;median_value_60d<1bn,UNCLASSIFIED,,,,LOW,False,False,EXCLUDED
SPTO,2026-10-07,0,716,346664000.0,352967750.0,0.13022030347380772,True,True,False,False,False,False,RESEARCH_ONLY,median_value_20d<1bn;median_value_60d<1bn,UNCLASSIFIED,,,,LOW,False,False,EXCLUDED
SQMI,2026-10-07,0,716,43208628700.0,7733189150.0,1.0833202847653747,True,True,True,True,False,True,LIQUID_HIGH_VOL,,UNCLASSIFIED,,,,LOW,False,False,BROAD_RESEARCH
SRAJ,2026-10-06,1,715,14650000.0,30947500.0,0.8390417508698105,True,True,False,False,False,False,RESEARCH_ONLY,median_value_20d<1bn;median_value_60d<1bn,UNCLASSIFIED,,,,LOW,False,False,EXCLUDED
SRSN,2026-10-07,0,717,44955974400.0,6904531600.0,0.9910803965359635,True,True,True,True,False,True,LIQUID_HIGH_VOL,,UNCLASSIFIED,,,,LOW,False,False,BROAD_RESEARCH
SRTG,2026-10-07,0,716,3545775250.0,6664688250.0,0.2865146441135755,True,True,True,True,False,True,LIQUID_CORE,,UNCLASSIFIED,,,,LOW,False,False,LIQUID_CORE
SSIA,2026-10-07,0,717,20786458500.0,29806435000.0,0.44901524624048916,True,True,True,True,False,True,LIQUID_CORE,,UNCLASSIFIED,,,,LOW,False,False,LIQUID_CORE
SSMS,2026-10-07,0,716,10759907000.0,10503993500.0,0.6457673071356446,True,True,True,True,False,True,LIQUID_GROWTH_MOMENTUM,,UNCLASSIFIED,,,,LOW,False,False,BROAD_RESEARCH
SSTM,2026-10-07,0,717,40647000.0,71553400.0,0.43889470743023984,True,True,False,False,False,False,RESEARCH_ONLY,median_value_20d<1bn;median_value_60d<1bn,UNCLASSIFIED,,,,LOW,False,False,EXCLUDED
STAA,2026-10-07,0,716,5791991000.0,5863270000.0,0.2949202352278172,True,True,True,True,False,True,LIQUID_CORE,,UNCLASSIFIED,,,,LOW,False,False,LIQUID_CORE
STAR,2026-10-07,0,716,44529200.0,37247800.0,1.3467354482301503,True,True,False,False,False,False,RESEARCH_ONLY,median_value_20d<1bn;median_value_60d<1bn,UNCLASSIFIED,,,,LOW,False,False,EXCLUDED
STRK,2026-10-07,0,715,1146745200.0,738752900.0,1.1892130200891946,True,True,True,False,False,False,RESEARCH_ONLY,median_value_60d<1bn,UNCLASSIFIED,,,,LOW,False,False,EXCLUDED
STTP,2026-10-05,2,4121,8737500.0,11430000.0,0.17490915133496673,True,True,False,False,False,False,RESEARCH_ONLY,median_value_20d<1bn;median_value_60d<1bn,UNCLASSIFIED,,,,LOW,False,False,EXCLUDED
SULI,2026-10-07,0,717,256801750.0,489523000.0,0.5086429285721173,True,True,False,False,False,False,RESEARCH_ONLY,median_value_20d<1bn;median_value_60d<1bn,UNCLASSIFIED,,,,LOW,False,False,EXCLUDED
SUNI,2026-10-07,0,716,214924750.0,229798750.0,0.38406790586214556,True,True,False,False,False,False,RESEARCH_ONLY,median_value_20d<1bn;median_value_60d<1bn,UNCLASSIFIED,,,,LOW,False,False,EXCLUDED
SUPR,2026-10-06,1,720,0.0,0.0,0.0,True,True,False,False,False,False,RESEARCH_ONLY,median_value_20d<1bn;median_value_60d<1bn,CONGLOMERATE,CONGLOMERATE,,DJARUM_HARTONO,MEDIUM,False,False,EXCLUDED
SURE,2026-10-06,1,715,4151000.0,5185000.0,0.48661348667137067,True,True,False,False,False,False,RESEARCH_ONLY,median_value_20d<1bn;median_value_60d<1bn,UNCLASSIFIED,,,,LOW,False,False,EXCLUDED
SWAT,2026-10-06,1,720,0.0,0.0,0.0,True,True,False,False,False,False,RESEARCH_ONLY,median_value_20d<1bn;median_value_60d<1bn,UNCLASSIFIED,,,,LOW,False,False,EXCLUDED
SWID,2026-10-07,0,716,483049000.0,528168900.0,0.8936475241994652,True,True,False,False,False,False,RESEARCH_ONLY,median_value_20d<1bn;median_value_60d<1bn,UNCLASSIFIED,,,,LOW,False,False,EXCLUDED
TALF,2026-10-07,0,716,29333500.0,60718250.0,0.36276945880628175,True,True,False,False,False,False,RESEARCH_ONLY,median_value_20d<1bn;median_value_60d<1bn,UNCLASSIFIED,,,,LOW,False,False,EXCLUDED
TAMA,2026-10-07,0,716,213512500.0,1344989850.0,0.5952154328793823,True,True,False,True,False,False,RESEARCH_ONLY,median_value_20d<1bn,UNCLASSIFIED,,,,LOW,False,False,EXCLUDED
TAMU,2026-10-07,0,716,237533900.0,169032100.0,1.5584150272260913,True,True,False,False,False,False,RESEARCH_ONLY,median_value_20d<1bn;median_value_60d<1bn,UNCLASSIFIED,,,,LOW,False,False,EXCLUDED
TAPG,2026-10-07,0,716,26854381250.0,30440847010.803223,0.41788174974720343,True,True,True,True,False,True,LIQUID_CORE,,CONGLOMERATE,CONGLOMERATE,,TRIPUTRA,MEDIUM,False,False,GROUP_RESEARCH
TARA,2026-10-07,0,716,106790500.0,33345450.0,1.1672780087291714,True,True,False,False,False,False,RESEARCH_ONLY,median_value_20d<1bn;median_value_60d<1bn,UNCLASSIFIED,,,,LOW,False,False,EXCLUDED
TAXI,2026-10-07,0,716,1412193000.0,575757700.0,1.4582445730238638,True,True,True,False,False,False,RESEARCH_ONLY,median_value_60d<1bn,UNCLASSIFIED,,,,LOW,False,False,EXCLUDED
TAYS,2026-10-06,1,717,0.0,0.0,0.0,True,True,False,False,False,False,RESEARCH_ONLY,median_value_20d<1bn;median_value_60d<1bn,UNCLASSIFIED,,,,LOW,False,False,EXCLUDED
TBIG,2026-10-05,2,3920,289561000.0,588695250.0,0.25775589811537586,True,True,False,False,False,False,RESEARCH_ONLY,median_value_20d<1bn;median_value_60d<1bn,UNCLASSIFIED,,,,LOW,False,False,EXCLUDED
TBLA,2026-10-07,0,717,679397500.0,756019500.0,0.16525703708493114,True,True,False,False,False,False,RESEARCH_ONLY,median_value_20d<1bn;median_value_60d<1bn,UNCLASSIFIED,,,,LOW,False,False,EXCLUDED
TBMS,2026-10-07,0,717,24967500.0,23136000.0,0.23045778886411283,True,True,False,False,False,False,RESEARCH_ONLY,median_value_20d<1bn;median_value_60d<1bn,UNCLASSIFIED,,,,LOW,False,False,EXCLUDED
TCID,2026-10-07,0,717,7830000.0,8808500.0,0.33964732929910124,True,True,False,False,False,False,RESEARCH_ONLY,median_value_20d<1bn;median_value_60d<1bn,UNCLASSIFIED,,,,LOW,False,False,EXCLUDED
TCPI,2026-10-07,0,716,6865106000.0,9715987500.0,1.06926919339932,True,True,True,True,False,True,LIQUID_HIGH_VOL,,UNCLASSIFIED,,,,LOW,False,False,BROAD_RESEARCH
TEBE,2026-10-06,1,715,30549248500.0,8708926000.0,1.0966295935106474,True,True,True,True,False,True,LIQUID_HIGH_VOL,,UNCLASSIFIED,,,,LOW,False,False,BROAD_RESEARCH
TELE,2026-10-06,1,720,0.0,0.0,0.0,True,True,False,False,False,False,RESEARCH_ONLY,median_value_20d<1bn;median_value_60d<1bn,UNCLASSIFIED,,,,LOW,False,False,EXCLUDED
TFAS,2026-10-07,0,716,65860200.0,68936550.0,0.44044465050151793,True,True,False,False,False,False,RESEARCH_ONLY,median_value_20d<1bn;median_value_60d<1bn,UNCLASSIFIED,,,,LOW,False,False,EXCLUDED
TFCO,2026-10-07,0,717,1067500.0,591500.0,1.1932405689895318,True,True,False,False,False,False,RESEARCH_ONLY,median_value_20d<1bn;median_value_60d<1bn,UNCLASSIFIED,,,,LOW,False,False,EXCLUDED
TGKA,2026-10-07,0,717,2998750.0,3139000.0,0.17917139861024411,True,True,False,False,False,False,RESEARCH_ONLY,median_value_20d<1bn;median_value_60d<1bn,UNCLASSIFIED,,,,LOW,False,False,EXCLUDED
TGRA,2026-10-06,1,720,0.0,0.0,0.0,True,True,False,False,False,False,RESEARCH_ONLY,median_value_20d<1bn;median_value_60d<1bn,UNCLASSIFIED,,,,LOW,False,False,EXCLUDED
TGUK,2026-10-07,0,719,831172650.0,457051100.0,1.439692974404341,True,True,False,False,False,False,RESEARCH_ONLY,median_value_20d<1bn;median_value_60d<1bn,UNCLASSIFIED,,,,LOW,False,False,EXCLUDED
TIFA,2026-10-05,2,3745,27936600.0,25893400.0,1.0178347873969777,True,True,False,False,False,False,RESEARCH_ONLY,median_value_20d<1bn;median_value_60d<1bn,UNCLASSIFIED,,,,LOW,False,False,EXCLUDED
TINS,2026-10-05,2,4120,177912786000.0,167884124500.0,0.41713713507229966,True,True,True,True,False,True,LIQUID_CORE,,UNCLASSIFIED,,,,LOW,False,False,LIQUID_CORE
TIRA,2026-10-07,0,717,188107100.0,174247500.0,0.5112817085396487,True,True,False,False,False,False,RESEARCH_ONLY,median_value_20d<1bn;median_value_60d<1bn,UNCLASSIFIED,,,,LOW,False,False,EXCLUDED
TIRT,2026-10-06,1,717,0.0,0.0,0.0,True,True,False,False,False,False,RESEARCH_ONLY,median_value_20d<1bn;median_value_60d<1bn,UNCLASSIFIED,,,,LOW,False,False,EXCLUDED
TKIM,2026-10-05,2,4120,13578735000.0,18103683750.0,0.30641075225513337,True,True,True,True,False,True,LIQUID_CORE,,UNCLASSIFIED,,,,LOW,False,False,LIQUID_CORE
TLDN,2026-10-07,0,716,615908750.0,697503000.0,0.2958641873503792,True,True,False,False,False,False,RESEARCH_ONLY,median_value_20d<1bn;median_value_60d<1bn,UNCLASSIFIED,,,,LOW,False,False,EXCLUDED
TLKM,2026-10-05,2,4120,322186391500.0,247073258000.0,0.25687234080802457,True,True,True,True,False,True,LIQUID_CORE,,BLUE_CHIP,BUMN_AFFILIATED,LQ45,,MEDIUM,False,False,CORE
TMAS,2026-10-07,0,716,756206200.0,660484100.0,0.5075175063342133,True,True,False,False,False,False,RESEARCH_ONLY,median_value_20d<1bn;median_value_60d<1bn,UNCLASSIFIED,,,,LOW,False,False,EXCLUDED
TMPO,2026-10-07,0,717,3744631300.0,2773891500.0,0.7709485917344344,True,True,True,True,False,True,LIQUID_HIGH_VOL,,UNCLASSIFIED,,,,LOW,False,False,BROAD_RESEARCH
TNCA,2026-10-07,0,716,184662150.0,160845700.0,0.4995426217504994,True,True,False,False,False,False,RESEARCH_ONLY,median_value_20d<1bn;median_value_60d<1bn,UNCLASSIFIED,,,,LOW,False,False,EXCLUDED
TOBA,2026-10-07,0,716,3382403250.0,6012050700.0,0.41319069283751286,True,True,True,True,False,True,LIQUID_CORE,,UNCLASSIFIED,,,,LOW,False,False,LIQUID_CORE
TOOL,2026-10-07,0,716,1772551700.0,1417857150.0,0.8885625623162993,True,True,True,True,False,True,LIQUID_HIGH_VOL,,UNCLASSIFIED,,,,LOW,False,False,BROAD_RESEARCH
TOPS,2026-10-06,1,720,0.0,0.0,0.0,True,True,False,False,False,False,RESEARCH_ONLY,median_value_20d<1bn;median_value_60d<1bn,UNCLASSIFIED,,,,LOW,False,False,EXCLUDED
TOTL,2026-10-05,2,4120,3516565250.0,3935978250.0,0.34384284182343355,True,True,True,True,False,True,LIQUID_CORE,,UNCLASSIFIED,,,,LOW,False,False,LIQUID_CORE
TOTO,2026-10-07,0,717,115128000.0,104275000.0,0.09039548059663947,True,True,False,False,False,False,RESEARCH_ONLY,median_value_20d<1bn;median_value_60d<1bn,UNCLASSIFIED,,,,LOW,False,False,EXCLUDED
TOWR,2026-10-05,2,4075,21732824200.0,18934529600.0,0.4359819138205115,True,True,True,True,False,True,LIQUID_CORE,,BLUE_CHIP,CONGLOMERATE,LQ45,DJARUM_HARTONO,MEDIUM,False,False,CORE
TOYS,2026-10-06,1,720,0.0,0.0,0.0,True,True,False,False,False,False,RESEARCH_ONLY,median_value_20d<1bn;median_value_60d<1bn,UNCLASSIFIED,,,,LOW,False,False,EXCLUDED
TPIA,2026-10-07,0,716,168817541250.0,443914063500.0,0.31509769951749345,True,True,True,True,False,True,LIQUID_CORE,,CONGLOMERATE,CONGLOMERATE,,BARITO,MEDIUM,False,False,GROUP_RESEARCH
TPMA,2026-10-07,0,716,446216200.0,501447600.0,0.16552758052269706,True,True,False,False,False,False,RESEARCH_ONLY,median_value_20d<1bn;median_value_60d<1bn,UNCLASSIFIED,,,,LOW,False,False,EXCLUDED
TRGU,2026-10-07,0,716,20906700.0,26308100.0,0.3327426640934044,True,True,False,False,False,False,RESEARCH_ONLY,median_value_20d<1bn;median_value_60d<1bn,UNCLASSIFIED,,,,LOW,False,False,EXCLUDED
TRIM,2026-10-07,0,717,829357750.0,196147500.0,0.6270640318547968,True,True,False,False,False,False,RESEARCH_ONLY,median_value_20d<1bn;median_value_60d<1bn,UNCLASSIFIED,,,,LOW,False,False,EXCLUDED
TRIN,2026-10-07,0,716,13444883700.0,6572595300.0,1.257073541595896,True,True,True,True,False,True,LIQUID_HIGH_VOL,,UNCLASSIFIED,,,,LOW,False,False,BROAD_RESEARCH
TRIS,2026-10-07,0,716,97085400.0,122266822.34573364,0.129108449792647,True,True,False,False,False,False,RESEARCH_ONLY,median_value_20d<1bn;median_value_60d<1bn,UNCLASSIFIED,,,,LOW,False,False,EXCLUDED
TRJA,2026-10-07,0,716,231049200.0,74637200.0,0.8446648360677499,True,True,False,False,False,False,RESEARCH_ONLY,median_value_20d<1bn;median_value_60d<1bn,UNCLASSIFIED,,,,LOW,False,False,EXCLUDED
TRON,2026-10-07,0,716,1679145150.0,1358896500.0,0.7406400801092654,True,True,True,True,False,True,LIQUID_GROWTH_MOMENTUM,,UNCLASSIFIED,,,,LOW,False,False,BROAD_RESEARCH
TRST,2026-10-07,0,717,14807100.0,27146400.0,0.3726251106334306,True,True,False,False,False,False,RESEARCH_ONLY,median_value_20d<1bn;median_value_60d<1bn,UNCLASSIFIED,,,,LOW,False,False,EXCLUDED
TRUE,2026-10-07,0,718,7683059600.0,0.0,2.3891018563643986,True,True,True,False,False,False,RESEARCH_ONLY,median_value_60d<1bn,UNCLASSIFIED,,,,LOW,False,False,EXCLUDED
TRUK,2026-10-06,1,715,0.0,108861300.0,1.059019839443781,True,True,False,False,False,False,RESEARCH_ONLY,median_value_20d<1bn;median_value_60d<1bn,UNCLASSIFIED,,,,LOW,False,False,EXCLUDED
TRUS,2026-10-07,0,717,15424400.0,22290700.0,0.41296571254030306,True,True,False,False,False,False,RESEARCH_ONLY,median_value_20d<1bn;median_value_60d<1bn,UNCLASSIFIED,,,,LOW,False,False,EXCLUDED
TSPC,2026-10-05,2,4121,1246408500.0,1339910500.0,0.11888143553447227,True,True,True,True,False,True,LIQUID_CORE,,UNCLASSIFIED,,,,LOW,False,False,LIQUID_CORE
TUGU,2026-10-07,0,716,3629910000.0,2279284000.0,0.7145163109371327,True,True,True,True,False,True,LIQUID_GROWTH_MOMENTUM,,UNCLASSIFIED,,,,LOW,False,False,BROAD_RESEARCH
TYRE,2026-10-07,0,716,93411500.0,61485900.0,0.2822863797930946,True,True,False,False,False,False,RESEARCH_ONLY,median_value_20d<1bn;median_value_60d<1bn,UNCLASSIFIED,,,,LOW,False,False,EXCLUDED
UANG,2026-10-07,0,716,2071052500.0,540869000.0,1.162790558048821,True,True,True,False,False,False,RESEARCH_ONLY,median_value_60d<1bn,UNCLASSIFIED,,,,LOW,False,False,EXCLUDED
UCID,2026-10-07,0,716,348832800.0,431311800.0,0.19634575086076572,True,True,False,False,False,False,RESEARCH_ONLY,median_value_20d<1bn;median_value_60d<1bn,UNCLASSIFIED,,,,LOW,False,False,EXCLUDED
UDNG,2026-10-07,0,700,3179579800.0,1792485000.0,0.940970025918492,True,True,True,True,False,True,LIQUID_HIGH_VOL,,UNCLASSIFIED,,,,LOW,False,False,BROAD_RESEARCH
UFOE,2026-10-07,0,716,71050650.0,30288700.0,0.3264403217311852,True,True,False,False,False,False,RESEARCH_ONLY,median_value_20d<1bn;median_value_60d<1bn,UNCLASSIFIED,,,,LOW,False,False,EXCLUDED
ULTJ,2026-10-05,2,4120,45579030000.0,4570130500.0,0.598904260407629,True,True,True,True,False,True,LIQUID_GROWTH_MOMENTUM,,UNCLASSIFIED,,,,LOW,False,False,BROAD_RESEARCH
UNIC,2026-10-07,0,717,172167500.0,160932500.0,0.11468884211444169,True,True,False,False,False,False,RESEARCH_ONLY,median_value_20d<1bn;median_value_60d<1bn,UNCLASSIFIED,,,,LOW,False,False,EXCLUDED
UNIQ,2026-10-07,0,716,239259600.0,199457250.0,0.9024954308534656,True,True,False,False,False,False,RESEARCH_ONLY,median_value_20d<1bn;median_value_60d<1bn,UNCLASSIFIED,,,,LOW,False,False,EXCLUDED
UNSP,2026-10-07,0,718,2258494400.0,0.0,1.3049031079030866,True,True,True,False,False,False,RESEARCH_ONLY,median_value_60d<1bn,CONGLOMERATE,CONGLOMERATE,,BAKRIE,MEDIUM,False,False,EXCLUDED
UNTR,2026-10-07,0,717,81035401266.11328,90551368602.92969,0.3705087675481694,True,True,True,True,False,True,LIQUID_CORE,,BLUE_CHIP,CONGLOMERATE,LQ45,ASTRA,MEDIUM,False,False,CORE
UNVR,2026-10-05,2,4121,20910730000.0,20910730000.0,0.15384715891644302,True,True,True,True,False,True,LIQUID_CORE,,BLUE_CHIP,BLUE_CHIP,LQ45,,MEDIUM,False,False,CORE
URBN,2026-10-07,0,716,74227800.0,38568000.0,0.6379912620011043,True,True,False,False,False,False,RESEARCH_ONLY,median_value_20d<1bn;median_value_60d<1bn,UNCLASSIFIED,,,,LOW,False,False,EXCLUDED
UVCR,2026-10-07,0,716,21274272150.0,7226178600.0,0.9743856111181317,True,True,True,True,False,True,LIQUID_HIGH_VOL,,UNCLASSIFIED,,,,LOW,False,False,BROAD_RESEARCH
VAST,2026-10-07,0,716,622836700.0,195944150.0,0.9079061902470752,True,True,False,False,False,False,RESEARCH_ONLY,median_value_20d<1bn;median_value_60d<1bn,UNCLASSIFIED,,,,LOW,False,False,EXCLUDED
VERN,2026-10-07,0,478,2253379000.0,2134812300.0,0.9030262068351059,True,True,True,True,False,True,LIQUID_HIGH_VOL,,UNCLASSIFIED,,,,LOW,False,False,BROAD_RESEARCH
VICI,2026-10-07,0,716,6415289750.0,2234192750.0,0.9770630014786953,True,True,True,True,False,True,LIQUID_HIGH_VOL,,UNCLASSIFIED,,,,LOW,False,False,BROAD_RESEARCH
VICO,2026-10-07,0,716,102726391.22924805,18049658.570861816,0.4780322686705797,True,True,False,False,False,False,RESEARCH_ONLY,median_value_20d<1bn;median_value_60d<1bn,UNCLASSIFIED,,,,LOW,False,False,EXCLUDED
VINS,2026-10-07,0,716,50781050.0,28835750.0,0.39116979333711227,True,True,False,False,False,False,RESEARCH_ONLY,median_value_20d<1bn;median_value_60d<1bn,UNCLASSIFIED,,,,LOW,False,False,EXCLUDED
VISI,2026-10-07,0,621,2117487750.0,918198750.0,1.1956081180860756,True,True,True,False,False,False,RESEARCH_ONLY,median_value_60d<1bn,UNCLASSIFIED,,,,LOW,False,False,EXCLUDED
VIVA,2026-10-07,0,716,1509484500.0,1588505100.0,1.416229664690259,True,True,True,True,False,True,LIQUID_HIGH_VOL,,CONGLOMERATE,CONGLOMERATE,,BAKRIE,MEDIUM,False,False,GROUP_RESEARCH
VKTR,2026-10-07,0,716,48094339012.92297,62863243500.0,0.9617010743457755,True,True,True,True,False,True,LIQUID_HIGH_VOL,,CONGLOMERATE,CONGLOMERATE,,BAKRIE,MEDIUM,False,False,GROUP_RESEARCH
VOKS,2026-10-07,0,717,318025000.0,113050800.0,1.1506279891297486,True,True,False,False,False,False,RESEARCH_ONLY,median_value_20d<1bn;median_value_60d<1bn,UNCLASSIFIED,,,,LOW,False,False,EXCLUDED
VRNA,2026-10-07,0,716,172232750.0,44141650.0,0.46428272426946426,True,True,False,False,False,False,RESEARCH_ONLY,median_value_20d<1bn;median_value_60d<1bn,UNCLASSIFIED,,,,LOW,False,False,EXCLUDED
VTNY,2026-10-07,0,716,1589872900.0,1541457950.0,0.8533707093329936,True,True,True,True,False,True,LIQUID_HIGH_VOL,,UNCLASSIFIED,,,,LOW,False,False,BROAD_RESEARCH
WAPO,2026-10-07,0,717,552817500.0,127178800.0,1.3000986618325212,True,True,False,False,False,False,RESEARCH_ONLY,median_value_20d<1bn;median_value_60d<1bn,UNCLASSIFIED,,,,LOW,False,False,EXCLUDED
WEGE,2026-10-07,0,716,335611400.0,352755400.0,0.7076918515657566,True,True,False,False,False,False,RESEARCH_ONLY,median_value_20d<1bn;median_value_60d<1bn,UNCLASSIFIED,,,,LOW,False,False,EXCLUDED
WEHA,2026-10-07,0,716,480922550.0,480922550.0,0.4654361817995668,True,True,False,False,False,False,RESEARCH_ONLY,median_value_20d<1bn;median_value_60d<1bn,UNCLASSIFIED,,,,LOW,False,False,EXCLUDED
WICO,2026-10-06,1,720,0.0,0.0,0.0,True,True,False,False,False,False,RESEARCH_ONLY,median_value_20d<1bn;median_value_60d<1bn,UNCLASSIFIED,,,,LOW,False,False,EXCLUDED
WIFI,2026-10-07,0,716,23566517000.0,36829412250.0,0.44928355718838425,True,True,True,True,False,True,LIQUID_CORE,,BLUE_CHIP,BLUE_CHIP,LQ45,,MEDIUM,False,False,CORE
WIIM,2026-10-07,0,716,3765460500.0,2402893500.0,0.4801075004006694,True,True,True,True,False,True,LIQUID_GROWTH_MOMENTUM,,UNCLASSIFIED,,,,LOW,False,False,BROAD_RESEARCH
WIKA,2026-10-05,2,4124,0.0,0.0,0.0,True,True,False,False,False,False,RESEARCH_ONLY,median_value_20d<1bn;median_value_60d<1bn,BUMN_AFFILIATED,BUMN_AFFILIATED,,,MEDIUM,False,False,EXCLUDED
WINE,2026-10-07,0,716,48201700.0,99945250.0,0.177416424032651,True,True,False,False,False,False,RESEARCH_ONLY,median_value_20d<1bn;median_value_60d<1bn,UNCLASSIFIED,,,,LOW,False,False,EXCLUDED
WINR,2026-10-07,0,716,955046250.0,750519000.0,0.9993514953850365,True,True,False,False,False,False,RESEARCH_ONLY,median_value_20d<1bn;median_value_60d<1bn,UNCLASSIFIED,,,,LOW,False,False,EXCLUDED
WINS,2026-10-07,0,717,1006726500.0,1129396250.0,0.7645181356077061,True,True,True,True,False,True,LIQUID_HIGH_VOL,,UNCLASSIFIED,,,,LOW,False,False,BROAD_RESEARCH
WIRG,2026-10-07,0,716,9475142100.0,5947756200.0,0.6853068668414832,True,True,True,True,False,True,LIQUID_GROWTH_MOMENTUM,,UNCLASSIFIED,,,,LOW,False,False,BROAD_RESEARCH
WMPP,2026-10-07,0,716,1295416800.0,1295416800.0,1.4285730941430372,True,True,True,True,False,True,LIQUID_HIGH_VOL,,UNCLASSIFIED,,,,LOW,False,False,BROAD_RESEARCH
WMUU,2026-10-07,0,716,63935000.0,924862500.0,0.9743756350867661,True,True,False,False,False,False,RESEARCH_ONLY,median_value_20d<1bn;median_value_60d<1bn,UNCLASSIFIED,,,,LOW,False,False,EXCLUDED
WOMF,2026-10-07,0,716,32614500.0,32614500.0,0.47806872146596185,True,True,False,False,False,False,RESEARCH_ONLY,median_value_20d<1bn;median_value_60d<1bn,UNCLASSIFIED,,,,LOW,False,False,EXCLUDED
WOOD,2026-10-07,0,716,439020300.0,648292900.0,0.3998199310089817,True,True,False,False,False,False,RESEARCH_ONLY,median_value_20d<1bn;median_value_60d<1bn,UNCLASSIFIED,,,,LOW,False,False,EXCLUDED
WOWS,2026-10-07,0,716,1038981100.0,1021093800.0,0.765736409873626,True,True,True,True,False,True,LIQUID_HIGH_VOL,,UNCLASSIFIED,,,,LOW,False,False,BROAD_RESEARCH
WSBP,2026-10-05,2,2475,0.0,0.0,0.0,True,True,False,False,False,False,RESEARCH_ONLY,median_value_20d<1bn;median_value_60d<1bn,UNCLASSIFIED,,,,LOW,False,False,EXCLUDED
WSKT,2026-06-26,103,3322,0.0,0.0,0.0,True,False,False,False,False,False,RESEARCH_ONLY,stale_data;median_value_20d<1bn;median_value_60d<1bn,BUMN_AFFILIATED,BUMN_AFFILIATED,,,MEDIUM,False,False,EXCLUDED
WTON,2026-10-05,2,3064,231217250.0,214807950.0,0.36152983089018287,True,True,False,False,False,False,RESEARCH_ONLY,median_value_20d<1bn;median_value_60d<1bn,UNCLASSIFIED,,,,LOW,False,False,EXCLUDED
YELO,2026-10-07,0,716,3072788200.0,4891913850.0,0.7572674100610362,True,True,True,True,False,True,LIQUID_HIGH_VOL,,UNCLASSIFIED,,,,LOW,False,False,BROAD_RESEARCH
YOII,2026-10-07,0,417,257270650.0,277115250.0,0.4147165865035294,True,True,False,False,False,False,RESEARCH_ONLY,median_value_20d<1bn;median_value_60d<1bn,UNCLASSIFIED,,,,LOW,False,False,EXCLUDED
YPAS,2026-10-07,0,717,100766250.0,101994000.0,1.2457727640465748,True,True,False,False,False,False,RESEARCH_ONLY,median_value_20d<1bn;median_value_60d<1bn,UNCLASSIFIED,,,,LOW,False,False,EXCLUDED
YULE,2026-10-07,0,716,25529500.0,8366000.0,0.7715039186018077,True,True,False,False,False,False,RESEARCH_ONLY,median_value_20d<1bn;median_value_60d<1bn,UNCLASSIFIED,,,,LOW,False,False,EXCLUDED
YUPI,2026-10-07,0,366,22730500.0,37405966.12548828,0.16282040541946988,True,True,False,False,False,False,RESEARCH_ONLY,median_value_20d<1bn;median_value_60d<1bn,UNCLASSIFIED,,,,LOW,False,False,EXCLUDED
ZATA,2026-10-07,0,716,3066636450.0,4195431800.0,0.8307496929125463,True,True,True,True,False,True,LIQUID_HIGH_VOL,,UNCLASSIFIED,,,,LOW,False,False,BROAD_RESEARCH
ZBRA,2026-10-06,1,720,0.0,0.0,0.0,True,True,False,False,False,False,RESEARCH_ONLY,median_value_20d<1bn;median_value_60d<1bn,UNCLASSIFIED,,,,LOW,False,False,EXCLUDED
ZINC,2026-10-06,1,720,0.0,0.0,0.0,True,True,False,False,False,False,RESEARCH_ONLY,median_value_20d<1bn;median_value_60d<1bn,UNCLASSIFIED,,,,LOW,False,False,EXCLUDED
ZONE,2026-10-07,0,716,17132000.0,49058500.0,0.22740338977858768,True,True,False,False,False,False,RESEARCH_ONLY,median_value_20d<1bn;median_value_60d<1bn,UNCLASSIFIED,,,,LOW,False,False,EXCLUDED
ZYRX,2026-10-07,0,716,38617000.0,80212650.0,0.20214906150298334,True,True,False,False,False,False,RESEARCH_ONLY,median_value_20d<1bn;median_value_60d<1bn,UNCLASSIFIED,,,,LOW,False,False,EXCLUDED
