ticker,company_name,listed_date,delisted_date,suspension_start,suspension_end,board,sector,trade_status,in_official_current_universe,in_daily_snapshot,in_local_price_data,effective_from,effective_to,source,source_date,confidence
AADI,,,,,,RG,,OBSERVED_IN_DAILY_SNAPSHOT,False,True,False,2026-10-02,,daily_all_stock_snapshot,2026-10-02,MEDIUM
AALI,,,,,,RG,,OBSERVED_IN_DAILY_SNAPSHOT,False,True,False,2026-10-02,,daily_all_stock_snapshot,2026-10-02,MEDIUM
ABBA,,,,,,RG,,OBSERVED_IN_DAILY_SNAPSHOT,False,True,False,2026-10-02,,daily_all_stock_snapshot,2026-10-02,MEDIUM
ABDA,,,,,,RG,,OBSERVED_IN_DAILY_SNAPSHOT,False,True,False,2026-10-02,,daily_all_stock_snapshot,2026-10-02,MEDIUM
ABMM,,,,,,RG,,OBSERVED_IN_DAILY_SNAPSHOT,False,True,False,2026-10-02,,daily_all_stock_snapshot,2026-10-02,MEDIUM
ACES,,,,,,RG,,OBSERVED_IN_DAILY_SNAPSHOT,False,True,False,2026-10-02,,daily_all_stock_snapshot,2026-10-02,MEDIUM
ACRO,,,,,,RG,,OBSERVED_IN_DAILY_SNAPSHOT,False,True,False,2026-10-02,,daily_all_stock_snapshot,2026-10-02,MEDIUM
ACST,,,,,,RG,,OBSERVED_IN_DAILY_SNAPSHOT,False,True,True,2026-10-02,,daily_all_stock_snapshot,2026-10-02,MEDIUM
ADCP,,,,,,RG,,OBSERVED_IN_DAILY_SNAPSHOT,False,True,False,2026-10-02,,daily_all_stock_snapshot,2026-10-02,MEDIUM
ADES,,,,,,RG,,OBSERVED_IN_DAILY_SNAPSHOT,False,True,True,2026-10-02,,daily_all_stock_snapshot,2026-10-02,MEDIUM
ADHI,,,,,,RG,,OBSERVED_IN_DAILY_SNAPSHOT,False,True,True,2026-10-02,,daily_all_stock_snapshot,2026-10-02,MEDIUM
ADMF,,,,,,RG,,OBSERVED_IN_DAILY_SNAPSHOT,False,True,False,2026-10-02,,daily_all_stock_snapshot,2026-10-02,MEDIUM
ADMG,,,,,,RG,,OBSERVED_IN_DAILY_SNAPSHOT,False,True,False,2026-10-02,,daily_all_stock_snapshot,2026-10-02,MEDIUM
ADMR,,,,,,RG,,OBSERVED_IN_DAILY_SNAPSHOT,False,True,False,2026-10-02,,daily_all_stock_snapshot,2026-10-02,MEDIUM
ADRO,,,,,,RG,,OBSERVED_IN_DAILY_SNAPSHOT,False,True,True,2026-10-02,,daily_all_stock_snapshot,2026-10-02,MEDIUM
AGAR,,,,,,RG,,OBSERVED_IN_DAILY_SNAPSHOT,False,True,False,2026-10-02,,daily_all_stock_snapshot,2026-10-02,MEDIUM
AGII,,,,,,RG,,OBSERVED_IN_DAILY_SNAPSHOT,False,True,False,2026-10-02,,daily_all_stock_snapshot,2026-10-02,MEDIUM
AGRO,,,,,,RG,,OBSERVED_IN_DAILY_SNAPSHOT,False,True,True,2026-10-02,,daily_all_stock_snapshot,2026-10-02,MEDIUM
AGRS,,,,,,RG,,OBSERVED_IN_DAILY_SNAPSHOT,False,True,False,2026-10-02,,daily_all_stock_snapshot,2026-10-02,MEDIUM
AHAP,,,,,,RG,,OBSERVED_IN_DAILY_SNAPSHOT,False,True,False,2026-10-02,,daily_all_stock_snapshot,2026-10-02,MEDIUM
AIMS,,,,,,RG,,OBSERVED_IN_DAILY_SNAPSHOT,False,True,False,2026-10-02,,daily_all_stock_snapshot,2026-10-02,MEDIUM
AISA,,,,,,RG,,OBSERVED_IN_DAILY_SNAPSHOT,False,True,False,2026-10-02,,daily_all_stock_snapshot,2026-10-02,MEDIUM
AKKU,,,,,,RG,,OBSERVED_IN_DAILY_SNAPSHOT,False,True,False,2026-10-02,,daily_all_stock_snapshot,2026-10-02,MEDIUM
AKPI,,,,,,RG,,OBSERVED_IN_DAILY_SNAPSHOT,False,True,False,2026-10-02,,daily_all_stock_snapshot,2026-10-02,MEDIUM
AKRA,,,,,,RG,,OBSERVED_IN_DAILY_SNAPSHOT,False,True,False,2026-10-02,,daily_all_stock_snapshot,2026-10-02,MEDIUM
AKSI,,,,,,RG,,OBSERVED_IN_DAILY_SNAPSHOT,False,True,False,2026-10-02,,daily_all_stock_snapshot,2026-10-02,MEDIUM
ALDO,,,,,,RG,,OBSERVED_IN_DAILY_SNAPSHOT,False,True,False,2026-10-02,,daily_all_stock_snapshot,2026-10-02,MEDIUM
ALKA,,,,,,RG,,OBSERVED_IN_DAILY_SNAPSHOT,False,True,False,2026-10-02,,daily_all_stock_snapshot,2026-10-02,MEDIUM
ALMI,,,,,,RG,,OBSERVED_IN_DAILY_SNAPSHOT,False,True,False,2026-10-02,,daily_all_stock_snapshot,2026-10-02,MEDIUM
ALTO,,,,,,RG,,OBSERVED_IN_DAILY_SNAPSHOT,False,True,True,2026-10-02,,daily_all_stock_snapshot,2026-10-02,MEDIUM
AMAG,,,,,,RG,,OBSERVED_IN_DAILY_SNAPSHOT,False,True,False,2026-10-02,,daily_all_stock_snapshot,2026-10-02,MEDIUM
AMAN,,,,,,RG,,OBSERVED_IN_DAILY_SNAPSHOT,False,True,False,2026-10-02,,daily_all_stock_snapshot,2026-10-02,MEDIUM
AMAR,,,,,,RG,,OBSERVED_IN_DAILY_SNAPSHOT,False,True,False,2026-10-02,,daily_all_stock_snapshot,2026-10-02,MEDIUM
AMFG,,,,,,RG,,OBSERVED_IN_DAILY_SNAPSHOT,False,True,False,2026-10-02,,daily_all_stock_snapshot,2026-10-02,MEDIUM
AMIN,,,,,,RG,,OBSERVED_IN_DAILY_SNAPSHOT,False,True,False,2026-10-02,,daily_all_stock_snapshot,2026-10-02,MEDIUM
AMMN,,,,,,RG,,OBSERVED_IN_DAILY_SNAPSHOT,False,True,False,2026-10-02,,daily_all_stock_snapshot,2026-10-02,MEDIUM
AMMS,,,,,,RG,,OBSERVED_IN_DAILY_SNAPSHOT,False,True,False,2026-10-02,,daily_all_stock_snapshot,2026-10-02,MEDIUM
AMOR,,,,,,RG,,OBSERVED_IN_DAILY_SNAPSHOT,False,True,False,2026-10-02,,daily_all_stock_snapshot,2026-10-02,MEDIUM
AMRT,,,,,,RG,,OBSERVED_IN_DAILY_SNAPSHOT,False,True,False,2026-10-02,,daily_all_stock_snapshot,2026-10-02,MEDIUM
ANDI,,,,,,RG,,OBSERVED_IN_DAILY_SNAPSHOT,False,True,False,2026-10-02,,daily_all_stock_snapshot,2026-10-02,MEDIUM
ANJT,,,,,,RG,,OBSERVED_IN_DAILY_SNAPSHOT,False,True,False,2026-10-02,,daily_all_stock_snapshot,2026-10-02,MEDIUM
ANTM,,,,,,RG,,OBSERVED_IN_DAILY_SNAPSHOT,False,True,True,2026-10-02,,daily_all_stock_snapshot,2026-10-02,MEDIUM
APEX,,,,,,RG,,OBSERVED_IN_DAILY_SNAPSHOT,False,True,False,2026-10-02,,daily_all_stock_snapshot,2026-10-02,MEDIUM
APIC,,,,,,RG,,OBSERVED_IN_DAILY_SNAPSHOT,False,True,False,2026-10-02,,daily_all_stock_snapshot,2026-10-02,MEDIUM
APII,,,,,,RG,,OBSERVED_IN_DAILY_SNAPSHOT,False,True,False,2026-10-02,,daily_all_stock_snapshot,2026-10-02,MEDIUM
APLI,,,,,,RG,,OBSERVED_IN_DAILY_SNAPSHOT,False,True,False,2026-10-02,,daily_all_stock_snapshot,2026-10-02,MEDIUM
APLN,,,,,,RG,,OBSERVED_IN_DAILY_SNAPSHOT,False,True,False,2026-10-02,,daily_all_stock_snapshot,2026-10-02,MEDIUM
ARCI,,,,,,RG,,OBSERVED_IN_DAILY_SNAPSHOT,False,True,False,2026-10-02,,daily_all_stock_snapshot,2026-10-02,MEDIUM
AREA,,,,,,RG,,OBSERVED_IN_DAILY_SNAPSHOT,False,True,False,2026-10-02,,daily_all_stock_snapshot,2026-10-02,MEDIUM
ARGO,,,,,,RG,,OBSERVED_IN_DAILY_SNAPSHOT,False,True,False,2026-10-02,,daily_all_stock_snapshot,2026-10-02,MEDIUM
ARII,,,,,,RG,,OBSERVED_IN_DAILY_SNAPSHOT,False,True,False,2026-10-02,,daily_all_stock_snapshot,2026-10-02,MEDIUM
ARKA,,,,,,RG,,OBSERVED_IN_DAILY_SNAPSHOT,False,True,False,2026-10-02,,daily_all_stock_snapshot,2026-10-02,MEDIUM
ARKO,,,,,,RG,,OBSERVED_IN_DAILY_SNAPSHOT,False,True,False,2026-10-02,,daily_all_stock_snapshot,2026-10-02,MEDIUM
ARMY,,,,,,RG,,OBSERVED_IN_DAILY_SNAPSHOT,False,True,False,2026-10-02,,daily_all_stock_snapshot,2026-10-02,MEDIUM
ARNA,,,,,,RG,,OBSERVED_IN_DAILY_SNAPSHOT,False,True,False,2026-10-02,,daily_all_stock_snapshot,2026-10-02,MEDIUM
ARTA,,,,,,RG,,OBSERVED_IN_DAILY_SNAPSHOT,False,True,False,2026-10-02,,daily_all_stock_snapshot,2026-10-02,MEDIUM
ARTI,,,,,,RG,,OBSERVED_IN_DAILY_SNAPSHOT,False,True,False,2026-10-02,,daily_all_stock_snapshot,2026-10-02,MEDIUM
ARTO,,,,,,RG,,OBSERVED_IN_DAILY_SNAPSHOT,False,True,False,2026-10-02,,daily_all_stock_snapshot,2026-10-02,MEDIUM
ASBI,,,,,,RG,,OBSERVED_IN_DAILY_SNAPSHOT,False,True,False,2026-10-02,,daily_all_stock_snapshot,2026-10-02,MEDIUM
ASDM,,,,,,RG,,OBSERVED_IN_DAILY_SNAPSHOT,False,True,False,2026-10-02,,daily_all_stock_snapshot,2026-10-02,MEDIUM
ASGR,,,,,,RG,,OBSERVED_IN_DAILY_SNAPSHOT,False,True,False,2026-10-02,,daily_all_stock_snapshot,2026-10-02,MEDIUM
ASHA,,,,,,RG,,OBSERVED_IN_DAILY_SNAPSHOT,False,True,False,2026-10-02,,daily_all_stock_snapshot,2026-10-02,MEDIUM
ASII,,,,,,RG,,OBSERVED_IN_DAILY_SNAPSHOT,False,True,True,2026-10-02,,daily_all_stock_snapshot,2026-10-02,MEDIUM
ASJT,,,,,,RG,,OBSERVED_IN_DAILY_SNAPSHOT,False,True,False,2026-10-02,,daily_all_stock_snapshot,2026-10-02,MEDIUM
ASLC,,,,,,RG,,OBSERVED_IN_DAILY_SNAPSHOT,False,True,False,2026-10-02,,daily_all_stock_snapshot,2026-10-02,MEDIUM
ASLI,,,,,,RG,,OBSERVED_IN_DAILY_SNAPSHOT,False,True,False,2026-10-02,,daily_all_stock_snapshot,2026-10-02,MEDIUM
ASMI,,,,,,RG,,OBSERVED_IN_DAILY_SNAPSHOT,False,True,False,2026-10-02,,daily_all_stock_snapshot,2026-10-02,MEDIUM
ASPI,,,,,,RG,,OBSERVED_IN_DAILY_SNAPSHOT,False,True,False,2026-10-02,,daily_all_stock_snapshot,2026-10-02,MEDIUM
ASPR,,,,,,RG,,OBSERVED_IN_DAILY_SNAPSHOT,False,True,False,2026-10-02,,daily_all_stock_snapshot,2026-10-02,MEDIUM
ASRI,,,,,,RG,,OBSERVED_IN_DAILY_SNAPSHOT,False,True,False,2026-10-02,,daily_all_stock_snapshot,2026-10-02,MEDIUM
ASRM,,,,,,RG,,OBSERVED_IN_DAILY_SNAPSHOT,False,True,False,2026-10-02,,daily_all_stock_snapshot,2026-10-02,MEDIUM
ASSA,,,,,,RG,,OBSERVED_IN_DAILY_SNAPSHOT,False,True,False,2026-10-02,,daily_all_stock_snapshot,2026-10-02,MEDIUM
ATAP,,,,,,RG,,OBSERVED_IN_DAILY_SNAPSHOT,False,True,False,2026-10-02,,daily_all_stock_snapshot,2026-10-02,MEDIUM
ATIC,,,,,,RG,,OBSERVED_IN_DAILY_SNAPSHOT,False,True,False,2026-10-02,,daily_all_stock_snapshot,2026-10-02,MEDIUM
ATLA,,,,,,RG,,OBSERVED_IN_DAILY_SNAPSHOT,False,True,False,2026-10-02,,daily_all_stock_snapshot,2026-10-02,MEDIUM
AUTO,,,,,,RG,,OBSERVED_IN_DAILY_SNAPSHOT,False,True,False,2026-10-02,,daily_all_stock_snapshot,2026-10-02,MEDIUM
AVIA,,,,,,RG,,OBSERVED_IN_DAILY_SNAPSHOT,False,True,False,2026-10-02,,daily_all_stock_snapshot,2026-10-02,MEDIUM
AWAN,,,,,,RG,,OBSERVED_IN_DAILY_SNAPSHOT,False,True,False,2026-10-02,,daily_all_stock_snapshot,2026-10-02,MEDIUM
AXIO,,,,,,RG,,OBSERVED_IN_DAILY_SNAPSHOT,False,True,False,2026-10-02,,daily_all_stock_snapshot,2026-10-02,MEDIUM
AYLS,,,,,,RG,,OBSERVED_IN_DAILY_SNAPSHOT,False,True,False,2026-10-02,,daily_all_stock_snapshot,2026-10-02,MEDIUM
BABP,,,,,,RG,,OBSERVED_IN_DAILY_SNAPSHOT,False,True,False,2026-10-02,,daily_all_stock_snapshot,2026-10-02,MEDIUM
BABY,,,,,,RG,,OBSERVED_IN_DAILY_SNAPSHOT,False,True,False,2026-10-02,,daily_all_stock_snapshot,2026-10-02,MEDIUM
BACA,,,,,,RG,,OBSERVED_IN_DAILY_SNAPSHOT,False,True,False,2026-10-02,,daily_all_stock_snapshot,2026-10-02,MEDIUM
BACH,,,,,,RG,,OBSERVED_IN_DAILY_SNAPSHOT,False,True,False,2026-10-02,,daily_all_stock_snapshot,2026-10-02,MEDIUM
BAIK,,,,,,RG,,OBSERVED_IN_DAILY_SNAPSHOT,False,True,False,2026-10-02,,daily_all_stock_snapshot,2026-10-02,MEDIUM
BAJA,,,,,,RG,,OBSERVED_IN_DAILY_SNAPSHOT,False,True,False,2026-10-02,,daily_all_stock_snapshot,2026-10-02,MEDIUM
BALI,,,,,,RG,,OBSERVED_IN_DAILY_SNAPSHOT,False,True,True,2026-10-02,,daily_all_stock_snapshot,2026-10-02,MEDIUM
BANK,,,,,,RG,,OBSERVED_IN_DAILY_SNAPSHOT,False,True,False,2026-10-02,,daily_all_stock_snapshot,2026-10-02,MEDIUM
BAPA,,,,,,RG,,OBSERVED_IN_DAILY_SNAPSHOT,False,True,False,2026-10-02,,daily_all_stock_snapshot,2026-10-02,MEDIUM
BAPI,,,,,,RG,,OBSERVED_IN_DAILY_SNAPSHOT,False,True,False,2026-10-02,,daily_all_stock_snapshot,2026-10-02,MEDIUM
BATA,,,,,,RG,,OBSERVED_IN_DAILY_SNAPSHOT,False,True,False,2026-10-02,,daily_all_stock_snapshot,2026-10-02,MEDIUM
BATR,,,,,,RG,,OBSERVED_IN_DAILY_SNAPSHOT,False,True,False,2026-10-02,,daily_all_stock_snapshot,2026-10-02,MEDIUM
BAUT,,,,,,RG,,OBSERVED_IN_DAILY_SNAPSHOT,False,True,False,2026-10-02,,daily_all_stock_snapshot,2026-10-02,MEDIUM
BAYU,,,,,,RG,,OBSERVED_IN_DAILY_SNAPSHOT,False,True,False,2026-10-02,,daily_all_stock_snapshot,2026-10-02,MEDIUM
BBCA,,,,,,RG,,OBSERVED_IN_DAILY_SNAPSHOT,False,True,True,2026-10-02,,daily_all_stock_snapshot,2026-10-02,MEDIUM
BBHI,,,,,,RG,,OBSERVED_IN_DAILY_SNAPSHOT,False,True,False,2026-10-02,,daily_all_stock_snapshot,2026-10-02,MEDIUM
BBKP,,,,,,RG,,OBSERVED_IN_DAILY_SNAPSHOT,False,True,False,2026-10-02,,daily_all_stock_snapshot,2026-10-02,MEDIUM
BBLD,,,,,,RG,,OBSERVED_IN_DAILY_SNAPSHOT,False,True,False,2026-10-02,,daily_all_stock_snapshot,2026-10-02,MEDIUM
BBMD,,,,,,RG,,OBSERVED_IN_DAILY_SNAPSHOT,False,True,False,2026-10-02,,daily_all_stock_snapshot,2026-10-02,MEDIUM
BBNI,,,,,,RG,,OBSERVED_IN_DAILY_SNAPSHOT,False,True,True,2026-10-02,,daily_all_stock_snapshot,2026-10-02,MEDIUM
BBRI,,,,,,RG,,OBSERVED_IN_DAILY_SNAPSHOT,False,True,True,2026-10-02,,daily_all_stock_snapshot,2026-10-02,MEDIUM
BBRM,,,,,,RG,,OBSERVED_IN_DAILY_SNAPSHOT,False,True,False,2026-10-02,,daily_all_stock_snapshot,2026-10-02,MEDIUM
BBSI,,,,,,RG,,OBSERVED_IN_DAILY_SNAPSHOT,False,True,False,2026-10-02,,daily_all_stock_snapshot,2026-10-02,MEDIUM
BBSS,,,,,,RG,,OBSERVED_IN_DAILY_SNAPSHOT,False,True,False,2026-10-02,,daily_all_stock_snapshot,2026-10-02,MEDIUM
BBTN,,,,,,RG,,OBSERVED_IN_DAILY_SNAPSHOT,False,True,False,2026-10-02,,daily_all_stock_snapshot,2026-10-02,MEDIUM
BBYB,,,,,,RG,,OBSERVED_IN_DAILY_SNAPSHOT,False,True,False,2026-10-02,,daily_all_stock_snapshot,2026-10-02,MEDIUM
BCAP,,,,,,RG,,OBSERVED_IN_DAILY_SNAPSHOT,False,True,False,2026-10-02,,daily_all_stock_snapshot,2026-10-02,MEDIUM
BCIC,,,,,,RG,,OBSERVED_IN_DAILY_SNAPSHOT,False,True,False,2026-10-02,,daily_all_stock_snapshot,2026-10-02,MEDIUM
BCIP,,,,,,RG,,OBSERVED_IN_DAILY_SNAPSHOT,False,True,False,2026-10-02,,daily_all_stock_snapshot,2026-10-02,MEDIUM
BDKR,,,,,,RG,,OBSERVED_IN_DAILY_SNAPSHOT,False,True,False,2026-10-02,,daily_all_stock_snapshot,2026-10-02,MEDIUM
BDMN,,,,,,RG,,OBSERVED_IN_DAILY_SNAPSHOT,False,True,True,2026-10-02,,daily_all_stock_snapshot,2026-10-02,MEDIUM
BEBS,,,,,,RG,,OBSERVED_IN_DAILY_SNAPSHOT,False,True,False,2026-10-02,,daily_all_stock_snapshot,2026-10-02,MEDIUM
BEEF,,,,,,RG,,OBSERVED_IN_DAILY_SNAPSHOT,False,True,False,2026-10-02,,daily_all_stock_snapshot,2026-10-02,MEDIUM
BEER,,,,,,RG,,OBSERVED_IN_DAILY_SNAPSHOT,False,True,False,2026-10-02,,daily_all_stock_snapshot,2026-10-02,MEDIUM
BEKS,,,,,,RG,,OBSERVED_IN_DAILY_SNAPSHOT,False,True,False,2026-10-02,,daily_all_stock_snapshot,2026-10-02,MEDIUM
BELI,,,,,,RG,,OBSERVED_IN_DAILY_SNAPSHOT,False,True,False,2026-10-02,,daily_all_stock_snapshot,2026-10-02,MEDIUM
BELL,,,,,,RG,,OBSERVED_IN_DAILY_SNAPSHOT,False,True,False,2026-10-02,,daily_all_stock_snapshot,2026-10-02,MEDIUM
BESS,,,,,,RG,,OBSERVED_IN_DAILY_SNAPSHOT,False,True,False,2026-10-02,,daily_all_stock_snapshot,2026-10-02,MEDIUM
BEST,,,,,,RG,,OBSERVED_IN_DAILY_SNAPSHOT,False,True,False,2026-10-02,,daily_all_stock_snapshot,2026-10-02,MEDIUM
BFIN,,,,,,RG,,OBSERVED_IN_DAILY_SNAPSHOT,False,True,False,2026-10-02,,daily_all_stock_snapshot,2026-10-02,MEDIUM
BGTG,,,,,,RG,,OBSERVED_IN_DAILY_SNAPSHOT,False,True,False,2026-10-02,,daily_all_stock_snapshot,2026-10-02,MEDIUM
BHAT,,,,,,RG,,OBSERVED_IN_DAILY_SNAPSHOT,False,True,False,2026-10-02,,daily_all_stock_snapshot,2026-10-02,MEDIUM
BHIT,,,,,,RG,,OBSERVED_IN_DAILY_SNAPSHOT,False,True,False,2026-10-02,,daily_all_stock_snapshot,2026-10-02,MEDIUM
BIKA,,,,,,RG,,OBSERVED_IN_DAILY_SNAPSHOT,False,True,False,2026-10-02,,daily_all_stock_snapshot,2026-10-02,MEDIUM
BIKE,,,,,,RG,,OBSERVED_IN_DAILY_SNAPSHOT,False,True,False,2026-10-02,,daily_all_stock_snapshot,2026-10-02,MEDIUM
BIMA,,,,,,RG,,OBSERVED_IN_DAILY_SNAPSHOT,False,True,False,2026-10-02,,daily_all_stock_snapshot,2026-10-02,MEDIUM
BINA,,,,,,RG,,OBSERVED_IN_DAILY_SNAPSHOT,False,True,False,2026-10-02,,daily_all_stock_snapshot,2026-10-02,MEDIUM
BINO,,,,,,RG,,OBSERVED_IN_DAILY_SNAPSHOT,False,True,False,2026-10-02,,daily_all_stock_snapshot,2026-10-02,MEDIUM
BIPI,,,,,,RG,,OBSERVED_IN_DAILY_SNAPSHOT,False,True,False,2026-10-02,,daily_all_stock_snapshot,2026-10-02,MEDIUM
BIPP,,,,,,RG,,OBSERVED_IN_DAILY_SNAPSHOT,False,True,False,2026-10-02,,daily_all_stock_snapshot,2026-10-02,MEDIUM
BIRD,,,,,,RG,,OBSERVED_IN_DAILY_SNAPSHOT,False,True,False,2026-10-02,,daily_all_stock_snapshot,2026-10-02,MEDIUM
BISI,,,,,,RG,,OBSERVED_IN_DAILY_SNAPSHOT,False,True,False,2026-10-02,,daily_all_stock_snapshot,2026-10-02,MEDIUM
BJBR,,,,,,RG,,OBSERVED_IN_DAILY_SNAPSHOT,False,True,True,2026-10-02,,daily_all_stock_snapshot,2026-10-02,MEDIUM
BJTM,,,,,,RG,,OBSERVED_IN_DAILY_SNAPSHOT,False,True,True,2026-10-02,,daily_all_stock_snapshot,2026-10-02,MEDIUM
BKDP,,,,,,RG,,OBSERVED_IN_DAILY_SNAPSHOT,False,True,False,2026-10-02,,daily_all_stock_snapshot,2026-10-02,MEDIUM
BKSL,,,,,,RG,,OBSERVED_IN_DAILY_SNAPSHOT,False,True,True,2026-10-02,,daily_all_stock_snapshot,2026-10-02,MEDIUM
BKSW,,,,,,RG,,OBSERVED_IN_DAILY_SNAPSHOT,False,True,False,2026-10-02,,daily_all_stock_snapshot,2026-10-02,MEDIUM
BLES,,,,,,RG,,OBSERVED_IN_DAILY_SNAPSHOT,False,True,False,2026-10-02,,daily_all_stock_snapshot,2026-10-02,MEDIUM
BLOG,,,,,,RG,,OBSERVED_IN_DAILY_SNAPSHOT,False,True,False,2026-10-02,,daily_all_stock_snapshot,2026-10-02,MEDIUM
BLTA,,,,,,RG,,OBSERVED_IN_DAILY_SNAPSHOT,False,True,False,2026-10-02,,daily_all_stock_snapshot,2026-10-02,MEDIUM
BLTZ,,,,,,RG,,OBSERVED_IN_DAILY_SNAPSHOT,False,True,False,2026-10-02,,daily_all_stock_snapshot,2026-10-02,MEDIUM
BLUE,,,,,,RG,,OBSERVED_IN_DAILY_SNAPSHOT,False,True,False,2026-10-02,,daily_all_stock_snapshot,2026-10-02,MEDIUM
BMAS,,,,,,RG,,OBSERVED_IN_DAILY_SNAPSHOT,False,True,False,2026-10-02,,daily_all_stock_snapshot,2026-10-02,MEDIUM
BMBL,,,,,,RG,,OBSERVED_IN_DAILY_SNAPSHOT,False,True,False,2026-10-02,,daily_all_stock_snapshot,2026-10-02,MEDIUM
BMHS,,,,,,RG,,OBSERVED_IN_DAILY_SNAPSHOT,False,True,False,2026-10-02,,daily_all_stock_snapshot,2026-10-02,MEDIUM
BMRI,,,,,,RG,,OBSERVED_IN_DAILY_SNAPSHOT,False,True,True,2026-10-02,,daily_all_stock_snapshot,2026-10-02,MEDIUM
BMSR,,,,,,RG,,OBSERVED_IN_DAILY_SNAPSHOT,False,True,False,2026-10-02,,daily_all_stock_snapshot,2026-10-02,MEDIUM
BMTR,,,,,,RG,,OBSERVED_IN_DAILY_SNAPSHOT,False,True,False,2026-10-02,,daily_all_stock_snapshot,2026-10-02,MEDIUM
BNBA,,,,,,RG,,OBSERVED_IN_DAILY_SNAPSHOT,False,True,False,2026-10-02,,daily_all_stock_snapshot,2026-10-02,MEDIUM
BNBR,,,,,,RG,,OBSERVED_IN_DAILY_SNAPSHOT,False,True,False,2026-10-02,,daily_all_stock_snapshot,2026-10-02,MEDIUM
BNGA,,,,,,RG,,OBSERVED_IN_DAILY_SNAPSHOT,False,True,True,2026-10-02,,daily_all_stock_snapshot,2026-10-02,MEDIUM
BNII,,,,,,RG,,OBSERVED_IN_DAILY_SNAPSHOT,False,True,True,2026-10-02,,daily_all_stock_snapshot,2026-10-02,MEDIUM
BNLI,,,,,,RG,,OBSERVED_IN_DAILY_SNAPSHOT,False,True,True,2026-10-02,,daily_all_stock_snapshot,2026-10-02,MEDIUM
BOAT,,,,,,RG,,OBSERVED_IN_DAILY_SNAPSHOT,False,True,False,2026-10-02,,daily_all_stock_snapshot,2026-10-02,MEDIUM
BOBA,,,,,,RG,,OBSERVED_IN_DAILY_SNAPSHOT,False,True,False,2026-10-02,,daily_all_stock_snapshot,2026-10-02,MEDIUM
BOGA,,,,,,RG,,OBSERVED_IN_DAILY_SNAPSHOT,False,True,False,2026-10-02,,daily_all_stock_snapshot,2026-10-02,MEDIUM
BOLA,,,,,,RG,,OBSERVED_IN_DAILY_SNAPSHOT,False,True,False,2026-10-02,,daily_all_stock_snapshot,2026-10-02,MEDIUM
BOLT,,,,,,RG,,OBSERVED_IN_DAILY_SNAPSHOT,False,True,True,2026-10-02,,daily_all_stock_snapshot,2026-10-02,MEDIUM
BOSS,,,,,,RG,,OBSERVED_IN_DAILY_SNAPSHOT,False,True,False,2026-10-02,,daily_all_stock_snapshot,2026-10-02,MEDIUM
BPFI,,,,,,RG,,OBSERVED_IN_DAILY_SNAPSHOT,False,True,False,2026-10-02,,daily_all_stock_snapshot,2026-10-02,MEDIUM
BPII,,,,,,RG,,OBSERVED_IN_DAILY_SNAPSHOT,False,True,False,2026-10-02,,daily_all_stock_snapshot,2026-10-02,MEDIUM
BPTR,,,,,,RG,,OBSERVED_IN_DAILY_SNAPSHOT,False,True,False,2026-10-02,,daily_all_stock_snapshot,2026-10-02,MEDIUM
BRAM,,,,,,RG,,OBSERVED_IN_DAILY_SNAPSHOT,False,True,False,2026-10-02,,daily_all_stock_snapshot,2026-10-02,MEDIUM
BREN,,,,,,RG,,OBSERVED_IN_DAILY_SNAPSHOT,False,True,False,2026-10-02,,daily_all_stock_snapshot,2026-10-02,MEDIUM
BRIS,,,,,,RG,,OBSERVED_IN_DAILY_SNAPSHOT,False,True,False,2026-10-02,,daily_all_stock_snapshot,2026-10-02,MEDIUM
BRMS,,,,,,RG,,OBSERVED_IN_DAILY_SNAPSHOT,False,True,True,2026-10-02,,daily_all_stock_snapshot,2026-10-02,MEDIUM
BRNA,,,,,,RG,,OBSERVED_IN_DAILY_SNAPSHOT,False,True,False,2026-10-02,,daily_all_stock_snapshot,2026-10-02,MEDIUM
BRPT,,,,,,RG,,OBSERVED_IN_DAILY_SNAPSHOT,False,True,False,2026-10-02,,daily_all_stock_snapshot,2026-10-02,MEDIUM
BSBK,,,,,,RG,,OBSERVED_IN_DAILY_SNAPSHOT,False,True,False,2026-10-02,,daily_all_stock_snapshot,2026-10-02,MEDIUM
BSDE,,,,,,RG,,OBSERVED_IN_DAILY_SNAPSHOT,False,True,True,2026-10-02,,daily_all_stock_snapshot,2026-10-02,MEDIUM
BSIM,,,,,,RG,,OBSERVED_IN_DAILY_SNAPSHOT,False,True,True,2026-10-02,,daily_all_stock_snapshot,2026-10-02,MEDIUM
BSML,,,,,,RG,,OBSERVED_IN_DAILY_SNAPSHOT,False,True,False,2026-10-02,,daily_all_stock_snapshot,2026-10-02,MEDIUM
BSSR,,,,,,RG,,OBSERVED_IN_DAILY_SNAPSHOT,False,True,False,2026-10-02,,daily_all_stock_snapshot,2026-10-02,MEDIUM
BSWD,,,,,,RG,,OBSERVED_IN_DAILY_SNAPSHOT,False,True,False,2026-10-02,,daily_all_stock_snapshot,2026-10-02,MEDIUM
BTEK,,,,,,RG,,OBSERVED_IN_DAILY_SNAPSHOT,False,True,False,2026-10-02,,daily_all_stock_snapshot,2026-10-02,MEDIUM
BTEL,,,,,,RG,,OBSERVED_IN_DAILY_SNAPSHOT,False,True,False,2026-10-02,,daily_all_stock_snapshot,2026-10-02,MEDIUM
BTON,,,,,,RG,,OBSERVED_IN_DAILY_SNAPSHOT,False,True,False,2026-10-02,,daily_all_stock_snapshot,2026-10-02,MEDIUM
BTPN,,,,,,RG,,OBSERVED_IN_DAILY_SNAPSHOT,False,True,True,2026-10-02,,daily_all_stock_snapshot,2026-10-02,MEDIUM
BTPS,,,,,,RG,,OBSERVED_IN_DAILY_SNAPSHOT,False,True,False,2026-10-02,,daily_all_stock_snapshot,2026-10-02,MEDIUM
BUAH,,,,,,RG,,OBSERVED_IN_DAILY_SNAPSHOT,False,True,False,2026-10-02,,daily_all_stock_snapshot,2026-10-02,MEDIUM
BUDI,,,,,,RG,,OBSERVED_IN_DAILY_SNAPSHOT,False,True,True,2026-10-02,,daily_all_stock_snapshot,2026-10-02,MEDIUM
BUKA,,,,,,RG,,OBSERVED_IN_DAILY_SNAPSHOT,False,True,True,2026-10-02,,daily_all_stock_snapshot,2026-10-02,MEDIUM
BUKK,,,,,,RG,,OBSERVED_IN_DAILY_SNAPSHOT,False,True,False,2026-10-02,,daily_all_stock_snapshot,2026-10-02,MEDIUM
BULL,,,,,,RG,,OBSERVED_IN_DAILY_SNAPSHOT,False,True,False,2026-10-02,,daily_all_stock_snapshot,2026-10-02,MEDIUM
BUMI,,,,,,RG,,OBSERVED_IN_DAILY_SNAPSHOT,False,True,False,2026-10-02,,daily_all_stock_snapshot,2026-10-02,MEDIUM
BUVA,,,,,,RG,,OBSERVED_IN_DAILY_SNAPSHOT,False,True,False,2026-10-02,,daily_all_stock_snapshot,2026-10-02,MEDIUM
BVIC,,,,,,RG,,OBSERVED_IN_DAILY_SNAPSHOT,False,True,False,2026-10-02,,daily_all_stock_snapshot,2026-10-02,MEDIUM
BWPT,,,,,,RG,,OBSERVED_IN_DAILY_SNAPSHOT,False,True,False,2026-10-02,,daily_all_stock_snapshot,2026-10-02,MEDIUM
BYAN,,,,,,RG,,OBSERVED_IN_DAILY_SNAPSHOT,False,True,False,2026-10-02,,daily_all_stock_snapshot,2026-10-02,MEDIUM
CAKK,,,,,,RG,,OBSERVED_IN_DAILY_SNAPSHOT,False,True,False,2026-10-02,,daily_all_stock_snapshot,2026-10-02,MEDIUM
CAMP,,,,,,RG,,OBSERVED_IN_DAILY_SNAPSHOT,False,True,False,2026-10-02,,daily_all_stock_snapshot,2026-10-02,MEDIUM
CANI,,,,,,RG,,OBSERVED_IN_DAILY_SNAPSHOT,False,True,False,2026-10-02,,daily_all_stock_snapshot,2026-10-02,MEDIUM
CARE,,,,,,RG,,OBSERVED_IN_DAILY_SNAPSHOT,False,True,False,2026-10-02,,daily_all_stock_snapshot,2026-10-02,MEDIUM
CARS,,,,,,RG,,OBSERVED_IN_DAILY_SNAPSHOT,False,True,False,2026-10-02,,daily_all_stock_snapshot,2026-10-02,MEDIUM
CASA,,,,,,RG,,OBSERVED_IN_DAILY_SNAPSHOT,False,True,False,2026-10-02,,daily_all_stock_snapshot,2026-10-02,MEDIUM
CASH,,,,,,RG,,OBSERVED_IN_DAILY_SNAPSHOT,False,True,False,2026-10-02,,daily_all_stock_snapshot,2026-10-02,MEDIUM
CASS,,,,,,RG,,OBSERVED_IN_DAILY_SNAPSHOT,False,True,False,2026-10-02,,daily_all_stock_snapshot,2026-10-02,MEDIUM
CBDK,,,,,,RG,,OBSERVED_IN_DAILY_SNAPSHOT,False,True,False,2026-10-02,,daily_all_stock_snapshot,2026-10-02,MEDIUM
CBMF,,,,,,RG,,OBSERVED_IN_DAILY_SNAPSHOT,False,True,False,2026-10-02,,daily_all_stock_snapshot,2026-10-02,MEDIUM
CBPE,,,,,,RG,,OBSERVED_IN_DAILY_SNAPSHOT,False,True,False,2026-10-02,,daily_all_stock_snapshot,2026-10-02,MEDIUM
CBRE,,,,,,RG,,OBSERVED_IN_DAILY_SNAPSHOT,False,True,False,2026-10-02,,daily_all_stock_snapshot,2026-10-02,MEDIUM
CBUT,,,,,,RG,,OBSERVED_IN_DAILY_SNAPSHOT,False,True,False,2026-10-02,,daily_all_stock_snapshot,2026-10-02,MEDIUM
CCSI,,,,,,RG,,OBSERVED_IN_DAILY_SNAPSHOT,False,True,False,2026-10-02,,daily_all_stock_snapshot,2026-10-02,MEDIUM
CDIA,,,,,,RG,,OBSERVED_IN_DAILY_SNAPSHOT,False,True,False,2026-10-02,,daily_all_stock_snapshot,2026-10-02,MEDIUM
CEKA,,,,,,RG,,OBSERVED_IN_DAILY_SNAPSHOT,False,True,True,2026-10-02,,daily_all_stock_snapshot,2026-10-02,MEDIUM
CENT,,,,,,RG,,OBSERVED_IN_DAILY_SNAPSHOT,False,True,False,2026-10-02,,daily_all_stock_snapshot,2026-10-02,MEDIUM
CFIN,,,,,,RG,,OBSERVED_IN_DAILY_SNAPSHOT,False,True,False,2026-10-02,,daily_all_stock_snapshot,2026-10-02,MEDIUM
CGAS,,,,,,RG,,OBSERVED_IN_DAILY_SNAPSHOT,False,True,False,2026-10-02,,daily_all_stock_snapshot,2026-10-02,MEDIUM
CHEK,,,,,,RG,,OBSERVED_IN_DAILY_SNAPSHOT,False,True,False,2026-10-02,,daily_all_stock_snapshot,2026-10-02,MEDIUM
CHEM,,,,,,RG,,OBSERVED_IN_DAILY_SNAPSHOT,False,True,False,2026-10-02,,daily_all_stock_snapshot,2026-10-02,MEDIUM
CHIP,,,,,,RG,,OBSERVED_IN_DAILY_SNAPSHOT,False,True,False,2026-10-02,,daily_all_stock_snapshot,2026-10-02,MEDIUM
CINT,,,,,,RG,,OBSERVED_IN_DAILY_SNAPSHOT,False,True,False,2026-10-02,,daily_all_stock_snapshot,2026-10-02,MEDIUM
CITA,,,,,,RG,,OBSERVED_IN_DAILY_SNAPSHOT,False,True,False,2026-10-02,,daily_all_stock_snapshot,2026-10-02,MEDIUM
CITY,,,,,,RG,,OBSERVED_IN_DAILY_SNAPSHOT,False,True,False,2026-10-02,,daily_all_stock_snapshot,2026-10-02,MEDIUM
CLAY,,,,,,RG,,OBSERVED_IN_DAILY_SNAPSHOT,False,True,False,2026-10-02,,daily_all_stock_snapshot,2026-10-02,MEDIUM
CLEO,,,,,,RG,,OBSERVED_IN_DAILY_SNAPSHOT,False,True,True,2026-10-02,,daily_all_stock_snapshot,2026-10-02,MEDIUM
CLPI,,,,,,RG,,OBSERVED_IN_DAILY_SNAPSHOT,False,True,False,2026-10-02,,daily_all_stock_snapshot,2026-10-02,MEDIUM
CMNP,,,,,,RG,,OBSERVED_IN_DAILY_SNAPSHOT,False,True,False,2026-10-02,,daily_all_stock_snapshot,2026-10-02,MEDIUM
CMNT,,,,,,RG,,OBSERVED_IN_DAILY_SNAPSHOT,False,True,False,2026-10-02,,daily_all_stock_snapshot,2026-10-02,MEDIUM
CMPP,,,,,,RG,,OBSERVED_IN_DAILY_SNAPSHOT,False,True,False,2026-10-02,,daily_all_stock_snapshot,2026-10-02,MEDIUM
CMRY,,,,,,RG,,OBSERVED_IN_DAILY_SNAPSHOT,False,True,False,2026-10-02,,daily_all_stock_snapshot,2026-10-02,MEDIUM
CNKO,,,,,,RG,,OBSERVED_IN_DAILY_SNAPSHOT,False,True,False,2026-10-02,,daily_all_stock_snapshot,2026-10-02,MEDIUM
CNMA,,,,,,RG,,OBSERVED_IN_DAILY_SNAPSHOT,False,True,False,2026-10-02,,daily_all_stock_snapshot,2026-10-02,MEDIUM
COAL,,,,,,RG,,OBSERVED_IN_DAILY_SNAPSHOT,False,True,False,2026-10-02,,daily_all_stock_snapshot,2026-10-02,MEDIUM
COCO,,,,,,RG,,OBSERVED_IN_DAILY_SNAPSHOT,False,True,False,2026-10-02,,daily_all_stock_snapshot,2026-10-02,MEDIUM
COIN,,,,,,RG,,OBSERVED_IN_DAILY_SNAPSHOT,False,True,False,2026-10-02,,daily_all_stock_snapshot,2026-10-02,MEDIUM
COWL,,,,,,RG,,OBSERVED_IN_DAILY_SNAPSHOT,False,True,False,2026-10-02,,daily_all_stock_snapshot,2026-10-02,MEDIUM
CPIN,,,,,,RG,,OBSERVED_IN_DAILY_SNAPSHOT,False,True,False,2026-10-02,,daily_all_stock_snapshot,2026-10-02,MEDIUM
CPRI,,,,,,RG,,OBSERVED_IN_DAILY_SNAPSHOT,False,True,False,2026-10-02,,daily_all_stock_snapshot,2026-10-02,MEDIUM
CPRO,,,,,,RG,,OBSERVED_IN_DAILY_SNAPSHOT,False,True,False,2026-10-02,,daily_all_stock_snapshot,2026-10-02,MEDIUM
CRAB,,,,,,RG,,OBSERVED_IN_DAILY_SNAPSHOT,False,True,False,2026-10-02,,daily_all_stock_snapshot,2026-10-02,MEDIUM
CRSN,,,,,,RG,,OBSERVED_IN_DAILY_SNAPSHOT,False,True,False,2026-10-02,,daily_all_stock_snapshot,2026-10-02,MEDIUM
CSAP,,,,,,RG,,OBSERVED_IN_DAILY_SNAPSHOT,False,True,False,2026-10-02,,daily_all_stock_snapshot,2026-10-02,MEDIUM
CSIS,,,,,,RG,,OBSERVED_IN_DAILY_SNAPSHOT,False,True,False,2026-10-02,,daily_all_stock_snapshot,2026-10-02,MEDIUM
CSMI,,,,,,RG,,OBSERVED_IN_DAILY_SNAPSHOT,False,True,False,2026-10-02,,daily_all_stock_snapshot,2026-10-02,MEDIUM
CSRA,,,,,,RG,,OBSERVED_IN_DAILY_SNAPSHOT,False,True,False,2026-10-02,,daily_all_stock_snapshot,2026-10-02,MEDIUM
CTBN,,,,,,RG,,OBSERVED_IN_DAILY_SNAPSHOT,False,True,False,2026-10-02,,daily_all_stock_snapshot,2026-10-02,MEDIUM
CTRA,,,,,,RG,,OBSERVED_IN_DAILY_SNAPSHOT,False,True,True,2026-10-02,,daily_all_stock_snapshot,2026-10-02,MEDIUM
CTTH,,,,,,RG,,OBSERVED_IN_DAILY_SNAPSHOT,False,True,False,2026-10-02,,daily_all_stock_snapshot,2026-10-02,MEDIUM
CUAN,,,,,,RG,,OBSERVED_IN_DAILY_SNAPSHOT,False,True,False,2026-10-02,,daily_all_stock_snapshot,2026-10-02,MEDIUM
CYBR,,,,,,RG,,OBSERVED_IN_DAILY_SNAPSHOT,False,True,False,2026-10-02,,daily_all_stock_snapshot,2026-10-02,MEDIUM
DAAZ,,,,,,RG,,OBSERVED_IN_DAILY_SNAPSHOT,False,True,False,2026-10-02,,daily_all_stock_snapshot,2026-10-02,MEDIUM
DADA,,,,,,RG,,OBSERVED_IN_DAILY_SNAPSHOT,False,True,False,2026-10-02,,daily_all_stock_snapshot,2026-10-02,MEDIUM
DART,,,,,,RG,,OBSERVED_IN_DAILY_SNAPSHOT,False,True,False,2026-10-02,,daily_all_stock_snapshot,2026-10-02,MEDIUM
DATA,,,,,,RG,,OBSERVED_IN_DAILY_SNAPSHOT,False,True,False,2026-10-02,,daily_all_stock_snapshot,2026-10-02,MEDIUM
DAYA,,,,,,RG,,OBSERVED_IN_DAILY_SNAPSHOT,False,True,False,2026-10-02,,daily_all_stock_snapshot,2026-10-02,MEDIUM
DCII,,,,,,RG,,OBSERVED_IN_DAILY_SNAPSHOT,False,True,False,2026-10-02,,daily_all_stock_snapshot,2026-10-02,MEDIUM
DEAL,,,,,,RG,,OBSERVED_IN_DAILY_SNAPSHOT,False,True,False,2026-10-02,,daily_all_stock_snapshot,2026-10-02,MEDIUM
DEFI,,,,,,RG,,OBSERVED_IN_DAILY_SNAPSHOT,False,True,False,2026-10-02,,daily_all_stock_snapshot,2026-10-02,MEDIUM
DEPO,,,,,,RG,,OBSERVED_IN_DAILY_SNAPSHOT,False,True,False,2026-10-02,,daily_all_stock_snapshot,2026-10-02,MEDIUM
DEWA,,,,,,RG,,OBSERVED_IN_DAILY_SNAPSHOT,False,True,False,2026-10-02,,daily_all_stock_snapshot,2026-10-02,MEDIUM
DEWI,,,,,,RG,,OBSERVED_IN_DAILY_SNAPSHOT,False,True,False,2026-10-02,,daily_all_stock_snapshot,2026-10-02,MEDIUM
DFAM,,,,,,RG,,OBSERVED_IN_DAILY_SNAPSHOT,False,True,False,2026-10-02,,daily_all_stock_snapshot,2026-10-02,MEDIUM
DGIK,,,,,,RG,,OBSERVED_IN_DAILY_SNAPSHOT,False,True,False,2026-10-02,,daily_all_stock_snapshot,2026-10-02,MEDIUM
DGNS,,,,,,RG,,OBSERVED_IN_DAILY_SNAPSHOT,False,True,False,2026-10-02,,daily_all_stock_snapshot,2026-10-02,MEDIUM
DGWG,,,,,,RG,,OBSERVED_IN_DAILY_SNAPSHOT,False,True,False,2026-10-02,,daily_all_stock_snapshot,2026-10-02,MEDIUM
DIGI,,,,,,RG,,OBSERVED_IN_DAILY_SNAPSHOT,False,True,False,2026-10-02,,daily_all_stock_snapshot,2026-10-02,MEDIUM
DILD,,,,,,RG,,OBSERVED_IN_DAILY_SNAPSHOT,False,True,False,2026-10-02,,daily_all_stock_snapshot,2026-10-02,MEDIUM
DIVA,,,,,,RG,,OBSERVED_IN_DAILY_SNAPSHOT,False,True,False,2026-10-02,,daily_all_stock_snapshot,2026-10-02,MEDIUM
DKFT,,,,,,RG,,OBSERVED_IN_DAILY_SNAPSHOT,False,True,False,2026-10-02,,daily_all_stock_snapshot,2026-10-02,MEDIUM
DKHH,,,,,,RG,,OBSERVED_IN_DAILY_SNAPSHOT,False,True,False,2026-10-02,,daily_all_stock_snapshot,2026-10-02,MEDIUM
DLTA,,,,,,RG,,OBSERVED_IN_DAILY_SNAPSHOT,False,True,True,2026-10-02,,daily_all_stock_snapshot,2026-10-02,MEDIUM
DMAS,,,,,,RG,,OBSERVED_IN_DAILY_SNAPSHOT,False,True,False,2026-10-02,,daily_all_stock_snapshot,2026-10-02,MEDIUM
DMMX,,,,,,RG,,OBSERVED_IN_DAILY_SNAPSHOT,False,True,False,2026-10-02,,daily_all_stock_snapshot,2026-10-02,MEDIUM
DMND,,,,,,RG,,OBSERVED_IN_DAILY_SNAPSHOT,False,True,False,2026-10-02,,daily_all_stock_snapshot,2026-10-02,MEDIUM
DNAR,,,,,,RG,,OBSERVED_IN_DAILY_SNAPSHOT,False,True,False,2026-10-02,,daily_all_stock_snapshot,2026-10-02,MEDIUM
DNET,,,,,,RG,,OBSERVED_IN_DAILY_SNAPSHOT,False,True,False,2026-10-02,,daily_all_stock_snapshot,2026-10-02,MEDIUM
DOID,,,,,,RG,,OBSERVED_IN_DAILY_SNAPSHOT,False,True,False,2026-10-02,,daily_all_stock_snapshot,2026-10-02,MEDIUM
DOOH,,,,,,RG,,OBSERVED_IN_DAILY_SNAPSHOT,False,True,False,2026-10-02,,daily_all_stock_snapshot,2026-10-02,MEDIUM
DOSS,,,,,,RG,,OBSERVED_IN_DAILY_SNAPSHOT,False,True,False,2026-10-02,,daily_all_stock_snapshot,2026-10-02,MEDIUM
DPNS,,,,,,RG,,OBSERVED_IN_DAILY_SNAPSHOT,False,True,False,2026-10-02,,daily_all_stock_snapshot,2026-10-02,MEDIUM
DPUM,,,,,,RG,,OBSERVED_IN_DAILY_SNAPSHOT,False,True,False,2026-10-02,,daily_all_stock_snapshot,2026-10-02,MEDIUM
DRMA,,,,,,RG,,OBSERVED_IN_DAILY_SNAPSHOT,False,True,False,2026-10-02,,daily_all_stock_snapshot,2026-10-02,MEDIUM
DSFI,,,,,,RG,,OBSERVED_IN_DAILY_SNAPSHOT,False,True,False,2026-10-02,,daily_all_stock_snapshot,2026-10-02,MEDIUM
DSNG,,,,,,RG,,OBSERVED_IN_DAILY_SNAPSHOT,False,True,False,2026-10-02,,daily_all_stock_snapshot,2026-10-02,MEDIUM
DSSA,,,,,,RG,,OBSERVED_IN_DAILY_SNAPSHOT,False,True,False,2026-10-02,,daily_all_stock_snapshot,2026-10-02,MEDIUM
DUCK,,,,,,RG,,OBSERVED_IN_DAILY_SNAPSHOT,False,True,False,2026-10-02,,daily_all_stock_snapshot,2026-10-02,MEDIUM
DUTI,,,,,,RG,,OBSERVED_IN_DAILY_SNAPSHOT,False,True,False,2026-10-02,,daily_all_stock_snapshot,2026-10-02,MEDIUM
DVLA,,,,,,RG,,OBSERVED_IN_DAILY_SNAPSHOT,False,True,True,2026-10-02,,daily_all_stock_snapshot,2026-10-02,MEDIUM
DWGL,,,,,,RG,,OBSERVED_IN_DAILY_SNAPSHOT,False,True,False,2026-10-02,,daily_all_stock_snapshot,2026-10-02,MEDIUM
DYAN,,,,,,RG,,OBSERVED_IN_DAILY_SNAPSHOT,False,True,False,2026-10-02,,daily_all_stock_snapshot,2026-10-02,MEDIUM
EAST,,,,,,RG,,OBSERVED_IN_DAILY_SNAPSHOT,False,True,False,2026-10-02,,daily_all_stock_snapshot,2026-10-02,MEDIUM
ECII,,,,,,RG,,OBSERVED_IN_DAILY_SNAPSHOT,False,True,False,2026-10-02,,daily_all_stock_snapshot,2026-10-02,MEDIUM
EDGE,,,,,,RG,,OBSERVED_IN_DAILY_SNAPSHOT,False,True,False,2026-10-02,,daily_all_stock_snapshot,2026-10-02,MEDIUM
EKAD,,,,,,RG,,OBSERVED_IN_DAILY_SNAPSHOT,False,True,False,2026-10-02,,daily_all_stock_snapshot,2026-10-02,MEDIUM
ELIT,,,,,,RG,,OBSERVED_IN_DAILY_SNAPSHOT,False,True,False,2026-10-02,,daily_all_stock_snapshot,2026-10-02,MEDIUM
ELPI,,,,,,RG,,OBSERVED_IN_DAILY_SNAPSHOT,False,True,False,2026-10-02,,daily_all_stock_snapshot,2026-10-02,MEDIUM
ELSA,,,,,,RG,,OBSERVED_IN_DAILY_SNAPSHOT,False,True,True,2026-10-02,,daily_all_stock_snapshot,2026-10-02,MEDIUM
ELTY,,,,,,RG,,OBSERVED_IN_DAILY_SNAPSHOT,False,True,False,2026-10-02,,daily_all_stock_snapshot,2026-10-02,MEDIUM
EMAS,,,,,,RG,,OBSERVED_IN_DAILY_SNAPSHOT,False,True,False,2026-10-02,,daily_all_stock_snapshot,2026-10-02,MEDIUM
EMDE,,,,,,RG,,OBSERVED_IN_DAILY_SNAPSHOT,False,True,False,2026-10-02,,daily_all_stock_snapshot,2026-10-02,MEDIUM
EMMI,,,,,,RG,,OBSERVED_IN_DAILY_SNAPSHOT,False,True,False,2026-10-02,,daily_all_stock_snapshot,2026-10-02,MEDIUM
EMTK,,,,,,RG,,OBSERVED_IN_DAILY_SNAPSHOT,False,True,True,2026-10-02,,daily_all_stock_snapshot,2026-10-02,MEDIUM
ENAK,,,,,,RG,,OBSERVED_IN_DAILY_SNAPSHOT,False,True,False,2026-10-02,,daily_all_stock_snapshot,2026-10-02,MEDIUM
ENRG,,,,,,RG,,OBSERVED_IN_DAILY_SNAPSHOT,False,True,False,2026-10-02,,daily_all_stock_snapshot,2026-10-02,MEDIUM
ENVY,,,,,,RG,,OBSERVED_IN_DAILY_SNAPSHOT,False,True,False,2026-10-02,,daily_all_stock_snapshot,2026-10-02,MEDIUM
ENZO,,,,,,RG,,OBSERVED_IN_DAILY_SNAPSHOT,False,True,False,2026-10-02,,daily_all_stock_snapshot,2026-10-02,MEDIUM
EPAC,,,,,,RG,,OBSERVED_IN_DAILY_SNAPSHOT,False,True,False,2026-10-02,,daily_all_stock_snapshot,2026-10-02,MEDIUM
EPMT,,,,,,RG,,OBSERVED_IN_DAILY_SNAPSHOT,False,True,False,2026-10-02,,daily_all_stock_snapshot,2026-10-02,MEDIUM
ERAA,,,,,,RG,,OBSERVED_IN_DAILY_SNAPSHOT,False,True,False,2026-10-02,,daily_all_stock_snapshot,2026-10-02,MEDIUM
ERAL,,,,,,RG,,OBSERVED_IN_DAILY_SNAPSHOT,False,True,False,2026-10-02,,daily_all_stock_snapshot,2026-10-02,MEDIUM
ERTX,,,,,,RG,,OBSERVED_IN_DAILY_SNAPSHOT,False,True,False,2026-10-02,,daily_all_stock_snapshot,2026-10-02,MEDIUM
ESIP,,,,,,RG,,OBSERVED_IN_DAILY_SNAPSHOT,False,True,False,2026-10-02,,daily_all_stock_snapshot,2026-10-02,MEDIUM
ESSA,,,,,,RG,,OBSERVED_IN_DAILY_SNAPSHOT,False,True,False,2026-10-02,,daily_all_stock_snapshot,2026-10-02,MEDIUM
ESTA,,,,,,RG,,OBSERVED_IN_DAILY_SNAPSHOT,False,True,False,2026-10-02,,daily_all_stock_snapshot,2026-10-02,MEDIUM
ESTI,,,,,,RG,,OBSERVED_IN_DAILY_SNAPSHOT,False,True,False,2026-10-02,,daily_all_stock_snapshot,2026-10-02,MEDIUM
ETWA,,,,,,RG,,OBSERVED_IN_DAILY_SNAPSHOT,False,True,False,2026-10-02,,daily_all_stock_snapshot,2026-10-02,MEDIUM
EURO,,,,,,RG,,OBSERVED_IN_DAILY_SNAPSHOT,False,True,False,2026-10-02,,daily_all_stock_snapshot,2026-10-02,MEDIUM
EXCL,,,,,,RG,,OBSERVED_IN_DAILY_SNAPSHOT,False,True,True,2026-10-02,,daily_all_stock_snapshot,2026-10-02,MEDIUM
FAPA,,,,,,RG,,OBSERVED_IN_DAILY_SNAPSHOT,False,True,False,2026-10-02,,daily_all_stock_snapshot,2026-10-02,MEDIUM
FAST,,,,,,RG,,OBSERVED_IN_DAILY_SNAPSHOT,False,True,False,2026-10-02,,daily_all_stock_snapshot,2026-10-02,MEDIUM
FASW,,,,,,RG,,OBSERVED_IN_DAILY_SNAPSHOT,False,True,False,2026-10-02,,daily_all_stock_snapshot,2026-10-02,MEDIUM
FILM,,,,,,RG,,OBSERVED_IN_DAILY_SNAPSHOT,False,True,False,2026-10-02,,daily_all_stock_snapshot,2026-10-02,MEDIUM
FIMP,,,,,,RG,,OBSERVED_IN_DAILY_SNAPSHOT,False,True,False,2026-10-02,,daily_all_stock_snapshot,2026-10-02,MEDIUM
FIRE,,,,,,RG,,OBSERVED_IN_DAILY_SNAPSHOT,False,True,False,2026-10-02,,daily_all_stock_snapshot,2026-10-02,MEDIUM
FISH,,,,,,RG,,OBSERVED_IN_DAILY_SNAPSHOT,False,True,False,2026-10-02,,daily_all_stock_snapshot,2026-10-02,MEDIUM
FITT,,,,,,RG,,OBSERVED_IN_DAILY_SNAPSHOT,False,True,False,2026-10-02,,daily_all_stock_snapshot,2026-10-02,MEDIUM
FLMC,,,,,,RG,,OBSERVED_IN_DAILY_SNAPSHOT,False,True,False,2026-10-02,,daily_all_stock_snapshot,2026-10-02,MEDIUM
FMII,,,,,,RG,,OBSERVED_IN_DAILY_SNAPSHOT,False,True,False,2026-10-02,,daily_all_stock_snapshot,2026-10-02,MEDIUM
FOLK,,,,,,RG,,OBSERVED_IN_DAILY_SNAPSHOT,False,True,False,2026-10-02,,daily_all_stock_snapshot,2026-10-02,MEDIUM
FOOD,,,,,,RG,,OBSERVED_IN_DAILY_SNAPSHOT,False,True,False,2026-10-02,,daily_all_stock_snapshot,2026-10-02,MEDIUM
FORE,,,,,,RG,,OBSERVED_IN_DAILY_SNAPSHOT,False,True,False,2026-10-02,,daily_all_stock_snapshot,2026-10-02,MEDIUM
FORU,,,,,,RG,,OBSERVED_IN_DAILY_SNAPSHOT,False,True,False,2026-10-02,,daily_all_stock_snapshot,2026-10-02,MEDIUM
FPNI,,,,,,RG,,OBSERVED_IN_DAILY_SNAPSHOT,False,True,False,2026-10-02,,daily_all_stock_snapshot,2026-10-02,MEDIUM
FUJI,,,,,,RG,,OBSERVED_IN_DAILY_SNAPSHOT,False,True,False,2026-10-02,,daily_all_stock_snapshot,2026-10-02,MEDIUM
FUTR,,,,,,RG,,OBSERVED_IN_DAILY_SNAPSHOT,False,True,False,2026-10-02,,daily_all_stock_snapshot,2026-10-02,MEDIUM
FWCT,,,,,,RG,,OBSERVED_IN_DAILY_SNAPSHOT,False,True,False,2026-10-02,,daily_all_stock_snapshot,2026-10-02,MEDIUM
GAMA,,,,,,RG,,OBSERVED_IN_DAILY_SNAPSHOT,False,True,False,2026-10-02,,daily_all_stock_snapshot,2026-10-02,MEDIUM
GDST,,,,,,RG,,OBSERVED_IN_DAILY_SNAPSHOT,False,True,False,2026-10-02,,daily_all_stock_snapshot,2026-10-02,MEDIUM
GDYR,,,,,,RG,,OBSERVED_IN_DAILY_SNAPSHOT,False,True,False,2026-10-02,,daily_all_stock_snapshot,2026-10-02,MEDIUM
GEMA,,,,,,RG,,OBSERVED_IN_DAILY_SNAPSHOT,False,True,False,2026-10-02,,daily_all_stock_snapshot,2026-10-02,MEDIUM
GEMS,,,,,,RG,,OBSERVED_IN_DAILY_SNAPSHOT,False,True,False,2026-10-02,,daily_all_stock_snapshot,2026-10-02,MEDIUM
GGRM,,,,,,RG,,OBSERVED_IN_DAILY_SNAPSHOT,False,True,True,2026-10-02,,daily_all_stock_snapshot,2026-10-02,MEDIUM
GGRP,,,,,,RG,,OBSERVED_IN_DAILY_SNAPSHOT,False,True,False,2026-10-02,,daily_all_stock_snapshot,2026-10-02,MEDIUM
GHON,,,,,,RG,,OBSERVED_IN_DAILY_SNAPSHOT,False,True,False,2026-10-02,,daily_all_stock_snapshot,2026-10-02,MEDIUM
GIAA,,,,,,RG,,OBSERVED_IN_DAILY_SNAPSHOT,False,True,False,2026-10-02,,daily_all_stock_snapshot,2026-10-02,MEDIUM
GJTL,,,,,,RG,,OBSERVED_IN_DAILY_SNAPSHOT,False,True,True,2026-10-02,,daily_all_stock_snapshot,2026-10-02,MEDIUM
GLOB,,,,,,RG,,OBSERVED_IN_DAILY_SNAPSHOT,False,True,False,2026-10-02,,daily_all_stock_snapshot,2026-10-02,MEDIUM
GLVA,,,,,,RG,,OBSERVED_IN_DAILY_SNAPSHOT,False,True,False,2026-10-02,,daily_all_stock_snapshot,2026-10-02,MEDIUM
GMFI,,,,,,RG,,OBSERVED_IN_DAILY_SNAPSHOT,False,True,False,2026-10-02,,daily_all_stock_snapshot,2026-10-02,MEDIUM
GMTD,,,,,,RG,,OBSERVED_IN_DAILY_SNAPSHOT,False,True,False,2026-10-02,,daily_all_stock_snapshot,2026-10-02,MEDIUM
GOLD,,,,,,RG,,OBSERVED_IN_DAILY_SNAPSHOT,False,True,False,2026-10-02,,daily_all_stock_snapshot,2026-10-02,MEDIUM
GOLF,,,,,,RG,,OBSERVED_IN_DAILY_SNAPSHOT,False,True,False,2026-10-02,,daily_all_stock_snapshot,2026-10-02,MEDIUM
GOLL,,,,,,RG,,OBSERVED_IN_DAILY_SNAPSHOT,False,True,False,2026-10-02,,daily_all_stock_snapshot,2026-10-02,MEDIUM
GOOD,,,,,,RG,,OBSERVED_IN_DAILY_SNAPSHOT,False,True,False,2026-10-02,,daily_all_stock_snapshot,2026-10-02,MEDIUM
GOTO,,,,,,RG,,OBSERVED_IN_DAILY_SNAPSHOT,False,True,True,2026-10-02,,daily_all_stock_snapshot,2026-10-02,MEDIUM
GPRA,,,,,,RG,,OBSERVED_IN_DAILY_SNAPSHOT,False,True,False,2026-10-02,,daily_all_stock_snapshot,2026-10-02,MEDIUM
GPSO,,,,,,RG,,OBSERVED_IN_DAILY_SNAPSHOT,False,True,False,2026-10-02,,daily_all_stock_snapshot,2026-10-02,MEDIUM
GRIA,,,,,,RG,,OBSERVED_IN_DAILY_SNAPSHOT,False,True,False,2026-10-02,,daily_all_stock_snapshot,2026-10-02,MEDIUM
GRPH,,,,,,RG,,OBSERVED_IN_DAILY_SNAPSHOT,False,True,False,2026-10-02,,daily_all_stock_snapshot,2026-10-02,MEDIUM
GRPM,,,,,,RG,,OBSERVED_IN_DAILY_SNAPSHOT,False,True,False,2026-10-02,,daily_all_stock_snapshot,2026-10-02,MEDIUM
GSMF,,,,,,RG,,OBSERVED_IN_DAILY_SNAPSHOT,False,True,False,2026-10-02,,daily_all_stock_snapshot,2026-10-02,MEDIUM
GTBO,,,,,,RG,,OBSERVED_IN_DAILY_SNAPSHOT,False,True,False,2026-10-02,,daily_all_stock_snapshot,2026-10-02,MEDIUM
GTRA,,,,,,RG,,OBSERVED_IN_DAILY_SNAPSHOT,False,True,False,2026-10-02,,daily_all_stock_snapshot,2026-10-02,MEDIUM
GTSI,,,,,,RG,,OBSERVED_IN_DAILY_SNAPSHOT,False,True,False,2026-10-02,,daily_all_stock_snapshot,2026-10-02,MEDIUM
GULA,,,,,,RG,,OBSERVED_IN_DAILY_SNAPSHOT,False,True,False,2026-10-02,,daily_all_stock_snapshot,2026-10-02,MEDIUM
GUNA,,,,,,RG,,OBSERVED_IN_DAILY_SNAPSHOT,False,True,False,2026-10-02,,daily_all_stock_snapshot,2026-10-02,MEDIUM
GWSA,,,,,,RG,,OBSERVED_IN_DAILY_SNAPSHOT,False,True,False,2026-10-02,,daily_all_stock_snapshot,2026-10-02,MEDIUM
GZCO,,,,,,RG,,OBSERVED_IN_DAILY_SNAPSHOT,False,True,False,2026-10-02,,daily_all_stock_snapshot,2026-10-02,MEDIUM
HADE,,,,,,RG,,OBSERVED_IN_DAILY_SNAPSHOT,False,True,False,2026-10-02,,daily_all_stock_snapshot,2026-10-02,MEDIUM
HAIS,,,,,,RG,,OBSERVED_IN_DAILY_SNAPSHOT,False,True,False,2026-10-02,,daily_all_stock_snapshot,2026-10-02,MEDIUM
HAJJ,,,,,,RG,,OBSERVED_IN_DAILY_SNAPSHOT,False,True,False,2026-10-02,,daily_all_stock_snapshot,2026-10-02,MEDIUM
HALO,,,,,,RG,,OBSERVED_IN_DAILY_SNAPSHOT,False,True,False,2026-10-02,,daily_all_stock_snapshot,2026-10-02,MEDIUM
HATM,,,,,,RG,,OBSERVED_IN_DAILY_SNAPSHOT,False,True,False,2026-10-02,,daily_all_stock_snapshot,2026-10-02,MEDIUM
HBAT,,,,,,RG,,OBSERVED_IN_DAILY_SNAPSHOT,False,True,False,2026-10-02,,daily_all_stock_snapshot,2026-10-02,MEDIUM
HDFA,,,,,,RG,,OBSERVED_IN_DAILY_SNAPSHOT,False,True,False,2026-10-02,,daily_all_stock_snapshot,2026-10-02,MEDIUM
HDIT,,,,,,RG,,OBSERVED_IN_DAILY_SNAPSHOT,False,True,False,2026-10-02,,daily_all_stock_snapshot,2026-10-02,MEDIUM
HEAL,,,,,,RG,,OBSERVED_IN_DAILY_SNAPSHOT,False,True,False,2026-10-02,,daily_all_stock_snapshot,2026-10-02,MEDIUM
HELI,,,,,,RG,,OBSERVED_IN_DAILY_SNAPSHOT,False,True,False,2026-10-02,,daily_all_stock_snapshot,2026-10-02,MEDIUM
HERO,,,,,,RG,,OBSERVED_IN_DAILY_SNAPSHOT,False,True,False,2026-10-02,,daily_all_stock_snapshot,2026-10-02,MEDIUM
HEXA,,,,,,RG,,OBSERVED_IN_DAILY_SNAPSHOT,False,True,False,2026-10-02,,daily_all_stock_snapshot,2026-10-02,MEDIUM
HGII,,,,,,RG,,OBSERVED_IN_DAILY_SNAPSHOT,False,True,False,2026-10-02,,daily_all_stock_snapshot,2026-10-02,MEDIUM
HILL,,,,,,RG,,OBSERVED_IN_DAILY_SNAPSHOT,False,True,False,2026-10-02,,daily_all_stock_snapshot,2026-10-02,MEDIUM
HITS,,,,,,RG,,OBSERVED_IN_DAILY_SNAPSHOT,False,True,False,2026-10-02,,daily_all_stock_snapshot,2026-10-02,MEDIUM
HKMU,,,,,,RG,,OBSERVED_IN_DAILY_SNAPSHOT,False,True,False,2026-10-02,,daily_all_stock_snapshot,2026-10-02,MEDIUM
HMSP,,,,,,RG,,OBSERVED_IN_DAILY_SNAPSHOT,False,True,True,2026-10-02,,daily_all_stock_snapshot,2026-10-02,MEDIUM
HOKI,,,,,,RG,,OBSERVED_IN_DAILY_SNAPSHOT,False,True,False,2026-10-02,,daily_all_stock_snapshot,2026-10-02,MEDIUM
HOME,,,,,,RG,,OBSERVED_IN_DAILY_SNAPSHOT,False,True,False,2026-10-02,,daily_all_stock_snapshot,2026-10-02,MEDIUM
HOMI,,,,,,RG,,OBSERVED_IN_DAILY_SNAPSHOT,False,True,False,2026-10-02,,daily_all_stock_snapshot,2026-10-02,MEDIUM
HOPE,,,,,,RG,,OBSERVED_IN_DAILY_SNAPSHOT,False,True,False,2026-10-02,,daily_all_stock_snapshot,2026-10-02,MEDIUM
HOTL,,,,,,RG,,OBSERVED_IN_DAILY_SNAPSHOT,False,True,False,2026-10-02,,daily_all_stock_snapshot,2026-10-02,MEDIUM
HRME,,,,,,RG,,OBSERVED_IN_DAILY_SNAPSHOT,False,True,False,2026-10-02,,daily_all_stock_snapshot,2026-10-02,MEDIUM
HRTA,,,,,,RG,,OBSERVED_IN_DAILY_SNAPSHOT,False,True,False,2026-10-02,,daily_all_stock_snapshot,2026-10-02,MEDIUM
HRUM,,,,,,RG,,OBSERVED_IN_DAILY_SNAPSHOT,False,True,True,2026-10-02,,daily_all_stock_snapshot,2026-10-02,MEDIUM
HUMI,,,,,,RG,,OBSERVED_IN_DAILY_SNAPSHOT,False,True,False,2026-10-02,,daily_all_stock_snapshot,2026-10-02,MEDIUM
HYGN,,,,,,RG,,OBSERVED_IN_DAILY_SNAPSHOT,False,True,False,2026-10-02,,daily_all_stock_snapshot,2026-10-02,MEDIUM
IATA,,,,,,RG,,OBSERVED_IN_DAILY_SNAPSHOT,False,True,False,2026-10-02,,daily_all_stock_snapshot,2026-10-02,MEDIUM
IBFN,,,,,,RG,,OBSERVED_IN_DAILY_SNAPSHOT,False,True,False,2026-10-02,,daily_all_stock_snapshot,2026-10-02,MEDIUM
IBOS,,,,,,RG,,OBSERVED_IN_DAILY_SNAPSHOT,False,True,False,2026-10-02,,daily_all_stock_snapshot,2026-10-02,MEDIUM
IBST,,,,,,RG,,OBSERVED_IN_DAILY_SNAPSHOT,False,True,False,2026-10-02,,daily_all_stock_snapshot,2026-10-02,MEDIUM
ICBP,,,,,,RG,,OBSERVED_IN_DAILY_SNAPSHOT,False,True,True,2026-10-02,,daily_all_stock_snapshot,2026-10-02,MEDIUM
ICON,,,,,,RG,,OBSERVED_IN_DAILY_SNAPSHOT,False,True,False,2026-10-02,,daily_all_stock_snapshot,2026-10-02,MEDIUM
IDEA,,,,,,RG,,OBSERVED_IN_DAILY_SNAPSHOT,False,True,False,2026-10-02,,daily_all_stock_snapshot,2026-10-02,MEDIUM
IDPR,,,,,,RG,,OBSERVED_IN_DAILY_SNAPSHOT,False,True,False,2026-10-02,,daily_all_stock_snapshot,2026-10-02,MEDIUM
IFII,,,,,,RG,,OBSERVED_IN_DAILY_SNAPSHOT,False,True,False,2026-10-02,,daily_all_stock_snapshot,2026-10-02,MEDIUM
IFSH,,,,,,RG,,OBSERVED_IN_DAILY_SNAPSHOT,False,True,False,2026-10-02,,daily_all_stock_snapshot,2026-10-02,MEDIUM
IGAR,,,,,,RG,,OBSERVED_IN_DAILY_SNAPSHOT,False,True,False,2026-10-02,,daily_all_stock_snapshot,2026-10-02,MEDIUM
IIKP,,,,,,RG,,OBSERVED_IN_DAILY_SNAPSHOT,False,True,False,2026-10-02,,daily_all_stock_snapshot,2026-10-02,MEDIUM
IKAI,,,,,,RG,,OBSERVED_IN_DAILY_SNAPSHOT,False,True,False,2026-10-02,,daily_all_stock_snapshot,2026-10-02,MEDIUM
IKAN,,,,,,RG,,OBSERVED_IN_DAILY_SNAPSHOT,False,True,False,2026-10-02,,daily_all_stock_snapshot,2026-10-02,MEDIUM
IKBI,,,,,,RG,,OBSERVED_IN_DAILY_SNAPSHOT,False,True,False,2026-10-02,,daily_all_stock_snapshot,2026-10-02,MEDIUM
IKPM,,,,,,RG,,OBSERVED_IN_DAILY_SNAPSHOT,False,True,False,2026-10-02,,daily_all_stock_snapshot,2026-10-02,MEDIUM
IMAS,,,,,,RG,,OBSERVED_IN_DAILY_SNAPSHOT,False,True,False,2026-10-02,,daily_all_stock_snapshot,2026-10-02,MEDIUM
IMJS,,,,,,RG,,OBSERVED_IN_DAILY_SNAPSHOT,False,True,False,2026-10-02,,daily_all_stock_snapshot,2026-10-02,MEDIUM
IMPC,,,,,,RG,,OBSERVED_IN_DAILY_SNAPSHOT,False,True,False,2026-10-02,,daily_all_stock_snapshot,2026-10-02,MEDIUM
INAF,,,,,,RG,,OBSERVED_IN_DAILY_SNAPSHOT,False,True,False,2026-10-02,,daily_all_stock_snapshot,2026-10-02,MEDIUM
INAI,,,,,,RG,,OBSERVED_IN_DAILY_SNAPSHOT,False,True,False,2026-10-02,,daily_all_stock_snapshot,2026-10-02,MEDIUM
INCF,,,,,,RG,,OBSERVED_IN_DAILY_SNAPSHOT,False,True,False,2026-10-02,,daily_all_stock_snapshot,2026-10-02,MEDIUM
INCI,,,,,,RG,,OBSERVED_IN_DAILY_SNAPSHOT,False,True,False,2026-10-02,,daily_all_stock_snapshot,2026-10-02,MEDIUM
INCO,,,,,,RG,,OBSERVED_IN_DAILY_SNAPSHOT,False,True,False,2026-10-02,,daily_all_stock_snapshot,2026-10-02,MEDIUM
INDF,,,,,,RG,,OBSERVED_IN_DAILY_SNAPSHOT,False,True,True,2026-10-02,,daily_all_stock_snapshot,2026-10-02,MEDIUM
INDO,,,,,,RG,,OBSERVED_IN_DAILY_SNAPSHOT,False,True,False,2026-10-02,,daily_all_stock_snapshot,2026-10-02,MEDIUM
INDR,,,,,,RG,,OBSERVED_IN_DAILY_SNAPSHOT,False,True,False,2026-10-02,,daily_all_stock_snapshot,2026-10-02,MEDIUM
INDS,,,,,,RG,,OBSERVED_IN_DAILY_SNAPSHOT,False,True,True,2026-10-02,,daily_all_stock_snapshot,2026-10-02,MEDIUM
INDX,,,,,,RG,,OBSERVED_IN_DAILY_SNAPSHOT,False,True,False,2026-10-02,,daily_all_stock_snapshot,2026-10-02,MEDIUM
INDY,,,,,,RG,,OBSERVED_IN_DAILY_SNAPSHOT,False,True,True,2026-10-02,,daily_all_stock_snapshot,2026-10-02,MEDIUM
INET,,,,,,RG,,OBSERVED_IN_DAILY_SNAPSHOT,False,True,False,2026-10-02,,daily_all_stock_snapshot,2026-10-02,MEDIUM
INKP,,,,,,RG,,OBSERVED_IN_DAILY_SNAPSHOT,False,True,True,2026-10-02,,daily_all_stock_snapshot,2026-10-02,MEDIUM
INOV,,,,,,RG,,OBSERVED_IN_DAILY_SNAPSHOT,False,True,False,2026-10-02,,daily_all_stock_snapshot,2026-10-02,MEDIUM
INPC,,,,,,RG,,OBSERVED_IN_DAILY_SNAPSHOT,False,True,True,2026-10-02,,daily_all_stock_snapshot,2026-10-02,MEDIUM
INPP,,,,,,RG,,OBSERVED_IN_DAILY_SNAPSHOT,False,True,False,2026-10-02,,daily_all_stock_snapshot,2026-10-02,MEDIUM
INPS,,,,,,RG,,OBSERVED_IN_DAILY_SNAPSHOT,False,True,False,2026-10-02,,daily_all_stock_snapshot,2026-10-02,MEDIUM
INRU,,,,,,RG,,OBSERVED_IN_DAILY_SNAPSHOT,False,True,True,2026-10-02,,daily_all_stock_snapshot,2026-10-02,MEDIUM
INTA,,,,,,RG,,OBSERVED_IN_DAILY_SNAPSHOT,False,True,False,2026-10-02,,daily_all_stock_snapshot,2026-10-02,MEDIUM
INTD,,,,,,RG,,OBSERVED_IN_DAILY_SNAPSHOT,False,True,False,2026-10-02,,daily_all_stock_snapshot,2026-10-02,MEDIUM
INTP,,,,,,RG,,OBSERVED_IN_DAILY_SNAPSHOT,False,True,False,2026-10-02,,daily_all_stock_snapshot,2026-10-02,MEDIUM
IOTF,,,,,,RG,,OBSERVED_IN_DAILY_SNAPSHOT,False,True,False,2026-10-02,,daily_all_stock_snapshot,2026-10-02,MEDIUM
IPAC,,,,,,RG,,OBSERVED_IN_DAILY_SNAPSHOT,False,True,False,2026-10-02,,daily_all_stock_snapshot,2026-10-02,MEDIUM
IPCC,,,,,,RG,,OBSERVED_IN_DAILY_SNAPSHOT,False,True,False,2026-10-02,,daily_all_stock_snapshot,2026-10-02,MEDIUM
IPCM,,,,,,RG,,OBSERVED_IN_DAILY_SNAPSHOT,False,True,False,2026-10-02,,daily_all_stock_snapshot,2026-10-02,MEDIUM
IPOL,,,,,,RG,,OBSERVED_IN_DAILY_SNAPSHOT,False,True,False,2026-10-02,,daily_all_stock_snapshot,2026-10-02,MEDIUM
IPPE,,,,,,RG,,OBSERVED_IN_DAILY_SNAPSHOT,False,True,False,2026-10-02,,daily_all_stock_snapshot,2026-10-02,MEDIUM
IPTV,,,,,,RG,,OBSERVED_IN_DAILY_SNAPSHOT,False,True,False,2026-10-02,,daily_all_stock_snapshot,2026-10-02,MEDIUM
IRRA,,,,,,RG,,OBSERVED_IN_DAILY_SNAPSHOT,False,True,False,2026-10-02,,daily_all_stock_snapshot,2026-10-02,MEDIUM
IRSX,,,,,,RG,,OBSERVED_IN_DAILY_SNAPSHOT,False,True,False,2026-10-02,,daily_all_stock_snapshot,2026-10-02,MEDIUM
ISAP,,,,,,RG,,OBSERVED_IN_DAILY_SNAPSHOT,False,True,False,2026-10-02,,daily_all_stock_snapshot,2026-10-02,MEDIUM
ISAT,,,,,,RG,,OBSERVED_IN_DAILY_SNAPSHOT,False,True,True,2026-10-02,,daily_all_stock_snapshot,2026-10-02,MEDIUM
ISEA,,,,,,RG,,OBSERVED_IN_DAILY_SNAPSHOT,False,True,False,2026-10-02,,daily_all_stock_snapshot,2026-10-02,MEDIUM
ISSP,,,,,,RG,,OBSERVED_IN_DAILY_SNAPSHOT,False,True,False,2026-10-02,,daily_all_stock_snapshot,2026-10-02,MEDIUM
ITIC,,,,,,RG,,OBSERVED_IN_DAILY_SNAPSHOT,False,True,False,2026-10-02,,daily_all_stock_snapshot,2026-10-02,MEDIUM
ITMA,,,,,,RG,,OBSERVED_IN_DAILY_SNAPSHOT,False,True,False,2026-10-02,,daily_all_stock_snapshot,2026-10-02,MEDIUM
ITMG,,,,,,RG,,OBSERVED_IN_DAILY_SNAPSHOT,False,True,True,2026-10-02,,daily_all_stock_snapshot,2026-10-02,MEDIUM
JARR,,,,,,RG,,OBSERVED_IN_DAILY_SNAPSHOT,False,True,False,2026-10-02,,daily_all_stock_snapshot,2026-10-02,MEDIUM
JAST,,,,,,RG,,OBSERVED_IN_DAILY_SNAPSHOT,False,True,False,2026-10-02,,daily_all_stock_snapshot,2026-10-02,MEDIUM
JATI,,,,,,RG,,OBSERVED_IN_DAILY_SNAPSHOT,False,True,False,2026-10-02,,daily_all_stock_snapshot,2026-10-02,MEDIUM
JAWA,,,,,,RG,,OBSERVED_IN_DAILY_SNAPSHOT,False,True,False,2026-10-02,,daily_all_stock_snapshot,2026-10-02,MEDIUM
JAYA,,,,,,RG,,OBSERVED_IN_DAILY_SNAPSHOT,False,True,False,2026-10-02,,daily_all_stock_snapshot,2026-10-02,MEDIUM
JECC,,,,,,RG,,OBSERVED_IN_DAILY_SNAPSHOT,False,True,False,2026-10-02,,daily_all_stock_snapshot,2026-10-02,MEDIUM
JELI,,,,,,RG,,OBSERVED_IN_DAILY_SNAPSHOT,False,True,False,2026-10-02,,daily_all_stock_snapshot,2026-10-02,MEDIUM
JGLE,,,,,,RG,,OBSERVED_IN_DAILY_SNAPSHOT,False,True,False,2026-10-02,,daily_all_stock_snapshot,2026-10-02,MEDIUM
JIHD,,,,,,RG,,OBSERVED_IN_DAILY_SNAPSHOT,False,True,False,2026-10-02,,daily_all_stock_snapshot,2026-10-02,MEDIUM
JKON,,,,,,RG,,OBSERVED_IN_DAILY_SNAPSHOT,False,True,False,2026-10-02,,daily_all_stock_snapshot,2026-10-02,MEDIUM
JMAS,,,,,,RG,,OBSERVED_IN_DAILY_SNAPSHOT,False,True,False,2026-10-02,,daily_all_stock_snapshot,2026-10-02,MEDIUM
JPFA,,,,,,RG,,OBSERVED_IN_DAILY_SNAPSHOT,False,True,False,2026-10-02,,daily_all_stock_snapshot,2026-10-02,MEDIUM
JRPT,,,,,,RG,,OBSERVED_IN_DAILY_SNAPSHOT,False,True,False,2026-10-02,,daily_all_stock_snapshot,2026-10-02,MEDIUM
JSKY,,,,,,RG,,OBSERVED_IN_DAILY_SNAPSHOT,False,True,False,2026-10-02,,daily_all_stock_snapshot,2026-10-02,MEDIUM
JSMR,,,,,,RG,,OBSERVED_IN_DAILY_SNAPSHOT,False,True,True,2026-10-02,,daily_all_stock_snapshot,2026-10-02,MEDIUM
JSPT,,,,,,RG,,OBSERVED_IN_DAILY_SNAPSHOT,False,True,False,2026-10-02,,daily_all_stock_snapshot,2026-10-02,MEDIUM
JTPE,,,,,,RG,,OBSERVED_IN_DAILY_SNAPSHOT,False,True,False,2026-10-02,,daily_all_stock_snapshot,2026-10-02,MEDIUM
KAEF,,,,,,RG,,OBSERVED_IN_DAILY_SNAPSHOT,False,True,True,2026-10-02,,daily_all_stock_snapshot,2026-10-02,MEDIUM
KAQI,,,,,,RG,,OBSERVED_IN_DAILY_SNAPSHOT,False,True,False,2026-10-02,,daily_all_stock_snapshot,2026-10-02,MEDIUM
KARW,,,,,,RG,,OBSERVED_IN_DAILY_SNAPSHOT,False,True,False,2026-10-02,,daily_all_stock_snapshot,2026-10-02,MEDIUM
KAYU,,,,,,RG,,OBSERVED_IN_DAILY_SNAPSHOT,False,True,False,2026-10-02,,daily_all_stock_snapshot,2026-10-02,MEDIUM
KBAG,,,,,,RG,,OBSERVED_IN_DAILY_SNAPSHOT,False,True,False,2026-10-02,,daily_all_stock_snapshot,2026-10-02,MEDIUM
KBLI,,,,,,RG,,OBSERVED_IN_DAILY_SNAPSHOT,False,True,False,2026-10-02,,daily_all_stock_snapshot,2026-10-02,MEDIUM
KBLM,,,,,,RG,,OBSERVED_IN_DAILY_SNAPSHOT,False,True,True,2026-10-02,,daily_all_stock_snapshot,2026-10-02,MEDIUM
KBLV,,,,,,RG,,OBSERVED_IN_DAILY_SNAPSHOT,False,True,False,2026-10-02,,daily_all_stock_snapshot,2026-10-02,MEDIUM
KBRI,,,,,,RG,,OBSERVED_IN_DAILY_SNAPSHOT,False,True,False,2026-10-02,,daily_all_stock_snapshot,2026-10-02,MEDIUM
KDSI,,,,,,RG,,OBSERVED_IN_DAILY_SNAPSHOT,False,True,False,2026-10-02,,daily_all_stock_snapshot,2026-10-02,MEDIUM
KDTN,,,,,,RG,,OBSERVED_IN_DAILY_SNAPSHOT,False,True,False,2026-10-02,,daily_all_stock_snapshot,2026-10-02,MEDIUM
KEEN,,,,,,RG,,OBSERVED_IN_DAILY_SNAPSHOT,False,True,False,2026-10-02,,daily_all_stock_snapshot,2026-10-02,MEDIUM
KEJU,,,,,,RG,,OBSERVED_IN_DAILY_SNAPSHOT,False,True,False,2026-10-02,,daily_all_stock_snapshot,2026-10-02,MEDIUM
KETR,,,,,,RG,,OBSERVED_IN_DAILY_SNAPSHOT,False,True,False,2026-10-02,,daily_all_stock_snapshot,2026-10-02,MEDIUM
KIAS,,,,,,RG,,OBSERVED_IN_DAILY_SNAPSHOT,False,True,False,2026-10-02,,daily_all_stock_snapshot,2026-10-02,MEDIUM
KICI,,,,,,RG,,OBSERVED_IN_DAILY_SNAPSHOT,False,True,False,2026-10-02,,daily_all_stock_snapshot,2026-10-02,MEDIUM
KIJA,,,,,,RG,,OBSERVED_IN_DAILY_SNAPSHOT,False,True,False,2026-10-02,,daily_all_stock_snapshot,2026-10-02,MEDIUM
KINO,,,,,,RG,,OBSERVED_IN_DAILY_SNAPSHOT,False,True,False,2026-10-02,,daily_all_stock_snapshot,2026-10-02,MEDIUM
KIOS,,,,,,RG,,OBSERVED_IN_DAILY_SNAPSHOT,False,True,False,2026-10-02,,daily_all_stock_snapshot,2026-10-02,MEDIUM
KJEN,,,,,,RG,,OBSERVED_IN_DAILY_SNAPSHOT,False,True,False,2026-10-02,,daily_all_stock_snapshot,2026-10-02,MEDIUM
KKES,,,,,,RG,,OBSERVED_IN_DAILY_SNAPSHOT,False,True,False,2026-10-02,,daily_all_stock_snapshot,2026-10-02,MEDIUM
KKGI,,,,,,RG,,OBSERVED_IN_DAILY_SNAPSHOT,False,True,False,2026-10-02,,daily_all_stock_snapshot,2026-10-02,MEDIUM
KLAS,,,,,,RG,,OBSERVED_IN_DAILY_SNAPSHOT,False,True,False,2026-10-02,,daily_all_stock_snapshot,2026-10-02,MEDIUM
KLBF,,,,,,RG,,OBSERVED_IN_DAILY_SNAPSHOT,False,True,True,2026-10-02,,daily_all_stock_snapshot,2026-10-02,MEDIUM
KLIN,,,,,,RG,,OBSERVED_IN_DAILY_SNAPSHOT,False,True,False,2026-10-02,,daily_all_stock_snapshot,2026-10-02,MEDIUM
KMDS,,,,,,RG,,OBSERVED_IN_DAILY_SNAPSHOT,False,True,False,2026-10-02,,daily_all_stock_snapshot,2026-10-02,MEDIUM
KMTR,,,,,,RG,,OBSERVED_IN_DAILY_SNAPSHOT,False,True,False,2026-10-02,,daily_all_stock_snapshot,2026-10-02,MEDIUM
KOBX,,,,,,RG,,OBSERVED_IN_DAILY_SNAPSHOT,False,True,False,2026-10-02,,daily_all_stock_snapshot,2026-10-02,MEDIUM
KOCI,,,,,,RG,,OBSERVED_IN_DAILY_SNAPSHOT,False,True,False,2026-10-02,,daily_all_stock_snapshot,2026-10-02,MEDIUM
KOIN,,,,,,RG,,OBSERVED_IN_DAILY_SNAPSHOT,False,True,False,2026-10-02,,daily_all_stock_snapshot,2026-10-02,MEDIUM
KOKA,,,,,,RG,,OBSERVED_IN_DAILY_SNAPSHOT,False,True,False,2026-10-02,,daily_all_stock_snapshot,2026-10-02,MEDIUM
KONI,,,,,,RG,,OBSERVED_IN_DAILY_SNAPSHOT,False,True,False,2026-10-02,,daily_all_stock_snapshot,2026-10-02,MEDIUM
KOPI,,,,,,RG,,OBSERVED_IN_DAILY_SNAPSHOT,False,True,False,2026-10-02,,daily_all_stock_snapshot,2026-10-02,MEDIUM
KOTA,,,,,,RG,,OBSERVED_IN_DAILY_SNAPSHOT,False,True,False,2026-10-02,,daily_all_stock_snapshot,2026-10-02,MEDIUM
KPIG,,,,,,RG,,OBSERVED_IN_DAILY_SNAPSHOT,False,True,False,2026-10-02,,daily_all_stock_snapshot,2026-10-02,MEDIUM
KRAS,,,,,,RG,,OBSERVED_IN_DAILY_SNAPSHOT,False,True,False,2026-10-02,,daily_all_stock_snapshot,2026-10-02,MEDIUM
KREN,,,,,,RG,,OBSERVED_IN_DAILY_SNAPSHOT,False,True,False,2026-10-02,,daily_all_stock_snapshot,2026-10-02,MEDIUM
KRYA,,,,,,RG,,OBSERVED_IN_DAILY_SNAPSHOT,False,True,False,2026-10-02,,daily_all_stock_snapshot,2026-10-02,MEDIUM
KSIX,,,,,,RG,,OBSERVED_IN_DAILY_SNAPSHOT,False,True,False,2026-10-02,,daily_all_stock_snapshot,2026-10-02,MEDIUM
KUAS,,,,,,RG,,OBSERVED_IN_DAILY_SNAPSHOT,False,True,False,2026-10-02,,daily_all_stock_snapshot,2026-10-02,MEDIUM
LABA,,,,,,RG,,OBSERVED_IN_DAILY_SNAPSHOT,False,True,False,2026-10-02,,daily_all_stock_snapshot,2026-10-02,MEDIUM
LABS,,,,,,RG,,OBSERVED_IN_DAILY_SNAPSHOT,False,True,False,2026-10-02,,daily_all_stock_snapshot,2026-10-02,MEDIUM
LAJU,,,,,,RG,,OBSERVED_IN_DAILY_SNAPSHOT,False,True,False,2026-10-02,,daily_all_stock_snapshot,2026-10-02,MEDIUM
LAND,,,,,,RG,,OBSERVED_IN_DAILY_SNAPSHOT,False,True,False,2026-10-02,,daily_all_stock_snapshot,2026-10-02,MEDIUM
LAPD,,,,,,RG,,OBSERVED_IN_DAILY_SNAPSHOT,False,True,False,2026-10-02,,daily_all_stock_snapshot,2026-10-02,MEDIUM
LCGP,,,,,,RG,,OBSERVED_IN_DAILY_SNAPSHOT,False,True,False,2026-10-02,,daily_all_stock_snapshot,2026-10-02,MEDIUM
LCKM,,,,,,RG,,OBSERVED_IN_DAILY_SNAPSHOT,False,True,False,2026-10-02,,daily_all_stock_snapshot,2026-10-02,MEDIUM
LEAD,,,,,,RG,,OBSERVED_IN_DAILY_SNAPSHOT,False,True,False,2026-10-02,,daily_all_stock_snapshot,2026-10-02,MEDIUM
LFLO,,,,,,RG,,OBSERVED_IN_DAILY_SNAPSHOT,False,True,False,2026-10-02,,daily_all_stock_snapshot,2026-10-02,MEDIUM
LIFE,,,,,,RG,,OBSERVED_IN_DAILY_SNAPSHOT,False,True,False,2026-10-02,,daily_all_stock_snapshot,2026-10-02,MEDIUM
LINK,,,,,,RG,,OBSERVED_IN_DAILY_SNAPSHOT,False,True,False,2026-10-02,,daily_all_stock_snapshot,2026-10-02,MEDIUM
LION,,,,,,RG,,OBSERVED_IN_DAILY_SNAPSHOT,False,True,False,2026-10-02,,daily_all_stock_snapshot,2026-10-02,MEDIUM
LIVE,,,,,,RG,,OBSERVED_IN_DAILY_SNAPSHOT,False,True,False,2026-10-02,,daily_all_stock_snapshot,2026-10-02,MEDIUM
LMAS,,,,,,RG,,OBSERVED_IN_DAILY_SNAPSHOT,False,True,False,2026-10-02,,daily_all_stock_snapshot,2026-10-02,MEDIUM
LMAX,,,,,,RG,,OBSERVED_IN_DAILY_SNAPSHOT,False,True,False,2026-10-02,,daily_all_stock_snapshot,2026-10-02,MEDIUM
LMPI,,,,,,RG,,OBSERVED_IN_DAILY_SNAPSHOT,False,True,False,2026-10-02,,daily_all_stock_snapshot,2026-10-02,MEDIUM
LMSH,,,,,,RG,,OBSERVED_IN_DAILY_SNAPSHOT,False,True,False,2026-10-02,,daily_all_stock_snapshot,2026-10-02,MEDIUM
LOPI,,,,,,RG,,OBSERVED_IN_DAILY_SNAPSHOT,False,True,False,2026-10-02,,daily_all_stock_snapshot,2026-10-02,MEDIUM
LPCK,,,,,,RG,,OBSERVED_IN_DAILY_SNAPSHOT,False,True,True,2026-10-02,,daily_all_stock_snapshot,2026-10-02,MEDIUM
LPGI,,,,,,RG,,OBSERVED_IN_DAILY_SNAPSHOT,False,True,False,2026-10-02,,daily_all_stock_snapshot,2026-10-02,MEDIUM
LPIN,,,,,,RG,,OBSERVED_IN_DAILY_SNAPSHOT,False,True,False,2026-10-02,,daily_all_stock_snapshot,2026-10-02,MEDIUM
LPKR,,,,,,RG,,OBSERVED_IN_DAILY_SNAPSHOT,False,True,True,2026-10-02,,daily_all_stock_snapshot,2026-10-02,MEDIUM
LPLI,,,,,,RG,,OBSERVED_IN_DAILY_SNAPSHOT,False,True,False,2026-10-02,,daily_all_stock_snapshot,2026-10-02,MEDIUM
LPPF,,,,,,RG,,OBSERVED_IN_DAILY_SNAPSHOT,False,True,False,2026-10-02,,daily_all_stock_snapshot,2026-10-02,MEDIUM
LPPS,,,,,,RG,,OBSERVED_IN_DAILY_SNAPSHOT,False,True,False,2026-10-02,,daily_all_stock_snapshot,2026-10-02,MEDIUM
LRNA,,,,,,RG,,OBSERVED_IN_DAILY_SNAPSHOT,False,True,False,2026-10-02,,daily_all_stock_snapshot,2026-10-02,MEDIUM
LSIP,,,,,,RG,,OBSERVED_IN_DAILY_SNAPSHOT,False,True,False,2026-10-02,,daily_all_stock_snapshot,2026-10-02,MEDIUM
LTLS,,,,,,RG,,OBSERVED_IN_DAILY_SNAPSHOT,False,True,False,2026-10-02,,daily_all_stock_snapshot,2026-10-02,MEDIUM
LUCK,,,,,,RG,,OBSERVED_IN_DAILY_SNAPSHOT,False,True,False,2026-10-02,,daily_all_stock_snapshot,2026-10-02,MEDIUM
LUCY,,,,,,RG,,OBSERVED_IN_DAILY_SNAPSHOT,False,True,False,2026-10-02,,daily_all_stock_snapshot,2026-10-02,MEDIUM
MABA,,,,,,RG,,OBSERVED_IN_DAILY_SNAPSHOT,False,True,False,2026-10-02,,daily_all_stock_snapshot,2026-10-02,MEDIUM
MAGP,,,,,,RG,,OBSERVED_IN_DAILY_SNAPSHOT,False,True,False,2026-10-02,,daily_all_stock_snapshot,2026-10-02,MEDIUM
MAHA,,,,,,RG,,OBSERVED_IN_DAILY_SNAPSHOT,False,True,False,2026-10-02,,daily_all_stock_snapshot,2026-10-02,MEDIUM
MAIN,,,,,,RG,,OBSERVED_IN_DAILY_SNAPSHOT,False,True,False,2026-10-02,,daily_all_stock_snapshot,2026-10-02,MEDIUM
MANG,,,,,,RG,,OBSERVED_IN_DAILY_SNAPSHOT,False,True,False,2026-10-02,,daily_all_stock_snapshot,2026-10-02,MEDIUM
MAPA,,,,,,RG,,OBSERVED_IN_DAILY_SNAPSHOT,False,True,False,2026-10-02,,daily_all_stock_snapshot,2026-10-02,MEDIUM
MAPB,,,,,,RG,,OBSERVED_IN_DAILY_SNAPSHOT,False,True,False,2026-10-02,,daily_all_stock_snapshot,2026-10-02,MEDIUM
MAPI,,,,,,RG,,OBSERVED_IN_DAILY_SNAPSHOT,False,True,False,2026-10-02,,daily_all_stock_snapshot,2026-10-02,MEDIUM
MARI,,,,,,RG,,OBSERVED_IN_DAILY_SNAPSHOT,False,True,False,2026-10-02,,daily_all_stock_snapshot,2026-10-02,MEDIUM
MARK,,,,,,RG,,OBSERVED_IN_DAILY_SNAPSHOT,False,True,False,2026-10-02,,daily_all_stock_snapshot,2026-10-02,MEDIUM
MASB,,,,,,RG,,OBSERVED_IN_DAILY_SNAPSHOT,False,True,False,2026-10-02,,daily_all_stock_snapshot,2026-10-02,MEDIUM
MAXI,,,,,,RG,,OBSERVED_IN_DAILY_SNAPSHOT,False,True,False,2026-10-02,,daily_all_stock_snapshot,2026-10-02,MEDIUM
MAYA,,,,,,RG,,OBSERVED_IN_DAILY_SNAPSHOT,False,True,True,2026-10-02,,daily_all_stock_snapshot,2026-10-02,MEDIUM
MBAP,,,,,,RG,,OBSERVED_IN_DAILY_SNAPSHOT,False,True,False,2026-10-02,,daily_all_stock_snapshot,2026-10-02,MEDIUM
MBMA,,,,,,RG,,OBSERVED_IN_DAILY_SNAPSHOT,False,True,False,2026-10-02,,daily_all_stock_snapshot,2026-10-02,MEDIUM
MBSS,,,,,,RG,,OBSERVED_IN_DAILY_SNAPSHOT,False,True,False,2026-10-02,,daily_all_stock_snapshot,2026-10-02,MEDIUM
MBTO,,,,,,RG,,OBSERVED_IN_DAILY_SNAPSHOT,False,True,False,2026-10-02,,daily_all_stock_snapshot,2026-10-02,MEDIUM
MCAS,,,,,,RG,,OBSERVED_IN_DAILY_SNAPSHOT,False,True,False,2026-10-02,,daily_all_stock_snapshot,2026-10-02,MEDIUM
MCOL,,,,,,RG,,OBSERVED_IN_DAILY_SNAPSHOT,False,True,False,2026-10-02,,daily_all_stock_snapshot,2026-10-02,MEDIUM
MCOR,,,,,,RG,,OBSERVED_IN_DAILY_SNAPSHOT,False,True,False,2026-10-02,,daily_all_stock_snapshot,2026-10-02,MEDIUM
MDIA,,,,,,RG,,OBSERVED_IN_DAILY_SNAPSHOT,False,True,False,2026-10-02,,daily_all_stock_snapshot,2026-10-02,MEDIUM
MDIY,,,,,,RG,,OBSERVED_IN_DAILY_SNAPSHOT,False,True,False,2026-10-02,,daily_all_stock_snapshot,2026-10-02,MEDIUM
MDKA,,,,,,RG,,OBSERVED_IN_DAILY_SNAPSHOT,False,True,False,2026-10-02,,daily_all_stock_snapshot,2026-10-02,MEDIUM
MDKI,,,,,,RG,,OBSERVED_IN_DAILY_SNAPSHOT,False,True,False,2026-10-02,,daily_all_stock_snapshot,2026-10-02,MEDIUM
MDLA,,,,,,RG,,OBSERVED_IN_DAILY_SNAPSHOT,False,True,False,2026-10-02,,daily_all_stock_snapshot,2026-10-02,MEDIUM
MDLN,,,,,,RG,,OBSERVED_IN_DAILY_SNAPSHOT,False,True,False,2026-10-02,,daily_all_stock_snapshot,2026-10-02,MEDIUM
MDRN,,,,,,RG,,OBSERVED_IN_DAILY_SNAPSHOT,False,True,False,2026-10-02,,daily_all_stock_snapshot,2026-10-02,MEDIUM
MEDC,,,,,,RG,,OBSERVED_IN_DAILY_SNAPSHOT,False,True,True,2026-10-02,,daily_all_stock_snapshot,2026-10-02,MEDIUM
MEDS,,,,,,RG,,OBSERVED_IN_DAILY_SNAPSHOT,False,True,False,2026-10-02,,daily_all_stock_snapshot,2026-10-02,MEDIUM
MEGA,,,,,,RG,,OBSERVED_IN_DAILY_SNAPSHOT,False,True,True,2026-10-02,,daily_all_stock_snapshot,2026-10-02,MEDIUM
MEJA,,,,,,RG,,OBSERVED_IN_DAILY_SNAPSHOT,False,True,False,2026-10-02,,daily_all_stock_snapshot,2026-10-02,MEDIUM
MENN,,,,,,RG,,OBSERVED_IN_DAILY_SNAPSHOT,False,True,False,2026-10-02,,daily_all_stock_snapshot,2026-10-02,MEDIUM
MERI,,,,,,RG,,OBSERVED_IN_DAILY_SNAPSHOT,False,True,False,2026-10-02,,daily_all_stock_snapshot,2026-10-02,MEDIUM
MERK,,,,,,RG,,OBSERVED_IN_DAILY_SNAPSHOT,False,True,True,2026-10-02,,daily_all_stock_snapshot,2026-10-02,MEDIUM
META,,,,,,RG,,OBSERVED_IN_DAILY_SNAPSHOT,False,True,False,2026-10-02,,daily_all_stock_snapshot,2026-10-02,MEDIUM
MFMI,,,,,,RG,,OBSERVED_IN_DAILY_SNAPSHOT,False,True,False,2026-10-02,,daily_all_stock_snapshot,2026-10-02,MEDIUM
MGLV,,,,,,RG,,OBSERVED_IN_DAILY_SNAPSHOT,False,True,False,2026-10-02,,daily_all_stock_snapshot,2026-10-02,MEDIUM
MGNA,,,,,,RG,,OBSERVED_IN_DAILY_SNAPSHOT,False,True,False,2026-10-02,,daily_all_stock_snapshot,2026-10-02,MEDIUM
MGRO,,,,,,RG,,OBSERVED_IN_DAILY_SNAPSHOT,False,True,False,2026-10-02,,daily_all_stock_snapshot,2026-10-02,MEDIUM
MHKI,,,,,,RG,,OBSERVED_IN_DAILY_SNAPSHOT,False,True,False,2026-10-02,,daily_all_stock_snapshot,2026-10-02,MEDIUM
MICE,,,,,,RG,,OBSERVED_IN_DAILY_SNAPSHOT,False,True,False,2026-10-02,,daily_all_stock_snapshot,2026-10-02,MEDIUM
MIDI,,,,,,RG,,OBSERVED_IN_DAILY_SNAPSHOT,False,True,False,2026-10-02,,daily_all_stock_snapshot,2026-10-02,MEDIUM
MIKA,,,,,,RG,,OBSERVED_IN_DAILY_SNAPSHOT,False,True,False,2026-10-02,,daily_all_stock_snapshot,2026-10-02,MEDIUM
MINA,,,,,,RG,,OBSERVED_IN_DAILY_SNAPSHOT,False,True,False,2026-10-02,,daily_all_stock_snapshot,2026-10-02,MEDIUM
MINE,,,,,,RG,,OBSERVED_IN_DAILY_SNAPSHOT,False,True,False,2026-10-02,,daily_all_stock_snapshot,2026-10-02,MEDIUM
MIRA,,,,,,RG,,OBSERVED_IN_DAILY_SNAPSHOT,False,True,False,2026-10-02,,daily_all_stock_snapshot,2026-10-02,MEDIUM
MITI,,,,,,RG,,OBSERVED_IN_DAILY_SNAPSHOT,False,True,False,2026-10-02,,daily_all_stock_snapshot,2026-10-02,MEDIUM
MKAP,,,,,,RG,,OBSERVED_IN_DAILY_SNAPSHOT,False,True,False,2026-10-02,,daily_all_stock_snapshot,2026-10-02,MEDIUM
MKNT,,,,,,RG,,OBSERVED_IN_DAILY_SNAPSHOT,False,True,False,2026-10-02,,daily_all_stock_snapshot,2026-10-02,MEDIUM
MKPI,,,,,,RG,,OBSERVED_IN_DAILY_SNAPSHOT,False,True,False,2026-10-02,,daily_all_stock_snapshot,2026-10-02,MEDIUM
MKTR,,,,,,RG,,OBSERVED_IN_DAILY_SNAPSHOT,False,True,False,2026-10-02,,daily_all_stock_snapshot,2026-10-02,MEDIUM
MLBI,,,,,,RG,,OBSERVED_IN_DAILY_SNAPSHOT,False,True,True,2026-10-02,,daily_all_stock_snapshot,2026-10-02,MEDIUM
MLIA,,,,,,RG,,OBSERVED_IN_DAILY_SNAPSHOT,False,True,False,2026-10-02,,daily_all_stock_snapshot,2026-10-02,MEDIUM
MLPL,,,,,,RG,,OBSERVED_IN_DAILY_SNAPSHOT,False,True,False,2026-10-02,,daily_all_stock_snapshot,2026-10-02,MEDIUM
MLPT,,,,,,RG,,OBSERVED_IN_DAILY_SNAPSHOT,False,True,True,2026-10-02,,daily_all_stock_snapshot,2026-10-02,MEDIUM
MMIX,,,,,,RG,,OBSERVED_IN_DAILY_SNAPSHOT,False,True,False,2026-10-02,,daily_all_stock_snapshot,2026-10-02,MEDIUM
MMLP,,,,,,RG,,OBSERVED_IN_DAILY_SNAPSHOT,False,True,False,2026-10-02,,daily_all_stock_snapshot,2026-10-02,MEDIUM
MNCN,,,,,,RG,,OBSERVED_IN_DAILY_SNAPSHOT,False,True,False,2026-10-02,,daily_all_stock_snapshot,2026-10-02,MEDIUM
MOLI,,,,,,RG,,OBSERVED_IN_DAILY_SNAPSHOT,False,True,False,2026-10-02,,daily_all_stock_snapshot,2026-10-02,MEDIUM
MORA,,,,,,RG,,OBSERVED_IN_DAILY_SNAPSHOT,False,True,False,2026-10-02,,daily_all_stock_snapshot,2026-10-02,MEDIUM
MPMX,,,,,,RG,,OBSERVED_IN_DAILY_SNAPSHOT,False,True,False,2026-10-02,,daily_all_stock_snapshot,2026-10-02,MEDIUM
MPOW,,,,,,RG,,OBSERVED_IN_DAILY_SNAPSHOT,False,True,False,2026-10-02,,daily_all_stock_snapshot,2026-10-02,MEDIUM
MPPA,,,,,,RG,,OBSERVED_IN_DAILY_SNAPSHOT,False,True,False,2026-10-02,,daily_all_stock_snapshot,2026-10-02,MEDIUM
MPRO,,,,,,RG,,OBSERVED_IN_DAILY_SNAPSHOT,False,True,False,2026-10-02,,daily_all_stock_snapshot,2026-10-02,MEDIUM
MPXL,,,,,,RG,,OBSERVED_IN_DAILY_SNAPSHOT,False,True,False,2026-10-02,,daily_all_stock_snapshot,2026-10-02,MEDIUM
MRAT,,,,,,RG,,OBSERVED_IN_DAILY_SNAPSHOT,False,True,False,2026-10-02,,daily_all_stock_snapshot,2026-10-02,MEDIUM
MREI,,,,,,RG,,OBSERVED_IN_DAILY_SNAPSHOT,False,True,False,2026-10-02,,daily_all_stock_snapshot,2026-10-02,MEDIUM
MSIE,,,,,,RG,,OBSERVED_IN_DAILY_SNAPSHOT,False,True,False,2026-10-02,,daily_all_stock_snapshot,2026-10-02,MEDIUM
MSIN,,,,,,RG,,OBSERVED_IN_DAILY_SNAPSHOT,False,True,False,2026-10-02,,daily_all_stock_snapshot,2026-10-02,MEDIUM
MSJA,,,,,,RG,,OBSERVED_IN_DAILY_SNAPSHOT,False,True,False,2026-10-02,,daily_all_stock_snapshot,2026-10-02,MEDIUM
MSKY,,,,,,RG,,OBSERVED_IN_DAILY_SNAPSHOT,False,True,False,2026-10-02,,daily_all_stock_snapshot,2026-10-02,MEDIUM
MSTI,,,,,,RG,,OBSERVED_IN_DAILY_SNAPSHOT,False,True,False,2026-10-02,,daily_all_stock_snapshot,2026-10-02,MEDIUM
MTDL,,,,,,RG,,OBSERVED_IN_DAILY_SNAPSHOT,False,True,True,2026-10-02,,daily_all_stock_snapshot,2026-10-02,MEDIUM
MTEL,,,,,,RG,,OBSERVED_IN_DAILY_SNAPSHOT,False,True,False,2026-10-02,,daily_all_stock_snapshot,2026-10-02,MEDIUM
MTFN,,,,,,RG,,OBSERVED_IN_DAILY_SNAPSHOT,False,True,False,2026-10-02,,daily_all_stock_snapshot,2026-10-02,MEDIUM
MTLA,,,,,,RG,,OBSERVED_IN_DAILY_SNAPSHOT,False,True,False,2026-10-02,,daily_all_stock_snapshot,2026-10-02,MEDIUM
MTMH,,,,,,RG,,OBSERVED_IN_DAILY_SNAPSHOT,False,True,False,2026-10-02,,daily_all_stock_snapshot,2026-10-02,MEDIUM
MTPS,,,,,,RG,,OBSERVED_IN_DAILY_SNAPSHOT,False,True,False,2026-10-02,,daily_all_stock_snapshot,2026-10-02,MEDIUM
MTRA,,,,,,RG,,OBSERVED_IN_DAILY_SNAPSHOT,False,True,False,2026-10-02,,daily_all_stock_snapshot,2026-10-02,MEDIUM
MTSM,,,,,,RG,,OBSERVED_IN_DAILY_SNAPSHOT,False,True,False,2026-10-02,,daily_all_stock_snapshot,2026-10-02,MEDIUM
MTWI,,,,,,RG,,OBSERVED_IN_DAILY_SNAPSHOT,False,True,False,2026-10-02,,daily_all_stock_snapshot,2026-10-02,MEDIUM
MUTU,,,,,,RG,,OBSERVED_IN_DAILY_SNAPSHOT,False,True,False,2026-10-02,,daily_all_stock_snapshot,2026-10-02,MEDIUM
MYOH,,,,,,RG,,OBSERVED_IN_DAILY_SNAPSHOT,False,True,False,2026-10-02,,daily_all_stock_snapshot,2026-10-02,MEDIUM
MYOR,,,,,,RG,,OBSERVED_IN_DAILY_SNAPSHOT,False,True,True,2026-10-02,,daily_all_stock_snapshot,2026-10-02,MEDIUM
MYTX,,,,,,RG,,OBSERVED_IN_DAILY_SNAPSHOT,False,True,False,2026-10-02,,daily_all_stock_snapshot,2026-10-02,MEDIUM
NAIK,,,,,,RG,,OBSERVED_IN_DAILY_SNAPSHOT,False,True,False,2026-10-02,,daily_all_stock_snapshot,2026-10-02,MEDIUM
NANO,,,,,,RG,,OBSERVED_IN_DAILY_SNAPSHOT,False,True,False,2026-10-02,,daily_all_stock_snapshot,2026-10-02,MEDIUM
NASA,,,,,,RG,,OBSERVED_IN_DAILY_SNAPSHOT,False,True,False,2026-10-02,,daily_all_stock_snapshot,2026-10-02,MEDIUM
NASI,,,,,,RG,,OBSERVED_IN_DAILY_SNAPSHOT,False,True,False,2026-10-02,,daily_all_stock_snapshot,2026-10-02,MEDIUM
NATO,,,,,,RG,,OBSERVED_IN_DAILY_SNAPSHOT,False,True,False,2026-10-02,,daily_all_stock_snapshot,2026-10-02,MEDIUM
NAYZ,,,,,,RG,,OBSERVED_IN_DAILY_SNAPSHOT,False,True,False,2026-10-02,,daily_all_stock_snapshot,2026-10-02,MEDIUM
NCKL,,,,,,RG,,OBSERVED_IN_DAILY_SNAPSHOT,False,True,False,2026-10-02,,daily_all_stock_snapshot,2026-10-02,MEDIUM
NELY,,,,,,RG,,OBSERVED_IN_DAILY_SNAPSHOT,False,True,False,2026-10-02,,daily_all_stock_snapshot,2026-10-02,MEDIUM
NEST,,,,,,RG,,OBSERVED_IN_DAILY_SNAPSHOT,False,True,False,2026-10-02,,daily_all_stock_snapshot,2026-10-02,MEDIUM
NETV,,,,,,RG,,OBSERVED_IN_DAILY_SNAPSHOT,False,True,False,2026-10-02,,daily_all_stock_snapshot,2026-10-02,MEDIUM
NFCX,,,,,,RG,,OBSERVED_IN_DAILY_SNAPSHOT,False,True,False,2026-10-02,,daily_all_stock_snapshot,2026-10-02,MEDIUM
NICE,,,,,,RG,,OBSERVED_IN_DAILY_SNAPSHOT,False,True,False,2026-10-02,,daily_all_stock_snapshot,2026-10-02,MEDIUM
NICK,,,,,,RG,,OBSERVED_IN_DAILY_SNAPSHOT,False,True,False,2026-10-02,,daily_all_stock_snapshot,2026-10-02,MEDIUM
NICL,,,,,,RG,,OBSERVED_IN_DAILY_SNAPSHOT,False,True,False,2026-10-02,,daily_all_stock_snapshot,2026-10-02,MEDIUM
NIKL,,,,,,RG,,OBSERVED_IN_DAILY_SNAPSHOT,False,True,False,2026-10-02,,daily_all_stock_snapshot,2026-10-02,MEDIUM
NINE,,,,,,RG,,OBSERVED_IN_DAILY_SNAPSHOT,False,True,False,2026-10-02,,daily_all_stock_snapshot,2026-10-02,MEDIUM
NIRO,,,,,,RG,,OBSERVED_IN_DAILY_SNAPSHOT,False,True,False,2026-10-02,,daily_all_stock_snapshot,2026-10-02,MEDIUM
NISP,,,,,,RG,,OBSERVED_IN_DAILY_SNAPSHOT,False,True,True,2026-10-02,,daily_all_stock_snapshot,2026-10-02,MEDIUM
NOBU,,,,,,RG,,OBSERVED_IN_DAILY_SNAPSHOT,False,True,True,2026-10-02,,daily_all_stock_snapshot,2026-10-02,MEDIUM
NPGF,,,,,,RG,,OBSERVED_IN_DAILY_SNAPSHOT,False,True,False,2026-10-02,,daily_all_stock_snapshot,2026-10-02,MEDIUM
NRCA,,,,,,RG,,OBSERVED_IN_DAILY_SNAPSHOT,False,True,False,2026-10-02,,daily_all_stock_snapshot,2026-10-02,MEDIUM
NSSS,,,,,,RG,,OBSERVED_IN_DAILY_SNAPSHOT,False,True,False,2026-10-02,,daily_all_stock_snapshot,2026-10-02,MEDIUM
NTBK,,,,,,RG,,OBSERVED_IN_DAILY_SNAPSHOT,False,True,False,2026-10-02,,daily_all_stock_snapshot,2026-10-02,MEDIUM
NUSA,,,,,,RG,,OBSERVED_IN_DAILY_SNAPSHOT,False,True,False,2026-10-02,,daily_all_stock_snapshot,2026-10-02,MEDIUM
NZIA,,,,,,RG,,OBSERVED_IN_DAILY_SNAPSHOT,False,True,False,2026-10-02,,daily_all_stock_snapshot,2026-10-02,MEDIUM
OASA,,,,,,RG,,OBSERVED_IN_DAILY_SNAPSHOT,False,True,False,2026-10-02,,daily_all_stock_snapshot,2026-10-02,MEDIUM
OBAT,,,,,,RG,,OBSERVED_IN_DAILY_SNAPSHOT,False,True,False,2026-10-02,,daily_all_stock_snapshot,2026-10-02,MEDIUM
OBMD,,,,,,RG,,OBSERVED_IN_DAILY_SNAPSHOT,False,True,False,2026-10-02,,daily_all_stock_snapshot,2026-10-02,MEDIUM
OCAP,,,,,,RG,,OBSERVED_IN_DAILY_SNAPSHOT,False,True,False,2026-10-02,,daily_all_stock_snapshot,2026-10-02,MEDIUM
OILS,,,,,,RG,,OBSERVED_IN_DAILY_SNAPSHOT,False,True,False,2026-10-02,,daily_all_stock_snapshot,2026-10-02,MEDIUM
OKAS,,,,,,RG,,OBSERVED_IN_DAILY_SNAPSHOT,False,True,False,2026-10-02,,daily_all_stock_snapshot,2026-10-02,MEDIUM
OLIV,,,,,,RG,,OBSERVED_IN_DAILY_SNAPSHOT,False,True,False,2026-10-02,,daily_all_stock_snapshot,2026-10-02,MEDIUM
OMED,,,,,,RG,,OBSERVED_IN_DAILY_SNAPSHOT,False,True,False,2026-10-02,,daily_all_stock_snapshot,2026-10-02,MEDIUM
OMRE,,,,,,RG,,OBSERVED_IN_DAILY_SNAPSHOT,False,True,False,2026-10-02,,daily_all_stock_snapshot,2026-10-02,MEDIUM
OPMS,,,,,,RG,,OBSERVED_IN_DAILY_SNAPSHOT,False,True,False,2026-10-02,,daily_all_stock_snapshot,2026-10-02,MEDIUM
PACK,,,,,,RG,,OBSERVED_IN_DAILY_SNAPSHOT,False,True,False,2026-10-02,,daily_all_stock_snapshot,2026-10-02,MEDIUM
PADA,,,,,,RG,,OBSERVED_IN_DAILY_SNAPSHOT,False,True,False,2026-10-02,,daily_all_stock_snapshot,2026-10-02,MEDIUM
PADI,,,,,,RG,,OBSERVED_IN_DAILY_SNAPSHOT,False,True,False,2026-10-02,,daily_all_stock_snapshot,2026-10-02,MEDIUM
PALM,,,,,,RG,,OBSERVED_IN_DAILY_SNAPSHOT,False,True,False,2026-10-02,,daily_all_stock_snapshot,2026-10-02,MEDIUM
PAMG,,,,,,RG,,OBSERVED_IN_DAILY_SNAPSHOT,False,True,False,2026-10-02,,daily_all_stock_snapshot,2026-10-02,MEDIUM
PANI,,,,,,RG,,OBSERVED_IN_DAILY_SNAPSHOT,False,True,True,2026-10-02,,daily_all_stock_snapshot,2026-10-02,MEDIUM
PANR,,,,,,RG,,OBSERVED_IN_DAILY_SNAPSHOT,False,True,False,2026-10-02,,daily_all_stock_snapshot,2026-10-02,MEDIUM
PANS,,,,,,RG,,OBSERVED_IN_DAILY_SNAPSHOT,False,True,False,2026-10-02,,daily_all_stock_snapshot,2026-10-02,MEDIUM
PART,,,,,,RG,,OBSERVED_IN_DAILY_SNAPSHOT,False,True,False,2026-10-02,,daily_all_stock_snapshot,2026-10-02,MEDIUM
PBID,,,,,,RG,,OBSERVED_IN_DAILY_SNAPSHOT,False,True,False,2026-10-02,,daily_all_stock_snapshot,2026-10-02,MEDIUM
PBRX,,,,,,RG,,OBSERVED_IN_DAILY_SNAPSHOT,False,True,False,2026-10-02,,daily_all_stock_snapshot,2026-10-02,MEDIUM
PBSA,,,,,,RG,,OBSERVED_IN_DAILY_SNAPSHOT,False,True,False,2026-10-02,,daily_all_stock_snapshot,2026-10-02,MEDIUM
PCAR,,,,,,RG,,OBSERVED_IN_DAILY_SNAPSHOT,False,True,False,2026-10-02,,daily_all_stock_snapshot,2026-10-02,MEDIUM
PDES,,,,,,RG,,OBSERVED_IN_DAILY_SNAPSHOT,False,True,False,2026-10-02,,daily_all_stock_snapshot,2026-10-02,MEDIUM
PDPP,,,,,,RG,,OBSERVED_IN_DAILY_SNAPSHOT,False,True,False,2026-10-02,,daily_all_stock_snapshot,2026-10-02,MEDIUM
PEGE,,,,,,RG,,OBSERVED_IN_DAILY_SNAPSHOT,False,True,False,2026-10-02,,daily_all_stock_snapshot,2026-10-02,MEDIUM
PEHA,,,,,,RG,,OBSERVED_IN_DAILY_SNAPSHOT,False,True,False,2026-10-02,,daily_all_stock_snapshot,2026-10-02,MEDIUM
PEVE,,,,,,RG,,OBSERVED_IN_DAILY_SNAPSHOT,False,True,False,2026-10-02,,daily_all_stock_snapshot,2026-10-02,MEDIUM
PGAS,,,,,,RG,,OBSERVED_IN_DAILY_SNAPSHOT,False,True,True,2026-10-02,,daily_all_stock_snapshot,2026-10-02,MEDIUM
PGEO,,,,,,RG,,OBSERVED_IN_DAILY_SNAPSHOT,False,True,False,2026-10-02,,daily_all_stock_snapshot,2026-10-02,MEDIUM
PGJO,,,,,,RG,,OBSERVED_IN_DAILY_SNAPSHOT,False,True,False,2026-10-02,,daily_all_stock_snapshot,2026-10-02,MEDIUM
PGLI,,,,,,RG,,OBSERVED_IN_DAILY_SNAPSHOT,False,True,False,2026-10-02,,daily_all_stock_snapshot,2026-10-02,MEDIUM
PGUN,,,,,,RG,,OBSERVED_IN_DAILY_SNAPSHOT,False,True,False,2026-10-02,,daily_all_stock_snapshot,2026-10-02,MEDIUM
PICO,,,,,,RG,,OBSERVED_IN_DAILY_SNAPSHOT,False,True,False,2026-10-02,,daily_all_stock_snapshot,2026-10-02,MEDIUM
PIPA,,,,,,RG,,OBSERVED_IN_DAILY_SNAPSHOT,False,True,False,2026-10-02,,daily_all_stock_snapshot,2026-10-02,MEDIUM
PJAA,,,,,,RG,,OBSERVED_IN_DAILY_SNAPSHOT,False,True,False,2026-10-02,,daily_all_stock_snapshot,2026-10-02,MEDIUM
PJHB,,,,,,RG,,OBSERVED_IN_DAILY_SNAPSHOT,False,True,False,2026-10-02,,daily_all_stock_snapshot,2026-10-02,MEDIUM
PKPK,,,,,,RG,,OBSERVED_IN_DAILY_SNAPSHOT,False,True,False,2026-10-02,,daily_all_stock_snapshot,2026-10-02,MEDIUM
PLAN,,,,,,RG,,OBSERVED_IN_DAILY_SNAPSHOT,False,True,False,2026-10-02,,daily_all_stock_snapshot,2026-10-02,MEDIUM
PLAS,,,,,,RG,,OBSERVED_IN_DAILY_SNAPSHOT,False,True,False,2026-10-02,,daily_all_stock_snapshot,2026-10-02,MEDIUM
PLIN,,,,,,RG,,OBSERVED_IN_DAILY_SNAPSHOT,False,True,False,2026-10-02,,daily_all_stock_snapshot,2026-10-02,MEDIUM
PMJS,,,,,,RG,,OBSERVED_IN_DAILY_SNAPSHOT,False,True,False,2026-10-02,,daily_all_stock_snapshot,2026-10-02,MEDIUM
PMMP,,,,,,RG,,OBSERVED_IN_DAILY_SNAPSHOT,False,True,False,2026-10-02,,daily_all_stock_snapshot,2026-10-02,MEDIUM
PMUI,,,,,,RG,,OBSERVED_IN_DAILY_SNAPSHOT,False,True,False,2026-10-02,,daily_all_stock_snapshot,2026-10-02,MEDIUM
PNBN,,,,,,RG,,OBSERVED_IN_DAILY_SNAPSHOT,False,True,True,2026-10-02,,daily_all_stock_snapshot,2026-10-02,MEDIUM
PNBS,,,,,,RG,,OBSERVED_IN_DAILY_SNAPSHOT,False,True,False,2026-10-02,,daily_all_stock_snapshot,2026-10-02,MEDIUM
PNGO,,,,,,RG,,OBSERVED_IN_DAILY_SNAPSHOT,False,True,False,2026-10-02,,daily_all_stock_snapshot,2026-10-02,MEDIUM
PNIN,,,,,,RG,,OBSERVED_IN_DAILY_SNAPSHOT,False,True,False,2026-10-02,,daily_all_stock_snapshot,2026-10-02,MEDIUM
PNLF,,,,,,RG,,OBSERVED_IN_DAILY_SNAPSHOT,False,True,False,2026-10-02,,daily_all_stock_snapshot,2026-10-02,MEDIUM
PNSE,,,,,,RG,,OBSERVED_IN_DAILY_SNAPSHOT,False,True,False,2026-10-02,,daily_all_stock_snapshot,2026-10-02,MEDIUM
POLA,,,,,,RG,,OBSERVED_IN_DAILY_SNAPSHOT,False,True,False,2026-10-02,,daily_all_stock_snapshot,2026-10-02,MEDIUM
POLI,,,,,,RG,,OBSERVED_IN_DAILY_SNAPSHOT,False,True,False,2026-10-02,,daily_all_stock_snapshot,2026-10-02,MEDIUM
POLL,,,,,,RG,,OBSERVED_IN_DAILY_SNAPSHOT,False,True,False,2026-10-02,,daily_all_stock_snapshot,2026-10-02,MEDIUM
POLU,,,,,,RG,,OBSERVED_IN_DAILY_SNAPSHOT,False,True,False,2026-10-02,,daily_all_stock_snapshot,2026-10-02,MEDIUM
POLY,,,,,,RG,,OBSERVED_IN_DAILY_SNAPSHOT,False,True,False,2026-10-02,,daily_all_stock_snapshot,2026-10-02,MEDIUM
POOL,,,,,,RG,,OBSERVED_IN_DAILY_SNAPSHOT,False,True,False,2026-10-02,,daily_all_stock_snapshot,2026-10-02,MEDIUM
PORT,,,,,,RG,,OBSERVED_IN_DAILY_SNAPSHOT,False,True,False,2026-10-02,,daily_all_stock_snapshot,2026-10-02,MEDIUM
POSA,,,,,,RG,,OBSERVED_IN_DAILY_SNAPSHOT,False,True,False,2026-10-02,,daily_all_stock_snapshot,2026-10-02,MEDIUM
POWR,,,,,,RG,,OBSERVED_IN_DAILY_SNAPSHOT,False,True,True,2026-10-02,,daily_all_stock_snapshot,2026-10-02,MEDIUM
PPGL,,,,,,RG,,OBSERVED_IN_DAILY_SNAPSHOT,False,True,False,2026-10-02,,daily_all_stock_snapshot,2026-10-02,MEDIUM
PPRE,,,,,,RG,,OBSERVED_IN_DAILY_SNAPSHOT,False,True,False,2026-10-02,,daily_all_stock_snapshot,2026-10-02,MEDIUM
PPRI,,,,,,RG,,OBSERVED_IN_DAILY_SNAPSHOT,False,True,False,2026-10-02,,daily_all_stock_snapshot,2026-10-02,MEDIUM
PPRO,,,,,,RG,,OBSERVED_IN_DAILY_SNAPSHOT,False,True,False,2026-10-02,,daily_all_stock_snapshot,2026-10-02,MEDIUM
PRAY,,,,,,RG,,OBSERVED_IN_DAILY_SNAPSHOT,False,True,False,2026-10-02,,daily_all_stock_snapshot,2026-10-02,MEDIUM
PRDA,,,,,,RG,,OBSERVED_IN_DAILY_SNAPSHOT,False,True,False,2026-10-02,,daily_all_stock_snapshot,2026-10-02,MEDIUM
PRDL,,,,,,RG,,OBSERVED_IN_DAILY_SNAPSHOT,False,True,False,2026-10-02,,daily_all_stock_snapshot,2026-10-02,MEDIUM
PRIM,,,,,,RG,,OBSERVED_IN_DAILY_SNAPSHOT,False,True,False,2026-10-02,,daily_all_stock_snapshot,2026-10-02,MEDIUM
PSAB,,,,,,RG,,OBSERVED_IN_DAILY_SNAPSHOT,False,True,False,2026-10-02,,daily_all_stock_snapshot,2026-10-02,MEDIUM
PSAT,,,,,,RG,,OBSERVED_IN_DAILY_SNAPSHOT,False,True,False,2026-10-02,,daily_all_stock_snapshot,2026-10-02,MEDIUM
PSDN,,,,,,RG,,OBSERVED_IN_DAILY_SNAPSHOT,False,True,False,2026-10-02,,daily_all_stock_snapshot,2026-10-02,MEDIUM
PSGO,,,,,,RG,,OBSERVED_IN_DAILY_SNAPSHOT,False,True,False,2026-10-02,,daily_all_stock_snapshot,2026-10-02,MEDIUM
PSKT,,,,,,RG,,OBSERVED_IN_DAILY_SNAPSHOT,False,True,False,2026-10-02,,daily_all_stock_snapshot,2026-10-02,MEDIUM
PSSI,,,,,,RG,,OBSERVED_IN_DAILY_SNAPSHOT,False,True,False,2026-10-02,,daily_all_stock_snapshot,2026-10-02,MEDIUM
PTBA,,,,,,RG,,OBSERVED_IN_DAILY_SNAPSHOT,False,True,True,2026-10-02,,daily_all_stock_snapshot,2026-10-02,MEDIUM
PTDU,,,,,,RG,,OBSERVED_IN_DAILY_SNAPSHOT,False,True,False,2026-10-02,,daily_all_stock_snapshot,2026-10-02,MEDIUM
PTIS,,,,,,RG,,OBSERVED_IN_DAILY_SNAPSHOT,False,True,False,2026-10-02,,daily_all_stock_snapshot,2026-10-02,MEDIUM
PTMP,,,,,,RG,,OBSERVED_IN_DAILY_SNAPSHOT,False,True,False,2026-10-02,,daily_all_stock_snapshot,2026-10-02,MEDIUM
PTMR,,,,,,RG,,OBSERVED_IN_DAILY_SNAPSHOT,False,True,False,2026-10-02,,daily_all_stock_snapshot,2026-10-02,MEDIUM
PTPP,,,,,,RG,,OBSERVED_IN_DAILY_SNAPSHOT,False,True,True,2026-10-02,,daily_all_stock_snapshot,2026-10-02,MEDIUM
PTPS,,,,,,RG,,OBSERVED_IN_DAILY_SNAPSHOT,False,True,False,2026-10-02,,daily_all_stock_snapshot,2026-10-02,MEDIUM
PTPW,,,,,,RG,,OBSERVED_IN_DAILY_SNAPSHOT,False,True,False,2026-10-02,,daily_all_stock_snapshot,2026-10-02,MEDIUM
PTRO,,,,,,RG,,OBSERVED_IN_DAILY_SNAPSHOT,False,True,False,2026-10-02,,daily_all_stock_snapshot,2026-10-02,MEDIUM
PTSN,,,,,,RG,,OBSERVED_IN_DAILY_SNAPSHOT,False,True,False,2026-10-02,,daily_all_stock_snapshot,2026-10-02,MEDIUM
PTSP,,,,,,RG,,OBSERVED_IN_DAILY_SNAPSHOT,False,True,False,2026-10-02,,daily_all_stock_snapshot,2026-10-02,MEDIUM
PUDP,,,,,,RG,,OBSERVED_IN_DAILY_SNAPSHOT,False,True,False,2026-10-02,,daily_all_stock_snapshot,2026-10-02,MEDIUM
PURA,,,,,,RG,,OBSERVED_IN_DAILY_SNAPSHOT,False,True,False,2026-10-02,,daily_all_stock_snapshot,2026-10-02,MEDIUM
PURE,,,,,,RG,,OBSERVED_IN_DAILY_SNAPSHOT,False,True,False,2026-10-02,,daily_all_stock_snapshot,2026-10-02,MEDIUM
PURI,,,,,,RG,,OBSERVED_IN_DAILY_SNAPSHOT,False,True,False,2026-10-02,,daily_all_stock_snapshot,2026-10-02,MEDIUM
PWON,,,,,,RG,,OBSERVED_IN_DAILY_SNAPSHOT,False,True,True,2026-10-02,,daily_all_stock_snapshot,2026-10-02,MEDIUM
PYFA,,,,,,RG,,OBSERVED_IN_DAILY_SNAPSHOT,False,True,True,2026-10-02,,daily_all_stock_snapshot,2026-10-02,MEDIUM
PZZA,,,,,,RG,,OBSERVED_IN_DAILY_SNAPSHOT,False,True,False,2026-10-02,,daily_all_stock_snapshot,2026-10-02,MEDIUM
RAAM,,,,,,RG,,OBSERVED_IN_DAILY_SNAPSHOT,False,True,False,2026-10-02,,daily_all_stock_snapshot,2026-10-02,MEDIUM
RAFI,,,,,,RG,,OBSERVED_IN_DAILY_SNAPSHOT,False,True,False,2026-10-02,,daily_all_stock_snapshot,2026-10-02,MEDIUM
RAJA,,,,,,RG,,OBSERVED_IN_DAILY_SNAPSHOT,False,True,False,2026-10-02,,daily_all_stock_snapshot,2026-10-02,MEDIUM
RALS,,,,,,RG,,OBSERVED_IN_DAILY_SNAPSHOT,False,True,False,2026-10-02,,daily_all_stock_snapshot,2026-10-02,MEDIUM
RANC,,,,,,RG,,OBSERVED_IN_DAILY_SNAPSHOT,False,True,False,2026-10-02,,daily_all_stock_snapshot,2026-10-02,MEDIUM
RANS,,,,,,RG,,OBSERVED_IN_DAILY_SNAPSHOT,False,True,False,2026-10-02,,daily_all_stock_snapshot,2026-10-02,MEDIUM
RATU,,,,,,RG,,OBSERVED_IN_DAILY_SNAPSHOT,False,True,False,2026-10-02,,daily_all_stock_snapshot,2026-10-02,MEDIUM
RBMS,,,,,,RG,,OBSERVED_IN_DAILY_SNAPSHOT,False,True,False,2026-10-02,,daily_all_stock_snapshot,2026-10-02,MEDIUM
RCCC,,,,,,RG,,OBSERVED_IN_DAILY_SNAPSHOT,False,True,False,2026-10-02,,daily_all_stock_snapshot,2026-10-02,MEDIUM
RDTX,,,,,,RG,,OBSERVED_IN_DAILY_SNAPSHOT,False,True,False,2026-10-02,,daily_all_stock_snapshot,2026-10-02,MEDIUM
REAL,,,,,,RG,,OBSERVED_IN_DAILY_SNAPSHOT,False,True,False,2026-10-02,,daily_all_stock_snapshot,2026-10-02,MEDIUM
RELF,,,,,,RG,,OBSERVED_IN_DAILY_SNAPSHOT,False,True,False,2026-10-02,,daily_all_stock_snapshot,2026-10-02,MEDIUM
RELI,,,,,,RG,,OBSERVED_IN_DAILY_SNAPSHOT,False,True,False,2026-10-02,,daily_all_stock_snapshot,2026-10-02,MEDIUM
RGAS,,,,,,RG,,OBSERVED_IN_DAILY_SNAPSHOT,False,True,False,2026-10-02,,daily_all_stock_snapshot,2026-10-02,MEDIUM
RICY,,,,,,RG,,OBSERVED_IN_DAILY_SNAPSHOT,False,True,False,2026-10-02,,daily_all_stock_snapshot,2026-10-02,MEDIUM
RIGS,,,,,,RG,,OBSERVED_IN_DAILY_SNAPSHOT,False,True,False,2026-10-02,,daily_all_stock_snapshot,2026-10-02,MEDIUM
RIMO,,,,,,RG,,OBSERVED_IN_DAILY_SNAPSHOT,False,True,False,2026-10-02,,daily_all_stock_snapshot,2026-10-02,MEDIUM
RISE,,,,,,RG,,OBSERVED_IN_DAILY_SNAPSHOT,False,True,False,2026-10-02,,daily_all_stock_snapshot,2026-10-02,MEDIUM
RLCO,,,,,,RG,,OBSERVED_IN_DAILY_SNAPSHOT,False,True,False,2026-10-02,,daily_all_stock_snapshot,2026-10-02,MEDIUM
RMKE,,,,,,RG,,OBSERVED_IN_DAILY_SNAPSHOT,False,True,False,2026-10-02,,daily_all_stock_snapshot,2026-10-02,MEDIUM
RMKO,,,,,,RG,,OBSERVED_IN_DAILY_SNAPSHOT,False,True,False,2026-10-02,,daily_all_stock_snapshot,2026-10-02,MEDIUM
ROCK,,,,,,RG,,OBSERVED_IN_DAILY_SNAPSHOT,False,True,False,2026-10-02,,daily_all_stock_snapshot,2026-10-02,MEDIUM
RODA,,,,,,RG,,OBSERVED_IN_DAILY_SNAPSHOT,False,True,False,2026-10-02,,daily_all_stock_snapshot,2026-10-02,MEDIUM
RONY,,,,,,RG,,OBSERVED_IN_DAILY_SNAPSHOT,False,True,False,2026-10-02,,daily_all_stock_snapshot,2026-10-02,MEDIUM
ROTI,,,,,,RG,,OBSERVED_IN_DAILY_SNAPSHOT,False,True,True,2026-10-02,,daily_all_stock_snapshot,2026-10-02,MEDIUM
RSCH,,,,,,RG,,OBSERVED_IN_DAILY_SNAPSHOT,False,True,False,2026-10-02,,daily_all_stock_snapshot,2026-10-02,MEDIUM
RSGK,,,,,,RG,,OBSERVED_IN_DAILY_SNAPSHOT,False,True,False,2026-10-02,,daily_all_stock_snapshot,2026-10-02,MEDIUM
RUIS,,,,,,RG,,OBSERVED_IN_DAILY_SNAPSHOT,False,True,False,2026-10-02,,daily_all_stock_snapshot,2026-10-02,MEDIUM
RUNS,,,,,,RG,,OBSERVED_IN_DAILY_SNAPSHOT,False,True,False,2026-10-02,,daily_all_stock_snapshot,2026-10-02,MEDIUM
SAFE,,,,,,RG,,OBSERVED_IN_DAILY_SNAPSHOT,False,True,False,2026-10-02,,daily_all_stock_snapshot,2026-10-02,MEDIUM
SAGE,,,,,,RG,,OBSERVED_IN_DAILY_SNAPSHOT,False,True,False,2026-10-02,,daily_all_stock_snapshot,2026-10-02,MEDIUM
SAME,,,,,,RG,,OBSERVED_IN_DAILY_SNAPSHOT,False,True,False,2026-10-02,,daily_all_stock_snapshot,2026-10-02,MEDIUM
SAMF,,,,,,RG,,OBSERVED_IN_DAILY_SNAPSHOT,False,True,False,2026-10-02,,daily_all_stock_snapshot,2026-10-02,MEDIUM
SAPX,,,,,,RG,,OBSERVED_IN_DAILY_SNAPSHOT,False,True,False,2026-10-02,,daily_all_stock_snapshot,2026-10-02,MEDIUM
SATU,,,,,,RG,,OBSERVED_IN_DAILY_SNAPSHOT,False,True,False,2026-10-02,,daily_all_stock_snapshot,2026-10-02,MEDIUM
SBAT,,,,,,RG,,OBSERVED_IN_DAILY_SNAPSHOT,False,True,False,2026-10-02,,daily_all_stock_snapshot,2026-10-02,MEDIUM
SBMA,,,,,,RG,,OBSERVED_IN_DAILY_SNAPSHOT,False,True,False,2026-10-02,,daily_all_stock_snapshot,2026-10-02,MEDIUM
SCCO,,,,,,RG,,OBSERVED_IN_DAILY_SNAPSHOT,False,True,False,2026-10-02,,daily_all_stock_snapshot,2026-10-02,MEDIUM
SCMA,,,,,,RG,,OBSERVED_IN_DAILY_SNAPSHOT,False,True,False,2026-10-02,,daily_all_stock_snapshot,2026-10-02,MEDIUM
SCNP,,,,,,RG,,OBSERVED_IN_DAILY_SNAPSHOT,False,True,False,2026-10-02,,daily_all_stock_snapshot,2026-10-02,MEDIUM
SCPI,,,,,,RG,,OBSERVED_IN_DAILY_SNAPSHOT,False,True,False,2026-10-02,,daily_all_stock_snapshot,2026-10-02,MEDIUM
SDMU,,,,,,RG,,OBSERVED_IN_DAILY_SNAPSHOT,False,True,False,2026-10-02,,daily_all_stock_snapshot,2026-10-02,MEDIUM
SDPC,,,,,,RG,,OBSERVED_IN_DAILY_SNAPSHOT,False,True,False,2026-10-02,,daily_all_stock_snapshot,2026-10-02,MEDIUM
SDRA,,,,,,RG,,OBSERVED_IN_DAILY_SNAPSHOT,False,True,True,2026-10-02,,daily_all_stock_snapshot,2026-10-02,MEDIUM
SEMA,,,,,,RG,,OBSERVED_IN_DAILY_SNAPSHOT,False,True,False,2026-10-02,,daily_all_stock_snapshot,2026-10-02,MEDIUM
SFAN,,,,,,RG,,OBSERVED_IN_DAILY_SNAPSHOT,False,True,False,2026-10-02,,daily_all_stock_snapshot,2026-10-02,MEDIUM
SGER,,,,,,RG,,OBSERVED_IN_DAILY_SNAPSHOT,False,True,False,2026-10-02,,daily_all_stock_snapshot,2026-10-02,MEDIUM
SGRO,,,,,,RG,,OBSERVED_IN_DAILY_SNAPSHOT,False,True,False,2026-10-02,,daily_all_stock_snapshot,2026-10-02,MEDIUM
SHID,,,,,,RG,,OBSERVED_IN_DAILY_SNAPSHOT,False,True,False,2026-10-02,,daily_all_stock_snapshot,2026-10-02,MEDIUM
SHIP,,,,,,RG,,OBSERVED_IN_DAILY_SNAPSHOT,False,True,False,2026-10-02,,daily_all_stock_snapshot,2026-10-02,MEDIUM
SICO,,,,,,RG,,OBSERVED_IN_DAILY_SNAPSHOT,False,True,False,2026-10-02,,daily_all_stock_snapshot,2026-10-02,MEDIUM
SIDO,,,,,,RG,,OBSERVED_IN_DAILY_SNAPSHOT,False,True,True,2026-10-02,,daily_all_stock_snapshot,2026-10-02,MEDIUM
SILO,,,,,,RG,,OBSERVED_IN_DAILY_SNAPSHOT,False,True,False,2026-10-02,,daily_all_stock_snapshot,2026-10-02,MEDIUM
SIMA,,,,,,RG,,OBSERVED_IN_DAILY_SNAPSHOT,False,True,False,2026-10-02,,daily_all_stock_snapshot,2026-10-02,MEDIUM
SIMP,,,,,,RG,,OBSERVED_IN_DAILY_SNAPSHOT,False,True,False,2026-10-02,,daily_all_stock_snapshot,2026-10-02,MEDIUM
SINI,,,,,,RG,,OBSERVED_IN_DAILY_SNAPSHOT,False,True,False,2026-10-02,,daily_all_stock_snapshot,2026-10-02,MEDIUM
SIPD,,,,,,RG,,OBSERVED_IN_DAILY_SNAPSHOT,False,True,False,2026-10-02,,daily_all_stock_snapshot,2026-10-02,MEDIUM
SKBM,,,,,,RG,,OBSERVED_IN_DAILY_SNAPSHOT,False,True,False,2026-10-02,,daily_all_stock_snapshot,2026-10-02,MEDIUM
SKLT,,,,,,RG,,OBSERVED_IN_DAILY_SNAPSHOT,False,True,True,2026-10-02,,daily_all_stock_snapshot,2026-10-02,MEDIUM
SKRN,,,,,,RG,,OBSERVED_IN_DAILY_SNAPSHOT,False,True,False,2026-10-02,,daily_all_stock_snapshot,2026-10-02,MEDIUM
SKYB,,,,,,RG,,OBSERVED_IN_DAILY_SNAPSHOT,False,True,False,2026-10-02,,daily_all_stock_snapshot,2026-10-02,MEDIUM
SLIS,,,,,,RG,,OBSERVED_IN_DAILY_SNAPSHOT,False,True,False,2026-10-02,,daily_all_stock_snapshot,2026-10-02,MEDIUM
SMAR,,,,,,RG,,OBSERVED_IN_DAILY_SNAPSHOT,False,True,False,2026-10-02,,daily_all_stock_snapshot,2026-10-02,MEDIUM
SMBR,,,,,,RG,,OBSERVED_IN_DAILY_SNAPSHOT,False,True,False,2026-10-02,,daily_all_stock_snapshot,2026-10-02,MEDIUM
SMCB,,,,,,RG,,OBSERVED_IN_DAILY_SNAPSHOT,False,True,False,2026-10-02,,daily_all_stock_snapshot,2026-10-02,MEDIUM
SMDM,,,,,,RG,,OBSERVED_IN_DAILY_SNAPSHOT,False,True,False,2026-10-02,,daily_all_stock_snapshot,2026-10-02,MEDIUM
SMDR,,,,,,RG,,OBSERVED_IN_DAILY_SNAPSHOT,False,True,False,2026-10-02,,daily_all_stock_snapshot,2026-10-02,MEDIUM
SMGA,,,,,,RG,,OBSERVED_IN_DAILY_SNAPSHOT,False,True,False,2026-10-02,,daily_all_stock_snapshot,2026-10-02,MEDIUM
SMGR,,,,,,RG,,OBSERVED_IN_DAILY_SNAPSHOT,False,True,True,2026-10-02,,daily_all_stock_snapshot,2026-10-02,MEDIUM
SMIL,,,,,,RG,,OBSERVED_IN_DAILY_SNAPSHOT,False,True,False,2026-10-02,,daily_all_stock_snapshot,2026-10-02,MEDIUM
SMKL,,,,,,RG,,OBSERVED_IN_DAILY_SNAPSHOT,False,True,False,2026-10-02,,daily_all_stock_snapshot,2026-10-02,MEDIUM
SMKM,,,,,,RG,,OBSERVED_IN_DAILY_SNAPSHOT,False,True,False,2026-10-02,,daily_all_stock_snapshot,2026-10-02,MEDIUM
SMLE,,,,,,RG,,OBSERVED_IN_DAILY_SNAPSHOT,False,True,False,2026-10-02,,daily_all_stock_snapshot,2026-10-02,MEDIUM
SMMA,,,,,,RG,,OBSERVED_IN_DAILY_SNAPSHOT,False,True,False,2026-10-02,,daily_all_stock_snapshot,2026-10-02,MEDIUM
SMMT,,,,,,RG,,OBSERVED_IN_DAILY_SNAPSHOT,False,True,True,2026-10-02,,daily_all_stock_snapshot,2026-10-02,MEDIUM
SMRA,,,,,,RG,,OBSERVED_IN_DAILY_SNAPSHOT,False,True,True,2026-10-02,,daily_all_stock_snapshot,2026-10-02,MEDIUM
SMRU,,,,,,RG,,OBSERVED_IN_DAILY_SNAPSHOT,False,True,False,2026-10-02,,daily_all_stock_snapshot,2026-10-02,MEDIUM
SMSM,,,,,,RG,,OBSERVED_IN_DAILY_SNAPSHOT,False,True,False,2026-10-02,,daily_all_stock_snapshot,2026-10-02,MEDIUM
SNLK,,,,,,RG,,OBSERVED_IN_DAILY_SNAPSHOT,False,True,False,2026-10-02,,daily_all_stock_snapshot,2026-10-02,MEDIUM
SOCI,,,,,,RG,,OBSERVED_IN_DAILY_SNAPSHOT,False,True,False,2026-10-02,,daily_all_stock_snapshot,2026-10-02,MEDIUM
SOFA,,,,,,RG,,OBSERVED_IN_DAILY_SNAPSHOT,False,True,False,2026-10-02,,daily_all_stock_snapshot,2026-10-02,MEDIUM
SOHO,,,,,,RG,,OBSERVED_IN_DAILY_SNAPSHOT,False,True,False,2026-10-02,,daily_all_stock_snapshot,2026-10-02,MEDIUM
SOLA,,,,,,RG,,OBSERVED_IN_DAILY_SNAPSHOT,False,True,False,2026-10-02,,daily_all_stock_snapshot,2026-10-02,MEDIUM
SONA,,,,,,RG,,OBSERVED_IN_DAILY_SNAPSHOT,False,True,False,2026-10-02,,daily_all_stock_snapshot,2026-10-02,MEDIUM
SOSS,,,,,,RG,,OBSERVED_IN_DAILY_SNAPSHOT,False,True,False,2026-10-02,,daily_all_stock_snapshot,2026-10-02,MEDIUM
SOTS,,,,,,RG,,OBSERVED_IN_DAILY_SNAPSHOT,False,True,False,2026-10-02,,daily_all_stock_snapshot,2026-10-02,MEDIUM
SOUL,,,,,,RG,,OBSERVED_IN_DAILY_SNAPSHOT,False,True,False,2026-10-02,,daily_all_stock_snapshot,2026-10-02,MEDIUM
SPMA,,,,,,RG,,OBSERVED_IN_DAILY_SNAPSHOT,False,True,False,2026-10-02,,daily_all_stock_snapshot,2026-10-02,MEDIUM
SPRE,,,,,,RG,,OBSERVED_IN_DAILY_SNAPSHOT,False,True,False,2026-10-02,,daily_all_stock_snapshot,2026-10-02,MEDIUM
SPTO,,,,,,RG,,OBSERVED_IN_DAILY_SNAPSHOT,False,True,False,2026-10-02,,daily_all_stock_snapshot,2026-10-02,MEDIUM
SQMI,,,,,,RG,,OBSERVED_IN_DAILY_SNAPSHOT,False,True,False,2026-10-02,,daily_all_stock_snapshot,2026-10-02,MEDIUM
SRAJ,,,,,,RG,,OBSERVED_IN_DAILY_SNAPSHOT,False,True,False,2026-10-02,,daily_all_stock_snapshot,2026-10-02,MEDIUM
SRIL,,,,,,RG,,OBSERVED_IN_DAILY_SNAPSHOT,False,True,False,2026-10-02,,daily_all_stock_snapshot,2026-10-02,MEDIUM
SRSN,,,,,,RG,,OBSERVED_IN_DAILY_SNAPSHOT,False,True,False,2026-10-02,,daily_all_stock_snapshot,2026-10-02,MEDIUM
SRTG,,,,,,RG,,OBSERVED_IN_DAILY_SNAPSHOT,False,True,False,2026-10-02,,daily_all_stock_snapshot,2026-10-02,MEDIUM
SSIA,,,,,,RG,,OBSERVED_IN_DAILY_SNAPSHOT,False,True,False,2026-10-02,,daily_all_stock_snapshot,2026-10-02,MEDIUM
SSMS,,,,,,RG,,OBSERVED_IN_DAILY_SNAPSHOT,False,True,False,2026-10-02,,daily_all_stock_snapshot,2026-10-02,MEDIUM
SSTM,,,,,,RG,,OBSERVED_IN_DAILY_SNAPSHOT,False,True,False,2026-10-02,,daily_all_stock_snapshot,2026-10-02,MEDIUM
STAA,,,,,,RG,,OBSERVED_IN_DAILY_SNAPSHOT,False,True,False,2026-10-02,,daily_all_stock_snapshot,2026-10-02,MEDIUM
STAR,,,,,,RG,,OBSERVED_IN_DAILY_SNAPSHOT,False,True,False,2026-10-02,,daily_all_stock_snapshot,2026-10-02,MEDIUM
STRK,,,,,,RG,,OBSERVED_IN_DAILY_SNAPSHOT,False,True,False,2026-10-02,,daily_all_stock_snapshot,2026-10-02,MEDIUM
STTP,,,,,,RG,,OBSERVED_IN_DAILY_SNAPSHOT,False,True,True,2026-10-02,,daily_all_stock_snapshot,2026-10-02,MEDIUM
SUGI,,,,,,RG,,OBSERVED_IN_DAILY_SNAPSHOT,False,True,False,2026-10-02,,daily_all_stock_snapshot,2026-10-02,MEDIUM
SULI,,,,,,RG,,OBSERVED_IN_DAILY_SNAPSHOT,False,True,False,2026-10-02,,daily_all_stock_snapshot,2026-10-02,MEDIUM
SUNI,,,,,,RG,,OBSERVED_IN_DAILY_SNAPSHOT,False,True,False,2026-10-02,,daily_all_stock_snapshot,2026-10-02,MEDIUM
SUPA,,,,,,RG,,OBSERVED_IN_DAILY_SNAPSHOT,False,True,False,2026-10-02,,daily_all_stock_snapshot,2026-10-02,MEDIUM
SUPR,,,,,,RG,,OBSERVED_IN_DAILY_SNAPSHOT,False,True,False,2026-10-02,,daily_all_stock_snapshot,2026-10-02,MEDIUM
SURE,,,,,,RG,,OBSERVED_IN_DAILY_SNAPSHOT,False,True,False,2026-10-02,,daily_all_stock_snapshot,2026-10-02,MEDIUM
SWAT,,,,,,RG,,OBSERVED_IN_DAILY_SNAPSHOT,False,True,False,2026-10-02,,daily_all_stock_snapshot,2026-10-02,MEDIUM
SWID,,,,,,RG,,OBSERVED_IN_DAILY_SNAPSHOT,False,True,False,2026-10-02,,daily_all_stock_snapshot,2026-10-02,MEDIUM
TALF,,,,,,RG,,OBSERVED_IN_DAILY_SNAPSHOT,False,True,False,2026-10-02,,daily_all_stock_snapshot,2026-10-02,MEDIUM
TAMA,,,,,,RG,,OBSERVED_IN_DAILY_SNAPSHOT,False,True,False,2026-10-02,,daily_all_stock_snapshot,2026-10-02,MEDIUM
TAMU,,,,,,RG,,OBSERVED_IN_DAILY_SNAPSHOT,False,True,False,2026-10-02,,daily_all_stock_snapshot,2026-10-02,MEDIUM
TAPG,,,,,,RG,,OBSERVED_IN_DAILY_SNAPSHOT,False,True,False,2026-10-02,,daily_all_stock_snapshot,2026-10-02,MEDIUM
TARA,,,,,,RG,,OBSERVED_IN_DAILY_SNAPSHOT,False,True,False,2026-10-02,,daily_all_stock_snapshot,2026-10-02,MEDIUM
TAXI,,,,,,RG,,OBSERVED_IN_DAILY_SNAPSHOT,False,True,False,2026-10-02,,daily_all_stock_snapshot,2026-10-02,MEDIUM
TAYS,,,,,,RG,,OBSERVED_IN_DAILY_SNAPSHOT,False,True,False,2026-10-02,,daily_all_stock_snapshot,2026-10-02,MEDIUM
TBIG,,,,,,RG,,OBSERVED_IN_DAILY_SNAPSHOT,False,True,True,2026-10-02,,daily_all_stock_snapshot,2026-10-02,MEDIUM
TBLA,,,,,,RG,,OBSERVED_IN_DAILY_SNAPSHOT,False,True,False,2026-10-02,,daily_all_stock_snapshot,2026-10-02,MEDIUM
TBMS,,,,,,RG,,OBSERVED_IN_DAILY_SNAPSHOT,False,True,False,2026-10-02,,daily_all_stock_snapshot,2026-10-02,MEDIUM
TCID,,,,,,RG,,OBSERVED_IN_DAILY_SNAPSHOT,False,True,False,2026-10-02,,daily_all_stock_snapshot,2026-10-02,MEDIUM
TCPI,,,,,,RG,,OBSERVED_IN_DAILY_SNAPSHOT,False,True,False,2026-10-02,,daily_all_stock_snapshot,2026-10-02,MEDIUM
TDPM,,,,,,RG,,OBSERVED_IN_DAILY_SNAPSHOT,False,True,False,2026-10-02,,daily_all_stock_snapshot,2026-10-02,MEDIUM
TEBE,,,,,,RG,,OBSERVED_IN_DAILY_SNAPSHOT,False,True,False,2026-10-02,,daily_all_stock_snapshot,2026-10-02,MEDIUM
TECH,,,,,,RG,,OBSERVED_IN_DAILY_SNAPSHOT,False,True,False,2026-10-02,,daily_all_stock_snapshot,2026-10-02,MEDIUM
TELE,,,,,,RG,,OBSERVED_IN_DAILY_SNAPSHOT,False,True,False,2026-10-02,,daily_all_stock_snapshot,2026-10-02,MEDIUM
TFAS,,,,,,RG,,OBSERVED_IN_DAILY_SNAPSHOT,False,True,False,2026-10-02,,daily_all_stock_snapshot,2026-10-02,MEDIUM
TFCO,,,,,,RG,,OBSERVED_IN_DAILY_SNAPSHOT,False,True,False,2026-10-02,,daily_all_stock_snapshot,2026-10-02,MEDIUM
TGKA,,,,,,RG,,OBSERVED_IN_DAILY_SNAPSHOT,False,True,False,2026-10-02,,daily_all_stock_snapshot,2026-10-02,MEDIUM
TGRA,,,,,,RG,,OBSERVED_IN_DAILY_SNAPSHOT,False,True,False,2026-10-02,,daily_all_stock_snapshot,2026-10-02,MEDIUM
TGUK,,,,,,RG,,OBSERVED_IN_DAILY_SNAPSHOT,False,True,False,2026-10-02,,daily_all_stock_snapshot,2026-10-02,MEDIUM
TIFA,,,,,,RG,,OBSERVED_IN_DAILY_SNAPSHOT,False,True,True,2026-10-02,,daily_all_stock_snapshot,2026-10-02,MEDIUM
TINS,,,,,,RG,,OBSERVED_IN_DAILY_SNAPSHOT,False,True,True,2026-10-02,,daily_all_stock_snapshot,2026-10-02,MEDIUM
TIRA,,,,,,RG,,OBSERVED_IN_DAILY_SNAPSHOT,False,True,False,2026-10-02,,daily_all_stock_snapshot,2026-10-02,MEDIUM
TIRT,,,,,,RG,,OBSERVED_IN_DAILY_SNAPSHOT,False,True,False,2026-10-02,,daily_all_stock_snapshot,2026-10-02,MEDIUM
TKIM,,,,,,RG,,OBSERVED_IN_DAILY_SNAPSHOT,False,True,True,2026-10-02,,daily_all_stock_snapshot,2026-10-02,MEDIUM
TLDN,,,,,,RG,,OBSERVED_IN_DAILY_SNAPSHOT,False,True,False,2026-10-02,,daily_all_stock_snapshot,2026-10-02,MEDIUM
TLKM,,,,,,RG,,OBSERVED_IN_DAILY_SNAPSHOT,False,True,True,2026-10-02,,daily_all_stock_snapshot,2026-10-02,MEDIUM
TMAS,,,,,,RG,,OBSERVED_IN_DAILY_SNAPSHOT,False,True,False,2026-10-02,,daily_all_stock_snapshot,2026-10-02,MEDIUM
TMPO,,,,,,RG,,OBSERVED_IN_DAILY_SNAPSHOT,False,True,False,2026-10-02,,daily_all_stock_snapshot,2026-10-02,MEDIUM
TNCA,,,,,,RG,,OBSERVED_IN_DAILY_SNAPSHOT,False,True,False,2026-10-02,,daily_all_stock_snapshot,2026-10-02,MEDIUM
TOBA,,,,,,RG,,OBSERVED_IN_DAILY_SNAPSHOT,False,True,False,2026-10-02,,daily_all_stock_snapshot,2026-10-02,MEDIUM
TOOL,,,,,,RG,,OBSERVED_IN_DAILY_SNAPSHOT,False,True,False,2026-10-02,,daily_all_stock_snapshot,2026-10-02,MEDIUM
TOPS,,,,,,RG,,OBSERVED_IN_DAILY_SNAPSHOT,False,True,False,2026-10-02,,daily_all_stock_snapshot,2026-10-02,MEDIUM
TOTL,,,,,,RG,,OBSERVED_IN_DAILY_SNAPSHOT,False,True,True,2026-10-02,,daily_all_stock_snapshot,2026-10-02,MEDIUM
TOTO,,,,,,RG,,OBSERVED_IN_DAILY_SNAPSHOT,False,True,False,2026-10-02,,daily_all_stock_snapshot,2026-10-02,MEDIUM
TOWR,,,,,,RG,,OBSERVED_IN_DAILY_SNAPSHOT,False,True,True,2026-10-02,,daily_all_stock_snapshot,2026-10-02,MEDIUM
TOYS,,,,,,RG,,OBSERVED_IN_DAILY_SNAPSHOT,False,True,False,2026-10-02,,daily_all_stock_snapshot,2026-10-02,MEDIUM
TPIA,,,,,,RG,,OBSERVED_IN_DAILY_SNAPSHOT,False,True,False,2026-10-02,,daily_all_stock_snapshot,2026-10-02,MEDIUM
TPMA,,,,,,RG,,OBSERVED_IN_DAILY_SNAPSHOT,False,True,False,2026-10-02,,daily_all_stock_snapshot,2026-10-02,MEDIUM
TRAM,,,,,,RG,,OBSERVED_IN_DAILY_SNAPSHOT,False,True,False,2026-10-02,,daily_all_stock_snapshot,2026-10-02,MEDIUM
TRGU,,,,,,RG,,OBSERVED_IN_DAILY_SNAPSHOT,False,True,False,2026-10-02,,daily_all_stock_snapshot,2026-10-02,MEDIUM
TRIL,,,,,,RG,,OBSERVED_IN_DAILY_SNAPSHOT,False,True,False,2026-10-02,,daily_all_stock_snapshot,2026-10-02,MEDIUM
TRIM,,,,,,RG,,OBSERVED_IN_DAILY_SNAPSHOT,False,True,False,2026-10-02,,daily_all_stock_snapshot,2026-10-02,MEDIUM
TRIN,,,,,,RG,,OBSERVED_IN_DAILY_SNAPSHOT,False,True,False,2026-10-02,,daily_all_stock_snapshot,2026-10-02,MEDIUM
TRIO,,,,,,RG,,OBSERVED_IN_DAILY_SNAPSHOT,False,True,False,2026-10-02,,daily_all_stock_snapshot,2026-10-02,MEDIUM
TRIS,,,,,,RG,,OBSERVED_IN_DAILY_SNAPSHOT,False,True,False,2026-10-02,,daily_all_stock_snapshot,2026-10-02,MEDIUM
TRJA,,,,,,RG,,OBSERVED_IN_DAILY_SNAPSHOT,False,True,False,2026-10-02,,daily_all_stock_snapshot,2026-10-02,MEDIUM
TRON,,,,,,RG,,OBSERVED_IN_DAILY_SNAPSHOT,False,True,False,2026-10-02,,daily_all_stock_snapshot,2026-10-02,MEDIUM
TRST,,,,,,RG,,OBSERVED_IN_DAILY_SNAPSHOT,False,True,False,2026-10-02,,daily_all_stock_snapshot,2026-10-02,MEDIUM
TRUE,,,,,,RG,,OBSERVED_IN_DAILY_SNAPSHOT,False,True,False,2026-10-02,,daily_all_stock_snapshot,2026-10-02,MEDIUM
TRUK,,,,,,RG,,OBSERVED_IN_DAILY_SNAPSHOT,False,True,False,2026-10-02,,daily_all_stock_snapshot,2026-10-02,MEDIUM
TRUS,,,,,,RG,,OBSERVED_IN_DAILY_SNAPSHOT,False,True,False,2026-10-02,,daily_all_stock_snapshot,2026-10-02,MEDIUM
TSPC,,,,,,RG,,OBSERVED_IN_DAILY_SNAPSHOT,False,True,True,2026-10-02,,daily_all_stock_snapshot,2026-10-02,MEDIUM
TUGU,,,,,,RG,,OBSERVED_IN_DAILY_SNAPSHOT,False,True,False,2026-10-02,,daily_all_stock_snapshot,2026-10-02,MEDIUM
TYRE,,,,,,RG,,OBSERVED_IN_DAILY_SNAPSHOT,False,True,False,2026-10-02,,daily_all_stock_snapshot,2026-10-02,MEDIUM
UANG,,,,,,RG,,OBSERVED_IN_DAILY_SNAPSHOT,False,True,False,2026-10-02,,daily_all_stock_snapshot,2026-10-02,MEDIUM
UCID,,,,,,RG,,OBSERVED_IN_DAILY_SNAPSHOT,False,True,False,2026-10-02,,daily_all_stock_snapshot,2026-10-02,MEDIUM
UDNG,,,,,,RG,,OBSERVED_IN_DAILY_SNAPSHOT,False,True,False,2026-10-02,,daily_all_stock_snapshot,2026-10-02,MEDIUM
UFOE,,,,,,RG,,OBSERVED_IN_DAILY_SNAPSHOT,False,True,False,2026-10-02,,daily_all_stock_snapshot,2026-10-02,MEDIUM
ULTJ,,,,,,RG,,OBSERVED_IN_DAILY_SNAPSHOT,False,True,True,2026-10-02,,daily_all_stock_snapshot,2026-10-02,MEDIUM
UNIC,,,,,,RG,,OBSERVED_IN_DAILY_SNAPSHOT,False,True,False,2026-10-02,,daily_all_stock_snapshot,2026-10-02,MEDIUM
UNIQ,,,,,,RG,,OBSERVED_IN_DAILY_SNAPSHOT,False,True,False,2026-10-02,,daily_all_stock_snapshot,2026-10-02,MEDIUM
UNIT,,,,,,RG,,OBSERVED_IN_DAILY_SNAPSHOT,False,True,False,2026-10-02,,daily_all_stock_snapshot,2026-10-02,MEDIUM
UNSP,,,,,,RG,,OBSERVED_IN_DAILY_SNAPSHOT,False,True,False,2026-10-02,,daily_all_stock_snapshot,2026-10-02,MEDIUM
UNTR,,,,,,RG,,OBSERVED_IN_DAILY_SNAPSHOT,False,True,False,2026-10-02,,daily_all_stock_snapshot,2026-10-02,MEDIUM
UNVR,,,,,,RG,,OBSERVED_IN_DAILY_SNAPSHOT,False,True,True,2026-10-02,,daily_all_stock_snapshot,2026-10-02,MEDIUM
URBN,,,,,,RG,,OBSERVED_IN_DAILY_SNAPSHOT,False,True,False,2026-10-02,,daily_all_stock_snapshot,2026-10-02,MEDIUM
UVCR,,,,,,RG,,OBSERVED_IN_DAILY_SNAPSHOT,False,True,False,2026-10-02,,daily_all_stock_snapshot,2026-10-02,MEDIUM
VAST,,,,,,RG,,OBSERVED_IN_DAILY_SNAPSHOT,False,True,False,2026-10-02,,daily_all_stock_snapshot,2026-10-02,MEDIUM
VERN,,,,,,RG,,OBSERVED_IN_DAILY_SNAPSHOT,False,True,False,2026-10-02,,daily_all_stock_snapshot,2026-10-02,MEDIUM
VICI,,,,,,RG,,OBSERVED_IN_DAILY_SNAPSHOT,False,True,False,2026-10-02,,daily_all_stock_snapshot,2026-10-02,MEDIUM
VICO,,,,,,RG,,OBSERVED_IN_DAILY_SNAPSHOT,False,True,False,2026-10-02,,daily_all_stock_snapshot,2026-10-02,MEDIUM
VINS,,,,,,RG,,OBSERVED_IN_DAILY_SNAPSHOT,False,True,False,2026-10-02,,daily_all_stock_snapshot,2026-10-02,MEDIUM
VISI,,,,,,RG,,OBSERVED_IN_DAILY_SNAPSHOT,False,True,False,2026-10-02,,daily_all_stock_snapshot,2026-10-02,MEDIUM
VIVA,,,,,,RG,,OBSERVED_IN_DAILY_SNAPSHOT,False,True,False,2026-10-02,,daily_all_stock_snapshot,2026-10-02,MEDIUM
VKTR,,,,,,RG,,OBSERVED_IN_DAILY_SNAPSHOT,False,True,False,2026-10-02,,daily_all_stock_snapshot,2026-10-02,MEDIUM
VOKS,,,,,,RG,,OBSERVED_IN_DAILY_SNAPSHOT,False,True,False,2026-10-02,,daily_all_stock_snapshot,2026-10-02,MEDIUM
VRNA,,,,,,RG,,OBSERVED_IN_DAILY_SNAPSHOT,False,True,False,2026-10-02,,daily_all_stock_snapshot,2026-10-02,MEDIUM
VTNY,,,,,,RG,,OBSERVED_IN_DAILY_SNAPSHOT,False,True,False,2026-10-02,,daily_all_stock_snapshot,2026-10-02,MEDIUM
WAPO,,,,,,RG,,OBSERVED_IN_DAILY_SNAPSHOT,False,True,False,2026-10-02,,daily_all_stock_snapshot,2026-10-02,MEDIUM
WEGE,,,,,,RG,,OBSERVED_IN_DAILY_SNAPSHOT,False,True,False,2026-10-02,,daily_all_stock_snapshot,2026-10-02,MEDIUM
WEHA,,,,,,RG,,OBSERVED_IN_DAILY_SNAPSHOT,False,True,False,2026-10-02,,daily_all_stock_snapshot,2026-10-02,MEDIUM
WICO,,,,,,RG,,OBSERVED_IN_DAILY_SNAPSHOT,False,True,False,2026-10-02,,daily_all_stock_snapshot,2026-10-02,MEDIUM
WIFI,,,,,,RG,,OBSERVED_IN_DAILY_SNAPSHOT,False,True,False,2026-10-02,,daily_all_stock_snapshot,2026-10-02,MEDIUM
WIIM,,,,,,RG,,OBSERVED_IN_DAILY_SNAPSHOT,False,True,False,2026-10-02,,daily_all_stock_snapshot,2026-10-02,MEDIUM
WIKA,,,,,,RG,,OBSERVED_IN_DAILY_SNAPSHOT,False,True,True,2026-10-02,,daily_all_stock_snapshot,2026-10-02,MEDIUM
WINE,,,,,,RG,,OBSERVED_IN_DAILY_SNAPSHOT,False,True,False,2026-10-02,,daily_all_stock_snapshot,2026-10-02,MEDIUM
WINR,,,,,,RG,,OBSERVED_IN_DAILY_SNAPSHOT,False,True,False,2026-10-02,,daily_all_stock_snapshot,2026-10-02,MEDIUM
WINS,,,,,,RG,,OBSERVED_IN_DAILY_SNAPSHOT,False,True,False,2026-10-02,,daily_all_stock_snapshot,2026-10-02,MEDIUM
WIRG,,,,,,RG,,OBSERVED_IN_DAILY_SNAPSHOT,False,True,False,2026-10-02,,daily_all_stock_snapshot,2026-10-02,MEDIUM
WMPP,,,,,,RG,,OBSERVED_IN_DAILY_SNAPSHOT,False,True,False,2026-10-02,,daily_all_stock_snapshot,2026-10-02,MEDIUM
WMUU,,,,,,RG,,OBSERVED_IN_DAILY_SNAPSHOT,False,True,False,2026-10-02,,daily_all_stock_snapshot,2026-10-02,MEDIUM
WOMF,,,,,,RG,,OBSERVED_IN_DAILY_SNAPSHOT,False,True,False,2026-10-02,,daily_all_stock_snapshot,2026-10-02,MEDIUM
WOOD,,,,,,RG,,OBSERVED_IN_DAILY_SNAPSHOT,False,True,False,2026-10-02,,daily_all_stock_snapshot,2026-10-02,MEDIUM
WOWS,,,,,,RG,,OBSERVED_IN_DAILY_SNAPSHOT,False,True,False,2026-10-02,,daily_all_stock_snapshot,2026-10-02,MEDIUM
WSBP,,,,,,RG,,OBSERVED_IN_DAILY_SNAPSHOT,False,True,True,2026-10-02,,daily_all_stock_snapshot,2026-10-02,MEDIUM
WSKT,,,,,,RG,,OBSERVED_IN_DAILY_SNAPSHOT,False,True,True,2026-10-02,,daily_all_stock_snapshot,2026-10-02,MEDIUM
WTON,,,,,,RG,,OBSERVED_IN_DAILY_SNAPSHOT,False,True,True,2026-10-02,,daily_all_stock_snapshot,2026-10-02,MEDIUM
YELO,,,,,,RG,,OBSERVED_IN_DAILY_SNAPSHOT,False,True,False,2026-10-02,,daily_all_stock_snapshot,2026-10-02,MEDIUM
YOII,,,,,,RG,,OBSERVED_IN_DAILY_SNAPSHOT,False,True,False,2026-10-02,,daily_all_stock_snapshot,2026-10-02,MEDIUM
YPAS,,,,,,RG,,OBSERVED_IN_DAILY_SNAPSHOT,False,True,False,2026-10-02,,daily_all_stock_snapshot,2026-10-02,MEDIUM
YULE,,,,,,RG,,OBSERVED_IN_DAILY_SNAPSHOT,False,True,False,2026-10-02,,daily_all_stock_snapshot,2026-10-02,MEDIUM
YUPI,,,,,,RG,,OBSERVED_IN_DAILY_SNAPSHOT,False,True,False,2026-10-02,,daily_all_stock_snapshot,2026-10-02,MEDIUM
ZATA,,,,,,RG,,OBSERVED_IN_DAILY_SNAPSHOT,False,True,False,2026-10-02,,daily_all_stock_snapshot,2026-10-02,MEDIUM
ZBRA,,,,,,RG,,OBSERVED_IN_DAILY_SNAPSHOT,False,True,False,2026-10-02,,daily_all_stock_snapshot,2026-10-02,MEDIUM
ZINC,,,,,,RG,,OBSERVED_IN_DAILY_SNAPSHOT,False,True,False,2026-10-02,,daily_all_stock_snapshot,2026-10-02,MEDIUM
ZONE,,,,,,RG,,OBSERVED_IN_DAILY_SNAPSHOT,False,True,False,2026-10-02,,daily_all_stock_snapshot,2026-10-02,MEDIUM
ZYRX,,,,,,RG,,OBSERVED_IN_DAILY_SNAPSHOT,False,True,False,2026-10-02,,daily_all_stock_snapshot,2026-10-02,MEDIUM
