ticker,primary_class,secondary_class,index_membership_current_snapshot,conglomerate_group_current_snapshot,other_category,classification_confidence,source,source_date,basis,historical_membership_verified,pit_safe_for_backtest,notes,median_value_60d,annualized_vol_20d,history_rows,quant_research_bucket
AADI,BLUE_CHIP,BLUE_CHIP,LQ45,,BLUE_CHIP,MEDIUM,Secondary LQ45 snapshot,2026-06-12,Current/recent snapshot; historical membership not inferred,False,False,Current/recent classification snapshot only; not valid as historical index membership unless dated membership evidence is supplied.,93781228750.0,0.3698707313108054,437,LIQUID_CORE
AALI,CONGLOMERATE,CONGLOMERATE,,ASTRA,CONGLOMERATE,MEDIUM,Secondary group-affiliation snapshot,2026-10-07,Current/recent affiliation; ownership/control relationship requires verification,False,False,Current/recent classification snapshot only; not valid as historical index membership unless dated membership evidence is supplied.,10724098750.0,0.3469333454804016,717,LIQUID_CORE
ABBA,UNCLASSIFIED,,,,,LOW,,,,False,False,Current/recent classification snapshot only; not valid as historical index membership unless dated membership evidence is supplied.,0.0,0.0,717,RESEARCH_ONLY
ABDA,UNCLASSIFIED,,,,,LOW,,,,False,False,Current/recent classification snapshot only; not valid as historical index membership unless dated membership evidence is supplied.,7449000.0,0.1390483442086902,716,RESEARCH_ONLY
ABMM,UNCLASSIFIED,,,,,LOW,,,,False,False,Current/recent classification snapshot only; not valid as historical index membership unless dated membership evidence is supplied.,1160160000.0,0.2848983810076263,716,LIQUID_GROWTH_OR_MOMENTUM
ACES,UNCLASSIFIED,,,,,LOW,,,,False,False,Current/recent classification snapshot only; not valid as historical index membership unless dated membership evidence is supplied.,5437013100.0,0.18758753683886414,716,LIQUID_CORE
ACRO,UNCLASSIFIED,,,,,LOW,,,,False,False,Current/recent classification snapshot only; not valid as historical index membership unless dated membership evidence is supplied.,364747600.0,0.6557177400896722,651,RESEARCH_ONLY
ACST,UNCLASSIFIED,,,,,LOW,,,,False,False,Current/recent classification snapshot only; not valid as historical index membership unless dated membership evidence is supplied.,30893400.0,1.0826683957017154,3264,HIGH_VOLATILITY
ADCP,UNCLASSIFIED,,,,,LOW,,,,False,False,Current/recent classification snapshot only; not valid as historical index membership unless dated membership evidence is supplied.,0.0,0.0,718,RESEARCH_ONLY
ADES,UNCLASSIFIED,,,,,LOW,,,,False,False,Current/recent classification snapshot only; not valid as historical index membership unless dated membership evidence is supplied.,553377500.0,0.46896948847635045,4121,RESEARCH_ONLY
ADHI,BUMN_AFFILIATED,BUMN_AFFILIATED,,,BUMN_AFFILIATED,MEDIUM,IDX/market reference seed,2026-10-07,Research classification seed; not equivalent to BUMN20 PIT membership,False,False,Current/recent classification snapshot only; not valid as historical index membership unless dated membership evidence is supplied.,0.0,0.0,4122,RESEARCH_ONLY
ADMF,UNCLASSIFIED,,,,,LOW,,,,False,False,Current/recent classification snapshot only; not valid as historical index membership unless dated membership evidence is supplied.,353362500.0,0.20720845012107092,717,RESEARCH_ONLY
ADMG,UNCLASSIFIED,,,,,LOW,,,,False,False,Current/recent classification snapshot only; not valid as historical index membership unless dated membership evidence is supplied.,181669000.0,0.28366254972543564,717,RESEARCH_ONLY
ADMR,BLUE_CHIP,BLUE_CHIP,LQ45,,BLUE_CHIP,MEDIUM,Secondary LQ45 snapshot,2026-06-12,Current/recent snapshot; historical membership not inferred,False,False,Current/recent classification snapshot only; not valid as historical index membership unless dated membership evidence is supplied.,42071375500.0,0.3368753184161882,716,LIQUID_CORE
ADRO,BLUE_CHIP,BLUE_CHIP,LQ45,,BLUE_CHIP,MEDIUM,Secondary LQ45 snapshot,2026-06-12,Current/recent snapshot; historical membership not inferred,False,False,Current/recent classification snapshot only; not valid as historical index membership unless dated membership evidence is supplied.,82870735500.0,0.2954260489977311,4119,LIQUID_CORE
AGAR,UNCLASSIFIED,,,,,LOW,,,,False,False,Current/recent classification snapshot only; not valid as historical index membership unless dated membership evidence is supplied.,233568500.0,2.2314119726116095,718,HIGH_VOLATILITY
AGII,UNCLASSIFIED,,,,,LOW,,,,False,False,Current/recent classification snapshot only; not valid as historical index membership unless dated membership evidence is supplied.,482318000.0,0.5501344496773709,716,RESEARCH_ONLY
AGRO,UNCLASSIFIED,,,,,LOW,,,,False,False,Current/recent classification snapshot only; not valid as historical index membership unless dated membership evidence is supplied.,649124250.0,0.1920835208333939,4120,RESEARCH_ONLY
AGRS,UNCLASSIFIED,,,,,LOW,,,,False,False,Current/recent classification snapshot only; not valid as historical index membership unless dated membership evidence is supplied.,256374600.0,0.44083511223917554,716,RESEARCH_ONLY
AHAP,UNCLASSIFIED,,,,,LOW,,,,False,False,Current/recent classification snapshot only; not valid as historical index membership unless dated membership evidence is supplied.,2183759300.0,1.573328685955375,717,HIGH_VOLATILITY
AIMS,UNCLASSIFIED,,,,,LOW,,,,False,False,Current/recent classification snapshot only; not valid as historical index membership unless dated membership evidence is supplied.,179317800.0,1.3700890521763165,717,HIGH_VOLATILITY
AISA,UNCLASSIFIED,,,,,LOW,,,,False,False,Current/recent classification snapshot only; not valid as historical index membership unless dated membership evidence is supplied.,617100600.0,0.5343528271559143,716,RESEARCH_ONLY
AKKU,UNCLASSIFIED,,,,,LOW,,,,False,False,Current/recent classification snapshot only; not valid as historical index membership unless dated membership evidence is supplied.,0.0,2.125089685421919,721,HIGH_VOLATILITY
AKPI,UNCLASSIFIED,,,,,LOW,,,,False,False,Current/recent classification snapshot only; not valid as historical index membership unless dated membership evidence is supplied.,115910250.0,0.2923040571374911,717,RESEARCH_ONLY
AKRA,BLUE_CHIP,BLUE_CHIP,LQ45,,BLUE_CHIP,MEDIUM,Secondary LQ45 snapshot,2026-06-12,Current/recent snapshot; historical membership not inferred,False,False,Current/recent classification snapshot only; not valid as historical index membership unless dated membership evidence is supplied.,20772294500.0,0.19999417249828252,716,LIQUID_CORE
AKSI,UNCLASSIFIED,,,,,LOW,,,,False,False,Current/recent classification snapshot only; not valid as historical index membership unless dated membership evidence is supplied.,169706000.0,1.0438515778212059,717,HIGH_VOLATILITY
ALDO,UNCLASSIFIED,,,,,LOW,,,,False,False,Current/recent classification snapshot only; not valid as historical index membership unless dated membership evidence is supplied.,79713000.0,0.9420811385185335,716,HIGH_VOLATILITY
ALKA,UNCLASSIFIED,,,,,LOW,,,,False,False,Current/recent classification snapshot only; not valid as historical index membership unless dated membership evidence is supplied.,261904500.0,1.8303136271245053,718,HIGH_VOLATILITY
ALMI,UNCLASSIFIED,,,,,LOW,,,,False,False,Current/recent classification snapshot only; not valid as historical index membership unless dated membership evidence is supplied.,0.0,0.0,720,RESEARCH_ONLY
ALTO,UNCLASSIFIED,,,,,LOW,,,,False,False,Current/recent classification snapshot only; not valid as historical index membership unless dated membership evidence is supplied.,0.0,0.0,3501,RESEARCH_ONLY
AMAG,UNCLASSIFIED,,,,,LOW,,,,False,False,Current/recent classification snapshot only; not valid as historical index membership unless dated membership evidence is supplied.,18050300.0,0.07575605014396958,716,RESEARCH_ONLY
AMAN,UNCLASSIFIED,,,,,LOW,,,,False,False,Current/recent classification snapshot only; not valid as historical index membership unless dated membership evidence is supplied.,64659800.0,0.5962690569391641,716,RESEARCH_ONLY
AMAR,UNCLASSIFIED,,,,,LOW,,,,False,False,Current/recent classification snapshot only; not valid as historical index membership unless dated membership evidence is supplied.,85702500.0,0.20587392991233644,716,RESEARCH_ONLY
AMFG,UNCLASSIFIED,,,,,LOW,,,,False,False,Current/recent classification snapshot only; not valid as historical index membership unless dated membership evidence is supplied.,20949000.0,0.24486090633485558,717,RESEARCH_ONLY
AMIN,UNCLASSIFIED,,,,,LOW,,,,False,False,Current/recent classification snapshot only; not valid as historical index membership unless dated membership evidence is supplied.,13406700.0,0.3531145569093507,716,RESEARCH_ONLY
AMMN,BLUE_CHIP,BLUE_CHIP,LQ45,,BLUE_CHIP,MEDIUM,Secondary LQ45 snapshot,2026-06-12,Current/recent snapshot; historical membership not inferred,False,False,Current/recent classification snapshot only; not valid as historical index membership unless dated membership evidence is supplied.,317387256000.0,0.4783559896100679,716,LIQUID_GROWTH_OR_MOMENTUM
AMMS,UNCLASSIFIED,,,,,LOW,,,,False,False,Current/recent classification snapshot only; not valid as historical index membership unless dated membership evidence is supplied.,84327000.0,0.4925217474106567,716,RESEARCH_ONLY
AMOR,UNCLASSIFIED,,,,,LOW,,,,False,False,Current/recent classification snapshot only; not valid as historical index membership unless dated membership evidence is supplied.,32117400.0,0.170187477527183,716,RESEARCH_ONLY
AMRT,BLUE_CHIP,BLUE_CHIP,LQ45,,BLUE_CHIP,MEDIUM,Secondary LQ45 snapshot,2026-06-12,Current/recent snapshot; historical membership not inferred,False,False,Current/recent classification snapshot only; not valid as historical index membership unless dated membership evidence is supplied.,45994511000.0,0.25549456214489413,716,LIQUID_CORE
ANDI,UNCLASSIFIED,,,,,LOW,,,,False,False,Current/recent classification snapshot only; not valid as historical index membership unless dated membership evidence is supplied.,90891200.0,1.609689130308222,716,HIGH_VOLATILITY
ANJT,UNCLASSIFIED,,,,,LOW,,,,False,False,Current/recent classification snapshot only; not valid as historical index membership unless dated membership evidence is supplied.,97324750.0,0.22322469733179193,716,RESEARCH_ONLY
ANTM,BLUE_CHIP,BUMN_AFFILIATED,LQ45,,BLUE_CHIP;BUMN_AFFILIATED,MEDIUM,Secondary LQ45 snapshot;IDX/market reference seed,2026-06-12;2026-10-07,Current/recent snapshot; historical membership not inferred;Research classification seed; not equivalent to BUMN20 PIT membership,False,False,Current/recent classification snapshot only; not valid as historical index membership unless dated membership evidence is supplied.,282179728500.0,0.35422248631525277,4121,LIQUID_CORE
APEX,UNCLASSIFIED,,,,,LOW,,,,False,False,Current/recent classification snapshot only; not valid as historical index membership unless dated membership evidence is supplied.,2093907950.0,0.40543737112585004,717,LIQUID_GROWTH_OR_MOMENTUM
APIC,UNCLASSIFIED,,,,,LOW,,,,False,False,Current/recent classification snapshot only; not valid as historical index membership unless dated membership evidence is supplied.,484894750.0,0.5898792292886074,716,RESEARCH_ONLY
APII,UNCLASSIFIED,,,,,LOW,,,,False,False,Current/recent classification snapshot only; not valid as historical index membership unless dated membership evidence is supplied.,23288950.0,0.43660652161662666,716,RESEARCH_ONLY
APLI,UNCLASSIFIED,,,,,LOW,,,,False,False,Current/recent classification snapshot only; not valid as historical index membership unless dated membership evidence is supplied.,48537000.0,0.41750760462785025,717,RESEARCH_ONLY
APLN,UNCLASSIFIED,,,,,LOW,,,,False,False,Current/recent classification snapshot only; not valid as historical index membership unless dated membership evidence is supplied.,3755751950.0,0.4276644609524054,716,LIQUID_GROWTH_OR_MOMENTUM
ARCI,UNCLASSIFIED,,,,,LOW,,,,False,False,Current/recent classification snapshot only; not valid as historical index membership unless dated membership evidence is supplied.,41830135250.0,0.348287522258676,716,LIQUID_CORE
AREA,UNCLASSIFIED,,,,,LOW,,,,False,False,Current/recent classification snapshot only; not valid as historical index membership unless dated membership evidence is supplied.,426753600.0,0.39416590416035113,600,RESEARCH_ONLY
ARGO,UNCLASSIFIED,,,,,LOW,,,,False,False,Current/recent classification snapshot only; not valid as historical index membership unless dated membership evidence is supplied.,228521250.0,0.5658158080905552,716,RESEARCH_ONLY
ARII,UNCLASSIFIED,,,,,LOW,,,,False,False,Current/recent classification snapshot only; not valid as historical index membership unless dated membership evidence is supplied.,45550500.0,0.6793920854012744,716,RESEARCH_ONLY
ARKA,UNCLASSIFIED,,,,,LOW,,,,False,False,Current/recent classification snapshot only; not valid as historical index membership unless dated membership evidence is supplied.,0.0,0.0,717,RESEARCH_ONLY
ARKO,UNCLASSIFIED,,,,,LOW,,,,False,False,Current/recent classification snapshot only; not valid as historical index membership unless dated membership evidence is supplied.,15201082000.0,0.7954867680601265,716,HIGH_VOLATILITY
ARNA,UNCLASSIFIED,,,,,LOW,,,,False,False,Current/recent classification snapshot only; not valid as historical index membership unless dated membership evidence is supplied.,1591527900.0,0.24806762364820753,717,LIQUID_GROWTH_OR_MOMENTUM
ARTA,UNCLASSIFIED,,,,,LOW,,,,False,False,Current/recent classification snapshot only; not valid as historical index membership unless dated membership evidence is supplied.,8873000.0,0.629582368861851,717,RESEARCH_ONLY
ARTI,UNCLASSIFIED,,,,,LOW,,,,False,False,Current/recent classification snapshot only; not valid as historical index membership unless dated membership evidence is supplied.,0.0,0.0,720,RESEARCH_ONLY
ARTO,UNCLASSIFIED,,,,,LOW,,,,False,False,Current/recent classification snapshot only; not valid as historical index membership unless dated membership evidence is supplied.,12842783500.0,0.3953747989358418,716,LIQUID_CORE
ASBI,UNCLASSIFIED,,,,,LOW,,,,False,False,Current/recent classification snapshot only; not valid as historical index membership unless dated membership evidence is supplied.,3014400.0,0.1561998390335986,717,RESEARCH_ONLY
ASDM,UNCLASSIFIED,,,,,LOW,,,,False,False,Current/recent classification snapshot only; not valid as historical index membership unless dated membership evidence is supplied.,6587500.0,0.12037743042969883,717,RESEARCH_ONLY
ASGR,UNCLASSIFIED,,,,,LOW,,,,False,False,Current/recent classification snapshot only; not valid as historical index membership unless dated membership evidence is supplied.,2255973500.0,0.5606685155936824,717,LIQUID_GROWTH_OR_MOMENTUM
ASHA,UNCLASSIFIED,,,,,LOW,,,,False,False,Current/recent classification snapshot only; not valid as historical index membership unless dated membership evidence is supplied.,1206052000.0,0.6884595209821321,716,LIQUID_GROWTH_OR_MOMENTUM
ASII,BLUE_CHIP,CONGLOMERATE,LQ45,ASTRA,BLUE_CHIP;CONGLOMERATE,MEDIUM,Secondary LQ45 snapshot;Secondary group-affiliation snapshot,2026-06-12;2026-10-07,Current/recent snapshot; historical membership not inferred;Current/recent affiliation; ownership/control relationship requires verification,False,False,Current/recent classification snapshot only; not valid as historical index membership unless dated membership evidence is supplied.,212157097500.0,0.22358480814219786,4120,LIQUID_CORE
ASJT,UNCLASSIFIED,,,,,LOW,,,,False,False,Current/recent classification snapshot only; not valid as historical index membership unless dated membership evidence is supplied.,35526600.0,0.11823621369613063,716,RESEARCH_ONLY
ASLC,UNCLASSIFIED,,,,,LOW,,,,False,False,Current/recent classification snapshot only; not valid as historical index membership unless dated membership evidence is supplied.,542957500.0,0.587599028008054,716,RESEARCH_ONLY
ASLI,UNCLASSIFIED,,,,,LOW,,,,False,False,Current/recent classification snapshot only; not valid as historical index membership unless dated membership evidence is supplied.,2850006600.0,0.951789342849754,655,HIGH_VOLATILITY
ASMI,UNCLASSIFIED,,,,,LOW,,,,False,False,Current/recent classification snapshot only; not valid as historical index membership unless dated membership evidence is supplied.,276780900.0,1.7598101169202953,716,HIGH_VOLATILITY
ASPI,UNCLASSIFIED,,,,,LOW,,,,False,False,Current/recent classification snapshot only; not valid as historical index membership unless dated membership evidence is supplied.,487383500.0,1.4751572999575076,715,HIGH_VOLATILITY
ASPR,UNCLASSIFIED,,,,,LOW,,,,False,False,Current/recent classification snapshot only; not valid as historical index membership unless dated membership evidence is supplied.,3673709450.0,0.9533561696091686,307,HIGH_VOLATILITY
ASRI,UNCLASSIFIED,,,,,LOW,,,,False,False,Current/recent classification snapshot only; not valid as historical index membership unless dated membership evidence is supplied.,952157800.0,0.3634041312014683,716,RESEARCH_ONLY
ASRM,UNCLASSIFIED,,,,,LOW,,,,False,False,Current/recent classification snapshot only; not valid as historical index membership unless dated membership evidence is supplied.,4945800.0,0.21462067367136656,717,RESEARCH_ONLY
ASSA,UNCLASSIFIED,,,,,LOW,,,,False,False,Current/recent classification snapshot only; not valid as historical index membership unless dated membership evidence is supplied.,4199556250.0,0.2822733160995957,716,LIQUID_GROWTH_OR_MOMENTUM
ATAP,UNCLASSIFIED,,,,,LOW,,,,False,False,Current/recent classification snapshot only; not valid as historical index membership unless dated membership evidence is supplied.,618844500.0,0.39459199756803565,716,RESEARCH_ONLY
ATIC,UNCLASSIFIED,,,,,LOW,,,,False,False,Current/recent classification snapshot only; not valid as historical index membership unless dated membership evidence is supplied.,41454100.0,0.17806704159131836,716,RESEARCH_ONLY
ATLA,UNCLASSIFIED,,,,,LOW,,,,False,False,Current/recent classification snapshot only; not valid as historical index membership unless dated membership evidence is supplied.,49410000.0,0.7795337263084534,595,HIGH_VOLATILITY
AUTO,UNCLASSIFIED,,,,,LOW,,,,False,False,Current/recent classification snapshot only; not valid as historical index membership unless dated membership evidence is supplied.,8703024500.0,0.2015954792300881,717,LIQUID_CORE
AVIA,UNCLASSIFIED,,,,,LOW,,,,False,False,Current/recent classification snapshot only; not valid as historical index membership unless dated membership evidence is supplied.,3689915100.0,0.29021008924990793,716,LIQUID_GROWTH_OR_MOMENTUM
AWAN,UNCLASSIFIED,,,,,LOW,,,,False,False,Current/recent classification snapshot only; not valid as historical index membership unless dated membership evidence is supplied.,111006700.0,0.28670518777586385,716,RESEARCH_ONLY
AXIO,UNCLASSIFIED,,,,,LOW,,,,False,False,Current/recent classification snapshot only; not valid as historical index membership unless dated membership evidence is supplied.,67308400.0,0.374531077539849,716,RESEARCH_ONLY
AYLS,UNCLASSIFIED,,,,,LOW,,,,False,False,Current/recent classification snapshot only; not valid as historical index membership unless dated membership evidence is supplied.,348118200.0,1.475778987026763,716,HIGH_VOLATILITY
BABP,UNCLASSIFIED,,,,,LOW,,,,False,False,Current/recent classification snapshot only; not valid as historical index membership unless dated membership evidence is supplied.,13670000.0,0.8815053695760734,717,HIGH_VOLATILITY
BABY,UNCLASSIFIED,,,,,LOW,,,,False,False,Current/recent classification snapshot only; not valid as historical index membership unless dated membership evidence is supplied.,349550600.0,0.35281538341107244,716,RESEARCH_ONLY
BACA,UNCLASSIFIED,,,,,LOW,,,,False,False,Current/recent classification snapshot only; not valid as historical index membership unless dated membership evidence is supplied.,183958750.0,0.18152823821315722,716,RESEARCH_ONLY
BAIK,UNCLASSIFIED,,,,,LOW,,,,False,False,Current/recent classification snapshot only; not valid as historical index membership unless dated membership evidence is supplied.,6354717100.0,0.6139473713226857,632,LIQUID_GROWTH_OR_MOMENTUM
BAJA,UNCLASSIFIED,,,,,LOW,,,,False,False,Current/recent classification snapshot only; not valid as historical index membership unless dated membership evidence is supplied.,1981063700.0,1.4968339027765463,717,HIGH_VOLATILITY
BALI,UNCLASSIFIED,,,,,LOW,,,,False,False,Current/recent classification snapshot only; not valid as historical index membership unless dated membership evidence is supplied.,8295500.0,1.0054556887088708,3081,HIGH_VOLATILITY
BANK,UNCLASSIFIED,,,,,LOW,,,,False,False,Current/recent classification snapshot only; not valid as historical index membership unless dated membership evidence is supplied.,737603500.0,0.24508689697931726,716,RESEARCH_ONLY
BAPA,UNCLASSIFIED,,,,,LOW,,,,False,False,Current/recent classification snapshot only; not valid as historical index membership unless dated membership evidence is supplied.,1745816750.0,0.6706390617775606,719,LIQUID_GROWTH_OR_MOMENTUM
BAPI,UNCLASSIFIED,,,,,LOW,,,,False,False,Current/recent classification snapshot only; not valid as historical index membership unless dated membership evidence is supplied.,360861700.0,1.1481442121358332,716,HIGH_VOLATILITY
BATA,UNCLASSIFIED,,,,,LOW,,,,False,False,Current/recent classification snapshot only; not valid as historical index membership unless dated membership evidence is supplied.,0.0,0.0,717,RESEARCH_ONLY
BATR,UNCLASSIFIED,,,,,LOW,,,,False,False,Current/recent classification snapshot only; not valid as historical index membership unless dated membership evidence is supplied.,82380400.0,0.3308242689249269,561,RESEARCH_ONLY
BAUT,UNCLASSIFIED,,,,,LOW,,,,False,False,Current/recent classification snapshot only; not valid as historical index membership unless dated membership evidence is supplied.,138449000.0,0.7005010797350761,716,RESEARCH_ONLY
BAYU,UNCLASSIFIED,,,,,LOW,,,,False,False,Current/recent classification snapshot only; not valid as historical index membership unless dated membership evidence is supplied.,78469000.0,0.15869234621981307,717,RESEARCH_ONLY
BBCA,BLUE_CHIP,CONGLOMERATE,LQ45,DJARUM_HARTONO,BLUE_CHIP;CONGLOMERATE,MEDIUM,Secondary LQ45 snapshot;Secondary group-affiliation snapshot,2026-06-12;2026-10-07,Current/recent snapshot; historical membership not inferred;Current/recent affiliation; ownership/control relationship requires verification,False,False,Current/recent classification snapshot only; not valid as historical index membership unless dated membership evidence is supplied.,716082250799.5117,0.2096650968124379,4120,LIQUID_CORE
BBHI,UNCLASSIFIED,,,,,LOW,,,,False,False,Current/recent classification snapshot only; not valid as historical index membership unless dated membership evidence is supplied.,667685000.0,0.38458330620809655,716,RESEARCH_ONLY
BBKP,UNCLASSIFIED,,,,,LOW,,,,False,False,Current/recent classification snapshot only; not valid as historical index membership unless dated membership evidence is supplied.,3524341850.0,0.6590511112532919,717,LIQUID_GROWTH_OR_MOMENTUM
BBLD,UNCLASSIFIED,,,,,LOW,,,,False,False,Current/recent classification snapshot only; not valid as historical index membership unless dated membership evidence is supplied.,38634250.0,0.14864208819721347,716,RESEARCH_ONLY
BBMD,UNCLASSIFIED,,,,,LOW,,,,False,False,Current/recent classification snapshot only; not valid as historical index membership unless dated membership evidence is supplied.,2720500.0,0.2791121146902276,717,RESEARCH_ONLY
BBNI,BLUE_CHIP,BUMN_AFFILIATED,LQ45,,BLUE_CHIP;BUMN_AFFILIATED,MEDIUM,Secondary LQ45 snapshot;IDX/market reference seed,2026-06-12;2026-10-07,Current/recent snapshot; historical membership not inferred;Research classification seed; not equivalent to BUMN20 PIT membership,False,False,Current/recent classification snapshot only; not valid as historical index membership unless dated membership evidence is supplied.,128602876000.0,0.21324152687498163,4121,LIQUID_CORE
BBRI,BLUE_CHIP,BUMN_AFFILIATED,LQ45,,BLUE_CHIP;BUMN_AFFILIATED,MEDIUM,Secondary LQ45 snapshot;IDX/market reference seed,2026-06-12;2026-10-07,Current/recent snapshot; historical membership not inferred;Research classification seed; not equivalent to BUMN20 PIT membership,False,False,Current/recent classification snapshot only; not valid as historical index membership unless dated membership evidence is supplied.,530590032000.0,0.25830261965781653,4121,LIQUID_CORE
BBRM,UNCLASSIFIED,,,,,LOW,,,,False,False,Current/recent classification snapshot only; not valid as historical index membership unless dated membership evidence is supplied.,549872850.0,0.5461112706260638,716,RESEARCH_ONLY
BBSI,UNCLASSIFIED,,,,,LOW,,,,False,False,Current/recent classification snapshot only; not valid as historical index membership unless dated membership evidence is supplied.,3185000.0,0.3109421082308434,716,RESEARCH_ONLY
BBSS,UNCLASSIFIED,,,,,LOW,,,,False,False,Current/recent classification snapshot only; not valid as historical index membership unless dated membership evidence is supplied.,485833600.0,1.33745437671061,716,HIGH_VOLATILITY
BBTN,BLUE_CHIP,BUMN_AFFILIATED,LQ45,,BLUE_CHIP;BUMN_AFFILIATED,MEDIUM,Secondary LQ45 snapshot;IDX/market reference seed,2026-06-12;2026-10-07,Current/recent snapshot; historical membership not inferred;Research classification seed; not equivalent to BUMN20 PIT membership,False,False,Current/recent classification snapshot only; not valid as historical index membership unless dated membership evidence is supplied.,16371413750.0,0.24972466748821262,716,LIQUID_CORE
BBYB,UNCLASSIFIED,,,,,LOW,,,,False,False,Current/recent classification snapshot only; not valid as historical index membership unless dated membership evidence is supplied.,7153043600.0,0.3606526801207389,716,LIQUID_CORE
BCAP,UNCLASSIFIED,,,,,LOW,,,,False,False,Current/recent classification snapshot only; not valid as historical index membership unless dated membership evidence is supplied.,11950000.0,0.832276452040107,717,HIGH_VOLATILITY
BCIC,UNCLASSIFIED,,,,,LOW,,,,False,False,Current/recent classification snapshot only; not valid as historical index membership unless dated membership evidence is supplied.,115872850.0,0.42264948313309536,716,RESEARCH_ONLY
BCIP,UNCLASSIFIED,,,,,LOW,,,,False,False,Current/recent classification snapshot only; not valid as historical index membership unless dated membership evidence is supplied.,405817650.0,0.4508300958094683,716,RESEARCH_ONLY
BDKR,UNCLASSIFIED,,,,,LOW,,,,False,False,Current/recent classification snapshot only; not valid as historical index membership unless dated membership evidence is supplied.,1656236400.0,0.6420979198009119,716,LIQUID_GROWTH_OR_MOMENTUM
BDMN,UNCLASSIFIED,,,,,LOW,,,,False,False,Current/recent classification snapshot only; not valid as historical index membership unless dated membership evidence is supplied.,7111754000.0,0.27402835928847397,4121,LIQUID_CORE
BEBS,UNCLASSIFIED,,,,,LOW,,,,False,False,Current/recent classification snapshot only; not valid as historical index membership unless dated membership evidence is supplied.,0.0,0.0,720,RESEARCH_ONLY
BEEF,UNCLASSIFIED,,,,,LOW,,,,False,False,Current/recent classification snapshot only; not valid as historical index membership unless dated membership evidence is supplied.,3007096100.0,0.6186529913855288,716,LIQUID_GROWTH_OR_MOMENTUM
BEER,UNCLASSIFIED,,,,,LOW,,,,False,False,Current/recent classification snapshot only; not valid as historical index membership unless dated membership evidence is supplied.,596327200.0,0.643736822376578,716,RESEARCH_ONLY
BEKS,UNCLASSIFIED,,,,,LOW,,,,False,False,Current/recent classification snapshot only; not valid as historical index membership unless dated membership evidence is supplied.,220623000.0,1.5307086839947548,716,HIGH_VOLATILITY
BELI,CONGLOMERATE,CONGLOMERATE,,DJARUM_HARTONO,CONGLOMERATE,MEDIUM,Secondary group-affiliation snapshot,2026-10-07,Current/recent affiliation; ownership/control relationship requires verification,False,False,Current/recent classification snapshot only; not valid as historical index membership unless dated membership evidence is supplied.,256650800.0,0.40542641417260844,716,RESEARCH_ONLY
BELL,UNCLASSIFIED,,,,,LOW,,,,False,False,Current/recent classification snapshot only; not valid as historical index membership unless dated membership evidence is supplied.,1963919450.0,0.5979710978023933,716,LIQUID_GROWTH_OR_MOMENTUM
BESS,UNCLASSIFIED,,,,,LOW,,,,False,False,Current/recent classification snapshot only; not valid as historical index membership unless dated membership evidence is supplied.,34589000.0,0.7414136632673259,716,RESEARCH_ONLY
BEST,UNCLASSIFIED,,,,,LOW,,,,False,False,Current/recent classification snapshot only; not valid as historical index membership unless dated membership evidence is supplied.,2318105150.0,0.5424555151358442,716,LIQUID_GROWTH_OR_MOMENTUM
BFIN,UNCLASSIFIED,,,,,LOW,,,,False,False,Current/recent classification snapshot only; not valid as historical index membership unless dated membership evidence is supplied.,17689488750.0,0.22824815777867158,717,LIQUID_CORE
BGTG,UNCLASSIFIED,,,,,LOW,,,,False,False,Current/recent classification snapshot only; not valid as historical index membership unless dated membership evidence is supplied.,487334350.0,0.31484724846072765,716,RESEARCH_ONLY
BHAT,UNCLASSIFIED,,,,,LOW,,,,False,False,Current/recent classification snapshot only; not valid as historical index membership unless dated membership evidence is supplied.,0.0,0.0,717,RESEARCH_ONLY
BHIT,UNCLASSIFIED,,,,,LOW,,,,False,False,Current/recent classification snapshot only; not valid as historical index membership unless dated membership evidence is supplied.,243832500.0,0.6759087074707884,717,RESEARCH_ONLY
BIKA,UNCLASSIFIED,,,,,LOW,,,,False,False,Current/recent classification snapshot only; not valid as historical index membership unless dated membership evidence is supplied.,0.0,0.0,720,RESEARCH_ONLY
BIKE,UNCLASSIFIED,,,,,LOW,,,,False,False,Current/recent classification snapshot only; not valid as historical index membership unless dated membership evidence is supplied.,0.0,1.1533971862652848,719,HIGH_VOLATILITY
BIMA,UNCLASSIFIED,,,,,LOW,,,,False,False,Current/recent classification snapshot only; not valid as historical index membership unless dated membership evidence is supplied.,0.0,0.0,720,RESEARCH_ONLY
BINA,UNCLASSIFIED,,,,,LOW,,,,False,False,Current/recent classification snapshot only; not valid as historical index membership unless dated membership evidence is supplied.,982155500.0,0.30693706445034546,716,RESEARCH_ONLY
BINO,UNCLASSIFIED,,,,,LOW,,,,False,False,Current/recent classification snapshot only; not valid as historical index membership unless dated membership evidence is supplied.,65495500.0,0.293515178031069,716,RESEARCH_ONLY
BIPI,UNCLASSIFIED,,,,,LOW,,,,False,False,Current/recent classification snapshot only; not valid as historical index membership unless dated membership evidence is supplied.,70984617000.0,0.5006501701990592,716,LIQUID_GROWTH_OR_MOMENTUM
BIPP,UNCLASSIFIED,,,,,LOW,,,,False,False,Current/recent classification snapshot only; not valid as historical index membership unless dated membership evidence is supplied.,1023861250.0,1.653496343784946,717,HIGH_VOLATILITY
BIRD,UNCLASSIFIED,,,,,LOW,,,,False,False,Current/recent classification snapshot only; not valid as historical index membership unless dated membership evidence is supplied.,1055485500.0,0.09594985506430236,716,LIQUID_GROWTH_OR_MOMENTUM
BISI,UNCLASSIFIED,,,,,LOW,,,,False,False,Current/recent classification snapshot only; not valid as historical index membership unless dated membership evidence is supplied.,193470000.0,0.27752434693131717,716,RESEARCH_ONLY
BJBR,UNCLASSIFIED,,,,,LOW,,,,False,False,Current/recent classification snapshot only; not valid as historical index membership unless dated membership evidence is supplied.,1611510750.0,0.203119074711756,3992,LIQUID_GROWTH_OR_MOMENTUM
BJTM,UNCLASSIFIED,,,,,LOW,,,,False,False,Current/recent classification snapshot only; not valid as historical index membership unless dated membership evidence is supplied.,2715464000.0,0.10376035924863276,3494,LIQUID_GROWTH_OR_MOMENTUM
BKDP,UNCLASSIFIED,,,,,LOW,,,,False,False,Current/recent classification snapshot only; not valid as historical index membership unless dated membership evidence is supplied.,679023550.0,0.8680979604947808,720,HIGH_VOLATILITY
BKSL,UNCLASSIFIED,,,,,LOW,,,,False,False,Current/recent classification snapshot only; not valid as historical index membership unless dated membership evidence is supplied.,10278357100.0,0.6122071454187682,4121,LIQUID_GROWTH_OR_MOMENTUM
BKSW,UNCLASSIFIED,,,,,LOW,,,,False,False,Current/recent classification snapshot only; not valid as historical index membership unless dated membership evidence is supplied.,99149000.0,0.442126919703156,717,RESEARCH_ONLY
BLES,UNCLASSIFIED,,,,,LOW,,,,False,False,Current/recent classification snapshot only; not valid as historical index membership unless dated membership evidence is supplied.,2124087000.0,0.3232820654055368,543,LIQUID_GROWTH_OR_MOMENTUM
BLOG,UNCLASSIFIED,,,,,LOW,,,,False,False,Current/recent classification snapshot only; not valid as historical index membership unless dated membership evidence is supplied.,118324400.0,0.24823570914596443,305,RESEARCH_ONLY
BLTA,UNCLASSIFIED,,,,,LOW,,,,False,False,Current/recent classification snapshot only; not valid as historical index membership unless dated membership evidence is supplied.,124795450.0,1.3769813480498214,717,HIGH_VOLATILITY
BLTZ,UNCLASSIFIED,,,,,LOW,,,,False,False,Current/recent classification snapshot only; not valid as historical index membership unless dated membership evidence is supplied.,0.0,1.6682664566458851,718,HIGH_VOLATILITY
BLUE,UNCLASSIFIED,,,,,LOW,,,,False,False,Current/recent classification snapshot only; not valid as historical index membership unless dated membership evidence is supplied.,700061000.0,0.3996249251222993,716,RESEARCH_ONLY
BMAS,UNCLASSIFIED,,,,,LOW,,,,False,False,Current/recent classification snapshot only; not valid as historical index membership unless dated membership evidence is supplied.,59057250.0,0.23361436262015356,716,RESEARCH_ONLY
BMBL,UNCLASSIFIED,,,,,LOW,,,,False,False,Current/recent classification snapshot only; not valid as historical index membership unless dated membership evidence is supplied.,234064250.0,0.5643445849541457,716,RESEARCH_ONLY
BMHS,UNCLASSIFIED,,,,,LOW,,,,False,False,Current/recent classification snapshot only; not valid as historical index membership unless dated membership evidence is supplied.,146456600.0,0.09041887481466193,716,RESEARCH_ONLY
BMRI,BLUE_CHIP,BUMN_AFFILIATED,LQ45,,BLUE_CHIP;BUMN_AFFILIATED,MEDIUM,Secondary LQ45 snapshot;IDX/market reference seed,2026-06-12;2026-10-07,Current/recent snapshot; historical membership not inferred;Research classification seed; not equivalent to BUMN20 PIT membership,False,False,Current/recent classification snapshot only; not valid as historical index membership unless dated membership evidence is supplied.,511221945817.8711,0.21088813659880415,4121,LIQUID_CORE
BMSR,UNCLASSIFIED,,,,,LOW,,,,False,False,Current/recent classification snapshot only; not valid as historical index membership unless dated membership evidence is supplied.,20104000.0,1.1005734036595742,717,HIGH_VOLATILITY
BMTR,UNCLASSIFIED,,,,,LOW,,,,False,False,Current/recent classification snapshot only; not valid as historical index membership unless dated membership evidence is supplied.,6401324350.0,0.8536703741490681,717,HIGH_VOLATILITY
BNBA,UNCLASSIFIED,,,,,LOW,,,,False,False,Current/recent classification snapshot only; not valid as historical index membership unless dated membership evidence is supplied.,171124500.0,0.5801859781069955,716,RESEARCH_ONLY
BNBR,CONGLOMERATE,CONGLOMERATE,,BAKRIE,CONGLOMERATE,MEDIUM,Secondary group-affiliation snapshot,2026-10-07,Current/recent affiliation; ownership/control relationship requires verification,False,False,Current/recent classification snapshot only; not valid as historical index membership unless dated membership evidence is supplied.,98021402500.0,0.4213026286235094,720,LIQUID_CORE
BNGA,UNCLASSIFIED,,,,,LOW,,,,False,False,Current/recent classification snapshot only; not valid as historical index membership unless dated membership evidence is supplied.,3746098750.0,0.16385491923939574,4120,LIQUID_GROWTH_OR_MOMENTUM
BNII,UNCLASSIFIED,,,,,LOW,,,,False,False,Current/recent classification snapshot only; not valid as historical index membership unless dated membership evidence is supplied.,169994400.0,0.11506944248992262,4120,RESEARCH_ONLY
BNLI,UNCLASSIFIED,,,,,LOW,,,,False,False,Current/recent classification snapshot only; not valid as historical index membership unless dated membership evidence is supplied.,110211500.0,0.23875862849771737,4121,RESEARCH_ONLY
BOAT,UNCLASSIFIED,,,,,LOW,,,,False,False,Current/recent classification snapshot only; not valid as historical index membership unless dated membership evidence is supplied.,427275100.0,0.42319280271782767,453,RESEARCH_ONLY
BOBA,UNCLASSIFIED,,,,,LOW,,,,False,False,Current/recent classification snapshot only; not valid as historical index membership unless dated membership evidence is supplied.,142683800.0,0.2429352066639111,716,RESEARCH_ONLY
BOGA,UNCLASSIFIED,,,,,LOW,,,,False,False,Current/recent classification snapshot only; not valid as historical index membership unless dated membership evidence is supplied.,16461250.0,0.3153556916281053,717,RESEARCH_ONLY
BOLA,UNCLASSIFIED,,,,,LOW,,,,False,False,Current/recent classification snapshot only; not valid as historical index membership unless dated membership evidence is supplied.,122749800.0,0.4543780163089352,716,RESEARCH_ONLY
BOLT,UNCLASSIFIED,,,,,LOW,,,,False,False,Current/recent classification snapshot only; not valid as historical index membership unless dated membership evidence is supplied.,7423250.0,0.31456012603983097,2758,RESEARCH_ONLY
BOSS,UNCLASSIFIED,,,,,LOW,,,,False,False,Current/recent classification snapshot only; not valid as historical index membership unless dated membership evidence is supplied.,0.0,0.0,720,RESEARCH_ONLY
BPFI,UNCLASSIFIED,,,,,LOW,,,,False,False,Current/recent classification snapshot only; not valid as historical index membership unless dated membership evidence is supplied.,12536800.0,0.17237519067320106,716,RESEARCH_ONLY
BPII,UNCLASSIFIED,,,,,LOW,,,,False,False,Current/recent classification snapshot only; not valid as historical index membership unless dated membership evidence is supplied.,4123100.0,0.31642315965214035,715,RESEARCH_ONLY
BPTR,UNCLASSIFIED,,,,,LOW,,,,False,False,Current/recent classification snapshot only; not valid as historical index membership unless dated membership evidence is supplied.,170448500.0,1.3939061448137082,716,HIGH_VOLATILITY
BRAM,UNCLASSIFIED,,,,,LOW,,,,False,False,Current/recent classification snapshot only; not valid as historical index membership unless dated membership evidence is supplied.,2772000.0,0.21412822982608146,716,RESEARCH_ONLY
BREN,CONGLOMERATE,CONGLOMERATE,,BARITO,CONGLOMERATE,MEDIUM,Secondary group-affiliation snapshot,2026-10-07,Current/recent affiliation; ownership/control relationship requires verification,False,False,Current/recent classification snapshot only; not valid as historical index membership unless dated membership evidence is supplied.,72713522000.0,0.34646758683309115,716,LIQUID_CORE
BRIS,UNCLASSIFIED,,,,,LOW,,,,False,False,Current/recent classification snapshot only; not valid as historical index membership unless dated membership evidence is supplied.,27950808000.0,0.280035821328534,716,LIQUID_CORE
BRMS,CONGLOMERATE,CONGLOMERATE,,SALIM,CONGLOMERATE,MEDIUM,Secondary group-affiliation snapshot,2026-10-07,Current/recent affiliation; ownership/control relationship requires verification,False,False,Current/recent classification snapshot only; not valid as historical index membership unless dated membership evidence is supplied.,193531028750.0,0.5875382438104942,3890,LIQUID_GROWTH_OR_MOMENTUM
BRNA,UNCLASSIFIED,,,,,LOW,,,,False,False,Current/recent classification snapshot only; not valid as historical index membership unless dated membership evidence is supplied.,203032250.0,0.40827272450744057,717,RESEARCH_ONLY
BRPT,BLUE_CHIP,CONGLOMERATE,LQ45,BARITO,BLUE_CHIP;CONGLOMERATE,MEDIUM,Secondary LQ45 snapshot;Secondary group-affiliation snapshot,2026-06-12;2026-10-07,Current/recent snapshot; historical membership not inferred;Current/recent affiliation; ownership/control relationship requires verification,False,False,Current/recent classification snapshot only; not valid as historical index membership unless dated membership evidence is supplied.,153940405000.0,0.33477691755800076,717,LIQUID_CORE
BSBK,UNCLASSIFIED,,,,,LOW,,,,False,False,Current/recent classification snapshot only; not valid as historical index membership unless dated membership evidence is supplied.,534664600.0,0.6724990003450924,716,RESEARCH_ONLY
BSDE,CONGLOMERATE,CONGLOMERATE,,SINAR_MAS,CONGLOMERATE,MEDIUM,Secondary group-affiliation snapshot,2026-10-07,Current/recent affiliation; ownership/control relationship requires verification,False,False,Current/recent classification snapshot only; not valid as historical index membership unless dated membership evidence is supplied.,10471851000.0,0.29235913328142255,4119,LIQUID_CORE
BSIM,UNCLASSIFIED,,,,,LOW,,,,False,False,Current/recent classification snapshot only; not valid as historical index membership unless dated membership evidence is supplied.,34536000.0,0.5384714414481443,3849,RESEARCH_ONLY
BSML,UNCLASSIFIED,,,,,LOW,,,,False,False,Current/recent classification snapshot only; not valid as historical index membership unless dated membership evidence is supplied.,6621646000.0,0.19111425176153515,716,LIQUID_CORE
BSSR,UNCLASSIFIED,,,,,LOW,,,,False,False,Current/recent classification snapshot only; not valid as historical index membership unless dated membership evidence is supplied.,3975307702.661133,0.5043594729660803,716,LIQUID_GROWTH_OR_MOMENTUM
BSWD,UNCLASSIFIED,,,,,LOW,,,,False,False,Current/recent classification snapshot only; not valid as historical index membership unless dated membership evidence is supplied.,0.0,1.5778718755330536,719,HIGH_VOLATILITY
BTEK,UNCLASSIFIED,,,,,LOW,,,,False,False,Current/recent classification snapshot only; not valid as historical index membership unless dated membership evidence is supplied.,902300200.0,1.7778875185339633,716,HIGH_VOLATILITY
BTON,UNCLASSIFIED,,,,,LOW,,,,False,False,Current/recent classification snapshot only; not valid as historical index membership unless dated membership evidence is supplied.,4533600.0,0.3687721189350399,717,RESEARCH_ONLY
BTPN,UNCLASSIFIED,,,,,LOW,,,,False,False,Current/recent classification snapshot only; not valid as historical index membership unless dated membership evidence is supplied.,29583000.0,0.19534709018903798,4119,RESEARCH_ONLY
BTPS,UNCLASSIFIED,,,,,LOW,,,,False,False,Current/recent classification snapshot only; not valid as historical index membership unless dated membership evidence is supplied.,2612878750.0,0.324269927724654,716,LIQUID_GROWTH_OR_MOMENTUM
BUAH,UNCLASSIFIED,,,,,LOW,,,,False,False,Current/recent classification snapshot only; not valid as historical index membership unless dated membership evidence is supplied.,132328000.0,0.1013344869017625,716,RESEARCH_ONLY
BUDI,UNCLASSIFIED,,,,,LOW,,,,False,False,Current/recent classification snapshot only; not valid as historical index membership unless dated membership evidence is supplied.,39281000.0,0.17011046512043487,4120,RESEARCH_ONLY
BUKA,UNCLASSIFIED,,,,,LOW,,,,False,False,Current/recent classification snapshot only; not valid as historical index membership unless dated membership evidence is supplied.,10081085100.0,0.26001073249763285,1243,LIQUID_CORE
BUKK,UNCLASSIFIED,,,,,LOW,,,,False,False,Current/recent classification snapshot only; not valid as historical index membership unless dated membership evidence is supplied.,26232250.0,0.404287684963856,717,RESEARCH_ONLY
BULL,UNCLASSIFIED,,,,,LOW,,,,False,False,Current/recent classification snapshot only; not valid as historical index membership unless dated membership evidence is supplied.,152611326200.0,0.4294695120932926,716,LIQUID_CORE
BUMI,BLUE_CHIP,CONGLOMERATE,LQ45,BAKRIE,BLUE_CHIP;CONGLOMERATE,MEDIUM,Secondary LQ45 snapshot;Secondary group-affiliation snapshot,2026-06-12;2026-10-07,Current/recent snapshot; historical membership not inferred;Current/recent affiliation; ownership/control relationship requires verification,False,False,Current/recent classification snapshot only; not valid as historical index membership unless dated membership evidence is supplied.,499921900000.0,0.41106319091509275,717,LIQUID_CORE
BUVA,UNCLASSIFIED,,,,,LOW,,,,False,False,Current/recent classification snapshot only; not valid as historical index membership unless dated membership evidence is supplied.,61944429750.0,0.729953837749058,716,LIQUID_GROWTH_OR_MOMENTUM
BVIC,UNCLASSIFIED,,,,,LOW,,,,False,False,Current/recent classification snapshot only; not valid as historical index membership unless dated membership evidence is supplied.,150137700.0,0.25558050275330657,716,RESEARCH_ONLY
BWPT,UNCLASSIFIED,,,,,LOW,,,,False,False,Current/recent classification snapshot only; not valid as historical index membership unless dated membership evidence is supplied.,13930099900.0,0.5021616029314802,716,LIQUID_GROWTH_OR_MOMENTUM
BYAN,UNCLASSIFIED,,,,,LOW,,,,False,False,Current/recent classification snapshot only; not valid as historical index membership unless dated membership evidence is supplied.,9735722500.0,1.1448352018066188,716,HIGH_VOLATILITY
CAKK,UNCLASSIFIED,,,,,LOW,,,,False,False,Current/recent classification snapshot only; not valid as historical index membership unless dated membership evidence is supplied.,34264000.0,0.20633361141116074,716,RESEARCH_ONLY
CAMP,UNCLASSIFIED,,,,,LOW,,,,False,False,Current/recent classification snapshot only; not valid as historical index membership unless dated membership evidence is supplied.,84376750.0,0.8223547018462991,716,HIGH_VOLATILITY
CANI,UNCLASSIFIED,,,,,LOW,,,,False,False,Current/recent classification snapshot only; not valid as historical index membership unless dated membership evidence is supplied.,0.0,0.0,717,RESEARCH_ONLY
CARE,UNCLASSIFIED,,,,,LOW,,,,False,False,Current/recent classification snapshot only; not valid as historical index membership unless dated membership evidence is supplied.,94983800.0,0.19294685227957642,716,RESEARCH_ONLY
CARS,UNCLASSIFIED,,,,,LOW,,,,False,False,Current/recent classification snapshot only; not valid as historical index membership unless dated membership evidence is supplied.,641925450.0,0.4472298834227638,716,RESEARCH_ONLY
CASA,UNCLASSIFIED,,,,,LOW,,,,False,False,Current/recent classification snapshot only; not valid as historical index membership unless dated membership evidence is supplied.,16943500.0,0.5072365946265767,716,RESEARCH_ONLY
CASH,UNCLASSIFIED,,,,,LOW,,,,False,False,Current/recent classification snapshot only; not valid as historical index membership unless dated membership evidence is supplied.,361477300.0,0.7699502944909112,716,HIGH_VOLATILITY
CASS,UNCLASSIFIED,,,,,LOW,,,,False,False,Current/recent classification snapshot only; not valid as historical index membership unless dated membership evidence is supplied.,346596750.0,0.24071013369891414,716,RESEARCH_ONLY
CBDK,UNCLASSIFIED,,,,,LOW,,,,False,False,Current/recent classification snapshot only; not valid as historical index membership unless dated membership evidence is supplied.,6817431000.0,0.3535184240643915,414,LIQUID_CORE
CBPE,UNCLASSIFIED,,,,,LOW,,,,False,False,Current/recent classification snapshot only; not valid as historical index membership unless dated membership evidence is supplied.,73759000.0,0.5721757021877011,716,RESEARCH_ONLY
CBRE,UNCLASSIFIED,,,,,LOW,,,,False,False,Current/recent classification snapshot only; not valid as historical index membership unless dated membership evidence is supplied.,7199700750.0,0.4852114474743457,716,LIQUID_GROWTH_OR_MOMENTUM
CBUT,UNCLASSIFIED,,,,,LOW,,,,False,False,Current/recent classification snapshot only; not valid as historical index membership unless dated membership evidence is supplied.,86501000.0,0.4800919536285795,716,RESEARCH_ONLY
CCSI,UNCLASSIFIED,,,,,LOW,,,,False,False,Current/recent classification snapshot only; not valid as historical index membership unless dated membership evidence is supplied.,176281600.0,1.8160612058919339,716,HIGH_VOLATILITY
CDIA,CONGLOMERATE,CONGLOMERATE,,BARITO,CONGLOMERATE,MEDIUM,Secondary group-affiliation snapshot,2026-10-07,Current/recent affiliation; ownership/control relationship requires verification,False,False,Current/recent classification snapshot only; not valid as historical index membership unless dated membership evidence is supplied.,31786145732.1167,0.3724682938087384,306,LIQUID_CORE
CEKA,UNCLASSIFIED,,,,,LOW,,,,False,False,Current/recent classification snapshot only; not valid as historical index membership unless dated membership evidence is supplied.,44530000.0,0.16986157651824338,4120,RESEARCH_ONLY
CENT,UNCLASSIFIED,,,,,LOW,,,,False,False,Current/recent classification snapshot only; not valid as historical index membership unless dated membership evidence is supplied.,694446200.0,0.6403010995803288,717,RESEARCH_ONLY
CFIN,UNCLASSIFIED,,,,,LOW,,,,False,False,Current/recent classification snapshot only; not valid as historical index membership unless dated membership evidence is supplied.,589307800.0,0.17716528935947345,717,RESEARCH_ONLY
CGAS,UNCLASSIFIED,,,,,LOW,,,,False,False,Current/recent classification snapshot only; not valid as historical index membership unless dated membership evidence is supplied.,450875000.0,0.2517035452467106,654,RESEARCH_ONLY
CHEK,UNCLASSIFIED,,,,,LOW,,,,False,False,Current/recent classification snapshot only; not valid as historical index membership unless dated membership evidence is supplied.,69670200.0,0.2772598243687239,305,RESEARCH_ONLY
CHEM,UNCLASSIFIED,,,,,LOW,,,,False,False,Current/recent classification snapshot only; not valid as historical index membership unless dated membership evidence is supplied.,614212100.0,0.8279954594967665,716,HIGH_VOLATILITY
CHIP,UNCLASSIFIED,,,,,LOW,,,,False,False,Current/recent classification snapshot only; not valid as historical index membership unless dated membership evidence is supplied.,99077250.0,0.20589186210794846,716,RESEARCH_ONLY
CINT,UNCLASSIFIED,,,,,LOW,,,,False,False,Current/recent classification snapshot only; not valid as historical index membership unless dated membership evidence is supplied.,64698000.0,0.43454834795615527,716,RESEARCH_ONLY
CITA,UNCLASSIFIED,,,,,LOW,,,,False,False,Current/recent classification snapshot only; not valid as historical index membership unless dated membership evidence is supplied.,288565500.0,0.15958787355944387,716,RESEARCH_ONLY
CITY,UNCLASSIFIED,,,,,LOW,,,,False,False,Current/recent classification snapshot only; not valid as historical index membership unless dated membership evidence is supplied.,120503650.0,0.6495736424364481,716,RESEARCH_ONLY
CLAY,UNCLASSIFIED,,,,,LOW,,,,False,False,Current/recent classification snapshot only; not valid as historical index membership unless dated membership evidence is supplied.,42223500.0,0.18500093033321038,716,RESEARCH_ONLY
CLEO,UNCLASSIFIED,,,,,LOW,,,,False,False,Current/recent classification snapshot only; not valid as historical index membership unless dated membership evidence is supplied.,3847830400.0,0.2953264554024269,2318,LIQUID_GROWTH_OR_MOMENTUM
CLPI,UNCLASSIFIED,,,,,LOW,,,,False,False,Current/recent classification snapshot only; not valid as historical index membership unless dated membership evidence is supplied.,109745000.0,0.055355382278449564,717,RESEARCH_ONLY
CMNP,UNCLASSIFIED,,,,,LOW,,,,False,False,Current/recent classification snapshot only; not valid as historical index membership unless dated membership evidence is supplied.,87970750.0,0.34379760728167846,717,RESEARCH_ONLY
CMNT,UNCLASSIFIED,,,,,LOW,,,,False,False,Current/recent classification snapshot only; not valid as historical index membership unless dated membership evidence is supplied.,17607211250.0,0.18657162457549023,716,LIQUID_CORE
CMPP,UNCLASSIFIED,,,,,LOW,,,,False,False,Current/recent classification snapshot only; not valid as historical index membership unless dated membership evidence is supplied.,0.0,0.0,717,RESEARCH_ONLY
CMRY,UNCLASSIFIED,,,,,LOW,,,,False,False,Current/recent classification snapshot only; not valid as historical index membership unless dated membership evidence is supplied.,8721602164.672852,0.17819271140627033,716,LIQUID_CORE
CNKO,UNCLASSIFIED,,,,,LOW,,,,False,False,Current/recent classification snapshot only; not valid as historical index membership unless dated membership evidence is supplied.,0.0,0.0,717,RESEARCH_ONLY
CNMA,UNCLASSIFIED,,,,,LOW,,,,False,False,Current/recent classification snapshot only; not valid as historical index membership unless dated membership evidence is supplied.,1729545750.0,0.13885681078468054,716,LIQUID_GROWTH_OR_MOMENTUM
COAL,UNCLASSIFIED,,,,,LOW,,,,False,False,Current/recent classification snapshot only; not valid as historical index membership unless dated membership evidence is supplied.,0.0,0.0,717,RESEARCH_ONLY
COCO,UNCLASSIFIED,,,,,LOW,,,,False,False,Current/recent classification snapshot only; not valid as historical index membership unless dated membership evidence is supplied.,48118770850.0,0.9629258228892905,716,HIGH_VOLATILITY
COIN,UNCLASSIFIED,,,,,LOW,,,,False,False,Current/recent classification snapshot only; not valid as historical index membership unless dated membership evidence is supplied.,12849157250.0,0.7121953383799394,306,LIQUID_GROWTH_OR_MOMENTUM
CPIN,BLUE_CHIP,BLUE_CHIP,LQ45,,BLUE_CHIP,MEDIUM,Secondary LQ45 snapshot,2026-06-12,Current/recent snapshot; historical membership not inferred,False,False,Current/recent classification snapshot only; not valid as historical index membership unless dated membership evidence is supplied.,54671398500.0,0.20492998241447036,716,LIQUID_CORE
CPRO,UNCLASSIFIED,,,,,LOW,,,,False,False,Current/recent classification snapshot only; not valid as historical index membership unless dated membership evidence is supplied.,980037500.0,0.6614837898079404,717,RESEARCH_ONLY
CRAB,UNCLASSIFIED,,,,,LOW,,,,False,False,Current/recent classification snapshot only; not valid as historical index membership unless dated membership evidence is supplied.,0.0,0.3074131091863705,718,RESEARCH_ONLY
CRSN,UNCLASSIFIED,,,,,LOW,,,,False,False,Current/recent classification snapshot only; not valid as historical index membership unless dated membership evidence is supplied.,177115050.0,0.6125773170973193,716,RESEARCH_ONLY
CSAP,UNCLASSIFIED,,,,,LOW,,,,False,False,Current/recent classification snapshot only; not valid as historical index membership unless dated membership evidence is supplied.,25613200.0,0.24647392540640042,716,RESEARCH_ONLY
CSIS,UNCLASSIFIED,,,,,LOW,,,,False,False,Current/recent classification snapshot only; not valid as historical index membership unless dated membership evidence is supplied.,416072400.0,0.9525121967764899,716,HIGH_VOLATILITY
CSMI,UNCLASSIFIED,,,,,LOW,,,,False,False,Current/recent classification snapshot only; not valid as historical index membership unless dated membership evidence is supplied.,2223566300.0,2.1948496123325856,717,HIGH_VOLATILITY
CSRA,UNCLASSIFIED,,,,,LOW,,,,False,False,Current/recent classification snapshot only; not valid as historical index membership unless dated membership evidence is supplied.,208605500.0,0.1888765579046727,716,RESEARCH_ONLY
CTBN,UNCLASSIFIED,,,,,LOW,,,,False,False,Current/recent classification snapshot only; not valid as historical index membership unless dated membership evidence is supplied.,66900000.0,0.16372735232544047,717,RESEARCH_ONLY
CTRA,UNCLASSIFIED,,,,,LOW,,,,False,False,Current/recent classification snapshot only; not valid as historical index membership unless dated membership evidence is supplied.,6330046250.0,0.22940499889156277,4120,LIQUID_CORE
CTTH,UNCLASSIFIED,,,,,LOW,,,,False,False,Current/recent classification snapshot only; not valid as historical index membership unless dated membership evidence is supplied.,1459475400.0,0.6978875397244652,717,LIQUID_GROWTH_OR_MOMENTUM
CUAN,BLUE_CHIP,CONGLOMERATE,LQ45,BARITO,BLUE_CHIP;CONGLOMERATE,MEDIUM,Secondary LQ45 snapshot;Secondary group-affiliation snapshot,2026-06-12;2026-10-07,Current/recent snapshot; historical membership not inferred;Current/recent affiliation; ownership/control relationship requires verification,False,False,Current/recent classification snapshot only; not valid as historical index membership unless dated membership evidence is supplied.,264632381500.0,0.4060632543846905,716,LIQUID_CORE
CYBR,UNCLASSIFIED,,,,,LOW,,,,False,False,Current/recent classification snapshot only; not valid as historical index membership unless dated membership evidence is supplied.,14883719800.0,0.42582510740270985,717,LIQUID_CORE
DAAZ,UNCLASSIFIED,,,,,LOW,,,,False,False,Current/recent classification snapshot only; not valid as historical index membership unless dated membership evidence is supplied.,675181500.0,0.5542806436242221,454,RESEARCH_ONLY
DADA,UNCLASSIFIED,,,,,LOW,,,,False,False,Current/recent classification snapshot only; not valid as historical index membership unless dated membership evidence is supplied.,10542546.875,0.9750250370875853,716,HIGH_VOLATILITY
DART,UNCLASSIFIED,,,,,LOW,,,,False,False,Current/recent classification snapshot only; not valid as historical index membership unless dated membership evidence is supplied.,137261300.0,0.4462958135880847,717,RESEARCH_ONLY
DATA,UNCLASSIFIED,,,,,LOW,,,,False,False,Current/recent classification snapshot only; not valid as historical index membership unless dated membership evidence is supplied.,2914464000.0,0.3004604335381448,581,LIQUID_GROWTH_OR_MOMENTUM
DAYA,UNCLASSIFIED,,,,,LOW,,,,False,False,Current/recent classification snapshot only; not valid as historical index membership unless dated membership evidence is supplied.,7848500.0,0.49663544619210803,716,RESEARCH_ONLY
DCII,UNCLASSIFIED,,,,,LOW,,,,False,False,Current/recent classification snapshot only; not valid as historical index membership unless dated membership evidence is supplied.,110325000.0,0.2874736285503773,716,RESEARCH_ONLY
DEAL,UNCLASSIFIED,,,,,LOW,,,,False,False,Current/recent classification snapshot only; not valid as historical index membership unless dated membership evidence is supplied.,0.0,0.0,720,RESEARCH_ONLY
DEFI,UNCLASSIFIED,,,,,LOW,,,,False,False,Current/recent classification snapshot only; not valid as historical index membership unless dated membership evidence is supplied.,1640027150.0,1.6077299498530049,717,HIGH_VOLATILITY
DEPO,UNCLASSIFIED,,,,,LOW,,,,False,False,Current/recent classification snapshot only; not valid as historical index membership unless dated membership evidence is supplied.,76675700.0,0.3373431502302201,716,RESEARCH_ONLY
DEWA,BLUE_CHIP,BLUE_CHIP,LQ45,,BLUE_CHIP,MEDIUM,Secondary LQ45 snapshot,2026-06-12,Current/recent snapshot; historical membership not inferred,False,False,Current/recent classification snapshot only; not valid as historical index membership unless dated membership evidence is supplied.,219799916000.0,0.5695177664187709,716,LIQUID_GROWTH_OR_MOMENTUM
DEWI,UNCLASSIFIED,,,,,LOW,,,,False,False,Current/recent classification snapshot only; not valid as historical index membership unless dated membership evidence is supplied.,8074683000.0,0.8451763080474199,716,HIGH_VOLATILITY
DFAM,UNCLASSIFIED,,,,,LOW,,,,False,False,Current/recent classification snapshot only; not valid as historical index membership unless dated membership evidence is supplied.,872173450.0,1.2070634590499723,716,HIGH_VOLATILITY
DGIK,UNCLASSIFIED,,,,,LOW,,,,False,False,Current/recent classification snapshot only; not valid as historical index membership unless dated membership evidence is supplied.,786141500.0,0.4712745178443536,717,RESEARCH_ONLY
DGNS,UNCLASSIFIED,,,,,LOW,,,,False,False,Current/recent classification snapshot only; not valid as historical index membership unless dated membership evidence is supplied.,134622100.0,0.6749354645936265,716,RESEARCH_ONLY
DGWG,UNCLASSIFIED,,,,,LOW,,,,False,False,Current/recent classification snapshot only; not valid as historical index membership unless dated membership evidence is supplied.,3411436100.0,0.2667570101581535,414,LIQUID_GROWTH_OR_MOMENTUM
DIGI,UNCLASSIFIED,,,,,LOW,,,,False,False,Current/recent classification snapshot only; not valid as historical index membership unless dated membership evidence is supplied.,0.0,0.0,717,RESEARCH_ONLY
DILD,UNCLASSIFIED,,,,,LOW,,,,False,False,Current/recent classification snapshot only; not valid as historical index membership unless dated membership evidence is supplied.,1359676650.0,0.2203791245441565,717,LIQUID_GROWTH_OR_MOMENTUM
DIVA,UNCLASSIFIED,,,,,LOW,,,,False,False,Current/recent classification snapshot only; not valid as historical index membership unless dated membership evidence is supplied.,823232300.0,0.9089258029876053,716,HIGH_VOLATILITY
DKFT,UNCLASSIFIED,,,,,LOW,,,,False,False,Current/recent classification snapshot only; not valid as historical index membership unless dated membership evidence is supplied.,3023128345.8374023,0.3605675308932561,716,LIQUID_GROWTH_OR_MOMENTUM
DKHH,UNCLASSIFIED,,,,,LOW,,,,False,False,Current/recent classification snapshot only; not valid as historical index membership unless dated membership evidence is supplied.,697606700.0,0.31771342277296954,343,RESEARCH_ONLY
DLTA,UNCLASSIFIED,,,,,LOW,,,,False,False,Current/recent classification snapshot only; not valid as historical index membership unless dated membership evidence is supplied.,98078000.0,0.04431390550900134,4120,RESEARCH_ONLY
DMAS,CONGLOMERATE,CONGLOMERATE,,SINAR_MAS,CONGLOMERATE,MEDIUM,Secondary group-affiliation snapshot,2026-10-07,Current/recent affiliation; ownership/control relationship requires verification,False,False,Current/recent classification snapshot only; not valid as historical index membership unless dated membership evidence is supplied.,20044589000.0,0.4251015939789598,716,LIQUID_CORE
DMMX,UNCLASSIFIED,,,,,LOW,,,,False,False,Current/recent classification snapshot only; not valid as historical index membership unless dated membership evidence is supplied.,198074300.0,0.3377479722770951,716,RESEARCH_ONLY
DMND,UNCLASSIFIED,,,,,LOW,,,,False,False,Current/recent classification snapshot only; not valid as historical index membership unless dated membership evidence is supplied.,15006000.0,0.3625478061960636,716,RESEARCH_ONLY
DNAR,UNCLASSIFIED,,,,,LOW,,,,False,False,Current/recent classification snapshot only; not valid as historical index membership unless dated membership evidence is supplied.,113016500.0,0.24385129997794516,716,RESEARCH_ONLY
DNET,UNCLASSIFIED,,,,,LOW,,,,False,False,Current/recent classification snapshot only; not valid as historical index membership unless dated membership evidence is supplied.,114121250.0,0.17195195668581742,717,RESEARCH_ONLY
DOID,UNCLASSIFIED,,,,,LOW,,,,False,False,Current/recent classification snapshot only; not valid as historical index membership unless dated membership evidence is supplied.,617952000.0,0.6334498543321138,716,RESEARCH_ONLY
DOOH,UNCLASSIFIED,,,,,LOW,,,,False,False,Current/recent classification snapshot only; not valid as historical index membership unless dated membership evidence is supplied.,26652181800.0,1.0662808348109667,718,HIGH_VOLATILITY
DOSS,UNCLASSIFIED,,,,,LOW,,,,False,False,Current/recent classification snapshot only; not valid as historical index membership unless dated membership evidence is supplied.,270643450.0,0.48470778987518476,521,RESEARCH_ONLY
DPNS,UNCLASSIFIED,,,,,LOW,,,,False,False,Current/recent classification snapshot only; not valid as historical index membership unless dated membership evidence is supplied.,0.0,0.0,720,RESEARCH_ONLY
DPUM,UNCLASSIFIED,,,,,LOW,,,,False,False,Current/recent classification snapshot only; not valid as historical index membership unless dated membership evidence is supplied.,1840083500.0,1.122688463994195,716,HIGH_VOLATILITY
DRMA,UNCLASSIFIED,,,,,LOW,,,,False,False,Current/recent classification snapshot only; not valid as historical index membership unless dated membership evidence is supplied.,540499250.0,0.24158005270565094,716,RESEARCH_ONLY
DSFI,UNCLASSIFIED,,,,,LOW,,,,False,False,Current/recent classification snapshot only; not valid as historical index membership unless dated membership evidence is supplied.,533428000.0,0.9203244966101731,717,HIGH_VOLATILITY
DSNG,UNCLASSIFIED,,,,,LOW,,,,False,False,Current/recent classification snapshot only; not valid as historical index membership unless dated membership evidence is supplied.,7068418250.0,0.4597915111298283,716,LIQUID_GROWTH_OR_MOMENTUM
DSSA,UNCLASSIFIED,,,,,LOW,,,,False,False,Current/recent classification snapshot only; not valid as historical index membership unless dated membership evidence is supplied.,345702509500.0,0.5624742735322882,716,LIQUID_GROWTH_OR_MOMENTUM
DUTI,UNCLASSIFIED,,,,,LOW,,,,False,False,Current/recent classification snapshot only; not valid as historical index membership unless dated membership evidence is supplied.,2903000.0,0.1261693835332635,716,RESEARCH_ONLY
DVLA,UNCLASSIFIED,,,,,LOW,,,,False,False,Current/recent classification snapshot only; not valid as historical index membership unless dated membership evidence is supplied.,26657000.0,0.041578415996867575,4120,RESEARCH_ONLY
DWGL,UNCLASSIFIED,,,,,LOW,,,,False,False,Current/recent classification snapshot only; not valid as historical index membership unless dated membership evidence is supplied.,1125442100.0,0.3914525918127569,716,LIQUID_GROWTH_OR_MOMENTUM
DYAN,UNCLASSIFIED,,,,,LOW,,,,False,False,Current/recent classification snapshot only; not valid as historical index membership unless dated membership evidence is supplied.,330479450.0,0.8844425143258251,716,HIGH_VOLATILITY
EAST,UNCLASSIFIED,,,,,LOW,,,,False,False,Current/recent classification snapshot only; not valid as historical index membership unless dated membership evidence is supplied.,77829015.00434875,0.09715298773435757,716,RESEARCH_ONLY
ECII,UNCLASSIFIED,,,,,LOW,,,,False,False,Current/recent classification snapshot only; not valid as historical index membership unless dated membership evidence is supplied.,237871000.0,0.6008728079450301,716,RESEARCH_ONLY
EDGE,UNCLASSIFIED,,,,,LOW,,,,False,False,Current/recent classification snapshot only; not valid as historical index membership unless dated membership evidence is supplied.,0.0,0.0,720,RESEARCH_ONLY
EKAD,UNCLASSIFIED,,,,,LOW,,,,False,False,Current/recent classification snapshot only; not valid as historical index membership unless dated membership evidence is supplied.,1384130400.0,0.4278193606035125,716,LIQUID_GROWTH_OR_MOMENTUM
ELIT,UNCLASSIFIED,,,,,LOW,,,,False,False,Current/recent classification snapshot only; not valid as historical index membership unless dated membership evidence is supplied.,2345293800.0,0.939730688495883,716,HIGH_VOLATILITY
ELPI,UNCLASSIFIED,,,,,LOW,,,,False,False,Current/recent classification snapshot only; not valid as historical index membership unless dated membership evidence is supplied.,773066000.0,0.490417528799605,717,RESEARCH_ONLY
ELSA,UNCLASSIFIED,,,,,LOW,,,,False,False,Current/recent classification snapshot only; not valid as historical index membership unless dated membership evidence is supplied.,13652121000.0,0.3182936421253961,4120,LIQUID_CORE
ELTY,UNCLASSIFIED,,,,,LOW,,,,False,False,Current/recent classification snapshot only; not valid as historical index membership unless dated membership evidence is supplied.,2712562150.0,1.2244617420135582,717,HIGH_VOLATILITY
EMAS,CONGLOMERATE,CONGLOMERATE,,MERDEKA,CONGLOMERATE,MEDIUM,Secondary group-affiliation snapshot,2026-10-07,Current/recent affiliation; ownership/control relationship requires verification,False,False,Current/recent classification snapshot only; not valid as historical index membership unless dated membership evidence is supplied.,127435545000.0,0.477813256421294,254,LIQUID_GROWTH_OR_MOMENTUM
EMDE,UNCLASSIFIED,,,,,LOW,,,,False,False,Current/recent classification snapshot only; not valid as historical index membership unless dated membership evidence is supplied.,475888100.0,0.6154567154166163,716,RESEARCH_ONLY
EMTK,BLUE_CHIP,BLUE_CHIP,LQ45,,BLUE_CHIP,MEDIUM,Secondary LQ45 snapshot,2026-06-12,Current/recent snapshot; historical membership not inferred,False,False,Current/recent classification snapshot only; not valid as historical index membership unless dated membership evidence is supplied.,19369201700.0,0.33102151609917624,4114,LIQUID_CORE
ENAK,UNCLASSIFIED,,,,,LOW,,,,False,False,Current/recent classification snapshot only; not valid as historical index membership unless dated membership evidence is supplied.,82439500.0,0.5505091910302978,716,RESEARCH_ONLY
ENRG,CONGLOMERATE,CONGLOMERATE,,BAKRIE,CONGLOMERATE,MEDIUM,Secondary group-affiliation snapshot,2026-10-07,Current/recent affiliation; ownership/control relationship requires verification,False,False,Current/recent classification snapshot only; not valid as historical index membership unless dated membership evidence is supplied.,106998750362.76569,0.9585099890388518,718,HIGH_VOLATILITY
ENZO,UNCLASSIFIED,,,,,LOW,,,,False,False,Current/recent classification snapshot only; not valid as historical index membership unless dated membership evidence is supplied.,1141220700.0,0.9047510306640668,716,HIGH_VOLATILITY
EPAC,UNCLASSIFIED,,,,,LOW,,,,False,False,Current/recent classification snapshot only; not valid as historical index membership unless dated membership evidence is supplied.,3069194550.0,0.9899568583964188,716,HIGH_VOLATILITY
EPMT,UNCLASSIFIED,,,,,LOW,,,,False,False,Current/recent classification snapshot only; not valid as historical index membership unless dated membership evidence is supplied.,98504000.0,0.3107124900404904,717,RESEARCH_ONLY
ERAA,UNCLASSIFIED,,,,,LOW,,,,False,False,Current/recent classification snapshot only; not valid as historical index membership unless dated membership evidence is supplied.,42873745900.0,0.3446278138133368,716,LIQUID_CORE
ERAL,UNCLASSIFIED,,,,,LOW,,,,False,False,Current/recent classification snapshot only; not valid as historical index membership unless dated membership evidence is supplied.,1509174500.0,0.3445982977902307,716,LIQUID_GROWTH_OR_MOMENTUM
ERTX,UNCLASSIFIED,,,,,LOW,,,,False,False,Current/recent classification snapshot only; not valid as historical index membership unless dated membership evidence is supplied.,127364550.0,0.3379534173272287,717,RESEARCH_ONLY
ESIP,UNCLASSIFIED,,,,,LOW,,,,False,False,Current/recent classification snapshot only; not valid as historical index membership unless dated membership evidence is supplied.,1679124350.0,0.5939154244610799,716,LIQUID_GROWTH_OR_MOMENTUM
ESSA,BLUE_CHIP,BLUE_CHIP,LQ45,,BLUE_CHIP,MEDIUM,Secondary LQ45 snapshot,2026-06-12,Current/recent snapshot; historical membership not inferred,False,False,Current/recent classification snapshot only; not valid as historical index membership unless dated membership evidence is supplied.,45432874250.0,0.31116054793267517,716,LIQUID_CORE
ESTA,UNCLASSIFIED,,,,,LOW,,,,False,False,Current/recent classification snapshot only; not valid as historical index membership unless dated membership evidence is supplied.,160036500.0,0.7977547391704344,716,HIGH_VOLATILITY
ESTI,UNCLASSIFIED,,,,,LOW,,,,False,False,Current/recent classification snapshot only; not valid as historical index membership unless dated membership evidence is supplied.,749987800.0,0.7902612143728179,717,HIGH_VOLATILITY
ETWA,UNCLASSIFIED,,,,,LOW,,,,False,False,Current/recent classification snapshot only; not valid as historical index membership unless dated membership evidence is supplied.,0.0,0.0,720,RESEARCH_ONLY
EURO,UNCLASSIFIED,,,,,LOW,,,,False,False,Current/recent classification snapshot only; not valid as historical index membership unless dated membership evidence is supplied.,317163750.0,0.5259748195945837,716,RESEARCH_ONLY
EXCL,BLUE_CHIP,BLUE_CHIP,LQ45,,BLUE_CHIP,MEDIUM,Secondary LQ45 snapshot,2026-06-12,Current/recent snapshot; historical membership not inferred,False,False,Current/recent classification snapshot only; not valid as historical index membership unless dated membership evidence is supplied.,14989744500.0,0.27491268668166596,4120,LIQUID_CORE
FAPA,UNCLASSIFIED,,,,,LOW,,,,False,False,Current/recent classification snapshot only; not valid as historical index membership unless dated membership evidence is supplied.,10658750.0,0.05315446877625727,715,RESEARCH_ONLY
FAST,CONGLOMERATE,CONGLOMERATE,,SALIM,CONGLOMERATE,MEDIUM,Secondary group-affiliation snapshot,2026-10-07,Current/recent affiliation; ownership/control relationship requires verification,False,False,Current/recent classification snapshot only; not valid as historical index membership unless dated membership evidence is supplied.,3934661800.0,0.48099391129502417,717,LIQUID_GROWTH_OR_MOMENTUM
FASW,UNCLASSIFIED,,,,,LOW,,,,False,False,Current/recent classification snapshot only; not valid as historical index membership unless dated membership evidence is supplied.,0.0,0.0,720,RESEARCH_ONLY
FILM,UNCLASSIFIED,,,,,LOW,,,,False,False,Current/recent classification snapshot only; not valid as historical index membership unless dated membership evidence is supplied.,14645082750.0,0.8300792620564559,716,HIGH_VOLATILITY
FIMP,UNCLASSIFIED,,,,,LOW,,,,False,False,Current/recent classification snapshot only; not valid as historical index membership unless dated membership evidence is supplied.,0.0,0.0,720,RESEARCH_ONLY
FIRE,UNCLASSIFIED,,,,,LOW,,,,False,False,Current/recent classification snapshot only; not valid as historical index membership unless dated membership evidence is supplied.,934202950.0,0.5469814570266419,716,RESEARCH_ONLY
FISH,UNCLASSIFIED,,,,,LOW,,,,False,False,Current/recent classification snapshot only; not valid as historical index membership unless dated membership evidence is supplied.,31749750.0,0.6802600013793324,716,RESEARCH_ONLY
FITT,UNCLASSIFIED,,,,,LOW,,,,False,False,Current/recent classification snapshot only; not valid as historical index membership unless dated membership evidence is supplied.,221999600.0,0.5898487094427165,716,RESEARCH_ONLY
FLMC,UNCLASSIFIED,,,,,LOW,,,,False,False,Current/recent classification snapshot only; not valid as historical index membership unless dated membership evidence is supplied.,475280800.0,1.0965260378970298,716,HIGH_VOLATILITY
FMII,UNCLASSIFIED,,,,,LOW,,,,False,False,Current/recent classification snapshot only; not valid as historical index membership unless dated membership evidence is supplied.,4686300.0,0.46750358595460517,717,RESEARCH_ONLY
FOLK,UNCLASSIFIED,,,,,LOW,,,,False,False,Current/recent classification snapshot only; not valid as historical index membership unless dated membership evidence is supplied.,1799933800.0,1.0937330398979048,716,HIGH_VOLATILITY
FOOD,UNCLASSIFIED,,,,,LOW,,,,False,False,Current/recent classification snapshot only; not valid as historical index membership unless dated membership evidence is supplied.,0.0,0.0,717,RESEARCH_ONLY
FORE,UNCLASSIFIED,,,,,LOW,,,,False,False,Current/recent classification snapshot only; not valid as historical index membership unless dated membership evidence is supplied.,4124600750.0,0.3199647502081275,359,LIQUID_GROWTH_OR_MOMENTUM
FORU,UNCLASSIFIED,,,,,LOW,,,,False,False,Current/recent classification snapshot only; not valid as historical index membership unless dated membership evidence is supplied.,2600025600.0,4.121757031686159,718,HIGH_VOLATILITY
FPNI,UNCLASSIFIED,,,,,LOW,,,,False,False,Current/recent classification snapshot only; not valid as historical index membership unless dated membership evidence is supplied.,2464225050.0,0.8404043387232412,717,HIGH_VOLATILITY
FUJI,UNCLASSIFIED,,,,,LOW,,,,False,False,Current/recent classification snapshot only; not valid as historical index membership unless dated membership evidence is supplied.,306303600.0,0.7407488514221156,716,RESEARCH_ONLY
FUTR,UNCLASSIFIED,,,,,LOW,,,,False,False,Current/recent classification snapshot only; not valid as historical index membership unless dated membership evidence is supplied.,15167477500.0,0.6783621581581725,716,LIQUID_GROWTH_OR_MOMENTUM
FWCT,UNCLASSIFIED,,,,,LOW,,,,False,False,Current/recent classification snapshot only; not valid as historical index membership unless dated membership evidence is supplied.,405885000.0,0.6851626534866576,716,RESEARCH_ONLY
GDST,UNCLASSIFIED,,,,,LOW,,,,False,False,Current/recent classification snapshot only; not valid as historical index membership unless dated membership evidence is supplied.,898553350.0,0.860837466640486,716,HIGH_VOLATILITY
GDYR,UNCLASSIFIED,,,,,LOW,,,,False,False,Current/recent classification snapshot only; not valid as historical index membership unless dated membership evidence is supplied.,4172500.0,0.20577079992785546,717,RESEARCH_ONLY
GEMA,UNCLASSIFIED,,,,,LOW,,,,False,False,Current/recent classification snapshot only; not valid as historical index membership unless dated membership evidence is supplied.,123370600.0,0.49681408465948096,717,RESEARCH_ONLY
GEMS,UNCLASSIFIED,,,,,LOW,,,,False,False,Current/recent classification snapshot only; not valid as historical index membership unless dated membership evidence is supplied.,496708750.0,0.49598256990659284,716,RESEARCH_ONLY
GGRM,UNCLASSIFIED,,,,,LOW,,,,False,False,Current/recent classification snapshot only; not valid as historical index membership unless dated membership evidence is supplied.,22361477500.0,0.275729696440534,4120,LIQUID_CORE
GGRP,UNCLASSIFIED,,,,,LOW,,,,False,False,Current/recent classification snapshot only; not valid as historical index membership unless dated membership evidence is supplied.,334925400.0,0.36018799948100905,716,RESEARCH_ONLY
GHON,UNCLASSIFIED,,,,,LOW,,,,False,False,Current/recent classification snapshot only; not valid as historical index membership unless dated membership evidence is supplied.,17523000.0,0.11031242148365808,716,RESEARCH_ONLY
GIAA,BUMN_AFFILIATED,BUMN_AFFILIATED,,,BUMN_AFFILIATED,MEDIUM,IDX/market reference seed,2026-10-07,Research classification seed; not equivalent to BUMN20 PIT membership,False,False,Current/recent classification snapshot only; not valid as historical index membership unless dated membership evidence is supplied.,3745774350.0,0.5455746574703503,716,LIQUID_GROWTH_OR_MOMENTUM
GJTL,UNCLASSIFIED,,,,,LOW,,,,False,False,Current/recent classification snapshot only; not valid as historical index membership unless dated membership evidence is supplied.,5383537500.0,0.25027409700067743,4120,LIQUID_CORE
GLOB,UNCLASSIFIED,,,,,LOW,,,,False,False,Current/recent classification snapshot only; not valid as historical index membership unless dated membership evidence is supplied.,0.0,0.0,720,RESEARCH_ONLY
GLVA,UNCLASSIFIED,,,,,LOW,,,,False,False,Current/recent classification snapshot only; not valid as historical index membership unless dated membership evidence is supplied.,9244800.0,0.28475040092608245,716,RESEARCH_ONLY
GMFI,UNCLASSIFIED,,,,,LOW,,,,False,False,Current/recent classification snapshot only; not valid as historical index membership unless dated membership evidence is supplied.,4839438500.0,0.3763119158886007,716,LIQUID_GROWTH_OR_MOMENTUM
GMTD,UNCLASSIFIED,,,,,LOW,,,,False,False,Current/recent classification snapshot only; not valid as historical index membership unless dated membership evidence is supplied.,20900500.0,0.9353493939527552,717,HIGH_VOLATILITY
GOLD,UNCLASSIFIED,,,,,LOW,,,,False,False,Current/recent classification snapshot only; not valid as historical index membership unless dated membership evidence is supplied.,29538700.0,0.28779701099561894,716,RESEARCH_ONLY
GOLF,UNCLASSIFIED,,,,,LOW,,,,False,False,Current/recent classification snapshot only; not valid as historical index membership unless dated membership evidence is supplied.,371499200.0,0.4513406673504759,543,RESEARCH_ONLY
GOOD,UNCLASSIFIED,,,,,LOW,,,,False,False,Current/recent classification snapshot only; not valid as historical index membership unless dated membership evidence is supplied.,56942200.0,0.21477546062622097,716,RESEARCH_ONLY
GOTO,BLUE_CHIP,BLUE_CHIP,LQ45,,BLUE_CHIP,MEDIUM,Secondary LQ45 snapshot,2026-06-12,Current/recent snapshot; historical membership not inferred,False,False,Current/recent classification snapshot only; not valid as historical index membership unless dated membership evidence is supplied.,971030000.0,0.9159933380967096,1074,HIGH_VOLATILITY
GPRA,UNCLASSIFIED,,,,,LOW,,,,False,False,Current/recent classification snapshot only; not valid as historical index membership unless dated membership evidence is supplied.,11914406550.0,0.321207272586116,716,LIQUID_CORE
GPSO,UNCLASSIFIED,,,,,LOW,,,,False,False,Current/recent classification snapshot only; not valid as historical index membership unless dated membership evidence is supplied.,5626242600.0,0.5868784075696216,716,LIQUID_GROWTH_OR_MOMENTUM
GRIA,UNCLASSIFIED,,,,,LOW,,,,False,False,Current/recent classification snapshot only; not valid as historical index membership unless dated membership evidence is supplied.,606757200.0,0.638648230675229,716,RESEARCH_ONLY
GRPH,UNCLASSIFIED,,,,,LOW,,,,False,False,Current/recent classification snapshot only; not valid as historical index membership unless dated membership evidence is supplied.,569994500.0,0.7903064833404628,646,HIGH_VOLATILITY
GRPM,UNCLASSIFIED,,,,,LOW,,,,False,False,Current/recent classification snapshot only; not valid as historical index membership unless dated membership evidence is supplied.,942211650.0,0.9490614679814786,716,HIGH_VOLATILITY
GSMF,UNCLASSIFIED,,,,,LOW,,,,False,False,Current/recent classification snapshot only; not valid as historical index membership unless dated membership evidence is supplied.,480038200.0,1.3932798914422804,717,HIGH_VOLATILITY
GTBO,UNCLASSIFIED,,,,,LOW,,,,False,False,Current/recent classification snapshot only; not valid as historical index membership unless dated membership evidence is supplied.,0.0,0.9183772852595682,718,HIGH_VOLATILITY
GTRA,UNCLASSIFIED,,,,,LOW,,,,False,False,Current/recent classification snapshot only; not valid as historical index membership unless dated membership evidence is supplied.,142157600.0,0.43675342941486456,716,RESEARCH_ONLY
GTSI,UNCLASSIFIED,,,,,LOW,,,,False,False,Current/recent classification snapshot only; not valid as historical index membership unless dated membership evidence is supplied.,4577197200.0,0.5554333259552643,716,LIQUID_GROWTH_OR_MOMENTUM
GULA,UNCLASSIFIED,,,,,LOW,,,,False,False,Current/recent classification snapshot only; not valid as historical index membership unless dated membership evidence is supplied.,19050376000.0,0.317857874317023,716,LIQUID_CORE
GUNA,UNCLASSIFIED,,,,,LOW,,,,False,False,Current/recent classification snapshot only; not valid as historical index membership unless dated membership evidence is supplied.,33304000.0,0.09682740075167902,542,RESEARCH_ONLY
GWSA,UNCLASSIFIED,,,,,LOW,,,,False,False,Current/recent classification snapshot only; not valid as historical index membership unless dated membership evidence is supplied.,221683050.0,0.6855615155076125,716,RESEARCH_ONLY
GZCO,UNCLASSIFIED,,,,,LOW,,,,False,False,Current/recent classification snapshot only; not valid as historical index membership unless dated membership evidence is supplied.,2421848700.0,0.4630233111690143,716,LIQUID_GROWTH_OR_MOMENTUM
HADE,UNCLASSIFIED,,,,,LOW,,,,False,False,Current/recent classification snapshot only; not valid as historical index membership unless dated membership evidence is supplied.,89400450.0,1.09698184315255,716,HIGH_VOLATILITY
HAIS,UNCLASSIFIED,,,,,LOW,,,,False,False,Current/recent classification snapshot only; not valid as historical index membership unless dated membership evidence is supplied.,77877350.0,0.17681332921254536,716,RESEARCH_ONLY
HAJJ,UNCLASSIFIED,,,,,LOW,,,,False,False,Current/recent classification snapshot only; not valid as historical index membership unless dated membership evidence is supplied.,748854250.0,0.46769495602810307,716,RESEARCH_ONLY
HALO,UNCLASSIFIED,,,,,LOW,,,,False,False,Current/recent classification snapshot only; not valid as historical index membership unless dated membership evidence is supplied.,451152850.0,0.5514905146439002,716,RESEARCH_ONLY
HATM,UNCLASSIFIED,,,,,LOW,,,,False,False,Current/recent classification snapshot only; not valid as historical index membership unless dated membership evidence is supplied.,8690335000.0,0.4807207923697745,716,LIQUID_GROWTH_OR_MOMENTUM
HBAT,UNCLASSIFIED,,,,,LOW,,,,False,False,Current/recent classification snapshot only; not valid as historical index membership unless dated membership evidence is supplied.,277857600.0,0.6225608907820118,716,RESEARCH_ONLY
HDFA,UNCLASSIFIED,,,,,LOW,,,,False,False,Current/recent classification snapshot only; not valid as historical index membership unless dated membership evidence is supplied.,68527550.0,0.5610546470443829,716,RESEARCH_ONLY
HDIT,UNCLASSIFIED,,,,,LOW,,,,False,False,Current/recent classification snapshot only; not valid as historical index membership unless dated membership evidence is supplied.,146582500.0,0.7798277217125323,716,HIGH_VOLATILITY
HEAL,UNCLASSIFIED,,,,,LOW,,,,False,False,Current/recent classification snapshot only; not valid as historical index membership unless dated membership evidence is supplied.,8399146750.0,0.26414949526020753,716,LIQUID_CORE
HELI,UNCLASSIFIED,,,,,LOW,,,,False,False,Current/recent classification snapshot only; not valid as historical index membership unless dated membership evidence is supplied.,257661900.0,1.0898031407064692,716,HIGH_VOLATILITY
HERO,UNCLASSIFIED,,,,,LOW,,,,False,False,Current/recent classification snapshot only; not valid as historical index membership unless dated membership evidence is supplied.,49494500.0,0.21366122733514542,717,RESEARCH_ONLY
HEXA,UNCLASSIFIED,,,,,LOW,,,,False,False,Current/recent classification snapshot only; not valid as historical index membership unless dated membership evidence is supplied.,1621534222.265625,0.3010333408141942,717,LIQUID_GROWTH_OR_MOMENTUM
HGII,UNCLASSIFIED,,,,,LOW,,,,False,False,Current/recent classification snapshot only; not valid as historical index membership unless dated membership evidence is supplied.,123821200.0,0.26603868532336683,416,RESEARCH_ONLY
HILL,UNCLASSIFIED,,,,,LOW,,,,False,False,Current/recent classification snapshot only; not valid as historical index membership unless dated membership evidence is supplied.,0.0,0.0,717,RESEARCH_ONLY
HITS,UNCLASSIFIED,,,,,LOW,,,,False,False,Current/recent classification snapshot only; not valid as historical index membership unless dated membership evidence is supplied.,0.0,0.0,720,RESEARCH_ONLY
HMSP,UNCLASSIFIED,,,,,LOW,,,,False,False,Current/recent classification snapshot only; not valid as historical index membership unless dated membership evidence is supplied.,9575199250.0,0.3298744550516775,4121,LIQUID_CORE
HOKI,UNCLASSIFIED,,,,,LOW,,,,False,False,Current/recent classification snapshot only; not valid as historical index membership unless dated membership evidence is supplied.,739684350.0,0.833867972212339,716,HIGH_VOLATILITY
HOMI,UNCLASSIFIED,,,,,LOW,,,,False,False,Current/recent classification snapshot only; not valid as historical index membership unless dated membership evidence is supplied.,358410300.0,0.47448111593584946,716,RESEARCH_ONLY
HOPE,UNCLASSIFIED,,,,,LOW,,,,False,False,Current/recent classification snapshot only; not valid as historical index membership unless dated membership evidence is supplied.,10783676700.0,1.1995240877507929,716,HIGH_VOLATILITY
HRME,UNCLASSIFIED,,,,,LOW,,,,False,False,Current/recent classification snapshot only; not valid as historical index membership unless dated membership evidence is supplied.,83760600.0,0.5709435482414768,716,RESEARCH_ONLY
HRTA,BLUE_CHIP,BLUE_CHIP,LQ45,,BLUE_CHIP,MEDIUM,Secondary LQ45 snapshot,2026-06-12,Current/recent snapshot; historical membership not inferred,False,False,Current/recent classification snapshot only; not valid as historical index membership unless dated membership evidence is supplied.,19138005500.0,0.43827441820952057,716,LIQUID_CORE
HRUM,UNCLASSIFIED,,,,,LOW,,,,False,False,Current/recent classification snapshot only; not valid as historical index membership unless dated membership evidence is supplied.,10264431250.0,0.3417972839342161,3934,LIQUID_CORE
HUMI,UNCLASSIFIED,,,,,LOW,,,,False,False,Current/recent classification snapshot only; not valid as historical index membership unless dated membership evidence is supplied.,5423218100.0,0.6055999312093965,716,LIQUID_GROWTH_OR_MOMENTUM
HYGN,UNCLASSIFIED,,,,,LOW,,,,False,False,Current/recent classification snapshot only; not valid as historical index membership unless dated membership evidence is supplied.,338242000.0,0.37442399889908595,630,RESEARCH_ONLY
IATA,UNCLASSIFIED,,,,,LOW,,,,False,False,Current/recent classification snapshot only; not valid as historical index membership unless dated membership evidence is supplied.,55562543200.0,1.0304628090504724,716,HIGH_VOLATILITY
IBFN,UNCLASSIFIED,,,,,LOW,,,,False,False,Current/recent classification snapshot only; not valid as historical index membership unless dated membership evidence is supplied.,0.0,0.0,717,RESEARCH_ONLY
IBOS,UNCLASSIFIED,,,,,LOW,,,,False,False,Current/recent classification snapshot only; not valid as historical index membership unless dated membership evidence is supplied.,530051050.0,0.5185377851640185,716,RESEARCH_ONLY
IBST,UNCLASSIFIED,,,,,LOW,,,,False,False,Current/recent classification snapshot only; not valid as historical index membership unless dated membership evidence is supplied.,0.0,0.0,720,RESEARCH_ONLY
ICBP,BLUE_CHIP,CONGLOMERATE,LQ45,SALIM,BLUE_CHIP;CONGLOMERATE,MEDIUM,Secondary LQ45 snapshot;Secondary group-affiliation snapshot,2026-06-12;2026-10-07,Current/recent snapshot; historical membership not inferred;Current/recent affiliation; ownership/control relationship requires verification,False,False,Current/recent classification snapshot only; not valid as historical index membership unless dated membership evidence is supplied.,27255162500.0,0.27971528824833125,4119,LIQUID_CORE
ICON,UNCLASSIFIED,,,,,LOW,,,,False,False,Current/recent classification snapshot only; not valid as historical index membership unless dated membership evidence is supplied.,1902274150.0,0.576009997010962,716,LIQUID_GROWTH_OR_MOMENTUM
IDEA,UNCLASSIFIED,,,,,LOW,,,,False,False,Current/recent classification snapshot only; not valid as historical index membership unless dated membership evidence is supplied.,207023100.0,0.7581475045601176,716,HIGH_VOLATILITY
IDPR,UNCLASSIFIED,,,,,LOW,,,,False,False,Current/recent classification snapshot only; not valid as historical index membership unless dated membership evidence is supplied.,8757400.0,0.3477949813241867,716,RESEARCH_ONLY
IFII,UNCLASSIFIED,,,,,LOW,,,,False,False,Current/recent classification snapshot only; not valid as historical index membership unless dated membership evidence is supplied.,23798067.5491333,0.5509153475368017,716,RESEARCH_ONLY
IFSH,UNCLASSIFIED,,,,,LOW,,,,False,False,Current/recent classification snapshot only; not valid as historical index membership unless dated membership evidence is supplied.,14048750.0,1.7818468233182345,716,HIGH_VOLATILITY
IGAR,UNCLASSIFIED,,,,,LOW,,,,False,False,Current/recent classification snapshot only; not valid as historical index membership unless dated membership evidence is supplied.,17774500.0,0.5478238335539865,717,RESEARCH_ONLY
IKAI,UNCLASSIFIED,,,,,LOW,,,,False,False,Current/recent classification snapshot only; not valid as historical index membership unless dated membership evidence is supplied.,326113200.0,1.1146792459844994,717,HIGH_VOLATILITY
IKAN,UNCLASSIFIED,,,,,LOW,,,,False,False,Current/recent classification snapshot only; not valid as historical index membership unless dated membership evidence is supplied.,697520700.0,0.4934134854271109,716,RESEARCH_ONLY
IKBI,UNCLASSIFIED,,,,,LOW,,,,False,False,Current/recent classification snapshot only; not valid as historical index membership unless dated membership evidence is supplied.,175604500.0,0.5267679966554,717,RESEARCH_ONLY
IKPM,UNCLASSIFIED,,,,,LOW,,,,False,False,Current/recent classification snapshot only; not valid as historical index membership unless dated membership evidence is supplied.,24999400.0,0.2649592484039142,694,RESEARCH_ONLY
IMAS,UNCLASSIFIED,,,,,LOW,,,,False,False,Current/recent classification snapshot only; not valid as historical index membership unless dated membership evidence is supplied.,119616000.0,0.2600926680495902,717,RESEARCH_ONLY
IMJS,UNCLASSIFIED,,,,,LOW,,,,False,False,Current/recent classification snapshot only; not valid as historical index membership unless dated membership evidence is supplied.,431659450.0,0.3377168054711756,716,RESEARCH_ONLY
IMPC,UNCLASSIFIED,,,,,LOW,,,,False,False,Current/recent classification snapshot only; not valid as historical index membership unless dated membership evidence is supplied.,18653079250.0,0.47119705333900364,716,LIQUID_GROWTH_OR_MOMENTUM
INAF,UNCLASSIFIED,,,,,LOW,,,,False,False,Current/recent classification snapshot only; not valid as historical index membership unless dated membership evidence is supplied.,0.0,0.0,720,RESEARCH_ONLY
INAI,UNCLASSIFIED,,,,,LOW,,,,False,False,Current/recent classification snapshot only; not valid as historical index membership unless dated membership evidence is supplied.,208591250.0,0.5439586102202089,717,RESEARCH_ONLY
INCF,UNCLASSIFIED,,,,,LOW,,,,False,False,Current/recent classification snapshot only; not valid as historical index membership unless dated membership evidence is supplied.,0.0,0.0,717,RESEARCH_ONLY
INCI,UNCLASSIFIED,,,,,LOW,,,,False,False,Current/recent classification snapshot only; not valid as historical index membership unless dated membership evidence is supplied.,36700000.0,0.48703810255482277,717,RESEARCH_ONLY
INCO,BLUE_CHIP,BLUE_CHIP,LQ45,,BLUE_CHIP,MEDIUM,Secondary LQ45 snapshot,2026-06-12,Current/recent snapshot; historical membership not inferred,False,False,Current/recent classification snapshot only; not valid as historical index membership unless dated membership evidence is supplied.,57075751000.0,0.395287511550906,717,LIQUID_CORE
INDF,BLUE_CHIP,CONGLOMERATE,LQ45,SALIM,BLUE_CHIP;CONGLOMERATE,MEDIUM,Secondary LQ45 snapshot;Secondary group-affiliation snapshot,2026-06-12;2026-10-07,Current/recent snapshot; historical membership not inferred;Current/recent affiliation; ownership/control relationship requires verification,False,False,Current/recent classification snapshot only; not valid as historical index membership unless dated membership evidence is supplied.,39598930000.0,0.18564003204840626,4121,LIQUID_CORE
INDO,UNCLASSIFIED,,,,,LOW,,,,False,False,Current/recent classification snapshot only; not valid as historical index membership unless dated membership evidence is supplied.,4937613050.0,0.24643415142929406,716,LIQUID_GROWTH_OR_MOMENTUM
INDR,UNCLASSIFIED,,,,,LOW,,,,False,False,Current/recent classification snapshot only; not valid as historical index membership unless dated membership evidence is supplied.,83094250.0,0.4220195123416895,717,RESEARCH_ONLY
INDS,UNCLASSIFIED,,,,,LOW,,,,False,False,Current/recent classification snapshot only; not valid as historical index membership unless dated membership evidence is supplied.,301876300.0,0.2395416958164889,4121,RESEARCH_ONLY
INDX,UNCLASSIFIED,,,,,LOW,,,,False,False,Current/recent classification snapshot only; not valid as historical index membership unless dated membership evidence is supplied.,0.0,0.0,717,RESEARCH_ONLY
INDY,UNCLASSIFIED,,,,,LOW,,,,False,False,Current/recent classification snapshot only; not valid as historical index membership unless dated membership evidence is supplied.,59686648500.0,0.6644175401174744,4120,LIQUID_GROWTH_OR_MOMENTUM
INET,UNCLASSIFIED,,,,,LOW,,,,False,False,Current/recent classification snapshot only; not valid as historical index membership unless dated membership evidence is supplied.,85200534600.0,0.5235671774687499,716,LIQUID_GROWTH_OR_MOMENTUM
INKP,BLUE_CHIP,CONGLOMERATE,LQ45,SINAR_MAS,BLUE_CHIP;CONGLOMERATE,MEDIUM,Secondary LQ45 snapshot;Secondary group-affiliation snapshot,2026-06-12;2026-10-07,Current/recent snapshot; historical membership not inferred;Current/recent affiliation; ownership/control relationship requires verification,False,False,Current/recent classification snapshot only; not valid as historical index membership unless dated membership evidence is supplied.,32597261250.0,0.3207003972102175,4120,LIQUID_CORE
INOV,UNCLASSIFIED,,,,,LOW,,,,False,False,Current/recent classification snapshot only; not valid as historical index membership unless dated membership evidence is supplied.,296463000.0,0.27563634128907416,716,RESEARCH_ONLY
INPC,UNCLASSIFIED,,,,,LOW,,,,False,False,Current/recent classification snapshot only; not valid as historical index membership unless dated membership evidence is supplied.,547772800.0,0.5040607868025981,4119,RESEARCH_ONLY
INPP,UNCLASSIFIED,,,,,LOW,,,,False,False,Current/recent classification snapshot only; not valid as historical index membership unless dated membership evidence is supplied.,81298000.0,0.19966174159936384,717,RESEARCH_ONLY
INPS,UNCLASSIFIED,,,,,LOW,,,,False,False,Current/recent classification snapshot only; not valid as historical index membership unless dated membership evidence is supplied.,117036750.0,0.6413832464572015,715,RESEARCH_ONLY
INRU,UNCLASSIFIED,,,,,LOW,,,,False,False,Current/recent classification snapshot only; not valid as historical index membership unless dated membership evidence is supplied.,0.0,0.0,4125,RESEARCH_ONLY
INTA,UNCLASSIFIED,,,,,LOW,,,,False,False,Current/recent classification snapshot only; not valid as historical index membership unless dated membership evidence is supplied.,0.0,0.0,717,RESEARCH_ONLY
INTD,UNCLASSIFIED,,,,,LOW,,,,False,False,Current/recent classification snapshot only; not valid as historical index membership unless dated membership evidence is supplied.,42750200.0,1.4900910326234629,717,HIGH_VOLATILITY
INTP,UNCLASSIFIED,,,,,LOW,,,,False,False,Current/recent classification snapshot only; not valid as historical index membership unless dated membership evidence is supplied.,5286637500.0,0.3010526782640445,717,LIQUID_CORE
IOTF,UNCLASSIFIED,,,,,LOW,,,,False,False,Current/recent classification snapshot only; not valid as historical index membership unless dated membership evidence is supplied.,1034611100.0,0.8766447748421368,716,HIGH_VOLATILITY
IPAC,UNCLASSIFIED,,,,,LOW,,,,False,False,Current/recent classification snapshot only; not valid as historical index membership unless dated membership evidence is supplied.,5879650.0,0.057912316135647283,715,RESEARCH_ONLY
IPCC,UNCLASSIFIED,,,,,LOW,,,,False,False,Current/recent classification snapshot only; not valid as historical index membership unless dated membership evidence is supplied.,703038000.0,0.18206768270075052,716,RESEARCH_ONLY
IPCM,UNCLASSIFIED,,,,,LOW,,,,False,False,Current/recent classification snapshot only; not valid as historical index membership unless dated membership evidence is supplied.,205648500.0,0.18861422152893337,716,RESEARCH_ONLY
IPOL,UNCLASSIFIED,,,,,LOW,,,,False,False,Current/recent classification snapshot only; not valid as historical index membership unless dated membership evidence is supplied.,72582850.0,0.29408008881034226,716,RESEARCH_ONLY
IPPE,UNCLASSIFIED,,,,,LOW,,,,False,False,Current/recent classification snapshot only; not valid as historical index membership unless dated membership evidence is supplied.,0.0,0.0,720,RESEARCH_ONLY
IPTV,UNCLASSIFIED,,,,,LOW,,,,False,False,Current/recent classification snapshot only; not valid as historical index membership unless dated membership evidence is supplied.,101230600.0,0.7273160648658143,716,RESEARCH_ONLY
IRRA,UNCLASSIFIED,,,,,LOW,,,,False,False,Current/recent classification snapshot only; not valid as historical index membership unless dated membership evidence is supplied.,214948900.0,0.22696483485790134,716,RESEARCH_ONLY
IRSX,UNCLASSIFIED,,,,,LOW,,,,False,False,Current/recent classification snapshot only; not valid as historical index membership unless dated membership evidence is supplied.,19412408100.0,0.7273802973351186,716,LIQUID_GROWTH_OR_MOMENTUM
ISAP,UNCLASSIFIED,,,,,LOW,,,,False,False,Current/recent classification snapshot only; not valid as historical index membership unless dated membership evidence is supplied.,434502500.0,0.8464986813096509,716,HIGH_VOLATILITY
ISAT,BLUE_CHIP,BLUE_CHIP,LQ45,,BLUE_CHIP,MEDIUM,Secondary LQ45 snapshot,2026-06-12,Current/recent snapshot; historical membership not inferred,False,False,Current/recent classification snapshot only; not valid as historical index membership unless dated membership evidence is supplied.,102157755000.0,0.3049362257508549,4121,LIQUID_CORE
ISEA,UNCLASSIFIED,,,,,LOW,,,,False,False,Current/recent classification snapshot only; not valid as historical index membership unless dated membership evidence is supplied.,509081700.0,0.44968185449053083,543,RESEARCH_ONLY
ISSP,UNCLASSIFIED,,,,,LOW,,,,False,False,Current/recent classification snapshot only; not valid as historical index membership unless dated membership evidence is supplied.,543618500.0,0.28838313856377074,716,RESEARCH_ONLY
ITIC,UNCLASSIFIED,,,,,LOW,,,,False,False,Current/recent classification snapshot only; not valid as historical index membership unless dated membership evidence is supplied.,75255200.0,0.280080430584517,716,RESEARCH_ONLY
ITMA,UNCLASSIFIED,,,,,LOW,,,,False,False,Current/recent classification snapshot only; not valid as historical index membership unless dated membership evidence is supplied.,33044000.0,0.4877226716743211,716,RESEARCH_ONLY
ITMG,BLUE_CHIP,BLUE_CHIP,LQ45,,BLUE_CHIP,MEDIUM,Secondary LQ45 snapshot,2026-06-12,Current/recent snapshot; historical membership not inferred,False,False,Current/recent classification snapshot only; not valid as historical index membership unless dated membership evidence is supplied.,32860001250.0,0.2305965359869646,4121,LIQUID_CORE
JARR,UNCLASSIFIED,,,,,LOW,,,,False,False,Current/recent classification snapshot only; not valid as historical index membership unless dated membership evidence is supplied.,25804488000.0,0.9274396038719814,716,HIGH_VOLATILITY
JAST,UNCLASSIFIED,,,,,LOW,,,,False,False,Current/recent classification snapshot only; not valid as historical index membership unless dated membership evidence is supplied.,590224900.0,0.7222769386397844,716,RESEARCH_ONLY
JATI,UNCLASSIFIED,,,,,LOW,,,,False,False,Current/recent classification snapshot only; not valid as historical index membership unless dated membership evidence is supplied.,1587719500.0,0.573079410408406,716,LIQUID_GROWTH_OR_MOMENTUM
JAWA,UNCLASSIFIED,,,,,LOW,,,,False,False,Current/recent classification snapshot only; not valid as historical index membership unless dated membership evidence is supplied.,696827250.0,1.2905681698786,716,HIGH_VOLATILITY
JAYA,UNCLASSIFIED,,,,,LOW,,,,False,False,Current/recent classification snapshot only; not valid as historical index membership unless dated membership evidence is supplied.,284862050.0,0.7260365665032503,716,RESEARCH_ONLY
JECC,UNCLASSIFIED,,,,,LOW,,,,False,False,Current/recent classification snapshot only; not valid as historical index membership unless dated membership evidence is supplied.,29447000.0,1.2249399513930164,717,HIGH_VOLATILITY
JGLE,UNCLASSIFIED,,,,,LOW,,,,False,False,Current/recent classification snapshot only; not valid as historical index membership unless dated membership evidence is supplied.,36560030400.0,0.7796296637030791,716,HIGH_VOLATILITY
JIHD,UNCLASSIFIED,,,,,LOW,,,,False,False,Current/recent classification snapshot only; not valid as historical index membership unless dated membership evidence is supplied.,86012000.0,0.18180723210469546,717,RESEARCH_ONLY
JKON,UNCLASSIFIED,,,,,LOW,,,,False,False,Current/recent classification snapshot only; not valid as historical index membership unless dated membership evidence is supplied.,977197050.0,0.27418959849472113,717,RESEARCH_ONLY
JMAS,UNCLASSIFIED,,,,,LOW,,,,False,False,Current/recent classification snapshot only; not valid as historical index membership unless dated membership evidence is supplied.,0.0,0.0,717,RESEARCH_ONLY
JPFA,BLUE_CHIP,BLUE_CHIP,LQ45,,BLUE_CHIP,MEDIUM,Secondary LQ45 snapshot,2026-06-12,Current/recent snapshot; historical membership not inferred,False,False,Current/recent classification snapshot only; not valid as historical index membership unless dated membership evidence is supplied.,24760410500.0,0.24858190682296866,717,LIQUID_CORE
JRPT,UNCLASSIFIED,,,,,LOW,,,,False,False,Current/recent classification snapshot only; not valid as historical index membership unless dated membership evidence is supplied.,502446250.0,0.11970086769718462,717,RESEARCH_ONLY
JSMR,BUMN_AFFILIATED,BUMN_AFFILIATED,,,BUMN_AFFILIATED,MEDIUM,IDX/market reference seed,2026-10-07,Research classification seed; not equivalent to BUMN20 PIT membership,False,False,Current/recent classification snapshot only; not valid as historical index membership unless dated membership evidence is supplied.,7237144000.0,0.2098566076080571,4119,LIQUID_CORE
JSPT,UNCLASSIFIED,,,,,LOW,,,,False,False,Current/recent classification snapshot only; not valid as historical index membership unless dated membership evidence is supplied.,23914250.0,0.4299446685983214,717,RESEARCH_ONLY
JTPE,UNCLASSIFIED,,,,,LOW,,,,False,False,Current/recent classification snapshot only; not valid as historical index membership unless dated membership evidence is supplied.,557309750.0,0.2236520890018738,717,RESEARCH_ONLY
KAEF,BUMN_AFFILIATED,BUMN_AFFILIATED,,,BUMN_AFFILIATED,MEDIUM,IDX/market reference seed,2026-10-07,Research classification seed; not equivalent to BUMN20 PIT membership,False,False,Current/recent classification snapshot only; not valid as historical index membership unless dated membership evidence is supplied.,239088000.0,0.32122498695513324,4120,RESEARCH_ONLY
KAQI,UNCLASSIFIED,,,,,LOW,,,,False,False,Current/recent classification snapshot only; not valid as historical index membership unless dated membership evidence is supplied.,3043170900.0,0.3700201997468872,377,LIQUID_GROWTH_OR_MOMENTUM
KARW,UNCLASSIFIED,,,,,LOW,,,,False,False,Current/recent classification snapshot only; not valid as historical index membership unless dated membership evidence is supplied.,0.0,0.0,717,RESEARCH_ONLY
KAYU,UNCLASSIFIED,,,,,LOW,,,,False,False,Current/recent classification snapshot only; not valid as historical index membership unless dated membership evidence is supplied.,0.0,0.0,720,RESEARCH_ONLY
KBAG,UNCLASSIFIED,,,,,LOW,,,,False,False,Current/recent classification snapshot only; not valid as historical index membership unless dated membership evidence is supplied.,173625000.0,0.7125663727576104,716,RESEARCH_ONLY
KBLI,UNCLASSIFIED,,,,,LOW,,,,False,False,Current/recent classification snapshot only; not valid as historical index membership unless dated membership evidence is supplied.,224180500.0,0.477368479559369,717,RESEARCH_ONLY
KBLM,UNCLASSIFIED,,,,,LOW,,,,False,False,Current/recent classification snapshot only; not valid as historical index membership unless dated membership evidence is supplied.,22961900.0,0.5368822462882112,4120,RESEARCH_ONLY
KBLV,UNCLASSIFIED,,,,,LOW,,,,False,False,Current/recent classification snapshot only; not valid as historical index membership unless dated membership evidence is supplied.,2032976300.0,0.5086404800469754,716,LIQUID_GROWTH_OR_MOMENTUM
KDSI,UNCLASSIFIED,,,,,LOW,,,,False,False,Current/recent classification snapshot only; not valid as historical index membership unless dated membership evidence is supplied.,4553600.0,0.21271699692816812,717,RESEARCH_ONLY
KDTN,UNCLASSIFIED,,,,,LOW,,,,False,False,Current/recent classification snapshot only; not valid as historical index membership unless dated membership evidence is supplied.,2501682400.0,1.318412874990526,716,HIGH_VOLATILITY
KEEN,UNCLASSIFIED,,,,,LOW,,,,False,False,Current/recent classification snapshot only; not valid as historical index membership unless dated membership evidence is supplied.,7267637000.0,0.22870958663667,716,LIQUID_CORE
KEJU,UNCLASSIFIED,,,,,LOW,,,,False,False,Current/recent classification snapshot only; not valid as historical index membership unless dated membership evidence is supplied.,51674000.0,0.19968224809448495,716,RESEARCH_ONLY
KETR,UNCLASSIFIED,,,,,LOW,,,,False,False,Current/recent classification snapshot only; not valid as historical index membership unless dated membership evidence is supplied.,25245719500.0,0.5664332212550002,716,LIQUID_GROWTH_OR_MOMENTUM
KIAS,UNCLASSIFIED,,,,,LOW,,,,False,False,Current/recent classification snapshot only; not valid as historical index membership unless dated membership evidence is supplied.,0.0,0.0,720,RESEARCH_ONLY
KICI,UNCLASSIFIED,,,,,LOW,,,,False,False,Current/recent classification snapshot only; not valid as historical index membership unless dated membership evidence is supplied.,314582250.0,1.2782780644483112,717,HIGH_VOLATILITY
KIJA,UNCLASSIFIED,,,,,LOW,,,,False,False,Current/recent classification snapshot only; not valid as historical index membership unless dated membership evidence is supplied.,27186520550.0,0.579936134838674,717,LIQUID_GROWTH_OR_MOMENTUM
KINO,UNCLASSIFIED,,,,,LOW,,,,False,False,Current/recent classification snapshot only; not valid as historical index membership unless dated membership evidence is supplied.,61455250.0,0.32003626719693523,716,RESEARCH_ONLY
KIOS,UNCLASSIFIED,,,,,LOW,,,,False,False,Current/recent classification snapshot only; not valid as historical index membership unless dated membership evidence is supplied.,1630524650.0,0.7489947927287282,716,LIQUID_GROWTH_OR_MOMENTUM
KJEN,UNCLASSIFIED,,,,,LOW,,,,False,False,Current/recent classification snapshot only; not valid as historical index membership unless dated membership evidence is supplied.,1335207000.0,0.562851085507233,716,LIQUID_GROWTH_OR_MOMENTUM
KKES,UNCLASSIFIED,,,,,LOW,,,,False,False,Current/recent classification snapshot only; not valid as historical index membership unless dated membership evidence is supplied.,772002700.0,1.8915676631313054,716,HIGH_VOLATILITY
KKGI,UNCLASSIFIED,,,,,LOW,,,,False,False,Current/recent classification snapshot only; not valid as historical index membership unless dated membership evidence is supplied.,648690870.4345703,0.3557150870031819,717,RESEARCH_ONLY
KLAS,UNCLASSIFIED,,,,,LOW,,,,False,False,Current/recent classification snapshot only; not valid as historical index membership unless dated membership evidence is supplied.,622739800.0,0.6566460916425104,716,RESEARCH_ONLY
KLBF,BLUE_CHIP,BLUE_CHIP,LQ45,,BLUE_CHIP,MEDIUM,Secondary LQ45 snapshot,2026-06-12,Current/recent snapshot; historical membership not inferred,False,False,Current/recent classification snapshot only; not valid as historical index membership unless dated membership evidence is supplied.,51111476000.0,0.30560438508411125,4121,LIQUID_CORE
KLIN,UNCLASSIFIED,,,,,LOW,,,,False,False,Current/recent classification snapshot only; not valid as historical index membership unless dated membership evidence is supplied.,23037600.0,0.5804774218581119,716,RESEARCH_ONLY
KMDS,UNCLASSIFIED,,,,,LOW,,,,False,False,Current/recent classification snapshot only; not valid as historical index membership unless dated membership evidence is supplied.,51849000.0,0.12236508723995154,716,RESEARCH_ONLY
KMTR,UNCLASSIFIED,,,,,LOW,,,,False,False,Current/recent classification snapshot only; not valid as historical index membership unless dated membership evidence is supplied.,12836000.0,0.28852657907802565,716,RESEARCH_ONLY
KOBX,UNCLASSIFIED,,,,,LOW,,,,False,False,Current/recent classification snapshot only; not valid as historical index membership unless dated membership evidence is supplied.,353961150.0,0.2554377570117298,716,RESEARCH_ONLY
KOCI,UNCLASSIFIED,,,,,LOW,,,,False,False,Current/recent classification snapshot only; not valid as historical index membership unless dated membership evidence is supplied.,1493583050.0,0.7046409879340065,716,LIQUID_GROWTH_OR_MOMENTUM
KOIN,UNCLASSIFIED,,,,,LOW,,,,False,False,Current/recent classification snapshot only; not valid as historical index membership unless dated membership evidence is supplied.,0.0,0.0,717,RESEARCH_ONLY
KOKA,UNCLASSIFIED,,,,,LOW,,,,False,False,Current/recent classification snapshot only; not valid as historical index membership unless dated membership evidence is supplied.,2422086900.0,0.786432022275114,714,HIGH_VOLATILITY
KONI,UNCLASSIFIED,,,,,LOW,,,,False,False,Current/recent classification snapshot only; not valid as historical index membership unless dated membership evidence is supplied.,45472000.0,0.4470926046591484,717,RESEARCH_ONLY
KOPI,UNCLASSIFIED,,,,,LOW,,,,False,False,Current/recent classification snapshot only; not valid as historical index membership unless dated membership evidence is supplied.,142116000.0,0.23942754460238044,716,RESEARCH_ONLY
KOTA,UNCLASSIFIED,,,,,LOW,,,,False,False,Current/recent classification snapshot only; not valid as historical index membership unless dated membership evidence is supplied.,67425460300.0,0.5840700972599959,716,LIQUID_GROWTH_OR_MOMENTUM
KPIG,UNCLASSIFIED,,,,,LOW,,,,False,False,Current/recent classification snapshot only; not valid as historical index membership unless dated membership evidence is supplied.,14026600200.0,1.5696358741983931,717,HIGH_VOLATILITY
KRAS,BUMN_AFFILIATED,BUMN_AFFILIATED,,,BUMN_AFFILIATED,MEDIUM,IDX/market reference seed,2026-10-07,Research classification seed; not equivalent to BUMN20 PIT membership,False,False,Current/recent classification snapshot only; not valid as historical index membership unless dated membership evidence is supplied.,944405700.0,0.5247460766042914,716,RESEARCH_ONLY
KREN,UNCLASSIFIED,,,,,LOW,,,,False,False,Current/recent classification snapshot only; not valid as historical index membership unless dated membership evidence is supplied.,300743050.0,1.418748814741597,717,HIGH_VOLATILITY
KRYA,UNCLASSIFIED,,,,,LOW,,,,False,False,Current/recent classification snapshot only; not valid as historical index membership unless dated membership evidence is supplied.,1382440900.0,0.8129115412854826,716,HIGH_VOLATILITY
KSIX,UNCLASSIFIED,,,,,LOW,,,,False,False,Current/recent classification snapshot only; not valid as historical index membership unless dated membership evidence is supplied.,143451000.0,0.35952550315340875,417,RESEARCH_ONLY
KUAS,UNCLASSIFIED,,,,,LOW,,,,False,False,Current/recent classification snapshot only; not valid as historical index membership unless dated membership evidence is supplied.,1018912650.0,0.8604711216128668,716,HIGH_VOLATILITY
LABA,UNCLASSIFIED,,,,,LOW,,,,False,False,Current/recent classification snapshot only; not valid as historical index membership unless dated membership evidence is supplied.,1035245100.0,0.6936113587821738,716,LIQUID_GROWTH_OR_MOMENTUM
LABS,UNCLASSIFIED,,,,,LOW,,,,False,False,Current/recent classification snapshot only; not valid as historical index membership unless dated membership evidence is supplied.,171621400.0,0.6246160036351716,541,RESEARCH_ONLY
LAJU,UNCLASSIFIED,,,,,LOW,,,,False,False,Current/recent classification snapshot only; not valid as historical index membership unless dated membership evidence is supplied.,1322662950.0,0.6774596252243718,716,LIQUID_GROWTH_OR_MOMENTUM
LAND,UNCLASSIFIED,,,,,LOW,,,,False,False,Current/recent classification snapshot only; not valid as historical index membership unless dated membership evidence is supplied.,1715691250.0,0.983115830619262,716,HIGH_VOLATILITY
LAPD,UNCLASSIFIED,,,,,LOW,,,,False,False,Current/recent classification snapshot only; not valid as historical index membership unless dated membership evidence is supplied.,1982294500.0,1.5146296899191236,716,HIGH_VOLATILITY
LCKM,UNCLASSIFIED,,,,,LOW,,,,False,False,Current/recent classification snapshot only; not valid as historical index membership unless dated membership evidence is supplied.,0.0,0.0,717,RESEARCH_ONLY
LEAD,UNCLASSIFIED,,,,,LOW,,,,False,False,Current/recent classification snapshot only; not valid as historical index membership unless dated membership evidence is supplied.,2191790800.0,0.3856045090919167,716,LIQUID_GROWTH_OR_MOMENTUM
LFLO,UNCLASSIFIED,,,,,LOW,,,,False,False,Current/recent classification snapshot only; not valid as historical index membership unless dated membership evidence is supplied.,4484550.0,0.5523584485056963,716,RESEARCH_ONLY
LIFE,UNCLASSIFIED,,,,,LOW,,,,False,False,Current/recent classification snapshot only; not valid as historical index membership unless dated membership evidence is supplied.,15960000.0,0.89544975293583,716,HIGH_VOLATILITY
LINK,UNCLASSIFIED,,,,,LOW,,,,False,False,Current/recent classification snapshot only; not valid as historical index membership unless dated membership evidence is supplied.,25370250.0,0.5820001305586416,716,RESEARCH_ONLY
LION,UNCLASSIFIED,,,,,LOW,,,,False,False,Current/recent classification snapshot only; not valid as historical index membership unless dated membership evidence is supplied.,28039000.0,0.5729811315949909,717,RESEARCH_ONLY
LIVE,UNCLASSIFIED,,,,,LOW,,,,False,False,Current/recent classification snapshot only; not valid as historical index membership unless dated membership evidence is supplied.,377081400.0,0.4308831087157362,631,RESEARCH_ONLY
LMAX,UNCLASSIFIED,,,,,LOW,,,,False,False,Current/recent classification snapshot only; not valid as historical index membership unless dated membership evidence is supplied.,52076200.0,0.5020165389172262,716,RESEARCH_ONLY
LMPI,UNCLASSIFIED,,,,,LOW,,,,False,False,Current/recent classification snapshot only; not valid as historical index membership unless dated membership evidence is supplied.,44491500.0,0.24804119272192954,717,RESEARCH_ONLY
LMSH,UNCLASSIFIED,,,,,LOW,,,,False,False,Current/recent classification snapshot only; not valid as historical index membership unless dated membership evidence is supplied.,0.0,0.0,720,RESEARCH_ONLY
LOPI,UNCLASSIFIED,,,,,LOW,,,,False,False,Current/recent classification snapshot only; not valid as historical index membership unless dated membership evidence is supplied.,434936700.0,0.5061231047717945,714,RESEARCH_ONLY
LPCK,UNCLASSIFIED,,,,,LOW,,,,False,False,Current/recent classification snapshot only; not valid as historical index membership unless dated membership evidence is supplied.,197728250.0,0.36212259946844283,4121,RESEARCH_ONLY
LPGI,UNCLASSIFIED,,,,,LOW,,,,False,False,Current/recent classification snapshot only; not valid as historical index membership unless dated membership evidence is supplied.,4998750.0,0.07757945151457793,717,RESEARCH_ONLY
LPIN,UNCLASSIFIED,,,,,LOW,,,,False,False,Current/recent classification snapshot only; not valid as historical index membership unless dated membership evidence is supplied.,38418500.0,0.15149299747381928,717,RESEARCH_ONLY
LPKR,UNCLASSIFIED,,,,,LOW,,,,False,False,Current/recent classification snapshot only; not valid as historical index membership unless dated membership evidence is supplied.,7742044450.0,0.6985781149704242,4120,LIQUID_GROWTH_OR_MOMENTUM
LPLI,UNCLASSIFIED,,,,,LOW,,,,False,False,Current/recent classification snapshot only; not valid as historical index membership unless dated membership evidence is supplied.,36807700.0,0.29205405950380475,717,RESEARCH_ONLY
LPPF,UNCLASSIFIED,,,,,LOW,,,,False,False,Current/recent classification snapshot only; not valid as historical index membership unless dated membership evidence is supplied.,1760287500.0,0.25804946088027375,717,LIQUID_GROWTH_OR_MOMENTUM
LPPS,UNCLASSIFIED,,,,,LOW,,,,False,False,Current/recent classification snapshot only; not valid as historical index membership unless dated membership evidence is supplied.,141742450.0,0.8887795186222098,717,HIGH_VOLATILITY
LRNA,UNCLASSIFIED,,,,,LOW,,,,False,False,Current/recent classification snapshot only; not valid as historical index membership unless dated membership evidence is supplied.,47088500.0,0.3785974273151654,716,RESEARCH_ONLY
LSIP,UNCLASSIFIED,,,,,LOW,,,,False,False,Current/recent classification snapshot only; not valid as historical index membership unless dated membership evidence is supplied.,12543741000.0,0.26328216164225093,717,LIQUID_CORE
LTLS,UNCLASSIFIED,,,,,LOW,,,,False,False,Current/recent classification snapshot only; not valid as historical index membership unless dated membership evidence is supplied.,55888000.0,0.33074120982003186,717,RESEARCH_ONLY
LUCK,UNCLASSIFIED,,,,,LOW,,,,False,False,Current/recent classification snapshot only; not valid as historical index membership unless dated membership evidence is supplied.,501853750.0,0.40117063012989984,716,RESEARCH_ONLY
LUCY,UNCLASSIFIED,,,,,LOW,,,,False,False,Current/recent classification snapshot only; not valid as historical index membership unless dated membership evidence is supplied.,12170009600.0,0.9076404981139968,716,HIGH_VOLATILITY
MAHA,UNCLASSIFIED,,,,,LOW,,,,False,False,Current/recent classification snapshot only; not valid as historical index membership unless dated membership evidence is supplied.,522710100.0,0.25855611126426786,716,RESEARCH_ONLY
MAIN,UNCLASSIFIED,,,,,LOW,,,,False,False,Current/recent classification snapshot only; not valid as historical index membership unless dated membership evidence is supplied.,752454250.0,0.21194079372354702,717,RESEARCH_ONLY
MANG,UNCLASSIFIED,,,,,LOW,,,,False,False,Current/recent classification snapshot only; not valid as historical index membership unless dated membership evidence is supplied.,292246200.0,0.47528755798710337,651,RESEARCH_ONLY
MAPA,UNCLASSIFIED,,,,,LOW,,,,False,False,Current/recent classification snapshot only; not valid as historical index membership unless dated membership evidence is supplied.,8939987000.0,0.38625248669522844,716,LIQUID_CORE
MAPB,UNCLASSIFIED,,,,,LOW,,,,False,False,Current/recent classification snapshot only; not valid as historical index membership unless dated membership evidence is supplied.,1348250.0,0.8015371092527976,716,HIGH_VOLATILITY
MAPI,BLUE_CHIP,BLUE_CHIP,LQ45,,BLUE_CHIP,MEDIUM,Secondary LQ45 snapshot,2026-06-12,Current/recent snapshot; historical membership not inferred,False,False,Current/recent classification snapshot only; not valid as historical index membership unless dated membership evidence is supplied.,7708789500.0,0.3594732399102722,717,LIQUID_CORE
MARI,UNCLASSIFIED,,,,,LOW,,,,False,False,Current/recent classification snapshot only; not valid as historical index membership unless dated membership evidence is supplied.,0.0,0.0,717,RESEARCH_ONLY
MARK,UNCLASSIFIED,,,,,LOW,,,,False,False,Current/recent classification snapshot only; not valid as historical index membership unless dated membership evidence is supplied.,16376504087.231445,0.42980189592997786,716,LIQUID_CORE
MASB,UNCLASSIFIED,,,,,LOW,,,,False,False,Current/recent classification snapshot only; not valid as historical index membership unless dated membership evidence is supplied.,33900000.0,0.2607749106891473,716,RESEARCH_ONLY
MAXI,UNCLASSIFIED,,,,,LOW,,,,False,False,Current/recent classification snapshot only; not valid as historical index membership unless dated membership evidence is supplied.,6115000.0,0.93707197406446,716,HIGH_VOLATILITY
MAYA,UNCLASSIFIED,,,,,LOW,,,,False,False,Current/recent classification snapshot only; not valid as historical index membership unless dated membership evidence is supplied.,170629000.0,0.35916584961787196,4120,RESEARCH_ONLY
MBAP,UNCLASSIFIED,,,,,LOW,,,,False,False,Current/recent classification snapshot only; not valid as historical index membership unless dated membership evidence is supplied.,77688000.0,0.2897350594344311,716,RESEARCH_ONLY
MBMA,BLUE_CHIP,BLUE_CHIP,LQ45,,BLUE_CHIP,MEDIUM,Secondary LQ45 snapshot,2026-06-12,Current/recent snapshot; historical membership not inferred,False,False,Current/recent classification snapshot only; not valid as historical index membership unless dated membership evidence is supplied.,51932177250.0,0.43388191107240076,716,LIQUID_CORE
MBSS,UNCLASSIFIED,,,,,LOW,,,,False,False,Current/recent classification snapshot only; not valid as historical index membership unless dated membership evidence is supplied.,3286332000.0,1.1039890355439486,716,HIGH_VOLATILITY
MBTO,UNCLASSIFIED,,,,,LOW,,,,False,False,Current/recent classification snapshot only; not valid as historical index membership unless dated membership evidence is supplied.,624714800.0,1.677569517421946,716,HIGH_VOLATILITY
MCAS,UNCLASSIFIED,,,,,LOW,,,,False,False,Current/recent classification snapshot only; not valid as historical index membership unless dated membership evidence is supplied.,601932600.0,0.5661227196226909,716,RESEARCH_ONLY
MCOL,UNCLASSIFIED,,,,,LOW,,,,False,False,Current/recent classification snapshot only; not valid as historical index membership unless dated membership evidence is supplied.,79556500.0,0.2220666359396707,716,RESEARCH_ONLY
MCOR,UNCLASSIFIED,,,,,LOW,,,,False,False,Current/recent classification snapshot only; not valid as historical index membership unless dated membership evidence is supplied.,166099000.0,0.15950316308375923,717,RESEARCH_ONLY
MDIA,CONGLOMERATE,CONGLOMERATE,,BAKRIE,CONGLOMERATE,MEDIUM,Secondary group-affiliation snapshot,2026-10-07,Current/recent affiliation; ownership/control relationship requires verification,False,False,Current/recent classification snapshot only; not valid as historical index membership unless dated membership evidence is supplied.,40474109000.0,0.8305052088341887,717,HIGH_VOLATILITY
MDIY,UNCLASSIFIED,,,,,LOW,,,,False,False,Current/recent classification snapshot only; not valid as historical index membership unless dated membership evidence is supplied.,408377750.0,0.17507153142501292,427,RESEARCH_ONLY
MDKA,BLUE_CHIP,CONGLOMERATE,LQ45,MERDEKA,BLUE_CHIP;CONGLOMERATE,MEDIUM,Secondary LQ45 snapshot;Secondary group-affiliation snapshot,2026-06-12;2026-10-07,Current/recent snapshot; historical membership not inferred;Current/recent affiliation; ownership/control relationship requires verification,False,False,Current/recent classification snapshot only; not valid as historical index membership unless dated membership evidence is supplied.,98260423500.0,0.4578605784652819,716,LIQUID_GROWTH_OR_MOMENTUM
MDKI,UNCLASSIFIED,,,,,LOW,,,,False,False,Current/recent classification snapshot only; not valid as historical index membership unless dated membership evidence is supplied.,39072400.0,0.18628407583411355,716,RESEARCH_ONLY
MDLA,UNCLASSIFIED,,,,,LOW,,,,False,False,Current/recent classification snapshot only; not valid as historical index membership unless dated membership evidence is supplied.,185733000.0,0.1369164779197777,358,RESEARCH_ONLY
MDLN,UNCLASSIFIED,,,,,LOW,,,,False,False,Current/recent classification snapshot only; not valid as historical index membership unless dated membership evidence is supplied.,51884800.0,0.8465557709734677,717,HIGH_VOLATILITY
MDRN,UNCLASSIFIED,,,,,LOW,,,,False,False,Current/recent classification snapshot only; not valid as historical index membership unless dated membership evidence is supplied.,0.0,0.0,717,RESEARCH_ONLY
MEDC,BLUE_CHIP,BLUE_CHIP,LQ45,,BLUE_CHIP,MEDIUM,Secondary LQ45 snapshot,2026-06-12,Current/recent snapshot; historical membership not inferred,False,False,Current/recent classification snapshot only; not valid as historical index membership unless dated membership evidence is supplied.,69997944500.0,0.3545691371011853,4121,LIQUID_CORE
MEDS,UNCLASSIFIED,,,,,LOW,,,,False,False,Current/recent classification snapshot only; not valid as historical index membership unless dated membership evidence is supplied.,2455696450.0,0.712917294558578,716,LIQUID_GROWTH_OR_MOMENTUM
MEGA,UNCLASSIFIED,,,,,LOW,,,,False,False,Current/recent classification snapshot only; not valid as historical index membership unless dated membership evidence is supplied.,54210000.0,0.15185664148499387,4120,RESEARCH_ONLY
MEJA,UNCLASSIFIED,,,,,LOW,,,,False,False,Current/recent classification snapshot only; not valid as historical index membership unless dated membership evidence is supplied.,3351055600.0,1.0311122793252525,631,HIGH_VOLATILITY
MENN,UNCLASSIFIED,,,,,LOW,,,,False,False,Current/recent classification snapshot only; not valid as historical index membership unless dated membership evidence is supplied.,0.0,0.0,720,RESEARCH_ONLY
MERI,UNCLASSIFIED,,,,,LOW,,,,False,False,Current/recent classification snapshot only; not valid as historical index membership unless dated membership evidence is supplied.,226326800.0,0.39885241224244683,305,RESEARCH_ONLY
MERK,UNCLASSIFIED,,,,,LOW,,,,False,False,Current/recent classification snapshot only; not valid as historical index membership unless dated membership evidence is supplied.,107571000.0,0.23039013186020899,4121,RESEARCH_ONLY
MFMI,UNCLASSIFIED,,,,,LOW,,,,False,False,Current/recent classification snapshot only; not valid as historical index membership unless dated membership evidence is supplied.,0.0,0.0,720,RESEARCH_ONLY
MGLV,UNCLASSIFIED,,,,,LOW,,,,False,False,Current/recent classification snapshot only; not valid as historical index membership unless dated membership evidence is supplied.,8428767500.0,0.47094489340168133,716,LIQUID_GROWTH_OR_MOMENTUM
MGNA,UNCLASSIFIED,,,,,LOW,,,,False,False,Current/recent classification snapshot only; not valid as historical index membership unless dated membership evidence is supplied.,645719700.0,2.243198097351914,716,HIGH_VOLATILITY
MGRO,UNCLASSIFIED,,,,,LOW,,,,False,False,Current/recent classification snapshot only; not valid as historical index membership unless dated membership evidence is supplied.,2782587250.0,0.2257810901743705,716,LIQUID_GROWTH_OR_MOMENTUM
MHKI,UNCLASSIFIED,,,,,LOW,,,,False,False,Current/recent classification snapshot only; not valid as historical index membership unless dated membership evidence is supplied.,388785750.0,0.37409742984239913,595,RESEARCH_ONLY
MICE,UNCLASSIFIED,,,,,LOW,,,,False,False,Current/recent classification snapshot only; not valid as historical index membership unless dated membership evidence is supplied.,12110000.0,0.5314460371098756,718,RESEARCH_ONLY
MIDI,UNCLASSIFIED,,,,,LOW,,,,False,False,Current/recent classification snapshot only; not valid as historical index membership unless dated membership evidence is supplied.,1562212700.0,0.18414120180980484,716,LIQUID_GROWTH_OR_MOMENTUM
MIKA,UNCLASSIFIED,,,,,LOW,,,,False,False,Current/recent classification snapshot only; not valid as historical index membership unless dated membership evidence is supplied.,6300899500.0,0.2549319562892526,716,LIQUID_CORE
MINA,UNCLASSIFIED,,,,,LOW,,,,False,False,Current/recent classification snapshot only; not valid as historical index membership unless dated membership evidence is supplied.,12032157000.0,0.48707660074394143,716,LIQUID_GROWTH_OR_MOMENTUM
MINE,UNCLASSIFIED,,,,,LOW,,,,False,False,Current/recent classification snapshot only; not valid as historical index membership unless dated membership evidence is supplied.,326679400.0,0.4107251749361473,377,RESEARCH_ONLY
MIRA,UNCLASSIFIED,,,,,LOW,,,,False,False,Current/recent classification snapshot only; not valid as historical index membership unless dated membership evidence is supplied.,175765450.0,1.4463174097717575,716,HIGH_VOLATILITY
MITI,UNCLASSIFIED,,,,,LOW,,,,False,False,Current/recent classification snapshot only; not valid as historical index membership unless dated membership evidence is supplied.,1016732400.0,1.409449187741874,716,HIGH_VOLATILITY
MKAP,UNCLASSIFIED,,,,,LOW,,,,False,False,Current/recent classification snapshot only; not valid as historical index membership unless dated membership evidence is supplied.,70025000.0,0.16221122703998353,631,RESEARCH_ONLY
MKNT,UNCLASSIFIED,,,,,LOW,,,,False,False,Current/recent classification snapshot only; not valid as historical index membership unless dated membership evidence is supplied.,0.0,0.0,720,RESEARCH_ONLY
MKPI,UNCLASSIFIED,,,,,LOW,,,,False,False,Current/recent classification snapshot only; not valid as historical index membership unless dated membership evidence is supplied.,892182500.0,0.10266952776398162,716,RESEARCH_ONLY
MKTR,UNCLASSIFIED,,,,,LOW,,,,False,False,Current/recent classification snapshot only; not valid as historical index membership unless dated membership evidence is supplied.,44187750.0,0.17993258022528438,716,RESEARCH_ONLY
MLBI,UNCLASSIFIED,,,,,LOW,,,,False,False,Current/recent classification snapshot only; not valid as historical index membership unless dated membership evidence is supplied.,380922500.0,0.1208699442806085,4121,RESEARCH_ONLY
MLIA,UNCLASSIFIED,,,,,LOW,,,,False,False,Current/recent classification snapshot only; not valid as historical index membership unless dated membership evidence is supplied.,10904500.0,0.32540335954759286,717,RESEARCH_ONLY
MLPL,UNCLASSIFIED,,,,,LOW,,,,False,False,Current/recent classification snapshot only; not valid as historical index membership unless dated membership evidence is supplied.,1793150800.0,0.45811603675296164,717,LIQUID_GROWTH_OR_MOMENTUM
MLPT,UNCLASSIFIED,,,,,LOW,,,,False,False,Current/recent classification snapshot only; not valid as historical index membership unless dated membership evidence is supplied.,4557550000.0,0.4815685744073581,3246,LIQUID_GROWTH_OR_MOMENTUM
MMIX,UNCLASSIFIED,,,,,LOW,,,,False,False,Current/recent classification snapshot only; not valid as historical index membership unless dated membership evidence is supplied.,19217377500.0,0.12742518160887584,717,LIQUID_CORE
MMLP,UNCLASSIFIED,,,,,LOW,,,,False,False,Current/recent classification snapshot only; not valid as historical index membership unless dated membership evidence is supplied.,160207400.0,0.42851991381153753,716,RESEARCH_ONLY
MNCN,UNCLASSIFIED,,,,,LOW,,,,False,False,Current/recent classification snapshot only; not valid as historical index membership unless dated membership evidence is supplied.,8334399600.0,0.9177350787229578,717,HIGH_VOLATILITY
MOLI,UNCLASSIFIED,,,,,LOW,,,,False,False,Current/recent classification snapshot only; not valid as historical index membership unless dated membership evidence is supplied.,1346682900.0,0.7357593756501225,716,LIQUID_GROWTH_OR_MOMENTUM
MORA,UNCLASSIFIED,,,,,LOW,,,,False,False,Current/recent classification snapshot only; not valid as historical index membership unless dated membership evidence is supplied.,1192165000.0,0.5411820932033231,716,LIQUID_GROWTH_OR_MOMENTUM
MPMX,UNCLASSIFIED,,,,,LOW,,,,False,False,Current/recent classification snapshot only; not valid as historical index membership unless dated membership evidence is supplied.,2650417000.0,0.118849687500448,716,LIQUID_GROWTH_OR_MOMENTUM
MPOW,UNCLASSIFIED,,,,,LOW,,,,False,False,Current/recent classification snapshot only; not valid as historical index membership unless dated membership evidence is supplied.,453536100.0,0.4473427480446486,716,RESEARCH_ONLY
MPPA,UNCLASSIFIED,,,,,LOW,,,,False,False,Current/recent classification snapshot only; not valid as historical index membership unless dated membership evidence is supplied.,403036150.0,0.5814980743323604,717,RESEARCH_ONLY
MPRO,UNCLASSIFIED,,,,,LOW,,,,False,False,Current/recent classification snapshot only; not valid as historical index membership unless dated membership evidence is supplied.,29241250.0,0.22691977333791008,718,RESEARCH_ONLY
MPXL,UNCLASSIFIED,,,,,LOW,,,,False,False,Current/recent classification snapshot only; not valid as historical index membership unless dated membership evidence is supplied.,115500300.0,1.4737888793362954,716,HIGH_VOLATILITY
MRAT,UNCLASSIFIED,,,,,LOW,,,,False,False,Current/recent classification snapshot only; not valid as historical index membership unless dated membership evidence is supplied.,74247900.0,0.45932642979961263,717,RESEARCH_ONLY
MREI,UNCLASSIFIED,,,,,LOW,,,,False,False,Current/recent classification snapshot only; not valid as historical index membership unless dated membership evidence is supplied.,0.0,0.0,717,RESEARCH_ONLY
MSIE,UNCLASSIFIED,,,,,LOW,,,,False,False,Current/recent classification snapshot only; not valid as historical index membership unless dated membership evidence is supplied.,821813700.0,1.0669436042177882,717,HIGH_VOLATILITY
MSIN,UNCLASSIFIED,,,,,LOW,,,,False,False,Current/recent classification snapshot only; not valid as historical index membership unless dated membership evidence is supplied.,13080427200.0,1.0261862445000423,716,HIGH_VOLATILITY
MSJA,UNCLASSIFIED,,,,,LOW,,,,False,False,Current/recent classification snapshot only; not valid as historical index membership unless dated membership evidence is supplied.,8340475900.0,0.9074538234951794,652,HIGH_VOLATILITY
MSKY,UNCLASSIFIED,,,,,LOW,,,,False,False,Current/recent classification snapshot only; not valid as historical index membership unless dated membership evidence is supplied.,566767150.0,1.2417204404086102,716,HIGH_VOLATILITY
MSTI,UNCLASSIFIED,,,,,LOW,,,,False,False,Current/recent classification snapshot only; not valid as historical index membership unless dated membership evidence is supplied.,1257971500.0,0.1660374467610238,694,LIQUID_GROWTH_OR_MOMENTUM
MTDL,UNCLASSIFIED,,,,,LOW,,,,False,False,Current/recent classification snapshot only; not valid as historical index membership unless dated membership evidence is supplied.,890758300.0,0.13511663994554501,4121,RESEARCH_ONLY
MTEL,UNCLASSIFIED,,,,,LOW,,,,False,False,Current/recent classification snapshot only; not valid as historical index membership unless dated membership evidence is supplied.,16655615000.0,0.32179940972972204,716,LIQUID_CORE
MTFN,UNCLASSIFIED,,,,,LOW,,,,False,False,Current/recent classification snapshot only; not valid as historical index membership unless dated membership evidence is supplied.,0.0,0.0,717,RESEARCH_ONLY
MTLA,UNCLASSIFIED,,,,,LOW,,,,False,False,Current/recent classification snapshot only; not valid as historical index membership unless dated membership evidence is supplied.,6791250.0,0.683376595270876,716,RESEARCH_ONLY
MTMH,UNCLASSIFIED,,,,,LOW,,,,False,False,Current/recent classification snapshot only; not valid as historical index membership unless dated membership evidence is supplied.,6785000.0,0.3849429292718152,716,RESEARCH_ONLY
MTPS,UNCLASSIFIED,,,,,LOW,,,,False,False,Current/recent classification snapshot only; not valid as historical index membership unless dated membership evidence is supplied.,0.0,0.0,720,RESEARCH_ONLY
MTSM,UNCLASSIFIED,,,,,LOW,,,,False,False,Current/recent classification snapshot only; not valid as historical index membership unless dated membership evidence is supplied.,0.0,0.0,720,RESEARCH_ONLY
MTWI,UNCLASSIFIED,,,,,LOW,,,,False,False,Current/recent classification snapshot only; not valid as historical index membership unless dated membership evidence is supplied.,7973300.0,0.36239844872788485,716,RESEARCH_ONLY
MUTU,UNCLASSIFIED,,,,,LOW,,,,False,False,Current/recent classification snapshot only; not valid as historical index membership unless dated membership evidence is supplied.,885798050.0,0.9563905994849004,716,HIGH_VOLATILITY
MYOH,UNCLASSIFIED,,,,,LOW,,,,False,False,Current/recent classification snapshot only; not valid as historical index membership unless dated membership evidence is supplied.,87106000.0,0.26823458707407766,716,RESEARCH_ONLY
MYOR,UNCLASSIFIED,,,,,LOW,,,,False,False,Current/recent classification snapshot only; not valid as historical index membership unless dated membership evidence is supplied.,14394798000.0,0.18855304511459714,4121,LIQUID_CORE
MYTX,UNCLASSIFIED,,,,,LOW,,,,False,False,Current/recent classification snapshot only; not valid as historical index membership unless dated membership evidence is supplied.,0.0,0.0,717,RESEARCH_ONLY
NAIK,UNCLASSIFIED,,,,,LOW,,,,False,False,Current/recent classification snapshot only; not valid as historical index membership unless dated membership evidence is supplied.,284226900.0,0.31102954700588703,452,RESEARCH_ONLY
NANO,UNCLASSIFIED,,,,,LOW,,,,False,False,Current/recent classification snapshot only; not valid as historical index membership unless dated membership evidence is supplied.,1201321400.0,0.8029712132895068,716,HIGH_VOLATILITY
NASA,UNCLASSIFIED,,,,,LOW,,,,False,False,Current/recent classification snapshot only; not valid as historical index membership unless dated membership evidence is supplied.,12058500.0,1.086647027374959,716,HIGH_VOLATILITY
NASI,UNCLASSIFIED,,,,,LOW,,,,False,False,Current/recent classification snapshot only; not valid as historical index membership unless dated membership evidence is supplied.,528241800.0,1.8625991889538938,716,HIGH_VOLATILITY
NATO,UNCLASSIFIED,,,,,LOW,,,,False,False,Current/recent classification snapshot only; not valid as historical index membership unless dated membership evidence is supplied.,112417500.0,0.862743392848254,716,HIGH_VOLATILITY
NAYZ,UNCLASSIFIED,,,,,LOW,,,,False,False,Current/recent classification snapshot only; not valid as historical index membership unless dated membership evidence is supplied.,1519692600.0,0.8033850445228733,716,HIGH_VOLATILITY
NCKL,UNCLASSIFIED,,,,,LOW,,,,False,False,Current/recent classification snapshot only; not valid as historical index membership unless dated membership evidence is supplied.,35102489250.0,0.328110565127769,716,LIQUID_CORE
NELY,UNCLASSIFIED,,,,,LOW,,,,False,False,Current/recent classification snapshot only; not valid as historical index membership unless dated membership evidence is supplied.,145763150.0,0.18293293132183905,716,RESEARCH_ONLY
NEST,UNCLASSIFIED,,,,,LOW,,,,False,False,Current/recent classification snapshot only; not valid as historical index membership unless dated membership evidence is supplied.,3140150250.0,0.3930113702147363,520,LIQUID_GROWTH_OR_MOMENTUM
NETV,UNCLASSIFIED,,,,,LOW,,,,False,False,Current/recent classification snapshot only; not valid as historical index membership unless dated membership evidence is supplied.,718229100.0,0.7591444458569679,716,HIGH_VOLATILITY
NFCX,UNCLASSIFIED,,,,,LOW,,,,False,False,Current/recent classification snapshot only; not valid as historical index membership unless dated membership evidence is supplied.,21799000.0,0.18704227167633955,716,RESEARCH_ONLY
NICE,UNCLASSIFIED,,,,,LOW,,,,False,False,Current/recent classification snapshot only; not valid as historical index membership unless dated membership evidence is supplied.,469117900.0,0.33128135995600483,653,RESEARCH_ONLY
NICK,UNCLASSIFIED,,,,,LOW,,,,False,False,Current/recent classification snapshot only; not valid as historical index membership unless dated membership evidence is supplied.,12700250.0,0.28561585069298895,715,RESEARCH_ONLY
NICL,UNCLASSIFIED,,,,,LOW,,,,False,False,Current/recent classification snapshot only; not valid as historical index membership unless dated membership evidence is supplied.,11369510419.778442,0.45886505733981825,716,LIQUID_GROWTH_OR_MOMENTUM
NIKL,UNCLASSIFIED,,,,,LOW,,,,False,False,Current/recent classification snapshot only; not valid as historical index membership unless dated membership evidence is supplied.,894144700.0,0.44610234101530505,716,RESEARCH_ONLY
NINE,UNCLASSIFIED,,,,,LOW,,,,False,False,Current/recent classification snapshot only; not valid as historical index membership unless dated membership evidence is supplied.,755500850.0,0.7929282197688526,716,HIGH_VOLATILITY
NIRO,UNCLASSIFIED,,,,,LOW,,,,False,False,Current/recent classification snapshot only; not valid as historical index membership unless dated membership evidence is supplied.,60689850.0,0.48963549601933026,716,RESEARCH_ONLY
NISP,UNCLASSIFIED,,,,,LOW,,,,False,False,Current/recent classification snapshot only; not valid as historical index membership unless dated membership evidence is supplied.,4062120000.0,0.1315622925884686,4121,LIQUID_GROWTH_OR_MOMENTUM
NOBU,UNCLASSIFIED,,,,,LOW,,,,False,False,Current/recent classification snapshot only; not valid as historical index membership unless dated membership evidence is supplied.,998811200.0,0.40354524330658004,3287,RESEARCH_ONLY
NPGF,UNCLASSIFIED,,,,,LOW,,,,False,False,Current/recent classification snapshot only; not valid as historical index membership unless dated membership evidence is supplied.,1057646200.0,0.5803463427445901,716,LIQUID_GROWTH_OR_MOMENTUM
NRCA,UNCLASSIFIED,,,,,LOW,,,,False,False,Current/recent classification snapshot only; not valid as historical index membership unless dated membership evidence is supplied.,2989665500.0,0.6030448890433338,716,LIQUID_GROWTH_OR_MOMENTUM
NSSS,UNCLASSIFIED,,,,,LOW,,,,False,False,Current/recent classification snapshot only; not valid as historical index membership unless dated membership evidence is supplied.,5124890000.0,0.5670865456668801,716,LIQUID_GROWTH_OR_MOMENTUM
NTBK,UNCLASSIFIED,,,,,LOW,,,,False,False,Current/recent classification snapshot only; not valid as historical index membership unless dated membership evidence is supplied.,2531148600.0,0.6910156462201235,716,LIQUID_GROWTH_OR_MOMENTUM
NZIA,UNCLASSIFIED,,,,,LOW,,,,False,False,Current/recent classification snapshot only; not valid as historical index membership unless dated membership evidence is supplied.,1049666850.0,0.7179368104356992,716,LIQUID_GROWTH_OR_MOMENTUM
OASA,UNCLASSIFIED,,,,,LOW,,,,False,False,Current/recent classification snapshot only; not valid as historical index membership unless dated membership evidence is supplied.,6668405800.0,0.4445302701234364,716,LIQUID_CORE
OBAT,UNCLASSIFIED,,,,,LOW,,,,False,False,Current/recent classification snapshot only; not valid as historical index membership unless dated membership evidence is supplied.,50728400.0,0.44625392466294417,414,RESEARCH_ONLY
OBMD,UNCLASSIFIED,,,,,LOW,,,,False,False,Current/recent classification snapshot only; not valid as historical index membership unless dated membership evidence is supplied.,176632750.0,0.40811942778450305,716,RESEARCH_ONLY
OILS,UNCLASSIFIED,,,,,LOW,,,,False,False,Current/recent classification snapshot only; not valid as historical index membership unless dated membership evidence is supplied.,1640718800.0,0.7866576276148632,716,HIGH_VOLATILITY
OKAS,UNCLASSIFIED,,,,,LOW,,,,False,False,Current/recent classification snapshot only; not valid as historical index membership unless dated membership evidence is supplied.,364131500.0,0.417778666383431,716,RESEARCH_ONLY
OLIV,UNCLASSIFIED,,,,,LOW,,,,False,False,Current/recent classification snapshot only; not valid as historical index membership unless dated membership evidence is supplied.,284292250.0,0.7134650483037678,716,RESEARCH_ONLY
OMED,UNCLASSIFIED,,,,,LOW,,,,False,False,Current/recent classification snapshot only; not valid as historical index membership unless dated membership evidence is supplied.,4486584200.0,0.2176904379757741,716,LIQUID_GROWTH_OR_MOMENTUM
OMRE,UNCLASSIFIED,,,,,LOW,,,,False,False,Current/recent classification snapshot only; not valid as historical index membership unless dated membership evidence is supplied.,10768500.0,0.4984548074342,717,RESEARCH_ONLY
OPMS,UNCLASSIFIED,,,,,LOW,,,,False,False,Current/recent classification snapshot only; not valid as historical index membership unless dated membership evidence is supplied.,631815100.0,0.5550862313908624,716,RESEARCH_ONLY
PACK,UNCLASSIFIED,,,,,LOW,,,,False,False,Current/recent classification snapshot only; not valid as historical index membership unless dated membership evidence is supplied.,44256097600.0,1.082807683618039,716,HIGH_VOLATILITY
PADA,UNCLASSIFIED,,,,,LOW,,,,False,False,Current/recent classification snapshot only; not valid as historical index membership unless dated membership evidence is supplied.,6945565500.0,0.6901133084265823,716,LIQUID_GROWTH_OR_MOMENTUM
PADI,UNCLASSIFIED,,,,,LOW,,,,False,False,Current/recent classification snapshot only; not valid as historical index membership unless dated membership evidence is supplied.,18392986800.0,0.7764706653764711,716,HIGH_VOLATILITY
PALM,UNCLASSIFIED,,,,,LOW,,,,False,False,Current/recent classification snapshot only; not valid as historical index membership unless dated membership evidence is supplied.,82254000.0,0.20541553371128812,716,RESEARCH_ONLY
PAMG,UNCLASSIFIED,,,,,LOW,,,,False,False,Current/recent classification snapshot only; not valid as historical index membership unless dated membership evidence is supplied.,472164200.0,0.6126177911045453,716,RESEARCH_ONLY
PANI,UNCLASSIFIED,,,,,LOW,,,,False,False,Current/recent classification snapshot only; not valid as historical index membership unless dated membership evidence is supplied.,29577045000.0,0.4068628437397372,1963,LIQUID_CORE
PANR,UNCLASSIFIED,,,,,LOW,,,,False,False,Current/recent classification snapshot only; not valid as historical index membership unless dated membership evidence is supplied.,16804400.0,0.1430901026352692,716,RESEARCH_ONLY
PANS,UNCLASSIFIED,,,,,LOW,,,,False,False,Current/recent classification snapshot only; not valid as historical index membership unless dated membership evidence is supplied.,254634750.0,0.10162605321862628,716,RESEARCH_ONLY
PART,UNCLASSIFIED,,,,,LOW,,,,False,False,Current/recent classification snapshot only; not valid as historical index membership unless dated membership evidence is supplied.,620119700.0,0.6112866438463871,544,RESEARCH_ONLY
PBID,UNCLASSIFIED,,,,,LOW,,,,False,False,Current/recent classification snapshot only; not valid as historical index membership unless dated membership evidence is supplied.,488477500.0,0.08915364518651803,716,RESEARCH_ONLY
PBRX,UNCLASSIFIED,,,,,LOW,,,,False,False,Current/recent classification snapshot only; not valid as historical index membership unless dated membership evidence is supplied.,159200600.0,1.4609545813158076,717,HIGH_VOLATILITY
PBSA,UNCLASSIFIED,,,,,LOW,,,,False,False,Current/recent classification snapshot only; not valid as historical index membership unless dated membership evidence is supplied.,742237500.0,0.5263165734439444,716,RESEARCH_ONLY
PCAR,UNCLASSIFIED,,,,,LOW,,,,False,False,Current/recent classification snapshot only; not valid as historical index membership unless dated membership evidence is supplied.,120883000.0,0.971340602274823,716,HIGH_VOLATILITY
PDES,UNCLASSIFIED,,,,,LOW,,,,False,False,Current/recent classification snapshot only; not valid as historical index membership unless dated membership evidence is supplied.,29387300.0,0.31149133216749164,716,RESEARCH_ONLY
PDPP,UNCLASSIFIED,,,,,LOW,,,,False,False,Current/recent classification snapshot only; not valid as historical index membership unless dated membership evidence is supplied.,48697100.0,0.3586506389617603,716,RESEARCH_ONLY
PEGE,UNCLASSIFIED,,,,,LOW,,,,False,False,Current/recent classification snapshot only; not valid as historical index membership unless dated membership evidence is supplied.,2028055250.0,0.327066687372895,716,LIQUID_GROWTH_OR_MOMENTUM
PEHA,UNCLASSIFIED,,,,,LOW,,,,False,False,Current/recent classification snapshot only; not valid as historical index membership unless dated membership evidence is supplied.,77632600.0,0.2942914138998588,716,RESEARCH_ONLY
PEVE,UNCLASSIFIED,,,,,LOW,,,,False,False,Current/recent classification snapshot only; not valid as historical index membership unless dated membership evidence is supplied.,382536000.0,0.18717063799872002,716,RESEARCH_ONLY
PGAS,BLUE_CHIP,BUMN_AFFILIATED,LQ45,,BLUE_CHIP;BUMN_AFFILIATED,MEDIUM,Secondary LQ45 snapshot;IDX/market reference seed,2026-06-12;2026-10-07,Current/recent snapshot; historical membership not inferred;Research classification seed; not equivalent to BUMN20 PIT membership,False,False,Current/recent classification snapshot only; not valid as historical index membership unless dated membership evidence is supplied.,42167987000.0,0.23306668330804547,4120,LIQUID_CORE
PGEO,BLUE_CHIP,BLUE_CHIP,LQ45,,BLUE_CHIP,MEDIUM,Secondary LQ45 snapshot,2026-06-12,Current/recent snapshot; historical membership not inferred,False,False,Current/recent classification snapshot only; not valid as historical index membership unless dated membership evidence is supplied.,12978672000.0,0.3209791326540756,716,LIQUID_CORE
PGJO,UNCLASSIFIED,,,,,LOW,,,,False,False,Current/recent classification snapshot only; not valid as historical index membership unless dated membership evidence is supplied.,326065000.0,0.5292664433896188,716,RESEARCH_ONLY
PGLI,UNCLASSIFIED,,,,,LOW,,,,False,False,Current/recent classification snapshot only; not valid as historical index membership unless dated membership evidence is supplied.,74172000.0,1.4458340714566802,716,HIGH_VOLATILITY
PGUN,UNCLASSIFIED,,,,,LOW,,,,False,False,Current/recent classification snapshot only; not valid as historical index membership unless dated membership evidence is supplied.,504910000.0,0.5245629208350993,716,RESEARCH_ONLY
PICO,UNCLASSIFIED,,,,,LOW,,,,False,False,Current/recent classification snapshot only; not valid as historical index membership unless dated membership evidence is supplied.,116453450.0,0.4094481747127944,717,RESEARCH_ONLY
PIPA,UNCLASSIFIED,,,,,LOW,,,,False,False,Current/recent classification snapshot only; not valid as historical index membership unless dated membership evidence is supplied.,10571021600.0,0.7622194967741978,716,HIGH_VOLATILITY
PJAA,UNCLASSIFIED,,,,,LOW,,,,False,False,Current/recent classification snapshot only; not valid as historical index membership unless dated membership evidence is supplied.,34121000.0,0.17768142113013904,717,RESEARCH_ONLY
PJHB,UNCLASSIFIED,,,,,LOW,,,,False,False,Current/recent classification snapshot only; not valid as historical index membership unless dated membership evidence is supplied.,370094650.0,0.30593841449080433,222,RESEARCH_ONLY
PKPK,UNCLASSIFIED,,,,,LOW,,,,False,False,Current/recent classification snapshot only; not valid as historical index membership unless dated membership evidence is supplied.,4876565000.0,0.8286163411504814,716,HIGH_VOLATILITY
PLAN,UNCLASSIFIED,,,,,LOW,,,,False,False,Current/recent classification snapshot only; not valid as historical index membership unless dated membership evidence is supplied.,172286000.0,0.7776793183868901,716,HIGH_VOLATILITY
PLIN,UNCLASSIFIED,,,,,LOW,,,,False,False,Current/recent classification snapshot only; not valid as historical index membership unless dated membership evidence is supplied.,0.0,0.0,720,RESEARCH_ONLY
PMJS,UNCLASSIFIED,,,,,LOW,,,,False,False,Current/recent classification snapshot only; not valid as historical index membership unless dated membership evidence is supplied.,145188000.0,0.32584014792141397,716,RESEARCH_ONLY
PMMP,UNCLASSIFIED,,,,,LOW,,,,False,False,Current/recent classification snapshot only; not valid as historical index membership unless dated membership evidence is supplied.,0.0,0.0,720,RESEARCH_ONLY
PMUI,UNCLASSIFIED,,,,,LOW,,,,False,False,Current/recent classification snapshot only; not valid as historical index membership unless dated membership evidence is supplied.,302150800.0,0.5590715002611947,305,RESEARCH_ONLY
PNBN,UNCLASSIFIED,,,,,LOW,,,,False,False,Current/recent classification snapshot only; not valid as historical index membership unless dated membership evidence is supplied.,1757127500.0,0.1719100468843211,4121,LIQUID_GROWTH_OR_MOMENTUM
PNBS,UNCLASSIFIED,,,,,LOW,,,,False,False,Current/recent classification snapshot only; not valid as historical index membership unless dated membership evidence is supplied.,57837500.0,0.5977989596739761,716,RESEARCH_ONLY
PNGO,UNCLASSIFIED,,,,,LOW,,,,False,False,Current/recent classification snapshot only; not valid as historical index membership unless dated membership evidence is supplied.,15325000.0,0.5326150421320865,716,RESEARCH_ONLY
PNIN,UNCLASSIFIED,,,,,LOW,,,,False,False,Current/recent classification snapshot only; not valid as historical index membership unless dated membership evidence is supplied.,158100000.0,0.19365499130323705,717,RESEARCH_ONLY
PNLF,UNCLASSIFIED,,,,,LOW,,,,False,False,Current/recent classification snapshot only; not valid as historical index membership unless dated membership evidence is supplied.,5235488700.0,0.24049752946521452,717,LIQUID_CORE
PNSE,UNCLASSIFIED,,,,,LOW,,,,False,False,Current/recent classification snapshot only; not valid as historical index membership unless dated membership evidence is supplied.,3859000.0,0.22627224312788707,717,RESEARCH_ONLY
POLA,UNCLASSIFIED,,,,,LOW,,,,False,False,Current/recent classification snapshot only; not valid as historical index membership unless dated membership evidence is supplied.,698456000.0,1.6146935147727368,715,HIGH_VOLATILITY
POLI,UNCLASSIFIED,,,,,LOW,,,,False,False,Current/recent classification snapshot only; not valid as historical index membership unless dated membership evidence is supplied.,20266000.0,0.6427841888977981,716,RESEARCH_ONLY
POLL,UNCLASSIFIED,,,,,LOW,,,,False,False,Current/recent classification snapshot only; not valid as historical index membership unless dated membership evidence is supplied.,0.0,0.0,720,RESEARCH_ONLY
POLU,UNCLASSIFIED,,,,,LOW,,,,False,False,Current/recent classification snapshot only; not valid as historical index membership unless dated membership evidence is supplied.,156960000.0,0.9387634983432487,716,HIGH_VOLATILITY
POLY,UNCLASSIFIED,,,,,LOW,,,,False,False,Current/recent classification snapshot only; not valid as historical index membership unless dated membership evidence is supplied.,0.0,0.0,720,RESEARCH_ONLY
PORT,UNCLASSIFIED,,,,,LOW,,,,False,False,Current/recent classification snapshot only; not valid as historical index membership unless dated membership evidence is supplied.,13641000.0,0.17717644050194972,716,RESEARCH_ONLY
POWR,UNCLASSIFIED,,,,,LOW,,,,False,False,Current/recent classification snapshot only; not valid as historical index membership unless dated membership evidence is supplied.,4493260000.0,0.45854328783842885,2536,LIQUID_GROWTH_OR_MOMENTUM
PPGL,UNCLASSIFIED,,,,,LOW,,,,False,False,Current/recent classification snapshot only; not valid as historical index membership unless dated membership evidence is supplied.,202247200.0,0.0,715,RESEARCH_ONLY
PPRE,UNCLASSIFIED,,,,,LOW,,,,False,False,Current/recent classification snapshot only; not valid as historical index membership unless dated membership evidence is supplied.,2201717300.0,0.6187658652255681,716,LIQUID_GROWTH_OR_MOMENTUM
PPRI,UNCLASSIFIED,,,,,LOW,,,,False,False,Current/recent classification snapshot only; not valid as historical index membership unless dated membership evidence is supplied.,434880300.0,1.4914349341357973,716,HIGH_VOLATILITY
PPRO,UNCLASSIFIED,,,,,LOW,,,,False,False,Current/recent classification snapshot only; not valid as historical index membership unless dated membership evidence is supplied.,282037850.0,1.399227565068651,716,HIGH_VOLATILITY
PRAY,UNCLASSIFIED,,,,,LOW,,,,False,False,Current/recent classification snapshot only; not valid as historical index membership unless dated membership evidence is supplied.,12911000.0,0.47517101066402656,716,RESEARCH_ONLY
PRDA,UNCLASSIFIED,,,,,LOW,,,,False,False,Current/recent classification snapshot only; not valid as historical index membership unless dated membership evidence is supplied.,1557480000.0,0.19849725229676174,716,LIQUID_GROWTH_OR_MOMENTUM
PRIM,UNCLASSIFIED,,,,,LOW,,,,False,False,Current/recent classification snapshot only; not valid as historical index membership unless dated membership evidence is supplied.,572523050.0,0.30519974783086984,716,RESEARCH_ONLY
PSAB,UNCLASSIFIED,,,,,LOW,,,,False,False,Current/recent classification snapshot only; not valid as historical index membership unless dated membership evidence is supplied.,35104329000.0,0.33807168678443045,717,LIQUID_CORE
PSAT,UNCLASSIFIED,,,,,LOW,,,,False,False,Current/recent classification snapshot only; not valid as historical index membership unless dated membership evidence is supplied.,64243750.0,0.190299849348063,307,RESEARCH_ONLY
PSDN,UNCLASSIFIED,,,,,LOW,,,,False,False,Current/recent classification snapshot only; not valid as historical index membership unless dated membership evidence is supplied.,712527400.0,0.7354389269933841,717,RESEARCH_ONLY
PSGO,UNCLASSIFIED,,,,,LOW,,,,False,False,Current/recent classification snapshot only; not valid as historical index membership unless dated membership evidence is supplied.,24126500.0,0.14370417324083526,716,RESEARCH_ONLY
PSKT,UNCLASSIFIED,,,,,LOW,,,,False,False,Current/recent classification snapshot only; not valid as historical index membership unless dated membership evidence is supplied.,2234414100.0,0.5764115470860198,716,LIQUID_GROWTH_OR_MOMENTUM
PSSI,UNCLASSIFIED,,,,,LOW,,,,False,False,Current/recent classification snapshot only; not valid as historical index membership unless dated membership evidence is supplied.,91829400.0,0.18073787728429738,716,RESEARCH_ONLY
PTBA,BLUE_CHIP,BUMN_AFFILIATED,LQ45,,BLUE_CHIP;BUMN_AFFILIATED,MEDIUM,Secondary LQ45 snapshot;IDX/market reference seed,2026-06-12;2026-10-07,Current/recent snapshot; historical membership not inferred;Research classification seed; not equivalent to BUMN20 PIT membership,False,False,Current/recent classification snapshot only; not valid as historical index membership unless dated membership evidence is supplied.,46362324000.0,0.33629842777337055,4120,LIQUID_CORE
PTDU,UNCLASSIFIED,,,,,LOW,,,,False,False,Current/recent classification snapshot only; not valid as historical index membership unless dated membership evidence is supplied.,0.0,0.0,720,RESEARCH_ONLY
PTIS,UNCLASSIFIED,,,,,LOW,,,,False,False,Current/recent classification snapshot only; not valid as historical index membership unless dated membership evidence is supplied.,20534100.0,0.7076269389458387,716,RESEARCH_ONLY
PTMP,UNCLASSIFIED,,,,,LOW,,,,False,False,Current/recent classification snapshot only; not valid as historical index membership unless dated membership evidence is supplied.,852095800.0,0.7714535234204185,716,HIGH_VOLATILITY
PTMR,UNCLASSIFIED,,,,,LOW,,,,False,False,Current/recent classification snapshot only; not valid as historical index membership unless dated membership evidence is supplied.,0.0,0.0,482,RESEARCH_ONLY
PTPP,UNCLASSIFIED,,,,,LOW,,,,False,False,Current/recent classification snapshot only; not valid as historical index membership unless dated membership evidence is supplied.,1234653900.0,0.2467589866577971,4093,LIQUID_GROWTH_OR_MOMENTUM
PTPS,UNCLASSIFIED,,,,,LOW,,,,False,False,Current/recent classification snapshot only; not valid as historical index membership unless dated membership evidence is supplied.,254179300.0,0.3406386905842238,716,RESEARCH_ONLY
PTPW,UNCLASSIFIED,,,,,LOW,,,,False,False,Current/recent classification snapshot only; not valid as historical index membership unless dated membership evidence is supplied.,31598500.0,0.09058332578535543,716,RESEARCH_ONLY
PTRO,CONGLOMERATE,CONGLOMERATE,,BARITO,CONGLOMERATE,MEDIUM,Secondary group-affiliation snapshot,2026-10-07,Current/recent affiliation; ownership/control relationship requires verification,False,False,Current/recent classification snapshot only; not valid as historical index membership unless dated membership evidence is supplied.,204102403750.0,0.2858590144337655,717,LIQUID_CORE
PTSN,UNCLASSIFIED,,,,,LOW,,,,False,False,Current/recent classification snapshot only; not valid as historical index membership unless dated membership evidence is supplied.,181005800.0,1.4479692113236011,716,HIGH_VOLATILITY
PTSP,UNCLASSIFIED,,,,,LOW,,,,False,False,Current/recent classification snapshot only; not valid as historical index membership unless dated membership evidence is supplied.,23801500.0,0.32694709652581994,717,RESEARCH_ONLY
PUDP,UNCLASSIFIED,,,,,LOW,,,,False,False,Current/recent classification snapshot only; not valid as historical index membership unless dated membership evidence is supplied.,18092200.0,0.3034668692537305,717,RESEARCH_ONLY
PURA,UNCLASSIFIED,,,,,LOW,,,,False,False,Current/recent classification snapshot only; not valid as historical index membership unless dated membership evidence is supplied.,128902400.0,0.9687587851805227,716,HIGH_VOLATILITY
PURI,UNCLASSIFIED,,,,,LOW,,,,False,False,Current/recent classification snapshot only; not valid as historical index membership unless dated membership evidence is supplied.,345432750.0,0.4292017534674787,716,RESEARCH_ONLY
PWON,UNCLASSIFIED,,,,,LOW,,,,False,False,Current/recent classification snapshot only; not valid as historical index membership unless dated membership evidence is supplied.,8872466000.0,0.2519514887969556,4120,LIQUID_CORE
PYFA,UNCLASSIFIED,,,,,LOW,,,,False,False,Current/recent classification snapshot only; not valid as historical index membership unless dated membership evidence is supplied.,2569374700.0,0.46600313999495746,4120,LIQUID_GROWTH_OR_MOMENTUM
PZZA,UNCLASSIFIED,,,,,LOW,,,,False,False,Current/recent classification snapshot only; not valid as historical index membership unless dated membership evidence is supplied.,97521150.0,0.29481869629116114,716,RESEARCH_ONLY
RAAM,UNCLASSIFIED,,,,,LOW,,,,False,False,Current/recent classification snapshot only; not valid as historical index membership unless dated membership evidence is supplied.,149267500.0,0.4942749102940686,716,RESEARCH_ONLY
RAFI,UNCLASSIFIED,,,,,LOW,,,,False,False,Current/recent classification snapshot only; not valid as historical index membership unless dated membership evidence is supplied.,0.0,0.0,720,RESEARCH_ONLY
RAJA,UNCLASSIFIED,,,,,LOW,,,,False,False,Current/recent classification snapshot only; not valid as historical index membership unless dated membership evidence is supplied.,56690640000.0,0.3701639548287097,720,LIQUID_CORE
RALS,UNCLASSIFIED,,,,,LOW,,,,False,False,Current/recent classification snapshot only; not valid as historical index membership unless dated membership evidence is supplied.,842079700.0,0.09589958645449134,717,RESEARCH_ONLY
RANC,UNCLASSIFIED,,,,,LOW,,,,False,False,Current/recent classification snapshot only; not valid as historical index membership unless dated membership evidence is supplied.,12713000.0,0.2734151592801132,716,RESEARCH_ONLY
RATU,UNCLASSIFIED,,,,,LOW,,,,False,False,Current/recent classification snapshot only; not valid as historical index membership unless dated membership evidence is supplied.,33418321500.0,0.32286486699347927,417,LIQUID_CORE
RBMS,UNCLASSIFIED,,,,,LOW,,,,False,False,Current/recent classification snapshot only; not valid as historical index membership unless dated membership evidence is supplied.,1115648150.0,0.8286352907441,717,HIGH_VOLATILITY
RCCC,UNCLASSIFIED,,,,,LOW,,,,False,False,Current/recent classification snapshot only; not valid as historical index membership unless dated membership evidence is supplied.,93798050.0,0.21654271706519584,716,RESEARCH_ONLY
RDTX,UNCLASSIFIED,,,,,LOW,,,,False,False,Current/recent classification snapshot only; not valid as historical index membership unless dated membership evidence is supplied.,4095000.0,0.29426606560875657,719,RESEARCH_ONLY
REAL,UNCLASSIFIED,,,,,LOW,,,,False,False,Current/recent classification snapshot only; not valid as historical index membership unless dated membership evidence is supplied.,1794436600.0,1.2111293104611494,716,HIGH_VOLATILITY
RELF,UNCLASSIFIED,,,,,LOW,,,,False,False,Current/recent classification snapshot only; not valid as historical index membership unless dated membership evidence is supplied.,130228700.0,0.7964636327675231,716,HIGH_VOLATILITY
RELI,UNCLASSIFIED,,,,,LOW,,,,False,False,Current/recent classification snapshot only; not valid as historical index membership unless dated membership evidence is supplied.,7521950.0,0.5679609920921037,716,RESEARCH_ONLY
RGAS,UNCLASSIFIED,,,,,LOW,,,,False,False,Current/recent classification snapshot only; not valid as historical index membership unless dated membership evidence is supplied.,2006222800.0,0.5140763753456588,694,LIQUID_GROWTH_OR_MOMENTUM
RICY,UNCLASSIFIED,,,,,LOW,,,,False,False,Current/recent classification snapshot only; not valid as historical index membership unless dated membership evidence is supplied.,143630350.0,0.6352374263348677,717,RESEARCH_ONLY
RIGS,UNCLASSIFIED,,,,,LOW,,,,False,False,Current/recent classification snapshot only; not valid as historical index membership unless dated membership evidence is supplied.,33603500.0,0.45095931799005706,717,RESEARCH_ONLY
RISE,UNCLASSIFIED,,,,,LOW,,,,False,False,Current/recent classification snapshot only; not valid as historical index membership unless dated membership evidence is supplied.,1105896250.0,0.8287816088307894,716,HIGH_VOLATILITY
RLCO,UNCLASSIFIED,,,,,LOW,,,,False,False,Current/recent classification snapshot only; not valid as historical index membership unless dated membership evidence is supplied.,1902573000.0,0.30338442565163376,200,LIQUID_GROWTH_OR_MOMENTUM
RMKE,UNCLASSIFIED,,,,,LOW,,,,False,False,Current/recent classification snapshot only; not valid as historical index membership unless dated membership evidence is supplied.,33569582700.0,0.4103888242044251,719,LIQUID_CORE
RMKO,UNCLASSIFIED,,,,,LOW,,,,False,False,Current/recent classification snapshot only; not valid as historical index membership unless dated membership evidence is supplied.,1625314800.0,0.6980663133548474,716,LIQUID_GROWTH_OR_MOMENTUM
ROCK,UNCLASSIFIED,,,,,LOW,,,,False,False,Current/recent classification snapshot only; not valid as historical index membership unless dated membership evidence is supplied.,64122500.0,1.7717538031561515,716,HIGH_VOLATILITY
RODA,UNCLASSIFIED,,,,,LOW,,,,False,False,Current/recent classification snapshot only; not valid as historical index membership unless dated membership evidence is supplied.,1160499800.0,1.081657814481965,717,HIGH_VOLATILITY
RONY,UNCLASSIFIED,,,,,LOW,,,,False,False,Current/recent classification snapshot only; not valid as historical index membership unless dated membership evidence is supplied.,29376750.0,0.6927500733500467,716,RESEARCH_ONLY
ROTI,UNCLASSIFIED,,,,,LOW,,,,False,False,Current/recent classification snapshot only; not valid as historical index membership unless dated membership evidence is supplied.,264870000.0,0.11441463107117708,3999,RESEARCH_ONLY
RSCH,UNCLASSIFIED,,,,,LOW,,,,False,False,Current/recent classification snapshot only; not valid as historical index membership unless dated membership evidence is supplied.,8453920000.0,0.4096601471947223,716,LIQUID_CORE
RSGK,UNCLASSIFIED,,,,,LOW,,,,False,False,Current/recent classification snapshot only; not valid as historical index membership unless dated membership evidence is supplied.,11953250.0,0.31317835488681744,716,RESEARCH_ONLY
RUIS,UNCLASSIFIED,,,,,LOW,,,,False,False,Current/recent classification snapshot only; not valid as historical index membership unless dated membership evidence is supplied.,86501000.0,0.23697994909050446,716,RESEARCH_ONLY
RUNS,UNCLASSIFIED,,,,,LOW,,,,False,False,Current/recent classification snapshot only; not valid as historical index membership unless dated membership evidence is supplied.,62481400.0,0.6084159669470449,716,RESEARCH_ONLY
SAFE,UNCLASSIFIED,,,,,LOW,,,,False,False,Current/recent classification snapshot only; not valid as historical index membership unless dated membership evidence is supplied.,104927950.0,1.8602300461427541,717,HIGH_VOLATILITY
SAGE,UNCLASSIFIED,,,,,LOW,,,,False,False,Current/recent classification snapshot only; not valid as historical index membership unless dated membership evidence is supplied.,112669050.0,0.9833961515623647,716,HIGH_VOLATILITY
SAME,UNCLASSIFIED,,,,,LOW,,,,False,False,Current/recent classification snapshot only; not valid as historical index membership unless dated membership evidence is supplied.,184339200.0,0.21189192074751323,716,RESEARCH_ONLY
SAMF,UNCLASSIFIED,,,,,LOW,,,,False,False,Current/recent classification snapshot only; not valid as historical index membership unless dated membership evidence is supplied.,31893400.0,0.8344212926736261,716,HIGH_VOLATILITY
SAPX,UNCLASSIFIED,,,,,LOW,,,,False,False,Current/recent classification snapshot only; not valid as historical index membership unless dated membership evidence is supplied.,78893000.0,2.1323334930373368,716,HIGH_VOLATILITY
SATU,UNCLASSIFIED,,,,,LOW,,,,False,False,Current/recent classification snapshot only; not valid as historical index membership unless dated membership evidence is supplied.,51296800.0,0.16529353082178824,716,RESEARCH_ONLY
SBAT,UNCLASSIFIED,,,,,LOW,,,,False,False,Current/recent classification snapshot only; not valid as historical index membership unless dated membership evidence is supplied.,0.0,0.0,720,RESEARCH_ONLY
SBMA,UNCLASSIFIED,,,,,LOW,,,,False,False,Current/recent classification snapshot only; not valid as historical index membership unless dated membership evidence is supplied.,75333950.0,0.38314121591233985,716,RESEARCH_ONLY
SCCO,UNCLASSIFIED,,,,,LOW,,,,False,False,Current/recent classification snapshot only; not valid as historical index membership unless dated membership evidence is supplied.,85788000.0,0.7336884527272148,717,RESEARCH_ONLY
SCMA,BLUE_CHIP,BLUE_CHIP,LQ45,,BLUE_CHIP,MEDIUM,Secondary LQ45 snapshot,2026-06-12,Current/recent snapshot; historical membership not inferred,False,False,Current/recent classification snapshot only; not valid as historical index membership unless dated membership evidence is supplied.,7624358000.0,0.3366989337826351,717,LIQUID_CORE
SCNP,UNCLASSIFIED,,,,,LOW,,,,False,False,Current/recent classification snapshot only; not valid as historical index membership unless dated membership evidence is supplied.,59047350.0,0.2914160156378426,716,RESEARCH_ONLY
SDMU,UNCLASSIFIED,,,,,LOW,,,,False,False,Current/recent classification snapshot only; not valid as historical index membership unless dated membership evidence is supplied.,1186708300.0,0.7617057561840164,716,HIGH_VOLATILITY
SDPC,UNCLASSIFIED,,,,,LOW,,,,False,False,Current/recent classification snapshot only; not valid as historical index membership unless dated membership evidence is supplied.,35973750.0,0.33374678445934003,717,RESEARCH_ONLY
SDRA,UNCLASSIFIED,,,,,LOW,,,,False,False,Current/recent classification snapshot only; not valid as historical index membership unless dated membership evidence is supplied.,177733200.0,0.1810896883529439,4120,RESEARCH_ONLY
SEMA,UNCLASSIFIED,,,,,LOW,,,,False,False,Current/recent classification snapshot only; not valid as historical index membership unless dated membership evidence is supplied.,110305300.0,1.822695571689036,716,HIGH_VOLATILITY
SFAN,UNCLASSIFIED,,,,,LOW,,,,False,False,Current/recent classification snapshot only; not valid as historical index membership unless dated membership evidence is supplied.,93077500.0,0.061285765110967644,716,RESEARCH_ONLY
SGER,UNCLASSIFIED,,,,,LOW,,,,False,False,Current/recent classification snapshot only; not valid as historical index membership unless dated membership evidence is supplied.,23385349850.0,0.36667398748326263,716,LIQUID_CORE
SGRO,UNCLASSIFIED,,,,,LOW,,,,False,False,Current/recent classification snapshot only; not valid as historical index membership unless dated membership evidence is supplied.,131867000.0,0.36878287448829417,717,RESEARCH_ONLY
SHID,UNCLASSIFIED,,,,,LOW,,,,False,False,Current/recent classification snapshot only; not valid as historical index membership unless dated membership evidence is supplied.,19630500.0,1.173903485123934,716,HIGH_VOLATILITY
SHIP,UNCLASSIFIED,,,,,LOW,,,,False,False,Current/recent classification snapshot only; not valid as historical index membership unless dated membership evidence is supplied.,135591500.0,0.31918084716592016,717,RESEARCH_ONLY
SICO,UNCLASSIFIED,,,,,LOW,,,,False,False,Current/recent classification snapshot only; not valid as historical index membership unless dated membership evidence is supplied.,312090100.0,0.3584824839720462,716,RESEARCH_ONLY
SIDO,UNCLASSIFIED,,,,,LOW,,,,False,False,Current/recent classification snapshot only; not valid as historical index membership unless dated membership evidence is supplied.,7739139700.0,0.14120672128992856,3137,LIQUID_CORE
SILO,UNCLASSIFIED,,,,,LOW,,,,False,False,Current/recent classification snapshot only; not valid as historical index membership unless dated membership evidence is supplied.,1232923500.0,0.33583200570161686,716,LIQUID_GROWTH_OR_MOMENTUM
SIMP,CONGLOMERATE,CONGLOMERATE,,SALIM,CONGLOMERATE,MEDIUM,Secondary group-affiliation snapshot,2026-10-07,Current/recent affiliation; ownership/control relationship requires verification,False,False,Current/recent classification snapshot only; not valid as historical index membership unless dated membership evidence is supplied.,5170466500.0,0.30836442193388136,716,LIQUID_CORE
SINI,UNCLASSIFIED,,,,,LOW,,,,False,False,Current/recent classification snapshot only; not valid as historical index membership unless dated membership evidence is supplied.,33435387500.0,0.9994189887180882,716,HIGH_VOLATILITY
SIPD,UNCLASSIFIED,,,,,LOW,,,,False,False,Current/recent classification snapshot only; not valid as historical index membership unless dated membership evidence is supplied.,16239000.0,0.5530211519824042,717,RESEARCH_ONLY
SKBM,UNCLASSIFIED,,,,,LOW,,,,False,False,Current/recent classification snapshot only; not valid as historical index membership unless dated membership evidence is supplied.,116128500.0,0.21438747074984868,716,RESEARCH_ONLY
SKLT,UNCLASSIFIED,,,,,LOW,,,,False,False,Current/recent classification snapshot only; not valid as historical index membership unless dated membership evidence is supplied.,22360000.0,0.2673720783488514,4121,RESEARCH_ONLY
SKRN,UNCLASSIFIED,,,,,LOW,,,,False,False,Current/recent classification snapshot only; not valid as historical index membership unless dated membership evidence is supplied.,72944000.0,0.4120470772556727,716,RESEARCH_ONLY
SLIS,UNCLASSIFIED,,,,,LOW,,,,False,False,Current/recent classification snapshot only; not valid as historical index membership unless dated membership evidence is supplied.,2041179600.0,0.7708144586835587,716,HIGH_VOLATILITY
SMAR,CONGLOMERATE,CONGLOMERATE,,SINAR_MAS,CONGLOMERATE,MEDIUM,Secondary group-affiliation snapshot,2026-10-07,Current/recent affiliation; ownership/control relationship requires verification,False,False,Current/recent classification snapshot only; not valid as historical index membership unless dated membership evidence is supplied.,600612500.0,1.030954468683045,717,HIGH_VOLATILITY
SMBR,UNCLASSIFIED,,,,,LOW,,,,False,False,Current/recent classification snapshot only; not valid as historical index membership unless dated membership evidence is supplied.,565762900.0,0.4463876585359754,716,RESEARCH_ONLY
SMCB,UNCLASSIFIED,,,,,LOW,,,,False,False,Current/recent classification snapshot only; not valid as historical index membership unless dated membership evidence is supplied.,0.0,0.0,720,RESEARCH_ONLY
SMDM,UNCLASSIFIED,,,,,LOW,,,,False,False,Current/recent classification snapshot only; not valid as historical index membership unless dated membership evidence is supplied.,21107250.0,0.33923101193068567,717,RESEARCH_ONLY
SMDR,UNCLASSIFIED,,,,,LOW,,,,False,False,Current/recent classification snapshot only; not valid as historical index membership unless dated membership evidence is supplied.,5043278865.570068,0.35813294455305883,717,LIQUID_CORE
SMGA,UNCLASSIFIED,,,,,LOW,,,,False,False,Current/recent classification snapshot only; not valid as historical index membership unless dated membership evidence is supplied.,571515450.0,0.37998971609154514,638,RESEARCH_ONLY
SMGR,BLUE_CHIP,BUMN_AFFILIATED,LQ45,,BLUE_CHIP;BUMN_AFFILIATED,MEDIUM,Secondary LQ45 snapshot;IDX/market reference seed,2026-06-12;2026-10-07,Current/recent snapshot; historical membership not inferred;Research classification seed; not equivalent to BUMN20 PIT membership,False,False,Current/recent classification snapshot only; not valid as historical index membership unless dated membership evidence is supplied.,23527656000.0,0.410821566196056,4120,LIQUID_CORE
SMIL,UNCLASSIFIED,,,,,LOW,,,,False,False,Current/recent classification snapshot only; not valid as historical index membership unless dated membership evidence is supplied.,17679742300.0,0.346106407955575,716,LIQUID_CORE
SMKL,UNCLASSIFIED,,,,,LOW,,,,False,False,Current/recent classification snapshot only; not valid as historical index membership unless dated membership evidence is supplied.,26844150.0,0.3273365688593034,716,RESEARCH_ONLY
SMKM,UNCLASSIFIED,,,,,LOW,,,,False,False,Current/recent classification snapshot only; not valid as historical index membership unless dated membership evidence is supplied.,383174300.0,0.527613324539625,716,RESEARCH_ONLY
SMLE,UNCLASSIFIED,,,,,LOW,,,,False,False,Current/recent classification snapshot only; not valid as historical index membership unless dated membership evidence is supplied.,3697413650.0,1.0009994863960987,652,HIGH_VOLATILITY
SMMA,CONGLOMERATE,CONGLOMERATE,,SINAR_MAS,CONGLOMERATE,MEDIUM,Secondary group-affiliation snapshot,2026-10-07,Current/recent affiliation; ownership/control relationship requires verification,False,False,Current/recent classification snapshot only; not valid as historical index membership unless dated membership evidence is supplied.,21360000.0,0.037185562922511434,716,RESEARCH_ONLY
SMMT,UNCLASSIFIED,,,,,LOW,,,,False,False,Current/recent classification snapshot only; not valid as historical index membership unless dated membership evidence is supplied.,221804250.0,1.052373254400527,4120,HIGH_VOLATILITY
SMRA,UNCLASSIFIED,,,,,LOW,,,,False,False,Current/recent classification snapshot only; not valid as historical index membership unless dated membership evidence is supplied.,5379744600.0,0.5195783558576326,4121,LIQUID_GROWTH_OR_MOMENTUM
SMSM,UNCLASSIFIED,,,,,LOW,,,,False,False,Current/recent classification snapshot only; not valid as historical index membership unless dated membership evidence is supplied.,3319137750.0,0.11223377690316712,717,LIQUID_GROWTH_OR_MOMENTUM
SNLK,UNCLASSIFIED,,,,,LOW,,,,False,False,Current/recent classification snapshot only; not valid as historical index membership unless dated membership evidence is supplied.,3169469800.0,0.6493905960956514,716,LIQUID_GROWTH_OR_MOMENTUM
SOCI,UNCLASSIFIED,,,,,LOW,,,,False,False,Current/recent classification snapshot only; not valid as historical index membership unless dated membership evidence is supplied.,9296744000.0,0.4772309088444485,716,LIQUID_GROWTH_OR_MOMENTUM
SOFA,UNCLASSIFIED,,,,,LOW,,,,False,False,Current/recent classification snapshot only; not valid as historical index membership unless dated membership evidence is supplied.,1162268400.0,0.8527332865040516,716,HIGH_VOLATILITY
SOHO,UNCLASSIFIED,,,,,LOW,,,,False,False,Current/recent classification snapshot only; not valid as historical index membership unless dated membership evidence is supplied.,65538500.0,0.5848926652815924,716,RESEARCH_ONLY
SOLA,UNCLASSIFIED,,,,,LOW,,,,False,False,Current/recent classification snapshot only; not valid as historical index membership unless dated membership evidence is supplied.,480750950.0,0.5952715260659435,580,RESEARCH_ONLY
SONA,UNCLASSIFIED,,,,,LOW,,,,False,False,Current/recent classification snapshot only; not valid as historical index membership unless dated membership evidence is supplied.,25710500.0,1.5264098043675138,717,HIGH_VOLATILITY
SOSS,UNCLASSIFIED,,,,,LOW,,,,False,False,Current/recent classification snapshot only; not valid as historical index membership unless dated membership evidence is supplied.,462000.0,1.4709959197345166,719,HIGH_VOLATILITY
SOTS,UNCLASSIFIED,,,,,LOW,,,,False,False,Current/recent classification snapshot only; not valid as historical index membership unless dated membership evidence is supplied.,116736250.0,1.0276121224191335,716,HIGH_VOLATILITY
SOUL,UNCLASSIFIED,,,,,LOW,,,,False,False,Current/recent classification snapshot only; not valid as historical index membership unless dated membership evidence is supplied.,0.0,0.0,717,RESEARCH_ONLY
SPMA,UNCLASSIFIED,,,,,LOW,,,,False,False,Current/recent classification snapshot only; not valid as historical index membership unless dated membership evidence is supplied.,66936750.0,0.17769981046224925,720,RESEARCH_ONLY
SPRE,UNCLASSIFIED,,,,,LOW,,,,False,False,Current/recent classification snapshot only; not valid as historical index membership unless dated membership evidence is supplied.,204248900.0,0.5373350840356567,546,RESEARCH_ONLY
SPTO,UNCLASSIFIED,,,,,LOW,,,,False,False,Current/recent classification snapshot only; not valid as historical index membership unless dated membership evidence is supplied.,352967750.0,0.12692305174778162,716,RESEARCH_ONLY
SQMI,UNCLASSIFIED,,,,,LOW,,,,False,False,Current/recent classification snapshot only; not valid as historical index membership unless dated membership evidence is supplied.,7733189150.0,1.055890002516799,716,HIGH_VOLATILITY
SRAJ,UNCLASSIFIED,,,,,LOW,,,,False,False,Current/recent classification snapshot only; not valid as historical index membership unless dated membership evidence is supplied.,30947500.0,0.8177967392436479,715,HIGH_VOLATILITY
SRSN,UNCLASSIFIED,,,,,LOW,,,,False,False,Current/recent classification snapshot only; not valid as historical index membership unless dated membership evidence is supplied.,6904531600.0,0.9659856804207755,717,HIGH_VOLATILITY
SRTG,UNCLASSIFIED,,,,,LOW,,,,False,False,Current/recent classification snapshot only; not valid as historical index membership unless dated membership evidence is supplied.,6664688250.0,0.2792599312951151,716,LIQUID_CORE
SSIA,UNCLASSIFIED,,,,,LOW,,,,False,False,Current/recent classification snapshot only; not valid as historical index membership unless dated membership evidence is supplied.,29806435000.0,0.4376459262789804,717,LIQUID_CORE
SSMS,UNCLASSIFIED,,,,,LOW,,,,False,False,Current/recent classification snapshot only; not valid as historical index membership unless dated membership evidence is supplied.,10503993500.0,0.6294161137252213,716,LIQUID_GROWTH_OR_MOMENTUM
SSTM,UNCLASSIFIED,,,,,LOW,,,,False,False,Current/recent classification snapshot only; not valid as historical index membership unless dated membership evidence is supplied.,71553400.0,0.4277816452347646,717,RESEARCH_ONLY
STAA,UNCLASSIFIED,,,,,LOW,,,,False,False,Current/recent classification snapshot only; not valid as historical index membership unless dated membership evidence is supplied.,5863270000.0,0.2874526880888218,716,LIQUID_CORE
STAR,UNCLASSIFIED,,,,,LOW,,,,False,False,Current/recent classification snapshot only; not valid as historical index membership unless dated membership evidence is supplied.,37247800.0,1.3126353450763395,716,HIGH_VOLATILITY
STRK,UNCLASSIFIED,,,,,LOW,,,,False,False,Current/recent classification snapshot only; not valid as historical index membership unless dated membership evidence is supplied.,738752900.0,1.1591014738978551,715,HIGH_VOLATILITY
STTP,UNCLASSIFIED,,,,,LOW,,,,False,False,Current/recent classification snapshot only; not valid as historical index membership unless dated membership evidence is supplied.,11430000.0,0.1704803527086989,4121,RESEARCH_ONLY
SULI,UNCLASSIFIED,,,,,LOW,,,,False,False,Current/recent classification snapshot only; not valid as historical index membership unless dated membership evidence is supplied.,489523000.0,0.4957638019733783,717,RESEARCH_ONLY
SUNI,UNCLASSIFIED,,,,,LOW,,,,False,False,Current/recent classification snapshot only; not valid as historical index membership unless dated membership evidence is supplied.,229798750.0,0.37434308928797816,716,RESEARCH_ONLY
SUPR,CONGLOMERATE,CONGLOMERATE,,DJARUM_HARTONO,CONGLOMERATE,MEDIUM,Secondary group-affiliation snapshot,2026-10-07,Current/recent affiliation; ownership/control relationship requires verification,False,False,Current/recent classification snapshot only; not valid as historical index membership unless dated membership evidence is supplied.,0.0,0.0,720,RESEARCH_ONLY
SURE,UNCLASSIFIED,,,,,LOW,,,,False,False,Current/recent classification snapshot only; not valid as historical index membership unless dated membership evidence is supplied.,5185000.0,0.47429215799962876,715,RESEARCH_ONLY
SWAT,UNCLASSIFIED,,,,,LOW,,,,False,False,Current/recent classification snapshot only; not valid as historical index membership unless dated membership evidence is supplied.,0.0,0.0,720,RESEARCH_ONLY
SWID,UNCLASSIFIED,,,,,LOW,,,,False,False,Current/recent classification snapshot only; not valid as historical index membership unless dated membership evidence is supplied.,528168900.0,0.8710198635119881,716,HIGH_VOLATILITY
TALF,UNCLASSIFIED,,,,,LOW,,,,False,False,Current/recent classification snapshot only; not valid as historical index membership unless dated membership evidence is supplied.,60718250.0,0.3535839309562475,716,RESEARCH_ONLY
TAMA,UNCLASSIFIED,,,,,LOW,,,,False,False,Current/recent classification snapshot only; not valid as historical index membership unless dated membership evidence is supplied.,1344989850.0,0.5801442415131782,716,LIQUID_GROWTH_OR_MOMENTUM
TAMU,UNCLASSIFIED,,,,,LOW,,,,False,False,Current/recent classification snapshot only; not valid as historical index membership unless dated membership evidence is supplied.,169032100.0,1.5189550774232574,716,HIGH_VOLATILITY
TAPG,CONGLOMERATE,CONGLOMERATE,,TRIPUTRA,CONGLOMERATE,MEDIUM,Secondary group-affiliation snapshot,2026-10-07,Current/recent affiliation; ownership/control relationship requires verification,False,False,Current/recent classification snapshot only; not valid as historical index membership unless dated membership evidence is supplied.,30440847010.803223,0.4073007475234917,716,LIQUID_CORE
TARA,UNCLASSIFIED,,,,,LOW,,,,False,False,Current/recent classification snapshot only; not valid as historical index membership unless dated membership evidence is supplied.,33345450.0,1.1377218694301356,716,HIGH_VOLATILITY
TAXI,UNCLASSIFIED,,,,,LOW,,,,False,False,Current/recent classification snapshot only; not valid as historical index membership unless dated membership evidence is supplied.,575757700.0,1.421320995769736,716,HIGH_VOLATILITY
TAYS,UNCLASSIFIED,,,,,LOW,,,,False,False,Current/recent classification snapshot only; not valid as historical index membership unless dated membership evidence is supplied.,0.0,0.0,717,RESEARCH_ONLY
TBIG,UNCLASSIFIED,,,,,LOW,,,,False,False,Current/recent classification snapshot only; not valid as historical index membership unless dated membership evidence is supplied.,588695250.0,0.2512293730092101,3920,RESEARCH_ONLY
TBLA,UNCLASSIFIED,,,,,LOW,,,,False,False,Current/recent classification snapshot only; not valid as historical index membership unless dated membership evidence is supplied.,756019500.0,0.1610726354499292,717,RESEARCH_ONLY
TBMS,UNCLASSIFIED,,,,,LOW,,,,False,False,Current/recent classification snapshot only; not valid as historical index membership unless dated membership evidence is supplied.,23136000.0,0.2246224673217913,717,RESEARCH_ONLY
TCID,UNCLASSIFIED,,,,,LOW,,,,False,False,Current/recent classification snapshot only; not valid as historical index membership unless dated membership evidence is supplied.,8808500.0,0.3310472668441948,717,RESEARCH_ONLY
TCPI,UNCLASSIFIED,,,,,LOW,,,,False,False,Current/recent classification snapshot only; not valid as historical index membership unless dated membership evidence is supplied.,9715987500.0,1.0421946927302934,716,HIGH_VOLATILITY
TEBE,UNCLASSIFIED,,,,,LOW,,,,False,False,Current/recent classification snapshot only; not valid as historical index membership unless dated membership evidence is supplied.,8708926000.0,1.068862312037973,715,HIGH_VOLATILITY
TELE,UNCLASSIFIED,,,,,LOW,,,,False,False,Current/recent classification snapshot only; not valid as historical index membership unless dated membership evidence is supplied.,0.0,0.0,720,RESEARCH_ONLY
TFAS,UNCLASSIFIED,,,,,LOW,,,,False,False,Current/recent classification snapshot only; not valid as historical index membership unless dated membership evidence is supplied.,68936550.0,0.4292923428709555,716,RESEARCH_ONLY
TFCO,UNCLASSIFIED,,,,,LOW,,,,False,False,Current/recent classification snapshot only; not valid as historical index membership unless dated membership evidence is supplied.,591500.0,1.16302704298238,717,HIGH_VOLATILITY
TGKA,UNCLASSIFIED,,,,,LOW,,,,False,False,Current/recent classification snapshot only; not valid as historical index membership unless dated membership evidence is supplied.,3139000.0,0.174634677472584,717,RESEARCH_ONLY
TGRA,UNCLASSIFIED,,,,,LOW,,,,False,False,Current/recent classification snapshot only; not valid as historical index membership unless dated membership evidence is supplied.,0.0,0.0,720,RESEARCH_ONLY
TGUK,UNCLASSIFIED,,,,,LOW,,,,False,False,Current/recent classification snapshot only; not valid as historical index membership unless dated membership evidence is supplied.,457051100.0,1.4032391341185426,719,HIGH_VOLATILITY
TIFA,UNCLASSIFIED,,,,,LOW,,,,False,False,Current/recent classification snapshot only; not valid as historical index membership unless dated membership evidence is supplied.,25893400.0,0.9920626349750697,3745,HIGH_VOLATILITY
TINS,UNCLASSIFIED,,,,,LOW,,,,False,False,Current/recent classification snapshot only; not valid as historical index membership unless dated membership evidence is supplied.,167884124500.0,0.40657498691325034,4120,LIQUID_CORE
TIRA,UNCLASSIFIED,,,,,LOW,,,,False,False,Current/recent classification snapshot only; not valid as historical index membership unless dated membership evidence is supplied.,174247500.0,0.49833576653985134,717,RESEARCH_ONLY
TIRT,UNCLASSIFIED,,,,,LOW,,,,False,False,Current/recent classification snapshot only; not valid as historical index membership unless dated membership evidence is supplied.,0.0,0.0,717,RESEARCH_ONLY
TKIM,UNCLASSIFIED,,,,,LOW,,,,False,False,Current/recent classification snapshot only; not valid as historical index membership unless dated membership evidence is supplied.,18103683750.0,0.29865225872689943,4120,LIQUID_CORE
TLDN,UNCLASSIFIED,,,,,LOW,,,,False,False,Current/recent classification snapshot only; not valid as historical index membership unless dated membership evidence is supplied.,697503000.0,0.2883727388098176,716,RESEARCH_ONLY
TLKM,BLUE_CHIP,BUMN_AFFILIATED,LQ45,,BLUE_CHIP;BUMN_AFFILIATED,MEDIUM,Secondary LQ45 snapshot;IDX/market reference seed,2026-06-12;2026-10-07,Current/recent snapshot; historical membership not inferred;Research classification seed; not equivalent to BUMN20 PIT membership,False,False,Current/recent classification snapshot only; not valid as historical index membership unless dated membership evidence is supplied.,247073258000.0,0.25036818787254944,4120,LIQUID_CORE
TMAS,UNCLASSIFIED,,,,,LOW,,,,False,False,Current/recent classification snapshot only; not valid as historical index membership unless dated membership evidence is supplied.,660484100.0,0.4946668760629858,716,RESEARCH_ONLY
TMPO,UNCLASSIFIED,,,,,LOW,,,,False,False,Current/recent classification snapshot only; not valid as historical index membership unless dated membership evidence is supplied.,2773891500.0,0.751427737405562,717,HIGH_VOLATILITY
TNCA,UNCLASSIFIED,,,,,LOW,,,,False,False,Current/recent classification snapshot only; not valid as historical index membership unless dated membership evidence is supplied.,160845700.0,0.4868939200668811,716,RESEARCH_ONLY
TOBA,UNCLASSIFIED,,,,,LOW,,,,False,False,Current/recent classification snapshot only; not valid as historical index membership unless dated membership evidence is supplied.,6012050700.0,0.40272847082763674,716,LIQUID_CORE
TOOL,UNCLASSIFIED,,,,,LOW,,,,False,False,Current/recent classification snapshot only; not valid as historical index membership unless dated membership evidence is supplied.,1417857150.0,0.8660636557393468,716,HIGH_VOLATILITY
TOPS,UNCLASSIFIED,,,,,LOW,,,,False,False,Current/recent classification snapshot only; not valid as historical index membership unless dated membership evidence is supplied.,0.0,0.0,720,RESEARCH_ONLY
TOTL,UNCLASSIFIED,,,,,LOW,,,,False,False,Current/recent classification snapshot only; not valid as historical index membership unless dated membership evidence is supplied.,3935978250.0,0.3351365466187685,4120,LIQUID_GROWTH_OR_MOMENTUM
TOTO,UNCLASSIFIED,,,,,LOW,,,,False,False,Current/recent classification snapshot only; not valid as historical index membership unless dated membership evidence is supplied.,104275000.0,0.0881066159075614,717,RESEARCH_ONLY
TOWR,BLUE_CHIP,CONGLOMERATE,LQ45,DJARUM_HARTONO,BLUE_CHIP;CONGLOMERATE,MEDIUM,Secondary LQ45 snapshot;Secondary group-affiliation snapshot,2026-06-12;2026-10-07,Current/recent snapshot; historical membership not inferred;Current/recent affiliation; ownership/control relationship requires verification,False,False,Current/recent classification snapshot only; not valid as historical index membership unless dated membership evidence is supplied.,18934529600.0,0.4249426052064751,4075,LIQUID_CORE
TOYS,UNCLASSIFIED,,,,,LOW,,,,False,False,Current/recent classification snapshot only; not valid as historical index membership unless dated membership evidence is supplied.,0.0,0.0,720,RESEARCH_ONLY
TPIA,CONGLOMERATE,CONGLOMERATE,,BARITO,CONGLOMERATE,MEDIUM,Secondary group-affiliation snapshot,2026-10-07,Current/recent affiliation; ownership/control relationship requires verification,False,False,Current/recent classification snapshot only; not valid as historical index membership unless dated membership evidence is supplied.,443914063500.0,0.3071192475719419,716,LIQUID_CORE
TPMA,UNCLASSIFIED,,,,,LOW,,,,False,False,Current/recent classification snapshot only; not valid as historical index membership unless dated membership evidence is supplied.,501447600.0,0.1613363285748534,716,RESEARCH_ONLY
TRGU,UNCLASSIFIED,,,,,LOW,,,,False,False,Current/recent classification snapshot only; not valid as historical index membership unless dated membership evidence is supplied.,26308100.0,0.3243174316662263,716,RESEARCH_ONLY
TRIM,UNCLASSIFIED,,,,,LOW,,,,False,False,Current/recent classification snapshot only; not valid as historical index membership unless dated membership evidence is supplied.,196147500.0,0.6111864159515441,717,RESEARCH_ONLY
TRIN,UNCLASSIFIED,,,,,LOW,,,,False,False,Current/recent classification snapshot only; not valid as historical index membership unless dated membership evidence is supplied.,6572595300.0,1.2252437286235853,716,HIGH_VOLATILITY
TRIS,UNCLASSIFIED,,,,,LOW,,,,False,False,Current/recent classification snapshot only; not valid as historical index membership unless dated membership evidence is supplied.,122266822.34573364,0.12583935083060235,716,RESEARCH_ONLY
TRJA,UNCLASSIFIED,,,,,LOW,,,,False,False,Current/recent classification snapshot only; not valid as historical index membership unless dated membership evidence is supplied.,74637200.0,0.8232774447444136,716,HIGH_VOLATILITY
TRON,UNCLASSIFIED,,,,,LOW,,,,False,False,Current/recent classification snapshot only; not valid as historical index membership unless dated membership evidence is supplied.,1358896500.0,0.7218866544347845,716,LIQUID_GROWTH_OR_MOMENTUM
TRST,UNCLASSIFIED,,,,,LOW,,,,False,False,Current/recent classification snapshot only; not valid as historical index membership unless dated membership evidence is supplied.,27146400.0,0.3631900321055736,717,RESEARCH_ONLY
TRUE,UNCLASSIFIED,,,,,LOW,,,,False,False,Current/recent classification snapshot only; not valid as historical index membership unless dated membership evidence is supplied.,0.0,2.3286084462785124,718,HIGH_VOLATILITY
TRUK,UNCLASSIFIED,,,,,LOW,,,,False,False,Current/recent classification snapshot only; not valid as historical index membership unless dated membership evidence is supplied.,108861300.0,1.0322048582131143,715,HIGH_VOLATILITY
TRUS,UNCLASSIFIED,,,,,LOW,,,,False,False,Current/recent classification snapshot only; not valid as historical index membership unless dated membership evidence is supplied.,22290700.0,0.402509187158783,717,RESEARCH_ONLY
TSPC,UNCLASSIFIED,,,,,LOW,,,,False,False,Current/recent classification snapshot only; not valid as historical index membership unless dated membership evidence is supplied.,1339910500.0,0.11587129035701657,4121,LIQUID_GROWTH_OR_MOMENTUM
TUGU,UNCLASSIFIED,,,,,LOW,,,,False,False,Current/recent classification snapshot only; not valid as historical index membership unless dated membership evidence is supplied.,2279284000.0,0.6964243538715809,716,LIQUID_GROWTH_OR_MOMENTUM
TYRE,UNCLASSIFIED,,,,,LOW,,,,False,False,Current/recent classification snapshot only; not valid as historical index membership unless dated membership evidence is supplied.,61485900.0,0.275138729018393,716,RESEARCH_ONLY
UANG,UNCLASSIFIED,,,,,LOW,,,,False,False,Current/recent classification snapshot only; not valid as historical index membership unless dated membership evidence is supplied.,540869000.0,1.1333480435387508,716,HIGH_VOLATILITY
UCID,UNCLASSIFIED,,,,,LOW,,,,False,False,Current/recent classification snapshot only; not valid as historical index membership unless dated membership evidence is supplied.,431311800.0,0.19137416541169813,716,RESEARCH_ONLY
UDNG,UNCLASSIFIED,,,,,LOW,,,,False,False,Current/recent classification snapshot only; not valid as historical index membership unless dated membership evidence is supplied.,1792485000.0,0.9171441327257103,700,HIGH_VOLATILITY
UFOE,UNCLASSIFIED,,,,,LOW,,,,False,False,Current/recent classification snapshot only; not valid as historical index membership unless dated membership evidence is supplied.,30288700.0,0.31817466817671347,716,RESEARCH_ONLY
ULTJ,UNCLASSIFIED,,,,,LOW,,,,False,False,Current/recent classification snapshot only; not valid as historical index membership unless dated membership evidence is supplied.,4570130500.0,0.5837396658423073,4120,LIQUID_GROWTH_OR_MOMENTUM
UNIC,UNCLASSIFIED,,,,,LOW,,,,False,False,Current/recent classification snapshot only; not valid as historical index membership unless dated membership evidence is supplied.,160932500.0,0.11178485577337284,717,RESEARCH_ONLY
UNIQ,UNCLASSIFIED,,,,,LOW,,,,False,False,Current/recent classification snapshot only; not valid as historical index membership unless dated membership evidence is supplied.,199457250.0,0.8796437361658489,716,HIGH_VOLATILITY
UNSP,CONGLOMERATE,CONGLOMERATE,,BAKRIE,CONGLOMERATE,MEDIUM,Secondary group-affiliation snapshot,2026-10-07,Current/recent affiliation; ownership/control relationship requires verification,False,False,Current/recent classification snapshot only; not valid as historical index membership unless dated membership evidence is supplied.,0.0,1.2718622232633445,718,HIGH_VOLATILITY
UNTR,BLUE_CHIP,CONGLOMERATE,LQ45,ASTRA,BLUE_CHIP;CONGLOMERATE,MEDIUM,Secondary LQ45 snapshot;Secondary group-affiliation snapshot,2026-06-12;2026-10-07,Current/recent snapshot; historical membership not inferred;Current/recent affiliation; ownership/control relationship requires verification,False,False,Current/recent classification snapshot only; not valid as historical index membership unless dated membership evidence is supplied.,90551368602.92969,0.3611272760240637,717,LIQUID_CORE
UNVR,BLUE_CHIP,BLUE_CHIP,LQ45,,BLUE_CHIP,MEDIUM,Secondary LQ45 snapshot,2026-06-12,Current/recent snapshot; historical membership not inferred,False,False,Current/recent classification snapshot only; not valid as historical index membership unless dated membership evidence is supplied.,20910730000.0,0.14995166184917127,4121,LIQUID_CORE
URBN,UNCLASSIFIED,,,,,LOW,,,,False,False,Current/recent classification snapshot only; not valid as historical index membership unless dated membership evidence is supplied.,38568000.0,0.6218369624509898,716,RESEARCH_ONLY
UVCR,UNCLASSIFIED,,,,,LOW,,,,False,False,Current/recent classification snapshot only; not valid as historical index membership unless dated membership evidence is supplied.,7226178600.0,0.9497136164109433,716,HIGH_VOLATILITY
VAST,UNCLASSIFIED,,,,,LOW,,,,False,False,Current/recent classification snapshot only; not valid as historical index membership unless dated membership evidence is supplied.,195944150.0,0.8849174920717244,716,HIGH_VOLATILITY
VERN,UNCLASSIFIED,,,,,LOW,,,,False,False,Current/recent classification snapshot only; not valid as historical index membership unless dated membership evidence is supplied.,2134812300.0,0.8801610725994701,478,HIGH_VOLATILITY
VICI,UNCLASSIFIED,,,,,LOW,,,,False,False,Current/recent classification snapshot only; not valid as historical index membership unless dated membership evidence is supplied.,2234192750.0,0.952323213733462,716,HIGH_VOLATILITY
VICO,UNCLASSIFIED,,,,,LOW,,,,False,False,Current/recent classification snapshot only; not valid as historical index membership unless dated membership evidence is supplied.,18049658.570861816,0.4659282212914605,716,RESEARCH_ONLY
VINS,UNCLASSIFIED,,,,,LOW,,,,False,False,Current/recent classification snapshot only; not valid as historical index membership unless dated membership evidence is supplied.,28835750.0,0.38126515295582564,716,RESEARCH_ONLY
VISI,UNCLASSIFIED,,,,,LOW,,,,False,False,Current/recent classification snapshot only; not valid as historical index membership unless dated membership evidence is supplied.,918198750.0,1.165334644396905,621,HIGH_VOLATILITY
VIVA,CONGLOMERATE,CONGLOMERATE,,BAKRIE,CONGLOMERATE,MEDIUM,Secondary group-affiliation snapshot,2026-10-07,Current/recent affiliation; ownership/control relationship requires verification,False,False,Current/recent classification snapshot only; not valid as historical index membership unless dated membership evidence is supplied.,1588505100.0,1.3803699286753712,716,HIGH_VOLATILITY
VKTR,CONGLOMERATE,CONGLOMERATE,,BAKRIE,CONGLOMERATE,MEDIUM,Secondary group-affiliation snapshot,2026-10-07,Current/recent affiliation; ownership/control relationship requires verification,False,False,Current/recent classification snapshot only; not valid as historical index membership unless dated membership evidence is supplied.,62863243500.0,0.9373502592830109,716,HIGH_VOLATILITY
VOKS,UNCLASSIFIED,,,,,LOW,,,,False,False,Current/recent classification snapshot only; not valid as historical index membership unless dated membership evidence is supplied.,113050800.0,1.1214934377428745,717,HIGH_VOLATILITY
VRNA,UNCLASSIFIED,,,,,LOW,,,,False,False,Current/recent classification snapshot only; not valid as historical index membership unless dated membership evidence is supplied.,44141650.0,0.45252682313021136,716,RESEARCH_ONLY
VTNY,UNCLASSIFIED,,,,,LOW,,,,False,False,Current/recent classification snapshot only; not valid as historical index membership unless dated membership evidence is supplied.,1541457950.0,0.8317628803752436,716,HIGH_VOLATILITY
WAPO,UNCLASSIFIED,,,,,LOW,,,,False,False,Current/recent classification snapshot only; not valid as historical index membership unless dated membership evidence is supplied.,127178800.0,1.2671794284842919,717,HIGH_VOLATILITY
WEGE,UNCLASSIFIED,,,,,LOW,,,,False,False,Current/recent classification snapshot only; not valid as historical index membership unless dated membership evidence is supplied.,352755400.0,0.6897726936708501,716,RESEARCH_ONLY
WEHA,UNCLASSIFIED,,,,,LOW,,,,False,False,Current/recent classification snapshot only; not valid as historical index membership unless dated membership evidence is supplied.,480922550.0,0.45365107446334946,716,RESEARCH_ONLY
WICO,UNCLASSIFIED,,,,,LOW,,,,False,False,Current/recent classification snapshot only; not valid as historical index membership unless dated membership evidence is supplied.,0.0,0.0,720,RESEARCH_ONLY
WIFI,BLUE_CHIP,BLUE_CHIP,LQ45,,BLUE_CHIP,MEDIUM,Secondary LQ45 snapshot,2026-06-12,Current/recent snapshot; historical membership not inferred,False,False,Current/recent classification snapshot only; not valid as historical index membership unless dated membership evidence is supplied.,36829412250.0,0.4379074434419398,716,LIQUID_CORE
WIIM,UNCLASSIFIED,,,,,LOW,,,,False,False,Current/recent classification snapshot only; not valid as historical index membership unless dated membership evidence is supplied.,2402893500.0,0.46795090698056124,716,LIQUID_GROWTH_OR_MOMENTUM
WIKA,BUMN_AFFILIATED,BUMN_AFFILIATED,,,BUMN_AFFILIATED,MEDIUM,IDX/market reference seed,2026-10-07,Research classification seed; not equivalent to BUMN20 PIT membership,False,False,Current/recent classification snapshot only; not valid as historical index membership unless dated membership evidence is supplied.,0.0,0.0,4124,RESEARCH_ONLY
WINE,UNCLASSIFIED,,,,,LOW,,,,False,False,Current/recent classification snapshot only; not valid as historical index membership unless dated membership evidence is supplied.,99945250.0,0.1729241398437672,716,RESEARCH_ONLY
WINR,UNCLASSIFIED,,,,,LOW,,,,False,False,Current/recent classification snapshot only; not valid as historical index membership unless dated membership evidence is supplied.,750519000.0,0.9740473503695256,716,HIGH_VOLATILITY
WINS,UNCLASSIFIED,,,,,LOW,,,,False,False,Current/recent classification snapshot only; not valid as historical index membership unless dated membership evidence is supplied.,1129396250.0,0.7451601040645083,717,LIQUID_GROWTH_OR_MOMENTUM
WIRG,UNCLASSIFIED,,,,,LOW,,,,False,False,Current/recent classification snapshot only; not valid as historical index membership unless dated membership evidence is supplied.,5947756200.0,0.6679545094189319,716,LIQUID_GROWTH_OR_MOMENTUM
WMPP,UNCLASSIFIED,,,,,LOW,,,,False,False,Current/recent classification snapshot only; not valid as historical index membership unless dated membership evidence is supplied.,1295416800.0,1.39240081551396,716,HIGH_VOLATILITY
WMUU,UNCLASSIFIED,,,,,LOW,,,,False,False,Current/recent classification snapshot only; not valid as historical index membership unless dated membership evidence is supplied.,924862500.0,0.9497038929783334,716,HIGH_VOLATILITY
WOMF,UNCLASSIFIED,,,,,LOW,,,,False,False,Current/recent classification snapshot only; not valid as historical index membership unless dated membership evidence is supplied.,32614500.0,0.4659637510814489,716,RESEARCH_ONLY
WOOD,UNCLASSIFIED,,,,,LOW,,,,False,False,Current/recent classification snapshot only; not valid as historical index membership unless dated membership evidence is supplied.,648292900.0,0.3896962642500253,716,RESEARCH_ONLY
WOWS,UNCLASSIFIED,,,,,LOW,,,,False,False,Current/recent classification snapshot only; not valid as historical index membership unless dated membership evidence is supplied.,1021093800.0,0.7463475309370575,716,LIQUID_GROWTH_OR_MOMENTUM
WSBP,UNCLASSIFIED,,,,,LOW,,,,False,False,Current/recent classification snapshot only; not valid as historical index membership unless dated membership evidence is supplied.,0.0,0.0,2475,RESEARCH_ONLY
WSKT,BUMN_AFFILIATED,BUMN_AFFILIATED,,,BUMN_AFFILIATED,MEDIUM,IDX/market reference seed,2026-10-07,Research classification seed; not equivalent to BUMN20 PIT membership,False,False,Current/recent classification snapshot only; not valid as historical index membership unless dated membership evidence is supplied.,0.0,0.0,3322,RESEARCH_ONLY
WTON,UNCLASSIFIED,,,,,LOW,,,,False,False,Current/recent classification snapshot only; not valid as historical index membership unless dated membership evidence is supplied.,214807950.0,0.3523756911200175,3064,RESEARCH_ONLY
YELO,UNCLASSIFIED,,,,,LOW,,,,False,False,Current/recent classification snapshot only; not valid as historical index membership unless dated membership evidence is supplied.,4891913850.0,0.7380929709891038,716,LIQUID_GROWTH_OR_MOMENTUM
YOII,UNCLASSIFIED,,,,,LOW,,,,False,False,Current/recent classification snapshot only; not valid as historical index membership unless dated membership evidence is supplied.,277115250.0,0.40421572800310773,417,RESEARCH_ONLY
YPAS,UNCLASSIFIED,,,,,LOW,,,,False,False,Current/recent classification snapshot only; not valid as historical index membership unless dated membership evidence is supplied.,101994000.0,1.2142290931526187,717,HIGH_VOLATILITY
YULE,UNCLASSIFIED,,,,,LOW,,,,False,False,Current/recent classification snapshot only; not valid as historical index membership unless dated membership evidence is supplied.,8366000.0,0.7519690030826055,716,HIGH_VOLATILITY
YUPI,UNCLASSIFIED,,,,,LOW,,,,False,False,Current/recent classification snapshot only; not valid as historical index membership unless dated membership evidence is supplied.,37405966.12548828,0.15869770067619918,366,RESEARCH_ONLY
ZATA,UNCLASSIFIED,,,,,LOW,,,,False,False,Current/recent classification snapshot only; not valid as historical index membership unless dated membership evidence is supplied.,4195431800.0,0.8097146408831789,716,HIGH_VOLATILITY
ZBRA,UNCLASSIFIED,,,,,LOW,,,,False,False,Current/recent classification snapshot only; not valid as historical index membership unless dated membership evidence is supplied.,0.0,0.0,720,RESEARCH_ONLY
ZINC,UNCLASSIFIED,,,,,LOW,,,,False,False,Current/recent classification snapshot only; not valid as historical index membership unless dated membership evidence is supplied.,0.0,0.0,720,RESEARCH_ONLY
ZONE,UNCLASSIFIED,,,,,LOW,,,,False,False,Current/recent classification snapshot only; not valid as historical index membership unless dated membership evidence is supplied.,49058500.0,0.2216454073484327,716,RESEARCH_ONLY
ZYRX,UNCLASSIFIED,,,,,LOW,,,,False,False,Current/recent classification snapshot only; not valid as historical index membership unless dated membership evidence is supplied.,80212650.0,0.19703053294657172,716,RESEARCH_ONLY
